here pin
INFO 04-24 09:58:51.797749.797749 pinpool.py:28] Initializing PinnedMemoryPool with 2GB total, allocating in 1024MB chunks...
INFO 04-24 09:58:52.356894.356894 pinpool.py:40] Allocated chunk 1: 536870912 elements (1024.0 MB)
INFO 04-24 09:58:52.792404.792404 pinpool.py:40] Allocated chunk 2: 536870912 elements (1024.0 MB)
INFO 04-24 09:58:52.792867.792867 pinpool.py:52] Successfully allocated 2 chunks, total 1073741824 elements (2048.0 MB) in 0.995s
Warming up 4 GPU(s)...
GPU 0 warmed up
GPU 1 warmed up
GPU 2 warmed up
GPU 3 warmed up
GPU warmup completed
Warming up 4 GPU(s)...
GPU 0 warmed up
GPU 1 warmed up
GPU 2 warmed up
GPU 3 warmed up
GPU warmup completed
Warming up 4 GPU(s)...
GPU 0 warmed up
GPU 1 warmed up
GPU 2 warmed up
GPU 3 warmed up
GPU warmup completed
DEBUG 04-24 09:58:59.728697.728697 cuda_memory_view.py:1180] 
DEBUG 04-24 09:58:59.728697.728697 cuda_memory_view.py:1180] restore_tensors_from_shared_memory_names time: 0.002667665481567383
DEBUG 04-24 09:58:59.733602.733602 mlpmodule.py:929] restore_hm_state_dict2model loaded 150 expert tensors for Gemma4 model
DEBUG 04-24 09:58:59.733827.733827 cuda_h.py:27] end init_cmv_hmv cost 610.135 ms
here pin
INFO 04-24 09:59:01.205462.205462 pinpool.py:28] Initializing PinnedMemoryPool with 2GB total, allocating in 1024MB chunks...
here pin
INFO 04-24 09:59:01.242048.242048 pinpool.py:28] Initializing PinnedMemoryPool with 2GB total, allocating in 1024MB chunks...
here pin
INFO 04-24 09:59:01.243382.243382 pinpool.py:28] Initializing PinnedMemoryPool with 2GB total, allocating in 1024MB chunks...
here pin
INFO 04-24 09:59:01.304214.304214 pinpool.py:28] Initializing PinnedMemoryPool with 2GB total, allocating in 1024MB chunks...
INFO 04-24 09:59:02.036442.036442 pinpool.py:40] Allocated chunk 1: 536870912 elements (1024.0 MB)
INFO 04-24 09:59:02.040416.040416 pinpool.py:40] Allocated chunk 1: 536870912 elements (1024.0 MB)
INFO 04-24 09:59:02.041803.041803 pinpool.py:40] Allocated chunk 1: 536870912 elements (1024.0 MB)
INFO 04-24 09:59:02.042266.042266 pinpool.py:40] Allocated chunk 1: 536870912 elements (1024.0 MB)
INFO 04-24 09:59:02.675990.675990 pinpool.py:40] Allocated chunk 2: 536870912 elements (1024.0 MB)
INFO 04-24 09:59:02.675342.675342 pinpool.py:52] Successfully allocated 2 chunks, total 1073741824 elements (2048.0 MB) in 1.470s
INFO 04-24 09:59:02.675628.675628 pinpool.py:40] Allocated chunk 2: 536870912 elements (1024.0 MB)
INFO 04-24 09:59:02.675256.675256 pinpool.py:40] Allocated chunk 2: 536870912 elements (1024.0 MB)
INFO 04-24 09:59:02.676936.676936 pinpool.py:52] Successfully allocated 2 chunks, total 1073741824 elements (2048.0 MB) in 1.433s
INFO 04-24 09:59:02.676648.676648 pinpool.py:40] Allocated chunk 2: 536870912 elements (1024.0 MB)
INFO 04-24 09:59:02.676675.676675 pinpool.py:52] Successfully allocated 2 chunks, total 1073741824 elements (2048.0 MB) in 1.372s
INFO 04-24 09:59:02.676763.676763 pinpool.py:52] Successfully allocated 2 chunks, total 1073741824 elements (2048.0 MB) in 1.434s
[cpu_experts_worker pid=501985] worker_id=3/4 entered (model_path='gemma4-26B-A4B' type='Gemma4') sched_getaffinity=[144, 145, 146, 147, 148, 149, 150, 151, 152, 153, 154, 155, 156, 157, 158, 159, 160, 161, 162, 163, 164, 165, 166, 167, 168, 169, 170, 171, 172, 173, 174, 175, 176, 177, 178, 179, 180, 181, 182, 183, 184, 185, 186, 187, 188, 189, 190, 191]
DEBUG 04-24 09:59:07.458648.458648 cpu_thread_manager_mp.py:393] 初始化
DEBUG 04-24 09:59:07.600948.600948 cpu_thread_manager_mp.py:399] CPU experts MP worker: torch.set_num_threads(32) (LMP_MP_CPU_INTRAOP_THREADS / OMP_NUM_THREADS / default cap 32)
[cpu_experts_worker pid=501985] torch.set_num_threads(32) done
[cpu_experts_worker pid=501985] importing MLPModuleWrapper / HostMemoryView ...
[cpu_experts_worker pid=501985] imports done
[cpu_experts_worker pid=501985] MLPModuleWrapper(...) ...
[cpu_experts_worker pid=501985] init_chmv_meta_model(...) ...
[cpu_experts_worker pid=501983] worker_id=1/4 entered (model_path='gemma4-26B-A4B' type='Gemma4') sched_getaffinity=[48, 49, 50, 51, 52, 53, 54, 55, 56, 57, 58, 59, 60, 61, 62, 63, 64, 65, 66, 67, 68, 69, 70, 71, 72, 73, 74, 75, 76, 77, 78, 79, 80, 81, 82, 83, 84, 85, 86, 87, 88, 89, 90, 91, 92, 93, 94, 95]
DEBUG 04-24 09:59:07.743016.743016 cpu_thread_manager_mp.py:393] 初始化
DEBUG 04-24 09:59:07.819672.819672 cpu_thread_manager_mp.py:399] CPU experts MP worker: torch.set_num_threads(32) (LMP_MP_CPU_INTRAOP_THREADS / OMP_NUM_THREADS / default cap 32)
[cpu_experts_worker pid=501983] torch.set_num_threads(32) done
[cpu_experts_worker pid=501983] importing MLPModuleWrapper / HostMemoryView ...
[cpu_experts_worker pid=501983] imports done
[cpu_experts_worker pid=501983] MLPModuleWrapper(...) ...
[cpu_experts_worker pid=501983] init_chmv_meta_model(...) ...
[cpu_experts_worker pid=501984] worker_id=2/4 entered (model_path='gemma4-26B-A4B' type='Gemma4') sched_getaffinity=[96, 97, 98, 99, 100, 101, 102, 103, 104, 105, 106, 107, 108, 109, 110, 111, 112, 113, 114, 115, 116, 117, 118, 119, 120, 121, 122, 123, 124, 125, 126, 127, 128, 129, 130, 131, 132, 133, 134, 135, 136, 137, 138, 139, 140, 141, 142, 143]
DEBUG 04-24 09:59:07.828636.828636 cpu_thread_manager_mp.py:393] 初始化
DEBUG 04-24 09:59:07.939253.939253 cpu_thread_manager_mp.py:399] CPU experts MP worker: torch.set_num_threads(32) (LMP_MP_CPU_INTRAOP_THREADS / OMP_NUM_THREADS / default cap 32)
[cpu_experts_worker pid=501984] torch.set_num_threads(32) done
[cpu_experts_worker pid=501984] importing MLPModuleWrapper / HostMemoryView ...
[cpu_experts_worker pid=501984] imports done
[cpu_experts_worker pid=501984] MLPModuleWrapper(...) ...
[cpu_experts_worker pid=501984] init_chmv_meta_model(...) ...
[cpu_experts_worker pid=501982] worker_id=0/4 entered (model_path='gemma4-26B-A4B' type='Gemma4') sched_getaffinity=[0, 1, 2, 3, 4, 5, 6, 7, 8, 9, 10, 11, 12, 13, 14, 15, 16, 17, 18, 19, 20, 21, 22, 23, 24, 25, 26, 27, 28, 29, 30, 31, 32, 33, 34, 35, 36, 37, 38, 39, 40, 41, 42, 43, 44, 45, 46, 47]
DEBUG 04-24 09:59:08.083857.083857 cpu_thread_manager_mp.py:393] 初始化
DEBUG 04-24 09:59:08.155477.155477 cpu_thread_manager_mp.py:399] CPU experts MP worker: torch.set_num_threads(32) (LMP_MP_CPU_INTRAOP_THREADS / OMP_NUM_THREADS / default cap 32)
[cpu_experts_worker pid=501982] torch.set_num_threads(32) done
[cpu_experts_worker pid=501982] importing MLPModuleWrapper / HostMemoryView ...
[cpu_experts_worker pid=501982] imports done
[cpu_experts_worker pid=501982] MLPModuleWrapper(...) ...
[cpu_experts_worker pid=501982] init_chmv_meta_model(...) ...
[cpu_experts_worker pid=501985] HostMemoryView(...) ...
DEBUG 04-24 09:59:08.207595.207595 cuda_memory_view.py:1180] 
DEBUG 04-24 09:59:08.207595.207595 cuda_memory_view.py:1180] restore_tensors_from_shared_memory_names time: 0.0027413368225097656
DEBUG 04-24 09:59:08.213458.213458 mlpmodule.py:929] restore_hm_state_dict2model loaded 150 expert tensors for Gemma4 model
[cpu_experts_worker pid=501985] HostMemoryView ready
[cpu_experts_worker pid=501985] begin _test_group_bmm_fused_experts()
[test_group_bmm_fused_experts] start (print+flush; bypasses logging).
[test_group_bmm_fused_experts][half=noncontiguous] input_gen: 34.938 ms
[test_group_bmm_fused_experts][half=noncontiguous] gate_func: 61.959 ms
[test_group_bmm_fused_experts][half=noncontiguous] activated_experts_unique=128, routed_slots=4096 total experts = 128 (T=512, K=8)
[test_group_bmm_fused_experts][half=noncontiguous] choose_half_experts: 0.697 ms (E_total=128, E_half=64, experts=[16, 54, 89, 28, 46, 92, 114, 123, 26, 22, 39, 67, 80, 99, 116, 2, 5, 44, 70, 77, 78, 83, 84, 91, 110, 79, 111, 120, 122, 10, 18, 23, 124, 3, 8, 68, 72, 87, 102, 119, 15, 17, 24, 32, 34, 38, 47, 118, 14, 20, 29, 43, 63, 103, 104, 125, 19, 45, 52, 69, 71, 86, 88, 105], total_tokens=1715, max_tokens=32)
[test_group_bmm_fused_experts][half=noncontiguous] filter_slots_in_half: 0.469 ms (slots_in_half=1715, T=512, K=8)
[test_group_bmm_fused_experts][half=noncontiguous] gather_half_tokens: 0.663 ms
[test_group_bmm_fused_experts][half=noncontiguous] sort_by_expert: 0.682 ms
DEBUG 04-24 09:59:08.313574.313574 cuda_h.py:27] end get_fused_experts_names_w cost 0.024 ms
DEBUG 04-24 09:59:08.314434.314434 cuda_h.py:27] end restore_fused_tensors cost 1.058 ms
[test_group_bmm_fused_experts][half=noncontiguous] restore_group_fused_weights: 1.492 ms
[test_group_bmm_fused_experts][half=noncontiguous] transpose_contig: 0.021 ms
[test_group_bmm_fused_experts][half=noncontiguous] pad_pack: 2.884 ms
[test_group_bmm_fused_experts][half=noncontiguous] fused_group_bmm: 23.613 ms (bmm1=12.163 act+split=0.705 bmm2=6.972 unpad=3.773)
[test_group_bmm_fused_experts][half=noncontiguous] ref_mm_and_assert: 89.893 ms
[test_group_bmm_fused_experts][half=noncontiguous] unsort_and_weight: 0.527 ms
[test_group_bmm_fused_experts][half=noncontiguous] total: 218.789 ms (T=512, K=8, slots_in_half=1715, E_half=64)
[cpu_experts_worker pid=501985] end _test_group_bmm_fused_experts()
INFO 04-24 09:59:08.432269.432269 cpu_thread_manager_mp.py:437] CPU experts worker: _test_group_bmm_fused_experts() finished.
[cpu_experts_worker pid=501983] HostMemoryView(...) ...
DEBUG 04-24 09:59:08.470060.470060 cuda_memory_view.py:1180] 
DEBUG 04-24 09:59:08.470060.470060 cuda_memory_view.py:1180] restore_tensors_from_shared_memory_names time: 0.002756357192993164
DEBUG 04-24 09:59:08.476922.476922 mlpmodule.py:929] restore_hm_state_dict2model loaded 150 expert tensors for Gemma4 model
[cpu_experts_worker pid=501983] HostMemoryView ready
[cpu_experts_worker pid=501983] begin _test_group_bmm_fused_experts()
[test_group_bmm_fused_experts] start (print+flush; bypasses logging).
[test_group_bmm_fused_experts][half=noncontiguous] input_gen: 33.773 ms
[test_group_bmm_fused_experts][half=noncontiguous] gate_func: 6.663 ms
[test_group_bmm_fused_experts][half=noncontiguous] activated_experts_unique=128, routed_slots=4096 total experts = 128 (T=512, K=8)
[test_group_bmm_fused_experts][half=noncontiguous] choose_half_experts: 1.026 ms (E_total=128, E_half=64, experts=[39, 121, 114, 28, 23, 53, 58, 34, 45, 67, 69, 84, 54, 81, 3, 13, 46, 78, 87, 18, 79, 90, 50, 75, 120, 17, 19, 26, 40, 47, 63, 125, 4, 5, 7, 11, 25, 55, 61, 85, 91, 112, 15, 27, 36, 38, 72, 82, 89, 93, 99, 123, 1, 16, 22, 30, 43, 64, 66, 68, 73, 94, 111, 122], total_tokens=1728, max_tokens=31)
[test_group_bmm_fused_experts][half=noncontiguous] filter_slots_in_half: 0.485 ms (slots_in_half=1728, T=512, K=8)
[test_group_bmm_fused_experts][half=noncontiguous] gather_half_tokens: 1.134 ms
[test_group_bmm_fused_experts][half=noncontiguous] sort_by_expert: 1.202 ms
DEBUG 04-24 09:59:08.521208.521208 cuda_h.py:27] end get_fused_experts_names_w cost 0.025 ms
DEBUG 04-24 09:59:08.523255.523255 cuda_h.py:27] end restore_fused_tensors cost 1.125 ms
[test_group_bmm_fused_experts][half=noncontiguous] restore_group_fused_weights: 1.298 ms
[test_group_bmm_fused_experts][half=noncontiguous] transpose_contig: 0.025 ms
[test_group_bmm_fused_experts][half=noncontiguous] pad_pack: 3.768 ms
[test_group_bmm_fused_experts][half=noncontiguous] fused_group_bmm: 23.488 ms (bmm1=12.694 act+split=0.679 bmm2=7.086 unpad=3.029)
[test_group_bmm_fused_experts][half=noncontiguous] ref_mm_and_assert: 85.014 ms
[test_group_bmm_fused_experts][half=noncontiguous] unsort_and_weight: 0.442 ms
[test_group_bmm_fused_experts][half=noncontiguous] total: 159.328 ms (T=512, K=8, slots_in_half=1728, E_half=64)
[cpu_experts_worker pid=501983] end _test_group_bmm_fused_experts()
INFO 04-24 09:59:08.636138.636138 cpu_thread_manager_mp.py:437] CPU experts worker: _test_group_bmm_fused_experts() finished.
[cpu_experts_worker pid=501984] HostMemoryView(...) ...
DEBUG 04-24 09:59:08.725127.725127 cuda_memory_view.py:1180] 
DEBUG 04-24 09:59:08.725127.725127 cuda_memory_view.py:1180] restore_tensors_from_shared_memory_names time: 0.0029668807983398438
DEBUG 04-24 09:59:08.731180.731180 mlpmodule.py:929] restore_hm_state_dict2model loaded 150 expert tensors for Gemma4 model
[cpu_experts_worker pid=501984] HostMemoryView ready
[cpu_experts_worker pid=501984] begin _test_group_bmm_fused_experts()
[test_group_bmm_fused_experts] start (print+flush; bypasses logging).
[test_group_bmm_fused_experts][half=noncontiguous] input_gen: 35.366 ms
[test_group_bmm_fused_experts][half=noncontiguous] gate_func: 74.033 ms
[test_group_bmm_fused_experts][half=noncontiguous] activated_experts_unique=128, routed_slots=4096 total experts = 128 (T=512, K=8)
[test_group_bmm_fused_experts][half=noncontiguous] choose_half_experts: 1.222 ms (E_total=128, E_half=64, experts=[90, 24, 60, 48, 26, 108, 23, 123, 19, 114, 53, 54, 74, 87, 101, 103, 122, 39, 44, 79, 102, 28, 38, 59, 63, 124, 27, 49, 50, 55, 67, 89, 92, 126, 25, 33, 36, 77, 78, 80, 88, 17, 22, 34, 41, 45, 47, 95, 121, 1, 11, 30, 37, 43, 51, 68, 86, 111, 120, 5, 6, 13, 84, 93], total_tokens=1691, max_tokens=31)
[test_group_bmm_fused_experts][half=noncontiguous] filter_slots_in_half: 0.672 ms (slots_in_half=1691, T=512, K=8)
[test_group_bmm_fused_experts][half=noncontiguous] gather_half_tokens: 0.716 ms
[test_group_bmm_fused_experts][half=noncontiguous] sort_by_expert: 0.691 ms
DEBUG 04-24 09:59:08.845681.845681 cuda_h.py:27] end get_fused_experts_names_w cost 0.117 ms
DEBUG 04-24 09:59:08.847210.847210 cuda_h.py:27] end restore_fused_tensors cost 1.121 ms
[test_group_bmm_fused_experts][half=noncontiguous] restore_group_fused_weights: 2.002 ms
[test_group_bmm_fused_experts][half=noncontiguous] transpose_contig: 0.046 ms
[test_group_bmm_fused_experts][half=noncontiguous] pad_pack: 3.063 ms
[test_group_bmm_fused_experts][half=noncontiguous] fused_group_bmm: 24.111 ms (bmm1=12.216 act+split=0.860 bmm2=7.415 unpad=3.621)
[cpu_experts_worker pid=501982] HostMemoryView(...) ...
DEBUG 04-24 09:59:08.926078.926078 cuda_memory_view.py:1180] 
DEBUG 04-24 09:59:08.926078.926078 cuda_memory_view.py:1180] restore_tensors_from_shared_memory_names time: 0.0029726028442382812
DEBUG 04-24 09:59:08.932163.932163 mlpmodule.py:929] restore_hm_state_dict2model loaded 150 expert tensors for Gemma4 model
[cpu_experts_worker pid=501982] HostMemoryView ready
[cpu_experts_worker pid=501982] begin _test_group_bmm_fused_experts()
[test_group_bmm_fused_experts] start (print+flush; bypasses logging).
[test_group_bmm_fused_experts][half=noncontiguous] ref_mm_and_assert: 84.734 ms
[test_group_bmm_fused_experts][half=noncontiguous] unsort_and_weight: 0.444 ms
[test_group_bmm_fused_experts][half=noncontiguous] total: 228.692 ms (T=512, K=8, slots_in_half=1691, E_half=64)
[cpu_experts_worker pid=501984] end _test_group_bmm_fused_experts()
INFO 04-24 09:59:08.960020.960020 cpu_thread_manager_mp.py:437] CPU experts worker: _test_group_bmm_fused_experts() finished.
[test_group_bmm_fused_experts][half=noncontiguous] input_gen: 35.372 ms
[test_group_bmm_fused_experts][half=noncontiguous] gate_func: 12.553 ms
[test_group_bmm_fused_experts][half=noncontiguous] activated_experts_unique=128, routed_slots=4096 total experts = 128 (T=512, K=8)
[test_group_bmm_fused_experts][half=noncontiguous] choose_half_experts: 0.833 ms (E_total=128, E_half=64, experts=[48, 1, 81, 87, 18, 72, 84, 120, 13, 23, 60, 123, 83, 97, 126, 127, 5, 67, 73, 114, 29, 46, 70, 75, 93, 106, 20, 22, 31, 34, 38, 45, 55, 62, 68, 85, 89, 108, 111, 113, 116, 125, 17, 49, 63, 101, 4, 7, 24, 28, 33, 44, 95, 103, 9, 19, 30, 51, 52, 58, 59, 94, 6, 50], total_tokens=1739, max_tokens=32)
[test_group_bmm_fused_experts][half=noncontiguous] filter_slots_in_half: 0.532 ms (slots_in_half=1739, T=512, K=8)
[test_group_bmm_fused_experts][half=noncontiguous] gather_half_tokens: 0.685 ms
[test_group_bmm_fused_experts][half=noncontiguous] sort_by_expert: 0.756 ms
DEBUG 04-24 09:59:08.984478.984478 cuda_h.py:27] end get_fused_experts_names_w cost 0.045 ms
DEBUG 04-24 09:59:08.985485.985485 cuda_h.py:27] end restore_fused_tensors cost 1.178 ms
[test_group_bmm_fused_experts][half=noncontiguous] restore_group_fused_weights: 1.530 ms
[test_group_bmm_fused_experts][half=noncontiguous] transpose_contig: 0.025 ms
[test_group_bmm_fused_experts][half=noncontiguous] pad_pack: 3.145 ms
[test_group_bmm_fused_experts][half=noncontiguous] fused_group_bmm: 18.372 ms (bmm1=8.194 act+split=0.980 bmm2=5.392 unpad=3.806)
[test_group_bmm_fused_experts][half=noncontiguous] ref_mm_and_assert: 81.463 ms
[test_group_bmm_fused_experts][half=noncontiguous] unsort_and_weight: 0.431 ms
[test_group_bmm_fused_experts][half=noncontiguous] total: 157.021 ms (T=512, K=8, slots_in_half=1739, E_half=64)
[cpu_experts_worker pid=501982] end _test_group_bmm_fused_experts()
INFO 04-24 09:59:09.090242.090242 cpu_thread_manager_mp.py:437] CPU experts worker: _test_group_bmm_fused_experts() finished.
DEBUG 04-24 09:59:09.090642.090642 cuda_h.py:27] end init_mp_process cost 9353.718 ms
generate input ids cost 0.06627178192138672 s
DEBUG 04-24 09:59:14.226202.226202 cuda_h.py:27] end generate_input_ids cost 2797.657 ms
DEBUG 04-24 09:59:14.226355.226355 cuda_h.py:27] end init_cache cost 0.033 ms
DEBUG 04-24 09:59:14.227629.227629 cuda_h.py:27] end allocate_cuda_memory cost 0.210 ms
DEBUG 04-24 09:59:14.227651.227651 sllm_store_c.py:27] get device uuid map
DEBUG 04-24 09:59:14.227449.227449 sllm_store_c.py:29] call client load into gpu
DEBUG 04-24 09:59:14.230362.230362 cuda_h.py:27] end load_into_gpu_async cost 2.862 ms
DEBUG 04-24 09:59:14.230875.230875 cuda_h.py:27] end restore_tensors2 cost 0.042 ms
DEBUG 04-24 09:59:14.230538.230538 cuda_h.py:27] end allocate_cuda_memory_and_load_into_gpu cost 3.634 ms
DEBUG 04-24 09:59:14.230949.230949 cuda_h.py:27] end restore2model cost 0.169 ms
DEBUG 04-24 09:59:14.369111.369111 cuda_h.py:27] end allocate_cuda_memory cost 0.370 ms
DEBUG 04-24 09:59:14.369448.369448 sllm_store_c.py:27] get device uuid map
DEBUG 04-24 09:59:14.369988.369988 sllm_store_c.py:29] call client load into gpu
DEBUG 04-24 09:59:14.372935.372935 cuda_h.py:27] end load_into_gpu_async cost 3.090 ms
DEBUG 04-24 09:59:14.372621.372621 cuda_h.py:27] end restore_tensors2 cost 0.154 ms
DEBUG 04-24 09:59:14.373066.373066 cuda_h.py:27] end allocate_cuda_memory_and_load_into_gpu cost 4.573 ms
DEBUG 04-24 09:59:14.517514.517514 cuda_h.py:27] end restore2model cost 1.455 ms
DEBUG 04-24 09:59:14.517626.517626 cuda_h.py:27] end load_qkvogns_weight_l_0 cost 149.450 ms
DEBUG 04-24 09:59:14.518821.518821 cuda_h.py:27] end init_general_weights cost 291.168 ms
DEBUG 04-24 09:59:14.532806.532806 cuda_h.py:27] end init_inputs_tokens cost 14.270 ms
DEBUG 04-24 09:59:14.532388.532388 lmp.py:273] -------------------------------- start prefill layer 0 --------------------------------
DEBUG 04-24 09:59:14.533686.533686 cuda_h.py:27] end start_load_qkvogn_s_weight_l_1 cost 0.072 ms
DEBUG 04-24 09:59:14.533393.533393 cuda_h.py:27] end allocate_cuda_memory cost 0.330 ms
DEBUG 04-24 09:59:14.541043.541043 sllm_store_c.py:27] get device uuid map
DEBUG 04-24 09:59:14.542076.542076 sllm_store_c.py:29] call client load into gpu
DEBUG 04-24 09:59:14.544944.544944 cuda_h.py:27] end load_into_gpu_async cost 2.985 ms
DEBUG 04-24 09:59:14.545333.545333 cuda_h.py:27] end restore_tensors2 cost 0.165 ms
DEBUG 04-24 09:59:14.545887.545887 cuda_h.py:27] end allocate_cuda_memory_and_load_into_gpu cost 12.200 ms
DEBUG 04-24 09:59:14.554741.554741 cuda_h.py:27] end restore2model cost 1.356 ms
DEBUG 04-24 09:59:14.554058.554058 cuda_h.py:27] end sllm_worker_task cost 21.461 ms
DEBUG 04-24 09:59:14.656252.656252 cuda_h.py:27] end **self_attn cost 71.931 ms
DEBUG 04-24 09:59:14.656541.656541 cuda_h.py:27] end *iln_self_attn_paln cost 123.331 ms
DEBUG 04-24 09:59:14.759667.759667 cuda_h.py:27] end gate cost 102.542 ms
DEBUG 04-24 09:59:14.866197.866197 cuda_h.py:27] end experts_map_get cost 102.409 ms
DEBUG 04-24 09:59:14.866116.866116 cuda_h.py:27] end *before experts start* cost 209.545 ms
DEBUG 04-24 09:59:14.866531.866531 cuda_h.py:27] end cpu_experts_submit_fused_mp cost 0.281 ms
DEBUG 04-24 09:59:14.888373.888373 cuda_h.py:27] end prepare_group_stack cost 17.530 ms
DEBUG 04-24 09:59:14.890633.890633 cuda_h.py:27] end prepare_group_stack cost 17.798 ms
DEBUG 04-24 09:59:14.890375.890375 cuda_h.py:27] end prepare_group_stack cost 18.419 ms
DEBUG 04-24 09:59:14.892801.892801 cuda_h.py:27] end prepare_group_stack cost 20.024 ms
DEBUG 04-24 09:59:14.901248.901248 cuda_h.py:27] end group stack cost 10.541 ms
DEBUG 04-24 09:59:14.901458.901458 cuda_h.py:27] end move_flatidxs_group_fused_mp cost 28.639 ms
DEBUG 04-24 09:59:14.901308.901308 cuda_h.py:27] end get_fused_experts_names_w cost 0.019 ms
DEBUG 04-24 09:59:14.901436.901436 cuda_h.py:27] end restore_fused_tensors cost 0.444 ms
DEBUG 04-24 09:59:14.901862.901862 cuda_h.py:27] end group_fused_tensors_mp cost 0.572 ms
DEBUG 04-24 09:59:14.902799.902799 cuda_h.py:27] end group stack cost 13.753 ms
DEBUG 04-24 09:59:14.902956.902956 cuda_h.py:27] end move_flatidxs_group_fused_mp cost 31.625 ms
DEBUG 04-24 09:59:14.902237.902237 cuda_h.py:27] end get_fused_experts_names_w cost 0.022 ms
DEBUG 04-24 09:59:14.903650.903650 cuda_h.py:27] end restore_fused_tensors cost 0.684 ms
DEBUG 04-24 09:59:14.903884.903884 cuda_h.py:27] end group_fused_tensors_mp cost 0.958 ms
DEBUG 04-24 09:59:14.905340.905340 cuda_h.py:27] end group stack cost 12.586 ms
DEBUG 04-24 09:59:14.905970.905970 cuda_h.py:27] end move_flatidxs_group_fused_mp cost 33.034 ms
DEBUG 04-24 09:59:14.906318.906318 cuda_h.py:27] end group stack cost 14.934 ms
DEBUG 04-24 09:59:14.906382.906382 cuda_h.py:27] end get_fused_experts_names_w cost 0.034 ms
DEBUG 04-24 09:59:14.906652.906652 cuda_h.py:27] end move_flatidxs_group_fused_mp cost 34.051 ms
DEBUG 04-24 09:59:14.906133.906133 cuda_h.py:27] end get_fused_experts_names_w cost 0.036 ms
DEBUG 04-24 09:59:14.907519.907519 cuda_h.py:27] end restore_fused_tensors cost 0.934 ms
DEBUG 04-24 09:59:14.907245.907245 cuda_h.py:27] end group_fused_tensors_mp cost 1.278 ms
DEBUG 04-24 09:59:14.907490.907490 cuda_h.py:27] end restore_fused_tensors cost 0.797 ms
DEBUG 04-24 09:59:14.907765.907765 cuda_h.py:27] end group_fused_tensors_mp cost 1.110 ms
DEBUG 04-24 09:59:14.913252.913252 mlpmodule.py:3373] [fused_group_bmm][steps] bmm1=4.648 ms split=0.090 ms act_mul=0.731 ms bmm2=5.593 ms
DEBUG 04-24 09:59:14.913483.913483 cuda_h.py:27] end fused_group_bmm cost 11.508 ms
DEBUG 04-24 09:59:14.914777.914777 cuda_h.py:27] end gather_outputs_group_fused_mp cost 0.787 ms
DEBUG 04-24 09:59:14.914848.914848 mlpmodule.py:3373] [fused_group_bmm][steps] bmm1=4.722 ms split=0.051 ms act_mul=1.094 ms bmm2=5.565 ms
DEBUG 04-24 09:59:14.915591.915591 cuda_h.py:27] end fused_group_bmm cost 11.697 ms
DEBUG 04-24 09:59:14.915265.915265 cuda_h.py:27] end cpu_experts_worker_bmm_or_einsum_0 cost 42.919 ms
DEBUG 04-24 09:59:14.916516.916516 cuda_h.py:27] end gather_outputs_group_fused_mp cost 0.862 ms
DEBUG 04-24 09:59:14.917270.917270 cuda_h.py:27] end cpu_experts_worker_bmm_or_einsum_3 cost 46.945 ms
DEBUG 04-24 09:59:14.919032.919032 mlpmodule.py:3373] [fused_group_bmm][steps] bmm1=7.437 ms split=0.092 ms act_mul=0.640 ms bmm2=3.234 ms
DEBUG 04-24 09:59:14.919587.919587 cuda_h.py:27] end fused_group_bmm cost 11.591 ms
DEBUG 04-24 09:59:14.919310.919310 mlpmodule.py:3373] [fused_group_bmm][steps] bmm1=7.110 ms split=0.109 ms act_mul=0.695 ms bmm2=3.443 ms
DEBUG 04-24 09:59:14.919073.919073 cuda_h.py:27] end fused_group_bmm cost 11.809 ms
DEBUG 04-24 09:59:14.920749.920749 cuda_h.py:27] end gather_outputs_group_fused_mp cost 0.638 ms
DEBUG 04-24 09:59:14.920060.920060 cuda_h.py:27] end gather_outputs_group_fused_mp cost 0.857 ms
DEBUG 04-24 09:59:14.920955.920955 cuda_h.py:27] end cpu_experts_worker_bmm_or_einsum_2 cost 48.726 ms
DEBUG 04-24 09:59:14.921922.921922 cuda_h.py:27] end cpu_experts_worker_bmm_or_einsum_1 cost 48.636 ms
DEBUG 04-24 09:59:14.936204.936204 cuda_h.py:27] end cpu_thread_manager_mp_wait_fused cost 65.234 ms
DEBUG 04-24 09:59:14.936044.936044 cuda_h.py:27] end *single cpu experts* cost 70.182 ms
DEBUG 04-24 09:59:14.938794.938794 sllm_store_c.py:27] get device uuid map
DEBUG 04-24 09:59:14.938845.938845 sllm_store_c.py:29] call client load into gpu
DEBUG 04-24 09:59:14.941874.941874 cuda_h.py:27] end load_into_gpu_async_fused_experts_dual cost 2.989 ms
DEBUG 04-24 09:59:14.941534.941534 cuda_h.py:27] end restore_tensors2_fused_experts_packed cost 0.065 ms
DEBUG 04-24 09:59:14.941012.941012 cuda_h.py:27] end restore_tensors2_fused_experts_slices cost 0.380 ms
DEBUG 04-24 09:59:14.941107.941107 cuda_h.py:27] end allocate_experts_cuda_memory_and_restore_model_multi_device_fused cost 4.977 ms
DEBUG 04-24 09:59:14.941399.941399 cuda_h.py:27] end gpu_sexperts cost 0.009 ms
DEBUG 04-24 09:59:14.941957.941957 cuda_h.py:27] end wait_load_qkvogn_s_weight cost 0.026 ms
DEBUG 04-24 09:59:14.993409.993409 cuda_h.py:27] end prepare_per_device_parameters cost 51.523 ms
DEBUG 04-24 09:59:14.995529.995529 cuda_h.py:27] end wait_experts_multi_device cost 1.717 ms
DEBUG 04-24 09:59:14.995995.995995 cuda_h.py:27] end *before fused experts* cost 58.802 ms
DEBUG 04-24 09:59:15.028533.028533 cuda_h.py:27] end gpu_experts_multi_device_fused cost 33.248 ms
DEBUG 04-24 09:59:15.028259.028259 cuda_h.py:27] end *gpu experts* cost 92.213 ms
DEBUG 04-24 09:59:15.028454.028454 cuda_h.py:27] end layer_moe_generate_mp_multi_device_fused_l_1 cost 372.124 ms
DEBUG 04-24 09:59:15.030643.030643 cuda_h.py:27] end *mlp cost 373.433 ms
DEBUG 04-24 09:59:15.030189.030189 cuda_h.py:27] end prefill_layer cost 497.415 ms
DEBUG 04-24 09:59:15.030898.030898 lmp.py:320] -------------------------------- end prefill layer 0 --------------------------------
DEBUG 04-24 09:59:15.030886.030886 lmp.py:273] -------------------------------- start prefill layer 1 --------------------------------
DEBUG 04-24 09:59:15.030996.030996 cuda_h.py:27] end start_load_qkvogn_s_weight_l_2 cost 0.066 ms
DEBUG 04-24 09:59:15.031956.031956 cuda_h.py:27] end allocate_cuda_memory cost 0.338 ms
DEBUG 04-24 09:59:15.031380.031380 sllm_store_c.py:27] get device uuid map
DEBUG 04-24 09:59:15.031907.031907 sllm_store_c.py:29] call client load into gpu
DEBUG 04-24 09:59:15.033321.033321 cuda_h.py:27] end **self_attn cost 1.787 ms
DEBUG 04-24 09:59:15.034370.034370 cuda_h.py:27] end *iln_self_attn_paln cost 3.557 ms
DEBUG 04-24 09:59:15.034259.034259 cuda_h.py:27] end load_into_gpu_async cost 3.096 ms
DEBUG 04-24 09:59:15.034132.034132 cuda_h.py:27] end restore_tensors2 cost 0.180 ms
DEBUG 04-24 09:59:15.035534.035534 cuda_h.py:27] end allocate_cuda_memory_and_load_into_gpu cost 4.460 ms
DEBUG 04-24 09:59:15.035004.035004 cuda_h.py:27] end gate cost 1.546 ms
DEBUG 04-24 09:59:15.036549.036549 cuda_h.py:27] end experts_map_get cost 0.360 ms
DEBUG 04-24 09:59:15.036916.036916 cuda_h.py:27] end *before experts start* cost 2.094 ms
DEBUG 04-24 09:59:15.036955.036955 cuda_h.py:27] end cpu_experts_submit_fused_mp cost 0.176 ms
DEBUG 04-24 09:59:15.039141.039141 cuda_h.py:27] end prepare_group_stack cost 0.449 ms
DEBUG 04-24 09:59:15.040647.040647 cuda_h.py:27] end group stack cost 0.965 ms
DEBUG 04-24 09:59:15.040306.040306 cuda_h.py:27] end move_flatidxs_group_fused_mp cost 1.649 ms
DEBUG 04-24 09:59:15.040348.040348 cuda_h.py:27] end get_fused_experts_names_w cost 0.025 ms
DEBUG 04-24 09:59:15.040146.040146 cuda_h.py:27] end prepare_group_stack cost 0.772 ms
DEBUG 04-24 09:59:15.040958.040958 cuda_h.py:27] end restore_fused_tensors cost 0.384 ms
DEBUG 04-24 09:59:15.040026.040026 cuda_h.py:27] end group_fused_tensors_mp cost 0.494 ms
DEBUG 04-24 09:59:15.041632.041632 cuda_h.py:27] end prepare_group_stack cost 0.629 ms
DEBUG 04-24 09:59:15.041022.041022 cuda_h.py:27] end prepare_group_stack cost 0.733 ms
DEBUG 04-24 09:59:15.043004.043004 cuda_h.py:27] end group stack cost 2.613 ms
DEBUG 04-24 09:59:15.043622.043622 cuda_h.py:27] end move_flatidxs_group_fused_mp cost 3.928 ms
DEBUG 04-24 09:59:15.043121.043121 cuda_h.py:27] end group stack cost 1.939 ms
DEBUG 04-24 09:59:15.043783.043783 cuda_h.py:27] end get_fused_experts_names_w cost 0.037 ms
DEBUG 04-24 09:59:15.044709.044709 cuda_h.py:27] end move_flatidxs_group_fused_mp cost 3.354 ms
DEBUG 04-24 09:59:15.044264.044264 cuda_h.py:27] end get_fused_experts_names_w cost 0.037 ms
DEBUG 04-24 09:59:15.044968.044968 cuda_h.py:27] end restore2model cost 1.899 ms
DEBUG 04-24 09:59:15.045409.045409 cuda_h.py:27] end sllm_worker_task cost 14.381 ms
DEBUG 04-24 09:59:15.045855.045855 cuda_h.py:27] end restore_fused_tensors cost 1.234 ms
DEBUG 04-24 09:59:15.045443.045443 cuda_h.py:27] end group_fused_tensors_mp cost 1.759 ms
DEBUG 04-24 09:59:15.045997.045997 cuda_h.py:27] end restore_fused_tensors cost 1.268 ms
DEBUG 04-24 09:59:15.045539.045539 cuda_h.py:27] end group_fused_tensors_mp cost 1.718 ms
DEBUG 04-24 09:59:15.051199.051199 mlpmodule.py:3373] [fused_group_bmm][steps] bmm1=4.908 ms split=0.075 ms act_mul=0.656 ms bmm2=4.734 ms
DEBUG 04-24 09:59:15.051519.051519 cuda_h.py:27] end fused_group_bmm cost 10.677 ms
DEBUG 04-24 09:59:15.051022.051022 cuda_h.py:27] end group stack cost 9.230 ms
DEBUG 04-24 09:59:15.052574.052574 cuda_h.py:27] end gather_outputs_group_fused_mp cost 0.412 ms
DEBUG 04-24 09:59:15.052804.052804 cuda_h.py:27] end move_flatidxs_group_fused_mp cost 11.468 ms
DEBUG 04-24 09:59:15.052210.052210 cuda_h.py:27] end get_fused_experts_names_w cost 0.090 ms
DEBUG 04-24 09:59:15.052008.052008 cuda_h.py:27] end cpu_experts_worker_bmm_or_einsum_0 cost 15.307 ms
DEBUG 04-24 09:59:15.053337.053337 cuda_h.py:27] end restore_fused_tensors cost 1.113 ms
DEBUG 04-24 09:59:15.053101.053101 cuda_h.py:27] end group_fused_tensors_mp cost 1.400 ms
DEBUG 04-24 09:59:15.059185.059185 mlpmodule.py:3373] [fused_group_bmm][steps] bmm1=8.254 ms split=0.111 ms act_mul=0.372 ms bmm2=4.627 ms
DEBUG 04-24 09:59:15.059934.059934 cuda_h.py:27] end fused_group_bmm cost 13.631 ms
DEBUG 04-24 09:59:15.059368.059368 mlpmodule.py:3373] [fused_group_bmm][steps] bmm1=8.180 ms split=0.085 ms act_mul=0.492 ms bmm2=4.304 ms
DEBUG 04-24 09:59:15.059405.059405 cuda_h.py:27] end fused_group_bmm cost 13.396 ms
DEBUG 04-24 09:59:15.060716.060716 cuda_h.py:27] end gather_outputs_group_fused_mp cost 0.602 ms
DEBUG 04-24 09:59:15.060067.060067 cuda_h.py:27] end gather_outputs_group_fused_mp cost 0.397 ms
DEBUG 04-24 09:59:15.060312.060312 cuda_h.py:27] end cpu_experts_worker_bmm_or_einsum_3 cost 20.962 ms
DEBUG 04-24 09:59:15.060137.060137 cuda_h.py:27] end cpu_experts_worker_bmm_or_einsum_1 cost 22.210 ms
DEBUG 04-24 09:59:15.062324.062324 mlpmodule.py:3373] [fused_group_bmm][steps] bmm1=5.016 ms split=0.119 ms act_mul=0.410 ms bmm2=2.823 ms
DEBUG 04-24 09:59:15.062093.062093 cuda_h.py:27] end fused_group_bmm cost 8.614 ms
DEBUG 04-24 09:59:15.063763.063763 cuda_h.py:27] end gather_outputs_group_fused_mp cost 0.804 ms
DEBUG 04-24 09:59:15.063651.063651 cuda_h.py:27] end cpu_experts_worker_bmm_or_einsum_2 cost 24.099 ms
DEBUG 04-24 09:59:15.066982.066982 cuda_h.py:27] end cpu_thread_manager_mp_wait_fused cost 27.391 ms
DEBUG 04-24 09:59:15.066921.066921 cuda_h.py:27] end *single cpu experts* cost 29.994 ms
DEBUG 04-24 09:59:15.067051.067051 sllm_store_c.py:27] get device uuid map
DEBUG 04-24 09:59:15.067245.067245 sllm_store_c.py:29] call client load into gpu
DEBUG 04-24 09:59:15.070609.070609 cuda_h.py:27] end load_into_gpu_async_fused_experts_dual cost 2.842 ms
DEBUG 04-24 09:59:15.070383.070383 cuda_h.py:27] end restore_tensors2_fused_experts_packed cost 0.084 ms
DEBUG 04-24 09:59:15.071410.071410 cuda_h.py:27] end restore_tensors2_fused_experts_slices cost 0.307 ms
DEBUG 04-24 09:59:15.071333.071333 cuda_h.py:27] end allocate_experts_cuda_memory_and_restore_model_multi_device_fused cost 4.748 ms
DEBUG 04-24 09:59:15.071802.071802 cuda_h.py:27] end gpu_sexperts cost 0.007 ms
DEBUG 04-24 09:59:15.071677.071677 cuda_h.py:27] end wait_load_qkvogn_s_weight cost 0.026 ms
DEBUG 04-24 09:59:15.086233.086233 cuda_h.py:27] end prepare_per_device_parameters cost 14.618 ms
DEBUG 04-24 09:59:15.089865.089865 cuda_h.py:27] end wait_experts_multi_device cost 2.796 ms
DEBUG 04-24 09:59:15.089851.089851 cuda_h.py:27] end *before fused experts* cost 23.176 ms
DEBUG 04-24 09:59:15.098832.098832 cuda_h.py:27] end gpu_experts_multi_device_fused cost 9.016 ms
DEBUG 04-24 09:59:15.098644.098644 cuda_h.py:27] end *gpu experts* cost 32.439 ms
DEBUG 04-24 09:59:15.099404.099404 cuda_h.py:27] end layer_moe_generate_mp_multi_device_fused_l_2 cost 64.736 ms
DEBUG 04-24 09:59:15.100471.100471 cuda_h.py:27] end *mlp cost 66.339 ms
DEBUG 04-24 09:59:15.100428.100428 cuda_h.py:27] end prefill_layer cost 70.377 ms
DEBUG 04-24 09:59:15.100806.100806 lmp.py:320] -------------------------------- end prefill layer 1 --------------------------------
DEBUG 04-24 09:59:15.100556.100556 lmp.py:273] -------------------------------- start prefill layer 2 --------------------------------
DEBUG 04-24 09:59:15.100698.100698 cuda_h.py:27] end start_load_qkvogn_s_weight_l_3 cost 0.062 ms
DEBUG 04-24 09:59:15.101840.101840 cuda_h.py:27] end allocate_cuda_memory cost 0.419 ms
DEBUG 04-24 09:59:15.101148.101148 sllm_store_c.py:27] get device uuid map
DEBUG 04-24 09:59:15.102919.102919 sllm_store_c.py:29] call client load into gpu
DEBUG 04-24 09:59:15.103369.103369 cuda_h.py:27] end **self_attn cost 1.575 ms
DEBUG 04-24 09:59:15.104821.104821 cuda_h.py:27] end *iln_self_attn_paln cost 3.147 ms
DEBUG 04-24 09:59:15.104488.104488 cuda_h.py:27] end load_into_gpu_async cost 2.452 ms
DEBUG 04-24 09:59:15.104259.104259 cuda_h.py:27] end restore_tensors2 cost 0.125 ms
DEBUG 04-24 09:59:15.104284.104284 cuda_h.py:27] end allocate_cuda_memory_and_load_into_gpu cost 3.707 ms
DEBUG 04-24 09:59:15.105093.105093 cuda_h.py:27] end gate cost 1.233 ms
DEBUG 04-24 09:59:15.105241.105241 cuda_h.py:27] end experts_map_get cost 0.350 ms
DEBUG 04-24 09:59:15.105038.105038 cuda_h.py:27] end *before experts start* cost 1.771 ms
DEBUG 04-24 09:59:15.106091.106091 cuda_h.py:27] end cpu_experts_submit_fused_mp cost 0.185 ms
DEBUG 04-24 09:59:15.109119.109119 cuda_h.py:27] end prepare_group_stack cost 0.573 ms
DEBUG 04-24 09:59:15.109681.109681 cuda_h.py:27] end prepare_group_stack cost 0.733 ms
DEBUG 04-24 09:59:15.109298.109298 cuda_h.py:27] end prepare_group_stack cost 0.644 ms
DEBUG 04-24 09:59:15.111550.111550 cuda_h.py:27] end group stack cost 1.619 ms
DEBUG 04-24 09:59:15.111802.111802 cuda_h.py:27] end move_flatidxs_group_fused_mp cost 2.616 ms
DEBUG 04-24 09:59:15.111886.111886 cuda_h.py:27] end get_fused_experts_names_w cost 0.032 ms
DEBUG 04-24 09:59:15.111097.111097 cuda_h.py:27] end group stack cost 1.835 ms
DEBUG 04-24 09:59:15.112135.112135 cuda_h.py:27] end group stack cost 1.680 ms
DEBUG 04-24 09:59:15.112538.112538 cuda_h.py:27] end prepare_group_stack cost 0.811 ms
DEBUG 04-24 09:59:15.112648.112648 cuda_h.py:27] end move_flatidxs_group_fused_mp cost 2.943 ms
DEBUG 04-24 09:59:15.112645.112645 cuda_h.py:27] end get_fused_experts_names_w cost 0.026 ms
DEBUG 04-24 09:59:15.112076.112076 cuda_h.py:27] end move_flatidxs_group_fused_mp cost 2.941 ms
DEBUG 04-24 09:59:15.112335.112335 cuda_h.py:27] end get_fused_experts_names_w cost 0.033 ms
DEBUG 04-24 09:59:15.113666.113666 cuda_h.py:27] end restore_fused_tensors cost 0.976 ms
DEBUG 04-24 09:59:15.113599.113599 cuda_h.py:27] end restore2model cost 1.057 ms
DEBUG 04-24 09:59:15.113259.113259 cuda_h.py:27] end sllm_worker_task cost 12.089 ms
DEBUG 04-24 09:59:15.113107.113107 cuda_h.py:27] end group_fused_tensors_mp cost 1.289 ms
DEBUG 04-24 09:59:15.113757.113757 cuda_h.py:27] end restore_fused_tensors cost 0.795 ms
DEBUG 04-24 09:59:15.113111.113111 cuda_h.py:27] end group_fused_tensors_mp cost 1.075 ms
DEBUG 04-24 09:59:15.113267.113267 cuda_h.py:27] end restore_fused_tensors cost 1.048 ms
DEBUG 04-24 09:59:15.113125.113125 cuda_h.py:27] end group_fused_tensors_mp cost 1.498 ms
DEBUG 04-24 09:59:15.114558.114558 cuda_h.py:27] end group stack cost 2.356 ms
DEBUG 04-24 09:59:15.114233.114233 cuda_h.py:27] end move_flatidxs_group_fused_mp cost 3.614 ms
DEBUG 04-24 09:59:15.114887.114887 cuda_h.py:27] end get_fused_experts_names_w cost 0.036 ms
DEBUG 04-24 09:59:15.116842.116842 cuda_h.py:27] end restore_fused_tensors cost 1.310 ms
DEBUG 04-24 09:59:15.116695.116695 cuda_h.py:27] end group_fused_tensors_mp cost 1.826 ms
DEBUG 04-24 09:59:15.128637.128637 mlpmodule.py:3373] [fused_group_bmm][steps] bmm1=9.600 ms split=0.085 ms act_mul=0.547 ms bmm2=3.978 ms
DEBUG 04-24 09:59:15.128465.128465 cuda_h.py:27] end fused_group_bmm cost 14.678 ms
DEBUG 04-24 09:59:15.129797.129797 cuda_h.py:27] end gather_outputs_group_fused_mp cost 0.724 ms
DEBUG 04-24 09:59:15.129945.129945 mlpmodule.py:3373] [fused_group_bmm][steps] bmm1=10.370 ms split=0.102 ms act_mul=0.616 ms bmm2=5.424 ms
DEBUG 04-24 09:59:15.129967.129967 mlpmodule.py:3373] [fused_group_bmm][steps] bmm1=10.169 ms split=0.077 ms act_mul=0.453 ms bmm2=5.620 ms
DEBUG 04-24 09:59:15.130721.130721 cuda_h.py:27] end fused_group_bmm cost 16.765 ms
DEBUG 04-24 09:59:15.130801.130801 cuda_h.py:27] end fused_group_bmm cost 16.535 ms
DEBUG 04-24 09:59:15.130918.130918 cuda_h.py:27] end cpu_experts_worker_bmm_or_einsum_0 cost 22.069 ms
DEBUG 04-24 09:59:15.130624.130624 mlpmodule.py:3373] [fused_group_bmm][steps] bmm1=8.156 ms split=0.109 ms act_mul=0.734 ms bmm2=4.403 ms
DEBUG 04-24 09:59:15.130579.130579 cuda_h.py:27] end gather_outputs_group_fused_mp cost 0.439 ms
DEBUG 04-24 09:59:15.130970.130970 cuda_h.py:27] end fused_group_bmm cost 13.653 ms
DEBUG 04-24 09:59:15.130619.130619 cuda_h.py:27] end gather_outputs_group_fused_mp cost 0.492 ms
DEBUG 04-24 09:59:15.131878.131878 cuda_h.py:27] end cpu_experts_worker_bmm_or_einsum_3 cost 22.978 ms
DEBUG 04-24 09:59:15.131237.131237 cuda_h.py:27] end cpu_experts_worker_bmm_or_einsum_1 cost 23.013 ms
DEBUG 04-24 09:59:15.131041.131041 cuda_h.py:27] end gather_outputs_group_fused_mp cost 0.567 ms
DEBUG 04-24 09:59:15.131633.131633 cuda_h.py:27] end cpu_experts_worker_bmm_or_einsum_2 cost 21.248 ms
DEBUG 04-24 09:59:15.134901.134901 cuda_h.py:27] end cpu_thread_manager_mp_wait_fused cost 26.171 ms
DEBUG 04-24 09:59:15.134212.134212 cuda_h.py:27] end *single cpu experts* cost 28.705 ms
DEBUG 04-24 09:59:15.136273.136273 sllm_store_c.py:27] get device uuid map
DEBUG 04-24 09:59:15.136769.136769 sllm_store_c.py:29] call client load into gpu
DEBUG 04-24 09:59:15.139798.139798 cuda_h.py:27] end load_into_gpu_async_fused_experts_dual cost 3.233 ms
DEBUG 04-24 09:59:15.140285.140285 cuda_h.py:27] end restore_tensors2_fused_experts_packed cost 0.134 ms
DEBUG 04-24 09:59:15.141222.141222 cuda_h.py:27] end restore_tensors2_fused_experts_slices cost 0.775 ms
DEBUG 04-24 09:59:15.141375.141375 cuda_h.py:27] end allocate_experts_cuda_memory_and_restore_model_multi_device_fused cost 6.380 ms
DEBUG 04-24 09:59:15.141125.141125 cuda_h.py:27] end gpu_sexperts cost 0.008 ms
DEBUG 04-24 09:59:15.141801.141801 cuda_h.py:27] end wait_load_qkvogn_s_weight cost 0.030 ms
DEBUG 04-24 09:59:15.154695.154695 cuda_h.py:27] end prepare_per_device_parameters cost 12.899 ms
DEBUG 04-24 09:59:15.160341.160341 cuda_h.py:27] end wait_experts_multi_device cost 5.127 ms
DEBUG 04-24 09:59:15.160450.160450 cuda_h.py:27] end *before fused experts* cost 25.231 ms
DEBUG 04-24 09:59:15.165453.165453 cuda_h.py:27] end gpu_experts_multi_device_fused cost 5.408 ms
DEBUG 04-24 09:59:15.165303.165303 cuda_h.py:27] end *gpu experts* cost 30.752 ms
DEBUG 04-24 09:59:15.165398.165398 cuda_h.py:27] end layer_moe_generate_mp_multi_device_fused_l_3 cost 61.588 ms
DEBUG 04-24 09:59:15.167407.167407 cuda_h.py:27] end *mlp cost 63.034 ms
DEBUG 04-24 09:59:15.167709.167709 cuda_h.py:27] end prefill_layer cost 66.463 ms
DEBUG 04-24 09:59:15.167988.167988 lmp.py:320] -------------------------------- end prefill layer 2 --------------------------------
DEBUG 04-24 09:59:15.167558.167558 lmp.py:273] -------------------------------- start prefill layer 3 --------------------------------
DEBUG 04-24 09:59:15.167108.167108 cuda_h.py:27] end start_load_qkvogn_s_weight_l_4 cost 0.090 ms
DEBUG 04-24 09:59:15.168128.168128 cuda_h.py:27] end allocate_cuda_memory cost 0.385 ms
DEBUG 04-24 09:59:15.168338.168338 sllm_store_c.py:27] get device uuid map
DEBUG 04-24 09:59:15.169079.169079 sllm_store_c.py:29] call client load into gpu
DEBUG 04-24 09:59:15.170107.170107 cuda_h.py:27] end **self_attn cost 1.768 ms
DEBUG 04-24 09:59:15.171050.171050 cuda_h.py:27] end *iln_self_attn_paln cost 3.337 ms
DEBUG 04-24 09:59:15.171219.171219 cuda_h.py:27] end load_into_gpu_async cost 2.565 ms
DEBUG 04-24 09:59:15.171692.171692 cuda_h.py:27] end restore_tensors2 cost 0.169 ms
DEBUG 04-24 09:59:15.172776.172776 cuda_h.py:27] end allocate_cuda_memory_and_load_into_gpu cost 4.022 ms
DEBUG 04-24 09:59:15.172604.172604 cuda_h.py:27] end gate cost 1.262 ms
DEBUG 04-24 09:59:15.173447.173447 cuda_h.py:27] end experts_map_get cost 0.341 ms
DEBUG 04-24 09:59:15.173906.173906 cuda_h.py:27] end *before experts start* cost 1.820 ms
DEBUG 04-24 09:59:15.173244.173244 cuda_h.py:27] end cpu_experts_submit_fused_mp cost 0.181 ms
DEBUG 04-24 09:59:15.177230.177230 cuda_h.py:27] end prepare_group_stack cost 0.669 ms
DEBUG 04-24 09:59:15.177000.177000 cuda_h.py:27] end prepare_group_stack cost 0.673 ms
DEBUG 04-24 09:59:15.178625.178625 cuda_h.py:27] end prepare_group_stack cost 0.595 ms
DEBUG 04-24 09:59:15.179963.179963 cuda_h.py:27] end group stack cost 1.517 ms
DEBUG 04-24 09:59:15.179533.179533 cuda_h.py:27] end move_flatidxs_group_fused_mp cost 2.615 ms
DEBUG 04-24 09:59:15.179407.179407 cuda_h.py:27] end prepare_group_stack cost 0.668 ms
DEBUG 04-24 09:59:15.179712.179712 cuda_h.py:27] end get_fused_experts_names_w cost 0.033 ms
DEBUG 04-24 09:59:15.179720.179720 cuda_h.py:27] end group stack cost 2.354 ms
DEBUG 04-24 09:59:15.180702.180702 cuda_h.py:27] end move_flatidxs_group_fused_mp cost 3.466 ms
DEBUG 04-24 09:59:15.180542.180542 cuda_h.py:27] end group stack cost 1.848 ms
DEBUG 04-24 09:59:15.180134.180134 cuda_h.py:27] end get_fused_experts_names_w cost 0.039 ms
DEBUG 04-24 09:59:15.180079.180079 cuda_h.py:27] end move_flatidxs_group_fused_mp cost 2.894 ms
DEBUG 04-24 09:59:15.180686.180686 cuda_h.py:27] end get_fused_experts_names_w cost 0.036 ms
DEBUG 04-24 09:59:15.181319.181319 cuda_h.py:27] end restore_fused_tensors cost 0.996 ms
DEBUG 04-24 09:59:15.181486.181486 cuda_h.py:27] end group_fused_tensors_mp cost 1.591 ms
DEBUG 04-24 09:59:15.181789.181789 cuda_h.py:27] end restore2model cost 1.748 ms
DEBUG 04-24 09:59:15.181337.181337 cuda_h.py:27] end sllm_worker_task cost 13.849 ms
DEBUG 04-24 09:59:15.182849.182849 cuda_h.py:27] end restore_fused_tensors cost 1.158 ms
DEBUG 04-24 09:59:15.182440.182440 cuda_h.py:27] end group stack cost 2.338 ms
DEBUG 04-24 09:59:15.182480.182480 cuda_h.py:27] end group_fused_tensors_mp cost 1.879 ms
DEBUG 04-24 09:59:15.182311.182311 cuda_h.py:27] end move_flatidxs_group_fused_mp cost 3.758 ms
DEBUG 04-24 09:59:15.182689.182689 cuda_h.py:27] end restore_fused_tensors cost 1.158 ms
DEBUG 04-24 09:59:15.182733.182733 cuda_h.py:27] end group_fused_tensors_mp cost 1.832 ms
DEBUG 04-24 09:59:15.182999.182999 cuda_h.py:27] end get_fused_experts_names_w cost 0.042 ms
DEBUG 04-24 09:59:15.184684.184684 cuda_h.py:27] end restore_fused_tensors cost 1.660 ms
DEBUG 04-24 09:59:15.185698.185698 cuda_h.py:27] end group_fused_tensors_mp cost 2.347 ms
DEBUG 04-24 09:59:15.194432.194432 mlpmodule.py:3373] [fused_group_bmm][steps] bmm1=8.259 ms split=0.179 ms act_mul=0.900 ms bmm2=3.369 ms
DEBUG 04-24 09:59:15.194460.194460 cuda_h.py:27] end fused_group_bmm cost 12.977 ms
DEBUG 04-24 09:59:15.195444.195444 cuda_h.py:27] end gather_outputs_group_fused_mp cost 0.656 ms
DEBUG 04-24 09:59:15.196190.196190 cuda_h.py:27] end cpu_experts_worker_bmm_or_einsum_0 cost 20.861 ms
DEBUG 04-24 09:59:15.197856.197856 mlpmodule.py:3373] [fused_group_bmm][steps] bmm1=9.454 ms split=0.096 ms act_mul=0.332 ms bmm2=4.623 ms
DEBUG 04-24 09:59:15.197948.197948 mlpmodule.py:3373] [fused_group_bmm][steps] bmm1=9.397 ms split=0.134 ms act_mul=0.581 ms bmm2=3.638 ms
DEBUG 04-24 09:59:15.197611.197611 cuda_h.py:27] end fused_group_bmm cost 14.734 ms
DEBUG 04-24 09:59:15.197837.197837 cuda_h.py:27] end fused_group_bmm cost 14.069 ms
DEBUG 04-24 09:59:15.197285.197285 mlpmodule.py:3373] [fused_group_bmm][steps] bmm1=7.227 ms split=0.148 ms act_mul=0.654 ms bmm2=4.012 ms
DEBUG 04-24 09:59:15.197038.197038 cuda_h.py:27] end fused_group_bmm cost 12.415 ms
DEBUG 04-24 09:59:15.198779.198779 cuda_h.py:27] end gather_outputs_group_fused_mp cost 0.626 ms
DEBUG 04-24 09:59:15.198978.198978 cuda_h.py:27] end gather_outputs_group_fused_mp cost 0.614 ms
DEBUG 04-24 09:59:15.198268.198268 cuda_h.py:27] end gather_outputs_group_fused_mp cost 0.565 ms
DEBUG 04-24 09:59:15.198713.198713 cuda_h.py:27] end cpu_experts_worker_bmm_or_einsum_3 cost 22.117 ms
DEBUG 04-24 09:59:15.198423.198423 cuda_h.py:27] end cpu_experts_worker_bmm_or_einsum_1 cost 23.046 ms
DEBUG 04-24 09:59:15.199414.199414 cuda_h.py:27] end cpu_experts_worker_bmm_or_einsum_2 cost 21.282 ms
DEBUG 04-24 09:59:15.200192.200192 cuda_h.py:27] end cpu_thread_manager_mp_wait_fused cost 24.690 ms
DEBUG 04-24 09:59:15.200540.200540 cuda_h.py:27] end *single cpu experts* cost 27.224 ms
DEBUG 04-24 09:59:15.201834.201834 sllm_store_c.py:27] get device uuid map
DEBUG 04-24 09:59:15.202316.202316 sllm_store_c.py:29] call client load into gpu
DEBUG 04-24 09:59:15.204875.204875 cuda_h.py:27] end load_into_gpu_async_fused_experts_dual cost 2.607 ms
DEBUG 04-24 09:59:15.204860.204860 cuda_h.py:27] end restore_tensors2_fused_experts_packed cost 0.087 ms
DEBUG 04-24 09:59:15.205782.205782 cuda_h.py:27] end restore_tensors2_fused_experts_slices cost 0.260 ms
DEBUG 04-24 09:59:15.205481.205481 cuda_h.py:27] end allocate_experts_cuda_memory_and_restore_model_multi_device_fused cost 4.509 ms
DEBUG 04-24 09:59:15.205381.205381 cuda_h.py:27] end gpu_sexperts cost 0.008 ms
DEBUG 04-24 09:59:15.205316.205316 cuda_h.py:27] end wait_load_qkvogn_s_weight cost 0.022 ms
DEBUG 04-24 09:59:15.219869.219869 cuda_h.py:27] end prepare_per_device_parameters cost 13.657 ms
DEBUG 04-24 09:59:15.220875.220875 cuda_h.py:27] end wait_experts_multi_device cost 1.456 ms
DEBUG 04-24 09:59:15.220211.220211 cuda_h.py:27] end *before fused experts* cost 20.178 ms
DEBUG 04-24 09:59:15.225460.225460 cuda_h.py:27] end gpu_experts_multi_device_fused cost 4.380 ms
DEBUG 04-24 09:59:15.225025.225025 cuda_h.py:27] end *gpu experts* cost 24.722 ms
DEBUG 04-24 09:59:15.225881.225881 cuda_h.py:27] end layer_moe_generate_mp_multi_device_fused_l_4 cost 53.910 ms
DEBUG 04-24 09:59:15.227416.227416 cuda_h.py:27] end *mlp cost 55.427 ms
DEBUG 04-24 09:59:15.227771.227771 cuda_h.py:27] end prefill_layer cost 59.363 ms
DEBUG 04-24 09:59:15.227501.227501 lmp.py:320] -------------------------------- end prefill layer 3 --------------------------------
DEBUG 04-24 09:59:15.227058.227058 lmp.py:273] -------------------------------- start prefill layer 4 --------------------------------
DEBUG 04-24 09:59:15.227604.227604 cuda_h.py:27] end start_load_qkvogn_s_weight_l_5 cost 0.053 ms
DEBUG 04-24 09:59:15.227962.227962 cuda_h.py:27] end allocate_cuda_memory cost 0.377 ms
DEBUG 04-24 09:59:15.228024.228024 sllm_store_c.py:27] get device uuid map
DEBUG 04-24 09:59:15.228667.228667 sllm_store_c.py:29] call client load into gpu
DEBUG 04-24 09:59:15.229991.229991 cuda_h.py:27] end load_into_gpu_async cost 1.798 ms
DEBUG 04-24 09:59:15.230416.230416 cuda_h.py:27] end restore_tensors2 cost 0.088 ms
DEBUG 04-24 09:59:15.230663.230663 cuda_h.py:27] end **self_attn cost 1.789 ms
DEBUG 04-24 09:59:15.230310.230310 cuda_h.py:27] end allocate_cuda_memory_and_load_into_gpu cost 2.945 ms
DEBUG 04-24 09:59:15.231459.231459 cuda_h.py:27] end *iln_self_attn_paln cost 3.844 ms
DEBUG 04-24 09:59:15.231979.231979 cuda_h.py:27] end gate cost 0.595 ms
DEBUG 04-24 09:59:15.232642.232642 cuda_h.py:27] end experts_map_get cost 0.326 ms
DEBUG 04-24 09:59:15.232247.232247 cuda_h.py:27] end *before experts start* cost 1.086 ms
DEBUG 04-24 09:59:15.232817.232817 cuda_h.py:27] end cpu_experts_submit_fused_mp cost 0.178 ms
DEBUG 04-24 09:59:15.235230.235230 cuda_h.py:27] end prepare_group_stack cost 0.465 ms
DEBUG 04-24 09:59:15.235827.235827 cuda_h.py:27] end prepare_group_stack cost 0.514 ms
DEBUG 04-24 09:59:15.235620.235620 cuda_h.py:27] end prepare_group_stack cost 0.555 ms
DEBUG 04-24 09:59:15.236915.236915 cuda_h.py:27] end group stack cost 0.982 ms
DEBUG 04-24 09:59:15.236984.236984 cuda_h.py:27] end move_flatidxs_group_fused_mp cost 1.635 ms
DEBUG 04-24 09:59:15.236013.236013 cuda_h.py:27] end get_fused_experts_names_w cost 0.018 ms
DEBUG 04-24 09:59:15.236031.236031 cuda_h.py:27] end group stack cost 1.257 ms
DEBUG 04-24 09:59:15.236706.236706 cuda_h.py:27] end move_flatidxs_group_fused_mp cost 2.055 ms
DEBUG 04-24 09:59:15.236364.236364 cuda_h.py:27] end get_fused_experts_names_w cost 0.021 ms
DEBUG 04-24 09:59:15.237902.237902 cuda_h.py:27] end restore_fused_tensors cost 0.375 ms
DEBUG 04-24 09:59:15.237461.237461 cuda_h.py:27] end group stack cost 1.246 ms
DEBUG 04-24 09:59:15.237716.237716 cuda_h.py:27] end group_fused_tensors_mp cost 0.856 ms
DEBUG 04-24 09:59:15.237945.237945 cuda_h.py:27] end prepare_group_stack cost 0.763 ms
DEBUG 04-24 09:59:15.237691.237691 cuda_h.py:27] end move_flatidxs_group_fused_mp cost 2.105 ms
DEBUG 04-24 09:59:15.237971.237971 cuda_h.py:27] end get_fused_experts_names_w cost 0.032 ms
DEBUG 04-24 09:59:15.237901.237901 cuda_h.py:27] end restore_fused_tensors cost 0.562 ms
DEBUG 04-24 09:59:15.237845.237845 cuda_h.py:27] end group_fused_tensors_mp cost 0.731 ms
DEBUG 04-24 09:59:15.238777.238777 cuda_h.py:27] end restore_fused_tensors cost 0.766 ms
DEBUG 04-24 09:59:15.238648.238648 cuda_h.py:27] end group_fused_tensors_mp cost 1.064 ms
DEBUG 04-24 09:59:15.240467.240467 cuda_h.py:27] end group stack cost 3.510 ms
DEBUG 04-24 09:59:15.241842.241842 cuda_h.py:27] end move_flatidxs_group_fused_mp cost 4.824 ms
DEBUG 04-24 09:59:15.241240.241240 cuda_h.py:27] end get_fused_experts_names_w cost 0.055 ms
DEBUG 04-24 09:59:15.243668.243668 cuda_h.py:27] end restore2model cost 1.516 ms
DEBUG 04-24 09:59:15.243054.243054 cuda_h.py:27] end sllm_worker_task cost 16.070 ms
DEBUG 04-24 09:59:15.243365.243365 cuda_h.py:27] end restore_fused_tensors cost 1.653 ms
DEBUG 04-24 09:59:15.243948.243948 cuda_h.py:27] end group_fused_tensors_mp cost 2.246 ms
DEBUG 04-24 09:59:15.250828.250828 mlpmodule.py:3373] [fused_group_bmm][steps] bmm1=6.524 ms split=0.078 ms act_mul=0.394 ms bmm2=5.855 ms
DEBUG 04-24 09:59:15.250396.250396 cuda_h.py:27] end fused_group_bmm cost 13.280 ms
DEBUG 04-24 09:59:15.251386.251386 cuda_h.py:27] end gather_outputs_group_fused_mp cost 0.439 ms
DEBUG 04-24 09:59:15.250986.250986 mlpmodule.py:3373] [fused_group_bmm][steps] bmm1=7.045 ms split=0.061 ms act_mul=0.486 ms bmm2=4.479 ms
DEBUG 04-24 09:59:15.251230.251230 cuda_h.py:27] end fused_group_bmm cost 12.279 ms
DEBUG 04-24 09:59:15.251683.251683 cuda_h.py:27] end cpu_experts_worker_bmm_or_einsum_0 cost 17.401 ms
DEBUG 04-24 09:59:15.251742.251742 mlpmodule.py:3373] [fused_group_bmm][steps] bmm1=8.019 ms split=0.100 ms act_mul=0.559 ms bmm2=4.728 ms
DEBUG 04-24 09:59:15.251007.251007 cuda_h.py:27] end fused_group_bmm cost 13.623 ms
DEBUG 04-24 09:59:15.251172.251172 cuda_h.py:27] end gather_outputs_group_fused_mp cost 0.407 ms
DEBUG 04-24 09:59:15.251178.251178 cuda_h.py:27] end gather_outputs_group_fused_mp cost 0.402 ms
DEBUG 04-24 09:59:15.252445.252445 cuda_h.py:27] end cpu_experts_worker_bmm_or_einsum_3 cost 17.614 ms
DEBUG 04-24 09:59:15.252878.252878 cuda_h.py:27] end cpu_experts_worker_bmm_or_einsum_1 cost 18.666 ms
DEBUG 04-24 09:59:15.255508.255508 mlpmodule.py:3373] [fused_group_bmm][steps] bmm1=7.077 ms split=0.109 ms act_mul=0.496 ms bmm2=3.302 ms
DEBUG 04-24 09:59:15.255787.255787 cuda_h.py:27] end fused_group_bmm cost 11.258 ms
DEBUG 04-24 09:59:15.256205.256205 cuda_h.py:27] end gather_outputs_group_fused_mp cost 0.657 ms
DEBUG 04-24 09:59:15.257507.257507 cuda_h.py:27] end cpu_experts_worker_bmm_or_einsum_2 cost 21.941 ms
DEBUG 04-24 09:59:15.258477.258477 cuda_h.py:27] end cpu_thread_manager_mp_wait_fused cost 24.614 ms
DEBUG 04-24 09:59:15.258038.258038 cuda_h.py:27] end *single cpu experts* cost 26.568 ms
DEBUG 04-24 09:59:15.260710.260710 sllm_store_c.py:27] get device uuid map
DEBUG 04-24 09:59:15.260410.260410 sllm_store_c.py:29] call client load into gpu
DEBUG 04-24 09:59:15.262138.262138 cuda_h.py:27] end load_into_gpu_async_fused_experts_dual cost 2.715 ms
DEBUG 04-24 09:59:15.263217.263217 cuda_h.py:27] end restore_tensors2_fused_experts_packed cost 0.091 ms
DEBUG 04-24 09:59:15.263958.263958 cuda_h.py:27] end restore_tensors2_fused_experts_slices cost 0.322 ms
DEBUG 04-24 09:59:15.263553.263553 cuda_h.py:27] end allocate_experts_cuda_memory_and_restore_model_multi_device_fused cost 4.821 ms
DEBUG 04-24 09:59:15.264377.264377 cuda_h.py:27] end gpu_sexperts cost 0.006 ms
DEBUG 04-24 09:59:15.264604.264604 cuda_h.py:27] end wait_load_qkvogn_s_weight cost 0.025 ms
DEBUG 04-24 09:59:15.277887.277887 cuda_h.py:27] end prepare_per_device_parameters cost 13.646 ms
DEBUG 04-24 09:59:15.281145.281145 cuda_h.py:27] end wait_experts_multi_device cost 3.178 ms
DEBUG 04-24 09:59:15.281369.281369 cuda_h.py:27] end *before fused experts* cost 22.486 ms
DEBUG 04-24 09:59:15.285441.285441 cuda_h.py:27] end gpu_experts_multi_device_fused cost 4.424 ms
DEBUG 04-24 09:59:15.285774.285774 cuda_h.py:27] end *gpu experts* cost 27.081 ms
DEBUG 04-24 09:59:15.286897.286897 cuda_h.py:27] end layer_moe_generate_mp_multi_device_fused_l_5 cost 54.901 ms
DEBUG 04-24 09:59:15.287151.287151 cuda_h.py:27] end *mlp cost 56.352 ms
DEBUG 04-24 09:59:15.287260.287260 cuda_h.py:27] end prefill_layer cost 60.434 ms
DEBUG 04-24 09:59:15.287208.287208 lmp.py:320] -------------------------------- end prefill layer 4 --------------------------------
DEBUG 04-24 09:59:15.287388.287388 lmp.py:273] -------------------------------- start prefill layer 5 --------------------------------
DEBUG 04-24 09:59:15.288253.288253 cuda_h.py:27] end start_load_qkvogn_s_weight_l_6 cost 0.057 ms
DEBUG 04-24 09:59:15.288491.288491 cuda_h.py:27] end allocate_cuda_memory cost 0.376 ms
DEBUG 04-24 09:59:15.288162.288162 sllm_store_c.py:27] get device uuid map
DEBUG 04-24 09:59:15.289370.289370 sllm_store_c.py:29] call client load into gpu
DEBUG 04-24 09:59:15.291322.291322 cuda_h.py:27] end load_into_gpu_async cost 2.186 ms
DEBUG 04-24 09:59:15.291962.291962 cuda_h.py:27] end restore_tensors2 cost 0.191 ms
DEBUG 04-24 09:59:15.291739.291739 cuda_h.py:27] end allocate_cuda_memory_and_load_into_gpu cost 3.528 ms
DEBUG 04-24 09:59:15.300576.300576 cuda_h.py:27] end restore2model cost 1.413 ms
DEBUG 04-24 09:59:15.300495.300495 cuda_h.py:27] end sllm_worker_task cost 12.661 ms
DEBUG 04-24 09:59:15.324247.324247 cuda_h.py:27] end **self_attn cost 34.858 ms
DEBUG 04-24 09:59:15.324404.324404 cuda_h.py:27] end *iln_self_attn_paln cost 36.796 ms
DEBUG 04-24 09:59:15.325932.325932 cuda_h.py:27] end gate cost 0.578 ms
DEBUG 04-24 09:59:15.326635.326635 cuda_h.py:27] end experts_map_get cost 0.326 ms
DEBUG 04-24 09:59:15.326233.326233 cuda_h.py:27] end *before experts start* cost 1.056 ms
DEBUG 04-24 09:59:15.326472.326472 cuda_h.py:27] end cpu_experts_submit_fused_mp cost 0.181 ms
DEBUG 04-24 09:59:15.329684.329684 cuda_h.py:27] end prepare_group_stack cost 0.618 ms
DEBUG 04-24 09:59:15.329708.329708 cuda_h.py:27] end prepare_group_stack cost 0.612 ms
DEBUG 04-24 09:59:15.330153.330153 cuda_h.py:27] end prepare_group_stack cost 0.601 ms
DEBUG 04-24 09:59:15.330837.330837 cuda_h.py:27] end group stack cost 1.601 ms
DEBUG 04-24 09:59:15.331739.331739 cuda_h.py:27] end prepare_group_stack cost 0.686 ms
DEBUG 04-24 09:59:15.331539.331539 cuda_h.py:27] end move_flatidxs_group_fused_mp cost 2.658 ms
DEBUG 04-24 09:59:15.331087.331087 cuda_h.py:27] end get_fused_experts_names_w cost 0.031 ms
DEBUG 04-24 09:59:15.331842.331842 cuda_h.py:27] end group stack cost 1.853 ms
DEBUG 04-24 09:59:15.331795.331795 cuda_h.py:27] end group stack cost 1.587 ms
DEBUG 04-24 09:59:15.332323.332323 cuda_h.py:27] end move_flatidxs_group_fused_mp cost 3.201 ms
DEBUG 04-24 09:59:15.332821.332821 cuda_h.py:27] end move_flatidxs_group_fused_mp cost 2.776 ms
DEBUG 04-24 09:59:15.332389.332389 cuda_h.py:27] end restore_fused_tensors cost 0.968 ms
DEBUG 04-24 09:59:15.332271.332271 cuda_h.py:27] end get_fused_experts_names_w cost 0.032 ms
DEBUG 04-24 09:59:15.332595.332595 cuda_h.py:27] end get_fused_experts_names_w cost 0.037 ms
DEBUG 04-24 09:59:15.332128.332128 cuda_h.py:27] end group_fused_tensors_mp cost 1.261 ms
DEBUG 04-24 09:59:15.333068.333068 cuda_h.py:27] end restore_fused_tensors cost 0.949 ms
DEBUG 04-24 09:59:15.333404.333404 cuda_h.py:27] end group stack cost 2.465 ms
DEBUG 04-24 09:59:15.333913.333913 cuda_h.py:27] end group_fused_tensors_mp cost 1.212 ms
DEBUG 04-24 09:59:15.333285.333285 cuda_h.py:27] end restore_fused_tensors cost 1.099 ms
DEBUG 04-24 09:59:15.333969.333969 cuda_h.py:27] end move_flatidxs_group_fused_mp cost 3.632 ms
DEBUG 04-24 09:59:15.334137.334137 cuda_h.py:27] end group_fused_tensors_mp cost 1.390 ms
DEBUG 04-24 09:59:15.334877.334877 cuda_h.py:27] end get_fused_experts_names_w cost 0.042 ms
DEBUG 04-24 09:59:15.336033.336033 cuda_h.py:27] end restore_fused_tensors cost 1.362 ms
DEBUG 04-24 09:59:15.336431.336431 cuda_h.py:27] end group_fused_tensors_mp cost 1.962 ms
DEBUG 04-24 09:59:15.350952.350952 mlpmodule.py:3373] [fused_group_bmm][steps] bmm1=10.783 ms split=0.097 ms act_mul=0.340 ms bmm2=4.904 ms
DEBUG 04-24 09:59:15.350553.350553 cuda_h.py:27] end fused_group_bmm cost 16.516 ms
DEBUG 04-24 09:59:15.350931.350931 mlpmodule.py:3373] [fused_group_bmm][steps] bmm1=12.310 ms split=0.080 ms act_mul=0.583 ms bmm2=4.588 ms
DEBUG 04-24 09:59:15.351671.351671 cuda_h.py:27] end gather_outputs_group_fused_mp cost 0.702 ms
DEBUG 04-24 09:59:15.351939.351939 cuda_h.py:27] end fused_group_bmm cost 18.281 ms
DEBUG 04-24 09:59:15.351764.351764 cuda_h.py:27] end cpu_experts_worker_bmm_or_einsum_3 cost 22.960 ms
DEBUG 04-24 09:59:15.352895.352895 mlpmodule.py:3373] [fused_group_bmm][steps] bmm1=10.531 ms split=0.072 ms act_mul=0.508 ms bmm2=6.515 ms
DEBUG 04-24 09:59:15.352467.352467 cuda_h.py:27] end gather_outputs_group_fused_mp cost 0.439 ms
DEBUG 04-24 09:59:15.352860.352860 cuda_h.py:27] end fused_group_bmm cost 17.798 ms
DEBUG 04-24 09:59:15.352889.352889 mlpmodule.py:3373] [fused_group_bmm][steps] bmm1=9.467 ms split=0.118 ms act_mul=0.621 ms bmm2=5.651 ms
DEBUG 04-24 09:59:15.352313.352313 cuda_h.py:27] end gather_outputs_group_fused_mp cost 0.326 ms
DEBUG 04-24 09:59:15.352996.352996 cuda_h.py:27] end fused_group_bmm cost 16.111 ms
DEBUG 04-24 09:59:15.352648.352648 cuda_h.py:27] end cpu_experts_worker_bmm_or_einsum_0 cost 24.892 ms
DEBUG 04-24 09:59:15.353829.353829 cuda_h.py:27] end cpu_experts_worker_bmm_or_einsum_1 cost 24.460 ms
DEBUG 04-24 09:59:15.353266.353266 cuda_h.py:27] end gather_outputs_group_fused_mp cost 0.575 ms
DEBUG 04-24 09:59:15.353345.353345 cuda_h.py:27] end cpu_experts_worker_bmm_or_einsum_2 cost 24.076 ms
DEBUG 04-24 09:59:15.355254.355254 cuda_h.py:27] end cpu_thread_manager_mp_wait_fused cost 27.078 ms
DEBUG 04-24 09:59:15.356101.356101 cuda_h.py:27] end *single cpu experts* cost 29.856 ms
DEBUG 04-24 09:59:15.357745.357745 sllm_store_c.py:27] get device uuid map
DEBUG 04-24 09:59:15.357723.357723 sllm_store_c.py:29] call client load into gpu
DEBUG 04-24 09:59:15.360358.360358 cuda_h.py:27] end load_into_gpu_async_fused_experts_dual cost 2.882 ms
DEBUG 04-24 09:59:15.360118.360118 cuda_h.py:27] end restore_tensors2_fused_experts_packed cost 0.070 ms
DEBUG 04-24 09:59:15.360604.360604 cuda_h.py:27] end restore_tensors2_fused_experts_slices cost 0.285 ms
DEBUG 04-24 09:59:15.360944.360944 cuda_h.py:27] end allocate_experts_cuda_memory_and_restore_model_multi_device_fused cost 4.746 ms
DEBUG 04-24 09:59:15.361348.361348 cuda_h.py:27] end gpu_sexperts cost 0.006 ms
DEBUG 04-24 09:59:15.361721.361721 cuda_h.py:27] end wait_load_qkvogn_s_weight cost 0.028 ms
DEBUG 04-24 09:59:15.374035.374035 cuda_h.py:27] end prepare_per_device_parameters cost 13.579 ms
DEBUG 04-24 09:59:15.377040.377040 cuda_h.py:27] end wait_experts_multi_device cost 2.970 ms
DEBUG 04-24 09:59:15.378082.378082 cuda_h.py:27] end *before fused experts* cost 21.921 ms
DEBUG 04-24 09:59:15.382378.382378 cuda_h.py:27] end gpu_experts_multi_device_fused cost 4.461 ms
DEBUG 04-24 09:59:15.382241.382241 cuda_h.py:27] end *gpu experts* cost 26.500 ms
DEBUG 04-24 09:59:15.382952.382952 cuda_h.py:27] end layer_moe_generate_mp_multi_device_fused_l_6 cost 57.556 ms
DEBUG 04-24 09:59:15.384121.384121 cuda_h.py:27] end *mlp cost 59.225 ms
DEBUG 04-24 09:59:15.384952.384952 cuda_h.py:27] end prefill_layer cost 96.727 ms
DEBUG 04-24 09:59:15.384800.384800 lmp.py:320] -------------------------------- end prefill layer 5 --------------------------------
DEBUG 04-24 09:59:15.384119.384119 lmp.py:273] -------------------------------- start prefill layer 6 --------------------------------
DEBUG 04-24 09:59:15.384907.384907 cuda_h.py:27] end start_load_qkvogn_s_weight_l_7 cost 0.077 ms
DEBUG 04-24 09:59:15.385777.385777 cuda_h.py:27] end allocate_cuda_memory cost 0.260 ms
DEBUG 04-24 09:59:15.385362.385362 sllm_store_c.py:27] get device uuid map
DEBUG 04-24 09:59:15.385333.385333 sllm_store_c.py:29] call client load into gpu
DEBUG 04-24 09:59:15.387665.387665 cuda_h.py:27] end **self_attn cost 1.524 ms
DEBUG 04-24 09:59:15.387740.387740 cuda_h.py:27] end load_into_gpu_async cost 1.979 ms
DEBUG 04-24 09:59:15.387988.387988 cuda_h.py:27] end restore_tensors2 cost 0.115 ms
DEBUG 04-24 09:59:15.387977.387977 cuda_h.py:27] end allocate_cuda_memory_and_load_into_gpu cost 2.956 ms
DEBUG 04-24 09:59:15.388643.388643 cuda_h.py:27] end *iln_self_attn_paln cost 3.268 ms
DEBUG 04-24 09:59:15.388847.388847 cuda_h.py:27] end gate cost 0.632 ms
DEBUG 04-24 09:59:15.389820.389820 cuda_h.py:27] end experts_map_get cost 0.310 ms
DEBUG 04-24 09:59:15.389133.389133 cuda_h.py:27] end *before experts start* cost 1.101 ms
DEBUG 04-24 09:59:15.389306.389306 cuda_h.py:27] end cpu_experts_submit_fused_mp cost 0.168 ms
DEBUG 04-24 09:59:15.391382.391382 cuda_h.py:27] end prepare_group_stack cost 0.443 ms
DEBUG 04-24 09:59:15.392644.392644 cuda_h.py:27] end group stack cost 1.012 ms
DEBUG 04-24 09:59:15.392670.392670 cuda_h.py:27] end prepare_group_stack cost 0.531 ms
DEBUG 04-24 09:59:15.392919.392919 cuda_h.py:27] end move_flatidxs_group_fused_mp cost 1.665 ms
DEBUG 04-24 09:59:15.393106.393106 cuda_h.py:27] end get_fused_experts_names_w cost 0.018 ms
DEBUG 04-24 09:59:15.393546.393546 cuda_h.py:27] end restore_fused_tensors cost 0.455 ms
DEBUG 04-24 09:59:15.393542.393542 cuda_h.py:27] end group_fused_tensors_mp cost 0.763 ms
DEBUG 04-24 09:59:15.393640.393640 cuda_h.py:27] end prepare_group_stack cost 0.428 ms
DEBUG 04-24 09:59:15.393001.393001 cuda_h.py:27] end prepare_group_stack cost 0.459 ms
DEBUG 04-24 09:59:15.394507.394507 cuda_h.py:27] end group stack cost 1.531 ms
DEBUG 04-24 09:59:15.394738.394738 cuda_h.py:27] end group stack cost 0.856 ms
DEBUG 04-24 09:59:15.394522.394522 cuda_h.py:27] end move_flatidxs_group_fused_mp cost 1.484 ms
DEBUG 04-24 09:59:15.394071.394071 cuda_h.py:27] end move_flatidxs_group_fused_mp cost 2.467 ms
DEBUG 04-24 09:59:15.394412.394412 cuda_h.py:27] end get_fused_experts_names_w cost 0.020 ms
DEBUG 04-24 09:59:15.394289.394289 cuda_h.py:27] end get_fused_experts_names_w cost 0.039 ms
DEBUG 04-24 09:59:15.395916.395916 cuda_h.py:27] end restore_fused_tensors cost 0.571 ms
DEBUG 04-24 09:59:15.395135.395135 cuda_h.py:27] end group stack cost 1.335 ms
DEBUG 04-24 09:59:15.395602.395602 cuda_h.py:27] end group_fused_tensors_mp cost 0.761 ms
DEBUG 04-24 09:59:15.395426.395426 cuda_h.py:27] end move_flatidxs_group_fused_mp cost 2.305 ms
DEBUG 04-24 09:59:15.395562.395562 cuda_h.py:27] end get_fused_experts_names_w cost 0.025 ms
DEBUG 04-24 09:59:15.396860.396860 cuda_h.py:27] end restore_fused_tensors cost 1.112 ms
DEBUG 04-24 09:59:15.396865.396865 cuda_h.py:27] end group_fused_tensors_mp cost 1.629 ms
DEBUG 04-24 09:59:15.397345.397345 cuda_h.py:27] end restore_fused_tensors cost 1.131 ms
DEBUG 04-24 09:59:15.397533.397533 cuda_h.py:27] end restore2model cost 1.833 ms
DEBUG 04-24 09:59:15.397582.397582 cuda_h.py:27] end group_fused_tensors_mp cost 1.622 ms
DEBUG 04-24 09:59:15.397035.397035 cuda_h.py:27] end sllm_worker_task cost 12.391 ms
DEBUG 04-24 09:59:15.406240.406240 mlpmodule.py:3373] [fused_group_bmm][steps] bmm1=6.778 ms split=0.160 ms act_mul=0.714 ms bmm2=3.143 ms
DEBUG 04-24 09:59:15.406444.406444 cuda_h.py:27] end fused_group_bmm cost 11.004 ms
DEBUG 04-24 09:59:15.407445.407445 cuda_h.py:27] end gather_outputs_group_fused_mp cost 0.382 ms
DEBUG 04-24 09:59:15.407229.407229 mlpmodule.py:3373] [fused_group_bmm][steps] bmm1=8.474 ms split=0.118 ms act_mul=0.454 ms bmm2=4.786 ms
DEBUG 04-24 09:59:15.407174.407174 cuda_h.py:27] end cpu_experts_worker_bmm_or_einsum_3 cost 15.691 ms
DEBUG 04-24 09:59:15.407785.407785 cuda_h.py:27] end fused_group_bmm cost 14.077 ms
DEBUG 04-24 09:59:15.408125.408125 mlpmodule.py:3373] [fused_group_bmm][steps] bmm1=6.813 ms split=0.129 ms act_mul=0.519 ms bmm2=3.788 ms
DEBUG 04-24 09:59:15.408553.408553 cuda_h.py:27] end fused_group_bmm cost 11.598 ms
DEBUG 04-24 09:59:15.408085.408085 cuda_h.py:27] end gather_outputs_group_fused_mp cost 0.419 ms
DEBUG 04-24 09:59:15.408096.408096 mlpmodule.py:3373] [fused_group_bmm][steps] bmm1=7.395 ms split=0.107 ms act_mul=0.351 ms bmm2=3.318 ms
DEBUG 04-24 09:59:15.408360.408360 cuda_h.py:27] end fused_group_bmm cost 11.352 ms
DEBUG 04-24 09:59:15.409643.409643 cuda_h.py:27] end cpu_experts_worker_bmm_or_einsum_0 cost 18.732 ms
DEBUG 04-24 09:59:15.409526.409526 cuda_h.py:27] end gather_outputs_group_fused_mp cost 0.605 ms
DEBUG 04-24 09:59:15.409177.409177 cuda_h.py:27] end cpu_experts_worker_bmm_or_einsum_2 cost 18.042 ms
DEBUG 04-24 09:59:15.409628.409628 cuda_h.py:27] end gather_outputs_group_fused_mp cost 0.376 ms
DEBUG 04-24 09:59:15.409422.409422 cuda_h.py:27] end cpu_experts_worker_bmm_or_einsum_1 cost 17.741 ms
DEBUG 04-24 09:59:15.410488.410488 cuda_h.py:27] end cpu_thread_manager_mp_wait_fused cost 19.706 ms
DEBUG 04-24 09:59:15.411718.411718 cuda_h.py:27] end *single cpu experts* cost 21.783 ms
DEBUG 04-24 09:59:15.412874.412874 sllm_store_c.py:27] get device uuid map
DEBUG 04-24 09:59:15.412487.412487 sllm_store_c.py:29] call client load into gpu
DEBUG 04-24 09:59:15.414312.414312 cuda_h.py:27] end load_into_gpu_async_fused_experts_dual cost 2.612 ms
DEBUG 04-24 09:59:15.414297.414297 cuda_h.py:27] end restore_tensors2_fused_experts_packed cost 0.069 ms
DEBUG 04-24 09:59:15.415431.415431 cuda_h.py:27] end restore_tensors2_fused_experts_slices cost 0.266 ms
DEBUG 04-24 09:59:15.415348.415348 cuda_h.py:27] end allocate_experts_cuda_memory_and_restore_model_multi_device_fused cost 4.318 ms
DEBUG 04-24 09:59:15.415747.415747 cuda_h.py:27] end gpu_sexperts cost 0.007 ms
DEBUG 04-24 09:59:15.415968.415968 cuda_h.py:27] end wait_load_qkvogn_s_weight cost 0.024 ms
DEBUG 04-24 09:59:15.429933.429933 cuda_h.py:27] end prepare_per_device_parameters cost 14.036 ms
DEBUG 04-24 09:59:15.432556.432556 cuda_h.py:27] end wait_experts_multi_device cost 2.650 ms
DEBUG 04-24 09:59:15.432121.432121 cuda_h.py:27] end *before fused experts* cost 21.679 ms
DEBUG 04-24 09:59:15.437771.437771 cuda_h.py:27] end gpu_experts_multi_device_fused cost 4.548 ms
DEBUG 04-24 09:59:15.437496.437496 cuda_h.py:27] end *gpu experts* cost 26.345 ms
DEBUG 04-24 09:59:15.437591.437591 cuda_h.py:27] end layer_moe_generate_mp_multi_device_fused_l_7 cost 49.366 ms
DEBUG 04-24 09:59:15.439404.439404 cuda_h.py:27] end *mlp cost 50.914 ms
DEBUG 04-24 09:59:15.439003.439003 cuda_h.py:27] end prefill_layer cost 54.688 ms
DEBUG 04-24 09:59:15.439898.439898 lmp.py:320] -------------------------------- end prefill layer 6 --------------------------------
DEBUG 04-24 09:59:15.439025.439025 lmp.py:273] -------------------------------- start prefill layer 7 --------------------------------
DEBUG 04-24 09:59:15.439173.439173 cuda_h.py:27] end start_load_qkvogn_s_weight_l_8 cost 0.040 ms
DEBUG 04-24 09:59:15.439463.439463 cuda_h.py:27] end allocate_cuda_memory cost 0.367 ms
DEBUG 04-24 09:59:15.440633.440633 sllm_store_c.py:27] get device uuid map
DEBUG 04-24 09:59:15.440318.440318 sllm_store_c.py:29] call client load into gpu
DEBUG 04-24 09:59:15.442383.442383 cuda_h.py:27] end load_into_gpu_async cost 2.025 ms
DEBUG 04-24 09:59:15.442178.442178 cuda_h.py:27] end restore_tensors2 cost 0.104 ms
DEBUG 04-24 09:59:15.442909.442909 cuda_h.py:27] end **self_attn cost 1.560 ms
DEBUG 04-24 09:59:15.442223.442223 cuda_h.py:27] end allocate_cuda_memory_and_load_into_gpu cost 2.973 ms
DEBUG 04-24 09:59:15.442145.442145 cuda_h.py:27] end *iln_self_attn_paln cost 3.562 ms
DEBUG 04-24 09:59:15.443526.443526 cuda_h.py:27] end gate cost 0.514 ms
DEBUG 04-24 09:59:15.443951.443951 cuda_h.py:27] end experts_map_get cost 0.315 ms
DEBUG 04-24 09:59:15.444171.444171 cuda_h.py:27] end *before experts start* cost 1.002 ms
DEBUG 04-24 09:59:15.444615.444615 cuda_h.py:27] end cpu_experts_submit_fused_mp cost 0.157 ms
DEBUG 04-24 09:59:15.447331.447331 cuda_h.py:27] end prepare_group_stack cost 0.421 ms
DEBUG 04-24 09:59:15.447642.447642 cuda_h.py:27] end prepare_group_stack cost 0.723 ms
DEBUG 04-24 09:59:15.448683.448683 cuda_h.py:27] end group stack cost 0.905 ms
DEBUG 04-24 09:59:15.448711.448711 cuda_h.py:27] end move_flatidxs_group_fused_mp cost 1.699 ms
DEBUG 04-24 09:59:15.448616.448616 cuda_h.py:27] end get_fused_experts_names_w cost 0.026 ms
DEBUG 04-24 09:59:15.448194.448194 cuda_h.py:27] end prepare_group_stack cost 0.649 ms
DEBUG 04-24 09:59:15.448844.448844 cuda_h.py:27] end prepare_group_stack cost 0.719 ms
DEBUG 04-24 09:59:15.448424.448424 cuda_h.py:27] end restore_fused_tensors cost 0.389 ms
DEBUG 04-24 09:59:15.448823.448823 cuda_h.py:27] end group_fused_tensors_mp cost 0.498 ms
DEBUG 04-24 09:59:15.449253.449253 cuda_h.py:27] end group stack cost 1.867 ms
DEBUG 04-24 09:59:15.449120.449120 cuda_h.py:27] end move_flatidxs_group_fused_mp cost 2.965 ms
DEBUG 04-24 09:59:15.449335.449335 cuda_h.py:27] end group stack cost 1.054 ms
DEBUG 04-24 09:59:15.449237.449237 cuda_h.py:27] end get_fused_experts_names_w cost 0.034 ms
DEBUG 04-24 09:59:15.450465.450465 cuda_h.py:27] end move_flatidxs_group_fused_mp cost 2.243 ms
DEBUG 04-24 09:59:15.450511.450511 cuda_h.py:27] end get_fused_experts_names_w cost 0.025 ms
DEBUG 04-24 09:59:15.450437.450437 cuda_h.py:27] end group stack cost 1.485 ms
DEBUG 04-24 09:59:15.450019.450019 cuda_h.py:27] end move_flatidxs_group_fused_mp cost 2.803 ms
DEBUG 04-24 09:59:15.450776.450776 cuda_h.py:27] end restore2model cost 1.045 ms
DEBUG 04-24 09:59:15.450725.450725 cuda_h.py:27] end get_fused_experts_names_w cost 0.032 ms
DEBUG 04-24 09:59:15.450600.450600 cuda_h.py:27] end sllm_worker_task cost 11.475 ms
DEBUG 04-24 09:59:15.450442.450442 cuda_h.py:27] end restore_fused_tensors cost 0.910 ms
DEBUG 04-24 09:59:15.450676.450676 cuda_h.py:27] end restore_fused_tensors cost 0.734 ms
DEBUG 04-24 09:59:15.451962.451962 cuda_h.py:27] end group_fused_tensors_mp cost 1.137 ms
DEBUG 04-24 09:59:15.451392.451392 cuda_h.py:27] end group_fused_tensors_mp cost 1.029 ms
DEBUG 04-24 09:59:15.451900.451900 cuda_h.py:27] end restore_fused_tensors cost 0.993 ms
DEBUG 04-24 09:59:15.452467.452467 cuda_h.py:27] end group_fused_tensors_mp cost 1.422 ms
DEBUG 04-24 09:59:15.460287.460287 mlpmodule.py:3373] [fused_group_bmm][steps] bmm1=4.742 ms split=0.092 ms act_mul=1.051 ms bmm2=5.464 ms
DEBUG 04-24 09:59:15.460346.460346 cuda_h.py:27] end fused_group_bmm cost 11.563 ms
DEBUG 04-24 09:59:15.460791.460791 cuda_h.py:27] end gather_outputs_group_fused_mp cost 0.391 ms
DEBUG 04-24 09:59:15.461414.461414 cuda_h.py:27] end cpu_experts_worker_bmm_or_einsum_3 cost 15.991 ms
DEBUG 04-24 09:59:15.466396.466396 mlpmodule.py:3373] [fused_group_bmm][steps] bmm1=8.162 ms split=0.092 ms act_mul=0.365 ms bmm2=5.424 ms
DEBUG 04-24 09:59:15.466945.466945 cuda_h.py:27] end fused_group_bmm cost 14.266 ms
DEBUG 04-24 09:59:15.467531.467531 cuda_h.py:27] end gather_outputs_group_fused_mp cost 0.452 ms
DEBUG 04-24 09:59:15.467893.467893 mlpmodule.py:3373] [fused_group_bmm][steps] bmm1=9.400 ms split=0.116 ms act_mul=0.563 ms bmm2=5.703 ms
DEBUG 04-24 09:59:15.467583.467583 cuda_h.py:27] end fused_group_bmm cost 16.050 ms
DEBUG 04-24 09:59:15.467752.467752 mlpmodule.py:3373] [fused_group_bmm][steps] bmm1=9.371 ms split=0.076 ms act_mul=0.501 ms bmm2=5.976 ms
DEBUG 04-24 09:59:15.467000.467000 cuda_h.py:27] end cpu_experts_worker_bmm_or_einsum_1 cost 21.062 ms
DEBUG 04-24 09:59:15.467654.467654 cuda_h.py:27] end fused_group_bmm cost 16.369 ms
DEBUG 04-24 09:59:15.468542.468542 cuda_h.py:27] end gather_outputs_group_fused_mp cost 0.358 ms
DEBUG 04-24 09:59:15.468548.468548 cuda_h.py:27] end gather_outputs_group_fused_mp cost 0.609 ms
DEBUG 04-24 09:59:15.468667.468667 cuda_h.py:27] end cpu_experts_worker_bmm_or_einsum_0 cost 22.168 ms
DEBUG 04-24 09:59:15.468332.468332 cuda_h.py:27] end cpu_experts_worker_bmm_or_einsum_2 cost 23.351 ms
DEBUG 04-24 09:59:15.471651.471651 cuda_h.py:27] end cpu_thread_manager_mp_wait_fused cost 25.433 ms
DEBUG 04-24 09:59:15.471191.471191 cuda_h.py:27] end *single cpu experts* cost 27.641 ms
DEBUG 04-24 09:59:15.473979.473979 sllm_store_c.py:27] get device uuid map
DEBUG 04-24 09:59:15.474382.474382 sllm_store_c.py:29] call client load into gpu
DEBUG 04-24 09:59:15.477305.477305 cuda_h.py:27] end load_into_gpu_async_fused_experts_dual cost 3.232 ms
DEBUG 04-24 09:59:15.477373.477373 cuda_h.py:27] end restore_tensors2_fused_experts_packed cost 0.124 ms
DEBUG 04-24 09:59:15.478330.478330 cuda_h.py:27] end restore_tensors2_fused_experts_slices cost 0.575 ms
DEBUG 04-24 09:59:15.478508.478508 cuda_h.py:27] end allocate_experts_cuda_memory_and_restore_model_multi_device_fused cost 6.312 ms
DEBUG 04-24 09:59:15.478891.478891 cuda_h.py:27] end gpu_sexperts cost 0.008 ms
DEBUG 04-24 09:59:15.478093.478093 cuda_h.py:27] end wait_load_qkvogn_s_weight cost 0.034 ms
DEBUG 04-24 09:59:15.493236.493236 cuda_h.py:27] end prepare_per_device_parameters cost 13.986 ms
DEBUG 04-24 09:59:15.495830.495830 cuda_h.py:27] end wait_experts_multi_device cost 2.205 ms
DEBUG 04-24 09:59:15.495018.495018 cuda_h.py:27] end *before fused experts* cost 23.350 ms
DEBUG 04-24 09:59:15.499013.499013 cuda_h.py:27] end gpu_experts_multi_device_fused cost 4.344 ms
DEBUG 04-24 09:59:15.499922.499922 cuda_h.py:27] end *gpu experts* cost 27.811 ms
DEBUG 04-24 09:59:15.499640.499640 cuda_h.py:27] end layer_moe_generate_mp_multi_device_fused_l_8 cost 56.930 ms
DEBUG 04-24 09:59:15.501731.501731 cuda_h.py:27] end *mlp cost 58.471 ms
DEBUG 04-24 09:59:15.501483.501483 cuda_h.py:27] end prefill_layer cost 62.345 ms
DEBUG 04-24 09:59:15.501332.501332 lmp.py:320] -------------------------------- end prefill layer 7 --------------------------------
DEBUG 04-24 09:59:15.501935.501935 lmp.py:273] -------------------------------- start prefill layer 8 --------------------------------
DEBUG 04-24 09:59:15.501468.501468 cuda_h.py:27] end start_load_qkvogn_s_weight_l_9 cost 0.042 ms
DEBUG 04-24 09:59:15.502850.502850 cuda_h.py:27] end allocate_cuda_memory cost 0.482 ms
DEBUG 04-24 09:59:15.502019.502019 sllm_store_c.py:27] get device uuid map
DEBUG 04-24 09:59:15.503177.503177 sllm_store_c.py:29] call client load into gpu
DEBUG 04-24 09:59:15.504952.504952 cuda_h.py:27] end **self_attn cost 1.720 ms
DEBUG 04-24 09:59:15.504013.504013 cuda_h.py:27] end *iln_self_attn_paln cost 3.296 ms
DEBUG 04-24 09:59:15.505387.505387 cuda_h.py:27] end load_into_gpu_async cost 2.475 ms
DEBUG 04-24 09:59:15.505181.505181 cuda_h.py:27] end restore_tensors2 cost 0.207 ms
DEBUG 04-24 09:59:15.505140.505140 cuda_h.py:27] end allocate_cuda_memory_and_load_into_gpu cost 4.114 ms
DEBUG 04-24 09:59:15.506219.506219 cuda_h.py:27] end gate cost 1.206 ms
DEBUG 04-24 09:59:15.507626.507626 cuda_h.py:27] end experts_map_get cost 0.322 ms
DEBUG 04-24 09:59:15.507992.507992 cuda_h.py:27] end *before experts start* cost 1.764 ms
DEBUG 04-24 09:59:15.507310.507310 cuda_h.py:27] end cpu_experts_submit_fused_mp cost 0.170 ms
DEBUG 04-24 09:59:15.508671.508671 cuda_h.py:27] end prepare_group_stack cost 0.482 ms
DEBUG 04-24 09:59:15.509838.509838 cuda_h.py:27] end prepare_group_stack cost 0.498 ms
DEBUG 04-24 09:59:15.509959.509959 cuda_h.py:27] end prepare_group_stack cost 0.396 ms
DEBUG 04-24 09:59:15.510959.510959 cuda_h.py:27] end group stack cost 1.157 ms
DEBUG 04-24 09:59:15.510554.510554 cuda_h.py:27] end prepare_group_stack cost 0.548 ms
DEBUG 04-24 09:59:15.510228.510228 cuda_h.py:27] end move_flatidxs_group_fused_mp cost 1.891 ms
DEBUG 04-24 09:59:15.510556.510556 cuda_h.py:27] end get_fused_experts_names_w cost 0.022 ms
DEBUG 04-24 09:59:15.510951.510951 cuda_h.py:27] end group stack cost 1.123 ms
DEBUG 04-24 09:59:15.510420.510420 cuda_h.py:27] end move_flatidxs_group_fused_mp cost 1.924 ms
DEBUG 04-24 09:59:15.510169.510169 cuda_h.py:27] end group stack cost 1.685 ms
DEBUG 04-24 09:59:15.510019.510019 cuda_h.py:27] end get_fused_experts_names_w cost 0.022 ms
DEBUG 04-24 09:59:15.511712.511712 cuda_h.py:27] end restore_fused_tensors cost 0.462 ms
DEBUG 04-24 09:59:15.511573.511573 cuda_h.py:27] end move_flatidxs_group_fused_mp cost 2.703 ms
DEBUG 04-24 09:59:15.511245.511245 cuda_h.py:27] end group_fused_tensors_mp cost 0.817 ms
DEBUG 04-24 09:59:15.511107.511107 cuda_h.py:27] end get_fused_experts_names_w cost 0.032 ms
DEBUG 04-24 09:59:15.511997.511997 cuda_h.py:27] end restore_fused_tensors cost 0.413 ms
DEBUG 04-24 09:59:15.511016.511016 cuda_h.py:27] end group_fused_tensors_mp cost 1.106 ms
DEBUG 04-24 09:59:15.512225.512225 cuda_h.py:27] end group stack cost 1.672 ms
DEBUG 04-24 09:59:15.512330.512330 cuda_h.py:27] end move_flatidxs_group_fused_mp cost 2.585 ms
DEBUG 04-24 09:59:15.512635.512635 cuda_h.py:27] end restore_fused_tensors cost 0.828 ms
DEBUG 04-24 09:59:15.512585.512585 cuda_h.py:27] end group_fused_tensors_mp cost 1.056 ms
DEBUG 04-24 09:59:15.512525.512525 cuda_h.py:27] end get_fused_experts_names_w cost 0.032 ms
DEBUG 04-24 09:59:15.513545.513545 cuda_h.py:27] end restore_fused_tensors cost 1.141 ms
DEBUG 04-24 09:59:15.514391.514391 cuda_h.py:27] end group_fused_tensors_mp cost 1.554 ms
DEBUG 04-24 09:59:15.514166.514166 cuda_h.py:27] end restore2model cost 1.814 ms
DEBUG 04-24 09:59:15.514829.514829 cuda_h.py:27] end sllm_worker_task cost 12.634 ms
DEBUG 04-24 09:59:15.526943.526943 mlpmodule.py:3373] [fused_group_bmm][steps] bmm1=9.528 ms split=0.105 ms act_mul=0.395 ms bmm2=5.162 ms
DEBUG 04-24 09:59:15.526935.526935 mlpmodule.py:3373] [fused_group_bmm][steps] bmm1=9.024 ms split=0.084 ms act_mul=0.394 ms bmm2=5.105 ms
DEBUG 04-24 09:59:15.526082.526082 cuda_h.py:27] end fused_group_bmm cost 15.418 ms
DEBUG 04-24 09:59:15.527334.527334 cuda_h.py:27] end fused_group_bmm cost 14.902 ms
DEBUG 04-24 09:59:15.527938.527938 cuda_h.py:27] end gather_outputs_group_fused_mp cost 0.533 ms
DEBUG 04-24 09:59:15.527176.527176 cuda_h.py:27] end gather_outputs_group_fused_mp cost 0.545 ms
DEBUG 04-24 09:59:15.527201.527201 mlpmodule.py:3373] [fused_group_bmm][steps] bmm1=9.319 ms split=0.132 ms act_mul=0.374 ms bmm2=5.225 ms
DEBUG 04-24 09:59:15.528192.528192 cuda_h.py:27] end cpu_experts_worker_bmm_or_einsum_3 cost 19.451 ms
DEBUG 04-24 09:59:15.528383.528383 mlpmodule.py:3373] [fused_group_bmm][steps] bmm1=8.329 ms split=0.096 ms act_mul=0.431 ms bmm2=4.904 ms
DEBUG 04-24 09:59:15.528670.528670 cuda_h.py:27] end cpu_experts_worker_bmm_or_einsum_1 cost 19.834 ms
DEBUG 04-24 09:59:15.528996.528996 cuda_h.py:27] end fused_group_bmm cost 15.322 ms
DEBUG 04-24 09:59:15.528302.528302 cuda_h.py:27] end fused_group_bmm cost 13.936 ms
DEBUG 04-24 09:59:15.528759.528759 cuda_h.py:27] end gather_outputs_group_fused_mp cost 0.361 ms
DEBUG 04-24 09:59:15.528484.528484 cuda_h.py:27] end gather_outputs_group_fused_mp cost 0.650 ms
DEBUG 04-24 09:59:15.529219.529219 cuda_h.py:27] end cpu_experts_worker_bmm_or_einsum_2 cost 20.775 ms
DEBUG 04-24 09:59:15.529556.529556 cuda_h.py:27] end cpu_experts_worker_bmm_or_einsum_0 cost 19.924 ms
DEBUG 04-24 09:59:15.530796.530796 cuda_h.py:27] end cpu_thread_manager_mp_wait_fused cost 21.641 ms
DEBUG 04-24 09:59:15.530105.530105 cuda_h.py:27] end *single cpu experts* cost 23.718 ms
DEBUG 04-24 09:59:15.531857.531857 sllm_store_c.py:27] get device uuid map
DEBUG 04-24 09:59:15.532046.532046 sllm_store_c.py:29] call client load into gpu
DEBUG 04-24 09:59:15.534131.534131 cuda_h.py:27] end load_into_gpu_async_fused_experts_dual cost 2.240 ms
DEBUG 04-24 09:59:15.534666.534666 cuda_h.py:27] end restore_tensors2_fused_experts_packed cost 0.072 ms
DEBUG 04-24 09:59:15.534951.534951 cuda_h.py:27] end restore_tensors2_fused_experts_slices cost 0.287 ms
DEBUG 04-24 09:59:15.535629.535629 cuda_h.py:27] end allocate_experts_cuda_memory_and_restore_model_multi_device_fused cost 4.130 ms
DEBUG 04-24 09:59:15.535822.535822 cuda_h.py:27] end gpu_sexperts cost 0.005 ms
DEBUG 04-24 09:59:15.535605.535605 cuda_h.py:27] end wait_load_qkvogn_s_weight cost 0.017 ms
DEBUG 04-24 09:59:15.548042.548042 cuda_h.py:27] end prepare_per_device_parameters cost 13.641 ms
DEBUG 04-24 09:59:15.550384.550384 cuda_h.py:27] end wait_experts_multi_device cost 1.235 ms
DEBUG 04-24 09:59:15.550936.550936 cuda_h.py:27] end *before fused experts* cost 19.427 ms
DEBUG 04-24 09:59:15.554001.554001 cuda_h.py:27] end gpu_experts_multi_device_fused cost 4.083 ms
DEBUG 04-24 09:59:15.554910.554910 cuda_h.py:27] end *gpu experts* cost 23.623 ms
DEBUG 04-24 09:59:15.554966.554966 cuda_h.py:27] end layer_moe_generate_mp_multi_device_fused_l_9 cost 49.251 ms
DEBUG 04-24 09:59:15.556526.556526 cuda_h.py:27] end *mlp cost 50.752 ms
DEBUG 04-24 09:59:15.556377.556377 cuda_h.py:27] end prefill_layer cost 54.537 ms
DEBUG 04-24 09:59:15.556372.556372 lmp.py:320] -------------------------------- end prefill layer 8 --------------------------------
DEBUG 04-24 09:59:15.556167.556167 lmp.py:273] -------------------------------- start prefill layer 9 --------------------------------
DEBUG 04-24 09:59:15.556686.556686 cuda_h.py:27] end start_load_qkvogn_s_weight_l_10 cost 0.036 ms
DEBUG 04-24 09:59:15.556907.556907 cuda_h.py:27] end allocate_cuda_memory cost 0.333 ms
DEBUG 04-24 09:59:15.557956.557956 sllm_store_c.py:27] get device uuid map
DEBUG 04-24 09:59:15.557595.557595 sllm_store_c.py:29] call client load into gpu
DEBUG 04-24 09:59:15.559879.559879 cuda_h.py:27] end load_into_gpu_async cost 2.044 ms
DEBUG 04-24 09:59:15.559239.559239 cuda_h.py:27] end restore_tensors2 cost 0.121 ms
DEBUG 04-24 09:59:15.559502.559502 cuda_h.py:27] end allocate_cuda_memory_and_load_into_gpu cost 3.129 ms
DEBUG 04-24 09:59:15.559868.559868 cuda_h.py:27] end **self_attn cost 1.944 ms
DEBUG 04-24 09:59:15.560309.560309 cuda_h.py:27] end *iln_self_attn_paln cost 3.798 ms
DEBUG 04-24 09:59:15.560113.560113 cuda_h.py:27] end gate cost 0.494 ms
DEBUG 04-24 09:59:15.561862.561862 cuda_h.py:27] end experts_map_get cost 0.326 ms
DEBUG 04-24 09:59:15.561599.561599 cuda_h.py:27] end *before experts start* cost 0.968 ms
DEBUG 04-24 09:59:15.561288.561288 cuda_h.py:27] end cpu_experts_submit_fused_mp cost 0.164 ms
DEBUG 04-24 09:59:15.565957.565957 cuda_h.py:27] end prepare_group_stack cost 0.522 ms
DEBUG 04-24 09:59:15.565162.565162 cuda_h.py:27] end prepare_group_stack cost 0.618 ms
DEBUG 04-24 09:59:15.565553.565553 cuda_h.py:27] end prepare_group_stack cost 0.583 ms
DEBUG 04-24 09:59:15.565989.565989 cuda_h.py:27] end prepare_group_stack cost 0.702 ms
DEBUG 04-24 09:59:15.566787.566787 cuda_h.py:27] end group stack cost 1.111 ms
DEBUG 04-24 09:59:15.566579.566579 cuda_h.py:27] end move_flatidxs_group_fused_mp cost 1.917 ms
DEBUG 04-24 09:59:15.566794.566794 cuda_h.py:27] end get_fused_experts_names_w cost 0.023 ms
DEBUG 04-24 09:59:15.567181.567181 cuda_h.py:27] end restore2model cost 0.847 ms
DEBUG 04-24 09:59:15.567540.567540 cuda_h.py:27] end sllm_worker_task cost 10.988 ms
DEBUG 04-24 09:59:15.567657.567657 cuda_h.py:27] end group stack cost 1.756 ms
DEBUG 04-24 09:59:15.567709.567709 cuda_h.py:27] end restore_fused_tensors cost 0.614 ms
DEBUG 04-24 09:59:15.567702.567702 cuda_h.py:27] end group stack cost 1.858 ms
DEBUG 04-24 09:59:15.567983.567983 cuda_h.py:27] end group_fused_tensors_mp cost 0.939 ms
DEBUG 04-24 09:59:15.567641.567641 cuda_h.py:27] end move_flatidxs_group_fused_mp cost 2.898 ms
DEBUG 04-24 09:59:15.567437.567437 cuda_h.py:27] end move_flatidxs_group_fused_mp cost 2.881 ms
DEBUG 04-24 09:59:15.568479.568479 cuda_h.py:27] end get_fused_experts_names_w cost 0.034 ms
DEBUG 04-24 09:59:15.568877.568877 cuda_h.py:27] end get_fused_experts_names_w cost 0.033 ms
DEBUG 04-24 09:59:15.568366.568366 cuda_h.py:27] end group stack cost 2.424 ms
DEBUG 04-24 09:59:15.568719.568719 cuda_h.py:27] end move_flatidxs_group_fused_mp cost 3.727 ms
DEBUG 04-24 09:59:15.569200.569200 cuda_h.py:27] end get_fused_experts_names_w cost 0.054 ms
DEBUG 04-24 09:59:15.569100.569100 cuda_h.py:27] end restore_fused_tensors cost 1.060 ms
DEBUG 04-24 09:59:15.569100.569100 cuda_h.py:27] end restore_fused_tensors cost 1.071 ms
DEBUG 04-24 09:59:15.569496.569496 cuda_h.py:27] end group_fused_tensors_mp cost 1.512 ms
DEBUG 04-24 09:59:15.569317.569317 cuda_h.py:27] end group_fused_tensors_mp cost 1.536 ms
DEBUG 04-24 09:59:15.570492.570492 cuda_h.py:27] end restore_fused_tensors cost 1.387 ms
DEBUG 04-24 09:59:15.570722.570722 cuda_h.py:27] end group_fused_tensors_mp cost 1.829 ms
DEBUG 04-24 09:59:15.580542.580542 mlpmodule.py:3373] [fused_group_bmm][steps] bmm1=8.201 ms split=0.173 ms act_mul=0.901 ms bmm2=3.666 ms
DEBUG 04-24 09:59:15.581377.581377 cuda_h.py:27] end fused_group_bmm cost 13.377 ms
DEBUG 04-24 09:59:15.582706.582706 cuda_h.py:27] end gather_outputs_group_fused_mp cost 0.666 ms
DEBUG 04-24 09:59:15.583618.583618 cuda_h.py:27] end cpu_experts_worker_bmm_or_einsum_0 cost 19.566 ms
DEBUG 04-24 09:59:15.583052.583052 mlpmodule.py:3373] [fused_group_bmm][steps] bmm1=8.703 ms split=0.094 ms act_mul=0.366 ms bmm2=4.833 ms
DEBUG 04-24 09:59:15.583874.583874 mlpmodule.py:3373] [fused_group_bmm][steps] bmm1=7.572 ms split=0.142 ms act_mul=0.426 ms bmm2=4.645 ms
DEBUG 04-24 09:59:15.583684.583684 mlpmodule.py:3373] [fused_group_bmm][steps] bmm1=8.939 ms split=0.072 ms act_mul=0.305 ms bmm2=4.752 ms
DEBUG 04-24 09:59:15.584715.584715 cuda_h.py:27] end fused_group_bmm cost 14.224 ms
DEBUG 04-24 09:59:15.584358.584358 cuda_h.py:27] end fused_group_bmm cost 13.034 ms
DEBUG 04-24 09:59:15.584478.584478 cuda_h.py:27] end fused_group_bmm cost 14.256 ms
DEBUG 04-24 09:59:15.584053.584053 cuda_h.py:27] end gather_outputs_group_fused_mp cost 0.490 ms
DEBUG 04-24 09:59:15.584053.584053 cuda_h.py:27] end gather_outputs_group_fused_mp cost 0.521 ms
DEBUG 04-24 09:59:15.584498.584498 cuda_h.py:27] end gather_outputs_group_fused_mp cost 0.574 ms
DEBUG 04-24 09:59:15.584802.584802 cuda_h.py:27] end cpu_experts_worker_bmm_or_einsum_2 cost 21.135 ms
DEBUG 04-24 09:59:15.585604.585604 cuda_h.py:27] end cpu_experts_worker_bmm_or_einsum_3 cost 21.512 ms
DEBUG 04-24 09:59:15.585314.585314 cuda_h.py:27] end cpu_experts_worker_bmm_or_einsum_1 cost 21.547 ms
DEBUG 04-24 09:59:15.586090.586090 cuda_h.py:27] end cpu_thread_manager_mp_wait_fused cost 23.822 ms
DEBUG 04-24 09:59:15.586200.586200 cuda_h.py:27] end *single cpu experts* cost 25.623 ms
DEBUG 04-24 09:59:15.587056.587056 sllm_store_c.py:27] get device uuid map
DEBUG 04-24 09:59:15.588199.588199 sllm_store_c.py:29] call client load into gpu
DEBUG 04-24 09:59:15.590256.590256 cuda_h.py:27] end load_into_gpu_async_fused_experts_dual cost 2.223 ms
DEBUG 04-24 09:59:15.590069.590069 cuda_h.py:27] end restore_tensors2_fused_experts_packed cost 0.077 ms
DEBUG 04-24 09:59:15.590151.590151 cuda_h.py:27] end restore_tensors2_fused_experts_slices cost 0.279 ms
DEBUG 04-24 09:59:15.590883.590883 cuda_h.py:27] end allocate_experts_cuda_memory_and_restore_model_multi_device_fused cost 3.932 ms
DEBUG 04-24 09:59:15.590645.590645 cuda_h.py:27] end gpu_sexperts cost 0.004 ms
DEBUG 04-24 09:59:15.590190.590190 cuda_h.py:27] end wait_load_qkvogn_s_weight cost 0.018 ms
DEBUG 04-24 09:59:15.604886.604886 cuda_h.py:27] end prepare_per_device_parameters cost 13.104 ms
DEBUG 04-24 09:59:15.606455.606455 cuda_h.py:27] end wait_experts_multi_device cost 2.703 ms
DEBUG 04-24 09:59:15.607537.607537 cuda_h.py:27] end *before fused experts* cost 20.117 ms
DEBUG 04-24 09:59:15.610904.610904 cuda_h.py:27] end gpu_experts_multi_device_fused cost 3.814 ms
DEBUG 04-24 09:59:15.610377.610377 cuda_h.py:27] end *gpu experts* cost 24.039 ms
DEBUG 04-24 09:59:15.611935.611935 cuda_h.py:27] end layer_moe_generate_mp_multi_device_fused_l_10 cost 50.760 ms
DEBUG 04-24 09:59:15.612840.612840 cuda_h.py:27] end *mlp cost 52.478 ms
DEBUG 04-24 09:59:15.612201.612201 cuda_h.py:27] end prefill_layer cost 56.589 ms
DEBUG 04-24 09:59:15.612434.612434 lmp.py:320] -------------------------------- end prefill layer 9 --------------------------------
DEBUG 04-24 09:59:15.612706.612706 lmp.py:273] -------------------------------- start prefill layer 10 --------------------------------
DEBUG 04-24 09:59:15.612179.612179 cuda_h.py:27] end start_load_qkvogn_s_weight_l_11 cost 0.037 ms
DEBUG 04-24 09:59:15.613416.613416 cuda_h.py:27] end allocate_cuda_memory cost 0.328 ms
DEBUG 04-24 09:59:15.613016.613016 sllm_store_c.py:27] get device uuid map
DEBUG 04-24 09:59:15.614588.614588 sllm_store_c.py:29] call client load into gpu
DEBUG 04-24 09:59:15.615258.615258 cuda_h.py:27] end load_into_gpu_async cost 1.898 ms
DEBUG 04-24 09:59:15.615927.615927 cuda_h.py:27] end restore_tensors2 cost 0.118 ms
DEBUG 04-24 09:59:15.616546.616546 cuda_h.py:27] end allocate_cuda_memory_and_load_into_gpu cost 3.118 ms
DEBUG 04-24 09:59:15.616922.616922 cuda_h.py:27] end **self_attn cost 2.191 ms
DEBUG 04-24 09:59:15.617144.617144 cuda_h.py:27] end *iln_self_attn_paln cost 4.155 ms
DEBUG 04-24 09:59:15.617401.617401 cuda_h.py:27] end gate cost 0.586 ms
DEBUG 04-24 09:59:15.618470.618470 cuda_h.py:27] end experts_map_get cost 0.367 ms
DEBUG 04-24 09:59:15.618274.618274 cuda_h.py:27] end *before experts start* cost 1.137 ms
DEBUG 04-24 09:59:15.618864.618864 cuda_h.py:27] end cpu_experts_submit_fused_mp cost 0.187 ms
DEBUG 04-24 09:59:15.620425.620425 cuda_h.py:27] end prepare_group_stack cost 0.504 ms
DEBUG 04-24 09:59:15.621474.621474 cuda_h.py:27] end prepare_group_stack cost 0.454 ms
DEBUG 04-24 09:59:15.621633.621633 cuda_h.py:27] end prepare_group_stack cost 0.623 ms
DEBUG 04-24 09:59:15.622558.622558 cuda_h.py:27] end group stack cost 1.487 ms
DEBUG 04-24 09:59:15.622285.622285 cuda_h.py:27] end move_flatidxs_group_fused_mp cost 2.283 ms
DEBUG 04-24 09:59:15.622640.622640 cuda_h.py:27] end get_fused_experts_names_w cost 0.031 ms
DEBUG 04-24 09:59:15.623664.623664 cuda_h.py:27] end group stack cost 1.410 ms
DEBUG 04-24 09:59:15.623848.623848 cuda_h.py:27] end move_flatidxs_group_fused_mp cost 2.159 ms
DEBUG 04-24 09:59:15.623646.623646 cuda_h.py:27] end get_fused_experts_names_w cost 0.024 ms
DEBUG 04-24 09:59:15.623713.623713 cuda_h.py:27] end group stack cost 1.462 ms
DEBUG 04-24 09:59:15.623726.623726 cuda_h.py:27] end restore_fused_tensors cost 0.676 ms
DEBUG 04-24 09:59:15.623829.623829 cuda_h.py:27] end group_fused_tensors_mp cost 0.914 ms
DEBUG 04-24 09:59:15.623969.623969 cuda_h.py:27] end move_flatidxs_group_fused_mp cost 2.754 ms
DEBUG 04-24 09:59:15.623756.623756 cuda_h.py:27] end prepare_group_stack cost 0.715 ms
DEBUG 04-24 09:59:15.624748.624748 cuda_h.py:27] end get_fused_experts_names_w cost 0.026 ms
DEBUG 04-24 09:59:15.624801.624801 cuda_h.py:27] end restore_fused_tensors cost 0.732 ms
DEBUG 04-24 09:59:15.624844.624844 cuda_h.py:27] end group_fused_tensors_mp cost 1.014 ms
DEBUG 04-24 09:59:15.625617.625617 cuda_h.py:27] end restore_fused_tensors cost 0.793 ms
DEBUG 04-24 09:59:15.625236.625236 cuda_h.py:27] end group_fused_tensors_mp cost 1.164 ms
DEBUG 04-24 09:59:15.626335.626335 cuda_h.py:27] end group stack cost 2.647 ms
DEBUG 04-24 09:59:15.627029.627029 cuda_h.py:27] end restore2model cost 1.104 ms
DEBUG 04-24 09:59:15.627743.627743 cuda_h.py:27] end move_flatidxs_group_fused_mp cost 4.096 ms
DEBUG 04-24 09:59:15.627343.627343 cuda_h.py:27] end sllm_worker_task cost 14.442 ms
DEBUG 04-24 09:59:15.627082.627082 cuda_h.py:27] end get_fused_experts_names_w cost 0.080 ms
DEBUG 04-24 09:59:15.629165.629165 cuda_h.py:27] end restore_fused_tensors cost 1.749 ms
DEBUG 04-24 09:59:15.629689.629689 cuda_h.py:27] end group_fused_tensors_mp cost 2.399 ms
DEBUG 04-24 09:59:15.640132.640132 mlpmodule.py:3373] [fused_group_bmm][steps] bmm1=7.116 ms split=0.225 ms act_mul=1.470 ms bmm2=6.459 ms
DEBUG 04-24 09:59:15.640218.640218 cuda_h.py:27] end fused_group_bmm cost 15.514 ms
DEBUG 04-24 09:59:15.641597.641597 cuda_h.py:27] end gather_outputs_group_fused_mp cost 0.411 ms
DEBUG 04-24 09:59:15.641529.641529 mlpmodule.py:3373] [fused_group_bmm][steps] bmm1=12.460 ms split=0.069 ms act_mul=0.555 ms bmm2=4.502 ms
DEBUG 04-24 09:59:15.641675.641675 mlpmodule.py:3373] [fused_group_bmm][steps] bmm1=11.424 ms split=0.146 ms act_mul=0.743 ms bmm2=4.665 ms
DEBUG 04-24 09:59:15.641755.641755 cuda_h.py:27] end fused_group_bmm cost 17.809 ms
DEBUG 04-24 09:59:15.641761.641761 cuda_h.py:27] end fused_group_bmm cost 17.210 ms
DEBUG 04-24 09:59:15.641479.641479 cuda_h.py:27] end cpu_experts_worker_bmm_or_einsum_0 cost 21.441 ms
DEBUG 04-24 09:59:15.642489.642489 cuda_h.py:27] end gather_outputs_group_fused_mp cost 0.497 ms
DEBUG 04-24 09:59:15.642112.642112 cuda_h.py:27] end gather_outputs_group_fused_mp cost 0.502 ms
DEBUG 04-24 09:59:15.642035.642035 cuda_h.py:27] end cpu_experts_worker_bmm_or_einsum_1 cost 23.142 ms
DEBUG 04-24 09:59:15.642665.642665 cuda_h.py:27] end cpu_experts_worker_bmm_or_einsum_3 cost 22.529 ms
DEBUG 04-24 09:59:15.644699.644699 mlpmodule.py:3373] [fused_group_bmm][steps] bmm1=10.228 ms split=0.137 ms act_mul=0.479 ms bmm2=3.081 ms
DEBUG 04-24 09:59:15.644037.644037 cuda_h.py:27] end fused_group_bmm cost 14.172 ms
DEBUG 04-24 09:59:15.645450.645450 cuda_h.py:27] end gather_outputs_group_fused_mp cost 0.602 ms
DEBUG 04-24 09:59:15.645258.645258 cuda_h.py:27] end cpu_experts_worker_bmm_or_einsum_2 cost 23.666 ms
DEBUG 04-24 09:59:15.648453.648453 cuda_h.py:27] end cpu_thread_manager_mp_wait_fused cost 28.037 ms
DEBUG 04-24 09:59:15.648421.648421 cuda_h.py:27] end *single cpu experts* cost 30.258 ms
DEBUG 04-24 09:59:15.650050.650050 sllm_store_c.py:27] get device uuid map
DEBUG 04-24 09:59:15.650805.650805 sllm_store_c.py:29] call client load into gpu
DEBUG 04-24 09:59:15.653835.653835 cuda_h.py:27] end load_into_gpu_async_fused_experts_dual cost 3.079 ms
DEBUG 04-24 09:59:15.653625.653625 cuda_h.py:27] end restore_tensors2_fused_experts_packed cost 0.123 ms
DEBUG 04-24 09:59:15.654165.654165 cuda_h.py:27] end restore_tensors2_fused_experts_slices cost 0.525 ms
DEBUG 04-24 09:59:15.655753.655753 cuda_h.py:27] end allocate_experts_cuda_memory_and_restore_model_multi_device_fused cost 6.243 ms
DEBUG 04-24 09:59:15.655199.655199 cuda_h.py:27] end gpu_sexperts cost 0.009 ms
DEBUG 04-24 09:59:15.655348.655348 cuda_h.py:27] end wait_load_qkvogn_s_weight cost 0.033 ms
DEBUG 04-24 09:59:15.668676.668676 cuda_h.py:27] end prepare_per_device_parameters cost 12.565 ms
DEBUG 04-24 09:59:15.670593.670593 cuda_h.py:27] end wait_experts_multi_device cost 2.552 ms
DEBUG 04-24 09:59:15.670125.670125 cuda_h.py:27] end *before fused experts* cost 22.126 ms
DEBUG 04-24 09:59:15.677990.677990 cuda_h.py:27] end gpu_experts_multi_device_fused cost 6.954 ms
DEBUG 04-24 09:59:15.678551.678551 cuda_h.py:27] end *gpu experts* cost 29.311 ms
DEBUG 04-24 09:59:15.678879.678879 cuda_h.py:27] end layer_moe_generate_mp_multi_device_fused_l_11 cost 60.957 ms
DEBUG 04-24 09:59:15.679661.679661 cuda_h.py:27] end *mlp cost 62.335 ms
DEBUG 04-24 09:59:15.679062.679062 cuda_h.py:27] end prefill_layer cost 66.796 ms
DEBUG 04-24 09:59:15.679170.679170 lmp.py:320] -------------------------------- end prefill layer 10 --------------------------------
DEBUG 04-24 09:59:15.679793.679793 lmp.py:273] -------------------------------- start prefill layer 11 --------------------------------
DEBUG 04-24 09:59:15.680180.680180 cuda_h.py:27] end start_load_qkvogn_s_weight_l_12 cost 0.082 ms
DEBUG 04-24 09:59:15.680620.680620 cuda_h.py:27] end allocate_cuda_memory cost 0.396 ms
DEBUG 04-24 09:59:15.681077.681077 sllm_store_c.py:27] get device uuid map
DEBUG 04-24 09:59:15.681707.681707 sllm_store_c.py:29] call client load into gpu
DEBUG 04-24 09:59:15.683600.683600 cuda_h.py:27] end load_into_gpu_async cost 2.174 ms
DEBUG 04-24 09:59:15.683310.683310 cuda_h.py:27] end restore_tensors2 cost 0.140 ms
DEBUG 04-24 09:59:15.684526.684526 cuda_h.py:27] end allocate_cuda_memory_and_load_into_gpu cost 3.650 ms
DEBUG 04-24 09:59:15.685743.685743 cuda_h.py:27] end **self_attn cost 3.168 ms
DEBUG 04-24 09:59:15.685304.685304 cuda_h.py:27] end *iln_self_attn_paln cost 5.609 ms
DEBUG 04-24 09:59:15.686438.686438 cuda_h.py:27] end gate cost 0.619 ms
DEBUG 04-24 09:59:15.687341.687341 cuda_h.py:27] end experts_map_get cost 0.358 ms
DEBUG 04-24 09:59:15.687654.687654 cuda_h.py:27] end *before experts start* cost 1.141 ms
DEBUG 04-24 09:59:15.687727.687727 cuda_h.py:27] end cpu_experts_submit_fused_mp cost 0.164 ms
DEBUG 04-24 09:59:15.690622.690622 cuda_h.py:27] end prepare_group_stack cost 0.674 ms
DEBUG 04-24 09:59:15.691682.691682 cuda_h.py:27] end prepare_group_stack cost 0.691 ms
DEBUG 04-24 09:59:15.691861.691861 cuda_h.py:27] end prepare_group_stack cost 0.636 ms
DEBUG 04-24 09:59:15.692789.692789 cuda_h.py:27] end prepare_group_stack cost 0.768 ms
DEBUG 04-24 09:59:15.692863.692863 cuda_h.py:27] end group stack cost 1.680 ms
DEBUG 04-24 09:59:15.692742.692742 cuda_h.py:27] end move_flatidxs_group_fused_mp cost 2.903 ms
DEBUG 04-24 09:59:15.693797.693797 cuda_h.py:27] end get_fused_experts_names_w cost 0.032 ms
DEBUG 04-24 09:59:15.693984.693984 cuda_h.py:27] end restore2model cost 1.107 ms
DEBUG 04-24 09:59:15.694345.694345 cuda_h.py:27] end sllm_worker_task cost 13.706 ms
DEBUG 04-24 09:59:15.694111.694111 cuda_h.py:27] end group stack cost 1.938 ms
DEBUG 04-24 09:59:15.694719.694719 cuda_h.py:27] end group stack cost 2.082 ms
DEBUG 04-24 09:59:15.694331.694331 cuda_h.py:27] end move_flatidxs_group_fused_mp cost 3.056 ms
DEBUG 04-24 09:59:15.694141.694141 cuda_h.py:27] end restore_fused_tensors cost 0.940 ms
DEBUG 04-24 09:59:15.694358.694358 cuda_h.py:27] end group_fused_tensors_mp cost 1.364 ms
DEBUG 04-24 09:59:15.694637.694637 cuda_h.py:27] end get_fused_experts_names_w cost 0.036 ms
DEBUG 04-24 09:59:15.694067.694067 cuda_h.py:27] end move_flatidxs_group_fused_mp cost 3.323 ms
DEBUG 04-24 09:59:15.694170.694170 cuda_h.py:27] end get_fused_experts_names_w cost 0.035 ms
DEBUG 04-24 09:59:15.694371.694371 cuda_h.py:27] end group stack cost 2.378 ms
DEBUG 04-24 09:59:15.695586.695586 cuda_h.py:27] end move_flatidxs_group_fused_mp cost 3.848 ms
DEBUG 04-24 09:59:15.695792.695792 cuda_h.py:27] end get_fused_experts_names_w cost 0.046 ms
DEBUG 04-24 09:59:15.696968.696968 cuda_h.py:27] end restore_fused_tensors cost 1.335 ms
DEBUG 04-24 09:59:15.696291.696291 cuda_h.py:27] end group_fused_tensors_mp cost 1.789 ms
DEBUG 04-24 09:59:15.696391.696391 cuda_h.py:27] end restore_fused_tensors cost 1.236 ms
DEBUG 04-24 09:59:15.696777.696777 cuda_h.py:27] end group_fused_tensors_mp cost 1.942 ms
DEBUG 04-24 09:59:15.697494.697494 cuda_h.py:27] end restore_fused_tensors cost 1.684 ms
DEBUG 04-24 09:59:15.697104.697104 cuda_h.py:27] end group_fused_tensors_mp cost 2.246 ms
DEBUG 04-24 09:59:15.709548.709548 mlpmodule.py:3373] [fused_group_bmm][steps] bmm1=8.436 ms split=0.121 ms act_mul=0.458 ms bmm2=3.723 ms
DEBUG 04-24 09:59:15.709579.709579 cuda_h.py:27] end fused_group_bmm cost 13.105 ms
DEBUG 04-24 09:59:15.709187.709187 mlpmodule.py:3373] [fused_group_bmm][steps] bmm1=9.813 ms split=0.106 ms act_mul=0.613 ms bmm2=4.519 ms
DEBUG 04-24 09:59:15.710251.710251 cuda_h.py:27] end fused_group_bmm cost 15.595 ms
DEBUG 04-24 09:59:15.710567.710567 mlpmodule.py:3373] [fused_group_bmm][steps] bmm1=7.156 ms split=0.117 ms act_mul=0.465 ms bmm2=4.106 ms
DEBUG 04-24 09:59:15.710877.710877 cuda_h.py:27] end gather_outputs_group_fused_mp cost 0.689 ms
DEBUG 04-24 09:59:15.710104.710104 cuda_h.py:27] end fused_group_bmm cost 12.104 ms
DEBUG 04-24 09:59:15.710069.710069 mlpmodule.py:3373] [fused_group_bmm][steps] bmm1=8.993 ms split=0.100 ms act_mul=0.429 ms bmm2=4.120 ms
DEBUG 04-24 09:59:15.710311.710311 cuda_h.py:27] end gather_outputs_group_fused_mp cost 0.381 ms
DEBUG 04-24 09:59:15.710757.710757 cuda_h.py:27] end fused_group_bmm cost 13.810 ms
DEBUG 04-24 09:59:15.711002.711002 cuda_h.py:27] end cpu_experts_worker_bmm_or_einsum_3 cost 21.123 ms
DEBUG 04-24 09:59:15.711822.711822 cuda_h.py:27] end gather_outputs_group_fused_mp cost 0.657 ms
DEBUG 04-24 09:59:15.711213.711213 cuda_h.py:27] end cpu_experts_worker_bmm_or_einsum_0 cost 22.279 ms
DEBUG 04-24 09:59:15.711216.711216 cuda_h.py:27] end gather_outputs_group_fused_mp cost 0.409 ms
DEBUG 04-24 09:59:15.711461.711461 cuda_h.py:27] end cpu_experts_worker_bmm_or_einsum_2 cost 21.963 ms
DEBUG 04-24 09:59:15.712549.712549 cuda_h.py:27] end cpu_experts_worker_bmm_or_einsum_1 cost 22.055 ms
DEBUG 04-24 09:59:15.713937.713937 cuda_h.py:27] end cpu_thread_manager_mp_wait_fused cost 23.978 ms
DEBUG 04-24 09:59:15.713908.713908 cuda_h.py:27] end *single cpu experts* cost 26.350 ms
DEBUG 04-24 09:59:15.714982.714982 sllm_store_c.py:27] get device uuid map
DEBUG 04-24 09:59:15.714217.714217 sllm_store_c.py:29] call client load into gpu
DEBUG 04-24 09:59:15.717180.717180 cuda_h.py:27] end load_into_gpu_async_fused_experts_dual cost 2.573 ms
DEBUG 04-24 09:59:15.717331.717331 cuda_h.py:27] end restore_tensors2_fused_experts_packed cost 0.076 ms
DEBUG 04-24 09:59:15.717592.717592 cuda_h.py:27] end restore_tensors2_fused_experts_slices cost 0.290 ms
DEBUG 04-24 09:59:15.717853.717853 cuda_h.py:27] end allocate_experts_cuda_memory_and_restore_model_multi_device_fused cost 4.308 ms
DEBUG 04-24 09:59:15.718406.718406 cuda_h.py:27] end gpu_sexperts cost 0.004 ms
DEBUG 04-24 09:59:15.718051.718051 cuda_h.py:27] end wait_load_qkvogn_s_weight cost 0.018 ms
DEBUG 04-24 09:59:15.729038.729038 cuda_h.py:27] end prepare_per_device_parameters cost 11.190 ms
DEBUG 04-24 09:59:15.737788.737788 cuda_h.py:27] end wait_experts_multi_device cost 7.892 ms
DEBUG 04-24 09:59:15.737201.737201 cuda_h.py:27] end *before fused experts* cost 23.989 ms
DEBUG 04-24 09:59:15.741398.741398 cuda_h.py:27] end gpu_experts_multi_device_fused cost 4.074 ms
DEBUG 04-24 09:59:15.741308.741308 cuda_h.py:27] end *gpu experts* cost 28.176 ms
DEBUG 04-24 09:59:15.741634.741634 cuda_h.py:27] end layer_moe_generate_mp_multi_device_fused_l_12 cost 55.938 ms
DEBUG 04-24 09:59:15.743906.743906 cuda_h.py:27] end *mlp cost 57.330 ms
DEBUG 04-24 09:59:15.743499.743499 cuda_h.py:27] end prefill_layer cost 63.582 ms
DEBUG 04-24 09:59:15.743632.743632 lmp.py:320] -------------------------------- end prefill layer 11 --------------------------------
DEBUG 04-24 09:59:15.743520.743520 lmp.py:273] -------------------------------- start prefill layer 12 --------------------------------
DEBUG 04-24 09:59:15.743132.743132 cuda_h.py:27] end start_load_qkvogn_s_weight_l_13 cost 0.035 ms
DEBUG 04-24 09:59:15.744216.744216 cuda_h.py:27] end allocate_cuda_memory cost 0.485 ms
DEBUG 04-24 09:59:15.744485.744485 sllm_store_c.py:27] get device uuid map
DEBUG 04-24 09:59:15.744989.744989 sllm_store_c.py:29] call client load into gpu
DEBUG 04-24 09:59:15.746980.746980 cuda_h.py:27] end **self_attn cost 1.512 ms
DEBUG 04-24 09:59:15.746400.746400 cuda_h.py:27] end load_into_gpu_async cost 1.994 ms
DEBUG 04-24 09:59:15.746595.746595 cuda_h.py:27] end *iln_self_attn_paln cost 3.388 ms
DEBUG 04-24 09:59:15.747584.747584 cuda_h.py:27] end restore_tensors2 cost 0.201 ms
DEBUG 04-24 09:59:15.747811.747811 cuda_h.py:27] end allocate_cuda_memory_and_load_into_gpu cost 3.980 ms
DEBUG 04-24 09:59:15.748585.748585 cuda_h.py:27] end gate cost 0.846 ms
DEBUG 04-24 09:59:15.748017.748017 cuda_h.py:27] end experts_map_get cost 0.309 ms
DEBUG 04-24 09:59:15.748476.748476 cuda_h.py:27] end *before experts start* cost 1.346 ms
DEBUG 04-24 09:59:15.748396.748396 cuda_h.py:27] end cpu_experts_submit_fused_mp cost 0.157 ms
DEBUG 04-24 09:59:15.751276.751276 cuda_h.py:27] end prepare_group_stack cost 0.609 ms
DEBUG 04-24 09:59:15.752006.752006 cuda_h.py:27] end prepare_group_stack cost 0.510 ms
DEBUG 04-24 09:59:15.752020.752020 cuda_h.py:27] end prepare_group_stack cost 0.557 ms
DEBUG 04-24 09:59:15.753666.753666 cuda_h.py:27] end group stack cost 1.584 ms
DEBUG 04-24 09:59:15.753998.753998 cuda_h.py:27] end move_flatidxs_group_fused_mp cost 2.613 ms
DEBUG 04-24 09:59:15.753138.753138 cuda_h.py:27] end prepare_group_stack cost 0.750 ms
DEBUG 04-24 09:59:15.754227.754227 cuda_h.py:27] end get_fused_experts_names_w cost 0.033 ms
DEBUG 04-24 09:59:15.754369.754369 cuda_h.py:27] end group stack cost 1.773 ms
DEBUG 04-24 09:59:15.754977.754977 cuda_h.py:27] end group stack cost 1.540 ms
DEBUG 04-24 09:59:15.754175.754175 cuda_h.py:27] end move_flatidxs_group_fused_mp cost 2.595 ms
DEBUG 04-24 09:59:15.754963.754963 cuda_h.py:27] end move_flatidxs_group_fused_mp cost 2.645 ms
DEBUG 04-24 09:59:15.754391.754391 cuda_h.py:27] end restore2model cost 1.089 ms
DEBUG 04-24 09:59:15.755206.755206 cuda_h.py:27] end sllm_worker_task cost 11.622 ms
DEBUG 04-24 09:59:15.755352.755352 cuda_h.py:27] end get_fused_experts_names_w cost 0.029 ms
DEBUG 04-24 09:59:15.755604.755604 cuda_h.py:27] end get_fused_experts_names_w cost 0.028 ms
DEBUG 04-24 09:59:15.755633.755633 cuda_h.py:27] end restore_fused_tensors cost 1.089 ms
DEBUG 04-24 09:59:15.756652.756652 cuda_h.py:27] end group_fused_tensors_mp cost 1.652 ms
DEBUG 04-24 09:59:15.756497.756497 cuda_h.py:27] end restore_fused_tensors cost 0.887 ms
DEBUG 04-24 09:59:15.756939.756939 cuda_h.py:27] end group_fused_tensors_mp cost 1.170 ms
DEBUG 04-24 09:59:15.756694.756694 cuda_h.py:27] end restore_fused_tensors cost 0.817 ms
DEBUG 04-24 09:59:15.756827.756827 cuda_h.py:27] end group_fused_tensors_mp cost 1.560 ms
DEBUG 04-24 09:59:15.757388.757388 cuda_h.py:27] end group stack cost 2.629 ms
DEBUG 04-24 09:59:15.757922.757922 cuda_h.py:27] end move_flatidxs_group_fused_mp cost 4.407 ms
DEBUG 04-24 09:59:15.757444.757444 cuda_h.py:27] end get_fused_experts_names_w cost 0.054 ms
DEBUG 04-24 09:59:15.760987.760987 cuda_h.py:27] end restore_fused_tensors cost 1.708 ms
DEBUG 04-24 09:59:15.760524.760524 cuda_h.py:27] end group_fused_tensors_mp cost 2.437 ms
DEBUG 04-24 09:59:15.767918.767918 mlpmodule.py:3373] [fused_group_bmm][steps] bmm1=7.224 ms split=0.117 ms act_mul=0.595 ms bmm2=2.767 ms
DEBUG 04-24 09:59:15.767369.767369 cuda_h.py:27] end fused_group_bmm cost 10.957 ms
DEBUG 04-24 09:59:15.768069.768069 cuda_h.py:27] end gather_outputs_group_fused_mp cost 0.636 ms
DEBUG 04-24 09:59:15.769936.769936 cuda_h.py:27] end cpu_experts_worker_bmm_or_einsum_0 cost 18.984 ms
DEBUG 04-24 09:59:15.770509.770509 mlpmodule.py:3373] [fused_group_bmm][steps] bmm1=9.020 ms split=0.115 ms act_mul=0.405 ms bmm2=3.592 ms
DEBUG 04-24 09:59:15.770351.770351 cuda_h.py:27] end fused_group_bmm cost 13.391 ms
DEBUG 04-24 09:59:15.770221.770221 mlpmodule.py:3373] [fused_group_bmm][steps] bmm1=6.380 ms split=0.130 ms act_mul=0.429 ms bmm2=3.031 ms
DEBUG 04-24 09:59:15.770733.770733 mlpmodule.py:3373] [fused_group_bmm][steps] bmm1=9.781 ms split=0.062 ms act_mul=0.920 ms bmm2=3.454 ms
DEBUG 04-24 09:59:15.770979.770979 cuda_h.py:27] end fused_group_bmm cost 10.282 ms
DEBUG 04-24 09:59:15.770430.770430 cuda_h.py:27] end fused_group_bmm cost 14.465 ms
DEBUG 04-24 09:59:15.771432.771432 cuda_h.py:27] end gather_outputs_group_fused_mp cost 0.497 ms
DEBUG 04-24 09:59:15.771125.771125 cuda_h.py:27] end gather_outputs_group_fused_mp cost 0.407 ms
DEBUG 04-24 09:59:15.771716.771716 cuda_h.py:27] end gather_outputs_group_fused_mp cost 0.687 ms
DEBUG 04-24 09:59:15.771986.771986 cuda_h.py:27] end cpu_experts_worker_bmm_or_einsum_1 cost 20.775 ms
DEBUG 04-24 09:59:15.772430.772430 cuda_h.py:27] end cpu_experts_worker_bmm_or_einsum_3 cost 20.992 ms
DEBUG 04-24 09:59:15.772738.772738 cuda_h.py:27] end cpu_experts_worker_bmm_or_einsum_2 cost 20.118 ms
DEBUG 04-24 09:59:15.773109.773109 cuda_h.py:27] end cpu_thread_manager_mp_wait_fused cost 23.180 ms
DEBUG 04-24 09:59:15.773550.773550 cuda_h.py:27] end *single cpu experts* cost 25.129 ms
DEBUG 04-24 09:59:15.775814.775814 sllm_store_c.py:27] get device uuid map
DEBUG 04-24 09:59:15.775665.775665 sllm_store_c.py:29] call client load into gpu
DEBUG 04-24 09:59:15.777702.777702 cuda_h.py:27] end load_into_gpu_async_fused_experts_dual cost 2.416 ms
DEBUG 04-24 09:59:15.777654.777654 cuda_h.py:27] end restore_tensors2_fused_experts_packed cost 0.075 ms
DEBUG 04-24 09:59:15.778982.778982 cuda_h.py:27] end restore_tensors2_fused_experts_slices cost 0.279 ms
DEBUG 04-24 09:59:15.778283.778283 cuda_h.py:27] end allocate_experts_cuda_memory_and_restore_model_multi_device_fused cost 4.358 ms
DEBUG 04-24 09:59:15.778098.778098 cuda_h.py:27] end gpu_sexperts cost 0.004 ms
DEBUG 04-24 09:59:15.778981.778981 cuda_h.py:27] end wait_load_qkvogn_s_weight cost 0.019 ms
DEBUG 04-24 09:59:15.792390.792390 cuda_h.py:27] end prepare_per_device_parameters cost 13.447 ms
DEBUG 04-24 09:59:15.793386.793386 cuda_h.py:27] end wait_experts_multi_device cost 1.196 ms
DEBUG 04-24 09:59:15.793792.793792 cuda_h.py:27] end *before fused experts* cost 19.558 ms
DEBUG 04-24 09:59:15.797080.797080 cuda_h.py:27] end gpu_experts_multi_device_fused cost 4.038 ms
DEBUG 04-24 09:59:15.797606.797606 cuda_h.py:27] end *gpu experts* cost 23.705 ms
DEBUG 04-24 09:59:15.797078.797078 cuda_h.py:27] end layer_moe_generate_mp_multi_device_fused_l_13 cost 50.596 ms
DEBUG 04-24 09:59:15.799736.799736 cuda_h.py:27] end *mlp cost 52.027 ms
DEBUG 04-24 09:59:15.799328.799328 cuda_h.py:27] end prefill_layer cost 55.966 ms
DEBUG 04-24 09:59:15.799984.799984 lmp.py:320] -------------------------------- end prefill layer 12 --------------------------------
DEBUG 04-24 09:59:15.799403.799403 lmp.py:273] -------------------------------- start prefill layer 13 --------------------------------
DEBUG 04-24 09:59:15.799921.799921 cuda_h.py:27] end start_load_qkvogn_s_weight_l_14 cost 0.037 ms
DEBUG 04-24 09:59:15.800827.800827 cuda_h.py:27] end allocate_cuda_memory cost 0.459 ms
DEBUG 04-24 09:59:15.800640.800640 sllm_store_c.py:27] get device uuid map
DEBUG 04-24 09:59:15.801694.801694 sllm_store_c.py:29] call client load into gpu
DEBUG 04-24 09:59:15.802853.802853 cuda_h.py:27] end **self_attn cost 1.757 ms
DEBUG 04-24 09:59:15.802193.802193 cuda_h.py:27] end *iln_self_attn_paln cost 3.400 ms
DEBUG 04-24 09:59:15.803917.803917 cuda_h.py:27] end load_into_gpu_async cost 2.514 ms
DEBUG 04-24 09:59:15.803014.803014 cuda_h.py:27] end restore_tensors2 cost 0.195 ms
DEBUG 04-24 09:59:15.804226.804226 cuda_h.py:27] end allocate_cuda_memory_and_load_into_gpu cost 4.392 ms
DEBUG 04-24 09:59:15.804435.804435 cuda_h.py:27] end gate cost 1.279 ms
DEBUG 04-24 09:59:15.804026.804026 cuda_h.py:27] end experts_map_get cost 0.312 ms
DEBUG 04-24 09:59:15.805095.805095 cuda_h.py:27] end *before experts start* cost 1.822 ms
DEBUG 04-24 09:59:15.805962.805962 cuda_h.py:27] end cpu_experts_submit_fused_mp cost 0.152 ms
DEBUG 04-24 09:59:15.808459.808459 cuda_h.py:27] end prepare_group_stack cost 0.684 ms
DEBUG 04-24 09:59:15.808173.808173 cuda_h.py:27] end prepare_group_stack cost 0.634 ms
DEBUG 04-24 09:59:15.809344.809344 cuda_h.py:27] end prepare_group_stack cost 0.474 ms
DEBUG 04-24 09:59:15.809137.809137 cuda_h.py:27] end prepare_group_stack cost 0.702 ms
DEBUG 04-24 09:59:15.809689.809689 cuda_h.py:27] end group stack cost 1.214 ms
DEBUG 04-24 09:59:15.809955.809955 cuda_h.py:27] end move_flatidxs_group_fused_mp cost 2.264 ms
DEBUG 04-24 09:59:15.809118.809118 cuda_h.py:27] end get_fused_experts_names_w cost 0.027 ms
DEBUG 04-24 09:59:15.810153.810153 cuda_h.py:27] end group stack cost 1.767 ms
DEBUG 04-24 09:59:15.810429.810429 cuda_h.py:27] end group stack cost 1.208 ms
DEBUG 04-24 09:59:15.810548.810548 cuda_h.py:27] end move_flatidxs_group_fused_mp cost 2.062 ms
DEBUG 04-24 09:59:15.810730.810730 cuda_h.py:27] end get_fused_experts_names_w cost 0.025 ms
DEBUG 04-24 09:59:15.810795.810795 cuda_h.py:27] end move_flatidxs_group_fused_mp cost 3.020 ms
DEBUG 04-24 09:59:15.810178.810178 cuda_h.py:27] end restore_fused_tensors cost 0.711 ms
DEBUG 04-24 09:59:15.810854.810854 cuda_h.py:27] end get_fused_experts_names_w cost 0.035 ms
DEBUG 04-24 09:59:15.811248.811248 cuda_h.py:27] end group_fused_tensors_mp cost 1.323 ms
DEBUG 04-24 09:59:15.811785.811785 cuda_h.py:27] end restore_fused_tensors cost 0.574 ms
DEBUG 04-24 09:59:15.811098.811098 cuda_h.py:27] end group_fused_tensors_mp cost 1.090 ms
DEBUG 04-24 09:59:15.812932.812932 cuda_h.py:27] end group stack cost 2.499 ms
DEBUG 04-24 09:59:15.812383.812383 cuda_h.py:27] end restore2model cost 1.966 ms
DEBUG 04-24 09:59:15.812032.812032 cuda_h.py:27] end sllm_worker_task cost 12.875 ms
DEBUG 04-24 09:59:15.812013.812013 cuda_h.py:27] end move_flatidxs_group_fused_mp cost 3.771 ms
DEBUG 04-24 09:59:15.812275.812275 cuda_h.py:27] end restore_fused_tensors cost 1.386 ms
DEBUG 04-24 09:59:15.813679.813679 cuda_h.py:27] end get_fused_experts_names_w cost 0.041 ms
DEBUG 04-24 09:59:15.812095.812095 cuda_h.py:27] end group_fused_tensors_mp cost 2.109 ms
DEBUG 04-24 09:59:15.814736.814736 cuda_h.py:27] end restore_fused_tensors cost 1.021 ms
DEBUG 04-24 09:59:15.814508.814508 cuda_h.py:27] end group_fused_tensors_mp cost 1.296 ms
DEBUG 04-24 09:59:15.822540.822540 mlpmodule.py:3373] [fused_group_bmm][steps] bmm1=8.289 ms split=0.119 ms act_mul=0.345 ms bmm2=2.383 ms
DEBUG 04-24 09:59:15.822846.822846 cuda_h.py:27] end fused_group_bmm cost 11.380 ms
DEBUG 04-24 09:59:15.823074.823074 cuda_h.py:27] end gather_outputs_group_fused_mp cost 0.601 ms
DEBUG 04-24 09:59:15.824243.824243 cuda_h.py:27] end cpu_experts_worker_bmm_or_einsum_1 cost 17.662 ms
DEBUG 04-24 09:59:15.825294.825294 mlpmodule.py:3373] [fused_group_bmm][steps] bmm1=8.790 ms split=0.078 ms act_mul=0.556 ms bmm2=3.528 ms
DEBUG 04-24 09:59:15.825014.825014 cuda_h.py:27] end fused_group_bmm cost 13.119 ms
DEBUG 04-24 09:59:15.825086.825086 cuda_h.py:27] end gather_outputs_group_fused_mp cost 0.322 ms
DEBUG 04-24 09:59:15.825132.825132 cuda_h.py:27] end cpu_experts_worker_bmm_or_einsum_3 cost 18.516 ms
DEBUG 04-24 09:59:15.827814.827814 mlpmodule.py:3373] [fused_group_bmm][steps] bmm1=9.097 ms split=0.154 ms act_mul=0.573 ms bmm2=3.001 ms
DEBUG 04-24 09:59:15.827750.827750 cuda_h.py:27] end fused_group_bmm cost 13.134 ms
DEBUG 04-24 09:59:15.828870.828870 mlpmodule.py:3373] [fused_group_bmm][steps] bmm1=10.470 ms split=0.094 ms act_mul=0.371 ms bmm2=3.803 ms
DEBUG 04-24 09:59:15.828784.828784 cuda_h.py:27] end fused_group_bmm cost 14.951 ms
DEBUG 04-24 09:59:15.828877.828877 cuda_h.py:27] end gather_outputs_group_fused_mp cost 0.718 ms
DEBUG 04-24 09:59:15.828687.828687 cuda_h.py:27] end gather_outputs_group_fused_mp cost 0.405 ms
DEBUG 04-24 09:59:15.828338.828338 cuda_h.py:27] end cpu_experts_worker_bmm_or_einsum_0 cost 22.347 ms
DEBUG 04-24 09:59:15.828982.828982 cuda_h.py:27] end cpu_experts_worker_bmm_or_einsum_2 cost 21.406 ms
DEBUG 04-24 09:59:15.832117.832117 cuda_h.py:27] end cpu_thread_manager_mp_wait_fused cost 25.309 ms
DEBUG 04-24 09:59:15.832138.832138 cuda_h.py:27] end *single cpu experts* cost 27.166 ms
DEBUG 04-24 09:59:15.834310.834310 sllm_store_c.py:27] get device uuid map
DEBUG 04-24 09:59:15.834449.834449 sllm_store_c.py:29] call client load into gpu
DEBUG 04-24 09:59:15.838953.838953 cuda_h.py:27] end load_into_gpu_async_fused_experts_dual cost 4.166 ms
DEBUG 04-24 09:59:15.838506.838506 cuda_h.py:27] end restore_tensors2_fused_experts_packed cost 0.136 ms
DEBUG 04-24 09:59:15.839213.839213 cuda_h.py:27] end restore_tensors2_fused_experts_slices cost 0.646 ms
DEBUG 04-24 09:59:15.840100.840100 cuda_h.py:27] end allocate_experts_cuda_memory_and_restore_model_multi_device_fused cost 7.497 ms
DEBUG 04-24 09:59:15.840096.840096 cuda_h.py:27] end gpu_sexperts cost 0.009 ms
DEBUG 04-24 09:59:15.840342.840342 cuda_h.py:27] end wait_load_qkvogn_s_weight cost 0.035 ms
DEBUG 04-24 09:59:15.853556.853556 cuda_h.py:27] end prepare_per_device_parameters cost 12.975 ms
DEBUG 04-24 09:59:15.859235.859235 cuda_h.py:27] end wait_experts_multi_device cost 5.934 ms
DEBUG 04-24 09:59:15.859869.859869 cuda_h.py:27] end *before fused experts* cost 27.318 ms
DEBUG 04-24 09:59:15.866802.866802 cuda_h.py:27] end gpu_experts_multi_device_fused cost 6.578 ms
DEBUG 04-24 09:59:15.866913.866913 cuda_h.py:27] end *gpu experts* cost 34.170 ms
DEBUG 04-24 09:59:15.866493.866493 cuda_h.py:27] end layer_moe_generate_mp_multi_device_fused_l_14 cost 63.559 ms
DEBUG 04-24 09:59:15.868454.868454 cuda_h.py:27] end *mlp cost 64.966 ms
DEBUG 04-24 09:59:15.868339.868339 cuda_h.py:27] end prefill_layer cost 68.910 ms
DEBUG 04-24 09:59:15.868301.868301 lmp.py:320] -------------------------------- end prefill layer 13 --------------------------------
DEBUG 04-24 09:59:15.868985.868985 lmp.py:273] -------------------------------- start prefill layer 14 --------------------------------
DEBUG 04-24 09:59:15.868007.868007 cuda_h.py:27] end start_load_qkvogn_s_weight_l_15 cost 0.048 ms
DEBUG 04-24 09:59:15.869636.869636 cuda_h.py:27] end allocate_cuda_memory cost 0.391 ms
DEBUG 04-24 09:59:15.869884.869884 sllm_store_c.py:27] get device uuid map
DEBUG 04-24 09:59:15.869830.869830 sllm_store_c.py:29] call client load into gpu
DEBUG 04-24 09:59:15.871623.871623 cuda_h.py:27] end **self_attn cost 2.038 ms
DEBUG 04-24 09:59:15.872059.872059 cuda_h.py:27] end load_into_gpu_async cost 2.652 ms
DEBUG 04-24 09:59:15.872363.872363 cuda_h.py:27] end *iln_self_attn_paln cost 3.755 ms
DEBUG 04-24 09:59:15.872252.872252 cuda_h.py:27] end restore_tensors2 cost 0.179 ms
DEBUG 04-24 09:59:15.872138.872138 cuda_h.py:27] end allocate_cuda_memory_and_load_into_gpu cost 4.222 ms
DEBUG 04-24 09:59:15.873009.873009 cuda_h.py:27] end gate cost 0.937 ms
DEBUG 04-24 09:59:15.873997.873997 cuda_h.py:27] end experts_map_get cost 0.345 ms
DEBUG 04-24 09:59:15.874509.874509 cuda_h.py:27] end *before experts start* cost 1.459 ms
DEBUG 04-24 09:59:15.874522.874522 cuda_h.py:27] end cpu_experts_submit_fused_mp cost 0.153 ms
DEBUG 04-24 09:59:15.877528.877528 cuda_h.py:27] end prepare_group_stack cost 0.724 ms
DEBUG 04-24 09:59:15.878330.878330 cuda_h.py:27] end prepare_group_stack cost 0.644 ms
DEBUG 04-24 09:59:15.878974.878974 cuda_h.py:27] end prepare_group_stack cost 0.729 ms
DEBUG 04-24 09:59:15.879044.879044 cuda_h.py:27] end group stack cost 1.965 ms
DEBUG 04-24 09:59:15.879634.879634 cuda_h.py:27] end move_flatidxs_group_fused_mp cost 3.161 ms
DEBUG 04-24 09:59:15.879264.879264 cuda_h.py:27] end prepare_group_stack cost 1.233 ms
DEBUG 04-24 09:59:15.880198.880198 cuda_h.py:27] end get_fused_experts_names_w cost 0.034 ms
DEBUG 04-24 09:59:15.880206.880206 cuda_h.py:27] end group stack cost 1.625 ms
DEBUG 04-24 09:59:15.880676.880676 cuda_h.py:27] end move_flatidxs_group_fused_mp cost 2.946 ms
DEBUG 04-24 09:59:15.880231.880231 cuda_h.py:27] end group stack cost 2.383 ms
DEBUG 04-24 09:59:15.880244.880244 cuda_h.py:27] end get_fused_experts_names_w cost 0.032 ms
DEBUG 04-24 09:59:15.880775.880775 cuda_h.py:27] end move_flatidxs_group_fused_mp cost 3.459 ms
DEBUG 04-24 09:59:15.881270.881270 cuda_h.py:27] end restore_fused_tensors cost 0.857 ms
DEBUG 04-24 09:59:15.881372.881372 cuda_h.py:27] end get_fused_experts_names_w cost 0.042 ms
DEBUG 04-24 09:59:15.881924.881924 cuda_h.py:27] end group_fused_tensors_mp cost 1.350 ms
DEBUG 04-24 09:59:15.881175.881175 cuda_h.py:27] end group stack cost 1.491 ms
DEBUG 04-24 09:59:15.881439.881439 cuda_h.py:27] end restore_fused_tensors cost 0.780 ms
DEBUG 04-24 09:59:15.881224.881224 cuda_h.py:27] end group_fused_tensors_mp cost 1.041 ms
DEBUG 04-24 09:59:15.881257.881257 cuda_h.py:27] end move_flatidxs_group_fused_mp cost 3.446 ms
DEBUG 04-24 09:59:15.881464.881464 cuda_h.py:27] end restore2model cost 1.324 ms
DEBUG 04-24 09:59:15.882864.882864 cuda_h.py:27] end get_fused_experts_names_w cost 0.032 ms
DEBUG 04-24 09:59:15.882487.882487 cuda_h.py:27] end sllm_worker_task cost 13.647 ms
DEBUG 04-24 09:59:15.882799.882799 cuda_h.py:27] end restore_fused_tensors cost 1.149 ms
DEBUG 04-24 09:59:15.882996.882996 cuda_h.py:27] end group_fused_tensors_mp cost 1.455 ms
DEBUG 04-24 09:59:15.883602.883602 cuda_h.py:27] end restore_fused_tensors cost 0.983 ms
DEBUG 04-24 09:59:15.883024.883024 cuda_h.py:27] end group_fused_tensors_mp cost 1.243 ms
DEBUG 04-24 09:59:15.893589.893589 mlpmodule.py:3373] [fused_group_bmm][steps] bmm1=8.758 ms split=0.132 ms act_mul=0.358 ms bmm2=2.586 ms
DEBUG 04-24 09:59:15.894188.894188 cuda_h.py:27] end fused_group_bmm cost 12.122 ms
DEBUG 04-24 09:59:15.894304.894304 cuda_h.py:27] end gather_outputs_group_fused_mp cost 0.625 ms
DEBUG 04-24 09:59:15.894481.894481 mlpmodule.py:3373] [fused_group_bmm][steps] bmm1=8.544 ms split=0.103 ms act_mul=0.364 ms bmm2=2.159 ms
DEBUG 04-24 09:59:15.895084.895084 cuda_h.py:27] end fused_group_bmm cost 11.626 ms
DEBUG 04-24 09:59:15.895915.895915 cuda_h.py:27] end cpu_experts_worker_bmm_or_einsum_1 cost 20.079 ms
DEBUG 04-24 09:59:15.896451.896451 cuda_h.py:27] end gather_outputs_group_fused_mp cost 0.653 ms
DEBUG 04-24 09:59:15.896274.896274 mlpmodule.py:3373] [fused_group_bmm][steps] bmm1=9.332 ms split=0.089 ms act_mul=0.596 ms bmm2=4.289 ms
DEBUG 04-24 09:59:15.896319.896319 cuda_h.py:27] end fused_group_bmm cost 14.468 ms
DEBUG 04-24 09:59:15.896398.896398 cuda_h.py:27] end cpu_experts_worker_bmm_or_einsum_0 cost 19.338 ms
DEBUG 04-24 09:59:15.897377.897377 cuda_h.py:27] end gather_outputs_group_fused_mp cost 0.312 ms
DEBUG 04-24 09:59:15.897628.897628 mlpmodule.py:3373] [fused_group_bmm][steps] bmm1=9.607 ms split=0.126 ms act_mul=0.646 ms bmm2=3.685 ms
DEBUG 04-24 09:59:15.897825.897825 cuda_h.py:27] end fused_group_bmm cost 14.450 ms
DEBUG 04-24 09:59:15.897590.897590 cuda_h.py:27] end cpu_experts_worker_bmm_or_einsum_3 cost 21.056 ms
DEBUG 04-24 09:59:15.898485.898485 cuda_h.py:27] end gather_outputs_group_fused_mp cost 0.558 ms
DEBUG 04-24 09:59:15.898012.898012 cuda_h.py:27] end cpu_experts_worker_bmm_or_einsum_2 cost 22.259 ms
DEBUG 04-24 09:59:15.901577.901577 cuda_h.py:27] end cpu_thread_manager_mp_wait_fused cost 25.529 ms
DEBUG 04-24 09:59:15.901405.901405 cuda_h.py:27] end *single cpu experts* cost 27.512 ms
DEBUG 04-24 09:59:15.904797.904797 sllm_store_c.py:27] get device uuid map
DEBUG 04-24 09:59:15.904520.904520 sllm_store_c.py:29] call client load into gpu
DEBUG 04-24 09:59:15.907305.907305 cuda_h.py:27] end load_into_gpu_async_fused_experts_dual cost 3.299 ms
DEBUG 04-24 09:59:15.907812.907812 cuda_h.py:27] end restore_tensors2_fused_experts_packed cost 0.162 ms
DEBUG 04-24 09:59:15.908506.908506 cuda_h.py:27] end restore_tensors2_fused_experts_slices cost 0.530 ms
DEBUG 04-24 09:59:15.908008.908008 cuda_h.py:27] end allocate_experts_cuda_memory_and_restore_model_multi_device_fused cost 6.848 ms
DEBUG 04-24 09:59:15.908819.908819 cuda_h.py:27] end gpu_sexperts cost 0.008 ms
DEBUG 04-24 09:59:15.909466.909466 cuda_h.py:27] end wait_load_qkvogn_s_weight cost 0.033 ms
DEBUG 04-24 09:59:15.918208.918208 cuda_h.py:27] end prepare_per_device_parameters cost 9.108 ms
DEBUG 04-24 09:59:16.103223.103223 cuda_h.py:27] end wait_experts_multi_device cost 184.219 ms
DEBUG 04-24 09:59:16.103257.103257 cuda_h.py:27] end *before fused experts* cost 201.385 ms
DEBUG 04-24 09:59:16.112799.112799 cuda_h.py:27] end gpu_experts_multi_device_fused cost 9.178 ms
DEBUG 04-24 09:59:16.112803.112803 cuda_h.py:27] end *gpu experts* cost 210.789 ms
DEBUG 04-24 09:59:16.112839.112839 cuda_h.py:27] end layer_moe_generate_mp_multi_device_fused_l_15 cost 240.147 ms
DEBUG 04-24 09:59:16.114586.114586 cuda_h.py:27] end *mlp cost 241.677 ms
DEBUG 04-24 09:59:16.114682.114682 cuda_h.py:27] end prefill_layer cost 245.923 ms
DEBUG 04-24 09:59:16.114128.114128 lmp.py:320] -------------------------------- end prefill layer 14 --------------------------------
DEBUG 04-24 09:59:16.114612.114612 lmp.py:273] -------------------------------- start prefill layer 15 --------------------------------
DEBUG 04-24 09:59:16.114470.114470 cuda_h.py:27] end start_load_qkvogn_s_weight_l_16 cost 0.051 ms
DEBUG 04-24 09:59:16.114588.114588 cuda_h.py:27] end allocate_cuda_memory cost 0.240 ms
DEBUG 04-24 09:59:16.115324.115324 sllm_store_c.py:27] get device uuid map
DEBUG 04-24 09:59:16.115088.115088 sllm_store_c.py:29] call client load into gpu
DEBUG 04-24 09:59:16.117353.117353 cuda_h.py:27] end **self_attn cost 1.910 ms
DEBUG 04-24 09:59:16.117139.117139 cuda_h.py:27] end *iln_self_attn_paln cost 3.224 ms
DEBUG 04-24 09:59:16.117294.117294 cuda_h.py:27] end load_into_gpu_async cost 2.678 ms
DEBUG 04-24 09:59:16.118462.118462 cuda_h.py:27] end restore_tensors2 cost 0.099 ms
DEBUG 04-24 09:59:16.118737.118737 cuda_h.py:27] end allocate_cuda_memory_and_load_into_gpu cost 3.738 ms
DEBUG 04-24 09:59:16.119258.119258 cuda_h.py:27] end gate cost 1.020 ms
DEBUG 04-24 09:59:16.119714.119714 cuda_h.py:27] end experts_map_get cost 0.420 ms
DEBUG 04-24 09:59:16.119630.119630 cuda_h.py:27] end *before experts start* cost 1.660 ms
DEBUG 04-24 09:59:16.119136.119136 cuda_h.py:27] end cpu_experts_submit_fused_mp cost 0.219 ms
DEBUG 04-24 09:59:16.123055.123055 cuda_h.py:27] end prepare_group_stack cost 0.672 ms
DEBUG 04-24 09:59:16.123806.123806 cuda_h.py:27] end prepare_group_stack cost 0.507 ms
DEBUG 04-24 09:59:16.123933.123933 cuda_h.py:27] end prepare_group_stack cost 0.509 ms
DEBUG 04-24 09:59:16.124872.124872 cuda_h.py:27] end group stack cost 1.622 ms
DEBUG 04-24 09:59:16.125121.125121 cuda_h.py:27] end group stack cost 1.142 ms
DEBUG 04-24 09:59:16.125654.125654 cuda_h.py:27] end group stack cost 1.251 ms
DEBUG 04-24 09:59:16.125548.125548 cuda_h.py:27] end move_flatidxs_group_fused_mp cost 2.761 ms
DEBUG 04-24 09:59:16.125688.125688 cuda_h.py:27] end move_flatidxs_group_fused_mp cost 1.960 ms
DEBUG 04-24 09:59:16.125154.125154 cuda_h.py:27] end prepare_group_stack cost 0.729 ms
DEBUG 04-24 09:59:16.125873.125873 cuda_h.py:27] end move_flatidxs_group_fused_mp cost 2.316 ms
DEBUG 04-24 09:59:16.125106.125106 cuda_h.py:27] end get_fused_experts_names_w cost 0.022 ms
DEBUG 04-24 09:59:16.125543.125543 cuda_h.py:27] end get_fused_experts_names_w cost 0.033 ms
DEBUG 04-24 09:59:16.125433.125433 cuda_h.py:27] end get_fused_experts_names_w cost 0.021 ms
DEBUG 04-24 09:59:16.126650.126650 cuda_h.py:27] end restore_fused_tensors cost 0.550 ms
DEBUG 04-24 09:59:16.126235.126235 cuda_h.py:27] end group_fused_tensors_mp cost 0.719 ms
DEBUG 04-24 09:59:16.126911.126911 cuda_h.py:27] end restore_fused_tensors cost 0.543 ms
DEBUG 04-24 09:59:16.126601.126601 cuda_h.py:27] end group_fused_tensors_mp cost 1.093 ms
DEBUG 04-24 09:59:16.126865.126865 cuda_h.py:27] end restore_fused_tensors cost 1.020 ms
DEBUG 04-24 09:59:16.126565.126565 cuda_h.py:27] end group_fused_tensors_mp cost 1.283 ms
DEBUG 04-24 09:59:16.127109.127109 cuda_h.py:27] end restore2model cost 0.985 ms
DEBUG 04-24 09:59:16.127714.127714 cuda_h.py:27] end sllm_worker_task cost 12.957 ms
DEBUG 04-24 09:59:16.127954.127954 cuda_h.py:27] end group stack cost 2.326 ms
DEBUG 04-24 09:59:16.128360.128360 cuda_h.py:27] end move_flatidxs_group_fused_mp cost 3.988 ms
DEBUG 04-24 09:59:16.128178.128178 cuda_h.py:27] end get_fused_experts_names_w cost 0.066 ms
DEBUG 04-24 09:59:16.130696.130696 cuda_h.py:27] end restore_fused_tensors cost 1.507 ms
DEBUG 04-24 09:59:16.131392.131392 cuda_h.py:27] end group_fused_tensors_mp cost 2.300 ms
DEBUG 04-24 09:59:16.139381.139381 mlpmodule.py:3373] [fused_group_bmm][steps] bmm1=6.888 ms split=0.133 ms act_mul=0.549 ms bmm2=4.549 ms
DEBUG 04-24 09:59:16.139865.139865 cuda_h.py:27] end fused_group_bmm cost 12.361 ms
DEBUG 04-24 09:59:16.139817.139817 mlpmodule.py:3373] [fused_group_bmm][steps] bmm1=8.455 ms split=0.107 ms act_mul=0.531 ms bmm2=4.383 ms
DEBUG 04-24 09:59:16.139864.139864 mlpmodule.py:3373] [fused_group_bmm][steps] bmm1=8.048 ms split=0.058 ms act_mul=0.342 ms bmm2=4.572 ms
DEBUG 04-24 09:59:16.140513.140513 cuda_h.py:27] end gather_outputs_group_fused_mp cost 0.435 ms
DEBUG 04-24 09:59:16.140052.140052 cuda_h.py:27] end fused_group_bmm cost 13.779 ms
DEBUG 04-24 09:59:16.140873.140873 cuda_h.py:27] end fused_group_bmm cost 13.333 ms
DEBUG 04-24 09:59:16.140912.140912 cuda_h.py:27] end cpu_experts_worker_bmm_or_einsum_0 cost 19.311 ms
DEBUG 04-24 09:59:16.140412.140412 cuda_h.py:27] end gather_outputs_group_fused_mp cost 0.451 ms
DEBUG 04-24 09:59:16.140512.140512 cuda_h.py:27] end gather_outputs_group_fused_mp cost 0.459 ms
DEBUG 04-24 09:59:16.141592.141592 cuda_h.py:27] end cpu_experts_worker_bmm_or_einsum_1 cost 19.391 ms
DEBUG 04-24 09:59:16.141977.141977 cuda_h.py:27] end cpu_experts_worker_bmm_or_einsum_3 cost 19.428 ms
DEBUG 04-24 09:59:16.142085.142085 mlpmodule.py:3373] [fused_group_bmm][steps] bmm1=7.893 ms split=0.132 ms act_mul=0.360 ms bmm2=2.817 ms
DEBUG 04-24 09:59:16.143185.143185 cuda_h.py:27] end fused_group_bmm cost 11.450 ms
DEBUG 04-24 09:59:16.143952.143952 cuda_h.py:27] end gather_outputs_group_fused_mp cost 0.681 ms
DEBUG 04-24 09:59:16.144877.144877 cuda_h.py:27] end cpu_experts_worker_bmm_or_einsum_2 cost 20.787 ms
DEBUG 04-24 09:59:16.145258.145258 cuda_h.py:27] end cpu_thread_manager_mp_wait_fused cost 23.847 ms
DEBUG 04-24 09:59:16.146787.146787 cuda_h.py:27] end *single cpu experts* cost 26.402 ms
DEBUG 04-24 09:59:16.147664.147664 sllm_store_c.py:27] get device uuid map
DEBUG 04-24 09:59:16.147040.147040 sllm_store_c.py:29] call client load into gpu
DEBUG 04-24 09:59:16.150615.150615 cuda_h.py:27] end load_into_gpu_async_fused_experts_dual cost 2.677 ms
DEBUG 04-24 09:59:16.150408.150408 cuda_h.py:27] end restore_tensors2_fused_experts_packed cost 0.091 ms
DEBUG 04-24 09:59:16.151658.151658 cuda_h.py:27] end restore_tensors2_fused_experts_slices cost 0.298 ms
DEBUG 04-24 09:59:16.151403.151403 cuda_h.py:27] end allocate_experts_cuda_memory_and_restore_model_multi_device_fused cost 4.835 ms
DEBUG 04-24 09:59:16.151858.151858 cuda_h.py:27] end gpu_sexperts cost 0.006 ms
DEBUG 04-24 09:59:16.151940.151940 cuda_h.py:27] end wait_load_qkvogn_s_weight cost 0.026 ms
DEBUG 04-24 09:59:16.164774.164774 cuda_h.py:27] end prepare_per_device_parameters cost 12.480 ms
DEBUG 04-24 09:59:16.167693.167693 cuda_h.py:27] end wait_experts_multi_device cost 2.963 ms
DEBUG 04-24 09:59:16.167887.167887 cuda_h.py:27] end *before fused experts* cost 20.896 ms
DEBUG 04-24 09:59:16.172487.172487 cuda_h.py:27] end gpu_experts_multi_device_fused cost 5.596 ms
DEBUG 04-24 09:59:16.173364.173364 cuda_h.py:27] end *gpu experts* cost 26.622 ms
DEBUG 04-24 09:59:16.173280.173280 cuda_h.py:27] end layer_moe_generate_mp_multi_device_fused_l_16 cost 55.091 ms
DEBUG 04-24 09:59:16.174869.174869 cuda_h.py:27] end *mlp cost 56.474 ms
DEBUG 04-24 09:59:16.174343.174343 cuda_h.py:27] end prefill_layer cost 60.195 ms
DEBUG 04-24 09:59:16.174145.174145 lmp.py:320] -------------------------------- end prefill layer 15 --------------------------------
DEBUG 04-24 09:59:16.174895.174895 lmp.py:273] -------------------------------- start prefill layer 16 --------------------------------
DEBUG 04-24 09:59:16.174520.174520 cuda_h.py:27] end start_load_qkvogn_s_weight_l_17 cost 0.039 ms
DEBUG 04-24 09:59:16.175206.175206 cuda_h.py:27] end allocate_cuda_memory cost 0.194 ms
DEBUG 04-24 09:59:16.175305.175305 sllm_store_c.py:27] get device uuid map
DEBUG 04-24 09:59:16.175344.175344 sllm_store_c.py:29] call client load into gpu
DEBUG 04-24 09:59:16.176289.176289 cuda_h.py:27] end load_into_gpu_async cost 1.495 ms
DEBUG 04-24 09:59:16.176288.176288 cuda_h.py:27] end restore_tensors2 cost 0.101 ms
DEBUG 04-24 09:59:16.177943.177943 cuda_h.py:27] end allocate_cuda_memory_and_load_into_gpu cost 2.480 ms
DEBUG 04-24 09:59:16.177402.177402 cuda_h.py:27] end **self_attn cost 1.950 ms
DEBUG 04-24 09:59:16.178543.178543 cuda_h.py:27] end *iln_self_attn_paln cost 3.329 ms
DEBUG 04-24 09:59:16.178713.178713 cuda_h.py:27] end gate cost 0.627 ms
DEBUG 04-24 09:59:16.179635.179635 cuda_h.py:27] end experts_map_get cost 0.332 ms
DEBUG 04-24 09:59:16.179068.179068 cuda_h.py:27] end *before experts start* cost 1.145 ms
DEBUG 04-24 09:59:16.179889.179889 cuda_h.py:27] end cpu_experts_submit_fused_mp cost 0.152 ms
DEBUG 04-24 09:59:16.184406.184406 cuda_h.py:27] end prepare_group_stack cost 2.745 ms
DEBUG 04-24 09:59:16.185979.185979 cuda_h.py:27] end prepare_group_stack cost 3.687 ms
DEBUG 04-24 09:59:16.186655.186655 cuda_h.py:27] end group stack cost 1.342 ms
DEBUG 04-24 09:59:16.186917.186917 cuda_h.py:27] end move_flatidxs_group_fused_mp cost 4.593 ms
DEBUG 04-24 09:59:16.186397.186397 cuda_h.py:27] end get_fused_experts_names_w cost 0.026 ms
DEBUG 04-24 09:59:16.187666.187666 cuda_h.py:27] end restore_fused_tensors cost 0.711 ms
DEBUG 04-24 09:59:16.187974.187974 cuda_h.py:27] end group_fused_tensors_mp cost 1.022 ms
DEBUG 04-24 09:59:16.187794.187794 cuda_h.py:27] end group stack cost 1.605 ms
DEBUG 04-24 09:59:16.187266.187266 cuda_h.py:27] end move_flatidxs_group_fused_mp cost 5.756 ms
DEBUG 04-24 09:59:16.187161.187161 cuda_h.py:27] end restore2model cost 1.163 ms
DEBUG 04-24 09:59:16.188375.188375 cuda_h.py:27] end get_fused_experts_names_w cost 0.040 ms
DEBUG 04-24 09:59:16.188947.188947 cuda_h.py:27] end sllm_worker_task cost 13.261 ms
DEBUG 04-24 09:59:16.188294.188294 cuda_h.py:27] end prepare_group_stack cost 6.274 ms
DEBUG 04-24 09:59:16.189843.189843 cuda_h.py:27] end restore_fused_tensors cost 1.052 ms
DEBUG 04-24 09:59:16.189765.189765 cuda_h.py:27] end group stack cost 1.079 ms
DEBUG 04-24 09:59:16.189530.189530 cuda_h.py:27] end move_flatidxs_group_fused_mp cost 7.637 ms
DEBUG 04-24 09:59:16.189404.189404 cuda_h.py:27] end group_fused_tensors_mp cost 1.508 ms
DEBUG 04-24 09:59:16.189241.189241 cuda_h.py:27] end get_fused_experts_names_w cost 0.020 ms
DEBUG 04-24 09:59:16.190819.190819 cuda_h.py:27] end restore_fused_tensors cost 0.534 ms
DEBUG 04-24 09:59:16.190053.190053 cuda_h.py:27] end group_fused_tensors_mp cost 0.937 ms
DEBUG 04-24 09:59:16.199359.199359 cuda_h.py:27] end prepare_group_stack cost 16.387 ms
DEBUG 04-24 09:59:16.201635.201635 mlpmodule.py:3373] [fused_group_bmm][steps] bmm1=7.635 ms split=0.080 ms act_mul=0.648 ms bmm2=3.628 ms
DEBUG 04-24 09:59:16.201273.201273 cuda_h.py:27] end fused_group_bmm cost 12.289 ms
DEBUG 04-24 09:59:16.202615.202615 cuda_h.py:27] end gather_outputs_group_fused_mp cost 0.479 ms
DEBUG 04-24 09:59:16.203547.203547 cuda_h.py:27] end cpu_experts_worker_bmm_or_einsum_0 cost 21.906 ms
DEBUG 04-24 09:59:16.203738.203738 mlpmodule.py:3373] [fused_group_bmm][steps] bmm1=7.183 ms split=0.054 ms act_mul=0.525 ms bmm2=5.425 ms
DEBUG 04-24 09:59:16.203445.203445 cuda_h.py:27] end fused_group_bmm cost 13.375 ms
DEBUG 04-24 09:59:16.204406.204406 cuda_h.py:27] end gather_outputs_group_fused_mp cost 0.347 ms
DEBUG 04-24 09:59:16.204673.204673 cuda_h.py:27] end cpu_experts_worker_bmm_or_einsum_1 cost 23.780 ms
DEBUG 04-24 09:59:16.203099.203099 mlpmodule.py:3373] [fused_group_bmm][steps] bmm1=8.323 ms split=0.316 ms act_mul=0.529 ms bmm2=6.618 ms
DEBUG 04-24 09:59:16.206201.206201 cuda_h.py:27] end fused_group_bmm cost 18.659 ms
DEBUG 04-24 09:59:16.207567.207567 cuda_h.py:27] end gather_outputs_group_fused_mp cost 0.365 ms
DEBUG 04-24 09:59:16.207734.207734 cuda_h.py:27] end cpu_experts_worker_bmm_or_einsum_3 cost 26.412 ms
DEBUG 04-24 09:59:16.214001.214001 cuda_h.py:27] end group stack cost 14.287 ms
DEBUG 04-24 09:59:16.214031.214031 cuda_h.py:27] end move_flatidxs_group_fused_mp cost 31.237 ms
DEBUG 04-24 09:59:16.214717.214717 cuda_h.py:27] end get_fused_experts_names_w cost 0.023 ms
DEBUG 04-24 09:59:16.215068.215068 cuda_h.py:27] end restore_fused_tensors cost 0.434 ms
DEBUG 04-24 09:59:16.215203.215203 cuda_h.py:27] end group_fused_tensors_mp cost 0.702 ms
DEBUG 04-24 09:59:16.224009.224009 mlpmodule.py:3373] [fused_group_bmm][steps] bmm1=4.440 ms split=0.097 ms act_mul=0.314 ms bmm2=3.823 ms
DEBUG 04-24 09:59:16.224281.224281 cuda_h.py:27] end fused_group_bmm cost 8.907 ms
DEBUG 04-24 09:59:16.225181.225181 cuda_h.py:27] end gather_outputs_group_fused_mp cost 0.543 ms
DEBUG 04-24 09:59:16.225191.225191 cuda_h.py:27] end cpu_experts_worker_bmm_or_einsum_2 cost 43.812 ms
DEBUG 04-24 09:59:16.226671.226671 cuda_h.py:27] end cpu_thread_manager_mp_wait_fused cost 46.179 ms
DEBUG 04-24 09:59:16.227463.227463 cuda_h.py:27] end *single cpu experts* cost 47.763 ms
DEBUG 04-24 09:59:16.228595.228595 sllm_store_c.py:27] get device uuid map
DEBUG 04-24 09:59:16.228380.228380 sllm_store_c.py:29] call client load into gpu
DEBUG 04-24 09:59:16.231026.231026 cuda_h.py:27] end load_into_gpu_async_fused_experts_dual cost 2.764 ms
DEBUG 04-24 09:59:16.231240.231240 cuda_h.py:27] end restore_tensors2_fused_experts_packed cost 0.125 ms
DEBUG 04-24 09:59:16.232378.232378 cuda_h.py:27] end restore_tensors2_fused_experts_slices cost 0.329 ms
DEBUG 04-24 09:59:16.232573.232573 cuda_h.py:27] end allocate_experts_cuda_memory_and_restore_model_multi_device_fused cost 4.864 ms
DEBUG 04-24 09:59:16.232936.232936 cuda_h.py:27] end gpu_sexperts cost 0.008 ms
DEBUG 04-24 09:59:16.232217.232217 cuda_h.py:27] end wait_load_qkvogn_s_weight cost 0.023 ms
DEBUG 04-24 09:59:16.246265.246265 cuda_h.py:27] end prepare_per_device_parameters cost 13.553 ms
DEBUG 04-24 09:59:16.250902.250902 cuda_h.py:27] end wait_experts_multi_device cost 3.926 ms
DEBUG 04-24 09:59:16.250682.250682 cuda_h.py:27] end *before fused experts* cost 22.955 ms
DEBUG 04-24 09:59:16.258502.258502 cuda_h.py:27] end gpu_experts_multi_device_fused cost 8.145 ms
DEBUG 04-24 09:59:16.258978.258978 cuda_h.py:27] end *gpu experts* cost 31.393 ms
DEBUG 04-24 09:59:16.258089.258089 cuda_h.py:27] end layer_moe_generate_mp_multi_device_fused_l_17 cost 80.682 ms
DEBUG 04-24 09:59:16.260471.260471 cuda_h.py:27] end *mlp cost 82.396 ms
DEBUG 04-24 09:59:16.260953.260953 cuda_h.py:27] end prefill_layer cost 85.989 ms
DEBUG 04-24 09:59:16.260240.260240 lmp.py:320] -------------------------------- end prefill layer 16 --------------------------------
DEBUG 04-24 09:59:16.261145.261145 lmp.py:273] -------------------------------- start prefill layer 17 --------------------------------
DEBUG 04-24 09:59:16.261249.261249 cuda_h.py:27] end start_load_qkvogn_s_weight_l_18 cost 0.067 ms
DEBUG 04-24 09:59:16.261781.261781 cuda_h.py:27] end allocate_cuda_memory cost 0.296 ms
DEBUG 04-24 09:59:16.261379.261379 sllm_store_c.py:27] get device uuid map
DEBUG 04-24 09:59:16.262708.262708 sllm_store_c.py:29] call client load into gpu
DEBUG 04-24 09:59:16.264919.264919 cuda_h.py:27] end load_into_gpu_async cost 2.080 ms
DEBUG 04-24 09:59:16.264895.264895 cuda_h.py:27] end restore_tensors2 cost 0.149 ms
DEBUG 04-24 09:59:16.264453.264453 cuda_h.py:27] end allocate_cuda_memory_and_load_into_gpu cost 3.215 ms
DEBUG 04-24 09:59:16.266718.266718 cuda_h.py:27] end **self_attn cost 3.382 ms
DEBUG 04-24 09:59:16.266530.266530 cuda_h.py:27] end *iln_self_attn_paln cost 5.313 ms
DEBUG 04-24 09:59:16.267179.267179 cuda_h.py:27] end gate cost 0.682 ms
DEBUG 04-24 09:59:16.267970.267970 cuda_h.py:27] end experts_map_get cost 0.371 ms
DEBUG 04-24 09:59:16.267105.267105 cuda_h.py:27] end *before experts start* cost 1.236 ms
DEBUG 04-24 09:59:16.267138.267138 cuda_h.py:27] end cpu_experts_submit_fused_mp cost 0.164 ms
DEBUG 04-24 09:59:16.271467.271467 cuda_h.py:27] end prepare_group_stack cost 0.709 ms
DEBUG 04-24 09:59:16.271740.271740 cuda_h.py:27] end prepare_group_stack cost 0.810 ms
DEBUG 04-24 09:59:16.272339.272339 cuda_h.py:27] end prepare_group_stack cost 0.659 ms
DEBUG 04-24 09:59:16.272978.272978 cuda_h.py:27] end prepare_group_stack cost 0.640 ms
DEBUG 04-24 09:59:16.273975.273975 cuda_h.py:27] end restore2model cost 0.839 ms
DEBUG 04-24 09:59:16.273322.273322 cuda_h.py:27] end sllm_worker_task cost 11.977 ms
DEBUG 04-24 09:59:16.273706.273706 cuda_h.py:27] end group stack cost 1.600 ms
DEBUG 04-24 09:59:16.273871.273871 cuda_h.py:27] end move_flatidxs_group_fused_mp cost 2.734 ms
DEBUG 04-24 09:59:16.273721.273721 cuda_h.py:27] end group stack cost 1.796 ms
DEBUG 04-24 09:59:16.274435.274435 cuda_h.py:27] end get_fused_experts_names_w cost 0.032 ms
DEBUG 04-24 09:59:16.274781.274781 cuda_h.py:27] end move_flatidxs_group_fused_mp cost 3.063 ms
DEBUG 04-24 09:59:16.274772.274772 cuda_h.py:27] end get_fused_experts_names_w cost 0.033 ms
DEBUG 04-24 09:59:16.274453.274453 cuda_h.py:27] end group stack cost 2.047 ms
DEBUG 04-24 09:59:16.274665.274665 cuda_h.py:27] end move_flatidxs_group_fused_mp cost 3.114 ms
DEBUG 04-24 09:59:16.274104.274104 cuda_h.py:27] end group stack cost 1.907 ms
DEBUG 04-24 09:59:16.274147.274147 cuda_h.py:27] end get_fused_experts_names_w cost 0.034 ms
DEBUG 04-24 09:59:16.275650.275650 cuda_h.py:27] end restore_fused_tensors cost 0.982 ms
DEBUG 04-24 09:59:16.275233.275233 cuda_h.py:27] end move_flatidxs_group_fused_mp cost 3.155 ms
DEBUG 04-24 09:59:16.275825.275825 cuda_h.py:27] end group_fused_tensors_mp cost 1.206 ms
DEBUG 04-24 09:59:16.275668.275668 cuda_h.py:27] end get_fused_experts_names_w cost 0.036 ms
DEBUG 04-24 09:59:16.275808.275808 cuda_h.py:27] end restore_fused_tensors cost 0.992 ms
DEBUG 04-24 09:59:16.275720.275720 cuda_h.py:27] end group_fused_tensors_mp cost 1.476 ms
DEBUG 04-24 09:59:16.276887.276887 cuda_h.py:27] end restore_fused_tensors cost 1.179 ms
DEBUG 04-24 09:59:16.276753.276753 cuda_h.py:27] end group_fused_tensors_mp cost 1.538 ms
DEBUG 04-24 09:59:16.276503.276503 cuda_h.py:27] end restore_fused_tensors cost 1.312 ms
DEBUG 04-24 09:59:16.277199.277199 cuda_h.py:27] end group_fused_tensors_mp cost 1.661 ms
DEBUG 04-24 09:59:16.292039.292039 mlpmodule.py:3373] [fused_group_bmm][steps] bmm1=9.663 ms split=0.106 ms act_mul=0.447 ms bmm2=5.965 ms
DEBUG 04-24 09:59:16.293787.293787 cuda_h.py:27] end fused_group_bmm cost 16.420 ms
DEBUG 04-24 09:59:16.293521.293521 mlpmodule.py:3373] [fused_group_bmm][steps] bmm1=10.787 ms split=0.083 ms act_mul=0.548 ms bmm2=6.080 ms
DEBUG 04-24 09:59:16.293878.293878 cuda_h.py:27] end fused_group_bmm cost 17.682 ms
DEBUG 04-24 09:59:16.293010.293010 mlpmodule.py:3373] [fused_group_bmm][steps] bmm1=11.242 ms split=0.083 ms act_mul=0.579 ms bmm2=5.246 ms
DEBUG 04-24 09:59:16.293408.293408 mlpmodule.py:3373] [fused_group_bmm][steps] bmm1=9.834 ms split=0.073 ms act_mul=0.817 ms bmm2=4.993 ms
DEBUG 04-24 09:59:16.293033.293033 cuda_h.py:27] end fused_group_bmm cost 17.471 ms
DEBUG 04-24 09:59:16.293997.293997 cuda_h.py:27] end gather_outputs_group_fused_mp cost 0.498 ms
DEBUG 04-24 09:59:16.293398.293398 cuda_h.py:27] end fused_group_bmm cost 16.055 ms
DEBUG 04-24 09:59:16.293508.293508 cuda_h.py:27] end gather_outputs_group_fused_mp cost 0.374 ms
DEBUG 04-24 09:59:16.294058.294058 cuda_h.py:27] end gather_outputs_group_fused_mp cost 0.366 ms
DEBUG 04-24 09:59:16.294179.294179 cuda_h.py:27] end gather_outputs_group_fused_mp cost 0.405 ms
DEBUG 04-24 09:59:16.294636.294636 cuda_h.py:27] end cpu_experts_worker_bmm_or_einsum_2 cost 23.082 ms
DEBUG 04-24 09:59:16.294066.294066 cuda_h.py:27] end cpu_experts_worker_bmm_or_einsum_0 cost 24.136 ms
DEBUG 04-24 09:59:16.294165.294165 cuda_h.py:27] end cpu_experts_worker_bmm_or_einsum_1 cost 24.348 ms
DEBUG 04-24 09:59:16.294946.294946 cuda_h.py:27] end cpu_experts_worker_bmm_or_einsum_3 cost 23.619 ms
DEBUG 04-24 09:59:16.297411.297411 cuda_h.py:27] end cpu_thread_manager_mp_wait_fused cost 27.200 ms
DEBUG 04-24 09:59:16.297905.297905 cuda_h.py:27] end *single cpu experts* cost 29.416 ms
DEBUG 04-24 09:59:16.298997.298997 sllm_store_c.py:27] get device uuid map
DEBUG 04-24 09:59:16.298040.298040 sllm_store_c.py:29] call client load into gpu
DEBUG 04-24 09:59:16.301867.301867 cuda_h.py:27] end load_into_gpu_async_fused_experts_dual cost 2.644 ms
DEBUG 04-24 09:59:16.301389.301389 cuda_h.py:27] end restore_tensors2_fused_experts_packed cost 0.087 ms
DEBUG 04-24 09:59:16.301857.301857 cuda_h.py:27] end restore_tensors2_fused_experts_slices cost 0.369 ms
DEBUG 04-24 09:59:16.301179.301179 cuda_h.py:27] end allocate_experts_cuda_memory_and_restore_model_multi_device_fused cost 4.574 ms
DEBUG 04-24 09:59:16.302339.302339 cuda_h.py:27] end gpu_sexperts cost 0.008 ms
DEBUG 04-24 09:59:16.302081.302081 cuda_h.py:27] end wait_load_qkvogn_s_weight cost 0.020 ms
DEBUG 04-24 09:59:16.315721.315721 cuda_h.py:27] end prepare_per_device_parameters cost 12.814 ms
DEBUG 04-24 09:59:16.318953.318953 cuda_h.py:27] end wait_experts_multi_device cost 2.913 ms
DEBUG 04-24 09:59:16.318935.318935 cuda_h.py:27] end *before fused experts* cost 21.014 ms
DEBUG 04-24 09:59:16.322705.322705 cuda_h.py:27] end gpu_experts_multi_device_fused cost 3.970 ms
DEBUG 04-24 09:59:16.322422.322422 cuda_h.py:27] end *gpu experts* cost 25.096 ms
DEBUG 04-24 09:59:16.322133.322133 cuda_h.py:27] end layer_moe_generate_mp_multi_device_fused_l_18 cost 55.893 ms
DEBUG 04-24 09:59:16.323086.323086 cuda_h.py:27] end *mlp cost 57.261 ms
DEBUG 04-24 09:59:16.323639.323639 cuda_h.py:27] end prefill_layer cost 62.834 ms
DEBUG 04-24 09:59:16.323157.323157 lmp.py:320] -------------------------------- end prefill layer 17 --------------------------------
DEBUG 04-24 09:59:16.324460.324460 lmp.py:273] -------------------------------- start prefill layer 18 --------------------------------
DEBUG 04-24 09:59:16.324833.324833 cuda_h.py:27] end start_load_qkvogn_s_weight_l_19 cost 0.037 ms
DEBUG 04-24 09:59:16.324968.324968 cuda_h.py:27] end allocate_cuda_memory cost 0.184 ms
DEBUG 04-24 09:59:16.324264.324264 sllm_store_c.py:27] get device uuid map
DEBUG 04-24 09:59:16.325210.325210 sllm_store_c.py:29] call client load into gpu
DEBUG 04-24 09:59:16.326748.326748 cuda_h.py:27] end **self_attn cost 1.348 ms
DEBUG 04-24 09:59:16.326119.326119 cuda_h.py:27] end load_into_gpu_async cost 1.784 ms
DEBUG 04-24 09:59:16.326521.326521 cuda_h.py:27] end *iln_self_attn_paln cost 2.420 ms
DEBUG 04-24 09:59:16.327501.327501 cuda_h.py:27] end restore_tensors2 cost 0.090 ms
DEBUG 04-24 09:59:16.327371.327371 cuda_h.py:27] end allocate_cuda_memory_and_load_into_gpu cost 2.978 ms
DEBUG 04-24 09:59:16.328354.328354 cuda_h.py:27] end gate cost 0.683 ms
DEBUG 04-24 09:59:16.328197.328197 cuda_h.py:27] end experts_map_get cost 0.338 ms
DEBUG 04-24 09:59:16.328318.328318 cuda_h.py:27] end *before experts start* cost 1.197 ms
DEBUG 04-24 09:59:16.328271.328271 cuda_h.py:27] end cpu_experts_submit_fused_mp cost 0.147 ms
DEBUG 04-24 09:59:16.331577.331577 cuda_h.py:27] end prepare_group_stack cost 0.422 ms
DEBUG 04-24 09:59:16.331533.331533 cuda_h.py:27] end prepare_group_stack cost 0.456 ms
DEBUG 04-24 09:59:16.332177.332177 cuda_h.py:27] end group stack cost 0.837 ms
DEBUG 04-24 09:59:16.332346.332346 cuda_h.py:27] end move_flatidxs_group_fused_mp cost 1.466 ms
DEBUG 04-24 09:59:16.332778.332778 cuda_h.py:27] end get_fused_experts_names_w cost 0.017 ms
DEBUG 04-24 09:59:16.333384.333384 cuda_h.py:27] end group stack cost 1.157 ms
DEBUG 04-24 09:59:16.333536.333536 cuda_h.py:27] end prepare_group_stack cost 0.683 ms
DEBUG 04-24 09:59:16.333173.333173 cuda_h.py:27] end prepare_group_stack cost 0.681 ms
DEBUG 04-24 09:59:16.333302.333302 cuda_h.py:27] end move_flatidxs_group_fused_mp cost 2.099 ms
DEBUG 04-24 09:59:16.333324.333324 cuda_h.py:27] end restore_fused_tensors cost 0.440 ms
DEBUG 04-24 09:59:16.333386.333386 cuda_h.py:27] end group_fused_tensors_mp cost 0.784 ms
DEBUG 04-24 09:59:16.333360.333360 cuda_h.py:27] end get_fused_experts_names_w cost 0.022 ms
DEBUG 04-24 09:59:16.334722.334722 cuda_h.py:27] end restore_fused_tensors cost 0.564 ms
DEBUG 04-24 09:59:16.334322.334322 cuda_h.py:27] end group_fused_tensors_mp cost 0.839 ms
DEBUG 04-24 09:59:16.334464.334464 cuda_h.py:27] end restore2model cost 0.751 ms
DEBUG 04-24 09:59:16.334007.334007 cuda_h.py:27] end group stack cost 1.454 ms
DEBUG 04-24 09:59:16.334850.334850 cuda_h.py:27] end sllm_worker_task cost 10.353 ms
DEBUG 04-24 09:59:16.335251.335251 cuda_h.py:27] end move_flatidxs_group_fused_mp cost 2.503 ms
DEBUG 04-24 09:59:16.335174.335174 cuda_h.py:27] end get_fused_experts_names_w cost 0.037 ms
DEBUG 04-24 09:59:16.335401.335401 cuda_h.py:27] end group stack cost 2.215 ms
DEBUG 04-24 09:59:16.336779.336779 cuda_h.py:27] end move_flatidxs_group_fused_mp cost 3.584 ms
DEBUG 04-24 09:59:16.336233.336233 cuda_h.py:27] end get_fused_experts_names_w cost 0.036 ms
DEBUG 04-24 09:59:16.336566.336566 cuda_h.py:27] end restore_fused_tensors cost 1.085 ms
DEBUG 04-24 09:59:16.336161.336161 cuda_h.py:27] end group_fused_tensors_mp cost 1.441 ms
DEBUG 04-24 09:59:16.337019.337019 cuda_h.py:27] end restore_fused_tensors cost 1.099 ms
DEBUG 04-24 09:59:16.337063.337063 cuda_h.py:27] end group_fused_tensors_mp cost 1.497 ms
DEBUG 04-24 09:59:16.346972.346972 mlpmodule.py:3373] [fused_group_bmm][steps] bmm1=5.754 ms split=0.118 ms act_mul=0.523 ms bmm2=3.421 ms
DEBUG 04-24 09:59:16.347231.347231 cuda_h.py:27] end fused_group_bmm cost 10.082 ms
DEBUG 04-24 09:59:16.347648.347648 mlpmodule.py:3373] [fused_group_bmm][steps] bmm1=8.104 ms split=0.093 ms act_mul=0.298 ms bmm2=4.048 ms
DEBUG 04-24 09:59:16.347608.347608 cuda_h.py:27] end fused_group_bmm cost 12.795 ms
DEBUG 04-24 09:59:16.347749.347749 cuda_h.py:27] end gather_outputs_group_fused_mp cost 0.371 ms
DEBUG 04-24 09:59:16.347091.347091 mlpmodule.py:3373] [fused_group_bmm][steps] bmm1=8.622 ms split=0.094 ms act_mul=0.333 ms bmm2=4.432 ms
DEBUG 04-24 09:59:16.347715.347715 cuda_h.py:27] end fused_group_bmm cost 13.748 ms
DEBUG 04-24 09:59:16.348719.348719 cuda_h.py:27] end cpu_experts_worker_bmm_or_einsum_0 cost 16.651 ms
DEBUG 04-24 09:59:16.348405.348405 cuda_h.py:27] end gather_outputs_group_fused_mp cost 0.477 ms
DEBUG 04-24 09:59:16.348097.348097 cuda_h.py:27] end gather_outputs_group_fused_mp cost 0.381 ms
DEBUG 04-24 09:59:16.348305.348305 cuda_h.py:27] end cpu_experts_worker_bmm_or_einsum_3 cost 18.413 ms
DEBUG 04-24 09:59:16.348294.348294 cuda_h.py:27] end cpu_experts_worker_bmm_or_einsum_1 cost 18.477 ms
DEBUG 04-24 09:59:16.350919.350919 mlpmodule.py:3373] [fused_group_bmm][steps] bmm1=8.422 ms split=0.149 ms act_mul=0.387 ms bmm2=3.101 ms
DEBUG 04-24 09:59:16.350409.350409 cuda_h.py:27] end fused_group_bmm cost 12.275 ms
DEBUG 04-24 09:59:16.351277.351277 cuda_h.py:27] end gather_outputs_group_fused_mp cost 0.494 ms
DEBUG 04-24 09:59:16.351274.351274 cuda_h.py:27] end cpu_experts_worker_bmm_or_einsum_2 cost 20.302 ms
DEBUG 04-24 09:59:16.352077.352077 cuda_h.py:27] end cpu_thread_manager_mp_wait_fused cost 22.500 ms
DEBUG 04-24 09:59:16.352405.352405 cuda_h.py:27] end *single cpu experts* cost 24.121 ms
DEBUG 04-24 09:59:16.353813.353813 sllm_store_c.py:27] get device uuid map
DEBUG 04-24 09:59:16.353989.353989 sllm_store_c.py:29] call client load into gpu
DEBUG 04-24 09:59:16.356327.356327 cuda_h.py:27] end load_into_gpu_async_fused_experts_dual cost 2.487 ms
DEBUG 04-24 09:59:16.356882.356882 cuda_h.py:27] end restore_tensors2_fused_experts_packed cost 0.083 ms
DEBUG 04-24 09:59:16.356271.356271 cuda_h.py:27] end restore_tensors2_fused_experts_slices cost 0.373 ms
DEBUG 04-24 09:59:16.356255.356255 cuda_h.py:27] end allocate_experts_cuda_memory_and_restore_model_multi_device_fused cost 4.191 ms
DEBUG 04-24 09:59:16.357733.357733 cuda_h.py:27] end gpu_sexperts cost 0.005 ms
DEBUG 04-24 09:59:16.357003.357003 cuda_h.py:27] end wait_load_qkvogn_s_weight cost 0.020 ms
DEBUG 04-24 09:59:16.370714.370714 cuda_h.py:27] end prepare_per_device_parameters cost 12.805 ms
DEBUG 04-24 09:59:16.373172.373172 cuda_h.py:27] end wait_experts_multi_device cost 2.939 ms
DEBUG 04-24 09:59:16.373916.373916 cuda_h.py:27] end *before fused experts* cost 20.558 ms
DEBUG 04-24 09:59:16.377796.377796 cuda_h.py:27] end gpu_experts_multi_device_fused cost 3.911 ms
DEBUG 04-24 09:59:16.377090.377090 cuda_h.py:27] end *gpu experts* cost 24.585 ms
DEBUG 04-24 09:59:16.377947.377947 cuda_h.py:27] end layer_moe_generate_mp_multi_device_fused_l_19 cost 50.045 ms
DEBUG 04-24 09:59:16.378324.378324 cuda_h.py:27] end *mlp cost 51.621 ms
DEBUG 04-24 09:59:16.379301.379301 cuda_h.py:27] end prefill_layer cost 54.770 ms
DEBUG 04-24 09:59:16.379911.379911 lmp.py:320] -------------------------------- end prefill layer 18 --------------------------------
DEBUG 04-24 09:59:16.379322.379322 lmp.py:273] -------------------------------- start prefill layer 19 --------------------------------
DEBUG 04-24 09:59:16.379795.379795 cuda_h.py:27] end start_load_qkvogn_s_weight_l_20 cost 0.038 ms
DEBUG 04-24 09:59:16.379217.379217 cuda_h.py:27] end allocate_cuda_memory cost 0.188 ms
DEBUG 04-24 09:59:16.379062.379062 sllm_store_c.py:27] get device uuid map
DEBUG 04-24 09:59:16.379595.379595 sllm_store_c.py:29] call client load into gpu
DEBUG 04-24 09:59:16.381155.381155 cuda_h.py:27] end **self_attn cost 1.194 ms
DEBUG 04-24 09:59:16.381687.381687 cuda_h.py:27] end *iln_self_attn_paln cost 2.332 ms
DEBUG 04-24 09:59:16.381055.381055 cuda_h.py:27] end load_into_gpu_async cost 1.967 ms
DEBUG 04-24 09:59:16.381525.381525 cuda_h.py:27] end restore_tensors2 cost 0.090 ms
DEBUG 04-24 09:59:16.382475.382475 cuda_h.py:27] end allocate_cuda_memory_and_load_into_gpu cost 2.816 ms
DEBUG 04-24 09:59:16.382541.382541 cuda_h.py:27] end gate cost 0.774 ms
DEBUG 04-24 09:59:16.382010.382010 cuda_h.py:27] end experts_map_get cost 0.291 ms
DEBUG 04-24 09:59:16.382085.382085 cuda_h.py:27] end *before experts start* cost 1.221 ms
DEBUG 04-24 09:59:16.383964.383964 cuda_h.py:27] end cpu_experts_submit_fused_mp cost 0.128 ms
DEBUG 04-24 09:59:16.385232.385232 cuda_h.py:27] end prepare_group_stack cost 0.412 ms
DEBUG 04-24 09:59:16.385122.385122 cuda_h.py:27] end prepare_group_stack cost 0.426 ms
DEBUG 04-24 09:59:16.386610.386610 cuda_h.py:27] end prepare_group_stack cost 0.653 ms
DEBUG 04-24 09:59:16.386020.386020 cuda_h.py:27] end group stack cost 0.705 ms
DEBUG 04-24 09:59:16.386640.386640 cuda_h.py:27] end move_flatidxs_group_fused_mp cost 1.325 ms
DEBUG 04-24 09:59:16.386821.386821 cuda_h.py:27] end get_fused_experts_names_w cost 0.016 ms
DEBUG 04-24 09:59:16.386423.386423 cuda_h.py:27] end group stack cost 0.994 ms
DEBUG 04-24 09:59:16.386725.386725 cuda_h.py:27] end prepare_group_stack cost 0.660 ms
DEBUG 04-24 09:59:16.387341.387341 cuda_h.py:27] end restore_fused_tensors cost 0.342 ms
DEBUG 04-24 09:59:16.387599.387599 cuda_h.py:27] end move_flatidxs_group_fused_mp cost 1.849 ms
DEBUG 04-24 09:59:16.387879.387879 cuda_h.py:27] end group_fused_tensors_mp cost 0.763 ms
DEBUG 04-24 09:59:16.387821.387821 cuda_h.py:27] end get_fused_experts_names_w cost 0.024 ms
DEBUG 04-24 09:59:16.387262.387262 cuda_h.py:27] end group stack cost 1.272 ms
DEBUG 04-24 09:59:16.387985.387985 cuda_h.py:27] end move_flatidxs_group_fused_mp cost 2.365 ms
DEBUG 04-24 09:59:16.388185.388185 cuda_h.py:27] end get_fused_experts_names_w cost 0.030 ms
DEBUG 04-24 09:59:16.388152.388152 cuda_h.py:27] end restore_fused_tensors cost 0.499 ms
DEBUG 04-24 09:59:16.388658.388658 cuda_h.py:27] end group_fused_tensors_mp cost 0.901 ms
DEBUG 04-24 09:59:16.389960.389960 cuda_h.py:27] end group stack cost 1.877 ms
DEBUG 04-24 09:59:16.389594.389594 cuda_h.py:27] end restore_fused_tensors cost 0.885 ms
DEBUG 04-24 09:59:16.389570.389570 cuda_h.py:27] end move_flatidxs_group_fused_mp cost 2.967 ms
DEBUG 04-24 09:59:16.389146.389146 cuda_h.py:27] end group_fused_tensors_mp cost 1.446 ms
DEBUG 04-24 09:59:16.389135.389135 cuda_h.py:27] end get_fused_experts_names_w cost 0.037 ms
DEBUG 04-24 09:59:16.390703.390703 cuda_h.py:27] end restore_fused_tensors cost 0.785 ms
DEBUG 04-24 09:59:16.390806.390806 cuda_h.py:27] end group_fused_tensors_mp cost 1.101 ms
DEBUG 04-24 09:59:16.396655.396655 cuda_h.py:27] end restore2model cost 2.907 ms
DEBUG 04-24 09:59:16.396646.396646 cuda_h.py:27] end sllm_worker_task cost 17.186 ms
DEBUG 04-24 09:59:16.400933.400933 mlpmodule.py:3373] [fused_group_bmm][steps] bmm1=7.403 ms split=0.164 ms act_mul=0.445 ms bmm2=4.734 ms
DEBUG 04-24 09:59:16.400887.400887 cuda_h.py:27] end fused_group_bmm cost 12.983 ms
DEBUG 04-24 09:59:16.400689.400689 mlpmodule.py:3373] [fused_group_bmm][steps] bmm1=7.715 ms split=0.068 ms act_mul=0.310 ms bmm2=3.944 ms
DEBUG 04-24 09:59:16.401168.401168 cuda_h.py:27] end fused_group_bmm cost 12.521 ms
DEBUG 04-24 09:59:16.401932.401932 cuda_h.py:27] end gather_outputs_group_fused_mp cost 0.488 ms
DEBUG 04-24 09:59:16.401864.401864 cuda_h.py:27] end gather_outputs_group_fused_mp cost 0.315 ms
DEBUG 04-24 09:59:16.401037.401037 cuda_h.py:27] end cpu_experts_worker_bmm_or_einsum_1 cost 17.471 ms
DEBUG 04-24 09:59:16.401928.401928 cuda_h.py:27] end cpu_experts_worker_bmm_or_einsum_3 cost 17.595 ms
DEBUG 04-24 09:59:16.404045.404045 mlpmodule.py:3373] [fused_group_bmm][steps] bmm1=8.886 ms split=0.096 ms act_mul=0.462 ms bmm2=5.184 ms
DEBUG 04-24 09:59:16.404276.404276 cuda_h.py:27] end fused_group_bmm cost 14.823 ms
DEBUG 04-24 09:59:16.404851.404851 mlpmodule.py:3373] [fused_group_bmm][steps] bmm1=8.445 ms split=0.123 ms act_mul=0.475 ms bmm2=4.745 ms
DEBUG 04-24 09:59:16.405878.405878 cuda_h.py:27] end fused_group_bmm cost 14.230 ms
DEBUG 04-24 09:59:16.405238.405238 cuda_h.py:27] end gather_outputs_group_fused_mp cost 0.375 ms
DEBUG 04-24 09:59:16.405463.405463 cuda_h.py:27] end cpu_experts_worker_bmm_or_einsum_0 cost 21.133 ms
DEBUG 04-24 09:59:16.405021.405021 cuda_h.py:27] end gather_outputs_group_fused_mp cost 0.454 ms
DEBUG 04-24 09:59:16.406387.406387 cuda_h.py:27] end cpu_experts_worker_bmm_or_einsum_2 cost 20.780 ms
DEBUG 04-24 09:59:16.406166.406166 cuda_h.py:27] end cpu_thread_manager_mp_wait_fused cost 22.571 ms
DEBUG 04-24 09:59:16.406123.406123 cuda_h.py:27] end *single cpu experts* cost 24.050 ms
DEBUG 04-24 09:59:16.407203.407203 sllm_store_c.py:27] get device uuid map
DEBUG 04-24 09:59:16.408233.408233 sllm_store_c.py:29] call client load into gpu
DEBUG 04-24 09:59:16.411608.411608 cuda_h.py:27] end load_into_gpu_async_fused_experts_dual cost 3.392 ms
DEBUG 04-24 09:59:16.411460.411460 cuda_h.py:27] end restore_tensors2_fused_experts_packed cost 0.068 ms
DEBUG 04-24 09:59:16.411483.411483 cuda_h.py:27] end restore_tensors2_fused_experts_slices cost 0.216 ms
DEBUG 04-24 09:59:16.412863.412863 cuda_h.py:27] end allocate_experts_cuda_memory_and_restore_model_multi_device_fused cost 5.034 ms
DEBUG 04-24 09:59:16.412941.412941 cuda_h.py:27] end gpu_sexperts cost 0.003 ms
DEBUG 04-24 09:59:16.412240.412240 cuda_h.py:27] end wait_load_qkvogn_s_weight cost 0.014 ms
DEBUG 04-24 09:59:16.423445.423445 cuda_h.py:27] end prepare_per_device_parameters cost 11.325 ms
DEBUG 04-24 09:59:16.428834.428834 cuda_h.py:27] end wait_experts_multi_device cost 5.204 ms
DEBUG 04-24 09:59:16.429438.429438 cuda_h.py:27] end *before fused experts* cost 22.037 ms
DEBUG 04-24 09:59:16.432149.432149 cuda_h.py:27] end gpu_experts_multi_device_fused cost 3.781 ms
DEBUG 04-24 09:59:16.432105.432105 cuda_h.py:27] end *gpu experts* cost 25.935 ms
DEBUG 04-24 09:59:16.433101.433101 cuda_h.py:27] end layer_moe_generate_mp_multi_device_fused_l_20 cost 51.338 ms
DEBUG 04-24 09:59:16.434943.434943 cuda_h.py:27] end *mlp cost 52.940 ms
DEBUG 04-24 09:59:16.434972.434972 cuda_h.py:27] end prefill_layer cost 55.603 ms
DEBUG 04-24 09:59:16.434821.434821 lmp.py:320] -------------------------------- end prefill layer 19 --------------------------------
DEBUG 04-24 09:59:16.434471.434471 lmp.py:273] -------------------------------- start prefill layer 20 --------------------------------
DEBUG 04-24 09:59:16.434844.434844 cuda_h.py:27] end start_load_qkvogn_s_weight_l_21 cost 0.035 ms
DEBUG 04-24 09:59:16.435538.435538 cuda_h.py:27] end allocate_cuda_memory cost 0.513 ms
DEBUG 04-24 09:59:16.435635.435635 sllm_store_c.py:27] get device uuid map
DEBUG 04-24 09:59:16.436536.436536 sllm_store_c.py:29] call client load into gpu
DEBUG 04-24 09:59:16.438014.438014 cuda_h.py:27] end **self_attn cost 2.397 ms
DEBUG 04-24 09:59:16.438414.438414 cuda_h.py:27] end *iln_self_attn_paln cost 4.004 ms
DEBUG 04-24 09:59:16.439755.439755 cuda_h.py:27] end load_into_gpu_async cost 3.206 ms
DEBUG 04-24 09:59:16.439712.439712 cuda_h.py:27] end restore_tensors2 cost 0.123 ms
DEBUG 04-24 09:59:16.439752.439752 cuda_h.py:27] end allocate_cuda_memory_and_load_into_gpu cost 5.036 ms
DEBUG 04-24 09:59:16.440921.440921 cuda_h.py:27] end gate cost 1.051 ms
DEBUG 04-24 09:59:16.440063.440063 cuda_h.py:27] end experts_map_get cost 0.463 ms
DEBUG 04-24 09:59:16.441615.441615 cuda_h.py:27] end *before experts start* cost 1.847 ms
DEBUG 04-24 09:59:16.441448.441448 cuda_h.py:27] end cpu_experts_submit_fused_mp cost 0.130 ms
DEBUG 04-24 09:59:16.443625.443625 cuda_h.py:27] end prepare_group_stack cost 0.561 ms
DEBUG 04-24 09:59:16.443564.443564 cuda_h.py:27] end prepare_group_stack cost 0.413 ms
DEBUG 04-24 09:59:16.443858.443858 cuda_h.py:27] end prepare_group_stack cost 0.397 ms
DEBUG 04-24 09:59:16.444682.444682 cuda_h.py:27] end prepare_group_stack cost 0.728 ms
DEBUG 04-24 09:59:16.444803.444803 cuda_h.py:27] end group stack cost 0.690 ms
DEBUG 04-24 09:59:16.444680.444680 cuda_h.py:27] end move_flatidxs_group_fused_mp cost 1.535 ms
DEBUG 04-24 09:59:16.444378.444378 cuda_h.py:27] end get_fused_experts_names_w cost 0.017 ms
DEBUG 04-24 09:59:16.444665.444665 cuda_h.py:27] end group stack cost 0.888 ms
DEBUG 04-24 09:59:16.444346.444346 cuda_h.py:27] end group stack cost 1.379 ms
DEBUG 04-24 09:59:16.445164.445164 cuda_h.py:27] end move_flatidxs_group_fused_mp cost 1.835 ms
DEBUG 04-24 09:59:16.445245.445245 cuda_h.py:27] end restore_fused_tensors cost 0.365 ms
DEBUG 04-24 09:59:16.445319.445319 cuda_h.py:27] end get_fused_experts_names_w cost 0.021 ms
DEBUG 04-24 09:59:16.445068.445068 cuda_h.py:27] end group_fused_tensors_mp cost 0.459 ms
DEBUG 04-24 09:59:16.445238.445238 cuda_h.py:27] end move_flatidxs_group_fused_mp cost 2.482 ms
DEBUG 04-24 09:59:16.445734.445734 cuda_h.py:27] end get_fused_experts_names_w cost 0.032 ms
DEBUG 04-24 09:59:16.445675.445675 cuda_h.py:27] end restore_fused_tensors cost 0.501 ms
DEBUG 04-24 09:59:16.445798.445798 cuda_h.py:27] end group_fused_tensors_mp cost 0.693 ms
DEBUG 04-24 09:59:16.445870.445870 cuda_h.py:27] end group stack cost 1.693 ms
DEBUG 04-24 09:59:16.446221.446221 cuda_h.py:27] end move_flatidxs_group_fused_mp cost 2.807 ms
DEBUG 04-24 09:59:16.446236.446236 cuda_h.py:27] end get_fused_experts_names_w cost 0.036 ms
DEBUG 04-24 09:59:16.446111.446111 cuda_h.py:27] end restore_fused_tensors cost 0.991 ms
DEBUG 04-24 09:59:16.446382.446382 cuda_h.py:27] end group_fused_tensors_mp cost 1.404 ms
DEBUG 04-24 09:59:16.447773.447773 cuda_h.py:27] end restore_fused_tensors cost 0.885 ms
DEBUG 04-24 09:59:16.447618.447618 cuda_h.py:27] end group_fused_tensors_mp cost 1.166 ms
DEBUG 04-24 09:59:16.456827.456827 mlpmodule.py:3373] [fused_group_bmm][steps] bmm1=7.090 ms split=0.217 ms act_mul=0.804 ms bmm2=3.354 ms
DEBUG 04-24 09:59:16.457252.457252 cuda_h.py:27] end fused_group_bmm cost 11.735 ms
DEBUG 04-24 09:59:16.457671.457671 cuda_h.py:27] end gather_outputs_group_fused_mp cost 0.406 ms
DEBUG 04-24 09:59:16.457031.457031 mlpmodule.py:3373] [fused_group_bmm][steps] bmm1=8.023 ms split=0.079 ms act_mul=0.333 ms bmm2=3.315 ms
DEBUG 04-24 09:59:16.458560.458560 cuda_h.py:27] end fused_group_bmm cost 12.166 ms
DEBUG 04-24 09:59:16.458348.458348 cuda_h.py:27] end cpu_experts_worker_bmm_or_einsum_1 cost 15.337 ms
DEBUG 04-24 09:59:16.458256.458256 cuda_h.py:27] end gather_outputs_group_fused_mp cost 0.355 ms
DEBUG 04-24 09:59:16.459919.459919 cuda_h.py:27] end cpu_experts_worker_bmm_or_einsum_3 cost 15.978 ms
DEBUG 04-24 09:59:16.460334.460334 mlpmodule.py:3373] [fused_group_bmm][steps] bmm1=8.149 ms split=0.120 ms act_mul=0.369 ms bmm2=3.617 ms
DEBUG 04-24 09:59:16.460156.460156 cuda_h.py:27] end fused_group_bmm cost 12.524 ms
DEBUG 04-24 09:59:16.460434.460434 mlpmodule.py:3373] [fused_group_bmm][steps] bmm1=8.869 ms split=0.126 ms act_mul=0.727 ms bmm2=3.874 ms
DEBUG 04-24 09:59:16.460142.460142 cuda_h.py:27] end fused_group_bmm cost 13.791 ms
DEBUG 04-24 09:59:16.461656.461656 cuda_h.py:27] end gather_outputs_group_fused_mp cost 0.621 ms
DEBUG 04-24 09:59:16.461699.461699 cuda_h.py:27] end gather_outputs_group_fused_mp cost 0.364 ms
DEBUG 04-24 09:59:16.461913.461913 cuda_h.py:27] end restore2model cost 0.530 ms
DEBUG 04-24 09:59:16.461998.461998 cuda_h.py:27] end cpu_experts_worker_bmm_or_einsum_2 cost 18.824 ms
DEBUG 04-24 09:59:16.461113.461113 cuda_h.py:27] end cpu_experts_worker_bmm_or_einsum_0 cost 19.441 ms
DEBUG 04-24 09:59:16.461800.461800 cuda_h.py:27] end sllm_worker_task cost 26.845 ms
DEBUG 04-24 09:59:16.462420.462420 cuda_h.py:27] end cpu_thread_manager_mp_wait_fused cost 20.009 ms
DEBUG 04-24 09:59:16.462799.462799 cuda_h.py:27] end *single cpu experts* cost 21.702 ms
DEBUG 04-24 09:59:16.463409.463409 sllm_store_c.py:27] get device uuid map
DEBUG 04-24 09:59:16.463810.463810 sllm_store_c.py:29] call client load into gpu
DEBUG 04-24 09:59:16.466857.466857 cuda_h.py:27] end load_into_gpu_async_fused_experts_dual cost 2.897 ms
DEBUG 04-24 09:59:16.466557.466557 cuda_h.py:27] end restore_tensors2_fused_experts_packed cost 0.065 ms
DEBUG 04-24 09:59:16.467083.467083 cuda_h.py:27] end restore_tensors2_fused_experts_slices cost 0.227 ms
DEBUG 04-24 09:59:16.467755.467755 cuda_h.py:27] end allocate_experts_cuda_memory_and_restore_model_multi_device_fused cost 4.562 ms
DEBUG 04-24 09:59:16.467041.467041 cuda_h.py:27] end gpu_sexperts cost 0.004 ms
DEBUG 04-24 09:59:16.467763.467763 cuda_h.py:27] end wait_load_qkvogn_s_weight cost 0.030 ms
DEBUG 04-24 09:59:16.476154.476154 cuda_h.py:27] end prepare_per_device_parameters cost 9.062 ms
DEBUG 04-24 09:59:16.485323.485323 cuda_h.py:27] end wait_experts_multi_device cost 8.918 ms
DEBUG 04-24 09:59:16.485481.485481 cuda_h.py:27] end *before fused experts* cost 23.070 ms
DEBUG 04-24 09:59:16.490242.490242 cuda_h.py:27] end gpu_experts_multi_device_fused cost 4.647 ms
DEBUG 04-24 09:59:16.490742.490742 cuda_h.py:27] end *gpu experts* cost 27.907 ms
DEBUG 04-24 09:59:16.490334.490334 cuda_h.py:27] end layer_moe_generate_mp_multi_device_fused_l_21 cost 51.602 ms
DEBUG 04-24 09:59:16.492680.492680 cuda_h.py:27] end *mlp cost 53.225 ms
DEBUG 04-24 09:59:16.492505.492505 cuda_h.py:27] end prefill_layer cost 57.781 ms
DEBUG 04-24 09:59:16.492466.492466 lmp.py:320] -------------------------------- end prefill layer 20 --------------------------------
DEBUG 04-24 09:59:16.492752.492752 lmp.py:273] -------------------------------- start prefill layer 21 --------------------------------
DEBUG 04-24 09:59:16.492583.492583 cuda_h.py:27] end start_load_qkvogn_s_weight_l_22 cost 0.041 ms
DEBUG 04-24 09:59:16.492546.492546 cuda_h.py:27] end allocate_cuda_memory cost 0.188 ms
DEBUG 04-24 09:59:16.493800.493800 sllm_store_c.py:27] get device uuid map
DEBUG 04-24 09:59:16.493458.493458 sllm_store_c.py:29] call client load into gpu
DEBUG 04-24 09:59:16.495050.495050 cuda_h.py:27] end **self_attn cost 1.523 ms
DEBUG 04-24 09:59:16.495447.495447 cuda_h.py:27] end load_into_gpu_async cost 2.510 ms
DEBUG 04-24 09:59:16.495934.495934 cuda_h.py:27] end *iln_self_attn_paln cost 3.223 ms
DEBUG 04-24 09:59:16.496797.496797 cuda_h.py:27] end restore_tensors2 cost 0.094 ms
DEBUG 04-24 09:59:16.496998.496998 cuda_h.py:27] end allocate_cuda_memory_and_load_into_gpu cost 3.617 ms
DEBUG 04-24 09:59:16.497536.497536 cuda_h.py:27] end gate cost 0.912 ms
DEBUG 04-24 09:59:16.497503.497503 cuda_h.py:27] end experts_map_get cost 0.496 ms
DEBUG 04-24 09:59:16.497883.497883 cuda_h.py:27] end *before experts start* cost 1.603 ms
DEBUG 04-24 09:59:16.498029.498029 cuda_h.py:27] end cpu_experts_submit_fused_mp cost 0.173 ms
DEBUG 04-24 09:59:16.499323.499323 cuda_h.py:27] end prepare_group_stack cost 0.580 ms
DEBUG 04-24 09:59:16.500122.500122 cuda_h.py:27] end prepare_group_stack cost 0.498 ms
DEBUG 04-24 09:59:16.500722.500722 cuda_h.py:27] end prepare_group_stack cost 0.434 ms
DEBUG 04-24 09:59:16.501577.501577 cuda_h.py:27] end prepare_group_stack cost 0.517 ms
DEBUG 04-24 09:59:16.501050.501050 cuda_h.py:27] end group stack cost 0.725 ms
DEBUG 04-24 09:59:16.501166.501166 cuda_h.py:27] end move_flatidxs_group_fused_mp cost 1.448 ms
DEBUG 04-24 09:59:16.501386.501386 cuda_h.py:27] end get_fused_experts_names_w cost 0.016 ms
DEBUG 04-24 09:59:16.501141.501141 cuda_h.py:27] end group stack cost 1.287 ms
DEBUG 04-24 09:59:16.501740.501740 cuda_h.py:27] end group stack cost 0.960 ms
DEBUG 04-24 09:59:16.501597.501597 cuda_h.py:27] end restore_fused_tensors cost 0.337 ms
DEBUG 04-24 09:59:16.501683.501683 cuda_h.py:27] end move_flatidxs_group_fused_mp cost 2.058 ms
DEBUG 04-24 09:59:16.501850.501850 cuda_h.py:27] end group_fused_tensors_mp cost 0.432 ms
DEBUG 04-24 09:59:16.501637.501637 cuda_h.py:27] end move_flatidxs_group_fused_mp cost 2.459 ms
DEBUG 04-24 09:59:16.501388.501388 cuda_h.py:27] end get_fused_experts_names_w cost 0.025 ms
DEBUG 04-24 09:59:16.501211.501211 cuda_h.py:27] end get_fused_experts_names_w cost 0.031 ms
DEBUG 04-24 09:59:16.502161.502161 cuda_h.py:27] end group stack cost 1.233 ms
DEBUG 04-24 09:59:16.502600.502600 cuda_h.py:27] end restore_fused_tensors cost 0.553 ms
DEBUG 04-24 09:59:16.502755.502755 cuda_h.py:27] end group_fused_tensors_mp cost 0.896 ms
DEBUG 04-24 09:59:16.502897.502897 cuda_h.py:27] end move_flatidxs_group_fused_mp cost 2.187 ms
DEBUG 04-24 09:59:16.502793.502793 cuda_h.py:27] end restore_fused_tensors cost 0.951 ms
DEBUG 04-24 09:59:16.503116.503116 cuda_h.py:27] end group_fused_tensors_mp cost 1.334 ms
DEBUG 04-24 09:59:16.503938.503938 cuda_h.py:27] end get_fused_experts_names_w cost 0.044 ms
DEBUG 04-24 09:59:16.504991.504991 cuda_h.py:27] end restore_fused_tensors cost 1.311 ms
DEBUG 04-24 09:59:16.504952.504952 cuda_h.py:27] end group_fused_tensors_mp cost 1.854 ms
DEBUG 04-24 09:59:16.507998.507998 cuda_h.py:27] end restore2model cost 0.728 ms
DEBUG 04-24 09:59:16.507238.507238 cuda_h.py:27] end sllm_worker_task cost 14.962 ms
DEBUG 04-24 09:59:16.511690.511690 mlpmodule.py:3373] [fused_group_bmm][steps] bmm1=6.236 ms split=0.083 ms act_mul=0.457 ms bmm2=3.353 ms
DEBUG 04-24 09:59:16.512796.512796 cuda_h.py:27] end fused_group_bmm cost 10.333 ms
DEBUG 04-24 09:59:16.512089.512089 cuda_h.py:27] end gather_outputs_group_fused_mp cost 0.419 ms
DEBUG 04-24 09:59:16.513341.513341 cuda_h.py:27] end cpu_experts_worker_bmm_or_einsum_1 cost 13.588 ms
DEBUG 04-24 09:59:16.515054.515054 mlpmodule.py:3373] [fused_group_bmm][steps] bmm1=6.189 ms split=0.084 ms act_mul=0.329 ms bmm2=3.192 ms
DEBUG 04-24 09:59:16.515379.515379 mlpmodule.py:3373] [fused_group_bmm][steps] bmm1=7.595 ms split=0.144 ms act_mul=0.404 ms bmm2=4.177 ms
DEBUG 04-24 09:59:16.515602.515602 cuda_h.py:27] end fused_group_bmm cost 9.977 ms
DEBUG 04-24 09:59:16.515061.515061 cuda_h.py:27] end fused_group_bmm cost 12.550 ms
DEBUG 04-24 09:59:16.515590.515590 mlpmodule.py:3373] [fused_group_bmm][steps] bmm1=7.495 ms split=0.108 ms act_mul=0.307 ms bmm2=4.027 ms
DEBUG 04-24 09:59:16.515751.515751 cuda_h.py:27] end fused_group_bmm cost 12.221 ms
DEBUG 04-24 09:59:16.515432.515432 cuda_h.py:27] end gather_outputs_group_fused_mp cost 0.409 ms
DEBUG 04-24 09:59:16.516701.516701 cuda_h.py:27] end gather_outputs_group_fused_mp cost 0.514 ms
DEBUG 04-24 09:59:16.516552.516552 cuda_h.py:27] end gather_outputs_group_fused_mp cost 0.398 ms
DEBUG 04-24 09:59:16.516129.516129 cuda_h.py:27] end cpu_experts_worker_bmm_or_einsum_3 cost 15.845 ms
DEBUG 04-24 09:59:16.516895.516895 cuda_h.py:27] end cpu_experts_worker_bmm_or_einsum_2 cost 17.047 ms
DEBUG 04-24 09:59:16.516232.516232 cuda_h.py:27] end cpu_experts_worker_bmm_or_einsum_0 cost 17.705 ms
DEBUG 04-24 09:59:16.517436.517436 cuda_h.py:27] end cpu_thread_manager_mp_wait_fused cost 17.408 ms
DEBUG 04-24 09:59:16.517049.517049 cuda_h.py:27] end *single cpu experts* cost 19.534 ms
DEBUG 04-24 09:59:16.518445.518445 sllm_store_c.py:27] get device uuid map
DEBUG 04-24 09:59:16.518329.518329 sllm_store_c.py:29] call client load into gpu
DEBUG 04-24 09:59:16.520022.520022 cuda_h.py:27] end load_into_gpu_async_fused_experts_dual cost 2.218 ms
DEBUG 04-24 09:59:16.520386.520386 cuda_h.py:27] end restore_tensors2_fused_experts_packed cost 0.081 ms
DEBUG 04-24 09:59:16.521405.521405 cuda_h.py:27] end restore_tensors2_fused_experts_slices cost 0.330 ms
DEBUG 04-24 09:59:16.521846.521846 cuda_h.py:27] end allocate_experts_cuda_memory_and_restore_model_multi_device_fused cost 3.986 ms
DEBUG 04-24 09:59:16.521535.521535 cuda_h.py:27] end gpu_sexperts cost 0.005 ms
DEBUG 04-24 09:59:16.521754.521754 cuda_h.py:27] end wait_load_qkvogn_s_weight cost 0.020 ms
DEBUG 04-24 09:59:16.533423.533423 cuda_h.py:27] end prepare_per_device_parameters cost 11.500 ms
DEBUG 04-24 09:59:16.534589.534589 cuda_h.py:27] end wait_experts_multi_device cost 1.129 ms
DEBUG 04-24 09:59:16.534571.534571 cuda_h.py:27] end *before fused experts* cost 17.344 ms
DEBUG 04-24 09:59:16.538936.538936 cuda_h.py:27] end gpu_experts_multi_device_fused cost 3.742 ms
DEBUG 04-24 09:59:16.538654.538654 cuda_h.py:27] end *gpu experts* cost 21.198 ms
DEBUG 04-24 09:59:16.538080.538080 cuda_h.py:27] end layer_moe_generate_mp_multi_device_fused_l_22 cost 42.479 ms
DEBUG 04-24 09:59:16.540140.540140 cuda_h.py:27] end *mlp cost 44.280 ms
DEBUG 04-24 09:59:16.540554.540554 cuda_h.py:27] end prefill_layer cost 48.062 ms
DEBUG 04-24 09:59:16.540356.540356 lmp.py:320] -------------------------------- end prefill layer 21 --------------------------------
DEBUG 04-24 09:59:16.540436.540436 lmp.py:273] -------------------------------- start prefill layer 22 --------------------------------
DEBUG 04-24 09:59:16.540843.540843 cuda_h.py:27] end start_load_qkvogn_s_weight_l_23 cost 0.047 ms
DEBUG 04-24 09:59:16.541355.541355 cuda_h.py:27] end allocate_cuda_memory cost 0.159 ms
DEBUG 04-24 09:59:16.541004.541004 sllm_store_c.py:27] get device uuid map
DEBUG 04-24 09:59:16.541708.541708 sllm_store_c.py:29] call client load into gpu
DEBUG 04-24 09:59:16.542908.542908 cuda_h.py:27] end load_into_gpu_async cost 1.297 ms
DEBUG 04-24 09:59:16.542714.542714 cuda_h.py:27] end restore_tensors2 cost 0.073 ms
DEBUG 04-24 09:59:16.542418.542418 cuda_h.py:27] end allocate_cuda_memory_and_load_into_gpu cost 2.090 ms
DEBUG 04-24 09:59:16.543766.543766 cuda_h.py:27] end **self_attn cost 1.623 ms
DEBUG 04-24 09:59:16.543409.543409 cuda_h.py:27] end *iln_self_attn_paln cost 2.727 ms
DEBUG 04-24 09:59:16.544998.544998 cuda_h.py:27] end gate cost 0.507 ms
DEBUG 04-24 09:59:16.544103.544103 cuda_h.py:27] end experts_map_get cost 0.274 ms
DEBUG 04-24 09:59:16.544985.544985 cuda_h.py:27] end *before experts start* cost 0.929 ms
DEBUG 04-24 09:59:16.544295.544295 cuda_h.py:27] end cpu_experts_submit_fused_mp cost 0.130 ms
DEBUG 04-24 09:59:16.545929.545929 cuda_h.py:27] end prepare_group_stack cost 0.362 ms
DEBUG 04-24 09:59:16.546778.546778 cuda_h.py:27] end prepare_group_stack cost 0.370 ms
DEBUG 04-24 09:59:16.546604.546604 cuda_h.py:27] end prepare_group_stack cost 0.509 ms
DEBUG 04-24 09:59:16.546035.546035 cuda_h.py:27] end group stack cost 0.682 ms
DEBUG 04-24 09:59:16.546872.546872 cuda_h.py:27] end move_flatidxs_group_fused_mp cost 1.254 ms
DEBUG 04-24 09:59:16.546506.546506 cuda_h.py:27] end get_fused_experts_names_w cost 0.018 ms
DEBUG 04-24 09:59:16.546587.546587 cuda_h.py:27] end group stack cost 0.687 ms
DEBUG 04-24 09:59:16.546140.546140 cuda_h.py:27] end move_flatidxs_group_fused_mp cost 1.297 ms
DEBUG 04-24 09:59:16.546943.546943 cuda_h.py:27] end restore_fused_tensors cost 0.359 ms
DEBUG 04-24 09:59:16.547443.547443 cuda_h.py:27] end group_fused_tensors_mp cost 0.499 ms
DEBUG 04-24 09:59:16.547834.547834 cuda_h.py:27] end get_fused_experts_names_w cost 0.018 ms
DEBUG 04-24 09:59:16.547260.547260 cuda_h.py:27] end prepare_group_stack cost 0.585 ms
DEBUG 04-24 09:59:16.547020.547020 cuda_h.py:27] end group stack cost 0.918 ms
DEBUG 04-24 09:59:16.547026.547026 cuda_h.py:27] end restore_fused_tensors cost 0.354 ms
DEBUG 04-24 09:59:16.547761.547761 cuda_h.py:27] end move_flatidxs_group_fused_mp cost 1.874 ms
DEBUG 04-24 09:59:16.547140.547140 cuda_h.py:27] end group_fused_tensors_mp cost 0.457 ms
DEBUG 04-24 09:59:16.547172.547172 cuda_h.py:27] end get_fused_experts_names_w cost 0.023 ms
DEBUG 04-24 09:59:16.548783.548783 cuda_h.py:27] end restore_fused_tensors cost 0.600 ms
DEBUG 04-24 09:59:16.548316.548316 cuda_h.py:27] end group_fused_tensors_mp cost 0.768 ms
DEBUG 04-24 09:59:16.549130.549130 cuda_h.py:27] end group stack cost 1.866 ms
DEBUG 04-24 09:59:16.549024.549024 cuda_h.py:27] end move_flatidxs_group_fused_mp cost 2.865 ms
DEBUG 04-24 09:59:16.549543.549543 cuda_h.py:27] end get_fused_experts_names_w cost 0.037 ms
DEBUG 04-24 09:59:16.550404.550404 cuda_h.py:27] end restore_fused_tensors cost 0.966 ms
DEBUG 04-24 09:59:16.550727.550727 cuda_h.py:27] end group_fused_tensors_mp cost 1.379 ms
DEBUG 04-24 09:59:16.556839.556839 cuda_h.py:27] end restore2model cost 0.987 ms
DEBUG 04-24 09:59:16.557738.557738 cuda_h.py:27] end sllm_worker_task cost 16.194 ms
DEBUG 04-24 09:59:16.560460.560460 mlpmodule.py:3373] [fused_group_bmm][steps] bmm1=7.214 ms split=0.097 ms act_mul=0.414 ms bmm2=4.292 ms
DEBUG 04-24 09:59:16.560454.560454 mlpmodule.py:3373] [fused_group_bmm][steps] bmm1=7.667 ms split=0.080 ms act_mul=0.369 ms bmm2=4.802 ms
DEBUG 04-24 09:59:16.560174.560174 cuda_h.py:27] end fused_group_bmm cost 12.217 ms
DEBUG 04-24 09:59:16.560142.560142 cuda_h.py:27] end fused_group_bmm cost 13.096 ms
DEBUG 04-24 09:59:16.560179.560179 mlpmodule.py:3373] [fused_group_bmm][steps] bmm1=8.061 ms split=0.105 ms act_mul=0.648 ms bmm2=4.744 ms
DEBUG 04-24 09:59:16.560455.560455 cuda_h.py:27] end fused_group_bmm cost 13.715 ms
DEBUG 04-24 09:59:16.561704.561704 cuda_h.py:27] end gather_outputs_group_fused_mp cost 0.338 ms
DEBUG 04-24 09:59:16.561380.561380 cuda_h.py:27] end gather_outputs_group_fused_mp cost 0.350 ms
DEBUG 04-24 09:59:16.561795.561795 mlpmodule.py:3373] [fused_group_bmm][steps] bmm1=5.773 ms split=0.109 ms act_mul=0.490 ms bmm2=3.693 ms
DEBUG 04-24 09:59:16.561032.561032 cuda_h.py:27] end gather_outputs_group_fused_mp cost 0.274 ms
DEBUG 04-24 09:59:16.561776.561776 cuda_h.py:27] end fused_group_bmm cost 10.330 ms
DEBUG 04-24 09:59:16.561441.561441 cuda_h.py:27] end cpu_experts_worker_bmm_or_einsum_0 cost 16.209 ms
DEBUG 04-24 09:59:16.561024.561024 cuda_h.py:27] end cpu_experts_worker_bmm_or_einsum_1 cost 16.114 ms
DEBUG 04-24 09:59:16.561708.561708 cuda_h.py:27] end cpu_experts_worker_bmm_or_einsum_3 cost 16.808 ms
DEBUG 04-24 09:59:16.562337.562337 cuda_h.py:27] end gather_outputs_group_fused_mp cost 0.734 ms
DEBUG 04-24 09:59:16.562367.562367 cuda_h.py:27] end cpu_experts_worker_bmm_or_einsum_2 cost 16.676 ms
DEBUG 04-24 09:59:16.563523.563523 cuda_h.py:27] end cpu_thread_manager_mp_wait_fused cost 17.603 ms
DEBUG 04-24 09:59:16.563705.563705 cuda_h.py:27] end *single cpu experts* cost 19.285 ms
DEBUG 04-24 09:59:16.564578.564578 sllm_store_c.py:27] get device uuid map
DEBUG 04-24 09:59:16.564555.564555 sllm_store_c.py:29] call client load into gpu
DEBUG 04-24 09:59:16.566593.566593 cuda_h.py:27] end load_into_gpu_async_fused_experts_dual cost 2.224 ms
DEBUG 04-24 09:59:16.567579.567579 cuda_h.py:27] end restore_tensors2_fused_experts_packed cost 0.086 ms
DEBUG 04-24 09:59:16.567800.567800 cuda_h.py:27] end restore_tensors2_fused_experts_slices cost 0.326 ms
DEBUG 04-24 09:59:16.567916.567916 cuda_h.py:27] end allocate_experts_cuda_memory_and_restore_model_multi_device_fused cost 3.870 ms
DEBUG 04-24 09:59:16.567979.567979 cuda_h.py:27] end gpu_sexperts cost 0.004 ms
DEBUG 04-24 09:59:16.567246.567246 cuda_h.py:27] end wait_load_qkvogn_s_weight cost 0.019 ms
DEBUG 04-24 09:59:16.579335.579335 cuda_h.py:27] end prepare_per_device_parameters cost 11.677 ms
DEBUG 04-24 09:59:16.580430.580430 cuda_h.py:27] end wait_experts_multi_device cost 1.190 ms
DEBUG 04-24 09:59:16.580651.580651 cuda_h.py:27] end *before fused experts* cost 17.130 ms
DEBUG 04-24 09:59:16.585222.585222 cuda_h.py:27] end gpu_experts_multi_device_fused cost 4.770 ms
DEBUG 04-24 09:59:16.585232.585232 cuda_h.py:27] end *gpu experts* cost 22.018 ms
DEBUG 04-24 09:59:16.585049.585049 cuda_h.py:27] end layer_moe_generate_mp_multi_device_fused_l_23 cost 42.372 ms
DEBUG 04-24 09:59:16.587600.587600 cuda_h.py:27] end *mlp cost 43.793 ms
DEBUG 04-24 09:59:16.587007.587007 cuda_h.py:27] end prefill_layer cost 46.697 ms
DEBUG 04-24 09:59:16.587293.587293 lmp.py:320] -------------------------------- end prefill layer 22 --------------------------------
DEBUG 04-24 09:59:16.587042.587042 lmp.py:273] -------------------------------- start prefill layer 23 --------------------------------
DEBUG 04-24 09:59:16.587675.587675 cuda_h.py:27] end start_load_qkvogn_s_weight_l_24 cost 0.038 ms
DEBUG 04-24 09:59:16.588783.588783 cuda_h.py:27] end allocate_cuda_memory cost 0.166 ms
DEBUG 04-24 09:59:16.588980.588980 sllm_store_c.py:27] get device uuid map
DEBUG 04-24 09:59:16.588315.588315 sllm_store_c.py:29] call client load into gpu
DEBUG 04-24 09:59:16.589942.589942 cuda_h.py:27] end load_into_gpu_async cost 1.442 ms
DEBUG 04-24 09:59:16.589049.589049 cuda_h.py:27] end restore_tensors2 cost 0.119 ms
DEBUG 04-24 09:59:16.590455.590455 cuda_h.py:27] end allocate_cuda_memory_and_load_into_gpu cost 2.275 ms
DEBUG 04-24 09:59:16.591863.591863 cuda_h.py:27] end **self_attn cost 2.528 ms
DEBUG 04-24 09:59:16.591197.591197 cuda_h.py:27] end *iln_self_attn_paln cost 3.550 ms
DEBUG 04-24 09:59:16.592234.592234 cuda_h.py:27] end gate cost 0.635 ms
DEBUG 04-24 09:59:16.592585.592585 cuda_h.py:27] end experts_map_get cost 0.303 ms
DEBUG 04-24 09:59:16.592520.592520 cuda_h.py:27] end *before experts start* cost 1.103 ms
DEBUG 04-24 09:59:16.592712.592712 cuda_h.py:27] end cpu_experts_submit_fused_mp cost 0.146 ms
DEBUG 04-24 09:59:16.596600.596600 cuda_h.py:27] end prepare_group_stack cost 0.457 ms
DEBUG 04-24 09:59:16.596054.596054 cuda_h.py:27] end prepare_group_stack cost 0.593 ms
DEBUG 04-24 09:59:16.596633.596633 cuda_h.py:27] end prepare_group_stack cost 0.388 ms
DEBUG 04-24 09:59:16.597328.597328 cuda_h.py:27] end group stack cost 0.900 ms
DEBUG 04-24 09:59:16.597457.597457 cuda_h.py:27] end move_flatidxs_group_fused_mp cost 1.567 ms
DEBUG 04-24 09:59:16.597261.597261 cuda_h.py:27] end get_fused_experts_names_w cost 0.017 ms
DEBUG 04-24 09:59:16.597882.597882 cuda_h.py:27] end prepare_group_stack cost 0.603 ms
DEBUG 04-24 09:59:16.597466.597466 cuda_h.py:27] end restore_fused_tensors cost 0.396 ms
DEBUG 04-24 09:59:16.597607.597607 cuda_h.py:27] end group_fused_tensors_mp cost 0.660 ms
DEBUG 04-24 09:59:16.597180.597180 cuda_h.py:27] end group stack cost 0.877 ms
DEBUG 04-24 09:59:16.598892.598892 cuda_h.py:27] end group stack cost 1.341 ms
DEBUG 04-24 09:59:16.598920.598920 cuda_h.py:27] end move_flatidxs_group_fused_mp cost 1.855 ms
DEBUG 04-24 09:59:16.598889.598889 cuda_h.py:27] end get_fused_experts_names_w cost 0.021 ms
DEBUG 04-24 09:59:16.598279.598279 cuda_h.py:27] end move_flatidxs_group_fused_mp cost 2.616 ms
DEBUG 04-24 09:59:16.598773.598773 cuda_h.py:27] end get_fused_experts_names_w cost 0.043 ms
DEBUG 04-24 09:59:16.599847.599847 cuda_h.py:27] end restore_fused_tensors cost 0.643 ms
DEBUG 04-24 09:59:16.599752.599752 cuda_h.py:27] end group_fused_tensors_mp cost 0.869 ms
DEBUG 04-24 09:59:16.599203.599203 cuda_h.py:27] end group stack cost 1.796 ms
DEBUG 04-24 09:59:16.599110.599110 cuda_h.py:27] end restore2model cost 1.850 ms
DEBUG 04-24 09:59:16.599148.599148 cuda_h.py:27] end sllm_worker_task cost 11.872 ms
DEBUG 04-24 09:59:16.599545.599545 cuda_h.py:27] end move_flatidxs_group_fused_mp cost 3.229 ms
DEBUG 04-24 09:59:16.599844.599844 cuda_h.py:27] end restore_fused_tensors cost 1.022 ms
DEBUG 04-24 09:59:16.600380.600380 cuda_h.py:27] end group_fused_tensors_mp cost 1.378 ms
DEBUG 04-24 09:59:16.600970.600970 cuda_h.py:27] end get_fused_experts_names_w cost 0.035 ms
DEBUG 04-24 09:59:16.601096.601096 cuda_h.py:27] end restore_fused_tensors cost 0.904 ms
DEBUG 04-24 09:59:16.601134.601134 cuda_h.py:27] end group_fused_tensors_mp cost 1.181 ms
DEBUG 04-24 09:59:16.607738.607738 mlpmodule.py:3373] [fused_group_bmm][steps] bmm1=5.797 ms split=0.399 ms act_mul=0.598 ms bmm2=2.936 ms
DEBUG 04-24 09:59:16.607852.607852 cuda_h.py:27] end fused_group_bmm cost 9.976 ms
DEBUG 04-24 09:59:16.608147.608147 cuda_h.py:27] end gather_outputs_group_fused_mp cost 0.450 ms
DEBUG 04-24 09:59:16.609331.609331 cuda_h.py:27] end cpu_experts_worker_bmm_or_einsum_1 cost 14.777 ms
DEBUG 04-24 09:59:16.609732.609732 mlpmodule.py:3373] [fused_group_bmm][steps] bmm1=6.526 ms split=0.125 ms act_mul=0.342 ms bmm2=2.854 ms
DEBUG 04-24 09:59:16.609770.609770 cuda_h.py:27] end fused_group_bmm cost 10.426 ms
DEBUG 04-24 09:59:16.610684.610684 cuda_h.py:27] end gather_outputs_group_fused_mp cost 0.342 ms
DEBUG 04-24 09:59:16.610971.610971 cuda_h.py:27] end cpu_experts_worker_bmm_or_einsum_3 cost 15.195 ms
DEBUG 04-24 09:59:16.612911.612911 mlpmodule.py:3373] [fused_group_bmm][steps] bmm1=7.411 ms split=0.134 ms act_mul=0.463 ms bmm2=3.658 ms
DEBUG 04-24 09:59:16.612221.612221 cuda_h.py:27] end fused_group_bmm cost 11.854 ms
DEBUG 04-24 09:59:16.612256.612256 mlpmodule.py:3373] [fused_group_bmm][steps] bmm1=6.784 ms split=0.126 ms act_mul=0.567 ms bmm2=3.247 ms
DEBUG 04-24 09:59:16.612364.612364 cuda_h.py:27] end fused_group_bmm cost 11.012 ms
DEBUG 04-24 09:59:16.612221.612221 cuda_h.py:27] end gather_outputs_group_fused_mp cost 0.338 ms
DEBUG 04-24 09:59:16.613880.613880 cuda_h.py:27] end cpu_experts_worker_bmm_or_einsum_0 cost 18.537 ms
DEBUG 04-24 09:59:16.613305.613305 cuda_h.py:27] end gather_outputs_group_fused_mp cost 0.586 ms
DEBUG 04-24 09:59:16.613443.613443 cuda_h.py:27] end cpu_experts_worker_bmm_or_einsum_2 cost 18.185 ms
DEBUG 04-24 09:59:16.614884.614884 cuda_h.py:27] end cpu_thread_manager_mp_wait_fused cost 20.392 ms
DEBUG 04-24 09:59:16.614973.614973 cuda_h.py:27] end *single cpu experts* cost 22.003 ms
DEBUG 04-24 09:59:16.615127.615127 sllm_store_c.py:27] get device uuid map
DEBUG 04-24 09:59:16.615726.615726 sllm_store_c.py:29] call client load into gpu
DEBUG 04-24 09:59:16.617861.617861 cuda_h.py:27] end load_into_gpu_async_fused_experts_dual cost 2.158 ms
DEBUG 04-24 09:59:16.618880.618880 cuda_h.py:27] end restore_tensors2_fused_experts_packed cost 0.073 ms
DEBUG 04-24 09:59:16.618805.618805 cuda_h.py:27] end restore_tensors2_fused_experts_slices cost 0.264 ms
DEBUG 04-24 09:59:16.618676.618676 cuda_h.py:27] end allocate_experts_cuda_memory_and_restore_model_multi_device_fused cost 3.915 ms
DEBUG 04-24 09:59:16.618253.618253 cuda_h.py:27] end gpu_sexperts cost 0.005 ms
DEBUG 04-24 09:59:16.618572.618572 cuda_h.py:27] end wait_load_qkvogn_s_weight cost 0.018 ms
DEBUG 04-24 09:59:16.630263.630263 cuda_h.py:27] end prepare_per_device_parameters cost 11.883 ms
DEBUG 04-24 09:59:16.633500.633500 cuda_h.py:27] end wait_experts_multi_device cost 2.070 ms
DEBUG 04-24 09:59:16.633111.633111 cuda_h.py:27] end *before fused experts* cost 18.324 ms
DEBUG 04-24 09:59:16.636161.636161 cuda_h.py:27] end gpu_experts_multi_device_fused cost 3.825 ms
DEBUG 04-24 09:59:16.637694.637694 cuda_h.py:27] end *gpu experts* cost 22.265 ms
DEBUG 04-24 09:59:16.637405.637405 cuda_h.py:27] end layer_moe_generate_mp_multi_device_fused_l_24 cost 45.506 ms
DEBUG 04-24 09:59:16.638336.638336 cuda_h.py:27] end *mlp cost 47.209 ms
DEBUG 04-24 09:59:16.638511.638511 cuda_h.py:27] end prefill_layer cost 51.398 ms
DEBUG 04-24 09:59:16.638360.638360 lmp.py:320] -------------------------------- end prefill layer 23 --------------------------------
DEBUG 04-24 09:59:16.638010.638010 lmp.py:273] -------------------------------- start prefill layer 24 --------------------------------
DEBUG 04-24 09:59:16.639859.639859 cuda_h.py:27] end start_load_qkvogn_s_weight_l_25 cost 0.036 ms
DEBUG 04-24 09:59:16.639798.639798 cuda_h.py:27] end allocate_cuda_memory cost 0.496 ms
DEBUG 04-24 09:59:16.639339.639339 sllm_store_c.py:27] get device uuid map
DEBUG 04-24 09:59:16.640199.640199 sllm_store_c.py:29] call client load into gpu
DEBUG 04-24 09:59:16.641356.641356 cuda_h.py:27] end **self_attn cost 1.510 ms
DEBUG 04-24 09:59:16.641237.641237 cuda_h.py:27] end load_into_gpu_async cost 1.886 ms
DEBUG 04-24 09:59:16.642037.642037 cuda_h.py:27] end restore_tensors2 cost 0.120 ms
DEBUG 04-24 09:59:16.642946.642946 cuda_h.py:27] end allocate_cuda_memory_and_load_into_gpu cost 3.059 ms
DEBUG 04-24 09:59:16.642287.642287 cuda_h.py:27] end *iln_self_attn_paln cost 3.281 ms
DEBUG 04-24 09:59:16.643724.643724 cuda_h.py:27] end gate cost 0.673 ms
DEBUG 04-24 09:59:16.643106.643106 cuda_h.py:27] end experts_map_get cost 0.399 ms
DEBUG 04-24 09:59:16.643161.643161 cuda_h.py:27] end *before experts start* cost 1.300 ms
DEBUG 04-24 09:59:16.644792.644792 cuda_h.py:27] end cpu_experts_submit_fused_mp cost 0.211 ms
DEBUG 04-24 09:59:16.648806.648806 cuda_h.py:27] end prepare_group_stack cost 0.491 ms
DEBUG 04-24 09:59:16.648972.648972 cuda_h.py:27] end prepare_group_stack cost 0.408 ms
DEBUG 04-24 09:59:16.648591.648591 cuda_h.py:27] end prepare_group_stack cost 0.487 ms
DEBUG 04-24 09:59:16.648027.648027 cuda_h.py:27] end prepare_group_stack cost 0.636 ms
DEBUG 04-24 09:59:16.649645.649645 cuda_h.py:27] end group stack cost 0.810 ms
DEBUG 04-24 09:59:16.649841.649841 cuda_h.py:27] end move_flatidxs_group_fused_mp cost 1.458 ms
DEBUG 04-24 09:59:16.649786.649786 cuda_h.py:27] end group stack cost 1.062 ms
DEBUG 04-24 09:59:16.649782.649782 cuda_h.py:27] end group stack cost 1.034 ms
DEBUG 04-24 09:59:16.649028.649028 cuda_h.py:27] end get_fused_experts_names_w cost 0.018 ms
DEBUG 04-24 09:59:16.649784.649784 cuda_h.py:27] end move_flatidxs_group_fused_mp cost 1.831 ms
DEBUG 04-24 09:59:16.649528.649528 cuda_h.py:27] end move_flatidxs_group_fused_mp cost 1.799 ms
DEBUG 04-24 09:59:16.649234.649234 cuda_h.py:27] end get_fused_experts_names_w cost 0.024 ms
DEBUG 04-24 09:59:16.649778.649778 cuda_h.py:27] end get_fused_experts_names_w cost 0.022 ms
DEBUG 04-24 09:59:16.649306.649306 cuda_h.py:27] end restore_fused_tensors cost 0.408 ms
DEBUG 04-24 09:59:16.650765.650765 cuda_h.py:27] end group_fused_tensors_mp cost 0.670 ms
DEBUG 04-24 09:59:16.650639.650639 cuda_h.py:27] end restore2model cost 0.858 ms
DEBUG 04-24 09:59:16.650288.650288 cuda_h.py:27] end sllm_worker_task cost 11.286 ms
DEBUG 04-24 09:59:16.650553.650553 cuda_h.py:27] end restore_fused_tensors cost 0.645 ms
DEBUG 04-24 09:59:16.650271.650271 cuda_h.py:27] end restore_fused_tensors cost 0.706 ms
DEBUG 04-24 09:59:16.650190.650190 cuda_h.py:27] end group_fused_tensors_mp cost 1.068 ms
DEBUG 04-24 09:59:16.650806.650806 cuda_h.py:27] end group_fused_tensors_mp cost 1.076 ms
DEBUG 04-24 09:59:16.650317.650317 cuda_h.py:27] end group stack cost 1.891 ms
DEBUG 04-24 09:59:16.650822.650822 cuda_h.py:27] end move_flatidxs_group_fused_mp cost 3.055 ms
DEBUG 04-24 09:59:16.651662.651662 cuda_h.py:27] end get_fused_experts_names_w cost 0.037 ms
DEBUG 04-24 09:59:16.652835.652835 cuda_h.py:27] end restore_fused_tensors cost 1.191 ms
DEBUG 04-24 09:59:16.652952.652952 cuda_h.py:27] end group_fused_tensors_mp cost 1.590 ms
DEBUG 04-24 09:59:16.660850.660850 mlpmodule.py:3373] [fused_group_bmm][steps] bmm1=7.569 ms split=0.138 ms act_mul=0.313 ms bmm2=1.951 ms
DEBUG 04-24 09:59:16.660733.660733 cuda_h.py:27] end fused_group_bmm cost 10.254 ms
DEBUG 04-24 09:59:16.661242.661242 cuda_h.py:27] end gather_outputs_group_fused_mp cost 0.700 ms
DEBUG 04-24 09:59:16.661667.661667 cuda_h.py:27] end cpu_experts_worker_bmm_or_einsum_1 cost 15.215 ms
DEBUG 04-24 09:59:16.662740.662740 mlpmodule.py:3373] [fused_group_bmm][steps] bmm1=7.629 ms split=0.094 ms act_mul=0.343 ms bmm2=3.688 ms
DEBUG 04-24 09:59:16.662739.662739 cuda_h.py:27] end fused_group_bmm cost 11.955 ms
DEBUG 04-24 09:59:16.662397.662397 mlpmodule.py:3373] [fused_group_bmm][steps] bmm1=7.524 ms split=0.083 ms act_mul=0.384 ms bmm2=4.020 ms
DEBUG 04-24 09:59:16.663717.663717 cuda_h.py:27] end fused_group_bmm cost 12.311 ms
DEBUG 04-24 09:59:16.663940.663940 cuda_h.py:27] end gather_outputs_group_fused_mp cost 0.362 ms
DEBUG 04-24 09:59:16.663575.663575 cuda_h.py:27] end gather_outputs_group_fused_mp cost 0.377 ms
DEBUG 04-24 09:59:16.663440.663440 mlpmodule.py:3373] [fused_group_bmm][steps] bmm1=6.618 ms split=0.124 ms act_mul=0.349 ms bmm2=3.622 ms
DEBUG 04-24 09:59:16.663793.663793 cuda_h.py:27] end fused_group_bmm cost 11.003 ms
DEBUG 04-24 09:59:16.664915.664915 cuda_h.py:27] end cpu_experts_worker_bmm_or_einsum_3 cost 17.709 ms
DEBUG 04-24 09:59:16.664372.664372 cuda_h.py:27] end cpu_experts_worker_bmm_or_einsum_0 cost 17.870 ms
DEBUG 04-24 09:59:16.664775.664775 cuda_h.py:27] end gather_outputs_group_fused_mp cost 0.532 ms
DEBUG 04-24 09:59:16.665141.665141 cuda_h.py:27] end cpu_experts_worker_bmm_or_einsum_2 cost 18.475 ms
DEBUG 04-24 09:59:16.665323.665323 cuda_h.py:27] end cpu_thread_manager_mp_wait_fused cost 20.311 ms
DEBUG 04-24 09:59:16.666048.666048 cuda_h.py:27] end *single cpu experts* cost 22.100 ms
DEBUG 04-24 09:59:16.667507.667507 sllm_store_c.py:27] get device uuid map
DEBUG 04-24 09:59:16.667504.667504 sllm_store_c.py:29] call client load into gpu
DEBUG 04-24 09:59:16.669203.669203 cuda_h.py:27] end load_into_gpu_async_fused_experts_dual cost 2.415 ms
DEBUG 04-24 09:59:16.669731.669731 cuda_h.py:27] end restore_tensors2_fused_experts_packed cost 0.074 ms
DEBUG 04-24 09:59:16.670040.670040 cuda_h.py:27] end restore_tensors2_fused_experts_slices cost 0.256 ms
DEBUG 04-24 09:59:16.670241.670241 cuda_h.py:27] end allocate_experts_cuda_memory_and_restore_model_multi_device_fused cost 4.133 ms
DEBUG 04-24 09:59:16.670697.670697 cuda_h.py:27] end gpu_sexperts cost 0.004 ms
DEBUG 04-24 09:59:16.670149.670149 cuda_h.py:27] end wait_load_qkvogn_s_weight cost 0.018 ms
DEBUG 04-24 09:59:16.683198.683198 cuda_h.py:27] end prepare_per_device_parameters cost 12.972 ms
DEBUG 04-24 09:59:16.685239.685239 cuda_h.py:27] end wait_experts_multi_device cost 1.542 ms
DEBUG 04-24 09:59:16.685320.685320 cuda_h.py:27] end *before fused experts* cost 19.157 ms
DEBUG 04-24 09:59:16.689382.689382 cuda_h.py:27] end gpu_experts_multi_device_fused cost 3.799 ms
DEBUG 04-24 09:59:16.689093.689093 cuda_h.py:27] end *gpu experts* cost 23.064 ms
DEBUG 04-24 09:59:16.689420.689420 cuda_h.py:27] end layer_moe_generate_mp_multi_device_fused_l_25 cost 46.611 ms
DEBUG 04-24 09:59:16.690480.690480 cuda_h.py:27] end *mlp cost 48.413 ms
DEBUG 04-24 09:59:16.691211.691211 cuda_h.py:27] end prefill_layer cost 52.113 ms
DEBUG 04-24 09:59:16.691252.691252 lmp.py:320] -------------------------------- end prefill layer 24 --------------------------------
DEBUG 04-24 09:59:16.691247.691247 lmp.py:273] -------------------------------- start prefill layer 25 --------------------------------
DEBUG 04-24 09:59:16.691242.691242 cuda_h.py:27] end start_load_qkvogn_s_weight_l_26 cost 0.037 ms
DEBUG 04-24 09:59:16.691519.691519 cuda_h.py:27] end allocate_cuda_memory cost 0.365 ms
DEBUG 04-24 09:59:16.691315.691315 sllm_store_c.py:27] get device uuid map
DEBUG 04-24 09:59:16.692978.692978 sllm_store_c.py:29] call client load into gpu
DEBUG 04-24 09:59:16.693679.693679 cuda_h.py:27] end load_into_gpu_async cost 1.774 ms
DEBUG 04-24 09:59:16.694549.694549 cuda_h.py:27] end restore_tensors2 cost 0.125 ms
DEBUG 04-24 09:59:16.694525.694525 cuda_h.py:27] end **self_attn cost 1.817 ms
DEBUG 04-24 09:59:16.694852.694852 cuda_h.py:27] end allocate_cuda_memory_and_load_into_gpu cost 2.866 ms
DEBUG 04-24 09:59:16.694750.694750 cuda_h.py:27] end *iln_self_attn_paln cost 3.530 ms
DEBUG 04-24 09:59:16.695062.695062 cuda_h.py:27] end gate cost 0.504 ms
DEBUG 04-24 09:59:16.695123.695123 cuda_h.py:27] end experts_map_get cost 0.329 ms
DEBUG 04-24 09:59:16.695343.695343 cuda_h.py:27] end *before experts start* cost 1.005 ms
DEBUG 04-24 09:59:16.695952.695952 cuda_h.py:27] end cpu_experts_submit_fused_mp cost 0.138 ms
DEBUG 04-24 09:59:16.699695.699695 cuda_h.py:27] end prepare_group_stack cost 0.429 ms
DEBUG 04-24 09:59:16.700385.700385 cuda_h.py:27] end prepare_group_stack cost 0.465 ms
DEBUG 04-24 09:59:16.700804.700804 cuda_h.py:27] end prepare_group_stack cost 0.466 ms
DEBUG 04-24 09:59:16.700114.700114 cuda_h.py:27] end prepare_group_stack cost 0.664 ms
DEBUG 04-24 09:59:16.700072.700072 cuda_h.py:27] end group stack cost 0.717 ms
DEBUG 04-24 09:59:16.700142.700142 cuda_h.py:27] end move_flatidxs_group_fused_mp cost 1.351 ms
DEBUG 04-24 09:59:16.700205.700205 cuda_h.py:27] end group stack cost 0.858 ms
DEBUG 04-24 09:59:16.701691.701691 cuda_h.py:27] end get_fused_experts_names_w cost 0.018 ms
DEBUG 04-24 09:59:16.701765.701765 cuda_h.py:27] end move_flatidxs_group_fused_mp cost 1.540 ms
DEBUG 04-24 09:59:16.701750.701750 cuda_h.py:27] end get_fused_experts_names_w cost 0.017 ms
DEBUG 04-24 09:59:16.701785.701785 cuda_h.py:27] end restore_fused_tensors cost 0.387 ms
DEBUG 04-24 09:59:16.701561.701561 cuda_h.py:27] end group_fused_tensors_mp cost 0.487 ms
DEBUG 04-24 09:59:16.701241.701241 cuda_h.py:27] end group stack cost 1.069 ms
DEBUG 04-24 09:59:16.701829.701829 cuda_h.py:27] end move_flatidxs_group_fused_mp cost 2.020 ms
DEBUG 04-24 09:59:16.701018.701018 cuda_h.py:27] end restore_fused_tensors cost 0.440 ms
DEBUG 04-24 09:59:16.701669.701669 cuda_h.py:27] end group_fused_tensors_mp cost 0.557 ms
DEBUG 04-24 09:59:16.701861.701861 cuda_h.py:27] end get_fused_experts_names_w cost 0.028 ms
DEBUG 04-24 09:59:16.702264.702264 cuda_h.py:27] end restore2model cost 1.074 ms
DEBUG 04-24 09:59:16.702626.702626 cuda_h.py:27] end sllm_worker_task cost 10.956 ms
DEBUG 04-24 09:59:16.702382.702382 cuda_h.py:27] end group stack cost 1.697 ms
DEBUG 04-24 09:59:16.702221.702221 cuda_h.py:27] end move_flatidxs_group_fused_mp cost 2.919 ms
DEBUG 04-24 09:59:16.702729.702729 cuda_h.py:27] end restore_fused_tensors cost 0.796 ms
DEBUG 04-24 09:59:16.703950.703950 cuda_h.py:27] end get_fused_experts_names_w cost 0.037 ms
DEBUG 04-24 09:59:16.703473.703473 cuda_h.py:27] end group_fused_tensors_mp cost 1.281 ms
DEBUG 04-24 09:59:16.704557.704557 cuda_h.py:27] end restore_fused_tensors cost 1.217 ms
DEBUG 04-24 09:59:16.704568.704568 cuda_h.py:27] end group_fused_tensors_mp cost 1.517 ms
DEBUG 04-24 09:59:16.711503.711503 mlpmodule.py:3373] [fused_group_bmm][steps] bmm1=4.087 ms split=0.107 ms act_mul=0.495 ms bmm2=5.118 ms
DEBUG 04-24 09:59:16.711348.711348 cuda_h.py:27] end fused_group_bmm cost 10.125 ms
DEBUG 04-24 09:59:16.712839.712839 cuda_h.py:27] end gather_outputs_group_fused_mp cost 0.542 ms
DEBUG 04-24 09:59:16.712116.712116 cuda_h.py:27] end cpu_experts_worker_bmm_or_einsum_0 cost 14.726 ms
DEBUG 04-24 09:59:16.713476.713476 mlpmodule.py:3373] [fused_group_bmm][steps] bmm1=8.140 ms split=0.135 ms act_mul=0.326 ms bmm2=2.789 ms
DEBUG 04-24 09:59:16.713312.713312 cuda_h.py:27] end fused_group_bmm cost 11.646 ms
DEBUG 04-24 09:59:16.714864.714864 cuda_h.py:27] end gather_outputs_group_fused_mp cost 0.434 ms
DEBUG 04-24 09:59:16.714081.714081 cuda_h.py:27] end cpu_experts_worker_bmm_or_einsum_1 cost 16.439 ms
DEBUG 04-24 09:59:16.714015.714015 mlpmodule.py:3373] [fused_group_bmm][steps] bmm1=7.612 ms split=0.083 ms act_mul=0.300 ms bmm2=3.035 ms
DEBUG 04-24 09:59:16.715255.715255 cuda_h.py:27] end fused_group_bmm cost 11.513 ms
DEBUG 04-24 09:59:16.715766.715766 mlpmodule.py:3373] [fused_group_bmm][steps] bmm1=6.689 ms split=0.109 ms act_mul=0.450 ms bmm2=3.108 ms
DEBUG 04-24 09:59:16.715621.715621 cuda_h.py:27] end fused_group_bmm cost 10.593 ms
DEBUG 04-24 09:59:16.715796.715796 cuda_h.py:27] end gather_outputs_group_fused_mp cost 0.336 ms
DEBUG 04-24 09:59:16.716710.716710 cuda_h.py:27] end cpu_experts_worker_bmm_or_einsum_3 cost 17.784 ms
DEBUG 04-24 09:59:16.716626.716626 cuda_h.py:27] end gather_outputs_group_fused_mp cost 0.570 ms
DEBUG 04-24 09:59:16.716276.716276 cuda_h.py:27] end cpu_experts_worker_bmm_or_einsum_2 cost 18.127 ms
DEBUG 04-24 09:59:16.717993.717993 cuda_h.py:27] end cpu_thread_manager_mp_wait_fused cost 20.014 ms
DEBUG 04-24 09:59:16.717818.717818 cuda_h.py:27] end *single cpu experts* cost 21.667 ms
DEBUG 04-24 09:59:16.718470.718470 sllm_store_c.py:27] get device uuid map
DEBUG 04-24 09:59:16.718805.718805 sllm_store_c.py:29] call client load into gpu
DEBUG 04-24 09:59:16.721012.721012 cuda_h.py:27] end load_into_gpu_async_fused_experts_dual cost 2.933 ms
DEBUG 04-24 09:59:16.721494.721494 cuda_h.py:27] end restore_tensors2_fused_experts_packed cost 0.071 ms
DEBUG 04-24 09:59:16.722537.722537 cuda_h.py:27] end restore_tensors2_fused_experts_slices cost 0.270 ms
DEBUG 04-24 09:59:16.722499.722499 cuda_h.py:27] end allocate_experts_cuda_memory_and_restore_model_multi_device_fused cost 4.671 ms
DEBUG 04-24 09:59:16.722617.722617 cuda_h.py:27] end gpu_sexperts cost 0.004 ms
DEBUG 04-24 09:59:16.722261.722261 cuda_h.py:27] end wait_load_qkvogn_s_weight cost 0.019 ms
DEBUG 04-24 09:59:16.735444.735444 cuda_h.py:27] end prepare_per_device_parameters cost 12.690 ms
DEBUG 04-24 09:59:16.738329.738329 cuda_h.py:27] end wait_experts_multi_device cost 2.829 ms
DEBUG 04-24 09:59:16.738517.738517 cuda_h.py:27] end *before fused experts* cost 20.632 ms
DEBUG 04-24 09:59:16.741358.741358 cuda_h.py:27] end gpu_experts_multi_device_fused cost 3.705 ms
DEBUG 04-24 09:59:16.741804.741804 cuda_h.py:27] end *gpu experts* cost 24.460 ms
DEBUG 04-24 09:59:16.742091.742091 cuda_h.py:27] end layer_moe_generate_mp_multi_device_fused_l_26 cost 47.272 ms
DEBUG 04-24 09:59:16.743168.743168 cuda_h.py:27] end *mlp cost 49.152 ms
DEBUG 04-24 09:59:16.744415.744415 cuda_h.py:27] end prefill_layer cost 52.896 ms
DEBUG 04-24 09:59:16.744648.744648 lmp.py:320] -------------------------------- end prefill layer 25 --------------------------------
DEBUG 04-24 09:59:16.744920.744920 lmp.py:273] -------------------------------- start prefill layer 26 --------------------------------
DEBUG 04-24 09:59:16.744631.744631 cuda_h.py:27] end start_load_qkvogn_s_weight_l_27 cost 0.035 ms
DEBUG 04-24 09:59:16.744093.744093 cuda_h.py:27] end allocate_cuda_memory cost 0.496 ms
DEBUG 04-24 09:59:16.745643.745643 sllm_store_c.py:27] get device uuid map
DEBUG 04-24 09:59:16.745688.745688 sllm_store_c.py:29] call client load into gpu
DEBUG 04-24 09:59:16.747517.747517 cuda_h.py:27] end **self_attn cost 1.448 ms
DEBUG 04-24 09:59:16.748178.748178 cuda_h.py:27] end load_into_gpu_async cost 2.741 ms
DEBUG 04-24 09:59:16.748442.748442 cuda_h.py:27] end restore_tensors2 cost 0.199 ms
DEBUG 04-24 09:59:16.748705.748705 cuda_h.py:27] end allocate_cuda_memory_and_load_into_gpu cost 4.262 ms
DEBUG 04-24 09:59:16.748458.748458 cuda_h.py:27] end *iln_self_attn_paln cost 4.533 ms
DEBUG 04-24 09:59:16.749853.749853 cuda_h.py:27] end gate cost 0.566 ms
DEBUG 04-24 09:59:16.750198.750198 cuda_h.py:27] end experts_map_get cost 0.297 ms
DEBUG 04-24 09:59:16.750180.750180 cuda_h.py:27] end *before experts start* cost 1.030 ms
DEBUG 04-24 09:59:16.750033.750033 cuda_h.py:27] end cpu_experts_submit_fused_mp cost 0.144 ms
DEBUG 04-24 09:59:16.752110.752110 cuda_h.py:27] end prepare_group_stack cost 0.413 ms
DEBUG 04-24 09:59:16.753843.753843 cuda_h.py:27] end group stack cost 0.827 ms
DEBUG 04-24 09:59:16.753961.753961 cuda_h.py:27] end move_flatidxs_group_fused_mp cost 1.514 ms
DEBUG 04-24 09:59:16.753339.753339 cuda_h.py:27] end prepare_group_stack cost 0.360 ms
DEBUG 04-24 09:59:16.753785.753785 cuda_h.py:27] end get_fused_experts_names_w cost 0.021 ms
DEBUG 04-24 09:59:16.754026.754026 cuda_h.py:27] end prepare_group_stack cost 0.588 ms
DEBUG 04-24 09:59:16.754098.754098 cuda_h.py:27] end restore_fused_tensors cost 0.574 ms
DEBUG 04-24 09:59:16.754919.754919 cuda_h.py:27] end group stack cost 0.815 ms
DEBUG 04-24 09:59:16.754000.754000 cuda_h.py:27] end group_fused_tensors_mp cost 0.921 ms
DEBUG 04-24 09:59:16.755459.755459 cuda_h.py:27] end move_flatidxs_group_fused_mp cost 1.590 ms
DEBUG 04-24 09:59:16.754675.754675 cuda_h.py:27] end prepare_group_stack cost 0.626 ms
DEBUG 04-24 09:59:16.755798.755798 cuda_h.py:27] end get_fused_experts_names_w cost 0.018 ms
DEBUG 04-24 09:59:16.755365.755365 cuda_h.py:27] end restore_fused_tensors cost 0.479 ms
DEBUG 04-24 09:59:16.755261.755261 cuda_h.py:27] end group_fused_tensors_mp cost 0.608 ms
DEBUG 04-24 09:59:16.755580.755580 cuda_h.py:27] end group stack cost 1.433 ms
DEBUG 04-24 09:59:16.756145.756145 cuda_h.py:27] end move_flatidxs_group_fused_mp cost 2.779 ms
DEBUG 04-24 09:59:16.756749.756749 cuda_h.py:27] end get_fused_experts_names_w cost 0.035 ms
DEBUG 04-24 09:59:16.757497.757497 cuda_h.py:27] end group stack cost 1.843 ms
DEBUG 04-24 09:59:16.757729.757729 cuda_h.py:27] end move_flatidxs_group_fused_mp cost 3.055 ms
DEBUG 04-24 09:59:16.757271.757271 cuda_h.py:27] end restore2model cost 1.892 ms
DEBUG 04-24 09:59:16.757501.757501 cuda_h.py:27] end get_fused_experts_names_w cost 0.038 ms
DEBUG 04-24 09:59:16.757328.757328 cuda_h.py:27] end restore_fused_tensors cost 1.066 ms
DEBUG 04-24 09:59:16.757687.757687 cuda_h.py:27] end sllm_worker_task cost 13.417 ms
DEBUG 04-24 09:59:16.757273.757273 cuda_h.py:27] end group_fused_tensors_mp cost 1.447 ms
DEBUG 04-24 09:59:16.758000.758000 cuda_h.py:27] end restore_fused_tensors cost 0.974 ms
DEBUG 04-24 09:59:16.759561.759561 cuda_h.py:27] end group_fused_tensors_mp cost 1.421 ms
DEBUG 04-24 09:59:16.766844.766844 mlpmodule.py:3373] [fused_group_bmm][steps] bmm1=6.335 ms split=0.062 ms act_mul=0.303 ms bmm2=3.854 ms
DEBUG 04-24 09:59:16.766380.766380 cuda_h.py:27] end fused_group_bmm cost 10.761 ms
DEBUG 04-24 09:59:16.766108.766108 mlpmodule.py:3373] [fused_group_bmm][steps] bmm1=6.749 ms split=0.177 ms act_mul=0.390 ms bmm2=4.284 ms
DEBUG 04-24 09:59:16.767201.767201 cuda_h.py:27] end gather_outputs_group_fused_mp cost 0.353 ms
DEBUG 04-24 09:59:16.767370.767370 cuda_h.py:27] end fused_group_bmm cost 12.135 ms
DEBUG 04-24 09:59:16.767588.767588 cuda_h.py:27] end cpu_experts_worker_bmm_or_einsum_1 cost 15.316 ms
DEBUG 04-24 09:59:16.767766.767766 cuda_h.py:27] end gather_outputs_group_fused_mp cost 0.354 ms
DEBUG 04-24 09:59:16.768523.768523 cuda_h.py:27] end cpu_experts_worker_bmm_or_einsum_3 cost 17.085 ms
DEBUG 04-24 09:59:16.770411.770411 mlpmodule.py:3373] [fused_group_bmm][steps] bmm1=7.558 ms split=0.100 ms act_mul=0.546 ms bmm2=3.357 ms
DEBUG 04-24 09:59:16.770238.770238 cuda_h.py:27] end fused_group_bmm cost 11.775 ms
DEBUG 04-24 09:59:16.770387.770387 mlpmodule.py:3373] [fused_group_bmm][steps] bmm1=6.950 ms split=0.100 ms act_mul=0.273 ms bmm2=3.281 ms
DEBUG 04-24 09:59:16.770732.770732 cuda_h.py:27] end fused_group_bmm cost 11.027 ms
DEBUG 04-24 09:59:16.770771.770771 cuda_h.py:27] end gather_outputs_group_fused_mp cost 0.415 ms
DEBUG 04-24 09:59:16.771464.771464 cuda_h.py:27] end gather_outputs_group_fused_mp cost 0.566 ms
DEBUG 04-24 09:59:16.771874.771874 cuda_h.py:27] end cpu_experts_worker_bmm_or_einsum_0 cost 18.930 ms
DEBUG 04-24 09:59:16.771512.771512 cuda_h.py:27] end cpu_experts_worker_bmm_or_einsum_2 cost 18.297 ms
DEBUG 04-24 09:59:16.772705.772705 cuda_h.py:27] end cpu_thread_manager_mp_wait_fused cost 21.008 ms
DEBUG 04-24 09:59:16.772576.772576 cuda_h.py:27] end *single cpu experts* cost 22.487 ms
DEBUG 04-24 09:59:16.773420.773420 sllm_store_c.py:27] get device uuid map
DEBUG 04-24 09:59:16.773602.773602 sllm_store_c.py:29] call client load into gpu
DEBUG 04-24 09:59:16.777941.777941 cuda_h.py:27] end load_into_gpu_async_fused_experts_dual cost 3.302 ms
DEBUG 04-24 09:59:16.777747.777747 cuda_h.py:27] end restore_tensors2_fused_experts_packed cost 0.072 ms
DEBUG 04-24 09:59:16.777120.777120 cuda_h.py:27] end restore_tensors2_fused_experts_slices cost 0.268 ms
DEBUG 04-24 09:59:16.777745.777745 cuda_h.py:27] end allocate_experts_cuda_memory_and_restore_model_multi_device_fused cost 4.995 ms
DEBUG 04-24 09:59:16.777109.777109 cuda_h.py:27] end gpu_sexperts cost 0.004 ms
DEBUG 04-24 09:59:16.778992.778992 cuda_h.py:27] end wait_load_qkvogn_s_weight cost 0.018 ms
DEBUG 04-24 09:59:16.791493.791493 cuda_h.py:27] end prepare_per_device_parameters cost 13.602 ms
DEBUG 04-24 09:59:16.793493.793493 cuda_h.py:27] end wait_experts_multi_device cost 1.511 ms
DEBUG 04-24 09:59:16.793766.793766 cuda_h.py:27] end *before fused experts* cost 20.678 ms
DEBUG 04-24 09:59:16.797790.797790 cuda_h.py:27] end gpu_experts_multi_device_fused cost 4.226 ms
DEBUG 04-24 09:59:16.797561.797561 cuda_h.py:27] end *gpu experts* cost 25.021 ms
DEBUG 04-24 09:59:16.797325.797325 cuda_h.py:27] end layer_moe_generate_mp_multi_device_fused_l_27 cost 48.679 ms
DEBUG 04-24 09:59:16.799627.799627 cuda_h.py:27] end *mlp cost 50.587 ms
DEBUG 04-24 09:59:16.799272.799272 cuda_h.py:27] end prefill_layer cost 55.806 ms
DEBUG 04-24 09:59:16.799552.799552 lmp.py:320] -------------------------------- end prefill layer 26 --------------------------------
DEBUG 04-24 09:59:16.799870.799870 lmp.py:273] -------------------------------- start prefill layer 27 --------------------------------
DEBUG 04-24 09:59:16.800581.800581 cuda_h.py:27] end start_load_qkvogn_s_weight_l_28 cost 0.036 ms
DEBUG 04-24 09:59:16.800356.800356 cuda_h.py:27] end allocate_cuda_memory cost 0.354 ms
DEBUG 04-24 09:59:16.800349.800349 sllm_store_c.py:27] get device uuid map
DEBUG 04-24 09:59:16.801095.801095 sllm_store_c.py:29] call client load into gpu
DEBUG 04-24 09:59:16.802511.802511 cuda_h.py:27] end **self_attn cost 1.647 ms
DEBUG 04-24 09:59:16.802082.802082 cuda_h.py:27] end *iln_self_attn_paln cost 2.937 ms
DEBUG 04-24 09:59:16.803154.803154 cuda_h.py:27] end load_into_gpu_async cost 2.273 ms
DEBUG 04-24 09:59:16.803382.803382 cuda_h.py:27] end restore_tensors2 cost 0.135 ms
DEBUG 04-24 09:59:16.803571.803571 cuda_h.py:27] end allocate_cuda_memory_and_load_into_gpu cost 3.476 ms
DEBUG 04-24 09:59:16.804013.804013 cuda_h.py:27] end gate cost 0.981 ms
DEBUG 04-24 09:59:16.804676.804676 cuda_h.py:27] end experts_map_get cost 0.301 ms
DEBUG 04-24 09:59:16.804327.804327 cuda_h.py:27] end *before experts start* cost 1.478 ms
DEBUG 04-24 09:59:16.804115.804115 cuda_h.py:27] end cpu_experts_submit_fused_mp cost 0.165 ms
DEBUG 04-24 09:59:16.808801.808801 cuda_h.py:27] end prepare_group_stack cost 0.407 ms
DEBUG 04-24 09:59:16.808149.808149 cuda_h.py:27] end prepare_group_stack cost 0.627 ms
DEBUG 04-24 09:59:16.808522.808522 cuda_h.py:27] end prepare_group_stack cost 0.643 ms
DEBUG 04-24 09:59:16.809788.809788 cuda_h.py:27] end group stack cost 0.906 ms
DEBUG 04-24 09:59:16.809363.809363 cuda_h.py:27] end prepare_group_stack cost 0.459 ms
DEBUG 04-24 09:59:16.809732.809732 cuda_h.py:27] end move_flatidxs_group_fused_mp cost 1.537 ms
DEBUG 04-24 09:59:16.809111.809111 cuda_h.py:27] end get_fused_experts_names_w cost 0.018 ms
DEBUG 04-24 09:59:16.809267.809267 cuda_h.py:27] end restore_fused_tensors cost 0.457 ms
DEBUG 04-24 09:59:16.809630.809630 cuda_h.py:27] end group stack cost 1.226 ms
DEBUG 04-24 09:59:16.810886.810886 cuda_h.py:27] end group_fused_tensors_mp cost 0.796 ms
DEBUG 04-24 09:59:16.810378.810378 cuda_h.py:27] end move_flatidxs_group_fused_mp cost 2.333 ms
DEBUG 04-24 09:59:16.810973.810973 cuda_h.py:27] end group stack cost 1.089 ms
DEBUG 04-24 09:59:16.810253.810253 cuda_h.py:27] end get_fused_experts_names_w cost 0.026 ms
DEBUG 04-24 09:59:16.810923.810923 cuda_h.py:27] end move_flatidxs_group_fused_mp cost 1.988 ms
DEBUG 04-24 09:59:16.810983.810983 cuda_h.py:27] end group stack cost 1.833 ms
DEBUG 04-24 09:59:16.810593.810593 cuda_h.py:27] end get_fused_experts_names_w cost 0.025 ms
DEBUG 04-24 09:59:16.810581.810581 cuda_h.py:27] end move_flatidxs_group_fused_mp cost 3.037 ms
DEBUG 04-24 09:59:16.811734.811734 cuda_h.py:27] end get_fused_experts_names_w cost 0.036 ms
DEBUG 04-24 09:59:16.811075.811075 cuda_h.py:27] end restore_fused_tensors cost 0.797 ms
DEBUG 04-24 09:59:16.811677.811677 cuda_h.py:27] end group_fused_tensors_mp cost 1.220 ms
DEBUG 04-24 09:59:16.811278.811278 cuda_h.py:27] end restore2model cost 1.176 ms
DEBUG 04-24 09:59:16.811991.811991 cuda_h.py:27] end sllm_worker_task cost 11.704 ms
DEBUG 04-24 09:59:16.811976.811976 cuda_h.py:27] end restore_fused_tensors cost 1.080 ms
DEBUG 04-24 09:59:16.812171.812171 cuda_h.py:27] end group_fused_tensors_mp cost 1.465 ms
DEBUG 04-24 09:59:16.812820.812820 cuda_h.py:27] end restore_fused_tensors cost 1.138 ms
DEBUG 04-24 09:59:16.812718.812718 cuda_h.py:27] end group_fused_tensors_mp cost 1.541 ms
DEBUG 04-24 09:59:16.820699.820699 mlpmodule.py:3373] [fused_group_bmm][steps] bmm1=5.721 ms split=0.147 ms act_mul=0.547 ms bmm2=2.529 ms
DEBUG 04-24 09:59:16.820734.820734 cuda_h.py:27] end fused_group_bmm cost 9.212 ms
DEBUG 04-24 09:59:16.821452.821452 cuda_h.py:27] end gather_outputs_group_fused_mp cost 0.439 ms
DEBUG 04-24 09:59:16.821231.821231 mlpmodule.py:3373] [fused_group_bmm][steps] bmm1=7.276 ms split=0.130 ms act_mul=0.372 ms bmm2=3.760 ms
DEBUG 04-24 09:59:16.821124.821124 cuda_h.py:27] end fused_group_bmm cost 11.738 ms
DEBUG 04-24 09:59:16.821069.821069 mlpmodule.py:3373] [fused_group_bmm][steps] bmm1=5.654 ms split=0.069 ms act_mul=0.603 ms bmm2=2.763 ms
DEBUG 04-24 09:59:16.821543.821543 cuda_h.py:27] end cpu_experts_worker_bmm_or_einsum_0 cost 15.340 ms
DEBUG 04-24 09:59:16.822717.822717 cuda_h.py:27] end fused_group_bmm cost 9.492 ms
DEBUG 04-24 09:59:16.822879.822879 cuda_h.py:27] end gather_outputs_group_fused_mp cost 0.335 ms
DEBUG 04-24 09:59:16.822884.822884 cuda_h.py:27] end gather_outputs_group_fused_mp cost 0.383 ms
DEBUG 04-24 09:59:16.822533.822533 cuda_h.py:27] end cpu_experts_worker_bmm_or_einsum_1 cost 16.336 ms
DEBUG 04-24 09:59:16.823991.823991 cuda_h.py:27] end cpu_experts_worker_bmm_or_einsum_3 cost 15.592 ms
DEBUG 04-24 09:59:16.823270.823270 mlpmodule.py:3373] [fused_group_bmm][steps] bmm1=7.374 ms split=0.161 ms act_mul=0.577 ms bmm2=2.941 ms
DEBUG 04-24 09:59:16.824905.824905 cuda_h.py:27] end fused_group_bmm cost 11.275 ms
DEBUG 04-24 09:59:16.825245.825245 cuda_h.py:27] end gather_outputs_group_fused_mp cost 0.829 ms
DEBUG 04-24 09:59:16.825638.825638 cuda_h.py:27] end cpu_experts_worker_bmm_or_einsum_2 cost 19.048 ms
DEBUG 04-24 09:59:16.826791.826791 cuda_h.py:27] end cpu_thread_manager_mp_wait_fused cost 20.355 ms
DEBUG 04-24 09:59:16.826623.826623 cuda_h.py:27] end *single cpu experts* cost 22.062 ms
DEBUG 04-24 09:59:16.827935.827935 sllm_store_c.py:27] get device uuid map
DEBUG 04-24 09:59:16.828170.828170 sllm_store_c.py:29] call client load into gpu
DEBUG 04-24 09:59:16.831255.831255 cuda_h.py:27] end load_into_gpu_async_fused_experts_dual cost 3.208 ms
DEBUG 04-24 09:59:16.831648.831648 cuda_h.py:27] end restore_tensors2_fused_experts_packed cost 0.128 ms
DEBUG 04-24 09:59:16.832567.832567 cuda_h.py:27] end restore_tensors2_fused_experts_slices cost 0.545 ms
DEBUG 04-24 09:59:16.832090.832090 cuda_h.py:27] end allocate_experts_cuda_memory_and_restore_model_multi_device_fused cost 5.590 ms
DEBUG 04-24 09:59:16.832747.832747 cuda_h.py:27] end gpu_sexperts cost 0.008 ms
DEBUG 04-24 09:59:16.832423.832423 cuda_h.py:27] end wait_load_qkvogn_s_weight cost 0.030 ms
DEBUG 04-24 09:59:16.845889.845889 cuda_h.py:27] end prepare_per_device_parameters cost 11.995 ms
DEBUG 04-24 09:59:16.846140.846140 cuda_h.py:27] end wait_experts_multi_device cost 1.472 ms
DEBUG 04-24 09:59:16.846665.846665 cuda_h.py:27] end *before fused experts* cost 19.828 ms
DEBUG 04-24 09:59:16.851244.851244 cuda_h.py:27] end gpu_experts_multi_device_fused cost 4.381 ms
DEBUG 04-24 09:59:16.851975.851975 cuda_h.py:27] end *gpu experts* cost 24.342 ms
DEBUG 04-24 09:59:16.851892.851892 cuda_h.py:27] end layer_moe_generate_mp_multi_device_fused_l_28 cost 48.031 ms
DEBUG 04-24 09:59:16.852132.852132 cuda_h.py:27] end *mlp cost 49.470 ms
DEBUG 04-24 09:59:16.852229.852229 cuda_h.py:27] end prefill_layer cost 52.824 ms
DEBUG 04-24 09:59:16.852137.852137 lmp.py:320] -------------------------------- end prefill layer 27 --------------------------------
DEBUG 04-24 09:59:16.852608.852608 lmp.py:273] -------------------------------- start prefill layer 28 --------------------------------
DEBUG 04-24 09:59:16.852439.852439 cuda_h.py:27] end start_load_qkvogn_s_weight_l_29 cost 0.041 ms
DEBUG 04-24 09:59:16.853151.853151 cuda_h.py:27] end allocate_cuda_memory cost 0.445 ms
DEBUG 04-24 09:59:16.853687.853687 sllm_store_c.py:27] get device uuid map
DEBUG 04-24 09:59:16.854302.854302 sllm_store_c.py:29] call client load into gpu
DEBUG 04-24 09:59:16.855858.855858 cuda_h.py:27] end load_into_gpu_async cost 2.111 ms
DEBUG 04-24 09:59:16.856008.856008 cuda_h.py:27] end restore_tensors2 cost 0.170 ms
DEBUG 04-24 09:59:16.856539.856539 cuda_h.py:27] end allocate_cuda_memory_and_load_into_gpu cost 3.431 ms
DEBUG 04-24 09:59:16.856814.856814 cuda_h.py:27] end **self_attn cost 2.747 ms
DEBUG 04-24 09:59:16.857474.857474 cuda_h.py:27] end *iln_self_attn_paln cost 4.249 ms
DEBUG 04-24 09:59:16.857657.857657 cuda_h.py:27] end gate cost 0.574 ms
DEBUG 04-24 09:59:16.858831.858831 cuda_h.py:27] end experts_map_get cost 0.341 ms
DEBUG 04-24 09:59:16.858966.858966 cuda_h.py:27] end *before experts start* cost 1.095 ms
DEBUG 04-24 09:59:16.858913.858913 cuda_h.py:27] end cpu_experts_submit_fused_mp cost 0.169 ms
DEBUG 04-24 09:59:16.860098.860098 cuda_h.py:27] end prepare_group_stack cost 0.449 ms
DEBUG 04-24 09:59:16.861662.861662 cuda_h.py:27] end prepare_group_stack cost 0.438 ms
DEBUG 04-24 09:59:16.861401.861401 cuda_h.py:27] end group stack cost 0.866 ms
DEBUG 04-24 09:59:16.861630.861630 cuda_h.py:27] end move_flatidxs_group_fused_mp cost 1.528 ms
DEBUG 04-24 09:59:16.862983.862983 cuda_h.py:27] end get_fused_experts_names_w cost 0.019 ms
DEBUG 04-24 09:59:16.862543.862543 cuda_h.py:27] end group stack cost 1.051 ms
DEBUG 04-24 09:59:16.862560.862560 cuda_h.py:27] end move_flatidxs_group_fused_mp cost 1.761 ms
DEBUG 04-24 09:59:16.862481.862481 cuda_h.py:27] end restore_fused_tensors cost 0.399 ms
DEBUG 04-24 09:59:16.862470.862470 cuda_h.py:27] end get_fused_experts_names_w cost 0.021 ms
DEBUG 04-24 09:59:16.862523.862523 cuda_h.py:27] end group_fused_tensors_mp cost 0.736 ms
DEBUG 04-24 09:59:16.862443.862443 cuda_h.py:27] end prepare_group_stack cost 0.710 ms
DEBUG 04-24 09:59:16.862352.862352 cuda_h.py:27] end prepare_group_stack cost 0.700 ms
DEBUG 04-24 09:59:16.863304.863304 cuda_h.py:27] end restore_fused_tensors cost 0.563 ms
DEBUG 04-24 09:59:16.863176.863176 cuda_h.py:27] end group_fused_tensors_mp cost 0.929 ms
DEBUG 04-24 09:59:16.864251.864251 cuda_h.py:27] end group stack cost 1.619 ms
DEBUG 04-24 09:59:16.865171.865171 cuda_h.py:27] end move_flatidxs_group_fused_mp cost 2.894 ms
DEBUG 04-24 09:59:16.865414.865414 cuda_h.py:27] end get_fused_experts_names_w cost 0.031 ms
DEBUG 04-24 09:59:16.865018.865018 cuda_h.py:27] end group stack cost 2.148 ms
DEBUG 04-24 09:59:16.865367.865367 cuda_h.py:27] end move_flatidxs_group_fused_mp cost 3.554 ms
DEBUG 04-24 09:59:16.866150.866150 cuda_h.py:27] end get_fused_experts_names_w cost 0.037 ms
DEBUG 04-24 09:59:16.866745.866745 cuda_h.py:27] end restore_fused_tensors cost 0.893 ms
DEBUG 04-24 09:59:16.866378.866378 cuda_h.py:27] end group_fused_tensors_mp cost 1.311 ms
DEBUG 04-24 09:59:16.867848.867848 cuda_h.py:27] end restore_fused_tensors cost 0.993 ms
DEBUG 04-24 09:59:16.867925.867925 cuda_h.py:27] end group_fused_tensors_mp cost 1.426 ms
DEBUG 04-24 09:59:16.867449.867449 cuda_h.py:27] end restore2model cost 1.288 ms
DEBUG 04-24 09:59:16.868713.868713 cuda_h.py:27] end sllm_worker_task cost 14.935 ms
DEBUG 04-24 09:59:16.873754.873754 mlpmodule.py:3373] [fused_group_bmm][steps] bmm1=5.707 ms split=0.221 ms act_mul=0.544 ms bmm2=3.633 ms
DEBUG 04-24 09:59:16.873152.873152 cuda_h.py:27] end fused_group_bmm cost 10.365 ms
DEBUG 04-24 09:59:16.873240.873240 cuda_h.py:27] end gather_outputs_group_fused_mp cost 0.409 ms
DEBUG 04-24 09:59:16.874351.874351 cuda_h.py:27] end cpu_experts_worker_bmm_or_einsum_1 cost 14.822 ms
DEBUG 04-24 09:59:16.874065.874065 mlpmodule.py:3373] [fused_group_bmm][steps] bmm1=6.961 ms split=0.090 ms act_mul=0.644 ms bmm2=3.277 ms
DEBUG 04-24 09:59:16.875361.875361 cuda_h.py:27] end fused_group_bmm cost 11.355 ms
DEBUG 04-24 09:59:16.875328.875328 cuda_h.py:27] end gather_outputs_group_fused_mp cost 0.333 ms
DEBUG 04-24 09:59:16.875904.875904 cuda_h.py:27] end cpu_experts_worker_bmm_or_einsum_3 cost 15.478 ms
DEBUG 04-24 09:59:16.879837.879837 mlpmodule.py:3373] [fused_group_bmm][steps] bmm1=7.224 ms split=0.116 ms act_mul=0.731 ms bmm2=4.133 ms
DEBUG 04-24 09:59:16.879619.879619 mlpmodule.py:3373] [fused_group_bmm][steps] bmm1=7.817 ms split=0.104 ms act_mul=0.307 ms bmm2=4.573 ms
DEBUG 04-24 09:59:16.880586.880586 cuda_h.py:27] end fused_group_bmm cost 12.472 ms
DEBUG 04-24 09:59:16.880706.880706 cuda_h.py:27] end fused_group_bmm cost 13.067 ms
DEBUG 04-24 09:59:16.880176.880176 cuda_h.py:27] end gather_outputs_group_fused_mp cost 0.509 ms
DEBUG 04-24 09:59:16.880515.880515 cuda_h.py:27] end gather_outputs_group_fused_mp cost 0.561 ms
DEBUG 04-24 09:59:16.881047.881047 cuda_h.py:27] end cpu_experts_worker_bmm_or_einsum_2 cost 20.080 ms
DEBUG 04-24 09:59:16.881567.881567 cuda_h.py:27] end cpu_experts_worker_bmm_or_einsum_0 cost 20.708 ms
DEBUG 04-24 09:59:16.882381.882381 cuda_h.py:27] end cpu_thread_manager_mp_wait_fused cost 22.545 ms
DEBUG 04-24 09:59:16.882683.882683 cuda_h.py:27] end *single cpu experts* cost 24.155 ms
DEBUG 04-24 09:59:16.883748.883748 sllm_store_c.py:27] get device uuid map
DEBUG 04-24 09:59:16.883274.883274 sllm_store_c.py:29] call client load into gpu
DEBUG 04-24 09:59:16.886536.886536 cuda_h.py:27] end load_into_gpu_async_fused_experts_dual cost 2.585 ms
DEBUG 04-24 09:59:16.886767.886767 cuda_h.py:27] end restore_tensors2_fused_experts_packed cost 0.082 ms
DEBUG 04-24 09:59:16.886531.886531 cuda_h.py:27] end restore_tensors2_fused_experts_slices cost 0.317 ms
DEBUG 04-24 09:59:16.887190.887190 cuda_h.py:27] end allocate_experts_cuda_memory_and_restore_model_multi_device_fused cost 4.391 ms
DEBUG 04-24 09:59:16.887314.887314 cuda_h.py:27] end gpu_sexperts cost 0.005 ms
DEBUG 04-24 09:59:16.887520.887520 cuda_h.py:27] end wait_load_qkvogn_s_weight cost 0.021 ms
DEBUG 04-24 09:59:16.900196.900196 cuda_h.py:27] end prepare_per_device_parameters cost 13.124 ms
DEBUG 04-24 09:59:16.902997.902997 cuda_h.py:27] end wait_experts_multi_device cost 1.299 ms
DEBUG 04-24 09:59:16.902495.902495 cuda_h.py:27] end *before fused experts* cost 19.655 ms
DEBUG 04-24 09:59:16.906315.906315 cuda_h.py:27] end gpu_experts_multi_device_fused cost 3.868 ms
DEBUG 04-24 09:59:16.906271.906271 cuda_h.py:27] end *gpu experts* cost 23.633 ms
DEBUG 04-24 09:59:16.906266.906266 cuda_h.py:27] end layer_moe_generate_mp_multi_device_fused_l_29 cost 49.036 ms
DEBUG 04-24 09:59:16.909206.909206 cuda_h.py:27] end *mlp cost 51.975 ms
DEBUG 04-24 09:59:16.909944.909944 cuda_h.py:27] end prefill_layer cost 56.497 ms
DEBUG 04-24 09:59:16.909600.909600 lmp.py:320] -------------------------------- end prefill layer 28 --------------------------------
DEBUG 04-24 09:59:16.909250.909250 lmp.py:273] -------------------------------- start prefill layer 29 --------------------------------
DEBUG 04-24 09:59:16.911808.911808 cuda_h.py:27] end **self_attn cost 1.392 ms
DEBUG 04-24 09:59:16.911908.911908 cuda_h.py:27] end *iln_self_attn_paln cost 1.829 ms
DEBUG 04-24 09:59:16.911199.911199 cuda_h.py:27] end gate cost 0.503 ms
DEBUG 04-24 09:59:16.912912.912912 cuda_h.py:27] end experts_map_get cost 0.266 ms
DEBUG 04-24 09:59:16.912256.912256 cuda_h.py:27] end *before experts start* cost 1.046 ms
DEBUG 04-24 09:59:16.912348.912348 cuda_h.py:27] end cpu_experts_submit_fused_mp cost 0.142 ms
DEBUG 04-24 09:59:16.913324.913324 cuda_h.py:27] end prepare_group_stack cost 0.394 ms
DEBUG 04-24 09:59:16.914630.914630 cuda_h.py:27] end prepare_group_stack cost 0.379 ms
DEBUG 04-24 09:59:16.914602.914602 cuda_h.py:27] end group stack cost 0.883 ms
DEBUG 04-24 09:59:16.915533.915533 cuda_h.py:27] end move_flatidxs_group_fused_mp cost 1.513 ms
DEBUG 04-24 09:59:16.915533.915533 cuda_h.py:27] end prepare_group_stack cost 0.556 ms
DEBUG 04-24 09:59:16.915516.915516 cuda_h.py:27] end group stack cost 0.800 ms
DEBUG 04-24 09:59:16.915357.915357 cuda_h.py:27] end get_fused_experts_names_w cost 0.022 ms
DEBUG 04-24 09:59:16.915765.915765 cuda_h.py:27] end move_flatidxs_group_fused_mp cost 1.442 ms
DEBUG 04-24 09:59:16.915999.915999 cuda_h.py:27] end get_fused_experts_names_w cost 0.017 ms
DEBUG 04-24 09:59:16.916374.916374 cuda_h.py:27] end restore_fused_tensors cost 0.609 ms
DEBUG 04-24 09:59:16.916098.916098 cuda_h.py:27] end group_fused_tensors_mp cost 0.993 ms
DEBUG 04-24 09:59:16.916429.916429 cuda_h.py:27] end restore_fused_tensors cost 0.557 ms
DEBUG 04-24 09:59:16.916180.916180 cuda_h.py:27] end group_fused_tensors_mp cost 0.680 ms
DEBUG 04-24 09:59:16.916222.916222 cuda_h.py:27] end group stack cost 1.416 ms
DEBUG 04-24 09:59:16.917857.917857 cuda_h.py:27] end move_flatidxs_group_fused_mp cost 2.544 ms
DEBUG 04-24 09:59:16.917577.917577 cuda_h.py:27] end get_fused_experts_names_w cost 0.037 ms
DEBUG 04-24 09:59:16.918663.918663 cuda_h.py:27] end restore_fused_tensors cost 0.991 ms
DEBUG 04-24 09:59:16.918840.918840 cuda_h.py:27] end group_fused_tensors_mp cost 1.359 ms
DEBUG 04-24 09:59:16.927756.927756 mlpmodule.py:3373] [fused_group_bmm][steps] bmm1=6.722 ms split=0.093 ms act_mul=0.371 ms bmm2=3.547 ms
DEBUG 04-24 09:59:16.927533.927533 cuda_h.py:27] end fused_group_bmm cost 11.036 ms
DEBUG 04-24 09:59:16.927546.927546 mlpmodule.py:3373] [fused_group_bmm][steps] bmm1=5.266 ms split=0.105 ms act_mul=0.372 ms bmm2=3.243 ms
DEBUG 04-24 09:59:16.927483.927483 cuda_h.py:27] end gather_outputs_group_fused_mp cost 0.446 ms
DEBUG 04-24 09:59:16.927791.927791 cuda_h.py:27] end fused_group_bmm cost 9.187 ms
DEBUG 04-24 09:59:16.927146.927146 mlpmodule.py:3373] [fused_group_bmm][steps] bmm1=6.824 ms split=0.074 ms act_mul=0.348 ms bmm2=4.331 ms
DEBUG 04-24 09:59:16.928932.928932 cuda_h.py:27] end fused_group_bmm cost 11.938 ms
DEBUG 04-24 09:59:16.928982.928982 cuda_h.py:27] end cpu_experts_worker_bmm_or_einsum_1 cost 14.550 ms
DEBUG 04-24 09:59:16.928105.928105 cuda_h.py:27] end gather_outputs_group_fused_mp cost 0.414 ms
DEBUG 04-24 09:59:16.928620.928620 cuda_h.py:27] end gather_outputs_group_fused_mp cost 0.339 ms
DEBUG 04-24 09:59:16.928401.928401 cuda_h.py:27] end cpu_experts_worker_bmm_or_einsum_3 cost 15.708 ms
DEBUG 04-24 09:59:16.928628.928628 cuda_h.py:27] end cpu_experts_worker_bmm_or_einsum_0 cost 15.125 ms
DEBUG 04-24 09:59:16.931003.931003 cuda_h.py:27] end prepare_group_stack cost 16.406 ms
DEBUG 04-24 09:59:16.943444.943444 cuda_h.py:27] end group stack cost 11.619 ms
DEBUG 04-24 09:59:16.943891.943891 cuda_h.py:27] end move_flatidxs_group_fused_mp cost 28.340 ms
DEBUG 04-24 09:59:16.943173.943173 cuda_h.py:27] end get_fused_experts_names_w cost 0.022 ms
DEBUG 04-24 09:59:16.944986.944986 cuda_h.py:27] end restore_fused_tensors cost 0.389 ms
DEBUG 04-24 09:59:16.944776.944776 cuda_h.py:27] end group_fused_tensors_mp cost 0.611 ms
DEBUG 04-24 09:59:16.951986.951986 mlpmodule.py:3373] [fused_group_bmm][steps] bmm1=3.856 ms split=0.094 ms act_mul=0.236 ms bmm2=2.531 ms
DEBUG 04-24 09:59:16.951767.951767 cuda_h.py:27] end fused_group_bmm cost 6.940 ms
DEBUG 04-24 09:59:16.952541.952541 cuda_h.py:27] end gather_outputs_group_fused_mp cost 0.518 ms
DEBUG 04-24 09:59:16.952898.952898 cuda_h.py:27] end cpu_experts_worker_bmm_or_einsum_2 cost 37.901 ms
DEBUG 04-24 09:59:16.954409.954409 cuda_h.py:27] end cpu_thread_manager_mp_wait_fused cost 40.267 ms
DEBUG 04-24 09:59:16.954342.954342 cuda_h.py:27] end *single cpu experts* cost 41.881 ms
DEBUG 04-24 09:59:16.955635.955635 sllm_store_c.py:27] get device uuid map
DEBUG 04-24 09:59:16.955534.955534 sllm_store_c.py:29] call client load into gpu
DEBUG 04-24 09:59:16.959908.959908 cuda_h.py:27] end load_into_gpu_async_fused_experts_dual cost 4.002 ms
DEBUG 04-24 09:59:16.959696.959696 cuda_h.py:27] end restore_tensors2_fused_experts_packed cost 0.111 ms
DEBUG 04-24 09:59:16.960066.960066 cuda_h.py:27] end restore_tensors2_fused_experts_slices cost 0.269 ms
DEBUG 04-24 09:59:16.960666.960666 cuda_h.py:27] end allocate_experts_cuda_memory_and_restore_model_multi_device_fused cost 6.047 ms
DEBUG 04-24 09:59:16.960759.960759 cuda_h.py:27] end gpu_sexperts cost 0.005 ms
DEBUG 04-24 09:59:16.970796.970796 cuda_h.py:27] end prepare_per_device_parameters cost 9.753 ms
DEBUG 04-24 09:59:16.979969.979969 cuda_h.py:27] end wait_experts_multi_device cost 9.169 ms
DEBUG 04-24 09:59:16.979985.979985 cuda_h.py:27] end *before fused experts* cost 25.499 ms
DEBUG 04-24 09:59:16.985645.985645 cuda_h.py:27] end gpu_experts_multi_device_fused cost 5.600 ms
DEBUG 04-24 09:59:16.985276.985276 cuda_h.py:27] end *gpu experts* cost 31.229 ms
DEBUG 04-24 09:59:16.985895.985895 cuda_h.py:27] end layer_moe_generate_mp_multi_device_fused_l_30 cost 74.305 ms
DEBUG 04-24 09:59:16.987396.987396 cuda_h.py:27] end *mlp cost 75.830 ms
DEBUG 04-24 09:59:16.987863.987863 cuda_h.py:27] end prefill_layer cost 77.838 ms
DEBUG 04-24 09:59:16.987189.987189 lmp.py:320] -------------------------------- end prefill layer 29 --------------------------------
DEBUG 04-24 09:59:16.987223.987223 cuda_h.py:27] end prefill cost 2454.355 ms
INFO 04-24 09:59:16.987899.987899 lmp.py:322] prefill time: 2.4543862342834473 seconds
generate input ids cost 0.05253028869628906 s
DEBUG 04-24 09:59:22.068246.068246 cuda_h.py:27] end generate_input_ids cost 2342.439 ms
DEBUG 04-24 09:59:22.068556.068556 cuda_h.py:27] end init_cache cost 0.033 ms
DEBUG 04-24 09:59:22.230808.230808 cuda_h.py:27] end allocate_cuda_memory cost 161.718 ms
DEBUG 04-24 09:59:22.230982.230982 sllm_store_c.py:27] get device uuid map
DEBUG 04-24 09:59:22.230503.230503 sllm_store_c.py:29] call client load into gpu
DEBUG 04-24 09:59:22.233692.233692 cuda_h.py:27] end load_into_gpu_async cost 3.221 ms
DEBUG 04-24 09:59:22.234330.234330 cuda_h.py:27] end restore_tensors2 cost 0.097 ms
DEBUG 04-24 09:59:22.234811.234811 cuda_h.py:27] end allocate_cuda_memory_and_load_into_gpu cost 165.580 ms
DEBUG 04-24 09:59:22.235982.235982 cuda_h.py:27] end restore2model cost 0.447 ms
DEBUG 04-24 09:59:22.371799.371799 cuda_h.py:27] end allocate_cuda_memory cost 0.441 ms
DEBUG 04-24 09:59:22.371794.371794 sllm_store_c.py:27] get device uuid map
DEBUG 04-24 09:59:22.371818.371818 sllm_store_c.py:29] call client load into gpu
DEBUG 04-24 09:59:22.374116.374116 cuda_h.py:27] end load_into_gpu_async cost 2.898 ms
DEBUG 04-24 09:59:22.375605.375605 cuda_h.py:27] end restore_tensors2 cost 0.200 ms
DEBUG 04-24 09:59:22.375635.375635 cuda_h.py:27] end allocate_cuda_memory_and_load_into_gpu cost 4.470 ms
DEBUG 04-24 09:59:22.524985.524985 cuda_h.py:27] end restore2model cost 1.794 ms
DEBUG 04-24 09:59:22.524548.524548 cuda_h.py:27] end load_qkvogns_weight_l_0 cost 153.955 ms
DEBUG 04-24 09:59:22.524559.524559 cuda_h.py:27] end init_general_weights cost 456.136 ms
DEBUG 04-24 09:59:22.526891.526891 cuda_h.py:27] end init_inputs_tokens cost 0.777 ms
DEBUG 04-24 09:59:22.526923.526923 lmp.py:273] -------------------------------- start prefill layer 0 --------------------------------
DEBUG 04-24 09:59:22.526515.526515 cuda_h.py:27] end start_load_qkvogn_s_weight_l_1 cost 0.069 ms
DEBUG 04-24 09:59:22.527500.527500 cuda_h.py:27] end allocate_cuda_memory cost 0.486 ms
DEBUG 04-24 09:59:22.527720.527720 sllm_store_c.py:27] get device uuid map
DEBUG 04-24 09:59:22.528560.528560 sllm_store_c.py:29] call client load into gpu
DEBUG 04-24 09:59:22.530797.530797 cuda_h.py:27] end load_into_gpu_async cost 2.892 ms
DEBUG 04-24 09:59:22.531676.531676 cuda_h.py:27] end restore_tensors2 cost 0.174 ms
DEBUG 04-24 09:59:22.531860.531860 cuda_h.py:27] end allocate_cuda_memory_and_load_into_gpu cost 4.590 ms
DEBUG 04-24 09:59:22.533978.533978 cuda_h.py:27] end **self_attn cost 5.047 ms
DEBUG 04-24 09:59:22.534687.534687 cuda_h.py:27] end *iln_self_attn_paln cost 7.961 ms
DEBUG 04-24 09:59:22.536836.536836 cuda_h.py:27] end gate cost 1.514 ms
DEBUG 04-24 09:59:22.537746.537746 cuda_h.py:27] end experts_map_get cost 0.817 ms
DEBUG 04-24 09:59:22.537406.537406 cuda_h.py:27] end *before experts start* cost 2.728 ms
DEBUG 04-24 09:59:22.537059.537059 cuda_h.py:27] end cpu_experts_submit_fused_mp cost 0.418 ms
DEBUG 04-24 09:59:22.541558.541558 cuda_h.py:27] end prepare_group_stack cost 1.070 ms
DEBUG 04-24 09:59:22.541697.541697 cuda_h.py:27] end prepare_group_stack cost 1.563 ms
DEBUG 04-24 09:59:22.543572.543572 cuda_h.py:27] end restore2model cost 2.233 ms
DEBUG 04-24 09:59:22.542552.542552 cuda_h.py:27] end prepare_group_stack cost 1.255 ms
DEBUG 04-24 09:59:22.543969.543969 cuda_h.py:27] end sllm_worker_task cost 16.369 ms
DEBUG 04-24 09:59:22.543666.543666 cuda_h.py:27] end prepare_group_stack cost 1.049 ms
DEBUG 04-24 09:59:22.544628.544628 cuda_h.py:27] end group stack cost 2.407 ms
DEBUG 04-24 09:59:22.544968.544968 cuda_h.py:27] end move_flatidxs_group_fused_mp cost 4.560 ms
DEBUG 04-24 09:59:22.545800.545800 cuda_h.py:27] end get_fused_experts_names_w cost 0.039 ms
DEBUG 04-24 09:59:22.545013.545013 cuda_h.py:27] end restore_fused_tensors cost 0.124 ms
DEBUG 04-24 09:59:22.545051.545051 cuda_h.py:27] end group stack cost 1.729 ms
DEBUG 04-24 09:59:22.545216.545216 cuda_h.py:27] end group_fused_tensors_mp cost 0.388 ms
DEBUG 04-24 09:59:22.545503.545503 cuda_h.py:27] end move_flatidxs_group_fused_mp cost 3.324 ms
DEBUG 04-24 09:59:22.545432.545432 cuda_h.py:27] end get_fused_experts_names_w cost 0.043 ms
DEBUG 04-24 09:59:22.545148.545148 cuda_h.py:27] end restore_fused_tensors cost 0.119 ms
DEBUG 04-24 09:59:22.546604.546604 cuda_h.py:27] end group_fused_tensors_mp cost 0.424 ms
DEBUG 04-24 09:59:22.547550.547550 cuda_h.py:27] end group stack cost 4.257 ms
DEBUG 04-24 09:59:22.547847.547847 cuda_h.py:27] end move_flatidxs_group_fused_mp cost 6.157 ms
DEBUG 04-24 09:59:22.548674.548674 cuda_h.py:27] end get_fused_experts_names_w cost 0.038 ms
DEBUG 04-24 09:59:22.548671.548671 cuda_h.py:27] end restore_fused_tensors cost 0.214 ms
DEBUG 04-24 09:59:22.548990.548990 cuda_h.py:27] end group_fused_tensors_mp cost 0.595 ms
DEBUG 04-24 09:59:22.553556.553556 cuda_h.py:27] end group stack cost 11.726 ms
DEBUG 04-24 09:59:22.554830.554830 cuda_h.py:27] end move_flatidxs_group_fused_mp cost 13.568 ms
DEBUG 04-24 09:59:22.554912.554912 cuda_h.py:27] end get_fused_experts_names_w cost 0.028 ms
DEBUG 04-24 09:59:22.554224.554224 mlpmodule.py:3373] [fused_group_bmm][steps] bmm1=6.139 ms split=0.124 ms act_mul=0.510 ms bmm2=2.123 ms
DEBUG 04-24 09:59:22.554418.554418 cuda_h.py:27] end fused_group_bmm cost 9.199 ms
DEBUG 04-24 09:59:22.555702.555702 cuda_h.py:27] end restore_fused_tensors cost 0.196 ms
DEBUG 04-24 09:59:22.555474.555474 cuda_h.py:27] end group_fused_tensors_mp cost 0.629 ms
DEBUG 04-24 09:59:22.555660.555660 cuda_h.py:27] end gather_outputs_group_fused_mp cost 0.593 ms
DEBUG 04-24 09:59:22.556454.556454 cuda_h.py:27] end cpu_experts_worker_bmm_or_einsum_3 cost 17.103 ms
DEBUG 04-24 09:59:22.558839.558839 mlpmodule.py:3373] [fused_group_bmm][steps] bmm1=5.311 ms split=0.117 ms act_mul=0.823 ms bmm2=2.801 ms
DEBUG 04-24 09:59:22.558754.558754 cuda_h.py:27] end fused_group_bmm cost 9.306 ms
DEBUG 04-24 09:59:22.559712.559712 cuda_h.py:27] end gather_outputs_group_fused_mp cost 0.690 ms
DEBUG 04-24 09:59:22.559425.559425 cuda_h.py:27] end cpu_experts_worker_bmm_or_einsum_2 cost 18.772 ms
DEBUG 04-24 09:59:22.562266.562266 mlpmodule.py:3373] [fused_group_bmm][steps] bmm1=4.464 ms split=0.082 ms act_mul=0.643 ms bmm2=2.230 ms
DEBUG 04-24 09:59:22.562060.562060 cuda_h.py:27] end fused_group_bmm cost 7.639 ms
DEBUG 04-24 09:59:22.563070.563070 cuda_h.py:27] end gather_outputs_group_fused_mp cost 0.452 ms
DEBUG 04-24 09:59:22.564376.564376 cuda_h.py:27] end cpu_experts_worker_bmm_or_einsum_1 cost 23.920 ms
DEBUG 04-24 09:59:22.564810.564810 mlpmodule.py:3373] [fused_group_bmm][steps] bmm1=14.909 ms split=0.107 ms act_mul=0.888 ms bmm2=2.069 ms
DEBUG 04-24 09:59:22.564624.564624 cuda_h.py:27] end fused_group_bmm cost 18.177 ms
DEBUG 04-24 09:59:22.565250.565250 cuda_h.py:27] end gather_outputs_group_fused_mp cost 0.445 ms
DEBUG 04-24 09:59:22.565465.565465 cuda_h.py:27] end cpu_experts_worker_bmm_or_einsum_0 cost 23.901 ms
DEBUG 04-24 09:59:22.566518.566518 cuda_h.py:27] end cpu_thread_manager_mp_wait_fused cost 25.237 ms
DEBUG 04-24 09:59:22.566462.566462 cuda_h.py:27] end *single cpu experts* cost 28.888 ms
DEBUG 04-24 09:59:22.567600.567600 sllm_store_c.py:27] get device uuid map
DEBUG 04-24 09:59:22.567061.567061 sllm_store_c.py:29] call client load into gpu
DEBUG 04-24 09:59:22.571443.571443 cuda_h.py:27] end load_into_gpu_async_fused_experts_dual cost 3.995 ms
DEBUG 04-24 09:59:22.571950.571950 cuda_h.py:27] end restore_tensors2_fused_experts_packed cost 0.061 ms
DEBUG 04-24 09:59:22.572480.572480 cuda_h.py:27] end restore_tensors2_fused_experts_slices cost 0.186 ms
DEBUG 04-24 09:59:22.572707.572707 cuda_h.py:27] end allocate_experts_cuda_memory_and_restore_model_multi_device_fused cost 5.893 ms
DEBUG 04-24 09:59:22.572463.572463 cuda_h.py:27] end gpu_sexperts cost 0.004 ms
DEBUG 04-24 09:59:22.572990.572990 cuda_h.py:27] end wait_load_qkvogn_s_weight cost 0.018 ms
DEBUG 04-24 09:59:22.588423.588423 cuda_h.py:27] end prepare_per_device_parameters cost 15.662 ms
DEBUG 04-24 09:59:22.590511.590511 cuda_h.py:27] end wait_experts_multi_device cost 1.965 ms
DEBUG 04-24 09:59:22.590493.590493 cuda_h.py:27] end *before fused experts* cost 23.824 ms
DEBUG 04-24 09:59:22.596995.596995 cuda_h.py:27] end gpu_experts_multi_device_fused cost 6.441 ms
DEBUG 04-24 09:59:22.596229.596229 cuda_h.py:27] end *gpu experts* cost 30.371 ms
DEBUG 04-24 09:59:22.596555.596555 cuda_h.py:27] end layer_moe_generate_mp_multi_device_fused_l_1 cost 62.190 ms
DEBUG 04-24 09:59:22.598803.598803 cuda_h.py:27] end *mlp cost 63.472 ms
DEBUG 04-24 09:59:22.598773.598773 cuda_h.py:27] end prefill_layer cost 72.054 ms
DEBUG 04-24 09:59:22.598621.598621 lmp.py:320] -------------------------------- end prefill layer 0 --------------------------------
DEBUG 04-24 09:59:22.598986.598986 lmp.py:273] -------------------------------- start prefill layer 1 --------------------------------
DEBUG 04-24 09:59:22.598505.598505 cuda_h.py:27] end start_load_qkvogn_s_weight_l_2 cost 0.036 ms
DEBUG 04-24 09:59:22.598019.598019 cuda_h.py:27] end allocate_cuda_memory cost 0.159 ms
DEBUG 04-24 09:59:22.598648.598648 sllm_store_c.py:27] get device uuid map
DEBUG 04-24 09:59:22.598835.598835 sllm_store_c.py:29] call client load into gpu
DEBUG 04-24 09:59:22.600421.600421 cuda_h.py:27] end **self_attn cost 1.367 ms
DEBUG 04-24 09:59:22.600171.600171 cuda_h.py:27] end *iln_self_attn_paln cost 2.322 ms
DEBUG 04-24 09:59:22.601511.601511 cuda_h.py:27] end load_into_gpu_async cost 2.631 ms
DEBUG 04-24 09:59:22.601756.601756 cuda_h.py:27] end restore_tensors2 cost 0.105 ms
DEBUG 04-24 09:59:22.601189.601189 cuda_h.py:27] end gate cost 0.788 ms
DEBUG 04-24 09:59:22.601653.601653 cuda_h.py:27] end allocate_cuda_memory_and_load_into_gpu cost 3.517 ms
DEBUG 04-24 09:59:22.602600.602600 cuda_h.py:27] end experts_map_get cost 0.271 ms
DEBUG 04-24 09:59:22.602646.602646 cuda_h.py:27] end *before experts start* cost 1.595 ms
DEBUG 04-24 09:59:22.602103.602103 cuda_h.py:27] end cpu_experts_submit_fused_mp cost 0.162 ms
DEBUG 04-24 09:59:22.604806.604806 cuda_h.py:27] end prepare_group_stack cost 0.483 ms
DEBUG 04-24 09:59:22.604794.604794 cuda_h.py:27] end prepare_group_stack cost 0.384 ms
DEBUG 04-24 09:59:22.605998.605998 cuda_h.py:27] end prepare_group_stack cost 0.603 ms
DEBUG 04-24 09:59:22.605044.605044 cuda_h.py:27] end group stack cost 1.214 ms
DEBUG 04-24 09:59:22.605479.605479 cuda_h.py:27] end move_flatidxs_group_fused_mp cost 2.028 ms
DEBUG 04-24 09:59:22.606580.606580 cuda_h.py:27] end group stack cost 1.147 ms
DEBUG 04-24 09:59:22.606986.606986 cuda_h.py:27] end get_fused_experts_names_w cost 0.023 ms
DEBUG 04-24 09:59:22.606975.606975 cuda_h.py:27] end move_flatidxs_group_fused_mp cost 1.837 ms
DEBUG 04-24 09:59:22.606059.606059 cuda_h.py:27] end prepare_group_stack cost 0.675 ms
DEBUG 04-24 09:59:22.606203.606203 cuda_h.py:27] end get_fused_experts_names_w cost 0.022 ms
DEBUG 04-24 09:59:22.606682.606682 cuda_h.py:27] end restore_fused_tensors cost 0.549 ms
DEBUG 04-24 09:59:22.606281.606281 cuda_h.py:27] end group_fused_tensors_mp cost 0.740 ms
DEBUG 04-24 09:59:22.607088.607088 cuda_h.py:27] end restore_fused_tensors cost 0.655 ms
DEBUG 04-24 09:59:22.607575.607575 cuda_h.py:27] end group_fused_tensors_mp cost 0.864 ms
DEBUG 04-24 09:59:22.607280.607280 cuda_h.py:27] end group stack cost 1.672 ms
DEBUG 04-24 09:59:22.607561.607561 cuda_h.py:27] end move_flatidxs_group_fused_mp cost 2.806 ms
DEBUG 04-24 09:59:22.608333.608333 cuda_h.py:27] end get_fused_experts_names_w cost 0.033 ms
DEBUG 04-24 09:59:22.608983.608983 cuda_h.py:27] end group stack cost 2.261 ms
DEBUG 04-24 09:59:22.609627.609627 cuda_h.py:27] end move_flatidxs_group_fused_mp cost 3.454 ms
DEBUG 04-24 09:59:22.609836.609836 cuda_h.py:27] end get_fused_experts_names_w cost 0.036 ms
DEBUG 04-24 09:59:22.609152.609152 cuda_h.py:27] end restore_fused_tensors cost 1.385 ms
DEBUG 04-24 09:59:22.609680.609680 cuda_h.py:27] end group_fused_tensors_mp cost 1.700 ms
DEBUG 04-24 09:59:22.610187.610187 cuda_h.py:27] end restore_fused_tensors cost 1.130 ms
DEBUG 04-24 09:59:22.610384.610384 cuda_h.py:27] end group_fused_tensors_mp cost 1.569 ms
DEBUG 04-24 09:59:22.620042.620042 mlpmodule.py:3373] [fused_group_bmm][steps] bmm1=8.132 ms split=0.203 ms act_mul=0.495 ms bmm2=4.405 ms
DEBUG 04-24 09:59:22.620628.620628 mlpmodule.py:3373] [fused_group_bmm][steps] bmm1=7.895 ms split=0.066 ms act_mul=0.407 ms bmm2=4.548 ms
DEBUG 04-24 09:59:22.620137.620137 cuda_h.py:27] end fused_group_bmm cost 13.105 ms
DEBUG 04-24 09:59:22.620568.620568 cuda_h.py:27] end fused_group_bmm cost 13.562 ms
DEBUG 04-24 09:59:22.621224.621224 cuda_h.py:27] end gather_outputs_group_fused_mp cost 0.555 ms
DEBUG 04-24 09:59:22.621317.621317 cuda_h.py:27] end gather_outputs_group_fused_mp cost 0.543 ms
DEBUG 04-24 09:59:22.621187.621187 cuda_h.py:27] end cpu_experts_worker_bmm_or_einsum_1 cost 17.555 ms
DEBUG 04-24 09:59:22.621797.621797 cuda_h.py:27] end cpu_experts_worker_bmm_or_einsum_3 cost 18.261 ms
DEBUG 04-24 09:59:22.624152.624152 mlpmodule.py:3373] [fused_group_bmm][steps] bmm1=8.811 ms split=0.132 ms act_mul=0.458 ms bmm2=3.797 ms
DEBUG 04-24 09:59:22.624794.624794 cuda_h.py:27] end fused_group_bmm cost 13.424 ms
DEBUG 04-24 09:59:22.624029.624029 mlpmodule.py:3373] [fused_group_bmm][steps] bmm1=9.916 ms split=0.102 ms act_mul=0.467 ms bmm2=4.098 ms
DEBUG 04-24 09:59:22.625909.625909 cuda_h.py:27] end fused_group_bmm cost 14.976 ms
DEBUG 04-24 09:59:22.625810.625810 cuda_h.py:27] end restore2model cost 0.824 ms
DEBUG 04-24 09:59:22.625164.625164 cuda_h.py:27] end gather_outputs_group_fused_mp cost 0.509 ms
DEBUG 04-24 09:59:22.625287.625287 cuda_h.py:27] end sllm_worker_task cost 26.814 ms
DEBUG 04-24 09:59:22.625133.625133 cuda_h.py:27] end cpu_experts_worker_bmm_or_einsum_2 cost 20.259 ms
DEBUG 04-24 09:59:22.625499.625499 cuda_h.py:27] end gather_outputs_group_fused_mp cost 0.354 ms
DEBUG 04-24 09:59:22.626193.626193 cuda_h.py:27] end cpu_experts_worker_bmm_or_einsum_0 cost 21.656 ms
DEBUG 04-24 09:59:22.627583.627583 cuda_h.py:27] end cpu_thread_manager_mp_wait_fused cost 23.354 ms
DEBUG 04-24 09:59:22.627395.627395 cuda_h.py:27] end *single cpu experts* cost 25.305 ms
DEBUG 04-24 09:59:22.629123.629123 sllm_store_c.py:27] get device uuid map
DEBUG 04-24 09:59:22.629247.629247 sllm_store_c.py:29] call client load into gpu
DEBUG 04-24 09:59:22.632970.632970 cuda_h.py:27] end load_into_gpu_async_fused_experts_dual cost 3.335 ms
DEBUG 04-24 09:59:22.632678.632678 cuda_h.py:27] end restore_tensors2_fused_experts_packed cost 0.092 ms
DEBUG 04-24 09:59:22.633637.633637 cuda_h.py:27] end restore_tensors2_fused_experts_slices cost 0.295 ms
DEBUG 04-24 09:59:22.633805.633805 cuda_h.py:27] end allocate_experts_cuda_memory_and_restore_model_multi_device_fused cost 5.269 ms
DEBUG 04-24 09:59:22.633468.633468 cuda_h.py:27] end gpu_sexperts cost 0.007 ms
DEBUG 04-24 09:59:22.633550.633550 cuda_h.py:27] end wait_load_qkvogn_s_weight cost 0.024 ms
DEBUG 04-24 09:59:22.648348.648348 cuda_h.py:27] end prepare_per_device_parameters cost 14.811 ms
DEBUG 04-24 09:59:22.650343.650343 cuda_h.py:27] end wait_experts_multi_device cost 2.062 ms
DEBUG 04-24 09:59:22.650798.650798 cuda_h.py:27] end *before fused experts* cost 22.852 ms
DEBUG 04-24 09:59:22.659937.659937 cuda_h.py:27] end gpu_experts_multi_device_fused cost 8.177 ms
DEBUG 04-24 09:59:22.659350.659350 cuda_h.py:27] end *gpu experts* cost 31.240 ms
DEBUG 04-24 09:59:22.659169.659169 cuda_h.py:27] end layer_moe_generate_mp_multi_device_fused_l_2 cost 58.333 ms
DEBUG 04-24 09:59:22.660752.660752 cuda_h.py:27] end *mlp cost 59.743 ms
DEBUG 04-24 09:59:22.660279.660279 cuda_h.py:27] end prefill_layer cost 62.536 ms
DEBUG 04-24 09:59:22.660102.660102 lmp.py:320] -------------------------------- end prefill layer 1 --------------------------------
DEBUG 04-24 09:59:22.661802.661802 lmp.py:273] -------------------------------- start prefill layer 2 --------------------------------
DEBUG 04-24 09:59:22.661766.661766 cuda_h.py:27] end start_load_qkvogn_s_weight_l_3 cost 0.063 ms
DEBUG 04-24 09:59:22.661634.661634 cuda_h.py:27] end allocate_cuda_memory cost 0.210 ms
DEBUG 04-24 09:59:22.661606.661606 sllm_store_c.py:27] get device uuid map
DEBUG 04-24 09:59:22.662160.662160 sllm_store_c.py:29] call client load into gpu
DEBUG 04-24 09:59:22.663804.663804 cuda_h.py:27] end **self_attn cost 1.750 ms
DEBUG 04-24 09:59:22.664900.664900 cuda_h.py:27] end *iln_self_attn_paln cost 2.875 ms
DEBUG 04-24 09:59:22.664332.664332 cuda_h.py:27] end load_into_gpu_async cost 2.498 ms
DEBUG 04-24 09:59:22.664819.664819 cuda_h.py:27] end restore_tensors2 cost 0.110 ms
DEBUG 04-24 09:59:22.665213.665213 cuda_h.py:27] end allocate_cuda_memory_and_load_into_gpu cost 3.545 ms
DEBUG 04-24 09:59:22.665281.665281 cuda_h.py:27] end gate cost 0.989 ms
DEBUG 04-24 09:59:22.666085.666085 cuda_h.py:27] end experts_map_get cost 0.565 ms
DEBUG 04-24 09:59:22.666875.666875 cuda_h.py:27] end *before experts start* cost 1.722 ms
DEBUG 04-24 09:59:22.666311.666311 cuda_h.py:27] end cpu_experts_submit_fused_mp cost 0.151 ms
DEBUG 04-24 09:59:22.669299.669299 cuda_h.py:27] end prepare_group_stack cost 0.630 ms
DEBUG 04-24 09:59:22.669432.669432 cuda_h.py:27] end prepare_group_stack cost 0.704 ms
DEBUG 04-24 09:59:22.670520.670520 cuda_h.py:27] end prepare_group_stack cost 0.664 ms
DEBUG 04-24 09:59:22.670692.670692 cuda_h.py:27] end prepare_group_stack cost 0.634 ms
DEBUG 04-24 09:59:22.671330.671330 cuda_h.py:27] end group stack cost 1.652 ms
DEBUG 04-24 09:59:22.671132.671132 cuda_h.py:27] end move_flatidxs_group_fused_mp cost 2.788 ms
DEBUG 04-24 09:59:22.672928.672928 cuda_h.py:27] end get_fused_experts_names_w cost 0.033 ms
DEBUG 04-24 09:59:22.672784.672784 cuda_h.py:27] end group stack cost 2.144 ms
DEBUG 04-24 09:59:22.672055.672055 cuda_h.py:27] end move_flatidxs_group_fused_mp cost 3.725 ms
DEBUG 04-24 09:59:22.673173.673173 cuda_h.py:27] end group stack cost 2.087 ms
DEBUG 04-24 09:59:22.673879.673879 cuda_h.py:27] end get_fused_experts_names_w cost 0.046 ms
DEBUG 04-24 09:59:22.673921.673921 cuda_h.py:27] end move_flatidxs_group_fused_mp cost 3.172 ms
DEBUG 04-24 09:59:22.673803.673803 cuda_h.py:27] end get_fused_experts_names_w cost 0.037 ms
DEBUG 04-24 09:59:22.673273.673273 cuda_h.py:27] end restore_fused_tensors cost 0.989 ms
DEBUG 04-24 09:59:22.673117.673117 cuda_h.py:27] end group_fused_tensors_mp cost 1.512 ms
DEBUG 04-24 09:59:22.673514.673514 cuda_h.py:27] end restore2model cost 0.746 ms
DEBUG 04-24 09:59:22.673225.673225 cuda_h.py:27] end sllm_worker_task cost 12.409 ms
DEBUG 04-24 09:59:22.673384.673384 cuda_h.py:27] end group stack cost 2.839 ms
DEBUG 04-24 09:59:22.674030.674030 cuda_h.py:27] end move_flatidxs_group_fused_mp cost 4.050 ms
DEBUG 04-24 09:59:22.674347.674347 cuda_h.py:27] end get_fused_experts_names_w cost 0.044 ms
DEBUG 04-24 09:59:22.674505.674505 cuda_h.py:27] end restore_fused_tensors cost 1.145 ms
DEBUG 04-24 09:59:22.675769.675769 cuda_h.py:27] end group_fused_tensors_mp cost 1.597 ms
DEBUG 04-24 09:59:22.675977.675977 cuda_h.py:27] end restore_fused_tensors cost 1.682 ms
DEBUG 04-24 09:59:22.675358.675358 cuda_h.py:27] end group_fused_tensors_mp cost 2.303 ms
DEBUG 04-24 09:59:22.676315.676315 cuda_h.py:27] end restore_fused_tensors cost 1.438 ms
DEBUG 04-24 09:59:22.676146.676146 cuda_h.py:27] end group_fused_tensors_mp cost 1.934 ms
DEBUG 04-24 09:59:22.687033.687033 mlpmodule.py:3373] [fused_group_bmm][steps] bmm1=9.515 ms split=0.092 ms act_mul=0.402 ms bmm2=3.599 ms
DEBUG 04-24 09:59:22.687910.687910 mlpmodule.py:3373] [fused_group_bmm][steps] bmm1=8.206 ms split=0.099 ms act_mul=0.394 ms bmm2=3.753 ms
DEBUG 04-24 09:59:22.687988.687988 cuda_h.py:27] end fused_group_bmm cost 13.965 ms
DEBUG 04-24 09:59:22.688546.688546 cuda_h.py:27] end fused_group_bmm cost 12.717 ms
DEBUG 04-24 09:59:22.688007.688007 cuda_h.py:27] end gather_outputs_group_fused_mp cost 0.510 ms
DEBUG 04-24 09:59:22.688402.688402 cuda_h.py:27] end gather_outputs_group_fused_mp cost 0.577 ms
DEBUG 04-24 09:59:22.689628.689628 cuda_h.py:27] end cpu_experts_worker_bmm_or_einsum_0 cost 20.944 ms
DEBUG 04-24 09:59:22.689649.689649 mlpmodule.py:3373] [fused_group_bmm][steps] bmm1=7.856 ms split=0.140 ms act_mul=0.829 ms bmm2=3.508 ms
DEBUG 04-24 09:59:22.689341.689341 cuda_h.py:27] end fused_group_bmm cost 12.656 ms
DEBUG 04-24 09:59:22.689787.689787 cuda_h.py:27] end cpu_experts_worker_bmm_or_einsum_2 cost 20.424 ms
DEBUG 04-24 09:59:22.689925.689925 mlpmodule.py:3373] [fused_group_bmm][steps] bmm1=9.260 ms split=0.071 ms act_mul=0.293 ms bmm2=3.881 ms
DEBUG 04-24 09:59:22.689533.689533 cuda_h.py:27] end fused_group_bmm cost 13.690 ms
DEBUG 04-24 09:59:22.690901.690901 cuda_h.py:27] end gather_outputs_group_fused_mp cost 0.530 ms
DEBUG 04-24 09:59:22.690825.690825 cuda_h.py:27] end gather_outputs_group_fused_mp cost 0.454 ms
DEBUG 04-24 09:59:22.690012.690012 cuda_h.py:27] end cpu_experts_worker_bmm_or_einsum_3 cost 21.568 ms
DEBUG 04-24 09:59:22.690290.690290 cuda_h.py:27] end cpu_experts_worker_bmm_or_einsum_1 cost 22.725 ms
DEBUG 04-24 09:59:22.692540.692540 cuda_h.py:27] end cpu_thread_manager_mp_wait_fused cost 24.109 ms
DEBUG 04-24 09:59:22.692134.692134 cuda_h.py:27] end *single cpu experts* cost 26.108 ms
DEBUG 04-24 09:59:22.693338.693338 sllm_store_c.py:27] get device uuid map
DEBUG 04-24 09:59:22.693249.693249 sllm_store_c.py:29] call client load into gpu
DEBUG 04-24 09:59:22.697551.697551 cuda_h.py:27] end load_into_gpu_async_fused_experts_dual cost 3.989 ms
DEBUG 04-24 09:59:22.697734.697734 cuda_h.py:27] end restore_tensors2_fused_experts_packed cost 0.069 ms
DEBUG 04-24 09:59:22.697305.697305 cuda_h.py:27] end restore_tensors2_fused_experts_slices cost 0.270 ms
DEBUG 04-24 09:59:22.697314.697314 cuda_h.py:27] end allocate_experts_cuda_memory_and_restore_model_multi_device_fused cost 5.530 ms
DEBUG 04-24 09:59:22.698068.698068 cuda_h.py:27] end gpu_sexperts cost 0.004 ms
DEBUG 04-24 09:59:22.698043.698043 cuda_h.py:27] end wait_load_qkvogn_s_weight cost 0.018 ms
DEBUG 04-24 09:59:22.704032.704032 cuda_h.py:27] end prepare_per_device_parameters cost 6.253 ms
DEBUG 04-24 09:59:22.720153.720153 cuda_h.py:27] end wait_experts_multi_device cost 16.196 ms
DEBUG 04-24 09:59:22.720089.720089 cuda_h.py:27] end *before fused experts* cost 28.476 ms
DEBUG 04-24 09:59:22.725635.725635 cuda_h.py:27] end gpu_experts_multi_device_fused cost 4.992 ms
DEBUG 04-24 09:59:22.725711.725711 cuda_h.py:27] end *gpu experts* cost 33.603 ms
DEBUG 04-24 09:59:22.726627.726627 cuda_h.py:27] end layer_moe_generate_mp_multi_device_fused_l_3 cost 61.580 ms
DEBUG 04-24 09:59:22.727097.727097 cuda_h.py:27] end *mlp cost 62.943 ms
DEBUG 04-24 09:59:22.727510.727510 cuda_h.py:27] end prefill_layer cost 66.251 ms
DEBUG 04-24 09:59:22.727750.727750 lmp.py:320] -------------------------------- end prefill layer 2 --------------------------------
DEBUG 04-24 09:59:22.727460.727460 lmp.py:273] -------------------------------- start prefill layer 3 --------------------------------
DEBUG 04-24 09:59:22.727251.727251 cuda_h.py:27] end start_load_qkvogn_s_weight_l_4 cost 0.053 ms
DEBUG 04-24 09:59:22.728695.728695 cuda_h.py:27] end allocate_cuda_memory cost 0.227 ms
DEBUG 04-24 09:59:22.728408.728408 sllm_store_c.py:27] get device uuid map
DEBUG 04-24 09:59:22.728580.728580 sllm_store_c.py:29] call client load into gpu
DEBUG 04-24 09:59:22.729636.729636 cuda_h.py:27] end load_into_gpu_async cost 1.674 ms
DEBUG 04-24 09:59:22.730783.730783 cuda_h.py:27] end restore_tensors2 cost 0.116 ms
DEBUG 04-24 09:59:22.730666.730666 cuda_h.py:27] end allocate_cuda_memory_and_load_into_gpu cost 2.576 ms
DEBUG 04-24 09:59:22.730547.730547 cuda_h.py:27] end **self_attn cost 1.887 ms
DEBUG 04-24 09:59:22.730393.730393 cuda_h.py:27] end *iln_self_attn_paln cost 3.323 ms
DEBUG 04-24 09:59:22.731715.731715 cuda_h.py:27] end gate cost 0.582 ms
DEBUG 04-24 09:59:22.732359.732359 cuda_h.py:27] end experts_map_get cost 0.340 ms
DEBUG 04-24 09:59:22.732323.732323 cuda_h.py:27] end *before experts start* cost 1.137 ms
DEBUG 04-24 09:59:22.732197.732197 cuda_h.py:27] end cpu_experts_submit_fused_mp cost 0.158 ms
DEBUG 04-24 09:59:22.735180.735180 cuda_h.py:27] end prepare_group_stack cost 0.669 ms
DEBUG 04-24 09:59:22.736514.736514 cuda_h.py:27] end prepare_group_stack cost 0.568 ms
DEBUG 04-24 09:59:22.736291.736291 cuda_h.py:27] end prepare_group_stack cost 0.639 ms
DEBUG 04-24 09:59:22.737593.737593 cuda_h.py:27] end group stack cost 1.661 ms
DEBUG 04-24 09:59:22.737976.737976 cuda_h.py:27] end move_flatidxs_group_fused_mp cost 2.737 ms
DEBUG 04-24 09:59:22.737901.737901 cuda_h.py:27] end get_fused_experts_names_w cost 0.030 ms
DEBUG 04-24 09:59:22.738250.738250 cuda_h.py:27] end group stack cost 1.596 ms
DEBUG 04-24 09:59:22.738500.738500 cuda_h.py:27] end group stack cost 1.773 ms
DEBUG 04-24 09:59:22.738230.738230 cuda_h.py:27] end move_flatidxs_group_fused_mp cost 2.628 ms
DEBUG 04-24 09:59:22.739973.739973 cuda_h.py:27] end restore_fused_tensors cost 0.854 ms
DEBUG 04-24 09:59:22.739081.739081 cuda_h.py:27] end get_fused_experts_names_w cost 0.031 ms
DEBUG 04-24 09:59:22.739995.739995 cuda_h.py:27] end move_flatidxs_group_fused_mp cost 2.878 ms
DEBUG 04-24 09:59:22.739706.739706 cuda_h.py:27] end group_fused_tensors_mp cost 1.330 ms
DEBUG 04-24 09:59:22.739689.739689 cuda_h.py:27] end get_fused_experts_names_w cost 0.035 ms
DEBUG 04-24 09:59:22.739314.739314 cuda_h.py:27] end restore2model cost 1.912 ms
DEBUG 04-24 09:59:22.739842.739842 cuda_h.py:27] end sllm_worker_task cost 12.184 ms
DEBUG 04-24 09:59:22.740681.740681 cuda_h.py:27] end restore_fused_tensors cost 0.995 ms
DEBUG 04-24 09:59:22.740078.740078 cuda_h.py:27] end group_fused_tensors_mp cost 1.333 ms
DEBUG 04-24 09:59:22.740965.740965 cuda_h.py:27] end restore_fused_tensors cost 0.973 ms
DEBUG 04-24 09:59:22.740814.740814 cuda_h.py:27] end group_fused_tensors_mp cost 1.398 ms
DEBUG 04-24 09:59:22.749178.749178 mlpmodule.py:3373] [fused_group_bmm][steps] bmm1=6.259 ms split=0.104 ms act_mul=0.359 ms bmm2=2.985 ms
DEBUG 04-24 09:59:22.749616.749616 cuda_h.py:27] end fused_group_bmm cost 9.954 ms
DEBUG 04-24 09:59:22.750471.750471 cuda_h.py:27] end gather_outputs_group_fused_mp cost 0.581 ms
DEBUG 04-24 09:59:22.750385.750385 cuda_h.py:27] end cpu_experts_worker_bmm_or_einsum_2 cost 16.225 ms
DEBUG 04-24 09:59:22.751090.751090 cuda_h.py:27] end prepare_group_stack cost 15.292 ms
DEBUG 04-24 09:59:22.752311.752311 mlpmodule.py:3373] [fused_group_bmm][steps] bmm1=7.876 ms split=0.110 ms act_mul=0.415 ms bmm2=3.477 ms
DEBUG 04-24 09:59:22.752490.752490 cuda_h.py:27] end fused_group_bmm cost 12.107 ms
DEBUG 04-24 09:59:22.752575.752575 mlpmodule.py:3373] [fused_group_bmm][steps] bmm1=7.673 ms split=0.074 ms act_mul=0.689 ms bmm2=3.342 ms
DEBUG 04-24 09:59:22.753040.753040 cuda_h.py:27] end fused_group_bmm cost 12.040 ms
DEBUG 04-24 09:59:22.753534.753534 cuda_h.py:27] end gather_outputs_group_fused_mp cost 0.461 ms
DEBUG 04-24 09:59:22.753787.753787 cuda_h.py:27] end gather_outputs_group_fused_mp cost 0.312 ms
DEBUG 04-24 09:59:22.753063.753063 cuda_h.py:27] end cpu_experts_worker_bmm_or_einsum_1 cost 18.758 ms
DEBUG 04-24 09:59:22.754074.754074 cuda_h.py:27] end cpu_experts_worker_bmm_or_einsum_3 cost 19.090 ms
DEBUG 04-24 09:59:22.760912.760912 cuda_h.py:27] end group stack cost 8.161 ms
DEBUG 04-24 09:59:22.760923.760923 cuda_h.py:27] end move_flatidxs_group_fused_mp cost 23.790 ms
DEBUG 04-24 09:59:22.760203.760203 cuda_h.py:27] end get_fused_experts_names_w cost 0.020 ms
DEBUG 04-24 09:59:22.761053.761053 cuda_h.py:27] end restore_fused_tensors cost 0.493 ms
DEBUG 04-24 09:59:22.761182.761182 cuda_h.py:27] end group_fused_tensors_mp cost 0.780 ms
DEBUG 04-24 09:59:22.767759.767759 mlpmodule.py:3373] [fused_group_bmm][steps] bmm1=3.756 ms split=0.070 ms act_mul=0.300 ms bmm2=2.272 ms
DEBUG 04-24 09:59:22.767566.767566 cuda_h.py:27] end fused_group_bmm cost 6.595 ms
DEBUG 04-24 09:59:22.768624.768624 cuda_h.py:27] end gather_outputs_group_fused_mp cost 0.356 ms
DEBUG 04-24 09:59:22.769743.769743 cuda_h.py:27] end cpu_experts_worker_bmm_or_einsum_0 cost 33.888 ms
DEBUG 04-24 09:59:22.769827.769827 cuda_h.py:27] end cpu_thread_manager_mp_wait_fused cost 35.593 ms
DEBUG 04-24 09:59:22.770770.770770 cuda_h.py:27] end *single cpu experts* cost 37.658 ms
DEBUG 04-24 09:59:22.771130.771130 sllm_store_c.py:27] get device uuid map
DEBUG 04-24 09:59:22.771007.771007 sllm_store_c.py:29] call client load into gpu
DEBUG 04-24 09:59:22.774058.774058 cuda_h.py:27] end load_into_gpu_async_fused_experts_dual cost 3.374 ms
DEBUG 04-24 09:59:22.774445.774445 cuda_h.py:27] end restore_tensors2_fused_experts_packed cost 0.128 ms
DEBUG 04-24 09:59:22.775154.775154 cuda_h.py:27] end restore_tensors2_fused_experts_slices cost 0.596 ms
DEBUG 04-24 09:59:22.775193.775193 cuda_h.py:27] end allocate_experts_cuda_memory_and_restore_model_multi_device_fused cost 5.656 ms
DEBUG 04-24 09:59:22.776043.776043 cuda_h.py:27] end gpu_sexperts cost 0.008 ms
DEBUG 04-24 09:59:22.776715.776715 cuda_h.py:27] end wait_load_qkvogn_s_weight cost 0.029 ms
DEBUG 04-24 09:59:22.790085.790085 cuda_h.py:27] end prepare_per_device_parameters cost 14.242 ms
DEBUG 04-24 09:59:22.793619.793619 cuda_h.py:27] end wait_experts_multi_device cost 2.798 ms
DEBUG 04-24 09:59:22.793886.793886 cuda_h.py:27] end *before fused experts* cost 23.597 ms
DEBUG 04-24 09:59:22.798708.798708 cuda_h.py:27] end gpu_experts_multi_device_fused cost 4.149 ms
DEBUG 04-24 09:59:22.798803.798803 cuda_h.py:27] end *gpu experts* cost 27.855 ms
DEBUG 04-24 09:59:22.798991.798991 cuda_h.py:27] end layer_moe_generate_mp_multi_device_fused_l_4 cost 66.986 ms
DEBUG 04-24 09:59:22.799276.799276 cuda_h.py:27] end *mlp cost 68.381 ms
DEBUG 04-24 09:59:22.799061.799061 cuda_h.py:27] end prefill_layer cost 72.141 ms
DEBUG 04-24 09:59:22.799863.799863 lmp.py:320] -------------------------------- end prefill layer 3 --------------------------------
DEBUG 04-24 09:59:22.799420.799420 lmp.py:273] -------------------------------- start prefill layer 4 --------------------------------
DEBUG 04-24 09:59:22.799416.799416 cuda_h.py:27] end start_load_qkvogn_s_weight_l_5 cost 0.037 ms
DEBUG 04-24 09:59:22.800957.800957 cuda_h.py:27] end allocate_cuda_memory cost 0.345 ms
DEBUG 04-24 09:59:22.800483.800483 sllm_store_c.py:27] get device uuid map
DEBUG 04-24 09:59:22.800508.800508 sllm_store_c.py:29] call client load into gpu
DEBUG 04-24 09:59:22.802715.802715 cuda_h.py:27] end **self_attn cost 1.571 ms
DEBUG 04-24 09:59:22.802166.802166 cuda_h.py:27] end *iln_self_attn_paln cost 2.876 ms
DEBUG 04-24 09:59:22.803186.803186 cuda_h.py:27] end load_into_gpu_async cost 2.794 ms
DEBUG 04-24 09:59:22.803866.803866 cuda_h.py:27] end restore_tensors2 cost 0.188 ms
DEBUG 04-24 09:59:22.803112.803112 cuda_h.py:27] end allocate_cuda_memory_and_load_into_gpu cost 4.048 ms
DEBUG 04-24 09:59:22.804655.804655 cuda_h.py:27] end gate cost 1.506 ms
DEBUG 04-24 09:59:22.804734.804734 cuda_h.py:27] end experts_map_get cost 0.288 ms
DEBUG 04-24 09:59:22.805279.805279 cuda_h.py:27] end *before experts start* cost 1.950 ms
DEBUG 04-24 09:59:22.805470.805470 cuda_h.py:27] end cpu_experts_submit_fused_mp cost 0.149 ms
DEBUG 04-24 09:59:22.808064.808064 cuda_h.py:27] end prepare_group_stack cost 0.586 ms
DEBUG 04-24 09:59:22.809107.809107 cuda_h.py:27] end prepare_group_stack cost 0.712 ms
DEBUG 04-24 09:59:22.809972.809972 cuda_h.py:27] end prepare_group_stack cost 0.642 ms
DEBUG 04-24 09:59:22.810833.810833 cuda_h.py:27] end group stack cost 1.426 ms
DEBUG 04-24 09:59:22.810580.810580 cuda_h.py:27] end move_flatidxs_group_fused_mp cost 2.363 ms
DEBUG 04-24 09:59:22.810995.810995 cuda_h.py:27] end get_fused_experts_names_w cost 0.029 ms
DEBUG 04-24 09:59:22.811835.811835 cuda_h.py:27] end prepare_group_stack cost 0.706 ms
DEBUG 04-24 09:59:22.811988.811988 cuda_h.py:27] end group stack cost 2.373 ms
DEBUG 04-24 09:59:22.812847.812847 cuda_h.py:27] end restore_fused_tensors cost 0.989 ms
DEBUG 04-24 09:59:22.812063.812063 cuda_h.py:27] end group_fused_tensors_mp cost 1.488 ms
DEBUG 04-24 09:59:22.812016.812016 cuda_h.py:27] end move_flatidxs_group_fused_mp cost 3.781 ms
DEBUG 04-24 09:59:22.812438.812438 cuda_h.py:27] end get_fused_experts_names_w cost 0.035 ms
DEBUG 04-24 09:59:22.813522.813522 cuda_h.py:27] end group stack cost 2.155 ms
DEBUG 04-24 09:59:22.813628.813628 cuda_h.py:27] end move_flatidxs_group_fused_mp cost 3.474 ms
DEBUG 04-24 09:59:22.813677.813677 cuda_h.py:27] end restore_fused_tensors cost 1.258 ms
DEBUG 04-24 09:59:22.814455.814455 cuda_h.py:27] end get_fused_experts_names_w cost 0.037 ms
DEBUG 04-24 09:59:22.814461.814461 cuda_h.py:27] end group stack cost 4.708 ms
DEBUG 04-24 09:59:22.814362.814362 cuda_h.py:27] end group_fused_tensors_mp cost 1.899 ms
DEBUG 04-24 09:59:22.814767.814767 cuda_h.py:27] end move_flatidxs_group_fused_mp cost 6.042 ms
DEBUG 04-24 09:59:22.815362.815362 cuda_h.py:27] end get_fused_experts_names_w cost 0.035 ms
DEBUG 04-24 09:59:22.815486.815486 cuda_h.py:27] end restore_fused_tensors cost 0.948 ms
DEBUG 04-24 09:59:22.815370.815370 cuda_h.py:27] end group_fused_tensors_mp cost 1.666 ms
DEBUG 04-24 09:59:22.815019.815019 cuda_h.py:27] end restore2model cost 1.542 ms
DEBUG 04-24 09:59:22.816059.816059 cuda_h.py:27] end sllm_worker_task cost 16.125 ms
DEBUG 04-24 09:59:22.816418.816418 cuda_h.py:27] end restore_fused_tensors cost 1.146 ms
DEBUG 04-24 09:59:22.816363.816363 cuda_h.py:27] end group_fused_tensors_mp cost 1.449 ms
DEBUG 04-24 09:59:22.826051.826051 mlpmodule.py:3373] [fused_group_bmm][steps] bmm1=8.565 ms split=0.118 ms act_mul=0.498 ms bmm2=4.730 ms
DEBUG 04-24 09:59:22.826827.826827 cuda_h.py:27] end fused_group_bmm cost 14.156 ms
DEBUG 04-24 09:59:22.826017.826017 mlpmodule.py:3373] [fused_group_bmm][steps] bmm1=7.111 ms split=0.125 ms act_mul=0.496 ms bmm2=3.251 ms
DEBUG 04-24 09:59:22.827824.827824 cuda_h.py:27] end gather_outputs_group_fused_mp cost 0.438 ms
DEBUG 04-24 09:59:22.827782.827782 cuda_h.py:27] end fused_group_bmm cost 11.508 ms
DEBUG 04-24 09:59:22.827589.827589 cuda_h.py:27] end cpu_experts_worker_bmm_or_einsum_0 cost 20.866 ms
DEBUG 04-24 09:59:22.827756.827756 cuda_h.py:27] end gather_outputs_group_fused_mp cost 0.561 ms
DEBUG 04-24 09:59:22.828265.828265 cuda_h.py:27] end cpu_experts_worker_bmm_or_einsum_2 cost 19.690 ms
DEBUG 04-24 09:59:22.829703.829703 mlpmodule.py:3373] [fused_group_bmm][steps] bmm1=10.113 ms split=0.117 ms act_mul=0.371 ms bmm2=4.003 ms
DEBUG 04-24 09:59:22.829724.829724 cuda_h.py:27] end fused_group_bmm cost 14.858 ms
DEBUG 04-24 09:59:22.829154.829154 mlpmodule.py:3373] [fused_group_bmm][steps] bmm1=8.437 ms split=0.073 ms act_mul=0.538 ms bmm2=3.921 ms
DEBUG 04-24 09:59:22.830789.830789 cuda_h.py:27] end fused_group_bmm cost 13.356 ms
DEBUG 04-24 09:59:22.830812.830812 cuda_h.py:27] end gather_outputs_group_fused_mp cost 0.484 ms
DEBUG 04-24 09:59:22.830581.830581 cuda_h.py:27] end gather_outputs_group_fused_mp cost 0.330 ms
DEBUG 04-24 09:59:22.831853.831853 cuda_h.py:27] end cpu_experts_worker_bmm_or_einsum_1 cost 23.922 ms
DEBUG 04-24 09:59:22.831012.831012 cuda_h.py:27] end cpu_experts_worker_bmm_or_einsum_3 cost 22.813 ms
DEBUG 04-24 09:59:22.832947.832947 cuda_h.py:27] end cpu_thread_manager_mp_wait_fused cost 24.792 ms
DEBUG 04-24 09:59:22.832057.832057 cuda_h.py:27] end *single cpu experts* cost 27.370 ms
DEBUG 04-24 09:59:22.833336.833336 sllm_store_c.py:27] get device uuid map
DEBUG 04-24 09:59:22.833763.833763 sllm_store_c.py:29] call client load into gpu
DEBUG 04-24 09:59:22.837005.837005 cuda_h.py:27] end load_into_gpu_async_fused_experts_dual cost 3.765 ms
DEBUG 04-24 09:59:22.837612.837612 cuda_h.py:27] end restore_tensors2_fused_experts_packed cost 0.070 ms
DEBUG 04-24 09:59:22.837037.837037 cuda_h.py:27] end restore_tensors2_fused_experts_slices cost 0.276 ms
DEBUG 04-24 09:59:22.837523.837523 cuda_h.py:27] end allocate_experts_cuda_memory_and_restore_model_multi_device_fused cost 5.352 ms
DEBUG 04-24 09:59:22.837699.837699 cuda_h.py:27] end gpu_sexperts cost 0.005 ms
DEBUG 04-24 09:59:22.837959.837959 cuda_h.py:27] end wait_load_qkvogn_s_weight cost 0.018 ms
DEBUG 04-24 09:59:22.851206.851206 cuda_h.py:27] end prepare_per_device_parameters cost 13.405 ms
DEBUG 04-24 09:59:22.853354.853354 cuda_h.py:27] end wait_experts_multi_device cost 2.395 ms
DEBUG 04-24 09:59:22.854125.854125 cuda_h.py:27] end *before fused experts* cost 21.568 ms
DEBUG 04-24 09:59:22.859117.859117 cuda_h.py:27] end gpu_experts_multi_device_fused cost 5.245 ms
DEBUG 04-24 09:59:22.859279.859279 cuda_h.py:27] end *gpu experts* cost 26.949 ms
DEBUG 04-24 09:59:22.859825.859825 cuda_h.py:27] end layer_moe_generate_mp_multi_device_fused_l_5 cost 56.424 ms
DEBUG 04-24 09:59:22.860466.860466 cuda_h.py:27] end *mlp cost 57.778 ms
DEBUG 04-24 09:59:22.860363.860363 cuda_h.py:27] end prefill_layer cost 61.190 ms
DEBUG 04-24 09:59:22.860133.860133 lmp.py:320] -------------------------------- end prefill layer 4 --------------------------------
DEBUG 04-24 09:59:22.861750.861750 lmp.py:273] -------------------------------- start prefill layer 5 --------------------------------
DEBUG 04-24 09:59:22.861057.861057 cuda_h.py:27] end start_load_qkvogn_s_weight_l_6 cost 0.043 ms
DEBUG 04-24 09:59:22.861652.861652 cuda_h.py:27] end allocate_cuda_memory cost 0.353 ms
DEBUG 04-24 09:59:22.861608.861608 sllm_store_c.py:27] get device uuid map
DEBUG 04-24 09:59:22.862363.862363 sllm_store_c.py:29] call client load into gpu
DEBUG 04-24 09:59:22.864113.864113 cuda_h.py:27] end load_into_gpu_async cost 2.612 ms
DEBUG 04-24 09:59:22.864496.864496 cuda_h.py:27] end restore_tensors2 cost 0.200 ms
DEBUG 04-24 09:59:22.865043.865043 cuda_h.py:27] end **self_attn cost 3.050 ms
DEBUG 04-24 09:59:22.865257.865257 cuda_h.py:27] end allocate_cuda_memory_and_load_into_gpu cost 4.073 ms
DEBUG 04-24 09:59:22.865141.865141 cuda_h.py:27] end *iln_self_attn_paln cost 4.534 ms
DEBUG 04-24 09:59:22.866472.866472 cuda_h.py:27] end gate cost 0.656 ms
DEBUG 04-24 09:59:22.866828.866828 cuda_h.py:27] end experts_map_get cost 0.284 ms
DEBUG 04-24 09:59:22.866486.866486 cuda_h.py:27] end *before experts start* cost 1.099 ms
DEBUG 04-24 09:59:22.866194.866194 cuda_h.py:27] end cpu_experts_submit_fused_mp cost 0.141 ms
DEBUG 04-24 09:59:22.870208.870208 cuda_h.py:27] end prepare_group_stack cost 0.630 ms
DEBUG 04-24 09:59:22.870798.870798 cuda_h.py:27] end prepare_group_stack cost 0.695 ms
DEBUG 04-24 09:59:22.871032.871032 cuda_h.py:27] end prepare_group_stack cost 0.648 ms
DEBUG 04-24 09:59:22.871034.871034 cuda_h.py:27] end prepare_group_stack cost 0.709 ms
DEBUG 04-24 09:59:22.872911.872911 cuda_h.py:27] end group stack cost 1.558 ms
DEBUG 04-24 09:59:22.872759.872759 cuda_h.py:27] end move_flatidxs_group_fused_mp cost 2.622 ms
DEBUG 04-24 09:59:22.873882.873882 cuda_h.py:27] end group stack cost 1.935 ms
DEBUG 04-24 09:59:22.873962.873962 cuda_h.py:27] end group stack cost 1.948 ms
DEBUG 04-24 09:59:22.873421.873421 cuda_h.py:27] end get_fused_experts_names_w cost 0.032 ms
DEBUG 04-24 09:59:22.873919.873919 cuda_h.py:27] end move_flatidxs_group_fused_mp cost 3.170 ms
DEBUG 04-24 09:59:22.873670.873670 cuda_h.py:27] end move_flatidxs_group_fused_mp cost 3.170 ms
DEBUG 04-24 09:59:22.873554.873554 cuda_h.py:27] end get_fused_experts_names_w cost 0.037 ms
DEBUG 04-24 09:59:22.873548.873548 cuda_h.py:27] end group stack cost 1.909 ms
DEBUG 04-24 09:59:22.873476.873476 cuda_h.py:27] end get_fused_experts_names_w cost 0.045 ms
DEBUG 04-24 09:59:22.874126.874126 cuda_h.py:27] end move_flatidxs_group_fused_mp cost 3.266 ms
DEBUG 04-24 09:59:22.874519.874519 cuda_h.py:27] end restore2model cost 2.272 ms
DEBUG 04-24 09:59:22.874051.874051 cuda_h.py:27] end get_fused_experts_names_w cost 0.033 ms
DEBUG 04-24 09:59:22.874566.874566 cuda_h.py:27] end restore_fused_tensors cost 1.057 ms
DEBUG 04-24 09:59:22.874331.874331 cuda_h.py:27] end sllm_worker_task cost 13.401 ms
DEBUG 04-24 09:59:22.874876.874876 cuda_h.py:27] end group_fused_tensors_mp cost 1.355 ms
DEBUG 04-24 09:59:22.874013.874013 cuda_h.py:27] end restore_fused_tensors cost 0.944 ms
DEBUG 04-24 09:59:22.874523.874523 cuda_h.py:27] end group_fused_tensors_mp cost 1.288 ms
DEBUG 04-24 09:59:22.875786.875786 cuda_h.py:27] end restore_fused_tensors cost 0.961 ms
DEBUG 04-24 09:59:22.875512.875512 cuda_h.py:27] end group_fused_tensors_mp cost 1.530 ms
DEBUG 04-24 09:59:22.875614.875614 cuda_h.py:27] end restore_fused_tensors cost 0.920 ms
DEBUG 04-24 09:59:22.875213.875213 cuda_h.py:27] end group_fused_tensors_mp cost 1.489 ms
DEBUG 04-24 09:59:22.886025.886025 mlpmodule.py:3373] [fused_group_bmm][steps] bmm1=8.414 ms split=0.141 ms act_mul=0.433 ms bmm2=1.984 ms
DEBUG 04-24 09:59:22.886210.886210 cuda_h.py:27] end fused_group_bmm cost 11.204 ms
DEBUG 04-24 09:59:22.887716.887716 cuda_h.py:27] end gather_outputs_group_fused_mp cost 0.429 ms
DEBUG 04-24 09:59:22.888783.888783 cuda_h.py:27] end cpu_experts_worker_bmm_or_einsum_3 cost 19.069 ms
DEBUG 04-24 09:59:22.889468.889468 mlpmodule.py:3373] [fused_group_bmm][steps] bmm1=8.740 ms split=0.127 ms act_mul=0.471 ms bmm2=4.551 ms
DEBUG 04-24 09:59:22.890462.890462 cuda_h.py:27] end fused_group_bmm cost 14.134 ms
DEBUG 04-24 09:59:22.890950.890950 mlpmodule.py:3373] [fused_group_bmm][steps] bmm1=9.522 ms split=0.091 ms act_mul=0.505 ms bmm2=4.862 ms
DEBUG 04-24 09:59:22.890337.890337 cuda_h.py:27] end fused_group_bmm cost 15.299 ms
DEBUG 04-24 09:59:22.890366.890366 mlpmodule.py:3373] [fused_group_bmm][steps] bmm1=9.733 ms split=0.077 ms act_mul=0.538 ms bmm2=4.784 ms
DEBUG 04-24 09:59:22.890829.890829 cuda_h.py:27] end fused_group_bmm cost 15.321 ms
DEBUG 04-24 09:59:22.890831.890831 cuda_h.py:27] end gather_outputs_group_fused_mp cost 0.510 ms
DEBUG 04-24 09:59:22.890931.890931 cuda_h.py:27] end gather_outputs_group_fused_mp cost 0.349 ms
DEBUG 04-24 09:59:22.891767.891767 cuda_h.py:27] end gather_outputs_group_fused_mp cost 0.390 ms
DEBUG 04-24 09:59:22.891919.891919 cuda_h.py:27] end cpu_experts_worker_bmm_or_einsum_2 cost 21.065 ms
DEBUG 04-24 09:59:22.891965.891965 cuda_h.py:27] end cpu_experts_worker_bmm_or_einsum_0 cost 22.319 ms
DEBUG 04-24 09:59:22.891417.891417 cuda_h.py:27] end cpu_experts_worker_bmm_or_einsum_1 cost 22.621 ms
DEBUG 04-24 09:59:22.892450.892450 cuda_h.py:27] end cpu_thread_manager_mp_wait_fused cost 24.409 ms
DEBUG 04-24 09:59:22.893752.893752 cuda_h.py:27] end *single cpu experts* cost 26.288 ms
DEBUG 04-24 09:59:22.894137.894137 sllm_store_c.py:27] get device uuid map
DEBUG 04-24 09:59:22.894849.894849 sllm_store_c.py:29] call client load into gpu
DEBUG 04-24 09:59:22.897195.897195 cuda_h.py:27] end load_into_gpu_async_fused_experts_dual cost 3.736 ms
DEBUG 04-24 09:59:22.898207.898207 cuda_h.py:27] end restore_tensors2_fused_experts_packed cost 0.073 ms
DEBUG 04-24 09:59:22.898146.898146 cuda_h.py:27] end restore_tensors2_fused_experts_slices cost 0.267 ms
DEBUG 04-24 09:59:22.898109.898109 cuda_h.py:27] end allocate_experts_cuda_memory_and_restore_model_multi_device_fused cost 5.485 ms
DEBUG 04-24 09:59:22.898817.898817 cuda_h.py:27] end gpu_sexperts cost 0.004 ms
DEBUG 04-24 09:59:22.898269.898269 cuda_h.py:27] end wait_load_qkvogn_s_weight cost 0.018 ms
DEBUG 04-24 09:59:22.904464.904464 cuda_h.py:27] end prepare_per_device_parameters cost 5.886 ms
DEBUG 04-24 09:59:22.918466.918466 cuda_h.py:27] end wait_experts_multi_device cost 13.384 ms
DEBUG 04-24 09:59:22.918524.918524 cuda_h.py:27] end *before fused experts* cost 25.381 ms
DEBUG 04-24 09:59:22.927588.927588 cuda_h.py:27] end gpu_experts_multi_device_fused cost 9.154 ms
DEBUG 04-24 09:59:22.927698.927698 cuda_h.py:27] end *gpu experts* cost 34.750 ms
DEBUG 04-24 09:59:22.928537.928537 cuda_h.py:27] end layer_moe_generate_mp_multi_device_fused_l_6 cost 62.331 ms
DEBUG 04-24 09:59:22.929704.929704 cuda_h.py:27] end *mlp cost 63.749 ms
DEBUG 04-24 09:59:22.929324.929324 cuda_h.py:27] end prefill_layer cost 68.570 ms
DEBUG 04-24 09:59:22.929406.929406 lmp.py:320] -------------------------------- end prefill layer 5 --------------------------------
DEBUG 04-24 09:59:22.929805.929805 lmp.py:273] -------------------------------- start prefill layer 6 --------------------------------
DEBUG 04-24 09:59:22.929246.929246 cuda_h.py:27] end start_load_qkvogn_s_weight_l_7 cost 0.055 ms
DEBUG 04-24 09:59:22.930123.930123 cuda_h.py:27] end allocate_cuda_memory cost 0.320 ms
DEBUG 04-24 09:59:22.930107.930107 sllm_store_c.py:27] get device uuid map
DEBUG 04-24 09:59:22.930421.930421 sllm_store_c.py:29] call client load into gpu
DEBUG 04-24 09:59:22.933691.933691 cuda_h.py:27] end load_into_gpu_async cost 2.600 ms
DEBUG 04-24 09:59:22.933179.933179 cuda_h.py:27] end restore_tensors2 cost 0.170 ms
DEBUG 04-24 09:59:22.933317.933317 cuda_h.py:27] end allocate_cuda_memory_and_load_into_gpu cost 4.018 ms
DEBUG 04-24 09:59:22.934666.934666 cuda_h.py:27] end **self_attn cost 2.906 ms
DEBUG 04-24 09:59:22.934416.934416 cuda_h.py:27] end *iln_self_attn_paln cost 4.963 ms
DEBUG 04-24 09:59:22.935603.935603 cuda_h.py:27] end gate cost 0.729 ms
DEBUG 04-24 09:59:22.935623.935623 cuda_h.py:27] end experts_map_get cost 0.298 ms
DEBUG 04-24 09:59:22.936413.936413 cuda_h.py:27] end *before experts start* cost 1.199 ms
DEBUG 04-24 09:59:22.936380.936380 cuda_h.py:27] end cpu_experts_submit_fused_mp cost 0.156 ms
DEBUG 04-24 09:59:22.940727.940727 cuda_h.py:27] end prepare_group_stack cost 0.650 ms
DEBUG 04-24 09:59:22.940148.940148 cuda_h.py:27] end prepare_group_stack cost 0.627 ms
DEBUG 04-24 09:59:22.940660.940660 cuda_h.py:27] end prepare_group_stack cost 0.677 ms
DEBUG 04-24 09:59:22.940207.940207 cuda_h.py:27] end prepare_group_stack cost 0.601 ms
DEBUG 04-24 09:59:22.942580.942580 cuda_h.py:27] end group stack cost 1.706 ms
DEBUG 04-24 09:59:22.942360.942360 cuda_h.py:27] end group stack cost 1.746 ms
DEBUG 04-24 09:59:22.942554.942554 cuda_h.py:27] end move_flatidxs_group_fused_mp cost 2.846 ms
DEBUG 04-24 09:59:22.942268.942268 cuda_h.py:27] end move_flatidxs_group_fused_mp cost 2.835 ms
DEBUG 04-24 09:59:22.942152.942152 cuda_h.py:27] end group stack cost 2.080 ms
DEBUG 04-24 09:59:22.942659.942659 cuda_h.py:27] end group stack cost 1.678 ms
DEBUG 04-24 09:59:22.942396.942396 cuda_h.py:27] end get_fused_experts_names_w cost 0.036 ms
DEBUG 04-24 09:59:22.942801.942801 cuda_h.py:27] end get_fused_experts_names_w cost 0.031 ms
DEBUG 04-24 09:59:22.942598.942598 cuda_h.py:27] end move_flatidxs_group_fused_mp cost 2.643 ms
DEBUG 04-24 09:59:22.942624.942624 cuda_h.py:27] end move_flatidxs_group_fused_mp cost 3.297 ms
DEBUG 04-24 09:59:22.943721.943721 cuda_h.py:27] end get_fused_experts_names_w cost 0.036 ms
DEBUG 04-24 09:59:22.943418.943418 cuda_h.py:27] end get_fused_experts_names_w cost 0.046 ms
DEBUG 04-24 09:59:22.943678.943678 cuda_h.py:27] end restore2model cost 2.285 ms
DEBUG 04-24 09:59:22.944428.944428 cuda_h.py:27] end sllm_worker_task cost 14.244 ms
DEBUG 04-24 09:59:22.944629.944629 cuda_h.py:27] end restore_fused_tensors cost 1.315 ms
DEBUG 04-24 09:59:22.944009.944009 cuda_h.py:27] end restore_fused_tensors cost 1.006 ms
DEBUG 04-24 09:59:22.944797.944797 cuda_h.py:27] end restore_fused_tensors cost 1.380 ms
DEBUG 04-24 09:59:22.944255.944255 cuda_h.py:27] end group_fused_tensors_mp cost 1.346 ms
DEBUG 04-24 09:59:22.944804.944804 cuda_h.py:27] end group_fused_tensors_mp cost 1.722 ms
DEBUG 04-24 09:59:22.944488.944488 cuda_h.py:27] end group_fused_tensors_mp cost 1.793 ms
DEBUG 04-24 09:59:22.944071.944071 cuda_h.py:27] end restore_fused_tensors cost 1.274 ms
DEBUG 04-24 09:59:22.945943.945943 cuda_h.py:27] end group_fused_tensors_mp cost 1.886 ms
DEBUG 04-24 09:59:22.959673.959673 mlpmodule.py:3373] [fused_group_bmm][steps] bmm1=9.882 ms split=0.109 ms act_mul=0.488 ms bmm2=3.721 ms
DEBUG 04-24 09:59:22.959189.959189 cuda_h.py:27] end fused_group_bmm cost 14.623 ms
DEBUG 04-24 09:59:22.960138.960138 mlpmodule.py:3373] [fused_group_bmm][steps] bmm1=10.431 ms split=0.107 ms act_mul=0.672 ms bmm2=4.610 ms
DEBUG 04-24 09:59:22.960661.960661 cuda_h.py:27] end fused_group_bmm cost 16.019 ms
DEBUG 04-24 09:59:22.960680.960680 cuda_h.py:27] end gather_outputs_group_fused_mp cost 0.743 ms
DEBUG 04-24 09:59:22.961222.961222 cuda_h.py:27] end gather_outputs_group_fused_mp cost 0.341 ms
DEBUG 04-24 09:59:22.961554.961554 mlpmodule.py:3373] [fused_group_bmm][steps] bmm1=11.564 ms split=0.169 ms act_mul=0.504 ms bmm2=4.361 ms
DEBUG 04-24 09:59:22.961320.961320 cuda_h.py:27] end cpu_experts_worker_bmm_or_einsum_3 cost 23.118 ms
DEBUG 04-24 09:59:22.961777.961777 cuda_h.py:27] end fused_group_bmm cost 16.979 ms
DEBUG 04-24 09:59:22.961371.961371 cuda_h.py:27] end cpu_experts_worker_bmm_or_einsum_1 cost 23.521 ms
DEBUG 04-24 09:59:22.962568.962568 mlpmodule.py:3373] [fused_group_bmm][steps] bmm1=12.848 ms split=0.112 ms act_mul=0.559 ms bmm2=3.703 ms
DEBUG 04-24 09:59:22.962885.962885 cuda_h.py:27] end fused_group_bmm cost 17.414 ms
DEBUG 04-24 09:59:22.962206.962206 cuda_h.py:27] end gather_outputs_group_fused_mp cost 0.513 ms
DEBUG 04-24 09:59:22.962003.962003 cuda_h.py:27] end gather_outputs_group_fused_mp cost 0.365 ms
DEBUG 04-24 09:59:22.962765.962765 cuda_h.py:27] end cpu_experts_worker_bmm_or_einsum_2 cost 23.304 ms
DEBUG 04-24 09:59:22.963091.963091 cuda_h.py:27] end cpu_experts_worker_bmm_or_einsum_0 cost 24.773 ms
DEBUG 04-24 09:59:22.964612.964612 cuda_h.py:27] end cpu_thread_manager_mp_wait_fused cost 26.013 ms
DEBUG 04-24 09:59:22.964437.964437 cuda_h.py:27] end *single cpu experts* cost 28.182 ms
DEBUG 04-24 09:59:22.965883.965883 sllm_store_c.py:27] get device uuid map
DEBUG 04-24 09:59:22.965495.965495 sllm_store_c.py:29] call client load into gpu
DEBUG 04-24 09:59:22.968326.968326 cuda_h.py:27] end load_into_gpu_async_fused_experts_dual cost 2.754 ms
DEBUG 04-24 09:59:22.968847.968847 cuda_h.py:27] end restore_tensors2_fused_experts_packed cost 0.071 ms
DEBUG 04-24 09:59:22.968154.968154 cuda_h.py:27] end restore_tensors2_fused_experts_slices cost 0.283 ms
DEBUG 04-24 09:59:22.968594.968594 cuda_h.py:27] end allocate_experts_cuda_memory_and_restore_model_multi_device_fused cost 4.424 ms
DEBUG 04-24 09:59:22.968880.968880 cuda_h.py:27] end gpu_sexperts cost 0.004 ms
DEBUG 04-24 09:59:22.968488.968488 cuda_h.py:27] end wait_load_qkvogn_s_weight cost 0.018 ms
DEBUG 04-24 09:59:22.976852.976852 cuda_h.py:27] end prepare_per_device_parameters cost 7.344 ms
DEBUG 04-24 09:59:22.989142.989142 cuda_h.py:27] end wait_experts_multi_device cost 13.121 ms
DEBUG 04-24 09:59:22.989484.989484 cuda_h.py:27] end *before fused experts* cost 25.478 ms
DEBUG 04-24 09:59:22.999527.999527 cuda_h.py:27] end gpu_experts_multi_device_fused cost 9.487 ms
DEBUG 04-24 09:59:22.999114.999114 cuda_h.py:27] end *gpu experts* cost 35.182 ms
DEBUG 04-24 09:59:22.999098.999098 cuda_h.py:27] end layer_moe_generate_mp_multi_device_fused_l_7 cost 64.761 ms
DEBUG 04-24 09:59:23.001114.001114 cuda_h.py:27] end *mlp cost 66.210 ms
DEBUG 04-24 09:59:23.001681.001681 cuda_h.py:27] end prefill_layer cost 71.464 ms
DEBUG 04-24 09:59:23.001094.001094 lmp.py:320] -------------------------------- end prefill layer 6 --------------------------------
DEBUG 04-24 09:59:23.001446.001446 lmp.py:273] -------------------------------- start prefill layer 7 --------------------------------
DEBUG 04-24 09:59:23.001695.001695 cuda_h.py:27] end start_load_qkvogn_s_weight_l_8 cost 0.054 ms
DEBUG 04-24 09:59:23.001149.001149 cuda_h.py:27] end allocate_cuda_memory cost 0.322 ms
DEBUG 04-24 09:59:23.002563.002563 sllm_store_c.py:27] get device uuid map
DEBUG 04-24 09:59:23.002678.002678 sllm_store_c.py:29] call client load into gpu
DEBUG 04-24 09:59:23.005354.005354 cuda_h.py:27] end **self_attn cost 2.109 ms
DEBUG 04-24 09:59:23.005944.005944 cuda_h.py:27] end load_into_gpu_async cost 3.271 ms
DEBUG 04-24 09:59:23.005902.005902 cuda_h.py:27] end *iln_self_attn_paln cost 4.248 ms
DEBUG 04-24 09:59:23.005942.005942 cuda_h.py:27] end restore_tensors2 cost 0.093 ms
DEBUG 04-24 09:59:23.006311.006311 cuda_h.py:27] end allocate_cuda_memory_and_load_into_gpu cost 4.637 ms
DEBUG 04-24 09:59:23.006159.006159 cuda_h.py:27] end gate cost 0.868 ms
DEBUG 04-24 09:59:23.007310.007310 cuda_h.py:27] end experts_map_get cost 0.270 ms
DEBUG 04-24 09:59:23.007047.007047 cuda_h.py:27] end *before experts start* cost 1.291 ms
DEBUG 04-24 09:59:23.007668.007668 cuda_h.py:27] end cpu_experts_submit_fused_mp cost 0.149 ms
DEBUG 04-24 09:59:23.010743.010743 cuda_h.py:27] end prepare_group_stack cost 0.614 ms
DEBUG 04-24 09:59:23.011743.011743 cuda_h.py:27] end prepare_group_stack cost 0.603 ms
DEBUG 04-24 09:59:23.011007.011007 cuda_h.py:27] end prepare_group_stack cost 0.659 ms
DEBUG 04-24 09:59:23.012831.012831 cuda_h.py:27] end prepare_group_stack cost 0.585 ms
DEBUG 04-24 09:59:23.012260.012260 cuda_h.py:27] end group stack cost 1.820 ms
DEBUG 04-24 09:59:23.012592.012592 cuda_h.py:27] end move_flatidxs_group_fused_mp cost 3.059 ms
DEBUG 04-24 09:59:23.013683.013683 cuda_h.py:27] end get_fused_experts_names_w cost 0.035 ms
DEBUG 04-24 09:59:23.013974.013974 cuda_h.py:27] end group stack cost 1.574 ms
DEBUG 04-24 09:59:23.013728.013728 cuda_h.py:27] end group stack cost 1.530 ms
DEBUG 04-24 09:59:23.013007.013007 cuda_h.py:27] end move_flatidxs_group_fused_mp cost 2.584 ms
DEBUG 04-24 09:59:23.013449.013449 cuda_h.py:27] end get_fused_experts_names_w cost 0.031 ms
DEBUG 04-24 09:59:23.013416.013416 cuda_h.py:27] end move_flatidxs_group_fused_mp cost 2.649 ms
DEBUG 04-24 09:59:23.013722.013722 cuda_h.py:27] end group stack cost 1.368 ms
DEBUG 04-24 09:59:23.013117.013117 cuda_h.py:27] end get_fused_experts_names_w cost 0.032 ms
DEBUG 04-24 09:59:23.013157.013157 cuda_h.py:27] end move_flatidxs_group_fused_mp cost 2.257 ms
DEBUG 04-24 09:59:23.013816.013816 cuda_h.py:27] end get_fused_experts_names_w cost 0.028 ms
DEBUG 04-24 09:59:23.014657.014657 cuda_h.py:27] end restore_fused_tensors cost 1.280 ms
DEBUG 04-24 09:59:23.014086.014086 cuda_h.py:27] end group_fused_tensors_mp cost 1.565 ms
DEBUG 04-24 09:59:23.014403.014403 cuda_h.py:27] end restore_fused_tensors cost 0.723 ms
DEBUG 04-24 09:59:23.014199.014199 cuda_h.py:27] end restore_fused_tensors cost 1.334 ms
DEBUG 04-24 09:59:23.015965.015965 cuda_h.py:27] end group_fused_tensors_mp cost 1.126 ms
DEBUG 04-24 09:59:23.014057.014057 cuda_h.py:27] end restore_fused_tensors cost 1.090 ms
DEBUG 04-24 09:59:23.015497.015497 cuda_h.py:27] end group_fused_tensors_mp cost 1.647 ms
DEBUG 04-24 09:59:23.015796.015796 cuda_h.py:27] end group_fused_tensors_mp cost 1.345 ms
DEBUG 04-24 09:59:23.016795.016795 cuda_h.py:27] end restore2model cost 1.608 ms
DEBUG 04-24 09:59:23.016169.016169 cuda_h.py:27] end sllm_worker_task cost 15.246 ms
DEBUG 04-24 09:59:23.027330.027330 mlpmodule.py:3373] [fused_group_bmm][steps] bmm1=8.223 ms split=0.117 ms act_mul=0.519 ms bmm2=3.458 ms
DEBUG 04-24 09:59:23.027966.027966 mlpmodule.py:3373] [fused_group_bmm][steps] bmm1=8.284 ms split=0.122 ms act_mul=0.600 ms bmm2=3.457 ms
DEBUG 04-24 09:59:23.027385.027385 cuda_h.py:27] end fused_group_bmm cost 12.624 ms
DEBUG 04-24 09:59:23.027333.027333 cuda_h.py:27] end fused_group_bmm cost 12.804 ms
DEBUG 04-24 09:59:23.028370.028370 cuda_h.py:27] end gather_outputs_group_fused_mp cost 0.493 ms
DEBUG 04-24 09:59:23.028105.028105 cuda_h.py:27] end gather_outputs_group_fused_mp cost 0.652 ms
DEBUG 04-24 09:59:23.029025.029025 cuda_h.py:27] end cpu_experts_worker_bmm_or_einsum_0 cost 19.322 ms
DEBUG 04-24 09:59:23.029670.029670 cuda_h.py:27] end cpu_experts_worker_bmm_or_einsum_2 cost 18.711 ms
DEBUG 04-24 09:59:23.030745.030745 mlpmodule.py:3373] [fused_group_bmm][steps] bmm1=10.382 ms split=0.126 ms act_mul=0.458 ms bmm2=4.114 ms
DEBUG 04-24 09:59:23.030780.030780 mlpmodule.py:3373] [fused_group_bmm][steps] bmm1=10.777 ms split=0.126 ms act_mul=0.458 ms bmm2=4.183 ms
DEBUG 04-24 09:59:23.030823.030823 cuda_h.py:27] end fused_group_bmm cost 15.277 ms
DEBUG 04-24 09:59:23.030944.030944 cuda_h.py:27] end fused_group_bmm cost 15.723 ms
DEBUG 04-24 09:59:23.030234.030234 cuda_h.py:27] end gather_outputs_group_fused_mp cost 0.353 ms
DEBUG 04-24 09:59:23.031297.031297 cuda_h.py:27] end gather_outputs_group_fused_mp cost 0.423 ms
DEBUG 04-24 09:59:23.031308.031308 cuda_h.py:27] end cpu_experts_worker_bmm_or_einsum_3 cost 21.678 ms
DEBUG 04-24 09:59:23.031802.031802 cuda_h.py:27] end cpu_experts_worker_bmm_or_einsum_1 cost 22.807 ms
DEBUG 04-24 09:59:23.033469.033469 cuda_h.py:27] end cpu_thread_manager_mp_wait_fused cost 23.842 ms
DEBUG 04-24 09:59:23.033506.033506 cuda_h.py:27] end *single cpu experts* cost 25.764 ms
DEBUG 04-24 09:59:23.034056.034056 sllm_store_c.py:27] get device uuid map
DEBUG 04-24 09:59:23.034815.034815 sllm_store_c.py:29] call client load into gpu
DEBUG 04-24 09:59:23.037101.037101 cuda_h.py:27] end load_into_gpu_async_fused_experts_dual cost 2.917 ms
DEBUG 04-24 09:59:23.037907.037907 cuda_h.py:27] end restore_tensors2_fused_experts_packed cost 0.071 ms
DEBUG 04-24 09:59:23.037478.037478 cuda_h.py:27] end restore_tensors2_fused_experts_slices cost 0.294 ms
DEBUG 04-24 09:59:23.037157.037157 cuda_h.py:27] end allocate_experts_cuda_memory_and_restore_model_multi_device_fused cost 4.542 ms
DEBUG 04-24 09:59:23.037781.037781 cuda_h.py:27] end gpu_sexperts cost 0.005 ms
DEBUG 04-24 09:59:23.038041.038041 cuda_h.py:27] end wait_load_qkvogn_s_weight cost 0.019 ms
DEBUG 04-24 09:59:23.051574.051574 cuda_h.py:27] end prepare_per_device_parameters cost 13.641 ms
DEBUG 04-24 09:59:23.054934.054934 cuda_h.py:27] end wait_experts_multi_device cost 2.201 ms
DEBUG 04-24 09:59:23.054300.054300 cuda_h.py:27] end *before fused experts* cost 20.912 ms
DEBUG 04-24 09:59:23.058571.058571 cuda_h.py:27] end gpu_experts_multi_device_fused cost 3.883 ms
DEBUG 04-24 09:59:23.058050.058050 cuda_h.py:27] end *gpu experts* cost 24.906 ms
DEBUG 04-24 09:59:23.058569.058569 cuda_h.py:27] end layer_moe_generate_mp_multi_device_fused_l_8 cost 52.098 ms
DEBUG 04-24 09:59:23.059286.059286 cuda_h.py:27] end *mlp cost 53.752 ms
DEBUG 04-24 09:59:23.059263.059263 cuda_h.py:27] end prefill_layer cost 58.609 ms
DEBUG 04-24 09:59:23.059588.059588 lmp.py:320] -------------------------------- end prefill layer 7 --------------------------------
DEBUG 04-24 09:59:23.059477.059477 lmp.py:273] -------------------------------- start prefill layer 8 --------------------------------
DEBUG 04-24 09:59:23.060757.060757 cuda_h.py:27] end start_load_qkvogn_s_weight_l_9 cost 0.037 ms
DEBUG 04-24 09:59:23.060767.060767 cuda_h.py:27] end allocate_cuda_memory cost 0.157 ms
DEBUG 04-24 09:59:23.060141.060141 sllm_store_c.py:27] get device uuid map
DEBUG 04-24 09:59:23.060838.060838 sllm_store_c.py:29] call client load into gpu
DEBUG 04-24 09:59:23.061385.061385 cuda_h.py:27] end **self_attn cost 1.204 ms
DEBUG 04-24 09:59:23.062042.062042 cuda_h.py:27] end load_into_gpu_async cost 1.781 ms
DEBUG 04-24 09:59:23.062980.062980 cuda_h.py:27] end *iln_self_attn_paln cost 2.343 ms
DEBUG 04-24 09:59:23.062117.062117 cuda_h.py:27] end restore_tensors2 cost 0.095 ms
DEBUG 04-24 09:59:23.062012.062012 cuda_h.py:27] end allocate_cuda_memory_and_load_into_gpu cost 2.588 ms
DEBUG 04-24 09:59:23.063111.063111 cuda_h.py:27] end gate cost 0.637 ms
DEBUG 04-24 09:59:23.063580.063580 cuda_h.py:27] end experts_map_get cost 0.297 ms
DEBUG 04-24 09:59:23.063602.063602 cuda_h.py:27] end *before experts start* cost 1.081 ms
DEBUG 04-24 09:59:23.064442.064442 cuda_h.py:27] end cpu_experts_submit_fused_mp cost 0.147 ms
DEBUG 04-24 09:59:23.066520.066520 cuda_h.py:27] end prepare_group_stack cost 0.439 ms
DEBUG 04-24 09:59:23.067358.067358 cuda_h.py:27] end prepare_group_stack cost 0.604 ms
DEBUG 04-24 09:59:23.067718.067718 cuda_h.py:27] end prepare_group_stack cost 0.387 ms
DEBUG 04-24 09:59:23.068475.068475 cuda_h.py:27] end group stack cost 1.132 ms
DEBUG 04-24 09:59:23.068706.068706 cuda_h.py:27] end prepare_group_stack cost 0.518 ms
DEBUG 04-24 09:59:23.068754.068754 cuda_h.py:27] end move_flatidxs_group_fused_mp cost 1.927 ms
DEBUG 04-24 09:59:23.068844.068844 cuda_h.py:27] end get_fused_experts_names_w cost 0.023 ms
DEBUG 04-24 09:59:23.069105.069105 cuda_h.py:27] end group stack cost 0.934 ms
DEBUG 04-24 09:59:23.069127.069127 cuda_h.py:27] end group stack cost 1.570 ms
DEBUG 04-24 09:59:23.069402.069402 cuda_h.py:27] end move_flatidxs_group_fused_mp cost 1.636 ms
DEBUG 04-24 09:59:23.069054.069054 cuda_h.py:27] end move_flatidxs_group_fused_mp cost 2.662 ms
DEBUG 04-24 09:59:23.069267.069267 cuda_h.py:27] end restore_fused_tensors cost 0.743 ms
DEBUG 04-24 09:59:23.069546.069546 cuda_h.py:27] end get_fused_experts_names_w cost 0.025 ms
DEBUG 04-24 09:59:23.069203.069203 cuda_h.py:27] end get_fused_experts_names_w cost 0.031 ms
DEBUG 04-24 09:59:23.069681.069681 cuda_h.py:27] end group_fused_tensors_mp cost 1.099 ms
DEBUG 04-24 09:59:23.069197.069197 cuda_h.py:27] end group stack cost 1.179 ms
DEBUG 04-24 09:59:23.069626.069626 cuda_h.py:27] end move_flatidxs_group_fused_mp cost 2.349 ms
DEBUG 04-24 09:59:23.070087.070087 cuda_h.py:27] end get_fused_experts_names_w cost 0.028 ms
DEBUG 04-24 09:59:23.070992.070992 cuda_h.py:27] end restore2model cost 0.907 ms
DEBUG 04-24 09:59:23.070870.070870 cuda_h.py:27] end sllm_worker_task cost 10.208 ms
DEBUG 04-24 09:59:23.070665.070665 cuda_h.py:27] end restore_fused_tensors cost 0.878 ms
DEBUG 04-24 09:59:23.070604.070604 cuda_h.py:27] end group_fused_tensors_mp cost 1.167 ms
DEBUG 04-24 09:59:23.070992.070992 cuda_h.py:27] end restore_fused_tensors cost 1.120 ms
DEBUG 04-24 09:59:23.070694.070694 cuda_h.py:27] end restore_fused_tensors cost 0.710 ms
DEBUG 04-24 09:59:23.071395.071395 cuda_h.py:27] end group_fused_tensors_mp cost 1.138 ms
DEBUG 04-24 09:59:23.071296.071296 cuda_h.py:27] end group_fused_tensors_mp cost 1.614 ms
DEBUG 04-24 09:59:23.080950.080950 mlpmodule.py:3373] [fused_group_bmm][steps] bmm1=7.860 ms split=0.166 ms act_mul=0.447 ms bmm2=2.533 ms
DEBUG 04-24 09:59:23.081167.081167 cuda_h.py:27] end fused_group_bmm cost 11.405 ms
DEBUG 04-24 09:59:23.082600.082600 cuda_h.py:27] end gather_outputs_group_fused_mp cost 0.950 ms
DEBUG 04-24 09:59:23.082133.082133 mlpmodule.py:3373] [fused_group_bmm][steps] bmm1=8.121 ms split=0.085 ms act_mul=0.298 ms bmm2=3.565 ms
DEBUG 04-24 09:59:23.083759.083759 cuda_h.py:27] end cpu_experts_worker_bmm_or_einsum_1 cost 17.510 ms
DEBUG 04-24 09:59:23.083820.083820 cuda_h.py:27] end fused_group_bmm cost 12.246 ms
DEBUG 04-24 09:59:23.083818.083818 cuda_h.py:27] end gather_outputs_group_fused_mp cost 0.292 ms
DEBUG 04-24 09:59:23.083521.083521 cuda_h.py:27] end cpu_experts_worker_bmm_or_einsum_3 cost 17.403 ms
DEBUG 04-24 09:59:23.084198.084198 mlpmodule.py:3373] [fused_group_bmm][steps] bmm1=8.392 ms split=0.153 ms act_mul=0.486 ms bmm2=3.696 ms
DEBUG 04-24 09:59:23.084320.084320 cuda_h.py:27] end fused_group_bmm cost 13.024 ms
DEBUG 04-24 09:59:23.084799.084799 mlpmodule.py:3373] [fused_group_bmm][steps] bmm1=8.680 ms split=0.097 ms act_mul=0.349 ms bmm2=3.886 ms
DEBUG 04-24 09:59:23.084948.084948 cuda_h.py:27] end fused_group_bmm cost 13.324 ms
DEBUG 04-24 09:59:23.085113.085113 cuda_h.py:27] end gather_outputs_group_fused_mp cost 0.404 ms
DEBUG 04-24 09:59:23.085321.085321 cuda_h.py:27] end gather_outputs_group_fused_mp cost 0.673 ms
DEBUG 04-24 09:59:23.085406.085406 cuda_h.py:27] end cpu_experts_worker_bmm_or_einsum_0 cost 20.101 ms
DEBUG 04-24 09:59:23.086412.086412 cuda_h.py:27] end cpu_experts_worker_bmm_or_einsum_2 cost 19.580 ms
DEBUG 04-24 09:59:23.086606.086606 cuda_h.py:27] end cpu_thread_manager_mp_wait_fused cost 21.645 ms
DEBUG 04-24 09:59:23.087139.087139 cuda_h.py:27] end *single cpu experts* cost 23.131 ms
DEBUG 04-24 09:59:23.088381.088381 sllm_store_c.py:27] get device uuid map
DEBUG 04-24 09:59:23.088186.088186 sllm_store_c.py:29] call client load into gpu
DEBUG 04-24 09:59:23.090025.090025 cuda_h.py:27] end load_into_gpu_async_fused_experts_dual cost 2.832 ms
DEBUG 04-24 09:59:23.091361.091361 cuda_h.py:27] end restore_tensors2_fused_experts_packed cost 0.073 ms
DEBUG 04-24 09:59:23.091400.091400 cuda_h.py:27] end restore_tensors2_fused_experts_slices cost 0.325 ms
DEBUG 04-24 09:59:23.091939.091939 cuda_h.py:27] end allocate_experts_cuda_memory_and_restore_model_multi_device_fused cost 4.652 ms
DEBUG 04-24 09:59:23.092546.092546 cuda_h.py:27] end gpu_sexperts cost 0.005 ms
DEBUG 04-24 09:59:23.092283.092283 cuda_h.py:27] end wait_load_qkvogn_s_weight cost 0.018 ms
DEBUG 04-24 09:59:23.104562.104562 cuda_h.py:27] end prepare_per_device_parameters cost 12.522 ms
DEBUG 04-24 09:59:23.108580.108580 cuda_h.py:27] end wait_experts_multi_device cost 3.628 ms
DEBUG 04-24 09:59:23.108515.108515 cuda_h.py:27] end *before fused experts* cost 21.483 ms
DEBUG 04-24 09:59:23.112403.112403 cuda_h.py:27] end gpu_experts_multi_device_fused cost 3.917 ms
DEBUG 04-24 09:59:23.112266.112266 cuda_h.py:27] end *gpu experts* cost 25.512 ms
DEBUG 04-24 09:59:23.112745.112745 cuda_h.py:27] end layer_moe_generate_mp_multi_device_fused_l_9 cost 50.062 ms
DEBUG 04-24 09:59:23.114621.114621 cuda_h.py:27] end *mlp cost 51.480 ms
DEBUG 04-24 09:59:23.114252.114252 cuda_h.py:27] end prefill_layer cost 54.222 ms
DEBUG 04-24 09:59:23.114909.114909 lmp.py:320] -------------------------------- end prefill layer 8 --------------------------------
DEBUG 04-24 09:59:23.114844.114844 lmp.py:273] -------------------------------- start prefill layer 9 --------------------------------
DEBUG 04-24 09:59:23.114217.114217 cuda_h.py:27] end start_load_qkvogn_s_weight_l_10 cost 0.037 ms
DEBUG 04-24 09:59:23.114312.114312 cuda_h.py:27] end allocate_cuda_memory cost 0.150 ms
DEBUG 04-24 09:59:23.114594.114594 sllm_store_c.py:27] get device uuid map
DEBUG 04-24 09:59:23.114569.114569 sllm_store_c.py:29] call client load into gpu
DEBUG 04-24 09:59:23.116745.116745 cuda_h.py:27] end **self_attn cost 1.418 ms
DEBUG 04-24 09:59:23.116941.116941 cuda_h.py:27] end load_into_gpu_async cost 1.446 ms
DEBUG 04-24 09:59:23.116403.116403 cuda_h.py:27] end restore_tensors2 cost 0.078 ms
DEBUG 04-24 09:59:23.116507.116507 cuda_h.py:27] end *iln_self_attn_paln cost 2.392 ms
DEBUG 04-24 09:59:23.116910.116910 cuda_h.py:27] end allocate_cuda_memory_and_load_into_gpu cost 2.418 ms
DEBUG 04-24 09:59:23.117637.117637 cuda_h.py:27] end gate cost 0.669 ms
DEBUG 04-24 09:59:23.117286.117286 cuda_h.py:27] end experts_map_get cost 0.283 ms
DEBUG 04-24 09:59:23.117546.117546 cuda_h.py:27] end *before experts start* cost 1.141 ms
DEBUG 04-24 09:59:23.118400.118400 cuda_h.py:27] end cpu_experts_submit_fused_mp cost 0.144 ms
DEBUG 04-24 09:59:23.121946.121946 cuda_h.py:27] end prepare_group_stack cost 0.466 ms
DEBUG 04-24 09:59:23.121383.121383 cuda_h.py:27] end prepare_group_stack cost 0.446 ms
DEBUG 04-24 09:59:23.121046.121046 cuda_h.py:27] end prepare_group_stack cost 0.589 ms
DEBUG 04-24 09:59:23.122827.122827 cuda_h.py:27] end prepare_group_stack cost 0.666 ms
DEBUG 04-24 09:59:23.122379.122379 cuda_h.py:27] end group stack cost 0.950 ms
DEBUG 04-24 09:59:23.122515.122515 cuda_h.py:27] end move_flatidxs_group_fused_mp cost 1.646 ms
DEBUG 04-24 09:59:23.122517.122517 cuda_h.py:27] end get_fused_experts_names_w cost 0.018 ms
DEBUG 04-24 09:59:23.122096.122096 cuda_h.py:27] end group stack cost 1.187 ms
DEBUG 04-24 09:59:23.123002.123002 cuda_h.py:27] end group stack cost 1.163 ms
DEBUG 04-24 09:59:23.123597.123597 cuda_h.py:27] end move_flatidxs_group_fused_mp cost 2.098 ms
DEBUG 04-24 09:59:23.123955.123955 cuda_h.py:27] end move_flatidxs_group_fused_mp cost 2.054 ms
DEBUG 04-24 09:59:23.123699.123699 cuda_h.py:27] end get_fused_experts_names_w cost 0.021 ms
DEBUG 04-24 09:59:23.123455.123455 cuda_h.py:27] end get_fused_experts_names_w cost 0.026 ms
DEBUG 04-24 09:59:23.123223.123223 cuda_h.py:27] end restore_fused_tensors cost 0.482 ms
DEBUG 04-24 09:59:23.123946.123946 cuda_h.py:27] end group_fused_tensors_mp cost 0.960 ms
DEBUG 04-24 09:59:23.123992.123992 cuda_h.py:27] end restore_fused_tensors cost 0.586 ms
DEBUG 04-24 09:59:23.123183.123183 cuda_h.py:27] end group stack cost 1.580 ms
DEBUG 04-24 09:59:23.124623.124623 cuda_h.py:27] end group_fused_tensors_mp cost 0.915 ms
DEBUG 04-24 09:59:23.124930.124930 cuda_h.py:27] end move_flatidxs_group_fused_mp cost 2.984 ms
DEBUG 04-24 09:59:23.124084.124084 cuda_h.py:27] end restore_fused_tensors cost 0.583 ms
DEBUG 04-24 09:59:23.124929.124929 cuda_h.py:27] end group_fused_tensors_mp cost 1.326 ms
DEBUG 04-24 09:59:23.124155.124155 cuda_h.py:27] end get_fused_experts_names_w cost 0.030 ms
DEBUG 04-24 09:59:23.124905.124905 cuda_h.py:27] end restore2model cost 0.949 ms
DEBUG 04-24 09:59:23.125358.125358 cuda_h.py:27] end sllm_worker_task cost 10.648 ms
DEBUG 04-24 09:59:23.125592.125592 cuda_h.py:27] end restore_fused_tensors cost 1.103 ms
DEBUG 04-24 09:59:23.126180.126180 cuda_h.py:27] end group_fused_tensors_mp cost 1.387 ms
DEBUG 04-24 09:59:23.139366.139366 mlpmodule.py:3373] [fused_group_bmm][steps] bmm1=7.810 ms split=0.082 ms act_mul=0.373 ms bmm2=5.282 ms
DEBUG 04-24 09:59:23.139222.139222 mlpmodule.py:3373] [fused_group_bmm][steps] bmm1=9.950 ms split=0.100 ms act_mul=0.649 ms bmm2=5.256 ms
DEBUG 04-24 09:59:23.140254.140254 cuda_h.py:27] end fused_group_bmm cost 13.775 ms
DEBUG 04-24 09:59:23.140506.140506 cuda_h.py:27] end fused_group_bmm cost 16.159 ms
DEBUG 04-24 09:59:23.140655.140655 mlpmodule.py:3373] [fused_group_bmm][steps] bmm1=8.879 ms split=0.124 ms act_mul=0.504 ms bmm2=5.664 ms
DEBUG 04-24 09:59:23.140398.140398 cuda_h.py:27] end fused_group_bmm cost 15.436 ms
DEBUG 04-24 09:59:23.140917.140917 cuda_h.py:27] end gather_outputs_group_fused_mp cost 0.367 ms
DEBUG 04-24 09:59:23.140527.140527 cuda_h.py:27] end gather_outputs_group_fused_mp cost 0.398 ms
DEBUG 04-24 09:59:23.140073.140073 mlpmodule.py:3373] [fused_group_bmm][steps] bmm1=9.717 ms split=0.076 ms act_mul=0.441 ms bmm2=6.034 ms
DEBUG 04-24 09:59:23.140924.140924 cuda_h.py:27] end fused_group_bmm cost 16.603 ms
DEBUG 04-24 09:59:23.141623.141623 cuda_h.py:27] end cpu_experts_worker_bmm_or_einsum_3 cost 21.046 ms
DEBUG 04-24 09:59:23.141139.141139 cuda_h.py:27] end cpu_experts_worker_bmm_or_einsum_0 cost 20.903 ms
DEBUG 04-24 09:59:23.141014.141014 cuda_h.py:27] end gather_outputs_group_fused_mp cost 0.602 ms
DEBUG 04-24 09:59:23.141723.141723 cuda_h.py:27] end gather_outputs_group_fused_mp cost 0.326 ms
DEBUG 04-24 09:59:23.141565.141565 cuda_h.py:27] end cpu_experts_worker_bmm_or_einsum_2 cost 21.773 ms
DEBUG 04-24 09:59:23.141494.141494 cuda_h.py:27] end cpu_experts_worker_bmm_or_einsum_1 cost 21.936 ms
DEBUG 04-24 09:59:23.143065.143065 cuda_h.py:27] end cpu_thread_manager_mp_wait_fused cost 23.698 ms
DEBUG 04-24 09:59:23.143367.143367 cuda_h.py:27] end *single cpu experts* cost 25.258 ms
DEBUG 04-24 09:59:23.144143.144143 sllm_store_c.py:27] get device uuid map
DEBUG 04-24 09:59:23.144848.144848 sllm_store_c.py:29] call client load into gpu
DEBUG 04-24 09:59:23.147405.147405 cuda_h.py:27] end load_into_gpu_async_fused_experts_dual cost 2.902 ms
DEBUG 04-24 09:59:23.147019.147019 cuda_h.py:27] end restore_tensors2_fused_experts_packed cost 0.071 ms
DEBUG 04-24 09:59:23.147882.147882 cuda_h.py:27] end restore_tensors2_fused_experts_slices cost 0.293 ms
DEBUG 04-24 09:59:23.148613.148613 cuda_h.py:27] end allocate_experts_cuda_memory_and_restore_model_multi_device_fused cost 4.735 ms
DEBUG 04-24 09:59:23.148521.148521 cuda_h.py:27] end gpu_sexperts cost 0.004 ms
DEBUG 04-24 09:59:23.148496.148496 cuda_h.py:27] end wait_load_qkvogn_s_weight cost 0.018 ms
DEBUG 04-24 09:59:23.157539.157539 cuda_h.py:27] end prepare_per_device_parameters cost 8.683 ms
DEBUG 04-24 09:59:23.165084.165084 cuda_h.py:27] end wait_experts_multi_device cost 8.693 ms
DEBUG 04-24 09:59:23.165450.165450 cuda_h.py:27] end *before fused experts* cost 22.635 ms
DEBUG 04-24 09:59:23.170939.170939 cuda_h.py:27] end gpu_experts_multi_device_fused cost 4.077 ms
DEBUG 04-24 09:59:23.170379.170379 cuda_h.py:27] end *gpu experts* cost 26.831 ms
DEBUG 04-24 09:59:23.170719.170719 cuda_h.py:27] end layer_moe_generate_mp_multi_device_fused_l_10 cost 53.374 ms
DEBUG 04-24 09:59:23.171979.171979 cuda_h.py:27] end *mlp cost 54.792 ms
DEBUG 04-24 09:59:23.171154.171154 cuda_h.py:27] end prefill_layer cost 57.529 ms
DEBUG 04-24 09:59:23.171394.171394 lmp.py:320] -------------------------------- end prefill layer 9 --------------------------------
DEBUG 04-24 09:59:23.171150.171150 lmp.py:273] -------------------------------- start prefill layer 10 --------------------------------
DEBUG 04-24 09:59:23.171689.171689 cuda_h.py:27] end start_load_qkvogn_s_weight_l_11 cost 0.039 ms
DEBUG 04-24 09:59:23.172459.172459 cuda_h.py:27] end allocate_cuda_memory cost 0.152 ms
DEBUG 04-24 09:59:23.172073.172073 sllm_store_c.py:27] get device uuid map
DEBUG 04-24 09:59:23.172717.172717 sllm_store_c.py:29] call client load into gpu
DEBUG 04-24 09:59:23.173005.173005 cuda_h.py:27] end load_into_gpu_async cost 1.528 ms
DEBUG 04-24 09:59:23.173466.173466 cuda_h.py:27] end restore_tensors2 cost 0.076 ms
DEBUG 04-24 09:59:23.173865.173865 cuda_h.py:27] end allocate_cuda_memory_and_load_into_gpu cost 2.036 ms
DEBUG 04-24 09:59:23.174036.174036 cuda_h.py:27] end **self_attn cost 1.675 ms
DEBUG 04-24 09:59:23.174297.174297 cuda_h.py:27] end *iln_self_attn_paln cost 2.774 ms
DEBUG 04-24 09:59:23.175210.175210 cuda_h.py:27] end gate cost 0.562 ms
DEBUG 04-24 09:59:23.175655.175655 cuda_h.py:27] end experts_map_get cost 0.336 ms
DEBUG 04-24 09:59:23.175167.175167 cuda_h.py:27] end *before experts start* cost 1.069 ms
DEBUG 04-24 09:59:23.176406.176406 cuda_h.py:27] end cpu_experts_submit_fused_mp cost 0.177 ms
DEBUG 04-24 09:59:23.178396.178396 cuda_h.py:27] end prepare_group_stack cost 0.454 ms
DEBUG 04-24 09:59:23.179722.179722 cuda_h.py:27] end prepare_group_stack cost 0.399 ms
DEBUG 04-24 09:59:23.179809.179809 cuda_h.py:27] end prepare_group_stack cost 0.646 ms
DEBUG 04-24 09:59:23.179926.179926 cuda_h.py:27] end prepare_group_stack cost 0.669 ms
DEBUG 04-24 09:59:23.180389.180389 cuda_h.py:27] end group stack cost 1.252 ms
DEBUG 04-24 09:59:23.180549.180549 cuda_h.py:27] end group stack cost 1.453 ms
DEBUG 04-24 09:59:23.180426.180426 cuda_h.py:27] end move_flatidxs_group_fused_mp cost 1.848 ms
DEBUG 04-24 09:59:23.180753.180753 cuda_h.py:27] end get_fused_experts_names_w cost 0.017 ms
DEBUG 04-24 09:59:23.180355.180355 cuda_h.py:27] end move_flatidxs_group_fused_mp cost 2.193 ms
DEBUG 04-24 09:59:23.180914.180914 cuda_h.py:27] end get_fused_experts_names_w cost 0.026 ms
DEBUG 04-24 09:59:23.180198.180198 cuda_h.py:27] end group stack cost 1.599 ms
DEBUG 04-24 09:59:23.181230.181230 cuda_h.py:27] end move_flatidxs_group_fused_mp cost 2.566 ms
DEBUG 04-24 09:59:23.181869.181869 cuda_h.py:27] end get_fused_experts_names_w cost 0.026 ms
DEBUG 04-24 09:59:23.181287.181287 cuda_h.py:27] end restore_fused_tensors cost 0.497 ms
DEBUG 04-24 09:59:23.181662.181662 cuda_h.py:27] end group stack cost 1.624 ms
DEBUG 04-24 09:59:23.181232.181232 cuda_h.py:27] end group_fused_tensors_mp cost 0.899 ms
DEBUG 04-24 09:59:23.181348.181348 cuda_h.py:27] end move_flatidxs_group_fused_mp cost 3.010 ms
DEBUG 04-24 09:59:23.181188.181188 cuda_h.py:27] end restore_fused_tensors cost 0.751 ms
DEBUG 04-24 09:59:23.182056.182056 cuda_h.py:27] end group_fused_tensors_mp cost 1.287 ms
DEBUG 04-24 09:59:23.182208.182208 cuda_h.py:27] end get_fused_experts_names_w cost 0.032 ms
DEBUG 04-24 09:59:23.182401.182401 cuda_h.py:27] end restore_fused_tensors cost 0.694 ms
DEBUG 04-24 09:59:23.182129.182129 cuda_h.py:27] end group_fused_tensors_mp cost 1.275 ms
DEBUG 04-24 09:59:23.183235.183235 cuda_h.py:27] end restore_fused_tensors cost 1.070 ms
DEBUG 04-24 09:59:23.183312.183312 cuda_h.py:27] end group_fused_tensors_mp cost 1.343 ms
DEBUG 04-24 09:59:23.187607.187607 cuda_h.py:27] end restore2model cost 1.916 ms
DEBUG 04-24 09:59:23.187325.187325 cuda_h.py:27] end sllm_worker_task cost 15.757 ms
DEBUG 04-24 09:59:23.196118.196118 mlpmodule.py:3373] [fused_group_bmm][steps] bmm1=10.047 ms split=0.101 ms act_mul=0.436 ms bmm2=4.030 ms
DEBUG 04-24 09:59:23.196028.196028 cuda_h.py:27] end fused_group_bmm cost 14.946 ms
DEBUG 04-24 09:59:23.197132.197132 cuda_h.py:27] end gather_outputs_group_fused_mp cost 0.490 ms
DEBUG 04-24 09:59:23.197403.197403 mlpmodule.py:3373] [fused_group_bmm][steps] bmm1=10.116 ms split=0.066 ms act_mul=0.377 ms bmm2=4.315 ms
DEBUG 04-24 09:59:23.197143.197143 cuda_h.py:27] end fused_group_bmm cost 15.061 ms
DEBUG 04-24 09:59:23.197188.197188 cuda_h.py:27] end cpu_experts_worker_bmm_or_einsum_3 cost 19.364 ms
DEBUG 04-24 09:59:23.197576.197576 cuda_h.py:27] end gather_outputs_group_fused_mp cost 0.409 ms
DEBUG 04-24 09:59:23.197302.197302 mlpmodule.py:3373] [fused_group_bmm][steps] bmm1=8.964 ms split=0.095 ms act_mul=0.384 ms bmm2=4.843 ms
DEBUG 04-24 09:59:23.198838.198838 cuda_h.py:27] end fused_group_bmm cost 14.498 ms
DEBUG 04-24 09:59:23.198463.198463 cuda_h.py:27] end cpu_experts_worker_bmm_or_einsum_1 cost 20.453 ms
DEBUG 04-24 09:59:23.198971.198971 mlpmodule.py:3373] [fused_group_bmm][steps] bmm1=10.032 ms split=0.115 ms act_mul=0.637 ms bmm2=5.068 ms
DEBUG 04-24 09:59:23.198082.198082 cuda_h.py:27] end gather_outputs_group_fused_mp cost 0.408 ms
DEBUG 04-24 09:59:23.198542.198542 cuda_h.py:27] end fused_group_bmm cost 16.129 ms
DEBUG 04-24 09:59:23.199044.199044 cuda_h.py:27] end cpu_experts_worker_bmm_or_einsum_0 cost 21.268 ms
DEBUG 04-24 09:59:23.199643.199643 cuda_h.py:27] end gather_outputs_group_fused_mp cost 0.672 ms
DEBUG 04-24 09:59:23.200551.200551 cuda_h.py:27] end cpu_experts_worker_bmm_or_einsum_2 cost 22.597 ms
DEBUG 04-24 09:59:23.201811.201811 cuda_h.py:27] end cpu_thread_manager_mp_wait_fused cost 23.805 ms
DEBUG 04-24 09:59:23.201014.201014 cuda_h.py:27] end *single cpu experts* cost 25.449 ms
DEBUG 04-24 09:59:23.202241.202241 sllm_store_c.py:27] get device uuid map
DEBUG 04-24 09:59:23.202907.202907 sllm_store_c.py:29] call client load into gpu
DEBUG 04-24 09:59:23.205476.205476 cuda_h.py:27] end load_into_gpu_async_fused_experts_dual cost 2.673 ms
DEBUG 04-24 09:59:23.205851.205851 cuda_h.py:27] end restore_tensors2_fused_experts_packed cost 0.070 ms
DEBUG 04-24 09:59:23.205542.205542 cuda_h.py:27] end restore_tensors2_fused_experts_slices cost 0.300 ms
DEBUG 04-24 09:59:23.205650.205650 cuda_h.py:27] end allocate_experts_cuda_memory_and_restore_model_multi_device_fused cost 4.322 ms
DEBUG 04-24 09:59:23.205690.205690 cuda_h.py:27] end gpu_sexperts cost 0.004 ms
DEBUG 04-24 09:59:23.206665.206665 cuda_h.py:27] end wait_load_qkvogn_s_weight cost 0.018 ms
DEBUG 04-24 09:59:23.218494.218494 cuda_h.py:27] end prepare_per_device_parameters cost 12.522 ms
DEBUG 04-24 09:59:23.222501.222501 cuda_h.py:27] end wait_experts_multi_device cost 3.486 ms
DEBUG 04-24 09:59:23.222152.222152 cuda_h.py:27] end *before fused experts* cost 20.885 ms
DEBUG 04-24 09:59:23.226153.226153 cuda_h.py:27] end gpu_experts_multi_device_fused cost 3.965 ms
DEBUG 04-24 09:59:23.226493.226493 cuda_h.py:27] end *gpu experts* cost 24.965 ms
DEBUG 04-24 09:59:23.226827.226827 cuda_h.py:27] end layer_moe_generate_mp_multi_device_fused_l_11 cost 51.626 ms
DEBUG 04-24 09:59:23.227449.227449 cuda_h.py:27] end *mlp cost 52.996 ms
DEBUG 04-24 09:59:23.227690.227690 cuda_h.py:27] end prefill_layer cost 56.085 ms
DEBUG 04-24 09:59:23.227300.227300 lmp.py:320] -------------------------------- end prefill layer 10 --------------------------------
DEBUG 04-24 09:59:23.227427.227427 lmp.py:273] -------------------------------- start prefill layer 11 --------------------------------
DEBUG 04-24 09:59:23.228330.228330 cuda_h.py:27] end start_load_qkvogn_s_weight_l_12 cost 0.038 ms
DEBUG 04-24 09:59:23.228074.228074 cuda_h.py:27] end allocate_cuda_memory cost 0.174 ms
DEBUG 04-24 09:59:23.228079.228079 sllm_store_c.py:27] get device uuid map
DEBUG 04-24 09:59:23.228346.228346 sllm_store_c.py:29] call client load into gpu
DEBUG 04-24 09:59:23.230377.230377 cuda_h.py:27] end load_into_gpu_async cost 1.588 ms
DEBUG 04-24 09:59:23.230269.230269 cuda_h.py:27] end restore_tensors2 cost 0.080 ms
DEBUG 04-24 09:59:23.230711.230711 cuda_h.py:27] end **self_attn cost 1.676 ms
DEBUG 04-24 09:59:23.230134.230134 cuda_h.py:27] end allocate_cuda_memory_and_load_into_gpu cost 2.399 ms
DEBUG 04-24 09:59:23.230165.230165 cuda_h.py:27] end *iln_self_attn_paln cost 2.834 ms
DEBUG 04-24 09:59:23.231695.231695 cuda_h.py:27] end gate cost 0.489 ms
DEBUG 04-24 09:59:23.231727.231727 cuda_h.py:27] end experts_map_get cost 0.292 ms
DEBUG 04-24 09:59:23.231703.231703 cuda_h.py:27] end *before experts start* cost 0.926 ms
DEBUG 04-24 09:59:23.232324.232324 cuda_h.py:27] end cpu_experts_submit_fused_mp cost 0.145 ms
DEBUG 04-24 09:59:23.234562.234562 cuda_h.py:27] end prepare_group_stack cost 0.435 ms
DEBUG 04-24 09:59:23.235262.235262 cuda_h.py:27] end group stack cost 1.016 ms
DEBUG 04-24 09:59:23.235372.235372 cuda_h.py:27] end move_flatidxs_group_fused_mp cost 1.683 ms
DEBUG 04-24 09:59:23.235808.235808 cuda_h.py:27] end prepare_group_stack cost 0.470 ms
DEBUG 04-24 09:59:23.235937.235937 cuda_h.py:27] end prepare_group_stack cost 0.561 ms
DEBUG 04-24 09:59:23.235005.235005 cuda_h.py:27] end get_fused_experts_names_w cost 0.022 ms
DEBUG 04-24 09:59:23.236073.236073 cuda_h.py:27] end restore_fused_tensors cost 0.593 ms
DEBUG 04-24 09:59:23.236976.236976 cuda_h.py:27] end group_fused_tensors_mp cost 0.742 ms
DEBUG 04-24 09:59:23.236892.236892 cuda_h.py:27] end group stack cost 1.160 ms
DEBUG 04-24 09:59:23.237419.237419 cuda_h.py:27] end group stack cost 1.232 ms
DEBUG 04-24 09:59:23.237693.237693 cuda_h.py:27] end move_flatidxs_group_fused_mp cost 2.021 ms
DEBUG 04-24 09:59:23.237806.237806 cuda_h.py:27] end move_flatidxs_group_fused_mp cost 2.045 ms
DEBUG 04-24 09:59:23.237112.237112 cuda_h.py:27] end get_fused_experts_names_w cost 0.020 ms
DEBUG 04-24 09:59:23.237563.237563 cuda_h.py:27] end get_fused_experts_names_w cost 0.020 ms
DEBUG 04-24 09:59:23.237526.237526 cuda_h.py:27] end prepare_group_stack cost 2.031 ms
DEBUG 04-24 09:59:23.238197.238197 cuda_h.py:27] end restore_fused_tensors cost 0.691 ms
DEBUG 04-24 09:59:23.238350.238350 cuda_h.py:27] end restore_fused_tensors cost 0.727 ms
DEBUG 04-24 09:59:23.238990.238990 cuda_h.py:27] end group_fused_tensors_mp cost 0.911 ms
DEBUG 04-24 09:59:23.238698.238698 cuda_h.py:27] end group_fused_tensors_mp cost 0.891 ms
DEBUG 04-24 09:59:23.239599.239599 cuda_h.py:27] end restore2model cost 1.098 ms
DEBUG 04-24 09:59:23.239429.239429 cuda_h.py:27] end sllm_worker_task cost 11.207 ms
DEBUG 04-24 09:59:23.239328.239328 cuda_h.py:27] end group stack cost 1.981 ms
DEBUG 04-24 09:59:23.239853.239853 cuda_h.py:27] end move_flatidxs_group_fused_mp cost 4.697 ms
DEBUG 04-24 09:59:23.240557.240557 cuda_h.py:27] end get_fused_experts_names_w cost 0.041 ms
DEBUG 04-24 09:59:23.241072.241072 cuda_h.py:27] end restore_fused_tensors cost 0.882 ms
DEBUG 04-24 09:59:23.241055.241055 cuda_h.py:27] end group_fused_tensors_mp cost 1.083 ms
DEBUG 04-24 09:59:23.249155.249155 mlpmodule.py:3373] [fused_group_bmm][steps] bmm1=8.455 ms split=0.152 ms act_mul=0.363 ms bmm2=3.759 ms
DEBUG 04-24 09:59:23.249038.249038 cuda_h.py:27] end fused_group_bmm cost 13.022 ms
DEBUG 04-24 09:59:23.249071.249071 mlpmodule.py:3373] [fused_group_bmm][steps] bmm1=7.362 ms split=0.059 ms act_mul=0.325 ms bmm2=3.384 ms
DEBUG 04-24 09:59:23.249884.249884 cuda_h.py:27] end fused_group_bmm cost 11.297 ms
DEBUG 04-24 09:59:23.250657.250657 cuda_h.py:27] end gather_outputs_group_fused_mp cost 0.319 ms
DEBUG 04-24 09:59:23.250746.250746 cuda_h.py:27] end gather_outputs_group_fused_mp cost 0.504 ms
DEBUG 04-24 09:59:23.250811.250811 mlpmodule.py:3373] [fused_group_bmm][steps] bmm1=7.500 ms split=0.169 ms act_mul=0.515 ms bmm2=3.492 ms
DEBUG 04-24 09:59:23.250232.250232 cuda_h.py:27] end fused_group_bmm cost 12.030 ms
DEBUG 04-24 09:59:23.250964.250964 cuda_h.py:27] end cpu_experts_worker_bmm_or_einsum_3 cost 16.735 ms
DEBUG 04-24 09:59:23.250163.250163 cuda_h.py:27] end cpu_experts_worker_bmm_or_einsum_1 cost 17.730 ms
DEBUG 04-24 09:59:23.251467.251467 mlpmodule.py:3373] [fused_group_bmm][steps] bmm1=6.748 ms split=0.194 ms act_mul=0.651 ms bmm2=2.103 ms
DEBUG 04-24 09:59:23.251060.251060 cuda_h.py:27] end gather_outputs_group_fused_mp cost 0.908 ms
DEBUG 04-24 09:59:23.251936.251936 cuda_h.py:27] end fused_group_bmm cost 9.893 ms
DEBUG 04-24 09:59:23.251799.251799 cuda_h.py:27] end gather_outputs_group_fused_mp cost 0.402 ms
DEBUG 04-24 09:59:23.252077.252077 cuda_h.py:27] end cpu_experts_worker_bmm_or_einsum_2 cost 18.151 ms
DEBUG 04-24 09:59:23.252515.252515 cuda_h.py:27] end cpu_experts_worker_bmm_or_einsum_0 cost 18.275 ms
DEBUG 04-24 09:59:23.253585.253585 cuda_h.py:27] end cpu_thread_manager_mp_wait_fused cost 19.968 ms
DEBUG 04-24 09:59:23.253926.253926 cuda_h.py:27] end *single cpu experts* cost 21.478 ms
DEBUG 04-24 09:59:23.254356.254356 sllm_store_c.py:27] get device uuid map
DEBUG 04-24 09:59:23.254968.254968 sllm_store_c.py:29] call client load into gpu
DEBUG 04-24 09:59:23.256005.256005 cuda_h.py:27] end load_into_gpu_async_fused_experts_dual cost 2.378 ms
DEBUG 04-24 09:59:23.257149.257149 cuda_h.py:27] end restore_tensors2_fused_experts_packed cost 0.073 ms
DEBUG 04-24 09:59:23.257981.257981 cuda_h.py:27] end restore_tensors2_fused_experts_slices cost 0.294 ms
DEBUG 04-24 09:59:23.257521.257521 cuda_h.py:27] end allocate_experts_cuda_memory_and_restore_model_multi_device_fused cost 4.255 ms
DEBUG 04-24 09:59:23.257714.257714 cuda_h.py:27] end gpu_sexperts cost 0.004 ms
DEBUG 04-24 09:59:23.257800.257800 cuda_h.py:27] end wait_load_qkvogn_s_weight cost 0.017 ms
DEBUG 04-24 09:59:23.269507.269507 cuda_h.py:27] end prepare_per_device_parameters cost 11.966 ms
DEBUG 04-24 09:59:23.274986.274986 cuda_h.py:27] end wait_experts_multi_device cost 4.746 ms
DEBUG 04-24 09:59:23.274114.274114 cuda_h.py:27] end *before fused experts* cost 21.378 ms
DEBUG 04-24 09:59:23.278225.278225 cuda_h.py:27] end gpu_experts_multi_device_fused cost 3.870 ms
DEBUG 04-24 09:59:23.278512.278512 cuda_h.py:27] end *gpu experts* cost 25.359 ms
DEBUG 04-24 09:59:23.278554.278554 cuda_h.py:27] end layer_moe_generate_mp_multi_device_fused_l_12 cost 47.901 ms
DEBUG 04-24 09:59:23.280193.280193 cuda_h.py:27] end *mlp cost 49.775 ms
DEBUG 04-24 09:59:23.280070.280070 cuda_h.py:27] end prefill_layer cost 52.824 ms
DEBUG 04-24 09:59:23.280395.280395 lmp.py:320] -------------------------------- end prefill layer 11 --------------------------------
DEBUG 04-24 09:59:23.280489.280489 lmp.py:273] -------------------------------- start prefill layer 12 --------------------------------
DEBUG 04-24 09:59:23.280114.280114 cuda_h.py:27] end start_load_qkvogn_s_weight_l_13 cost 0.046 ms
DEBUG 04-24 09:59:23.281749.281749 cuda_h.py:27] end allocate_cuda_memory cost 0.236 ms
DEBUG 04-24 09:59:23.281501.281501 sllm_store_c.py:27] get device uuid map
DEBUG 04-24 09:59:23.281351.281351 sllm_store_c.py:29] call client load into gpu
DEBUG 04-24 09:59:23.283430.283430 cuda_h.py:27] end **self_attn cost 1.301 ms
DEBUG 04-24 09:59:23.283919.283919 cuda_h.py:27] end load_into_gpu_async cost 1.605 ms
DEBUG 04-24 09:59:23.283024.283024 cuda_h.py:27] end *iln_self_attn_paln cost 2.683 ms
DEBUG 04-24 09:59:23.283579.283579 cuda_h.py:27] end restore_tensors2 cost 0.083 ms
DEBUG 04-24 09:59:23.284006.284006 cuda_h.py:27] end allocate_cuda_memory_and_load_into_gpu cost 3.031 ms
DEBUG 04-24 09:59:23.284989.284989 cuda_h.py:27] end gate cost 0.653 ms
DEBUG 04-24 09:59:23.284465.284465 cuda_h.py:27] end experts_map_get cost 0.264 ms
DEBUG 04-24 09:59:23.284963.284963 cuda_h.py:27] end *before experts start* cost 1.067 ms
DEBUG 04-24 09:59:23.285909.285909 cuda_h.py:27] end cpu_experts_submit_fused_mp cost 0.143 ms
DEBUG 04-24 09:59:23.287712.287712 cuda_h.py:27] end prepare_group_stack cost 0.507 ms
DEBUG 04-24 09:59:23.288713.288713 cuda_h.py:27] end prepare_group_stack cost 0.417 ms
DEBUG 04-24 09:59:23.288138.288138 cuda_h.py:27] end prepare_group_stack cost 0.522 ms
DEBUG 04-24 09:59:23.289250.289250 cuda_h.py:27] end group stack cost 1.297 ms
DEBUG 04-24 09:59:23.289530.289530 cuda_h.py:27] end move_flatidxs_group_fused_mp cost 2.182 ms
DEBUG 04-24 09:59:23.289377.289377 cuda_h.py:27] end get_fused_experts_names_w cost 0.025 ms
DEBUG 04-24 09:59:23.289919.289919 cuda_h.py:27] end group stack cost 1.087 ms
DEBUG 04-24 09:59:23.290261.290261 cuda_h.py:27] end move_flatidxs_group_fused_mp cost 1.759 ms
DEBUG 04-24 09:59:23.290798.290798 cuda_h.py:27] end get_fused_experts_names_w cost 0.021 ms
DEBUG 04-24 09:59:23.290211.290211 cuda_h.py:27] end restore_fused_tensors cost 0.742 ms
DEBUG 04-24 09:59:23.290903.290903 cuda_h.py:27] end group_fused_tensors_mp cost 1.083 ms
DEBUG 04-24 09:59:23.290645.290645 cuda_h.py:27] end group stack cost 1.326 ms
DEBUG 04-24 09:59:23.290734.290734 cuda_h.py:27] end restore_fused_tensors cost 0.603 ms
DEBUG 04-24 09:59:23.290735.290735 cuda_h.py:27] end move_flatidxs_group_fused_mp cost 2.570 ms
DEBUG 04-24 09:59:23.291966.291966 cuda_h.py:27] end group_fused_tensors_mp cost 0.886 ms
DEBUG 04-24 09:59:23.291293.291293 cuda_h.py:27] end get_fused_experts_names_w cost 0.036 ms
DEBUG 04-24 09:59:23.292480.292480 cuda_h.py:27] end restore_fused_tensors cost 0.924 ms
DEBUG 04-24 09:59:23.292854.292854 cuda_h.py:27] end group_fused_tensors_mp cost 1.198 ms
DEBUG 04-24 09:59:23.301246.301246 mlpmodule.py:3373] [fused_group_bmm][steps] bmm1=6.842 ms split=0.121 ms act_mul=0.368 ms bmm2=3.321 ms
DEBUG 04-24 09:59:23.301774.301774 cuda_h.py:27] end fused_group_bmm cost 11.022 ms
DEBUG 04-24 09:59:23.301540.301540 mlpmodule.py:3373] [fused_group_bmm][steps] bmm1=5.403 ms split=0.090 ms act_mul=0.349 ms bmm2=3.543 ms
DEBUG 04-24 09:59:23.302413.302413 cuda_h.py:27] end fused_group_bmm cost 9.764 ms
DEBUG 04-24 09:59:23.302855.302855 cuda_h.py:27] end gather_outputs_group_fused_mp cost 0.568 ms
DEBUG 04-24 09:59:23.302815.302815 mlpmodule.py:3373] [fused_group_bmm][steps] bmm1=6.910 ms split=0.065 ms act_mul=0.326 ms bmm2=3.820 ms
DEBUG 04-24 09:59:23.302815.302815 cuda_h.py:27] end fused_group_bmm cost 11.355 ms
DEBUG 04-24 09:59:23.302179.302179 cuda_h.py:27] end gather_outputs_group_fused_mp cost 0.369 ms
DEBUG 04-24 09:59:23.303325.303325 cuda_h.py:27] end gather_outputs_group_fused_mp cost 0.292 ms
DEBUG 04-24 09:59:23.303912.303912 cuda_h.py:27] end cpu_experts_worker_bmm_or_einsum_1 cost 17.045 ms
DEBUG 04-24 09:59:23.303322.303322 cuda_h.py:27] end cpu_experts_worker_bmm_or_einsum_0 cost 16.333 ms
DEBUG 04-24 09:59:23.303911.303911 cuda_h.py:27] end cpu_experts_worker_bmm_or_einsum_3 cost 16.579 ms
DEBUG 04-24 09:59:23.347608.347608 cuda_h.py:27] end prepare_group_stack cost 13.891 ms
DEBUG 04-24 09:59:23.471233.471233 cuda_h.py:27] end restore2model cost 92.519 ms
DEBUG 04-24 09:59:23.471088.471088 cuda_h.py:27] end sllm_worker_task cost 190.584 ms
DEBUG 04-24 09:59:23.482440.482440 cuda_h.py:27] end group stack cost 134.294 ms
DEBUG 04-24 09:59:23.482166.482166 cuda_h.py:27] end move_flatidxs_group_fused_mp cost 148.462 ms
DEBUG 04-24 09:59:23.482267.482267 cuda_h.py:27] end get_fused_experts_names_w cost 0.027 ms
DEBUG 04-24 09:59:23.482880.482880 cuda_h.py:27] end restore_fused_tensors cost 0.454 ms
DEBUG 04-24 09:59:23.482332.482332 cuda_h.py:27] end group_fused_tensors_mp cost 0.569 ms
DEBUG 04-24 09:59:23.489145.489145 mlpmodule.py:3373] [fused_group_bmm][steps] bmm1=3.918 ms split=0.088 ms act_mul=0.286 ms bmm2=2.249 ms
DEBUG 04-24 09:59:23.489919.489919 cuda_h.py:27] end fused_group_bmm cost 6.754 ms
DEBUG 04-24 09:59:23.490590.490590 cuda_h.py:27] end gather_outputs_group_fused_mp cost 0.412 ms
DEBUG 04-24 09:59:23.490680.490680 cuda_h.py:27] end cpu_experts_worker_bmm_or_einsum_2 cost 202.760 ms
DEBUG 04-24 09:59:23.492863.492863 cuda_h.py:27] end cpu_thread_manager_mp_wait_fused cost 206.566 ms
DEBUG 04-24 09:59:23.493697.493697 cuda_h.py:27] end *single cpu experts* cost 208.190 ms
DEBUG 04-24 09:59:23.494726.494726 sllm_store_c.py:27] get device uuid map
DEBUG 04-24 09:59:23.495268.495268 sllm_store_c.py:29] call client load into gpu
DEBUG 04-24 09:59:23.499308.499308 cuda_h.py:27] end load_into_gpu_async_fused_experts_dual cost 4.156 ms
DEBUG 04-24 09:59:23.499390.499390 cuda_h.py:27] end restore_tensors2_fused_experts_packed cost 0.130 ms
DEBUG 04-24 09:59:23.500932.500932 cuda_h.py:27] end restore_tensors2_fused_experts_slices cost 0.608 ms
DEBUG 04-24 09:59:23.500361.500361 cuda_h.py:27] end allocate_experts_cuda_memory_and_restore_model_multi_device_fused cost 7.477 ms
DEBUG 04-24 09:59:23.501533.501533 cuda_h.py:27] end gpu_sexperts cost 0.008 ms
DEBUG 04-24 09:59:23.501828.501828 cuda_h.py:27] end wait_load_qkvogn_s_weight cost 0.027 ms
DEBUG 04-24 09:59:23.515805.515805 cuda_h.py:27] end prepare_per_device_parameters cost 13.991 ms
DEBUG 04-24 09:59:23.517257.517257 cuda_h.py:27] end wait_experts_multi_device cost 1.988 ms
DEBUG 04-24 09:59:23.517723.517723 cuda_h.py:27] end *before fused experts* cost 24.231 ms
DEBUG 04-24 09:59:23.521049.521049 cuda_h.py:27] end gpu_experts_multi_device_fused cost 3.959 ms
DEBUG 04-24 09:59:23.521283.521283 cuda_h.py:27] end *gpu experts* cost 28.298 ms
DEBUG 04-24 09:59:23.521749.521749 cuda_h.py:27] end layer_moe_generate_mp_multi_device_fused_l_13 cost 237.742 ms
DEBUG 04-24 09:59:23.523925.523925 cuda_h.py:27] end *mlp cost 239.239 ms
DEBUG 04-24 09:59:23.523683.523683 cuda_h.py:27] end prefill_layer cost 242.347 ms
DEBUG 04-24 09:59:23.523532.523532 lmp.py:320] -------------------------------- end prefill layer 12 --------------------------------
DEBUG 04-24 09:59:23.523943.523943 lmp.py:273] -------------------------------- start prefill layer 13 --------------------------------
DEBUG 04-24 09:59:23.523608.523608 cuda_h.py:27] end start_load_qkvogn_s_weight_l_14 cost 0.038 ms
DEBUG 04-24 09:59:23.523687.523687 cuda_h.py:27] end allocate_cuda_memory cost 0.395 ms
DEBUG 04-24 09:59:23.524826.524826 sllm_store_c.py:27] get device uuid map
DEBUG 04-24 09:59:23.524329.524329 sllm_store_c.py:29] call client load into gpu
DEBUG 04-24 09:59:23.525735.525735 cuda_h.py:27] end **self_attn cost 1.601 ms
DEBUG 04-24 09:59:23.526133.526133 cuda_h.py:27] end *iln_self_attn_paln cost 2.888 ms
DEBUG 04-24 09:59:23.526311.526311 cuda_h.py:27] end gate cost 0.503 ms
DEBUG 04-24 09:59:23.527754.527754 cuda_h.py:27] end experts_map_get cost 0.277 ms
DEBUG 04-24 09:59:23.527684.527684 cuda_h.py:27] end *before experts start* cost 0.963 ms
DEBUG 04-24 09:59:23.527651.527651 cuda_h.py:27] end cpu_experts_submit_fused_mp cost 0.152 ms
DEBUG 04-24 09:59:23.527027.527027 cuda_h.py:27] end load_into_gpu_async cost 3.615 ms
DEBUG 04-24 09:59:23.529688.529688 cuda_h.py:27] end restore_tensors2 cost 0.179 ms
DEBUG 04-24 09:59:23.529189.529189 cuda_h.py:27] end allocate_cuda_memory_and_load_into_gpu cost 6.565 ms
DEBUG 04-24 09:59:23.531318.531318 cuda_h.py:27] end prepare_group_stack cost 0.724 ms
DEBUG 04-24 09:59:23.531359.531359 cuda_h.py:27] end prepare_group_stack cost 0.712 ms
DEBUG 04-24 09:59:23.533989.533989 cuda_h.py:27] end group stack cost 1.607 ms
DEBUG 04-24 09:59:23.533936.533936 cuda_h.py:27] end prepare_group_stack cost 0.608 ms
DEBUG 04-24 09:59:23.533936.533936 cuda_h.py:27] end move_flatidxs_group_fused_mp cost 2.755 ms
DEBUG 04-24 09:59:23.533990.533990 cuda_h.py:27] end group stack cost 1.881 ms
DEBUG 04-24 09:59:23.533610.533610 cuda_h.py:27] end get_fused_experts_names_w cost 0.036 ms
DEBUG 04-24 09:59:23.533137.533137 cuda_h.py:27] end move_flatidxs_group_fused_mp cost 3.259 ms
DEBUG 04-24 09:59:23.534911.534911 cuda_h.py:27] end get_fused_experts_names_w cost 0.037 ms
DEBUG 04-24 09:59:23.534787.534787 cuda_h.py:27] end restore_fused_tensors cost 1.047 ms
DEBUG 04-24 09:59:23.534989.534989 cuda_h.py:27] end group_fused_tensors_mp cost 1.479 ms
DEBUG 04-24 09:59:23.535658.535658 cuda_h.py:27] end group stack cost 1.767 ms
DEBUG 04-24 09:59:23.535986.535986 cuda_h.py:27] end move_flatidxs_group_fused_mp cost 2.927 ms
DEBUG 04-24 09:59:23.535073.535073 cuda_h.py:27] end restore_fused_tensors cost 1.174 ms
DEBUG 04-24 09:59:23.535699.535699 cuda_h.py:27] end group_fused_tensors_mp cost 1.435 ms
DEBUG 04-24 09:59:23.535157.535157 cuda_h.py:27] end get_fused_experts_names_w cost 0.032 ms
DEBUG 04-24 09:59:23.535284.535284 cuda_h.py:27] end prepare_group_stack cost 4.261 ms
DEBUG 04-24 09:59:23.535959.535959 cuda_h.py:27] end restore2model cost 0.645 ms
DEBUG 04-24 09:59:23.536242.536242 cuda_h.py:27] end sllm_worker_task cost 12.901 ms
DEBUG 04-24 09:59:23.537895.537895 cuda_h.py:27] end restore_fused_tensors cost 1.173 ms
DEBUG 04-24 09:59:23.537020.537020 cuda_h.py:27] end group_fused_tensors_mp cost 1.691 ms
DEBUG 04-24 09:59:23.547117.547117 mlpmodule.py:3373] [fused_group_bmm][steps] bmm1=7.510 ms split=0.129 ms act_mul=0.695 ms bmm2=4.158 ms
DEBUG 04-24 09:59:23.547973.547973 cuda_h.py:27] end fused_group_bmm cost 12.788 ms
DEBUG 04-24 09:59:23.548424.548424 mlpmodule.py:3373] [fused_group_bmm][steps] bmm1=8.026 ms split=0.127 ms act_mul=0.476 ms bmm2=3.666 ms
DEBUG 04-24 09:59:23.548264.548264 cuda_h.py:27] end gather_outputs_group_fused_mp cost 0.514 ms
DEBUG 04-24 09:59:23.548141.548141 cuda_h.py:27] end fused_group_bmm cost 12.574 ms
DEBUG 04-24 09:59:23.548751.548751 mlpmodule.py:3373] [fused_group_bmm][steps] bmm1=7.466 ms split=0.071 ms act_mul=0.339 ms bmm2=3.235 ms
DEBUG 04-24 09:59:23.548569.548569 cuda_h.py:27] end fused_group_bmm cost 11.420 ms
DEBUG 04-24 09:59:23.548181.548181 cuda_h.py:27] end cpu_experts_worker_bmm_or_einsum_2 cost 19.236 ms
DEBUG 04-24 09:59:23.549226.549226 cuda_h.py:27] end gather_outputs_group_fused_mp cost 0.487 ms
DEBUG 04-24 09:59:23.549827.549827 cuda_h.py:27] end gather_outputs_group_fused_mp cost 0.348 ms
DEBUG 04-24 09:59:23.549037.549037 cuda_h.py:27] end cpu_experts_worker_bmm_or_einsum_1 cost 19.948 ms
DEBUG 04-24 09:59:23.549896.549896 cuda_h.py:27] end cpu_experts_worker_bmm_or_einsum_3 cost 18.287 ms
DEBUG 04-24 09:59:23.817987.817987 cuda_h.py:27] end group stack cost 281.862 ms
DEBUG 04-24 09:59:23.818866.818866 cuda_h.py:27] end move_flatidxs_group_fused_mp cost 286.558 ms
DEBUG 04-24 09:59:23.818507.818507 cuda_h.py:27] end get_fused_experts_names_w cost 0.021 ms
DEBUG 04-24 09:59:23.818378.818378 cuda_h.py:27] end restore_fused_tensors cost 0.467 ms
DEBUG 04-24 09:59:23.818360.818360 cuda_h.py:27] end group_fused_tensors_mp cost 0.584 ms
DEBUG 04-24 09:59:23.825219.825219 mlpmodule.py:3373] [fused_group_bmm][steps] bmm1=4.274 ms split=0.073 ms act_mul=0.334 ms bmm2=2.249 ms
DEBUG 04-24 09:59:23.826959.826959 cuda_h.py:27] end fused_group_bmm cost 7.112 ms
DEBUG 04-24 09:59:23.826906.826906 cuda_h.py:27] end gather_outputs_group_fused_mp cost 0.344 ms
DEBUG 04-24 09:59:23.826833.826833 cuda_h.py:27] end cpu_experts_worker_bmm_or_einsum_0 cost 296.405 ms
DEBUG 04-24 09:59:23.829509.829509 cuda_h.py:27] end cpu_thread_manager_mp_wait_fused cost 299.308 ms
DEBUG 04-24 09:59:23.829046.829046 cuda_h.py:27] end *single cpu experts* cost 302.292 ms
DEBUG 04-24 09:59:23.831203.831203 sllm_store_c.py:27] get device uuid map
DEBUG 04-24 09:59:23.832275.832275 sllm_store_c.py:29] call client load into gpu
DEBUG 04-24 09:59:23.836629.836629 cuda_h.py:27] end load_into_gpu_async_fused_experts_dual cost 4.215 ms
DEBUG 04-24 09:59:23.836400.836400 cuda_h.py:27] end restore_tensors2_fused_experts_packed cost 0.130 ms
DEBUG 04-24 09:59:23.837902.837902 cuda_h.py:27] end restore_tensors2_fused_experts_slices cost 0.617 ms
DEBUG 04-24 09:59:23.837755.837755 cuda_h.py:27] end allocate_experts_cuda_memory_and_restore_model_multi_device_fused cost 7.226 ms
DEBUG 04-24 09:59:23.837225.837225 cuda_h.py:27] end gpu_sexperts cost 0.008 ms
DEBUG 04-24 09:59:23.837782.837782 cuda_h.py:27] end wait_load_qkvogn_s_weight cost 0.031 ms
DEBUG 04-24 09:59:23.851559.851559 cuda_h.py:27] end prepare_per_device_parameters cost 14.140 ms
DEBUG 04-24 09:59:23.856828.856828 cuda_h.py:27] end wait_experts_multi_device cost 4.593 ms
DEBUG 04-24 09:59:23.856002.856002 cuda_h.py:27] end *before fused experts* cost 26.669 ms
DEBUG 04-24 09:59:23.860224.860224 cuda_h.py:27] end gpu_experts_multi_device_fused cost 4.021 ms
DEBUG 04-24 09:59:23.860862.860862 cuda_h.py:27] end *gpu experts* cost 30.816 ms
DEBUG 04-24 09:59:23.860733.860733 cuda_h.py:27] end layer_moe_generate_mp_multi_device_fused_l_14 cost 334.496 ms
DEBUG 04-24 09:59:23.862773.862773 cuda_h.py:27] end *mlp cost 335.894 ms
DEBUG 04-24 09:59:23.862451.862451 cuda_h.py:27] end prefill_layer cost 339.137 ms
DEBUG 04-24 09:59:23.862869.862869 lmp.py:320] -------------------------------- end prefill layer 13 --------------------------------
DEBUG 04-24 09:59:23.862280.862280 lmp.py:273] -------------------------------- start prefill layer 14 --------------------------------
DEBUG 04-24 09:59:23.862415.862415 cuda_h.py:27] end start_load_qkvogn_s_weight_l_15 cost 0.036 ms
DEBUG 04-24 09:59:23.863121.863121 cuda_h.py:27] end allocate_cuda_memory cost 0.327 ms
DEBUG 04-24 09:59:23.863541.863541 sllm_store_c.py:27] get device uuid map
DEBUG 04-24 09:59:23.863184.863184 sllm_store_c.py:29] call client load into gpu
DEBUG 04-24 09:59:23.865013.865013 cuda_h.py:27] end **self_attn cost 1.473 ms
DEBUG 04-24 09:59:23.865325.865325 cuda_h.py:27] end *iln_self_attn_paln cost 2.887 ms
DEBUG 04-24 09:59:23.865260.865260 cuda_h.py:27] end load_into_gpu_async cost 2.665 ms
DEBUG 04-24 09:59:23.866555.866555 cuda_h.py:27] end restore_tensors2 cost 0.166 ms
DEBUG 04-24 09:59:23.866427.866427 cuda_h.py:27] end allocate_cuda_memory_and_load_into_gpu cost 3.792 ms
DEBUG 04-24 09:59:23.866951.866951 cuda_h.py:27] end gate cost 1.147 ms
DEBUG 04-24 09:59:23.867261.867261 cuda_h.py:27] end experts_map_get cost 0.296 ms
DEBUG 04-24 09:59:23.867382.867382 cuda_h.py:27] end *before experts start* cost 1.760 ms
DEBUG 04-24 09:59:23.867043.867043 cuda_h.py:27] end cpu_experts_submit_fused_mp cost 0.144 ms
DEBUG 04-24 09:59:23.870993.870993 cuda_h.py:27] end prepare_group_stack cost 0.683 ms
DEBUG 04-24 09:59:23.871656.871656 cuda_h.py:27] end prepare_group_stack cost 0.506 ms
DEBUG 04-24 09:59:23.871812.871812 cuda_h.py:27] end prepare_group_stack cost 0.674 ms
DEBUG 04-24 09:59:23.872401.872401 cuda_h.py:27] end group stack cost 1.891 ms
DEBUG 04-24 09:59:23.873102.873102 cuda_h.py:27] end group stack cost 1.318 ms
DEBUG 04-24 09:59:23.873581.873581 cuda_h.py:27] end move_flatidxs_group_fused_mp cost 3.048 ms
DEBUG 04-24 09:59:23.873230.873230 cuda_h.py:27] end move_flatidxs_group_fused_mp cost 2.291 ms
DEBUG 04-24 09:59:23.873059.873059 cuda_h.py:27] end get_fused_experts_names_w cost 0.039 ms
DEBUG 04-24 09:59:23.873598.873598 cuda_h.py:27] end get_fused_experts_names_w cost 0.027 ms
DEBUG 04-24 09:59:23.874611.874611 cuda_h.py:27] end group stack cost 1.887 ms
DEBUG 04-24 09:59:23.874983.874983 cuda_h.py:27] end move_flatidxs_group_fused_mp cost 3.262 ms
DEBUG 04-24 09:59:23.874067.874067 cuda_h.py:27] end restore_fused_tensors cost 0.863 ms
DEBUG 04-24 09:59:23.874100.874100 cuda_h.py:27] end get_fused_experts_names_w cost 0.033 ms
DEBUG 04-24 09:59:23.874666.874666 cuda_h.py:27] end group_fused_tensors_mp cost 1.275 ms
DEBUG 04-24 09:59:23.874573.874573 cuda_h.py:27] end restore_fused_tensors cost 1.243 ms
DEBUG 04-24 09:59:23.875429.875429 cuda_h.py:27] end group_fused_tensors_mp cost 1.792 ms
DEBUG 04-24 09:59:23.875189.875189 cuda_h.py:27] end restore2model cost 1.130 ms
DEBUG 04-24 09:59:23.875571.875571 cuda_h.py:27] end sllm_worker_task cost 12.860 ms
DEBUG 04-24 09:59:23.875985.875985 cuda_h.py:27] end prepare_group_stack cost 5.855 ms
DEBUG 04-24 09:59:23.876265.876265 cuda_h.py:27] end restore_fused_tensors cost 1.047 ms
DEBUG 04-24 09:59:23.876747.876747 cuda_h.py:27] end group_fused_tensors_mp cost 1.532 ms
DEBUG 04-24 09:59:23.877853.877853 cuda_h.py:27] end group stack cost 1.575 ms
DEBUG 04-24 09:59:23.878902.878902 cuda_h.py:27] end move_flatidxs_group_fused_mp cost 7.969 ms
DEBUG 04-24 09:59:23.878089.878089 cuda_h.py:27] end get_fused_experts_names_w cost 0.039 ms
DEBUG 04-24 09:59:23.879794.879794 cuda_h.py:27] end restore_fused_tensors cost 0.798 ms
DEBUG 04-24 09:59:23.879277.879277 cuda_h.py:27] end group_fused_tensors_mp cost 1.315 ms
DEBUG 04-24 09:59:23.886944.886944 mlpmodule.py:3373] [fused_group_bmm][steps] bmm1=4.195 ms split=0.103 ms act_mul=0.437 ms bmm2=6.708 ms
DEBUG 04-24 09:59:23.886593.886593 cuda_h.py:27] end fused_group_bmm cost 11.669 ms
DEBUG 04-24 09:59:23.887331.887331 cuda_h.py:27] end gather_outputs_group_fused_mp cost 0.455 ms
DEBUG 04-24 09:59:23.887016.887016 cuda_h.py:27] end cpu_experts_worker_bmm_or_einsum_0 cost 17.735 ms
DEBUG 04-24 09:59:23.891346.891346 mlpmodule.py:3373] [fused_group_bmm][steps] bmm1=7.245 ms split=0.100 ms act_mul=0.544 ms bmm2=3.278 ms
DEBUG 04-24 09:59:23.891691.891691 cuda_h.py:27] end fused_group_bmm cost 11.416 ms
DEBUG 04-24 09:59:23.891084.891084 mlpmodule.py:3373] [fused_group_bmm][steps] bmm1=10.098 ms split=0.067 ms act_mul=0.392 ms bmm2=4.526 ms
DEBUG 04-24 09:59:23.891723.891723 mlpmodule.py:3373] [fused_group_bmm][steps] bmm1=10.856 ms split=0.107 ms act_mul=0.390 ms bmm2=4.683 ms
DEBUG 04-24 09:59:23.891110.891110 cuda_h.py:27] end fused_group_bmm cost 15.306 ms
DEBUG 04-24 09:59:23.891775.891775 cuda_h.py:27] end fused_group_bmm cost 16.263 ms
DEBUG 04-24 09:59:23.892126.892126 cuda_h.py:27] end gather_outputs_group_fused_mp cost 0.466 ms
DEBUG 04-24 09:59:23.892919.892919 cuda_h.py:27] end gather_outputs_group_fused_mp cost 0.352 ms
DEBUG 04-24 09:59:23.892128.892128 cuda_h.py:27] end gather_outputs_group_fused_mp cost 0.420 ms
DEBUG 04-24 09:59:23.892592.892592 cuda_h.py:27] end cpu_experts_worker_bmm_or_einsum_1 cost 23.391 ms
DEBUG 04-24 09:59:23.892217.892217 cuda_h.py:27] end cpu_experts_worker_bmm_or_einsum_2 cost 23.525 ms
DEBUG 04-24 09:59:23.892718.892718 cuda_h.py:27] end cpu_experts_worker_bmm_or_einsum_3 cost 22.630 ms
DEBUG 04-24 09:59:23.894229.894229 cuda_h.py:27] end cpu_thread_manager_mp_wait_fused cost 24.996 ms
DEBUG 04-24 09:59:23.894815.894815 cuda_h.py:27] end *single cpu experts* cost 27.150 ms
DEBUG 04-24 09:59:23.895871.895871 sllm_store_c.py:27] get device uuid map
DEBUG 04-24 09:59:23.895344.895344 sllm_store_c.py:29] call client load into gpu
DEBUG 04-24 09:59:23.898101.898101 cuda_h.py:27] end load_into_gpu_async_fused_experts_dual cost 2.737 ms
DEBUG 04-24 09:59:23.898199.898199 cuda_h.py:27] end restore_tensors2_fused_experts_packed cost 0.073 ms
DEBUG 04-24 09:59:23.898829.898829 cuda_h.py:27] end restore_tensors2_fused_experts_slices cost 0.293 ms
DEBUG 04-24 09:59:23.898322.898322 cuda_h.py:27] end allocate_experts_cuda_memory_and_restore_model_multi_device_fused cost 4.401 ms
DEBUG 04-24 09:59:23.899131.899131 cuda_h.py:27] end gpu_sexperts cost 0.005 ms
DEBUG 04-24 09:59:23.899107.899107 cuda_h.py:27] end wait_load_qkvogn_s_weight cost 0.018 ms
DEBUG 04-24 09:59:23.909664.909664 cuda_h.py:27] end prepare_per_device_parameters cost 10.187 ms
DEBUG 04-24 09:59:23.917505.917505 cuda_h.py:27] end wait_experts_multi_device cost 7.647 ms
DEBUG 04-24 09:59:23.917441.917441 cuda_h.py:27] end *before fused experts* cost 22.790 ms
DEBUG 04-24 09:59:23.921002.921002 cuda_h.py:27] end gpu_experts_multi_device_fused cost 4.271 ms
DEBUG 04-24 09:59:23.921541.921541 cuda_h.py:27] end *gpu experts* cost 27.183 ms
DEBUG 04-24 09:59:23.921166.921166 cuda_h.py:27] end layer_moe_generate_mp_multi_device_fused_l_15 cost 56.235 ms
DEBUG 04-24 09:59:23.923940.923940 cuda_h.py:27] end *mlp cost 57.575 ms
DEBUG 04-24 09:59:23.923884.923884 cuda_h.py:27] end prefill_layer cost 60.729 ms
DEBUG 04-24 09:59:23.923885.923885 lmp.py:320] -------------------------------- end prefill layer 14 --------------------------------
DEBUG 04-24 09:59:23.923977.923977 lmp.py:273] -------------------------------- start prefill layer 15 --------------------------------
DEBUG 04-24 09:59:23.923516.923516 cuda_h.py:27] end start_load_qkvogn_s_weight_l_16 cost 0.042 ms
DEBUG 04-24 09:59:23.923547.923547 cuda_h.py:27] end allocate_cuda_memory cost 0.212 ms
DEBUG 04-24 09:59:23.923791.923791 sllm_store_c.py:27] get device uuid map
DEBUG 04-24 09:59:23.924333.924333 sllm_store_c.py:29] call client load into gpu
DEBUG 04-24 09:59:23.925362.925362 cuda_h.py:27] end load_into_gpu_async cost 1.612 ms
DEBUG 04-24 09:59:23.925964.925964 cuda_h.py:27] end restore_tensors2 cost 0.095 ms
DEBUG 04-24 09:59:23.926714.926714 cuda_h.py:27] end allocate_cuda_memory_and_load_into_gpu cost 2.490 ms
DEBUG 04-24 09:59:23.926266.926266 cuda_h.py:27] end **self_attn cost 1.814 ms
DEBUG 04-24 09:59:23.926451.926451 cuda_h.py:27] end *iln_self_attn_paln cost 3.262 ms
DEBUG 04-24 09:59:23.927228.927228 cuda_h.py:27] end gate cost 0.562 ms
DEBUG 04-24 09:59:23.927753.927753 cuda_h.py:27] end experts_map_get cost 0.359 ms
DEBUG 04-24 09:59:23.927027.927027 cuda_h.py:27] end *before experts start* cost 1.092 ms
DEBUG 04-24 09:59:23.928345.928345 cuda_h.py:27] end cpu_experts_submit_fused_mp cost 0.165 ms
DEBUG 04-24 09:59:23.930520.930520 cuda_h.py:27] end prepare_group_stack cost 0.523 ms
DEBUG 04-24 09:59:23.931097.931097 cuda_h.py:27] end prepare_group_stack cost 0.480 ms
DEBUG 04-24 09:59:23.931865.931865 cuda_h.py:27] end prepare_group_stack cost 0.570 ms
DEBUG 04-24 09:59:23.931487.931487 cuda_h.py:27] end prepare_group_stack cost 0.600 ms
DEBUG 04-24 09:59:23.932022.932022 cuda_h.py:27] end group stack cost 1.394 ms
DEBUG 04-24 09:59:23.932339.932339 cuda_h.py:27] end move_flatidxs_group_fused_mp cost 2.287 ms
DEBUG 04-24 09:59:23.932471.932471 cuda_h.py:27] end get_fused_experts_names_w cost 0.027 ms
DEBUG 04-24 09:59:23.932384.932384 cuda_h.py:27] end group stack cost 1.030 ms
DEBUG 04-24 09:59:23.933355.933355 cuda_h.py:27] end move_flatidxs_group_fused_mp cost 1.898 ms
DEBUG 04-24 09:59:23.933371.933371 cuda_h.py:27] end group stack cost 1.137 ms
DEBUG 04-24 09:59:23.933965.933965 cuda_h.py:27] end get_fused_experts_names_w cost 0.021 ms
DEBUG 04-24 09:59:23.933727.933727 cuda_h.py:27] end move_flatidxs_group_fused_mp cost 2.040 ms
DEBUG 04-24 09:59:23.933884.933884 cuda_h.py:27] end group stack cost 1.075 ms
DEBUG 04-24 09:59:23.933171.933171 cuda_h.py:27] end get_fused_experts_names_w cost 0.026 ms
DEBUG 04-24 09:59:23.933536.933536 cuda_h.py:27] end restore_fused_tensors cost 0.781 ms
DEBUG 04-24 09:59:23.933477.933477 cuda_h.py:27] end move_flatidxs_group_fused_mp cost 2.312 ms
DEBUG 04-24 09:59:23.933256.933256 cuda_h.py:27] end restore2model cost 0.598 ms
DEBUG 04-24 09:59:23.933244.933244 cuda_h.py:27] end group_fused_tensors_mp cost 1.163 ms
DEBUG 04-24 09:59:23.933529.933529 cuda_h.py:27] end sllm_worker_task cost 10.224 ms
DEBUG 04-24 09:59:23.933430.933430 cuda_h.py:27] end get_fused_experts_names_w cost 0.025 ms
DEBUG 04-24 09:59:23.933589.933589 cuda_h.py:27] end restore_fused_tensors cost 0.589 ms
DEBUG 04-24 09:59:23.933200.933200 cuda_h.py:27] end group_fused_tensors_mp cost 0.725 ms
DEBUG 04-24 09:59:23.934470.934470 cuda_h.py:27] end restore_fused_tensors cost 0.753 ms
DEBUG 04-24 09:59:23.934963.934963 cuda_h.py:27] end group_fused_tensors_mp cost 0.930 ms
DEBUG 04-24 09:59:23.934423.934423 cuda_h.py:27] end restore_fused_tensors cost 0.707 ms
DEBUG 04-24 09:59:23.934925.934925 cuda_h.py:27] end group_fused_tensors_mp cost 0.954 ms
DEBUG 04-24 09:59:23.945289.945289 mlpmodule.py:3373] [fused_group_bmm][steps] bmm1=7.611 ms split=0.136 ms act_mul=0.312 ms bmm2=2.768 ms
DEBUG 04-24 09:59:23.945575.945575 cuda_h.py:27] end fused_group_bmm cost 11.267 ms
DEBUG 04-24 09:59:23.946859.946859 cuda_h.py:27] end gather_outputs_group_fused_mp cost 0.675 ms
DEBUG 04-24 09:59:23.946998.946998 mlpmodule.py:3373] [fused_group_bmm][steps] bmm1=8.133 ms split=0.084 ms act_mul=0.580 ms bmm2=3.846 ms
DEBUG 04-24 09:59:23.946521.946521 mlpmodule.py:3373] [fused_group_bmm][steps] bmm1=7.308 ms split=0.117 ms act_mul=0.487 ms bmm2=3.763 ms
DEBUG 04-24 09:59:23.946211.946211 cuda_h.py:27] end fused_group_bmm cost 12.904 ms
DEBUG 04-24 09:59:23.946113.946113 cuda_h.py:27] end fused_group_bmm cost 11.973 ms
DEBUG 04-24 09:59:23.946920.946920 cuda_h.py:27] end cpu_experts_worker_bmm_or_einsum_3 cost 16.967 ms
DEBUG 04-24 09:59:23.946469.946469 mlpmodule.py:3373] [fused_group_bmm][steps] bmm1=7.672 ms split=0.071 ms act_mul=0.660 ms bmm2=3.778 ms
DEBUG 04-24 09:59:23.947105.947105 cuda_h.py:27] end fused_group_bmm cost 12.390 ms
DEBUG 04-24 09:59:23.947593.947593 cuda_h.py:27] end gather_outputs_group_fused_mp cost 0.362 ms
DEBUG 04-24 09:59:23.947583.947583 cuda_h.py:27] end gather_outputs_group_fused_mp cost 0.450 ms
DEBUG 04-24 09:59:23.947785.947785 cuda_h.py:27] end gather_outputs_group_fused_mp cost 0.363 ms
DEBUG 04-24 09:59:23.947038.947038 cuda_h.py:27] end cpu_experts_worker_bmm_or_einsum_2 cost 17.659 ms
DEBUG 04-24 09:59:23.947396.947396 cuda_h.py:27] end cpu_experts_worker_bmm_or_einsum_0 cost 18.562 ms
DEBUG 04-24 09:59:23.948345.948345 cuda_h.py:27] end cpu_experts_worker_bmm_or_einsum_1 cost 18.177 ms
DEBUG 04-24 09:59:23.949120.949120 cuda_h.py:27] end cpu_thread_manager_mp_wait_fused cost 19.760 ms
DEBUG 04-24 09:59:23.949468.949468 cuda_h.py:27] end *single cpu experts* cost 21.462 ms
DEBUG 04-24 09:59:23.950543.950543 sllm_store_c.py:27] get device uuid map
DEBUG 04-24 09:59:23.950785.950785 sllm_store_c.py:29] call client load into gpu
DEBUG 04-24 09:59:23.952055.952055 cuda_h.py:27] end load_into_gpu_async_fused_experts_dual cost 2.629 ms
DEBUG 04-24 09:59:23.953821.953821 cuda_h.py:27] end restore_tensors2_fused_experts_packed cost 0.073 ms
DEBUG 04-24 09:59:23.953744.953744 cuda_h.py:27] end restore_tensors2_fused_experts_slices cost 0.275 ms
DEBUG 04-24 09:59:23.953760.953760 cuda_h.py:27] end allocate_experts_cuda_memory_and_restore_model_multi_device_fused cost 4.313 ms
DEBUG 04-24 09:59:23.953828.953828 cuda_h.py:27] end gpu_sexperts cost 0.004 ms
DEBUG 04-24 09:59:23.953373.953373 cuda_h.py:27] end wait_load_qkvogn_s_weight cost 0.017 ms
DEBUG 04-24 09:59:23.960047.960047 cuda_h.py:27] end prepare_per_device_parameters cost 6.072 ms
DEBUG 04-24 09:59:23.972672.972672 cuda_h.py:27] end wait_experts_multi_device cost 11.653 ms
DEBUG 04-24 09:59:23.972959.972959 cuda_h.py:27] end *before fused experts* cost 22.724 ms
DEBUG 04-24 09:59:23.977782.977782 cuda_h.py:27] end gpu_experts_multi_device_fused cost 5.335 ms
DEBUG 04-24 09:59:23.977990.977990 cuda_h.py:27] end *gpu experts* cost 28.190 ms
DEBUG 04-24 09:59:23.977098.977098 cuda_h.py:27] end layer_moe_generate_mp_multi_device_fused_l_16 cost 50.898 ms
DEBUG 04-24 09:59:23.979638.979638 cuda_h.py:27] end *mlp cost 52.382 ms
DEBUG 04-24 09:59:23.979675.979675 cuda_h.py:27] end prefill_layer cost 55.849 ms
DEBUG 04-24 09:59:23.979345.979345 lmp.py:320] -------------------------------- end prefill layer 15 --------------------------------
DEBUG 04-24 09:59:23.979101.979101 lmp.py:273] -------------------------------- start prefill layer 16 --------------------------------
DEBUG 04-24 09:59:23.979448.979448 cuda_h.py:27] end start_load_qkvogn_s_weight_l_17 cost 0.042 ms
DEBUG 04-24 09:59:23.979160.979160 cuda_h.py:27] end allocate_cuda_memory cost 0.193 ms
DEBUG 04-24 09:59:23.980540.980540 sllm_store_c.py:27] get device uuid map
DEBUG 04-24 09:59:23.980920.980920 sllm_store_c.py:29] call client load into gpu
DEBUG 04-24 09:59:23.981417.981417 cuda_h.py:27] end **self_attn cost 1.589 ms
DEBUG 04-24 09:59:23.981339.981339 cuda_h.py:27] end *iln_self_attn_paln cost 2.531 ms
DEBUG 04-24 09:59:23.981913.981913 cuda_h.py:27] end load_into_gpu_async cost 1.850 ms
DEBUG 04-24 09:59:23.982253.982253 cuda_h.py:27] end restore_tensors2 cost 0.092 ms
DEBUG 04-24 09:59:23.982003.982003 cuda_h.py:27] end allocate_cuda_memory_and_load_into_gpu cost 3.250 ms
DEBUG 04-24 09:59:23.983042.983042 cuda_h.py:27] end gate cost 0.790 ms
DEBUG 04-24 09:59:23.983644.983644 cuda_h.py:27] end experts_map_get cost 0.286 ms
DEBUG 04-24 09:59:23.983288.983288 cuda_h.py:27] end *before experts start* cost 1.228 ms
DEBUG 04-24 09:59:23.983479.983479 cuda_h.py:27] end cpu_experts_submit_fused_mp cost 0.148 ms
DEBUG 04-24 09:59:23.986341.986341 cuda_h.py:27] end prepare_group_stack cost 0.514 ms
DEBUG 04-24 09:59:23.987226.987226 cuda_h.py:27] end prepare_group_stack cost 0.705 ms
DEBUG 04-24 09:59:23.987915.987915 cuda_h.py:27] end prepare_group_stack cost 0.480 ms
DEBUG 04-24 09:59:23.987532.987532 cuda_h.py:27] end prepare_group_stack cost 0.701 ms
DEBUG 04-24 09:59:23.988949.988949 cuda_h.py:27] end group stack cost 1.416 ms
DEBUG 04-24 09:59:23.988041.988041 cuda_h.py:27] end move_flatidxs_group_fused_mp cost 2.243 ms
DEBUG 04-24 09:59:23.988369.988369 cuda_h.py:27] end get_fused_experts_names_w cost 0.025 ms
DEBUG 04-24 09:59:23.989614.989614 cuda_h.py:27] end group stack cost 1.519 ms
DEBUG 04-24 09:59:23.989321.989321 cuda_h.py:27] end move_flatidxs_group_fused_mp cost 2.348 ms
DEBUG 04-24 09:59:23.989359.989359 cuda_h.py:27] end group stack cost 1.986 ms
DEBUG 04-24 09:59:23.989898.989898 cuda_h.py:27] end restore_fused_tensors cost 0.774 ms
DEBUG 04-24 09:59:23.989336.989336 cuda_h.py:27] end get_fused_experts_names_w cost 0.026 ms
DEBUG 04-24 09:59:23.989728.989728 cuda_h.py:27] end group_fused_tensors_mp cost 1.066 ms
DEBUG 04-24 09:59:23.989709.989709 cuda_h.py:27] end move_flatidxs_group_fused_mp cost 3.307 ms
DEBUG 04-24 09:59:23.989540.989540 cuda_h.py:27] end group stack cost 1.564 ms
DEBUG 04-24 09:59:23.990545.990545 cuda_h.py:27] end get_fused_experts_names_w cost 0.038 ms
DEBUG 04-24 09:59:23.990958.990958 cuda_h.py:27] end move_flatidxs_group_fused_mp cost 3.156 ms
DEBUG 04-24 09:59:23.990379.990379 cuda_h.py:27] end restore_fused_tensors cost 0.811 ms
DEBUG 04-24 09:59:23.990944.990944 cuda_h.py:27] end get_fused_experts_names_w cost 0.030 ms
DEBUG 04-24 09:59:23.990209.990209 cuda_h.py:27] end group_fused_tensors_mp cost 0.989 ms
DEBUG 04-24 09:59:23.991081.991081 cuda_h.py:27] end restore_fused_tensors cost 1.068 ms
DEBUG 04-24 09:59:23.991159.991159 cuda_h.py:27] end group_fused_tensors_mp cost 1.375 ms
DEBUG 04-24 09:59:23.991034.991034 cuda_h.py:27] end restore_fused_tensors cost 1.031 ms
DEBUG 04-24 09:59:23.992858.992858 cuda_h.py:27] end group_fused_tensors_mp cost 1.445 ms
DEBUG 04-24 09:59:23.993830.993830 cuda_h.py:27] end restore2model cost 1.318 ms
DEBUG 04-24 09:59:23.994541.994541 cuda_h.py:27] end sllm_worker_task cost 14.551 ms
DEBUG 04-24 09:59:24.007273.007273 mlpmodule.py:3373] [fused_group_bmm][steps] bmm1=9.719 ms split=0.079 ms act_mul=0.427 ms bmm2=5.473 ms
DEBUG 04-24 09:59:24.008021.008021 cuda_h.py:27] end fused_group_bmm cost 15.925 ms
DEBUG 04-24 09:59:24.008937.008937 mlpmodule.py:3373] [fused_group_bmm][steps] bmm1=9.947 ms split=0.110 ms act_mul=0.632 ms bmm2=5.496 ms
DEBUG 04-24 09:59:24.008018.008018 mlpmodule.py:3373] [fused_group_bmm][steps] bmm1=11.843 ms split=0.068 ms act_mul=0.430 ms bmm2=5.811 ms
DEBUG 04-24 09:59:24.008196.008196 cuda_h.py:27] end fused_group_bmm cost 16.446 ms
DEBUG 04-24 09:59:24.008045.008045 cuda_h.py:27] end fused_group_bmm cost 18.412 ms
DEBUG 04-24 09:59:24.008255.008255 cuda_h.py:27] end gather_outputs_group_fused_mp cost 0.400 ms
DEBUG 04-24 09:59:24.008696.008696 mlpmodule.py:3373] [fused_group_bmm][steps] bmm1=10.580 ms split=0.109 ms act_mul=0.574 ms bmm2=6.648 ms
DEBUG 04-24 09:59:24.008391.008391 cuda_h.py:27] end fused_group_bmm cost 18.136 ms
DEBUG 04-24 09:59:24.009518.009518 cuda_h.py:27] end gather_outputs_group_fused_mp cost 0.459 ms
DEBUG 04-24 09:59:24.009783.009783 cuda_h.py:27] end cpu_experts_worker_bmm_or_einsum_0 cost 22.778 ms
DEBUG 04-24 09:59:24.009944.009944 cuda_h.py:27] end gather_outputs_group_fused_mp cost 0.496 ms
DEBUG 04-24 09:59:24.009971.009971 cuda_h.py:27] end cpu_experts_worker_bmm_or_einsum_2 cost 24.056 ms
DEBUG 04-24 09:59:24.009706.009706 cuda_h.py:27] end gather_outputs_group_fused_mp cost 0.346 ms
DEBUG 04-24 09:59:24.009125.009125 cuda_h.py:27] end cpu_experts_worker_bmm_or_einsum_1 cost 24.484 ms
DEBUG 04-24 09:59:24.009918.009918 cuda_h.py:27] end cpu_experts_worker_bmm_or_einsum_3 cost 23.586 ms
DEBUG 04-24 09:59:24.011150.011150 cuda_h.py:27] end cpu_thread_manager_mp_wait_fused cost 26.591 ms
DEBUG 04-24 09:59:24.011253.011253 cuda_h.py:27] end *single cpu experts* cost 28.385 ms
DEBUG 04-24 09:59:24.012996.012996 sllm_store_c.py:27] get device uuid map
DEBUG 04-24 09:59:24.013470.013470 sllm_store_c.py:29] call client load into gpu
DEBUG 04-24 09:59:24.015340.015340 cuda_h.py:27] end load_into_gpu_async_fused_experts_dual cost 2.752 ms
DEBUG 04-24 09:59:24.015954.015954 cuda_h.py:27] end restore_tensors2_fused_experts_packed cost 0.072 ms
DEBUG 04-24 09:59:24.016345.016345 cuda_h.py:27] end restore_tensors2_fused_experts_slices cost 0.277 ms
DEBUG 04-24 09:59:24.016361.016361 cuda_h.py:27] end allocate_experts_cuda_memory_and_restore_model_multi_device_fused cost 4.563 ms
DEBUG 04-24 09:59:24.016571.016571 cuda_h.py:27] end gpu_sexperts cost 0.004 ms
DEBUG 04-24 09:59:24.016116.016116 cuda_h.py:27] end wait_load_qkvogn_s_weight cost 0.017 ms
DEBUG 04-24 09:59:24.029444.029444 cuda_h.py:27] end prepare_per_device_parameters cost 12.826 ms
DEBUG 04-24 09:59:24.032909.032909 cuda_h.py:27] end wait_experts_multi_device cost 2.946 ms
DEBUG 04-24 09:59:24.032368.032368 cuda_h.py:27] end *before fused experts* cost 20.797 ms
DEBUG 04-24 09:59:24.036443.036443 cuda_h.py:27] end gpu_experts_multi_device_fused cost 3.808 ms
DEBUG 04-24 09:59:24.036737.036737 cuda_h.py:27] end *gpu experts* cost 24.722 ms
DEBUG 04-24 09:59:24.036985.036985 cuda_h.py:27] end layer_moe_generate_mp_multi_device_fused_l_17 cost 54.480 ms
DEBUG 04-24 09:59:24.038761.038761 cuda_h.py:27] end *mlp cost 55.894 ms
DEBUG 04-24 09:59:24.038180.038180 cuda_h.py:27] end prefill_layer cost 58.942 ms
DEBUG 04-24 09:59:24.038598.038598 lmp.py:320] -------------------------------- end prefill layer 16 --------------------------------
DEBUG 04-24 09:59:24.038533.038533 lmp.py:273] -------------------------------- start prefill layer 17 --------------------------------
DEBUG 04-24 09:59:24.038906.038906 cuda_h.py:27] end start_load_qkvogn_s_weight_l_18 cost 0.037 ms
DEBUG 04-24 09:59:24.038672.038672 cuda_h.py:27] end allocate_cuda_memory cost 0.194 ms
DEBUG 04-24 09:59:24.039817.039817 sllm_store_c.py:27] get device uuid map
DEBUG 04-24 09:59:24.039129.039129 sllm_store_c.py:29] call client load into gpu
DEBUG 04-24 09:59:24.040050.040050 cuda_h.py:27] end load_into_gpu_async cost 1.609 ms
DEBUG 04-24 09:59:24.040552.040552 cuda_h.py:27] end restore_tensors2 cost 0.093 ms
DEBUG 04-24 09:59:24.040601.040601 cuda_h.py:27] end allocate_cuda_memory_and_load_into_gpu cost 2.469 ms
DEBUG 04-24 09:59:24.040722.040722 cuda_h.py:27] end **self_attn cost 1.996 ms
DEBUG 04-24 09:59:24.041775.041775 cuda_h.py:27] end *iln_self_attn_paln cost 3.243 ms
DEBUG 04-24 09:59:24.042065.042065 cuda_h.py:27] end gate cost 0.493 ms
DEBUG 04-24 09:59:24.042799.042799 cuda_h.py:27] end experts_map_get cost 0.281 ms
DEBUG 04-24 09:59:24.042490.042490 cuda_h.py:27] end *before experts start* cost 0.922 ms
DEBUG 04-24 09:59:24.042191.042191 cuda_h.py:27] end cpu_experts_submit_fused_mp cost 0.138 ms
DEBUG 04-24 09:59:24.045402.045402 cuda_h.py:27] end prepare_group_stack cost 0.500 ms
DEBUG 04-24 09:59:24.046787.046787 cuda_h.py:27] end prepare_group_stack cost 0.758 ms
DEBUG 04-24 09:59:24.046516.046516 cuda_h.py:27] end prepare_group_stack cost 0.809 ms
DEBUG 04-24 09:59:24.046757.046757 cuda_h.py:27] end prepare_group_stack cost 0.499 ms
DEBUG 04-24 09:59:24.047591.047591 cuda_h.py:27] end group stack cost 1.399 ms
DEBUG 04-24 09:59:24.047444.047444 cuda_h.py:27] end move_flatidxs_group_fused_mp cost 2.165 ms
DEBUG 04-24 09:59:24.047554.047554 cuda_h.py:27] end get_fused_experts_names_w cost 0.025 ms
DEBUG 04-24 09:59:24.048202.048202 cuda_h.py:27] end group stack cost 1.709 ms
DEBUG 04-24 09:59:24.048957.048957 cuda_h.py:27] end move_flatidxs_group_fused_mp cost 2.956 ms
DEBUG 04-24 09:59:24.048205.048205 cuda_h.py:27] end group stack cost 1.569 ms
DEBUG 04-24 09:59:24.048489.048489 cuda_h.py:27] end get_fused_experts_names_w cost 0.031 ms
DEBUG 04-24 09:59:24.048125.048125 cuda_h.py:27] end move_flatidxs_group_fused_mp cost 2.409 ms
DEBUG 04-24 09:59:24.048228.048228 cuda_h.py:27] end restore_fused_tensors cost 0.738 ms
DEBUG 04-24 09:59:24.048782.048782 cuda_h.py:27] end group stack cost 2.207 ms
DEBUG 04-24 09:59:24.048397.048397 cuda_h.py:27] end group_fused_tensors_mp cost 1.073 ms
DEBUG 04-24 09:59:24.048424.048424 cuda_h.py:27] end get_fused_experts_names_w cost 0.025 ms
DEBUG 04-24 09:59:24.048565.048565 cuda_h.py:27] end move_flatidxs_group_fused_mp cost 3.469 ms
DEBUG 04-24 09:59:24.049890.049890 cuda_h.py:27] end restore2model cost 1.034 ms
DEBUG 04-24 09:59:24.049348.049348 cuda_h.py:27] end get_fused_experts_names_w cost 0.040 ms
DEBUG 04-24 09:59:24.049201.049201 cuda_h.py:27] end sllm_worker_task cost 10.917 ms
DEBUG 04-24 09:59:24.049030.049030 cuda_h.py:27] end restore_fused_tensors cost 1.109 ms
DEBUG 04-24 09:59:24.050829.050829 cuda_h.py:27] end group_fused_tensors_mp cost 1.481 ms
DEBUG 04-24 09:59:24.050595.050595 cuda_h.py:27] end restore_fused_tensors cost 1.125 ms
DEBUG 04-24 09:59:24.050401.050401 cuda_h.py:27] end group_fused_tensors_mp cost 1.517 ms
DEBUG 04-24 09:59:24.050266.050266 cuda_h.py:27] end restore_fused_tensors cost 1.110 ms
DEBUG 04-24 09:59:24.050694.050694 cuda_h.py:27] end group_fused_tensors_mp cost 1.499 ms
DEBUG 04-24 09:59:24.060466.060466 mlpmodule.py:3373] [fused_group_bmm][steps] bmm1=7.379 ms split=0.167 ms act_mul=0.427 ms bmm2=3.045 ms
DEBUG 04-24 09:59:24.060674.060674 cuda_h.py:27] end fused_group_bmm cost 11.334 ms
DEBUG 04-24 09:59:24.061211.061211 cuda_h.py:27] end gather_outputs_group_fused_mp cost 0.558 ms
DEBUG 04-24 09:59:24.061060.061060 cuda_h.py:27] end cpu_experts_worker_bmm_or_einsum_1 cost 17.745 ms
DEBUG 04-24 09:59:24.063649.063649 mlpmodule.py:3373] [fused_group_bmm][steps] bmm1=8.113 ms split=0.128 ms act_mul=0.479 ms bmm2=4.274 ms
DEBUG 04-24 09:59:24.064141.064141 cuda_h.py:27] end fused_group_bmm cost 13.299 ms
DEBUG 04-24 09:59:24.064157.064157 mlpmodule.py:3373] [fused_group_bmm][steps] bmm1=8.438 ms split=0.099 ms act_mul=0.556 ms bmm2=4.678 ms
DEBUG 04-24 09:59:24.064748.064748 cuda_h.py:27] end fused_group_bmm cost 14.058 ms
DEBUG 04-24 09:59:24.064360.064360 mlpmodule.py:3373] [fused_group_bmm][steps] bmm1=7.915 ms split=0.106 ms act_mul=0.625 ms bmm2=5.132 ms
DEBUG 04-24 09:59:24.064461.064461 cuda_h.py:27] end fused_group_bmm cost 14.053 ms
DEBUG 04-24 09:59:24.064776.064776 cuda_h.py:27] end gather_outputs_group_fused_mp cost 0.461 ms
DEBUG 04-24 09:59:24.064421.064421 cuda_h.py:27] end gather_outputs_group_fused_mp cost 0.351 ms
DEBUG 04-24 09:59:24.065272.065272 cuda_h.py:27] end gather_outputs_group_fused_mp cost 0.371 ms
DEBUG 04-24 09:59:24.065766.065766 cuda_h.py:27] end cpu_experts_worker_bmm_or_einsum_0 cost 21.068 ms
DEBUG 04-24 09:59:24.065497.065497 cuda_h.py:27] end cpu_experts_worker_bmm_or_einsum_2 cost 21.282 ms
DEBUG 04-24 09:59:24.065556.065556 cuda_h.py:27] end cpu_experts_worker_bmm_or_einsum_3 cost 20.541 ms
DEBUG 04-24 09:59:24.067509.067509 cuda_h.py:27] end cpu_thread_manager_mp_wait_fused cost 22.808 ms
DEBUG 04-24 09:59:24.067480.067480 cuda_h.py:27] end *single cpu experts* cost 24.787 ms
DEBUG 04-24 09:59:24.068549.068549 sllm_store_c.py:27] get device uuid map
DEBUG 04-24 09:59:24.068261.068261 sllm_store_c.py:29] call client load into gpu
DEBUG 04-24 09:59:24.071780.071780 cuda_h.py:27] end load_into_gpu_async_fused_experts_dual cost 3.160 ms
DEBUG 04-24 09:59:24.071792.071792 cuda_h.py:27] end restore_tensors2_fused_experts_packed cost 0.072 ms
DEBUG 04-24 09:59:24.072521.072521 cuda_h.py:27] end restore_tensors2_fused_experts_slices cost 0.281 ms
DEBUG 04-24 09:59:24.072915.072915 cuda_h.py:27] end allocate_experts_cuda_memory_and_restore_model_multi_device_fused cost 4.840 ms
DEBUG 04-24 09:59:24.072478.072478 cuda_h.py:27] end gpu_sexperts cost 0.004 ms
DEBUG 04-24 09:59:24.072930.072930 cuda_h.py:27] end wait_load_qkvogn_s_weight cost 0.018 ms
DEBUG 04-24 09:59:24.077519.077519 cuda_h.py:27] end prepare_per_device_parameters cost 4.806 ms
DEBUG 04-24 09:59:24.091034.091034 cuda_h.py:27] end wait_experts_multi_device cost 13.727 ms
DEBUG 04-24 09:59:24.091208.091208 cuda_h.py:27] end *before fused experts* cost 23.883 ms
DEBUG 04-24 09:59:24.095118.095118 cuda_h.py:27] end gpu_experts_multi_device_fused cost 4.386 ms
DEBUG 04-24 09:59:24.095564.095564 cuda_h.py:27] end *gpu experts* cost 28.394 ms
DEBUG 04-24 09:59:24.095911.095911 cuda_h.py:27] end layer_moe_generate_mp_multi_device_fused_l_18 cost 54.251 ms
DEBUG 04-24 09:59:24.097391.097391 cuda_h.py:27] end *mlp cost 55.515 ms
DEBUG 04-24 09:59:24.097666.097666 cuda_h.py:27] end prefill_layer cost 58.943 ms
DEBUG 04-24 09:59:24.097813.097813 lmp.py:320] -------------------------------- end prefill layer 17 --------------------------------
DEBUG 04-24 09:59:24.097430.097430 lmp.py:273] -------------------------------- start prefill layer 18 --------------------------------
DEBUG 04-24 09:59:24.097550.097550 cuda_h.py:27] end start_load_qkvogn_s_weight_l_19 cost 0.042 ms
DEBUG 04-24 09:59:24.098753.098753 cuda_h.py:27] end allocate_cuda_memory cost 0.204 ms
DEBUG 04-24 09:59:24.098562.098562 sllm_store_c.py:27] get device uuid map
DEBUG 04-24 09:59:24.098214.098214 sllm_store_c.py:29] call client load into gpu
DEBUG 04-24 09:59:24.100856.100856 cuda_h.py:27] end **self_attn cost 1.646 ms
DEBUG 04-24 09:59:24.100044.100044 cuda_h.py:27] end *iln_self_attn_paln cost 2.729 ms
DEBUG 04-24 09:59:24.100623.100623 cuda_h.py:27] end load_into_gpu_async cost 2.429 ms
DEBUG 04-24 09:59:24.100341.100341 cuda_h.py:27] end restore_tensors2 cost 0.092 ms
DEBUG 04-24 09:59:24.101489.101489 cuda_h.py:27] end allocate_cuda_memory_and_load_into_gpu cost 3.426 ms
DEBUG 04-24 09:59:24.101003.101003 cuda_h.py:27] end gate cost 0.979 ms
DEBUG 04-24 09:59:24.102423.102423 cuda_h.py:27] end experts_map_get cost 0.345 ms
DEBUG 04-24 09:59:24.102796.102796 cuda_h.py:27] end *before experts start* cost 1.505 ms
DEBUG 04-24 09:59:24.102333.102333 cuda_h.py:27] end cpu_experts_submit_fused_mp cost 0.184 ms
DEBUG 04-24 09:59:24.104116.104116 cuda_h.py:27] end prepare_group_stack cost 0.430 ms
DEBUG 04-24 09:59:24.105610.105610 cuda_h.py:27] end group stack cost 1.003 ms
DEBUG 04-24 09:59:24.105253.105253 cuda_h.py:27] end prepare_group_stack cost 0.492 ms
DEBUG 04-24 09:59:24.105083.105083 cuda_h.py:27] end move_flatidxs_group_fused_mp cost 1.655 ms
DEBUG 04-24 09:59:24.105324.105324 cuda_h.py:27] end get_fused_experts_names_w cost 0.018 ms
DEBUG 04-24 09:59:24.105154.105154 cuda_h.py:27] end prepare_group_stack cost 0.572 ms
DEBUG 04-24 09:59:24.106462.106462 cuda_h.py:27] end restore_fused_tensors cost 0.517 ms
DEBUG 04-24 09:59:24.106459.106459 cuda_h.py:27] end group_fused_tensors_mp cost 0.681 ms
DEBUG 04-24 09:59:24.106303.106303 cuda_h.py:27] end prepare_group_stack cost 0.452 ms
DEBUG 04-24 09:59:24.107617.107617 cuda_h.py:27] end group stack cost 1.246 ms
DEBUG 04-24 09:59:24.107208.107208 cuda_h.py:27] end move_flatidxs_group_fused_mp cost 2.126 ms
DEBUG 04-24 09:59:24.107257.107257 cuda_h.py:27] end get_fused_experts_names_w cost 0.029 ms
DEBUG 04-24 09:59:24.107089.107089 cuda_h.py:27] end group stack cost 1.546 ms
DEBUG 04-24 09:59:24.108810.108810 cuda_h.py:27] end move_flatidxs_group_fused_mp cost 2.977 ms
DEBUG 04-24 09:59:24.108240.108240 cuda_h.py:27] end group stack cost 1.488 ms
DEBUG 04-24 09:59:24.108530.108530 cuda_h.py:27] end get_fused_experts_names_w cost 0.032 ms
DEBUG 04-24 09:59:24.108472.108472 cuda_h.py:27] end restore_fused_tensors cost 0.777 ms
DEBUG 04-24 09:59:24.108352.108352 cuda_h.py:27] end group_fused_tensors_mp cost 1.262 ms
DEBUG 04-24 09:59:24.108022.108022 cuda_h.py:27] end move_flatidxs_group_fused_mp cost 2.542 ms
DEBUG 04-24 09:59:24.108331.108331 cuda_h.py:27] end get_fused_experts_names_w cost 0.033 ms
DEBUG 04-24 09:59:24.109931.109931 cuda_h.py:27] end restore2model cost 1.050 ms
DEBUG 04-24 09:59:24.109016.109016 cuda_h.py:27] end sllm_worker_task cost 11.469 ms
DEBUG 04-24 09:59:24.109299.109299 cuda_h.py:27] end restore_fused_tensors cost 1.025 ms
DEBUG 04-24 09:59:24.109039.109039 cuda_h.py:27] end group_fused_tensors_mp cost 1.396 ms
DEBUG 04-24 09:59:24.110215.110215 cuda_h.py:27] end restore_fused_tensors cost 1.342 ms
DEBUG 04-24 09:59:24.110897.110897 cuda_h.py:27] end group_fused_tensors_mp cost 1.721 ms
DEBUG 04-24 09:59:24.118656.118656 mlpmodule.py:3373] [fused_group_bmm][steps] bmm1=6.579 ms split=0.191 ms act_mul=0.501 ms bmm2=4.009 ms
DEBUG 04-24 09:59:24.118824.118824 cuda_h.py:27] end fused_group_bmm cost 11.560 ms
DEBUG 04-24 09:59:24.119681.119681 cuda_h.py:27] end gather_outputs_group_fused_mp cost 0.576 ms
DEBUG 04-24 09:59:24.119767.119767 cuda_h.py:27] end cpu_experts_worker_bmm_or_einsum_1 cost 16.724 ms
DEBUG 04-24 09:59:24.120865.120865 mlpmodule.py:3373] [fused_group_bmm][steps] bmm1=6.451 ms split=0.112 ms act_mul=0.370 ms bmm2=2.288 ms
DEBUG 04-24 09:59:24.120307.120307 cuda_h.py:27] end fused_group_bmm cost 9.405 ms
DEBUG 04-24 09:59:24.120233.120233 cuda_h.py:27] end gather_outputs_group_fused_mp cost 0.326 ms
DEBUG 04-24 09:59:24.121307.121307 cuda_h.py:27] end cpu_experts_worker_bmm_or_einsum_3 cost 16.061 ms
DEBUG 04-24 09:59:24.122998.122998 mlpmodule.py:3373] [fused_group_bmm][steps] bmm1=8.929 ms split=0.148 ms act_mul=0.401 ms bmm2=3.903 ms
DEBUG 04-24 09:59:24.122365.122365 cuda_h.py:27] end fused_group_bmm cost 13.676 ms
DEBUG 04-24 09:59:24.122037.122037 mlpmodule.py:3373] [fused_group_bmm][steps] bmm1=8.324 ms split=0.101 ms act_mul=0.449 ms bmm2=3.606 ms
DEBUG 04-24 09:59:24.122606.122606 cuda_h.py:27] end fused_group_bmm cost 12.687 ms
DEBUG 04-24 09:59:24.123291.123291 cuda_h.py:27] end gather_outputs_group_fused_mp cost 0.515 ms
DEBUG 04-24 09:59:24.123796.123796 cuda_h.py:27] end gather_outputs_group_fused_mp cost 0.353 ms
DEBUG 04-24 09:59:24.123393.123393 cuda_h.py:27] end cpu_experts_worker_bmm_or_einsum_0 cost 19.520 ms
DEBUG 04-24 09:59:24.123624.123624 cuda_h.py:27] end cpu_experts_worker_bmm_or_einsum_2 cost 19.738 ms
DEBUG 04-24 09:59:24.125665.125665 cuda_h.py:27] end cpu_thread_manager_mp_wait_fused cost 21.714 ms
DEBUG 04-24 09:59:24.125234.125234 cuda_h.py:27] end *single cpu experts* cost 23.528 ms
DEBUG 04-24 09:59:24.126735.126735 sllm_store_c.py:27] get device uuid map
DEBUG 04-24 09:59:24.127872.127872 sllm_store_c.py:29] call client load into gpu
DEBUG 04-24 09:59:24.129205.129205 cuda_h.py:27] end load_into_gpu_async_fused_experts_dual cost 2.779 ms
DEBUG 04-24 09:59:24.129489.129489 cuda_h.py:27] end restore_tensors2_fused_experts_packed cost 0.098 ms
DEBUG 04-24 09:59:24.130332.130332 cuda_h.py:27] end restore_tensors2_fused_experts_slices cost 0.371 ms
DEBUG 04-24 09:59:24.130143.130143 cuda_h.py:27] end allocate_experts_cuda_memory_and_restore_model_multi_device_fused cost 4.754 ms
DEBUG 04-24 09:59:24.130750.130750 cuda_h.py:27] end gpu_sexperts cost 0.006 ms
DEBUG 04-24 09:59:24.130507.130507 cuda_h.py:27] end wait_load_qkvogn_s_weight cost 0.027 ms
DEBUG 04-24 09:59:24.139238.139238 cuda_h.py:27] end prepare_per_device_parameters cost 8.642 ms
DEBUG 04-24 09:59:24.149081.149081 cuda_h.py:27] end wait_experts_multi_device cost 9.881 ms
DEBUG 04-24 09:59:24.149808.149808 cuda_h.py:27] end *before fused experts* cost 23.820 ms
DEBUG 04-24 09:59:24.157381.157381 cuda_h.py:27] end gpu_experts_multi_device_fused cost 7.503 ms
DEBUG 04-24 09:59:24.157626.157626 cuda_h.py:27] end *gpu experts* cost 31.627 ms
DEBUG 04-24 09:59:24.157694.157694 cuda_h.py:27] end layer_moe_generate_mp_multi_device_fused_l_19 cost 57.008 ms
DEBUG 04-24 09:59:24.158699.158699 cuda_h.py:27] end *mlp cost 58.341 ms
DEBUG 04-24 09:59:24.159201.159201 cuda_h.py:27] end prefill_layer cost 61.800 ms
DEBUG 04-24 09:59:24.159560.159560 lmp.py:320] -------------------------------- end prefill layer 18 --------------------------------
DEBUG 04-24 09:59:24.159052.159052 lmp.py:273] -------------------------------- start prefill layer 19 --------------------------------
DEBUG 04-24 09:59:24.159784.159784 cuda_h.py:27] end start_load_qkvogn_s_weight_l_20 cost 0.057 ms
DEBUG 04-24 09:59:24.159685.159685 cuda_h.py:27] end allocate_cuda_memory cost 0.253 ms
DEBUG 04-24 09:59:24.159607.159607 sllm_store_c.py:27] get device uuid map
DEBUG 04-24 09:59:24.160087.160087 sllm_store_c.py:29] call client load into gpu
DEBUG 04-24 09:59:24.161831.161831 cuda_h.py:27] end load_into_gpu_async cost 1.918 ms
DEBUG 04-24 09:59:24.162274.162274 cuda_h.py:27] end restore_tensors2 cost 0.097 ms
DEBUG 04-24 09:59:24.162753.162753 cuda_h.py:27] end allocate_cuda_memory_and_load_into_gpu cost 2.748 ms
DEBUG 04-24 09:59:24.163348.163348 cuda_h.py:27] end **self_attn cost 2.749 ms
DEBUG 04-24 09:59:24.163436.163436 cuda_h.py:27] end *iln_self_attn_paln cost 4.481 ms
DEBUG 04-24 09:59:24.164167.164167 cuda_h.py:27] end gate cost 0.787 ms
DEBUG 04-24 09:59:24.165281.165281 cuda_h.py:27] end experts_map_get cost 0.341 ms
DEBUG 04-24 09:59:24.165402.165402 cuda_h.py:27] end *before experts start* cost 1.290 ms
DEBUG 04-24 09:59:24.165256.165256 cuda_h.py:27] end cpu_experts_submit_fused_mp cost 0.144 ms
DEBUG 04-24 09:59:24.168772.168772 cuda_h.py:27] end prepare_group_stack cost 0.482 ms
DEBUG 04-24 09:59:24.168372.168372 cuda_h.py:27] end prepare_group_stack cost 0.629 ms
DEBUG 04-24 09:59:24.169739.169739 cuda_h.py:27] end prepare_group_stack cost 0.539 ms
DEBUG 04-24 09:59:24.169262.169262 cuda_h.py:27] end group stack cost 1.053 ms
DEBUG 04-24 09:59:24.169970.169970 cuda_h.py:27] end prepare_group_stack cost 0.631 ms
DEBUG 04-24 09:59:24.169346.169346 cuda_h.py:27] end move_flatidxs_group_fused_mp cost 1.801 ms
DEBUG 04-24 09:59:24.170334.170334 cuda_h.py:27] end get_fused_experts_names_w cost 0.025 ms
DEBUG 04-24 09:59:24.170999.170999 cuda_h.py:27] end group stack cost 1.321 ms
DEBUG 04-24 09:59:24.170979.170979 cuda_h.py:27] end move_flatidxs_group_fused_mp cost 2.582 ms
DEBUG 04-24 09:59:24.170113.170113 cuda_h.py:27] end restore_fused_tensors cost 0.655 ms
DEBUG 04-24 09:59:24.171650.171650 cuda_h.py:27] end group_fused_tensors_mp cost 0.963 ms
DEBUG 04-24 09:59:24.171880.171880 cuda_h.py:27] end group stack cost 1.266 ms
DEBUG 04-24 09:59:24.171929.171929 cuda_h.py:27] end get_fused_experts_names_w cost 0.033 ms
DEBUG 04-24 09:59:24.171203.171203 cuda_h.py:27] end restore2model cost 1.036 ms
DEBUG 04-24 09:59:24.171303.171303 cuda_h.py:27] end move_flatidxs_group_fused_mp cost 2.181 ms
DEBUG 04-24 09:59:24.171897.171897 cuda_h.py:27] end sllm_worker_task cost 11.983 ms
DEBUG 04-24 09:59:24.171687.171687 cuda_h.py:27] end get_fused_experts_names_w cost 0.031 ms
DEBUG 04-24 09:59:24.171341.171341 cuda_h.py:27] end group stack cost 1.612 ms
DEBUG 04-24 09:59:24.171533.171533 cuda_h.py:27] end move_flatidxs_group_fused_mp cost 2.833 ms
DEBUG 04-24 09:59:24.172459.172459 cuda_h.py:27] end restore_fused_tensors cost 0.894 ms
DEBUG 04-24 09:59:24.172409.172409 cuda_h.py:27] end group_fused_tensors_mp cost 1.134 ms
DEBUG 04-24 09:59:24.172787.172787 cuda_h.py:27] end get_fused_experts_names_w cost 0.041 ms
DEBUG 04-24 09:59:24.172084.172084 cuda_h.py:27] end restore_fused_tensors cost 0.912 ms
DEBUG 04-24 09:59:24.172937.172937 cuda_h.py:27] end group_fused_tensors_mp cost 1.167 ms
DEBUG 04-24 09:59:24.173673.173673 cuda_h.py:27] end restore_fused_tensors cost 1.037 ms
DEBUG 04-24 09:59:24.173293.173293 cuda_h.py:27] end group_fused_tensors_mp cost 1.334 ms
DEBUG 04-24 09:59:24.185626.185626 mlpmodule.py:3373] [fused_group_bmm][steps] bmm1=8.146 ms split=0.269 ms act_mul=0.575 ms bmm2=5.138 ms
DEBUG 04-24 09:59:24.185435.185435 cuda_h.py:27] end fused_group_bmm cost 14.405 ms
DEBUG 04-24 09:59:24.185776.185776 mlpmodule.py:3373] [fused_group_bmm][steps] bmm1=9.243 ms split=0.071 ms act_mul=0.336 ms bmm2=3.300 ms
DEBUG 04-24 09:59:24.186448.186448 cuda_h.py:27] end fused_group_bmm cost 13.473 ms
DEBUG 04-24 09:59:24.186065.186065 cuda_h.py:27] end gather_outputs_group_fused_mp cost 0.550 ms
DEBUG 04-24 09:59:24.186347.186347 cuda_h.py:27] end gather_outputs_group_fused_mp cost 0.302 ms
DEBUG 04-24 09:59:24.186429.186429 cuda_h.py:27] end cpu_experts_worker_bmm_or_einsum_1 cost 19.839 ms
DEBUG 04-24 09:59:24.187950.187950 cuda_h.py:27] end cpu_experts_worker_bmm_or_einsum_3 cost 18.885 ms
DEBUG 04-24 09:59:24.188687.188687 mlpmodule.py:3373] [fused_group_bmm][steps] bmm1=11.310 ms split=0.163 ms act_mul=0.468 ms bmm2=3.643 ms
DEBUG 04-24 09:59:24.188759.188759 cuda_h.py:27] end fused_group_bmm cost 15.821 ms
DEBUG 04-24 09:59:24.188857.188857 mlpmodule.py:3373] [fused_group_bmm][steps] bmm1=10.568 ms split=0.106 ms act_mul=0.341 ms bmm2=3.395 ms
DEBUG 04-24 09:59:24.188382.188382 cuda_h.py:27] end fused_group_bmm cost 14.695 ms
DEBUG 04-24 09:59:24.188884.188884 cuda_h.py:27] end gather_outputs_group_fused_mp cost 0.494 ms
DEBUG 04-24 09:59:24.189185.189185 cuda_h.py:27] end gather_outputs_group_fused_mp cost 0.447 ms
DEBUG 04-24 09:59:24.189642.189642 cuda_h.py:27] end cpu_experts_worker_bmm_or_einsum_2 cost 21.101 ms
DEBUG 04-24 09:59:24.189651.189651 cuda_h.py:27] end cpu_experts_worker_bmm_or_einsum_0 cost 22.224 ms
DEBUG 04-24 09:59:24.191368.191368 cuda_h.py:27] end cpu_thread_manager_mp_wait_fused cost 24.300 ms
DEBUG 04-24 09:59:24.191361.191361 cuda_h.py:27] end *single cpu experts* cost 26.412 ms
DEBUG 04-24 09:59:24.192803.192803 sllm_store_c.py:27] get device uuid map
DEBUG 04-24 09:59:24.193535.193535 sllm_store_c.py:29] call client load into gpu
DEBUG 04-24 09:59:24.195850.195850 cuda_h.py:27] end load_into_gpu_async_fused_experts_dual cost 2.605 ms
DEBUG 04-24 09:59:24.195962.195962 cuda_h.py:27] end restore_tensors2_fused_experts_packed cost 0.116 ms
DEBUG 04-24 09:59:24.196097.196097 cuda_h.py:27] end restore_tensors2_fused_experts_slices cost 0.319 ms
DEBUG 04-24 09:59:24.196001.196001 cuda_h.py:27] end allocate_experts_cuda_memory_and_restore_model_multi_device_fused cost 4.610 ms
DEBUG 04-24 09:59:24.196458.196458 cuda_h.py:27] end gpu_sexperts cost 0.007 ms
DEBUG 04-24 09:59:24.196493.196493 cuda_h.py:27] end wait_load_qkvogn_s_weight cost 0.025 ms
DEBUG 04-24 09:59:24.207204.207204 cuda_h.py:27] end prepare_per_device_parameters cost 10.855 ms
DEBUG 04-24 09:59:24.212539.212539 cuda_h.py:27] end wait_experts_multi_device cost 4.778 ms
DEBUG 04-24 09:59:24.212521.212521 cuda_h.py:27] end *before fused experts* cost 20.757 ms
DEBUG 04-24 09:59:24.217482.217482 cuda_h.py:27] end gpu_experts_multi_device_fused cost 4.933 ms
DEBUG 04-24 09:59:24.217964.217964 cuda_h.py:27] end *gpu experts* cost 25.891 ms
DEBUG 04-24 09:59:24.217093.217093 cuda_h.py:27] end layer_moe_generate_mp_multi_device_fused_l_20 cost 53.764 ms
DEBUG 04-24 09:59:24.218663.218663 cuda_h.py:27] end *mlp cost 55.163 ms
DEBUG 04-24 09:59:24.219456.219456 cuda_h.py:27] end prefill_layer cost 59.918 ms
DEBUG 04-24 09:59:24.219510.219510 lmp.py:320] -------------------------------- end prefill layer 19 --------------------------------
DEBUG 04-24 09:59:24.219319.219319 lmp.py:273] -------------------------------- start prefill layer 20 --------------------------------
DEBUG 04-24 09:59:24.219124.219124 cuda_h.py:27] end start_load_qkvogn_s_weight_l_21 cost 0.053 ms
DEBUG 04-24 09:59:24.219427.219427 cuda_h.py:27] end allocate_cuda_memory cost 0.232 ms
DEBUG 04-24 09:59:24.220136.220136 sllm_store_c.py:27] get device uuid map
DEBUG 04-24 09:59:24.220092.220092 sllm_store_c.py:29] call client load into gpu
DEBUG 04-24 09:59:24.222326.222326 cuda_h.py:27] end load_into_gpu_async cost 2.315 ms
DEBUG 04-24 09:59:24.222093.222093 cuda_h.py:27] end restore_tensors2 cost 0.101 ms
DEBUG 04-24 09:59:24.222904.222904 cuda_h.py:27] end **self_attn cost 2.368 ms
DEBUG 04-24 09:59:24.222250.222250 cuda_h.py:27] end allocate_cuda_memory_and_load_into_gpu cost 3.280 ms
DEBUG 04-24 09:59:24.223938.223938 cuda_h.py:27] end *iln_self_attn_paln cost 3.997 ms
DEBUG 04-24 09:59:24.224178.224178 cuda_h.py:27] end gate cost 0.754 ms
DEBUG 04-24 09:59:24.224222.224222 cuda_h.py:27] end experts_map_get cost 0.405 ms
DEBUG 04-24 09:59:24.224410.224410 cuda_h.py:27] end *before experts start* cost 1.359 ms
DEBUG 04-24 09:59:24.224907.224907 cuda_h.py:27] end cpu_experts_submit_fused_mp cost 0.189 ms
DEBUG 04-24 09:59:24.228331.228331 cuda_h.py:27] end prepare_group_stack cost 0.445 ms
DEBUG 04-24 09:59:24.229240.229240 cuda_h.py:27] end prepare_group_stack cost 0.589 ms
DEBUG 04-24 09:59:24.229486.229486 cuda_h.py:27] end prepare_group_stack cost 0.546 ms
DEBUG 04-24 09:59:24.229248.229248 cuda_h.py:27] end prepare_group_stack cost 0.674 ms
DEBUG 04-24 09:59:24.229492.229492 cuda_h.py:27] end group stack cost 0.914 ms
DEBUG 04-24 09:59:24.230423.230423 cuda_h.py:27] end move_flatidxs_group_fused_mp cost 1.623 ms
DEBUG 04-24 09:59:24.230559.230559 cuda_h.py:27] end get_fused_experts_names_w cost 0.028 ms
DEBUG 04-24 09:59:24.230429.230429 cuda_h.py:27] end restore_fused_tensors cost 0.639 ms
DEBUG 04-24 09:59:24.231921.231921 cuda_h.py:27] end group_fused_tensors_mp cost 0.967 ms
DEBUG 04-24 09:59:24.231657.231657 cuda_h.py:27] end group stack cost 1.422 ms
DEBUG 04-24 09:59:24.231692.231692 cuda_h.py:27] end group stack cost 1.507 ms
DEBUG 04-24 09:59:24.231023.231023 cuda_h.py:27] end group stack cost 1.535 ms
DEBUG 04-24 09:59:24.231001.231001 cuda_h.py:27] end move_flatidxs_group_fused_mp cost 2.634 ms
DEBUG 04-24 09:59:24.231764.231764 cuda_h.py:27] end restore2model cost 1.025 ms
DEBUG 04-24 09:59:24.231986.231986 cuda_h.py:27] end move_flatidxs_group_fused_mp cost 3.051 ms
DEBUG 04-24 09:59:24.231889.231889 cuda_h.py:27] end get_fused_experts_names_w cost 0.066 ms
DEBUG 04-24 09:59:24.231537.231537 cuda_h.py:27] end move_flatidxs_group_fused_mp cost 3.155 ms
DEBUG 04-24 09:59:24.231495.231495 cuda_h.py:27] end sllm_worker_task cost 12.226 ms
DEBUG 04-24 09:59:24.232066.232066 cuda_h.py:27] end get_fused_experts_names_w cost 0.037 ms
DEBUG 04-24 09:59:24.232266.232266 cuda_h.py:27] end get_fused_experts_names_w cost 0.037 ms
DEBUG 04-24 09:59:24.233195.233195 cuda_h.py:27] end restore_fused_tensors cost 1.099 ms
DEBUG 04-24 09:59:24.233808.233808 cuda_h.py:27] end group_fused_tensors_mp cost 1.634 ms
DEBUG 04-24 09:59:24.233877.233877 cuda_h.py:27] end restore_fused_tensors cost 1.179 ms
DEBUG 04-24 09:59:24.233403.233403 cuda_h.py:27] end group_fused_tensors_mp cost 1.626 ms
DEBUG 04-24 09:59:24.233376.233376 cuda_h.py:27] end restore_fused_tensors cost 1.243 ms
DEBUG 04-24 09:59:24.233844.233844 cuda_h.py:27] end group_fused_tensors_mp cost 1.699 ms
DEBUG 04-24 09:59:24.242345.242345 mlpmodule.py:3373] [fused_group_bmm][steps] bmm1=6.742 ms split=0.206 ms act_mul=0.463 ms bmm2=3.672 ms
DEBUG 04-24 09:59:24.242692.242692 cuda_h.py:27] end fused_group_bmm cost 11.405 ms
DEBUG 04-24 09:59:24.243476.243476 cuda_h.py:27] end gather_outputs_group_fused_mp cost 0.550 ms
DEBUG 04-24 09:59:24.243503.243503 cuda_h.py:27] end cpu_experts_worker_bmm_or_einsum_2 cost 16.387 ms
DEBUG 04-24 09:59:24.243366.243366 mlpmodule.py:3373] [fused_group_bmm][steps] bmm1=5.838 ms split=0.111 ms act_mul=0.701 ms bmm2=3.395 ms
DEBUG 04-24 09:59:24.243042.243042 cuda_h.py:27] end fused_group_bmm cost 10.293 ms
DEBUG 04-24 09:59:24.244643.244643 cuda_h.py:27] end gather_outputs_group_fused_mp cost 0.396 ms
DEBUG 04-24 09:59:24.244476.244476 cuda_h.py:27] end cpu_experts_worker_bmm_or_einsum_0 cost 17.463 ms
DEBUG 04-24 09:59:24.245368.245368 mlpmodule.py:3373] [fused_group_bmm][steps] bmm1=7.749 ms split=0.086 ms act_mul=0.310 ms bmm2=3.471 ms
DEBUG 04-24 09:59:24.246912.246912 cuda_h.py:27] end fused_group_bmm cost 11.875 ms
DEBUG 04-24 09:59:24.246549.246549 mlpmodule.py:3373] [fused_group_bmm][steps] bmm1=7.925 ms split=0.107 ms act_mul=0.574 ms bmm2=3.582 ms
DEBUG 04-24 09:59:24.246699.246699 cuda_h.py:27] end fused_group_bmm cost 12.566 ms
DEBUG 04-24 09:59:24.246606.246606 cuda_h.py:27] end gather_outputs_group_fused_mp cost 0.413 ms
DEBUG 04-24 09:59:24.246588.246588 cuda_h.py:27] end gather_outputs_group_fused_mp cost 0.428 ms
DEBUG 04-24 09:59:24.247183.247183 cuda_h.py:27] end cpu_experts_worker_bmm_or_einsum_3 cost 20.016 ms
DEBUG 04-24 09:59:24.247213.247213 cuda_h.py:27] end cpu_experts_worker_bmm_or_einsum_1 cost 20.698 ms
DEBUG 04-24 09:59:24.248849.248849 cuda_h.py:27] end cpu_thread_manager_mp_wait_fused cost 22.345 ms
DEBUG 04-24 09:59:24.248866.248866 cuda_h.py:27] end *single cpu experts* cost 24.280 ms
DEBUG 04-24 09:59:24.250988.250988 sllm_store_c.py:27] get device uuid map
DEBUG 04-24 09:59:24.250800.250800 sllm_store_c.py:29] call client load into gpu
DEBUG 04-24 09:59:24.252879.252879 cuda_h.py:27] end load_into_gpu_async_fused_experts_dual cost 2.485 ms
DEBUG 04-24 09:59:24.252851.252851 cuda_h.py:27] end restore_tensors2_fused_experts_packed cost 0.077 ms
DEBUG 04-24 09:59:24.253293.253293 cuda_h.py:27] end restore_tensors2_fused_experts_slices cost 0.282 ms
DEBUG 04-24 09:59:24.253117.253117 cuda_h.py:27] end allocate_experts_cuda_memory_and_restore_model_multi_device_fused cost 4.282 ms
DEBUG 04-24 09:59:24.253705.253705 cuda_h.py:27] end gpu_sexperts cost 0.005 ms
DEBUG 04-24 09:59:24.253634.253634 cuda_h.py:27] end wait_load_qkvogn_s_weight cost 0.018 ms
DEBUG 04-24 09:59:24.261096.261096 cuda_h.py:27] end prepare_per_device_parameters cost 8.328 ms
DEBUG 04-24 09:59:24.271917.271917 cuda_h.py:27] end wait_experts_multi_device cost 9.035 ms
DEBUG 04-24 09:59:24.271422.271422 cuda_h.py:27] end *before fused experts* cost 22.106 ms
DEBUG 04-24 09:59:24.275778.275778 cuda_h.py:27] end gpu_experts_multi_device_fused cost 4.051 ms
DEBUG 04-24 09:59:24.275065.275065 cuda_h.py:27] end *gpu experts* cost 26.267 ms
DEBUG 04-24 09:59:24.275537.275537 cuda_h.py:27] end layer_moe_generate_mp_multi_device_fused_l_21 cost 52.052 ms
DEBUG 04-24 09:59:24.277026.277026 cuda_h.py:27] end *mlp cost 53.992 ms
DEBUG 04-24 09:59:24.277420.277420 cuda_h.py:27] end prefill_layer cost 58.185 ms
DEBUG 04-24 09:59:24.277076.277076 lmp.py:320] -------------------------------- end prefill layer 20 --------------------------------
DEBUG 04-24 09:59:24.277541.277541 lmp.py:273] -------------------------------- start prefill layer 21 --------------------------------
DEBUG 04-24 09:59:24.277059.277059 cuda_h.py:27] end start_load_qkvogn_s_weight_l_22 cost 0.037 ms
DEBUG 04-24 09:59:24.277084.277084 cuda_h.py:27] end allocate_cuda_memory cost 0.192 ms
DEBUG 04-24 09:59:24.278964.278964 sllm_store_c.py:27] get device uuid map
DEBUG 04-24 09:59:24.278205.278205 sllm_store_c.py:29] call client load into gpu
DEBUG 04-24 09:59:24.279640.279640 cuda_h.py:27] end load_into_gpu_async cost 1.373 ms
DEBUG 04-24 09:59:24.279659.279659 cuda_h.py:27] end restore_tensors2 cost 0.095 ms
DEBUG 04-24 09:59:24.279583.279583 cuda_h.py:27] end allocate_cuda_memory_and_load_into_gpu cost 2.081 ms
DEBUG 04-24 09:59:24.279822.279822 cuda_h.py:27] end **self_attn cost 1.547 ms
DEBUG 04-24 09:59:24.280405.280405 cuda_h.py:27] end *iln_self_attn_paln cost 2.857 ms
DEBUG 04-24 09:59:24.280603.280603 cuda_h.py:27] end gate cost 0.495 ms
DEBUG 04-24 09:59:24.281099.281099 cuda_h.py:27] end experts_map_get cost 0.280 ms
DEBUG 04-24 09:59:24.281156.281156 cuda_h.py:27] end *before experts start* cost 0.983 ms
DEBUG 04-24 09:59:24.281042.281042 cuda_h.py:27] end cpu_experts_submit_fused_mp cost 0.132 ms
DEBUG 04-24 09:59:24.284311.284311 cuda_h.py:27] end prepare_group_stack cost 0.448 ms
DEBUG 04-24 09:59:24.285998.285998 cuda_h.py:27] end prepare_group_stack cost 0.646 ms
DEBUG 04-24 09:59:24.285755.285755 cuda_h.py:27] end prepare_group_stack cost 0.676 ms
DEBUG 04-24 09:59:24.285949.285949 cuda_h.py:27] end prepare_group_stack cost 0.413 ms
DEBUG 04-24 09:59:24.285548.285548 cuda_h.py:27] end group stack cost 0.847 ms
DEBUG 04-24 09:59:24.285839.285839 cuda_h.py:27] end move_flatidxs_group_fused_mp cost 1.593 ms
DEBUG 04-24 09:59:24.286173.286173 cuda_h.py:27] end get_fused_experts_names_w cost 0.031 ms
DEBUG 04-24 09:59:24.286084.286084 cuda_h.py:27] end group stack cost 1.235 ms
DEBUG 04-24 09:59:24.286856.286856 cuda_h.py:27] end group stack cost 0.967 ms
DEBUG 04-24 09:59:24.286905.286905 cuda_h.py:27] end move_flatidxs_group_fused_mp cost 2.471 ms
DEBUG 04-24 09:59:24.286383.286383 cuda_h.py:27] end group stack cost 1.424 ms
DEBUG 04-24 09:59:24.287041.287041 cuda_h.py:27] end restore_fused_tensors cost 0.625 ms
DEBUG 04-24 09:59:24.287132.287132 cuda_h.py:27] end move_flatidxs_group_fused_mp cost 1.937 ms
DEBUG 04-24 09:59:24.287563.287563 cuda_h.py:27] end group_fused_tensors_mp cost 1.204 ms
DEBUG 04-24 09:59:24.287841.287841 cuda_h.py:27] end get_fused_experts_names_w cost 0.031 ms
DEBUG 04-24 09:59:24.287029.287029 cuda_h.py:27] end get_fused_experts_names_w cost 0.024 ms
DEBUG 04-24 09:59:24.287532.287532 cuda_h.py:27] end move_flatidxs_group_fused_mp cost 2.753 ms
DEBUG 04-24 09:59:24.287377.287377 cuda_h.py:27] end get_fused_experts_names_w cost 0.039 ms
DEBUG 04-24 09:59:24.288844.288844 cuda_h.py:27] end restore2model cost 1.054 ms
DEBUG 04-24 09:59:24.288891.288891 cuda_h.py:27] end restore_fused_tensors cost 0.802 ms
DEBUG 04-24 09:59:24.288417.288417 cuda_h.py:27] end sllm_worker_task cost 10.772 ms
DEBUG 04-24 09:59:24.288530.288530 cuda_h.py:27] end group_fused_tensors_mp cost 1.134 ms
DEBUG 04-24 09:59:24.288046.288046 cuda_h.py:27] end restore_fused_tensors cost 1.071 ms
DEBUG 04-24 09:59:24.288607.288607 cuda_h.py:27] end group_fused_tensors_mp cost 1.338 ms
DEBUG 04-24 09:59:24.288781.288781 cuda_h.py:27] end restore_fused_tensors cost 1.060 ms
DEBUG 04-24 09:59:24.288210.288210 cuda_h.py:27] end group_fused_tensors_mp cost 1.397 ms
DEBUG 04-24 09:59:24.298053.298053 mlpmodule.py:3373] [fused_group_bmm][steps] bmm1=6.888 ms split=0.254 ms act_mul=0.642 ms bmm2=3.463 ms
DEBUG 04-24 09:59:24.298712.298712 cuda_h.py:27] end fused_group_bmm cost 11.584 ms
DEBUG 04-24 09:59:24.299968.299968 mlpmodule.py:3373] [fused_group_bmm][steps] bmm1=6.932 ms split=0.087 ms act_mul=0.342 ms bmm2=3.190 ms
DEBUG 04-24 09:59:24.299152.299152 cuda_h.py:27] end gather_outputs_group_fused_mp cost 0.608 ms
DEBUG 04-24 09:59:24.299580.299580 cuda_h.py:27] end fused_group_bmm cost 11.237 ms
DEBUG 04-24 09:59:24.300744.300744 cuda_h.py:27] end gather_outputs_group_fused_mp cost 0.316 ms
DEBUG 04-24 09:59:24.300890.300890 cuda_h.py:27] end cpu_experts_worker_bmm_or_einsum_1 cost 17.061 ms
DEBUG 04-24 09:59:24.300942.300942 cuda_h.py:27] end cpu_experts_worker_bmm_or_einsum_3 cost 16.546 ms
DEBUG 04-24 09:59:24.300438.300438 mlpmodule.py:3373] [fused_group_bmm][steps] bmm1=7.556 ms split=0.127 ms act_mul=0.362 ms bmm2=3.443 ms
DEBUG 04-24 09:59:24.301553.301553 cuda_h.py:27] end fused_group_bmm cost 11.784 ms
DEBUG 04-24 09:59:24.301373.301373 mlpmodule.py:3373] [fused_group_bmm][steps] bmm1=8.175 ms split=0.146 ms act_mul=0.512 ms bmm2=3.311 ms
DEBUG 04-24 09:59:24.301732.301732 cuda_h.py:27] end fused_group_bmm cost 12.398 ms
DEBUG 04-24 09:59:24.301168.301168 cuda_h.py:27] end gather_outputs_group_fused_mp cost 0.500 ms
DEBUG 04-24 09:59:24.301317.301317 cuda_h.py:27] end gather_outputs_group_fused_mp cost 0.409 ms
DEBUG 04-24 09:59:24.301043.301043 cuda_h.py:27] end cpu_experts_worker_bmm_or_einsum_2 cost 18.578 ms
DEBUG 04-24 09:59:24.302599.302599 cuda_h.py:27] end cpu_experts_worker_bmm_or_einsum_0 cost 19.169 ms
DEBUG 04-24 09:59:24.304391.304391 cuda_h.py:27] end cpu_thread_manager_mp_wait_fused cost 21.276 ms
DEBUG 04-24 09:59:24.304185.304185 cuda_h.py:27] end *single cpu experts* cost 22.986 ms
DEBUG 04-24 09:59:24.305942.305942 sllm_store_c.py:27] get device uuid map
DEBUG 04-24 09:59:24.305536.305536 sllm_store_c.py:29] call client load into gpu
DEBUG 04-24 09:59:24.308167.308167 cuda_h.py:27] end load_into_gpu_async_fused_experts_dual cost 2.774 ms
DEBUG 04-24 09:59:24.308047.308047 cuda_h.py:27] end restore_tensors2_fused_experts_packed cost 0.092 ms
DEBUG 04-24 09:59:24.309559.309559 cuda_h.py:27] end restore_tensors2_fused_experts_slices cost 0.291 ms
DEBUG 04-24 09:59:24.309119.309119 cuda_h.py:27] end allocate_experts_cuda_memory_and_restore_model_multi_device_fused cost 4.711 ms
DEBUG 04-24 09:59:24.309594.309594 cuda_h.py:27] end gpu_sexperts cost 0.006 ms
DEBUG 04-24 09:59:24.309006.309006 cuda_h.py:27] end wait_load_qkvogn_s_weight cost 0.023 ms
DEBUG 04-24 09:59:24.322468.322468 cuda_h.py:27] end prepare_per_device_parameters cost 13.049 ms
DEBUG 04-24 09:59:24.327300.327300 cuda_h.py:27] end wait_experts_multi_device cost 4.543 ms
DEBUG 04-24 09:59:24.327342.327342 cuda_h.py:27] end *before fused experts* cost 22.863 ms
DEBUG 04-24 09:59:24.331893.331893 cuda_h.py:27] end gpu_experts_multi_device_fused cost 3.738 ms
DEBUG 04-24 09:59:24.331948.331948 cuda_h.py:27] end *gpu experts* cost 26.717 ms
DEBUG 04-24 09:59:24.331705.331705 cuda_h.py:27] end layer_moe_generate_mp_multi_device_fused_l_22 cost 50.827 ms
DEBUG 04-24 09:59:24.333011.333011 cuda_h.py:27] end *mlp cost 52.841 ms
DEBUG 04-24 09:59:24.333326.333326 cuda_h.py:27] end prefill_layer cost 55.879 ms
DEBUG 04-24 09:59:24.333366.333366 lmp.py:320] -------------------------------- end prefill layer 21 --------------------------------
DEBUG 04-24 09:59:24.333923.333923 lmp.py:273] -------------------------------- start prefill layer 22 --------------------------------
DEBUG 04-24 09:59:24.333356.333356 cuda_h.py:27] end start_load_qkvogn_s_weight_l_23 cost 0.040 ms
DEBUG 04-24 09:59:24.333099.333099 cuda_h.py:27] end allocate_cuda_memory cost 0.254 ms
DEBUG 04-24 09:59:24.333539.333539 sllm_store_c.py:27] get device uuid map
DEBUG 04-24 09:59:24.334966.334966 sllm_store_c.py:29] call client load into gpu
DEBUG 04-24 09:59:24.335261.335261 cuda_h.py:27] end **self_attn cost 1.349 ms
DEBUG 04-24 09:59:24.335064.335064 cuda_h.py:27] end *iln_self_attn_paln cost 2.395 ms
DEBUG 04-24 09:59:24.336099.336099 cuda_h.py:27] end load_into_gpu_async cost 2.060 ms
DEBUG 04-24 09:59:24.336321.336321 cuda_h.py:27] end restore_tensors2 cost 0.098 ms
DEBUG 04-24 09:59:24.336413.336413 cuda_h.py:27] end allocate_cuda_memory_and_load_into_gpu cost 2.960 ms
DEBUG 04-24 09:59:24.336288.336288 cuda_h.py:27] end gate cost 0.781 ms
DEBUG 04-24 09:59:24.337022.337022 cuda_h.py:27] end experts_map_get cost 0.277 ms
DEBUG 04-24 09:59:24.337044.337044 cuda_h.py:27] end *before experts start* cost 1.209 ms
DEBUG 04-24 09:59:24.337553.337553 cuda_h.py:27] end cpu_experts_submit_fused_mp cost 0.134 ms
DEBUG 04-24 09:59:24.341033.341033 cuda_h.py:27] end prepare_group_stack cost 0.417 ms
DEBUG 04-24 09:59:24.341531.341531 cuda_h.py:27] end prepare_group_stack cost 0.552 ms
DEBUG 04-24 09:59:24.341138.341138 cuda_h.py:27] end prepare_group_stack cost 0.599 ms
DEBUG 04-24 09:59:24.341592.341592 cuda_h.py:27] end prepare_group_stack cost 0.529 ms
DEBUG 04-24 09:59:24.341874.341874 cuda_h.py:27] end group stack cost 0.880 ms
DEBUG 04-24 09:59:24.342565.342565 cuda_h.py:27] end move_flatidxs_group_fused_mp cost 1.668 ms
DEBUG 04-24 09:59:24.342919.342919 cuda_h.py:27] end get_fused_experts_names_w cost 0.024 ms
DEBUG 04-24 09:59:24.342798.342798 cuda_h.py:27] end restore_fused_tensors cost 0.497 ms
DEBUG 04-24 09:59:24.342247.342247 cuda_h.py:27] end group stack cost 1.280 ms
DEBUG 04-24 09:59:24.342032.342032 cuda_h.py:27] end group_fused_tensors_mp cost 0.638 ms
DEBUG 04-24 09:59:24.342165.342165 cuda_h.py:27] end group stack cost 1.355 ms
DEBUG 04-24 09:59:24.343015.343015 cuda_h.py:27] end move_flatidxs_group_fused_mp cost 2.374 ms
DEBUG 04-24 09:59:24.343370.343370 cuda_h.py:27] end move_flatidxs_group_fused_mp cost 2.417 ms
DEBUG 04-24 09:59:24.343298.343298 cuda_h.py:27] end group stack cost 1.257 ms
DEBUG 04-24 09:59:24.343811.343811 cuda_h.py:27] end get_fused_experts_names_w cost 0.030 ms
DEBUG 04-24 09:59:24.343607.343607 cuda_h.py:27] end get_fused_experts_names_w cost 0.032 ms
DEBUG 04-24 09:59:24.343270.343270 cuda_h.py:27] end move_flatidxs_group_fused_mp cost 2.430 ms
DEBUG 04-24 09:59:24.343420.343420 cuda_h.py:27] end get_fused_experts_names_w cost 0.031 ms
DEBUG 04-24 09:59:24.344613.344613 cuda_h.py:27] end restore_fused_tensors cost 1.070 ms
DEBUG 04-24 09:59:24.344667.344667 cuda_h.py:27] end restore_fused_tensors cost 1.139 ms
DEBUG 04-24 09:59:24.344902.344902 cuda_h.py:27] end group_fused_tensors_mp cost 1.342 ms
DEBUG 04-24 09:59:24.344592.344592 cuda_h.py:27] end group_fused_tensors_mp cost 1.383 ms
DEBUG 04-24 09:59:24.344759.344759 cuda_h.py:27] end restore_fused_tensors cost 0.936 ms
DEBUG 04-24 09:59:24.345531.345531 cuda_h.py:27] end group_fused_tensors_mp cost 1.383 ms
DEBUG 04-24 09:59:24.347159.347159 cuda_h.py:27] end restore2model cost 1.127 ms
DEBUG 04-24 09:59:24.347373.347373 cuda_h.py:27] end sllm_worker_task cost 14.229 ms
DEBUG 04-24 09:59:24.352271.352271 mlpmodule.py:3373] [fused_group_bmm][steps] bmm1=5.419 ms split=0.235 ms act_mul=0.566 ms bmm2=3.348 ms
DEBUG 04-24 09:59:24.352644.352644 cuda_h.py:27] end fused_group_bmm cost 9.834 ms
DEBUG 04-24 09:59:24.353507.353507 cuda_h.py:27] end gather_outputs_group_fused_mp cost 0.574 ms
DEBUG 04-24 09:59:24.354347.354347 cuda_h.py:27] end cpu_experts_worker_bmm_or_einsum_2 cost 14.958 ms
DEBUG 04-24 09:59:24.354415.354415 mlpmodule.py:3373] [fused_group_bmm][steps] bmm1=5.363 ms split=0.114 ms act_mul=1.002 ms bmm2=3.044 ms
DEBUG 04-24 09:59:24.354970.354970 cuda_h.py:27] end fused_group_bmm cost 9.897 ms
DEBUG 04-24 09:59:24.355286.355286 cuda_h.py:27] end gather_outputs_group_fused_mp cost 0.458 ms
DEBUG 04-24 09:59:24.355401.355401 cuda_h.py:27] end cpu_experts_worker_bmm_or_einsum_0 cost 16.451 ms
DEBUG 04-24 09:59:24.356069.356069 mlpmodule.py:3373] [fused_group_bmm][steps] bmm1=7.460 ms split=0.091 ms act_mul=0.333 ms bmm2=3.385 ms
DEBUG 04-24 09:59:24.356068.356068 mlpmodule.py:3373] [fused_group_bmm][steps] bmm1=7.086 ms split=0.091 ms act_mul=0.314 ms bmm2=3.359 ms
DEBUG 04-24 09:59:24.356857.356857 cuda_h.py:27] end fused_group_bmm cost 11.485 ms
DEBUG 04-24 09:59:24.356546.356546 cuda_h.py:27] end fused_group_bmm cost 11.127 ms
DEBUG 04-24 09:59:24.357664.357664 cuda_h.py:27] end gather_outputs_group_fused_mp cost 0.437 ms
DEBUG 04-24 09:59:24.357379.357379 cuda_h.py:27] end gather_outputs_group_fused_mp cost 0.451 ms
DEBUG 04-24 09:59:24.357460.357460 cuda_h.py:27] end cpu_experts_worker_bmm_or_einsum_3 cost 17.187 ms
DEBUG 04-24 09:59:24.357381.357381 cuda_h.py:27] end cpu_experts_worker_bmm_or_einsum_1 cost 18.290 ms
DEBUG 04-24 09:59:24.359444.359444 cuda_h.py:27] end cpu_thread_manager_mp_wait_fused cost 20.040 ms
DEBUG 04-24 09:59:24.359276.359276 cuda_h.py:27] end *single cpu experts* cost 21.944 ms
DEBUG 04-24 09:59:24.360903.360903 sllm_store_c.py:27] get device uuid map
DEBUG 04-24 09:59:24.360516.360516 sllm_store_c.py:29] call client load into gpu
DEBUG 04-24 09:59:24.362793.362793 cuda_h.py:27] end load_into_gpu_async_fused_experts_dual cost 2.452 ms
DEBUG 04-24 09:59:24.363838.363838 cuda_h.py:27] end restore_tensors2_fused_experts_packed cost 0.072 ms
DEBUG 04-24 09:59:24.363934.363934 cuda_h.py:27] end restore_tensors2_fused_experts_slices cost 0.249 ms
DEBUG 04-24 09:59:24.363546.363546 cuda_h.py:27] end allocate_experts_cuda_memory_and_restore_model_multi_device_fused cost 4.260 ms
DEBUG 04-24 09:59:24.363462.363462 cuda_h.py:27] end gpu_sexperts cost 0.005 ms
DEBUG 04-24 09:59:24.363199.363199 cuda_h.py:27] end wait_load_qkvogn_s_weight cost 0.018 ms
DEBUG 04-24 09:59:24.376610.376610 cuda_h.py:27] end prepare_per_device_parameters cost 12.132 ms
DEBUG 04-24 09:59:24.377330.377330 cuda_h.py:27] end wait_experts_multi_device cost 1.657 ms
DEBUG 04-24 09:59:24.378027.378027 cuda_h.py:27] end *before fused experts* cost 18.632 ms
DEBUG 04-24 09:59:24.381740.381740 cuda_h.py:27] end gpu_experts_multi_device_fused cost 3.648 ms
DEBUG 04-24 09:59:24.381074.381074 cuda_h.py:27] end *gpu experts* cost 22.389 ms
DEBUG 04-24 09:59:24.381308.381308 cuda_h.py:27] end layer_moe_generate_mp_multi_device_fused_l_23 cost 45.680 ms
DEBUG 04-24 09:59:24.383470.383470 cuda_h.py:27] end *mlp cost 47.555 ms
DEBUG 04-24 09:59:24.383102.383102 cuda_h.py:27] end prefill_layer cost 50.411 ms
DEBUG 04-24 09:59:24.383665.383665 lmp.py:320] -------------------------------- end prefill layer 22 --------------------------------
DEBUG 04-24 09:59:24.383269.383269 lmp.py:273] -------------------------------- start prefill layer 23 --------------------------------
DEBUG 04-24 09:59:24.383264.383264 cuda_h.py:27] end start_load_qkvogn_s_weight_l_24 cost 0.037 ms
DEBUG 04-24 09:59:24.384348.384348 cuda_h.py:27] end allocate_cuda_memory cost 0.181 ms
DEBUG 04-24 09:59:24.384234.384234 sllm_store_c.py:27] get device uuid map
DEBUG 04-24 09:59:24.384842.384842 sllm_store_c.py:29] call client load into gpu
DEBUG 04-24 09:59:24.385227.385227 cuda_h.py:27] end load_into_gpu_async cost 1.572 ms
DEBUG 04-24 09:59:24.386218.386218 cuda_h.py:27] end restore_tensors2 cost 0.080 ms
DEBUG 04-24 09:59:24.386520.386520 cuda_h.py:27] end allocate_cuda_memory_and_load_into_gpu cost 2.213 ms
DEBUG 04-24 09:59:24.386192.386192 cuda_h.py:27] end **self_attn cost 1.655 ms
DEBUG 04-24 09:59:24.386539.386539 cuda_h.py:27] end *iln_self_attn_paln cost 2.700 ms
DEBUG 04-24 09:59:24.387524.387524 cuda_h.py:27] end gate cost 0.482 ms
DEBUG 04-24 09:59:24.387106.387106 cuda_h.py:27] end experts_map_get cost 0.275 ms
DEBUG 04-24 09:59:24.387796.387796 cuda_h.py:27] end *before experts start* cost 0.903 ms
DEBUG 04-24 09:59:24.387133.387133 cuda_h.py:27] end cpu_experts_submit_fused_mp cost 0.149 ms
DEBUG 04-24 09:59:24.390705.390705 cuda_h.py:27] end prepare_group_stack cost 0.491 ms
DEBUG 04-24 09:59:24.390288.390288 cuda_h.py:27] end prepare_group_stack cost 0.453 ms
DEBUG 04-24 09:59:24.391022.391022 cuda_h.py:27] end group stack cost 0.882 ms
DEBUG 04-24 09:59:24.391976.391976 cuda_h.py:27] end prepare_group_stack cost 0.420 ms
DEBUG 04-24 09:59:24.391388.391388 cuda_h.py:27] end group stack cost 0.926 ms
DEBUG 04-24 09:59:24.391502.391502 cuda_h.py:27] end move_flatidxs_group_fused_mp cost 1.587 ms
DEBUG 04-24 09:59:24.391941.391941 cuda_h.py:27] end move_flatidxs_group_fused_mp cost 1.586 ms
DEBUG 04-24 09:59:24.391353.391353 cuda_h.py:27] end get_fused_experts_names_w cost 0.021 ms
DEBUG 04-24 09:59:24.391221.391221 cuda_h.py:27] end get_fused_experts_names_w cost 0.020 ms
DEBUG 04-24 09:59:24.391696.391696 cuda_h.py:27] end prepare_group_stack cost 0.639 ms
DEBUG 04-24 09:59:24.392051.392051 cuda_h.py:27] end group stack cost 0.971 ms
DEBUG 04-24 09:59:24.392563.392563 cuda_h.py:27] end restore_fused_tensors cost 0.533 ms
DEBUG 04-24 09:59:24.392724.392724 cuda_h.py:27] end move_flatidxs_group_fused_mp cost 1.624 ms
DEBUG 04-24 09:59:24.392744.392744 cuda_h.py:27] end group_fused_tensors_mp cost 0.830 ms
DEBUG 04-24 09:59:24.392964.392964 cuda_h.py:27] end restore_fused_tensors cost 0.628 ms
DEBUG 04-24 09:59:24.392167.392167 cuda_h.py:27] end get_fused_experts_names_w cost 0.021 ms
DEBUG 04-24 09:59:24.392936.392936 cuda_h.py:27] end group_fused_tensors_mp cost 1.016 ms
DEBUG 04-24 09:59:24.393911.393911 cuda_h.py:27] end restore_fused_tensors cost 0.527 ms
DEBUG 04-24 09:59:24.393099.393099 cuda_h.py:27] end group_fused_tensors_mp cost 0.746 ms
DEBUG 04-24 09:59:24.393160.393160 cuda_h.py:27] end group stack cost 1.663 ms
DEBUG 04-24 09:59:24.393295.393295 cuda_h.py:27] end move_flatidxs_group_fused_mp cost 2.933 ms
DEBUG 04-24 09:59:24.394026.394026 cuda_h.py:27] end get_fused_experts_names_w cost 0.046 ms
DEBUG 04-24 09:59:24.394437.394437 cuda_h.py:27] end restore2model cost 1.278 ms
DEBUG 04-24 09:59:24.395449.395449 cuda_h.py:27] end sllm_worker_task cost 11.127 ms
DEBUG 04-24 09:59:24.395874.395874 cuda_h.py:27] end restore_fused_tensors cost 1.447 ms
DEBUG 04-24 09:59:24.396834.396834 cuda_h.py:27] end group_fused_tensors_mp cost 2.020 ms
DEBUG 04-24 09:59:24.403055.403055 mlpmodule.py:3373] [fused_group_bmm][steps] bmm1=7.019 ms split=0.091 ms act_mul=0.332 ms bmm2=2.935 ms
DEBUG 04-24 09:59:24.403720.403720 mlpmodule.py:3373] [fused_group_bmm][steps] bmm1=6.988 ms split=0.151 ms act_mul=0.567 ms bmm2=3.547 ms
DEBUG 04-24 09:59:24.404696.404696 cuda_h.py:27] end fused_group_bmm cost 10.774 ms
DEBUG 04-24 09:59:24.404114.404114 cuda_h.py:27] end fused_group_bmm cost 11.589 ms
DEBUG 04-24 09:59:24.404613.404613 mlpmodule.py:3373] [fused_group_bmm][steps] bmm1=7.793 ms split=0.077 ms act_mul=0.297 ms bmm2=3.518 ms
DEBUG 04-24 09:59:24.404274.404274 cuda_h.py:27] end fused_group_bmm cost 11.879 ms
DEBUG 04-24 09:59:24.404278.404278 cuda_h.py:27] end gather_outputs_group_fused_mp cost 0.482 ms
DEBUG 04-24 09:59:24.404232.404232 cuda_h.py:27] end gather_outputs_group_fused_mp cost 0.521 ms
DEBUG 04-24 09:59:24.405660.405660 cuda_h.py:27] end gather_outputs_group_fused_mp cost 0.399 ms
DEBUG 04-24 09:59:24.405798.405798 cuda_h.py:27] end cpu_experts_worker_bmm_or_einsum_1 cost 16.558 ms
DEBUG 04-24 09:59:24.405123.405123 cuda_h.py:27] end cpu_experts_worker_bmm_or_einsum_0 cost 16.546 ms
DEBUG 04-24 09:59:24.405868.405868 cuda_h.py:27] end cpu_experts_worker_bmm_or_einsum_3 cost 15.691 ms
DEBUG 04-24 09:59:24.405876.405876 mlpmodule.py:3373] [fused_group_bmm][steps] bmm1=5.750 ms split=0.248 ms act_mul=0.533 ms bmm2=2.362 ms
DEBUG 04-24 09:59:24.405393.405393 cuda_h.py:27] end fused_group_bmm cost 9.128 ms
DEBUG 04-24 09:59:24.406626.406626 cuda_h.py:27] end gather_outputs_group_fused_mp cost 0.428 ms
DEBUG 04-24 09:59:24.406641.406641 cuda_h.py:27] end cpu_experts_worker_bmm_or_einsum_2 cost 17.109 ms
DEBUG 04-24 09:59:24.407657.407657 cuda_h.py:27] end cpu_thread_manager_mp_wait_fused cost 18.544 ms
DEBUG 04-24 09:59:24.407621.407621 cuda_h.py:27] end *single cpu experts* cost 20.240 ms
DEBUG 04-24 09:59:24.408404.408404 sllm_store_c.py:27] get device uuid map
DEBUG 04-24 09:59:24.408824.408824 sllm_store_c.py:29] call client load into gpu
DEBUG 04-24 09:59:24.411210.411210 cuda_h.py:27] end load_into_gpu_async_fused_experts_dual cost 2.531 ms
DEBUG 04-24 09:59:24.411155.411155 cuda_h.py:27] end restore_tensors2_fused_experts_packed cost 0.071 ms
DEBUG 04-24 09:59:24.411249.411249 cuda_h.py:27] end restore_tensors2_fused_experts_slices cost 0.259 ms
DEBUG 04-24 09:59:24.411165.411165 cuda_h.py:27] end allocate_experts_cuda_memory_and_restore_model_multi_device_fused cost 4.149 ms
DEBUG 04-24 09:59:24.412802.412802 cuda_h.py:27] end gpu_sexperts cost 0.005 ms
DEBUG 04-24 09:59:24.412731.412731 cuda_h.py:27] end wait_load_qkvogn_s_weight cost 0.017 ms
DEBUG 04-24 09:59:24.423541.423541 cuda_h.py:27] end prepare_per_device_parameters cost 10.980 ms
DEBUG 04-24 09:59:24.427667.427667 cuda_h.py:27] end wait_experts_multi_device cost 4.312 ms
DEBUG 04-24 09:59:24.427126.427126 cuda_h.py:27] end *before fused experts* cost 19.998 ms
DEBUG 04-24 09:59:24.431970.431970 cuda_h.py:27] end gpu_experts_multi_device_fused cost 3.604 ms
DEBUG 04-24 09:59:24.431966.431966 cuda_h.py:27] end *gpu experts* cost 23.708 ms
DEBUG 04-24 09:59:24.431691.431691 cuda_h.py:27] end layer_moe_generate_mp_multi_device_fused_l_24 cost 44.980 ms
DEBUG 04-24 09:59:24.433909.433909 cuda_h.py:27] end *mlp cost 46.982 ms
DEBUG 04-24 09:59:24.433779.433779 cuda_h.py:27] end prefill_layer cost 49.848 ms
DEBUG 04-24 09:59:24.433674.433674 lmp.py:320] -------------------------------- end prefill layer 23 --------------------------------
DEBUG 04-24 09:59:24.433609.433609 lmp.py:273] -------------------------------- start prefill layer 24 --------------------------------
DEBUG 04-24 09:59:24.433220.433220 cuda_h.py:27] end start_load_qkvogn_s_weight_l_25 cost 0.036 ms
DEBUG 04-24 09:59:24.434575.434575 cuda_h.py:27] end allocate_cuda_memory cost 0.193 ms
DEBUG 04-24 09:59:24.434674.434674 sllm_store_c.py:27] get device uuid map
DEBUG 04-24 09:59:24.434783.434783 sllm_store_c.py:29] call client load into gpu
DEBUG 04-24 09:59:24.435153.435153 cuda_h.py:27] end load_into_gpu_async cost 1.439 ms
DEBUG 04-24 09:59:24.435133.435133 cuda_h.py:27] end restore_tensors2 cost 0.093 ms
DEBUG 04-24 09:59:24.436652.436652 cuda_h.py:27] end allocate_cuda_memory_and_load_into_gpu cost 2.121 ms
DEBUG 04-24 09:59:24.436602.436602 cuda_h.py:27] end **self_attn cost 1.502 ms
DEBUG 04-24 09:59:24.436271.436271 cuda_h.py:27] end *iln_self_attn_paln cost 2.744 ms
DEBUG 04-24 09:59:24.437270.437270 cuda_h.py:27] end gate cost 0.492 ms
DEBUG 04-24 09:59:24.437759.437759 cuda_h.py:27] end experts_map_get cost 0.276 ms
DEBUG 04-24 09:59:24.437164.437164 cuda_h.py:27] end *before experts start* cost 0.915 ms
DEBUG 04-24 09:59:24.437184.437184 cuda_h.py:27] end cpu_experts_submit_fused_mp cost 0.162 ms
DEBUG 04-24 09:59:24.440629.440629 cuda_h.py:27] end prepare_group_stack cost 0.454 ms
DEBUG 04-24 09:59:24.441508.441508 cuda_h.py:27] end prepare_group_stack cost 0.707 ms
DEBUG 04-24 09:59:24.441827.441827 cuda_h.py:27] end prepare_group_stack cost 0.665 ms
DEBUG 04-24 09:59:24.441050.441050 cuda_h.py:27] end prepare_group_stack cost 0.449 ms
DEBUG 04-24 09:59:24.442343.442343 cuda_h.py:27] end group stack cost 1.040 ms
DEBUG 04-24 09:59:24.442708.442708 cuda_h.py:27] end move_flatidxs_group_fused_mp cost 1.836 ms
DEBUG 04-24 09:59:24.442559.442559 cuda_h.py:27] end get_fused_experts_names_w cost 0.025 ms
DEBUG 04-24 09:59:24.442531.442531 cuda_h.py:27] end group stack cost 1.169 ms
DEBUG 04-24 09:59:24.442124.442124 cuda_h.py:27] end group stack cost 1.093 ms
DEBUG 04-24 09:59:24.442083.442083 cuda_h.py:27] end move_flatidxs_group_fused_mp cost 2.492 ms
DEBUG 04-24 09:59:24.443971.443971 cuda_h.py:27] end group stack cost 1.591 ms
DEBUG 04-24 09:59:24.443458.443458 cuda_h.py:27] end restore_fused_tensors cost 0.738 ms
DEBUG 04-24 09:59:24.443950.443950 cuda_h.py:27] end move_flatidxs_group_fused_mp cost 2.011 ms
DEBUG 04-24 09:59:24.443016.443016 cuda_h.py:27] end get_fused_experts_names_w cost 0.026 ms
DEBUG 04-24 09:59:24.443812.443812 cuda_h.py:27] end group_fused_tensors_mp cost 1.057 ms
DEBUG 04-24 09:59:24.443754.443754 cuda_h.py:27] end get_fused_experts_names_w cost 0.025 ms
DEBUG 04-24 09:59:24.443369.443369 cuda_h.py:27] end move_flatidxs_group_fused_mp cost 2.856 ms
DEBUG 04-24 09:59:24.443696.443696 cuda_h.py:27] end get_fused_experts_names_w cost 0.041 ms
DEBUG 04-24 09:59:24.444923.444923 cuda_h.py:27] end restore_fused_tensors cost 0.908 ms
DEBUG 04-24 09:59:24.444036.444036 cuda_h.py:27] end restore2model cost 1.124 ms
DEBUG 04-24 09:59:24.444556.444556 cuda_h.py:27] end group_fused_tensors_mp cost 1.131 ms
DEBUG 04-24 09:59:24.444616.444616 cuda_h.py:27] end sllm_worker_task cost 10.557 ms
DEBUG 04-24 09:59:24.444316.444316 cuda_h.py:27] end restore_fused_tensors cost 0.779 ms
DEBUG 04-24 09:59:24.444830.444830 cuda_h.py:27] end group_fused_tensors_mp cost 1.313 ms
DEBUG 04-24 09:59:24.445792.445792 cuda_h.py:27] end restore_fused_tensors cost 1.155 ms
DEBUG 04-24 09:59:24.445320.445320 cuda_h.py:27] end group_fused_tensors_mp cost 1.454 ms
DEBUG 04-24 09:59:24.454638.454638 mlpmodule.py:3373] [fused_group_bmm][steps] bmm1=7.274 ms split=0.070 ms act_mul=0.278 ms bmm2=1.850 ms
DEBUG 04-24 09:59:24.454637.454637 cuda_h.py:27] end fused_group_bmm cost 9.859 ms
DEBUG 04-24 09:59:24.455801.455801 cuda_h.py:27] end gather_outputs_group_fused_mp cost 0.662 ms
DEBUG 04-24 09:59:24.455650.455650 mlpmodule.py:3373] [fused_group_bmm][steps] bmm1=8.546 ms split=0.106 ms act_mul=0.632 ms bmm2=2.927 ms
DEBUG 04-24 09:59:24.456097.456097 cuda_h.py:27] end fused_group_bmm cost 12.529 ms
DEBUG 04-24 09:59:24.456418.456418 cuda_h.py:27] end cpu_experts_worker_bmm_or_einsum_3 cost 15.884 ms
DEBUG 04-24 09:59:24.456806.456806 cuda_h.py:27] end gather_outputs_group_fused_mp cost 0.364 ms
DEBUG 04-24 09:59:24.457259.457259 cuda_h.py:27] end cpu_experts_worker_bmm_or_einsum_1 cost 17.838 ms
DEBUG 04-24 09:59:24.458817.458817 mlpmodule.py:3373] [fused_group_bmm][steps] bmm1=9.401 ms split=0.104 ms act_mul=0.425 ms bmm2=3.424 ms
DEBUG 04-24 09:59:24.458571.458571 cuda_h.py:27] end fused_group_bmm cost 13.550 ms
DEBUG 04-24 09:59:24.458731.458731 cuda_h.py:27] end gather_outputs_group_fused_mp cost 0.389 ms
DEBUG 04-24 09:59:24.458542.458542 mlpmodule.py:3373] [fused_group_bmm][steps] bmm1=9.074 ms split=0.137 ms act_mul=0.404 ms bmm2=3.483 ms
DEBUG 04-24 09:59:24.458212.458212 cuda_h.py:27] end fused_group_bmm cost 13.346 ms
DEBUG 04-24 09:59:24.459408.459408 cuda_h.py:27] end cpu_experts_worker_bmm_or_einsum_0 cost 19.809 ms
DEBUG 04-24 09:59:24.459339.459339 cuda_h.py:27] end gather_outputs_group_fused_mp cost 0.432 ms
DEBUG 04-24 09:59:24.460495.460495 cuda_h.py:27] end cpu_experts_worker_bmm_or_einsum_2 cost 20.586 ms
DEBUG 04-24 09:59:24.460291.460291 cuda_h.py:27] end cpu_thread_manager_mp_wait_fused cost 21.583 ms
DEBUG 04-24 09:59:24.460163.460163 cuda_h.py:27] end *single cpu experts* cost 23.459 ms
DEBUG 04-24 09:59:24.461118.461118 sllm_store_c.py:27] get device uuid map
DEBUG 04-24 09:59:24.462969.462969 sllm_store_c.py:29] call client load into gpu
DEBUG 04-24 09:59:24.464752.464752 cuda_h.py:27] end load_into_gpu_async_fused_experts_dual cost 2.543 ms
DEBUG 04-24 09:59:24.464366.464366 cuda_h.py:27] end restore_tensors2_fused_experts_packed cost 0.069 ms
DEBUG 04-24 09:59:24.465365.465365 cuda_h.py:27] end restore_tensors2_fused_experts_slices cost 0.260 ms
DEBUG 04-24 09:59:24.465705.465705 cuda_h.py:27] end allocate_experts_cuda_memory_and_restore_model_multi_device_fused cost 4.287 ms
DEBUG 04-24 09:59:24.465422.465422 cuda_h.py:27] end gpu_sexperts cost 0.005 ms
DEBUG 04-24 09:59:24.465685.465685 cuda_h.py:27] end wait_load_qkvogn_s_weight cost 0.018 ms
DEBUG 04-24 09:59:24.476174.476174 cuda_h.py:27] end prepare_per_device_parameters cost 10.612 ms
DEBUG 04-24 09:59:24.480892.480892 cuda_h.py:27] end wait_experts_multi_device cost 4.744 ms
DEBUG 04-24 09:59:24.481543.481543 cuda_h.py:27] end *before fused experts* cost 20.011 ms
DEBUG 04-24 09:59:24.484596.484596 cuda_h.py:27] end gpu_experts_multi_device_fused cost 3.722 ms
DEBUG 04-24 09:59:24.484903.484903 cuda_h.py:27] end *gpu experts* cost 23.858 ms
DEBUG 04-24 09:59:24.484992.484992 cuda_h.py:27] end layer_moe_generate_mp_multi_device_fused_l_25 cost 48.365 ms
DEBUG 04-24 09:59:24.486398.486398 cuda_h.py:27] end *mlp cost 50.208 ms
DEBUG 04-24 09:59:24.486884.486884 cuda_h.py:27] end prefill_layer cost 53.115 ms
DEBUG 04-24 09:59:24.486038.486038 lmp.py:320] -------------------------------- end prefill layer 24 --------------------------------
DEBUG 04-24 09:59:24.486403.486403 lmp.py:273] -------------------------------- start prefill layer 25 --------------------------------
DEBUG 04-24 09:59:24.486683.486683 cuda_h.py:27] end start_load_qkvogn_s_weight_l_26 cost 0.036 ms
DEBUG 04-24 09:59:24.487211.487211 cuda_h.py:27] end allocate_cuda_memory cost 0.206 ms
DEBUG 04-24 09:59:24.487076.487076 sllm_store_c.py:27] get device uuid map
DEBUG 04-24 09:59:24.487926.487926 sllm_store_c.py:29] call client load into gpu
DEBUG 04-24 09:59:24.489824.489824 cuda_h.py:27] end **self_attn cost 1.318 ms
DEBUG 04-24 09:59:24.489616.489616 cuda_h.py:27] end load_into_gpu_async cost 1.694 ms
DEBUG 04-24 09:59:24.489780.489780 cuda_h.py:27] end restore_tensors2 cost 0.092 ms
DEBUG 04-24 09:59:24.489992.489992 cuda_h.py:27] end *iln_self_attn_paln cost 2.546 ms
DEBUG 04-24 09:59:24.489049.489049 cuda_h.py:27] end allocate_cuda_memory_and_load_into_gpu cost 2.701 ms
DEBUG 04-24 09:59:24.490444.490444 cuda_h.py:27] end gate cost 0.792 ms
DEBUG 04-24 09:59:24.491278.491278 cuda_h.py:27] end experts_map_get cost 0.286 ms
DEBUG 04-24 09:59:24.491638.491638 cuda_h.py:27] end *before experts start* cost 1.270 ms
DEBUG 04-24 09:59:24.491001.491001 cuda_h.py:27] end cpu_experts_submit_fused_mp cost 0.134 ms
DEBUG 04-24 09:59:24.494345.494345 cuda_h.py:27] end prepare_group_stack cost 0.442 ms
DEBUG 04-24 09:59:24.494372.494372 cuda_h.py:27] end prepare_group_stack cost 0.577 ms
DEBUG 04-24 09:59:24.495052.495052 cuda_h.py:27] end prepare_group_stack cost 0.471 ms
DEBUG 04-24 09:59:24.495283.495283 cuda_h.py:27] end group stack cost 0.993 ms
DEBUG 04-24 09:59:24.495380.495380 cuda_h.py:27] end move_flatidxs_group_fused_mp cost 1.718 ms
DEBUG 04-24 09:59:24.495663.495663 cuda_h.py:27] end get_fused_experts_names_w cost 0.024 ms
DEBUG 04-24 09:59:24.496196.496196 cuda_h.py:27] end prepare_group_stack cost 0.613 ms
DEBUG 04-24 09:59:24.496379.496379 cuda_h.py:27] end group stack cost 1.404 ms
DEBUG 04-24 09:59:24.496694.496694 cuda_h.py:27] end group stack cost 1.111 ms
DEBUG 04-24 09:59:24.496405.496405 cuda_h.py:27] end restore_fused_tensors cost 0.713 ms
DEBUG 04-24 09:59:24.496533.496533 cuda_h.py:27] end group_fused_tensors_mp cost 1.302 ms
DEBUG 04-24 09:59:24.496415.496415 cuda_h.py:27] end move_flatidxs_group_fused_mp cost 2.236 ms
DEBUG 04-24 09:59:24.496507.496507 cuda_h.py:27] end move_flatidxs_group_fused_mp cost 3.059 ms
DEBUG 04-24 09:59:24.497219.497219 cuda_h.py:27] end get_fused_experts_names_w cost 0.024 ms
DEBUG 04-24 09:59:24.497922.497922 cuda_h.py:27] end get_fused_experts_names_w cost 0.027 ms
DEBUG 04-24 09:59:24.497338.497338 cuda_h.py:27] end restore2model cost 0.796 ms
DEBUG 04-24 09:59:24.497878.497878 cuda_h.py:27] end sllm_worker_task cost 10.262 ms
DEBUG 04-24 09:59:24.498638.498638 cuda_h.py:27] end group stack cost 1.527 ms
DEBUG 04-24 09:59:24.498866.498866 cuda_h.py:27] end restore_fused_tensors cost 0.901 ms
DEBUG 04-24 09:59:24.498922.498922 cuda_h.py:27] end group_fused_tensors_mp cost 1.226 ms
DEBUG 04-24 09:59:24.498803.498803 cuda_h.py:27] end restore_fused_tensors cost 1.009 ms
DEBUG 04-24 09:59:24.498076.498076 cuda_h.py:27] end move_flatidxs_group_fused_mp cost 2.598 ms
DEBUG 04-24 09:59:24.498137.498137 cuda_h.py:27] end group_fused_tensors_mp cost 1.336 ms
DEBUG 04-24 09:59:24.498309.498309 cuda_h.py:27] end get_fused_experts_names_w cost 0.047 ms
DEBUG 04-24 09:59:24.500265.500265 cuda_h.py:27] end restore_fused_tensors cost 1.503 ms
DEBUG 04-24 09:59:24.500411.500411 cuda_h.py:27] end group_fused_tensors_mp cost 1.917 ms
DEBUG 04-24 09:59:24.508134.508134 mlpmodule.py:3373] [fused_group_bmm][steps] bmm1=7.410 ms split=0.133 ms act_mul=0.352 ms bmm2=3.747 ms
DEBUG 04-24 09:59:24.508850.508850 cuda_h.py:27] end fused_group_bmm cost 11.882 ms
DEBUG 04-24 09:59:24.508736.508736 mlpmodule.py:3373] [fused_group_bmm][steps] bmm1=6.551 ms split=0.104 ms act_mul=0.587 ms bmm2=3.196 ms
DEBUG 04-24 09:59:24.508704.508704 mlpmodule.py:3373] [fused_group_bmm][steps] bmm1=6.071 ms split=0.067 ms act_mul=0.334 ms bmm2=3.493 ms
DEBUG 04-24 09:59:24.509732.509732 cuda_h.py:27] end fused_group_bmm cost 10.474 ms
DEBUG 04-24 09:59:24.509851.509851 cuda_h.py:27] end fused_group_bmm cost 10.927 ms
DEBUG 04-24 09:59:24.509331.509331 cuda_h.py:27] end gather_outputs_group_fused_mp cost 0.479 ms
DEBUG 04-24 09:59:24.510535.510535 cuda_h.py:27] end gather_outputs_group_fused_mp cost 0.468 ms
DEBUG 04-24 09:59:24.510217.510217 cuda_h.py:27] end gather_outputs_group_fused_mp cost 0.461 ms
DEBUG 04-24 09:59:24.510014.510014 cuda_h.py:27] end cpu_experts_worker_bmm_or_einsum_1 cost 17.414 ms
DEBUG 04-24 09:59:24.510024.510024 cuda_h.py:27] end cpu_experts_worker_bmm_or_einsum_0 cost 17.810 ms
DEBUG 04-24 09:59:24.510125.510125 cuda_h.py:27] end cpu_experts_worker_bmm_or_einsum_3 cost 17.005 ms
DEBUG 04-24 09:59:24.512425.512425 mlpmodule.py:3373] [fused_group_bmm][steps] bmm1=7.888 ms split=0.106 ms act_mul=0.315 ms bmm2=2.831 ms
DEBUG 04-24 09:59:24.512319.512319 cuda_h.py:27] end fused_group_bmm cost 11.374 ms
DEBUG 04-24 09:59:24.512104.512104 cuda_h.py:27] end gather_outputs_group_fused_mp cost 0.457 ms
DEBUG 04-24 09:59:24.513075.513075 cuda_h.py:27] end cpu_experts_worker_bmm_or_einsum_2 cost 18.448 ms
DEBUG 04-24 09:59:24.517228.517228 cuda_h.py:27] end cpu_thread_manager_mp_wait_fused cost 24.057 ms
DEBUG 04-24 09:59:24.517954.517954 cuda_h.py:27] end *single cpu experts* cost 26.010 ms
DEBUG 04-24 09:59:24.519835.519835 sllm_store_c.py:27] get device uuid map
DEBUG 04-24 09:59:24.520163.520163 sllm_store_c.py:29] call client load into gpu
DEBUG 04-24 09:59:24.522533.522533 cuda_h.py:27] end load_into_gpu_async_fused_experts_dual cost 2.662 ms
DEBUG 04-24 09:59:24.522047.522047 cuda_h.py:27] end restore_tensors2_fused_experts_packed cost 0.070 ms
DEBUG 04-24 09:59:24.523513.523513 cuda_h.py:27] end restore_tensors2_fused_experts_slices cost 0.259 ms
DEBUG 04-24 09:59:24.523999.523999 cuda_h.py:27] end allocate_experts_cuda_memory_and_restore_model_multi_device_fused cost 5.852 ms
DEBUG 04-24 09:59:24.523276.523276 cuda_h.py:27] end gpu_sexperts cost 0.004 ms
DEBUG 04-24 09:59:24.523291.523291 cuda_h.py:27] end wait_load_qkvogn_s_weight cost 0.016 ms
DEBUG 04-24 09:59:24.528165.528165 cuda_h.py:27] end prepare_per_device_parameters cost 5.005 ms
DEBUG 04-24 09:59:24.723694.723694 cuda_h.py:27] end wait_experts_multi_device cost 194.337 ms
DEBUG 04-24 09:59:24.723627.723627 cuda_h.py:27] end *before fused experts* cost 205.784 ms
DEBUG 04-24 09:59:24.732557.732557 cuda_h.py:27] end gpu_experts_multi_device_fused cost 8.869 ms
DEBUG 04-24 09:59:24.732125.732125 cuda_h.py:27] end *gpu experts* cost 214.931 ms
DEBUG 04-24 09:59:24.732514.732514 cuda_h.py:27] end layer_moe_generate_mp_multi_device_fused_l_26 cost 242.433 ms
DEBUG 04-24 09:59:24.733029.733029 cuda_h.py:27] end *mlp cost 243.757 ms
DEBUG 04-24 09:59:24.733192.733192 cuda_h.py:27] end prefill_layer cost 247.066 ms
DEBUG 04-24 09:59:24.734730.734730 lmp.py:320] -------------------------------- end prefill layer 25 --------------------------------
DEBUG 04-24 09:59:24.734877.734877 lmp.py:273] -------------------------------- start prefill layer 26 --------------------------------
DEBUG 04-24 09:59:24.734966.734966 cuda_h.py:27] end start_load_qkvogn_s_weight_l_27 cost 0.052 ms
DEBUG 04-24 09:59:24.734183.734183 cuda_h.py:27] end allocate_cuda_memory cost 0.212 ms
DEBUG 04-24 09:59:24.734483.734483 sllm_store_c.py:27] get device uuid map
DEBUG 04-24 09:59:24.735311.735311 sllm_store_c.py:29] call client load into gpu
DEBUG 04-24 09:59:24.737075.737075 cuda_h.py:27] end **self_attn cost 1.959 ms
DEBUG 04-24 09:59:24.737901.737901 cuda_h.py:27] end *iln_self_attn_paln cost 3.241 ms
DEBUG 04-24 09:59:24.737442.737442 cuda_h.py:27] end load_into_gpu_async cost 2.739 ms
DEBUG 04-24 09:59:24.737537.737537 cuda_h.py:27] end restore_tensors2 cost 0.092 ms
DEBUG 04-24 09:59:24.737998.737998 cuda_h.py:27] end allocate_cuda_memory_and_load_into_gpu cost 3.636 ms
DEBUG 04-24 09:59:24.738220.738220 cuda_h.py:27] end gate cost 1.000 ms
DEBUG 04-24 09:59:24.739959.739959 cuda_h.py:27] end experts_map_get cost 0.389 ms
DEBUG 04-24 09:59:24.739107.739107 cuda_h.py:27] end *before experts start* cost 1.599 ms
DEBUG 04-24 09:59:24.739307.739307 cuda_h.py:27] end cpu_experts_submit_fused_mp cost 0.208 ms
DEBUG 04-24 09:59:24.742266.742266 cuda_h.py:27] end prepare_group_stack cost 0.591 ms
DEBUG 04-24 09:59:24.742494.742494 cuda_h.py:27] end prepare_group_stack cost 0.622 ms
DEBUG 04-24 09:59:24.743098.743098 cuda_h.py:27] end prepare_group_stack cost 0.722 ms
DEBUG 04-24 09:59:24.744399.744399 cuda_h.py:27] end group stack cost 1.411 ms
DEBUG 04-24 09:59:24.744860.744860 cuda_h.py:27] end group stack cost 1.451 ms
DEBUG 04-24 09:59:24.744865.744865 cuda_h.py:27] end move_flatidxs_group_fused_mp cost 2.509 ms
DEBUG 04-24 09:59:24.744166.744166 cuda_h.py:27] end move_flatidxs_group_fused_mp cost 2.520 ms
DEBUG 04-24 09:59:24.745077.745077 cuda_h.py:27] end get_fused_experts_names_w cost 0.031 ms
DEBUG 04-24 09:59:24.744825.744825 cuda_h.py:27] end get_fused_experts_names_w cost 0.037 ms
DEBUG 04-24 09:59:24.744267.744267 cuda_h.py:27] end prepare_group_stack cost 0.777 ms
DEBUG 04-24 09:59:24.745691.745691 cuda_h.py:27] end restore2model cost 0.811 ms
DEBUG 04-24 09:59:24.745999.745999 cuda_h.py:27] end sllm_worker_task cost 11.573 ms
DEBUG 04-24 09:59:24.745188.745188 cuda_h.py:27] end group stack cost 1.640 ms
DEBUG 04-24 09:59:24.746395.746395 cuda_h.py:27] end move_flatidxs_group_fused_mp cost 3.096 ms
DEBUG 04-24 09:59:24.746528.746528 cuda_h.py:27] end restore_fused_tensors cost 1.115 ms
DEBUG 04-24 09:59:24.746020.746020 cuda_h.py:27] end restore_fused_tensors cost 1.148 ms
DEBUG 04-24 09:59:24.746048.746048 cuda_h.py:27] end group_fused_tensors_mp cost 1.523 ms
DEBUG 04-24 09:59:24.746690.746690 cuda_h.py:27] end get_fused_experts_names_w cost 0.041 ms
DEBUG 04-24 09:59:24.746181.746181 cuda_h.py:27] end group_fused_tensors_mp cost 1.569 ms
DEBUG 04-24 09:59:24.747417.747417 cuda_h.py:27] end group stack cost 1.683 ms
DEBUG 04-24 09:59:24.747263.747263 cuda_h.py:27] end move_flatidxs_group_fused_mp cost 3.271 ms
DEBUG 04-24 09:59:24.747132.747132 cuda_h.py:27] end restore_fused_tensors cost 1.194 ms
DEBUG 04-24 09:59:24.747044.747044 cuda_h.py:27] end group_fused_tensors_mp cost 1.502 ms
DEBUG 04-24 09:59:24.747314.747314 cuda_h.py:27] end get_fused_experts_names_w cost 0.067 ms
DEBUG 04-24 09:59:24.750652.750652 cuda_h.py:27] end restore_fused_tensors cost 2.174 ms
DEBUG 04-24 09:59:24.750449.750449 cuda_h.py:27] end group_fused_tensors_mp cost 3.136 ms
DEBUG 04-24 09:59:24.755310.755310 mlpmodule.py:3373] [fused_group_bmm][steps] bmm1=5.304 ms split=0.103 ms act_mul=0.387 ms bmm2=2.539 ms
DEBUG 04-24 09:59:24.755443.755443 cuda_h.py:27] end fused_group_bmm cost 8.596 ms
DEBUG 04-24 09:59:24.756834.756834 cuda_h.py:27] end gather_outputs_group_fused_mp cost 0.688 ms
DEBUG 04-24 09:59:24.756495.756495 cuda_h.py:27] end cpu_experts_worker_bmm_or_einsum_1 cost 15.856 ms
DEBUG 04-24 09:59:24.758511.758511 mlpmodule.py:3373] [fused_group_bmm][steps] bmm1=7.560 ms split=0.159 ms act_mul=0.398 ms bmm2=3.501 ms
DEBUG 04-24 09:59:24.758669.758669 cuda_h.py:27] end fused_group_bmm cost 11.833 ms
DEBUG 04-24 09:59:24.759421.759421 cuda_h.py:27] end gather_outputs_group_fused_mp cost 0.432 ms
DEBUG 04-24 09:59:24.759252.759252 mlpmodule.py:3373] [fused_group_bmm][steps] bmm1=6.508 ms split=0.108 ms act_mul=0.351 ms bmm2=3.680 ms
DEBUG 04-24 09:59:24.759412.759412 cuda_h.py:27] end fused_group_bmm cost 10.906 ms
DEBUG 04-24 09:59:24.759829.759829 cuda_h.py:27] end cpu_experts_worker_bmm_or_einsum_0 cost 18.476 ms
DEBUG 04-24 09:59:24.760013.760013 cuda_h.py:27] end gather_outputs_group_fused_mp cost 0.496 ms
DEBUG 04-24 09:59:24.760694.760694 mlpmodule.py:3373] [fused_group_bmm][steps] bmm1=5.897 ms split=0.092 ms act_mul=0.299 ms bmm2=2.721 ms
DEBUG 04-24 09:59:24.760757.760757 cuda_h.py:27] end cpu_experts_worker_bmm_or_einsum_2 cost 18.517 ms
DEBUG 04-24 09:59:24.760494.760494 cuda_h.py:27] end fused_group_bmm cost 9.199 ms
DEBUG 04-24 09:59:24.761872.761872 cuda_h.py:27] end gather_outputs_group_fused_mp cost 0.366 ms
DEBUG 04-24 09:59:24.761319.761319 cuda_h.py:27] end cpu_experts_worker_bmm_or_einsum_3 cost 18.266 ms
DEBUG 04-24 09:59:24.762038.762038 cuda_h.py:27] end cpu_thread_manager_mp_wait_fused cost 21.163 ms
DEBUG 04-24 09:59:24.762287.762287 cuda_h.py:27] end *single cpu experts* cost 23.545 ms
DEBUG 04-24 09:59:24.763893.763893 sllm_store_c.py:27] get device uuid map
DEBUG 04-24 09:59:24.763168.763168 sllm_store_c.py:29] call client load into gpu
DEBUG 04-24 09:59:24.766244.766244 cuda_h.py:27] end load_into_gpu_async_fused_experts_dual cost 2.580 ms
DEBUG 04-24 09:59:24.766242.766242 cuda_h.py:27] end restore_tensors2_fused_experts_packed cost 0.072 ms
DEBUG 04-24 09:59:24.766931.766931 cuda_h.py:27] end restore_tensors2_fused_experts_slices cost 0.264 ms
DEBUG 04-24 09:59:24.767556.767556 cuda_h.py:27] end allocate_experts_cuda_memory_and_restore_model_multi_device_fused cost 4.218 ms
DEBUG 04-24 09:59:24.767866.767866 cuda_h.py:27] end gpu_sexperts cost 0.004 ms
DEBUG 04-24 09:59:24.767841.767841 cuda_h.py:27] end wait_load_qkvogn_s_weight cost 0.019 ms
DEBUG 04-24 09:59:24.774951.774951 cuda_h.py:27] end prepare_per_device_parameters cost 7.155 ms
DEBUG 04-24 09:59:24.784814.784814 cuda_h.py:27] end wait_experts_multi_device cost 9.664 ms
DEBUG 04-24 09:59:24.784941.784941 cuda_h.py:27] end *before fused experts* cost 21.468 ms
DEBUG 04-24 09:59:24.788823.788823 cuda_h.py:27] end gpu_experts_multi_device_fused cost 4.330 ms
DEBUG 04-24 09:59:24.788825.788825 cuda_h.py:27] end *gpu experts* cost 25.912 ms
DEBUG 04-24 09:59:24.788920.788920 cuda_h.py:27] end layer_moe_generate_mp_multi_device_fused_l_27 cost 51.219 ms
DEBUG 04-24 09:59:24.790140.790140 cuda_h.py:27] end *mlp cost 53.241 ms
DEBUG 04-24 09:59:24.790779.790779 cuda_h.py:27] end prefill_layer cost 56.809 ms
DEBUG 04-24 09:59:24.790158.790158 lmp.py:320] -------------------------------- end prefill layer 26 --------------------------------
DEBUG 04-24 09:59:24.790337.790337 lmp.py:273] -------------------------------- start prefill layer 27 --------------------------------
DEBUG 04-24 09:59:24.791293.791293 cuda_h.py:27] end start_load_qkvogn_s_weight_l_28 cost 0.040 ms
DEBUG 04-24 09:59:24.791941.791941 cuda_h.py:27] end allocate_cuda_memory cost 0.355 ms
DEBUG 04-24 09:59:24.791626.791626 sllm_store_c.py:27] get device uuid map
DEBUG 04-24 09:59:24.792004.792004 sllm_store_c.py:29] call client load into gpu
DEBUG 04-24 09:59:24.793926.793926 cuda_h.py:27] end **self_attn cost 1.487 ms
DEBUG 04-24 09:59:24.793339.793339 cuda_h.py:27] end *iln_self_attn_paln cost 2.991 ms
DEBUG 04-24 09:59:24.794266.794266 cuda_h.py:27] end load_into_gpu_async cost 2.285 ms
DEBUG 04-24 09:59:24.794575.794575 cuda_h.py:27] end restore_tensors2 cost 0.149 ms
DEBUG 04-24 09:59:24.794446.794446 cuda_h.py:27] end allocate_cuda_memory_and_load_into_gpu cost 3.656 ms
DEBUG 04-24 09:59:24.795177.795177 cuda_h.py:27] end gate cost 0.999 ms
DEBUG 04-24 09:59:24.795191.795191 cuda_h.py:27] end experts_map_get cost 0.319 ms
DEBUG 04-24 09:59:24.795167.795167 cuda_h.py:27] end *before experts start* cost 1.503 ms
DEBUG 04-24 09:59:24.795629.795629 cuda_h.py:27] end cpu_experts_submit_fused_mp cost 0.139 ms
DEBUG 04-24 09:59:24.798582.798582 cuda_h.py:27] end prepare_group_stack cost 0.453 ms
DEBUG 04-24 09:59:24.799098.799098 cuda_h.py:27] end prepare_group_stack cost 0.494 ms
DEBUG 04-24 09:59:24.799128.799128 cuda_h.py:27] end group stack cost 1.160 ms
DEBUG 04-24 09:59:24.800927.800927 cuda_h.py:27] end move_flatidxs_group_fused_mp cost 1.890 ms
DEBUG 04-24 09:59:24.800198.800198 cuda_h.py:27] end prepare_group_stack cost 0.611 ms
DEBUG 04-24 09:59:24.800513.800513 cuda_h.py:27] end prepare_group_stack cost 0.652 ms
DEBUG 04-24 09:59:24.800818.800818 cuda_h.py:27] end get_fused_experts_names_w cost 0.026 ms
DEBUG 04-24 09:59:24.801313.801313 cuda_h.py:27] end group stack cost 1.151 ms
DEBUG 04-24 09:59:24.801109.801109 cuda_h.py:27] end restore_fused_tensors cost 0.712 ms
DEBUG 04-24 09:59:24.801609.801609 cuda_h.py:27] end group_fused_tensors_mp cost 0.893 ms
DEBUG 04-24 09:59:24.801596.801596 cuda_h.py:27] end move_flatidxs_group_fused_mp cost 1.940 ms
DEBUG 04-24 09:59:24.801362.801362 cuda_h.py:27] end get_fused_experts_names_w cost 0.026 ms
DEBUG 04-24 09:59:24.801742.801742 cuda_h.py:27] end group stack cost 1.258 ms
DEBUG 04-24 09:59:24.802339.802339 cuda_h.py:27] end group stack cost 1.659 ms
DEBUG 04-24 09:59:24.802748.802748 cuda_h.py:27] end restore_fused_tensors cost 0.982 ms
DEBUG 04-24 09:59:24.803738.803738 cuda_h.py:27] end restore2model cost 1.394 ms
DEBUG 04-24 09:59:24.804236.804236 cuda_h.py:27] end group_fused_tensors_mp cost 3.372 ms
DEBUG 04-24 09:59:24.804342.804342 cuda_h.py:27] end move_flatidxs_group_fused_mp cost 5.519 ms
DEBUG 04-24 09:59:24.804270.804270 cuda_h.py:27] end move_flatidxs_group_fused_mp cost 5.492 ms
DEBUG 04-24 09:59:24.805949.805949 cuda_h.py:27] end sllm_worker_task cost 13.924 ms
DEBUG 04-24 09:59:24.805343.805343 cuda_h.py:27] end get_fused_experts_names_w cost 0.030 ms
DEBUG 04-24 09:59:24.805443.805443 cuda_h.py:27] end get_fused_experts_names_w cost 0.042 ms
DEBUG 04-24 09:59:24.806557.806557 cuda_h.py:27] end restore_fused_tensors cost 1.038 ms
DEBUG 04-24 09:59:24.806177.806177 cuda_h.py:27] end group_fused_tensors_mp cost 1.424 ms
DEBUG 04-24 09:59:24.806569.806569 cuda_h.py:27] end restore_fused_tensors cost 1.204 ms
DEBUG 04-24 09:59:24.806343.806343 cuda_h.py:27] end group_fused_tensors_mp cost 1.588 ms
DEBUG 04-24 09:59:24.808041.808041 mlpmodule.py:3373] [fused_group_bmm][steps] bmm1=3.646 ms split=0.056 ms act_mul=0.338 ms bmm2=3.328 ms
DEBUG 04-24 09:59:24.809924.809924 cuda_h.py:27] end fused_group_bmm cost 7.866 ms
DEBUG 04-24 09:59:24.810905.810905 cuda_h.py:27] end gather_outputs_group_fused_mp cost 1.282 ms
DEBUG 04-24 09:59:24.811799.811799 cuda_h.py:27] end cpu_experts_worker_bmm_or_einsum_3 cost 14.410 ms
DEBUG 04-24 09:59:24.815103.815103 mlpmodule.py:3373] [fused_group_bmm][steps] bmm1=6.511 ms split=0.083 ms act_mul=0.373 ms bmm2=3.005 ms
DEBUG 04-24 09:59:24.815003.815003 cuda_h.py:27] end fused_group_bmm cost 10.170 ms
DEBUG 04-24 09:59:24.816956.816956 cuda_h.py:27] end gather_outputs_group_fused_mp cost 0.547 ms
DEBUG 04-24 09:59:24.816031.816031 cuda_h.py:27] end cpu_experts_worker_bmm_or_einsum_1 cost 18.413 ms
DEBUG 04-24 09:59:24.817284.817284 mlpmodule.py:3373] [fused_group_bmm][steps] bmm1=6.627 ms split=0.091 ms act_mul=0.504 ms bmm2=3.016 ms
DEBUG 04-24 09:59:24.817476.817476 mlpmodule.py:3373] [fused_group_bmm][steps] bmm1=6.302 ms split=0.105 ms act_mul=0.354 ms bmm2=3.027 ms
DEBUG 04-24 09:59:24.817978.817978 cuda_h.py:27] end fused_group_bmm cost 10.423 ms
DEBUG 04-24 09:59:24.817106.817106 cuda_h.py:27] end fused_group_bmm cost 10.040 ms
DEBUG 04-24 09:59:24.818862.818862 cuda_h.py:27] end gather_outputs_group_fused_mp cost 0.384 ms
DEBUG 04-24 09:59:24.818620.818620 cuda_h.py:27] end gather_outputs_group_fused_mp cost 0.475 ms
DEBUG 04-24 09:59:24.818010.818010 cuda_h.py:27] end cpu_experts_worker_bmm_or_einsum_0 cost 20.293 ms
DEBUG 04-24 09:59:24.818550.818550 cuda_h.py:27] end cpu_experts_worker_bmm_or_einsum_2 cost 20.542 ms
DEBUG 04-24 09:59:24.819791.819791 cuda_h.py:27] end cpu_thread_manager_mp_wait_fused cost 22.200 ms
DEBUG 04-24 09:59:24.819623.819623 cuda_h.py:27] end *single cpu experts* cost 24.079 ms
DEBUG 04-24 09:59:24.820798.820798 sllm_store_c.py:27] get device uuid map
DEBUG 04-24 09:59:24.821470.821470 sllm_store_c.py:29] call client load into gpu
DEBUG 04-24 09:59:24.825361.825361 cuda_h.py:27] end load_into_gpu_async_fused_experts_dual cost 4.947 ms
DEBUG 04-24 09:59:24.825783.825783 cuda_h.py:27] end restore_tensors2_fused_experts_packed cost 0.066 ms
DEBUG 04-24 09:59:24.826131.826131 cuda_h.py:27] end restore_tensors2_fused_experts_slices cost 0.210 ms
DEBUG 04-24 09:59:24.826179.826179 cuda_h.py:27] end allocate_experts_cuda_memory_and_restore_model_multi_device_fused cost 6.684 ms
DEBUG 04-24 09:59:24.826920.826920 cuda_h.py:27] end gpu_sexperts cost 0.005 ms
DEBUG 04-24 09:59:24.826127.826127 cuda_h.py:27] end wait_load_qkvogn_s_weight cost 0.016 ms
DEBUG 04-24 09:59:24.838245.838245 cuda_h.py:27] end prepare_per_device_parameters cost 11.512 ms
DEBUG 04-24 09:59:24.842752.842752 cuda_h.py:27] end wait_experts_multi_device cost 3.989 ms
DEBUG 04-24 09:59:24.842310.842310 cuda_h.py:27] end *before fused experts* cost 22.659 ms
DEBUG 04-24 09:59:24.846578.846578 cuda_h.py:27] end gpu_experts_multi_device_fused cost 4.018 ms
DEBUG 04-24 09:59:24.846011.846011 cuda_h.py:27] end *gpu experts* cost 26.793 ms
DEBUG 04-24 09:59:24.846875.846875 cuda_h.py:27] end layer_moe_generate_mp_multi_device_fused_l_28 cost 52.515 ms
DEBUG 04-24 09:59:24.848206.848206 cuda_h.py:27] end *mlp cost 54.093 ms
DEBUG 04-24 09:59:24.848321.848321 cuda_h.py:27] end prefill_layer cost 57.466 ms
DEBUG 04-24 09:59:24.848408.848408 lmp.py:320] -------------------------------- end prefill layer 27 --------------------------------
DEBUG 04-24 09:59:24.848012.848012 lmp.py:273] -------------------------------- start prefill layer 28 --------------------------------
DEBUG 04-24 09:59:24.848007.848007 cuda_h.py:27] end start_load_qkvogn_s_weight_l_29 cost 0.036 ms
DEBUG 04-24 09:59:24.848665.848665 cuda_h.py:27] end allocate_cuda_memory cost 0.181 ms
DEBUG 04-24 09:59:24.848948.848948 sllm_store_c.py:27] get device uuid map
DEBUG 04-24 09:59:24.849271.849271 sllm_store_c.py:29] call client load into gpu
DEBUG 04-24 09:59:24.850673.850673 cuda_h.py:27] end load_into_gpu_async cost 1.477 ms
DEBUG 04-24 09:59:24.850143.850143 cuda_h.py:27] end restore_tensors2 cost 0.087 ms
DEBUG 04-24 09:59:24.850713.850713 cuda_h.py:27] end **self_attn cost 1.464 ms
DEBUG 04-24 09:59:24.850306.850306 cuda_h.py:27] end allocate_cuda_memory_and_load_into_gpu cost 2.346 ms
DEBUG 04-24 09:59:24.851812.851812 cuda_h.py:27] end *iln_self_attn_paln cost 2.702 ms
DEBUG 04-24 09:59:24.851890.851890 cuda_h.py:27] end gate cost 0.623 ms
DEBUG 04-24 09:59:24.852876.852876 cuda_h.py:27] end experts_map_get cost 0.289 ms
DEBUG 04-24 09:59:24.852060.852060 cuda_h.py:27] end *before experts start* cost 1.145 ms
DEBUG 04-24 09:59:24.852953.852953 cuda_h.py:27] end cpu_experts_submit_fused_mp cost 0.137 ms
DEBUG 04-24 09:59:24.855648.855648 cuda_h.py:27] end prepare_group_stack cost 0.411 ms
DEBUG 04-24 09:59:24.855263.855263 cuda_h.py:27] end prepare_group_stack cost 0.515 ms
DEBUG 04-24 09:59:24.855886.855886 cuda_h.py:27] end prepare_group_stack cost 0.826 ms
DEBUG 04-24 09:59:24.856109.856109 cuda_h.py:27] end prepare_group_stack cost 0.685 ms
DEBUG 04-24 09:59:24.856214.856214 cuda_h.py:27] end group stack cost 0.988 ms
DEBUG 04-24 09:59:24.856396.856396 cuda_h.py:27] end move_flatidxs_group_fused_mp cost 1.617 ms
DEBUG 04-24 09:59:24.856900.856900 cuda_h.py:27] end get_fused_experts_names_w cost 0.019 ms
DEBUG 04-24 09:59:24.856034.856034 cuda_h.py:27] end group stack cost 1.108 ms
DEBUG 04-24 09:59:24.856157.856157 cuda_h.py:27] end move_flatidxs_group_fused_mp cost 1.933 ms
DEBUG 04-24 09:59:24.857581.857581 cuda_h.py:27] end get_fused_experts_names_w cost 0.022 ms
DEBUG 04-24 09:59:24.857419.857419 cuda_h.py:27] end restore_fused_tensors cost 0.418 ms
DEBUG 04-24 09:59:24.857871.857871 cuda_h.py:27] end group_fused_tensors_mp cost 0.527 ms
DEBUG 04-24 09:59:24.857743.857743 cuda_h.py:27] end restore_fused_tensors cost 0.627 ms
DEBUG 04-24 09:59:24.857521.857521 cuda_h.py:27] end group_fused_tensors_mp cost 0.790 ms
DEBUG 04-24 09:59:24.857123.857123 cuda_h.py:27] end group stack cost 1.484 ms
DEBUG 04-24 09:59:24.857521.857521 cuda_h.py:27] end group stack cost 1.721 ms
DEBUG 04-24 09:59:24.858036.858036 cuda_h.py:27] end move_flatidxs_group_fused_mp cost 2.877 ms
DEBUG 04-24 09:59:24.858944.858944 cuda_h.py:27] end move_flatidxs_group_fused_mp cost 3.194 ms
DEBUG 04-24 09:59:24.858809.858809 cuda_h.py:27] end get_fused_experts_names_w cost 0.033 ms
DEBUG 04-24 09:59:24.858082.858082 cuda_h.py:27] end get_fused_experts_names_w cost 0.040 ms
DEBUG 04-24 09:59:24.860203.860203 cuda_h.py:27] end restore_fused_tensors cost 1.670 ms
DEBUG 04-24 09:59:24.860613.860613 cuda_h.py:27] end group_fused_tensors_mp cost 2.265 ms
DEBUG 04-24 09:59:24.860783.860783 cuda_h.py:27] end restore_fused_tensors cost 2.054 ms
DEBUG 04-24 09:59:24.861271.861271 cuda_h.py:27] end group_fused_tensors_mp cost 2.552 ms
DEBUG 04-24 09:59:24.863704.863704 cuda_h.py:27] end restore2model cost 1.214 ms
DEBUG 04-24 09:59:24.863504.863504 cuda_h.py:27] end sllm_worker_task cost 15.378 ms
DEBUG 04-24 09:59:24.868425.868425 mlpmodule.py:3373] [fused_group_bmm][steps] bmm1=6.636 ms split=0.106 ms act_mul=0.417 ms bmm2=3.386 ms
DEBUG 04-24 09:59:24.868857.868857 cuda_h.py:27] end fused_group_bmm cost 10.820 ms
DEBUG 04-24 09:59:24.868937.868937 cuda_h.py:27] end gather_outputs_group_fused_mp cost 0.556 ms
DEBUG 04-24 09:59:24.869326.869326 cuda_h.py:27] end cpu_experts_worker_bmm_or_einsum_1 cost 15.322 ms
DEBUG 04-24 09:59:24.870611.870611 mlpmodule.py:3373] [fused_group_bmm][steps] bmm1=8.008 ms split=0.110 ms act_mul=0.723 ms bmm2=3.985 ms
DEBUG 04-24 09:59:24.871969.871969 cuda_h.py:27] end fused_group_bmm cost 13.047 ms
DEBUG 04-24 09:59:24.871188.871188 mlpmodule.py:3373] [fused_group_bmm][steps] bmm1=5.862 ms split=0.119 ms act_mul=0.742 ms bmm2=3.231 ms
DEBUG 04-24 09:59:24.871135.871135 mlpmodule.py:3373] [fused_group_bmm][steps] bmm1=6.146 ms split=0.094 ms act_mul=0.486 ms bmm2=2.911 ms
DEBUG 04-24 09:59:24.871835.871835 cuda_h.py:27] end fused_group_bmm cost 10.328 ms
DEBUG 04-24 09:59:24.871968.871968 cuda_h.py:27] end fused_group_bmm cost 9.822 ms
DEBUG 04-24 09:59:24.871724.871724 cuda_h.py:27] end gather_outputs_group_fused_mp cost 0.371 ms
DEBUG 04-24 09:59:24.871221.871221 cuda_h.py:27] end gather_outputs_group_fused_mp cost 0.379 ms
DEBUG 04-24 09:59:24.871263.871263 cuda_h.py:27] end gather_outputs_group_fused_mp cost 0.469 ms
DEBUG 04-24 09:59:24.872658.872658 cuda_h.py:27] end cpu_experts_worker_bmm_or_einsum_0 cost 17.863 ms
DEBUG 04-24 09:59:24.872642.872642 cuda_h.py:27] end cpu_experts_worker_bmm_or_einsum_3 cost 17.523 ms
DEBUG 04-24 09:59:24.872305.872305 cuda_h.py:27] end cpu_experts_worker_bmm_or_einsum_2 cost 18.064 ms
DEBUG 04-24 09:59:24.874313.874313 cuda_h.py:27] end cpu_thread_manager_mp_wait_fused cost 19.856 ms
DEBUG 04-24 09:59:24.874762.874762 cuda_h.py:27] end *single cpu experts* cost 21.721 ms
DEBUG 04-24 09:59:24.876693.876693 sllm_store_c.py:27] get device uuid map
DEBUG 04-24 09:59:24.876679.876679 sllm_store_c.py:29] call client load into gpu
DEBUG 04-24 09:59:24.879447.879447 cuda_h.py:27] end load_into_gpu_async_fused_experts_dual cost 3.099 ms
DEBUG 04-24 09:59:24.879482.879482 cuda_h.py:27] end restore_tensors2_fused_experts_packed cost 0.222 ms
DEBUG 04-24 09:59:24.880379.880379 cuda_h.py:27] end restore_tensors2_fused_experts_slices cost 0.561 ms
DEBUG 04-24 09:59:24.880769.880769 cuda_h.py:27] end allocate_experts_cuda_memory_and_restore_model_multi_device_fused cost 6.059 ms
DEBUG 04-24 09:59:24.880350.880350 cuda_h.py:27] end gpu_sexperts cost 0.012 ms
DEBUG 04-24 09:59:24.881875.881875 cuda_h.py:27] end wait_load_qkvogn_s_weight cost 0.038 ms
DEBUG 04-24 09:59:24.894604.894604 cuda_h.py:27] end prepare_per_device_parameters cost 13.537 ms
DEBUG 04-24 09:59:24.896667.896667 cuda_h.py:27] end wait_experts_multi_device cost 1.380 ms
DEBUG 04-24 09:59:24.896241.896241 cuda_h.py:27] end *before fused experts* cost 21.934 ms
DEBUG 04-24 09:59:24.901530.901530 cuda_h.py:27] end gpu_experts_multi_device_fused cost 4.588 ms
DEBUG 04-24 09:59:24.901639.901639 cuda_h.py:27] end *gpu experts* cost 26.696 ms
DEBUG 04-24 09:59:24.901847.901847 cuda_h.py:27] end layer_moe_generate_mp_multi_device_fused_l_29 cost 49.969 ms
DEBUG 04-24 09:59:24.902764.902764 cuda_h.py:27] end *mlp cost 51.661 ms
DEBUG 04-24 09:59:24.903536.903536 cuda_h.py:27] end prefill_layer cost 54.632 ms
DEBUG 04-24 09:59:24.903352.903352 lmp.py:320] -------------------------------- end prefill layer 28 --------------------------------
DEBUG 04-24 09:59:24.903300.903300 lmp.py:273] -------------------------------- start prefill layer 29 --------------------------------
DEBUG 04-24 09:59:24.905342.905342 cuda_h.py:27] end **self_attn cost 2.291 ms
DEBUG 04-24 09:59:24.906623.906623 cuda_h.py:27] end *iln_self_attn_paln cost 3.080 ms
DEBUG 04-24 09:59:24.907537.907537 cuda_h.py:27] end gate cost 0.778 ms
DEBUG 04-24 09:59:24.907961.907961 cuda_h.py:27] end experts_map_get cost 0.474 ms
DEBUG 04-24 09:59:24.907579.907579 cuda_h.py:27] end *before experts start* cost 1.456 ms
DEBUG 04-24 09:59:24.908322.908322 cuda_h.py:27] end cpu_experts_submit_fused_mp cost 0.187 ms
DEBUG 04-24 09:59:24.910746.910746 cuda_h.py:27] end prepare_group_stack cost 0.545 ms
DEBUG 04-24 09:59:24.910808.910808 cuda_h.py:27] end prepare_group_stack cost 0.575 ms
DEBUG 04-24 09:59:24.911083.911083 cuda_h.py:27] end prepare_group_stack cost 0.633 ms
DEBUG 04-24 09:59:24.912343.912343 cuda_h.py:27] end group stack cost 1.399 ms
DEBUG 04-24 09:59:24.912301.912301 cuda_h.py:27] end prepare_group_stack cost 0.762 ms
DEBUG 04-24 09:59:24.912954.912954 cuda_h.py:27] end move_flatidxs_group_fused_mp cost 2.414 ms
DEBUG 04-24 09:59:24.912193.912193 cuda_h.py:27] end get_fused_experts_names_w cost 0.036 ms
DEBUG 04-24 09:59:24.912145.912145 cuda_h.py:27] end group stack cost 1.442 ms
DEBUG 04-24 09:59:24.912940.912940 cuda_h.py:27] end move_flatidxs_group_fused_mp cost 2.776 ms
DEBUG 04-24 09:59:24.913168.913168 cuda_h.py:27] end get_fused_experts_names_w cost 0.031 ms
DEBUG 04-24 09:59:24.913110.913110 cuda_h.py:27] end group stack cost 1.565 ms
DEBUG 04-24 09:59:24.913921.913921 cuda_h.py:27] end move_flatidxs_group_fused_mp cost 2.759 ms
DEBUG 04-24 09:59:24.914663.914663 cuda_h.py:27] end get_fused_experts_names_w cost 0.040 ms
DEBUG 04-24 09:59:24.914235.914235 cuda_h.py:27] end group stack cost 1.582 ms
DEBUG 04-24 09:59:24.914329.914329 cuda_h.py:27] end restore_fused_tensors cost 1.188 ms
DEBUG 04-24 09:59:24.914350.914350 cuda_h.py:27] end group_fused_tensors_mp cost 1.561 ms
DEBUG 04-24 09:59:24.914198.914198 cuda_h.py:27] end move_flatidxs_group_fused_mp cost 2.861 ms
DEBUG 04-24 09:59:24.914299.914299 cuda_h.py:27] end restore_fused_tensors cost 1.054 ms
DEBUG 04-24 09:59:24.914329.914329 cuda_h.py:27] end group_fused_tensors_mp cost 1.489 ms
DEBUG 04-24 09:59:24.914873.914873 cuda_h.py:27] end get_fused_experts_names_w cost 0.036 ms
DEBUG 04-24 09:59:24.915949.915949 cuda_h.py:27] end restore_fused_tensors cost 1.123 ms
DEBUG 04-24 09:59:24.915762.915762 cuda_h.py:27] end group_fused_tensors_mp cost 1.419 ms
DEBUG 04-24 09:59:24.916813.916813 cuda_h.py:27] end restore_fused_tensors cost 1.276 ms
DEBUG 04-24 09:59:24.916504.916504 cuda_h.py:27] end group_fused_tensors_mp cost 1.694 ms
DEBUG 04-24 09:59:24.928488.928488 mlpmodule.py:3373] [fused_group_bmm][steps] bmm1=7.353 ms split=0.114 ms act_mul=0.565 ms bmm2=3.683 ms
DEBUG 04-24 09:59:24.928451.928451 cuda_h.py:27] end fused_group_bmm cost 12.046 ms
DEBUG 04-24 09:59:24.928443.928443 mlpmodule.py:3373] [fused_group_bmm][steps] bmm1=9.157 ms split=0.147 ms act_mul=0.390 ms bmm2=4.694 ms
DEBUG 04-24 09:59:24.929660.929660 mlpmodule.py:3373] [fused_group_bmm][steps] bmm1=9.185 ms split=0.078 ms act_mul=0.287 ms bmm2=4.646 ms
DEBUG 04-24 09:59:24.929929.929929 cuda_h.py:27] end fused_group_bmm cost 14.702 ms
DEBUG 04-24 09:59:24.929937.929937 cuda_h.py:27] end fused_group_bmm cost 14.393 ms
DEBUG 04-24 09:59:24.929589.929589 mlpmodule.py:3373] [fused_group_bmm][steps] bmm1=8.570 ms split=0.104 ms act_mul=0.293 ms bmm2=4.587 ms
DEBUG 04-24 09:59:24.929219.929219 cuda_h.py:27] end gather_outputs_group_fused_mp cost 0.497 ms
DEBUG 04-24 09:59:24.929487.929487 cuda_h.py:27] end fused_group_bmm cost 13.898 ms
DEBUG 04-24 09:59:24.929468.929468 cuda_h.py:27] end gather_outputs_group_fused_mp cost 0.408 ms
DEBUG 04-24 09:59:24.929585.929585 cuda_h.py:27] end gather_outputs_group_fused_mp cost 0.388 ms
DEBUG 04-24 09:59:24.929084.929084 cuda_h.py:27] end cpu_experts_worker_bmm_or_einsum_3 cost 18.878 ms
DEBUG 04-24 09:59:24.930841.930841 cuda_h.py:27] end gather_outputs_group_fused_mp cost 0.486 ms
DEBUG 04-24 09:59:24.930024.930024 cuda_h.py:27] end cpu_experts_worker_bmm_or_einsum_0 cost 20.600 ms
DEBUG 04-24 09:59:24.930972.930972 cuda_h.py:27] end cpu_experts_worker_bmm_or_einsum_1 cost 20.895 ms
DEBUG 04-24 09:59:24.930743.930743 cuda_h.py:27] end cpu_experts_worker_bmm_or_einsum_2 cost 20.519 ms
DEBUG 04-24 09:59:24.933603.933603 cuda_h.py:27] end cpu_thread_manager_mp_wait_fused cost 23.355 ms
DEBUG 04-24 09:59:24.933192.933192 cuda_h.py:27] end *single cpu experts* cost 25.748 ms
DEBUG 04-24 09:59:24.935768.935768 sllm_store_c.py:27] get device uuid map
DEBUG 04-24 09:59:24.936172.936172 sllm_store_c.py:29] call client load into gpu
DEBUG 04-24 09:59:24.938300.938300 cuda_h.py:27] end load_into_gpu_async_fused_experts_dual cost 2.867 ms
DEBUG 04-24 09:59:24.938604.938604 cuda_h.py:27] end restore_tensors2_fused_experts_packed cost 0.073 ms
DEBUG 04-24 09:59:24.939302.939302 cuda_h.py:27] end restore_tensors2_fused_experts_slices cost 0.274 ms
DEBUG 04-24 09:59:24.939980.939980 cuda_h.py:27] end allocate_experts_cuda_memory_and_restore_model_multi_device_fused cost 5.396 ms
DEBUG 04-24 09:59:24.939121.939121 cuda_h.py:27] end gpu_sexperts cost 0.005 ms
DEBUG 04-24 09:59:24.944368.944368 cuda_h.py:27] end prepare_per_device_parameters cost 5.161 ms
DEBUG 04-24 09:59:24.958894.958894 cuda_h.py:27] end wait_experts_multi_device cost 13.486 ms
DEBUG 04-24 09:59:24.958182.958182 cuda_h.py:27] end *before fused experts* cost 24.480 ms
DEBUG 04-24 09:59:24.963051.963051 cuda_h.py:27] end gpu_experts_multi_device_fused cost 4.563 ms
DEBUG 04-24 09:59:24.963021.963021 cuda_h.py:27] end *gpu experts* cost 29.173 ms
DEBUG 04-24 09:59:24.963368.963368 cuda_h.py:27] end layer_moe_generate_mp_multi_device_fused_l_30 cost 56.848 ms
DEBUG 04-24 09:59:24.964048.964048 cuda_h.py:27] end *mlp cost 58.369 ms
DEBUG 04-24 09:59:24.964846.964846 cuda_h.py:27] end prefill_layer cost 61.776 ms
DEBUG 04-24 09:59:24.964039.964039 lmp.py:320] -------------------------------- end prefill layer 29 --------------------------------
DEBUG 04-24 09:59:24.965510.965510 cuda_h.py:27] end prefill cost 2438.848 ms
INFO 04-24 09:59:24.965227.965227 lmp.py:322] prefill time: 2.4388747215270996 seconds
generate input ids cost 0.05248546600341797 s
DEBUG 04-24 09:59:30.081820.081820 cuda_h.py:27] end generate_input_ids cost 2558.780 ms
DEBUG 04-24 09:59:30.082514.082514 cuda_h.py:27] end init_cache cost 0.037 ms
DEBUG 04-24 09:59:30.082182.082182 cuda_h.py:27] end allocate_cuda_memory cost 0.482 ms
DEBUG 04-24 09:59:30.082734.082734 sllm_store_c.py:27] get device uuid map
DEBUG 04-24 09:59:30.082140.082140 sllm_store_c.py:29] call client load into gpu
DEBUG 04-24 09:59:30.085987.085987 cuda_h.py:27] end load_into_gpu_async cost 2.393 ms
DEBUG 04-24 09:59:30.085574.085574 cuda_h.py:27] end restore_tensors2 cost 0.047 ms
DEBUG 04-24 09:59:30.085813.085813 cuda_h.py:27] end allocate_cuda_memory_and_load_into_gpu cost 3.161 ms
DEBUG 04-24 09:59:30.085013.085013 cuda_h.py:27] end restore2model cost 0.187 ms
DEBUG 04-24 09:59:30.220865.220865 cuda_h.py:27] end allocate_cuda_memory cost 0.468 ms
DEBUG 04-24 09:59:30.220581.220581 sllm_store_c.py:27] get device uuid map
DEBUG 04-24 09:59:30.220929.220929 sllm_store_c.py:29] call client load into gpu
DEBUG 04-24 09:59:30.223878.223878 cuda_h.py:27] end load_into_gpu_async cost 3.119 ms
DEBUG 04-24 09:59:30.224070.224070 cuda_h.py:27] end restore_tensors2 cost 0.219 ms
DEBUG 04-24 09:59:30.224932.224932 cuda_h.py:27] end allocate_cuda_memory_and_load_into_gpu cost 4.647 ms
DEBUG 04-24 09:59:30.365948.365948 cuda_h.py:27] end restore2model cost 1.868 ms
DEBUG 04-24 09:59:30.365637.365637 cuda_h.py:27] end load_qkvogns_weight_l_0 cost 146.155 ms
DEBUG 04-24 09:59:30.365501.365501 cuda_h.py:27] end init_general_weights cost 283.794 ms
DEBUG 04-24 09:59:30.366909.366909 cuda_h.py:27] end init_inputs_tokens cost 0.803 ms
DEBUG 04-24 09:59:30.366749.366749 lmp.py:273] -------------------------------- start prefill layer 0 --------------------------------
DEBUG 04-24 09:59:30.367305.367305 cuda_h.py:27] end start_load_qkvogn_s_weight_l_1 cost 0.073 ms
DEBUG 04-24 09:59:30.368801.368801 cuda_h.py:27] end allocate_cuda_memory cost 0.340 ms
DEBUG 04-24 09:59:30.368299.368299 sllm_store_c.py:27] get device uuid map
DEBUG 04-24 09:59:30.368854.368854 sllm_store_c.py:29] call client load into gpu
DEBUG 04-24 09:59:30.371482.371482 cuda_h.py:27] end load_into_gpu_async cost 2.902 ms
DEBUG 04-24 09:59:30.371846.371846 cuda_h.py:27] end restore_tensors2 cost 0.190 ms
DEBUG 04-24 09:59:30.372915.372915 cuda_h.py:27] end allocate_cuda_memory_and_load_into_gpu cost 4.440 ms
DEBUG 04-24 09:59:30.375291.375291 cuda_h.py:27] end **self_attn cost 6.071 ms
DEBUG 04-24 09:59:30.376225.376225 cuda_h.py:27] end *iln_self_attn_paln cost 8.985 ms
DEBUG 04-24 09:59:30.377128.377128 cuda_h.py:27] end gate cost 1.062 ms
DEBUG 04-24 09:59:30.378278.378278 cuda_h.py:27] end experts_map_get cost 0.555 ms
DEBUG 04-24 09:59:30.378863.378863 cuda_h.py:27] end *before experts start* cost 1.865 ms
DEBUG 04-24 09:59:30.378449.378449 cuda_h.py:27] end cpu_experts_submit_fused_mp cost 0.243 ms
DEBUG 04-24 09:59:30.381812.381812 cuda_h.py:27] end prepare_group_stack cost 0.936 ms
DEBUG 04-24 09:59:30.381448.381448 cuda_h.py:27] end prepare_group_stack cost 1.062 ms
DEBUG 04-24 09:59:30.382081.382081 cuda_h.py:27] end prepare_group_stack cost 1.077 ms
DEBUG 04-24 09:59:30.383812.383812 cuda_h.py:27] end restore2model cost 2.778 ms
DEBUG 04-24 09:59:30.383522.383522 cuda_h.py:27] end sllm_worker_task cost 15.957 ms
DEBUG 04-24 09:59:30.383314.383314 cuda_h.py:27] end group stack cost 1.902 ms
DEBUG 04-24 09:59:30.383689.383689 cuda_h.py:27] end move_flatidxs_group_fused_mp cost 3.447 ms
DEBUG 04-24 09:59:30.384937.384937 cuda_h.py:27] end get_fused_experts_names_w cost 0.037 ms
DEBUG 04-24 09:59:30.384917.384917 cuda_h.py:27] end restore_fused_tensors cost 0.138 ms
DEBUG 04-24 09:59:30.384437.384437 cuda_h.py:27] end group_fused_tensors_mp cost 0.728 ms
DEBUG 04-24 09:59:30.386624.386624 cuda_h.py:27] end group stack cost 4.269 ms
DEBUG 04-24 09:59:30.387252.387252 cuda_h.py:27] end move_flatidxs_group_fused_mp cost 6.321 ms
DEBUG 04-24 09:59:30.387350.387350 cuda_h.py:27] end get_fused_experts_names_w cost 0.048 ms
DEBUG 04-24 09:59:30.388290.388290 cuda_h.py:27] end prepare_group_stack cost 5.283 ms
DEBUG 04-24 09:59:30.388549.388549 cuda_h.py:27] end restore_fused_tensors cost 0.351 ms
DEBUG 04-24 09:59:30.388743.388743 cuda_h.py:27] end group_fused_tensors_mp cost 1.119 ms
DEBUG 04-24 09:59:30.390828.390828 cuda_h.py:27] end group stack cost 7.228 ms
DEBUG 04-24 09:59:30.390701.390701 cuda_h.py:27] end move_flatidxs_group_fused_mp cost 8.948 ms
DEBUG 04-24 09:59:30.390262.390262 cuda_h.py:27] end get_fused_experts_names_w cost 0.046 ms
DEBUG 04-24 09:59:30.390541.390541 cuda_h.py:27] end group stack cost 2.375 ms
DEBUG 04-24 09:59:30.391276.391276 cuda_h.py:27] end move_flatidxs_group_fused_mp cost 8.480 ms
DEBUG 04-24 09:59:30.391260.391260 cuda_h.py:27] end restore_fused_tensors cost 0.224 ms
DEBUG 04-24 09:59:30.391158.391158 cuda_h.py:27] end group_fused_tensors_mp cost 0.723 ms
DEBUG 04-24 09:59:30.391815.391815 cuda_h.py:27] end get_fused_experts_names_w cost 0.034 ms
DEBUG 04-24 09:59:30.391335.391335 cuda_h.py:27] end restore_fused_tensors cost 0.220 ms
DEBUG 04-24 09:59:30.391882.391882 cuda_h.py:27] end group_fused_tensors_mp cost 0.477 ms
DEBUG 04-24 09:59:30.397143.397143 mlpmodule.py:3373] [fused_group_bmm][steps] bmm1=6.672 ms split=0.175 ms act_mul=1.256 ms bmm2=3.813 ms
DEBUG 04-24 09:59:30.397579.397579 cuda_h.py:27] end fused_group_bmm cost 12.306 ms
DEBUG 04-24 09:59:30.398964.398964 cuda_h.py:27] end gather_outputs_group_fused_mp cost 0.714 ms
DEBUG 04-24 09:59:30.398939.398939 mlpmodule.py:3373] [fused_group_bmm][steps] bmm1=5.511 ms split=0.146 ms act_mul=1.509 ms bmm2=2.322 ms
DEBUG 04-24 09:59:30.398580.398580 cuda_h.py:27] end fused_group_bmm cost 9.669 ms
DEBUG 04-24 09:59:30.398752.398752 cuda_h.py:27] end cpu_experts_worker_bmm_or_einsum_3 cost 18.593 ms
DEBUG 04-24 09:59:30.399649.399649 cuda_h.py:27] end gather_outputs_group_fused_mp cost 0.421 ms
DEBUG 04-24 09:59:30.399215.399215 cuda_h.py:27] end cpu_experts_worker_bmm_or_einsum_1 cost 19.077 ms
DEBUG 04-24 09:59:30.402530.402530 mlpmodule.py:3373] [fused_group_bmm][steps] bmm1=6.637 ms split=0.108 ms act_mul=1.068 ms bmm2=2.194 ms
DEBUG 04-24 09:59:30.402577.402577 cuda_h.py:27] end fused_group_bmm cost 10.245 ms
DEBUG 04-24 09:59:30.403724.403724 cuda_h.py:27] end gather_outputs_group_fused_mp cost 0.581 ms
DEBUG 04-24 09:59:30.403604.403604 cuda_h.py:27] end cpu_experts_worker_bmm_or_einsum_2 cost 21.288 ms
DEBUG 04-24 09:59:30.439402.439402 mlpmodule.py:3373] [fused_group_bmm][steps] bmm1=17.401 ms split=0.076 ms act_mul=28.202 ms bmm2=2.251 ms
DEBUG 04-24 09:59:30.439654.439654 cuda_h.py:27] end fused_group_bmm cost 48.201 ms
DEBUG 04-24 09:59:30.440541.440541 cuda_h.py:27] end gather_outputs_group_fused_mp cost 0.521 ms
DEBUG 04-24 09:59:30.441183.441183 cuda_h.py:27] end cpu_experts_worker_bmm_or_einsum_0 cost 59.792 ms
DEBUG 04-24 09:59:30.444171.444171 cuda_h.py:27] end cpu_thread_manager_mp_wait_fused cost 62.551 ms
DEBUG 04-24 09:59:30.444840.444840 cuda_h.py:27] end *single cpu experts* cost 66.112 ms
DEBUG 04-24 09:59:30.447725.447725 sllm_store_c.py:27] get device uuid map
DEBUG 04-24 09:59:30.447341.447341 sllm_store_c.py:29] call client load into gpu
DEBUG 04-24 09:59:30.451387.451387 cuda_h.py:27] end load_into_gpu_async_fused_experts_dual cost 3.760 ms
DEBUG 04-24 09:59:30.451768.451768 cuda_h.py:27] end restore_tensors2_fused_experts_packed cost 0.132 ms
DEBUG 04-24 09:59:30.452533.452533 cuda_h.py:27] end restore_tensors2_fused_experts_slices cost 0.580 ms
DEBUG 04-24 09:59:30.452989.452989 cuda_h.py:27] end allocate_experts_cuda_memory_and_restore_model_multi_device_fused cost 7.239 ms
DEBUG 04-24 09:59:30.452518.452518 cuda_h.py:27] end gpu_sexperts cost 0.008 ms
DEBUG 04-24 09:59:30.452525.452525 cuda_h.py:27] end wait_load_qkvogn_s_weight cost 0.031 ms
DEBUG 04-24 09:59:30.468416.468416 cuda_h.py:27] end prepare_per_device_parameters cost 16.001 ms
DEBUG 04-24 09:59:30.470949.470949 cuda_h.py:27] end wait_experts_multi_device cost 1.414 ms
DEBUG 04-24 09:59:30.470594.470594 cuda_h.py:27] end *before fused experts* cost 25.333 ms
DEBUG 04-24 09:59:30.477131.477131 cuda_h.py:27] end gpu_experts_multi_device_fused cost 7.098 ms
DEBUG 04-24 09:59:30.477848.477848 cuda_h.py:27] end *gpu experts* cost 32.546 ms
DEBUG 04-24 09:59:30.477374.477374 cuda_h.py:27] end layer_moe_generate_mp_multi_device_fused_l_1 cost 100.981 ms
DEBUG 04-24 09:59:30.478648.478648 cuda_h.py:27] end *mlp cost 102.238 ms
DEBUG 04-24 09:59:30.478280.478280 cuda_h.py:27] end prefill_layer cost 111.987 ms
DEBUG 04-24 09:59:30.478320.478320 lmp.py:320] -------------------------------- end prefill layer 0 --------------------------------
DEBUG 04-24 09:59:30.478639.478639 lmp.py:273] -------------------------------- start prefill layer 1 --------------------------------
DEBUG 04-24 09:59:30.479588.479588 cuda_h.py:27] end start_load_qkvogn_s_weight_l_2 cost 0.036 ms
DEBUG 04-24 09:59:30.479136.479136 cuda_h.py:27] end allocate_cuda_memory cost 0.333 ms
DEBUG 04-24 09:59:30.479064.479064 sllm_store_c.py:27] get device uuid map
DEBUG 04-24 09:59:30.480525.480525 sllm_store_c.py:29] call client load into gpu
DEBUG 04-24 09:59:30.481860.481860 cuda_h.py:27] end **self_attn cost 1.914 ms
DEBUG 04-24 09:59:30.482432.482432 cuda_h.py:27] end *iln_self_attn_paln cost 3.295 ms
DEBUG 04-24 09:59:30.482274.482274 cuda_h.py:27] end load_into_gpu_async cost 3.099 ms
DEBUG 04-24 09:59:30.483404.483404 cuda_h.py:27] end restore_tensors2 cost 0.169 ms
DEBUG 04-24 09:59:30.483076.483076 cuda_h.py:27] end allocate_cuda_memory_and_load_into_gpu cost 4.156 ms
DEBUG 04-24 09:59:30.483344.483344 cuda_h.py:27] end gate cost 1.323 ms
DEBUG 04-24 09:59:30.484000.484000 cuda_h.py:27] end experts_map_get cost 0.317 ms
DEBUG 04-24 09:59:30.484313.484313 cuda_h.py:27] end *before experts start* cost 1.804 ms
DEBUG 04-24 09:59:30.484650.484650 cuda_h.py:27] end cpu_experts_submit_fused_mp cost 0.148 ms
DEBUG 04-24 09:59:30.487516.487516 cuda_h.py:27] end prepare_group_stack cost 0.539 ms
DEBUG 04-24 09:59:30.488747.488747 cuda_h.py:27] end prepare_group_stack cost 0.677 ms
DEBUG 04-24 09:59:30.488347.488347 cuda_h.py:27] end prepare_group_stack cost 0.653 ms
DEBUG 04-24 09:59:30.488808.488808 cuda_h.py:27] end group stack cost 1.295 ms
DEBUG 04-24 09:59:30.488545.488545 cuda_h.py:27] end move_flatidxs_group_fused_mp cost 2.409 ms
DEBUG 04-24 09:59:30.489814.489814 cuda_h.py:27] end get_fused_experts_names_w cost 0.038 ms
DEBUG 04-24 09:59:30.489195.489195 cuda_h.py:27] end prepare_group_stack cost 0.594 ms
DEBUG 04-24 09:59:30.490399.490399 cuda_h.py:27] end restore_fused_tensors cost 0.894 ms
DEBUG 04-24 09:59:30.490106.490106 cuda_h.py:27] end group_fused_tensors_mp cost 1.252 ms
DEBUG 04-24 09:59:30.490900.490900 cuda_h.py:27] end group stack cost 1.803 ms
DEBUG 04-24 09:59:30.490770.490770 cuda_h.py:27] end move_flatidxs_group_fused_mp cost 2.978 ms
DEBUG 04-24 09:59:30.490003.490003 cuda_h.py:27] end get_fused_experts_names_w cost 0.036 ms
DEBUG 04-24 09:59:30.491367.491367 cuda_h.py:27] end group stack cost 1.594 ms
DEBUG 04-24 09:59:30.491871.491871 cuda_h.py:27] end group stack cost 2.402 ms
DEBUG 04-24 09:59:30.491162.491162 cuda_h.py:27] end move_flatidxs_group_fused_mp cost 2.609 ms
DEBUG 04-24 09:59:30.491362.491362 cuda_h.py:27] end move_flatidxs_group_fused_mp cost 3.514 ms
DEBUG 04-24 09:59:30.491975.491975 cuda_h.py:27] end get_fused_experts_names_w cost 0.031 ms
DEBUG 04-24 09:59:30.491816.491816 cuda_h.py:27] end get_fused_experts_names_w cost 0.036 ms
DEBUG 04-24 09:59:30.492756.492756 cuda_h.py:27] end restore_fused_tensors cost 1.425 ms
DEBUG 04-24 09:59:30.492246.492246 cuda_h.py:27] end group_fused_tensors_mp cost 1.766 ms
DEBUG 04-24 09:59:30.492597.492597 cuda_h.py:27] end restore2model cost 1.929 ms
DEBUG 04-24 09:59:30.492199.492199 cuda_h.py:27] end sllm_worker_task cost 13.554 ms
DEBUG 04-24 09:59:30.492354.492354 cuda_h.py:27] end restore_fused_tensors cost 1.260 ms
DEBUG 04-24 09:59:30.492051.492051 cuda_h.py:27] end restore_fused_tensors cost 1.161 ms
DEBUG 04-24 09:59:30.493181.493181 cuda_h.py:27] end group_fused_tensors_mp cost 1.835 ms
DEBUG 04-24 09:59:30.493407.493407 cuda_h.py:27] end group_fused_tensors_mp cost 1.669 ms
DEBUG 04-24 09:59:30.503583.503583 mlpmodule.py:3373] [fused_group_bmm][steps] bmm1=7.570 ms split=0.148 ms act_mul=0.975 ms bmm2=2.290 ms
DEBUG 04-24 09:59:30.503682.503682 cuda_h.py:27] end fused_group_bmm cost 11.226 ms
DEBUG 04-24 09:59:30.504964.504964 mlpmodule.py:3373] [fused_group_bmm][steps] bmm1=6.818 ms split=0.127 ms act_mul=0.712 ms bmm2=3.206 ms
DEBUG 04-24 09:59:30.504759.504759 cuda_h.py:27] end fused_group_bmm cost 11.089 ms
DEBUG 04-24 09:59:30.504482.504482 cuda_h.py:27] end gather_outputs_group_fused_mp cost 0.499 ms
DEBUG 04-24 09:59:30.504557.504557 cuda_h.py:27] end cpu_experts_worker_bmm_or_einsum_3 cost 18.356 ms
DEBUG 04-24 09:59:30.505668.505668 cuda_h.py:27] end gather_outputs_group_fused_mp cost 0.572 ms
DEBUG 04-24 09:59:30.505363.505363 cuda_h.py:27] end cpu_experts_worker_bmm_or_einsum_2 cost 19.241 ms
DEBUG 04-24 09:59:30.506980.506980 mlpmodule.py:3373] [fused_group_bmm][steps] bmm1=8.759 ms split=0.103 ms act_mul=0.681 ms bmm2=3.614 ms
DEBUG 04-24 09:59:30.506350.506350 cuda_h.py:27] end fused_group_bmm cost 13.345 ms
DEBUG 04-24 09:59:30.507356.507356 cuda_h.py:27] end gather_outputs_group_fused_mp cost 0.412 ms
DEBUG 04-24 09:59:30.507614.507614 cuda_h.py:27] end cpu_experts_worker_bmm_or_einsum_1 cost 20.171 ms
DEBUG 04-24 09:59:30.550180.550180 mlpmodule.py:3373] [fused_group_bmm][steps] bmm1=12.284 ms split=0.217 ms act_mul=44.788 ms bmm2=3.055 ms
DEBUG 04-24 09:59:30.551962.551962 cuda_h.py:27] end fused_group_bmm cost 60.604 ms
DEBUG 04-24 09:59:30.551878.551878 cuda_h.py:27] end gather_outputs_group_fused_mp cost 0.421 ms
DEBUG 04-24 09:59:30.552903.552903 cuda_h.py:27] end cpu_experts_worker_bmm_or_einsum_0 cost 66.482 ms
DEBUG 04-24 09:59:30.553475.553475 cuda_h.py:27] end cpu_thread_manager_mp_wait_fused cost 67.063 ms
DEBUG 04-24 09:59:30.553300.553300 cuda_h.py:27] end *single cpu experts* cost 68.988 ms
DEBUG 04-24 09:59:30.554690.554690 sllm_store_c.py:27] get device uuid map
DEBUG 04-24 09:59:30.554878.554878 sllm_store_c.py:29] call client load into gpu
DEBUG 04-24 09:59:30.556938.556938 cuda_h.py:27] end load_into_gpu_async_fused_experts_dual cost 2.681 ms
DEBUG 04-24 09:59:30.557486.557486 cuda_h.py:27] end restore_tensors2_fused_experts_packed cost 0.070 ms
DEBUG 04-24 09:59:30.557260.557260 cuda_h.py:27] end restore_tensors2_fused_experts_slices cost 0.337 ms
DEBUG 04-24 09:59:30.557787.557787 cuda_h.py:27] end allocate_experts_cuda_memory_and_restore_model_multi_device_fused cost 4.414 ms
DEBUG 04-24 09:59:30.558234.558234 cuda_h.py:27] end gpu_sexperts cost 0.006 ms
DEBUG 04-24 09:59:30.558882.558882 cuda_h.py:27] end wait_load_qkvogn_s_weight cost 0.020 ms
DEBUG 04-24 09:59:30.571099.571099 cuda_h.py:27] end prepare_per_device_parameters cost 13.468 ms
DEBUG 04-24 09:59:30.574847.574847 cuda_h.py:27] end wait_experts_multi_device cost 2.632 ms
DEBUG 04-24 09:59:30.574457.574457 cuda_h.py:27] end *before fused experts* cost 21.441 ms
DEBUG 04-24 09:59:30.579391.579391 cuda_h.py:27] end gpu_experts_multi_device_fused cost 5.084 ms
DEBUG 04-24 09:59:30.579109.579109 cuda_h.py:27] end *gpu experts* cost 26.677 ms
DEBUG 04-24 09:59:30.580204.580204 cuda_h.py:27] end layer_moe_generate_mp_multi_device_fused_l_2 cost 97.615 ms
DEBUG 04-24 09:59:30.581066.581066 cuda_h.py:27] end *mlp cost 99.233 ms
DEBUG 04-24 09:59:30.581168.581168 cuda_h.py:27] end prefill_layer cost 102.811 ms
DEBUG 04-24 09:59:30.581586.581586 lmp.py:320] -------------------------------- end prefill layer 1 --------------------------------
DEBUG 04-24 09:59:30.581997.581997 lmp.py:273] -------------------------------- start prefill layer 2 --------------------------------
DEBUG 04-24 09:59:30.581655.581655 cuda_h.py:27] end start_load_qkvogn_s_weight_l_3 cost 0.035 ms
DEBUG 04-24 09:59:30.582426.582426 cuda_h.py:27] end allocate_cuda_memory cost 0.308 ms
DEBUG 04-24 09:59:30.582374.582374 sllm_store_c.py:27] get device uuid map
DEBUG 04-24 09:59:30.583568.583568 sllm_store_c.py:29] call client load into gpu
DEBUG 04-24 09:59:30.584587.584587 cuda_h.py:27] end **self_attn cost 1.575 ms
DEBUG 04-24 09:59:30.584800.584800 cuda_h.py:27] end *iln_self_attn_paln cost 2.778 ms
DEBUG 04-24 09:59:30.585416.585416 cuda_h.py:27] end load_into_gpu_async cost 2.448 ms
DEBUG 04-24 09:59:30.585691.585691 cuda_h.py:27] end restore_tensors2 cost 0.169 ms
DEBUG 04-24 09:59:30.585741.585741 cuda_h.py:27] end allocate_cuda_memory_and_load_into_gpu cost 3.463 ms
DEBUG 04-24 09:59:30.586493.586493 cuda_h.py:27] end gate cost 1.290 ms
DEBUG 04-24 09:59:30.586002.586002 cuda_h.py:27] end experts_map_get cost 0.288 ms
DEBUG 04-24 09:59:30.586885.586885 cuda_h.py:27] end *before experts start* cost 1.732 ms
DEBUG 04-24 09:59:30.586646.586646 cuda_h.py:27] end cpu_experts_submit_fused_mp cost 0.147 ms
DEBUG 04-24 09:59:30.590445.590445 cuda_h.py:27] end prepare_group_stack cost 0.486 ms
DEBUG 04-24 09:59:30.590325.590325 cuda_h.py:27] end prepare_group_stack cost 0.612 ms
DEBUG 04-24 09:59:30.590946.590946 cuda_h.py:27] end prepare_group_stack cost 0.698 ms
DEBUG 04-24 09:59:30.590920.590920 cuda_h.py:27] end prepare_group_stack cost 0.674 ms
DEBUG 04-24 09:59:30.592258.592258 cuda_h.py:27] end group stack cost 1.461 ms
DEBUG 04-24 09:59:30.592589.592589 cuda_h.py:27] end move_flatidxs_group_fused_mp cost 2.447 ms
DEBUG 04-24 09:59:30.592261.592261 cuda_h.py:27] end get_fused_experts_names_w cost 0.025 ms
DEBUG 04-24 09:59:30.592157.592157 cuda_h.py:27] end group stack cost 1.703 ms
DEBUG 04-24 09:59:30.592683.592683 cuda_h.py:27] end move_flatidxs_group_fused_mp cost 2.877 ms
DEBUG 04-24 09:59:30.592879.592879 cuda_h.py:27] end get_fused_experts_names_w cost 0.028 ms
DEBUG 04-24 09:59:30.592921.592921 cuda_h.py:27] end group stack cost 1.666 ms
DEBUG 04-24 09:59:30.593014.593014 cuda_h.py:27] end move_flatidxs_group_fused_mp cost 3.135 ms
DEBUG 04-24 09:59:30.593518.593518 cuda_h.py:27] end group stack cost 1.920 ms
DEBUG 04-24 09:59:30.593964.593964 cuda_h.py:27] end get_fused_experts_names_w cost 0.032 ms
DEBUG 04-24 09:59:30.593961.593961 cuda_h.py:27] end move_flatidxs_group_fused_mp cost 3.557 ms
DEBUG 04-24 09:59:30.593174.593174 cuda_h.py:27] end restore_fused_tensors cost 0.884 ms
DEBUG 04-24 09:59:30.593975.593975 cuda_h.py:27] end group_fused_tensors_mp cost 1.362 ms
DEBUG 04-24 09:59:30.593453.593453 cuda_h.py:27] end get_fused_experts_names_w cost 0.042 ms
DEBUG 04-24 09:59:30.593052.593052 cuda_h.py:27] end restore_fused_tensors cost 0.821 ms
DEBUG 04-24 09:59:30.594160.594160 cuda_h.py:27] end group_fused_tensors_mp cost 1.292 ms
DEBUG 04-24 09:59:30.594908.594908 cuda_h.py:27] end restore2model cost 1.797 ms
DEBUG 04-24 09:59:30.594761.594761 cuda_h.py:27] end sllm_worker_task cost 12.960 ms
DEBUG 04-24 09:59:30.595328.595328 cuda_h.py:27] end restore_fused_tensors cost 1.460 ms
DEBUG 04-24 09:59:30.595702.595702 cuda_h.py:27] end group_fused_tensors_mp cost 1.908 ms
DEBUG 04-24 09:59:30.595690.595690 cuda_h.py:27] end restore_fused_tensors cost 1.984 ms
DEBUG 04-24 09:59:30.596819.596819 cuda_h.py:27] end group_fused_tensors_mp cost 2.644 ms
DEBUG 04-24 09:59:30.606899.606899 mlpmodule.py:3373] [fused_group_bmm][steps] bmm1=8.685 ms split=0.111 ms act_mul=0.731 ms bmm2=3.024 ms
DEBUG 04-24 09:59:30.606553.606553 cuda_h.py:27] end fused_group_bmm cost 12.940 ms
DEBUG 04-24 09:59:30.607733.607733 mlpmodule.py:3373] [fused_group_bmm][steps] bmm1=7.578 ms split=0.071 ms act_mul=0.526 ms bmm2=3.286 ms
DEBUG 04-24 09:59:30.607059.607059 cuda_h.py:27] end fused_group_bmm cost 11.727 ms
DEBUG 04-24 09:59:30.607793.607793 cuda_h.py:27] end gather_outputs_group_fused_mp cost 0.589 ms
DEBUG 04-24 09:59:30.607082.607082 cuda_h.py:27] end cpu_experts_worker_bmm_or_einsum_3 cost 19.052 ms
DEBUG 04-24 09:59:30.607559.607559 cuda_h.py:27] end gather_outputs_group_fused_mp cost 0.452 ms
DEBUG 04-24 09:59:30.608778.608778 cuda_h.py:27] end cpu_experts_worker_bmm_or_einsum_1 cost 19.183 ms
DEBUG 04-24 09:59:30.608272.608272 mlpmodule.py:3373] [fused_group_bmm][steps] bmm1=6.784 ms split=0.152 ms act_mul=0.997 ms bmm2=2.505 ms
DEBUG 04-24 09:59:30.608741.608741 cuda_h.py:27] end fused_group_bmm cost 11.005 ms
DEBUG 04-24 09:59:30.609716.609716 cuda_h.py:27] end gather_outputs_group_fused_mp cost 0.865 ms
DEBUG 04-24 09:59:30.610764.610764 mlpmodule.py:3373] [fused_group_bmm][steps] bmm1=11.971 ms split=0.102 ms act_mul=1.053 ms bmm2=2.738 ms
DEBUG 04-24 09:59:30.610902.610902 cuda_h.py:27] end fused_group_bmm cost 16.063 ms
DEBUG 04-24 09:59:30.610292.610292 cuda_h.py:27] end cpu_experts_worker_bmm_or_einsum_0 cost 21.495 ms
DEBUG 04-24 09:59:30.611565.611565 cuda_h.py:27] end gather_outputs_group_fused_mp cost 0.518 ms
DEBUG 04-24 09:59:30.611760.611760 cuda_h.py:27] end cpu_experts_worker_bmm_or_einsum_2 cost 22.884 ms
DEBUG 04-24 09:59:30.612139.612139 cuda_h.py:27] end cpu_thread_manager_mp_wait_fused cost 24.627 ms
DEBUG 04-24 09:59:30.612634.612634 cuda_h.py:27] end *single cpu experts* cost 26.294 ms
DEBUG 04-24 09:59:30.614689.614689 sllm_store_c.py:27] get device uuid map
DEBUG 04-24 09:59:30.614874.614874 sllm_store_c.py:29] call client load into gpu
DEBUG 04-24 09:59:30.617695.617695 cuda_h.py:27] end load_into_gpu_async_fused_experts_dual cost 2.762 ms
DEBUG 04-24 09:59:30.617078.617078 cuda_h.py:27] end restore_tensors2_fused_experts_packed cost 0.088 ms
DEBUG 04-24 09:59:30.617510.617510 cuda_h.py:27] end restore_tensors2_fused_experts_slices cost 0.299 ms
DEBUG 04-24 09:59:30.617261.617261 cuda_h.py:27] end allocate_experts_cuda_memory_and_restore_model_multi_device_fused cost 4.833 ms
DEBUG 04-24 09:59:30.617161.617161 cuda_h.py:27] end gpu_sexperts cost 0.007 ms
DEBUG 04-24 09:59:30.618381.618381 cuda_h.py:27] end wait_load_qkvogn_s_weight cost 0.019 ms
DEBUG 04-24 09:59:30.632496.632496 cuda_h.py:27] end prepare_per_device_parameters cost 14.568 ms
DEBUG 04-24 09:59:30.635024.635024 cuda_h.py:27] end wait_experts_multi_device cost 2.456 ms
DEBUG 04-24 09:59:30.635967.635967 cuda_h.py:27] end *before fused experts* cost 22.358 ms
DEBUG 04-24 09:59:30.640119.640119 cuda_h.py:27] end gpu_experts_multi_device_fused cost 4.706 ms
DEBUG 04-24 09:59:30.640413.640413 cuda_h.py:27] end *gpu experts* cost 27.181 ms
DEBUG 04-24 09:59:30.640700.640700 cuda_h.py:27] end layer_moe_generate_mp_multi_device_fused_l_3 cost 55.352 ms
DEBUG 04-24 09:59:30.646290.646290 cuda_h.py:27] end *mlp cost 61.281 ms
DEBUG 04-24 09:59:30.646754.646754 cuda_h.py:27] end prefill_layer cost 64.520 ms
DEBUG 04-24 09:59:30.646598.646598 lmp.py:320] -------------------------------- end prefill layer 2 --------------------------------
DEBUG 04-24 09:59:30.646938.646938 lmp.py:273] -------------------------------- start prefill layer 3 --------------------------------
DEBUG 04-24 09:59:30.646807.646807 cuda_h.py:27] end start_load_qkvogn_s_weight_l_4 cost 0.036 ms
DEBUG 04-24 09:59:30.647028.647028 cuda_h.py:27] end allocate_cuda_memory cost 0.332 ms
DEBUG 04-24 09:59:30.647495.647495 sllm_store_c.py:27] get device uuid map
DEBUG 04-24 09:59:30.647146.647146 sllm_store_c.py:29] call client load into gpu
DEBUG 04-24 09:59:30.649224.649224 cuda_h.py:27] end **self_attn cost 1.326 ms
DEBUG 04-24 09:59:30.649255.649255 cuda_h.py:27] end load_into_gpu_async cost 1.713 ms
DEBUG 04-24 09:59:30.649565.649565 cuda_h.py:27] end restore_tensors2 cost 0.091 ms
DEBUG 04-24 09:59:30.649922.649922 cuda_h.py:27] end *iln_self_attn_paln cost 2.686 ms
DEBUG 04-24 09:59:30.649078.649078 cuda_h.py:27] end allocate_cuda_memory_and_load_into_gpu cost 2.650 ms
DEBUG 04-24 09:59:30.650002.650002 cuda_h.py:27] end gate cost 0.604 ms
DEBUG 04-24 09:59:30.650107.650107 cuda_h.py:27] end experts_map_get cost 0.272 ms
DEBUG 04-24 09:59:30.650985.650985 cuda_h.py:27] end *before experts start* cost 1.094 ms
DEBUG 04-24 09:59:30.651613.651613 cuda_h.py:27] end cpu_experts_submit_fused_mp cost 0.152 ms
DEBUG 04-24 09:59:30.699472.699472 cuda_h.py:27] end prepare_group_stack cost 1.114 ms
DEBUG 04-24 09:59:30.699381.699381 cuda_h.py:27] end prepare_group_stack cost 1.204 ms
DEBUG 04-24 09:59:30.699568.699568 cuda_h.py:27] end prepare_group_stack cost 1.174 ms
DEBUG 04-24 09:59:30.699455.699455 cuda_h.py:27] end prepare_group_stack cost 1.229 ms
DEBUG 04-24 09:59:30.700363.700363 cuda_h.py:27] end group stack cost 0.994 ms
DEBUG 04-24 09:59:30.701573.701573 cuda_h.py:27] end move_flatidxs_group_fused_mp cost 2.383 ms
DEBUG 04-24 09:59:30.701261.701261 cuda_h.py:27] end group stack cost 0.990 ms
DEBUG 04-24 09:59:30.701853.701853 cuda_h.py:27] end get_fused_experts_names_w cost 0.018 ms
DEBUG 04-24 09:59:30.701317.701317 cuda_h.py:27] end move_flatidxs_group_fused_mp cost 2.422 ms
DEBUG 04-24 09:59:30.701147.701147 cuda_h.py:27] end group stack cost 1.144 ms
DEBUG 04-24 09:59:30.701898.701898 cuda_h.py:27] end group stack cost 1.292 ms
DEBUG 04-24 09:59:30.701252.701252 cuda_h.py:27] end get_fused_experts_names_w cost 0.024 ms
DEBUG 04-24 09:59:30.701333.701333 cuda_h.py:27] end move_flatidxs_group_fused_mp cost 2.739 ms
DEBUG 04-24 09:59:30.701763.701763 cuda_h.py:27] end move_flatidxs_group_fused_mp cost 2.755 ms
DEBUG 04-24 09:59:30.701103.701103 cuda_h.py:27] end get_fused_experts_names_w cost 0.030 ms
DEBUG 04-24 09:59:30.701163.701163 cuda_h.py:27] end get_fused_experts_names_w cost 0.032 ms
DEBUG 04-24 09:59:30.701448.701448 cuda_h.py:27] end restore_fused_tensors cost 0.539 ms
DEBUG 04-24 09:59:30.701815.701815 cuda_h.py:27] end group_fused_tensors_mp cost 0.660 ms
DEBUG 04-24 09:59:30.702304.702304 cuda_h.py:27] end restore_fused_tensors cost 0.701 ms
DEBUG 04-24 09:59:30.702735.702735 cuda_h.py:27] end restore_fused_tensors cost 0.641 ms
DEBUG 04-24 09:59:30.702213.702213 cuda_h.py:27] end group_fused_tensors_mp cost 0.842 ms
DEBUG 04-24 09:59:30.702347.702347 cuda_h.py:27] end group_fused_tensors_mp cost 0.774 ms
DEBUG 04-24 09:59:30.702711.702711 cuda_h.py:27] end restore_fused_tensors cost 0.682 ms
DEBUG 04-24 09:59:30.702826.702826 cuda_h.py:27] end group_fused_tensors_mp cost 0.841 ms
DEBUG 04-24 09:59:30.716906.716906 mlpmodule.py:3373] [fused_group_bmm][steps] bmm1=9.761 ms split=0.062 ms act_mul=0.557 ms bmm2=3.981 ms
DEBUG 04-24 09:59:30.717489.717489 cuda_h.py:27] end fused_group_bmm cost 14.805 ms
DEBUG 04-24 09:59:30.717491.717491 cuda_h.py:27] end gather_outputs_group_fused_mp cost 0.758 ms
DEBUG 04-24 09:59:30.717907.717907 mlpmodule.py:3373] [fused_group_bmm][steps] bmm1=10.146 ms split=0.099 ms act_mul=0.916 ms bmm2=4.934 ms
DEBUG 04-24 09:59:30.717079.717079 mlpmodule.py:3373] [fused_group_bmm][steps] bmm1=9.981 ms split=0.124 ms act_mul=0.439 ms bmm2=4.910 ms
DEBUG 04-24 09:59:30.718067.718067 cuda_h.py:27] end fused_group_bmm cost 16.516 ms
DEBUG 04-24 09:59:30.718671.718671 cuda_h.py:27] end fused_group_bmm cost 16.005 ms
DEBUG 04-24 09:59:30.718356.718356 cuda_h.py:27] end cpu_experts_worker_bmm_or_einsum_1 cost 65.825 ms
DEBUG 04-24 09:59:30.718016.718016 mlpmodule.py:3373] [fused_group_bmm][steps] bmm1=10.196 ms split=0.085 ms act_mul=0.892 ms bmm2=4.923 ms
DEBUG 04-24 09:59:30.718520.718520 cuda_h.py:27] end fused_group_bmm cost 16.350 ms
DEBUG 04-24 09:59:30.718060.718060 cuda_h.py:27] end gather_outputs_group_fused_mp cost 0.353 ms
DEBUG 04-24 09:59:30.719762.719762 cuda_h.py:27] end gather_outputs_group_fused_mp cost 0.541 ms
DEBUG 04-24 09:59:30.719087.719087 cuda_h.py:27] end gather_outputs_group_fused_mp cost 0.442 ms
DEBUG 04-24 09:59:30.719670.719670 cuda_h.py:27] end cpu_experts_worker_bmm_or_einsum_0 cost 66.705 ms
DEBUG 04-24 09:59:30.719081.719081 cuda_h.py:27] end cpu_experts_worker_bmm_or_einsum_3 cost 66.710 ms
DEBUG 04-24 09:59:30.719086.719086 cuda_h.py:27] end cpu_experts_worker_bmm_or_einsum_2 cost 66.115 ms
DEBUG 04-24 09:59:30.843595.843595 cuda_h.py:27] end restore2model cost 48.868 ms
DEBUG 04-24 09:59:30.843666.843666 cuda_h.py:27] end sllm_worker_task cost 196.833 ms
DEBUG 04-24 09:59:30.844062.844062 cuda_h.py:27] end cpu_thread_manager_mp_wait_fused cost 191.966 ms
DEBUG 04-24 09:59:30.844893.844893 cuda_h.py:27] end *single cpu experts* cost 193.616 ms
DEBUG 04-24 09:59:30.845127.845127 sllm_store_c.py:27] get device uuid map
DEBUG 04-24 09:59:30.845044.845044 sllm_store_c.py:29] call client load into gpu
DEBUG 04-24 09:59:30.848294.848294 cuda_h.py:27] end load_into_gpu_async_fused_experts_dual cost 3.217 ms
DEBUG 04-24 09:59:30.848265.848265 cuda_h.py:27] end restore_tensors2_fused_experts_packed cost 0.064 ms
DEBUG 04-24 09:59:30.848883.848883 cuda_h.py:27] end restore_tensors2_fused_experts_slices cost 0.208 ms
DEBUG 04-24 09:59:30.849447.849447 cuda_h.py:27] end allocate_experts_cuda_memory_and_restore_model_multi_device_fused cost 4.654 ms
DEBUG 04-24 09:59:30.849680.849680 cuda_h.py:27] end gpu_sexperts cost 0.003 ms
DEBUG 04-24 09:59:30.849496.849496 cuda_h.py:27] end wait_load_qkvogn_s_weight cost 0.013 ms
DEBUG 04-24 09:59:30.857966.857966 cuda_h.py:27] end prepare_per_device_parameters cost 8.287 ms
DEBUG 04-24 09:59:30.868736.868736 cuda_h.py:27] end wait_experts_multi_device cost 10.651 ms
DEBUG 04-24 09:59:30.868195.868195 cuda_h.py:27] end *before fused experts* cost 23.820 ms
DEBUG 04-24 09:59:30.872816.872816 cuda_h.py:27] end gpu_experts_multi_device_fused cost 3.895 ms
DEBUG 04-24 09:59:30.872587.872587 cuda_h.py:27] end *gpu experts* cost 27.831 ms
DEBUG 04-24 09:59:30.872113.872113 cuda_h.py:27] end layer_moe_generate_mp_multi_device_fused_l_4 cost 222.676 ms
DEBUG 04-24 09:59:30.874505.874505 cuda_h.py:27] end *mlp cost 224.297 ms
DEBUG 04-24 09:59:30.874303.874303 cuda_h.py:27] end prefill_layer cost 227.661 ms
DEBUG 04-24 09:59:30.874443.874443 lmp.py:320] -------------------------------- end prefill layer 3 --------------------------------
DEBUG 04-24 09:59:30.874384.874384 lmp.py:273] -------------------------------- start prefill layer 4 --------------------------------
DEBUG 04-24 09:59:30.874003.874003 cuda_h.py:27] end start_load_qkvogn_s_weight_l_5 cost 0.035 ms
DEBUG 04-24 09:59:30.874781.874781 cuda_h.py:27] end allocate_cuda_memory cost 0.318 ms
DEBUG 04-24 09:59:30.875814.875814 sllm_store_c.py:27] get device uuid map
DEBUG 04-24 09:59:30.875860.875860 sllm_store_c.py:29] call client load into gpu
DEBUG 04-24 09:59:30.876032.876032 cuda_h.py:27] end **self_attn cost 1.691 ms
DEBUG 04-24 09:59:30.877147.877147 cuda_h.py:27] end *iln_self_attn_paln cost 2.954 ms
DEBUG 04-24 09:59:30.878201.878201 cuda_h.py:27] end load_into_gpu_async cost 3.226 ms
DEBUG 04-24 09:59:30.878900.878900 cuda_h.py:27] end gate cost 0.804 ms
DEBUG 04-24 09:59:30.878021.878021 cuda_h.py:27] end restore_tensors2 cost 0.161 ms
DEBUG 04-24 09:59:30.878878.878878 cuda_h.py:27] end allocate_cuda_memory_and_load_into_gpu cost 4.464 ms
DEBUG 04-24 09:59:30.879086.879086 cuda_h.py:27] end experts_map_get cost 0.307 ms
DEBUG 04-24 09:59:30.879664.879664 cuda_h.py:27] end *before experts start* cost 1.873 ms
DEBUG 04-24 09:59:30.879831.879831 cuda_h.py:27] end cpu_experts_submit_fused_mp cost 0.188 ms
DEBUG 04-24 09:59:30.883871.883871 cuda_h.py:27] end prepare_group_stack cost 0.502 ms
DEBUG 04-24 09:59:30.883084.883084 cuda_h.py:27] end prepare_group_stack cost 0.643 ms
DEBUG 04-24 09:59:30.884908.884908 cuda_h.py:27] end prepare_group_stack cost 0.857 ms
DEBUG 04-24 09:59:30.884737.884737 cuda_h.py:27] end prepare_group_stack cost 0.934 ms
DEBUG 04-24 09:59:30.884519.884519 cuda_h.py:27] end group stack cost 1.204 ms
DEBUG 04-24 09:59:30.885357.885357 cuda_h.py:27] end move_flatidxs_group_fused_mp cost 2.029 ms
DEBUG 04-24 09:59:30.885950.885950 cuda_h.py:27] end get_fused_experts_names_w cost 0.020 ms
DEBUG 04-24 09:59:30.886150.886150 cuda_h.py:27] end restore_fused_tensors cost 0.649 ms
DEBUG 04-24 09:59:30.886226.886226 cuda_h.py:27] end group_fused_tensors_mp cost 0.964 ms
DEBUG 04-24 09:59:30.886847.886847 cuda_h.py:27] end group stack cost 1.945 ms
DEBUG 04-24 09:59:30.886882.886882 cuda_h.py:27] end move_flatidxs_group_fused_mp cost 3.385 ms
DEBUG 04-24 09:59:30.886228.886228 cuda_h.py:27] end group stack cost 1.958 ms
DEBUG 04-24 09:59:30.886519.886519 cuda_h.py:27] end group stack cost 2.078 ms
DEBUG 04-24 09:59:30.886717.886717 cuda_h.py:27] end get_fused_experts_names_w cost 0.037 ms
DEBUG 04-24 09:59:30.886540.886540 cuda_h.py:27] end move_flatidxs_group_fused_mp cost 3.392 ms
DEBUG 04-24 09:59:30.887190.887190 cuda_h.py:27] end move_flatidxs_group_fused_mp cost 3.785 ms
DEBUG 04-24 09:59:30.887730.887730 cuda_h.py:27] end get_fused_experts_names_w cost 0.040 ms
DEBUG 04-24 09:59:30.887301.887301 cuda_h.py:27] end get_fused_experts_names_w cost 0.058 ms
DEBUG 04-24 09:59:30.888344.888344 cuda_h.py:27] end restore_fused_tensors cost 1.762 ms
DEBUG 04-24 09:59:30.889576.889576 cuda_h.py:27] end restore_fused_tensors cost 1.602 ms
DEBUG 04-24 09:59:30.889024.889024 cuda_h.py:27] end group_fused_tensors_mp cost 2.260 ms
DEBUG 04-24 09:59:30.889191.889191 cuda_h.py:27] end group_fused_tensors_mp cost 1.933 ms
DEBUG 04-24 09:59:30.889998.889998 cuda_h.py:27] end restore_fused_tensors cost 1.713 ms
DEBUG 04-24 09:59:30.889576.889576 cuda_h.py:27] end group_fused_tensors_mp cost 2.340 ms
DEBUG 04-24 09:59:30.891435.891435 cuda_h.py:27] end restore2model cost 1.546 ms
DEBUG 04-24 09:59:30.892258.892258 cuda_h.py:27] end sllm_worker_task cost 17.815 ms
DEBUG 04-24 09:59:30.901403.901403 mlpmodule.py:3373] [fused_group_bmm][steps] bmm1=9.137 ms split=0.148 ms act_mul=1.014 ms bmm2=4.517 ms
DEBUG 04-24 09:59:30.901086.901086 mlpmodule.py:3373] [fused_group_bmm][steps] bmm1=7.107 ms split=0.061 ms act_mul=0.512 ms bmm2=3.664 ms
DEBUG 04-24 09:59:30.901797.901797 cuda_h.py:27] end fused_group_bmm cost 15.140 ms
DEBUG 04-24 09:59:30.901612.901612 cuda_h.py:27] end fused_group_bmm cost 11.655 ms
DEBUG 04-24 09:59:30.902131.902131 cuda_h.py:27] end gather_outputs_group_fused_mp cost 0.611 ms
DEBUG 04-24 09:59:30.902913.902913 cuda_h.py:27] end gather_outputs_group_fused_mp cost 0.618 ms
DEBUG 04-24 09:59:30.902030.902030 cuda_h.py:27] end cpu_experts_worker_bmm_or_einsum_3 cost 20.646 ms
DEBUG 04-24 09:59:30.902867.902867 cuda_h.py:27] end cpu_experts_worker_bmm_or_einsum_1 cost 20.809 ms
DEBUG 04-24 09:59:30.902683.902683 mlpmodule.py:3373] [fused_group_bmm][steps] bmm1=8.470 ms split=0.202 ms act_mul=0.944 ms bmm2=3.615 ms
DEBUG 04-24 09:59:30.903016.903016 cuda_h.py:27] end fused_group_bmm cost 13.509 ms
DEBUG 04-24 09:59:30.903912.903912 mlpmodule.py:3373] [fused_group_bmm][steps] bmm1=8.489 ms split=0.128 ms act_mul=0.973 ms bmm2=3.472 ms
DEBUG 04-24 09:59:30.903356.903356 cuda_h.py:27] end fused_group_bmm cost 13.320 ms
DEBUG 04-24 09:59:30.903287.903287 cuda_h.py:27] end gather_outputs_group_fused_mp cost 0.557 ms
DEBUG 04-24 09:59:30.904119.904119 cuda_h.py:27] end gather_outputs_group_fused_mp cost 0.487 ms
DEBUG 04-24 09:59:30.904294.904294 cuda_h.py:27] end cpu_experts_worker_bmm_or_einsum_2 cost 21.530 ms
DEBUG 04-24 09:59:30.904942.904942 cuda_h.py:27] end cpu_experts_worker_bmm_or_einsum_0 cost 22.700 ms
DEBUG 04-24 09:59:30.905781.905781 cuda_h.py:27] end cpu_thread_manager_mp_wait_fused cost 24.159 ms
DEBUG 04-24 09:59:30.905361.905361 cuda_h.py:27] end *single cpu experts* cost 26.317 ms
DEBUG 04-24 09:59:30.906441.906441 sllm_store_c.py:27] get device uuid map
DEBUG 04-24 09:59:30.906961.906961 sllm_store_c.py:29] call client load into gpu
DEBUG 04-24 09:59:30.909594.909594 cuda_h.py:27] end load_into_gpu_async_fused_experts_dual cost 2.573 ms
DEBUG 04-24 09:59:30.909168.909168 cuda_h.py:27] end restore_tensors2_fused_experts_packed cost 0.071 ms
DEBUG 04-24 09:59:30.909747.909747 cuda_h.py:27] end restore_tensors2_fused_experts_slices cost 0.268 ms
DEBUG 04-24 09:59:30.910849.910849 cuda_h.py:27] end allocate_experts_cuda_memory_and_restore_model_multi_device_fused cost 4.248 ms
DEBUG 04-24 09:59:30.910199.910199 cuda_h.py:27] end gpu_sexperts cost 0.005 ms
DEBUG 04-24 09:59:30.910412.910412 cuda_h.py:27] end wait_load_qkvogn_s_weight cost 0.018 ms
DEBUG 04-24 09:59:30.923497.923497 cuda_h.py:27] end prepare_per_device_parameters cost 13.317 ms
DEBUG 04-24 09:59:30.925435.925435 cuda_h.py:27] end wait_experts_multi_device cost 1.644 ms
DEBUG 04-24 09:59:30.925894.925894 cuda_h.py:27] end *before fused experts* cost 19.632 ms
DEBUG 04-24 09:59:30.929186.929186 cuda_h.py:27] end gpu_experts_multi_device_fused cost 3.723 ms
DEBUG 04-24 09:59:30.929612.929612 cuda_h.py:27] end *gpu experts* cost 23.463 ms
DEBUG 04-24 09:59:30.929077.929077 cuda_h.py:27] end layer_moe_generate_mp_multi_device_fused_l_5 cost 51.794 ms
DEBUG 04-24 09:59:30.930874.930874 cuda_h.py:27] end *mlp cost 53.433 ms
DEBUG 04-24 09:59:30.931459.931459 cuda_h.py:27] end prefill_layer cost 56.831 ms
DEBUG 04-24 09:59:30.931831.931831 lmp.py:320] -------------------------------- end prefill layer 4 --------------------------------
DEBUG 04-24 09:59:30.931481.931481 lmp.py:273] -------------------------------- start prefill layer 5 --------------------------------
DEBUG 04-24 09:59:30.931285.931285 cuda_h.py:27] end start_load_qkvogn_s_weight_l_6 cost 0.035 ms
DEBUG 04-24 09:59:30.931606.931606 cuda_h.py:27] end allocate_cuda_memory cost 0.169 ms
DEBUG 04-24 09:59:30.931676.931676 sllm_store_c.py:27] get device uuid map
DEBUG 04-24 09:59:30.931209.931209 sllm_store_c.py:29] call client load into gpu
DEBUG 04-24 09:59:30.932796.932796 cuda_h.py:27] end load_into_gpu_async cost 1.393 ms
DEBUG 04-24 09:59:30.933497.933497 cuda_h.py:27] end restore_tensors2 cost 0.094 ms
DEBUG 04-24 09:59:30.933196.933196 cuda_h.py:27] end allocate_cuda_memory_and_load_into_gpu cost 2.191 ms
DEBUG 04-24 09:59:30.934899.934899 cuda_h.py:27] end **self_attn cost 2.137 ms
DEBUG 04-24 09:59:30.934926.934926 cuda_h.py:27] end *iln_self_attn_paln cost 3.180 ms
DEBUG 04-24 09:59:30.934538.934538 cuda_h.py:27] end gate cost 0.489 ms
DEBUG 04-24 09:59:30.935948.935948 cuda_h.py:27] end experts_map_get cost 0.288 ms
DEBUG 04-24 09:59:30.935161.935161 cuda_h.py:27] end *before experts start* cost 0.924 ms
DEBUG 04-24 09:59:30.935313.935313 cuda_h.py:27] end cpu_experts_submit_fused_mp cost 0.154 ms
DEBUG 04-24 09:59:30.938095.938095 cuda_h.py:27] end prepare_group_stack cost 0.533 ms
DEBUG 04-24 09:59:30.939196.939196 cuda_h.py:27] end group stack cost 0.932 ms
DEBUG 04-24 09:59:30.939330.939330 cuda_h.py:27] end prepare_group_stack cost 0.479 ms
DEBUG 04-24 09:59:30.939207.939207 cuda_h.py:27] end move_flatidxs_group_fused_mp cost 1.742 ms
DEBUG 04-24 09:59:30.939892.939892 cuda_h.py:27] end get_fused_experts_names_w cost 0.025 ms
DEBUG 04-24 09:59:30.939230.939230 cuda_h.py:27] end prepare_group_stack cost 0.612 ms
DEBUG 04-24 09:59:30.939641.939641 cuda_h.py:27] end prepare_group_stack cost 0.583 ms
DEBUG 04-24 09:59:30.940332.940332 cuda_h.py:27] end restore_fused_tensors cost 0.635 ms
DEBUG 04-24 09:59:30.940380.940380 cuda_h.py:27] end group_fused_tensors_mp cost 0.776 ms
DEBUG 04-24 09:59:30.940263.940263 cuda_h.py:27] end group stack cost 1.072 ms
DEBUG 04-24 09:59:30.940493.940493 cuda_h.py:27] end move_flatidxs_group_fused_mp cost 1.816 ms
DEBUG 04-24 09:59:30.940090.940090 cuda_h.py:27] end get_fused_experts_names_w cost 0.022 ms
DEBUG 04-24 09:59:30.940283.940283 cuda_h.py:27] end group stack cost 1.264 ms
DEBUG 04-24 09:59:30.940334.940334 cuda_h.py:27] end move_flatidxs_group_fused_mp cost 2.135 ms
DEBUG 04-24 09:59:30.941297.941297 cuda_h.py:27] end group stack cost 1.510 ms
DEBUG 04-24 09:59:30.941307.941307 cuda_h.py:27] end get_fused_experts_names_w cost 0.034 ms
DEBUG 04-24 09:59:30.941904.941904 cuda_h.py:27] end move_flatidxs_group_fused_mp cost 2.396 ms
DEBUG 04-24 09:59:30.941140.941140 cuda_h.py:27] end get_fused_experts_names_w cost 0.028 ms
DEBUG 04-24 09:59:30.941795.941795 cuda_h.py:27] end restore2model cost 1.059 ms
DEBUG 04-24 09:59:30.941025.941025 cuda_h.py:27] end sllm_worker_task cost 10.350 ms
DEBUG 04-24 09:59:30.941544.941544 cuda_h.py:27] end restore_fused_tensors cost 1.034 ms
DEBUG 04-24 09:59:30.942893.942893 cuda_h.py:27] end group_fused_tensors_mp cost 1.453 ms
DEBUG 04-24 09:59:30.942946.942946 cuda_h.py:27] end restore_fused_tensors cost 1.040 ms
DEBUG 04-24 09:59:30.942692.942692 cuda_h.py:27] end group_fused_tensors_mp cost 1.273 ms
DEBUG 04-24 09:59:30.942572.942572 cuda_h.py:27] end restore_fused_tensors cost 0.903 ms
DEBUG 04-24 09:59:30.942728.942728 cuda_h.py:27] end group_fused_tensors_mp cost 1.378 ms
DEBUG 04-24 09:59:30.952653.952653 mlpmodule.py:3373] [fused_group_bmm][steps] bmm1=6.220 ms split=0.290 ms act_mul=0.606 ms bmm2=5.039 ms
DEBUG 04-24 09:59:30.952103.952103 cuda_h.py:27] end fused_group_bmm cost 12.387 ms
DEBUG 04-24 09:59:30.952433.952433 mlpmodule.py:3373] [fused_group_bmm][steps] bmm1=5.845 ms split=0.100 ms act_mul=0.368 ms bmm2=4.013 ms
DEBUG 04-24 09:59:30.952670.952670 cuda_h.py:27] end fused_group_bmm cost 10.526 ms
DEBUG 04-24 09:59:30.953410.953410 cuda_h.py:27] end gather_outputs_group_fused_mp cost 0.421 ms
DEBUG 04-24 09:59:30.953509.953509 cuda_h.py:27] end cpu_experts_worker_bmm_or_einsum_1 cost 16.802 ms
DEBUG 04-24 09:59:30.953746.953746 cuda_h.py:27] end gather_outputs_group_fused_mp cost 0.345 ms
DEBUG 04-24 09:59:30.954178.954178 cuda_h.py:27] end cpu_experts_worker_bmm_or_einsum_3 cost 16.537 ms
DEBUG 04-24 09:59:30.956173.956173 mlpmodule.py:3373] [fused_group_bmm][steps] bmm1=9.790 ms split=0.147 ms act_mul=0.768 ms bmm2=3.206 ms
DEBUG 04-24 09:59:30.956525.956525 cuda_h.py:27] end fused_group_bmm cost 14.159 ms
DEBUG 04-24 09:59:30.957012.957012 cuda_h.py:27] end gather_outputs_group_fused_mp cost 0.641 ms
DEBUG 04-24 09:59:30.958712.958712 cuda_h.py:27] end cpu_experts_worker_bmm_or_einsum_2 cost 20.783 ms
DEBUG 04-24 09:59:30.958674.958674 mlpmodule.py:3373] [fused_group_bmm][steps] bmm1=11.468 ms split=0.091 ms act_mul=0.897 ms bmm2=3.583 ms
DEBUG 04-24 09:59:30.959297.959297 cuda_h.py:27] end fused_group_bmm cost 16.284 ms
DEBUG 04-24 09:59:30.959353.959353 cuda_h.py:27] end gather_outputs_group_fused_mp cost 0.446 ms
DEBUG 04-24 09:59:30.960862.960862 cuda_h.py:27] end cpu_experts_worker_bmm_or_einsum_0 cost 22.476 ms
DEBUG 04-24 09:59:30.961888.961888 cuda_h.py:27] end cpu_thread_manager_mp_wait_fused cost 24.458 ms
DEBUG 04-24 09:59:30.961284.961284 cuda_h.py:27] end *single cpu experts* cost 26.183 ms
DEBUG 04-24 09:59:30.962329.962329 sllm_store_c.py:27] get device uuid map
DEBUG 04-24 09:59:30.962261.962261 sllm_store_c.py:29] call client load into gpu
DEBUG 04-24 09:59:30.965542.965542 cuda_h.py:27] end load_into_gpu_async_fused_experts_dual cost 3.009 ms
DEBUG 04-24 09:59:30.965243.965243 cuda_h.py:27] end restore_tensors2_fused_experts_packed cost 0.090 ms
DEBUG 04-24 09:59:30.966838.966838 cuda_h.py:27] end restore_tensors2_fused_experts_slices cost 0.298 ms
DEBUG 04-24 09:59:30.966576.966576 cuda_h.py:27] end allocate_experts_cuda_memory_and_restore_model_multi_device_fused cost 4.904 ms
DEBUG 04-24 09:59:30.966577.966577 cuda_h.py:27] end gpu_sexperts cost 0.007 ms
DEBUG 04-24 09:59:30.966374.966374 cuda_h.py:27] end wait_load_qkvogn_s_weight cost 0.025 ms
DEBUG 04-24 09:59:30.980658.980658 cuda_h.py:27] end prepare_per_device_parameters cost 13.454 ms
DEBUG 04-24 09:59:30.983142.983142 cuda_h.py:27] end wait_experts_multi_device cost 2.864 ms
DEBUG 04-24 09:59:30.983668.983668 cuda_h.py:27] end *before fused experts* cost 21.904 ms
DEBUG 04-24 09:59:30.990285.990285 cuda_h.py:27] end gpu_experts_multi_device_fused cost 6.908 ms
DEBUG 04-24 09:59:30.990460.990460 cuda_h.py:27] end *gpu experts* cost 28.950 ms
DEBUG 04-24 09:59:30.990476.990476 cuda_h.py:27] end layer_moe_generate_mp_multi_device_fused_l_6 cost 56.211 ms
DEBUG 04-24 09:59:30.992026.992026 cuda_h.py:27] end *mlp cost 57.596 ms
DEBUG 04-24 09:59:30.992632.992632 cuda_h.py:27] end prefill_layer cost 61.064 ms
DEBUG 04-24 09:59:30.992149.992149 lmp.py:320] -------------------------------- end prefill layer 5 --------------------------------
DEBUG 04-24 09:59:30.992660.992660 lmp.py:273] -------------------------------- start prefill layer 6 --------------------------------
DEBUG 04-24 09:59:30.992676.992676 cuda_h.py:27] end start_load_qkvogn_s_weight_l_7 cost 0.043 ms
DEBUG 04-24 09:59:30.992642.992642 cuda_h.py:27] end allocate_cuda_memory cost 0.203 ms
DEBUG 04-24 09:59:30.992036.992036 sllm_store_c.py:27] get device uuid map
DEBUG 04-24 09:59:30.992661.992661 sllm_store_c.py:29] call client load into gpu
DEBUG 04-24 09:59:30.994116.994116 cuda_h.py:27] end **self_attn cost 1.688 ms
DEBUG 04-24 09:59:30.995257.995257 cuda_h.py:27] end load_into_gpu_async cost 2.233 ms
DEBUG 04-24 09:59:30.995116.995116 cuda_h.py:27] end *iln_self_attn_paln cost 2.903 ms
DEBUG 04-24 09:59:30.995833.995833 cuda_h.py:27] end restore_tensors2 cost 0.087 ms
DEBUG 04-24 09:59:30.995740.995740 cuda_h.py:27] end allocate_cuda_memory_and_load_into_gpu cost 3.383 ms
DEBUG 04-24 09:59:30.996801.996801 cuda_h.py:27] end gate cost 0.709 ms
DEBUG 04-24 09:59:30.996471.996471 cuda_h.py:27] end experts_map_get cost 0.327 ms
DEBUG 04-24 09:59:30.996784.996784 cuda_h.py:27] end *before experts start* cost 1.201 ms
DEBUG 04-24 09:59:30.997598.997598 cuda_h.py:27] end cpu_experts_submit_fused_mp cost 0.149 ms
DEBUG 04-24 09:59:31.000282.000282 cuda_h.py:27] end prepare_group_stack cost 0.555 ms
DEBUG 04-24 09:59:31.000436.000436 cuda_h.py:27] end prepare_group_stack cost 0.652 ms
DEBUG 04-24 09:59:31.001274.001274 cuda_h.py:27] end prepare_group_stack cost 0.474 ms
DEBUG 04-24 09:59:31.001412.001412 cuda_h.py:27] end prepare_group_stack cost 0.542 ms
DEBUG 04-24 09:59:31.001328.001328 cuda_h.py:27] end group stack cost 1.242 ms
DEBUG 04-24 09:59:31.001379.001379 cuda_h.py:27] end move_flatidxs_group_fused_mp cost 2.090 ms
DEBUG 04-24 09:59:31.001461.001461 cuda_h.py:27] end get_fused_experts_names_w cost 0.028 ms
DEBUG 04-24 09:59:31.002268.002268 cuda_h.py:27] end group stack cost 1.065 ms
DEBUG 04-24 09:59:31.002002.002002 cuda_h.py:27] end group stack cost 1.513 ms
DEBUG 04-24 09:59:31.002238.002238 cuda_h.py:27] end move_flatidxs_group_fused_mp cost 1.808 ms
DEBUG 04-24 09:59:31.002347.002347 cuda_h.py:27] end get_fused_experts_names_w cost 0.021 ms
DEBUG 04-24 09:59:31.002472.002472 cuda_h.py:27] end move_flatidxs_group_fused_mp cost 2.750 ms
DEBUG 04-24 09:59:31.002304.002304 cuda_h.py:27] end get_fused_experts_names_w cost 0.031 ms
DEBUG 04-24 09:59:31.002925.002925 cuda_h.py:27] end restore_fused_tensors cost 0.745 ms
DEBUG 04-24 09:59:31.002174.002174 cuda_h.py:27] end restore2model cost 0.629 ms
DEBUG 04-24 09:59:31.002909.002909 cuda_h.py:27] end group_fused_tensors_mp cost 0.960 ms
DEBUG 04-24 09:59:31.002008.002008 cuda_h.py:27] end group stack cost 1.245 ms
DEBUG 04-24 09:59:31.003489.003489 cuda_h.py:27] end sllm_worker_task cost 10.715 ms
DEBUG 04-24 09:59:31.003590.003590 cuda_h.py:27] end move_flatidxs_group_fused_mp cost 2.526 ms
DEBUG 04-24 09:59:31.003740.003740 cuda_h.py:27] end get_fused_experts_names_w cost 0.028 ms
DEBUG 04-24 09:59:31.003278.003278 cuda_h.py:27] end restore_fused_tensors cost 0.675 ms
DEBUG 04-24 09:59:31.003525.003525 cuda_h.py:27] end group_fused_tensors_mp cost 1.172 ms
DEBUG 04-24 09:59:31.004216.004216 cuda_h.py:27] end restore_fused_tensors cost 1.236 ms
DEBUG 04-24 09:59:31.004155.004155 cuda_h.py:27] end group_fused_tensors_mp cost 1.540 ms
DEBUG 04-24 09:59:31.004680.004680 cuda_h.py:27] end restore_fused_tensors cost 0.905 ms
DEBUG 04-24 09:59:31.004354.004354 cuda_h.py:27] end group_fused_tensors_mp cost 1.572 ms
DEBUG 04-24 09:59:31.019488.019488 mlpmodule.py:3373] [fused_group_bmm][steps] bmm1=8.799 ms split=0.077 ms act_mul=0.639 ms bmm2=4.891 ms
DEBUG 04-24 09:59:31.019150.019150 cuda_h.py:27] end fused_group_bmm cost 14.847 ms
DEBUG 04-24 09:59:31.020275.020275 mlpmodule.py:3373] [fused_group_bmm][steps] bmm1=10.363 ms split=0.162 ms act_mul=0.825 ms bmm2=5.124 ms
DEBUG 04-24 09:59:31.020205.020205 cuda_h.py:27] end fused_group_bmm cost 16.819 ms
DEBUG 04-24 09:59:31.020394.020394 cuda_h.py:27] end gather_outputs_group_fused_mp cost 0.690 ms
DEBUG 04-24 09:59:31.020780.020780 mlpmodule.py:3373] [fused_group_bmm][steps] bmm1=11.271 ms split=0.065 ms act_mul=0.782 ms bmm2=4.341 ms
DEBUG 04-24 09:59:31.020930.020930 mlpmodule.py:3373] [fused_group_bmm][steps] bmm1=10.371 ms split=0.163 ms act_mul=0.489 ms bmm2=6.554 ms
DEBUG 04-24 09:59:31.021401.021401 cuda_h.py:27] end fused_group_bmm cost 16.621 ms
DEBUG 04-24 09:59:31.021620.021620 cuda_h.py:27] end fused_group_bmm cost 17.843 ms
DEBUG 04-24 09:59:31.021591.021591 cuda_h.py:27] end gather_outputs_group_fused_mp cost 0.512 ms
DEBUG 04-24 09:59:31.021787.021787 cuda_h.py:27] end cpu_experts_worker_bmm_or_einsum_2 cost 21.836 ms
DEBUG 04-24 09:59:31.021447.021447 cuda_h.py:27] end gather_outputs_group_fused_mp cost 0.329 ms
DEBUG 04-24 09:59:31.021577.021577 cuda_h.py:27] end gather_outputs_group_fused_mp cost 0.436 ms
DEBUG 04-24 09:59:31.021366.021366 cuda_h.py:27] end cpu_experts_worker_bmm_or_einsum_3 cost 22.380 ms
DEBUG 04-24 09:59:31.021431.021431 cuda_h.py:27] end cpu_experts_worker_bmm_or_einsum_1 cost 23.336 ms
DEBUG 04-24 09:59:31.022064.022064 cuda_h.py:27] end cpu_experts_worker_bmm_or_einsum_0 cost 23.551 ms
DEBUG 04-24 09:59:31.025676.025676 cuda_h.py:27] end cpu_thread_manager_mp_wait_fused cost 26.564 ms
DEBUG 04-24 09:59:31.025317.025317 cuda_h.py:27] end *single cpu experts* cost 28.345 ms
DEBUG 04-24 09:59:31.026641.026641 sllm_store_c.py:27] get device uuid map
DEBUG 04-24 09:59:31.026950.026950 sllm_store_c.py:29] call client load into gpu
DEBUG 04-24 09:59:31.029322.029322 cuda_h.py:27] end load_into_gpu_async_fused_experts_dual cost 3.319 ms
DEBUG 04-24 09:59:31.029062.029062 cuda_h.py:27] end restore_tensors2_fused_experts_packed cost 0.089 ms
DEBUG 04-24 09:59:31.030259.030259 cuda_h.py:27] end restore_tensors2_fused_experts_slices cost 0.307 ms
DEBUG 04-24 09:59:31.030050.030050 cuda_h.py:27] end allocate_experts_cuda_memory_and_restore_model_multi_device_fused cost 5.229 ms
DEBUG 04-24 09:59:31.030223.030223 cuda_h.py:27] end gpu_sexperts cost 0.007 ms
DEBUG 04-24 09:59:31.030020.030020 cuda_h.py:27] end wait_load_qkvogn_s_weight cost 0.025 ms
DEBUG 04-24 09:59:31.044937.044937 cuda_h.py:27] end prepare_per_device_parameters cost 13.410 ms
DEBUG 04-24 09:59:31.046070.046070 cuda_h.py:27] end wait_experts_multi_device cost 1.925 ms
DEBUG 04-24 09:59:31.046336.046336 cuda_h.py:27] end *before fused experts* cost 21.110 ms
DEBUG 04-24 09:59:31.051900.051900 cuda_h.py:27] end gpu_experts_multi_device_fused cost 4.734 ms
DEBUG 04-24 09:59:31.051843.051843 cuda_h.py:27] end *gpu experts* cost 25.943 ms
DEBUG 04-24 09:59:31.051938.051938 cuda_h.py:27] end layer_moe_generate_mp_multi_device_fused_l_7 cost 55.633 ms
DEBUG 04-24 09:59:31.052910.052910 cuda_h.py:27] end *mlp cost 56.981 ms
DEBUG 04-24 09:59:31.052370.052370 cuda_h.py:27] end prefill_layer cost 60.563 ms
DEBUG 04-24 09:59:31.052649.052649 lmp.py:320] -------------------------------- end prefill layer 6 --------------------------------
DEBUG 04-24 09:59:31.052491.052491 lmp.py:273] -------------------------------- start prefill layer 7 --------------------------------
DEBUG 04-24 09:59:31.052421.052421 cuda_h.py:27] end start_load_qkvogn_s_weight_l_8 cost 0.048 ms
DEBUG 04-24 09:59:31.053723.053723 cuda_h.py:27] end allocate_cuda_memory cost 0.427 ms
DEBUG 04-24 09:59:31.053855.053855 sllm_store_c.py:27] get device uuid map
DEBUG 04-24 09:59:31.053526.053526 sllm_store_c.py:29] call client load into gpu
DEBUG 04-24 09:59:31.055357.055357 cuda_h.py:27] end **self_attn cost 1.459 ms
DEBUG 04-24 09:59:31.055274.055274 cuda_h.py:27] end load_into_gpu_async cost 2.021 ms
DEBUG 04-24 09:59:31.056796.056796 cuda_h.py:27] end *iln_self_attn_paln cost 3.130 ms
DEBUG 04-24 09:59:31.056029.056029 cuda_h.py:27] end restore_tensors2 cost 0.144 ms
DEBUG 04-24 09:59:31.056343.056343 cuda_h.py:27] end allocate_cuda_memory_and_load_into_gpu cost 3.431 ms
DEBUG 04-24 09:59:31.057465.057465 cuda_h.py:27] end gate cost 0.807 ms
DEBUG 04-24 09:59:31.057777.057777 cuda_h.py:27] end experts_map_get cost 0.303 ms
DEBUG 04-24 09:59:31.057044.057044 cuda_h.py:27] end *before experts start* cost 1.286 ms
DEBUG 04-24 09:59:31.057580.057580 cuda_h.py:27] end cpu_experts_submit_fused_mp cost 0.158 ms
DEBUG 04-24 09:59:31.059930.059930 cuda_h.py:27] end prepare_group_stack cost 0.551 ms
DEBUG 04-24 09:59:31.059051.059051 cuda_h.py:27] end prepare_group_stack cost 0.552 ms
DEBUG 04-24 09:59:31.060382.060382 cuda_h.py:27] end prepare_group_stack cost 0.678 ms
DEBUG 04-24 09:59:31.060018.060018 cuda_h.py:27] end prepare_group_stack cost 0.608 ms
DEBUG 04-24 09:59:31.061122.061122 cuda_h.py:27] end group stack cost 1.418 ms
DEBUG 04-24 09:59:31.061702.061702 cuda_h.py:27] end group stack cost 1.616 ms
DEBUG 04-24 09:59:31.061222.061222 cuda_h.py:27] end move_flatidxs_group_fused_mp cost 2.314 ms
DEBUG 04-24 09:59:31.061648.061648 cuda_h.py:27] end move_flatidxs_group_fused_mp cost 2.649 ms
DEBUG 04-24 09:59:31.061663.061663 cuda_h.py:27] end get_fused_experts_names_w cost 0.027 ms
DEBUG 04-24 09:59:31.061692.061692 cuda_h.py:27] end get_fused_experts_names_w cost 0.039 ms
DEBUG 04-24 09:59:31.062776.062776 cuda_h.py:27] end group stack cost 1.516 ms
DEBUG 04-24 09:59:31.062472.062472 cuda_h.py:27] end move_flatidxs_group_fused_mp cost 2.601 ms
DEBUG 04-24 09:59:31.062272.062272 cuda_h.py:27] end restore_fused_tensors cost 0.746 ms
DEBUG 04-24 09:59:31.062107.062107 cuda_h.py:27] end group_fused_tensors_mp cost 1.236 ms
DEBUG 04-24 09:59:31.062949.062949 cuda_h.py:27] end get_fused_experts_names_w cost 0.030 ms
DEBUG 04-24 09:59:31.062945.062945 cuda_h.py:27] end group stack cost 1.796 ms
DEBUG 04-24 09:59:31.062688.062688 cuda_h.py:27] end restore_fused_tensors cost 1.002 ms
DEBUG 04-24 09:59:31.063552.063552 cuda_h.py:27] end group_fused_tensors_mp cost 1.418 ms
DEBUG 04-24 09:59:31.063706.063706 cuda_h.py:27] end move_flatidxs_group_fused_mp cost 3.178 ms
DEBUG 04-24 09:59:31.063865.063865 cuda_h.py:27] end get_fused_experts_names_w cost 0.035 ms
DEBUG 04-24 09:59:31.063440.063440 cuda_h.py:27] end restore_fused_tensors cost 1.104 ms
DEBUG 04-24 09:59:31.064412.064412 cuda_h.py:27] end group_fused_tensors_mp cost 1.395 ms
DEBUG 04-24 09:59:31.065238.065238 cuda_h.py:27] end restore2model cost 1.277 ms
DEBUG 04-24 09:59:31.065266.065266 cuda_h.py:27] end sllm_worker_task cost 12.399 ms
DEBUG 04-24 09:59:31.065292.065292 cuda_h.py:27] end restore_fused_tensors cost 1.481 ms
DEBUG 04-24 09:59:31.065728.065728 cuda_h.py:27] end group_fused_tensors_mp cost 2.097 ms
DEBUG 04-24 09:59:31.077719.077719 mlpmodule.py:3373] [fused_group_bmm][steps] bmm1=8.557 ms split=0.134 ms act_mul=0.423 ms bmm2=3.775 ms
DEBUG 04-24 09:59:31.077533.077533 cuda_h.py:27] end fused_group_bmm cost 13.090 ms
DEBUG 04-24 09:59:31.077302.077302 cuda_h.py:27] end gather_outputs_group_fused_mp cost 0.383 ms
DEBUG 04-24 09:59:31.078692.078692 cuda_h.py:27] end cpu_experts_worker_bmm_or_einsum_1 cost 18.646 ms
DEBUG 04-24 09:59:31.078901.078901 mlpmodule.py:3373] [fused_group_bmm][steps] bmm1=10.344 ms split=0.147 ms act_mul=0.727 ms bmm2=3.569 ms
DEBUG 04-24 09:59:31.079094.079094 cuda_h.py:27] end fused_group_bmm cost 15.736 ms
DEBUG 04-24 09:59:31.080508.080508 cuda_h.py:27] end gather_outputs_group_fused_mp cost 0.830 ms
DEBUG 04-24 09:59:31.080606.080606 mlpmodule.py:3373] [fused_group_bmm][steps] bmm1=8.887 ms split=0.208 ms act_mul=0.745 ms bmm2=4.091 ms
DEBUG 04-24 09:59:31.080168.080168 cuda_h.py:27] end fused_group_bmm cost 14.125 ms
DEBUG 04-24 09:59:31.080595.080595 mlpmodule.py:3373] [fused_group_bmm][steps] bmm1=11.779 ms split=0.077 ms act_mul=0.999 ms bmm2=4.503 ms
DEBUG 04-24 09:59:31.080756.080756 cuda_h.py:27] end fused_group_bmm cost 17.856 ms
DEBUG 04-24 09:59:31.080562.080562 cuda_h.py:27] end cpu_experts_worker_bmm_or_einsum_0 cost 22.223 ms
DEBUG 04-24 09:59:31.081423.081423 cuda_h.py:27] end gather_outputs_group_fused_mp cost 0.338 ms
DEBUG 04-24 09:59:31.081366.081366 cuda_h.py:27] end gather_outputs_group_fused_mp cost 0.382 ms
DEBUG 04-24 09:59:31.081359.081359 cuda_h.py:27] end cpu_experts_worker_bmm_or_einsum_3 cost 21.690 ms
DEBUG 04-24 09:59:31.081752.081752 cuda_h.py:27] end cpu_experts_worker_bmm_or_einsum_2 cost 22.798 ms
DEBUG 04-24 09:59:31.083904.083904 cuda_h.py:27] end cpu_thread_manager_mp_wait_fused cost 23.754 ms
DEBUG 04-24 09:59:31.083101.083101 cuda_h.py:27] end *single cpu experts* cost 25.610 ms
DEBUG 04-24 09:59:31.084936.084936 sllm_store_c.py:27] get device uuid map
DEBUG 04-24 09:59:31.084284.084284 sllm_store_c.py:29] call client load into gpu
DEBUG 04-24 09:59:31.087857.087857 cuda_h.py:27] end load_into_gpu_async_fused_experts_dual cost 2.794 ms
DEBUG 04-24 09:59:31.087373.087373 cuda_h.py:27] end restore_tensors2_fused_experts_packed cost 0.093 ms
DEBUG 04-24 09:59:31.088278.088278 cuda_h.py:27] end restore_tensors2_fused_experts_slices cost 0.319 ms
DEBUG 04-24 09:59:31.088791.088791 cuda_h.py:27] end allocate_experts_cuda_memory_and_restore_model_multi_device_fused cost 4.743 ms
DEBUG 04-24 09:59:31.088703.088703 cuda_h.py:27] end gpu_sexperts cost 0.006 ms
DEBUG 04-24 09:59:31.088162.088162 cuda_h.py:27] end wait_load_qkvogn_s_weight cost 0.024 ms
DEBUG 04-24 09:59:31.097013.097013 cuda_h.py:27] end prepare_per_device_parameters cost 9.075 ms
DEBUG 04-24 09:59:31.107100.107100 cuda_h.py:27] end wait_experts_multi_device cost 9.654 ms
DEBUG 04-24 09:59:31.107705.107705 cuda_h.py:27] end *before fused experts* cost 23.931 ms
DEBUG 04-24 09:59:31.111886.111886 cuda_h.py:27] end gpu_experts_multi_device_fused cost 4.590 ms
DEBUG 04-24 09:59:31.111889.111889 cuda_h.py:27] end *gpu experts* cost 28.631 ms
DEBUG 04-24 09:59:31.112428.112428 cuda_h.py:27] end layer_moe_generate_mp_multi_device_fused_l_8 cost 55.675 ms
DEBUG 04-24 09:59:31.113251.113251 cuda_h.py:27] end *mlp cost 57.125 ms
DEBUG 04-24 09:59:31.113401.113401 cuda_h.py:27] end prefill_layer cost 60.780 ms
DEBUG 04-24 09:59:31.113786.113786 lmp.py:320] -------------------------------- end prefill layer 7 --------------------------------
DEBUG 04-24 09:59:31.113780.113780 lmp.py:273] -------------------------------- start prefill layer 8 --------------------------------
DEBUG 04-24 09:59:31.113532.113532 cuda_h.py:27] end start_load_qkvogn_s_weight_l_9 cost 0.058 ms
DEBUG 04-24 09:59:31.114376.114376 cuda_h.py:27] end allocate_cuda_memory cost 0.404 ms
DEBUG 04-24 09:59:31.114926.114926 sllm_store_c.py:27] get device uuid map
DEBUG 04-24 09:59:31.114366.114366 sllm_store_c.py:29] call client load into gpu
DEBUG 04-24 09:59:31.116219.116219 cuda_h.py:27] end load_into_gpu_async cost 2.037 ms
DEBUG 04-24 09:59:31.116910.116910 cuda_h.py:27] end restore_tensors2 cost 0.137 ms
DEBUG 04-24 09:59:31.117086.117086 cuda_h.py:27] end **self_attn cost 2.082 ms
DEBUG 04-24 09:59:31.117955.117955 cuda_h.py:27] end allocate_cuda_memory_and_load_into_gpu cost 3.359 ms
DEBUG 04-24 09:59:31.118919.118919 cuda_h.py:27] end *iln_self_attn_paln cost 4.312 ms
DEBUG 04-24 09:59:31.118196.118196 cuda_h.py:27] end gate cost 0.628 ms
DEBUG 04-24 09:59:31.119355.119355 cuda_h.py:27] end experts_map_get cost 0.311 ms
DEBUG 04-24 09:59:31.119615.119615 cuda_h.py:27] end *before experts start* cost 1.091 ms
DEBUG 04-24 09:59:31.119058.119058 cuda_h.py:27] end cpu_experts_submit_fused_mp cost 0.159 ms
DEBUG 04-24 09:59:31.120168.120168 cuda_h.py:27] end prepare_group_stack cost 0.462 ms
DEBUG 04-24 09:59:31.121720.121720 cuda_h.py:27] end prepare_group_stack cost 0.620 ms
DEBUG 04-24 09:59:31.121428.121428 cuda_h.py:27] end prepare_group_stack cost 0.562 ms
DEBUG 04-24 09:59:31.121955.121955 cuda_h.py:27] end prepare_group_stack cost 0.463 ms
DEBUG 04-24 09:59:31.122136.122136 cuda_h.py:27] end group stack cost 1.325 ms
DEBUG 04-24 09:59:31.122047.122047 cuda_h.py:27] end move_flatidxs_group_fused_mp cost 2.003 ms
DEBUG 04-24 09:59:31.122871.122871 cuda_h.py:27] end get_fused_experts_names_w cost 0.026 ms
DEBUG 04-24 09:59:31.122700.122700 cuda_h.py:27] end restore_fused_tensors cost 0.602 ms
DEBUG 04-24 09:59:31.123849.123849 cuda_h.py:27] end group_fused_tensors_mp cost 0.751 ms
DEBUG 04-24 09:59:31.123542.123542 cuda_h.py:27] end group stack cost 1.455 ms
DEBUG 04-24 09:59:31.123435.123435 cuda_h.py:27] end group stack cost 1.241 ms
DEBUG 04-24 09:59:31.123264.123264 cuda_h.py:27] end move_flatidxs_group_fused_mp cost 2.458 ms
DEBUG 04-24 09:59:31.123281.123281 cuda_h.py:27] end group stack cost 1.741 ms
DEBUG 04-24 09:59:31.123000.123000 cuda_h.py:27] end get_fused_experts_names_w cost 0.031 ms
DEBUG 04-24 09:59:31.123140.123140 cuda_h.py:27] end move_flatidxs_group_fused_mp cost 2.236 ms
DEBUG 04-24 09:59:31.123287.123287 cuda_h.py:27] end move_flatidxs_group_fused_mp cost 2.696 ms
DEBUG 04-24 09:59:31.123636.123636 cuda_h.py:27] end get_fused_experts_names_w cost 0.057 ms
DEBUG 04-24 09:59:31.123871.123871 cuda_h.py:27] end get_fused_experts_names_w cost 0.153 ms
DEBUG 04-24 09:59:31.124400.124400 cuda_h.py:27] end restore_fused_tensors cost 1.190 ms
DEBUG 04-24 09:59:31.124338.124338 cuda_h.py:27] end group_fused_tensors_mp cost 1.443 ms
DEBUG 04-24 09:59:31.125012.125012 cuda_h.py:27] end restore_fused_tensors cost 1.199 ms
DEBUG 04-24 09:59:31.125867.125867 cuda_h.py:27] end restore_fused_tensors cost 1.209 ms
DEBUG 04-24 09:59:31.125275.125275 cuda_h.py:27] end group_fused_tensors_mp cost 1.719 ms
DEBUG 04-24 09:59:31.125574.125574 cuda_h.py:27] end group_fused_tensors_mp cost 1.768 ms
DEBUG 04-24 09:59:31.126375.126375 cuda_h.py:27] end restore2model cost 1.143 ms
DEBUG 04-24 09:59:31.126843.126843 cuda_h.py:27] end sllm_worker_task cost 12.284 ms
DEBUG 04-24 09:59:31.133431.133431 mlpmodule.py:3373] [fused_group_bmm][steps] bmm1=4.881 ms split=0.393 ms act_mul=1.159 ms bmm2=4.067 ms
DEBUG 04-24 09:59:31.134481.134481 cuda_h.py:27] end fused_group_bmm cost 10.822 ms
DEBUG 04-24 09:59:31.134227.134227 cuda_h.py:27] end gather_outputs_group_fused_mp cost 0.649 ms
DEBUG 04-24 09:59:31.136574.136574 cuda_h.py:27] end cpu_experts_worker_bmm_or_einsum_0 cost 16.077 ms
DEBUG 04-24 09:59:31.137521.137521 mlpmodule.py:3373] [fused_group_bmm][steps] bmm1=7.767 ms split=0.095 ms act_mul=0.611 ms bmm2=2.902 ms
DEBUG 04-24 09:59:31.137772.137772 cuda_h.py:27] end fused_group_bmm cost 11.592 ms
DEBUG 04-24 09:59:31.137644.137644 mlpmodule.py:3373] [fused_group_bmm][steps] bmm1=8.695 ms split=0.111 ms act_mul=0.370 ms bmm2=3.002 ms
DEBUG 04-24 09:59:31.137751.137751 cuda_h.py:27] end gather_outputs_group_fused_mp cost 0.498 ms
DEBUG 04-24 09:59:31.138722.138722 cuda_h.py:27] end fused_group_bmm cost 12.559 ms
DEBUG 04-24 09:59:31.138761.138761 cuda_h.py:27] end cpu_experts_worker_bmm_or_einsum_2 cost 17.373 ms
DEBUG 04-24 09:59:31.138458.138458 mlpmodule.py:3373] [fused_group_bmm][steps] bmm1=8.956 ms split=0.080 ms act_mul=0.555 ms bmm2=3.596 ms
DEBUG 04-24 09:59:31.138307.138307 cuda_h.py:27] end fused_group_bmm cost 13.448 ms
DEBUG 04-24 09:59:31.138795.138795 cuda_h.py:27] end gather_outputs_group_fused_mp cost 0.579 ms
DEBUG 04-24 09:59:31.139839.139839 cuda_h.py:27] end gather_outputs_group_fused_mp cost 0.424 ms
DEBUG 04-24 09:59:31.139490.139490 cuda_h.py:27] end cpu_experts_worker_bmm_or_einsum_1 cost 19.168 ms
DEBUG 04-24 09:59:31.141567.141567 cuda_h.py:27] end cpu_experts_worker_bmm_or_einsum_3 cost 21.108 ms
DEBUG 04-24 09:59:31.143284.143284 cuda_h.py:27] end cpu_thread_manager_mp_wait_fused cost 22.603 ms
DEBUG 04-24 09:59:31.143528.143528 cuda_h.py:27] end *single cpu experts* cost 24.485 ms
DEBUG 04-24 09:59:31.145518.145518 sllm_store_c.py:27] get device uuid map
DEBUG 04-24 09:59:31.145403.145403 sllm_store_c.py:29] call client load into gpu
DEBUG 04-24 09:59:31.191293.191293 cuda_h.py:27] end load_into_gpu_async_fused_experts_dual cost 46.081 ms
DEBUG 04-24 09:59:31.191014.191014 cuda_h.py:27] end restore_tensors2_fused_experts_packed cost 0.094 ms
DEBUG 04-24 09:59:31.191281.191281 cuda_h.py:27] end restore_tensors2_fused_experts_slices cost 0.254 ms
DEBUG 04-24 09:59:31.192161.192161 cuda_h.py:27] end allocate_experts_cuda_memory_and_restore_model_multi_device_fused cost 48.300 ms
DEBUG 04-24 09:59:31.192261.192261 cuda_h.py:27] end gpu_sexperts cost 0.008 ms
DEBUG 04-24 09:59:31.192808.192808 cuda_h.py:27] end wait_load_qkvogn_s_weight cost 0.025 ms
DEBUG 04-24 09:59:31.204230.204230 cuda_h.py:27] end prepare_per_device_parameters cost 11.584 ms
DEBUG 04-24 09:59:31.209257.209257 cuda_h.py:27] end wait_experts_multi_device cost 5.501 ms
DEBUG 04-24 09:59:31.209955.209955 cuda_h.py:27] end *before fused experts* cost 65.892 ms
DEBUG 04-24 09:59:31.214417.214417 cuda_h.py:27] end gpu_experts_multi_device_fused cost 4.272 ms
DEBUG 04-24 09:59:31.214359.214359 cuda_h.py:27] end *gpu experts* cost 70.265 ms
DEBUG 04-24 09:59:31.214693.214693 cuda_h.py:27] end layer_moe_generate_mp_multi_device_fused_l_9 cost 95.986 ms
DEBUG 04-24 09:59:31.215719.215719 cuda_h.py:27] end *mlp cost 97.551 ms
DEBUG 04-24 09:59:31.215993.215993 cuda_h.py:27] end prefill_layer cost 102.087 ms
DEBUG 04-24 09:59:31.215749.215749 lmp.py:320] -------------------------------- end prefill layer 8 --------------------------------
DEBUG 04-24 09:59:31.215353.215353 lmp.py:273] -------------------------------- start prefill layer 9 --------------------------------
DEBUG 04-24 09:59:31.215084.215084 cuda_h.py:27] end start_load_qkvogn_s_weight_l_10 cost 0.051 ms
DEBUG 04-24 09:59:31.216928.216928 cuda_h.py:27] end allocate_cuda_memory cost 0.260 ms
DEBUG 04-24 09:59:31.216483.216483 sllm_store_c.py:27] get device uuid map
DEBUG 04-24 09:59:31.216055.216055 sllm_store_c.py:29] call client load into gpu
DEBUG 04-24 09:59:31.218469.218469 cuda_h.py:27] end **self_attn cost 1.687 ms
DEBUG 04-24 09:59:31.218683.218683 cuda_h.py:27] end *iln_self_attn_paln cost 2.920 ms
DEBUG 04-24 09:59:31.219672.219672 cuda_h.py:27] end load_into_gpu_async cost 2.854 ms
DEBUG 04-24 09:59:31.219553.219553 cuda_h.py:27] end restore_tensors2 cost 0.192 ms
DEBUG 04-24 09:59:31.220745.220745 cuda_h.py:27] end allocate_cuda_memory_and_load_into_gpu cost 3.961 ms
DEBUG 04-24 09:59:31.220186.220186 cuda_h.py:27] end gate cost 1.473 ms
DEBUG 04-24 09:59:31.221485.221485 cuda_h.py:27] end experts_map_get cost 0.315 ms
DEBUG 04-24 09:59:31.221126.221126 cuda_h.py:27] end *before experts start* cost 2.078 ms
DEBUG 04-24 09:59:31.221298.221298 cuda_h.py:27] end cpu_experts_submit_fused_mp cost 0.167 ms
DEBUG 04-24 09:59:31.223707.223707 cuda_h.py:27] end prepare_group_stack cost 0.491 ms
DEBUG 04-24 09:59:31.223058.223058 cuda_h.py:27] end prepare_group_stack cost 0.614 ms
DEBUG 04-24 09:59:31.224056.224056 cuda_h.py:27] end group stack cost 1.016 ms
DEBUG 04-24 09:59:31.224845.224845 cuda_h.py:27] end move_flatidxs_group_fused_mp cost 1.883 ms
DEBUG 04-24 09:59:31.224477.224477 cuda_h.py:27] end prepare_group_stack cost 0.708 ms
DEBUG 04-24 09:59:31.224511.224511 cuda_h.py:27] end prepare_group_stack cost 0.623 ms
DEBUG 04-24 09:59:31.224942.224942 cuda_h.py:27] end get_fused_experts_names_w cost 0.026 ms
DEBUG 04-24 09:59:31.225720.225720 cuda_h.py:27] end restore_fused_tensors cost 0.631 ms
DEBUG 04-24 09:59:31.225484.225484 cuda_h.py:27] end group_fused_tensors_mp cost 0.781 ms
DEBUG 04-24 09:59:31.225001.225001 cuda_h.py:27] end group stack cost 1.832 ms
DEBUG 04-24 09:59:31.226628.226628 cuda_h.py:27] end move_flatidxs_group_fused_mp cost 3.238 ms
DEBUG 04-24 09:59:31.226091.226091 cuda_h.py:27] end get_fused_experts_names_w cost 0.035 ms
DEBUG 04-24 09:59:31.226557.226557 cuda_h.py:27] end group stack cost 1.697 ms
DEBUG 04-24 09:59:31.226465.226465 cuda_h.py:27] end move_flatidxs_group_fused_mp cost 2.830 ms
DEBUG 04-24 09:59:31.226576.226576 cuda_h.py:27] end get_fused_experts_names_w cost 0.037 ms
DEBUG 04-24 09:59:31.226265.226265 cuda_h.py:27] end group stack cost 2.096 ms
DEBUG 04-24 09:59:31.227311.227311 cuda_h.py:27] end move_flatidxs_group_fused_mp cost 3.498 ms
DEBUG 04-24 09:59:31.227102.227102 cuda_h.py:27] end get_fused_experts_names_w cost 0.046 ms
DEBUG 04-24 09:59:31.228987.228987 cuda_h.py:27] end restore_fused_tensors cost 1.439 ms
DEBUG 04-24 09:59:31.228478.228478 cuda_h.py:27] end group_fused_tensors_mp cost 2.116 ms
DEBUG 04-24 09:59:31.228684.228684 cuda_h.py:27] end restore_fused_tensors cost 1.160 ms
DEBUG 04-24 09:59:31.228344.228344 cuda_h.py:27] end group_fused_tensors_mp cost 1.621 ms
DEBUG 04-24 09:59:31.229771.229771 cuda_h.py:27] end restore2model cost 2.035 ms
DEBUG 04-24 09:59:31.230317.230317 cuda_h.py:27] end sllm_worker_task cost 13.926 ms
DEBUG 04-24 09:59:31.230118.230118 cuda_h.py:27] end restore_fused_tensors cost 1.705 ms
DEBUG 04-24 09:59:31.230908.230908 cuda_h.py:27] end group_fused_tensors_mp cost 2.759 ms
DEBUG 04-24 09:59:31.238274.238274 mlpmodule.py:3373] [fused_group_bmm][steps] bmm1=6.534 ms split=0.337 ms act_mul=1.714 ms bmm2=4.351 ms
DEBUG 04-24 09:59:31.238138.238138 cuda_h.py:27] end fused_group_bmm cost 13.257 ms
DEBUG 04-24 09:59:31.239477.239477 cuda_h.py:27] end gather_outputs_group_fused_mp cost 0.910 ms
DEBUG 04-24 09:59:31.241722.241722 cuda_h.py:27] end cpu_experts_worker_bmm_or_einsum_0 cost 19.389 ms
DEBUG 04-24 09:59:31.241159.241159 mlpmodule.py:3373] [fused_group_bmm][steps] bmm1=7.507 ms split=0.126 ms act_mul=0.546 ms bmm2=2.988 ms
DEBUG 04-24 09:59:31.241006.241006 mlpmodule.py:3373] [fused_group_bmm][steps] bmm1=9.062 ms split=0.198 ms act_mul=0.698 ms bmm2=3.373 ms
DEBUG 04-24 09:59:31.242621.242621 cuda_h.py:27] end fused_group_bmm cost 11.533 ms
DEBUG 04-24 09:59:31.242311.242311 cuda_h.py:27] end fused_group_bmm cost 13.761 ms
DEBUG 04-24 09:59:31.242208.242208 mlpmodule.py:3373] [fused_group_bmm][steps] bmm1=10.227 ms split=0.071 ms act_mul=0.353 ms bmm2=3.014 ms
DEBUG 04-24 09:59:31.242106.242106 cuda_h.py:27] end fused_group_bmm cost 13.820 ms
DEBUG 04-24 09:59:31.242399.242399 cuda_h.py:27] end gather_outputs_group_fused_mp cost 0.444 ms
DEBUG 04-24 09:59:31.242552.242552 cuda_h.py:27] end gather_outputs_group_fused_mp cost 0.488 ms
DEBUG 04-24 09:59:31.243502.243502 cuda_h.py:27] end gather_outputs_group_fused_mp cost 0.338 ms
DEBUG 04-24 09:59:31.243874.243874 cuda_h.py:27] end cpu_experts_worker_bmm_or_einsum_2 cost 19.849 ms
DEBUG 04-24 09:59:31.243190.243190 cuda_h.py:27] end cpu_experts_worker_bmm_or_einsum_1 cost 19.830 ms
DEBUG 04-24 09:59:31.243160.243160 cuda_h.py:27] end cpu_experts_worker_bmm_or_einsum_3 cost 20.912 ms
DEBUG 04-24 09:59:31.245768.245768 cuda_h.py:27] end cpu_thread_manager_mp_wait_fused cost 21.801 ms
DEBUG 04-24 09:59:31.245203.245203 cuda_h.py:27] end *single cpu experts* cost 23.830 ms
DEBUG 04-24 09:59:31.246754.246754 sllm_store_c.py:27] get device uuid map
DEBUG 04-24 09:59:31.246870.246870 sllm_store_c.py:29] call client load into gpu
DEBUG 04-24 09:59:31.249754.249754 cuda_h.py:27] end load_into_gpu_async_fused_experts_dual cost 2.782 ms
DEBUG 04-24 09:59:31.249461.249461 cuda_h.py:27] end restore_tensors2_fused_experts_packed cost 0.093 ms
DEBUG 04-24 09:59:31.249384.249384 cuda_h.py:27] end restore_tensors2_fused_experts_slices cost 0.298 ms
DEBUG 04-24 09:59:31.249984.249984 cuda_h.py:27] end allocate_experts_cuda_memory_and_restore_model_multi_device_fused cost 4.670 ms
DEBUG 04-24 09:59:31.250267.250267 cuda_h.py:27] end gpu_sexperts cost 0.006 ms
DEBUG 04-24 09:59:31.250872.250872 cuda_h.py:27] end wait_load_qkvogn_s_weight cost 0.025 ms
DEBUG 04-24 09:59:31.261995.261995 cuda_h.py:27] end prepare_per_device_parameters cost 11.663 ms
DEBUG 04-24 09:59:31.267381.267381 cuda_h.py:27] end wait_experts_multi_device cost 5.520 ms
DEBUG 04-24 09:59:31.267793.267793 cuda_h.py:27] end *before fused experts* cost 22.341 ms
DEBUG 04-24 09:59:31.271116.271116 cuda_h.py:27] end gpu_experts_multi_device_fused cost 4.031 ms
DEBUG 04-24 09:59:31.271542.271542 cuda_h.py:27] end *gpu experts* cost 26.511 ms
DEBUG 04-24 09:59:31.271075.271075 cuda_h.py:27] end layer_moe_generate_mp_multi_device_fused_l_10 cost 52.567 ms
DEBUG 04-24 09:59:31.273050.273050 cuda_h.py:27] end *mlp cost 54.199 ms
DEBUG 04-24 09:59:31.273762.273762 cuda_h.py:27] end prefill_layer cost 57.708 ms
DEBUG 04-24 09:59:31.273472.273472 lmp.py:320] -------------------------------- end prefill layer 9 --------------------------------
DEBUG 04-24 09:59:31.273790.273790 lmp.py:273] -------------------------------- start prefill layer 10 --------------------------------
DEBUG 04-24 09:59:31.273164.273164 cuda_h.py:27] end start_load_qkvogn_s_weight_l_11 cost 0.051 ms
DEBUG 04-24 09:59:31.274453.274453 cuda_h.py:27] end allocate_cuda_memory cost 0.276 ms
DEBUG 04-24 09:59:31.274035.274035 sllm_store_c.py:27] get device uuid map
DEBUG 04-24 09:59:31.274097.274097 sllm_store_c.py:29] call client load into gpu
DEBUG 04-24 09:59:31.276963.276963 cuda_h.py:27] end load_into_gpu_async cost 2.015 ms
DEBUG 04-24 09:59:31.276606.276606 cuda_h.py:27] end restore_tensors2 cost 0.111 ms
DEBUG 04-24 09:59:31.276342.276342 cuda_h.py:27] end allocate_cuda_memory_and_load_into_gpu cost 2.806 ms
DEBUG 04-24 09:59:31.276174.276174 cuda_h.py:27] end **self_attn cost 2.094 ms
DEBUG 04-24 09:59:31.277107.277107 cuda_h.py:27] end *iln_self_attn_paln cost 3.661 ms
DEBUG 04-24 09:59:31.277506.277506 cuda_h.py:27] end gate cost 0.557 ms
DEBUG 04-24 09:59:31.278818.278818 cuda_h.py:27] end experts_map_get cost 0.343 ms
DEBUG 04-24 09:59:31.278569.278569 cuda_h.py:27] end *before experts start* cost 1.073 ms
DEBUG 04-24 09:59:31.278449.278449 cuda_h.py:27] end cpu_experts_submit_fused_mp cost 0.165 ms
DEBUG 04-24 09:59:31.280002.280002 cuda_h.py:27] end prepare_group_stack cost 0.452 ms
DEBUG 04-24 09:59:31.280948.280948 cuda_h.py:27] end prepare_group_stack cost 0.492 ms
DEBUG 04-24 09:59:31.280328.280328 cuda_h.py:27] end prepare_group_stack cost 0.463 ms
DEBUG 04-24 09:59:31.281717.281717 cuda_h.py:27] end prepare_group_stack cost 0.485 ms
DEBUG 04-24 09:59:31.281049.281049 cuda_h.py:27] end group stack cost 1.256 ms
DEBUG 04-24 09:59:31.281021.281021 cuda_h.py:27] end move_flatidxs_group_fused_mp cost 2.043 ms
DEBUG 04-24 09:59:31.281637.281637 cuda_h.py:27] end group stack cost 1.290 ms
DEBUG 04-24 09:59:31.281857.281857 cuda_h.py:27] end get_fused_experts_names_w cost 0.029 ms
DEBUG 04-24 09:59:31.281056.281056 cuda_h.py:27] end move_flatidxs_group_fused_mp cost 2.177 ms
DEBUG 04-24 09:59:31.282052.282052 cuda_h.py:27] end get_fused_experts_names_w cost 0.017 ms
DEBUG 04-24 09:59:31.282687.282687 cuda_h.py:27] end group stack cost 1.092 ms
DEBUG 04-24 09:59:31.282498.282498 cuda_h.py:27] end move_flatidxs_group_fused_mp cost 1.810 ms
DEBUG 04-24 09:59:31.282484.282484 cuda_h.py:27] end get_fused_experts_names_w cost 0.023 ms
DEBUG 04-24 09:59:31.282376.282376 cuda_h.py:27] end restore_fused_tensors cost 0.559 ms
DEBUG 04-24 09:59:31.282590.282590 cuda_h.py:27] end group_fused_tensors_mp cost 0.662 ms
DEBUG 04-24 09:59:31.282948.282948 cuda_h.py:27] end group stack cost 1.436 ms
DEBUG 04-24 09:59:31.282559.282559 cuda_h.py:27] end restore_fused_tensors cost 0.718 ms
DEBUG 04-24 09:59:31.282137.282137 cuda_h.py:27] end group_fused_tensors_mp cost 0.874 ms
DEBUG 04-24 09:59:31.282946.282946 cuda_h.py:27] end move_flatidxs_group_fused_mp cost 2.225 ms
DEBUG 04-24 09:59:31.282311.282311 cuda_h.py:27] end restore_fused_tensors cost 0.538 ms
DEBUG 04-24 09:59:31.283207.283207 cuda_h.py:27] end group_fused_tensors_mp cost 0.841 ms
DEBUG 04-24 09:59:31.283407.283407 cuda_h.py:27] end get_fused_experts_names_w cost 0.035 ms
DEBUG 04-24 09:59:31.284352.284352 cuda_h.py:27] end restore_fused_tensors cost 1.374 ms
DEBUG 04-24 09:59:31.285851.285851 cuda_h.py:27] end group_fused_tensors_mp cost 2.010 ms
DEBUG 04-24 09:59:31.292495.292495 cuda_h.py:27] end restore2model cost 1.307 ms
DEBUG 04-24 09:59:31.292357.292357 cuda_h.py:27] end sllm_worker_task cost 18.473 ms
DEBUG 04-24 09:59:31.294205.294205 mlpmodule.py:3373] [fused_group_bmm][steps] bmm1=7.787 ms split=0.110 ms act_mul=0.378 ms bmm2=3.258 ms
DEBUG 04-24 09:59:31.294853.294853 cuda_h.py:27] end fused_group_bmm cost 11.718 ms
DEBUG 04-24 09:59:31.294172.294172 cuda_h.py:27] end gather_outputs_group_fused_mp cost 0.354 ms
DEBUG 04-24 09:59:31.295084.295084 cuda_h.py:27] end cpu_experts_worker_bmm_or_einsum_1 cost 15.399 ms
DEBUG 04-24 09:59:31.295998.295998 mlpmodule.py:3373] [fused_group_bmm][steps] bmm1=8.099 ms split=0.186 ms act_mul=0.600 ms bmm2=2.931 ms
DEBUG 04-24 09:59:31.295475.295475 cuda_h.py:27] end fused_group_bmm cost 12.054 ms
DEBUG 04-24 09:59:31.296245.296245 cuda_h.py:27] end gather_outputs_group_fused_mp cost 0.721 ms
DEBUG 04-24 09:59:31.296334.296334 cuda_h.py:27] end cpu_experts_worker_bmm_or_einsum_2 cost 16.809 ms
DEBUG 04-24 09:59:31.297926.297926 mlpmodule.py:3373] [fused_group_bmm][steps] bmm1=9.424 ms split=0.247 ms act_mul=0.779 ms bmm2=4.150 ms
DEBUG 04-24 09:59:31.298125.298125 cuda_h.py:27] end fused_group_bmm cost 14.853 ms
DEBUG 04-24 09:59:31.298406.298406 mlpmodule.py:3373] [fused_group_bmm][steps] bmm1=8.334 ms split=0.113 ms act_mul=0.326 ms bmm2=3.615 ms
DEBUG 04-24 09:59:31.298650.298650 cuda_h.py:27] end fused_group_bmm cost 12.590 ms
DEBUG 04-24 09:59:31.298240.298240 cuda_h.py:27] end gather_outputs_group_fused_mp cost 0.420 ms
DEBUG 04-24 09:59:31.298105.298105 cuda_h.py:27] end gather_outputs_group_fused_mp cost 0.379 ms
DEBUG 04-24 09:59:31.299670.299670 cuda_h.py:27] end cpu_experts_worker_bmm_or_einsum_0 cost 19.609 ms
DEBUG 04-24 09:59:31.299286.299286 cuda_h.py:27] end cpu_experts_worker_bmm_or_einsum_3 cost 18.907 ms
DEBUG 04-24 09:59:31.300142.300142 cuda_h.py:27] end cpu_thread_manager_mp_wait_fused cost 20.369 ms
DEBUG 04-24 09:59:31.300193.300193 cuda_h.py:27] end *single cpu experts* cost 22.376 ms
DEBUG 04-24 09:59:31.302850.302850 sllm_store_c.py:27] get device uuid map
DEBUG 04-24 09:59:31.302490.302490 sllm_store_c.py:29] call client load into gpu
DEBUG 04-24 09:59:31.308377.308377 cuda_h.py:27] end load_into_gpu_async_fused_experts_dual cost 6.859 ms
DEBUG 04-24 09:59:31.309409.309409 cuda_h.py:27] end restore_tensors2_fused_experts_packed cost 0.093 ms
DEBUG 04-24 09:59:31.309817.309817 cuda_h.py:27] end restore_tensors2_fused_experts_slices cost 0.280 ms
DEBUG 04-24 09:59:31.309602.309602 cuda_h.py:27] end allocate_experts_cuda_memory_and_restore_model_multi_device_fused cost 8.784 ms
DEBUG 04-24 09:59:31.309490.309490 cuda_h.py:27] end gpu_sexperts cost 0.007 ms
DEBUG 04-24 09:59:31.310658.310658 cuda_h.py:27] end wait_load_qkvogn_s_weight cost 0.022 ms
DEBUG 04-24 09:59:31.320243.320243 cuda_h.py:27] end prepare_per_device_parameters cost 10.592 ms
DEBUG 04-24 09:59:31.328992.328992 cuda_h.py:27] end wait_experts_multi_device cost 7.247 ms
DEBUG 04-24 09:59:31.328404.328404 cuda_h.py:27] end *before fused experts* cost 27.222 ms
DEBUG 04-24 09:59:31.332889.332889 cuda_h.py:27] end gpu_experts_multi_device_fused cost 3.974 ms
DEBUG 04-24 09:59:31.332785.332785 cuda_h.py:27] end *gpu experts* cost 31.296 ms
DEBUG 04-24 09:59:31.332404.332404 cuda_h.py:27] end layer_moe_generate_mp_multi_device_fused_l_11 cost 54.884 ms
DEBUG 04-24 09:59:31.333862.333862 cuda_h.py:27] end *mlp cost 56.310 ms
DEBUG 04-24 09:59:31.333382.333382 cuda_h.py:27] end prefill_layer cost 60.195 ms
DEBUG 04-24 09:59:31.333853.333853 lmp.py:320] -------------------------------- end prefill layer 10 --------------------------------
DEBUG 04-24 09:59:31.334039.334039 lmp.py:273] -------------------------------- start prefill layer 11 --------------------------------
DEBUG 04-24 09:59:31.334870.334870 cuda_h.py:27] end start_load_qkvogn_s_weight_l_12 cost 0.050 ms
DEBUG 04-24 09:59:31.334457.334457 cuda_h.py:27] end allocate_cuda_memory cost 0.320 ms
DEBUG 04-24 09:59:31.334546.334546 sllm_store_c.py:27] get device uuid map
DEBUG 04-24 09:59:31.335101.335101 sllm_store_c.py:29] call client load into gpu
DEBUG 04-24 09:59:31.337339.337339 cuda_h.py:27] end load_into_gpu_async cost 2.128 ms
DEBUG 04-24 09:59:31.337878.337878 cuda_h.py:27] end restore_tensors2 cost 0.138 ms
DEBUG 04-24 09:59:31.337863.337863 cuda_h.py:27] end **self_attn cost 2.211 ms
DEBUG 04-24 09:59:31.337773.337773 cuda_h.py:27] end allocate_cuda_memory_and_load_into_gpu cost 3.301 ms
DEBUG 04-24 09:59:31.338911.338911 cuda_h.py:27] end *iln_self_attn_paln cost 4.047 ms
DEBUG 04-24 09:59:31.338257.338257 cuda_h.py:27] end gate cost 0.545 ms
DEBUG 04-24 09:59:31.339728.339728 cuda_h.py:27] end experts_map_get cost 0.324 ms
DEBUG 04-24 09:59:31.339279.339279 cuda_h.py:27] end *before experts start* cost 1.030 ms
DEBUG 04-24 09:59:31.339551.339551 cuda_h.py:27] end cpu_experts_submit_fused_mp cost 0.172 ms
DEBUG 04-24 09:59:31.341644.341644 cuda_h.py:27] end prepare_group_stack cost 0.641 ms
DEBUG 04-24 09:59:31.341733.341733 cuda_h.py:27] end prepare_group_stack cost 0.470 ms
DEBUG 04-24 09:59:31.341485.341485 cuda_h.py:27] end prepare_group_stack cost 0.509 ms
DEBUG 04-24 09:59:31.342155.342155 cuda_h.py:27] end prepare_group_stack cost 0.477 ms
DEBUG 04-24 09:59:31.342472.342472 cuda_h.py:27] end group stack cost 1.369 ms
DEBUG 04-24 09:59:31.342477.342477 cuda_h.py:27] end move_flatidxs_group_fused_mp cost 2.128 ms
DEBUG 04-24 09:59:31.343311.343311 cuda_h.py:27] end group stack cost 1.306 ms
DEBUG 04-24 09:59:31.343385.343385 cuda_h.py:27] end group stack cost 1.756 ms
DEBUG 04-24 09:59:31.343493.343493 cuda_h.py:27] end get_fused_experts_names_w cost 0.024 ms
DEBUG 04-24 09:59:31.343078.343078 cuda_h.py:27] end move_flatidxs_group_fused_mp cost 2.195 ms
DEBUG 04-24 09:59:31.343848.343848 cuda_h.py:27] end move_flatidxs_group_fused_mp cost 2.828 ms
DEBUG 04-24 09:59:31.343060.343060 cuda_h.py:27] end get_fused_experts_names_w cost 0.028 ms
DEBUG 04-24 09:59:31.343188.343188 cuda_h.py:27] end get_fused_experts_names_w cost 0.058 ms
DEBUG 04-24 09:59:31.343837.343837 cuda_h.py:27] end group stack cost 1.429 ms
DEBUG 04-24 09:59:31.343742.343742 cuda_h.py:27] end move_flatidxs_group_fused_mp cost 2.233 ms
DEBUG 04-24 09:59:31.344831.344831 cuda_h.py:27] end get_fused_experts_names_w cost 0.030 ms
DEBUG 04-24 09:59:31.344132.344132 cuda_h.py:27] end restore_fused_tensors cost 0.802 ms
DEBUG 04-24 09:59:31.344766.344766 cuda_h.py:27] end group_fused_tensors_mp cost 1.247 ms
DEBUG 04-24 09:59:31.344173.344173 cuda_h.py:27] end restore_fused_tensors cost 0.892 ms
DEBUG 04-24 09:59:31.344409.344409 cuda_h.py:27] end group_fused_tensors_mp cost 1.168 ms
DEBUG 04-24 09:59:31.344454.344454 cuda_h.py:27] end restore_fused_tensors cost 1.117 ms
DEBUG 04-24 09:59:31.344346.344346 cuda_h.py:27] end group_fused_tensors_mp cost 1.409 ms
DEBUG 04-24 09:59:31.345293.345293 cuda_h.py:27] end restore_fused_tensors cost 0.920 ms
DEBUG 04-24 09:59:31.345294.345294 cuda_h.py:27] end group_fused_tensors_mp cost 1.375 ms
DEBUG 04-24 09:59:31.348688.348688 cuda_h.py:27] end restore2model cost 2.585 ms
DEBUG 04-24 09:59:31.348591.348591 cuda_h.py:27] end sllm_worker_task cost 14.463 ms
DEBUG 04-24 09:59:31.359502.359502 mlpmodule.py:3373] [fused_group_bmm][steps] bmm1=8.897 ms split=0.102 ms act_mul=0.407 ms bmm2=4.904 ms
DEBUG 04-24 09:59:31.359225.359225 cuda_h.py:27] end fused_group_bmm cost 14.593 ms
DEBUG 04-24 09:59:31.359208.359208 mlpmodule.py:3373] [fused_group_bmm][steps] bmm1=8.960 ms split=0.130 ms act_mul=0.694 ms bmm2=4.974 ms
DEBUG 04-24 09:59:31.359343.359343 mlpmodule.py:3373] [fused_group_bmm][steps] bmm1=8.045 ms split=0.088 ms act_mul=0.422 ms bmm2=4.831 ms
DEBUG 04-24 09:59:31.359044.359044 cuda_h.py:27] end fused_group_bmm cost 15.022 ms
DEBUG 04-24 09:59:31.359724.359724 mlpmodule.py:3373] [fused_group_bmm][steps] bmm1=9.467 ms split=0.084 ms act_mul=0.406 ms bmm2=5.213 ms
DEBUG 04-24 09:59:31.360199.360199 cuda_h.py:27] end fused_group_bmm cost 13.879 ms
DEBUG 04-24 09:59:31.360048.360048 cuda_h.py:27] end fused_group_bmm cost 15.578 ms
DEBUG 04-24 09:59:31.360353.360353 cuda_h.py:27] end gather_outputs_group_fused_mp cost 0.388 ms
DEBUG 04-24 09:59:31.360043.360043 cuda_h.py:27] end gather_outputs_group_fused_mp cost 0.478 ms
DEBUG 04-24 09:59:31.360919.360919 cuda_h.py:27] end gather_outputs_group_fused_mp cost 0.348 ms
DEBUG 04-24 09:59:31.360132.360132 cuda_h.py:27] end gather_outputs_group_fused_mp cost 0.413 ms
DEBUG 04-24 09:59:31.360374.360374 cuda_h.py:27] end cpu_experts_worker_bmm_or_einsum_3 cost 20.225 ms
DEBUG 04-24 09:59:31.360906.360906 cuda_h.py:27] end cpu_experts_worker_bmm_or_einsum_1 cost 20.567 ms
DEBUG 04-24 09:59:31.361755.361755 cuda_h.py:27] end cpu_experts_worker_bmm_or_einsum_2 cost 20.228 ms
DEBUG 04-24 09:59:31.361413.361413 cuda_h.py:27] end cpu_experts_worker_bmm_or_einsum_0 cost 19.896 ms
DEBUG 04-24 09:59:31.363109.363109 cuda_h.py:27] end cpu_thread_manager_mp_wait_fused cost 22.103 ms
DEBUG 04-24 09:59:31.363212.363212 cuda_h.py:27] end *single cpu experts* cost 24.078 ms
DEBUG 04-24 09:59:31.364381.364381 sllm_store_c.py:27] get device uuid map
DEBUG 04-24 09:59:31.364993.364993 sllm_store_c.py:29] call client load into gpu
DEBUG 04-24 09:59:31.367289.367289 cuda_h.py:27] end load_into_gpu_async_fused_experts_dual cost 2.605 ms
DEBUG 04-24 09:59:31.367301.367301 cuda_h.py:27] end restore_tensors2_fused_experts_packed cost 0.078 ms
DEBUG 04-24 09:59:31.367883.367883 cuda_h.py:27] end restore_tensors2_fused_experts_slices cost 0.303 ms
DEBUG 04-24 09:59:31.367151.367151 cuda_h.py:27] end allocate_experts_cuda_memory_and_restore_model_multi_device_fused cost 4.262 ms
DEBUG 04-24 09:59:31.367773.367773 cuda_h.py:27] end gpu_sexperts cost 0.005 ms
DEBUG 04-24 09:59:31.367464.367464 cuda_h.py:27] end wait_load_qkvogn_s_weight cost 0.018 ms
DEBUG 04-24 09:59:31.380085.380085 cuda_h.py:27] end prepare_per_device_parameters cost 12.082 ms
DEBUG 04-24 09:59:31.385613.385613 cuda_h.py:27] end wait_experts_multi_device cost 4.769 ms
DEBUG 04-24 09:59:31.385377.385377 cuda_h.py:27] end *before fused experts* cost 21.675 ms
DEBUG 04-24 09:59:31.389662.389662 cuda_h.py:27] end gpu_experts_multi_device_fused cost 3.932 ms
DEBUG 04-24 09:59:31.389273.389273 cuda_h.py:27] end *gpu experts* cost 25.708 ms
DEBUG 04-24 09:59:31.389461.389461 cuda_h.py:27] end layer_moe_generate_mp_multi_device_fused_l_12 cost 50.953 ms
DEBUG 04-24 09:59:31.390904.390904 cuda_h.py:27] end *mlp cost 52.720 ms
DEBUG 04-24 09:59:31.391961.391961 cuda_h.py:27] end prefill_layer cost 56.999 ms
DEBUG 04-24 09:59:31.391763.391763 lmp.py:320] -------------------------------- end prefill layer 11 --------------------------------
DEBUG 04-24 09:59:31.391367.391367 lmp.py:273] -------------------------------- start prefill layer 12 --------------------------------
DEBUG 04-24 09:59:31.391482.391482 cuda_h.py:27] end start_load_qkvogn_s_weight_l_13 cost 0.051 ms
DEBUG 04-24 09:59:31.391433.391433 cuda_h.py:27] end allocate_cuda_memory cost 0.331 ms
DEBUG 04-24 09:59:31.391111.391111 sllm_store_c.py:27] get device uuid map
DEBUG 04-24 09:59:31.392852.392852 sllm_store_c.py:29] call client load into gpu
DEBUG 04-24 09:59:31.393025.393025 cuda_h.py:27] end **self_attn cost 1.489 ms
DEBUG 04-24 09:59:31.394499.394499 cuda_h.py:27] end load_into_gpu_async cost 2.100 ms
DEBUG 04-24 09:59:31.394410.394410 cuda_h.py:27] end restore_tensors2 cost 0.128 ms
DEBUG 04-24 09:59:31.394988.394988 cuda_h.py:27] end allocate_cuda_memory_and_load_into_gpu cost 3.136 ms
DEBUG 04-24 09:59:31.394252.394252 cuda_h.py:27] end *iln_self_attn_paln cost 3.464 ms
DEBUG 04-24 09:59:31.395471.395471 cuda_h.py:27] end gate cost 0.547 ms
DEBUG 04-24 09:59:31.395948.395948 cuda_h.py:27] end experts_map_get cost 0.334 ms
DEBUG 04-24 09:59:31.395639.395639 cuda_h.py:27] end *before experts start* cost 1.035 ms
DEBUG 04-24 09:59:31.396552.396552 cuda_h.py:27] end cpu_experts_submit_fused_mp cost 0.155 ms
DEBUG 04-24 09:59:31.397848.397848 cuda_h.py:27] end prepare_group_stack cost 0.444 ms
DEBUG 04-24 09:59:31.397755.397755 cuda_h.py:27] end prepare_group_stack cost 0.454 ms
DEBUG 04-24 09:59:31.398273.398273 cuda_h.py:27] end prepare_group_stack cost 0.461 ms
DEBUG 04-24 09:59:31.398696.398696 cuda_h.py:27] end group stack cost 1.087 ms
DEBUG 04-24 09:59:31.398710.398710 cuda_h.py:27] end move_flatidxs_group_fused_mp cost 1.873 ms
DEBUG 04-24 09:59:31.398766.398766 cuda_h.py:27] end get_fused_experts_names_w cost 0.017 ms
DEBUG 04-24 09:59:31.399575.399575 cuda_h.py:27] end restore_fused_tensors cost 0.475 ms
DEBUG 04-24 09:59:31.399661.399661 cuda_h.py:27] end group stack cost 1.406 ms
DEBUG 04-24 09:59:31.399325.399325 cuda_h.py:27] end group_fused_tensors_mp cost 0.714 ms
DEBUG 04-24 09:59:31.399960.399960 cuda_h.py:27] end group stack cost 1.046 ms
DEBUG 04-24 09:59:31.399997.399997 cuda_h.py:27] end move_flatidxs_group_fused_mp cost 1.713 ms
DEBUG 04-24 09:59:31.399606.399606 cuda_h.py:27] end move_flatidxs_group_fused_mp cost 2.160 ms
DEBUG 04-24 09:59:31.399772.399772 cuda_h.py:27] end get_fused_experts_names_w cost 0.054 ms
DEBUG 04-24 09:59:31.399369.399369 cuda_h.py:27] end get_fused_experts_names_w cost 0.028 ms
DEBUG 04-24 09:59:31.400456.400456 cuda_h.py:27] end restore_fused_tensors cost 0.595 ms
DEBUG 04-24 09:59:31.400928.400928 cuda_h.py:27] end group_fused_tensors_mp cost 0.771 ms
DEBUG 04-24 09:59:31.400439.400439 cuda_h.py:27] end restore_fused_tensors cost 1.126 ms
DEBUG 04-24 09:59:31.401282.401282 cuda_h.py:27] end group_fused_tensors_mp cost 1.569 ms
DEBUG 04-24 09:59:31.404233.404233 cuda_h.py:27] end restore2model cost 2.375 ms
DEBUG 04-24 09:59:31.405721.405721 cuda_h.py:27] end sllm_worker_task cost 13.916 ms
DEBUG 04-24 09:59:31.408057.408057 mlpmodule.py:3373] [fused_group_bmm][steps] bmm1=4.942 ms split=0.133 ms act_mul=0.589 ms bmm2=2.388 ms
DEBUG 04-24 09:59:31.408840.408840 cuda_h.py:27] end fused_group_bmm cost 8.307 ms
DEBUG 04-24 09:59:31.409463.409463 cuda_h.py:27] end gather_outputs_group_fused_mp cost 0.593 ms
DEBUG 04-24 09:59:31.410271.410271 cuda_h.py:27] end cpu_experts_worker_bmm_or_einsum_2 cost 12.591 ms
DEBUG 04-24 09:59:31.411296.411296 cuda_h.py:27] end prepare_group_stack cost 14.157 ms
DEBUG 04-24 09:59:31.411661.411661 mlpmodule.py:3373] [fused_group_bmm][steps] bmm1=7.982 ms split=0.104 ms act_mul=0.414 ms bmm2=3.767 ms
DEBUG 04-24 09:59:31.411773.411773 cuda_h.py:27] end fused_group_bmm cost 12.482 ms
DEBUG 04-24 09:59:31.411607.411607 mlpmodule.py:3373] [fused_group_bmm][steps] bmm1=6.777 ms split=0.100 ms act_mul=0.368 ms bmm2=2.998 ms
DEBUG 04-24 09:59:31.412914.412914 cuda_h.py:27] end fused_group_bmm cost 10.532 ms
DEBUG 04-24 09:59:31.412329.412329 cuda_h.py:27] end gather_outputs_group_fused_mp cost 0.363 ms
DEBUG 04-24 09:59:31.412793.412793 cuda_h.py:27] end gather_outputs_group_fused_mp cost 0.378 ms
DEBUG 04-24 09:59:31.413121.413121 cuda_h.py:27] end cpu_experts_worker_bmm_or_einsum_1 cost 16.436 ms
DEBUG 04-24 09:59:31.413544.413544 cuda_h.py:27] end cpu_experts_worker_bmm_or_einsum_3 cost 16.081 ms
DEBUG 04-24 09:59:31.429719.429719 cuda_h.py:27] end group stack cost 17.761 ms
DEBUG 04-24 09:59:31.429506.429506 cuda_h.py:27] end move_flatidxs_group_fused_mp cost 32.351 ms
DEBUG 04-24 09:59:31.430699.430699 cuda_h.py:27] end get_fused_experts_names_w cost 0.025 ms
DEBUG 04-24 09:59:31.430608.430608 cuda_h.py:27] end restore_fused_tensors cost 0.484 ms
DEBUG 04-24 09:59:31.430875.430875 cuda_h.py:27] end group_fused_tensors_mp cost 0.721 ms
DEBUG 04-24 09:59:31.436655.436655 mlpmodule.py:3373] [fused_group_bmm][steps] bmm1=2.941 ms split=0.061 ms act_mul=0.297 ms bmm2=1.873 ms
DEBUG 04-24 09:59:31.436587.436587 cuda_h.py:27] end fused_group_bmm cost 5.314 ms
DEBUG 04-24 09:59:31.436547.436547 cuda_h.py:27] end gather_outputs_group_fused_mp cost 0.353 ms
DEBUG 04-24 09:59:31.437316.437316 cuda_h.py:27] end cpu_experts_worker_bmm_or_einsum_0 cost 39.675 ms
DEBUG 04-24 09:59:31.438735.438735 cuda_h.py:27] end cpu_thread_manager_mp_wait_fused cost 40.900 ms
DEBUG 04-24 09:59:31.438349.438349 cuda_h.py:27] end *single cpu experts* cost 42.733 ms
DEBUG 04-24 09:59:31.440065.440065 sllm_store_c.py:27] get device uuid map
DEBUG 04-24 09:59:31.440658.440658 sllm_store_c.py:29] call client load into gpu
DEBUG 04-24 09:59:31.443383.443383 cuda_h.py:27] end load_into_gpu_async_fused_experts_dual cost 2.980 ms
DEBUG 04-24 09:59:31.443409.443409 cuda_h.py:27] end restore_tensors2_fused_experts_packed cost 0.098 ms
DEBUG 04-24 09:59:31.443637.443637 cuda_h.py:27] end restore_tensors2_fused_experts_slices cost 0.348 ms
DEBUG 04-24 09:59:31.443078.443078 cuda_h.py:27] end allocate_experts_cuda_memory_and_restore_model_multi_device_fused cost 5.117 ms
DEBUG 04-24 09:59:31.443110.443110 cuda_h.py:27] end gpu_sexperts cost 0.007 ms
DEBUG 04-24 09:59:31.444490.444490 cuda_h.py:27] end wait_load_qkvogn_s_weight cost 0.024 ms
DEBUG 04-24 09:59:31.455666.455666 cuda_h.py:27] end prepare_per_device_parameters cost 11.134 ms
DEBUG 04-24 09:59:31.462843.462843 cuda_h.py:27] end wait_experts_multi_device cost 6.810 ms
DEBUG 04-24 09:59:31.462872.462872 cuda_h.py:27] end *before fused experts* cost 23.480 ms
DEBUG 04-24 09:59:31.466365.466365 cuda_h.py:27] end gpu_experts_multi_device_fused cost 4.016 ms
DEBUG 04-24 09:59:31.466254.466254 cuda_h.py:27] end *gpu experts* cost 27.590 ms
DEBUG 04-24 09:59:31.466866.466866 cuda_h.py:27] end layer_moe_generate_mp_multi_device_fused_l_13 cost 71.497 ms
DEBUG 04-24 09:59:31.467237.467237 cuda_h.py:27] end *mlp cost 73.105 ms
DEBUG 04-24 09:59:31.468579.468579 cuda_h.py:27] end prefill_layer cost 76.945 ms
DEBUG 04-24 09:59:31.468858.468858 lmp.py:320] -------------------------------- end prefill layer 12 --------------------------------
DEBUG 04-24 09:59:31.468177.468177 lmp.py:273] -------------------------------- start prefill layer 13 --------------------------------
DEBUG 04-24 09:59:31.468093.468093 cuda_h.py:27] end start_load_qkvogn_s_weight_l_14 cost 0.046 ms
DEBUG 04-24 09:59:31.468414.468414 cuda_h.py:27] end allocate_cuda_memory cost 0.263 ms
DEBUG 04-24 09:59:31.468314.468314 sllm_store_c.py:27] get device uuid map
DEBUG 04-24 09:59:31.468177.468177 sllm_store_c.py:29] call client load into gpu
DEBUG 04-24 09:59:31.470453.470453 cuda_h.py:27] end **self_attn cost 1.494 ms
DEBUG 04-24 09:59:31.470746.470746 cuda_h.py:27] end *iln_self_attn_paln cost 2.744 ms
DEBUG 04-24 09:59:31.471243.471243 cuda_h.py:27] end load_into_gpu_async cost 2.430 ms
DEBUG 04-24 09:59:31.471775.471775 cuda_h.py:27] end restore_tensors2 cost 0.117 ms
DEBUG 04-24 09:59:31.471946.471946 cuda_h.py:27] end allocate_cuda_memory_and_load_into_gpu cost 3.376 ms
DEBUG 04-24 09:59:31.472383.472383 cuda_h.py:27] end gate cost 1.178 ms
DEBUG 04-24 09:59:31.472000.472000 cuda_h.py:27] end experts_map_get cost 0.310 ms
DEBUG 04-24 09:59:31.472982.472982 cuda_h.py:27] end *before experts start* cost 1.671 ms
DEBUG 04-24 09:59:31.472962.472962 cuda_h.py:27] end cpu_experts_submit_fused_mp cost 0.169 ms
DEBUG 04-24 09:59:31.474115.474115 cuda_h.py:27] end prepare_group_stack cost 0.652 ms
DEBUG 04-24 09:59:31.474463.474463 cuda_h.py:27] end prepare_group_stack cost 0.505 ms
DEBUG 04-24 09:59:31.475340.475340 cuda_h.py:27] end prepare_group_stack cost 0.583 ms
DEBUG 04-24 09:59:31.476565.476565 cuda_h.py:27] end group stack cost 1.139 ms
DEBUG 04-24 09:59:31.476702.476702 cuda_h.py:27] end move_flatidxs_group_fused_mp cost 1.941 ms
DEBUG 04-24 09:59:31.476646.476646 cuda_h.py:27] end get_fused_experts_names_w cost 0.024 ms
DEBUG 04-24 09:59:31.477236.477236 cuda_h.py:27] end restore_fused_tensors cost 0.642 ms
DEBUG 04-24 09:59:31.477782.477782 cuda_h.py:27] end group_fused_tensors_mp cost 0.935 ms
DEBUG 04-24 09:59:31.477132.477132 cuda_h.py:27] end group stack cost 1.826 ms
DEBUG 04-24 09:59:31.477441.477441 cuda_h.py:27] end group stack cost 2.827 ms
DEBUG 04-24 09:59:31.477167.477167 cuda_h.py:27] end move_flatidxs_group_fused_mp cost 2.953 ms
DEBUG 04-24 09:59:31.478716.478716 cuda_h.py:27] end move_flatidxs_group_fused_mp cost 4.009 ms
DEBUG 04-24 09:59:31.478317.478317 cuda_h.py:27] end get_fused_experts_names_w cost 0.035 ms
DEBUG 04-24 09:59:31.478551.478551 cuda_h.py:27] end get_fused_experts_names_w cost 0.030 ms
DEBUG 04-24 09:59:31.478635.478635 cuda_h.py:27] end prepare_group_stack cost 1.029 ms
DEBUG 04-24 09:59:31.479180.479180 cuda_h.py:27] end restore_fused_tensors cost 1.163 ms
DEBUG 04-24 09:59:31.479889.479889 cuda_h.py:27] end group_fused_tensors_mp cost 1.515 ms
DEBUG 04-24 09:59:31.479836.479836 cuda_h.py:27] end restore_fused_tensors cost 1.336 ms
DEBUG 04-24 09:59:31.480670.480670 cuda_h.py:27] end group_fused_tensors_mp cost 1.805 ms
DEBUG 04-24 09:59:31.480093.480093 cuda_h.py:27] end restore2model cost 1.173 ms
DEBUG 04-24 09:59:31.480594.480594 cuda_h.py:27] end sllm_worker_task cost 12.461 ms
DEBUG 04-24 09:59:31.481561.481561 cuda_h.py:27] end group stack cost 3.274 ms
DEBUG 04-24 09:59:31.482781.482781 cuda_h.py:27] end move_flatidxs_group_fused_mp cost 5.629 ms
DEBUG 04-24 09:59:31.482879.482879 cuda_h.py:27] end get_fused_experts_names_w cost 0.103 ms
DEBUG 04-24 09:59:31.484937.484937 cuda_h.py:27] end restore_fused_tensors cost 1.161 ms
DEBUG 04-24 09:59:31.484470.484470 cuda_h.py:27] end group_fused_tensors_mp cost 1.594 ms
DEBUG 04-24 09:59:31.488874.488874 mlpmodule.py:3373] [fused_group_bmm][steps] bmm1=6.068 ms split=0.077 ms act_mul=0.440 ms bmm2=4.090 ms
DEBUG 04-24 09:59:31.488160.488160 cuda_h.py:27] end fused_group_bmm cost 10.952 ms
DEBUG 04-24 09:59:31.489776.489776 cuda_h.py:27] end gather_outputs_group_fused_mp cost 0.672 ms
DEBUG 04-24 09:59:31.489424.489424 cuda_h.py:27] end cpu_experts_worker_bmm_or_einsum_2 cost 15.692 ms
DEBUG 04-24 09:59:31.491186.491186 mlpmodule.py:3373] [fused_group_bmm][steps] bmm1=7.462 ms split=0.154 ms act_mul=0.457 ms bmm2=3.278 ms
DEBUG 04-24 09:59:31.491888.491888 cuda_h.py:27] end fused_group_bmm cost 11.775 ms
DEBUG 04-24 09:59:31.492020.492020 mlpmodule.py:3373] [fused_group_bmm][steps] bmm1=7.420 ms split=0.084 ms act_mul=0.900 ms bmm2=3.264 ms
DEBUG 04-24 09:59:31.492853.492853 cuda_h.py:27] end fused_group_bmm cost 11.845 ms
DEBUG 04-24 09:59:31.492101.492101 cuda_h.py:27] end gather_outputs_group_fused_mp cost 0.570 ms
DEBUG 04-24 09:59:31.492912.492912 cuda_h.py:27] end gather_outputs_group_fused_mp cost 0.316 ms
DEBUG 04-24 09:59:31.493760.493760 cuda_h.py:27] end cpu_experts_worker_bmm_or_einsum_3 cost 18.384 ms
DEBUG 04-24 09:59:31.493990.493990 cuda_h.py:27] end cpu_experts_worker_bmm_or_einsum_1 cost 19.298 ms
DEBUG 04-24 09:59:31.493969.493969 mlpmodule.py:3373] [fused_group_bmm][steps] bmm1=5.650 ms split=0.135 ms act_mul=0.489 ms bmm2=2.320 ms
DEBUG 04-24 09:59:31.493150.493150 cuda_h.py:27] end fused_group_bmm cost 8.898 ms
DEBUG 04-24 09:59:31.494161.494161 cuda_h.py:27] end gather_outputs_group_fused_mp cost 0.480 ms
DEBUG 04-24 09:59:31.494034.494034 cuda_h.py:27] end cpu_experts_worker_bmm_or_einsum_0 cost 18.575 ms
DEBUG 04-24 09:59:31.496843.496843 cuda_h.py:27] end cpu_thread_manager_mp_wait_fused cost 22.012 ms
DEBUG 04-24 09:59:31.497631.497631 cuda_h.py:27] end *single cpu experts* cost 24.286 ms
DEBUG 04-24 09:59:31.498862.498862 sllm_store_c.py:27] get device uuid map
DEBUG 04-24 09:59:31.498564.498564 sllm_store_c.py:29] call client load into gpu
DEBUG 04-24 09:59:31.501713.501713 cuda_h.py:27] end load_into_gpu_async_fused_experts_dual cost 2.903 ms
DEBUG 04-24 09:59:31.501488.501488 cuda_h.py:27] end restore_tensors2_fused_experts_packed cost 0.102 ms
DEBUG 04-24 09:59:31.502411.502411 cuda_h.py:27] end restore_tensors2_fused_experts_slices cost 0.348 ms
DEBUG 04-24 09:59:31.502322.502322 cuda_h.py:27] end allocate_experts_cuda_memory_and_restore_model_multi_device_fused cost 5.151 ms
DEBUG 04-24 09:59:31.502956.502956 cuda_h.py:27] end gpu_sexperts cost 0.009 ms
DEBUG 04-24 09:59:31.502177.502177 cuda_h.py:27] end wait_load_qkvogn_s_weight cost 0.022 ms
DEBUG 04-24 09:59:31.514070.514070 cuda_h.py:27] end prepare_per_device_parameters cost 11.920 ms
DEBUG 04-24 09:59:31.519599.519599 cuda_h.py:27] end wait_experts_multi_device cost 4.838 ms
DEBUG 04-24 09:59:31.519303.519303 cuda_h.py:27] end *before fused experts* cost 22.386 ms
DEBUG 04-24 09:59:31.523548.523548 cuda_h.py:27] end gpu_experts_multi_device_fused cost 3.937 ms
DEBUG 04-24 09:59:31.523729.523729 cuda_h.py:27] end *gpu experts* cost 26.424 ms
DEBUG 04-24 09:59:31.523673.523673 cuda_h.py:27] end layer_moe_generate_mp_multi_device_fused_l_14 cost 52.566 ms
DEBUG 04-24 09:59:31.525717.525717 cuda_h.py:27] end *mlp cost 54.285 ms
DEBUG 04-24 09:59:31.525482.525482 cuda_h.py:27] end prefill_layer cost 57.386 ms
DEBUG 04-24 09:59:31.525046.525046 lmp.py:320] -------------------------------- end prefill layer 13 --------------------------------
DEBUG 04-24 09:59:31.525650.525650 lmp.py:273] -------------------------------- start prefill layer 14 --------------------------------
DEBUG 04-24 09:59:31.525765.525765 cuda_h.py:27] end start_load_qkvogn_s_weight_l_15 cost 0.053 ms
DEBUG 04-24 09:59:31.526516.526516 cuda_h.py:27] end allocate_cuda_memory cost 0.274 ms
DEBUG 04-24 09:59:31.526211.526211 sllm_store_c.py:27] get device uuid map
DEBUG 04-24 09:59:31.526266.526266 sllm_store_c.py:29] call client load into gpu
DEBUG 04-24 09:59:31.528590.528590 cuda_h.py:27] end load_into_gpu_async cost 1.821 ms
DEBUG 04-24 09:59:31.528413.528413 cuda_h.py:27] end **self_attn cost 1.646 ms
DEBUG 04-24 09:59:31.528274.528274 cuda_h.py:27] end restore_tensors2 cost 0.112 ms
DEBUG 04-24 09:59:31.528460.528460 cuda_h.py:27] end allocate_cuda_memory_and_load_into_gpu cost 3.019 ms
DEBUG 04-24 09:59:31.529385.529385 cuda_h.py:27] end *iln_self_attn_paln cost 3.528 ms
DEBUG 04-24 09:59:31.529479.529479 cuda_h.py:27] end gate cost 0.542 ms
DEBUG 04-24 09:59:31.530672.530672 cuda_h.py:27] end experts_map_get cost 0.335 ms
DEBUG 04-24 09:59:31.530508.530508 cuda_h.py:27] end *before experts start* cost 1.031 ms
DEBUG 04-24 09:59:31.530389.530389 cuda_h.py:27] end cpu_experts_submit_fused_mp cost 0.164 ms
DEBUG 04-24 09:59:31.531302.531302 cuda_h.py:27] end prepare_group_stack cost 0.477 ms
DEBUG 04-24 09:59:31.532553.532553 cuda_h.py:27] end prepare_group_stack cost 0.449 ms
DEBUG 04-24 09:59:31.532791.532791 cuda_h.py:27] end prepare_group_stack cost 0.425 ms
DEBUG 04-24 09:59:31.533924.533924 cuda_h.py:27] end group stack cost 1.423 ms
DEBUG 04-24 09:59:31.533930.533930 cuda_h.py:27] end move_flatidxs_group_fused_mp cost 2.220 ms
DEBUG 04-24 09:59:31.533920.533920 cuda_h.py:27] end group stack cost 1.141 ms
DEBUG 04-24 09:59:31.533298.533298 cuda_h.py:27] end get_fused_experts_names_w cost 0.033 ms
DEBUG 04-24 09:59:31.533630.533630 cuda_h.py:27] end move_flatidxs_group_fused_mp cost 1.964 ms
DEBUG 04-24 09:59:31.533971.533971 cuda_h.py:27] end get_fused_experts_names_w cost 0.028 ms
DEBUG 04-24 09:59:31.534437.534437 cuda_h.py:27] end group stack cost 1.179 ms
DEBUG 04-24 09:59:31.534038.534038 cuda_h.py:27] end move_flatidxs_group_fused_mp cost 1.890 ms
DEBUG 04-24 09:59:31.534240.534240 cuda_h.py:27] end get_fused_experts_names_w cost 0.021 ms
DEBUG 04-24 09:59:31.534377.534377 cuda_h.py:27] end prepare_group_stack cost 3.186 ms
DEBUG 04-24 09:59:31.534903.534903 cuda_h.py:27] end restore_fused_tensors cost 0.751 ms
DEBUG 04-24 09:59:31.534082.534082 cuda_h.py:27] end restore_fused_tensors cost 1.052 ms
DEBUG 04-24 09:59:31.534734.534734 cuda_h.py:27] end group_fused_tensors_mp cost 1.052 ms
DEBUG 04-24 09:59:31.535761.535761 cuda_h.py:27] end group_fused_tensors_mp cost 1.398 ms
DEBUG 04-24 09:59:31.535530.535530 cuda_h.py:27] end restore_fused_tensors cost 0.665 ms
DEBUG 04-24 09:59:31.535671.535671 cuda_h.py:27] end group_fused_tensors_mp cost 1.044 ms
DEBUG 04-24 09:59:31.536358.536358 cuda_h.py:27] end restore2model cost 1.232 ms
DEBUG 04-24 09:59:31.536694.536694 cuda_h.py:27] end sllm_worker_task cost 10.989 ms
DEBUG 04-24 09:59:31.536868.536868 cuda_h.py:27] end group stack cost 1.886 ms
DEBUG 04-24 09:59:31.537543.537543 cuda_h.py:27] end move_flatidxs_group_fused_mp cost 5.782 ms
DEBUG 04-24 09:59:31.537858.537858 cuda_h.py:27] end get_fused_experts_names_w cost 0.033 ms
DEBUG 04-24 09:59:31.538169.538169 cuda_h.py:27] end restore_fused_tensors cost 1.076 ms
DEBUG 04-24 09:59:31.538698.538698 cuda_h.py:27] end group_fused_tensors_mp cost 1.393 ms
DEBUG 04-24 09:59:31.546814.546814 mlpmodule.py:3373] [fused_group_bmm][steps] bmm1=7.326 ms split=0.124 ms act_mul=0.367 ms bmm2=3.007 ms
DEBUG 04-24 09:59:31.546324.546324 cuda_h.py:27] end fused_group_bmm cost 11.054 ms
DEBUG 04-24 09:59:31.546066.546066 cuda_h.py:27] end gather_outputs_group_fused_mp cost 0.366 ms
DEBUG 04-24 09:59:31.546478.546478 mlpmodule.py:3373] [fused_group_bmm][steps] bmm1=8.300 ms split=0.166 ms act_mul=0.530 ms bmm2=2.752 ms
DEBUG 04-24 09:59:31.547001.547001 cuda_h.py:27] end fused_group_bmm cost 11.985 ms
DEBUG 04-24 09:59:31.547955.547955 cuda_h.py:27] end cpu_experts_worker_bmm_or_einsum_3 cost 15.452 ms
DEBUG 04-24 09:59:31.547126.547126 cuda_h.py:27] end gather_outputs_group_fused_mp cost 0.466 ms
DEBUG 04-24 09:59:31.548529.548529 cuda_h.py:27] end cpu_experts_worker_bmm_or_einsum_2 cost 16.690 ms
DEBUG 04-24 09:59:31.549508.549508 mlpmodule.py:3373] [fused_group_bmm][steps] bmm1=6.902 ms split=0.111 ms act_mul=0.673 ms bmm2=2.201 ms
DEBUG 04-24 09:59:31.549494.549494 cuda_h.py:27] end fused_group_bmm cost 10.075 ms
DEBUG 04-24 09:59:31.549295.549295 cuda_h.py:27] end gather_outputs_group_fused_mp cost 0.541 ms
DEBUG 04-24 09:59:31.549215.549215 cuda_h.py:27] end cpu_experts_worker_bmm_or_einsum_1 cost 18.674 ms
DEBUG 04-24 09:59:31.550108.550108 mlpmodule.py:3373] [fused_group_bmm][steps] bmm1=10.676 ms split=0.176 ms act_mul=0.469 ms bmm2=3.723 ms
DEBUG 04-24 09:59:31.550372.550372 cuda_h.py:27] end fused_group_bmm cost 15.269 ms
DEBUG 04-24 09:59:31.551298.551298 cuda_h.py:27] end gather_outputs_group_fused_mp cost 0.487 ms
DEBUG 04-24 09:59:31.551919.551919 cuda_h.py:27] end cpu_experts_worker_bmm_or_einsum_0 cost 20.840 ms
DEBUG 04-24 09:59:31.553901.553901 cuda_h.py:27] end cpu_thread_manager_mp_wait_fused cost 21.145 ms
DEBUG 04-24 09:59:31.553396.553396 cuda_h.py:27] end *single cpu experts* cost 23.485 ms
DEBUG 04-24 09:59:31.555070.555070 sllm_store_c.py:27] get device uuid map
DEBUG 04-24 09:59:31.555578.555578 sllm_store_c.py:29] call client load into gpu
DEBUG 04-24 09:59:31.558805.558805 cuda_h.py:27] end load_into_gpu_async_fused_experts_dual cost 2.767 ms
DEBUG 04-24 09:59:31.558904.558904 cuda_h.py:27] end restore_tensors2_fused_experts_packed cost 0.106 ms
DEBUG 04-24 09:59:31.558475.558475 cuda_h.py:27] end restore_tensors2_fused_experts_slices cost 0.316 ms
DEBUG 04-24 09:59:31.558988.558988 cuda_h.py:27] end allocate_experts_cuda_memory_and_restore_model_multi_device_fused cost 4.838 ms
DEBUG 04-24 09:59:31.558346.558346 cuda_h.py:27] end gpu_sexperts cost 0.006 ms
DEBUG 04-24 09:59:31.559904.559904 cuda_h.py:27] end wait_load_qkvogn_s_weight cost 0.026 ms
DEBUG 04-24 09:59:31.571220.571220 cuda_h.py:27] end prepare_per_device_parameters cost 12.076 ms
DEBUG 04-24 09:59:31.576367.576367 cuda_h.py:27] end wait_experts_multi_device cost 4.909 ms
DEBUG 04-24 09:59:31.576780.576780 cuda_h.py:27] end *before fused experts* cost 22.359 ms
DEBUG 04-24 09:59:31.580864.580864 cuda_h.py:27] end gpu_experts_multi_device_fused cost 4.062 ms
DEBUG 04-24 09:59:31.580529.580529 cuda_h.py:27] end *gpu experts* cost 26.528 ms
DEBUG 04-24 09:59:31.580246.580246 cuda_h.py:27] end layer_moe_generate_mp_multi_device_fused_l_15 cost 51.365 ms
DEBUG 04-24 09:59:31.582986.582986 cuda_h.py:27] end *mlp cost 52.893 ms
DEBUG 04-24 09:59:31.582036.582036 cuda_h.py:27] end prefill_layer cost 56.638 ms
DEBUG 04-24 09:59:31.582792.582792 lmp.py:320] -------------------------------- end prefill layer 14 --------------------------------
DEBUG 04-24 09:59:31.582349.582349 lmp.py:273] -------------------------------- start prefill layer 15 --------------------------------
DEBUG 04-24 09:59:31.582379.582379 cuda_h.py:27] end start_load_qkvogn_s_weight_l_16 cost 0.057 ms
DEBUG 04-24 09:59:31.583474.583474 cuda_h.py:27] end allocate_cuda_memory cost 0.403 ms
DEBUG 04-24 09:59:31.583228.583228 sllm_store_c.py:27] get device uuid map
DEBUG 04-24 09:59:31.583515.583515 sllm_store_c.py:29] call client load into gpu
DEBUG 04-24 09:59:31.584017.584017 cuda_h.py:27] end **self_attn cost 1.553 ms
DEBUG 04-24 09:59:31.585509.585509 cuda_h.py:27] end *iln_self_attn_paln cost 2.970 ms
DEBUG 04-24 09:59:31.585744.585744 cuda_h.py:27] end load_into_gpu_async cost 2.335 ms
DEBUG 04-24 09:59:31.585118.585118 cuda_h.py:27] end restore_tensors2 cost 0.116 ms
DEBUG 04-24 09:59:31.585584.585584 cuda_h.py:27] end allocate_cuda_memory_and_load_into_gpu cost 3.401 ms
DEBUG 04-24 09:59:31.586276.586276 cuda_h.py:27] end gate cost 0.977 ms
DEBUG 04-24 09:59:31.586733.586733 cuda_h.py:27] end experts_map_get cost 0.300 ms
DEBUG 04-24 09:59:31.587100.587100 cuda_h.py:27] end *before experts start* cost 1.460 ms
DEBUG 04-24 09:59:31.587550.587550 cuda_h.py:27] end cpu_experts_submit_fused_mp cost 0.163 ms
DEBUG 04-24 09:59:31.589614.589614 cuda_h.py:27] end prepare_group_stack cost 0.601 ms
DEBUG 04-24 09:59:31.589134.589134 cuda_h.py:27] end prepare_group_stack cost 0.477 ms
DEBUG 04-24 09:59:31.590776.590776 cuda_h.py:27] end prepare_group_stack cost 0.624 ms
DEBUG 04-24 09:59:31.590115.590115 cuda_h.py:27] end prepare_group_stack cost 0.565 ms
DEBUG 04-24 09:59:31.590347.590347 cuda_h.py:27] end group stack cost 1.170 ms
DEBUG 04-24 09:59:31.590384.590384 cuda_h.py:27] end group stack cost 1.637 ms
DEBUG 04-24 09:59:31.591836.591836 cuda_h.py:27] end move_flatidxs_group_fused_mp cost 2.088 ms
DEBUG 04-24 09:59:31.591547.591547 cuda_h.py:27] end get_fused_experts_names_w cost 0.028 ms
DEBUG 04-24 09:59:31.591183.591183 cuda_h.py:27] end move_flatidxs_group_fused_mp cost 2.816 ms
DEBUG 04-24 09:59:31.591812.591812 cuda_h.py:27] end get_fused_experts_names_w cost 0.036 ms
DEBUG 04-24 09:59:31.591591.591591 cuda_h.py:27] end group stack cost 1.599 ms
DEBUG 04-24 09:59:31.592346.592346 cuda_h.py:27] end move_flatidxs_group_fused_mp cost 2.659 ms
DEBUG 04-24 09:59:31.592237.592237 cuda_h.py:27] end group stack cost 1.575 ms
DEBUG 04-24 09:59:31.592498.592498 cuda_h.py:27] end restore_fused_tensors cost 0.774 ms
DEBUG 04-24 09:59:31.592143.592143 cuda_h.py:27] end group_fused_tensors_mp cost 1.034 ms
DEBUG 04-24 09:59:31.592766.592766 cuda_h.py:27] end get_fused_experts_names_w cost 0.032 ms
DEBUG 04-24 09:59:31.592800.592800 cuda_h.py:27] end move_flatidxs_group_fused_mp cost 2.653 ms
DEBUG 04-24 09:59:31.592338.592338 cuda_h.py:27] end get_fused_experts_names_w cost 0.032 ms
DEBUG 04-24 09:59:31.592215.592215 cuda_h.py:27] end restore_fused_tensors cost 1.014 ms
DEBUG 04-24 09:59:31.593471.593471 cuda_h.py:27] end group_fused_tensors_mp cost 1.543 ms
DEBUG 04-24 09:59:31.593128.593128 cuda_h.py:27] end restore_fused_tensors cost 1.087 ms
DEBUG 04-24 09:59:31.593591.593591 cuda_h.py:27] end group_fused_tensors_mp cost 1.523 ms
DEBUG 04-24 09:59:31.593543.593543 cuda_h.py:27] end restore_fused_tensors cost 1.010 ms
DEBUG 04-24 09:59:31.594118.594118 cuda_h.py:27] end group_fused_tensors_mp cost 1.557 ms
DEBUG 04-24 09:59:31.595233.595233 cuda_h.py:27] end restore2model cost 1.182 ms
DEBUG 04-24 09:59:31.595078.595078 cuda_h.py:27] end sllm_worker_task cost 12.830 ms
DEBUG 04-24 09:59:31.603948.603948 mlpmodule.py:3373] [fused_group_bmm][steps] bmm1=7.420 ms split=0.156 ms act_mul=0.675 ms bmm2=2.999 ms
DEBUG 04-24 09:59:31.604063.604063 cuda_h.py:27] end fused_group_bmm cost 11.540 ms
DEBUG 04-24 09:59:31.604406.604406 mlpmodule.py:3373] [fused_group_bmm][steps] bmm1=6.892 ms split=0.118 ms act_mul=0.953 ms bmm2=2.893 ms
DEBUG 04-24 09:59:31.604369.604369 cuda_h.py:27] end fused_group_bmm cost 11.177 ms
DEBUG 04-24 09:59:31.604812.604812 cuda_h.py:27] end gather_outputs_group_fused_mp cost 0.543 ms
DEBUG 04-24 09:59:31.605444.605444 cuda_h.py:27] end gather_outputs_group_fused_mp cost 0.478 ms
DEBUG 04-24 09:59:31.605410.605410 cuda_h.py:27] end cpu_experts_worker_bmm_or_einsum_2 cost 16.645 ms
DEBUG 04-24 09:59:31.606475.606475 cuda_h.py:27] end cpu_experts_worker_bmm_or_einsum_0 cost 17.871 ms
DEBUG 04-24 09:59:31.606919.606919 mlpmodule.py:3373] [fused_group_bmm][steps] bmm1=8.274 ms split=0.196 ms act_mul=0.644 ms bmm2=3.316 ms
DEBUG 04-24 09:59:31.606383.606383 cuda_h.py:27] end fused_group_bmm cost 12.664 ms
DEBUG 04-24 09:59:31.607834.607834 mlpmodule.py:3373] [fused_group_bmm][steps] bmm1=8.504 ms split=0.107 ms act_mul=0.739 ms bmm2=3.402 ms
DEBUG 04-24 09:59:31.607987.607987 cuda_h.py:27] end fused_group_bmm cost 12.997 ms
DEBUG 04-24 09:59:31.607699.607699 cuda_h.py:27] end gather_outputs_group_fused_mp cost 0.504 ms
DEBUG 04-24 09:59:31.607786.607786 cuda_h.py:27] end gather_outputs_group_fused_mp cost 0.357 ms
DEBUG 04-24 09:59:31.608204.608204 cuda_h.py:27] end cpu_experts_worker_bmm_or_einsum_1 cost 18.996 ms
DEBUG 04-24 09:59:31.608080.608080 cuda_h.py:27] end cpu_experts_worker_bmm_or_einsum_3 cost 18.724 ms
DEBUG 04-24 09:59:31.609205.609205 cuda_h.py:27] end cpu_thread_manager_mp_wait_fused cost 20.499 ms
DEBUG 04-24 09:59:31.609328.609328 cuda_h.py:27] end *single cpu experts* cost 22.820 ms
DEBUG 04-24 09:59:31.611002.611002 sllm_store_c.py:27] get device uuid map
DEBUG 04-24 09:59:31.611052.611052 sllm_store_c.py:29] call client load into gpu
DEBUG 04-24 09:59:31.613303.613303 cuda_h.py:27] end load_into_gpu_async_fused_experts_dual cost 2.473 ms
DEBUG 04-24 09:59:31.613798.613798 cuda_h.py:27] end restore_tensors2_fused_experts_packed cost 0.082 ms
DEBUG 04-24 09:59:31.614626.614626 cuda_h.py:27] end restore_tensors2_fused_experts_slices cost 0.291 ms
DEBUG 04-24 09:59:31.614927.614927 cuda_h.py:27] end allocate_experts_cuda_memory_and_restore_model_multi_device_fused cost 4.185 ms
DEBUG 04-24 09:59:31.614937.614937 cuda_h.py:27] end gpu_sexperts cost 0.006 ms
DEBUG 04-24 09:59:31.614674.614674 cuda_h.py:27] end wait_load_qkvogn_s_weight cost 0.019 ms
DEBUG 04-24 09:59:31.626509.626509 cuda_h.py:27] end prepare_per_device_parameters cost 12.171 ms
DEBUG 04-24 09:59:31.629135.629135 cuda_h.py:27] end wait_experts_multi_device cost 3.139 ms
DEBUG 04-24 09:59:31.629528.629528 cuda_h.py:27] end *before fused experts* cost 19.979 ms
DEBUG 04-24 09:59:31.636476.636476 cuda_h.py:27] end gpu_experts_multi_device_fused cost 6.698 ms
DEBUG 04-24 09:59:31.636571.636571 cuda_h.py:27] end *gpu experts* cost 26.788 ms
DEBUG 04-24 09:59:31.636786.636786 cuda_h.py:27] end layer_moe_generate_mp_multi_device_fused_l_16 cost 51.228 ms
DEBUG 04-24 09:59:31.638993.638993 cuda_h.py:27] end *mlp cost 52.679 ms
DEBUG 04-24 09:59:31.638487.638487 cuda_h.py:27] end prefill_layer cost 56.139 ms
DEBUG 04-24 09:59:31.638674.638674 lmp.py:320] -------------------------------- end prefill layer 15 --------------------------------
DEBUG 04-24 09:59:31.638946.638946 lmp.py:273] -------------------------------- start prefill layer 16 --------------------------------
DEBUG 04-24 09:59:31.638453.638453 cuda_h.py:27] end start_load_qkvogn_s_weight_l_17 cost 0.054 ms
DEBUG 04-24 09:59:31.639506.639506 cuda_h.py:27] end allocate_cuda_memory cost 0.371 ms
DEBUG 04-24 09:59:31.639286.639286 sllm_store_c.py:27] get device uuid map
DEBUG 04-24 09:59:31.639719.639719 sllm_store_c.py:29] call client load into gpu
DEBUG 04-24 09:59:31.641738.641738 cuda_h.py:27] end load_into_gpu_async cost 2.222 ms
DEBUG 04-24 09:59:31.641983.641983 cuda_h.py:27] end restore_tensors2 cost 0.097 ms
DEBUG 04-24 09:59:31.641616.641616 cuda_h.py:27] end allocate_cuda_memory_and_load_into_gpu cost 3.137 ms
DEBUG 04-24 09:59:31.641217.641217 cuda_h.py:27] end **self_attn cost 2.382 ms
DEBUG 04-24 09:59:31.642571.642571 cuda_h.py:27] end *iln_self_attn_paln cost 3.972 ms
DEBUG 04-24 09:59:31.643086.643086 cuda_h.py:27] end gate cost 0.679 ms
DEBUG 04-24 09:59:31.643951.643951 cuda_h.py:27] end experts_map_get cost 0.395 ms
DEBUG 04-24 09:59:31.643886.643886 cuda_h.py:27] end *before experts start* cost 1.245 ms
DEBUG 04-24 09:59:31.643721.643721 cuda_h.py:27] end cpu_experts_submit_fused_mp cost 0.164 ms
DEBUG 04-24 09:59:31.646138.646138 cuda_h.py:27] end prepare_group_stack cost 0.484 ms
DEBUG 04-24 09:59:31.646205.646205 cuda_h.py:27] end prepare_group_stack cost 0.465 ms
DEBUG 04-24 09:59:31.647600.647600 cuda_h.py:27] end prepare_group_stack cost 0.540 ms
DEBUG 04-24 09:59:31.648164.648164 cuda_h.py:27] end group stack cost 1.069 ms
DEBUG 04-24 09:59:31.648737.648737 cuda_h.py:27] end move_flatidxs_group_fused_mp cost 1.793 ms
DEBUG 04-24 09:59:31.648263.648263 cuda_h.py:27] end get_fused_experts_names_w cost 0.019 ms
DEBUG 04-24 09:59:31.648269.648269 cuda_h.py:27] end group stack cost 1.196 ms
DEBUG 04-24 09:59:31.649035.649035 cuda_h.py:27] end move_flatidxs_group_fused_mp cost 2.080 ms
DEBUG 04-24 09:59:31.648238.648238 cuda_h.py:27] end prepare_group_stack cost 0.653 ms
DEBUG 04-24 09:59:31.649461.649461 cuda_h.py:27] end restore_fused_tensors cost 0.574 ms
DEBUG 04-24 09:59:31.649011.649011 cuda_h.py:27] end group_fused_tensors_mp cost 0.993 ms
DEBUG 04-24 09:59:31.649812.649812 cuda_h.py:27] end get_fused_experts_names_w cost 0.028 ms
DEBUG 04-24 09:59:31.650295.650295 cuda_h.py:27] end restore_fused_tensors cost 0.711 ms
DEBUG 04-24 09:59:31.650179.650179 cuda_h.py:27] end group_fused_tensors_mp cost 0.900 ms
DEBUG 04-24 09:59:31.650709.650709 cuda_h.py:27] end group stack cost 1.663 ms
DEBUG 04-24 09:59:31.651657.651657 cuda_h.py:27] end move_flatidxs_group_fused_mp cost 2.901 ms
DEBUG 04-24 09:59:31.651937.651937 cuda_h.py:27] end get_fused_experts_names_w cost 0.038 ms
DEBUG 04-24 09:59:31.652811.652811 cuda_h.py:27] end group stack cost 5.918 ms
DEBUG 04-24 09:59:31.653004.653004 cuda_h.py:27] end move_flatidxs_group_fused_mp cost 6.763 ms
DEBUG 04-24 09:59:31.653842.653842 cuda_h.py:27] end restore2model cost 1.148 ms
DEBUG 04-24 09:59:31.653068.653068 cuda_h.py:27] end restore_fused_tensors cost 1.603 ms
DEBUG 04-24 09:59:31.653641.653641 cuda_h.py:27] end get_fused_experts_names_w cost 0.021 ms
DEBUG 04-24 09:59:31.653231.653231 cuda_h.py:27] end sllm_worker_task cost 14.795 ms
DEBUG 04-24 09:59:31.653319.653319 cuda_h.py:27] end group_fused_tensors_mp cost 2.136 ms
DEBUG 04-24 09:59:31.654561.654561 cuda_h.py:27] end restore_fused_tensors cost 0.734 ms
DEBUG 04-24 09:59:31.654459.654459 cuda_h.py:27] end group_fused_tensors_mp cost 0.908 ms
DEBUG 04-24 09:59:31.662059.662059 mlpmodule.py:3373] [fused_group_bmm][steps] bmm1=5.416 ms split=0.046 ms act_mul=0.470 ms bmm2=7.236 ms
DEBUG 04-24 09:59:31.662271.662271 cuda_h.py:27] end fused_group_bmm cost 13.388 ms
DEBUG 04-24 09:59:31.663510.663510 cuda_h.py:27] end gather_outputs_group_fused_mp cost 0.375 ms
DEBUG 04-24 09:59:31.663771.663771 mlpmodule.py:3373] [fused_group_bmm][steps] bmm1=6.639 ms split=0.116 ms act_mul=0.938 ms bmm2=5.439 ms
DEBUG 04-24 09:59:31.663694.663694 cuda_h.py:27] end fused_group_bmm cost 13.458 ms
DEBUG 04-24 09:59:31.663198.663198 cuda_h.py:27] end cpu_experts_worker_bmm_or_einsum_3 cost 17.988 ms
DEBUG 04-24 09:59:31.664327.664327 cuda_h.py:27] end gather_outputs_group_fused_mp cost 0.507 ms
DEBUG 04-24 09:59:31.665366.665366 cuda_h.py:27] end cpu_experts_worker_bmm_or_einsum_2 cost 18.557 ms
DEBUG 04-24 09:59:31.666914.666914 mlpmodule.py:3373] [fused_group_bmm][steps] bmm1=8.109 ms split=0.081 ms act_mul=0.634 ms bmm2=3.239 ms
DEBUG 04-24 09:59:31.666297.666297 cuda_h.py:27] end fused_group_bmm cost 12.259 ms
DEBUG 04-24 09:59:31.667299.667299 cuda_h.py:27] end gather_outputs_group_fused_mp cost 0.402 ms
DEBUG 04-24 09:59:31.667924.667924 cuda_h.py:27] end cpu_experts_worker_bmm_or_einsum_1 cost 21.843 ms
DEBUG 04-24 09:59:31.668743.668743 mlpmodule.py:3373] [fused_group_bmm][steps] bmm1=9.664 ms split=0.110 ms act_mul=0.407 ms bmm2=3.877 ms
DEBUG 04-24 09:59:31.668876.668876 cuda_h.py:27] end fused_group_bmm cost 14.299 ms
DEBUG 04-24 09:59:31.668786.668786 cuda_h.py:27] end gather_outputs_group_fused_mp cost 0.445 ms
DEBUG 04-24 09:59:31.669926.669926 cuda_h.py:27] end cpu_experts_worker_bmm_or_einsum_0 cost 22.675 ms
DEBUG 04-24 09:59:31.670454.670454 cuda_h.py:27] end cpu_thread_manager_mp_wait_fused cost 24.634 ms
DEBUG 04-24 09:59:31.670512.670512 cuda_h.py:27] end *single cpu experts* cost 26.764 ms
DEBUG 04-24 09:59:31.671124.671124 sllm_store_c.py:27] get device uuid map
DEBUG 04-24 09:59:31.671002.671002 sllm_store_c.py:29] call client load into gpu
DEBUG 04-24 09:59:31.674409.674409 cuda_h.py:27] end load_into_gpu_async_fused_experts_dual cost 2.785 ms
DEBUG 04-24 09:59:31.674054.674054 cuda_h.py:27] end restore_tensors2_fused_experts_packed cost 0.206 ms
DEBUG 04-24 09:59:31.675254.675254 cuda_h.py:27] end restore_tensors2_fused_experts_slices cost 0.298 ms
DEBUG 04-24 09:59:31.675841.675841 cuda_h.py:27] end allocate_experts_cuda_memory_and_restore_model_multi_device_fused cost 4.828 ms
DEBUG 04-24 09:59:31.675184.675184 cuda_h.py:27] end gpu_sexperts cost 0.009 ms
DEBUG 04-24 09:59:31.675040.675040 cuda_h.py:27] end wait_load_qkvogn_s_weight cost 0.021 ms
DEBUG 04-24 09:59:31.687273.687273 cuda_h.py:27] end prepare_per_device_parameters cost 11.771 ms
DEBUG 04-24 09:59:31.692807.692807 cuda_h.py:27] end wait_experts_multi_device cost 5.136 ms
DEBUG 04-24 09:59:31.692773.692773 cuda_h.py:27] end *before fused experts* cost 22.369 ms
DEBUG 04-24 09:59:31.697142.697142 cuda_h.py:27] end gpu_experts_multi_device_fused cost 4.012 ms
DEBUG 04-24 09:59:31.697575.697575 cuda_h.py:27] end *gpu experts* cost 26.555 ms
DEBUG 04-24 09:59:31.697232.697232 cuda_h.py:27] end layer_moe_generate_mp_multi_device_fused_l_17 cost 54.697 ms
DEBUG 04-24 09:59:31.698175.698175 cuda_h.py:27] end *mlp cost 56.339 ms
DEBUG 04-24 09:59:31.698834.698834 cuda_h.py:27] end prefill_layer cost 60.519 ms
DEBUG 04-24 09:59:31.698729.698729 lmp.py:320] -------------------------------- end prefill layer 16 --------------------------------
DEBUG 04-24 09:59:31.699948.699948 lmp.py:273] -------------------------------- start prefill layer 17 --------------------------------
DEBUG 04-24 09:59:31.699474.699474 cuda_h.py:27] end start_load_qkvogn_s_weight_l_18 cost 0.041 ms
DEBUG 04-24 09:59:31.699466.699466 cuda_h.py:27] end allocate_cuda_memory cost 0.232 ms
DEBUG 04-24 09:59:31.699351.699351 sllm_store_c.py:27] get device uuid map
DEBUG 04-24 09:59:31.699136.699136 sllm_store_c.py:29] call client load into gpu
DEBUG 04-24 09:59:31.701938.701938 cuda_h.py:27] end load_into_gpu_async cost 1.904 ms
DEBUG 04-24 09:59:31.701885.701885 cuda_h.py:27] end restore_tensors2 cost 0.098 ms
DEBUG 04-24 09:59:31.701568.701568 cuda_h.py:27] end allocate_cuda_memory_and_load_into_gpu cost 2.534 ms
DEBUG 04-24 09:59:31.701788.701788 cuda_h.py:27] end **self_attn cost 2.094 ms
DEBUG 04-24 09:59:31.702412.702412 cuda_h.py:27] end *iln_self_attn_paln cost 3.158 ms
DEBUG 04-24 09:59:31.702791.702791 cuda_h.py:27] end gate cost 0.543 ms
DEBUG 04-24 09:59:31.703678.703678 cuda_h.py:27] end experts_map_get cost 0.286 ms
DEBUG 04-24 09:59:31.703560.703560 cuda_h.py:27] end *before experts start* cost 0.982 ms
DEBUG 04-24 09:59:31.703030.703030 cuda_h.py:27] end cpu_experts_submit_fused_mp cost 0.142 ms
DEBUG 04-24 09:59:31.706145.706145 cuda_h.py:27] end prepare_group_stack cost 0.538 ms
DEBUG 04-24 09:59:31.706481.706481 cuda_h.py:27] end prepare_group_stack cost 0.699 ms
DEBUG 04-24 09:59:31.706302.706302 cuda_h.py:27] end prepare_group_stack cost 0.643 ms
DEBUG 04-24 09:59:31.707099.707099 cuda_h.py:27] end group stack cost 1.080 ms
DEBUG 04-24 09:59:31.707135.707135 cuda_h.py:27] end move_flatidxs_group_fused_mp cost 1.853 ms
DEBUG 04-24 09:59:31.708548.708548 cuda_h.py:27] end get_fused_experts_names_w cost 0.016 ms
DEBUG 04-24 09:59:31.708150.708150 cuda_h.py:27] end prepare_group_stack cost 0.753 ms
DEBUG 04-24 09:59:31.708445.708445 cuda_h.py:27] end group stack cost 1.381 ms
DEBUG 04-24 09:59:31.708821.708821 cuda_h.py:27] end move_flatidxs_group_fused_mp cost 2.312 ms
DEBUG 04-24 09:59:31.708784.708784 cuda_h.py:27] end restore_fused_tensors cost 0.491 ms
DEBUG 04-24 09:59:31.708792.708792 cuda_h.py:27] end group stack cost 1.657 ms
DEBUG 04-24 09:59:31.708926.708926 cuda_h.py:27] end group_fused_tensors_mp cost 0.644 ms
DEBUG 04-24 09:59:31.708099.708099 cuda_h.py:27] end get_fused_experts_names_w cost 0.029 ms
DEBUG 04-24 09:59:31.708690.708690 cuda_h.py:27] end move_flatidxs_group_fused_mp cost 2.630 ms
DEBUG 04-24 09:59:31.708303.708303 cuda_h.py:27] end get_fused_experts_names_w cost 0.028 ms
DEBUG 04-24 09:59:31.709370.709370 cuda_h.py:27] end restore_fused_tensors cost 0.699 ms
DEBUG 04-24 09:59:31.709300.709300 cuda_h.py:27] end group_fused_tensors_mp cost 0.884 ms
DEBUG 04-24 09:59:31.709647.709647 cuda_h.py:27] end restore_fused_tensors cost 0.838 ms
DEBUG 04-24 09:59:31.709744.709744 cuda_h.py:27] end group_fused_tensors_mp cost 1.131 ms
DEBUG 04-24 09:59:31.710996.710996 cuda_h.py:27] end restore2model cost 1.220 ms
DEBUG 04-24 09:59:31.710537.710537 cuda_h.py:27] end sllm_worker_task cost 11.075 ms
DEBUG 04-24 09:59:31.710918.710918 cuda_h.py:27] end group stack cost 2.041 ms
DEBUG 04-24 09:59:31.710723.710723 cuda_h.py:27] end move_flatidxs_group_fused_mp cost 3.460 ms
DEBUG 04-24 09:59:31.710201.710201 cuda_h.py:27] end get_fused_experts_names_w cost 0.050 ms
DEBUG 04-24 09:59:31.713371.713371 cuda_h.py:27] end restore_fused_tensors cost 2.159 ms
DEBUG 04-24 09:59:31.713724.713724 cuda_h.py:27] end group_fused_tensors_mp cost 3.002 ms
DEBUG 04-24 09:59:31.720264.720264 mlpmodule.py:3373] [fused_group_bmm][steps] bmm1=7.148 ms split=0.065 ms act_mul=0.624 ms bmm2=4.257 ms
DEBUG 04-24 09:59:31.721476.721476 cuda_h.py:27] end fused_group_bmm cost 12.317 ms
DEBUG 04-24 09:59:31.721577.721577 cuda_h.py:27] end gather_outputs_group_fused_mp cost 0.418 ms
DEBUG 04-24 09:59:31.721580.721580 mlpmodule.py:3373] [fused_group_bmm][steps] bmm1=7.389 ms split=0.180 ms act_mul=0.534 ms bmm2=3.643 ms
DEBUG 04-24 09:59:31.721296.721296 cuda_h.py:27] end fused_group_bmm cost 11.988 ms
DEBUG 04-24 09:59:31.722380.722380 cuda_h.py:27] end cpu_experts_worker_bmm_or_einsum_1 cost 16.930 ms
DEBUG 04-24 09:59:31.722091.722091 cuda_h.py:27] end gather_outputs_group_fused_mp cost 0.622 ms
DEBUG 04-24 09:59:31.723433.723433 cuda_h.py:27] end cpu_experts_worker_bmm_or_einsum_2 cost 18.099 ms
DEBUG 04-24 09:59:31.724139.724139 mlpmodule.py:3373] [fused_group_bmm][steps] bmm1=8.415 ms split=0.106 ms act_mul=0.623 ms bmm2=5.022 ms
DEBUG 04-24 09:59:31.724074.724074 cuda_h.py:27] end fused_group_bmm cost 14.440 ms
DEBUG 04-24 09:59:31.725223.725223 cuda_h.py:27] end gather_outputs_group_fused_mp cost 0.450 ms
DEBUG 04-24 09:59:31.725678.725678 cuda_h.py:27] end cpu_experts_worker_bmm_or_einsum_0 cost 20.505 ms
DEBUG 04-24 09:59:31.726491.726491 mlpmodule.py:3373] [fused_group_bmm][steps] bmm1=6.908 ms split=0.092 ms act_mul=0.634 ms bmm2=4.158 ms
DEBUG 04-24 09:59:31.726967.726967 cuda_h.py:27] end fused_group_bmm cost 11.995 ms
DEBUG 04-24 09:59:31.726572.726572 cuda_h.py:27] end gather_outputs_group_fused_mp cost 0.421 ms
DEBUG 04-24 09:59:31.727925.727925 cuda_h.py:27] end cpu_experts_worker_bmm_or_einsum_3 cost 21.045 ms
DEBUG 04-24 09:59:31.728206.728206 cuda_h.py:27] end cpu_thread_manager_mp_wait_fused cost 23.352 ms
DEBUG 04-24 09:59:31.728640.728640 cuda_h.py:27] end *single cpu experts* cost 25.098 ms
DEBUG 04-24 09:59:31.729764.729764 sllm_store_c.py:27] get device uuid map
DEBUG 04-24 09:59:31.729886.729886 sllm_store_c.py:29] call client load into gpu
DEBUG 04-24 09:59:31.731648.731648 cuda_h.py:27] end load_into_gpu_async_fused_experts_dual cost 2.250 ms
DEBUG 04-24 09:59:31.731851.731851 cuda_h.py:27] end restore_tensors2_fused_experts_packed cost 0.130 ms
DEBUG 04-24 09:59:31.732046.732046 cuda_h.py:27] end restore_tensors2_fused_experts_slices cost 0.348 ms
DEBUG 04-24 09:59:31.732348.732348 cuda_h.py:27] end allocate_experts_cuda_memory_and_restore_model_multi_device_fused cost 4.094 ms
DEBUG 04-24 09:59:31.732249.732249 cuda_h.py:27] end gpu_sexperts cost 0.009 ms
DEBUG 04-24 09:59:31.732722.732722 cuda_h.py:27] end wait_load_qkvogn_s_weight cost 0.028 ms
DEBUG 04-24 09:59:31.745168.745168 cuda_h.py:27] end prepare_per_device_parameters cost 12.443 ms
DEBUG 04-24 09:59:31.748835.748835 cuda_h.py:27] end wait_experts_multi_device cost 2.817 ms
DEBUG 04-24 09:59:31.748785.748785 cuda_h.py:27] end *before fused experts* cost 19.906 ms
DEBUG 04-24 09:59:31.752581.752581 cuda_h.py:27] end gpu_experts_multi_device_fused cost 3.779 ms
DEBUG 04-24 09:59:31.752829.752829 cuda_h.py:27] end *gpu experts* cost 23.802 ms
DEBUG 04-24 09:59:31.752686.752686 cuda_h.py:27] end layer_moe_generate_mp_multi_device_fused_l_18 cost 50.021 ms
DEBUG 04-24 09:59:31.753419.753419 cuda_h.py:27] end *mlp cost 51.544 ms
DEBUG 04-24 09:59:31.753555.753555 cuda_h.py:27] end prefill_layer cost 54.905 ms
DEBUG 04-24 09:59:31.753734.753734 lmp.py:320] -------------------------------- end prefill layer 17 --------------------------------
DEBUG 04-24 09:59:31.753384.753384 lmp.py:273] -------------------------------- start prefill layer 18 --------------------------------
DEBUG 04-24 09:59:31.754724.754724 cuda_h.py:27] end start_load_qkvogn_s_weight_l_19 cost 0.040 ms
DEBUG 04-24 09:59:31.754027.754027 cuda_h.py:27] end allocate_cuda_memory cost 0.205 ms
DEBUG 04-24 09:59:31.754860.754860 sllm_store_c.py:27] get device uuid map
DEBUG 04-24 09:59:31.754538.754538 sllm_store_c.py:29] call client load into gpu
DEBUG 04-24 09:59:31.756387.756387 cuda_h.py:27] end load_into_gpu_async cost 1.682 ms
DEBUG 04-24 09:59:31.756727.756727 cuda_h.py:27] end **self_attn cost 1.357 ms
DEBUG 04-24 09:59:31.756858.756858 cuda_h.py:27] end restore_tensors2 cost 0.118 ms
DEBUG 04-24 09:59:31.756413.756413 cuda_h.py:27] end allocate_cuda_memory_and_load_into_gpu cost 2.503 ms
DEBUG 04-24 09:59:31.756908.756908 cuda_h.py:27] end *iln_self_attn_paln cost 2.952 ms
DEBUG 04-24 09:59:31.757927.757927 cuda_h.py:27] end gate cost 0.502 ms
DEBUG 04-24 09:59:31.757629.757629 cuda_h.py:27] end experts_map_get cost 0.293 ms
DEBUG 04-24 09:59:31.757273.757273 cuda_h.py:27] end *before experts start* cost 0.943 ms
DEBUG 04-24 09:59:31.758034.758034 cuda_h.py:27] end cpu_experts_submit_fused_mp cost 0.147 ms
DEBUG 04-24 09:59:31.761794.761794 cuda_h.py:27] end prepare_group_stack cost 0.443 ms
DEBUG 04-24 09:59:31.761180.761180 cuda_h.py:27] end prepare_group_stack cost 0.467 ms
DEBUG 04-24 09:59:31.761297.761297 cuda_h.py:27] end prepare_group_stack cost 0.546 ms
DEBUG 04-24 09:59:31.762635.762635 cuda_h.py:27] end prepare_group_stack cost 0.470 ms
DEBUG 04-24 09:59:31.762692.762692 cuda_h.py:27] end group stack cost 1.017 ms
DEBUG 04-24 09:59:31.762437.762437 cuda_h.py:27] end move_flatidxs_group_fused_mp cost 1.677 ms
DEBUG 04-24 09:59:31.762311.762311 cuda_h.py:27] end get_fused_experts_names_w cost 0.018 ms
DEBUG 04-24 09:59:31.762264.762264 cuda_h.py:27] end group stack cost 1.367 ms
DEBUG 04-24 09:59:31.762454.762454 cuda_h.py:27] end move_flatidxs_group_fused_mp cost 2.133 ms
DEBUG 04-24 09:59:31.762183.762183 cuda_h.py:27] end group stack cost 1.425 ms
DEBUG 04-24 09:59:31.763918.763918 cuda_h.py:27] end get_fused_experts_names_w cost 0.025 ms
DEBUG 04-24 09:59:31.763813.763813 cuda_h.py:27] end move_flatidxs_group_fused_mp cost 2.314 ms
DEBUG 04-24 09:59:31.763466.763466 cuda_h.py:27] end restore_fused_tensors cost 0.628 ms
DEBUG 04-24 09:59:31.763350.763350 cuda_h.py:27] end get_fused_experts_names_w cost 0.030 ms
DEBUG 04-24 09:59:31.763509.763509 cuda_h.py:27] end group_fused_tensors_mp cost 0.795 ms
DEBUG 04-24 09:59:31.763020.763020 cuda_h.py:27] end group stack cost 1.086 ms
DEBUG 04-24 09:59:31.763445.763445 cuda_h.py:27] end move_flatidxs_group_fused_mp cost 1.929 ms
DEBUG 04-24 09:59:31.763243.763243 cuda_h.py:27] end get_fused_experts_names_w cost 0.025 ms
DEBUG 04-24 09:59:31.764921.764921 cuda_h.py:27] end restore_fused_tensors cost 1.014 ms
DEBUG 04-24 09:59:31.764634.764634 cuda_h.py:27] end group_fused_tensors_mp cost 1.255 ms
DEBUG 04-24 09:59:31.764344.764344 cuda_h.py:27] end restore_fused_tensors cost 0.685 ms
DEBUG 04-24 09:59:31.764300.764300 cuda_h.py:27] end group_fused_tensors_mp cost 0.950 ms
DEBUG 04-24 09:59:31.764426.764426 cuda_h.py:27] end restore_fused_tensors cost 1.059 ms
DEBUG 04-24 09:59:31.764167.764167 cuda_h.py:27] end group_fused_tensors_mp cost 1.517 ms
DEBUG 04-24 09:59:31.765691.765691 cuda_h.py:27] end restore2model cost 1.433 ms
DEBUG 04-24 09:59:31.765611.765611 cuda_h.py:27] end sllm_worker_task cost 11.170 ms
DEBUG 04-24 09:59:31.776743.776743 mlpmodule.py:3373] [fused_group_bmm][steps] bmm1=8.295 ms split=0.118 ms act_mul=0.647 ms bmm2=3.737 ms
DEBUG 04-24 09:59:31.776138.776138 mlpmodule.py:3373] [fused_group_bmm][steps] bmm1=8.060 ms split=0.067 ms act_mul=0.312 ms bmm2=3.422 ms
DEBUG 04-24 09:59:31.776414.776414 cuda_h.py:27] end fused_group_bmm cost 13.088 ms
DEBUG 04-24 09:59:31.776859.776859 cuda_h.py:27] end fused_group_bmm cost 12.069 ms
DEBUG 04-24 09:59:31.777578.777578 cuda_h.py:27] end gather_outputs_group_fused_mp cost 0.498 ms
DEBUG 04-24 09:59:31.777035.777035 cuda_h.py:27] end gather_outputs_group_fused_mp cost 0.465 ms
DEBUG 04-24 09:59:31.777024.777024 cuda_h.py:27] end cpu_experts_worker_bmm_or_einsum_3 cost 18.052 ms
DEBUG 04-24 09:59:31.777746.777746 cuda_h.py:27] end cpu_experts_worker_bmm_or_einsum_1 cost 18.070 ms
DEBUG 04-24 09:59:31.778060.778060 mlpmodule.py:3373] [fused_group_bmm][steps] bmm1=8.741 ms split=0.082 ms act_mul=0.379 ms bmm2=4.308 ms
DEBUG 04-24 09:59:31.778532.778532 mlpmodule.py:3373] [fused_group_bmm][steps] bmm1=8.447 ms split=0.184 ms act_mul=1.018 ms bmm2=3.784 ms
DEBUG 04-24 09:59:31.778604.778604 cuda_h.py:27] end fused_group_bmm cost 13.768 ms
DEBUG 04-24 09:59:31.778963.778963 cuda_h.py:27] end fused_group_bmm cost 13.685 ms
DEBUG 04-24 09:59:31.779621.779621 cuda_h.py:27] end gather_outputs_group_fused_mp cost 0.463 ms
DEBUG 04-24 09:59:31.779894.779894 cuda_h.py:27] end gather_outputs_group_fused_mp cost 0.512 ms
DEBUG 04-24 09:59:31.779207.779207 cuda_h.py:27] end cpu_experts_worker_bmm_or_einsum_2 cost 19.225 ms
DEBUG 04-24 09:59:31.780062.780062 cuda_h.py:27] end cpu_experts_worker_bmm_or_einsum_0 cost 20.525 ms
DEBUG 04-24 09:59:31.781579.781579 cuda_h.py:27] end cpu_thread_manager_mp_wait_fused cost 21.948 ms
DEBUG 04-24 09:59:31.781107.781107 cuda_h.py:27] end *single cpu experts* cost 23.514 ms
DEBUG 04-24 09:59:31.782118.782118 sllm_store_c.py:27] get device uuid map
DEBUG 04-24 09:59:31.782253.782253 sllm_store_c.py:29] call client load into gpu
DEBUG 04-24 09:59:31.785436.785436 cuda_h.py:27] end load_into_gpu_async_fused_experts_dual cost 2.590 ms
DEBUG 04-24 09:59:31.785878.785878 cuda_h.py:27] end restore_tensors2_fused_experts_packed cost 0.077 ms
DEBUG 04-24 09:59:31.785338.785338 cuda_h.py:27] end restore_tensors2_fused_experts_slices cost 0.322 ms
DEBUG 04-24 09:59:31.785838.785838 cuda_h.py:27] end allocate_experts_cuda_memory_and_restore_model_multi_device_fused cost 4.356 ms
DEBUG 04-24 09:59:31.786679.786679 cuda_h.py:27] end gpu_sexperts cost 0.005 ms
DEBUG 04-24 09:59:31.786131.786131 cuda_h.py:27] end wait_load_qkvogn_s_weight cost 0.018 ms
DEBUG 04-24 09:59:31.798546.798546 cuda_h.py:27] end prepare_per_device_parameters cost 12.680 ms
DEBUG 04-24 09:59:31.801885.801885 cuda_h.py:27] end wait_experts_multi_device cost 2.746 ms
DEBUG 04-24 09:59:31.801729.801729 cuda_h.py:27] end *before fused experts* cost 20.294 ms
DEBUG 04-24 09:59:31.805217.805217 cuda_h.py:27] end gpu_experts_multi_device_fused cost 3.869 ms
DEBUG 04-24 09:59:31.805604.805604 cuda_h.py:27] end *gpu experts* cost 24.275 ms
DEBUG 04-24 09:59:31.805738.805738 cuda_h.py:27] end layer_moe_generate_mp_multi_device_fused_l_19 cost 48.863 ms
DEBUG 04-24 09:59:31.807707.807707 cuda_h.py:27] end *mlp cost 50.488 ms
DEBUG 04-24 09:59:31.807472.807472 cuda_h.py:27] end prefill_layer cost 53.644 ms
DEBUG 04-24 09:59:31.807202.807202 lmp.py:320] -------------------------------- end prefill layer 18 --------------------------------
DEBUG 04-24 09:59:31.807805.807805 lmp.py:273] -------------------------------- start prefill layer 19 --------------------------------
DEBUG 04-24 09:59:31.807324.807324 cuda_h.py:27] end start_load_qkvogn_s_weight_l_20 cost 0.036 ms
DEBUG 04-24 09:59:31.808374.808374 cuda_h.py:27] end allocate_cuda_memory cost 0.197 ms
DEBUG 04-24 09:59:31.808930.808930 sllm_store_c.py:27] get device uuid map
DEBUG 04-24 09:59:31.808644.808644 sllm_store_c.py:29] call client load into gpu
DEBUG 04-24 09:59:31.809269.809269 cuda_h.py:27] end load_into_gpu_async cost 1.616 ms
DEBUG 04-24 09:59:31.809708.809708 cuda_h.py:27] end **self_attn cost 1.440 ms
DEBUG 04-24 09:59:31.810368.810368 cuda_h.py:27] end restore_tensors2 cost 0.095 ms
DEBUG 04-24 09:59:31.810527.810527 cuda_h.py:27] end allocate_cuda_memory_and_load_into_gpu cost 2.426 ms
DEBUG 04-24 09:59:31.810218.810218 cuda_h.py:27] end *iln_self_attn_paln cost 2.803 ms
DEBUG 04-24 09:59:31.811258.811258 cuda_h.py:27] end gate cost 0.497 ms
DEBUG 04-24 09:59:31.811554.811554 cuda_h.py:27] end experts_map_get cost 0.276 ms
DEBUG 04-24 09:59:31.811291.811291 cuda_h.py:27] end *before experts start* cost 0.918 ms
DEBUG 04-24 09:59:31.811906.811906 cuda_h.py:27] end cpu_experts_submit_fused_mp cost 0.140 ms
DEBUG 04-24 09:59:31.815046.815046 cuda_h.py:27] end prepare_group_stack cost 0.439 ms
DEBUG 04-24 09:59:31.815133.815133 cuda_h.py:27] end prepare_group_stack cost 0.433 ms
DEBUG 04-24 09:59:31.815824.815824 cuda_h.py:27] end prepare_group_stack cost 0.585 ms
DEBUG 04-24 09:59:31.815585.815585 cuda_h.py:27] end prepare_group_stack cost 0.641 ms
DEBUG 04-24 09:59:31.816084.816084 cuda_h.py:27] end group stack cost 0.853 ms
DEBUG 04-24 09:59:31.816722.816722 cuda_h.py:27] end move_flatidxs_group_fused_mp cost 1.484 ms
DEBUG 04-24 09:59:31.816612.816612 cuda_h.py:27] end get_fused_experts_names_w cost 0.016 ms
DEBUG 04-24 09:59:31.816297.816297 cuda_h.py:27] end group stack cost 1.040 ms
DEBUG 04-24 09:59:31.816532.816532 cuda_h.py:27] end move_flatidxs_group_fused_mp cost 1.695 ms
DEBUG 04-24 09:59:31.816775.816775 cuda_h.py:27] end get_fused_experts_names_w cost 0.022 ms
DEBUG 04-24 09:59:31.816590.816590 cuda_h.py:27] end group stack cost 1.091 ms
DEBUG 04-24 09:59:31.816976.816976 cuda_h.py:27] end restore_fused_tensors cost 0.471 ms
DEBUG 04-24 09:59:31.816628.816628 cuda_h.py:27] end move_flatidxs_group_fused_mp cost 2.132 ms
DEBUG 04-24 09:59:31.816422.816422 cuda_h.py:27] end group stack cost 1.230 ms
DEBUG 04-24 09:59:31.816840.816840 cuda_h.py:27] end group_fused_tensors_mp cost 0.709 ms
DEBUG 04-24 09:59:31.817040.817040 cuda_h.py:27] end get_fused_experts_names_w cost 0.028 ms
DEBUG 04-24 09:59:31.817948.817948 cuda_h.py:27] end move_flatidxs_group_fused_mp cost 2.347 ms
DEBUG 04-24 09:59:31.817552.817552 cuda_h.py:27] end restore_fused_tensors cost 0.595 ms
DEBUG 04-24 09:59:31.817299.817299 cuda_h.py:27] end group_fused_tensors_mp cost 0.831 ms
DEBUG 04-24 09:59:31.817988.817988 cuda_h.py:27] end get_fused_experts_names_w cost 0.029 ms
DEBUG 04-24 09:59:31.817062.817062 cuda_h.py:27] end restore_fused_tensors cost 0.660 ms
DEBUG 04-24 09:59:31.818674.818674 cuda_h.py:27] end group_fused_tensors_mp cost 0.979 ms
DEBUG 04-24 09:59:31.818549.818549 cuda_h.py:27] end restore_fused_tensors cost 0.750 ms
DEBUG 04-24 09:59:31.818290.818290 cuda_h.py:27] end group_fused_tensors_mp cost 1.135 ms
DEBUG 04-24 09:59:31.818170.818170 cuda_h.py:27] end restore2model cost 1.286 ms
DEBUG 04-24 09:59:31.818752.818752 cuda_h.py:27] end sllm_worker_task cost 10.909 ms
DEBUG 04-24 09:59:31.829369.829369 mlpmodule.py:3373] [fused_group_bmm][steps] bmm1=8.750 ms split=0.111 ms act_mul=0.302 ms bmm2=3.225 ms
DEBUG 04-24 09:59:31.830079.830079 cuda_h.py:27] end fused_group_bmm cost 12.858 ms
DEBUG 04-24 09:59:31.831431.831431 cuda_h.py:27] end gather_outputs_group_fused_mp cost 0.720 ms
DEBUG 04-24 09:59:31.831566.831566 mlpmodule.py:3373] [fused_group_bmm][steps] bmm1=8.885 ms split=0.090 ms act_mul=0.347 ms bmm2=4.921 ms
DEBUG 04-24 09:59:31.831963.831963 cuda_h.py:27] end fused_group_bmm cost 14.449 ms
DEBUG 04-24 09:59:31.831673.831673 cuda_h.py:27] end cpu_experts_worker_bmm_or_einsum_3 cost 18.282 ms
DEBUG 04-24 09:59:31.831103.831103 cuda_h.py:27] end gather_outputs_group_fused_mp cost 0.347 ms
DEBUG 04-24 09:59:31.832615.832615 cuda_h.py:27] end cpu_experts_worker_bmm_or_einsum_1 cost 19.139 ms
DEBUG 04-24 09:59:31.832589.832589 mlpmodule.py:3373] [fused_group_bmm][steps] bmm1=9.407 ms split=0.235 ms act_mul=0.379 ms bmm2=4.635 ms
DEBUG 04-24 09:59:31.833677.833677 cuda_h.py:27] end fused_group_bmm cost 14.935 ms
DEBUG 04-24 09:59:31.833903.833903 mlpmodule.py:3373] [fused_group_bmm][steps] bmm1=9.529 ms split=0.121 ms act_mul=0.734 ms bmm2=4.161 ms
DEBUG 04-24 09:59:31.833572.833572 cuda_h.py:27] end fused_group_bmm cost 14.792 ms
DEBUG 04-24 09:59:31.833269.833269 cuda_h.py:27] end gather_outputs_group_fused_mp cost 0.500 ms
DEBUG 04-24 09:59:31.833623.833623 cuda_h.py:27] end gather_outputs_group_fused_mp cost 0.403 ms
DEBUG 04-24 09:59:31.834569.834569 cuda_h.py:27] end cpu_experts_worker_bmm_or_einsum_2 cost 20.706 ms
DEBUG 04-24 09:59:31.834846.834846 cuda_h.py:27] end cpu_experts_worker_bmm_or_einsum_0 cost 21.035 ms
DEBUG 04-24 09:59:31.836797.836797 cuda_h.py:27] end cpu_thread_manager_mp_wait_fused cost 23.146 ms
DEBUG 04-24 09:59:31.836174.836174 cuda_h.py:27] end *single cpu experts* cost 24.737 ms
DEBUG 04-24 09:59:31.837625.837625 sllm_store_c.py:27] get device uuid map
DEBUG 04-24 09:59:31.837735.837735 sllm_store_c.py:29] call client load into gpu
DEBUG 04-24 09:59:31.839615.839615 cuda_h.py:27] end load_into_gpu_async_fused_experts_dual cost 2.494 ms
DEBUG 04-24 09:59:31.840508.840508 cuda_h.py:27] end restore_tensors2_fused_experts_packed cost 0.094 ms
DEBUG 04-24 09:59:31.840324.840324 cuda_h.py:27] end restore_tensors2_fused_experts_slices cost 0.318 ms
DEBUG 04-24 09:59:31.840546.840546 cuda_h.py:27] end allocate_experts_cuda_memory_and_restore_model_multi_device_fused cost 4.329 ms
DEBUG 04-24 09:59:31.840862.840862 cuda_h.py:27] end gpu_sexperts cost 0.006 ms
DEBUG 04-24 09:59:31.840560.840560 cuda_h.py:27] end wait_load_qkvogn_s_weight cost 0.024 ms
DEBUG 04-24 09:59:31.853337.853337 cuda_h.py:27] end prepare_per_device_parameters cost 12.849 ms
DEBUG 04-24 09:59:31.856876.856876 cuda_h.py:27] end wait_experts_multi_device cost 2.526 ms
DEBUG 04-24 09:59:31.856256.856256 cuda_h.py:27] end *before fused experts* cost 20.206 ms
DEBUG 04-24 09:59:31.860350.860350 cuda_h.py:27] end gpu_experts_multi_device_fused cost 4.348 ms
DEBUG 04-24 09:59:31.861598.861598 cuda_h.py:27] end *gpu experts* cost 24.709 ms
DEBUG 04-24 09:59:31.861700.861700 cuda_h.py:27] end layer_moe_generate_mp_multi_device_fused_l_20 cost 50.517 ms
DEBUG 04-24 09:59:31.863174.863174 cuda_h.py:27] end *mlp cost 52.409 ms
DEBUG 04-24 09:59:31.863025.863025 cuda_h.py:27] end prefill_layer cost 55.428 ms
DEBUG 04-24 09:59:31.863920.863920 lmp.py:320] -------------------------------- end prefill layer 19 --------------------------------
DEBUG 04-24 09:59:31.863762.863762 lmp.py:273] -------------------------------- start prefill layer 20 --------------------------------
DEBUG 04-24 09:59:31.863818.863818 cuda_h.py:27] end start_load_qkvogn_s_weight_l_21 cost 0.041 ms
DEBUG 04-24 09:59:31.863037.863037 cuda_h.py:27] end allocate_cuda_memory cost 0.253 ms
DEBUG 04-24 09:59:31.863950.863950 sllm_store_c.py:27] get device uuid map
DEBUG 04-24 09:59:31.864437.864437 sllm_store_c.py:29] call client load into gpu
DEBUG 04-24 09:59:31.865027.865027 cuda_h.py:27] end load_into_gpu_async cost 1.707 ms
DEBUG 04-24 09:59:31.865831.865831 cuda_h.py:27] end **self_attn cost 1.568 ms
DEBUG 04-24 09:59:31.865028.865028 cuda_h.py:27] end restore_tensors2 cost 0.102 ms
DEBUG 04-24 09:59:31.865756.865756 cuda_h.py:27] end allocate_cuda_memory_and_load_into_gpu cost 2.611 ms
DEBUG 04-24 09:59:31.866235.866235 cuda_h.py:27] end *iln_self_attn_paln cost 3.023 ms
DEBUG 04-24 09:59:31.866395.866395 cuda_h.py:27] end gate cost 0.521 ms
DEBUG 04-24 09:59:31.867388.867388 cuda_h.py:27] end experts_map_get cost 0.294 ms
DEBUG 04-24 09:59:31.867986.867986 cuda_h.py:27] end *before experts start* cost 0.967 ms
DEBUG 04-24 09:59:31.867494.867494 cuda_h.py:27] end cpu_experts_submit_fused_mp cost 0.136 ms
DEBUG 04-24 09:59:31.870270.870270 cuda_h.py:27] end prepare_group_stack cost 0.494 ms
DEBUG 04-24 09:59:31.870616.870616 cuda_h.py:27] end prepare_group_stack cost 0.431 ms
DEBUG 04-24 09:59:31.870306.870306 cuda_h.py:27] end prepare_group_stack cost 0.488 ms
DEBUG 04-24 09:59:31.872571.872571 cuda_h.py:27] end group stack cost 1.104 ms
DEBUG 04-24 09:59:31.872538.872538 cuda_h.py:27] end group stack cost 1.111 ms
DEBUG 04-24 09:59:31.872317.872317 cuda_h.py:27] end move_flatidxs_group_fused_mp cost 1.820 ms
DEBUG 04-24 09:59:31.872642.872642 cuda_h.py:27] end move_flatidxs_group_fused_mp cost 1.958 ms
DEBUG 04-24 09:59:31.872179.872179 cuda_h.py:27] end group stack cost 1.239 ms
DEBUG 04-24 09:59:31.872259.872259 cuda_h.py:27] end get_fused_experts_names_w cost 0.019 ms
DEBUG 04-24 09:59:31.872107.872107 cuda_h.py:27] end get_fused_experts_names_w cost 0.025 ms
DEBUG 04-24 09:59:31.872817.872817 cuda_h.py:27] end move_flatidxs_group_fused_mp cost 2.112 ms
DEBUG 04-24 09:59:31.872076.872076 cuda_h.py:27] end get_fused_experts_names_w cost 0.029 ms
DEBUG 04-24 09:59:31.873131.873131 cuda_h.py:27] end restore_fused_tensors cost 0.678 ms
DEBUG 04-24 09:59:31.873379.873379 cuda_h.py:27] end group_fused_tensors_mp cost 0.848 ms
DEBUG 04-24 09:59:31.873925.873925 cuda_h.py:27] end restore_fused_tensors cost 0.640 ms
DEBUG 04-24 09:59:31.873176.873176 cuda_h.py:27] end group_fused_tensors_mp cost 1.096 ms
DEBUG 04-24 09:59:31.873686.873686 cuda_h.py:27] end restore_fused_tensors cost 0.827 ms
DEBUG 04-24 09:59:31.873147.873147 cuda_h.py:27] end group_fused_tensors_mp cost 1.175 ms
DEBUG 04-24 09:59:31.874262.874262 cuda_h.py:27] end restore2model cost 1.097 ms
DEBUG 04-24 09:59:31.874650.874650 cuda_h.py:27] end sllm_worker_task cost 10.925 ms
DEBUG 04-24 09:59:31.882247.882247 mlpmodule.py:3373] [fused_group_bmm][steps] bmm1=6.078 ms split=0.133 ms act_mul=0.353 ms bmm2=2.283 ms
DEBUG 04-24 09:59:31.882728.882728 cuda_h.py:27] end fused_group_bmm cost 9.188 ms
DEBUG 04-24 09:59:31.883913.883913 cuda_h.py:27] end gather_outputs_group_fused_mp cost 0.615 ms
DEBUG 04-24 09:59:31.883629.883629 cuda_h.py:27] end prepare_group_stack cost 12.487 ms
DEBUG 04-24 09:59:31.884584.884584 mlpmodule.py:3373] [fused_group_bmm][steps] bmm1=7.474 ms split=0.052 ms act_mul=0.419 ms bmm2=2.755 ms
DEBUG 04-24 09:59:31.884854.884854 cuda_h.py:27] end fused_group_bmm cost 10.880 ms
DEBUG 04-24 09:59:31.884257.884257 cuda_h.py:27] end cpu_experts_worker_bmm_or_einsum_3 cost 15.078 ms
DEBUG 04-24 09:59:31.884417.884417 cuda_h.py:27] end gather_outputs_group_fused_mp cost 0.360 ms
DEBUG 04-24 09:59:31.885344.885344 mlpmodule.py:3373] [fused_group_bmm][steps] bmm1=4.856 ms split=0.065 ms act_mul=0.343 ms bmm2=5.958 ms
DEBUG 04-24 09:59:31.885234.885234 cuda_h.py:27] end cpu_experts_worker_bmm_or_einsum_1 cost 16.198 ms
DEBUG 04-24 09:59:31.885157.885157 cuda_h.py:27] end fused_group_bmm cost 11.383 ms
DEBUG 04-24 09:59:31.885435.885435 cuda_h.py:27] end gather_outputs_group_fused_mp cost 0.339 ms
DEBUG 04-24 09:59:31.886989.886989 cuda_h.py:27] end cpu_experts_worker_bmm_or_einsum_0 cost 17.166 ms
DEBUG 04-24 09:59:31.898823.898823 cuda_h.py:27] end group stack cost 14.729 ms
DEBUG 04-24 09:59:31.898636.898636 cuda_h.py:27] end move_flatidxs_group_fused_mp cost 27.567 ms
DEBUG 04-24 09:59:31.899519.899519 cuda_h.py:27] end get_fused_experts_names_w cost 0.025 ms
DEBUG 04-24 09:59:31.899461.899461 cuda_h.py:27] end restore_fused_tensors cost 0.471 ms
DEBUG 04-24 09:59:31.899258.899258 cuda_h.py:27] end group_fused_tensors_mp cost 0.751 ms
DEBUG 04-24 09:59:31.907165.907165 mlpmodule.py:3373] [fused_group_bmm][steps] bmm1=4.479 ms split=0.102 ms act_mul=0.280 ms bmm2=2.510 ms
DEBUG 04-24 09:59:31.907516.907516 cuda_h.py:27] end fused_group_bmm cost 7.589 ms
DEBUG 04-24 09:59:31.908787.908787 cuda_h.py:27] end gather_outputs_group_fused_mp cost 0.536 ms
DEBUG 04-24 09:59:31.908114.908114 cuda_h.py:27] end cpu_experts_worker_bmm_or_einsum_2 cost 38.354 ms
DEBUG 04-24 09:59:32.080841.080841 cuda_h.py:27] end cpu_thread_manager_mp_wait_fused cost 211.664 ms
DEBUG 04-24 09:59:32.080889.080889 cuda_h.py:27] end *single cpu experts* cost 213.439 ms
DEBUG 04-24 09:59:32.082942.082942 sllm_store_c.py:27] get device uuid map
DEBUG 04-24 09:59:32.083405.083405 sllm_store_c.py:29] call client load into gpu
DEBUG 04-24 09:59:32.087304.087304 cuda_h.py:27] end load_into_gpu_async_fused_experts_dual cost 4.097 ms
DEBUG 04-24 09:59:32.087328.087328 cuda_h.py:27] end restore_tensors2_fused_experts_packed cost 0.167 ms
DEBUG 04-24 09:59:32.088077.088077 cuda_h.py:27] end restore_tensors2_fused_experts_slices cost 0.662 ms
DEBUG 04-24 09:59:32.088415.088415 cuda_h.py:27] end allocate_experts_cuda_memory_and_restore_model_multi_device_fused cost 7.679 ms
DEBUG 04-24 09:59:32.088858.088858 cuda_h.py:27] end gpu_sexperts cost 0.008 ms
DEBUG 04-24 09:59:32.089929.089929 cuda_h.py:27] end wait_load_qkvogn_s_weight cost 0.030 ms
DEBUG 04-24 09:59:32.101067.101067 cuda_h.py:27] end prepare_per_device_parameters cost 12.062 ms
DEBUG 04-24 09:59:32.102953.102953 cuda_h.py:27] end wait_experts_multi_device cost 1.254 ms
DEBUG 04-24 09:59:32.102319.102319 cuda_h.py:27] end *before fused experts* cost 21.851 ms
DEBUG 04-24 09:59:32.108043.108043 cuda_h.py:27] end gpu_experts_multi_device_fused cost 5.373 ms
DEBUG 04-24 09:59:32.108536.108536 cuda_h.py:27] end *gpu experts* cost 27.349 ms
DEBUG 04-24 09:59:32.108506.108506 cuda_h.py:27] end layer_moe_generate_mp_multi_device_fused_l_21 cost 241.974 ms
DEBUG 04-24 09:59:32.109610.109610 cuda_h.py:27] end *mlp cost 243.314 ms
DEBUG 04-24 09:59:32.109315.109315 cuda_h.py:27] end prefill_layer cost 246.543 ms
DEBUG 04-24 09:59:32.109310.109310 lmp.py:320] -------------------------------- end prefill layer 20 --------------------------------
DEBUG 04-24 09:59:32.109629.109629 lmp.py:273] -------------------------------- start prefill layer 21 --------------------------------
DEBUG 04-24 09:59:32.109147.109147 cuda_h.py:27] end start_load_qkvogn_s_weight_l_22 cost 0.034 ms
DEBUG 04-24 09:59:32.110642.110642 cuda_h.py:27] end allocate_cuda_memory cost 0.324 ms
DEBUG 04-24 09:59:32.110305.110305 sllm_store_c.py:27] get device uuid map
DEBUG 04-24 09:59:32.111128.111128 sllm_store_c.py:29] call client load into gpu
DEBUG 04-24 09:59:32.112145.112145 cuda_h.py:27] end **self_attn cost 2.044 ms
DEBUG 04-24 09:59:32.113326.113326 cuda_h.py:27] end *iln_self_attn_paln cost 3.400 ms
DEBUG 04-24 09:59:32.113152.113152 cuda_h.py:27] end load_into_gpu_async cost 2.931 ms
DEBUG 04-24 09:59:32.114579.114579 cuda_h.py:27] end restore_tensors2 cost 0.175 ms
DEBUG 04-24 09:59:32.114603.114603 cuda_h.py:27] end allocate_cuda_memory_and_load_into_gpu cost 4.172 ms
DEBUG 04-24 09:59:32.114256.114256 cuda_h.py:27] end gate cost 1.259 ms
DEBUG 04-24 09:59:32.115509.115509 cuda_h.py:27] end experts_map_get cost 0.332 ms
DEBUG 04-24 09:59:32.115968.115968 cuda_h.py:27] end *before experts start* cost 1.762 ms
DEBUG 04-24 09:59:32.115067.115067 cuda_h.py:27] end cpu_experts_submit_fused_mp cost 0.147 ms
DEBUG 04-24 09:59:32.118642.118642 cuda_h.py:27] end prepare_group_stack cost 0.613 ms
DEBUG 04-24 09:59:32.119930.119930 cuda_h.py:27] end prepare_group_stack cost 0.811 ms
DEBUG 04-24 09:59:32.120799.120799 cuda_h.py:27] end group stack cost 1.318 ms
DEBUG 04-24 09:59:32.120539.120539 cuda_h.py:27] end move_flatidxs_group_fused_mp cost 2.503 ms
DEBUG 04-24 09:59:32.120204.120204 cuda_h.py:27] end prepare_group_stack cost 0.626 ms
DEBUG 04-24 09:59:32.121409.121409 cuda_h.py:27] end get_fused_experts_names_w cost 0.035 ms
DEBUG 04-24 09:59:32.121699.121699 cuda_h.py:27] end group stack cost 1.511 ms
DEBUG 04-24 09:59:32.121607.121607 cuda_h.py:27] end move_flatidxs_group_fused_mp cost 2.879 ms
DEBUG 04-24 09:59:32.122007.122007 cuda_h.py:27] end restore_fused_tensors cost 0.930 ms
DEBUG 04-24 09:59:32.122247.122247 cuda_h.py:27] end group_fused_tensors_mp cost 1.325 ms
DEBUG 04-24 09:59:32.122883.122883 cuda_h.py:27] end get_fused_experts_names_w cost 0.038 ms
DEBUG 04-24 09:59:32.122763.122763 cuda_h.py:27] end group stack cost 1.273 ms
DEBUG 04-24 09:59:32.122796.122796 cuda_h.py:27] end move_flatidxs_group_fused_mp cost 2.503 ms
DEBUG 04-24 09:59:32.123535.123535 cuda_h.py:27] end get_fused_experts_names_w cost 0.031 ms
DEBUG 04-24 09:59:32.123239.123239 cuda_h.py:27] end restore_fused_tensors cost 1.046 ms
DEBUG 04-24 09:59:32.123222.123222 cuda_h.py:27] end group_fused_tensors_mp cost 1.452 ms
DEBUG 04-24 09:59:32.123687.123687 cuda_h.py:27] end restore2model cost 1.816 ms
DEBUG 04-24 09:59:32.124929.124929 cuda_h.py:27] end sllm_worker_task cost 14.116 ms
DEBUG 04-24 09:59:32.124770.124770 cuda_h.py:27] end restore_fused_tensors cost 0.987 ms
DEBUG 04-24 09:59:32.124019.124019 cuda_h.py:27] end group_fused_tensors_mp cost 1.410 ms
DEBUG 04-24 09:59:32.134606.134606 mlpmodule.py:3373] [fused_group_bmm][steps] bmm1=6.736 ms split=0.061 ms act_mul=0.533 ms bmm2=2.062 ms
DEBUG 04-24 09:59:32.134044.134044 cuda_h.py:27] end fused_group_bmm cost 9.634 ms
DEBUG 04-24 09:59:32.134828.134828 cuda_h.py:27] end gather_outputs_group_fused_mp cost 0.424 ms
DEBUG 04-24 09:59:32.134542.134542 mlpmodule.py:3373] [fused_group_bmm][steps] bmm1=8.750 ms split=0.103 ms act_mul=0.384 ms bmm2=2.890 ms
DEBUG 04-24 09:59:32.134733.134733 cuda_h.py:27] end fused_group_bmm cost 12.329 ms
DEBUG 04-24 09:59:32.135251.135251 cuda_h.py:27] end prepare_group_stack cost 14.799 ms
DEBUG 04-24 09:59:32.135354.135354 cuda_h.py:27] end cpu_experts_worker_bmm_or_einsum_1 cost 16.136 ms
DEBUG 04-24 09:59:32.135959.135959 cuda_h.py:27] end gather_outputs_group_fused_mp cost 0.370 ms
DEBUG 04-24 09:59:32.136497.136497 cuda_h.py:27] end cpu_experts_worker_bmm_or_einsum_3 cost 18.962 ms
DEBUG 04-24 09:59:32.142266.142266 cuda_h.py:27] end group stack cost 6.791 ms
DEBUG 04-24 09:59:32.142516.142516 cuda_h.py:27] end move_flatidxs_group_fused_mp cost 21.957 ms
DEBUG 04-24 09:59:32.142463.142463 cuda_h.py:27] end get_fused_experts_names_w cost 0.027 ms
DEBUG 04-24 09:59:32.142428.142428 cuda_h.py:27] end restore_fused_tensors cost 0.484 ms
DEBUG 04-24 09:59:32.143729.143729 cuda_h.py:27] end group_fused_tensors_mp cost 0.650 ms
DEBUG 04-24 09:59:32.150862.150862 mlpmodule.py:3373] [fused_group_bmm][steps] bmm1=4.201 ms split=0.090 ms act_mul=0.364 ms bmm2=2.724 ms
DEBUG 04-24 09:59:32.150452.150452 cuda_h.py:27] end fused_group_bmm cost 7.630 ms
DEBUG 04-24 09:59:32.151855.151855 cuda_h.py:27] end gather_outputs_group_fused_mp cost 0.458 ms
DEBUG 04-24 09:59:32.152027.152027 cuda_h.py:27] end cpu_experts_worker_bmm_or_einsum_2 cost 33.004 ms
DEBUG 04-24 09:59:32.167775.167775 mlpmodule.py:3373] [fused_group_bmm][steps] bmm1=20.867 ms split=0.200 ms act_mul=20.107 ms bmm2=2.367 ms
DEBUG 04-24 09:59:32.167476.167476 cuda_h.py:27] end fused_group_bmm cost 43.735 ms
DEBUG 04-24 09:59:32.168536.168536 cuda_h.py:27] end gather_outputs_group_fused_mp cost 0.350 ms
DEBUG 04-24 09:59:32.168157.168157 cuda_h.py:27] end cpu_experts_worker_bmm_or_einsum_0 cost 50.251 ms
DEBUG 04-24 09:59:32.170216.170216 cuda_h.py:27] end cpu_thread_manager_mp_wait_fused cost 52.033 ms
DEBUG 04-24 09:59:32.170452.170452 cuda_h.py:27] end *single cpu experts* cost 54.783 ms
DEBUG 04-24 09:59:32.172484.172484 sllm_store_c.py:27] get device uuid map
DEBUG 04-24 09:59:32.172293.172293 sllm_store_c.py:29] call client load into gpu
DEBUG 04-24 09:59:32.175521.175521 cuda_h.py:27] end load_into_gpu_async_fused_experts_dual cost 3.520 ms
DEBUG 04-24 09:59:32.175554.175554 cuda_h.py:27] end restore_tensors2_fused_experts_packed cost 0.143 ms
DEBUG 04-24 09:59:32.176994.176994 cuda_h.py:27] end restore_tensors2_fused_experts_slices cost 0.555 ms
DEBUG 04-24 09:59:32.176477.176477 cuda_h.py:27] end allocate_experts_cuda_memory_and_restore_model_multi_device_fused cost 6.597 ms
DEBUG 04-24 09:59:32.176925.176925 cuda_h.py:27] end gpu_sexperts cost 0.010 ms
DEBUG 04-24 09:59:32.177264.177264 cuda_h.py:27] end wait_load_qkvogn_s_weight cost 0.031 ms
DEBUG 04-24 09:59:32.189766.189766 cuda_h.py:27] end prepare_per_device_parameters cost 12.271 ms
DEBUG 04-24 09:59:32.191206.191206 cuda_h.py:27] end wait_experts_multi_device cost 1.765 ms
DEBUG 04-24 09:59:32.191474.191474 cuda_h.py:27] end *before fused experts* cost 21.356 ms
DEBUG 04-24 09:59:32.196405.196405 cuda_h.py:27] end gpu_experts_multi_device_fused cost 4.791 ms
DEBUG 04-24 09:59:32.196513.196513 cuda_h.py:27] end *gpu experts* cost 26.305 ms
DEBUG 04-24 09:59:32.196668.196668 cuda_h.py:27] end layer_moe_generate_mp_multi_device_fused_l_22 cost 83.001 ms
DEBUG 04-24 09:59:32.198484.198484 cuda_h.py:27] end *mlp cost 84.409 ms
DEBUG 04-24 09:59:32.198652.198652 cuda_h.py:27] end prefill_layer cost 88.323 ms
DEBUG 04-24 09:59:32.198739.198739 lmp.py:320] -------------------------------- end prefill layer 21 --------------------------------
DEBUG 04-24 09:59:32.198343.198343 lmp.py:273] -------------------------------- start prefill layer 22 --------------------------------
DEBUG 04-24 09:59:32.198623.198623 cuda_h.py:27] end start_load_qkvogn_s_weight_l_23 cost 0.036 ms
DEBUG 04-24 09:59:32.198781.198781 cuda_h.py:27] end allocate_cuda_memory cost 0.229 ms
DEBUG 04-24 09:59:32.198020.198020 sllm_store_c.py:27] get device uuid map
DEBUG 04-24 09:59:32.198135.198135 sllm_store_c.py:29] call client load into gpu
DEBUG 04-24 09:59:32.200556.200556 cuda_h.py:27] end **self_attn cost 1.519 ms
DEBUG 04-24 09:59:32.201916.201916 cuda_h.py:27] end load_into_gpu_async cost 2.237 ms
DEBUG 04-24 09:59:32.201207.201207 cuda_h.py:27] end *iln_self_attn_paln cost 3.029 ms
DEBUG 04-24 09:59:32.201026.201026 cuda_h.py:27] end restore_tensors2 cost 0.102 ms
DEBUG 04-24 09:59:32.201145.201145 cuda_h.py:27] end allocate_cuda_memory_and_load_into_gpu cost 3.252 ms
DEBUG 04-24 09:59:32.202321.202321 cuda_h.py:27] end gate cost 0.772 ms
DEBUG 04-24 09:59:32.202811.202811 cuda_h.py:27] end experts_map_get cost 0.300 ms
DEBUG 04-24 09:59:32.202601.202601 cuda_h.py:27] end *before experts start* cost 1.237 ms
DEBUG 04-24 09:59:32.202057.202057 cuda_h.py:27] end cpu_experts_submit_fused_mp cost 0.131 ms
DEBUG 04-24 09:59:32.206763.206763 cuda_h.py:27] end prepare_group_stack cost 0.601 ms
DEBUG 04-24 09:59:32.206228.206228 cuda_h.py:27] end prepare_group_stack cost 0.605 ms
DEBUG 04-24 09:59:32.206802.206802 cuda_h.py:27] end prepare_group_stack cost 0.451 ms
DEBUG 04-24 09:59:32.207936.207936 cuda_h.py:27] end prepare_group_stack cost 0.594 ms
DEBUG 04-24 09:59:32.207553.207553 cuda_h.py:27] end group stack cost 0.873 ms
DEBUG 04-24 09:59:32.208140.208140 cuda_h.py:27] end move_flatidxs_group_fused_mp cost 1.672 ms
DEBUG 04-24 09:59:32.208159.208159 cuda_h.py:27] end group stack cost 1.387 ms
DEBUG 04-24 09:59:32.208216.208216 cuda_h.py:27] end get_fused_experts_names_w cost 0.023 ms
DEBUG 04-24 09:59:32.208311.208311 cuda_h.py:27] end move_flatidxs_group_fused_mp cost 2.371 ms
DEBUG 04-24 09:59:32.208069.208069 cuda_h.py:27] end group stack cost 1.591 ms
DEBUG 04-24 09:59:32.208914.208914 cuda_h.py:27] end get_fused_experts_names_w cost 0.035 ms
DEBUG 04-24 09:59:32.208620.208620 cuda_h.py:27] end move_flatidxs_group_fused_mp cost 2.646 ms
DEBUG 04-24 09:59:32.208920.208920 cuda_h.py:27] end group stack cost 1.329 ms
DEBUG 04-24 09:59:32.208328.208328 cuda_h.py:27] end get_fused_experts_names_w cost 0.036 ms
DEBUG 04-24 09:59:32.208363.208363 cuda_h.py:27] end move_flatidxs_group_fused_mp cost 2.309 ms
DEBUG 04-24 09:59:32.208331.208331 cuda_h.py:27] end restore_fused_tensors cost 0.472 ms
DEBUG 04-24 09:59:32.209159.209159 cuda_h.py:27] end group_fused_tensors_mp cost 0.896 ms
DEBUG 04-24 09:59:32.209100.209100 cuda_h.py:27] end get_fused_experts_names_w cost 0.032 ms
DEBUG 04-24 09:59:32.209943.209943 cuda_h.py:27] end restore_fused_tensors cost 0.988 ms
DEBUG 04-24 09:59:32.209378.209378 cuda_h.py:27] end group_fused_tensors_mp cost 1.261 ms
DEBUG 04-24 09:59:32.209731.209731 cuda_h.py:27] end restore_fused_tensors cost 1.074 ms
DEBUG 04-24 09:59:32.210836.210836 cuda_h.py:27] end group_fused_tensors_mp cost 1.363 ms
DEBUG 04-24 09:59:32.210584.210584 cuda_h.py:27] end restore_fused_tensors cost 0.892 ms
DEBUG 04-24 09:59:32.210838.210838 cuda_h.py:27] end group_fused_tensors_mp cost 1.319 ms
DEBUG 04-24 09:59:32.213001.213001 cuda_h.py:27] end restore2model cost 1.574 ms
DEBUG 04-24 09:59:32.213004.213004 cuda_h.py:27] end sllm_worker_task cost 15.633 ms
DEBUG 04-24 09:59:32.218060.218060 mlpmodule.py:3373] [fused_group_bmm][steps] bmm1=5.740 ms split=0.269 ms act_mul=0.576 ms bmm2=3.146 ms
DEBUG 04-24 09:59:32.219916.219916 cuda_h.py:27] end fused_group_bmm cost 10.001 ms
DEBUG 04-24 09:59:32.219032.219032 cuda_h.py:27] end gather_outputs_group_fused_mp cost 0.621 ms
DEBUG 04-24 09:59:32.220888.220888 cuda_h.py:27] end cpu_experts_worker_bmm_or_einsum_2 cost 14.778 ms
DEBUG 04-24 09:59:32.220406.220406 mlpmodule.py:3373] [fused_group_bmm][steps] bmm1=6.745 ms split=0.095 ms act_mul=0.447 ms bmm2=3.385 ms
DEBUG 04-24 09:59:32.220220.220220 cuda_h.py:27] end fused_group_bmm cost 11.094 ms
DEBUG 04-24 09:59:32.221076.221076 cuda_h.py:27] end gather_outputs_group_fused_mp cost 0.402 ms
DEBUG 04-24 09:59:32.222978.222978 cuda_h.py:27] end cpu_experts_worker_bmm_or_einsum_0 cost 17.314 ms
DEBUG 04-24 09:59:32.223748.223748 mlpmodule.py:3373] [fused_group_bmm][steps] bmm1=9.219 ms split=0.131 ms act_mul=0.409 ms bmm2=3.623 ms
DEBUG 04-24 09:59:32.224565.224565 cuda_h.py:27] end fused_group_bmm cost 13.671 ms
DEBUG 04-24 09:59:32.224795.224795 mlpmodule.py:3373] [fused_group_bmm][steps] bmm1=9.120 ms split=0.131 ms act_mul=0.547 ms bmm2=3.714 ms
DEBUG 04-24 09:59:32.224666.224666 cuda_h.py:27] end fused_group_bmm cost 13.824 ms
DEBUG 04-24 09:59:32.224059.224059 cuda_h.py:27] end gather_outputs_group_fused_mp cost 0.476 ms
DEBUG 04-24 09:59:32.224644.224644 cuda_h.py:27] end gather_outputs_group_fused_mp cost 0.289 ms
DEBUG 04-24 09:59:32.224662.224662 cuda_h.py:27] end cpu_experts_worker_bmm_or_einsum_3 cost 20.097 ms
DEBUG 04-24 09:59:32.225617.225617 cuda_h.py:27] end cpu_experts_worker_bmm_or_einsum_1 cost 19.275 ms
DEBUG 04-24 09:59:32.226466.226466 cuda_h.py:27] end cpu_thread_manager_mp_wait_fused cost 21.602 ms
DEBUG 04-24 09:59:32.226451.226451 cuda_h.py:27] end *single cpu experts* cost 23.978 ms
DEBUG 04-24 09:59:32.228056.228056 sllm_store_c.py:27] get device uuid map
DEBUG 04-24 09:59:32.228862.228862 sllm_store_c.py:29] call client load into gpu
DEBUG 04-24 09:59:32.231793.231793 cuda_h.py:27] end load_into_gpu_async_fused_experts_dual cost 2.837 ms
DEBUG 04-24 09:59:32.231752.231752 cuda_h.py:27] end restore_tensors2_fused_experts_packed cost 0.101 ms
DEBUG 04-24 09:59:32.231614.231614 cuda_h.py:27] end restore_tensors2_fused_experts_slices cost 0.470 ms
DEBUG 04-24 09:59:32.232790.232790 cuda_h.py:27] end allocate_experts_cuda_memory_and_restore_model_multi_device_fused cost 5.139 ms
DEBUG 04-24 09:59:32.232783.232783 cuda_h.py:27] end gpu_sexperts cost 0.007 ms
DEBUG 04-24 09:59:32.232838.232838 cuda_h.py:27] end wait_load_qkvogn_s_weight cost 0.027 ms
DEBUG 04-24 09:59:32.244087.244087 cuda_h.py:27] end prepare_per_device_parameters cost 11.669 ms
DEBUG 04-24 09:59:32.245791.245791 cuda_h.py:27] end wait_experts_multi_device cost 1.172 ms
DEBUG 04-24 09:59:32.245224.245224 cuda_h.py:27] end *before fused experts* cost 18.496 ms
DEBUG 04-24 09:59:32.251207.251207 cuda_h.py:27] end gpu_experts_multi_device_fused cost 6.366 ms
DEBUG 04-24 09:59:32.251521.251521 cuda_h.py:27] end *gpu experts* cost 25.001 ms
DEBUG 04-24 09:59:32.252120.252120 cuda_h.py:27] end layer_moe_generate_mp_multi_device_fused_l_23 cost 50.565 ms
DEBUG 04-24 09:59:32.253063.253063 cuda_h.py:27] end *mlp cost 52.030 ms
DEBUG 04-24 09:59:32.253142.253142 cuda_h.py:27] end prefill_layer cost 55.499 ms
DEBUG 04-24 09:59:32.253878.253878 lmp.py:320] -------------------------------- end prefill layer 22 --------------------------------
DEBUG 04-24 09:59:32.253119.253119 lmp.py:273] -------------------------------- start prefill layer 23 --------------------------------
DEBUG 04-24 09:59:32.254094.254094 cuda_h.py:27] end start_load_qkvogn_s_weight_l_24 cost 0.074 ms
DEBUG 04-24 09:59:32.254574.254574 cuda_h.py:27] end allocate_cuda_memory cost 0.312 ms
DEBUG 04-24 09:59:32.254763.254763 sllm_store_c.py:27] get device uuid map
DEBUG 04-24 09:59:32.255731.255731 sllm_store_c.py:29] call client load into gpu
DEBUG 04-24 09:59:32.256884.256884 cuda_h.py:27] end load_into_gpu_async cost 1.843 ms
DEBUG 04-24 09:59:32.257871.257871 cuda_h.py:27] end restore_tensors2 cost 0.121 ms
DEBUG 04-24 09:59:32.257177.257177 cuda_h.py:27] end allocate_cuda_memory_and_load_into_gpu cost 2.777 ms
DEBUG 04-24 09:59:32.258046.258046 cuda_h.py:27] end **self_attn cost 2.757 ms
DEBUG 04-24 09:59:32.258494.258494 cuda_h.py:27] end *iln_self_attn_paln cost 4.520 ms
DEBUG 04-24 09:59:32.259197.259197 cuda_h.py:27] end gate cost 0.694 ms
DEBUG 04-24 09:59:32.260118.260118 cuda_h.py:27] end experts_map_get cost 0.486 ms
DEBUG 04-24 09:59:32.260359.260359 cuda_h.py:27] end *before experts start* cost 1.389 ms
DEBUG 04-24 09:59:32.260693.260693 cuda_h.py:27] end cpu_experts_submit_fused_mp cost 0.239 ms
DEBUG 04-24 09:59:32.263869.263869 cuda_h.py:27] end prepare_group_stack cost 0.538 ms
DEBUG 04-24 09:59:32.263585.263585 cuda_h.py:27] end prepare_group_stack cost 0.473 ms
DEBUG 04-24 09:59:32.264360.264360 cuda_h.py:27] end prepare_group_stack cost 0.609 ms
DEBUG 04-24 09:59:32.264106.264106 cuda_h.py:27] end group stack cost 0.840 ms
DEBUG 04-24 09:59:32.264249.264249 cuda_h.py:27] end move_flatidxs_group_fused_mp cost 1.615 ms
DEBUG 04-24 09:59:32.265846.265846 cuda_h.py:27] end group stack cost 1.157 ms
DEBUG 04-24 09:59:32.265199.265199 cuda_h.py:27] end get_fused_experts_names_w cost 0.018 ms
DEBUG 04-24 09:59:32.265166.265166 cuda_h.py:27] end restore2model cost 1.164 ms
DEBUG 04-24 09:59:32.265685.265685 cuda_h.py:27] end move_flatidxs_group_fused_mp cost 1.904 ms
DEBUG 04-24 09:59:32.265841.265841 cuda_h.py:27] end sllm_worker_task cost 11.133 ms
DEBUG 04-24 09:59:32.265293.265293 cuda_h.py:27] end get_fused_experts_names_w cost 0.024 ms
DEBUG 04-24 09:59:32.265725.265725 cuda_h.py:27] end restore_fused_tensors cost 0.448 ms
DEBUG 04-24 09:59:32.265091.265091 cuda_h.py:27] end group_fused_tensors_mp cost 0.575 ms
DEBUG 04-24 09:59:32.265981.265981 cuda_h.py:27] end group stack cost 1.394 ms
DEBUG 04-24 09:59:32.266861.266861 cuda_h.py:27] end move_flatidxs_group_fused_mp cost 2.566 ms
DEBUG 04-24 09:59:32.266437.266437 cuda_h.py:27] end get_fused_experts_names_w cost 0.044 ms
DEBUG 04-24 09:59:32.266001.266001 cuda_h.py:27] end restore_fused_tensors cost 0.813 ms
DEBUG 04-24 09:59:32.266458.266458 cuda_h.py:27] end group_fused_tensors_mp cost 1.200 ms
DEBUG 04-24 09:59:32.267008.267008 cuda_h.py:27] end restore_fused_tensors cost 1.089 ms
DEBUG 04-24 09:59:32.267466.267466 cuda_h.py:27] end group_fused_tensors_mp cost 1.421 ms
DEBUG 04-24 09:59:32.274124.274124 mlpmodule.py:3373] [fused_group_bmm][steps] bmm1=5.893 ms split=0.131 ms act_mul=0.366 ms bmm2=2.549 ms
DEBUG 04-24 09:59:32.275755.275755 cuda_h.py:27] end fused_group_bmm cost 9.227 ms
DEBUG 04-24 09:59:32.275305.275305 cuda_h.py:27] end gather_outputs_group_fused_mp cost 0.365 ms
DEBUG 04-24 09:59:32.275232.275232 mlpmodule.py:3373] [fused_group_bmm][steps] bmm1=4.624 ms split=0.088 ms act_mul=0.441 ms bmm2=2.328 ms
DEBUG 04-24 09:59:32.275365.275365 cuda_h.py:27] end fused_group_bmm cost 7.738 ms
DEBUG 04-24 09:59:32.276184.276184 cuda_h.py:27] end cpu_experts_worker_bmm_or_einsum_1 cost 13.720 ms
DEBUG 04-24 09:59:32.276379.276379 mlpmodule.py:3373] [fused_group_bmm][steps] bmm1=6.082 ms split=0.088 ms act_mul=0.401 ms bmm2=2.464 ms
DEBUG 04-24 09:59:32.276947.276947 cuda_h.py:27] end fused_group_bmm cost 9.236 ms
DEBUG 04-24 09:59:32.276254.276254 cuda_h.py:27] end gather_outputs_group_fused_mp cost 0.357 ms
DEBUG 04-24 09:59:32.276303.276303 cuda_h.py:27] end gather_outputs_group_fused_mp cost 0.293 ms
DEBUG 04-24 09:59:32.276025.276025 cuda_h.py:27] end cpu_experts_worker_bmm_or_einsum_3 cost 14.517 ms
DEBUG 04-24 09:59:32.276214.276214 cuda_h.py:27] end cpu_experts_worker_bmm_or_einsum_0 cost 14.545 ms
DEBUG 04-24 09:59:32.279059.279059 cuda_h.py:27] end prepare_group_stack cost 16.284 ms
DEBUG 04-24 09:59:32.294920.294920 cuda_h.py:27] end group stack cost 14.313 ms
DEBUG 04-24 09:59:32.294646.294646 cuda_h.py:27] end move_flatidxs_group_fused_mp cost 30.863 ms
DEBUG 04-24 09:59:32.294907.294907 cuda_h.py:27] end get_fused_experts_names_w cost 0.020 ms
DEBUG 04-24 09:59:32.294760.294760 cuda_h.py:27] end restore_fused_tensors cost 0.384 ms
DEBUG 04-24 09:59:32.294226.294226 cuda_h.py:27] end group_fused_tensors_mp cost 0.645 ms
DEBUG 04-24 09:59:32.300396.300396 mlpmodule.py:3373] [fused_group_bmm][steps] bmm1=3.302 ms split=0.086 ms act_mul=0.253 ms bmm2=1.899 ms
DEBUG 04-24 09:59:32.300594.300594 cuda_h.py:27] end fused_group_bmm cost 5.749 ms
DEBUG 04-24 09:59:32.301384.301384 cuda_h.py:27] end gather_outputs_group_fused_mp cost 0.395 ms
DEBUG 04-24 09:59:32.301000.301000 cuda_h.py:27] end cpu_experts_worker_bmm_or_einsum_2 cost 39.284 ms
DEBUG 04-24 09:59:32.303664.303664 cuda_h.py:27] end cpu_thread_manager_mp_wait_fused cost 41.287 ms
DEBUG 04-24 09:59:32.303073.303073 cuda_h.py:27] end *single cpu experts* cost 43.250 ms
DEBUG 04-24 09:59:32.305080.305080 sllm_store_c.py:27] get device uuid map
DEBUG 04-24 09:59:32.305965.305965 sllm_store_c.py:29] call client load into gpu
DEBUG 04-24 09:59:32.307997.307997 cuda_h.py:27] end load_into_gpu_async_fused_experts_dual cost 2.860 ms
DEBUG 04-24 09:59:32.308215.308215 cuda_h.py:27] end restore_tensors2_fused_experts_packed cost 0.107 ms
DEBUG 04-24 09:59:32.308823.308823 cuda_h.py:27] end restore_tensors2_fused_experts_slices cost 0.406 ms
DEBUG 04-24 09:59:32.308715.308715 cuda_h.py:27] end allocate_experts_cuda_memory_and_restore_model_multi_device_fused cost 5.258 ms
DEBUG 04-24 09:59:32.308965.308965 cuda_h.py:27] end gpu_sexperts cost 0.007 ms
DEBUG 04-24 09:59:32.308259.308259 cuda_h.py:27] end wait_load_qkvogn_s_weight cost 0.028 ms
DEBUG 04-24 09:59:32.321932.321932 cuda_h.py:27] end prepare_per_device_parameters cost 12.331 ms
DEBUG 04-24 09:59:32.325503.325503 cuda_h.py:27] end wait_experts_multi_device cost 4.307 ms
DEBUG 04-24 09:59:32.325975.325975 cuda_h.py:27] end *before fused experts* cost 22.351 ms
DEBUG 04-24 09:59:32.330956.330956 cuda_h.py:27] end gpu_experts_multi_device_fused cost 5.101 ms
DEBUG 04-24 09:59:32.331495.331495 cuda_h.py:27] end *gpu experts* cost 27.581 ms
DEBUG 04-24 09:59:32.331140.331140 cuda_h.py:27] end layer_moe_generate_mp_multi_device_fused_l_24 cost 72.402 ms
DEBUG 04-24 09:59:32.332562.332562 cuda_h.py:27] end *mlp cost 74.118 ms
DEBUG 04-24 09:59:32.332215.332215 cuda_h.py:27] end prefill_layer cost 79.039 ms
DEBUG 04-24 09:59:32.333892.333892 lmp.py:320] -------------------------------- end prefill layer 23 --------------------------------
DEBUG 04-24 09:59:32.333225.333225 lmp.py:273] -------------------------------- start prefill layer 24 --------------------------------
DEBUG 04-24 09:59:32.333997.333997 cuda_h.py:27] end start_load_qkvogn_s_weight_l_25 cost 0.067 ms
DEBUG 04-24 09:59:32.333011.333011 cuda_h.py:27] end allocate_cuda_memory cost 0.251 ms
DEBUG 04-24 09:59:32.333325.333325 sllm_store_c.py:27] get device uuid map
DEBUG 04-24 09:59:32.334274.334274 sllm_store_c.py:29] call client load into gpu
DEBUG 04-24 09:59:32.336295.336295 cuda_h.py:27] end **self_attn cost 1.698 ms
DEBUG 04-24 09:59:32.336196.336196 cuda_h.py:27] end load_into_gpu_async cost 2.495 ms
DEBUG 04-24 09:59:32.336300.336300 cuda_h.py:27] end *iln_self_attn_paln cost 3.589 ms
DEBUG 04-24 09:59:32.336882.336882 cuda_h.py:27] end restore_tensors2 cost 0.114 ms
DEBUG 04-24 09:59:32.337987.337987 cuda_h.py:27] end allocate_cuda_memory_and_load_into_gpu cost 3.964 ms
DEBUG 04-24 09:59:32.338787.338787 cuda_h.py:27] end gate cost 0.971 ms
DEBUG 04-24 09:59:32.338701.338701 cuda_h.py:27] end experts_map_get cost 0.433 ms
DEBUG 04-24 09:59:32.338133.338133 cuda_h.py:27] end *before experts start* cost 1.633 ms
DEBUG 04-24 09:59:32.338354.338354 cuda_h.py:27] end cpu_experts_submit_fused_mp cost 0.227 ms
DEBUG 04-24 09:59:32.342735.342735 cuda_h.py:27] end prepare_group_stack cost 0.563 ms
DEBUG 04-24 09:59:32.342090.342090 cuda_h.py:27] end prepare_group_stack cost 0.633 ms
DEBUG 04-24 09:59:32.343873.343873 cuda_h.py:27] end prepare_group_stack cost 0.470 ms
DEBUG 04-24 09:59:32.343511.343511 cuda_h.py:27] end prepare_group_stack cost 0.619 ms
DEBUG 04-24 09:59:32.343789.343789 cuda_h.py:27] end group stack cost 1.427 ms
DEBUG 04-24 09:59:32.343106.343106 cuda_h.py:27] end group stack cost 1.476 ms
DEBUG 04-24 09:59:32.344323.344323 cuda_h.py:27] end move_flatidxs_group_fused_mp cost 2.549 ms
DEBUG 04-24 09:59:32.344417.344417 cuda_h.py:27] end move_flatidxs_group_fused_mp cost 2.525 ms
DEBUG 04-24 09:59:32.344221.344221 cuda_h.py:27] end get_fused_experts_names_w cost 0.027 ms
DEBUG 04-24 09:59:32.344069.344069 cuda_h.py:27] end get_fused_experts_names_w cost 0.034 ms
DEBUG 04-24 09:59:32.344303.344303 cuda_h.py:27] end group stack cost 1.214 ms
DEBUG 04-24 09:59:32.344366.344366 cuda_h.py:27] end move_flatidxs_group_fused_mp cost 2.160 ms
DEBUG 04-24 09:59:32.344139.344139 cuda_h.py:27] end get_fused_experts_names_w cost 0.031 ms
DEBUG 04-24 09:59:32.345411.345411 cuda_h.py:27] end restore_fused_tensors cost 0.842 ms
DEBUG 04-24 09:59:32.345158.345158 cuda_h.py:27] end group stack cost 1.567 ms
DEBUG 04-24 09:59:32.345454.345454 cuda_h.py:27] end group_fused_tensors_mp cost 1.045 ms
DEBUG 04-24 09:59:32.345437.345437 cuda_h.py:27] end move_flatidxs_group_fused_mp cost 2.818 ms
DEBUG 04-24 09:59:32.345013.345013 cuda_h.py:27] end restore_fused_tensors cost 1.031 ms
DEBUG 04-24 09:59:32.345896.345896 cuda_h.py:27] end group_fused_tensors_mp cost 1.422 ms
DEBUG 04-24 09:59:32.345995.345995 cuda_h.py:27] end restore2model cost 1.063 ms
DEBUG 04-24 09:59:32.345970.345970 cuda_h.py:27] end get_fused_experts_names_w cost 0.036 ms
DEBUG 04-24 09:59:32.345019.345019 cuda_h.py:27] end sllm_worker_task cost 12.629 ms
DEBUG 04-24 09:59:32.345164.345164 cuda_h.py:27] end restore_fused_tensors cost 0.823 ms
DEBUG 04-24 09:59:32.346199.346199 cuda_h.py:27] end group_fused_tensors_mp cost 1.238 ms
DEBUG 04-24 09:59:32.347642.347642 cuda_h.py:27] end restore_fused_tensors cost 1.363 ms
DEBUG 04-24 09:59:32.347219.347219 cuda_h.py:27] end group_fused_tensors_mp cost 1.719 ms
DEBUG 04-24 09:59:32.356131.356131 mlpmodule.py:3373] [fused_group_bmm][steps] bmm1=7.565 ms split=0.143 ms act_mul=0.399 ms bmm2=2.503 ms
DEBUG 04-24 09:59:32.357311.357311 cuda_h.py:27] end fused_group_bmm cost 10.882 ms
DEBUG 04-24 09:59:32.357725.357725 cuda_h.py:27] end gather_outputs_group_fused_mp cost 0.637 ms
DEBUG 04-24 09:59:32.358715.358715 cuda_h.py:27] end cpu_experts_worker_bmm_or_einsum_2 cost 17.064 ms
DEBUG 04-24 09:59:32.358622.358622 mlpmodule.py:3373] [fused_group_bmm][steps] bmm1=6.744 ms split=0.072 ms act_mul=0.279 ms bmm2=3.596 ms
DEBUG 04-24 09:59:32.359856.359856 cuda_h.py:27] end fused_group_bmm cost 10.976 ms
DEBUG 04-24 09:59:32.359992.359992 mlpmodule.py:3373] [fused_group_bmm][steps] bmm1=9.022 ms split=0.083 ms act_mul=0.287 ms bmm2=4.121 ms
DEBUG 04-24 09:59:32.359037.359037 mlpmodule.py:3373] [fused_group_bmm][steps] bmm1=8.575 ms split=0.089 ms act_mul=0.463 ms bmm2=3.953 ms
DEBUG 04-24 09:59:32.359375.359375 cuda_h.py:27] end fused_group_bmm cost 13.895 ms
DEBUG 04-24 09:59:32.359316.359316 cuda_h.py:27] end fused_group_bmm cost 13.529 ms
DEBUG 04-24 09:59:32.359790.359790 cuda_h.py:27] end gather_outputs_group_fused_mp cost 0.556 ms
DEBUG 04-24 09:59:32.359242.359242 cuda_h.py:27] end gather_outputs_group_fused_mp cost 0.342 ms
DEBUG 04-24 09:59:32.360857.360857 cuda_h.py:27] end gather_outputs_group_fused_mp cost 0.373 ms
DEBUG 04-24 09:59:32.360310.360310 cuda_h.py:27] end cpu_experts_worker_bmm_or_einsum_3 cost 18.779 ms
DEBUG 04-24 09:59:32.360603.360603 cuda_h.py:27] end cpu_experts_worker_bmm_or_einsum_1 cost 19.757 ms
DEBUG 04-24 09:59:32.360215.360215 cuda_h.py:27] end cpu_experts_worker_bmm_or_einsum_0 cost 20.052 ms
DEBUG 04-24 09:59:32.362460.362460 cuda_h.py:27] end cpu_thread_manager_mp_wait_fused cost 21.562 ms
DEBUG 04-24 09:59:32.362583.362583 cuda_h.py:27] end *single cpu experts* cost 23.675 ms
DEBUG 04-24 09:59:32.363997.363997 sllm_store_c.py:27] get device uuid map
DEBUG 04-24 09:59:32.363206.363206 sllm_store_c.py:29] call client load into gpu
DEBUG 04-24 09:59:32.366862.366862 cuda_h.py:27] end load_into_gpu_async_fused_experts_dual cost 2.560 ms
DEBUG 04-24 09:59:32.366344.366344 cuda_h.py:27] end restore_tensors2_fused_experts_packed cost 0.074 ms
DEBUG 04-24 09:59:32.366292.366292 cuda_h.py:27] end restore_tensors2_fused_experts_slices cost 0.286 ms
DEBUG 04-24 09:59:32.366877.366877 cuda_h.py:27] end allocate_experts_cuda_memory_and_restore_model_multi_device_fused cost 4.376 ms
DEBUG 04-24 09:59:32.366611.366611 cuda_h.py:27] end gpu_sexperts cost 0.005 ms
DEBUG 04-24 09:59:32.367778.367778 cuda_h.py:27] end wait_load_qkvogn_s_weight cost 0.018 ms
DEBUG 04-24 09:59:32.379769.379769 cuda_h.py:27] end prepare_per_device_parameters cost 12.650 ms
DEBUG 04-24 09:59:32.382760.382760 cuda_h.py:27] end wait_experts_multi_device cost 2.242 ms
DEBUG 04-24 09:59:32.382219.382219 cuda_h.py:27] end *before fused experts* cost 19.733 ms
DEBUG 04-24 09:59:32.387669.387669 cuda_h.py:27] end gpu_experts_multi_device_fused cost 5.683 ms
DEBUG 04-24 09:59:32.388853.388853 cuda_h.py:27] end *gpu experts* cost 25.606 ms
DEBUG 04-24 09:59:32.388247.388247 cuda_h.py:27] end layer_moe_generate_mp_multi_device_fused_l_25 cost 51.119 ms
DEBUG 04-24 09:59:32.389598.389598 cuda_h.py:27] end *mlp cost 52.670 ms
DEBUG 04-24 09:59:32.389033.389033 cuda_h.py:27] end prefill_layer cost 56.773 ms
DEBUG 04-24 09:59:32.389849.389849 lmp.py:320] -------------------------------- end prefill layer 24 --------------------------------
DEBUG 04-24 09:59:32.389658.389658 lmp.py:273] -------------------------------- start prefill layer 25 --------------------------------
DEBUG 04-24 09:59:32.390423.390423 cuda_h.py:27] end start_load_qkvogn_s_weight_l_26 cost 0.061 ms
DEBUG 04-24 09:59:32.390059.390059 cuda_h.py:27] end allocate_cuda_memory cost 0.243 ms
DEBUG 04-24 09:59:32.390855.390855 sllm_store_c.py:27] get device uuid map
DEBUG 04-24 09:59:32.390368.390368 sllm_store_c.py:29] call client load into gpu
DEBUG 04-24 09:59:32.392684.392684 cuda_h.py:27] end load_into_gpu_async cost 1.625 ms
DEBUG 04-24 09:59:32.392089.392089 cuda_h.py:27] end restore_tensors2 cost 0.105 ms
DEBUG 04-24 09:59:32.392299.392299 cuda_h.py:27] end allocate_cuda_memory_and_load_into_gpu cost 2.523 ms
DEBUG 04-24 09:59:32.393556.393556 cuda_h.py:27] end **self_attn cost 2.397 ms
DEBUG 04-24 09:59:32.393218.393218 cuda_h.py:27] end *iln_self_attn_paln cost 4.021 ms
DEBUG 04-24 09:59:32.395153.395153 cuda_h.py:27] end gate cost 1.077 ms
DEBUG 04-24 09:59:32.396129.396129 cuda_h.py:27] end experts_map_get cost 1.011 ms
DEBUG 04-24 09:59:32.396631.396631 cuda_h.py:27] end *before experts start* cost 2.548 ms
DEBUG 04-24 09:59:32.396731.396731 cuda_h.py:27] end cpu_experts_submit_fused_mp cost 0.175 ms
DEBUG 04-24 09:59:32.399273.399273 cuda_h.py:27] end prepare_group_stack cost 0.452 ms
DEBUG 04-24 09:59:32.400901.400901 cuda_h.py:27] end prepare_group_stack cost 0.526 ms
DEBUG 04-24 09:59:32.400145.400145 cuda_h.py:27] end prepare_group_stack cost 0.510 ms
DEBUG 04-24 09:59:32.400472.400472 cuda_h.py:27] end prepare_group_stack cost 1.205 ms
DEBUG 04-24 09:59:32.400687.400687 cuda_h.py:27] end group stack cost 0.784 ms
DEBUG 04-24 09:59:32.400930.400930 cuda_h.py:27] end move_flatidxs_group_fused_mp cost 1.524 ms
DEBUG 04-24 09:59:32.401964.401964 cuda_h.py:27] end get_fused_experts_names_w cost 0.018 ms
DEBUG 04-24 09:59:32.401201.401201 cuda_h.py:27] end group stack cost 1.098 ms
DEBUG 04-24 09:59:32.401583.401583 cuda_h.py:27] end move_flatidxs_group_fused_mp cost 1.938 ms
DEBUG 04-24 09:59:32.401538.401538 cuda_h.py:27] end restore_fused_tensors cost 0.486 ms
DEBUG 04-24 09:59:32.401745.401745 cuda_h.py:27] end group stack cost 1.059 ms
DEBUG 04-24 09:59:32.401988.401988 cuda_h.py:27] end group_fused_tensors_mp cost 0.740 ms
DEBUG 04-24 09:59:32.401061.401061 cuda_h.py:27] end get_fused_experts_names_w cost 0.025 ms
DEBUG 04-24 09:59:32.401741.401741 cuda_h.py:27] end restore2model cost 1.107 ms
DEBUG 04-24 09:59:32.401791.401791 cuda_h.py:27] end move_flatidxs_group_fused_mp cost 2.040 ms
DEBUG 04-24 09:59:32.401594.401594 cuda_h.py:27] end group stack cost 1.041 ms
DEBUG 04-24 09:59:32.401950.401950 cuda_h.py:27] end sllm_worker_task cost 11.887 ms
DEBUG 04-24 09:59:32.402342.402342 cuda_h.py:27] end get_fused_experts_names_w cost 0.030 ms
DEBUG 04-24 09:59:32.402323.402323 cuda_h.py:27] end move_flatidxs_group_fused_mp cost 2.708 ms
DEBUG 04-24 09:59:32.402210.402210 cuda_h.py:27] end get_fused_experts_names_w cost 0.029 ms
DEBUG 04-24 09:59:32.403145.403145 cuda_h.py:27] end restore_fused_tensors cost 0.870 ms
DEBUG 04-24 09:59:32.403871.403871 cuda_h.py:27] end group_fused_tensors_mp cost 1.196 ms
DEBUG 04-24 09:59:32.403124.403124 cuda_h.py:27] end restore_fused_tensors cost 0.789 ms
DEBUG 04-24 09:59:32.403431.403431 cuda_h.py:27] end restore_fused_tensors cost 1.310 ms
DEBUG 04-24 09:59:32.403111.403111 cuda_h.py:27] end group_fused_tensors_mp cost 1.225 ms
DEBUG 04-24 09:59:32.403867.403867 cuda_h.py:27] end group_fused_tensors_mp cost 1.743 ms
DEBUG 04-24 09:59:32.411755.411755 mlpmodule.py:3373] [fused_group_bmm][steps] bmm1=7.017 ms split=0.159 ms act_mul=0.339 ms bmm2=2.397 ms
DEBUG 04-24 09:59:32.412068.412068 cuda_h.py:27] end fused_group_bmm cost 10.197 ms
DEBUG 04-24 09:59:32.412458.412458 cuda_h.py:27] end gather_outputs_group_fused_mp cost 0.520 ms
DEBUG 04-24 09:59:32.413627.413627 cuda_h.py:27] end cpu_experts_worker_bmm_or_einsum_1 cost 14.867 ms
DEBUG 04-24 09:59:32.414568.414568 mlpmodule.py:3373] [fused_group_bmm][steps] bmm1=7.149 ms split=0.238 ms act_mul=0.459 ms bmm2=3.193 ms
DEBUG 04-24 09:59:32.414741.414741 cuda_h.py:27] end fused_group_bmm cost 11.307 ms
DEBUG 04-24 09:59:32.414679.414679 mlpmodule.py:3373] [fused_group_bmm][steps] bmm1=7.603 ms split=0.100 ms act_mul=0.400 ms bmm2=3.344 ms
DEBUG 04-24 09:59:32.414039.414039 mlpmodule.py:3373] [fused_group_bmm][steps] bmm1=8.241 ms split=0.105 ms act_mul=0.327 ms bmm2=2.233 ms
DEBUG 04-24 09:59:32.415192.415192 cuda_h.py:27] end fused_group_bmm cost 11.789 ms
DEBUG 04-24 09:59:32.415451.415451 cuda_h.py:27] end fused_group_bmm cost 11.160 ms
DEBUG 04-24 09:59:32.415420.415420 cuda_h.py:27] end gather_outputs_group_fused_mp cost 0.353 ms
DEBUG 04-24 09:59:32.415614.415614 cuda_h.py:27] end gather_outputs_group_fused_mp cost 0.547 ms
DEBUG 04-24 09:59:32.415111.415111 cuda_h.py:27] end gather_outputs_group_fused_mp cost 0.414 ms
DEBUG 04-24 09:59:32.415575.415575 cuda_h.py:27] end cpu_experts_worker_bmm_or_einsum_0 cost 16.591 ms
DEBUG 04-24 09:59:32.416090.416090 cuda_h.py:27] end cpu_experts_worker_bmm_or_einsum_3 cost 16.789 ms
DEBUG 04-24 09:59:32.416259.416259 cuda_h.py:27] end cpu_experts_worker_bmm_or_einsum_2 cost 17.684 ms
DEBUG 04-24 09:59:32.417284.417284 cuda_h.py:27] end cpu_thread_manager_mp_wait_fused cost 19.303 ms
DEBUG 04-24 09:59:32.418793.418793 cuda_h.py:27] end *single cpu experts* cost 21.389 ms
DEBUG 04-24 09:59:32.419844.419844 sllm_store_c.py:27] get device uuid map
DEBUG 04-24 09:59:32.419458.419458 sllm_store_c.py:29] call client load into gpu
DEBUG 04-24 09:59:32.422386.422386 cuda_h.py:27] end load_into_gpu_async_fused_experts_dual cost 2.763 ms
DEBUG 04-24 09:59:32.422028.422028 cuda_h.py:27] end restore_tensors2_fused_experts_packed cost 0.105 ms
DEBUG 04-24 09:59:32.423164.423164 cuda_h.py:27] end restore_tensors2_fused_experts_slices cost 0.397 ms
DEBUG 04-24 09:59:32.423155.423155 cuda_h.py:27] end allocate_experts_cuda_memory_and_restore_model_multi_device_fused cost 5.223 ms
DEBUG 04-24 09:59:32.423021.423021 cuda_h.py:27] end gpu_sexperts cost 0.007 ms
DEBUG 04-24 09:59:32.423730.423730 cuda_h.py:27] end wait_load_qkvogn_s_weight cost 0.029 ms
DEBUG 04-24 09:59:32.435110.435110 cuda_h.py:27] end prepare_per_device_parameters cost 11.774 ms
DEBUG 04-24 09:59:32.437529.437529 cuda_h.py:27] end wait_experts_multi_device cost 1.341 ms
DEBUG 04-24 09:59:32.437624.437624 cuda_h.py:27] end *before fused experts* cost 19.030 ms
DEBUG 04-24 09:59:32.442750.442750 cuda_h.py:27] end gpu_experts_multi_device_fused cost 5.101 ms
DEBUG 04-24 09:59:32.442342.442342 cuda_h.py:27] end *gpu experts* cost 24.265 ms
DEBUG 04-24 09:59:32.442001.442001 cuda_h.py:27] end layer_moe_generate_mp_multi_device_fused_l_26 cost 48.396 ms
DEBUG 04-24 09:59:32.444979.444979 cuda_h.py:27] end *mlp cost 50.103 ms
DEBUG 04-24 09:59:32.444506.444506 cuda_h.py:27] end prefill_layer cost 54.415 ms
DEBUG 04-24 09:59:32.444852.444852 lmp.py:320] -------------------------------- end prefill layer 25 --------------------------------
DEBUG 04-24 09:59:32.444330.444330 lmp.py:273] -------------------------------- start prefill layer 26 --------------------------------
DEBUG 04-24 09:59:32.444006.444006 cuda_h.py:27] end start_load_qkvogn_s_weight_l_27 cost 0.070 ms
DEBUG 04-24 09:59:32.445259.445259 cuda_h.py:27] end allocate_cuda_memory cost 0.408 ms
DEBUG 04-24 09:59:32.445899.445899 sllm_store_c.py:27] get device uuid map
DEBUG 04-24 09:59:32.445434.445434 sllm_store_c.py:29] call client load into gpu
DEBUG 04-24 09:59:32.448539.448539 cuda_h.py:27] end load_into_gpu_async cost 2.286 ms
DEBUG 04-24 09:59:32.448310.448310 cuda_h.py:27] end restore_tensors2 cost 0.139 ms
DEBUG 04-24 09:59:32.448098.448098 cuda_h.py:27] end allocate_cuda_memory_and_load_into_gpu cost 3.637 ms
DEBUG 04-24 09:59:32.449335.449335 cuda_h.py:27] end **self_attn cost 2.600 ms
DEBUG 04-24 09:59:32.449347.449347 cuda_h.py:27] end *iln_self_attn_paln cost 4.713 ms
DEBUG 04-24 09:59:32.450726.450726 cuda_h.py:27] end gate cost 0.731 ms
DEBUG 04-24 09:59:32.450353.450353 cuda_h.py:27] end experts_map_get cost 0.426 ms
DEBUG 04-24 09:59:32.450494.450494 cuda_h.py:27] end *before experts start* cost 1.346 ms
DEBUG 04-24 09:59:32.451504.451504 cuda_h.py:27] end cpu_experts_submit_fused_mp cost 0.237 ms
DEBUG 04-24 09:59:32.453675.453675 cuda_h.py:27] end prepare_group_stack cost 0.450 ms
DEBUG 04-24 09:59:32.454472.454472 cuda_h.py:27] end prepare_group_stack cost 0.433 ms
DEBUG 04-24 09:59:32.454075.454075 cuda_h.py:27] end prepare_group_stack cost 0.464 ms
DEBUG 04-24 09:59:32.454812.454812 cuda_h.py:27] end group stack cost 0.833 ms
DEBUG 04-24 09:59:32.454049.454049 cuda_h.py:27] end move_flatidxs_group_fused_mp cost 1.550 ms
DEBUG 04-24 09:59:32.455774.455774 cuda_h.py:27] end prepare_group_stack cost 0.505 ms
DEBUG 04-24 09:59:32.455509.455509 cuda_h.py:27] end get_fused_experts_names_w cost 0.019 ms
DEBUG 04-24 09:59:32.455607.455607 cuda_h.py:27] end group stack cost 0.970 ms
DEBUG 04-24 09:59:32.455795.455795 cuda_h.py:27] end restore_fused_tensors cost 0.581 ms
DEBUG 04-24 09:59:32.455168.455168 cuda_h.py:27] end move_flatidxs_group_fused_mp cost 1.669 ms
DEBUG 04-24 09:59:32.456494.456494 cuda_h.py:27] end group_fused_tensors_mp cost 0.748 ms
DEBUG 04-24 09:59:32.456970.456970 cuda_h.py:27] end group stack cost 1.265 ms
DEBUG 04-24 09:59:32.456204.456204 cuda_h.py:27] end get_fused_experts_names_w cost 0.028 ms
DEBUG 04-24 09:59:32.456800.456800 cuda_h.py:27] end group stack cost 0.979 ms
DEBUG 04-24 09:59:32.456823.456823 cuda_h.py:27] end move_flatidxs_group_fused_mp cost 2.055 ms
DEBUG 04-24 09:59:32.456008.456008 cuda_h.py:27] end move_flatidxs_group_fused_mp cost 1.971 ms
DEBUG 04-24 09:59:32.456505.456505 cuda_h.py:27] end get_fused_experts_names_w cost 0.031 ms
DEBUG 04-24 09:59:32.456281.456281 cuda_h.py:27] end get_fused_experts_names_w cost 0.028 ms
DEBUG 04-24 09:59:32.456040.456040 cuda_h.py:27] end restore_fused_tensors cost 0.588 ms
DEBUG 04-24 09:59:32.456356.456356 cuda_h.py:27] end restore2model cost 1.328 ms
DEBUG 04-24 09:59:32.456480.456480 cuda_h.py:27] end group_fused_tensors_mp cost 0.763 ms
DEBUG 04-24 09:59:32.457600.457600 cuda_h.py:27] end sllm_worker_task cost 12.088 ms
DEBUG 04-24 09:59:32.457751.457751 cuda_h.py:27] end restore_fused_tensors cost 0.741 ms
DEBUG 04-24 09:59:32.457450.457450 cuda_h.py:27] end group_fused_tensors_mp cost 0.930 ms
DEBUG 04-24 09:59:32.458091.458091 cuda_h.py:27] end restore_fused_tensors cost 1.259 ms
DEBUG 04-24 09:59:32.458841.458841 cuda_h.py:27] end group_fused_tensors_mp cost 1.752 ms
DEBUG 04-24 09:59:32.468342.468342 mlpmodule.py:3373] [fused_group_bmm][steps] bmm1=8.026 ms split=0.112 ms act_mul=0.337 ms bmm2=3.464 ms
DEBUG 04-24 09:59:32.468027.468027 mlpmodule.py:3373] [fused_group_bmm][steps] bmm1=6.367 ms split=0.091 ms act_mul=0.300 ms bmm2=2.818 ms
DEBUG 04-24 09:59:32.468198.468198 cuda_h.py:27] end fused_group_bmm cost 12.225 ms
DEBUG 04-24 09:59:32.468556.468556 cuda_h.py:27] end fused_group_bmm cost 9.787 ms
DEBUG 04-24 09:59:32.469679.469679 cuda_h.py:27] end gather_outputs_group_fused_mp cost 0.486 ms
DEBUG 04-24 09:59:32.469144.469144 cuda_h.py:27] end gather_outputs_group_fused_mp cost 0.490 ms
DEBUG 04-24 09:59:32.469871.469871 cuda_h.py:27] end cpu_experts_worker_bmm_or_einsum_3 cost 16.043 ms
DEBUG 04-24 09:59:32.469489.469489 cuda_h.py:27] end cpu_experts_worker_bmm_or_einsum_1 cost 17.368 ms
DEBUG 04-24 09:59:32.469579.469579 mlpmodule.py:3373] [fused_group_bmm][steps] bmm1=8.521 ms split=0.121 ms act_mul=0.375 ms bmm2=3.660 ms
DEBUG 04-24 09:59:32.470211.470211 cuda_h.py:27] end fused_group_bmm cost 12.994 ms
DEBUG 04-24 09:59:32.470200.470200 mlpmodule.py:3373] [fused_group_bmm][steps] bmm1=8.208 ms split=0.125 ms act_mul=0.425 ms bmm2=3.570 ms
DEBUG 04-24 09:59:32.470376.470376 cuda_h.py:27] end fused_group_bmm cost 12.664 ms
DEBUG 04-24 09:59:32.470107.470107 cuda_h.py:27] end gather_outputs_group_fused_mp cost 0.469 ms
DEBUG 04-24 09:59:32.471256.471256 cuda_h.py:27] end gather_outputs_group_fused_mp cost 0.403 ms
DEBUG 04-24 09:59:32.471752.471752 cuda_h.py:27] end cpu_experts_worker_bmm_or_einsum_2 cost 17.809 ms
DEBUG 04-24 09:59:32.471915.471915 cuda_h.py:27] end cpu_experts_worker_bmm_or_einsum_0 cost 17.309 ms
DEBUG 04-24 09:59:32.472154.472154 cuda_h.py:27] end cpu_thread_manager_mp_wait_fused cost 19.659 ms
DEBUG 04-24 09:59:32.472385.472385 cuda_h.py:27] end *single cpu experts* cost 21.998 ms
DEBUG 04-24 09:59:32.474423.474423 sllm_store_c.py:27] get device uuid map
DEBUG 04-24 09:59:32.474414.474414 sllm_store_c.py:29] call client load into gpu
DEBUG 04-24 09:59:32.477855.477855 cuda_h.py:27] end load_into_gpu_async_fused_experts_dual cost 2.823 ms
DEBUG 04-24 09:59:32.477106.477106 cuda_h.py:27] end restore_tensors2_fused_experts_packed cost 0.101 ms
DEBUG 04-24 09:59:32.478838.478838 cuda_h.py:27] end restore_tensors2_fused_experts_slices cost 0.378 ms
DEBUG 04-24 09:59:32.478571.478571 cuda_h.py:27] end allocate_experts_cuda_memory_and_restore_model_multi_device_fused cost 5.123 ms
DEBUG 04-24 09:59:32.478738.478738 cuda_h.py:27] end gpu_sexperts cost 0.007 ms
DEBUG 04-24 09:59:32.478685.478685 cuda_h.py:27] end wait_load_qkvogn_s_weight cost 0.027 ms
DEBUG 04-24 09:59:32.491163.491163 cuda_h.py:27] end prepare_per_device_parameters cost 12.943 ms
DEBUG 04-24 09:59:32.493886.493886 cuda_h.py:27] end wait_experts_multi_device cost 1.316 ms
DEBUG 04-24 09:59:32.493902.493902 cuda_h.py:27] end *before fused experts* cost 20.159 ms
DEBUG 04-24 09:59:32.499173.499173 cuda_h.py:27] end gpu_experts_multi_device_fused cost 6.151 ms
DEBUG 04-24 09:59:32.499580.499580 cuda_h.py:27] end *gpu experts* cost 26.769 ms
DEBUG 04-24 09:59:32.500491.500491 cuda_h.py:27] end layer_moe_generate_mp_multi_device_fused_l_27 cost 50.492 ms
DEBUG 04-24 09:59:32.501099.501099 cuda_h.py:27] end *mlp cost 52.038 ms
DEBUG 04-24 09:59:32.501335.501335 cuda_h.py:27] end prefill_layer cost 57.304 ms
DEBUG 04-24 09:59:32.501702.501702 lmp.py:320] -------------------------------- end prefill layer 26 --------------------------------
DEBUG 04-24 09:59:32.501895.501895 lmp.py:273] -------------------------------- start prefill layer 27 --------------------------------
DEBUG 04-24 09:59:32.502326.502326 cuda_h.py:27] end start_load_qkvogn_s_weight_l_28 cost 0.072 ms
DEBUG 04-24 09:59:32.502965.502965 cuda_h.py:27] end allocate_cuda_memory cost 0.437 ms
DEBUG 04-24 09:59:32.503552.503552 sllm_store_c.py:27] get device uuid map
DEBUG 04-24 09:59:32.503192.503192 sllm_store_c.py:29] call client load into gpu
DEBUG 04-24 09:59:32.505036.505036 cuda_h.py:27] end load_into_gpu_async cost 2.392 ms
DEBUG 04-24 09:59:32.505158.505158 cuda_h.py:27] end restore_tensors2 cost 0.139 ms
DEBUG 04-24 09:59:32.506495.506495 cuda_h.py:27] end **self_attn cost 2.164 ms
DEBUG 04-24 09:59:32.506034.506034 cuda_h.py:27] end allocate_cuda_memory_and_load_into_gpu cost 3.786 ms
DEBUG 04-24 09:59:32.506887.506887 cuda_h.py:27] end *iln_self_attn_paln cost 4.553 ms
DEBUG 04-24 09:59:32.507480.507480 cuda_h.py:27] end gate cost 0.740 ms
DEBUG 04-24 09:59:32.508691.508691 cuda_h.py:27] end experts_map_get cost 0.452 ms
DEBUG 04-24 09:59:32.508177.508177 cuda_h.py:27] end *before experts start* cost 1.427 ms
DEBUG 04-24 09:59:32.508935.508935 cuda_h.py:27] end cpu_experts_submit_fused_mp cost 0.233 ms
DEBUG 04-24 09:59:32.511365.511365 cuda_h.py:27] end prepare_group_stack cost 0.474 ms
DEBUG 04-24 09:59:32.511620.511620 cuda_h.py:27] end prepare_group_stack cost 0.490 ms
DEBUG 04-24 09:59:32.511487.511487 cuda_h.py:27] end prepare_group_stack cost 0.390 ms
DEBUG 04-24 09:59:32.512911.512911 cuda_h.py:27] end prepare_group_stack cost 0.487 ms
DEBUG 04-24 09:59:32.513100.513100 cuda_h.py:27] end group stack cost 1.273 ms
DEBUG 04-24 09:59:32.513797.513797 cuda_h.py:27] end group stack cost 0.935 ms
DEBUG 04-24 09:59:32.513255.513255 cuda_h.py:27] end group stack cost 1.235 ms
DEBUG 04-24 09:59:32.513814.513814 cuda_h.py:27] end move_flatidxs_group_fused_mp cost 1.668 ms
DEBUG 04-24 09:59:32.513237.513237 cuda_h.py:27] end move_flatidxs_group_fused_mp cost 2.013 ms
DEBUG 04-24 09:59:32.513797.513797 cuda_h.py:27] end move_flatidxs_group_fused_mp cost 2.052 ms
DEBUG 04-24 09:59:32.513153.513153 cuda_h.py:27] end get_fused_experts_names_w cost 0.017 ms
DEBUG 04-24 09:59:32.513432.513432 cuda_h.py:27] end get_fused_experts_names_w cost 0.026 ms
DEBUG 04-24 09:59:32.513698.513698 cuda_h.py:27] end get_fused_experts_names_w cost 0.029 ms
DEBUG 04-24 09:59:32.513347.513347 cuda_h.py:27] end group stack cost 1.063 ms
DEBUG 04-24 09:59:32.513275.513275 cuda_h.py:27] end move_flatidxs_group_fused_mp cost 2.081 ms
DEBUG 04-24 09:59:32.513698.513698 cuda_h.py:27] end get_fused_experts_names_w cost 0.028 ms
DEBUG 04-24 09:59:32.514192.514192 cuda_h.py:27] end restore_fused_tensors cost 0.512 ms
DEBUG 04-24 09:59:32.514757.514757 cuda_h.py:27] end group_fused_tensors_mp cost 0.640 ms
DEBUG 04-24 09:59:32.514485.514485 cuda_h.py:27] end restore_fused_tensors cost 0.814 ms
DEBUG 04-24 09:59:32.514260.514260 cuda_h.py:27] end restore_fused_tensors cost 0.813 ms
DEBUG 04-24 09:59:32.514753.514753 cuda_h.py:27] end group_fused_tensors_mp cost 1.109 ms
DEBUG 04-24 09:59:32.514674.514674 cuda_h.py:27] end group_fused_tensors_mp cost 1.104 ms
DEBUG 04-24 09:59:32.514097.514097 cuda_h.py:27] end restore_fused_tensors cost 0.678 ms
DEBUG 04-24 09:59:32.514451.514451 cuda_h.py:27] end group_fused_tensors_mp cost 0.974 ms
DEBUG 04-24 09:59:32.514789.514789 cuda_h.py:27] end restore2model cost 1.168 ms
DEBUG 04-24 09:59:32.515374.515374 cuda_h.py:27] end sllm_worker_task cost 12.757 ms
DEBUG 04-24 09:59:32.525517.525517 mlpmodule.py:3373] [fused_group_bmm][steps] bmm1=7.428 ms split=0.118 ms act_mul=0.332 ms bmm2=2.410 ms
DEBUG 04-24 09:59:32.525900.525900 cuda_h.py:27] end fused_group_bmm cost 10.666 ms
DEBUG 04-24 09:59:32.526334.526334 cuda_h.py:27] end gather_outputs_group_fused_mp cost 0.826 ms
DEBUG 04-24 09:59:32.527066.527066 mlpmodule.py:3373] [fused_group_bmm][steps] bmm1=8.122 ms split=0.102 ms act_mul=0.489 ms bmm2=4.337 ms
DEBUG 04-24 09:59:32.527804.527804 cuda_h.py:27] end cpu_experts_worker_bmm_or_einsum_2 cost 16.172 ms
DEBUG 04-24 09:59:32.527995.527995 mlpmodule.py:3373] [fused_group_bmm][steps] bmm1=7.876 ms split=0.079 ms act_mul=0.319 ms bmm2=4.299 ms
DEBUG 04-24 09:59:32.527019.527019 cuda_h.py:27] end fused_group_bmm cost 13.249 ms
DEBUG 04-24 09:59:32.527140.527140 cuda_h.py:27] end fused_group_bmm cost 12.779 ms
DEBUG 04-24 09:59:32.527005.527005 mlpmodule.py:3373] [fused_group_bmm][steps] bmm1=8.124 ms split=0.088 ms act_mul=0.433 ms bmm2=4.006 ms
DEBUG 04-24 09:59:32.527837.527837 cuda_h.py:27] end fused_group_bmm cost 13.014 ms
DEBUG 04-24 09:59:32.527650.527650 cuda_h.py:27] end gather_outputs_group_fused_mp cost 0.409 ms
DEBUG 04-24 09:59:32.528967.528967 cuda_h.py:27] end gather_outputs_group_fused_mp cost 0.338 ms
DEBUG 04-24 09:59:32.528928.528928 cuda_h.py:27] end gather_outputs_group_fused_mp cost 0.363 ms
DEBUG 04-24 09:59:32.528476.528476 cuda_h.py:27] end cpu_experts_worker_bmm_or_einsum_1 cost 17.308 ms
DEBUG 04-24 09:59:32.528464.528464 cuda_h.py:27] end cpu_experts_worker_bmm_or_einsum_3 cost 18.383 ms
DEBUG 04-24 09:59:32.528679.528679 cuda_h.py:27] end cpu_experts_worker_bmm_or_einsum_0 cost 18.656 ms
DEBUG 04-24 09:59:32.530074.530074 cuda_h.py:27] end cpu_thread_manager_mp_wait_fused cost 20.100 ms
DEBUG 04-24 09:59:32.530266.530266 cuda_h.py:27] end *single cpu experts* cost 22.176 ms
DEBUG 04-24 09:59:32.532004.532004 sllm_store_c.py:27] get device uuid map
DEBUG 04-24 09:59:32.532942.532942 sllm_store_c.py:29] call client load into gpu
DEBUG 04-24 09:59:32.534935.534935 cuda_h.py:27] end load_into_gpu_async_fused_experts_dual cost 2.698 ms
DEBUG 04-24 09:59:32.535755.535755 cuda_h.py:27] end restore_tensors2_fused_experts_packed cost 0.102 ms
DEBUG 04-24 09:59:32.535429.535429 cuda_h.py:27] end restore_tensors2_fused_experts_slices cost 0.382 ms
DEBUG 04-24 09:59:32.535626.535626 cuda_h.py:27] end allocate_experts_cuda_memory_and_restore_model_multi_device_fused cost 4.960 ms
DEBUG 04-24 09:59:32.535844.535844 cuda_h.py:27] end gpu_sexperts cost 0.007 ms
DEBUG 04-24 09:59:32.536492.536492 cuda_h.py:27] end wait_load_qkvogn_s_weight cost 0.028 ms
DEBUG 04-24 09:59:32.548023.548023 cuda_h.py:27] end prepare_per_device_parameters cost 12.173 ms
DEBUG 04-24 09:59:32.550413.550413 cuda_h.py:27] end wait_experts_multi_device cost 2.045 ms
DEBUG 04-24 09:59:32.550852.550852 cuda_h.py:27] end *before fused experts* cost 19.854 ms
DEBUG 04-24 09:59:32.556769.556769 cuda_h.py:27] end gpu_experts_multi_device_fused cost 5.577 ms
DEBUG 04-24 09:59:32.556700.556700 cuda_h.py:27] end *gpu experts* cost 25.569 ms
DEBUG 04-24 09:59:32.556220.556220 cuda_h.py:27] end layer_moe_generate_mp_multi_device_fused_l_28 cost 49.561 ms
DEBUG 04-24 09:59:32.557878.557878 cuda_h.py:27] end *mlp cost 51.032 ms
DEBUG 04-24 09:59:32.558730.558730 cuda_h.py:27] end prefill_layer cost 56.197 ms
DEBUG 04-24 09:59:32.558546.558546 lmp.py:320] -------------------------------- end prefill layer 27 --------------------------------
DEBUG 04-24 09:59:32.558746.558746 lmp.py:273] -------------------------------- start prefill layer 28 --------------------------------
DEBUG 04-24 09:59:32.558731.558731 cuda_h.py:27] end start_load_qkvogn_s_weight_l_29 cost 0.085 ms
DEBUG 04-24 09:59:32.559700.559700 cuda_h.py:27] end allocate_cuda_memory cost 0.559 ms
DEBUG 04-24 09:59:32.559694.559694 sllm_store_c.py:27] get device uuid map
DEBUG 04-24 09:59:32.559343.559343 sllm_store_c.py:29] call client load into gpu
DEBUG 04-24 09:59:32.561788.561788 cuda_h.py:27] end load_into_gpu_async cost 1.834 ms
DEBUG 04-24 09:59:32.561874.561874 cuda_h.py:27] end restore_tensors2 cost 0.126 ms
DEBUG 04-24 09:59:32.561447.561447 cuda_h.py:27] end allocate_cuda_memory_and_load_into_gpu cost 3.433 ms
DEBUG 04-24 09:59:32.562483.562483 cuda_h.py:27] end **self_attn cost 2.303 ms
DEBUG 04-24 09:59:32.562375.562375 cuda_h.py:27] end *iln_self_attn_paln cost 4.711 ms
DEBUG 04-24 09:59:32.563575.563575 cuda_h.py:27] end gate cost 0.720 ms
DEBUG 04-24 09:59:32.564130.564130 cuda_h.py:27] end experts_map_get cost 0.437 ms
DEBUG 04-24 09:59:32.564324.564324 cuda_h.py:27] end *before experts start* cost 1.355 ms
DEBUG 04-24 09:59:32.564374.564374 cuda_h.py:27] end cpu_experts_submit_fused_mp cost 0.248 ms
DEBUG 04-24 09:59:32.566458.566458 cuda_h.py:27] end prepare_group_stack cost 0.467 ms
DEBUG 04-24 09:59:32.567305.567305 cuda_h.py:27] end prepare_group_stack cost 0.536 ms
DEBUG 04-24 09:59:32.567467.567467 cuda_h.py:27] end prepare_group_stack cost 0.489 ms
DEBUG 04-24 09:59:32.568758.568758 cuda_h.py:27] end group stack cost 1.098 ms
DEBUG 04-24 09:59:32.568625.568625 cuda_h.py:27] end move_flatidxs_group_fused_mp cost 1.911 ms
DEBUG 04-24 09:59:32.568271.568271 cuda_h.py:27] end group stack cost 1.039 ms
DEBUG 04-24 09:59:32.568684.568684 cuda_h.py:27] end get_fused_experts_names_w cost 0.021 ms
DEBUG 04-24 09:59:32.568156.568156 cuda_h.py:27] end move_flatidxs_group_fused_mp cost 2.030 ms
DEBUG 04-24 09:59:32.568990.568990 cuda_h.py:27] end get_fused_experts_names_w cost 0.023 ms
DEBUG 04-24 09:59:32.568884.568884 cuda_h.py:27] end group stack cost 0.875 ms
DEBUG 04-24 09:59:32.569862.569862 cuda_h.py:27] end move_flatidxs_group_fused_mp cost 1.593 ms
DEBUG 04-24 09:59:32.569619.569619 cuda_h.py:27] end restore_fused_tensors cost 0.572 ms
DEBUG 04-24 09:59:32.569490.569490 cuda_h.py:27] end group_fused_tensors_mp cost 0.759 ms
DEBUG 04-24 09:59:32.569842.569842 cuda_h.py:27] end get_fused_experts_names_w cost 0.025 ms
DEBUG 04-24 09:59:32.569298.569298 cuda_h.py:27] end prepare_group_stack cost 0.575 ms
DEBUG 04-24 09:59:32.569235.569235 cuda_h.py:27] end restore_fused_tensors cost 0.548 ms
DEBUG 04-24 09:59:32.569665.569665 cuda_h.py:27] end group_fused_tensors_mp cost 0.805 ms
DEBUG 04-24 09:59:32.569782.569782 cuda_h.py:27] end restore_fused_tensors cost 0.539 ms
DEBUG 04-24 09:59:32.569567.569567 cuda_h.py:27] end group_fused_tensors_mp cost 0.703 ms
DEBUG 04-24 09:59:32.572488.572488 cuda_h.py:27] end group stack cost 2.903 ms
DEBUG 04-24 09:59:32.573738.573738 cuda_h.py:27] end move_flatidxs_group_fused_mp cost 4.792 ms
DEBUG 04-24 09:59:32.573502.573502 cuda_h.py:27] end restore2model cost 1.259 ms
DEBUG 04-24 09:59:32.573349.573349 cuda_h.py:27] end sllm_worker_task cost 15.549 ms
DEBUG 04-24 09:59:32.573529.573529 cuda_h.py:27] end get_fused_experts_names_w cost 0.096 ms
DEBUG 04-24 09:59:32.575865.575865 cuda_h.py:27] end restore_fused_tensors cost 1.237 ms
DEBUG 04-24 09:59:32.575408.575408 cuda_h.py:27] end group_fused_tensors_mp cost 1.869 ms
DEBUG 04-24 09:59:32.581636.581636 mlpmodule.py:3373] [fused_group_bmm][steps] bmm1=6.774 ms split=0.092 ms act_mul=0.556 ms bmm2=4.016 ms
DEBUG 04-24 09:59:32.581447.581447 mlpmodule.py:3373] [fused_group_bmm][steps] bmm1=7.040 ms split=0.103 ms act_mul=0.353 ms bmm2=4.292 ms
DEBUG 04-24 09:59:32.581669.581669 cuda_h.py:27] end fused_group_bmm cost 11.667 ms
DEBUG 04-24 09:59:32.581923.581923 cuda_h.py:27] end fused_group_bmm cost 11.990 ms
DEBUG 04-24 09:59:32.581255.581255 cuda_h.py:27] end gather_outputs_group_fused_mp cost 0.420 ms
DEBUG 04-24 09:59:32.581275.581275 cuda_h.py:27] end gather_outputs_group_fused_mp cost 0.384 ms
DEBUG 04-24 09:59:32.581267.581267 cuda_h.py:27] end cpu_experts_worker_bmm_or_einsum_3 cost 16.035 ms
DEBUG 04-24 09:59:32.582938.582938 cuda_h.py:27] end cpu_experts_worker_bmm_or_einsum_1 cost 16.270 ms
DEBUG 04-24 09:59:32.582468.582468 mlpmodule.py:3373] [fused_group_bmm][steps] bmm1=9.915 ms split=0.140 ms act_mul=0.489 ms bmm2=2.185 ms
DEBUG 04-24 09:59:32.583868.583868 cuda_h.py:27] end fused_group_bmm cost 13.007 ms
DEBUG 04-24 09:59:32.583207.583207 cuda_h.py:27] end gather_outputs_group_fused_mp cost 0.609 ms
DEBUG 04-24 09:59:32.584208.584208 cuda_h.py:27] end cpu_experts_worker_bmm_or_einsum_2 cost 18.138 ms
DEBUG 04-24 09:59:32.584977.584977 mlpmodule.py:3373] [fused_group_bmm][steps] bmm1=5.148 ms split=0.118 ms act_mul=0.918 ms bmm2=2.226 ms
DEBUG 04-24 09:59:32.584591.584591 cuda_h.py:27] end fused_group_bmm cost 8.784 ms
DEBUG 04-24 09:59:32.585980.585980 cuda_h.py:27] end gather_outputs_group_fused_mp cost 0.361 ms
DEBUG 04-24 09:59:32.585333.585333 cuda_h.py:27] end cpu_experts_worker_bmm_or_einsum_0 cost 18.390 ms
DEBUG 04-24 09:59:32.587362.587362 cuda_h.py:27] end cpu_thread_manager_mp_wait_fused cost 20.735 ms
DEBUG 04-24 09:59:32.587440.587440 cuda_h.py:27] end *single cpu experts* cost 22.807 ms
DEBUG 04-24 09:59:32.588979.588979 sllm_store_c.py:27] get device uuid map
DEBUG 04-24 09:59:32.589487.589487 sllm_store_c.py:29] call client load into gpu
DEBUG 04-24 09:59:32.591741.591741 cuda_h.py:27] end load_into_gpu_async_fused_experts_dual cost 2.783 ms
DEBUG 04-24 09:59:32.591317.591317 cuda_h.py:27] end restore_tensors2_fused_experts_packed cost 0.097 ms
DEBUG 04-24 09:59:32.592982.592982 cuda_h.py:27] end restore_tensors2_fused_experts_slices cost 0.395 ms
DEBUG 04-24 09:59:32.592437.592437 cuda_h.py:27] end allocate_experts_cuda_memory_and_restore_model_multi_device_fused cost 5.035 ms
DEBUG 04-24 09:59:32.592726.592726 cuda_h.py:27] end gpu_sexperts cost 0.007 ms
DEBUG 04-24 09:59:32.592011.592011 cuda_h.py:27] end wait_load_qkvogn_s_weight cost 0.028 ms
DEBUG 04-24 09:59:32.606220.606220 cuda_h.py:27] end prepare_per_device_parameters cost 12.992 ms
DEBUG 04-24 09:59:32.607224.607224 cuda_h.py:27] end wait_experts_multi_device cost 1.217 ms
DEBUG 04-24 09:59:32.607365.607365 cuda_h.py:27] end *before fused experts* cost 19.917 ms
DEBUG 04-24 09:59:32.612701.612701 cuda_h.py:27] end gpu_experts_multi_device_fused cost 5.188 ms
DEBUG 04-24 09:59:32.612670.612670 cuda_h.py:27] end *gpu experts* cost 25.481 ms
DEBUG 04-24 09:59:32.613832.613832 cuda_h.py:27] end layer_moe_generate_mp_multi_device_fused_l_29 cost 50.152 ms
DEBUG 04-24 09:59:32.614412.614412 cuda_h.py:27] end *mlp cost 51.632 ms
DEBUG 04-24 09:59:32.614713.614713 cuda_h.py:27] end prefill_layer cost 56.575 ms
DEBUG 04-24 09:59:32.614053.614053 lmp.py:320] -------------------------------- end prefill layer 28 --------------------------------
DEBUG 04-24 09:59:32.614723.614723 lmp.py:273] -------------------------------- start prefill layer 29 --------------------------------
DEBUG 04-24 09:59:32.617964.617964 cuda_h.py:27] end **self_attn cost 1.904 ms
DEBUG 04-24 09:59:32.617172.617172 cuda_h.py:27] end *iln_self_attn_paln cost 2.508 ms
DEBUG 04-24 09:59:32.618278.618278 cuda_h.py:27] end gate cost 0.644 ms
DEBUG 04-24 09:59:32.618836.618836 cuda_h.py:27] end experts_map_get cost 0.345 ms
DEBUG 04-24 09:59:32.618540.618540 cuda_h.py:27] end *before experts start* cost 1.167 ms
DEBUG 04-24 09:59:32.618567.618567 cuda_h.py:27] end cpu_experts_submit_fused_mp cost 0.196 ms
DEBUG 04-24 09:59:32.620964.620964 cuda_h.py:27] end prepare_group_stack cost 0.465 ms
DEBUG 04-24 09:59:32.621382.621382 cuda_h.py:27] end prepare_group_stack cost 0.483 ms
DEBUG 04-24 09:59:32.622536.622536 cuda_h.py:27] end group stack cost 1.138 ms
DEBUG 04-24 09:59:32.622674.622674 cuda_h.py:27] end prepare_group_stack cost 0.620 ms
DEBUG 04-24 09:59:32.622157.622157 cuda_h.py:27] end move_flatidxs_group_fused_mp cost 1.897 ms
DEBUG 04-24 09:59:32.622071.622071 cuda_h.py:27] end group stack cost 1.058 ms
DEBUG 04-24 09:59:32.622404.622404 cuda_h.py:27] end get_fused_experts_names_w cost 0.029 ms
DEBUG 04-24 09:59:32.622394.622394 cuda_h.py:27] end move_flatidxs_group_fused_mp cost 1.850 ms
DEBUG 04-24 09:59:32.622487.622487 cuda_h.py:27] end prepare_group_stack cost 0.621 ms
DEBUG 04-24 09:59:32.622258.622258 cuda_h.py:27] end get_fused_experts_names_w cost 0.028 ms
DEBUG 04-24 09:59:32.623310.623310 cuda_h.py:27] end restore_fused_tensors cost 0.772 ms
DEBUG 04-24 09:59:32.623078.623078 cuda_h.py:27] end restore_fused_tensors cost 0.709 ms
DEBUG 04-24 09:59:32.623934.623934 cuda_h.py:27] end group_fused_tensors_mp cost 1.233 ms
DEBUG 04-24 09:59:32.623008.623008 cuda_h.py:27] end group_fused_tensors_mp cost 1.077 ms
DEBUG 04-24 09:59:32.623301.623301 cuda_h.py:27] end group stack cost 1.540 ms
DEBUG 04-24 09:59:32.624541.624541 cuda_h.py:27] end move_flatidxs_group_fused_mp cost 2.625 ms
DEBUG 04-24 09:59:32.624277.624277 cuda_h.py:27] end get_fused_experts_names_w cost 0.032 ms
DEBUG 04-24 09:59:32.624164.624164 cuda_h.py:27] end group stack cost 1.909 ms
DEBUG 04-24 09:59:32.624847.624847 cuda_h.py:27] end move_flatidxs_group_fused_mp cost 3.093 ms
DEBUG 04-24 09:59:32.625210.625210 cuda_h.py:27] end get_fused_experts_names_w cost 0.035 ms
DEBUG 04-24 09:59:32.625398.625398 cuda_h.py:27] end restore_fused_tensors cost 0.944 ms
DEBUG 04-24 09:59:32.625713.625713 cuda_h.py:27] end group_fused_tensors_mp cost 1.375 ms
DEBUG 04-24 09:59:32.627539.627539 cuda_h.py:27] end restore_fused_tensors cost 2.096 ms
DEBUG 04-24 09:59:32.628363.628363 cuda_h.py:27] end group_fused_tensors_mp cost 2.818 ms
DEBUG 04-24 09:59:32.634851.634851 mlpmodule.py:3373] [fused_group_bmm][steps] bmm1=5.874 ms split=0.108 ms act_mul=0.331 ms bmm2=4.258 ms
DEBUG 04-24 09:59:32.635859.635859 cuda_h.py:27] end fused_group_bmm cost 10.861 ms
DEBUG 04-24 09:59:32.634225.634225 mlpmodule.py:3373] [fused_group_bmm][steps] bmm1=6.160 ms split=0.091 ms act_mul=0.346 ms bmm2=4.258 ms
DEBUG 04-24 09:59:32.635458.635458 cuda_h.py:27] end fused_group_bmm cost 11.140 ms
DEBUG 04-24 09:59:32.635653.635653 cuda_h.py:27] end gather_outputs_group_fused_mp cost 0.509 ms
DEBUG 04-24 09:59:32.635684.635684 mlpmodule.py:3373] [fused_group_bmm][steps] bmm1=4.803 ms split=0.081 ms act_mul=0.501 ms bmm2=4.176 ms
DEBUG 04-24 09:59:32.635322.635322 cuda_h.py:27] end gather_outputs_group_fused_mp cost 0.427 ms
DEBUG 04-24 09:59:32.635344.635344 cuda_h.py:27] end fused_group_bmm cost 9.935 ms
DEBUG 04-24 09:59:32.636053.636053 cuda_h.py:27] end cpu_experts_worker_bmm_or_einsum_2 cost 15.635 ms
DEBUG 04-24 09:59:32.636465.636465 cuda_h.py:27] end cpu_experts_worker_bmm_or_einsum_0 cost 16.201 ms
DEBUG 04-24 09:59:32.636003.636003 cuda_h.py:27] end gather_outputs_group_fused_mp cost 0.508 ms
DEBUG 04-24 09:59:32.637287.637287 cuda_h.py:27] end cpu_experts_worker_bmm_or_einsum_1 cost 16.024 ms
DEBUG 04-24 09:59:32.639116.639116 mlpmodule.py:3373] [fused_group_bmm][steps] bmm1=7.340 ms split=0.106 ms act_mul=0.305 ms bmm2=2.973 ms
DEBUG 04-24 09:59:32.639560.639560 cuda_h.py:27] end fused_group_bmm cost 10.973 ms
DEBUG 04-24 09:59:32.640891.640891 cuda_h.py:27] end gather_outputs_group_fused_mp cost 0.339 ms
DEBUG 04-24 09:59:32.640130.640130 cuda_h.py:27] end cpu_experts_worker_bmm_or_einsum_3 cost 19.101 ms
DEBUG 04-24 09:59:32.641175.641175 cuda_h.py:27] end cpu_thread_manager_mp_wait_fused cost 21.044 ms
DEBUG 04-24 09:59:32.642537.642537 cuda_h.py:27] end *single cpu experts* cost 23.417 ms
DEBUG 04-24 09:59:32.643031.643031 sllm_store_c.py:27] get device uuid map
DEBUG 04-24 09:59:32.643405.643405 sllm_store_c.py:29] call client load into gpu
DEBUG 04-24 09:59:32.645096.645096 cuda_h.py:27] end load_into_gpu_async_fused_experts_dual cost 2.544 ms
DEBUG 04-24 09:59:32.645214.645214 cuda_h.py:27] end restore_tensors2_fused_experts_packed cost 0.078 ms
DEBUG 04-24 09:59:32.646367.646367 cuda_h.py:27] end restore_tensors2_fused_experts_slices cost 0.304 ms
DEBUG 04-24 09:59:32.646198.646198 cuda_h.py:27] end allocate_experts_cuda_memory_and_restore_model_multi_device_fused cost 4.268 ms
DEBUG 04-24 09:59:32.646581.646581 cuda_h.py:27] end gpu_sexperts cost 0.005 ms
DEBUG 04-24 09:59:32.659881.659881 cuda_h.py:27] end prepare_per_device_parameters cost 13.063 ms
DEBUG 04-24 09:59:32.661619.661619 cuda_h.py:27] end wait_experts_multi_device cost 1.987 ms
DEBUG 04-24 09:59:32.661640.661640 cuda_h.py:27] end *before fused experts* cost 19.666 ms
DEBUG 04-24 09:59:32.666904.666904 cuda_h.py:27] end gpu_experts_multi_device_fused cost 5.056 ms
DEBUG 04-24 09:59:32.666511.666511 cuda_h.py:27] end *gpu experts* cost 24.905 ms
DEBUG 04-24 09:59:32.667786.667786 cuda_h.py:27] end layer_moe_generate_mp_multi_device_fused_l_30 cost 49.662 ms
DEBUG 04-24 09:59:32.668010.668010 cuda_h.py:27] end *mlp cost 51.188 ms
DEBUG 04-24 09:59:32.668677.668677 cuda_h.py:27] end prefill_layer cost 54.000 ms
DEBUG 04-24 09:59:32.668446.668446 lmp.py:320] -------------------------------- end prefill layer 29 --------------------------------
DEBUG 04-24 09:59:32.668778.668778 cuda_h.py:27] end prefill cost 2301.957 ms
INFO 04-24 09:59:32.668641.668641 lmp.py:322] prefill time: 2.3019862174987793 seconds
