here pin
INFO 04-24 11:19:09.154558.154558 pinpool.py:28] Initializing PinnedMemoryPool with 2GB total, allocating in 1024MB chunks...
INFO 04-24 11:19:09.705373.705373 pinpool.py:40] Allocated chunk 1: 536870912 elements (1024.0 MB)
INFO 04-24 11:19:10.296140.296140 pinpool.py:40] Allocated chunk 2: 536870912 elements (1024.0 MB)
INFO 04-24 11:19:10.296909.296909 pinpool.py:52] Successfully allocated 2 chunks, total 1073741824 elements (2048.0 MB) in 1.142s
Warming up 4 GPU(s)...
GPU 0 warmed up
GPU 1 warmed up
GPU 2 warmed up
GPU 3 warmed up
GPU warmup completed
Warming up 4 GPU(s)...
GPU 0 warmed up
GPU 1 warmed up
GPU 2 warmed up
GPU 3 warmed up
GPU warmup completed
Warming up 4 GPU(s)...
GPU 0 warmed up
GPU 1 warmed up
GPU 2 warmed up
GPU 3 warmed up
GPU warmup completed
DEBUG 04-24 11:19:16.496165.496165 cuda_memory_view.py:1180] 
DEBUG 04-24 11:19:16.496165.496165 cuda_memory_view.py:1180] restore_tensors_from_shared_memory_names time: 0.0026586055755615234
DEBUG 04-24 11:19:16.501920.501920 mlpmodule.py:929] restore_hm_state_dict2model loaded 150 expert tensors for Gemma4 model
DEBUG 04-24 11:19:16.502577.502577 cuda_h.py:27] end init_cmv_hmv cost 601.322 ms
here pin
INFO 04-24 11:19:17.963991.963991 pinpool.py:28] Initializing PinnedMemoryPool with 2GB total, allocating in 1024MB chunks...
here pin
INFO 04-24 11:19:17.966633.966633 pinpool.py:28] Initializing PinnedMemoryPool with 2GB total, allocating in 1024MB chunks...
here pin
INFO 04-24 11:19:17.971342.971342 pinpool.py:28] Initializing PinnedMemoryPool with 2GB total, allocating in 1024MB chunks...
here pin
INFO 04-24 11:19:18.014392.014392 pinpool.py:28] Initializing PinnedMemoryPool with 2GB total, allocating in 1024MB chunks...
INFO 04-24 11:19:18.561804.561804 pinpool.py:40] Allocated chunk 1: 536870912 elements (1024.0 MB)
INFO 04-24 11:19:18.603965.603965 pinpool.py:40] Allocated chunk 1: 536870912 elements (1024.0 MB)
INFO 04-24 11:19:18.664706.664706 pinpool.py:40] Allocated chunk 1: 536870912 elements (1024.0 MB)
INFO 04-24 11:19:18.665350.665350 pinpool.py:40] Allocated chunk 1: 536870912 elements (1024.0 MB)
INFO 04-24 11:19:19.161219.161219 pinpool.py:40] Allocated chunk 2: 536870912 elements (1024.0 MB)
INFO 04-24 11:19:19.161610.161610 pinpool.py:52] Successfully allocated 2 chunks, total 1073741824 elements (2048.0 MB) in 1.198s
INFO 04-24 11:19:19.161064.161064 pinpool.py:40] Allocated chunk 2: 536870912 elements (1024.0 MB)
INFO 04-24 11:19:19.162824.162824 pinpool.py:52] Successfully allocated 2 chunks, total 1073741824 elements (2048.0 MB) in 1.148s
INFO 04-24 11:19:19.218467.218467 pinpool.py:40] Allocated chunk 2: 536870912 elements (1024.0 MB)
INFO 04-24 11:19:19.218706.218706 pinpool.py:52] Successfully allocated 2 chunks, total 1073741824 elements (2048.0 MB) in 1.252s
INFO 04-24 11:19:19.312178.312178 pinpool.py:40] Allocated chunk 2: 536870912 elements (1024.0 MB)
INFO 04-24 11:19:19.312251.312251 pinpool.py:52] Successfully allocated 2 chunks, total 1073741824 elements (2048.0 MB) in 1.341s
[cpu_experts_worker pid=580335] worker_id=1/4 entered (model_path='gemma4-26B-A4B' type='Gemma4') sched_getaffinity=[24, 25, 26, 27, 28, 29, 30, 31, 32, 33, 34, 35, 36, 37, 38, 39, 40, 41, 42, 43, 44, 45, 46, 47, 120, 121, 122, 123, 124, 125, 126, 127, 128, 129, 130, 131, 132, 133, 134, 135, 136, 137, 138, 139, 140, 141, 142, 143]
DEBUG 04-24 11:19:23.935143.935143 cpu_thread_manager_mp.py:394] 初始化
DEBUG 04-24 11:19:23.973057.973057 cpu_thread_manager_mp.py:400] CPU experts MP worker: torch.set_num_threads(32) (LMP_MP_CPU_INTRAOP_THREADS / OMP_NUM_THREADS / default cap 32)
[cpu_experts_worker pid=580335] torch.set_num_threads(32) done
[cpu_experts_worker pid=580335] importing MLPModuleWrapper / HostMemoryView ...
[cpu_experts_worker pid=580335] imports done
[cpu_experts_worker pid=580335] MLPModuleWrapper(...) ...
[cpu_experts_worker pid=580335] init_chmv_meta_model(...) ...
[cpu_experts_worker pid=580334] worker_id=0/4 entered (model_path='gemma4-26B-A4B' type='Gemma4') sched_getaffinity=[0, 1, 2, 3, 4, 5, 6, 7, 8, 9, 10, 11, 12, 13, 14, 15, 16, 17, 18, 19, 20, 21, 22, 23, 96, 97, 98, 99, 100, 101, 102, 103, 104, 105, 106, 107, 108, 109, 110, 111, 112, 113, 114, 115, 116, 117, 118, 119]
DEBUG 04-24 11:19:24.079522.079522 cpu_thread_manager_mp.py:394] 初始化
DEBUG 04-24 11:19:24.117685.117685 cpu_thread_manager_mp.py:400] CPU experts MP worker: torch.set_num_threads(32) (LMP_MP_CPU_INTRAOP_THREADS / OMP_NUM_THREADS / default cap 32)
[cpu_experts_worker pid=580334] torch.set_num_threads(32) done
[cpu_experts_worker pid=580334] importing MLPModuleWrapper / HostMemoryView ...
[cpu_experts_worker pid=580334] imports done
[cpu_experts_worker pid=580334] MLPModuleWrapper(...) ...
[cpu_experts_worker pid=580334] init_chmv_meta_model(...) ...
[cpu_experts_worker pid=580336] worker_id=2/4 entered (model_path='gemma4-26B-A4B' type='Gemma4') sched_getaffinity=[48, 49, 50, 51, 52, 53, 54, 55, 56, 57, 58, 59, 60, 61, 62, 63, 64, 65, 66, 67, 68, 69, 70, 71, 144, 145, 146, 147, 148, 149, 150, 151, 152, 153, 154, 155, 156, 157, 158, 159, 160, 161, 162, 163, 164, 165, 166, 167]
[cpu_experts_worker pid=580337] worker_id=3/4 entered (model_path='gemma4-26B-A4B' type='Gemma4') sched_getaffinity=[72, 73, 74, 75, 76, 77, 78, 79, 80, 81, 82, 83, 84, 85, 86, 87, 88, 89, 90, 91, 92, 93, 94, 95, 168, 169, 170, 171, 172, 173, 174, 175, 176, 177, 178, 179, 180, 181, 182, 183, 184, 185, 186, 187, 188, 189, 190, 191]
DEBUG 04-24 11:19:24.273260.273260 cpu_thread_manager_mp.py:394] 初始化
DEBUG 04-24 11:19:24.273700.273700 cpu_thread_manager_mp.py:394] 初始化
DEBUG 04-24 11:19:24.322574.322574 cpu_thread_manager_mp.py:400] CPU experts MP worker: torch.set_num_threads(32) (LMP_MP_CPU_INTRAOP_THREADS / OMP_NUM_THREADS / default cap 32)
[cpu_experts_worker pid=580337] torch.set_num_threads(32) done
[cpu_experts_worker pid=580337] importing MLPModuleWrapper / HostMemoryView ...
[cpu_experts_worker pid=580337] imports done
[cpu_experts_worker pid=580337] MLPModuleWrapper(...) ...
DEBUG 04-24 11:19:24.326380.326380 cpu_thread_manager_mp.py:400] CPU experts MP worker: torch.set_num_threads(32) (LMP_MP_CPU_INTRAOP_THREADS / OMP_NUM_THREADS / default cap 32)
[cpu_experts_worker pid=580336] torch.set_num_threads(32) done
[cpu_experts_worker pid=580336] importing MLPModuleWrapper / HostMemoryView ...
[cpu_experts_worker pid=580336] imports done
[cpu_experts_worker pid=580336] MLPModuleWrapper(...) ...
[cpu_experts_worker pid=580337] init_chmv_meta_model(...) ...
[cpu_experts_worker pid=580336] init_chmv_meta_model(...) ...
[cpu_experts_worker pid=580335] HostMemoryView(...) ...
DEBUG 04-24 11:19:24.565273.565273 cuda_memory_view.py:1180] 
DEBUG 04-24 11:19:24.565273.565273 cuda_memory_view.py:1180] restore_tensors_from_shared_memory_names time: 0.002757549285888672
DEBUG 04-24 11:19:24.570647.570647 mlpmodule.py:929] restore_hm_state_dict2model loaded 150 expert tensors for Gemma4 model
[cpu_experts_worker pid=580335] HostMemoryView ready
[cpu_experts_worker pid=580335] begin _test_group_bmm_fused_experts()
[test_group_bmm_fused_experts] start (print+flush; bypasses logging).
[test_group_bmm_fused_experts][half=noncontiguous] input_gen: 33.685 ms
[test_group_bmm_fused_experts][half=noncontiguous] gate_func: 7.318 ms
[test_group_bmm_fused_experts][half=noncontiguous] activated_experts_unique=128, routed_slots=4096 total experts = 128 (T=512, K=8)
[test_group_bmm_fused_experts][half=noncontiguous] choose_half_experts: 1.362 ms (E_total=128, E_half=64, experts=[17, 94, 26, 127, 1, 63, 3, 18, 83, 108, 7, 28, 32, 39, 73, 122, 123, 2, 23, 41, 44, 45, 66, 84, 90, 91, 99, 105, 15, 109, 5, 20, 33, 67, 6, 19, 29, 34, 35, 38, 54, 58, 69, 79, 81, 88, 120, 126, 22, 31, 52, 68, 72, 92, 117, 121, 25, 50, 87, 106, 107, 118, 13, 27], total_tokens=1740, max_tokens=32)
[test_group_bmm_fused_experts][half=noncontiguous] filter_slots_in_half: 0.599 ms (slots_in_half=1740, T=512, K=8)
[test_group_bmm_fused_experts][half=noncontiguous] gather_half_tokens: 1.270 ms
[test_group_bmm_fused_experts][half=noncontiguous] sort_by_expert: 1.320 ms
DEBUG 04-24 11:19:24.617345.617345 cuda_h.py:27] end get_fused_experts_names_w cost 0.032 ms
DEBUG 04-24 11:19:24.618652.618652 cuda_h.py:27] end restore_fused_tensors cost 1.214 ms
[test_group_bmm_fused_experts][half=noncontiguous] restore_group_fused_weights: 1.601 ms
[test_group_bmm_fused_experts][half=noncontiguous] transpose_contig: 0.030 ms
[test_group_bmm_fused_experts][half=noncontiguous] pad_pack: 3.155 ms
[test_group_bmm_fused_experts][half=noncontiguous] fused_group_bmm: 32.300 ms (bmm1=17.957 act+split=0.980 bmm2=9.351 unpad=4.011)
[cpu_experts_worker pid=580334] HostMemoryView(...) ...
DEBUG 04-24 11:19:24.732597.732597 cuda_memory_view.py:1180] 
DEBUG 04-24 11:19:24.732597.732597 cuda_memory_view.py:1180] restore_tensors_from_shared_memory_names time: 0.006924867630004883
DEBUG 04-24 11:19:24.742558.742558 mlpmodule.py:929] restore_hm_state_dict2model loaded 150 expert tensors for Gemma4 model
[cpu_experts_worker pid=580334] HostMemoryView ready
[cpu_experts_worker pid=580334] begin _test_group_bmm_fused_experts()
[test_group_bmm_fused_experts] start (print+flush; bypasses logging).
[test_group_bmm_fused_experts][half=noncontiguous] ref_mm_and_assert: 96.265 ms
[test_group_bmm_fused_experts][half=noncontiguous] unsort_and_weight: 0.710 ms
[test_group_bmm_fused_experts][half=noncontiguous] total: 180.762 ms (T=512, K=8, slots_in_half=1740, E_half=64)
[cpu_experts_worker pid=580335] end _test_group_bmm_fused_experts()
INFO 04-24 11:19:24.752156.752156 cpu_thread_manager_mp.py:438] CPU experts worker: _test_group_bmm_fused_experts() finished.
[test_group_bmm_fused_experts][half=noncontiguous] input_gen: 35.433 ms
[test_group_bmm_fused_experts][half=noncontiguous] gate_func: 6.582 ms
[test_group_bmm_fused_experts][half=noncontiguous] activated_experts_unique=128, routed_slots=4096 total experts = 128 (T=512, K=8)
[test_group_bmm_fused_experts][half=noncontiguous] choose_half_experts: 0.847 ms (E_total=128, E_half=64, experts=[102, 79, 44, 108, 65, 84, 16, 91, 1, 49, 69, 0, 22, 46, 67, 90, 109, 120, 2, 11, 15, 17, 21, 23, 26, 33, 123, 126, 6, 93, 13, 30, 63, 70, 87, 106, 28, 36, 45, 50, 52, 92, 94, 100, 101, 104, 124, 4, 14, 25, 54, 68, 111, 118, 125, 127, 19, 20, 47, 96, 103, 113, 119, 37], total_tokens=1730, max_tokens=32)
[test_group_bmm_fused_experts][half=noncontiguous] filter_slots_in_half: 0.518 ms (slots_in_half=1730, T=512, K=8)
[test_group_bmm_fused_experts][half=noncontiguous] gather_half_tokens: 0.624 ms
[test_group_bmm_fused_experts][half=noncontiguous] sort_by_expert: 1.233 ms
DEBUG 04-24 11:19:24.788071.788071 cuda_h.py:27] end get_fused_experts_names_w cost 0.034 ms
DEBUG 04-24 11:19:24.790719.790719 cuda_h.py:27] end restore_fused_tensors cost 1.382 ms
[test_group_bmm_fused_experts][half=noncontiguous] restore_group_fused_weights: 1.888 ms
[test_group_bmm_fused_experts][half=noncontiguous] transpose_contig: 0.025 ms
[test_group_bmm_fused_experts][half=noncontiguous] pad_pack: 2.455 ms
[test_group_bmm_fused_experts][half=noncontiguous] fused_group_bmm: 21.455 ms (bmm1=11.169 act+split=0.795 bmm2=6.034 unpad=3.457)
[test_group_bmm_fused_experts][half=noncontiguous] ref_mm_and_assert: 78.557 ms
[test_group_bmm_fused_experts][half=noncontiguous] unsort_and_weight: 0.667 ms
[test_group_bmm_fused_experts][half=noncontiguous] total: 151.209 ms (T=512, K=8, slots_in_half=1730, E_half=64)
[cpu_experts_worker pid=580334] end _test_group_bmm_fused_experts()
INFO 04-24 11:19:24.893428.893428 cpu_thread_manager_mp.py:438] CPU experts worker: _test_group_bmm_fused_experts() finished.
[cpu_experts_worker pid=580336] HostMemoryView(...) ...
DEBUG 04-24 11:19:25.092497.092497 cuda_memory_view.py:1180] 
DEBUG 04-24 11:19:25.092497.092497 cuda_memory_view.py:1180] restore_tensors_from_shared_memory_names time: 0.002635955810546875
DEBUG 04-24 11:19:25.098861.098861 mlpmodule.py:929] restore_hm_state_dict2model loaded 150 expert tensors for Gemma4 model
[cpu_experts_worker pid=580336] HostMemoryView ready
[cpu_experts_worker pid=580336] begin _test_group_bmm_fused_experts()
[test_group_bmm_fused_experts] start (print+flush; bypasses logging).
[cpu_experts_worker pid=580337] HostMemoryView(...) ...
DEBUG 04-24 11:19:25.116475.116475 cuda_memory_view.py:1180] 
DEBUG 04-24 11:19:25.116475.116475 cuda_memory_view.py:1180] restore_tensors_from_shared_memory_names time: 0.0028533935546875
DEBUG 04-24 11:19:25.122267.122267 mlpmodule.py:929] restore_hm_state_dict2model loaded 150 expert tensors for Gemma4 model
[cpu_experts_worker pid=580337] HostMemoryView ready
[cpu_experts_worker pid=580337] begin _test_group_bmm_fused_experts()
[test_group_bmm_fused_experts] start (print+flush; bypasses logging).
[test_group_bmm_fused_experts][half=noncontiguous] input_gen: 34.377 ms
[test_group_bmm_fused_experts][half=noncontiguous] gate_func: 7.178 ms
[test_group_bmm_fused_experts][half=noncontiguous] activated_experts_unique=128, routed_slots=4096 total experts = 128 (T=512, K=8)
[test_group_bmm_fused_experts][half=noncontiguous] choose_half_experts: 1.409 ms (E_total=128, E_half=64, experts=[23, 13, 103, 17, 22, 120, 123, 45, 51, 60, 11, 77, 84, 91, 43, 67, 94, 125, 3, 33, 57, 117, 5, 46, 52, 78, 79, 81, 87, 20, 25, 37, 44, 1, 4, 35, 47, 53, 68, 127, 28, 72, 102, 126, 19, 21, 39, 54, 55, 64, 71, 113, 122, 8, 14, 41, 62, 70, 121, 30, 63, 106, 108, 124], total_tokens=1709, max_tokens=32)
[test_group_bmm_fused_experts][half=noncontiguous] filter_slots_in_half: 0.727 ms (slots_in_half=1709, T=512, K=8)
[test_group_bmm_fused_experts][half=noncontiguous] gather_half_tokens: 0.591 ms
[test_group_bmm_fused_experts][half=noncontiguous] sort_by_expert: 0.922 ms
DEBUG 04-24 11:19:25.144879.144879 cuda_h.py:27] end get_fused_experts_names_w cost 0.032 ms
DEBUG 04-24 11:19:25.146960.146960 cuda_h.py:27] end restore_fused_tensors cost 1.333 ms
[test_group_bmm_fused_experts][half=noncontiguous] restore_group_fused_weights: 1.565 ms
[test_group_bmm_fused_experts][half=noncontiguous] transpose_contig: 0.031 ms
[test_group_bmm_fused_experts][half=noncontiguous] pad_pack: 3.610 ms
[test_group_bmm_fused_experts][half=noncontiguous] input_gen: 33.819 ms
[test_group_bmm_fused_experts][half=noncontiguous] gate_func: 8.159 ms
[test_group_bmm_fused_experts][half=noncontiguous] activated_experts_unique=128, routed_slots=4096 total experts = 128 (T=512, K=8)
[test_group_bmm_fused_experts][half=noncontiguous] choose_half_experts: 1.399 ms (E_total=128, E_half=64, experts=[120, 126, 47, 21, 84, 89, 32, 102, 91, 23, 28, 54, 75, 15, 22, 49, 108, 26, 51, 55, 5, 33, 39, 58, 101, 111, 127, 1, 60, 67, 73, 90, 20, 30, 38, 45, 99, 121, 50, 68, 94, 103, 106, 123, 124, 17, 41, 44, 63, 70, 78, 87, 92, 104, 109, 112, 3, 46, 71, 83, 117, 125, 0, 34], total_tokens=1702, max_tokens=32)
[test_group_bmm_fused_experts][half=noncontiguous] filter_slots_in_half: 0.688 ms (slots_in_half=1702, T=512, K=8)
[test_group_bmm_fused_experts][half=noncontiguous] gather_half_tokens: 0.798 ms
[test_group_bmm_fused_experts][half=noncontiguous] sort_by_expert: 0.676 ms
DEBUG 04-24 11:19:25.169509.169509 cuda_h.py:27] end get_fused_experts_names_w cost 0.042 ms
DEBUG 04-24 11:19:25.171647.171647 cuda_h.py:27] end restore_fused_tensors cost 1.555 ms
[test_group_bmm_fused_experts][half=noncontiguous] restore_group_fused_weights: 2.111 ms
[test_group_bmm_fused_experts][half=noncontiguous] transpose_contig: 0.035 ms
[test_group_bmm_fused_experts][half=noncontiguous] pad_pack: 3.073 ms
[test_group_bmm_fused_experts][half=noncontiguous] fused_group_bmm: 32.240 ms (bmm1=18.023 act+split=0.920 bmm2=9.255 unpad=4.042)
[test_group_bmm_fused_experts][half=noncontiguous] fused_group_bmm: 32.574 ms (bmm1=18.155 act+split=0.947 bmm2=9.400 unpad=4.072)
[test_group_bmm_fused_experts][half=noncontiguous] ref_mm_and_assert: 83.537 ms
[test_group_bmm_fused_experts][half=noncontiguous] unsort_and_weight: 0.645 ms
[test_group_bmm_fused_experts][half=noncontiguous] total: 167.961 ms (T=512, K=8, slots_in_half=1709, E_half=64)
[cpu_experts_worker pid=580336] end _test_group_bmm_fused_experts()
INFO 04-24 11:19:25.266608.266608 cpu_thread_manager_mp.py:438] CPU experts worker: _test_group_bmm_fused_experts() finished.
[test_group_bmm_fused_experts][half=noncontiguous] ref_mm_and_assert: 97.814 ms
[test_group_bmm_fused_experts][half=noncontiguous] unsort_and_weight: 0.606 ms
[test_group_bmm_fused_experts][half=noncontiguous] total: 182.895 ms (T=512, K=8, slots_in_half=1702, E_half=64)
[cpu_experts_worker pid=580337] end _test_group_bmm_fused_experts()
INFO 04-24 11:19:25.306255.306255 cpu_thread_manager_mp.py:438] CPU experts worker: _test_group_bmm_fused_experts() finished.
DEBUG 04-24 11:19:25.307817.307817 cuda_h.py:27] end init_mp_process cost 8801.441 ms
generate input ids cost 0.06457400321960449 s
DEBUG 04-24 11:19:31.258467.258467 cuda_h.py:27] end generate_input_ids cost 3600.273 ms
DEBUG 04-24 11:19:31.258525.258525 cuda_h.py:27] end init_cache cost 0.032 ms
DEBUG 04-24 11:19:31.258435.258435 cuda_h.py:27] end allocate_cuda_memory cost 0.224 ms
DEBUG 04-24 11:19:31.259915.259915 sllm_store_c.py:27] get device uuid map
DEBUG 04-24 11:19:31.259135.259135 sllm_store_c.py:29] call client load into gpu
DEBUG 04-24 11:19:31.262019.262019 cuda_h.py:27] end load_into_gpu_async cost 2.923 ms
DEBUG 04-24 11:19:31.262400.262400 cuda_h.py:27] end restore_tensors2 cost 0.046 ms
DEBUG 04-24 11:19:31.262779.262779 cuda_h.py:27] end allocate_cuda_memory_and_load_into_gpu cost 3.585 ms
DEBUG 04-24 11:19:31.262375.262375 cuda_h.py:27] end restore2model cost 0.165 ms
DEBUG 04-24 11:19:31.404723.404723 cuda_h.py:27] end allocate_cuda_memory cost 0.419 ms
DEBUG 04-24 11:19:31.404133.404133 sllm_store_c.py:27] get device uuid map
DEBUG 04-24 11:19:31.405303.405303 sllm_store_c.py:29] call client load into gpu
DEBUG 04-24 11:19:31.407110.407110 cuda_h.py:27] end load_into_gpu_async cost 3.064 ms
DEBUG 04-24 11:19:31.408598.408598 cuda_h.py:27] end restore_tensors2 cost 0.174 ms
DEBUG 04-24 11:19:31.408634.408634 cuda_h.py:27] end allocate_cuda_memory_and_load_into_gpu cost 4.504 ms
DEBUG 04-24 11:19:31.556093.556093 cuda_h.py:27] end restore2model cost 1.554 ms
DEBUG 04-24 11:19:31.556849.556849 cuda_h.py:27] end load_qkvogns_weight_l_0 cost 152.942 ms
DEBUG 04-24 11:19:31.556998.556998 cuda_h.py:27] end init_general_weights cost 298.304 ms
DEBUG 04-24 11:19:31.576487.576487 cuda_h.py:27] end init_inputs_tokens cost 18.971 ms
DEBUG 04-24 11:19:31.576218.576218 lmp.py:294] -------------------------------- start prefill layer 0 --------------------------------
DEBUG 04-24 11:19:31.576811.576811 cuda_h.py:27] end start_load_qkvogn_s_weight_l_1 cost 0.041 ms
DEBUG 04-24 11:19:31.586629.586629 cuda_h.py:27] end allocate_cuda_memory cost 10.176 ms
DEBUG 04-24 11:19:31.587828.587828 sllm_store_c.py:27] get device uuid map
DEBUG 04-24 11:19:31.587197.587197 sllm_store_c.py:29] call client load into gpu
DEBUG 04-24 11:19:31.590518.590518 cuda_h.py:27] end load_into_gpu_async cost 2.993 ms
DEBUG 04-24 11:19:31.590986.590986 cuda_h.py:27] end restore_tensors2 cost 0.159 ms
DEBUG 04-24 11:19:31.590464.590464 cuda_h.py:27] end allocate_cuda_memory_and_load_into_gpu cost 14.040 ms
DEBUG 04-24 11:19:31.599497.599497 cuda_h.py:27] end restore2model cost 1.377 ms
DEBUG 04-24 11:19:31.599714.599714 cuda_h.py:27] end sllm_worker_task cost 23.286 ms
DEBUG 04-24 11:19:31.744760.744760 cuda_h.py:27] end **self_attn cost 102.368 ms
DEBUG 04-24 11:19:31.744234.744234 cuda_h.py:27] end *iln_self_attn_paln cost 167.943 ms
DEBUG 04-24 11:19:31.897465.897465 cuda_h.py:27] end gate cost 152.694 ms
DEBUG 04-24 11:19:31.934427.934427 cuda_h.py:27] end experts_map_get cost 30.748 ms
DEBUG 04-24 11:19:31.934623.934623 cuda_h.py:27] end *before experts start* cost 189.884 ms
DEBUG 04-24 11:19:31.934241.934241 cuda_h.py:27] end cpu_experts_submit_fused_mp cost 0.250 ms
DEBUG 04-24 11:19:31.938371.938371 cuda_h.py:27] end *single cpu experts* cost 3.532 ms
DEBUG 04-24 11:19:31.939756.939756 sllm_store_c.py:27] get device uuid map
DEBUG 04-24 11:19:31.939885.939885 sllm_store_c.py:29] call client load into gpu
DEBUG 04-24 11:19:31.943982.943982 cuda_h.py:27] end load_into_gpu_async_fused_experts_dual cost 3.999 ms
DEBUG 04-24 11:19:31.943052.943052 cuda_h.py:27] end restore_tensors2_fused_experts_packed cost 0.053 ms
DEBUG 04-24 11:19:31.944605.944605 cuda_h.py:27] end restore_tensors2_fused_experts_slices cost 0.264 ms
DEBUG 04-24 11:19:31.944946.944946 cuda_h.py:27] end allocate_experts_cuda_memory_and_restore_model_multi_device_fused cost 5.999 ms
DEBUG 04-24 11:19:31.944086.944086 cuda_h.py:27] end gpu_sexperts cost 0.004 ms
DEBUG 04-24 11:19:31.944717.944717 cuda_h.py:27] end wait_load_qkvogn_s_weight cost 0.016 ms
DEBUG 04-24 11:19:31.962709.962709 cuda_h.py:27] end prepare_group_stack cost 24.171 ms
DEBUG 04-24 11:19:31.962309.962309 cuda_h.py:27] end prepare_group_stack cost 22.038 ms
DEBUG 04-24 11:19:31.965735.965735 cuda_h.py:27] end prepare_group_stack cost 26.123 ms
DEBUG 04-24 11:19:31.965452.965452 cuda_h.py:27] end prepare_group_stack cost 25.004 ms
DEBUG 04-24 11:19:31.974283.974283 cuda_h.py:27] end group stack cost 11.358 ms
DEBUG 04-24 11:19:31.974295.974295 cuda_h.py:27] end move_flatidxs_group_fused_mp cost 33.944 ms
DEBUG 04-24 11:19:31.974390.974390 cuda_h.py:27] end get_fused_experts_names_w cost 0.025 ms
DEBUG 04-24 11:19:31.975871.975871 cuda_h.py:27] end restore_fused_tensors cost 0.492 ms
DEBUG 04-24 11:19:31.975522.975522 cuda_h.py:27] end group_fused_tensors_mp cost 0.618 ms
DEBUG 04-24 11:19:31.975892.975892 cuda_h.py:27] end group stack cost 12.567 ms
DEBUG 04-24 11:19:31.975850.975850 cuda_h.py:27] end move_flatidxs_group_fused_mp cost 37.140 ms
DEBUG 04-24 11:19:31.975707.975707 cuda_h.py:27] end get_fused_experts_names_w cost 0.025 ms
DEBUG 04-24 11:19:31.975868.975868 cuda_h.py:27] end restore_fused_tensors cost 0.525 ms
DEBUG 04-24 11:19:31.975724.975724 cuda_h.py:27] end group_fused_tensors_mp cost 0.745 ms
DEBUG 04-24 11:19:31.978419.978419 cuda_h.py:27] end group stack cost 13.047 ms
DEBUG 04-24 11:19:31.979032.979032 cuda_h.py:27] end move_flatidxs_group_fused_mp cost 39.775 ms
DEBUG 04-24 11:19:31.979385.979385 cuda_h.py:27] end get_fused_experts_names_w cost 0.037 ms
DEBUG 04-24 11:19:31.979195.979195 cuda_h.py:27] end restore_fused_tensors cost 0.593 ms
DEBUG 04-24 11:19:31.979422.979422 cuda_h.py:27] end group_fused_tensors_mp cost 0.735 ms
DEBUG 04-24 11:19:31.981267.981267 cuda_h.py:27] end group stack cost 15.607 ms
DEBUG 04-24 11:19:31.981803.981803 cuda_h.py:27] end move_flatidxs_group_fused_mp cost 41.105 ms
DEBUG 04-24 11:19:31.981807.981807 cuda_h.py:27] end get_fused_experts_names_w cost 0.035 ms
DEBUG 04-24 11:19:31.982719.982719 cuda_h.py:27] end restore_fused_tensors cost 0.563 ms
DEBUG 04-24 11:19:31.982053.982053 cuda_h.py:27] end group_fused_tensors_mp cost 0.861 ms
DEBUG 04-24 11:19:31.985322.985322 mlpmodule.py:3373] [fused_group_bmm][steps] bmm1=5.396 ms split=0.088 ms act_mul=0.357 ms bmm2=3.900 ms
DEBUG 04-24 11:19:31.986314.986314 cuda_h.py:27] end fused_group_bmm cost 10.169 ms
DEBUG 04-24 11:19:31.986065.986065 mlpmodule.py:3373] [fused_group_bmm][steps] bmm1=6.336 ms split=0.100 ms act_mul=0.469 ms bmm2=4.778 ms
DEBUG 04-24 11:19:31.987854.987854 cuda_h.py:27] end fused_group_bmm cost 11.947 ms
DEBUG 04-24 11:19:31.987013.987013 cuda_h.py:27] end gather_outputs_group_fused_mp cost 1.221 ms
DEBUG 04-24 11:19:31.988363.988363 cuda_h.py:27] end gather_outputs_group_fused_mp cost 0.757 ms
DEBUG 04-24 11:19:31.988237.988237 cuda_h.py:27] end cpu_experts_worker_bmm_or_einsum_0 cost 50.708 ms
DEBUG 04-24 11:19:31.989104.989104 cuda_h.py:27] end cpu_experts_worker_bmm_or_einsum_2 cost 48.844 ms
DEBUG 04-24 11:19:31.992110.992110 mlpmodule.py:3373] [fused_group_bmm][steps] bmm1=7.588 ms split=0.127 ms act_mul=0.520 ms bmm2=3.628 ms
DEBUG 04-24 11:19:31.992304.992304 cuda_h.py:27] end fused_group_bmm cost 12.157 ms
DEBUG 04-24 11:19:31.993522.993522 cuda_h.py:27] end gather_outputs_group_fused_mp cost 0.762 ms
DEBUG 04-24 11:19:31.993001.993001 mlpmodule.py:3373] [fused_group_bmm][steps] bmm1=6.619 ms split=0.230 ms act_mul=0.669 ms bmm2=3.292 ms
DEBUG 04-24 11:19:31.994434.994434 cuda_h.py:27] end fused_group_bmm cost 11.095 ms
DEBUG 04-24 11:19:31.994768.994768 cuda_h.py:27] end cpu_experts_worker_bmm_or_einsum_1 cost 55.294 ms
DEBUG 04-24 11:19:31.995468.995468 cuda_h.py:27] end gather_outputs_group_fused_mp cost 0.638 ms
DEBUG 04-24 11:19:31.996414.996414 cuda_h.py:27] end cpu_experts_worker_bmm_or_einsum_3 cost 55.865 ms
DEBUG 04-24 11:19:31.997707.997707 cuda_h.py:27] end prepare_per_device_parameters cost 53.536 ms
DEBUG 04-24 11:19:31.999965.999965 cuda_h.py:27] end wait_experts_multi_device cost 1.428 ms
DEBUG 04-24 11:19:31.999464.999464 cuda_h.py:27] end *before fused experts* cost 61.441 ms
DEBUG 04-24 11:19:32.058660.058660 cuda_h.py:27] end gpu_experts_multi_device_fused cost 59.179 ms
DEBUG 04-24 11:19:32.059253.059253 cuda_h.py:27] end *gpu experts* cost 120.801 ms
DEBUG 04-24 11:19:32.061611.061611 cuda_h.py:27] end cpu_experts_scatter_reduce cost 0.556 ms
DEBUG 04-24 11:19:32.061236.061236 cuda_h.py:27] end cpu_thread_manager_mp_wait_fused cost 2.622 ms
DEBUG 04-24 11:19:32.061636.061636 cuda_h.py:27] end layer_moe_generate_mp_multi_device_fused_l_1 cost 317.072 ms
DEBUG 04-24 11:19:32.062426.062426 cuda_h.py:27] end *mlp cost 317.901 ms
DEBUG 04-24 11:19:32.062177.062177 cuda_h.py:27] end prefill_layer cost 486.318 ms
DEBUG 04-24 11:19:32.062026.062026 lmp.py:341] -------------------------------- end prefill layer 0 --------------------------------
DEBUG 04-24 11:19:32.062583.062583 lmp.py:294] -------------------------------- start prefill layer 1 --------------------------------
DEBUG 04-24 11:19:32.062692.062692 cuda_h.py:27] end start_load_qkvogn_s_weight_l_2 cost 0.046 ms
DEBUG 04-24 11:19:32.063696.063696 cuda_h.py:27] end allocate_cuda_memory cost 0.193 ms
DEBUG 04-24 11:19:32.063172.063172 sllm_store_c.py:27] get device uuid map
DEBUG 04-24 11:19:32.063059.063059 sllm_store_c.py:29] call client load into gpu
DEBUG 04-24 11:19:32.065206.065206 cuda_h.py:27] end **self_attn cost 1.294 ms
DEBUG 04-24 11:19:32.065724.065724 cuda_h.py:27] end *iln_self_attn_paln cost 2.605 ms
DEBUG 04-24 11:19:32.066793.066793 cuda_h.py:27] end load_into_gpu_async cost 2.734 ms
DEBUG 04-24 11:19:32.066551.066551 cuda_h.py:27] end restore_tensors2 cost 0.165 ms
DEBUG 04-24 11:19:32.066304.066304 cuda_h.py:27] end allocate_cuda_memory_and_load_into_gpu cost 3.563 ms
DEBUG 04-24 11:19:32.066306.066306 cuda_h.py:27] end gate cost 1.266 ms
DEBUG 04-24 11:19:32.067472.067472 cuda_h.py:27] end experts_map_get cost 0.313 ms
DEBUG 04-24 11:19:32.067593.067593 cuda_h.py:27] end *before experts start* cost 1.735 ms
DEBUG 04-24 11:19:32.067324.067324 cuda_h.py:27] end cpu_experts_submit_fused_mp cost 0.263 ms
DEBUG 04-24 11:19:32.069505.069505 cuda_h.py:27] end *single cpu experts* cost 1.691 ms
DEBUG 04-24 11:19:32.070137.070137 cuda_h.py:27] end prepare_group_stack cost 0.522 ms
DEBUG 04-24 11:19:32.071473.071473 sllm_store_c.py:27] get device uuid map
DEBUG 04-24 11:19:32.071531.071531 cuda_h.py:27] end prepare_group_stack cost 0.728 ms
DEBUG 04-24 11:19:32.071489.071489 sllm_store_c.py:29] call client load into gpu
DEBUG 04-24 11:19:32.072545.072545 cuda_h.py:27] end prepare_group_stack cost 0.695 ms
DEBUG 04-24 11:19:32.072366.072366 cuda_h.py:27] end prepare_group_stack cost 0.763 ms
DEBUG 04-24 11:19:32.072669.072669 cuda_h.py:27] end group stack cost 1.245 ms
DEBUG 04-24 11:19:32.072454.072454 cuda_h.py:27] end move_flatidxs_group_fused_mp cost 2.303 ms
DEBUG 04-24 11:19:32.072098.072098 cuda_h.py:27] end get_fused_experts_names_w cost 0.034 ms
DEBUG 04-24 11:19:32.074750.074750 cuda_h.py:27] end restore_fused_tensors cost 0.993 ms
DEBUG 04-24 11:19:32.074238.074238 cuda_h.py:27] end group_fused_tensors_mp cost 1.231 ms
DEBUG 04-24 11:19:32.074417.074417 cuda_h.py:27] end group stack cost 1.902 ms
DEBUG 04-24 11:19:32.074591.074591 cuda_h.py:27] end group stack cost 2.617 ms
DEBUG 04-24 11:19:32.074153.074153 cuda_h.py:27] end move_flatidxs_group_fused_mp cost 3.258 ms
DEBUG 04-24 11:19:32.074406.074406 cuda_h.py:27] end move_flatidxs_group_fused_mp cost 4.155 ms
DEBUG 04-24 11:19:32.074175.074175 cuda_h.py:27] end get_fused_experts_names_w cost 0.034 ms
DEBUG 04-24 11:19:32.074692.074692 cuda_h.py:27] end get_fused_experts_names_w cost 0.039 ms
DEBUG 04-24 11:19:32.074876.074876 cuda_h.py:27] end group stack cost 2.190 ms
DEBUG 04-24 11:19:32.075159.075159 cuda_h.py:27] end move_flatidxs_group_fused_mp cost 3.745 ms
DEBUG 04-24 11:19:32.075707.075707 cuda_h.py:27] end get_fused_experts_names_w cost 0.038 ms
DEBUG 04-24 11:19:32.075124.075124 cuda_h.py:27] end restore2model cost 1.110 ms
DEBUG 04-24 11:19:32.076277.076277 cuda_h.py:27] end restore_fused_tensors cost 1.174 ms
DEBUG 04-24 11:19:32.076478.076478 cuda_h.py:27] end sllm_worker_task cost 13.314 ms
DEBUG 04-24 11:19:32.076824.076824 cuda_h.py:27] end group_fused_tensors_mp cost 1.431 ms
DEBUG 04-24 11:19:32.076588.076588 cuda_h.py:27] end restore_fused_tensors cost 1.405 ms
DEBUG 04-24 11:19:32.076656.076656 cuda_h.py:27] end restore_fused_tensors cost 0.965 ms
DEBUG 04-24 11:19:32.076739.076739 cuda_h.py:27] end group_fused_tensors_mp cost 1.197 ms
DEBUG 04-24 11:19:32.076891.076891 cuda_h.py:27] end group_fused_tensors_mp cost 1.842 ms
DEBUG 04-24 11:19:32.077109.077109 cuda_h.py:27] end load_into_gpu_async_fused_experts_dual cost 5.721 ms
DEBUG 04-24 11:19:32.077902.077902 cuda_h.py:27] end restore_tensors2_fused_experts_packed cost 0.166 ms
DEBUG 04-24 11:19:32.078796.078796 cuda_h.py:27] end restore_tensors2_fused_experts_slices cost 0.543 ms
DEBUG 04-24 11:19:32.078783.078783 cuda_h.py:27] end allocate_experts_cuda_memory_and_restore_model_multi_device_fused cost 9.234 ms
DEBUG 04-24 11:19:32.078619.078619 cuda_h.py:27] end gpu_sexperts cost 0.015 ms
DEBUG 04-24 11:19:32.078007.078007 cuda_h.py:27] end wait_load_qkvogn_s_weight cost 0.053 ms
DEBUG 04-24 11:19:32.086629.086629 mlpmodule.py:3373] [fused_group_bmm][steps] bmm1=7.241 ms split=0.176 ms act_mul=0.538 ms bmm2=4.503 ms
DEBUG 04-24 11:19:32.087326.087326 cuda_h.py:27] end fused_group_bmm cost 12.724 ms
DEBUG 04-24 11:19:32.087972.087972 cuda_h.py:27] end gather_outputs_group_fused_mp cost 0.458 ms
DEBUG 04-24 11:19:32.088022.088022 cuda_h.py:27] end cpu_experts_worker_bmm_or_einsum_0 cost 18.943 ms
DEBUG 04-24 11:19:32.091373.091373 mlpmodule.py:3373] [fused_group_bmm][steps] bmm1=9.698 ms split=0.231 ms act_mul=0.389 ms bmm2=4.388 ms
DEBUG 04-24 11:19:32.091629.091629 cuda_h.py:27] end fused_group_bmm cost 15.102 ms
DEBUG 04-24 11:19:32.092189.092189 cuda_h.py:27] end gather_outputs_group_fused_mp cost 0.652 ms
DEBUG 04-24 11:19:32.092122.092122 mlpmodule.py:3373] [fused_group_bmm][steps] bmm1=9.927 ms split=0.146 ms act_mul=0.351 ms bmm2=5.558 ms
DEBUG 04-24 11:19:32.093204.093204 cuda_h.py:27] end fused_group_bmm cost 16.293 ms
DEBUG 04-24 11:19:32.093915.093915 cuda_h.py:27] end cpu_experts_worker_bmm_or_einsum_1 cost 22.844 ms
DEBUG 04-24 11:19:32.093059.093059 cuda_h.py:27] end gather_outputs_group_fused_mp cost 0.581 ms
DEBUG 04-24 11:19:32.094488.094488 cuda_h.py:27] end cpu_experts_worker_bmm_or_einsum_3 cost 24.107 ms
DEBUG 04-24 11:19:32.094484.094484 mlpmodule.py:3373] [fused_group_bmm][steps] bmm1=11.670 ms split=0.204 ms act_mul=0.468 ms bmm2=5.460 ms
DEBUG 04-24 11:19:32.094544.094544 cuda_h.py:27] end fused_group_bmm cost 18.060 ms
DEBUG 04-24 11:19:32.095342.095342 cuda_h.py:27] end gather_outputs_group_fused_mp cost 0.624 ms
DEBUG 04-24 11:19:32.096041.096041 cuda_h.py:27] end prepare_per_device_parameters cost 17.421 ms
DEBUG 04-24 11:19:32.096180.096180 cuda_h.py:27] end cpu_experts_worker_bmm_or_einsum_2 cost 26.921 ms
DEBUG 04-24 11:19:32.284535.284535 cuda_h.py:27] end wait_experts_multi_device cost 188.264 ms
DEBUG 04-24 11:19:32.284898.284898 cuda_h.py:27] end *before fused experts* cost 215.600 ms
DEBUG 04-24 11:19:32.297703.297703 cuda_h.py:27] end gpu_experts_multi_device_fused cost 12.463 ms
DEBUG 04-24 11:19:32.297054.297054 cuda_h.py:27] end *gpu experts* cost 228.355 ms
DEBUG 04-24 11:19:32.299190.299190 cuda_h.py:27] end cpu_experts_scatter_reduce cost 0.727 ms
DEBUG 04-24 11:19:32.299206.299206 cuda_h.py:27] end cpu_thread_manager_mp_wait_fused cost 1.885 ms
DEBUG 04-24 11:19:32.299699.299699 cuda_h.py:27] end layer_moe_generate_mp_multi_device_fused_l_2 cost 233.939 ms
DEBUG 04-24 11:19:32.300254.300254 cuda_h.py:27] end *mlp cost 234.698 ms
DEBUG 04-24 11:19:32.300265.300265 cuda_h.py:27] end prefill_layer cost 237.719 ms
DEBUG 04-24 11:19:32.300465.300465 lmp.py:341] -------------------------------- end prefill layer 1 --------------------------------
DEBUG 04-24 11:19:32.300413.300413 lmp.py:294] -------------------------------- start prefill layer 2 --------------------------------
DEBUG 04-24 11:19:32.300866.300866 cuda_h.py:27] end start_load_qkvogn_s_weight_l_3 cost 0.047 ms
DEBUG 04-24 11:19:32.300718.300718 cuda_h.py:27] end allocate_cuda_memory cost 0.186 ms
DEBUG 04-24 11:19:32.301856.301856 sllm_store_c.py:27] get device uuid map
DEBUG 04-24 11:19:32.301184.301184 sllm_store_c.py:29] call client load into gpu
DEBUG 04-24 11:19:32.302946.302946 cuda_h.py:27] end **self_attn cost 1.412 ms
DEBUG 04-24 11:19:32.303028.303028 cuda_h.py:27] end *iln_self_attn_paln cost 2.702 ms
DEBUG 04-24 11:19:32.303419.303419 cuda_h.py:27] end load_into_gpu_async cost 2.590 ms
DEBUG 04-24 11:19:32.303690.303690 cuda_h.py:27] end restore_tensors2 cost 0.091 ms
DEBUG 04-24 11:19:32.303588.303588 cuda_h.py:27] end allocate_cuda_memory_and_load_into_gpu cost 3.303 ms
DEBUG 04-24 11:19:32.305348.305348 cuda_h.py:27] end gate cost 1.635 ms
DEBUG 04-24 11:19:32.306559.306559 cuda_h.py:27] end experts_map_get cost 0.738 ms
DEBUG 04-24 11:19:32.306888.306888 cuda_h.py:27] end *before experts start* cost 2.754 ms
DEBUG 04-24 11:19:32.307976.307976 cuda_h.py:27] end cpu_experts_submit_fused_mp cost 0.747 ms
DEBUG 04-24 11:19:32.309597.309597 cuda_h.py:27] end *single cpu experts* cost 2.881 ms
DEBUG 04-24 11:19:32.311048.311048 cuda_h.py:27] end prepare_group_stack cost 0.616 ms
DEBUG 04-24 11:19:32.311377.311377 cuda_h.py:27] end prepare_group_stack cost 0.698 ms
DEBUG 04-24 11:19:32.311777.311777 sllm_store_c.py:27] get device uuid map
DEBUG 04-24 11:19:32.311002.311002 sllm_store_c.py:29] call client load into gpu
DEBUG 04-24 11:19:32.312540.312540 cuda_h.py:27] end prepare_group_stack cost 0.826 ms
DEBUG 04-24 11:19:32.312627.312627 cuda_h.py:27] end prepare_group_stack cost 0.800 ms
DEBUG 04-24 11:19:32.312184.312184 cuda_h.py:27] end group stack cost 1.486 ms
DEBUG 04-24 11:19:32.313205.313205 cuda_h.py:27] end move_flatidxs_group_fused_mp cost 2.606 ms
DEBUG 04-24 11:19:32.313792.313792 cuda_h.py:27] end get_fused_experts_names_w cost 0.040 ms
DEBUG 04-24 11:19:32.313205.313205 cuda_h.py:27] end group stack cost 2.342 ms
DEBUG 04-24 11:19:32.314868.314868 cuda_h.py:27] end move_flatidxs_group_fused_mp cost 3.563 ms
DEBUG 04-24 11:19:32.314378.314378 cuda_h.py:27] end restore2model cost 1.016 ms
DEBUG 04-24 11:19:32.314614.314614 cuda_h.py:27] end sllm_worker_task cost 13.750 ms
DEBUG 04-24 11:19:32.314349.314349 cuda_h.py:27] end get_fused_experts_names_w cost 0.039 ms
DEBUG 04-24 11:19:32.314382.314382 cuda_h.py:27] end group stack cost 2.278 ms
DEBUG 04-24 11:19:32.314968.314968 cuda_h.py:27] end restore_fused_tensors cost 1.211 ms
DEBUG 04-24 11:19:32.315589.315589 cuda_h.py:27] end group_fused_tensors_mp cost 1.687 ms
DEBUG 04-24 11:19:32.315742.315742 cuda_h.py:27] end move_flatidxs_group_fused_mp cost 3.733 ms
DEBUG 04-24 11:19:32.315761.315761 cuda_h.py:27] end group stack cost 2.695 ms
DEBUG 04-24 11:19:32.315221.315221 cuda_h.py:27] end get_fused_experts_names_w cost 0.038 ms
DEBUG 04-24 11:19:32.315280.315280 cuda_h.py:27] end move_flatidxs_group_fused_mp cost 4.316 ms
DEBUG 04-24 11:19:32.316329.316329 cuda_h.py:27] end get_fused_experts_names_w cost 0.043 ms
DEBUG 04-24 11:19:32.316953.316953 cuda_h.py:27] end load_into_gpu_async_fused_experts_dual cost 4.272 ms
DEBUG 04-24 11:19:32.316084.316084 cuda_h.py:27] end restore_fused_tensors cost 1.282 ms
DEBUG 04-24 11:19:32.316975.316975 cuda_h.py:27] end group_fused_tensors_mp cost 1.910 ms
DEBUG 04-24 11:19:32.316428.316428 cuda_h.py:27] end restore_tensors2_fused_experts_packed cost 0.134 ms
DEBUG 04-24 11:19:32.316260.316260 cuda_h.py:27] end restore_fused_tensors cost 1.059 ms
DEBUG 04-24 11:19:32.316761.316761 cuda_h.py:27] end group_fused_tensors_mp cost 1.535 ms
DEBUG 04-24 11:19:32.317294.317294 cuda_h.py:27] end restore_fused_tensors cost 1.276 ms
DEBUG 04-24 11:19:32.317458.317458 cuda_h.py:27] end group_fused_tensors_mp cost 1.725 ms
DEBUG 04-24 11:19:32.317103.317103 cuda_h.py:27] end restore_tensors2_fused_experts_slices cost 1.195 ms
DEBUG 04-24 11:19:32.318945.318945 cuda_h.py:27] end allocate_experts_cuda_memory_and_restore_model_multi_device_fused cost 9.016 ms
DEBUG 04-24 11:19:32.318296.318296 cuda_h.py:27] end gpu_sexperts cost 0.028 ms
DEBUG 04-24 11:19:32.319817.319817 cuda_h.py:27] end wait_load_qkvogn_s_weight cost 0.072 ms
DEBUG 04-24 11:19:32.329778.329778 mlpmodule.py:3373] [fused_group_bmm][steps] bmm1=7.965 ms split=0.182 ms act_mul=0.635 ms bmm2=4.757 ms
DEBUG 04-24 11:19:32.329316.329316 cuda_h.py:27] end fused_group_bmm cost 13.839 ms
DEBUG 04-24 11:19:32.329596.329596 cuda_h.py:27] end gather_outputs_group_fused_mp cost 0.407 ms
DEBUG 04-24 11:19:32.330011.330011 cuda_h.py:27] end cpu_experts_worker_bmm_or_einsum_0 cost 20.924 ms
DEBUG 04-24 11:19:32.334880.334880 mlpmodule.py:3373] [fused_group_bmm][steps] bmm1=11.183 ms split=0.208 ms act_mul=0.590 ms bmm2=4.937 ms
DEBUG 04-24 11:19:32.334196.334196 cuda_h.py:27] end fused_group_bmm cost 17.317 ms
DEBUG 04-24 11:19:32.335278.335278 cuda_h.py:27] end gather_outputs_group_fused_mp cost 0.666 ms
DEBUG 04-24 11:19:32.336853.336853 cuda_h.py:27] end cpu_experts_worker_bmm_or_einsum_1 cost 25.537 ms
DEBUG 04-24 11:19:32.336585.336585 mlpmodule.py:3373] [fused_group_bmm][steps] bmm1=12.476 ms split=0.137 ms act_mul=0.339 ms bmm2=6.422 ms
DEBUG 04-24 11:19:32.336360.336360 cuda_h.py:27] end fused_group_bmm cost 19.632 ms
DEBUG 04-24 11:19:32.336127.336127 mlpmodule.py:3373] [fused_group_bmm][steps] bmm1=11.734 ms split=0.132 ms act_mul=0.530 ms bmm2=6.080 ms
DEBUG 04-24 11:19:32.336102.336102 cuda_h.py:27] end fused_group_bmm cost 18.780 ms
DEBUG 04-24 11:19:32.337342.337342 cuda_h.py:27] end gather_outputs_group_fused_mp cost 0.650 ms
DEBUG 04-24 11:19:32.337121.337121 cuda_h.py:27] end gather_outputs_group_fused_mp cost 0.579 ms
DEBUG 04-24 11:19:32.337596.337596 cuda_h.py:27] end cpu_experts_worker_bmm_or_einsum_2 cost 28.227 ms
DEBUG 04-24 11:19:32.338888.338888 cuda_h.py:27] end cpu_experts_worker_bmm_or_einsum_3 cost 27.531 ms
DEBUG 04-24 11:19:32.339503.339503 cuda_h.py:27] end prepare_per_device_parameters cost 19.759 ms
DEBUG 04-24 11:19:32.343122.343122 cuda_h.py:27] end wait_experts_multi_device cost 3.683 ms
DEBUG 04-24 11:19:32.343939.343939 cuda_h.py:27] end *before fused experts* cost 33.995 ms
DEBUG 04-24 11:19:32.348487.348487 cuda_h.py:27] end gpu_experts_multi_device_fused cost 5.238 ms
DEBUG 04-24 11:19:32.348324.348324 cuda_h.py:27] end *gpu experts* cost 39.371 ms
DEBUG 04-24 11:19:32.350141.350141 cuda_h.py:27] end cpu_experts_scatter_reduce cost 0.601 ms
DEBUG 04-24 11:19:32.350951.350951 cuda_h.py:27] end cpu_thread_manager_mp_wait_fused cost 1.691 ms
DEBUG 04-24 11:19:32.350139.350139 cuda_h.py:27] end layer_moe_generate_mp_multi_device_fused_l_3 cost 47.051 ms
DEBUG 04-24 11:19:32.351429.351429 cuda_h.py:27] end *mlp cost 47.788 ms
DEBUG 04-24 11:19:32.351663.351663 cuda_h.py:27] end prefill_layer cost 50.781 ms
DEBUG 04-24 11:19:32.351273.351273 lmp.py:341] -------------------------------- end prefill layer 2 --------------------------------
DEBUG 04-24 11:19:32.351849.351849 lmp.py:294] -------------------------------- start prefill layer 3 --------------------------------
DEBUG 04-24 11:19:32.351679.351679 cuda_h.py:27] end start_load_qkvogn_s_weight_l_4 cost 0.046 ms
DEBUG 04-24 11:19:32.351219.351219 cuda_h.py:27] end allocate_cuda_memory cost 0.151 ms
DEBUG 04-24 11:19:32.352277.352277 sllm_store_c.py:27] get device uuid map
DEBUG 04-24 11:19:32.352639.352639 sllm_store_c.py:29] call client load into gpu
DEBUG 04-24 11:19:32.353154.353154 cuda_h.py:27] end **self_attn cost 1.228 ms
DEBUG 04-24 11:19:32.353599.353599 cuda_h.py:27] end *iln_self_attn_paln cost 2.417 ms
DEBUG 04-24 11:19:32.354659.354659 cuda_h.py:27] end load_into_gpu_async cost 2.104 ms
DEBUG 04-24 11:19:32.354452.354452 cuda_h.py:27] end restore_tensors2 cost 0.082 ms
DEBUG 04-24 11:19:32.354647.354647 cuda_h.py:27] end allocate_cuda_memory_and_load_into_gpu cost 2.696 ms
DEBUG 04-24 11:19:32.354733.354733 cuda_h.py:27] end gate cost 0.896 ms
DEBUG 04-24 11:19:32.355845.355845 cuda_h.py:27] end experts_map_get cost 0.312 ms
DEBUG 04-24 11:19:32.355536.355536 cuda_h.py:27] end *before experts start* cost 1.359 ms
DEBUG 04-24 11:19:32.355447.355447 cuda_h.py:27] end cpu_experts_submit_fused_mp cost 0.290 ms
DEBUG 04-24 11:19:32.356168.356168 cuda_h.py:27] end *single cpu experts* cost 1.240 ms
DEBUG 04-24 11:19:32.358736.358736 cuda_h.py:27] end prepare_group_stack cost 0.436 ms
DEBUG 04-24 11:19:32.358196.358196 cuda_h.py:27] end prepare_group_stack cost 0.499 ms
DEBUG 04-24 11:19:32.358587.358587 sllm_store_c.py:27] get device uuid map
DEBUG 04-24 11:19:32.358795.358795 sllm_store_c.py:29] call client load into gpu
DEBUG 04-24 11:19:32.359220.359220 cuda_h.py:27] end group stack cost 0.686 ms
DEBUG 04-24 11:19:32.359898.359898 cuda_h.py:27] end prepare_group_stack cost 0.398 ms
DEBUG 04-24 11:19:32.359126.359126 cuda_h.py:27] end move_flatidxs_group_fused_mp cost 1.411 ms
DEBUG 04-24 11:19:32.359895.359895 cuda_h.py:27] end prepare_group_stack cost 0.467 ms
DEBUG 04-24 11:19:32.359186.359186 cuda_h.py:27] end get_fused_experts_names_w cost 0.026 ms
DEBUG 04-24 11:19:32.359681.359681 cuda_h.py:27] end group stack cost 1.004 ms
DEBUG 04-24 11:19:32.359848.359848 cuda_h.py:27] end move_flatidxs_group_fused_mp cost 1.981 ms
DEBUG 04-24 11:19:32.359841.359841 cuda_h.py:27] end get_fused_experts_names_w cost 0.022 ms
DEBUG 04-24 11:19:32.360806.360806 cuda_h.py:27] end restore_fused_tensors cost 0.777 ms
DEBUG 04-24 11:19:32.360306.360306 cuda_h.py:27] end group_fused_tensors_mp cost 1.032 ms
DEBUG 04-24 11:19:32.360981.360981 cuda_h.py:27] end restore_fused_tensors cost 0.549 ms
DEBUG 04-24 11:19:32.360400.360400 cuda_h.py:27] end group_fused_tensors_mp cost 0.683 ms
DEBUG 04-24 11:19:32.360817.360817 cuda_h.py:27] end group stack cost 1.247 ms
DEBUG 04-24 11:19:32.360747.360747 cuda_h.py:27] end move_flatidxs_group_fused_mp cost 1.987 ms
DEBUG 04-24 11:19:32.360092.360092 cuda_h.py:27] end get_fused_experts_names_w cost 0.023 ms
DEBUG 04-24 11:19:32.361103.361103 cuda_h.py:27] end restore_fused_tensors cost 0.498 ms
DEBUG 04-24 11:19:32.361655.361655 cuda_h.py:27] end group_fused_tensors_mp cost 0.616 ms
DEBUG 04-24 11:19:32.363906.363906 cuda_h.py:27] end group stack cost 3.785 ms
DEBUG 04-24 11:19:32.363724.363724 cuda_h.py:27] end move_flatidxs_group_fused_mp cost 4.706 ms
DEBUG 04-24 11:19:32.363556.363556 cuda_h.py:27] end get_fused_experts_names_w cost 0.062 ms
DEBUG 04-24 11:19:32.363648.363648 cuda_h.py:27] end restore2model cost 1.835 ms
DEBUG 04-24 11:19:32.364766.364766 cuda_h.py:27] end load_into_gpu_async_fused_experts_dual cost 5.517 ms
DEBUG 04-24 11:19:32.364662.364662 cuda_h.py:27] end restore_fused_tensors cost 0.734 ms
DEBUG 04-24 11:19:32.364511.364511 cuda_h.py:27] end sllm_worker_task cost 12.666 ms
DEBUG 04-24 11:19:32.364175.364175 cuda_h.py:27] end group_fused_tensors_mp cost 1.329 ms
DEBUG 04-24 11:19:32.364781.364781 cuda_h.py:27] end restore_tensors2_fused_experts_packed cost 0.191 ms
DEBUG 04-24 11:19:32.365357.365357 cuda_h.py:27] end restore_tensors2_fused_experts_slices cost 0.446 ms
DEBUG 04-24 11:19:32.365224.365224 cuda_h.py:27] end allocate_experts_cuda_memory_and_restore_model_multi_device_fused cost 8.931 ms
DEBUG 04-24 11:19:32.365786.365786 cuda_h.py:27] end gpu_sexperts cost 0.016 ms
DEBUG 04-24 11:19:32.365802.365802 cuda_h.py:27] end wait_load_qkvogn_s_weight cost 0.028 ms
DEBUG 04-24 11:19:32.370171.370171 mlpmodule.py:3373] [fused_group_bmm][steps] bmm1=5.281 ms split=0.139 ms act_mul=0.504 ms bmm2=3.504 ms
DEBUG 04-24 11:19:32.370200.370200 cuda_h.py:27] end fused_group_bmm cost 9.741 ms
DEBUG 04-24 11:19:32.370164.370164 cuda_h.py:27] end gather_outputs_group_fused_mp cost 0.450 ms
DEBUG 04-24 11:19:32.371427.371427 cuda_h.py:27] end cpu_experts_worker_bmm_or_einsum_0 cost 14.590 ms
DEBUG 04-24 11:19:32.374912.374912 mlpmodule.py:3373] [fused_group_bmm][steps] bmm1=8.614 ms split=0.233 ms act_mul=0.414 ms bmm2=4.616 ms
DEBUG 04-24 11:19:32.375969.375969 cuda_h.py:27] end fused_group_bmm cost 14.260 ms
DEBUG 04-24 11:19:32.375020.375020 cuda_h.py:27] end gather_outputs_group_fused_mp cost 0.680 ms
DEBUG 04-24 11:19:32.376821.376821 cuda_h.py:27] end cpu_experts_worker_bmm_or_einsum_1 cost 20.005 ms
DEBUG 04-24 11:19:32.378977.378977 mlpmodule.py:3373] [fused_group_bmm][steps] bmm1=10.859 ms split=0.189 ms act_mul=0.441 ms bmm2=5.482 ms
DEBUG 04-24 11:19:32.378613.378613 cuda_h.py:27] end fused_group_bmm cost 17.228 ms
DEBUG 04-24 11:19:32.379912.379912 cuda_h.py:27] end gather_outputs_group_fused_mp cost 0.618 ms
DEBUG 04-24 11:19:32.380275.380275 cuda_h.py:27] end cpu_experts_worker_bmm_or_einsum_2 cost 22.543 ms
DEBUG 04-24 11:19:32.382130.382130 mlpmodule.py:3373] [fused_group_bmm][steps] bmm1=11.736 ms split=0.212 ms act_mul=0.391 ms bmm2=4.858 ms
DEBUG 04-24 11:19:32.382291.382291 cuda_h.py:27] end fused_group_bmm cost 17.496 ms
DEBUG 04-24 11:19:32.383424.383424 cuda_h.py:27] end gather_outputs_group_fused_mp cost 0.636 ms
DEBUG 04-24 11:19:32.384652.384652 cuda_h.py:27] end prepare_per_device_parameters cost 18.106 ms
DEBUG 04-24 11:19:32.384428.384428 cuda_h.py:27] end cpu_experts_worker_bmm_or_einsum_3 cost 26.522 ms
DEBUG 04-24 11:19:32.385721.385721 cuda_h.py:27] end wait_experts_multi_device cost 1.365 ms
DEBUG 04-24 11:19:32.385710.385710 cuda_h.py:27] end *before fused experts* cost 28.994 ms
DEBUG 04-24 11:19:32.390300.390300 cuda_h.py:27] end gpu_experts_multi_device_fused cost 4.328 ms
DEBUG 04-24 11:19:32.390740.390740 cuda_h.py:27] end *gpu experts* cost 33.439 ms
DEBUG 04-24 11:19:32.392342.392342 cuda_h.py:27] end cpu_experts_scatter_reduce cost 0.806 ms
DEBUG 04-24 11:19:32.392238.392238 cuda_h.py:27] end cpu_thread_manager_mp_wait_fused cost 1.984 ms
DEBUG 04-24 11:19:32.392757.392757 cuda_h.py:27] end layer_moe_generate_mp_multi_device_fused_l_4 cost 38.212 ms
DEBUG 04-24 11:19:32.393519.393519 cuda_h.py:27] end *mlp cost 39.019 ms
DEBUG 04-24 11:19:32.393178.393178 cuda_h.py:27] end prefill_layer cost 41.674 ms
DEBUG 04-24 11:19:32.393026.393026 lmp.py:341] -------------------------------- end prefill layer 3 --------------------------------
DEBUG 04-24 11:19:32.393078.393078 lmp.py:294] -------------------------------- start prefill layer 4 --------------------------------
DEBUG 04-24 11:19:32.393495.393495 cuda_h.py:27] end start_load_qkvogn_s_weight_l_5 cost 0.044 ms
DEBUG 04-24 11:19:32.393652.393652 cuda_h.py:27] end allocate_cuda_memory cost 0.207 ms
DEBUG 04-24 11:19:32.394876.394876 sllm_store_c.py:27] get device uuid map
DEBUG 04-24 11:19:32.394747.394747 sllm_store_c.py:29] call client load into gpu
DEBUG 04-24 11:19:32.395008.395008 cuda_h.py:27] end load_into_gpu_async cost 1.571 ms
DEBUG 04-24 11:19:32.395748.395748 cuda_h.py:27] end restore_tensors2 cost 0.095 ms
DEBUG 04-24 11:19:32.395953.395953 cuda_h.py:27] end allocate_cuda_memory_and_load_into_gpu cost 2.340 ms
DEBUG 04-24 11:19:32.396388.396388 cuda_h.py:27] end **self_attn cost 1.601 ms
DEBUG 04-24 11:19:32.396097.396097 cuda_h.py:27] end *iln_self_attn_paln cost 2.988 ms
DEBUG 04-24 11:19:32.397932.397932 cuda_h.py:27] end gate cost 0.545 ms
DEBUG 04-24 11:19:32.397766.397766 cuda_h.py:27] end experts_map_get cost 0.319 ms
DEBUG 04-24 11:19:32.397695.397695 cuda_h.py:27] end *before experts start* cost 1.012 ms
DEBUG 04-24 11:19:32.397691.397691 cuda_h.py:27] end cpu_experts_submit_fused_mp cost 0.249 ms
DEBUG 04-24 11:19:32.398498.398498 cuda_h.py:27] end *single cpu experts* cost 1.190 ms
DEBUG 04-24 11:19:32.400508.400508 sllm_store_c.py:27] get device uuid map
DEBUG 04-24 11:19:32.400259.400259 sllm_store_c.py:29] call client load into gpu
DEBUG 04-24 11:19:32.400643.400643 cuda_h.py:27] end prepare_group_stack cost 0.400 ms
DEBUG 04-24 11:19:32.400441.400441 cuda_h.py:27] end prepare_group_stack cost 0.478 ms
DEBUG 04-24 11:19:32.400433.400433 cuda_h.py:27] end prepare_group_stack cost 0.557 ms
DEBUG 04-24 11:19:32.401951.401951 cuda_h.py:27] end prepare_group_stack cost 0.599 ms
DEBUG 04-24 11:19:32.401469.401469 cuda_h.py:27] end group stack cost 0.705 ms
DEBUG 04-24 11:19:32.401764.401764 cuda_h.py:27] end move_flatidxs_group_fused_mp cost 1.457 ms
DEBUG 04-24 11:19:32.402600.402600 cuda_h.py:27] end get_fused_experts_names_w cost 0.023 ms
DEBUG 04-24 11:19:32.402043.402043 cuda_h.py:27] end group stack cost 1.219 ms
DEBUG 04-24 11:19:32.402364.402364 cuda_h.py:27] end move_flatidxs_group_fused_mp cost 1.945 ms
DEBUG 04-24 11:19:32.402160.402160 cuda_h.py:27] end group stack cost 1.144 ms
DEBUG 04-24 11:19:32.402329.402329 cuda_h.py:27] end get_fused_experts_names_w cost 0.021 ms
DEBUG 04-24 11:19:32.402171.402171 cuda_h.py:27] end move_flatidxs_group_fused_mp cost 2.043 ms
DEBUG 04-24 11:19:32.402964.402964 cuda_h.py:27] end get_fused_experts_names_w cost 0.022 ms
DEBUG 04-24 11:19:32.402524.402524 cuda_h.py:27] end restore_fused_tensors cost 0.602 ms
DEBUG 04-24 11:19:32.402267.402267 cuda_h.py:27] end group stack cost 1.592 ms
DEBUG 04-24 11:19:32.402548.402548 cuda_h.py:27] end group_fused_tensors_mp cost 0.867 ms
DEBUG 04-24 11:19:32.402994.402994 cuda_h.py:27] end move_flatidxs_group_fused_mp cost 2.501 ms
DEBUG 04-24 11:19:32.403308.403308 cuda_h.py:27] end restore_fused_tensors cost 0.506 ms
DEBUG 04-24 11:19:32.403349.403349 cuda_h.py:27] end get_fused_experts_names_w cost 0.026 ms
DEBUG 04-24 11:19:32.403306.403306 cuda_h.py:27] end group_fused_tensors_mp cost 0.709 ms
DEBUG 04-24 11:19:32.403702.403702 cuda_h.py:27] end restore_fused_tensors cost 0.569 ms
DEBUG 04-24 11:19:32.403452.403452 cuda_h.py:27] end group_fused_tensors_mp cost 0.772 ms
DEBUG 04-24 11:19:32.403246.403246 cuda_h.py:27] end restore_fused_tensors cost 0.574 ms
DEBUG 04-24 11:19:32.403779.403779 cuda_h.py:27] end group_fused_tensors_mp cost 0.803 ms
DEBUG 04-24 11:19:32.410122.410122 cuda_h.py:27] end restore2model cost 1.274 ms
DEBUG 04-24 11:19:32.410216.410216 cuda_h.py:27] end sllm_worker_task cost 16.721 ms
DEBUG 04-24 11:19:32.410131.410131 cuda_h.py:27] end load_into_gpu_async_fused_experts_dual cost 10.107 ms
DEBUG 04-24 11:19:32.411758.411758 cuda_h.py:27] end restore_tensors2_fused_experts_packed cost 0.185 ms
DEBUG 04-24 11:19:32.411191.411191 cuda_h.py:27] end restore_tensors2_fused_experts_slices cost 0.432 ms
DEBUG 04-24 11:19:32.411469.411469 cuda_h.py:27] end allocate_experts_cuda_memory_and_restore_model_multi_device_fused cost 12.907 ms
DEBUG 04-24 11:19:32.412465.412465 cuda_h.py:27] end gpu_sexperts cost 0.019 ms
DEBUG 04-24 11:19:32.412371.412371 cuda_h.py:27] end wait_load_qkvogn_s_weight cost 0.059 ms
DEBUG 04-24 11:19:32.414126.414126 mlpmodule.py:3373] [fused_group_bmm][steps] bmm1=7.193 ms split=0.151 ms act_mul=0.415 ms bmm2=3.606 ms
DEBUG 04-24 11:19:32.414067.414067 cuda_h.py:27] end fused_group_bmm cost 11.598 ms
DEBUG 04-24 11:19:32.415421.415421 cuda_h.py:27] end gather_outputs_group_fused_mp cost 0.456 ms
DEBUG 04-24 11:19:32.415805.415805 cuda_h.py:27] end cpu_experts_worker_bmm_or_einsum_0 cost 16.178 ms
DEBUG 04-24 11:19:32.417590.417590 mlpmodule.py:3373] [fused_group_bmm][steps] bmm1=8.904 ms split=0.147 ms act_mul=0.546 ms bmm2=4.370 ms
DEBUG 04-24 11:19:32.418698.418698 cuda_h.py:27] end fused_group_bmm cost 14.258 ms
DEBUG 04-24 11:19:32.418287.418287 cuda_h.py:27] end gather_outputs_group_fused_mp cost 0.582 ms
DEBUG 04-24 11:19:32.419797.419797 mlpmodule.py:3373] [fused_group_bmm][steps] bmm1=10.071 ms split=0.253 ms act_mul=0.407 ms bmm2=5.342 ms
DEBUG 04-24 11:19:32.419180.419180 cuda_h.py:27] end cpu_experts_worker_bmm_or_einsum_3 cost 19.980 ms
DEBUG 04-24 11:19:32.419657.419657 cuda_h.py:27] end fused_group_bmm cost 16.332 ms
DEBUG 04-24 11:19:32.420535.420535 cuda_h.py:27] end gather_outputs_group_fused_mp cost 0.699 ms
DEBUG 04-24 11:19:32.421978.421978 cuda_h.py:27] end cpu_experts_worker_bmm_or_einsum_2 cost 21.714 ms
DEBUG 04-24 11:19:32.422951.422951 mlpmodule.py:3373] [fused_group_bmm][steps] bmm1=13.419 ms split=0.373 ms act_mul=0.623 ms bmm2=4.241 ms
DEBUG 04-24 11:19:32.423130.423130 cuda_h.py:27] end fused_group_bmm cost 19.794 ms
DEBUG 04-24 11:19:32.424088.424088 cuda_h.py:27] end gather_outputs_group_fused_mp cost 0.735 ms
DEBUG 04-24 11:19:32.425244.425244 cuda_h.py:27] end cpu_experts_worker_bmm_or_einsum_1 cost 25.883 ms
DEBUG 04-24 11:19:32.427121.427121 cuda_h.py:27] end prepare_per_device_parameters cost 15.097 ms
DEBUG 04-24 11:19:32.430062.430062 cuda_h.py:27] end wait_experts_multi_device cost 3.067 ms
DEBUG 04-24 11:19:32.431035.431035 cuda_h.py:27] end *before fused experts* cost 32.174 ms
DEBUG 04-24 11:19:32.435634.435634 cuda_h.py:27] end gpu_experts_multi_device_fused cost 4.373 ms
DEBUG 04-24 11:19:32.435444.435444 cuda_h.py:27] end *gpu experts* cost 36.700 ms
DEBUG 04-24 11:19:32.437251.437251 cuda_h.py:27] end cpu_experts_scatter_reduce cost 0.591 ms
DEBUG 04-24 11:19:32.437717.437717 cuda_h.py:27] end cpu_thread_manager_mp_wait_fused cost 1.783 ms
DEBUG 04-24 11:19:32.437117.437117 cuda_h.py:27] end layer_moe_generate_mp_multi_device_fused_l_5 cost 40.895 ms
DEBUG 04-24 11:19:32.438745.438745 cuda_h.py:27] end *mlp cost 41.847 ms
DEBUG 04-24 11:19:32.438311.438311 cuda_h.py:27] end prefill_layer cost 45.151 ms
DEBUG 04-24 11:19:32.438398.438398 lmp.py:341] -------------------------------- end prefill layer 4 --------------------------------
DEBUG 04-24 11:19:32.438073.438073 lmp.py:294] -------------------------------- start prefill layer 5 --------------------------------
DEBUG 04-24 11:19:32.438427.438427 cuda_h.py:27] end start_load_qkvogn_s_weight_l_6 cost 0.042 ms
DEBUG 04-24 11:19:32.439411.439411 cuda_h.py:27] end allocate_cuda_memory cost 0.184 ms
DEBUG 04-24 11:19:32.439124.439124 sllm_store_c.py:27] get device uuid map
DEBUG 04-24 11:19:32.439262.439262 sllm_store_c.py:29] call client load into gpu
DEBUG 04-24 11:19:32.440125.440125 cuda_h.py:27] end load_into_gpu_async cost 1.613 ms
DEBUG 04-24 11:19:32.441581.441581 cuda_h.py:27] end restore_tensors2 cost 0.094 ms
DEBUG 04-24 11:19:32.441884.441884 cuda_h.py:27] end allocate_cuda_memory_and_load_into_gpu cost 2.293 ms
DEBUG 04-24 11:19:32.448459.448459 cuda_h.py:27] end restore2model cost 0.599 ms
DEBUG 04-24 11:19:32.448177.448177 cuda_h.py:27] end sllm_worker_task cost 10.060 ms
DEBUG 04-24 11:19:32.489563.489563 cuda_h.py:27] end **self_attn cost 50.036 ms
DEBUG 04-24 11:19:32.490234.490234 cuda_h.py:27] end *iln_self_attn_paln cost 51.454 ms
DEBUG 04-24 11:19:32.491177.491177 cuda_h.py:27] end gate cost 0.533 ms
DEBUG 04-24 11:19:32.491594.491594 cuda_h.py:27] end experts_map_get cost 0.289 ms
DEBUG 04-24 11:19:32.491530.491530 cuda_h.py:27] end *before experts start* cost 0.979 ms
DEBUG 04-24 11:19:32.492918.492918 cuda_h.py:27] end cpu_experts_submit_fused_mp cost 0.211 ms
DEBUG 04-24 11:19:32.493485.493485 cuda_h.py:27] end *single cpu experts* cost 1.889 ms
DEBUG 04-24 11:19:32.494865.494865 cuda_h.py:27] end prepare_group_stack cost 0.519 ms
DEBUG 04-24 11:19:32.494314.494314 cuda_h.py:27] end prepare_group_stack cost 0.780 ms
DEBUG 04-24 11:19:32.495604.495604 sllm_store_c.py:27] get device uuid map
DEBUG 04-24 11:19:32.495733.495733 sllm_store_c.py:29] call client load into gpu
DEBUG 04-24 11:19:32.495025.495025 cuda_h.py:27] end prepare_group_stack cost 0.658 ms
DEBUG 04-24 11:19:32.495566.495566 cuda_h.py:27] end group stack cost 1.159 ms
DEBUG 04-24 11:19:32.496169.496169 cuda_h.py:27] end move_flatidxs_group_fused_mp cost 2.114 ms
DEBUG 04-24 11:19:32.496673.496673 cuda_h.py:27] end prepare_group_stack cost 0.858 ms
DEBUG 04-24 11:19:32.496965.496965 cuda_h.py:27] end get_fused_experts_names_w cost 0.034 ms
DEBUG 04-24 11:19:32.497482.497482 cuda_h.py:27] end restore_fused_tensors cost 0.925 ms
DEBUG 04-24 11:19:32.497685.497685 cuda_h.py:27] end group_fused_tensors_mp cost 1.168 ms
DEBUG 04-24 11:19:32.497475.497475 cuda_h.py:27] end group stack cost 2.366 ms
DEBUG 04-24 11:19:32.497010.497010 cuda_h.py:27] end move_flatidxs_group_fused_mp cost 3.803 ms
DEBUG 04-24 11:19:32.498581.498581 cuda_h.py:27] end load_into_gpu_async_fused_experts_dual cost 3.287 ms
DEBUG 04-24 11:19:32.498216.498216 cuda_h.py:27] end get_fused_experts_names_w cost 0.199 ms
DEBUG 04-24 11:19:32.498552.498552 cuda_h.py:27] end restore_tensors2_fused_experts_packed cost 0.058 ms
DEBUG 04-24 11:19:32.498689.498689 cuda_h.py:27] end group stack cost 2.402 ms
DEBUG 04-24 11:19:32.498855.498855 cuda_h.py:27] end move_flatidxs_group_fused_mp cost 3.557 ms
DEBUG 04-24 11:19:32.498961.498961 cuda_h.py:27] end restore_tensors2_fused_experts_slices cost 0.288 ms
DEBUG 04-24 11:19:32.498390.498390 cuda_h.py:27] end group stack cost 2.405 ms
DEBUG 04-24 11:19:32.498778.498778 cuda_h.py:27] end allocate_experts_cuda_memory_and_restore_model_multi_device_fused cost 5.142 ms
DEBUG 04-24 11:19:32.498784.498784 cuda_h.py:27] end get_fused_experts_names_w cost 0.042 ms
DEBUG 04-24 11:19:32.499285.499285 cuda_h.py:27] end gpu_sexperts cost 0.011 ms
DEBUG 04-24 11:19:32.499425.499425 cuda_h.py:27] end move_flatidxs_group_fused_mp cost 3.973 ms
DEBUG 04-24 11:19:32.499481.499481 cuda_h.py:27] end wait_load_qkvogn_s_weight cost 0.024 ms
DEBUG 04-24 11:19:32.499272.499272 cuda_h.py:27] end get_fused_experts_names_w cost 0.041 ms
DEBUG 04-24 11:19:32.499892.499892 cuda_h.py:27] end restore_fused_tensors cost 1.090 ms
DEBUG 04-24 11:19:32.499780.499780 cuda_h.py:27] end group_fused_tensors_mp cost 1.606 ms
DEBUG 04-24 11:19:32.500609.500609 cuda_h.py:27] end restore_fused_tensors cost 1.166 ms
DEBUG 04-24 11:19:32.500913.500913 cuda_h.py:27] end group_fused_tensors_mp cost 1.724 ms
DEBUG 04-24 11:19:32.500068.500068 cuda_h.py:27] end restore_fused_tensors cost 1.182 ms
DEBUG 04-24 11:19:32.501457.501457 cuda_h.py:27] end group_fused_tensors_mp cost 1.623 ms
DEBUG 04-24 11:19:32.511570.511570 mlpmodule.py:3373] [fused_group_bmm][steps] bmm1=7.539 ms split=0.177 ms act_mul=0.613 ms bmm2=5.594 ms
DEBUG 04-24 11:19:32.511604.511604 cuda_h.py:27] end fused_group_bmm cost 14.215 ms
DEBUG 04-24 11:19:32.512900.512900 cuda_h.py:27] end gather_outputs_group_fused_mp cost 0.487 ms
DEBUG 04-24 11:19:32.513206.513206 cuda_h.py:27] end cpu_experts_worker_bmm_or_einsum_0 cost 19.784 ms
DEBUG 04-24 11:19:32.515836.515836 cuda_h.py:27] end prepare_per_device_parameters cost 16.229 ms
DEBUG 04-24 11:19:32.516714.516714 mlpmodule.py:3373] [fused_group_bmm][steps] bmm1=9.467 ms split=0.253 ms act_mul=0.620 ms bmm2=5.405 ms
DEBUG 04-24 11:19:32.516453.516453 cuda_h.py:27] end fused_group_bmm cost 16.090 ms
DEBUG 04-24 11:19:32.517445.517445 cuda_h.py:27] end gather_outputs_group_fused_mp cost 0.598 ms
DEBUG 04-24 11:19:32.517748.517748 cuda_h.py:27] end cpu_experts_worker_bmm_or_einsum_1 cost 24.309 ms
DEBUG 04-24 11:19:32.518571.518571 mlpmodule.py:3373] [fused_group_bmm][steps] bmm1=11.563 ms split=0.189 ms act_mul=0.404 ms bmm2=5.041 ms
DEBUG 04-24 11:19:32.518089.518089 cuda_h.py:27] end fused_group_bmm cost 17.474 ms
DEBUG 04-24 11:19:32.519870.519870 cuda_h.py:27] end gather_outputs_group_fused_mp cost 0.546 ms
DEBUG 04-24 11:19:32.519439.519439 cuda_h.py:27] end cpu_experts_worker_bmm_or_einsum_3 cost 25.224 ms
DEBUG 04-24 11:19:32.521629.521629 mlpmodule.py:3373] [fused_group_bmm][steps] bmm1=14.286 ms split=0.138 ms act_mul=0.388 ms bmm2=5.468 ms
DEBUG 04-24 11:19:32.521093.521093 cuda_h.py:27] end fused_group_bmm cost 20.513 ms
DEBUG 04-24 11:19:32.522243.522243 cuda_h.py:27] end gather_outputs_group_fused_mp cost 0.535 ms
DEBUG 04-24 11:19:32.522458.522458 cuda_h.py:27] end cpu_experts_worker_bmm_or_einsum_2 cost 28.177 ms
DEBUG 04-24 11:19:32.523857.523857 cuda_h.py:27] end wait_experts_multi_device cost 7.202 ms
DEBUG 04-24 11:19:32.523330.523330 cuda_h.py:27] end *before fused experts* cost 29.534 ms
DEBUG 04-24 11:19:32.528913.528913 cuda_h.py:27] end gpu_experts_multi_device_fused cost 5.303 ms
DEBUG 04-24 11:19:32.528922.528922 cuda_h.py:27] end *gpu experts* cost 34.956 ms
DEBUG 04-24 11:19:32.530155.530155 cuda_h.py:27] end cpu_experts_scatter_reduce cost 0.574 ms
DEBUG 04-24 11:19:32.530382.530382 cuda_h.py:27] end cpu_thread_manager_mp_wait_fused cost 1.639 ms
DEBUG 04-24 11:19:32.530736.530736 cuda_h.py:27] end layer_moe_generate_mp_multi_device_fused_l_6 cost 39.966 ms
DEBUG 04-24 11:19:32.531190.531190 cuda_h.py:27] end *mlp cost 40.860 ms
DEBUG 04-24 11:19:32.531073.531073 cuda_h.py:27] end prefill_layer cost 92.765 ms
DEBUG 04-24 11:19:32.531160.531160 lmp.py:341] -------------------------------- end prefill layer 5 --------------------------------
DEBUG 04-24 11:19:32.531942.531942 lmp.py:294] -------------------------------- start prefill layer 6 --------------------------------
DEBUG 04-24 11:19:32.531050.531050 cuda_h.py:27] end start_load_qkvogn_s_weight_l_7 cost 0.044 ms
DEBUG 04-24 11:19:32.532915.532915 cuda_h.py:27] end allocate_cuda_memory cost 0.167 ms
DEBUG 04-24 11:19:32.532322.532322 sllm_store_c.py:27] get device uuid map
DEBUG 04-24 11:19:32.532255.532255 sllm_store_c.py:29] call client load into gpu
DEBUG 04-24 11:19:32.533810.533810 cuda_h.py:27] end load_into_gpu_async cost 1.517 ms
DEBUG 04-24 11:19:32.533908.533908 cuda_h.py:27] end restore_tensors2 cost 0.092 ms
DEBUG 04-24 11:19:32.533327.533327 cuda_h.py:27] end allocate_cuda_memory_and_load_into_gpu cost 2.025 ms
DEBUG 04-24 11:19:32.533369.533369 cuda_h.py:27] end **self_attn cost 1.550 ms
DEBUG 04-24 11:19:32.534300.534300 cuda_h.py:27] end *iln_self_attn_paln cost 2.551 ms
DEBUG 04-24 11:19:32.534113.534113 cuda_h.py:27] end gate cost 0.498 ms
DEBUG 04-24 11:19:32.535424.535424 cuda_h.py:27] end experts_map_get cost 0.287 ms
DEBUG 04-24 11:19:32.535492.535492 cuda_h.py:27] end *before experts start* cost 0.927 ms
DEBUG 04-24 11:19:32.535116.535116 cuda_h.py:27] end cpu_experts_submit_fused_mp cost 0.222 ms
DEBUG 04-24 11:19:32.536267.536267 cuda_h.py:27] end *single cpu experts* cost 1.172 ms
DEBUG 04-24 11:19:32.537198.537198 cuda_h.py:27] end prepare_group_stack cost 0.426 ms
DEBUG 04-24 11:19:32.538280.538280 cuda_h.py:27] end prepare_group_stack cost 0.490 ms
DEBUG 04-24 11:19:32.538037.538037 sllm_store_c.py:27] get device uuid map
DEBUG 04-24 11:19:32.538007.538007 sllm_store_c.py:29] call client load into gpu
DEBUG 04-24 11:19:32.538459.538459 cuda_h.py:27] end group stack cost 0.601 ms
DEBUG 04-24 11:19:32.538457.538457 cuda_h.py:27] end move_flatidxs_group_fused_mp cost 1.265 ms
DEBUG 04-24 11:19:32.538542.538542 cuda_h.py:27] end get_fused_experts_names_w cost 0.021 ms
DEBUG 04-24 11:19:32.539962.539962 cuda_h.py:27] end prepare_group_stack cost 0.454 ms
DEBUG 04-24 11:19:32.539009.539009 cuda_h.py:27] end prepare_group_stack cost 0.523 ms
DEBUG 04-24 11:19:32.539858.539858 cuda_h.py:27] end group stack cost 0.829 ms
DEBUG 04-24 11:19:32.539364.539364 cuda_h.py:27] end move_flatidxs_group_fused_mp cost 1.619 ms
DEBUG 04-24 11:19:32.539633.539633 cuda_h.py:27] end get_fused_experts_names_w cost 0.019 ms
DEBUG 04-24 11:19:32.539027.539027 cuda_h.py:27] end restore_fused_tensors cost 0.490 ms
DEBUG 04-24 11:19:32.539203.539203 cuda_h.py:27] end group_fused_tensors_mp cost 0.758 ms
DEBUG 04-24 11:19:32.540164.540164 cuda_h.py:27] end restore_fused_tensors cost 0.662 ms
DEBUG 04-24 11:19:32.540683.540683 cuda_h.py:27] end group_fused_tensors_mp cost 0.901 ms
DEBUG 04-24 11:19:32.540970.540970 cuda_h.py:27] end group stack cost 1.124 ms
DEBUG 04-24 11:19:32.540150.540150 cuda_h.py:27] end move_flatidxs_group_fused_mp cost 1.946 ms
DEBUG 04-24 11:19:32.540106.540106 cuda_h.py:27] end get_fused_experts_names_w cost 0.026 ms
DEBUG 04-24 11:19:32.540308.540308 cuda_h.py:27] end group stack cost 1.701 ms
DEBUG 04-24 11:19:32.540279.540279 cuda_h.py:27] end move_flatidxs_group_fused_mp cost 2.463 ms
DEBUG 04-24 11:19:32.541705.541705 cuda_h.py:27] end get_fused_experts_names_w cost 0.024 ms
DEBUG 04-24 11:19:32.541663.541663 cuda_h.py:27] end restore_fused_tensors cost 0.478 ms
DEBUG 04-24 11:19:32.541500.541500 cuda_h.py:27] end group_fused_tensors_mp cost 0.706 ms
DEBUG 04-24 11:19:32.541801.541801 cuda_h.py:27] end restore_fused_tensors cost 0.560 ms
DEBUG 04-24 11:19:32.541022.541022 cuda_h.py:27] end group_fused_tensors_mp cost 0.788 ms
DEBUG 04-24 11:19:32.543720.543720 cuda_h.py:27] end load_into_gpu_async_fused_experts_dual cost 4.673 ms
DEBUG 04-24 11:19:32.544752.544752 cuda_h.py:27] end restore_tensors2_fused_experts_packed cost 0.190 ms
DEBUG 04-24 11:19:32.544852.544852 cuda_h.py:27] end restore2model cost 2.875 ms
DEBUG 04-24 11:19:32.545571.545571 cuda_h.py:27] end restore_tensors2_fused_experts_slices cost 0.405 ms
DEBUG 04-24 11:19:32.545147.545147 cuda_h.py:27] end sllm_worker_task cost 13.435 ms
DEBUG 04-24 11:19:32.545052.545052 cuda_h.py:27] end allocate_experts_cuda_memory_and_restore_model_multi_device_fused cost 9.152 ms
DEBUG 04-24 11:19:32.545100.545100 cuda_h.py:27] end gpu_sexperts cost 0.014 ms
DEBUG 04-24 11:19:32.546401.546401 cuda_h.py:27] end wait_load_qkvogn_s_weight cost 0.029 ms
DEBUG 04-24 11:19:32.549594.549594 mlpmodule.py:3373] [fused_group_bmm][steps] bmm1=5.878 ms split=0.185 ms act_mul=0.504 ms bmm2=3.472 ms
DEBUG 04-24 11:19:32.550403.550403 cuda_h.py:27] end fused_group_bmm cost 10.320 ms
DEBUG 04-24 11:19:32.550984.550984 cuda_h.py:27] end gather_outputs_group_fused_mp cost 0.480 ms
DEBUG 04-24 11:19:32.551718.551718 cuda_h.py:27] end cpu_experts_worker_bmm_or_einsum_0 cost 14.847 ms
DEBUG 04-24 11:19:32.555865.555865 mlpmodule.py:3373] [fused_group_bmm][steps] bmm1=9.484 ms split=0.158 ms act_mul=0.396 ms bmm2=4.702 ms
DEBUG 04-24 11:19:32.555107.555107 cuda_h.py:27] end fused_group_bmm cost 15.082 ms
DEBUG 04-24 11:19:32.556037.556037 cuda_h.py:27] end gather_outputs_group_fused_mp cost 0.681 ms
DEBUG 04-24 11:19:32.557770.557770 cuda_h.py:27] end cpu_experts_worker_bmm_or_einsum_1 cost 20.506 ms
DEBUG 04-24 11:19:32.557280.557280 mlpmodule.py:3373] [fused_group_bmm][steps] bmm1=9.549 ms split=0.127 ms act_mul=0.346 ms bmm2=5.789 ms
DEBUG 04-24 11:19:32.557726.557726 cuda_h.py:27] end fused_group_bmm cost 16.109 ms
DEBUG 04-24 11:19:32.557675.557675 mlpmodule.py:3373] [fused_group_bmm][steps] bmm1=9.413 ms split=0.139 ms act_mul=0.458 ms bmm2=5.568 ms
DEBUG 04-24 11:19:32.557255.557255 cuda_h.py:27] end fused_group_bmm cost 15.937 ms
DEBUG 04-24 11:19:32.558413.558413 cuda_h.py:27] end gather_outputs_group_fused_mp cost 0.568 ms
DEBUG 04-24 11:19:32.558394.558394 cuda_h.py:27] end gather_outputs_group_fused_mp cost 0.581 ms
DEBUG 04-24 11:19:32.558311.558311 cuda_h.py:27] end cpu_experts_worker_bmm_or_einsum_3 cost 21.272 ms
DEBUG 04-24 11:19:32.559761.559761 cuda_h.py:27] end cpu_experts_worker_bmm_or_einsum_2 cost 21.644 ms
DEBUG 04-24 11:19:32.563610.563610 cuda_h.py:27] end prepare_per_device_parameters cost 17.023 ms
DEBUG 04-24 11:19:32.566370.566370 cuda_h.py:27] end wait_experts_multi_device cost 2.976 ms
DEBUG 04-24 11:19:32.566143.566143 cuda_h.py:27] end *before fused experts* cost 29.867 ms
DEBUG 04-24 11:19:32.571037.571037 cuda_h.py:27] end gpu_experts_multi_device_fused cost 4.845 ms
DEBUG 04-24 11:19:32.571854.571854 cuda_h.py:27] end *gpu experts* cost 34.895 ms
DEBUG 04-24 11:19:32.573201.573201 cuda_h.py:27] end cpu_experts_scatter_reduce cost 0.587 ms
DEBUG 04-24 11:19:32.573707.573707 cuda_h.py:27] end cpu_thread_manager_mp_wait_fused cost 1.667 ms
DEBUG 04-24 11:19:32.573987.573987 cuda_h.py:27] end layer_moe_generate_mp_multi_device_fused_l_7 cost 38.862 ms
DEBUG 04-24 11:19:32.573921.573921 cuda_h.py:27] end *mlp cost 39.654 ms
DEBUG 04-24 11:19:32.574772.574772 cuda_h.py:27] end prefill_layer cost 42.395 ms
DEBUG 04-24 11:19:32.574382.574382 lmp.py:341] -------------------------------- end prefill layer 6 --------------------------------
DEBUG 04-24 11:19:32.574533.574533 lmp.py:294] -------------------------------- start prefill layer 7 --------------------------------
DEBUG 04-24 11:19:32.574833.574833 cuda_h.py:27] end start_load_qkvogn_s_weight_l_8 cost 0.044 ms
DEBUG 04-24 11:19:32.574195.574195 cuda_h.py:27] end allocate_cuda_memory cost 0.323 ms
DEBUG 04-24 11:19:32.575860.575860 sllm_store_c.py:27] get device uuid map
DEBUG 04-24 11:19:32.575979.575979 sllm_store_c.py:29] call client load into gpu
DEBUG 04-24 11:19:32.577624.577624 cuda_h.py:27] end **self_attn cost 1.193 ms
DEBUG 04-24 11:19:32.577453.577453 cuda_h.py:27] end *iln_self_attn_paln cost 2.932 ms
DEBUG 04-24 11:19:32.577537.577537 cuda_h.py:27] end load_into_gpu_async cost 2.423 ms
DEBUG 04-24 11:19:32.577270.577270 cuda_h.py:27] end restore_tensors2 cost 0.178 ms
DEBUG 04-24 11:19:32.578202.578202 cuda_h.py:27] end allocate_cuda_memory_and_load_into_gpu cost 3.567 ms
DEBUG 04-24 11:19:32.578011.578011 cuda_h.py:27] end gate cost 1.309 ms
DEBUG 04-24 11:19:32.579652.579652 cuda_h.py:27] end experts_map_get cost 0.281 ms
DEBUG 04-24 11:19:32.579435.579435 cuda_h.py:27] end *before experts start* cost 1.739 ms
DEBUG 04-24 11:19:32.579907.579907 cuda_h.py:27] end cpu_experts_submit_fused_mp cost 0.215 ms
DEBUG 04-24 11:19:32.580291.580291 cuda_h.py:27] end *single cpu experts* cost 1.580 ms
DEBUG 04-24 11:19:32.581314.581314 cuda_h.py:27] end prepare_group_stack cost 0.424 ms
DEBUG 04-24 11:19:32.582289.582289 cuda_h.py:27] end prepare_group_stack cost 0.502 ms
DEBUG 04-24 11:19:32.582764.582764 cuda_h.py:27] end group stack cost 0.681 ms
DEBUG 04-24 11:19:32.582149.582149 cuda_h.py:27] end prepare_group_stack cost 0.425 ms
DEBUG 04-24 11:19:32.582920.582920 cuda_h.py:27] end move_flatidxs_group_fused_mp cost 1.350 ms
DEBUG 04-24 11:19:32.582936.582936 cuda_h.py:27] end get_fused_experts_names_w cost 0.023 ms
DEBUG 04-24 11:19:32.583934.583934 cuda_h.py:27] end group stack cost 0.976 ms
DEBUG 04-24 11:19:32.583748.583748 cuda_h.py:27] end move_flatidxs_group_fused_mp cost 1.770 ms
DEBUG 04-24 11:19:32.583183.583183 cuda_h.py:27] end get_fused_experts_names_w cost 0.021 ms
DEBUG 04-24 11:19:32.583686.583686 sllm_store_c.py:27] get device uuid map
DEBUG 04-24 11:19:32.583614.583614 sllm_store_c.py:29] call client load into gpu
DEBUG 04-24 11:19:32.583598.583598 cuda_h.py:27] end restore_fused_tensors cost 0.650 ms
DEBUG 04-24 11:19:32.583442.583442 cuda_h.py:27] end group_fused_tensors_mp cost 0.891 ms
DEBUG 04-24 11:19:32.584059.584059 cuda_h.py:27] end restore_fused_tensors cost 0.596 ms
DEBUG 04-24 11:19:32.584062.584062 cuda_h.py:27] end group_fused_tensors_mp cost 0.742 ms
DEBUG 04-24 11:19:32.584148.584148 cuda_h.py:27] end group stack cost 1.444 ms
DEBUG 04-24 11:19:32.584955.584955 cuda_h.py:27] end prepare_group_stack cost 0.707 ms
DEBUG 04-24 11:19:32.584635.584635 cuda_h.py:27] end move_flatidxs_group_fused_mp cost 2.099 ms
DEBUG 04-24 11:19:32.584019.584019 cuda_h.py:27] end get_fused_experts_names_w cost 0.026 ms
DEBUG 04-24 11:19:32.585263.585263 cuda_h.py:27] end restore_fused_tensors cost 0.596 ms
DEBUG 04-24 11:19:32.585597.585597 cuda_h.py:27] end group_fused_tensors_mp cost 0.878 ms
DEBUG 04-24 11:19:32.587282.587282 cuda_h.py:27] end group stack cost 2.531 ms
DEBUG 04-24 11:19:32.587188.587188 cuda_h.py:27] end move_flatidxs_group_fused_mp cost 3.757 ms
DEBUG 04-24 11:19:32.587934.587934 cuda_h.py:27] end get_fused_experts_names_w cost 0.037 ms
DEBUG 04-24 11:19:32.588002.588002 cuda_h.py:27] end restore_fused_tensors cost 0.947 ms
DEBUG 04-24 11:19:32.588865.588865 cuda_h.py:27] end load_into_gpu_async_fused_experts_dual cost 5.091 ms
DEBUG 04-24 11:19:32.588066.588066 cuda_h.py:27] end group_fused_tensors_mp cost 1.403 ms
DEBUG 04-24 11:19:32.589062.589062 cuda_h.py:27] end restore_tensors2_fused_experts_packed cost 0.170 ms
DEBUG 04-24 11:19:32.589365.589365 cuda_h.py:27] end restore2model cost 4.233 ms
DEBUG 04-24 11:19:32.590274.590274 cuda_h.py:27] end restore_tensors2_fused_experts_slices cost 0.349 ms
DEBUG 04-24 11:19:32.590261.590261 cuda_h.py:27] end sllm_worker_task cost 15.826 ms
DEBUG 04-24 11:19:32.590723.590723 cuda_h.py:27] end allocate_experts_cuda_memory_and_restore_model_multi_device_fused cost 9.872 ms
DEBUG 04-24 11:19:32.590927.590927 cuda_h.py:27] end gpu_sexperts cost 0.017 ms
DEBUG 04-24 11:19:32.591718.591718 cuda_h.py:27] end wait_load_qkvogn_s_weight cost 0.031 ms
DEBUG 04-24 11:19:32.596852.596852 mlpmodule.py:3373] [fused_group_bmm][steps] bmm1=7.867 ms split=0.178 ms act_mul=0.541 ms bmm2=4.262 ms
DEBUG 04-24 11:19:32.597879.597879 cuda_h.py:27] end fused_group_bmm cost 13.320 ms
DEBUG 04-24 11:19:32.597842.597842 cuda_h.py:27] end gather_outputs_group_fused_mp cost 0.618 ms
DEBUG 04-24 11:19:32.597956.597956 mlpmodule.py:3373] [fused_group_bmm][steps] bmm1=7.070 ms split=0.165 ms act_mul=0.431 ms bmm2=5.778 ms
DEBUG 04-24 11:19:32.598753.598753 cuda_h.py:27] end fused_group_bmm cost 13.772 ms
DEBUG 04-24 11:19:32.598179.598179 cuda_h.py:27] end cpu_experts_worker_bmm_or_einsum_0 cost 18.091 ms
DEBUG 04-24 11:19:32.598807.598807 cuda_h.py:27] end gather_outputs_group_fused_mp cost 0.642 ms
DEBUG 04-24 11:19:32.599056.599056 cuda_h.py:27] end cpu_experts_worker_bmm_or_einsum_1 cost 19.102 ms
DEBUG 04-24 11:19:32.600312.600312 mlpmodule.py:3373] [fused_group_bmm][steps] bmm1=8.237 ms split=0.460 ms act_mul=0.845 ms bmm2=5.688 ms
DEBUG 04-24 11:19:32.601373.601373 cuda_h.py:27] end fused_group_bmm cost 15.526 ms
DEBUG 04-24 11:19:32.601295.601295 cuda_h.py:27] end gather_outputs_group_fused_mp cost 0.585 ms
DEBUG 04-24 11:19:32.602737.602737 cuda_h.py:27] end cpu_experts_worker_bmm_or_einsum_3 cost 21.107 ms
DEBUG 04-24 11:19:32.606282.606282 mlpmodule.py:3373] [fused_group_bmm][steps] bmm1=12.242 ms split=0.117 ms act_mul=0.343 ms bmm2=4.761 ms
DEBUG 04-24 11:19:32.606669.606669 cuda_h.py:27] end prepare_per_device_parameters cost 15.426 ms
DEBUG 04-24 11:19:32.606428.606428 cuda_h.py:27] end fused_group_bmm cost 17.711 ms
DEBUG 04-24 11:19:32.607102.607102 cuda_h.py:27] end gather_outputs_group_fused_mp cost 0.576 ms
DEBUG 04-24 11:19:32.607042.607042 cuda_h.py:27] end cpu_experts_worker_bmm_or_einsum_2 cost 25.152 ms
DEBUG 04-24 11:19:32.610933.610933 cuda_h.py:27] end wait_experts_multi_device cost 4.164 ms
DEBUG 04-24 11:19:32.611856.611856 cuda_h.py:27] end *before fused experts* cost 30.278 ms
DEBUG 04-24 11:19:32.615240.615240 cuda_h.py:27] end gpu_experts_multi_device_fused cost 4.313 ms
DEBUG 04-24 11:19:32.615634.615634 cuda_h.py:27] end *gpu experts* cost 34.713 ms
DEBUG 04-24 11:19:32.617615.617615 cuda_h.py:27] end cpu_experts_scatter_reduce cost 0.633 ms
DEBUG 04-24 11:19:32.617789.617789 cuda_h.py:27] end cpu_thread_manager_mp_wait_fused cost 1.834 ms
DEBUG 04-24 11:19:32.617208.617208 cuda_h.py:27] end layer_moe_generate_mp_multi_device_fused_l_8 cost 40.054 ms
DEBUG 04-24 11:19:32.618974.618974 cuda_h.py:27] end *mlp cost 40.756 ms
DEBUG 04-24 11:19:32.618434.618434 cuda_h.py:27] end prefill_layer cost 43.921 ms
DEBUG 04-24 11:19:32.618044.618044 lmp.py:341] -------------------------------- end prefill layer 7 --------------------------------
DEBUG 04-24 11:19:32.618666.618666 lmp.py:294] -------------------------------- start prefill layer 8 --------------------------------
DEBUG 04-24 11:19:32.618536.618536 cuda_h.py:27] end start_load_qkvogn_s_weight_l_9 cost 0.043 ms
DEBUG 04-24 11:19:32.618945.618945 cuda_h.py:27] end allocate_cuda_memory cost 0.199 ms
DEBUG 04-24 11:19:32.618811.618811 sllm_store_c.py:27] get device uuid map
DEBUG 04-24 11:19:32.619254.619254 sllm_store_c.py:29] call client load into gpu
DEBUG 04-24 11:19:32.620820.620820 cuda_h.py:27] end **self_attn cost 1.387 ms
DEBUG 04-24 11:19:32.620509.620509 cuda_h.py:27] end *iln_self_attn_paln cost 2.419 ms
DEBUG 04-24 11:19:32.621668.621668 cuda_h.py:27] end load_into_gpu_async cost 2.069 ms
DEBUG 04-24 11:19:32.621895.621895 cuda_h.py:27] end restore_tensors2 cost 0.089 ms
DEBUG 04-24 11:19:32.621638.621638 cuda_h.py:27] end allocate_cuda_memory_and_load_into_gpu cost 2.760 ms
DEBUG 04-24 11:19:32.621107.621107 cuda_h.py:27] end gate cost 0.799 ms
DEBUG 04-24 11:19:32.622702.622702 cuda_h.py:27] end experts_map_get cost 0.282 ms
DEBUG 04-24 11:19:32.622724.622724 cuda_h.py:27] end *before experts start* cost 1.230 ms
DEBUG 04-24 11:19:32.622666.622666 cuda_h.py:27] end cpu_experts_submit_fused_mp cost 0.210 ms
DEBUG 04-24 11:19:32.623345.623345 cuda_h.py:27] end *single cpu experts* cost 1.129 ms
DEBUG 04-24 11:19:32.624189.624189 cuda_h.py:27] end prepare_group_stack cost 0.371 ms
DEBUG 04-24 11:19:32.624628.624628 cuda_h.py:27] end prepare_group_stack cost 0.389 ms
DEBUG 04-24 11:19:32.625877.625877 cuda_h.py:27] end group stack cost 0.660 ms
DEBUG 04-24 11:19:32.625820.625820 cuda_h.py:27] end move_flatidxs_group_fused_mp cost 1.242 ms
DEBUG 04-24 11:19:32.625191.625191 cuda_h.py:27] end get_fused_experts_names_w cost 0.024 ms
DEBUG 04-24 11:19:32.626910.626910 cuda_h.py:27] end prepare_group_stack cost 0.470 ms
DEBUG 04-24 11:19:32.626407.626407 cuda_h.py:27] end group stack cost 1.230 ms
DEBUG 04-24 11:19:32.626013.626013 cuda_h.py:27] end move_flatidxs_group_fused_mp cost 1.812 ms
DEBUG 04-24 11:19:32.626356.626356 cuda_h.py:27] end prepare_group_stack cost 0.669 ms
DEBUG 04-24 11:19:32.626352.626352 sllm_store_c.py:27] get device uuid map
DEBUG 04-24 11:19:32.626209.626209 cuda_h.py:27] end get_fused_experts_names_w cost 0.024 ms
DEBUG 04-24 11:19:32.626991.626991 sllm_store_c.py:29] call client load into gpu
DEBUG 04-24 11:19:32.626282.626282 cuda_h.py:27] end restore_fused_tensors cost 0.567 ms
DEBUG 04-24 11:19:32.626748.626748 cuda_h.py:27] end group_fused_tensors_mp cost 0.825 ms
DEBUG 04-24 11:19:32.627274.627274 cuda_h.py:27] end restore_fused_tensors cost 0.433 ms
DEBUG 04-24 11:19:32.627971.627971 cuda_h.py:27] end group_fused_tensors_mp cost 0.626 ms
DEBUG 04-24 11:19:32.627805.627805 cuda_h.py:27] end group stack cost 1.132 ms
DEBUG 04-24 11:19:32.627266.627266 cuda_h.py:27] end move_flatidxs_group_fused_mp cost 1.801 ms
DEBUG 04-24 11:19:32.627169.627169 cuda_h.py:27] end get_fused_experts_names_w cost 0.021 ms
DEBUG 04-24 11:19:32.628708.628708 cuda_h.py:27] end restore_fused_tensors cost 0.517 ms
DEBUG 04-24 11:19:32.628213.628213 cuda_h.py:27] end group_fused_tensors_mp cost 0.760 ms
DEBUG 04-24 11:19:32.628143.628143 cuda_h.py:27] end group stack cost 2.348 ms
DEBUG 04-24 11:19:32.629356.629356 cuda_h.py:27] end move_flatidxs_group_fused_mp cost 3.474 ms
DEBUG 04-24 11:19:32.629744.629744 cuda_h.py:27] end get_fused_experts_names_w cost 0.044 ms
DEBUG 04-24 11:19:32.631657.631657 cuda_h.py:27] end restore_fused_tensors cost 1.237 ms
DEBUG 04-24 11:19:32.630127.630127 cuda_h.py:27] end restore2model cost 1.828 ms
DEBUG 04-24 11:19:32.631852.631852 cuda_h.py:27] end group_fused_tensors_mp cost 1.714 ms
DEBUG 04-24 11:19:32.631742.631742 cuda_h.py:27] end sllm_worker_task cost 12.752 ms
DEBUG 04-24 11:19:32.632471.632471 cuda_h.py:27] end load_into_gpu_async_fused_experts_dual cost 5.942 ms
DEBUG 04-24 11:19:32.632402.632402 cuda_h.py:27] end restore_tensors2_fused_experts_packed cost 0.162 ms
DEBUG 04-24 11:19:32.633749.633749 cuda_h.py:27] end restore_tensors2_fused_experts_slices cost 0.368 ms
DEBUG 04-24 11:19:32.633780.633780 cuda_h.py:27] end allocate_experts_cuda_memory_and_restore_model_multi_device_fused cost 9.742 ms
DEBUG 04-24 11:19:32.633025.633025 cuda_h.py:27] end gpu_sexperts cost 0.029 ms
DEBUG 04-24 11:19:32.633519.633519 cuda_h.py:27] end wait_load_qkvogn_s_weight cost 0.045 ms
DEBUG 04-24 11:19:32.637677.637677 mlpmodule.py:3373] [fused_group_bmm][steps] bmm1=6.155 ms split=0.119 ms act_mul=0.361 ms bmm2=4.035 ms
DEBUG 04-24 11:19:32.638596.638596 cuda_h.py:27] end fused_group_bmm cost 11.098 ms
DEBUG 04-24 11:19:32.638616.638616 cuda_h.py:27] end gather_outputs_group_fused_mp cost 0.516 ms
DEBUG 04-24 11:19:32.639195.639195 cuda_h.py:27] end cpu_experts_worker_bmm_or_einsum_0 cost 15.814 ms
DEBUG 04-24 11:19:32.639817.639817 mlpmodule.py:3373] [fused_group_bmm][steps] bmm1=6.189 ms split=0.126 ms act_mul=0.337 ms bmm2=5.779 ms
DEBUG 04-24 11:19:32.639336.639336 cuda_h.py:27] end fused_group_bmm cost 12.748 ms
DEBUG 04-24 11:19:32.640230.640230 cuda_h.py:27] end gather_outputs_group_fused_mp cost 0.581 ms
DEBUG 04-24 11:19:32.641450.641450 cuda_h.py:27] end cpu_experts_worker_bmm_or_einsum_3 cost 17.856 ms
DEBUG 04-24 11:19:32.644505.644505 mlpmodule.py:3373] [fused_group_bmm][steps] bmm1=9.314 ms split=0.204 ms act_mul=0.409 ms bmm2=5.736 ms
DEBUG 04-24 11:19:32.644264.644264 cuda_h.py:27] end fused_group_bmm cost 16.026 ms
DEBUG 04-24 11:19:32.645824.645824 cuda_h.py:27] end gather_outputs_group_fused_mp cost 0.702 ms
DEBUG 04-24 11:19:32.645662.645662 cuda_h.py:27] end cpu_experts_worker_bmm_or_einsum_2 cost 21.279 ms
DEBUG 04-24 11:19:32.645830.645830 mlpmodule.py:3373] [fused_group_bmm][steps] bmm1=9.477 ms split=0.128 ms act_mul=0.378 ms bmm2=4.287 ms
DEBUG 04-24 11:19:32.646792.646792 cuda_h.py:27] end fused_group_bmm cost 14.568 ms
DEBUG 04-24 11:19:32.646269.646269 cuda_h.py:27] end gather_outputs_group_fused_mp cost 0.621 ms
DEBUG 04-24 11:19:32.647110.647110 cuda_h.py:27] end cpu_experts_worker_bmm_or_einsum_1 cost 22.423 ms
DEBUG 04-24 11:19:32.650793.650793 cuda_h.py:27] end prepare_per_device_parameters cost 16.340 ms
DEBUG 04-24 11:19:32.653071.653071 cuda_h.py:27] end wait_experts_multi_device cost 3.605 ms
DEBUG 04-24 11:19:32.653805.653805 cuda_h.py:27] end *before fused experts* cost 30.472 ms
DEBUG 04-24 11:19:32.660587.660587 cuda_h.py:27] end gpu_experts_multi_device_fused cost 6.065 ms
DEBUG 04-24 11:19:32.660670.660670 cuda_h.py:27] end *gpu experts* cost 36.736 ms
DEBUG 04-24 11:19:32.662375.662375 cuda_h.py:27] end cpu_experts_scatter_reduce cost 0.964 ms
DEBUG 04-24 11:19:32.662875.662875 cuda_h.py:27] end cpu_thread_manager_mp_wait_fused cost 2.311 ms
DEBUG 04-24 11:19:32.662441.662441 cuda_h.py:27] end layer_moe_generate_mp_multi_device_fused_l_9 cost 41.643 ms
DEBUG 04-24 11:19:32.663325.663325 cuda_h.py:27] end *mlp cost 42.712 ms
DEBUG 04-24 11:19:32.663680.663680 cuda_h.py:27] end prefill_layer cost 45.512 ms
DEBUG 04-24 11:19:32.664727.664727 lmp.py:341] -------------------------------- end prefill layer 8 --------------------------------
DEBUG 04-24 11:19:32.664499.664499 lmp.py:294] -------------------------------- start prefill layer 9 --------------------------------
DEBUG 04-24 11:19:32.664088.664088 cuda_h.py:27] end start_load_qkvogn_s_weight_l_10 cost 0.053 ms
DEBUG 04-24 11:19:32.664377.664377 cuda_h.py:27] end allocate_cuda_memory cost 0.195 ms
DEBUG 04-24 11:19:32.664721.664721 sllm_store_c.py:27] get device uuid map
DEBUG 04-24 11:19:32.665879.665879 sllm_store_c.py:29] call client load into gpu
DEBUG 04-24 11:19:32.666476.666476 cuda_h.py:27] end **self_attn cost 1.319 ms
DEBUG 04-24 11:19:32.666544.666544 cuda_h.py:27] end *iln_self_attn_paln cost 2.406 ms
DEBUG 04-24 11:19:32.667724.667724 cuda_h.py:27] end load_into_gpu_async cost 2.282 ms
DEBUG 04-24 11:19:32.667962.667962 cuda_h.py:27] end restore_tensors2 cost 0.102 ms
DEBUG 04-24 11:19:32.667040.667040 cuda_h.py:27] end allocate_cuda_memory_and_load_into_gpu cost 3.045 ms
DEBUG 04-24 11:19:32.667967.667967 cuda_h.py:27] end gate cost 0.832 ms
DEBUG 04-24 11:19:32.668231.668231 cuda_h.py:27] end experts_map_get cost 0.269 ms
DEBUG 04-24 11:19:32.668968.668968 cuda_h.py:27] end *before experts start* cost 1.266 ms
DEBUG 04-24 11:19:32.668241.668241 cuda_h.py:27] end cpu_experts_submit_fused_mp cost 0.208 ms
DEBUG 04-24 11:19:32.669463.669463 cuda_h.py:27] end *single cpu experts* cost 1.491 ms
DEBUG 04-24 11:19:32.671791.671791 cuda_h.py:27] end prepare_group_stack cost 0.452 ms
DEBUG 04-24 11:19:32.671794.671794 cuda_h.py:27] end prepare_group_stack cost 0.499 ms
DEBUG 04-24 11:19:32.671903.671903 cuda_h.py:27] end prepare_group_stack cost 0.650 ms
DEBUG 04-24 11:19:32.672335.672335 cuda_h.py:27] end group stack cost 0.718 ms
DEBUG 04-24 11:19:32.672186.672186 cuda_h.py:27] end move_flatidxs_group_fused_mp cost 1.396 ms
DEBUG 04-24 11:19:32.672200.672200 cuda_h.py:27] end get_fused_experts_names_w cost 0.023 ms
DEBUG 04-24 11:19:32.672693.672693 cuda_h.py:27] end group stack cost 1.062 ms
DEBUG 04-24 11:19:32.672829.672829 sllm_store_c.py:27] get device uuid map
DEBUG 04-24 11:19:32.672913.672913 cuda_h.py:27] end prepare_group_stack cost 0.707 ms
DEBUG 04-24 11:19:32.672101.672101 cuda_h.py:27] end move_flatidxs_group_fused_mp cost 1.794 ms
DEBUG 04-24 11:19:32.672226.672226 sllm_store_c.py:29] call client load into gpu
DEBUG 04-24 11:19:32.672923.672923 cuda_h.py:27] end get_fused_experts_names_w cost 0.020 ms
DEBUG 04-24 11:19:32.673443.673443 cuda_h.py:27] end restore_fused_tensors cost 0.539 ms
DEBUG 04-24 11:19:32.673431.673431 cuda_h.py:27] end group_fused_tensors_mp cost 0.795 ms
DEBUG 04-24 11:19:32.673163.673163 cuda_h.py:27] end restore_fused_tensors cost 0.509 ms
DEBUG 04-24 11:19:32.673582.673582 cuda_h.py:27] end group_fused_tensors_mp cost 0.720 ms
DEBUG 04-24 11:19:32.674245.674245 cuda_h.py:27] end group stack cost 2.468 ms
DEBUG 04-24 11:19:32.674405.674405 cuda_h.py:27] end move_flatidxs_group_fused_mp cost 3.615 ms
DEBUG 04-24 11:19:32.674423.674423 cuda_h.py:27] end get_fused_experts_names_w cost 0.043 ms
DEBUG 04-24 11:19:32.675781.675781 cuda_h.py:27] end group stack cost 2.462 ms
DEBUG 04-24 11:19:32.675967.675967 cuda_h.py:27] end move_flatidxs_group_fused_mp cost 3.936 ms
DEBUG 04-24 11:19:32.675582.675582 cuda_h.py:27] end get_fused_experts_names_w cost 0.040 ms
DEBUG 04-24 11:19:32.676788.676788 cuda_h.py:27] end restore_fused_tensors cost 1.232 ms
DEBUG 04-24 11:19:32.676508.676508 cuda_h.py:27] end group_fused_tensors_mp cost 1.798 ms
DEBUG 04-24 11:19:32.677720.677720 cuda_h.py:27] end restore_fused_tensors cost 1.226 ms
DEBUG 04-24 11:19:32.677632.677632 cuda_h.py:27] end group_fused_tensors_mp cost 1.558 ms
DEBUG 04-24 11:19:32.677932.677932 cuda_h.py:27] end load_into_gpu_async_fused_experts_dual cost 5.410 ms
DEBUG 04-24 11:19:32.678207.678207 cuda_h.py:27] end restore_tensors2_fused_experts_packed cost 0.137 ms
DEBUG 04-24 11:19:32.678648.678648 cuda_h.py:27] end restore2model cost 2.674 ms
DEBUG 04-24 11:19:32.679300.679300 cuda_h.py:27] end restore_tensors2_fused_experts_slices cost 0.392 ms
DEBUG 04-24 11:19:32.679339.679339 cuda_h.py:27] end sllm_worker_task cost 14.914 ms
DEBUG 04-24 11:19:32.679351.679351 cuda_h.py:27] end allocate_experts_cuda_memory_and_restore_model_multi_device_fused cost 10.025 ms
DEBUG 04-24 11:19:32.680415.680415 cuda_h.py:27] end gpu_sexperts cost 0.012 ms
DEBUG 04-24 11:19:32.680610.680610 cuda_h.py:27] end wait_load_qkvogn_s_weight cost 0.036 ms
DEBUG 04-24 11:19:32.684418.684418 mlpmodule.py:3373] [fused_group_bmm][steps] bmm1=5.839 ms split=0.250 ms act_mul=0.674 ms bmm2=4.393 ms
DEBUG 04-24 11:19:32.685500.685500 cuda_h.py:27] end fused_group_bmm cost 11.728 ms
DEBUG 04-24 11:19:32.686256.686256 cuda_h.py:27] end gather_outputs_group_fused_mp cost 0.968 ms
DEBUG 04-24 11:19:32.687158.687158 cuda_h.py:27] end cpu_experts_worker_bmm_or_einsum_1 cost 17.706 ms
DEBUG 04-24 11:19:32.687778.687778 mlpmodule.py:3373] [fused_group_bmm][steps] bmm1=8.969 ms split=0.171 ms act_mul=0.609 ms bmm2=4.668 ms
DEBUG 04-24 11:19:32.688309.688309 cuda_h.py:27] end fused_group_bmm cost 14.718 ms
DEBUG 04-24 11:19:32.688590.688590 cuda_h.py:27] end gather_outputs_group_fused_mp cost 0.441 ms
DEBUG 04-24 11:19:32.689104.689104 cuda_h.py:27] end cpu_experts_worker_bmm_or_einsum_0 cost 19.497 ms
DEBUG 04-24 11:19:32.693752.693752 mlpmodule.py:3373] [fused_group_bmm][steps] bmm1=11.519 ms split=0.140 ms act_mul=0.360 ms bmm2=5.078 ms
DEBUG 04-24 11:19:32.694151.694151 cuda_h.py:27] end fused_group_bmm cost 17.394 ms
DEBUG 04-24 11:19:32.694495.694495 mlpmodule.py:3373] [fused_group_bmm][steps] bmm1=11.570 ms split=0.119 ms act_mul=0.348 ms bmm2=4.916 ms
DEBUG 04-24 11:19:32.694509.694509 cuda_h.py:27] end fused_group_bmm cost 17.207 ms
DEBUG 04-24 11:19:32.695788.695788 cuda_h.py:27] end gather_outputs_group_fused_mp cost 0.550 ms
DEBUG 04-24 11:19:32.695004.695004 cuda_h.py:27] end gather_outputs_group_fused_mp cost 0.575 ms
DEBUG 04-24 11:19:32.695458.695458 cuda_h.py:27] end cpu_experts_worker_bmm_or_einsum_3 cost 25.746 ms
DEBUG 04-24 11:19:32.696034.696034 cuda_h.py:27] end cpu_experts_worker_bmm_or_einsum_2 cost 25.260 ms
DEBUG 04-24 11:19:32.697370.697370 cuda_h.py:27] end prepare_per_device_parameters cost 17.217 ms
DEBUG 04-24 11:19:32.699804.699804 cuda_h.py:27] end wait_experts_multi_device cost 1.558 ms
DEBUG 04-24 11:19:32.699045.699045 cuda_h.py:27] end *before fused experts* cost 29.589 ms
DEBUG 04-24 11:19:32.704354.704354 cuda_h.py:27] end gpu_experts_multi_device_fused cost 4.644 ms
DEBUG 04-24 11:19:32.704602.704602 cuda_h.py:27] end *gpu experts* cost 34.353 ms
DEBUG 04-24 11:19:32.705743.705743 cuda_h.py:27] end cpu_experts_scatter_reduce cost 0.578 ms
DEBUG 04-24 11:19:32.705639.705639 cuda_h.py:27] end cpu_thread_manager_mp_wait_fused cost 1.678 ms
DEBUG 04-24 11:19:32.705132.705132 cuda_h.py:27] end layer_moe_generate_mp_multi_device_fused_l_10 cost 38.992 ms
DEBUG 04-24 11:19:32.706200.706200 cuda_h.py:27] end *mlp cost 40.023 ms
DEBUG 04-24 11:19:32.707958.707958 cuda_h.py:27] end prefill_layer cost 42.790 ms
DEBUG 04-24 11:19:32.707522.707522 lmp.py:341] -------------------------------- end prefill layer 9 --------------------------------
DEBUG 04-24 11:19:32.707037.707037 lmp.py:294] -------------------------------- start prefill layer 10 --------------------------------
DEBUG 04-24 11:19:32.707577.707577 cuda_h.py:27] end start_load_qkvogn_s_weight_l_11 cost 0.043 ms
DEBUG 04-24 11:19:32.707206.707206 cuda_h.py:27] end allocate_cuda_memory cost 0.242 ms
DEBUG 04-24 11:19:32.707494.707494 sllm_store_c.py:27] get device uuid map
DEBUG 04-24 11:19:32.707340.707340 sllm_store_c.py:29] call client load into gpu
DEBUG 04-24 11:19:32.709973.709973 cuda_h.py:27] end load_into_gpu_async cost 1.439 ms
DEBUG 04-24 11:19:32.709528.709528 cuda_h.py:27] end restore_tensors2 cost 0.099 ms
DEBUG 04-24 11:19:32.709123.709123 cuda_h.py:27] end allocate_cuda_memory_and_load_into_gpu cost 2.161 ms
DEBUG 04-24 11:19:32.709174.709174 cuda_h.py:27] end **self_attn cost 1.488 ms
DEBUG 04-24 11:19:32.710509.710509 cuda_h.py:27] end *iln_self_attn_paln cost 2.775 ms
DEBUG 04-24 11:19:32.710276.710276 cuda_h.py:27] end gate cost 0.499 ms
DEBUG 04-24 11:19:32.710448.710448 cuda_h.py:27] end experts_map_get cost 0.289 ms
DEBUG 04-24 11:19:32.711515.711515 cuda_h.py:27] end *before experts start* cost 0.930 ms
DEBUG 04-24 11:19:32.711464.711464 cuda_h.py:27] end cpu_experts_submit_fused_mp cost 0.215 ms
DEBUG 04-24 11:19:32.712046.712046 cuda_h.py:27] end *single cpu experts* cost 1.166 ms
DEBUG 04-24 11:19:32.713347.713347 cuda_h.py:27] end prepare_group_stack cost 0.395 ms
DEBUG 04-24 11:19:32.714581.714581 sllm_store_c.py:27] get device uuid map
DEBUG 04-24 11:19:32.714497.714497 sllm_store_c.py:29] call client load into gpu
DEBUG 04-24 11:19:32.714621.714621 cuda_h.py:27] end group stack cost 0.583 ms
DEBUG 04-24 11:19:32.714491.714491 cuda_h.py:27] end move_flatidxs_group_fused_mp cost 1.150 ms
DEBUG 04-24 11:19:32.714654.714654 cuda_h.py:27] end prepare_group_stack cost 0.415 ms
DEBUG 04-24 11:19:32.714265.714265 cuda_h.py:27] end get_fused_experts_names_w cost 0.027 ms
DEBUG 04-24 11:19:32.714630.714630 cuda_h.py:27] end prepare_group_stack cost 0.533 ms
DEBUG 04-24 11:19:32.715444.715444 cuda_h.py:27] end prepare_group_stack cost 0.712 ms
DEBUG 04-24 11:19:32.715112.715112 cuda_h.py:27] end restore_fused_tensors cost 0.602 ms
DEBUG 04-24 11:19:32.715962.715962 cuda_h.py:27] end group_fused_tensors_mp cost 0.859 ms
DEBUG 04-24 11:19:32.716243.716243 cuda_h.py:27] end group stack cost 1.456 ms
DEBUG 04-24 11:19:32.716690.716690 cuda_h.py:27] end move_flatidxs_group_fused_mp cost 2.109 ms
DEBUG 04-24 11:19:32.716852.716852 cuda_h.py:27] end get_fused_experts_names_w cost 0.026 ms
DEBUG 04-24 11:19:32.717299.717299 cuda_h.py:27] end restore_fused_tensors cost 0.552 ms
DEBUG 04-24 11:19:32.717579.717579 cuda_h.py:27] end group_fused_tensors_mp cost 0.777 ms
DEBUG 04-24 11:19:32.717793.717793 cuda_h.py:27] end group stack cost 2.524 ms
DEBUG 04-24 11:19:32.717568.717568 cuda_h.py:27] end move_flatidxs_group_fused_mp cost 3.680 ms
DEBUG 04-24 11:19:32.718920.718920 cuda_h.py:27] end get_fused_experts_names_w cost 0.040 ms
DEBUG 04-24 11:19:32.720954.720954 cuda_h.py:27] end restore_fused_tensors cost 1.537 ms
DEBUG 04-24 11:19:32.720933.720933 cuda_h.py:27] end group_fused_tensors_mp cost 2.021 ms
DEBUG 04-24 11:19:32.721564.721564 cuda_h.py:27] end restore2model cost 1.275 ms
DEBUG 04-24 11:19:32.721320.721320 cuda_h.py:27] end sllm_worker_task cost 14.383 ms
DEBUG 04-24 11:19:32.721502.721502 cuda_h.py:27] end group stack cost 7.062 ms
DEBUG 04-24 11:19:32.721697.721697 cuda_h.py:27] end load_into_gpu_async_fused_experts_dual cost 7.799 ms
DEBUG 04-24 11:19:32.722098.722098 cuda_h.py:27] end move_flatidxs_group_fused_mp cost 7.985 ms
DEBUG 04-24 11:19:32.722303.722303 cuda_h.py:27] end get_fused_experts_names_w cost 0.032 ms
DEBUG 04-24 11:19:32.722035.722035 cuda_h.py:27] end restore_tensors2_fused_experts_packed cost 0.158 ms
DEBUG 04-24 11:19:32.722947.722947 cuda_h.py:27] end restore_fused_tensors cost 0.613 ms
DEBUG 04-24 11:19:32.722327.722327 cuda_h.py:27] end group_fused_tensors_mp cost 0.758 ms
DEBUG 04-24 11:19:32.722061.722061 cuda_h.py:27] end restore_tensors2_fused_experts_slices cost 0.459 ms
DEBUG 04-24 11:19:32.723411.723411 cuda_h.py:27] end allocate_experts_cuda_memory_and_restore_model_multi_device_fused cost 10.851 ms
DEBUG 04-24 11:19:32.723679.723679 cuda_h.py:27] end gpu_sexperts cost 0.007 ms
DEBUG 04-24 11:19:32.723184.723184 cuda_h.py:27] end wait_load_qkvogn_s_weight cost 0.018 ms
DEBUG 04-24 11:19:32.727025.727025 mlpmodule.py:3373] [fused_group_bmm][steps] bmm1=6.445 ms split=0.089 ms act_mul=0.379 ms bmm2=4.442 ms
DEBUG 04-24 11:19:32.727827.727827 cuda_h.py:27] end fused_group_bmm cost 11.847 ms
DEBUG 04-24 11:19:32.728651.728651 cuda_h.py:27] end gather_outputs_group_fused_mp cost 0.600 ms
DEBUG 04-24 11:19:32.728805.728805 cuda_h.py:27] end cpu_experts_worker_bmm_or_einsum_0 cost 16.727 ms
DEBUG 04-24 11:19:32.731059.731059 mlpmodule.py:3373] [fused_group_bmm][steps] bmm1=6.015 ms split=0.108 ms act_mul=0.557 ms bmm2=7.457 ms
DEBUG 04-24 11:19:32.731936.731936 cuda_h.py:27] end fused_group_bmm cost 14.478 ms
DEBUG 04-24 11:19:32.732539.732539 cuda_h.py:27] end gather_outputs_group_fused_mp cost 0.613 ms
DEBUG 04-24 11:19:32.733636.733636 cuda_h.py:27] end cpu_experts_worker_bmm_or_einsum_3 cost 19.682 ms
DEBUG 04-24 11:19:32.738334.738334 mlpmodule.py:3373] [fused_group_bmm][steps] bmm1=12.429 ms split=0.126 ms act_mul=0.498 ms bmm2=4.344 ms
DEBUG 04-24 11:19:32.738541.738541 cuda_h.py:27] end fused_group_bmm cost 17.702 ms
DEBUG 04-24 11:19:32.739747.739747 cuda_h.py:27] end gather_outputs_group_fused_mp cost 0.621 ms
DEBUG 04-24 11:19:32.739214.739214 cuda_h.py:27] end prepare_per_device_parameters cost 16.188 ms
DEBUG 04-24 11:19:32.739826.739826 cuda_h.py:27] end cpu_experts_worker_bmm_or_einsum_1 cost 26.185 ms
DEBUG 04-24 11:19:32.742680.742680 mlpmodule.py:3373] [fused_group_bmm][steps] bmm1=13.061 ms split=0.174 ms act_mul=0.485 ms bmm2=5.341 ms
DEBUG 04-24 11:19:32.742151.742151 cuda_h.py:27] end fused_group_bmm cost 19.296 ms
DEBUG 04-24 11:19:32.743341.743341 cuda_h.py:27] end gather_outputs_group_fused_mp cost 0.683 ms
DEBUG 04-24 11:19:32.743314.743314 cuda_h.py:27] end cpu_experts_worker_bmm_or_einsum_2 cost 30.443 ms
DEBUG 04-24 11:19:32.746000.746000 cuda_h.py:27] end wait_experts_multi_device cost 6.504 ms
DEBUG 04-24 11:19:32.746268.746268 cuda_h.py:27] end *before fused experts* cost 34.062 ms
DEBUG 04-24 11:19:32.752380.752380 cuda_h.py:27] end gpu_experts_multi_device_fused cost 6.059 ms
DEBUG 04-24 11:19:32.752330.752330 cuda_h.py:27] end *gpu experts* cost 40.289 ms
DEBUG 04-24 11:19:32.755356.755356 cuda_h.py:27] end cpu_experts_scatter_reduce cost 1.284 ms
DEBUG 04-24 11:19:32.755539.755539 cuda_h.py:27] end cpu_thread_manager_mp_wait_fused cost 2.801 ms
DEBUG 04-24 11:19:32.755681.755681 cuda_h.py:27] end layer_moe_generate_mp_multi_device_fused_l_11 cost 45.430 ms
DEBUG 04-24 11:19:32.756435.756435 cuda_h.py:27] end *mlp cost 46.374 ms
DEBUG 04-24 11:19:32.756219.756219 cuda_h.py:27] end prefill_layer cost 49.324 ms
DEBUG 04-24 11:19:32.756114.756114 lmp.py:341] -------------------------------- end prefill layer 10 --------------------------------
DEBUG 04-24 11:19:32.756194.756194 lmp.py:294] -------------------------------- start prefill layer 11 --------------------------------
DEBUG 04-24 11:19:32.756990.756990 cuda_h.py:27] end start_load_qkvogn_s_weight_l_12 cost 0.042 ms
DEBUG 04-24 11:19:32.757559.757559 cuda_h.py:27] end allocate_cuda_memory cost 0.367 ms
DEBUG 04-24 11:19:32.757614.757614 sllm_store_c.py:27] get device uuid map
DEBUG 04-24 11:19:32.757635.757635 sllm_store_c.py:29] call client load into gpu
DEBUG 04-24 11:19:32.760235.760235 cuda_h.py:27] end load_into_gpu_async cost 2.314 ms
DEBUG 04-24 11:19:32.760630.760630 cuda_h.py:27] end **self_attn cost 2.081 ms
DEBUG 04-24 11:19:32.760055.760055 cuda_h.py:27] end restore_tensors2 cost 0.178 ms
DEBUG 04-24 11:19:32.760351.760351 cuda_h.py:27] end allocate_cuda_memory_and_load_into_gpu cost 3.735 ms
DEBUG 04-24 11:19:32.760274.760274 cuda_h.py:27] end *iln_self_attn_paln cost 3.974 ms
DEBUG 04-24 11:19:32.761349.761349 cuda_h.py:27] end gate cost 0.663 ms
DEBUG 04-24 11:19:32.762375.762375 cuda_h.py:27] end experts_map_get cost 0.286 ms
DEBUG 04-24 11:19:32.762350.762350 cuda_h.py:27] end *before experts start* cost 1.095 ms
DEBUG 04-24 11:19:32.762445.762445 cuda_h.py:27] end cpu_experts_submit_fused_mp cost 0.217 ms
DEBUG 04-24 11:19:32.763736.763736 cuda_h.py:27] end *single cpu experts* cost 1.585 ms
DEBUG 04-24 11:19:32.765604.765604 cuda_h.py:27] end prepare_group_stack cost 0.489 ms
DEBUG 04-24 11:19:32.765629.765629 cuda_h.py:27] end prepare_group_stack cost 0.699 ms
DEBUG 04-24 11:19:32.766336.766336 cuda_h.py:27] end prepare_group_stack cost 0.522 ms
DEBUG 04-24 11:19:32.766814.766814 cuda_h.py:27] end prepare_group_stack cost 0.488 ms
DEBUG 04-24 11:19:32.766271.766271 cuda_h.py:27] end group stack cost 1.006 ms
DEBUG 04-24 11:19:32.766322.766322 sllm_store_c.py:27] get device uuid map
DEBUG 04-24 11:19:32.766435.766435 cuda_h.py:27] end move_flatidxs_group_fused_mp cost 1.785 ms
DEBUG 04-24 11:19:32.766891.766891 sllm_store_c.py:29] call client load into gpu
DEBUG 04-24 11:19:32.766860.766860 cuda_h.py:27] end get_fused_experts_names_w cost 0.031 ms
DEBUG 04-24 11:19:32.767418.767418 cuda_h.py:27] end group stack cost 1.206 ms
DEBUG 04-24 11:19:32.767408.767408 cuda_h.py:27] end move_flatidxs_group_fused_mp cost 1.924 ms
DEBUG 04-24 11:19:32.767020.767020 cuda_h.py:27] end get_fused_experts_names_w cost 0.020 ms
DEBUG 04-24 11:19:32.767514.767514 cuda_h.py:27] end restore_fused_tensors cost 0.967 ms
DEBUG 04-24 11:19:32.768425.768425 cuda_h.py:27] end group_fused_tensors_mp cost 1.297 ms
DEBUG 04-24 11:19:32.768861.768861 cuda_h.py:27] end group stack cost 2.189 ms
DEBUG 04-24 11:19:32.768449.768449 cuda_h.py:27] end move_flatidxs_group_fused_mp cost 3.475 ms
DEBUG 04-24 11:19:32.768212.768212 cuda_h.py:27] end group stack cost 1.886 ms
DEBUG 04-24 11:19:32.768983.768983 cuda_h.py:27] end restore_fused_tensors cost 0.471 ms
DEBUG 04-24 11:19:32.768510.768510 cuda_h.py:27] end group_fused_tensors_mp cost 0.806 ms
DEBUG 04-24 11:19:32.768411.768411 cuda_h.py:27] end move_flatidxs_group_fused_mp cost 2.740 ms
DEBUG 04-24 11:19:32.768060.768060 cuda_h.py:27] end get_fused_experts_names_w cost 0.036 ms
DEBUG 04-24 11:19:32.768432.768432 cuda_h.py:27] end get_fused_experts_names_w cost 0.031 ms
DEBUG 04-24 11:19:32.769809.769809 cuda_h.py:27] end load_into_gpu_async_fused_experts_dual cost 2.854 ms
DEBUG 04-24 11:19:32.769092.769092 cuda_h.py:27] end restore_tensors2_fused_experts_packed cost 0.055 ms
DEBUG 04-24 11:19:32.769357.769357 cuda_h.py:27] end restore_fused_tensors cost 0.859 ms
DEBUG 04-24 11:19:32.769426.769426 cuda_h.py:27] end group_fused_tensors_mp cost 1.050 ms
DEBUG 04-24 11:19:32.770106.770106 cuda_h.py:27] end restore_fused_tensors cost 1.338 ms
DEBUG 04-24 11:19:32.770632.770632 cuda_h.py:27] end restore_tensors2_fused_experts_slices cost 0.420 ms
DEBUG 04-24 11:19:32.770687.770687 cuda_h.py:27] end group_fused_tensors_mp cost 1.768 ms
DEBUG 04-24 11:19:32.770641.770641 cuda_h.py:27] end allocate_experts_cuda_memory_and_restore_model_multi_device_fused cost 6.976 ms
DEBUG 04-24 11:19:32.771606.771606 cuda_h.py:27] end gpu_sexperts cost 0.010 ms
DEBUG 04-24 11:19:32.771864.771864 cuda_h.py:27] end restore2model cost 3.374 ms
DEBUG 04-24 11:19:32.771822.771822 cuda_h.py:27] end sllm_worker_task cost 15.021 ms
DEBUG 04-24 11:19:32.772671.772671 cuda_h.py:27] end wait_load_qkvogn_s_weight cost 0.998 ms
DEBUG 04-24 11:19:32.782843.782843 mlpmodule.py:3373] [fused_group_bmm][steps] bmm1=9.543 ms split=0.187 ms act_mul=0.524 ms bmm2=4.201 ms
DEBUG 04-24 11:19:32.782011.782011 cuda_h.py:27] end fused_group_bmm cost 14.753 ms
DEBUG 04-24 11:19:32.783829.783829 cuda_h.py:27] end gather_outputs_group_fused_mp cost 0.444 ms
DEBUG 04-24 11:19:32.784544.784544 cuda_h.py:27] end cpu_experts_worker_bmm_or_einsum_0 cost 20.289 ms
DEBUG 04-24 11:19:32.788184.788184 mlpmodule.py:3373] [fused_group_bmm][steps] bmm1=12.306 ms split=0.142 ms act_mul=0.382 ms bmm2=5.025 ms
DEBUG 04-24 11:19:32.788021.788021 cuda_h.py:27] end fused_group_bmm cost 18.178 ms
DEBUG 04-24 11:19:32.788854.788854 mlpmodule.py:3373] [fused_group_bmm][steps] bmm1=12.719 ms split=0.330 ms act_mul=0.471 ms bmm2=6.700 ms
DEBUG 04-24 11:19:32.789775.789775 cuda_h.py:27] end fused_group_bmm cost 20.477 ms
DEBUG 04-24 11:19:32.789683.789683 cuda_h.py:27] end gather_outputs_group_fused_mp cost 0.619 ms
DEBUG 04-24 11:19:32.789098.789098 cuda_h.py:27] end gather_outputs_group_fused_mp cost 0.600 ms
DEBUG 04-24 11:19:32.790026.790026 cuda_h.py:27] end cpu_experts_worker_bmm_or_einsum_1 cost 26.105 ms
DEBUG 04-24 11:19:32.790909.790909 cuda_h.py:27] end cpu_experts_worker_bmm_or_einsum_2 cost 25.688 ms
DEBUG 04-24 11:19:32.790450.790450 cuda_h.py:27] end prepare_per_device_parameters cost 17.854 ms
DEBUG 04-24 11:19:32.791797.791797 mlpmodule.py:3373] [fused_group_bmm][steps] bmm1=14.352 ms split=0.117 ms act_mul=0.584 ms bmm2=5.895 ms
DEBUG 04-24 11:19:32.791262.791262 cuda_h.py:27] end fused_group_bmm cost 21.224 ms
DEBUG 04-24 11:19:32.792109.792109 cuda_h.py:27] end gather_outputs_group_fused_mp cost 0.589 ms
DEBUG 04-24 11:19:32.792922.792922 cuda_h.py:27] end cpu_experts_worker_bmm_or_einsum_3 cost 27.846 ms
DEBUG 04-24 11:19:32.794686.794686 cuda_h.py:27] end wait_experts_multi_device cost 3.926 ms
DEBUG 04-24 11:19:32.794026.794026 cuda_h.py:27] end *before fused experts* cost 31.162 ms
DEBUG 04-24 11:19:32.799198.799198 cuda_h.py:27] end gpu_experts_multi_device_fused cost 4.887 ms
DEBUG 04-24 11:19:32.799334.799334 cuda_h.py:27] end *gpu experts* cost 36.199 ms
DEBUG 04-24 11:19:32.801734.801734 cuda_h.py:27] end cpu_experts_scatter_reduce cost 0.598 ms
DEBUG 04-24 11:19:32.801637.801637 cuda_h.py:27] end cpu_thread_manager_mp_wait_fused cost 1.697 ms
DEBUG 04-24 11:19:32.801845.801845 cuda_h.py:27] end layer_moe_generate_mp_multi_device_fused_l_12 cost 40.785 ms
DEBUG 04-24 11:19:32.802008.802008 cuda_h.py:27] end *mlp cost 41.711 ms
DEBUG 04-24 11:19:32.802719.802719 cuda_h.py:27] end prefill_layer cost 46.137 ms
DEBUG 04-24 11:19:32.802283.802283 lmp.py:341] -------------------------------- end prefill layer 11 --------------------------------
DEBUG 04-24 11:19:32.802559.802559 lmp.py:294] -------------------------------- start prefill layer 12 --------------------------------
DEBUG 04-24 11:19:32.802476.802476 cuda_h.py:27] end start_load_qkvogn_s_weight_l_13 cost 0.043 ms
DEBUG 04-24 11:19:32.803414.803414 cuda_h.py:27] end allocate_cuda_memory cost 0.212 ms
DEBUG 04-24 11:19:32.803995.803995 sllm_store_c.py:27] get device uuid map
DEBUG 04-24 11:19:32.803920.803920 sllm_store_c.py:29] call client load into gpu
DEBUG 04-24 11:19:32.805222.805222 cuda_h.py:27] end load_into_gpu_async cost 1.641 ms
DEBUG 04-24 11:19:32.805718.805718 cuda_h.py:27] end restore_tensors2 cost 0.093 ms
DEBUG 04-24 11:19:32.805792.805792 cuda_h.py:27] end **self_attn cost 1.448 ms
DEBUG 04-24 11:19:32.805963.805963 cuda_h.py:27] end allocate_cuda_memory_and_load_into_gpu cost 2.417 ms
DEBUG 04-24 11:19:32.805959.805959 cuda_h.py:27] end *iln_self_attn_paln cost 3.003 ms
DEBUG 04-24 11:19:32.806885.806885 cuda_h.py:27] end gate cost 0.507 ms
DEBUG 04-24 11:19:32.806871.806871 cuda_h.py:27] end experts_map_get cost 0.293 ms
DEBUG 04-24 11:19:32.806085.806085 cuda_h.py:27] end *before experts start* cost 0.945 ms
DEBUG 04-24 11:19:32.807564.807564 cuda_h.py:27] end cpu_experts_submit_fused_mp cost 0.219 ms
DEBUG 04-24 11:19:32.808459.808459 cuda_h.py:27] end *single cpu experts* cost 1.262 ms
DEBUG 04-24 11:19:32.809278.809278 cuda_h.py:27] end prepare_group_stack cost 0.400 ms
DEBUG 04-24 11:19:32.809392.809392 cuda_h.py:27] end prepare_group_stack cost 0.432 ms
DEBUG 04-24 11:19:32.810355.810355 cuda_h.py:27] end prepare_group_stack cost 0.482 ms
DEBUG 04-24 11:19:32.810070.810070 sllm_store_c.py:27] get device uuid map
DEBUG 04-24 11:19:32.810417.810417 sllm_store_c.py:29] call client load into gpu
DEBUG 04-24 11:19:32.810184.810184 cuda_h.py:27] end group stack cost 0.665 ms
DEBUG 04-24 11:19:32.810565.810565 cuda_h.py:27] end move_flatidxs_group_fused_mp cost 1.303 ms
DEBUG 04-24 11:19:32.810140.810140 cuda_h.py:27] end get_fused_experts_names_w cost 0.024 ms
DEBUG 04-24 11:19:32.811930.811930 cuda_h.py:27] end prepare_group_stack cost 0.504 ms
DEBUG 04-24 11:19:32.811143.811143 cuda_h.py:27] end group stack cost 1.168 ms
DEBUG 04-24 11:19:32.811656.811656 cuda_h.py:27] end move_flatidxs_group_fused_mp cost 1.803 ms
DEBUG 04-24 11:19:32.811280.811280 cuda_h.py:27] end group stack cost 1.091 ms
DEBUG 04-24 11:19:32.811575.811575 cuda_h.py:27] end get_fused_experts_names_w cost 0.023 ms
DEBUG 04-24 11:19:32.811834.811834 cuda_h.py:27] end move_flatidxs_group_fused_mp cost 1.938 ms
DEBUG 04-24 11:19:32.811574.811574 cuda_h.py:27] end get_fused_experts_names_w cost 0.020 ms
DEBUG 04-24 11:19:32.811807.811807 cuda_h.py:27] end restore_fused_tensors cost 0.608 ms
DEBUG 04-24 11:19:32.811135.811135 cuda_h.py:27] end group_fused_tensors_mp cost 0.868 ms
DEBUG 04-24 11:19:32.812563.812563 cuda_h.py:27] end restore_fused_tensors cost 0.494 ms
DEBUG 04-24 11:19:32.812359.812359 cuda_h.py:27] end group_fused_tensors_mp cost 0.711 ms
DEBUG 04-24 11:19:32.812180.812180 cuda_h.py:27] end restore_fused_tensors cost 0.577 ms
DEBUG 04-24 11:19:32.812150.812150 cuda_h.py:27] end group_fused_tensors_mp cost 0.799 ms
DEBUG 04-24 11:19:32.812503.812503 cuda_h.py:27] end group stack cost 1.590 ms
DEBUG 04-24 11:19:32.812506.812506 cuda_h.py:27] end move_flatidxs_group_fused_mp cost 2.314 ms
DEBUG 04-24 11:19:32.813357.813357 cuda_h.py:27] end get_fused_experts_names_w cost 0.027 ms
DEBUG 04-24 11:19:32.813375.813375 cuda_h.py:27] end restore_fused_tensors cost 0.706 ms
DEBUG 04-24 11:19:32.813993.813993 cuda_h.py:27] end group_fused_tensors_mp cost 0.852 ms
DEBUG 04-24 11:19:32.814099.814099 cuda_h.py:27] end restore2model cost 1.660 ms
DEBUG 04-24 11:19:32.814182.814182 cuda_h.py:27] end sllm_worker_task cost 11.674 ms
DEBUG 04-24 11:19:32.815238.815238 cuda_h.py:27] end load_into_gpu_async_fused_experts_dual cost 5.196 ms
DEBUG 04-24 11:19:32.816192.816192 cuda_h.py:27] end restore_tensors2_fused_experts_packed cost 0.236 ms
DEBUG 04-24 11:19:32.816295.816295 cuda_h.py:27] end restore_tensors2_fused_experts_slices cost 0.424 ms
DEBUG 04-24 11:19:32.816897.816897 cuda_h.py:27] end allocate_experts_cuda_memory_and_restore_model_multi_device_fused cost 8.445 ms
DEBUG 04-24 11:19:32.816841.816841 cuda_h.py:27] end gpu_sexperts cost 0.015 ms
DEBUG 04-24 11:19:32.816368.816368 cuda_h.py:27] end wait_load_qkvogn_s_weight cost 0.050 ms
DEBUG 04-24 11:19:32.822004.822004 mlpmodule.py:3373] [fused_group_bmm][steps] bmm1=6.287 ms split=0.116 ms act_mul=0.603 ms bmm2=3.305 ms
DEBUG 04-24 11:19:32.822853.822853 cuda_h.py:27] end fused_group_bmm cost 10.585 ms
DEBUG 04-24 11:19:32.823734.823734 cuda_h.py:27] end gather_outputs_group_fused_mp cost 0.523 ms
DEBUG 04-24 11:19:32.824607.824607 cuda_h.py:27] end cpu_experts_worker_bmm_or_einsum_0 cost 15.672 ms
DEBUG 04-24 11:19:32.826329.826329 mlpmodule.py:3373] [fused_group_bmm][steps] bmm1=9.464 ms split=0.196 ms act_mul=0.497 ms bmm2=4.090 ms
DEBUG 04-24 11:19:32.827536.827536 cuda_h.py:27] end fused_group_bmm cost 14.543 ms
DEBUG 04-24 11:19:32.827108.827108 mlpmodule.py:3373] [fused_group_bmm][steps] bmm1=9.659 ms split=0.204 ms act_mul=0.386 ms bmm2=5.232 ms
DEBUG 04-24 11:19:32.827114.827114 cuda_h.py:27] end gather_outputs_group_fused_mp cost 0.656 ms
DEBUG 04-24 11:19:32.828554.828554 cuda_h.py:27] end fused_group_bmm cost 15.778 ms
DEBUG 04-24 11:19:32.828889.828889 cuda_h.py:27] end cpu_experts_worker_bmm_or_einsum_1 cost 19.968 ms
DEBUG 04-24 11:19:32.828521.828521 cuda_h.py:27] end gather_outputs_group_fused_mp cost 0.567 ms
DEBUG 04-24 11:19:32.829745.829745 cuda_h.py:27] end cpu_experts_worker_bmm_or_einsum_3 cost 20.964 ms
DEBUG 04-24 11:19:32.832073.832073 mlpmodule.py:3373] [fused_group_bmm][steps] bmm1=12.627 ms split=0.119 ms act_mul=0.358 ms bmm2=5.095 ms
DEBUG 04-24 11:19:32.832001.832001 cuda_h.py:27] end fused_group_bmm cost 18.463 ms
DEBUG 04-24 11:19:32.833531.833531 cuda_h.py:27] end gather_outputs_group_fused_mp cost 0.607 ms
DEBUG 04-24 11:19:32.833121.833121 cuda_h.py:27] end prepare_per_device_parameters cost 16.653 ms
DEBUG 04-24 11:19:32.833780.833780 cuda_h.py:27] end cpu_experts_worker_bmm_or_einsum_2 cost 24.422 ms
DEBUG 04-24 11:19:32.838469.838469 cuda_h.py:27] end wait_experts_multi_device cost 4.925 ms
DEBUG 04-24 11:19:32.838041.838041 cuda_h.py:27] end *before fused experts* cost 30.573 ms
DEBUG 04-24 11:19:32.842390.842390 cuda_h.py:27] end gpu_experts_multi_device_fused cost 4.046 ms
DEBUG 04-24 11:19:32.843710.843710 cuda_h.py:27] end *gpu experts* cost 34.718 ms
DEBUG 04-24 11:19:32.844168.844168 cuda_h.py:27] end cpu_experts_scatter_reduce cost 0.602 ms
DEBUG 04-24 11:19:32.844634.844634 cuda_h.py:27] end cpu_thread_manager_mp_wait_fused cost 1.828 ms
DEBUG 04-24 11:19:32.844106.844106 cuda_h.py:27] end layer_moe_generate_mp_multi_device_fused_l_13 cost 38.952 ms
DEBUG 04-24 11:19:32.845468.845468 cuda_h.py:27] end *mlp cost 39.674 ms
DEBUG 04-24 11:19:32.845127.845127 cuda_h.py:27] end prefill_layer cost 42.868 ms
DEBUG 04-24 11:19:32.845976.845976 lmp.py:341] -------------------------------- end prefill layer 12 --------------------------------
DEBUG 04-24 11:19:32.845384.845384 lmp.py:294] -------------------------------- start prefill layer 13 --------------------------------
DEBUG 04-24 11:19:32.846254.846254 cuda_h.py:27] end start_load_qkvogn_s_weight_l_14 cost 0.043 ms
DEBUG 04-24 11:19:32.846637.846637 cuda_h.py:27] end allocate_cuda_memory cost 0.223 ms
DEBUG 04-24 11:19:32.846218.846218 sllm_store_c.py:27] get device uuid map
DEBUG 04-24 11:19:32.846334.846334 sllm_store_c.py:29] call client load into gpu
DEBUG 04-24 11:19:32.848595.848595 cuda_h.py:27] end **self_attn cost 1.342 ms
DEBUG 04-24 11:19:32.848854.848854 cuda_h.py:27] end *iln_self_attn_paln cost 2.354 ms
DEBUG 04-24 11:19:32.848685.848685 cuda_h.py:27] end load_into_gpu_async cost 2.272 ms
DEBUG 04-24 11:19:32.848505.848505 cuda_h.py:27] end restore_tensors2 cost 0.106 ms
DEBUG 04-24 11:19:32.849223.849223 cuda_h.py:27] end allocate_cuda_memory_and_load_into_gpu cost 2.950 ms
DEBUG 04-24 11:19:32.849745.849745 cuda_h.py:27] end gate cost 0.836 ms
DEBUG 04-24 11:19:32.849764.849764 cuda_h.py:27] end experts_map_get cost 0.268 ms
DEBUG 04-24 11:19:32.849547.849547 cuda_h.py:27] end *before experts start* cost 1.264 ms
DEBUG 04-24 11:19:32.849873.849873 cuda_h.py:27] end cpu_experts_submit_fused_mp cost 0.213 ms
DEBUG 04-24 11:19:32.850987.850987 cuda_h.py:27] end *single cpu experts* cost 1.241 ms
DEBUG 04-24 11:19:32.852377.852377 cuda_h.py:27] end prepare_group_stack cost 0.400 ms
DEBUG 04-24 11:19:32.853177.853177 cuda_h.py:27] end prepare_group_stack cost 0.519 ms
DEBUG 04-24 11:19:32.853199.853199 cuda_h.py:27] end prepare_group_stack cost 0.508 ms
DEBUG 04-24 11:19:32.853687.853687 sllm_store_c.py:27] get device uuid map
DEBUG 04-24 11:19:32.853699.853699 sllm_store_c.py:29] call client load into gpu
DEBUG 04-24 11:19:32.853078.853078 cuda_h.py:27] end group stack cost 0.668 ms
DEBUG 04-24 11:19:32.853929.853929 cuda_h.py:27] end move_flatidxs_group_fused_mp cost 1.282 ms
DEBUG 04-24 11:19:32.853446.853446 cuda_h.py:27] end prepare_group_stack cost 0.478 ms
DEBUG 04-24 11:19:32.853002.853002 cuda_h.py:27] end get_fused_experts_names_w cost 0.025 ms
DEBUG 04-24 11:19:32.854002.854002 cuda_h.py:27] end group stack cost 1.330 ms
DEBUG 04-24 11:19:32.854020.854020 cuda_h.py:27] end restore_fused_tensors cost 0.593 ms
DEBUG 04-24 11:19:32.854874.854874 cuda_h.py:27] end move_flatidxs_group_fused_mp cost 2.171 ms
DEBUG 04-24 11:19:32.854761.854761 cuda_h.py:27] end group_fused_tensors_mp cost 0.940 ms
DEBUG 04-24 11:19:32.854643.854643 cuda_h.py:27] end get_fused_experts_names_w cost 0.028 ms
DEBUG 04-24 11:19:32.855655.855655 cuda_h.py:27] end group stack cost 1.119 ms
DEBUG 04-24 11:19:32.855438.855438 cuda_h.py:27] end group stack cost 1.871 ms
DEBUG 04-24 11:19:32.855933.855933 cuda_h.py:27] end move_flatidxs_group_fused_mp cost 1.975 ms
DEBUG 04-24 11:19:32.855803.855803 cuda_h.py:27] end get_fused_experts_names_w cost 0.022 ms
DEBUG 04-24 11:19:32.855617.855617 cuda_h.py:27] end move_flatidxs_group_fused_mp cost 2.734 ms
DEBUG 04-24 11:19:32.855210.855210 cuda_h.py:27] end get_fused_experts_names_w cost 0.033 ms
DEBUG 04-24 11:19:32.855931.855931 cuda_h.py:27] end restore_fused_tensors cost 0.617 ms
DEBUG 04-24 11:19:32.855362.855362 cuda_h.py:27] end restore_fused_tensors cost 0.946 ms
DEBUG 04-24 11:19:32.856774.856774 cuda_h.py:27] end group_fused_tensors_mp cost 0.741 ms
DEBUG 04-24 11:19:32.856498.856498 cuda_h.py:27] end group_fused_tensors_mp cost 1.223 ms
DEBUG 04-24 11:19:32.856078.856078 cuda_h.py:27] end restore_fused_tensors cost 0.918 ms
DEBUG 04-24 11:19:32.856435.856435 cuda_h.py:27] end group_fused_tensors_mp cost 1.222 ms
DEBUG 04-24 11:19:32.858507.858507 cuda_h.py:27] end load_into_gpu_async_fused_experts_dual cost 5.629 ms
DEBUG 04-24 11:19:32.859247.859247 cuda_h.py:27] end restore_tensors2_fused_experts_packed cost 0.194 ms
DEBUG 04-24 11:19:32.860826.860826 cuda_h.py:27] end restore_tensors2_fused_experts_slices cost 0.434 ms
DEBUG 04-24 11:19:32.860727.860727 cuda_h.py:27] end allocate_experts_cuda_memory_and_restore_model_multi_device_fused cost 9.580 ms
DEBUG 04-24 11:19:32.860922.860922 cuda_h.py:27] end restore2model cost 2.869 ms
DEBUG 04-24 11:19:32.860169.860169 cuda_h.py:27] end gpu_sexperts cost 0.015 ms
DEBUG 04-24 11:19:32.860499.860499 cuda_h.py:27] end sllm_worker_task cost 14.731 ms
DEBUG 04-24 11:19:32.861782.861782 cuda_h.py:27] end wait_load_qkvogn_s_weight cost 0.206 ms
DEBUG 04-24 11:19:32.864827.864827 mlpmodule.py:3373] [fused_group_bmm][steps] bmm1=5.529 ms split=0.180 ms act_mul=0.490 ms bmm2=3.695 ms
DEBUG 04-24 11:19:32.865407.865407 cuda_h.py:27] end fused_group_bmm cost 10.281 ms
DEBUG 04-24 11:19:32.865962.865962 cuda_h.py:27] end gather_outputs_group_fused_mp cost 0.494 ms
DEBUG 04-24 11:19:32.866499.866499 cuda_h.py:27] end cpu_experts_worker_bmm_or_einsum_0 cost 14.957 ms
DEBUG 04-24 11:19:32.871462.871462 mlpmodule.py:3373] [fused_group_bmm][steps] bmm1=8.894 ms split=0.144 ms act_mul=0.475 ms bmm2=6.103 ms
DEBUG 04-24 11:19:32.872098.872098 cuda_h.py:27] end fused_group_bmm cost 15.879 ms
DEBUG 04-24 11:19:32.871202.871202 mlpmodule.py:3373] [fused_group_bmm][steps] bmm1=9.932 ms split=0.136 ms act_mul=0.390 ms bmm2=4.948 ms
DEBUG 04-24 11:19:32.872597.872597 cuda_h.py:27] end fused_group_bmm cost 15.777 ms
DEBUG 04-24 11:19:32.872722.872722 cuda_h.py:27] end gather_outputs_group_fused_mp cost 0.591 ms
DEBUG 04-24 11:19:32.873371.873371 cuda_h.py:27] end gather_outputs_group_fused_mp cost 0.614 ms
DEBUG 04-24 11:19:32.873950.873950 cuda_h.py:27] end cpu_experts_worker_bmm_or_einsum_2 cost 21.027 ms
DEBUG 04-24 11:19:32.873635.873635 cuda_h.py:27] end cpu_experts_worker_bmm_or_einsum_1 cost 22.138 ms
DEBUG 04-24 11:19:32.873267.873267 mlpmodule.py:3373] [fused_group_bmm][steps] bmm1=10.115 ms split=0.125 ms act_mul=0.577 ms bmm2=6.120 ms
DEBUG 04-24 11:19:32.874699.874699 cuda_h.py:27] end fused_group_bmm cost 17.226 ms
DEBUG 04-24 11:19:32.874573.874573 cuda_h.py:27] end gather_outputs_group_fused_mp cost 0.584 ms
DEBUG 04-24 11:19:32.875286.875286 cuda_h.py:27] end cpu_experts_worker_bmm_or_einsum_3 cost 23.931 ms
DEBUG 04-24 11:19:32.878950.878950 cuda_h.py:27] end prepare_per_device_parameters cost 17.327 ms
DEBUG 04-24 11:19:32.881996.881996 cuda_h.py:27] end wait_experts_multi_device cost 2.858 ms
DEBUG 04-24 11:19:32.881939.881939 cuda_h.py:27] end *before fused experts* cost 30.741 ms
DEBUG 04-24 11:19:32.885953.885953 cuda_h.py:27] end gpu_experts_multi_device_fused cost 4.150 ms
DEBUG 04-24 11:19:32.885433.885433 cuda_h.py:27] end *gpu experts* cost 35.002 ms
DEBUG 04-24 11:19:32.887959.887959 cuda_h.py:27] end cpu_experts_scatter_reduce cost 0.659 ms
DEBUG 04-24 11:19:32.887616.887616 cuda_h.py:27] end cpu_thread_manager_mp_wait_fused cost 1.891 ms
DEBUG 04-24 11:19:32.887327.887327 cuda_h.py:27] end layer_moe_generate_mp_multi_device_fused_l_14 cost 39.585 ms
DEBUG 04-24 11:19:32.888722.888722 cuda_h.py:27] end *mlp cost 40.295 ms
DEBUG 04-24 11:19:32.888095.888095 cuda_h.py:27] end prefill_layer cost 42.798 ms
DEBUG 04-24 11:19:32.888467.888467 lmp.py:341] -------------------------------- end prefill layer 13 --------------------------------
DEBUG 04-24 11:19:32.888100.888100 lmp.py:294] -------------------------------- start prefill layer 14 --------------------------------
DEBUG 04-24 11:19:32.888255.888255 cuda_h.py:27] end start_load_qkvogn_s_weight_l_15 cost 0.043 ms
DEBUG 04-24 11:19:32.889447.889447 cuda_h.py:27] end allocate_cuda_memory cost 0.232 ms
DEBUG 04-24 11:19:32.889828.889828 sllm_store_c.py:27] get device uuid map
DEBUG 04-24 11:19:32.889578.889578 sllm_store_c.py:29] call client load into gpu
DEBUG 04-24 11:19:32.891742.891742 cuda_h.py:27] end **self_attn cost 1.398 ms
DEBUG 04-24 11:19:32.891193.891193 cuda_h.py:27] end *iln_self_attn_paln cost 2.357 ms
DEBUG 04-24 11:19:32.891020.891020 cuda_h.py:27] end gate cost 0.511 ms
DEBUG 04-24 11:19:32.892675.892675 cuda_h.py:27] end load_into_gpu_async cost 2.552 ms
DEBUG 04-24 11:19:32.892736.892736 cuda_h.py:27] end experts_map_get cost 0.322 ms
DEBUG 04-24 11:19:32.892542.892542 cuda_h.py:27] end restore_tensors2 cost 0.098 ms
DEBUG 04-24 11:19:32.892015.892015 cuda_h.py:27] end *before experts start* cost 1.145 ms
DEBUG 04-24 11:19:32.892087.892087 cuda_h.py:27] end allocate_cuda_memory_and_load_into_gpu cost 3.593 ms
DEBUG 04-24 11:19:32.892172.892172 cuda_h.py:27] end cpu_experts_submit_fused_mp cost 0.214 ms
DEBUG 04-24 11:19:32.894848.894848 cuda_h.py:27] end *single cpu experts* cost 1.413 ms
DEBUG 04-24 11:19:32.896878.896878 cuda_h.py:27] end prepare_group_stack cost 0.403 ms
DEBUG 04-24 11:19:32.896866.896866 cuda_h.py:27] end prepare_group_stack cost 0.420 ms
DEBUG 04-24 11:19:32.896492.896492 sllm_store_c.py:27] get device uuid map
DEBUG 04-24 11:19:32.896700.896700 sllm_store_c.py:29] call client load into gpu
DEBUG 04-24 11:19:32.896264.896264 cuda_h.py:27] end prepare_group_stack cost 0.689 ms
DEBUG 04-24 11:19:32.896614.896614 cuda_h.py:27] end group stack cost 0.727 ms
DEBUG 04-24 11:19:32.897750.897750 cuda_h.py:27] end move_flatidxs_group_fused_mp cost 1.347 ms
DEBUG 04-24 11:19:32.897438.897438 cuda_h.py:27] end get_fused_experts_names_w cost 0.022 ms
DEBUG 04-24 11:19:32.897173.897173 cuda_h.py:27] end prepare_group_stack cost 0.611 ms
DEBUG 04-24 11:19:32.897117.897117 cuda_h.py:27] end group stack cost 1.252 ms
DEBUG 04-24 11:19:32.897584.897584 cuda_h.py:27] end move_flatidxs_group_fused_mp cost 1.879 ms
DEBUG 04-24 11:19:32.897377.897377 cuda_h.py:27] end get_fused_experts_names_w cost 0.025 ms
DEBUG 04-24 11:19:32.897868.897868 cuda_h.py:27] end restore_fused_tensors cost 0.612 ms
DEBUG 04-24 11:19:32.898376.898376 cuda_h.py:27] end group_fused_tensors_mp cost 0.927 ms
DEBUG 04-24 11:19:32.898563.898563 cuda_h.py:27] end restore_fused_tensors cost 0.441 ms
DEBUG 04-24 11:19:32.898783.898783 cuda_h.py:27] end group_fused_tensors_mp cost 0.679 ms
DEBUG 04-24 11:19:32.898880.898880 cuda_h.py:27] end group stack cost 2.169 ms
DEBUG 04-24 11:19:32.899530.899530 cuda_h.py:27] end move_flatidxs_group_fused_mp cost 3.338 ms
DEBUG 04-24 11:19:32.899804.899804 cuda_h.py:27] end group stack cost 1.822 ms
DEBUG 04-24 11:19:32.899303.899303 cuda_h.py:27] end move_flatidxs_group_fused_mp cost 2.941 ms
DEBUG 04-24 11:19:32.899051.899051 cuda_h.py:27] end get_fused_experts_names_w cost 0.037 ms
DEBUG 04-24 11:19:32.899804.899804 cuda_h.py:27] end get_fused_experts_names_w cost 0.034 ms
DEBUG 04-24 11:19:32.900386.900386 cuda_h.py:27] end restore_fused_tensors cost 0.939 ms
DEBUG 04-24 11:19:32.901628.901628 cuda_h.py:27] end group_fused_tensors_mp cost 1.314 ms
DEBUG 04-24 11:19:32.901522.901522 cuda_h.py:27] end restore_fused_tensors cost 1.250 ms
DEBUG 04-24 11:19:32.901617.901617 cuda_h.py:27] end restore2model cost 1.710 ms
DEBUG 04-24 11:19:32.901729.901729 cuda_h.py:27] end group_fused_tensors_mp cost 2.087 ms
DEBUG 04-24 11:19:32.901539.901539 cuda_h.py:27] end sllm_worker_task cost 12.505 ms
DEBUG 04-24 11:19:32.901418.901418 cuda_h.py:27] end load_into_gpu_async_fused_experts_dual cost 5.478 ms
DEBUG 04-24 11:19:32.902033.902033 cuda_h.py:27] end restore_tensors2_fused_experts_packed cost 0.162 ms
DEBUG 04-24 11:19:32.902130.902130 cuda_h.py:27] end restore_tensors2_fused_experts_slices cost 0.445 ms
DEBUG 04-24 11:19:32.902294.902294 cuda_h.py:27] end allocate_experts_cuda_memory_and_restore_model_multi_device_fused cost 8.731 ms
DEBUG 04-24 11:19:32.903554.903554 cuda_h.py:27] end gpu_sexperts cost 0.012 ms
DEBUG 04-24 11:19:32.903954.903954 cuda_h.py:27] end wait_load_qkvogn_s_weight cost 0.033 ms
DEBUG 04-24 11:19:32.910928.910928 mlpmodule.py:3373] [fused_group_bmm][steps] bmm1=6.105 ms split=0.155 ms act_mul=0.698 ms bmm2=4.795 ms
DEBUG 04-24 11:19:32.910656.910656 cuda_h.py:27] end fused_group_bmm cost 12.174 ms
DEBUG 04-24 11:19:32.911116.911116 cuda_h.py:27] end gather_outputs_group_fused_mp cost 0.635 ms
DEBUG 04-24 11:19:32.911582.911582 cuda_h.py:27] end cpu_experts_worker_bmm_or_einsum_0 cost 17.233 ms
DEBUG 04-24 11:19:32.912779.912779 mlpmodule.py:3373] [fused_group_bmm][steps] bmm1=6.672 ms split=0.181 ms act_mul=0.535 ms bmm2=6.772 ms
DEBUG 04-24 11:19:32.912026.912026 cuda_h.py:27] end fused_group_bmm cost 14.452 ms
DEBUG 04-24 11:19:32.913384.913384 cuda_h.py:27] end gather_outputs_group_fused_mp cost 0.568 ms
DEBUG 04-24 11:19:32.914402.914402 cuda_h.py:27] end cpu_experts_worker_bmm_or_einsum_3 cost 19.738 ms
DEBUG 04-24 11:19:32.917072.917072 mlpmodule.py:3373] [fused_group_bmm][steps] bmm1=10.027 ms split=0.151 ms act_mul=0.403 ms bmm2=4.848 ms
DEBUG 04-24 11:19:32.917432.917432 cuda_h.py:27] end fused_group_bmm cost 15.740 ms
DEBUG 04-24 11:19:32.918028.918028 cuda_h.py:27] end gather_outputs_group_fused_mp cost 0.586 ms
DEBUG 04-24 11:19:32.918510.918510 mlpmodule.py:3373] [fused_group_bmm][steps] bmm1=11.343 ms split=0.110 ms act_mul=0.351 ms bmm2=5.782 ms
DEBUG 04-24 11:19:32.919438.919438 cuda_h.py:27] end fused_group_bmm cost 17.849 ms
DEBUG 04-24 11:19:32.919385.919385 cuda_h.py:27] end cpu_experts_worker_bmm_or_einsum_1 cost 24.429 ms
DEBUG 04-24 11:19:32.919690.919690 cuda_h.py:27] end gather_outputs_group_fused_mp cost 0.585 ms
DEBUG 04-24 11:19:32.920901.920901 cuda_h.py:27] end cpu_experts_worker_bmm_or_einsum_2 cost 24.900 ms
DEBUG 04-24 11:19:32.920439.920439 cuda_h.py:27] end prepare_per_device_parameters cost 17.145 ms
DEBUG 04-24 11:19:32.924957.924957 cuda_h.py:27] end wait_experts_multi_device cost 3.355 ms
DEBUG 04-24 11:19:32.924343.924343 cuda_h.py:27] end *before fused experts* cost 29.981 ms
DEBUG 04-24 11:19:32.928356.928356 cuda_h.py:27] end gpu_experts_multi_device_fused cost 4.284 ms
DEBUG 04-24 11:19:32.928226.928226 cuda_h.py:27] end *gpu experts* cost 34.389 ms
DEBUG 04-24 11:19:32.930860.930860 cuda_h.py:27] end cpu_experts_scatter_reduce cost 0.592 ms
DEBUG 04-24 11:19:32.930472.930472 cuda_h.py:27] end cpu_thread_manager_mp_wait_fused cost 1.761 ms
DEBUG 04-24 11:19:32.930011.930011 cuda_h.py:27] end layer_moe_generate_mp_multi_device_fused_l_15 cost 39.207 ms
DEBUG 04-24 11:19:32.931090.931090 cuda_h.py:27] end *mlp cost 40.176 ms
DEBUG 04-24 11:19:32.931463.931463 cuda_h.py:27] end prefill_layer cost 42.682 ms
DEBUG 04-24 11:19:32.931881.931881 lmp.py:341] -------------------------------- end prefill layer 14 --------------------------------
DEBUG 04-24 11:19:32.931278.931278 lmp.py:294] -------------------------------- start prefill layer 15 --------------------------------
DEBUG 04-24 11:19:32.931671.931671 cuda_h.py:27] end start_load_qkvogn_s_weight_l_16 cost 0.043 ms
DEBUG 04-24 11:19:32.932171.932171 cuda_h.py:27] end allocate_cuda_memory cost 0.202 ms
DEBUG 04-24 11:19:32.932190.932190 sllm_store_c.py:27] get device uuid map
DEBUG 04-24 11:19:32.932815.932815 sllm_store_c.py:29] call client load into gpu
DEBUG 04-24 11:19:32.933435.933435 cuda_h.py:27] end **self_attn cost 1.190 ms
DEBUG 04-24 11:19:32.934655.934655 cuda_h.py:27] end load_into_gpu_async cost 1.815 ms
DEBUG 04-24 11:19:32.934294.934294 cuda_h.py:27] end *iln_self_attn_paln cost 2.438 ms
DEBUG 04-24 11:19:32.934987.934987 cuda_h.py:27] end restore_tensors2 cost 0.089 ms
DEBUG 04-24 11:19:32.934247.934247 cuda_h.py:27] end allocate_cuda_memory_and_load_into_gpu cost 2.690 ms
DEBUG 04-24 11:19:32.935236.935236 cuda_h.py:27] end gate cost 0.629 ms
DEBUG 04-24 11:19:32.935831.935831 cuda_h.py:27] end experts_map_get cost 0.284 ms
DEBUG 04-24 11:19:32.935138.935138 cuda_h.py:27] end *before experts start* cost 1.058 ms
DEBUG 04-24 11:19:32.935186.935186 cuda_h.py:27] end cpu_experts_submit_fused_mp cost 0.217 ms
DEBUG 04-24 11:19:32.936667.936667 cuda_h.py:27] end *single cpu experts* cost 1.130 ms
DEBUG 04-24 11:19:32.938336.938336 cuda_h.py:27] end prepare_group_stack cost 0.374 ms
DEBUG 04-24 11:19:32.938240.938240 cuda_h.py:27] end prepare_group_stack cost 0.431 ms
DEBUG 04-24 11:19:32.938782.938782 cuda_h.py:27] end group stack cost 0.563 ms
DEBUG 04-24 11:19:32.938420.938420 cuda_h.py:27] end move_flatidxs_group_fused_mp cost 1.121 ms
DEBUG 04-24 11:19:32.938612.938612 cuda_h.py:27] end get_fused_experts_names_w cost 0.024 ms
DEBUG 04-24 11:19:32.939466.939466 cuda_h.py:27] end prepare_group_stack cost 0.483 ms
DEBUG 04-24 11:19:32.939473.939473 cuda_h.py:27] end prepare_group_stack cost 0.524 ms
DEBUG 04-24 11:19:32.939048.939048 sllm_store_c.py:27] get device uuid map
DEBUG 04-24 11:19:32.939667.939667 sllm_store_c.py:29] call client load into gpu
DEBUG 04-24 11:19:32.939529.939529 cuda_h.py:27] end restore_fused_tensors cost 0.761 ms
DEBUG 04-24 11:19:32.939770.939770 cuda_h.py:27] end group_fused_tensors_mp cost 0.987 ms
DEBUG 04-24 11:19:32.940468.940468 cuda_h.py:27] end group stack cost 1.631 ms
DEBUG 04-24 11:19:32.940552.940552 cuda_h.py:27] end group stack cost 0.894 ms
DEBUG 04-24 11:19:32.940128.940128 cuda_h.py:27] end move_flatidxs_group_fused_mp cost 2.434 ms
DEBUG 04-24 11:19:32.940411.940411 cuda_h.py:27] end move_flatidxs_group_fused_mp cost 1.616 ms
DEBUG 04-24 11:19:32.940533.940533 cuda_h.py:27] end group stack cost 1.116 ms
DEBUG 04-24 11:19:32.940690.940690 cuda_h.py:27] end get_fused_experts_names_w cost 0.030 ms
DEBUG 04-24 11:19:32.940907.940907 cuda_h.py:27] end move_flatidxs_group_fused_mp cost 1.843 ms
DEBUG 04-24 11:19:32.940782.940782 cuda_h.py:27] end get_fused_experts_names_w cost 0.045 ms
DEBUG 04-24 11:19:32.940576.940576 cuda_h.py:27] end get_fused_experts_names_w cost 0.021 ms
DEBUG 04-24 11:19:32.941230.941230 cuda_h.py:27] end restore_fused_tensors cost 0.738 ms
DEBUG 04-24 11:19:32.941847.941847 cuda_h.py:27] end restore_fused_tensors cost 0.598 ms
DEBUG 04-24 11:19:32.941206.941206 cuda_h.py:27] end group_fused_tensors_mp cost 0.854 ms
DEBUG 04-24 11:19:32.941968.941968 cuda_h.py:27] end group_fused_tensors_mp cost 1.013 ms
DEBUG 04-24 11:19:32.941049.941049 cuda_h.py:27] end restore_fused_tensors cost 0.545 ms
DEBUG 04-24 11:19:32.941243.941243 cuda_h.py:27] end group_fused_tensors_mp cost 0.973 ms
DEBUG 04-24 11:19:32.943720.943720 cuda_h.py:27] end restore2model cost 1.638 ms
DEBUG 04-24 11:19:32.943215.943215 cuda_h.py:27] end sllm_worker_task cost 11.793 ms
DEBUG 04-24 11:19:32.944063.944063 cuda_h.py:27] end load_into_gpu_async_fused_experts_dual cost 4.598 ms
DEBUG 04-24 11:19:32.944721.944721 cuda_h.py:27] end restore_tensors2_fused_experts_packed cost 0.212 ms
DEBUG 04-24 11:19:32.945426.945426 cuda_h.py:27] end restore_tensors2_fused_experts_slices cost 0.404 ms
DEBUG 04-24 11:19:32.945711.945711 cuda_h.py:27] end allocate_experts_cuda_memory_and_restore_model_multi_device_fused cost 8.572 ms
DEBUG 04-24 11:19:32.945585.945585 cuda_h.py:27] end gpu_sexperts cost 0.017 ms
DEBUG 04-24 11:19:32.945223.945223 cuda_h.py:27] end wait_load_qkvogn_s_weight cost 0.029 ms
DEBUG 04-24 11:19:32.950182.950182 mlpmodule.py:3373] [fused_group_bmm][steps] bmm1=5.269 ms split=0.198 ms act_mul=0.492 ms bmm2=3.910 ms
DEBUG 04-24 11:19:32.950579.950579 cuda_h.py:27] end fused_group_bmm cost 10.083 ms
DEBUG 04-24 11:19:32.950092.950092 cuda_h.py:27] end gather_outputs_group_fused_mp cost 0.433 ms
DEBUG 04-24 11:19:32.951685.951685 cuda_h.py:27] end cpu_experts_worker_bmm_or_einsum_0 cost 14.614 ms
DEBUG 04-24 11:19:32.954398.954398 mlpmodule.py:3373] [fused_group_bmm][steps] bmm1=8.324 ms split=0.147 ms act_mul=0.333 ms bmm2=4.241 ms
DEBUG 04-24 11:19:32.954970.954970 cuda_h.py:27] end fused_group_bmm cost 13.380 ms
DEBUG 04-24 11:19:32.955761.955761 cuda_h.py:27] end gather_outputs_group_fused_mp cost 0.675 ms
DEBUG 04-24 11:19:32.955550.955550 mlpmodule.py:3373] [fused_group_bmm][steps] bmm1=8.336 ms split=0.138 ms act_mul=0.291 ms bmm2=5.635 ms
DEBUG 04-24 11:19:32.956943.956943 cuda_h.py:27] end fused_group_bmm cost 14.695 ms
DEBUG 04-24 11:19:32.956449.956449 cuda_h.py:27] end cpu_experts_worker_bmm_or_einsum_1 cost 18.636 ms
DEBUG 04-24 11:19:32.956453.956453 mlpmodule.py:3373] [fused_group_bmm][steps] bmm1=8.460 ms split=0.110 ms act_mul=0.343 ms bmm2=5.899 ms
DEBUG 04-24 11:19:32.956706.956706 cuda_h.py:27] end fused_group_bmm cost 15.068 ms
DEBUG 04-24 11:19:32.956227.956227 cuda_h.py:27] end gather_outputs_group_fused_mp cost 0.551 ms
DEBUG 04-24 11:19:32.957847.957847 cuda_h.py:27] end cpu_experts_worker_bmm_or_einsum_3 cost 20.791 ms
DEBUG 04-24 11:19:32.957604.957604 cuda_h.py:27] end gather_outputs_group_fused_mp cost 0.556 ms
DEBUG 04-24 11:19:32.958971.958971 cuda_h.py:27] end cpu_experts_worker_bmm_or_einsum_2 cost 20.575 ms
DEBUG 04-24 11:19:32.960304.960304 cuda_h.py:27] end prepare_per_device_parameters cost 15.146 ms
DEBUG 04-24 11:19:32.966567.966567 cuda_h.py:27] end wait_experts_multi_device cost 5.517 ms
DEBUG 04-24 11:19:32.966406.966406 cuda_h.py:27] end *before fused experts* cost 29.940 ms
DEBUG 04-24 11:19:32.971322.971322 cuda_h.py:27] end gpu_experts_multi_device_fused cost 4.693 ms
DEBUG 04-24 11:19:32.971370.971370 cuda_h.py:27] end *gpu experts* cost 34.806 ms
DEBUG 04-24 11:19:32.973840.973840 cuda_h.py:27] end cpu_experts_scatter_reduce cost 0.558 ms
DEBUG 04-24 11:19:32.973021.973021 cuda_h.py:27] end cpu_thread_manager_mp_wait_fused cost 1.605 ms
DEBUG 04-24 11:19:32.973871.973871 cuda_h.py:27] end layer_moe_generate_mp_multi_device_fused_l_16 cost 38.783 ms
DEBUG 04-24 11:19:32.973191.973191 cuda_h.py:27] end *mlp cost 39.439 ms
DEBUG 04-24 11:19:32.973982.973982 cuda_h.py:27] end prefill_layer cost 42.197 ms
DEBUG 04-24 11:19:32.973116.973116 lmp.py:341] -------------------------------- end prefill layer 15 --------------------------------
DEBUG 04-24 11:19:32.974955.974955 lmp.py:294] -------------------------------- start prefill layer 16 --------------------------------
DEBUG 04-24 11:19:32.974395.974395 cuda_h.py:27] end start_load_qkvogn_s_weight_l_17 cost 0.043 ms
DEBUG 04-24 11:19:32.974035.974035 cuda_h.py:27] end allocate_cuda_memory cost 0.210 ms
DEBUG 04-24 11:19:32.974743.974743 sllm_store_c.py:27] get device uuid map
DEBUG 04-24 11:19:32.974285.974285 sllm_store_c.py:29] call client load into gpu
DEBUG 04-24 11:19:32.976527.976527 cuda_h.py:27] end **self_attn cost 1.409 ms
DEBUG 04-24 11:19:32.976025.976025 cuda_h.py:27] end *iln_self_attn_paln cost 2.445 ms
DEBUG 04-24 11:19:32.976944.976944 cuda_h.py:27] end load_into_gpu_async cost 2.252 ms
DEBUG 04-24 11:19:32.977460.977460 cuda_h.py:27] end restore_tensors2 cost 0.099 ms
DEBUG 04-24 11:19:32.977814.977814 cuda_h.py:27] end allocate_cuda_memory_and_load_into_gpu cost 2.939 ms
DEBUG 04-24 11:19:32.977837.977837 cuda_h.py:27] end gate cost 0.847 ms
DEBUG 04-24 11:19:32.978527.978527 cuda_h.py:27] end experts_map_get cost 0.516 ms
DEBUG 04-24 11:19:32.978787.978787 cuda_h.py:27] end *before experts start* cost 1.524 ms
DEBUG 04-24 11:19:32.978914.978914 cuda_h.py:27] end cpu_experts_submit_fused_mp cost 0.207 ms
DEBUG 04-24 11:19:32.979520.979520 cuda_h.py:27] end *single cpu experts* cost 1.317 ms
DEBUG 04-24 11:19:32.981020.981020 cuda_h.py:27] end prepare_group_stack cost 0.466 ms
DEBUG 04-24 11:19:32.981941.981941 cuda_h.py:27] end prepare_group_stack cost 0.457 ms
DEBUG 04-24 11:19:32.982517.982517 sllm_store_c.py:27] get device uuid map
DEBUG 04-24 11:19:32.982310.982310 sllm_store_c.py:29] call client load into gpu
DEBUG 04-24 11:19:32.982433.982433 cuda_h.py:27] end prepare_group_stack cost 0.643 ms
DEBUG 04-24 11:19:32.982914.982914 cuda_h.py:27] end prepare_group_stack cost 0.674 ms
DEBUG 04-24 11:19:32.983857.983857 cuda_h.py:27] end group stack cost 1.344 ms
DEBUG 04-24 11:19:32.983173.983173 cuda_h.py:27] end move_flatidxs_group_fused_mp cost 2.075 ms
DEBUG 04-24 11:19:32.983203.983203 cuda_h.py:27] end group stack cost 1.590 ms
DEBUG 04-24 11:19:32.983572.983572 cuda_h.py:27] end move_flatidxs_group_fused_mp cost 2.312 ms
DEBUG 04-24 11:19:32.983655.983655 cuda_h.py:27] end get_fused_experts_names_w cost 0.027 ms
DEBUG 04-24 11:19:32.983596.983596 cuda_h.py:27] end get_fused_experts_names_w cost 0.026 ms
DEBUG 04-24 11:19:32.984593.984593 cuda_h.py:27] end restore_fused_tensors cost 0.577 ms
DEBUG 04-24 11:19:32.984158.984158 cuda_h.py:27] end group_fused_tensors_mp cost 0.796 ms
DEBUG 04-24 11:19:32.984259.984259 cuda_h.py:27] end group stack cost 1.774 ms
DEBUG 04-24 11:19:32.984999.984999 cuda_h.py:27] end restore_fused_tensors cost 0.848 ms
DEBUG 04-24 11:19:32.984121.984121 cuda_h.py:27] end group_fused_tensors_mp cost 1.278 ms
DEBUG 04-24 11:19:32.984208.984208 cuda_h.py:27] end move_flatidxs_group_fused_mp cost 2.850 ms
DEBUG 04-24 11:19:32.984939.984939 cuda_h.py:27] end group stack cost 1.840 ms
DEBUG 04-24 11:19:32.985340.985340 cuda_h.py:27] end get_fused_experts_names_w cost 0.030 ms
DEBUG 04-24 11:19:32.985713.985713 cuda_h.py:27] end move_flatidxs_group_fused_mp cost 3.010 ms
DEBUG 04-24 11:19:32.985327.985327 cuda_h.py:27] end get_fused_experts_names_w cost 0.031 ms
DEBUG 04-24 11:19:32.985292.985292 cuda_h.py:27] end restore_fused_tensors cost 0.793 ms
DEBUG 04-24 11:19:32.986083.986083 cuda_h.py:27] end group_fused_tensors_mp cost 1.074 ms
DEBUG 04-24 11:19:32.986166.986166 cuda_h.py:27] end restore_fused_tensors cost 0.997 ms
DEBUG 04-24 11:19:32.986772.986772 cuda_h.py:27] end group_fused_tensors_mp cost 1.280 ms
DEBUG 04-24 11:19:32.990986.990986 cuda_h.py:27] end restore2model cost 2.093 ms
DEBUG 04-24 11:19:32.990910.990910 cuda_h.py:27] end sllm_worker_task cost 16.460 ms
DEBUG 04-24 11:19:32.991940.991940 cuda_h.py:27] end load_into_gpu_async_fused_experts_dual cost 9.670 ms
DEBUG 04-24 11:19:32.992918.992918 cuda_h.py:27] end restore_tensors2_fused_experts_packed cost 0.202 ms
DEBUG 04-24 11:19:32.992299.992299 cuda_h.py:27] end restore_tensors2_fused_experts_slices cost 0.430 ms
DEBUG 04-24 11:19:32.992808.992808 cuda_h.py:27] end allocate_experts_cuda_memory_and_restore_model_multi_device_fused cost 13.067 ms
DEBUG 04-24 11:19:32.992720.992720 cuda_h.py:27] end gpu_sexperts cost 0.014 ms
DEBUG 04-24 11:19:32.993774.993774 cuda_h.py:27] end wait_load_qkvogn_s_weight cost 0.030 ms
DEBUG 04-24 11:19:32.999615.999615 mlpmodule.py:3373] [fused_group_bmm][steps] bmm1=9.267 ms split=0.103 ms act_mul=0.479 ms bmm2=4.376 ms
DEBUG 04-24 11:19:32.999432.999432 cuda_h.py:27] end fused_group_bmm cost 14.765 ms
DEBUG 04-24 11:19:33.000851.000851 cuda_h.py:27] end gather_outputs_group_fused_mp cost 0.778 ms
DEBUG 04-24 11:19:33.001576.001576 cuda_h.py:27] end cpu_experts_worker_bmm_or_einsum_0 cost 21.362 ms
DEBUG 04-24 11:19:33.003458.003458 mlpmodule.py:3373] [fused_group_bmm][steps] bmm1=9.619 ms split=0.138 ms act_mul=0.641 ms bmm2=7.861 ms
DEBUG 04-24 11:19:33.003454.003454 cuda_h.py:27] end fused_group_bmm cost 18.583 ms
DEBUG 04-24 11:19:33.003802.003802 mlpmodule.py:3373] [fused_group_bmm][steps] bmm1=9.885 ms split=0.245 ms act_mul=0.712 ms bmm2=6.077 ms
DEBUG 04-24 11:19:33.004049.004049 cuda_h.py:27] end fused_group_bmm cost 17.217 ms
DEBUG 04-24 11:19:33.004592.004592 cuda_h.py:27] end gather_outputs_group_fused_mp cost 0.583 ms
DEBUG 04-24 11:19:33.004707.004707 cuda_h.py:27] end cpu_experts_worker_bmm_or_einsum_3 cost 24.469 ms
DEBUG 04-24 11:19:33.004207.004207 cuda_h.py:27] end gather_outputs_group_fused_mp cost 0.593 ms
DEBUG 04-24 11:19:33.005235.005235 mlpmodule.py:3373] [fused_group_bmm][steps] bmm1=10.391 ms split=0.265 ms act_mul=0.549 ms bmm2=7.762 ms
DEBUG 04-24 11:19:33.005434.005434 cuda_h.py:27] end cpu_experts_worker_bmm_or_einsum_1 cost 24.070 ms
DEBUG 04-24 11:19:33.005852.005852 cuda_h.py:27] end fused_group_bmm cost 19.209 ms
DEBUG 04-24 11:19:33.006587.006587 cuda_h.py:27] end gather_outputs_group_fused_mp cost 0.555 ms
DEBUG 04-24 11:19:33.006021.006021 cuda_h.py:27] end cpu_experts_worker_bmm_or_einsum_2 cost 25.291 ms
DEBUG 04-24 11:19:33.009186.009186 cuda_h.py:27] end prepare_per_device_parameters cost 15.914 ms
DEBUG 04-24 11:19:33.011143.011143 cuda_h.py:27] end wait_experts_multi_device cost 2.152 ms
DEBUG 04-24 11:19:33.011669.011669 cuda_h.py:27] end *before fused experts* cost 31.862 ms
DEBUG 04-24 11:19:33.016542.016542 cuda_h.py:27] end gpu_experts_multi_device_fused cost 4.674 ms
DEBUG 04-24 11:19:33.016929.016929 cuda_h.py:27] end *gpu experts* cost 36.654 ms
DEBUG 04-24 11:19:33.017607.017607 cuda_h.py:27] end cpu_experts_scatter_reduce cost 0.578 ms
DEBUG 04-24 11:19:33.017258.017258 cuda_h.py:27] end cpu_thread_manager_mp_wait_fused cost 1.686 ms
DEBUG 04-24 11:19:33.018810.018810 cuda_h.py:27] end layer_moe_generate_mp_multi_device_fused_l_17 cost 41.394 ms
DEBUG 04-24 11:19:33.019889.019889 cuda_h.py:27] end *mlp cost 42.362 ms
DEBUG 04-24 11:19:33.019977.019977 cuda_h.py:27] end prefill_layer cost 44.959 ms
DEBUG 04-24 11:19:33.019588.019588 lmp.py:341] -------------------------------- end prefill layer 16 --------------------------------
DEBUG 04-24 11:19:33.019917.019917 lmp.py:294] -------------------------------- start prefill layer 17 --------------------------------
DEBUG 04-24 11:19:33.019310.019310 cuda_h.py:27] end start_load_qkvogn_s_weight_l_18 cost 0.043 ms
DEBUG 04-24 11:19:33.019302.019302 cuda_h.py:27] end allocate_cuda_memory cost 0.215 ms
DEBUG 04-24 11:19:33.019744.019744 sllm_store_c.py:27] get device uuid map
DEBUG 04-24 11:19:33.019476.019476 sllm_store_c.py:29] call client load into gpu
DEBUG 04-24 11:19:33.021019.021019 cuda_h.py:27] end **self_attn cost 1.653 ms
DEBUG 04-24 11:19:33.021352.021352 cuda_h.py:27] end *iln_self_attn_paln cost 2.680 ms
DEBUG 04-24 11:19:33.022449.022449 cuda_h.py:27] end load_into_gpu_async cost 2.446 ms
DEBUG 04-24 11:19:33.022825.022825 cuda_h.py:27] end restore_tensors2 cost 0.100 ms
DEBUG 04-24 11:19:33.022358.022358 cuda_h.py:27] end allocate_cuda_memory_and_load_into_gpu cost 3.113 ms
DEBUG 04-24 11:19:33.023487.023487 cuda_h.py:27] end gate cost 0.947 ms
DEBUG 04-24 11:19:33.023851.023851 cuda_h.py:27] end experts_map_get cost 0.289 ms
DEBUG 04-24 11:19:33.023826.023826 cuda_h.py:27] end *before experts start* cost 1.383 ms
DEBUG 04-24 11:19:33.023411.023411 cuda_h.py:27] end cpu_experts_submit_fused_mp cost 0.228 ms
DEBUG 04-24 11:19:33.024687.024687 cuda_h.py:27] end *single cpu experts* cost 1.165 ms
DEBUG 04-24 11:19:33.026029.026029 cuda_h.py:27] end prepare_group_stack cost 0.399 ms
DEBUG 04-24 11:19:33.026370.026370 cuda_h.py:27] end prepare_group_stack cost 0.454 ms
DEBUG 04-24 11:19:33.027811.027811 sllm_store_c.py:27] get device uuid map
DEBUG 04-24 11:19:33.027926.027926 sllm_store_c.py:29] call client load into gpu
DEBUG 04-24 11:19:33.027972.027972 cuda_h.py:27] end group stack cost 0.787 ms
DEBUG 04-24 11:19:33.027187.027187 cuda_h.py:27] end move_flatidxs_group_fused_mp cost 1.376 ms
DEBUG 04-24 11:19:33.027292.027292 cuda_h.py:27] end get_fused_experts_names_w cost 0.049 ms
DEBUG 04-24 11:19:33.027208.027208 cuda_h.py:27] end prepare_group_stack cost 0.560 ms
DEBUG 04-24 11:19:33.027624.027624 cuda_h.py:27] end prepare_group_stack cost 0.668 ms
DEBUG 04-24 11:19:33.028750.028750 cuda_h.py:27] end restore_fused_tensors cost 0.464 ms
DEBUG 04-24 11:19:33.028394.028394 cuda_h.py:27] end group_fused_tensors_mp cost 0.729 ms
DEBUG 04-24 11:19:33.028893.028893 cuda_h.py:27] end group stack cost 1.734 ms
DEBUG 04-24 11:19:33.028632.028632 cuda_h.py:27] end move_flatidxs_group_fused_mp cost 2.565 ms
DEBUG 04-24 11:19:33.028950.028950 cuda_h.py:27] end get_fused_experts_names_w cost 0.028 ms
DEBUG 04-24 11:19:33.028862.028862 cuda_h.py:27] end group stack cost 1.219 ms
DEBUG 04-24 11:19:33.029436.029436 cuda_h.py:27] end move_flatidxs_group_fused_mp cost 2.044 ms
DEBUG 04-24 11:19:33.029575.029575 cuda_h.py:27] end get_fused_experts_names_w cost 0.021 ms
DEBUG 04-24 11:19:33.029346.029346 cuda_h.py:27] end group stack cost 1.425 ms
DEBUG 04-24 11:19:33.029968.029968 cuda_h.py:27] end move_flatidxs_group_fused_mp cost 2.452 ms
DEBUG 04-24 11:19:33.029997.029997 cuda_h.py:27] end restore_fused_tensors cost 0.630 ms
DEBUG 04-24 11:19:33.029384.029384 cuda_h.py:27] end group_fused_tensors_mp cost 0.914 ms
DEBUG 04-24 11:19:33.029722.029722 cuda_h.py:27] end get_fused_experts_names_w cost 0.027 ms
DEBUG 04-24 11:19:33.029553.029553 cuda_h.py:27] end restore_fused_tensors cost 0.671 ms
DEBUG 04-24 11:19:33.030403.030403 cuda_h.py:27] end group_fused_tensors_mp cost 0.811 ms
DEBUG 04-24 11:19:33.030435.030435 cuda_h.py:27] end restore_fused_tensors cost 0.772 ms
DEBUG 04-24 11:19:33.030359.030359 cuda_h.py:27] end group_fused_tensors_mp cost 1.063 ms
DEBUG 04-24 11:19:33.031224.031224 cuda_h.py:27] end load_into_gpu_async_fused_experts_dual cost 4.355 ms
DEBUG 04-24 11:19:33.032469.032469 cuda_h.py:27] end restore_tensors2_fused_experts_packed cost 0.198 ms
DEBUG 04-24 11:19:33.032515.032515 cuda_h.py:27] end restore2model cost 2.402 ms
DEBUG 04-24 11:19:33.032142.032142 cuda_h.py:27] end restore_tensors2_fused_experts_slices cost 0.446 ms
DEBUG 04-24 11:19:33.033690.033690 cuda_h.py:27] end sllm_worker_task cost 13.640 ms
DEBUG 04-24 11:19:33.033993.033993 cuda_h.py:27] end allocate_experts_cuda_memory_and_restore_model_multi_device_fused cost 8.653 ms
DEBUG 04-24 11:19:33.033758.033758 cuda_h.py:27] end gpu_sexperts cost 0.017 ms
DEBUG 04-24 11:19:33.033351.033351 cuda_h.py:27] end wait_load_qkvogn_s_weight cost 0.030 ms
DEBUG 04-24 11:19:33.039445.039445 mlpmodule.py:3373] [fused_group_bmm][steps] bmm1=5.393 ms split=0.183 ms act_mul=0.528 ms bmm2=4.938 ms
DEBUG 04-24 11:19:33.039403.039403 cuda_h.py:27] end fused_group_bmm cost 11.412 ms
DEBUG 04-24 11:19:33.040752.040752 cuda_h.py:27] end gather_outputs_group_fused_mp cost 0.490 ms
DEBUG 04-24 11:19:33.040089.040089 cuda_h.py:27] end cpu_experts_worker_bmm_or_einsum_0 cost 15.881 ms
DEBUG 04-24 11:19:33.046217.046217 mlpmodule.py:3373] [fused_group_bmm][steps] bmm1=9.865 ms split=0.129 ms act_mul=0.577 ms bmm2=5.630 ms
DEBUG 04-24 11:19:33.046285.046285 cuda_h.py:27] end fused_group_bmm cost 16.509 ms
DEBUG 04-24 11:19:33.046527.046527 mlpmodule.py:3373] [fused_group_bmm][steps] bmm1=9.875 ms split=0.142 ms act_mul=0.521 ms bmm2=6.078 ms
DEBUG 04-24 11:19:33.046406.046406 cuda_h.py:27] end fused_group_bmm cost 17.022 ms
DEBUG 04-24 11:19:33.047737.047737 cuda_h.py:27] end gather_outputs_group_fused_mp cost 0.604 ms
DEBUG 04-24 11:19:33.047675.047675 cuda_h.py:27] end gather_outputs_group_fused_mp cost 0.543 ms
DEBUG 04-24 11:19:33.047109.047109 cuda_h.py:27] end cpu_experts_worker_bmm_or_einsum_1 cost 22.033 ms
DEBUG 04-24 11:19:33.048619.048619 cuda_h.py:27] end cpu_experts_worker_bmm_or_einsum_3 cost 23.143 ms
DEBUG 04-24 11:19:33.049887.049887 mlpmodule.py:3373] [fused_group_bmm][steps] bmm1=10.604 ms split=0.119 ms act_mul=0.430 ms bmm2=6.980 ms
DEBUG 04-24 11:19:33.049185.049185 cuda_h.py:27] end fused_group_bmm cost 18.391 ms
DEBUG 04-24 11:19:33.050576.050576 cuda_h.py:27] end gather_outputs_group_fused_mp cost 0.565 ms
DEBUG 04-24 11:19:33.050950.050950 cuda_h.py:27] end cpu_experts_worker_bmm_or_einsum_2 cost 24.531 ms
DEBUG 04-24 11:19:33.050680.050680 cuda_h.py:27] end prepare_per_device_parameters cost 16.845 ms
DEBUG 04-24 11:19:33.055317.055317 cuda_h.py:27] end wait_experts_multi_device cost 4.268 ms
DEBUG 04-24 11:19:33.055359.055359 cuda_h.py:27] end *before fused experts* cost 30.499 ms
DEBUG 04-24 11:19:33.059715.059715 cuda_h.py:27] end gpu_experts_multi_device_fused cost 4.051 ms
DEBUG 04-24 11:19:33.059956.059956 cuda_h.py:27] end *gpu experts* cost 34.660 ms
DEBUG 04-24 11:19:33.061917.061917 cuda_h.py:27] end cpu_experts_scatter_reduce cost 0.669 ms
DEBUG 04-24 11:19:33.061164.061164 cuda_h.py:27] end cpu_thread_manager_mp_wait_fused cost 1.839 ms
DEBUG 04-24 11:19:33.061684.061684 cuda_h.py:27] end layer_moe_generate_mp_multi_device_fused_l_18 cost 39.268 ms
DEBUG 04-24 11:19:33.062517.062517 cuda_h.py:27] end *mlp cost 40.199 ms
DEBUG 04-24 11:19:33.062366.062366 cuda_h.py:27] end prefill_layer cost 43.097 ms
DEBUG 04-24 11:19:33.062215.062215 lmp.py:341] -------------------------------- end prefill layer 17 --------------------------------
DEBUG 04-24 11:19:33.062636.062636 lmp.py:294] -------------------------------- start prefill layer 18 --------------------------------
DEBUG 04-24 11:19:33.062691.062691 cuda_h.py:27] end start_load_qkvogn_s_weight_l_19 cost 0.040 ms
DEBUG 04-24 11:19:33.062816.062816 cuda_h.py:27] end allocate_cuda_memory cost 0.252 ms
DEBUG 04-24 11:19:33.063756.063756 sllm_store_c.py:27] get device uuid map
DEBUG 04-24 11:19:33.063455.063455 sllm_store_c.py:29] call client load into gpu
DEBUG 04-24 11:19:33.064787.064787 cuda_h.py:27] end load_into_gpu_async cost 1.531 ms
DEBUG 04-24 11:19:33.064780.064780 cuda_h.py:27] end restore_tensors2 cost 0.104 ms
DEBUG 04-24 11:19:33.064711.064711 cuda_h.py:27] end **self_attn cost 1.432 ms
DEBUG 04-24 11:19:33.065070.065070 cuda_h.py:27] end allocate_cuda_memory_and_load_into_gpu cost 2.347 ms
DEBUG 04-24 11:19:33.065356.065356 cuda_h.py:27] end *iln_self_attn_paln cost 2.887 ms
DEBUG 04-24 11:19:33.066514.066514 cuda_h.py:27] end gate cost 0.501 ms
DEBUG 04-24 11:19:33.066096.066096 cuda_h.py:27] end experts_map_get cost 0.277 ms
DEBUG 04-24 11:19:33.066402.066402 cuda_h.py:27] end *before experts start* cost 0.920 ms
DEBUG 04-24 11:19:33.066244.066244 cuda_h.py:27] end cpu_experts_submit_fused_mp cost 0.207 ms
DEBUG 04-24 11:19:33.067223.067223 cuda_h.py:27] end *single cpu experts* cost 1.135 ms
DEBUG 04-24 11:19:33.069761.069761 cuda_h.py:27] end prepare_group_stack cost 0.423 ms
DEBUG 04-24 11:19:33.069580.069580 cuda_h.py:27] end prepare_group_stack cost 0.546 ms
DEBUG 04-24 11:19:33.069069.069069 cuda_h.py:27] end prepare_group_stack cost 0.463 ms
DEBUG 04-24 11:19:33.070454.070454 sllm_store_c.py:27] get device uuid map
DEBUG 04-24 11:19:33.069767.069767 cuda_h.py:27] end prepare_group_stack cost 0.512 ms
DEBUG 04-24 11:19:33.070537.070537 sllm_store_c.py:29] call client load into gpu
DEBUG 04-24 11:19:33.070542.070542 cuda_h.py:27] end group stack cost 0.663 ms
DEBUG 04-24 11:19:33.070201.070201 cuda_h.py:27] end move_flatidxs_group_fused_mp cost 1.330 ms
DEBUG 04-24 11:19:33.070459.070459 cuda_h.py:27] end get_fused_experts_names_w cost 0.023 ms
DEBUG 04-24 11:19:33.071955.071955 cuda_h.py:27] end group stack cost 1.003 ms
DEBUG 04-24 11:19:33.071084.071084 cuda_h.py:27] end move_flatidxs_group_fused_mp cost 1.883 ms
DEBUG 04-24 11:19:33.071805.071805 cuda_h.py:27] end group stack cost 1.323 ms
DEBUG 04-24 11:19:33.071065.071065 cuda_h.py:27] end get_fused_experts_names_w cost 0.019 ms
DEBUG 04-24 11:19:33.071273.071273 cuda_h.py:27] end restore_fused_tensors cost 0.614 ms
DEBUG 04-24 11:19:33.071739.071739 cuda_h.py:27] end move_flatidxs_group_fused_mp cost 2.327 ms
DEBUG 04-24 11:19:33.071942.071942 cuda_h.py:27] end group_fused_tensors_mp cost 1.013 ms
DEBUG 04-24 11:19:33.071268.071268 cuda_h.py:27] end get_fused_experts_names_w cost 0.020 ms
DEBUG 04-24 11:19:33.072803.072803 cuda_h.py:27] end group stack cost 1.819 ms
DEBUG 04-24 11:19:33.072075.072075 cuda_h.py:27] end restore_fused_tensors cost 0.431 ms
DEBUG 04-24 11:19:33.072494.072494 cuda_h.py:27] end group_fused_tensors_mp cost 0.585 ms
DEBUG 04-24 11:19:33.072813.072813 cuda_h.py:27] end move_flatidxs_group_fused_mp cost 2.722 ms
DEBUG 04-24 11:19:33.072706.072706 cuda_h.py:27] end get_fused_experts_names_w cost 0.026 ms
DEBUG 04-24 11:19:33.072017.072017 cuda_h.py:27] end restore_fused_tensors cost 0.450 ms
DEBUG 04-24 11:19:33.072315.072315 cuda_h.py:27] end group_fused_tensors_mp cost 0.830 ms
DEBUG 04-24 11:19:33.073545.073545 cuda_h.py:27] end restore_fused_tensors cost 0.552 ms
DEBUG 04-24 11:19:33.073786.073786 cuda_h.py:27] end group_fused_tensors_mp cost 0.826 ms
DEBUG 04-24 11:19:33.073081.073081 cuda_h.py:27] end restore2model cost 1.304 ms
DEBUG 04-24 11:19:33.073116.073116 cuda_h.py:27] end sllm_worker_task cost 11.006 ms
DEBUG 04-24 11:19:33.074325.074325 cuda_h.py:27] end load_into_gpu_async_fused_experts_dual cost 3.849 ms
DEBUG 04-24 11:19:33.074141.074141 cuda_h.py:27] end restore_tensors2_fused_experts_packed cost 0.248 ms
DEBUG 04-24 11:19:33.076451.076451 cuda_h.py:27] end restore_tensors2_fused_experts_slices cost 1.093 ms
DEBUG 04-24 11:19:33.076742.076742 cuda_h.py:27] end allocate_experts_cuda_memory_and_restore_model_multi_device_fused cost 8.907 ms
DEBUG 04-24 11:19:33.076505.076505 cuda_h.py:27] end gpu_sexperts cost 0.021 ms
DEBUG 04-24 11:19:33.077852.077852 cuda_h.py:27] end wait_load_qkvogn_s_weight cost 0.056 ms
DEBUG 04-24 11:19:33.083997.083997 mlpmodule.py:3373] [fused_group_bmm][steps] bmm1=7.058 ms split=0.144 ms act_mul=0.517 ms bmm2=4.214 ms
DEBUG 04-24 11:19:33.084537.084537 cuda_h.py:27] end fused_group_bmm cost 12.257 ms
DEBUG 04-24 11:19:33.085212.085212 cuda_h.py:27] end gather_outputs_group_fused_mp cost 0.720 ms
DEBUG 04-24 11:19:33.085027.085027 cuda_h.py:27] end cpu_experts_worker_bmm_or_einsum_0 cost 17.666 ms
DEBUG 04-24 11:19:33.087230.087230 mlpmodule.py:3373] [fused_group_bmm][steps] bmm1=9.712 ms split=0.269 ms act_mul=0.496 ms bmm2=4.492 ms
DEBUG 04-24 11:19:33.087730.087730 cuda_h.py:27] end fused_group_bmm cost 15.315 ms
DEBUG 04-24 11:19:33.088394.088394 cuda_h.py:27] end gather_outputs_group_fused_mp cost 0.645 ms
DEBUG 04-24 11:19:33.089780.089780 cuda_h.py:27] end cpu_experts_worker_bmm_or_einsum_1 cost 20.927 ms
DEBUG 04-24 11:19:33.091195.091195 mlpmodule.py:3373] [fused_group_bmm][steps] bmm1=12.197 ms split=0.164 ms act_mul=0.430 ms bmm2=4.980 ms
DEBUG 04-24 11:19:33.091085.091085 cuda_h.py:27] end fused_group_bmm cost 18.082 ms
DEBUG 04-24 11:19:33.091164.091164 mlpmodule.py:3373] [fused_group_bmm][steps] bmm1=12.718 ms split=0.168 ms act_mul=0.466 ms bmm2=5.131 ms
DEBUG 04-24 11:19:33.091055.091055 cuda_h.py:27] end fused_group_bmm cost 18.822 ms
DEBUG 04-24 11:19:33.092254.092254 cuda_h.py:27] end gather_outputs_group_fused_mp cost 0.659 ms
DEBUG 04-24 11:19:33.092917.092917 cuda_h.py:27] end gather_outputs_group_fused_mp cost 0.579 ms
DEBUG 04-24 11:19:33.092688.092688 cuda_h.py:27] end cpu_experts_worker_bmm_or_einsum_3 cost 24.507 ms
DEBUG 04-24 11:19:33.092987.092987 cuda_h.py:27] end cpu_experts_worker_bmm_or_einsum_2 cost 24.574 ms
DEBUG 04-24 11:19:33.093845.093845 cuda_h.py:27] end prepare_per_device_parameters cost 16.481 ms
DEBUG 04-24 11:19:33.097540.097540 cuda_h.py:27] end wait_experts_multi_device cost 3.436 ms
DEBUG 04-24 11:19:33.097589.097589 cuda_h.py:27] end *before fused experts* cost 29.668 ms
DEBUG 04-24 11:19:33.101402.101402 cuda_h.py:27] end gpu_experts_multi_device_fused cost 4.280 ms
DEBUG 04-24 11:19:33.101928.101928 cuda_h.py:27] end *gpu experts* cost 34.062 ms
DEBUG 04-24 11:19:33.103776.103776 cuda_h.py:27] end cpu_experts_scatter_reduce cost 0.581 ms
DEBUG 04-24 11:19:33.103149.103149 cuda_h.py:27] end cpu_thread_manager_mp_wait_fused cost 1.814 ms
DEBUG 04-24 11:19:33.103728.103728 cuda_h.py:27] end layer_moe_generate_mp_multi_device_fused_l_19 cost 38.132 ms
DEBUG 04-24 11:19:33.104304.104304 cuda_h.py:27] end *mlp cost 39.119 ms
DEBUG 04-24 11:19:33.104292.104292 cuda_h.py:27] end prefill_layer cost 42.162 ms
DEBUG 04-24 11:19:33.104187.104187 lmp.py:341] -------------------------------- end prefill layer 18 --------------------------------
DEBUG 04-24 11:19:33.104358.104358 lmp.py:294] -------------------------------- start prefill layer 19 --------------------------------
DEBUG 04-24 11:19:33.104037.104037 cuda_h.py:27] end start_load_qkvogn_s_weight_l_20 cost 0.043 ms
DEBUG 04-24 11:19:33.105869.105869 cuda_h.py:27] end allocate_cuda_memory cost 0.206 ms
DEBUG 04-24 11:19:33.105848.105848 sllm_store_c.py:27] get device uuid map
DEBUG 04-24 11:19:33.105073.105073 sllm_store_c.py:29] call client load into gpu
DEBUG 04-24 11:19:33.107365.107365 cuda_h.py:27] end load_into_gpu_async cost 1.610 ms
DEBUG 04-24 11:19:33.107370.107370 cuda_h.py:27] end restore_tensors2 cost 0.090 ms
DEBUG 04-24 11:19:33.107054.107054 cuda_h.py:27] end **self_attn cost 1.559 ms
DEBUG 04-24 11:19:33.107567.107567 cuda_h.py:27] end allocate_cuda_memory_and_load_into_gpu cost 2.309 ms
DEBUG 04-24 11:19:33.107463.107463 cuda_h.py:27] end *iln_self_attn_paln cost 2.891 ms
DEBUG 04-24 11:19:33.108343.108343 cuda_h.py:27] end gate cost 0.508 ms
DEBUG 04-24 11:19:33.108985.108985 cuda_h.py:27] end experts_map_get cost 0.274 ms
DEBUG 04-24 11:19:33.108291.108291 cuda_h.py:27] end *before experts start* cost 0.936 ms
DEBUG 04-24 11:19:33.108914.108914 cuda_h.py:27] end cpu_experts_submit_fused_mp cost 0.185 ms
DEBUG 04-24 11:19:33.109163.109163 cuda_h.py:27] end *single cpu experts* cost 1.103 ms
DEBUG 04-24 11:19:33.112590.112590 cuda_h.py:27] end prepare_group_stack cost 0.403 ms
DEBUG 04-24 11:19:33.112273.112273 cuda_h.py:27] end prepare_group_stack cost 0.503 ms
DEBUG 04-24 11:19:33.112122.112122 cuda_h.py:27] end prepare_group_stack cost 0.484 ms
DEBUG 04-24 11:19:33.112906.112906 cuda_h.py:27] end prepare_group_stack cost 0.512 ms
DEBUG 04-24 11:19:33.112738.112738 sllm_store_c.py:27] get device uuid map
DEBUG 04-24 11:19:33.112954.112954 sllm_store_c.py:29] call client load into gpu
DEBUG 04-24 11:19:33.112747.112747 cuda_h.py:27] end group stack cost 0.626 ms
DEBUG 04-24 11:19:33.113267.113267 cuda_h.py:27] end move_flatidxs_group_fused_mp cost 1.278 ms
DEBUG 04-24 11:19:33.113654.113654 cuda_h.py:27] end get_fused_experts_names_w cost 0.023 ms
DEBUG 04-24 11:19:33.113910.113910 cuda_h.py:27] end group stack cost 0.948 ms
DEBUG 04-24 11:19:33.113256.113256 cuda_h.py:27] end move_flatidxs_group_fused_mp cost 1.768 ms
DEBUG 04-24 11:19:33.113760.113760 cuda_h.py:27] end group stack cost 0.928 ms
DEBUG 04-24 11:19:33.113851.113851 cuda_h.py:27] end get_fused_experts_names_w cost 0.022 ms
DEBUG 04-24 11:19:33.113771.113771 cuda_h.py:27] end group stack cost 1.290 ms
DEBUG 04-24 11:19:33.113064.113064 cuda_h.py:27] end move_flatidxs_group_fused_mp cost 1.872 ms
DEBUG 04-24 11:19:33.113833.113833 cuda_h.py:27] end restore_fused_tensors cost 0.479 ms
DEBUG 04-24 11:19:33.113998.113998 cuda_h.py:27] end group_fused_tensors_mp cost 0.808 ms
DEBUG 04-24 11:19:33.113243.113243 cuda_h.py:27] end get_fused_experts_names_w cost 0.020 ms
DEBUG 04-24 11:19:33.113150.113150 cuda_h.py:27] end move_flatidxs_group_fused_mp cost 2.136 ms
DEBUG 04-24 11:19:33.114104.114104 cuda_h.py:27] end get_fused_experts_names_w cost 0.026 ms
DEBUG 04-24 11:19:33.114330.114330 cuda_h.py:27] end restore_fused_tensors cost 0.419 ms
DEBUG 04-24 11:19:33.114752.114752 cuda_h.py:27] end group_fused_tensors_mp cost 0.619 ms
DEBUG 04-24 11:19:33.114190.114190 cuda_h.py:27] end restore_fused_tensors cost 0.422 ms
DEBUG 04-24 11:19:33.114695.114695 cuda_h.py:27] end group_fused_tensors_mp cost 0.672 ms
DEBUG 04-24 11:19:33.114875.114875 cuda_h.py:27] end restore_fused_tensors cost 0.522 ms
DEBUG 04-24 11:19:33.114401.114401 cuda_h.py:27] end group_fused_tensors_mp cost 0.775 ms
DEBUG 04-24 11:19:33.115307.115307 cuda_h.py:27] end restore2model cost 0.847 ms
DEBUG 04-24 11:19:33.115950.115950 cuda_h.py:27] end sllm_worker_task cost 10.168 ms
DEBUG 04-24 11:19:33.115992.115992 cuda_h.py:27] end load_into_gpu_async_fused_experts_dual cost 3.008 ms
DEBUG 04-24 11:19:33.116913.116913 cuda_h.py:27] end restore_tensors2_fused_experts_packed cost 0.201 ms
DEBUG 04-24 11:19:33.117842.117842 cuda_h.py:27] end restore_tensors2_fused_experts_slices cost 0.777 ms
DEBUG 04-24 11:19:33.117890.117890 cuda_h.py:27] end allocate_experts_cuda_memory_and_restore_model_multi_device_fused cost 7.581 ms
DEBUG 04-24 11:19:33.117823.117823 cuda_h.py:27] end gpu_sexperts cost 0.022 ms
DEBUG 04-24 11:19:33.118253.118253 cuda_h.py:27] end wait_load_qkvogn_s_weight cost 0.068 ms
DEBUG 04-24 11:19:33.125660.125660 mlpmodule.py:3373] [fused_group_bmm][steps] bmm1=6.641 ms split=0.173 ms act_mul=0.445 ms bmm2=3.939 ms
DEBUG 04-24 11:19:33.125204.125204 cuda_h.py:27] end fused_group_bmm cost 11.455 ms
DEBUG 04-24 11:19:33.126598.126598 cuda_h.py:27] end gather_outputs_group_fused_mp cost 0.449 ms
DEBUG 04-24 11:19:33.126239.126239 cuda_h.py:27] end cpu_experts_worker_bmm_or_einsum_0 cost 16.109 ms
DEBUG 04-24 11:19:33.130274.130274 mlpmodule.py:3373] [fused_group_bmm][steps] bmm1=9.794 ms split=0.222 ms act_mul=0.458 ms bmm2=5.049 ms
DEBUG 04-24 11:19:33.130164.130164 cuda_h.py:27] end fused_group_bmm cost 15.847 ms
DEBUG 04-24 11:19:33.131562.131562 cuda_h.py:27] end gather_outputs_group_fused_mp cost 0.630 ms
DEBUG 04-24 11:19:33.131217.131217 mlpmodule.py:3373] [fused_group_bmm][steps] bmm1=10.378 ms split=0.138 ms act_mul=0.350 ms bmm2=5.405 ms
DEBUG 04-24 11:19:33.131698.131698 mlpmodule.py:3373] [fused_group_bmm][steps] bmm1=10.603 ms split=0.158 ms act_mul=0.388 ms bmm2=5.865 ms
DEBUG 04-24 11:19:33.131419.131419 cuda_h.py:27] end fused_group_bmm cost 16.601 ms
DEBUG 04-24 11:19:33.131635.131635 cuda_h.py:27] end fused_group_bmm cost 17.350 ms
DEBUG 04-24 11:19:33.131277.131277 cuda_h.py:27] end cpu_experts_worker_bmm_or_einsum_1 cost 21.341 ms
DEBUG 04-24 11:19:33.132059.132059 cuda_h.py:27] end gather_outputs_group_fused_mp cost 0.535 ms
DEBUG 04-24 11:19:33.132173.132173 cuda_h.py:27] end gather_outputs_group_fused_mp cost 0.577 ms
DEBUG 04-24 11:19:33.132155.132155 cuda_h.py:27] end cpu_experts_worker_bmm_or_einsum_2 cost 22.262 ms
DEBUG 04-24 11:19:33.132937.132937 cuda_h.py:27] end cpu_experts_worker_bmm_or_einsum_3 cost 22.242 ms
DEBUG 04-24 11:19:33.135704.135704 cuda_h.py:27] end prepare_per_device_parameters cost 16.849 ms
DEBUG 04-24 11:19:33.136059.136059 cuda_h.py:27] end wait_experts_multi_device cost 1.393 ms
DEBUG 04-24 11:19:33.136731.136731 cuda_h.py:27] end *before fused experts* cost 26.981 ms
DEBUG 04-24 11:19:33.141773.141773 cuda_h.py:27] end gpu_experts_multi_device_fused cost 4.589 ms
DEBUG 04-24 11:19:33.141398.141398 cuda_h.py:27] end *gpu experts* cost 31.688 ms
DEBUG 04-24 11:19:33.143056.143056 cuda_h.py:27] end cpu_experts_scatter_reduce cost 0.553 ms
DEBUG 04-24 11:19:33.143237.143237 cuda_h.py:27] end cpu_thread_manager_mp_wait_fused cost 1.885 ms
DEBUG 04-24 11:19:33.143035.143035 cuda_h.py:27] end layer_moe_generate_mp_multi_device_fused_l_20 cost 35.824 ms
DEBUG 04-24 11:19:33.144144.144144 cuda_h.py:27] end *mlp cost 36.711 ms
DEBUG 04-24 11:19:33.144041.144041 cuda_h.py:27] end prefill_layer cost 39.758 ms
DEBUG 04-24 11:19:33.144936.144936 lmp.py:341] -------------------------------- end prefill layer 19 --------------------------------
DEBUG 04-24 11:19:33.144450.144450 lmp.py:294] -------------------------------- start prefill layer 20 --------------------------------
DEBUG 04-24 11:19:33.144082.144082 cuda_h.py:27] end start_load_qkvogn_s_weight_l_21 cost 0.044 ms
DEBUG 04-24 11:19:33.145319.145319 cuda_h.py:27] end allocate_cuda_memory cost 0.223 ms
DEBUG 04-24 11:19:33.145946.145946 sllm_store_c.py:27] get device uuid map
DEBUG 04-24 11:19:33.145383.145383 sllm_store_c.py:29] call client load into gpu
DEBUG 04-24 11:19:33.146994.146994 cuda_h.py:27] end load_into_gpu_async cost 1.439 ms
DEBUG 04-24 11:19:33.146033.146033 cuda_h.py:27] end restore_tensors2 cost 0.094 ms
DEBUG 04-24 11:19:33.147863.147863 cuda_h.py:27] end allocate_cuda_memory_and_load_into_gpu cost 2.076 ms
DEBUG 04-24 11:19:33.147661.147661 cuda_h.py:27] end **self_attn cost 1.728 ms
DEBUG 04-24 11:19:33.147020.147020 cuda_h.py:27] end *iln_self_attn_paln cost 2.744 ms
DEBUG 04-24 11:19:33.148331.148331 cuda_h.py:27] end gate cost 0.507 ms
DEBUG 04-24 11:19:33.148243.148243 cuda_h.py:27] end experts_map_get cost 0.274 ms
DEBUG 04-24 11:19:33.148887.148887 cuda_h.py:27] end *before experts start* cost 0.927 ms
DEBUG 04-24 11:19:33.148424.148424 cuda_h.py:27] end cpu_experts_submit_fused_mp cost 0.193 ms
DEBUG 04-24 11:19:33.149753.149753 cuda_h.py:27] end *single cpu experts* cost 1.098 ms
DEBUG 04-24 11:19:33.150864.150864 cuda_h.py:27] end prepare_group_stack cost 0.362 ms
DEBUG 04-24 11:19:33.151228.151228 cuda_h.py:27] end group stack cost 0.503 ms
DEBUG 04-24 11:19:33.151959.151959 cuda_h.py:27] end move_flatidxs_group_fused_mp cost 1.046 ms
DEBUG 04-24 11:19:33.151541.151541 cuda_h.py:27] end get_fused_experts_names_w cost 0.020 ms
DEBUG 04-24 11:19:33.152500.152500 cuda_h.py:27] end prepare_group_stack cost 0.481 ms
DEBUG 04-24 11:19:33.152501.152501 cuda_h.py:27] end prepare_group_stack cost 0.483 ms
DEBUG 04-24 11:19:33.152482.152482 cuda_h.py:27] end prepare_group_stack cost 0.455 ms
DEBUG 04-24 11:19:33.152406.152406 sllm_store_c.py:27] get device uuid map
DEBUG 04-24 11:19:33.152328.152328 cuda_h.py:27] end restore_fused_tensors cost 0.597 ms
DEBUG 04-24 11:19:33.152422.152422 sllm_store_c.py:29] call client load into gpu
DEBUG 04-24 11:19:33.152748.152748 cuda_h.py:27] end group_fused_tensors_mp cost 0.842 ms
DEBUG 04-24 11:19:33.152343.152343 cuda_h.py:27] end group stack cost 0.751 ms
DEBUG 04-24 11:19:33.152611.152611 cuda_h.py:27] end move_flatidxs_group_fused_mp cost 1.419 ms
DEBUG 04-24 11:19:33.153287.153287 cuda_h.py:27] end get_fused_experts_names_w cost 0.019 ms
DEBUG 04-24 11:19:33.153843.153843 cuda_h.py:27] end group stack cost 1.013 ms
DEBUG 04-24 11:19:33.153941.153941 cuda_h.py:27] end move_flatidxs_group_fused_mp cost 1.771 ms
DEBUG 04-24 11:19:33.153783.153783 cuda_h.py:27] end group stack cost 1.177 ms
DEBUG 04-24 11:19:33.153876.153876 cuda_h.py:27] end get_fused_experts_names_w cost 0.023 ms
DEBUG 04-24 11:19:33.153195.153195 cuda_h.py:27] end move_flatidxs_group_fused_mp cost 1.987 ms
DEBUG 04-24 11:19:33.153443.153443 cuda_h.py:27] end restore_fused_tensors cost 0.464 ms
DEBUG 04-24 11:19:33.153887.153887 cuda_h.py:27] end get_fused_experts_names_w cost 0.027 ms
DEBUG 04-24 11:19:33.153515.153515 cuda_h.py:27] end group_fused_tensors_mp cost 0.718 ms
DEBUG 04-24 11:19:33.154404.154404 cuda_h.py:27] end restore_fused_tensors cost 0.490 ms
DEBUG 04-24 11:19:33.154763.154763 cuda_h.py:27] end group_fused_tensors_mp cost 0.610 ms
DEBUG 04-24 11:19:33.154508.154508 cuda_h.py:27] end restore_fused_tensors cost 0.544 ms
DEBUG 04-24 11:19:33.154162.154162 cuda_h.py:27] end group_fused_tensors_mp cost 0.936 ms
DEBUG 04-24 11:19:33.156166.156166 cuda_h.py:27] end restore2model cost 1.740 ms
DEBUG 04-24 11:19:33.156641.156641 cuda_h.py:27] end load_into_gpu_async_fused_experts_dual cost 4.228 ms
DEBUG 04-24 11:19:33.156247.156247 cuda_h.py:27] end sllm_worker_task cost 11.761 ms
DEBUG 04-24 11:19:33.157835.157835 cuda_h.py:27] end restore_tensors2_fused_experts_packed cost 0.201 ms
DEBUG 04-24 11:19:33.157574.157574 cuda_h.py:27] end restore_tensors2_fused_experts_slices cost 0.419 ms
DEBUG 04-24 11:19:33.158045.158045 cuda_h.py:27] end allocate_experts_cuda_memory_and_restore_model_multi_device_fused cost 8.260 ms
DEBUG 04-24 11:19:33.158013.158013 cuda_h.py:27] end gpu_sexperts cost 0.018 ms
DEBUG 04-24 11:19:33.158974.158974 cuda_h.py:27] end wait_load_qkvogn_s_weight cost 0.031 ms
DEBUG 04-24 11:19:33.162138.162138 mlpmodule.py:3373] [fused_group_bmm][steps] bmm1=4.802 ms split=0.193 ms act_mul=0.491 ms bmm2=4.108 ms
DEBUG 04-24 11:19:33.162808.162808 cuda_h.py:27] end fused_group_bmm cost 9.885 ms
DEBUG 04-24 11:19:33.163408.163408 cuda_h.py:27] end gather_outputs_group_fused_mp cost 0.457 ms
DEBUG 04-24 11:19:33.163452.163452 cuda_h.py:27] end cpu_experts_worker_bmm_or_einsum_0 cost 14.179 ms
DEBUG 04-24 11:19:33.166299.166299 mlpmodule.py:3373] [fused_group_bmm][steps] bmm1=8.418 ms split=0.152 ms act_mul=0.347 ms bmm2=3.999 ms
DEBUG 04-24 11:19:33.167209.167209 cuda_h.py:27] end fused_group_bmm cost 13.254 ms
DEBUG 04-24 11:19:33.168396.168396 cuda_h.py:27] end gather_outputs_group_fused_mp cost 0.645 ms
DEBUG 04-24 11:19:33.168502.168502 cuda_h.py:27] end cpu_experts_worker_bmm_or_einsum_1 cost 18.251 ms
DEBUG 04-24 11:19:33.169343.169343 mlpmodule.py:3373] [fused_group_bmm][steps] bmm1=8.840 ms split=0.200 ms act_mul=0.311 ms bmm2=4.959 ms
DEBUG 04-24 11:19:33.169411.169411 cuda_h.py:27] end fused_group_bmm cost 14.609 ms
DEBUG 04-24 11:19:33.169900.169900 mlpmodule.py:3373] [fused_group_bmm][steps] bmm1=9.027 ms split=0.114 ms act_mul=0.547 ms bmm2=5.168 ms
DEBUG 04-24 11:19:33.169200.169200 cuda_h.py:27] end fused_group_bmm cost 15.148 ms
DEBUG 04-24 11:19:33.170720.170720 cuda_h.py:27] end gather_outputs_group_fused_mp cost 0.528 ms
DEBUG 04-24 11:19:33.170494.170494 cuda_h.py:27] end gather_outputs_group_fused_mp cost 0.533 ms
DEBUG 04-24 11:19:33.170479.170479 cuda_h.py:27] end cpu_experts_worker_bmm_or_einsum_3 cost 20.119 ms
DEBUG 04-24 11:19:33.170055.170055 cuda_h.py:27] end cpu_experts_worker_bmm_or_einsum_2 cost 20.297 ms
DEBUG 04-24 11:19:33.174304.174304 cuda_h.py:27] end prepare_per_device_parameters cost 15.618 ms
DEBUG 04-24 11:19:33.175615.175615 cuda_h.py:27] end wait_experts_multi_device cost 1.439 ms
DEBUG 04-24 11:19:33.175663.175663 cuda_h.py:27] end *before fused experts* cost 26.145 ms
DEBUG 04-24 11:19:33.180056.180056 cuda_h.py:27] end gpu_experts_multi_device_fused cost 4.564 ms
DEBUG 04-24 11:19:33.180264.180264 cuda_h.py:27] end *gpu experts* cost 30.836 ms
DEBUG 04-24 11:19:33.182602.182602 cuda_h.py:27] end cpu_experts_scatter_reduce cost 0.752 ms
DEBUG 04-24 11:19:33.182405.182405 cuda_h.py:27] end cpu_thread_manager_mp_wait_fused cost 1.999 ms
DEBUG 04-24 11:19:33.182970.182970 cuda_h.py:27] end layer_moe_generate_mp_multi_device_fused_l_21 cost 35.047 ms
DEBUG 04-24 11:19:33.183021.183021 cuda_h.py:27] end *mlp cost 35.784 ms
DEBUG 04-24 11:19:33.183494.183494 cuda_h.py:27] end prefill_layer cost 38.690 ms
DEBUG 04-24 11:19:33.183627.183627 lmp.py:341] -------------------------------- end prefill layer 20 --------------------------------
DEBUG 04-24 11:19:33.183368.183368 lmp.py:294] -------------------------------- start prefill layer 21 --------------------------------
DEBUG 04-24 11:19:33.183284.183284 cuda_h.py:27] end start_load_qkvogn_s_weight_l_22 cost 0.041 ms
DEBUG 04-24 11:19:33.184505.184505 cuda_h.py:27] end allocate_cuda_memory cost 0.173 ms
DEBUG 04-24 11:19:33.184702.184702 sllm_store_c.py:27] get device uuid map
DEBUG 04-24 11:19:33.184474.184474 sllm_store_c.py:29] call client load into gpu
DEBUG 04-24 11:19:33.185412.185412 cuda_h.py:27] end load_into_gpu_async cost 1.611 ms
DEBUG 04-24 11:19:33.185801.185801 cuda_h.py:27] end restore_tensors2 cost 0.092 ms
DEBUG 04-24 11:19:33.185067.185067 cuda_h.py:27] end **self_attn cost 1.398 ms
DEBUG 04-24 11:19:33.186830.186830 cuda_h.py:27] end allocate_cuda_memory_and_load_into_gpu cost 2.212 ms
DEBUG 04-24 11:19:33.186725.186725 cuda_h.py:27] end *iln_self_attn_paln cost 2.725 ms
DEBUG 04-24 11:19:33.186605.186605 cuda_h.py:27] end gate cost 0.507 ms
DEBUG 04-24 11:19:33.187995.187995 cuda_h.py:27] end experts_map_get cost 0.275 ms
DEBUG 04-24 11:19:33.187778.187778 cuda_h.py:27] end *before experts start* cost 0.925 ms
DEBUG 04-24 11:19:33.187600.187600 cuda_h.py:27] end cpu_experts_submit_fused_mp cost 0.191 ms
DEBUG 04-24 11:19:33.188676.188676 cuda_h.py:27] end *single cpu experts* cost 1.087 ms
DEBUG 04-24 11:19:33.189228.189228 cuda_h.py:27] end prepare_group_stack cost 0.374 ms
DEBUG 04-24 11:19:33.190668.190668 cuda_h.py:27] end prepare_group_stack cost 0.417 ms
DEBUG 04-24 11:19:33.190949.190949 cuda_h.py:27] end group stack cost 0.491 ms
DEBUG 04-24 11:19:33.190343.190343 cuda_h.py:27] end move_flatidxs_group_fused_mp cost 1.035 ms
DEBUG 04-24 11:19:33.190342.190342 cuda_h.py:27] end get_fused_experts_names_w cost 0.021 ms
DEBUG 04-24 11:19:33.191168.191168 cuda_h.py:27] end prepare_group_stack cost 0.464 ms
DEBUG 04-24 11:19:33.191843.191843 cuda_h.py:27] end group stack cost 1.044 ms
DEBUG 04-24 11:19:33.191427.191427 cuda_h.py:27] end restore_fused_tensors cost 0.409 ms
DEBUG 04-24 11:19:33.191786.191786 cuda_h.py:27] end group_fused_tensors_mp cost 0.635 ms
DEBUG 04-24 11:19:33.191482.191482 cuda_h.py:27] end move_flatidxs_group_fused_mp cost 1.807 ms
DEBUG 04-24 11:19:33.191159.191159 sllm_store_c.py:27] get device uuid map
DEBUG 04-24 11:19:33.191079.191079 cuda_h.py:27] end prepare_group_stack cost 0.662 ms
DEBUG 04-24 11:19:33.191853.191853 cuda_h.py:27] end get_fused_experts_names_w cost 0.053 ms
DEBUG 04-24 11:19:33.191238.191238 sllm_store_c.py:29] call client load into gpu
DEBUG 04-24 11:19:33.192470.192470 cuda_h.py:27] end restore_fused_tensors cost 0.377 ms
DEBUG 04-24 11:19:33.192128.192128 cuda_h.py:27] end group_fused_tensors_mp cost 0.541 ms
DEBUG 04-24 11:19:33.192030.192030 cuda_h.py:27] end group stack cost 1.131 ms
DEBUG 04-24 11:19:33.192908.192908 cuda_h.py:27] end move_flatidxs_group_fused_mp cost 1.835 ms
DEBUG 04-24 11:19:33.192593.192593 cuda_h.py:27] end get_fused_experts_names_w cost 0.025 ms
DEBUG 04-24 11:19:33.193770.193770 cuda_h.py:27] end restore_fused_tensors cost 0.593 ms
DEBUG 04-24 11:19:33.193103.193103 cuda_h.py:27] end group_fused_tensors_mp cost 0.826 ms
DEBUG 04-24 11:19:33.193397.193397 cuda_h.py:27] end group stack cost 1.764 ms
DEBUG 04-24 11:19:33.193994.193994 cuda_h.py:27] end move_flatidxs_group_fused_mp cost 3.087 ms
DEBUG 04-24 11:19:33.194905.194905 cuda_h.py:27] end get_fused_experts_names_w cost 0.038 ms
DEBUG 04-24 11:19:33.195248.195248 cuda_h.py:27] end restore2model cost 1.590 ms
DEBUG 04-24 11:19:33.195764.195764 cuda_h.py:27] end sllm_worker_task cost 11.708 ms
DEBUG 04-24 11:19:33.195485.195485 cuda_h.py:27] end restore_fused_tensors cost 1.126 ms
DEBUG 04-24 11:19:33.195893.195893 cuda_h.py:27] end load_into_gpu_async_fused_experts_dual cost 4.283 ms
DEBUG 04-24 11:19:33.195554.195554 cuda_h.py:27] end group_fused_tensors_mp cost 1.819 ms
DEBUG 04-24 11:19:33.196394.196394 cuda_h.py:27] end restore_tensors2_fused_experts_packed cost 0.144 ms
DEBUG 04-24 11:19:33.196268.196268 cuda_h.py:27] end restore_tensors2_fused_experts_slices cost 0.348 ms
DEBUG 04-24 11:19:33.196228.196228 cuda_h.py:27] end allocate_experts_cuda_memory_and_restore_model_multi_device_fused cost 8.101 ms
DEBUG 04-24 11:19:33.196810.196810 cuda_h.py:27] end gpu_sexperts cost 0.011 ms
DEBUG 04-24 11:19:33.196342.196342 cuda_h.py:27] end wait_load_qkvogn_s_weight cost 0.020 ms
DEBUG 04-24 11:19:33.200223.200223 mlpmodule.py:3373] [fused_group_bmm][steps] bmm1=4.820 ms split=0.096 ms act_mul=0.383 ms bmm2=3.786 ms
DEBUG 04-24 11:19:33.201012.201012 cuda_h.py:27] end fused_group_bmm cost 9.602 ms
DEBUG 04-24 11:19:33.201095.201095 cuda_h.py:27] end gather_outputs_group_fused_mp cost 0.631 ms
DEBUG 04-24 11:19:33.202041.202041 cuda_h.py:27] end cpu_experts_worker_bmm_or_einsum_0 cost 14.014 ms
DEBUG 04-24 11:19:33.203299.203299 mlpmodule.py:3373] [fused_group_bmm][steps] bmm1=5.053 ms split=0.117 ms act_mul=0.257 ms bmm2=5.833 ms
DEBUG 04-24 11:19:33.203030.203030 cuda_h.py:27] end fused_group_bmm cost 11.600 ms
DEBUG 04-24 11:19:33.204214.204214 cuda_h.py:27] end gather_outputs_group_fused_mp cost 0.546 ms
DEBUG 04-24 11:19:33.205490.205490 cuda_h.py:27] end cpu_experts_worker_bmm_or_einsum_3 cost 16.476 ms
DEBUG 04-24 11:19:33.206650.206650 mlpmodule.py:3373] [fused_group_bmm][steps] bmm1=8.005 ms split=0.168 ms act_mul=0.457 ms bmm2=4.530 ms
DEBUG 04-24 11:19:33.207011.207011 cuda_h.py:27] end fused_group_bmm cost 13.502 ms
DEBUG 04-24 11:19:33.207524.207524 cuda_h.py:27] end gather_outputs_group_fused_mp cost 0.672 ms
DEBUG 04-24 11:19:33.208038.208038 cuda_h.py:27] end cpu_experts_worker_bmm_or_einsum_2 cost 18.820 ms
DEBUG 04-24 11:19:33.208415.208415 mlpmodule.py:3373] [fused_group_bmm][steps] bmm1=8.179 ms split=0.130 ms act_mul=0.372 ms bmm2=3.776 ms
DEBUG 04-24 11:19:33.209900.209900 cuda_h.py:27] end fused_group_bmm cost 12.753 ms
DEBUG 04-24 11:19:33.209475.209475 cuda_h.py:27] end gather_outputs_group_fused_mp cost 0.549 ms
DEBUG 04-24 11:19:33.210336.210336 cuda_h.py:27] end cpu_experts_worker_bmm_or_einsum_1 cost 20.664 ms
DEBUG 04-24 11:19:33.211068.211068 cuda_h.py:27] end prepare_per_device_parameters cost 14.013 ms
DEBUG 04-24 11:19:33.213824.213824 cuda_h.py:27] end wait_experts_multi_device cost 2.679 ms
DEBUG 04-24 11:19:33.213396.213396 cuda_h.py:27] end *before fused experts* cost 25.404 ms
DEBUG 04-24 11:19:33.218194.218194 cuda_h.py:27] end gpu_experts_multi_device_fused cost 4.197 ms
DEBUG 04-24 11:19:33.218395.218395 cuda_h.py:27] end *gpu experts* cost 29.722 ms
DEBUG 04-24 11:19:33.220680.220680 cuda_h.py:27] end cpu_experts_scatter_reduce cost 0.567 ms
DEBUG 04-24 11:19:33.220722.220722 cuda_h.py:27] end cpu_thread_manager_mp_wait_fused cost 1.823 ms
DEBUG 04-24 11:19:33.220440.220440 cuda_h.py:27] end layer_moe_generate_mp_multi_device_fused_l_22 cost 33.752 ms
DEBUG 04-24 11:19:33.220363.220363 cuda_h.py:27] end *mlp cost 34.430 ms
DEBUG 04-24 11:19:33.221115.221115 cuda_h.py:27] end prefill_layer cost 37.348 ms
DEBUG 04-24 11:19:33.221487.221487 lmp.py:341] -------------------------------- end prefill layer 21 --------------------------------
DEBUG 04-24 11:19:33.221418.221418 lmp.py:294] -------------------------------- start prefill layer 22 --------------------------------
DEBUG 04-24 11:19:33.221189.221189 cuda_h.py:27] end start_load_qkvogn_s_weight_l_23 cost 0.041 ms
DEBUG 04-24 11:19:33.221539.221539 cuda_h.py:27] end allocate_cuda_memory cost 0.226 ms
DEBUG 04-24 11:19:33.221814.221814 sllm_store_c.py:27] get device uuid map
DEBUG 04-24 11:19:33.221699.221699 sllm_store_c.py:29] call client load into gpu
DEBUG 04-24 11:19:33.223423.223423 cuda_h.py:27] end **self_attn cost 1.196 ms
DEBUG 04-24 11:19:33.223742.223742 cuda_h.py:27] end load_into_gpu_async cost 1.802 ms
DEBUG 04-24 11:19:33.223974.223974 cuda_h.py:27] end restore_tensors2 cost 0.115 ms
DEBUG 04-24 11:19:33.223333.223333 cuda_h.py:27] end allocate_cuda_memory_and_load_into_gpu cost 2.437 ms
DEBUG 04-24 11:19:33.223154.223154 cuda_h.py:27] end *iln_self_attn_paln cost 2.758 ms
DEBUG 04-24 11:19:33.224194.224194 cuda_h.py:27] end gate cost 0.508 ms
DEBUG 04-24 11:19:33.224602.224602 cuda_h.py:27] end experts_map_get cost 0.255 ms
DEBUG 04-24 11:19:33.224432.224432 cuda_h.py:27] end *before experts start* cost 0.904 ms
DEBUG 04-24 11:19:33.225578.225578 cuda_h.py:27] end cpu_experts_submit_fused_mp cost 0.186 ms
DEBUG 04-24 11:19:33.226451.226451 cuda_h.py:27] end *single cpu experts* cost 1.142 ms
DEBUG 04-24 11:19:33.228982.228982 cuda_h.py:27] end prepare_group_stack cost 0.389 ms
DEBUG 04-24 11:19:33.228946.228946 cuda_h.py:27] end prepare_group_stack cost 0.461 ms
DEBUG 04-24 11:19:33.228150.228150 cuda_h.py:27] end prepare_group_stack cost 0.439 ms
DEBUG 04-24 11:19:33.228853.228853 sllm_store_c.py:27] get device uuid map
DEBUG 04-24 11:19:33.228154.228154 sllm_store_c.py:29] call client load into gpu
DEBUG 04-24 11:19:33.228792.228792 cuda_h.py:27] end group stack cost 0.565 ms
DEBUG 04-24 11:19:33.228438.228438 cuda_h.py:27] end move_flatidxs_group_fused_mp cost 1.167 ms
DEBUG 04-24 11:19:33.229463.229463 cuda_h.py:27] end get_fused_experts_names_w cost 0.023 ms
DEBUG 04-24 11:19:33.229278.229278 cuda_h.py:27] end group stack cost 0.778 ms
DEBUG 04-24 11:19:33.229497.229497 cuda_h.py:27] end prepare_group_stack cost 0.559 ms
DEBUG 04-24 11:19:33.229375.229375 cuda_h.py:27] end move_flatidxs_group_fused_mp cost 1.633 ms
DEBUG 04-24 11:19:33.229937.229937 cuda_h.py:27] end get_fused_experts_names_w cost 0.019 ms
DEBUG 04-24 11:19:33.229498.229498 cuda_h.py:27] end restore_fused_tensors cost 0.511 ms
DEBUG 04-24 11:19:33.229672.229672 cuda_h.py:27] end group_fused_tensors_mp cost 0.743 ms
DEBUG 04-24 11:19:33.229237.229237 cuda_h.py:27] end group stack cost 1.315 ms
DEBUG 04-24 11:19:33.229037.229037 cuda_h.py:27] end move_flatidxs_group_fused_mp cost 2.201 ms
DEBUG 04-24 11:19:33.230314.230314 cuda_h.py:27] end get_fused_experts_names_w cost 0.030 ms
DEBUG 04-24 11:19:33.230726.230726 cuda_h.py:27] end restore_fused_tensors cost 0.459 ms
DEBUG 04-24 11:19:33.230593.230593 cuda_h.py:27] end group_fused_tensors_mp cost 0.822 ms
DEBUG 04-24 11:19:33.230771.230771 cuda_h.py:27] end group stack cost 1.507 ms
DEBUG 04-24 11:19:33.230600.230600 cuda_h.py:27] end restore_fused_tensors cost 0.609 ms
DEBUG 04-24 11:19:33.231093.231093 cuda_h.py:27] end group_fused_tensors_mp cost 0.961 ms
DEBUG 04-24 11:19:33.231504.231504 cuda_h.py:27] end move_flatidxs_group_fused_mp cost 2.377 ms
DEBUG 04-24 11:19:33.231449.231449 cuda_h.py:27] end get_fused_experts_names_w cost 0.033 ms
DEBUG 04-24 11:19:33.232809.232809 cuda_h.py:27] end restore_fused_tensors cost 0.792 ms
DEBUG 04-24 11:19:33.232905.232905 cuda_h.py:27] end group_fused_tensors_mp cost 1.217 ms
DEBUG 04-24 11:19:33.238969.238969 cuda_h.py:27] end restore2model cost 1.497 ms
DEBUG 04-24 11:19:33.238640.238640 mlpmodule.py:3373] [fused_group_bmm][steps] bmm1=4.476 ms split=0.229 ms act_mul=0.696 ms bmm2=2.688 ms
DEBUG 04-24 11:19:33.238280.238280 cuda_h.py:27] end sllm_worker_task cost 16.865 ms
DEBUG 04-24 11:19:33.238917.238917 cuda_h.py:27] end fused_group_bmm cost 8.284 ms
DEBUG 04-24 11:19:33.238199.238199 cuda_h.py:27] end load_into_gpu_async_fused_experts_dual cost 9.727 ms
DEBUG 04-24 11:19:33.238394.238394 cuda_h.py:27] end restore_tensors2_fused_experts_packed cost 0.118 ms
DEBUG 04-24 11:19:33.238251.238251 cuda_h.py:27] end gather_outputs_group_fused_mp cost 0.406 ms
DEBUG 04-24 11:19:33.239407.239407 cuda_h.py:27] end restore_tensors2_fused_experts_slices cost 0.337 ms
DEBUG 04-24 11:19:33.239784.239784 cuda_h.py:27] end allocate_experts_cuda_memory_and_restore_model_multi_device_fused cost 13.039 ms
DEBUG 04-24 11:19:33.239628.239628 cuda_h.py:27] end gpu_sexperts cost 0.013 ms
DEBUG 04-24 11:19:33.239564.239564 cuda_h.py:27] end wait_load_qkvogn_s_weight cost 0.020 ms
DEBUG 04-24 11:19:33.239320.239320 cuda_h.py:27] end cpu_experts_worker_bmm_or_einsum_0 cost 12.925 ms
DEBUG 04-24 11:19:33.241123.241123 mlpmodule.py:3373] [fused_group_bmm][steps] bmm1=6.663 ms split=0.119 ms act_mul=0.274 ms bmm2=3.117 ms
DEBUG 04-24 11:19:33.241541.241541 cuda_h.py:27] end fused_group_bmm cost 10.449 ms
DEBUG 04-24 11:19:33.241586.241586 mlpmodule.py:3373] [fused_group_bmm][steps] bmm1=7.317 ms split=0.141 ms act_mul=0.326 ms bmm2=3.461 ms
DEBUG 04-24 11:19:33.242184.242184 cuda_h.py:27] end fused_group_bmm cost 11.549 ms
DEBUG 04-24 11:19:33.242103.242103 cuda_h.py:27] end gather_outputs_group_fused_mp cost 0.569 ms
DEBUG 04-24 11:19:33.242143.242143 cuda_h.py:27] end gather_outputs_group_fused_mp cost 0.557 ms
DEBUG 04-24 11:19:33.242796.242796 cuda_h.py:27] end cpu_experts_worker_bmm_or_einsum_3 cost 16.408 ms
DEBUG 04-24 11:19:33.243996.243996 cuda_h.py:27] end cpu_experts_worker_bmm_or_einsum_1 cost 16.865 ms
DEBUG 04-24 11:19:33.243783.243783 mlpmodule.py:3373] [fused_group_bmm][steps] bmm1=6.775 ms split=0.135 ms act_mul=0.309 ms bmm2=3.932 ms
DEBUG 04-24 11:19:33.244506.244506 cuda_h.py:27] end fused_group_bmm cost 11.402 ms
DEBUG 04-24 11:19:33.244584.244584 cuda_h.py:27] end gather_outputs_group_fused_mp cost 0.540 ms
DEBUG 04-24 11:19:33.245429.245429 cuda_h.py:27] end cpu_experts_worker_bmm_or_einsum_2 cost 17.795 ms
DEBUG 04-24 11:19:33.253740.253740 cuda_h.py:27] end prepare_per_device_parameters cost 14.077 ms
DEBUG 04-24 11:19:33.255686.255686 cuda_h.py:27] end wait_experts_multi_device cost 1.456 ms
DEBUG 04-24 11:19:33.255200.255200 cuda_h.py:27] end *before fused experts* cost 29.037 ms
DEBUG 04-24 11:19:33.259680.259680 cuda_h.py:27] end gpu_experts_multi_device_fused cost 4.167 ms
DEBUG 04-24 11:19:33.259822.259822 cuda_h.py:27] end *gpu experts* cost 33.367 ms
DEBUG 04-24 11:19:33.261245.261245 cuda_h.py:27] end cpu_experts_scatter_reduce cost 0.504 ms
DEBUG 04-24 11:19:33.261134.261134 cuda_h.py:27] end cpu_thread_manager_mp_wait_fused cost 1.776 ms
DEBUG 04-24 11:19:33.261243.261243 cuda_h.py:27] end layer_moe_generate_mp_multi_device_fused_l_23 cost 37.387 ms
DEBUG 04-24 11:19:33.262611.262611 cuda_h.py:27] end *mlp cost 38.288 ms
DEBUG 04-24 11:19:33.262222.262222 cuda_h.py:27] end prefill_layer cost 41.216 ms
DEBUG 04-24 11:19:33.262640.262640 lmp.py:341] -------------------------------- end prefill layer 22 --------------------------------
DEBUG 04-24 11:19:33.262923.262923 lmp.py:294] -------------------------------- start prefill layer 23 --------------------------------
DEBUG 04-24 11:19:33.262780.262780 cuda_h.py:27] end start_load_qkvogn_s_weight_l_24 cost 0.036 ms
DEBUG 04-24 11:19:33.262063.262063 cuda_h.py:27] end allocate_cuda_memory cost 0.232 ms
DEBUG 04-24 11:19:33.263193.263193 sllm_store_c.py:27] get device uuid map
DEBUG 04-24 11:19:33.263396.263396 sllm_store_c.py:29] call client load into gpu
DEBUG 04-24 11:19:33.264560.264560 cuda_h.py:27] end **self_attn cost 1.623 ms
DEBUG 04-24 11:19:33.265230.265230 cuda_h.py:27] end *iln_self_attn_paln cost 2.620 ms
DEBUG 04-24 11:19:33.265803.265803 cuda_h.py:27] end load_into_gpu_async cost 2.199 ms
DEBUG 04-24 11:19:33.265019.265019 cuda_h.py:27] end restore_tensors2 cost 0.099 ms
DEBUG 04-24 11:19:33.265378.265378 cuda_h.py:27] end allocate_cuda_memory_and_load_into_gpu cost 2.963 ms
DEBUG 04-24 11:19:33.266429.266429 cuda_h.py:27] end gate cost 0.828 ms
DEBUG 04-24 11:19:33.266772.266772 cuda_h.py:27] end experts_map_get cost 0.273 ms
DEBUG 04-24 11:19:33.266317.266317 cuda_h.py:27] end *before experts start* cost 1.249 ms
DEBUG 04-24 11:19:33.266470.266470 cuda_h.py:27] end cpu_experts_submit_fused_mp cost 0.190 ms
DEBUG 04-24 11:19:33.267182.267182 cuda_h.py:27] end *single cpu experts* cost 1.272 ms
DEBUG 04-24 11:19:33.269051.269051 cuda_h.py:27] end prepare_group_stack cost 0.376 ms
DEBUG 04-24 11:19:33.269583.269583 cuda_h.py:27] end prepare_group_stack cost 0.401 ms
DEBUG 04-24 11:19:33.269256.269256 cuda_h.py:27] end prepare_group_stack cost 0.486 ms
DEBUG 04-24 11:19:33.269648.269648 sllm_store_c.py:27] get device uuid map
DEBUG 04-24 11:19:33.270472.270472 sllm_store_c.py:29] call client load into gpu
DEBUG 04-24 11:19:33.270084.270084 cuda_h.py:27] end group stack cost 0.821 ms
DEBUG 04-24 11:19:33.270604.270604 cuda_h.py:27] end move_flatidxs_group_fused_mp cost 1.459 ms
DEBUG 04-24 11:19:33.270331.270331 cuda_h.py:27] end group stack cost 1.165 ms
DEBUG 04-24 11:19:33.270286.270286 cuda_h.py:27] end get_fused_experts_names_w cost 0.025 ms
DEBUG 04-24 11:19:33.270327.270327 cuda_h.py:27] end group stack cost 1.004 ms
DEBUG 04-24 11:19:33.270817.270817 cuda_h.py:27] end prepare_group_stack cost 0.702 ms
DEBUG 04-24 11:19:33.270745.270745 cuda_h.py:27] end move_flatidxs_group_fused_mp cost 1.746 ms
DEBUG 04-24 11:19:33.271684.271684 cuda_h.py:27] end move_flatidxs_group_fused_mp cost 1.834 ms
DEBUG 04-24 11:19:33.271188.271188 cuda_h.py:27] end get_fused_experts_names_w cost 0.022 ms
DEBUG 04-24 11:19:33.271140.271140 cuda_h.py:27] end get_fused_experts_names_w cost 0.021 ms
DEBUG 04-24 11:19:33.271363.271363 cuda_h.py:27] end restore_fused_tensors cost 0.549 ms
DEBUG 04-24 11:19:33.271247.271247 cuda_h.py:27] end group_fused_tensors_mp cost 0.843 ms
DEBUG 04-24 11:19:33.271447.271447 cuda_h.py:27] end restore_fused_tensors cost 0.487 ms
DEBUG 04-24 11:19:33.271910.271910 cuda_h.py:27] end group_fused_tensors_mp cost 0.804 ms
DEBUG 04-24 11:19:33.271761.271761 cuda_h.py:27] end restore_fused_tensors cost 0.584 ms
DEBUG 04-24 11:19:33.272605.272605 cuda_h.py:27] end group_fused_tensors_mp cost 0.858 ms
DEBUG 04-24 11:19:33.273169.273169 cuda_h.py:27] end group stack cost 2.197 ms
DEBUG 04-24 11:19:33.273667.273667 cuda_h.py:27] end move_flatidxs_group_fused_mp cost 3.361 ms
DEBUG 04-24 11:19:33.273467.273467 cuda_h.py:27] end get_fused_experts_names_w cost 0.042 ms
DEBUG 04-24 11:19:33.275029.275029 cuda_h.py:27] end restore2model cost 1.885 ms
DEBUG 04-24 11:19:33.275083.275083 cuda_h.py:27] end restore_fused_tensors cost 1.210 ms
DEBUG 04-24 11:19:33.275811.275811 cuda_h.py:27] end group_fused_tensors_mp cost 1.812 ms
DEBUG 04-24 11:19:33.275686.275686 cuda_h.py:27] end sllm_worker_task cost 12.717 ms
DEBUG 04-24 11:19:33.276085.276085 cuda_h.py:27] end load_into_gpu_async_fused_experts_dual cost 6.916 ms
DEBUG 04-24 11:19:33.277113.277113 cuda_h.py:27] end restore_tensors2_fused_experts_packed cost 0.129 ms
DEBUG 04-24 11:19:33.277590.277590 cuda_h.py:27] end restore_tensors2_fused_experts_slices cost 0.441 ms
DEBUG 04-24 11:19:33.277304.277304 cuda_h.py:27] end allocate_experts_cuda_memory_and_restore_model_multi_device_fused cost 9.930 ms
DEBUG 04-24 11:19:33.278903.278903 cuda_h.py:27] end gpu_sexperts cost 0.010 ms
DEBUG 04-24 11:19:33.278223.278223 cuda_h.py:27] end wait_load_qkvogn_s_weight cost 0.019 ms
DEBUG 04-24 11:19:33.280744.280744 mlpmodule.py:3373] [fused_group_bmm][steps] bmm1=5.175 ms split=0.092 ms act_mul=0.322 ms bmm2=3.148 ms
DEBUG 04-24 11:19:33.280248.280248 cuda_h.py:27] end fused_group_bmm cost 8.999 ms
DEBUG 04-24 11:19:33.281069.281069 cuda_h.py:27] end gather_outputs_group_fused_mp cost 0.515 ms
DEBUG 04-24 11:19:33.282431.282431 cuda_h.py:27] end cpu_experts_worker_bmm_or_einsum_0 cost 14.195 ms
DEBUG 04-24 11:19:33.283272.283272 mlpmodule.py:3373] [fused_group_bmm][steps] bmm1=6.473 ms split=0.207 ms act_mul=0.444 ms bmm2=4.096 ms
DEBUG 04-24 11:19:33.283453.283453 cuda_h.py:27] end fused_group_bmm cost 11.538 ms
DEBUG 04-24 11:19:33.284753.284753 cuda_h.py:27] end gather_outputs_group_fused_mp cost 0.589 ms
DEBUG 04-24 11:19:33.284064.284064 cuda_h.py:27] end cpu_experts_worker_bmm_or_einsum_1 cost 16.851 ms
DEBUG 04-24 11:19:33.285767.285767 mlpmodule.py:3373] [fused_group_bmm][steps] bmm1=7.379 ms split=0.167 ms act_mul=0.533 ms bmm2=5.098 ms
DEBUG 04-24 11:19:33.285391.285391 cuda_h.py:27] end fused_group_bmm cost 13.464 ms
DEBUG 04-24 11:19:33.286588.286588 cuda_h.py:27] end gather_outputs_group_fused_mp cost 0.532 ms
DEBUG 04-24 11:19:33.286540.286540 cuda_h.py:27] end cpu_experts_worker_bmm_or_einsum_3 cost 18.613 ms
DEBUG 04-24 11:19:33.288632.288632 mlpmodule.py:3373] [fused_group_bmm][steps] bmm1=7.721 ms split=0.126 ms act_mul=0.372 ms bmm2=4.707 ms
DEBUG 04-24 11:19:33.289494.289494 cuda_h.py:27] end fused_group_bmm cost 13.175 ms
DEBUG 04-24 11:19:33.289118.289118 cuda_h.py:27] end gather_outputs_group_fused_mp cost 0.547 ms
DEBUG 04-24 11:19:33.290976.290976 cuda_h.py:27] end cpu_experts_worker_bmm_or_einsum_2 cost 21.214 ms
DEBUG 04-24 11:19:33.293032.293032 cuda_h.py:27] end prepare_per_device_parameters cost 14.750 ms
DEBUG 04-24 11:19:33.295656.295656 cuda_h.py:27] end wait_experts_multi_device cost 1.924 ms
DEBUG 04-24 11:19:33.295182.295182 cuda_h.py:27] end *before fused experts* cost 28.037 ms
DEBUG 04-24 11:19:33.300485.300485 cuda_h.py:27] end gpu_experts_multi_device_fused cost 4.077 ms
DEBUG 04-24 11:19:33.300170.300170 cuda_h.py:27] end *gpu experts* cost 32.241 ms
DEBUG 04-24 11:19:33.302704.302704 cuda_h.py:27] end cpu_experts_scatter_reduce cost 0.545 ms
DEBUG 04-24 11:19:33.302554.302554 cuda_h.py:27] end cpu_thread_manager_mp_wait_fused cost 1.931 ms
DEBUG 04-24 11:19:33.302332.302332 cuda_h.py:27] end layer_moe_generate_mp_multi_device_fused_l_24 cost 36.898 ms
DEBUG 04-24 11:19:33.303841.303841 cuda_h.py:27] end *mlp cost 37.869 ms
DEBUG 04-24 11:19:33.303976.303976 cuda_h.py:27] end prefill_layer cost 40.733 ms
DEBUG 04-24 11:19:33.303109.303109 lmp.py:341] -------------------------------- end prefill layer 23 --------------------------------
DEBUG 04-24 11:19:33.303465.303465 lmp.py:294] -------------------------------- start prefill layer 24 --------------------------------
DEBUG 04-24 11:19:33.303143.303143 cuda_h.py:27] end start_load_qkvogn_s_weight_l_25 cost 0.041 ms
DEBUG 04-24 11:19:33.303653.303653 cuda_h.py:27] end allocate_cuda_memory cost 0.240 ms
DEBUG 04-24 11:19:33.304803.304803 sllm_store_c.py:27] get device uuid map
DEBUG 04-24 11:19:33.304947.304947 sllm_store_c.py:29] call client load into gpu
DEBUG 04-24 11:19:33.305606.305606 cuda_h.py:27] end **self_attn cost 1.372 ms
DEBUG 04-24 11:19:33.305788.305788 cuda_h.py:27] end load_into_gpu_async cost 1.915 ms
DEBUG 04-24 11:19:33.306360.306360 cuda_h.py:27] end *iln_self_attn_paln cost 2.558 ms
DEBUG 04-24 11:19:33.306981.306981 cuda_h.py:27] end restore_tensors2 cost 0.100 ms
DEBUG 04-24 11:19:33.306684.306684 cuda_h.py:27] end allocate_cuda_memory_and_load_into_gpu cost 2.801 ms
DEBUG 04-24 11:19:33.306714.306714 cuda_h.py:27] end gate cost 0.670 ms
DEBUG 04-24 11:19:33.307972.307972 cuda_h.py:27] end experts_map_get cost 0.279 ms
DEBUG 04-24 11:19:33.307232.307232 cuda_h.py:27] end *before experts start* cost 1.097 ms
DEBUG 04-24 11:19:33.307127.307127 cuda_h.py:27] end cpu_experts_submit_fused_mp cost 0.202 ms
DEBUG 04-24 11:19:33.308174.308174 cuda_h.py:27] end *single cpu experts* cost 1.225 ms
DEBUG 04-24 11:19:33.310126.310126 cuda_h.py:27] end prepare_group_stack cost 0.383 ms
DEBUG 04-24 11:19:33.310621.310621 cuda_h.py:27] end prepare_group_stack cost 0.494 ms
DEBUG 04-24 11:19:33.310886.310886 sllm_store_c.py:27] get device uuid map
DEBUG 04-24 11:19:33.310101.310101 sllm_store_c.py:29] call client load into gpu
DEBUG 04-24 11:19:33.310832.310832 cuda_h.py:27] end group stack cost 0.626 ms
DEBUG 04-24 11:19:33.311208.311208 cuda_h.py:27] end move_flatidxs_group_fused_mp cost 1.271 ms
DEBUG 04-24 11:19:33.311117.311117 cuda_h.py:27] end prepare_group_stack cost 0.372 ms
DEBUG 04-24 11:19:33.311377.311377 cuda_h.py:27] end get_fused_experts_names_w cost 0.025 ms
DEBUG 04-24 11:19:33.311277.311277 cuda_h.py:27] end prepare_group_stack cost 0.529 ms
DEBUG 04-24 11:19:33.311692.311692 cuda_h.py:27] end restore_fused_tensors cost 0.560 ms
DEBUG 04-24 11:19:33.311090.311090 cuda_h.py:27] end group stack cost 1.344 ms
DEBUG 04-24 11:19:33.311595.311595 cuda_h.py:27] end group_fused_tensors_mp cost 0.787 ms
DEBUG 04-24 11:19:33.311988.311988 cuda_h.py:27] end move_flatidxs_group_fused_mp cost 2.184 ms
DEBUG 04-24 11:19:33.312067.312067 cuda_h.py:27] end get_fused_experts_names_w cost 0.026 ms
DEBUG 04-24 11:19:33.312987.312987 cuda_h.py:27] end group stack cost 1.066 ms
DEBUG 04-24 11:19:33.312927.312927 cuda_h.py:27] end move_flatidxs_group_fused_mp cost 1.829 ms
DEBUG 04-24 11:19:33.312841.312841 cuda_h.py:27] end get_fused_experts_names_w cost 0.027 ms
DEBUG 04-24 11:19:33.312979.312979 cuda_h.py:27] end group stack cost 1.452 ms
DEBUG 04-24 11:19:33.313069.313069 cuda_h.py:27] end move_flatidxs_group_fused_mp cost 2.256 ms
DEBUG 04-24 11:19:33.313362.313362 cuda_h.py:27] end restore_fused_tensors cost 0.776 ms
DEBUG 04-24 11:19:33.313256.313256 cuda_h.py:27] end group_fused_tensors_mp cost 1.152 ms
DEBUG 04-24 11:19:33.313323.313323 cuda_h.py:27] end get_fused_experts_names_w cost 0.031 ms
DEBUG 04-24 11:19:33.313439.313439 cuda_h.py:27] end restore_fused_tensors cost 0.602 ms
DEBUG 04-24 11:19:33.313967.313967 cuda_h.py:27] end group_fused_tensors_mp cost 0.826 ms
DEBUG 04-24 11:19:33.314044.314044 cuda_h.py:27] end restore_fused_tensors cost 0.735 ms
DEBUG 04-24 11:19:33.314404.314404 cuda_h.py:27] end group_fused_tensors_mp cost 1.079 ms
DEBUG 04-24 11:19:33.314949.314949 cuda_h.py:27] end restore2model cost 0.922 ms
DEBUG 04-24 11:19:33.315665.315665 cuda_h.py:27] end sllm_worker_task cost 11.526 ms
DEBUG 04-24 11:19:33.315376.315376 cuda_h.py:27] end load_into_gpu_async_fused_experts_dual cost 4.738 ms
DEBUG 04-24 11:19:33.315462.315462 cuda_h.py:27] end restore_tensors2_fused_experts_packed cost 0.183 ms
DEBUG 04-24 11:19:33.316338.316338 cuda_h.py:27] end restore_tensors2_fused_experts_slices cost 0.580 ms
DEBUG 04-24 11:19:33.316511.316511 cuda_h.py:27] end allocate_experts_cuda_memory_and_restore_model_multi_device_fused cost 7.995 ms
DEBUG 04-24 11:19:33.316431.316431 cuda_h.py:27] end gpu_sexperts cost 0.029 ms
DEBUG 04-24 11:19:33.317365.317365 cuda_h.py:27] end wait_load_qkvogn_s_weight cost 0.063 ms
DEBUG 04-24 11:19:33.319430.319430 mlpmodule.py:3373] [fused_group_bmm][steps] bmm1=3.518 ms split=0.207 ms act_mul=0.478 ms bmm2=3.138 ms
DEBUG 04-24 11:19:33.319691.319691 cuda_h.py:27] end fused_group_bmm cost 7.702 ms
DEBUG 04-24 11:19:33.320815.320815 cuda_h.py:27] end gather_outputs_group_fused_mp cost 0.458 ms
DEBUG 04-24 11:19:33.320976.320976 cuda_h.py:27] end cpu_experts_worker_bmm_or_einsum_0 cost 12.183 ms
DEBUG 04-24 11:19:33.327933.327933 mlpmodule.py:3373] [fused_group_bmm][steps] bmm1=8.756 ms split=0.118 ms act_mul=0.341 ms bmm2=4.484 ms
DEBUG 04-24 11:19:33.327757.327757 cuda_h.py:27] end fused_group_bmm cost 14.002 ms
DEBUG 04-24 11:19:33.327748.327748 mlpmodule.py:3373] [fused_group_bmm][steps] bmm1=8.028 ms split=0.130 ms act_mul=0.324 ms bmm2=5.631 ms
DEBUG 04-24 11:19:33.327856.327856 mlpmodule.py:3373] [fused_group_bmm][steps] bmm1=7.773 ms split=0.115 ms act_mul=0.325 ms bmm2=5.260 ms
DEBUG 04-24 11:19:33.328717.328717 cuda_h.py:27] end fused_group_bmm cost 14.410 ms
DEBUG 04-24 11:19:33.328890.328890 cuda_h.py:27] end fused_group_bmm cost 13.743 ms
DEBUG 04-24 11:19:33.328850.328850 cuda_h.py:27] end gather_outputs_group_fused_mp cost 0.592 ms
DEBUG 04-24 11:19:33.328631.328631 cuda_h.py:27] end gather_outputs_group_fused_mp cost 0.551 ms
DEBUG 04-24 11:19:33.328088.328088 cuda_h.py:27] end gather_outputs_group_fused_mp cost 0.559 ms
DEBUG 04-24 11:19:33.329867.329867 cuda_h.py:27] end cpu_experts_worker_bmm_or_einsum_1 cost 20.281 ms
DEBUG 04-24 11:19:33.329998.329998 cuda_h.py:27] end cpu_experts_worker_bmm_or_einsum_2 cost 19.713 ms
DEBUG 04-24 11:19:33.329959.329959 cuda_h.py:27] end cpu_experts_worker_bmm_or_einsum_3 cost 19.822 ms
DEBUG 04-24 11:19:33.332240.332240 cuda_h.py:27] end prepare_per_device_parameters cost 14.638 ms
DEBUG 04-24 11:19:33.337452.337452 cuda_h.py:27] end wait_experts_multi_device cost 5.620 ms
DEBUG 04-24 11:19:33.337567.337567 cuda_h.py:27] end *before fused experts* cost 29.272 ms
DEBUG 04-24 11:19:33.342901.342901 cuda_h.py:27] end gpu_experts_multi_device_fused cost 4.970 ms
DEBUG 04-24 11:19:33.343062.343062 cuda_h.py:27] end *gpu experts* cost 34.378 ms
DEBUG 04-24 11:19:33.520785.520785 cuda_h.py:27] end cpu_experts_scatter_reduce cost 0.592 ms
DEBUG 04-24 11:19:33.520734.520734 cuda_h.py:27] end cpu_thread_manager_mp_wait_fused cost 177.068 ms
DEBUG 04-24 11:19:33.520260.520260 cuda_h.py:27] end layer_moe_generate_mp_multi_device_fused_l_25 cost 213.971 ms
DEBUG 04-24 11:19:33.520423.520423 cuda_h.py:27] end *mlp cost 214.687 ms
DEBUG 04-24 11:19:33.521374.521374 cuda_h.py:27] end prefill_layer cost 217.592 ms
DEBUG 04-24 11:19:33.521222.521222 lmp.py:341] -------------------------------- end prefill layer 24 --------------------------------
DEBUG 04-24 11:19:33.521303.521303 lmp.py:294] -------------------------------- start prefill layer 25 --------------------------------
DEBUG 04-24 11:19:33.521643.521643 cuda_h.py:27] end start_load_qkvogn_s_weight_l_26 cost 0.042 ms
DEBUG 04-24 11:19:33.521192.521192 cuda_h.py:27] end allocate_cuda_memory cost 0.388 ms
DEBUG 04-24 11:19:33.522533.522533 sllm_store_c.py:27] get device uuid map
DEBUG 04-24 11:19:33.522749.522749 sllm_store_c.py:29] call client load into gpu
DEBUG 04-24 11:19:33.523191.523191 cuda_h.py:27] end **self_attn cost 1.635 ms
DEBUG 04-24 11:19:33.524026.524026 cuda_h.py:27] end *iln_self_attn_paln cost 2.999 ms
DEBUG 04-24 11:19:33.524261.524261 cuda_h.py:27] end gate cost 0.508 ms
DEBUG 04-24 11:19:33.525171.525171 cuda_h.py:27] end load_into_gpu_async cost 3.026 ms
DEBUG 04-24 11:19:33.525240.525240 cuda_h.py:27] end experts_map_get cost 0.494 ms
DEBUG 04-24 11:19:33.525851.525851 cuda_h.py:27] end restore_tensors2 cost 0.179 ms
DEBUG 04-24 11:19:33.525258.525258 cuda_h.py:27] end *before experts start* cost 1.425 ms
DEBUG 04-24 11:19:33.525315.525315 cuda_h.py:27] end allocate_cuda_memory_and_load_into_gpu cost 4.527 ms
DEBUG 04-24 11:19:33.526637.526637 cuda_h.py:27] end cpu_experts_submit_fused_mp cost 0.190 ms
DEBUG 04-24 11:19:33.528124.528124 cuda_h.py:27] end *single cpu experts* cost 2.268 ms
DEBUG 04-24 11:19:33.529053.529053 cuda_h.py:27] end prepare_group_stack cost 0.541 ms
DEBUG 04-24 11:19:33.530335.530335 cuda_h.py:27] end prepare_group_stack cost 0.642 ms
DEBUG 04-24 11:19:33.530478.530478 cuda_h.py:27] end prepare_group_stack cost 0.689 ms
DEBUG 04-24 11:19:33.530673.530673 cuda_h.py:27] end group stack cost 1.306 ms
DEBUG 04-24 11:19:33.530899.530899 cuda_h.py:27] end move_flatidxs_group_fused_mp cost 2.324 ms
DEBUG 04-24 11:19:33.531045.531045 cuda_h.py:27] end prepare_group_stack cost 0.630 ms
DEBUG 04-24 11:19:33.531279.531279 cuda_h.py:27] end get_fused_experts_names_w cost 0.038 ms
DEBUG 04-24 11:19:33.531772.531772 sllm_store_c.py:27] get device uuid map
DEBUG 04-24 11:19:33.531244.531244 sllm_store_c.py:29] call client load into gpu
DEBUG 04-24 11:19:33.532830.532830 cuda_h.py:27] end restore_fused_tensors cost 1.102 ms
DEBUG 04-24 11:19:33.532243.532243 cuda_h.py:27] end group stack cost 2.055 ms
DEBUG 04-24 11:19:33.532743.532743 cuda_h.py:27] end group_fused_tensors_mp cost 1.615 ms
DEBUG 04-24 11:19:33.532079.532079 cuda_h.py:27] end group stack cost 2.220 ms
DEBUG 04-24 11:19:33.532310.532310 cuda_h.py:27] end move_flatidxs_group_fused_mp cost 3.244 ms
DEBUG 04-24 11:19:33.532014.532014 cuda_h.py:27] end move_flatidxs_group_fused_mp cost 3.362 ms
DEBUG 04-24 11:19:33.533345.533345 cuda_h.py:27] end get_fused_experts_names_w cost 0.036 ms
DEBUG 04-24 11:19:33.533101.533101 cuda_h.py:27] end get_fused_experts_names_w cost 0.043 ms
DEBUG 04-24 11:19:33.533341.533341 cuda_h.py:27] end group stack cost 2.122 ms
DEBUG 04-24 11:19:33.533494.533494 cuda_h.py:27] end move_flatidxs_group_fused_mp cost 3.379 ms
DEBUG 04-24 11:19:33.533142.533142 cuda_h.py:27] end get_fused_experts_names_w cost 0.038 ms
DEBUG 04-24 11:19:33.534292.534292 cuda_h.py:27] end restore_fused_tensors cost 0.893 ms
DEBUG 04-24 11:19:33.534964.534964 cuda_h.py:27] end group_fused_tensors_mp cost 1.346 ms
DEBUG 04-24 11:19:33.534148.534148 cuda_h.py:27] end restore_fused_tensors cost 1.108 ms
DEBUG 04-24 11:19:33.534060.534060 cuda_h.py:27] end group_fused_tensors_mp cost 1.600 ms
DEBUG 04-24 11:19:33.535992.535992 cuda_h.py:27] end restore_fused_tensors cost 1.080 ms
DEBUG 04-24 11:19:33.535189.535189 cuda_h.py:27] end group_fused_tensors_mp cost 1.447 ms
DEBUG 04-24 11:19:33.535492.535492 cuda_h.py:27] end restore2model cost 2.026 ms
DEBUG 04-24 11:19:33.535034.535034 cuda_h.py:27] end sllm_worker_task cost 14.527 ms
DEBUG 04-24 11:19:33.536951.536951 cuda_h.py:27] end load_into_gpu_async_fused_experts_dual cost 4.934 ms
DEBUG 04-24 11:19:33.536616.536616 cuda_h.py:27] end restore_tensors2_fused_experts_packed cost 0.224 ms
DEBUG 04-24 11:19:33.537244.537244 cuda_h.py:27] end restore_tensors2_fused_experts_slices cost 0.450 ms
DEBUG 04-24 11:19:33.537535.537535 cuda_h.py:27] end allocate_experts_cuda_memory_and_restore_model_multi_device_fused cost 9.050 ms
DEBUG 04-24 11:19:33.537118.537118 cuda_h.py:27] end gpu_sexperts cost 0.020 ms
DEBUG 04-24 11:19:33.537931.537931 cuda_h.py:27] end wait_load_qkvogn_s_weight cost 0.057 ms
DEBUG 04-24 11:19:33.544965.544965 mlpmodule.py:3373] [fused_group_bmm][steps] bmm1=6.764 ms split=0.150 ms act_mul=0.431 ms bmm2=3.787 ms
DEBUG 04-24 11:19:33.544139.544139 cuda_h.py:27] end fused_group_bmm cost 11.401 ms
DEBUG 04-24 11:19:33.544698.544698 cuda_h.py:27] end gather_outputs_group_fused_mp cost 0.430 ms
DEBUG 04-24 11:19:33.545261.545261 cuda_h.py:27] end cpu_experts_worker_bmm_or_einsum_0 cost 17.782 ms
DEBUG 04-24 11:19:33.548945.548945 mlpmodule.py:3373] [fused_group_bmm][steps] bmm1=9.000 ms split=0.211 ms act_mul=0.355 ms bmm2=4.236 ms
DEBUG 04-24 11:19:33.548617.548617 cuda_h.py:27] end fused_group_bmm cost 14.139 ms
DEBUG 04-24 11:19:33.549226.549226 cuda_h.py:27] end gather_outputs_group_fused_mp cost 0.607 ms
DEBUG 04-24 11:19:33.549131.549131 mlpmodule.py:3373] [fused_group_bmm][steps] bmm1=8.953 ms split=0.145 ms act_mul=0.396 ms bmm2=5.395 ms
DEBUG 04-24 11:19:33.550292.550292 cuda_h.py:27] end fused_group_bmm cost 15.188 ms
DEBUG 04-24 11:19:33.550127.550127 cuda_h.py:27] end cpu_experts_worker_bmm_or_einsum_1 cost 21.519 ms
DEBUG 04-24 11:19:33.550814.550814 mlpmodule.py:3373] [fused_group_bmm][steps] bmm1=8.886 ms split=0.125 ms act_mul=0.340 ms bmm2=5.292 ms
DEBUG 04-24 11:19:33.550452.550452 cuda_h.py:27] end fused_group_bmm cost 14.938 ms
DEBUG 04-24 11:19:33.550907.550907 cuda_h.py:27] end gather_outputs_group_fused_mp cost 0.540 ms
DEBUG 04-24 11:19:33.551628.551628 cuda_h.py:27] end gather_outputs_group_fused_mp cost 0.553 ms
DEBUG 04-24 11:19:33.551474.551474 cuda_h.py:27] end cpu_experts_worker_bmm_or_einsum_3 cost 22.853 ms
DEBUG 04-24 11:19:33.551744.551744 cuda_h.py:27] end cpu_experts_worker_bmm_or_einsum_2 cost 22.250 ms
DEBUG 04-24 11:19:33.553015.553015 cuda_h.py:27] end prepare_per_device_parameters cost 15.349 ms
DEBUG 04-24 11:19:33.557511.557511 cuda_h.py:27] end wait_experts_multi_device cost 3.977 ms
DEBUG 04-24 11:19:33.557090.557090 cuda_h.py:27] end *before fused experts* cost 29.167 ms
DEBUG 04-24 11:19:33.561463.561463 cuda_h.py:27] end gpu_experts_multi_device_fused cost 4.373 ms
DEBUG 04-24 11:19:33.561009.561009 cuda_h.py:27] end *gpu experts* cost 33.672 ms
DEBUG 04-24 11:19:33.563570.563570 cuda_h.py:27] end cpu_experts_scatter_reduce cost 0.556 ms
DEBUG 04-24 11:19:33.563811.563811 cuda_h.py:27] end cpu_thread_manager_mp_wait_fused cost 1.758 ms
DEBUG 04-24 11:19:33.563152.563152 cuda_h.py:27] end layer_moe_generate_mp_multi_device_fused_l_26 cost 39.587 ms
DEBUG 04-24 11:19:33.565972.565972 cuda_h.py:27] end *mlp cost 40.751 ms
DEBUG 04-24 11:19:33.565537.565537 cuda_h.py:27] end prefill_layer cost 43.991 ms
DEBUG 04-24 11:19:33.565194.565194 lmp.py:341] -------------------------------- end prefill layer 25 --------------------------------
DEBUG 04-24 11:19:33.565068.565068 lmp.py:294] -------------------------------- start prefill layer 26 --------------------------------
DEBUG 04-24 11:19:33.565882.565882 cuda_h.py:27] end start_load_qkvogn_s_weight_l_27 cost 0.081 ms
DEBUG 04-24 11:19:33.566840.566840 cuda_h.py:27] end allocate_cuda_memory cost 0.435 ms
DEBUG 04-24 11:19:33.566662.566662 sllm_store_c.py:27] get device uuid map
DEBUG 04-24 11:19:33.566498.566498 sllm_store_c.py:29] call client load into gpu
DEBUG 04-24 11:19:33.568884.568884 cuda_h.py:27] end **self_attn cost 1.358 ms
DEBUG 04-24 11:19:33.568937.568937 cuda_h.py:27] end load_into_gpu_async cost 1.894 ms
DEBUG 04-24 11:19:33.568976.568976 cuda_h.py:27] end restore_tensors2 cost 0.103 ms
DEBUG 04-24 11:19:33.568567.568567 cuda_h.py:27] end allocate_cuda_memory_and_load_into_gpu cost 2.858 ms
DEBUG 04-24 11:19:33.568230.568230 cuda_h.py:27] end *iln_self_attn_paln cost 3.381 ms
DEBUG 04-24 11:19:33.569468.569468 cuda_h.py:27] end gate cost 0.516 ms
DEBUG 04-24 11:19:33.569209.569209 cuda_h.py:27] end experts_map_get cost 0.288 ms
DEBUG 04-24 11:19:33.569999.569999 cuda_h.py:27] end *before experts start* cost 0.954 ms
DEBUG 04-24 11:19:33.570464.570464 cuda_h.py:27] end cpu_experts_submit_fused_mp cost 0.209 ms
DEBUG 04-24 11:19:33.571976.571976 cuda_h.py:27] end *single cpu experts* cost 1.250 ms
DEBUG 04-24 11:19:33.572694.572694 cuda_h.py:27] end prepare_group_stack cost 0.376 ms
DEBUG 04-24 11:19:33.573526.573526 sllm_store_c.py:27] get device uuid map
DEBUG 04-24 11:19:33.573635.573635 sllm_store_c.py:29] call client load into gpu
DEBUG 04-24 11:19:33.573544.573544 cuda_h.py:27] end group stack cost 0.753 ms
DEBUG 04-24 11:19:33.573499.573499 cuda_h.py:27] end move_flatidxs_group_fused_mp cost 1.484 ms
DEBUG 04-24 11:19:33.573109.573109 cuda_h.py:27] end prepare_group_stack cost 0.420 ms
DEBUG 04-24 11:19:33.573241.573241 cuda_h.py:27] end prepare_group_stack cost 0.388 ms
DEBUG 04-24 11:19:33.573146.573146 cuda_h.py:27] end get_fused_experts_names_w cost 0.028 ms
DEBUG 04-24 11:19:33.573420.573420 cuda_h.py:27] end prepare_group_stack cost 0.501 ms
DEBUG 04-24 11:19:33.574206.574206 cuda_h.py:27] end restore_fused_tensors cost 0.634 ms
DEBUG 04-24 11:19:33.574884.574884 cuda_h.py:27] end group_fused_tensors_mp cost 0.892 ms
DEBUG 04-24 11:19:33.574961.574961 cuda_h.py:27] end group stack cost 0.976 ms
DEBUG 04-24 11:19:33.574201.574201 cuda_h.py:27] end group stack cost 1.030 ms
DEBUG 04-24 11:19:33.574574.574574 cuda_h.py:27] end move_flatidxs_group_fused_mp cost 1.634 ms
DEBUG 04-24 11:19:33.574429.574429 cuda_h.py:27] end move_flatidxs_group_fused_mp cost 1.690 ms
DEBUG 04-24 11:19:33.575917.575917 cuda_h.py:27] end get_fused_experts_names_w cost 0.023 ms
DEBUG 04-24 11:19:33.575785.575785 cuda_h.py:27] end get_fused_experts_names_w cost 0.019 ms
DEBUG 04-24 11:19:33.575566.575566 cuda_h.py:27] end group stack cost 1.660 ms
DEBUG 04-24 11:19:33.575231.575231 cuda_h.py:27] end restore_fused_tensors cost 0.500 ms
DEBUG 04-24 11:19:33.575974.575974 cuda_h.py:27] end group_fused_tensors_mp cost 0.737 ms
DEBUG 04-24 11:19:33.575684.575684 cuda_h.py:27] end restore_fused_tensors cost 0.578 ms
DEBUG 04-24 11:19:33.575783.575783 cuda_h.py:27] end move_flatidxs_group_fused_mp cost 2.476 ms
DEBUG 04-24 11:19:33.576705.576705 cuda_h.py:27] end group_fused_tensors_mp cost 0.981 ms
DEBUG 04-24 11:19:33.576879.576879 cuda_h.py:27] end get_fused_experts_names_w cost 0.031 ms
DEBUG 04-24 11:19:33.577381.577381 cuda_h.py:27] end restore_fused_tensors cost 0.850 ms
DEBUG 04-24 11:19:33.577046.577046 cuda_h.py:27] end group_fused_tensors_mp cost 1.283 ms
DEBUG 04-24 11:19:33.577158.577158 cuda_h.py:27] end restore2model cost 1.650 ms
DEBUG 04-24 11:19:33.578735.578735 cuda_h.py:27] end sllm_worker_task cost 12.410 ms
DEBUG 04-24 11:19:33.578145.578145 cuda_h.py:27] end load_into_gpu_async_fused_experts_dual cost 5.215 ms
DEBUG 04-24 11:19:33.578762.578762 cuda_h.py:27] end restore_tensors2_fused_experts_packed cost 0.203 ms
DEBUG 04-24 11:19:33.579197.579197 cuda_h.py:27] end restore_tensors2_fused_experts_slices cost 0.466 ms
DEBUG 04-24 11:19:33.579012.579012 cuda_h.py:27] end allocate_experts_cuda_memory_and_restore_model_multi_device_fused cost 8.531 ms
DEBUG 04-24 11:19:33.579566.579566 cuda_h.py:27] end gpu_sexperts cost 0.014 ms
DEBUG 04-24 11:19:33.579771.579771 cuda_h.py:27] end wait_load_qkvogn_s_weight cost 0.034 ms
DEBUG 04-24 11:19:33.584031.584031 mlpmodule.py:3373] [fused_group_bmm][steps] bmm1=5.420 ms split=0.169 ms act_mul=0.403 ms bmm2=3.767 ms
DEBUG 04-24 11:19:33.584019.584019 cuda_h.py:27] end fused_group_bmm cost 10.031 ms
DEBUG 04-24 11:19:33.585163.585163 cuda_h.py:27] end gather_outputs_group_fused_mp cost 0.473 ms
DEBUG 04-24 11:19:33.585784.585784 cuda_h.py:27] end cpu_experts_worker_bmm_or_einsum_0 cost 14.729 ms
DEBUG 04-24 11:19:33.589713.589713 mlpmodule.py:3373] [fused_group_bmm][steps] bmm1=8.494 ms split=0.141 ms act_mul=0.331 ms bmm2=4.140 ms
DEBUG 04-24 11:19:33.589888.589888 cuda_h.py:27] end fused_group_bmm cost 13.424 ms
DEBUG 04-24 11:19:33.589441.589441 mlpmodule.py:3373] [fused_group_bmm][steps] bmm1=8.083 ms split=0.199 ms act_mul=0.368 ms bmm2=5.117 ms
DEBUG 04-24 11:19:33.590498.590498 cuda_h.py:27] end fused_group_bmm cost 14.125 ms
DEBUG 04-24 11:19:33.590438.590438 cuda_h.py:27] end gather_outputs_group_fused_mp cost 0.589 ms
DEBUG 04-24 11:19:33.590556.590556 cuda_h.py:27] end gather_outputs_group_fused_mp cost 0.563 ms
DEBUG 04-24 11:19:33.590490.590490 cuda_h.py:27] end cpu_experts_worker_bmm_or_einsum_1 cost 18.833 ms
DEBUG 04-24 11:19:33.591971.591971 cuda_h.py:27] end cpu_experts_worker_bmm_or_einsum_3 cost 19.142 ms
DEBUG 04-24 11:19:33.592649.592649 mlpmodule.py:3373] [fused_group_bmm][steps] bmm1=9.758 ms split=0.205 ms act_mul=0.483 ms bmm2=4.730 ms
DEBUG 04-24 11:19:33.593657.593657 cuda_h.py:27] end fused_group_bmm cost 15.427 ms
DEBUG 04-24 11:19:33.593054.593054 cuda_h.py:27] end gather_outputs_group_fused_mp cost 0.554 ms
DEBUG 04-24 11:19:33.594997.594997 cuda_h.py:27] end cpu_experts_worker_bmm_or_einsum_2 cost 22.037 ms
DEBUG 04-24 11:19:33.595263.595263 cuda_h.py:27] end prepare_per_device_parameters cost 15.189 ms
DEBUG 04-24 11:19:33.599948.599948 cuda_h.py:27] end wait_experts_multi_device cost 3.925 ms
DEBUG 04-24 11:19:33.599698.599698 cuda_h.py:27] end *before fused experts* cost 28.254 ms
DEBUG 04-24 11:19:33.603321.603321 cuda_h.py:27] end gpu_experts_multi_device_fused cost 4.526 ms
DEBUG 04-24 11:19:33.604808.604808 cuda_h.py:27] end *gpu experts* cost 32.897 ms
DEBUG 04-24 11:19:33.605539.605539 cuda_h.py:27] end cpu_experts_scatter_reduce cost 0.561 ms
DEBUG 04-24 11:19:33.605574.605574 cuda_h.py:27] end cpu_thread_manager_mp_wait_fused cost 1.689 ms
DEBUG 04-24 11:19:33.605901.605901 cuda_h.py:27] end layer_moe_generate_mp_multi_device_fused_l_27 cost 36.976 ms
DEBUG 04-24 11:19:33.606753.606753 cuda_h.py:27] end *mlp cost 37.708 ms
DEBUG 04-24 11:19:33.606318.606318 cuda_h.py:27] end prefill_layer cost 41.308 ms
DEBUG 04-24 11:19:33.606259.606259 lmp.py:341] -------------------------------- end prefill layer 26 --------------------------------
DEBUG 04-24 11:19:33.606622.606622 lmp.py:294] -------------------------------- start prefill layer 27 --------------------------------
DEBUG 04-24 11:19:33.606916.606916 cuda_h.py:27] end start_load_qkvogn_s_weight_l_28 cost 0.041 ms
DEBUG 04-24 11:19:33.607198.607198 cuda_h.py:27] end allocate_cuda_memory cost 0.188 ms
DEBUG 04-24 11:19:33.607601.607601 sllm_store_c.py:27] get device uuid map
DEBUG 04-24 11:19:33.607674.607674 sllm_store_c.py:29] call client load into gpu
DEBUG 04-24 11:19:33.608971.608971 cuda_h.py:27] end **self_attn cost 1.337 ms
DEBUG 04-24 11:19:33.609154.609154 cuda_h.py:27] end load_into_gpu_async cost 1.877 ms
DEBUG 04-24 11:19:33.609726.609726 cuda_h.py:27] end *iln_self_attn_paln cost 2.468 ms
DEBUG 04-24 11:19:33.609075.609075 cuda_h.py:27] end restore_tensors2 cost 0.100 ms
DEBUG 04-24 11:19:33.609526.609526 cuda_h.py:27] end allocate_cuda_memory_and_load_into_gpu cost 2.685 ms
DEBUG 04-24 11:19:33.610770.610770 cuda_h.py:27] end gate cost 0.678 ms
DEBUG 04-24 11:19:33.610265.610265 cuda_h.py:27] end experts_map_get cost 0.281 ms
DEBUG 04-24 11:19:33.610525.610525 cuda_h.py:27] end *before experts start* cost 1.105 ms
DEBUG 04-24 11:19:33.610785.610785 cuda_h.py:27] end cpu_experts_submit_fused_mp cost 0.198 ms
DEBUG 04-24 11:19:33.611735.611735 cuda_h.py:27] end *single cpu experts* cost 1.277 ms
DEBUG 04-24 11:19:33.613915.613915 cuda_h.py:27] end prepare_group_stack cost 0.423 ms
DEBUG 04-24 11:19:33.613234.613234 cuda_h.py:27] end prepare_group_stack cost 0.488 ms
DEBUG 04-24 11:19:33.614999.614999 cuda_h.py:27] end group stack cost 0.640 ms
DEBUG 04-24 11:19:33.614036.614036 cuda_h.py:27] end move_flatidxs_group_fused_mp cost 1.268 ms
DEBUG 04-24 11:19:33.614294.614294 cuda_h.py:27] end prepare_group_stack cost 0.368 ms
DEBUG 04-24 11:19:33.614401.614401 cuda_h.py:27] end get_fused_experts_names_w cost 0.023 ms
DEBUG 04-24 11:19:33.614189.614189 cuda_h.py:27] end prepare_group_stack cost 0.506 ms
DEBUG 04-24 11:19:33.614840.614840 cuda_h.py:27] end group stack cost 0.992 ms
DEBUG 04-24 11:19:33.614646.614646 cuda_h.py:27] end move_flatidxs_group_fused_mp cost 1.718 ms
DEBUG 04-24 11:19:33.614141.614141 cuda_h.py:27] end get_fused_experts_names_w cost 0.020 ms
DEBUG 04-24 11:19:33.614007.614007 sllm_store_c.py:27] get device uuid map
DEBUG 04-24 11:19:33.614253.614253 sllm_store_c.py:29] call client load into gpu
DEBUG 04-24 11:19:33.615595.615595 cuda_h.py:27] end restore_fused_tensors cost 0.514 ms
DEBUG 04-24 11:19:33.615438.615438 cuda_h.py:27] end group_fused_tensors_mp cost 0.722 ms
DEBUG 04-24 11:19:33.615831.615831 cuda_h.py:27] end restore_fused_tensors cost 0.492 ms
DEBUG 04-24 11:19:33.615852.615852 cuda_h.py:27] end group stack cost 1.002 ms
DEBUG 04-24 11:19:33.615535.615535 cuda_h.py:27] end group_fused_tensors_mp cost 0.736 ms
DEBUG 04-24 11:19:33.615166.615166 cuda_h.py:27] end move_flatidxs_group_fused_mp cost 1.693 ms
DEBUG 04-24 11:19:33.615564.615564 cuda_h.py:27] end get_fused_experts_names_w cost 0.023 ms
DEBUG 04-24 11:19:33.616504.616504 cuda_h.py:27] end group stack cost 1.535 ms
DEBUG 04-24 11:19:33.616595.616595 cuda_h.py:27] end move_flatidxs_group_fused_mp cost 2.370 ms
DEBUG 04-24 11:19:33.616724.616724 cuda_h.py:27] end get_fused_experts_names_w cost 0.028 ms
DEBUG 04-24 11:19:33.616122.616122 cuda_h.py:27] end restore_fused_tensors cost 0.496 ms
DEBUG 04-24 11:19:33.616505.616505 cuda_h.py:27] end group_fused_tensors_mp cost 0.826 ms
DEBUG 04-24 11:19:33.617323.617323 cuda_h.py:27] end restore_fused_tensors cost 0.718 ms
DEBUG 04-24 11:19:33.617439.617439 cuda_h.py:27] end group_fused_tensors_mp cost 1.016 ms
DEBUG 04-24 11:19:33.618213.618213 cuda_h.py:27] end restore2model cost 1.642 ms
DEBUG 04-24 11:19:33.618625.618625 cuda_h.py:27] end sllm_worker_task cost 11.750 ms
DEBUG 04-24 11:19:33.619123.619123 cuda_h.py:27] end load_into_gpu_async_fused_experts_dual cost 4.429 ms
DEBUG 04-24 11:19:33.619437.619437 cuda_h.py:27] end restore_tensors2_fused_experts_packed cost 0.236 ms
DEBUG 04-24 11:19:33.620779.620779 cuda_h.py:27] end restore_tensors2_fused_experts_slices cost 0.434 ms
DEBUG 04-24 11:19:33.620807.620807 cuda_h.py:27] end allocate_experts_cuda_memory_and_restore_model_multi_device_fused cost 8.394 ms
DEBUG 04-24 11:19:33.620991.620991 cuda_h.py:27] end gpu_sexperts cost 0.016 ms
DEBUG 04-24 11:19:33.620680.620680 cuda_h.py:27] end wait_load_qkvogn_s_weight cost 0.025 ms
DEBUG 04-24 11:19:33.625649.625649 mlpmodule.py:3373] [fused_group_bmm][steps] bmm1=5.458 ms split=0.153 ms act_mul=0.422 ms bmm2=3.589 ms
DEBUG 04-24 11:19:33.625705.625705 cuda_h.py:27] end fused_group_bmm cost 9.933 ms
DEBUG 04-24 11:19:33.626485.626485 cuda_h.py:27] end gather_outputs_group_fused_mp cost 0.678 ms
DEBUG 04-24 11:19:33.626600.626600 cuda_h.py:27] end cpu_experts_worker_bmm_or_einsum_0 cost 15.063 ms
DEBUG 04-24 11:19:33.627702.627702 mlpmodule.py:3373] [fused_group_bmm][steps] bmm1=7.333 ms split=0.232 ms act_mul=0.545 ms bmm2=3.982 ms
DEBUG 04-24 11:19:33.628697.628697 cuda_h.py:27] end fused_group_bmm cost 12.374 ms
DEBUG 04-24 11:19:33.628674.628674 cuda_h.py:27] end gather_outputs_group_fused_mp cost 0.497 ms
DEBUG 04-24 11:19:33.629258.629258 cuda_h.py:27] end cpu_experts_worker_bmm_or_einsum_1 cost 17.685 ms
DEBUG 04-24 11:19:33.630139.630139 mlpmodule.py:3373] [fused_group_bmm][steps] bmm1=8.059 ms split=0.164 ms act_mul=0.375 ms bmm2=4.830 ms
DEBUG 04-24 11:19:33.630161.630161 cuda_h.py:27] end fused_group_bmm cost 13.726 ms
DEBUG 04-24 11:19:33.631934.631934 cuda_h.py:27] end gather_outputs_group_fused_mp cost 0.536 ms
DEBUG 04-24 11:19:33.631953.631953 cuda_h.py:27] end cpu_experts_worker_bmm_or_einsum_3 cost 18.872 ms
DEBUG 04-24 11:19:33.631945.631945 mlpmodule.py:3373] [fused_group_bmm][steps] bmm1=9.150 ms split=0.192 ms act_mul=0.407 ms bmm2=4.570 ms
DEBUG 04-24 11:19:33.632899.632899 cuda_h.py:27] end fused_group_bmm cost 14.563 ms
DEBUG 04-24 11:19:33.632435.632435 cuda_h.py:27] end gather_outputs_group_fused_mp cost 0.539 ms
DEBUG 04-24 11:19:33.633610.633610 cuda_h.py:27] end cpu_experts_worker_bmm_or_einsum_2 cost 20.491 ms
DEBUG 04-24 11:19:33.635679.635679 cuda_h.py:27] end prepare_per_device_parameters cost 14.449 ms
DEBUG 04-24 11:19:33.638655.638655 cuda_h.py:27] end wait_experts_multi_device cost 2.517 ms
DEBUG 04-24 11:19:33.638558.638558 cuda_h.py:27] end *before fused experts* cost 26.094 ms
DEBUG 04-24 11:19:33.642874.642874 cuda_h.py:27] end gpu_experts_multi_device_fused cost 4.267 ms
DEBUG 04-24 11:19:33.642592.642592 cuda_h.py:27] end *gpu experts* cost 30.474 ms
DEBUG 04-24 11:19:33.644451.644451 cuda_h.py:27] end cpu_experts_scatter_reduce cost 0.543 ms
DEBUG 04-24 11:19:33.644440.644440 cuda_h.py:27] end cpu_thread_manager_mp_wait_fused cost 1.735 ms
DEBUG 04-24 11:19:33.644820.644820 cuda_h.py:27] end layer_moe_generate_mp_multi_device_fused_l_28 cost 34.819 ms
DEBUG 04-24 11:19:33.645084.645084 cuda_h.py:27] end *mlp cost 35.784 ms
DEBUG 04-24 11:19:33.645081.645081 cuda_h.py:27] end prefill_layer cost 38.609 ms
DEBUG 04-24 11:19:33.645976.645976 lmp.py:341] -------------------------------- end prefill layer 27 --------------------------------
DEBUG 04-24 11:19:33.645048.645048 lmp.py:294] -------------------------------- start prefill layer 28 --------------------------------
DEBUG 04-24 11:19:33.645773.645773 cuda_h.py:27] end start_load_qkvogn_s_weight_l_29 cost 0.042 ms
DEBUG 04-24 11:19:33.646600.646600 cuda_h.py:27] end allocate_cuda_memory cost 0.241 ms
DEBUG 04-24 11:19:33.646134.646134 sllm_store_c.py:27] get device uuid map
DEBUG 04-24 11:19:33.646808.646808 sllm_store_c.py:29] call client load into gpu
DEBUG 04-24 11:19:33.647711.647711 cuda_h.py:27] end **self_attn cost 1.341 ms
DEBUG 04-24 11:19:33.647397.647397 cuda_h.py:27] end load_into_gpu_async cost 1.702 ms
DEBUG 04-24 11:19:33.648843.648843 cuda_h.py:27] end restore_tensors2 cost 0.088 ms
DEBUG 04-24 11:19:33.648222.648222 cuda_h.py:27] end *iln_self_attn_paln cost 2.589 ms
DEBUG 04-24 11:19:33.648078.648078 cuda_h.py:27] end allocate_cuda_memory_and_load_into_gpu cost 2.496 ms
DEBUG 04-24 11:19:33.649381.649381 cuda_h.py:27] end gate cost 0.609 ms
DEBUG 04-24 11:19:33.649400.649400 cuda_h.py:27] end experts_map_get cost 0.279 ms
DEBUG 04-24 11:19:33.649229.649229 cuda_h.py:27] end *before experts start* cost 1.034 ms
DEBUG 04-24 11:19:33.649019.649019 cuda_h.py:27] end cpu_experts_submit_fused_mp cost 0.203 ms
DEBUG 04-24 11:19:33.650590.650590 cuda_h.py:27] end *single cpu experts* cost 1.253 ms
DEBUG 04-24 11:19:33.651133.651133 cuda_h.py:27] end prepare_group_stack cost 0.439 ms
DEBUG 04-24 11:19:33.651752.651752 cuda_h.py:27] end prepare_group_stack cost 0.514 ms
DEBUG 04-24 11:19:33.651737.651737 cuda_h.py:27] end prepare_group_stack cost 0.499 ms
DEBUG 04-24 11:19:33.651874.651874 cuda_h.py:27] end prepare_group_stack cost 0.420 ms
DEBUG 04-24 11:19:33.652555.652555 cuda_h.py:27] end group stack cost 0.980 ms
DEBUG 04-24 11:19:33.652427.652427 cuda_h.py:27] end move_flatidxs_group_fused_mp cost 1.913 ms
DEBUG 04-24 11:19:33.652613.652613 sllm_store_c.py:27] get device uuid map
DEBUG 04-24 11:19:33.652442.652442 cuda_h.py:27] end group stack cost 0.871 ms
DEBUG 04-24 11:19:33.652502.652502 cuda_h.py:27] end group stack cost 1.386 ms
DEBUG 04-24 11:19:33.652349.652349 sllm_store_c.py:29] call client load into gpu
DEBUG 04-24 11:19:33.652442.652442 cuda_h.py:27] end get_fused_experts_names_w cost 0.021 ms
DEBUG 04-24 11:19:33.652198.652198 cuda_h.py:27] end move_flatidxs_group_fused_mp cost 1.801 ms
DEBUG 04-24 11:19:33.652954.652954 cuda_h.py:27] end move_flatidxs_group_fused_mp cost 2.223 ms
DEBUG 04-24 11:19:33.652664.652664 cuda_h.py:27] end group stack cost 1.419 ms
DEBUG 04-24 11:19:33.653607.653607 cuda_h.py:27] end get_fused_experts_names_w cost 0.023 ms
DEBUG 04-24 11:19:33.653350.653350 cuda_h.py:27] end get_fused_experts_names_w cost 0.028 ms
DEBUG 04-24 11:19:33.653595.653595 cuda_h.py:27] end move_flatidxs_group_fused_mp cost 2.201 ms
DEBUG 04-24 11:19:33.653182.653182 cuda_h.py:27] end get_fused_experts_names_w cost 0.023 ms
DEBUG 04-24 11:19:33.653524.653524 cuda_h.py:27] end restore_fused_tensors cost 0.711 ms
DEBUG 04-24 11:19:33.653527.653527 cuda_h.py:27] end group_fused_tensors_mp cost 0.965 ms
DEBUG 04-24 11:19:33.653106.653106 cuda_h.py:27] end restore_fused_tensors cost 0.770 ms
DEBUG 04-24 11:19:33.653791.653791 cuda_h.py:27] end restore_fused_tensors cost 0.713 ms
DEBUG 04-24 11:19:33.653485.653485 cuda_h.py:27] end restore_fused_tensors cost 0.787 ms
DEBUG 04-24 11:19:33.654694.654694 cuda_h.py:27] end group_fused_tensors_mp cost 1.039 ms
DEBUG 04-24 11:19:33.654847.654847 cuda_h.py:27] end group_fused_tensors_mp cost 0.904 ms
DEBUG 04-24 11:19:33.654483.654483 cuda_h.py:27] end group_fused_tensors_mp cost 1.044 ms
DEBUG 04-24 11:19:33.662580.662580 cuda_h.py:27] end restore2model cost 1.128 ms
DEBUG 04-24 11:19:33.663366.663366 cuda_h.py:27] end sllm_worker_task cost 17.407 ms
DEBUG 04-24 11:19:33.663134.663134 cuda_h.py:27] end load_into_gpu_async_fused_experts_dual cost 10.803 ms
DEBUG 04-24 11:19:33.663054.663054 cuda_h.py:27] end restore_tensors2_fused_experts_packed cost 0.134 ms
DEBUG 04-24 11:19:33.663232.663232 mlpmodule.py:3373] [fused_group_bmm][steps] bmm1=6.378 ms split=0.158 ms act_mul=0.477 ms bmm2=2.743 ms
DEBUG 04-24 11:19:33.664303.664303 cuda_h.py:27] end fused_group_bmm cost 9.940 ms
DEBUG 04-24 11:19:33.664692.664692 cuda_h.py:27] end restore_tensors2_fused_experts_slices cost 0.408 ms
DEBUG 04-24 11:19:33.664788.664788 cuda_h.py:27] end allocate_experts_cuda_memory_and_restore_model_multi_device_fused cost 13.571 ms
DEBUG 04-24 11:19:33.664030.664030 cuda_h.py:27] end gpu_sexperts cost 0.008 ms
DEBUG 04-24 11:19:33.664774.664774 cuda_h.py:27] end wait_load_qkvogn_s_weight cost 0.018 ms
DEBUG 04-24 11:19:33.664437.664437 cuda_h.py:27] end gather_outputs_group_fused_mp cost 0.448 ms
DEBUG 04-24 11:19:33.665671.665671 cuda_h.py:27] end cpu_experts_worker_bmm_or_einsum_0 cost 14.439 ms
DEBUG 04-24 11:19:33.666085.666085 mlpmodule.py:3373] [fused_group_bmm][steps] bmm1=7.998 ms split=0.125 ms act_mul=0.361 ms bmm2=3.645 ms
DEBUG 04-24 11:19:33.666915.666915 cuda_h.py:27] end fused_group_bmm cost 12.441 ms
DEBUG 04-24 11:19:33.667074.667074 cuda_h.py:27] end gather_outputs_group_fused_mp cost 0.561 ms
DEBUG 04-24 11:19:33.667354.667354 mlpmodule.py:3373] [fused_group_bmm][steps] bmm1=8.980 ms split=0.114 ms act_mul=0.366 ms bmm2=3.795 ms
DEBUG 04-24 11:19:33.667608.667608 cuda_h.py:27] end fused_group_bmm cost 13.568 ms
DEBUG 04-24 11:19:33.667116.667116 mlpmodule.py:3373] [fused_group_bmm][steps] bmm1=9.220 ms split=0.135 ms act_mul=0.509 ms bmm2=4.017 ms
DEBUG 04-24 11:19:33.668496.668496 cuda_h.py:27] end cpu_experts_worker_bmm_or_einsum_3 cost 17.556 ms
DEBUG 04-24 11:19:33.668867.668867 cuda_h.py:27] end fused_group_bmm cost 14.189 ms
DEBUG 04-24 11:19:33.668613.668613 cuda_h.py:27] end gather_outputs_group_fused_mp cost 0.553 ms
DEBUG 04-24 11:19:33.668260.668260 cuda_h.py:27] end gather_outputs_group_fused_mp cost 0.465 ms
DEBUG 04-24 11:19:33.669888.669888 cuda_h.py:27] end cpu_experts_worker_bmm_or_einsum_2 cost 18.426 ms
DEBUG 04-24 11:19:33.669725.669725 cuda_h.py:27] end cpu_experts_worker_bmm_or_einsum_1 cost 18.969 ms
DEBUG 04-24 11:19:33.676310.676310 cuda_h.py:27] end prepare_per_device_parameters cost 11.922 ms
DEBUG 04-24 11:19:33.681774.681774 cuda_h.py:27] end wait_experts_multi_device cost 5.068 ms
DEBUG 04-24 11:19:33.681233.681233 cuda_h.py:27] end *before fused experts* cost 31.004 ms
DEBUG 04-24 11:19:33.685071.685071 cuda_h.py:27] end gpu_experts_multi_device_fused cost 4.006 ms
DEBUG 04-24 11:19:33.685921.685921 cuda_h.py:27] end *gpu experts* cost 35.128 ms
DEBUG 04-24 11:19:33.687914.687914 cuda_h.py:27] end cpu_experts_scatter_reduce cost 0.561 ms
DEBUG 04-24 11:19:33.687380.687380 cuda_h.py:27] end cpu_thread_manager_mp_wait_fused cost 1.816 ms
DEBUG 04-24 11:19:33.687521.687521 cuda_h.py:27] end layer_moe_generate_mp_multi_device_fused_l_29 cost 39.416 ms
DEBUG 04-24 11:19:33.688743.688743 cuda_h.py:27] end *mlp cost 40.104 ms
DEBUG 04-24 11:19:33.688395.688395 cuda_h.py:27] end prefill_layer cost 42.986 ms
DEBUG 04-24 11:19:33.688290.688290 lmp.py:341] -------------------------------- end prefill layer 28 --------------------------------
DEBUG 04-24 11:19:33.688686.688686 lmp.py:294] -------------------------------- start prefill layer 29 --------------------------------
DEBUG 04-24 11:19:33.690141.690141 cuda_h.py:27] end **self_attn cost 1.482 ms
DEBUG 04-24 11:19:33.690130.690130 cuda_h.py:27] end *iln_self_attn_paln cost 1.950 ms
DEBUG 04-24 11:19:33.691624.691624 cuda_h.py:27] end gate cost 0.507 ms
DEBUG 04-24 11:19:33.695035.695035 cuda_h.py:27] end experts_map_get cost 3.693 ms
DEBUG 04-24 11:19:33.695329.695329 cuda_h.py:27] end *before experts start* cost 4.372 ms
DEBUG 04-24 11:19:33.695366.695366 cuda_h.py:27] end cpu_experts_submit_fused_mp cost 0.279 ms
DEBUG 04-24 11:19:33.696897.696897 cuda_h.py:27] end *single cpu experts* cost 1.511 ms
DEBUG 04-24 11:19:33.697977.697977 cuda_h.py:27] end prepare_group_stack cost 0.405 ms
DEBUG 04-24 11:19:33.697014.697014 cuda_h.py:27] end prepare_group_stack cost 0.617 ms
DEBUG 04-24 11:19:33.697637.697637 cuda_h.py:27] end prepare_group_stack cost 0.549 ms
DEBUG 04-24 11:19:33.698889.698889 sllm_store_c.py:27] get device uuid map
DEBUG 04-24 11:19:33.698840.698840 sllm_store_c.py:29] call client load into gpu
DEBUG 04-24 11:19:33.698433.698433 cuda_h.py:27] end prepare_group_stack cost 0.607 ms
DEBUG 04-24 11:19:33.698828.698828 cuda_h.py:27] end group stack cost 1.173 ms
DEBUG 04-24 11:19:33.698243.698243 cuda_h.py:27] end move_flatidxs_group_fused_mp cost 1.851 ms
DEBUG 04-24 11:19:33.698093.698093 cuda_h.py:27] end get_fused_experts_names_w cost 0.025 ms
DEBUG 04-24 11:19:33.699816.699816 cuda_h.py:27] end group stack cost 1.462 ms
DEBUG 04-24 11:19:33.699486.699486 cuda_h.py:27] end move_flatidxs_group_fused_mp cost 2.679 ms
DEBUG 04-24 11:19:33.699871.699871 cuda_h.py:27] end get_fused_experts_names_w cost 0.035 ms
DEBUG 04-24 11:19:33.699195.699195 cuda_h.py:27] end restore_fused_tensors cost 0.707 ms
DEBUG 04-24 11:19:33.699933.699933 cuda_h.py:27] end group_fused_tensors_mp cost 1.001 ms
DEBUG 04-24 11:19:33.700208.700208 cuda_h.py:27] end group stack cost 2.221 ms
DEBUG 04-24 11:19:33.700927.700927 cuda_h.py:27] end load_into_gpu_async_fused_experts_dual cost 2.314 ms
DEBUG 04-24 11:19:33.700550.700550 cuda_h.py:27] end move_flatidxs_group_fused_mp cost 3.315 ms
DEBUG 04-24 11:19:33.700886.700886 cuda_h.py:27] end restore_tensors2_fused_experts_packed cost 0.063 ms
DEBUG 04-24 11:19:33.700324.700324 cuda_h.py:27] end get_fused_experts_names_w cost 0.042 ms
DEBUG 04-24 11:19:33.700575.700575 cuda_h.py:27] end group stack cost 2.111 ms
DEBUG 04-24 11:19:33.700251.700251 cuda_h.py:27] end move_flatidxs_group_fused_mp cost 3.311 ms
DEBUG 04-24 11:19:33.700024.700024 cuda_h.py:27] end restore_tensors2_fused_experts_slices cost 0.267 ms
DEBUG 04-24 11:19:33.700449.700449 cuda_h.py:27] end get_fused_experts_names_w cost 0.039 ms
DEBUG 04-24 11:19:33.700385.700385 cuda_h.py:27] end restore_fused_tensors cost 1.094 ms
DEBUG 04-24 11:19:33.701872.701872 cuda_h.py:27] end allocate_experts_cuda_memory_and_restore_model_multi_device_fused cost 4.130 ms
DEBUG 04-24 11:19:33.701642.701642 cuda_h.py:27] end gpu_sexperts cost 0.005 ms
DEBUG 04-24 11:19:33.701059.701059 cuda_h.py:27] end group_fused_tensors_mp cost 1.478 ms
DEBUG 04-24 11:19:33.701510.701510 cuda_h.py:27] end restore_fused_tensors cost 1.080 ms
DEBUG 04-24 11:19:33.701375.701375 cuda_h.py:27] end group_fused_tensors_mp cost 1.386 ms
DEBUG 04-24 11:19:33.702428.702428 cuda_h.py:27] end restore_fused_tensors cost 1.162 ms
DEBUG 04-24 11:19:33.702440.702440 cuda_h.py:27] end group_fused_tensors_mp cost 1.547 ms
DEBUG 04-24 11:19:33.710830.710830 mlpmodule.py:3373] [fused_group_bmm][steps] bmm1=5.180 ms split=0.201 ms act_mul=0.458 ms bmm2=4.651 ms
DEBUG 04-24 11:19:33.711297.711297 cuda_h.py:27] end fused_group_bmm cost 10.843 ms
DEBUG 04-24 11:19:33.711514.711514 cuda_h.py:27] end gather_outputs_group_fused_mp cost 0.469 ms
DEBUG 04-24 11:19:33.712111.712111 cuda_h.py:27] end cpu_experts_worker_bmm_or_einsum_0 cost 15.422 ms
DEBUG 04-24 11:19:33.713891.713891 cuda_h.py:27] end prepare_per_device_parameters cost 12.354 ms
DEBUG 04-24 11:19:33.714302.714302 mlpmodule.py:3373] [fused_group_bmm][steps] bmm1=8.760 ms split=0.228 ms act_mul=0.366 ms bmm2=4.071 ms
DEBUG 04-24 11:19:33.715642.715642 cuda_h.py:27] end fused_group_bmm cost 13.719 ms
DEBUG 04-24 11:19:33.715735.715735 cuda_h.py:27] end gather_outputs_group_fused_mp cost 0.547 ms
DEBUG 04-24 11:19:33.716364.716364 cuda_h.py:27] end cpu_experts_worker_bmm_or_einsum_1 cost 20.033 ms
DEBUG 04-24 11:19:33.717262.717262 mlpmodule.py:3373] [fused_group_bmm][steps] bmm1=9.657 ms split=0.128 ms act_mul=0.339 ms bmm2=4.773 ms
DEBUG 04-24 11:19:33.717548.717548 cuda_h.py:27] end fused_group_bmm cost 15.179 ms
DEBUG 04-24 11:19:33.718201.718201 cuda_h.py:27] end gather_outputs_group_fused_mp cost 0.557 ms
DEBUG 04-24 11:19:33.718754.718754 cuda_h.py:27] end cpu_experts_worker_bmm_or_einsum_3 cost 21.908 ms
DEBUG 04-24 11:19:33.718293.718293 mlpmodule.py:3373] [fused_group_bmm][steps] bmm1=10.942 ms split=0.184 ms act_mul=0.387 ms bmm2=4.597 ms
DEBUG 04-24 11:19:33.719434.719434 cuda_h.py:27] end fused_group_bmm cost 16.385 ms
DEBUG 04-24 11:19:33.719130.719130 cuda_h.py:27] end gather_outputs_group_fused_mp cost 0.626 ms
DEBUG 04-24 11:19:33.720101.720101 cuda_h.py:27] end cpu_experts_worker_bmm_or_einsum_2 cost 23.186 ms
DEBUG 04-24 11:19:33.724882.724882 cuda_h.py:27] end wait_experts_multi_device cost 10.750 ms
DEBUG 04-24 11:19:33.724037.724037 cuda_h.py:27] end *before fused experts* cost 27.857 ms
DEBUG 04-24 11:19:33.729027.729027 cuda_h.py:27] end gpu_experts_multi_device_fused cost 4.399 ms
DEBUG 04-24 11:19:33.729712.729712 cuda_h.py:27] end *gpu experts* cost 32.392 ms
DEBUG 04-24 11:19:33.731818.731818 cuda_h.py:27] end cpu_experts_scatter_reduce cost 0.565 ms
DEBUG 04-24 11:19:33.731489.731489 cuda_h.py:27] end cpu_thread_manager_mp_wait_fused cost 1.801 ms
DEBUG 04-24 11:19:33.731995.731995 cuda_h.py:27] end layer_moe_generate_mp_multi_device_fused_l_30 cost 40.292 ms
DEBUG 04-24 11:19:33.732306.732306 cuda_h.py:27] end *mlp cost 41.257 ms
DEBUG 04-24 11:19:33.732932.732932 cuda_h.py:27] end prefill_layer cost 43.544 ms
DEBUG 04-24 11:19:33.732688.732688 lmp.py:341] -------------------------------- end prefill layer 29 --------------------------------
DEBUG 04-24 11:19:33.732531.732531 cuda_h.py:27] end prefill cost 2156.325 ms
INFO 04-24 11:19:33.732010.732010 lmp.py:343] prefill time: 2.1563491821289062 seconds
generate input ids cost 0.050504207611083984 s
DEBUG 04-24 11:19:39.428900.428900 cuda_h.py:27] end generate_input_ids cost 3048.368 ms
DEBUG 04-24 11:19:39.428722.428722 cuda_h.py:27] end init_cache cost 0.049 ms
DEBUG 04-24 11:19:39.428098.428098 cuda_h.py:27] end allocate_cuda_memory cost 0.480 ms
DEBUG 04-24 11:19:39.429433.429433 sllm_store_c.py:27] get device uuid map
DEBUG 04-24 11:19:39.429468.429468 sllm_store_c.py:29] call client load into gpu
DEBUG 04-24 11:19:39.432796.432796 cuda_h.py:27] end load_into_gpu_async cost 2.933 ms
DEBUG 04-24 11:19:39.432820.432820 cuda_h.py:27] end restore_tensors2 cost 0.055 ms
DEBUG 04-24 11:19:39.432914.432914 cuda_h.py:27] end allocate_cuda_memory_and_load_into_gpu cost 3.702 ms
DEBUG 04-24 11:19:39.432843.432843 cuda_h.py:27] end restore2model cost 0.234 ms
DEBUG 04-24 11:19:39.654542.654542 cuda_h.py:27] end allocate_cuda_memory cost 73.289 ms
DEBUG 04-24 11:19:39.654460.654460 sllm_store_c.py:27] get device uuid map
DEBUG 04-24 11:19:39.654674.654674 sllm_store_c.py:29] call client load into gpu
DEBUG 04-24 11:19:39.656818.656818 cuda_h.py:27] end load_into_gpu_async cost 1.980 ms
DEBUG 04-24 11:19:39.656922.656922 cuda_h.py:27] end restore_tensors2 cost 0.079 ms
DEBUG 04-24 11:19:39.656692.656692 cuda_h.py:27] end allocate_cuda_memory_and_load_into_gpu cost 75.802 ms
DEBUG 04-24 11:19:39.805410.805410 cuda_h.py:27] end restore2model cost 1.814 ms
DEBUG 04-24 11:19:39.806866.806866 cuda_h.py:27] end load_qkvogns_weight_l_0 cost 225.585 ms
DEBUG 04-24 11:19:39.806108.806108 cuda_h.py:27] end init_general_weights cost 377.799 ms
DEBUG 04-24 11:19:39.807202.807202 cuda_h.py:27] end init_inputs_tokens cost 0.852 ms
DEBUG 04-24 11:19:39.807863.807863 lmp.py:294] -------------------------------- start prefill layer 0 --------------------------------
DEBUG 04-24 11:19:39.808790.808790 cuda_h.py:27] end start_load_qkvogn_s_weight_l_1 cost 0.084 ms
DEBUG 04-24 11:19:39.808863.808863 cuda_h.py:27] end allocate_cuda_memory cost 0.512 ms
DEBUG 04-24 11:19:39.809352.809352 sllm_store_c.py:27] get device uuid map
DEBUG 04-24 11:19:39.809477.809477 sllm_store_c.py:29] call client load into gpu
DEBUG 04-24 11:19:39.812555.812555 cuda_h.py:27] end load_into_gpu_async cost 3.094 ms
DEBUG 04-24 11:19:39.812278.812278 cuda_h.py:27] end restore_tensors2 cost 0.209 ms
DEBUG 04-24 11:19:39.813877.813877 cuda_h.py:27] end allocate_cuda_memory_and_load_into_gpu cost 4.997 ms
DEBUG 04-24 11:19:39.815477.815477 cuda_h.py:27] end **self_attn cost 4.989 ms
DEBUG 04-24 11:19:39.816192.816192 cuda_h.py:27] end *iln_self_attn_paln cost 8.535 ms
DEBUG 04-24 11:19:39.818055.818055 cuda_h.py:27] end gate cost 1.517 ms
DEBUG 04-24 11:19:39.819445.819445 cuda_h.py:27] end experts_map_get cost 0.744 ms
DEBUG 04-24 11:19:39.819833.819833 cuda_h.py:27] end *before experts start* cost 2.601 ms
DEBUG 04-24 11:19:39.819481.819481 cuda_h.py:27] end cpu_experts_submit_fused_mp cost 0.514 ms
DEBUG 04-24 11:19:39.822293.822293 cuda_h.py:27] end prepare_group_stack cost 0.696 ms
DEBUG 04-24 11:19:39.823129.823129 cuda_h.py:27] end prepare_group_stack cost 0.716 ms
DEBUG 04-24 11:19:39.824756.824756 cuda_h.py:27] end prepare_group_stack cost 0.840 ms
DEBUG 04-24 11:19:39.824064.824064 cuda_h.py:27] end restore2model cost 2.137 ms
DEBUG 04-24 11:19:39.824905.824905 cuda_h.py:27] end prepare_group_stack cost 1.092 ms
DEBUG 04-24 11:19:39.824475.824475 cuda_h.py:27] end *single cpu experts* cost 5.444 ms
DEBUG 04-24 11:19:39.825135.825135 cuda_h.py:27] end group stack cost 2.067 ms
DEBUG 04-24 11:19:39.826686.826686 cuda_h.py:27] end move_flatidxs_group_fused_mp cost 3.351 ms
DEBUG 04-24 11:19:39.826398.826398 cuda_h.py:27] end get_fused_experts_names_w cost 0.036 ms
DEBUG 04-24 11:19:39.824453.824453 cuda_h.py:27] end sllm_worker_task cost 16.652 ms
DEBUG 04-24 11:19:39.826988.826988 cuda_h.py:27] end restore_fused_tensors cost 0.127 ms
DEBUG 04-24 11:19:39.826946.826946 cuda_h.py:27] end group_fused_tensors_mp cost 0.378 ms
DEBUG 04-24 11:19:39.826196.826196 sllm_store_c.py:27] get device uuid map
DEBUG 04-24 11:19:39.826572.826572 sllm_store_c.py:29] call client load into gpu
DEBUG 04-24 11:19:39.827439.827439 cuda_h.py:27] end group stack cost 2.950 ms
DEBUG 04-24 11:19:39.827971.827971 cuda_h.py:27] end move_flatidxs_group_fused_mp cost 4.349 ms
DEBUG 04-24 11:19:39.827856.827856 cuda_h.py:27] end group stack cost 2.490 ms
DEBUG 04-24 11:19:39.827616.827616 cuda_h.py:27] end get_fused_experts_names_w cost 0.043 ms
DEBUG 04-24 11:19:39.827112.827112 cuda_h.py:27] end group stack cost 4.688 ms
DEBUG 04-24 11:19:39.828933.828933 cuda_h.py:27] end move_flatidxs_group_fused_mp cost 4.539 ms
DEBUG 04-24 11:19:39.828996.828996 cuda_h.py:27] end restore_fused_tensors cost 0.152 ms
DEBUG 04-24 11:19:39.828579.828579 cuda_h.py:27] end move_flatidxs_group_fused_mp cost 6.320 ms
DEBUG 04-24 11:19:39.828974.828974 cuda_h.py:27] end get_fused_experts_names_w cost 0.035 ms
DEBUG 04-24 11:19:39.828113.828113 cuda_h.py:27] end group_fused_tensors_mp cost 0.664 ms
DEBUG 04-24 11:19:39.828633.828633 cuda_h.py:27] end get_fused_experts_names_w cost 0.086 ms
DEBUG 04-24 11:19:39.828271.828271 cuda_h.py:27] end restore_fused_tensors cost 0.115 ms
DEBUG 04-24 11:19:39.828003.828003 cuda_h.py:27] end restore_fused_tensors cost 0.159 ms
DEBUG 04-24 11:19:39.828925.828925 cuda_h.py:27] end group_fused_tensors_mp cost 0.568 ms
DEBUG 04-24 11:19:39.828113.828113 cuda_h.py:27] end group_fused_tensors_mp cost 0.590 ms
DEBUG 04-24 11:19:39.834374.834374 cuda_h.py:27] end load_into_gpu_async_fused_experts_dual cost 8.225 ms
DEBUG 04-24 11:19:39.835344.835344 cuda_h.py:27] end restore_tensors2_fused_experts_packed cost 0.224 ms
DEBUG 04-24 11:19:39.836858.836858 cuda_h.py:27] end restore_tensors2_fused_experts_slices cost 0.618 ms
DEBUG 04-24 11:19:39.836970.836970 cuda_h.py:27] end allocate_experts_cuda_memory_and_restore_model_multi_device_fused cost 11.405 ms
DEBUG 04-24 11:19:39.836123.836123 cuda_h.py:27] end gpu_sexperts cost 0.036 ms
DEBUG 04-24 11:19:39.837745.837745 cuda_h.py:27] end wait_load_qkvogn_s_weight cost 0.169 ms
DEBUG 04-24 11:19:39.839867.839867 mlpmodule.py:3373] [fused_group_bmm][steps] bmm1=7.816 ms split=0.152 ms act_mul=0.469 ms bmm2=3.774 ms
DEBUG 04-24 11:19:39.839172.839172 cuda_h.py:27] end fused_group_bmm cost 12.483 ms
DEBUG 04-24 11:19:39.839699.839699 mlpmodule.py:3373] [fused_group_bmm][steps] bmm1=6.116 ms split=0.144 ms act_mul=0.538 ms bmm2=3.250 ms
DEBUG 04-24 11:19:39.839485.839485 cuda_h.py:27] end fused_group_bmm cost 10.423 ms
DEBUG 04-24 11:19:39.840172.840172 cuda_h.py:27] end gather_outputs_group_fused_mp cost 0.546 ms
DEBUG 04-24 11:19:39.840568.840568 cuda_h.py:27] end cpu_experts_worker_bmm_or_einsum_1 cost 18.633 ms
DEBUG 04-24 11:19:39.840745.840745 mlpmodule.py:3373] [fused_group_bmm][steps] bmm1=7.477 ms split=0.120 ms act_mul=0.529 ms bmm2=3.944 ms
DEBUG 04-24 11:19:39.841391.841391 cuda_h.py:27] end fused_group_bmm cost 12.406 ms
DEBUG 04-24 11:19:39.841666.841666 cuda_h.py:27] end gather_outputs_group_fused_mp cost 1.567 ms
DEBUG 04-24 11:19:39.842023.842023 cuda_h.py:27] end gather_outputs_group_fused_mp cost 0.666 ms
DEBUG 04-24 11:19:39.842530.842530 cuda_h.py:27] end cpu_experts_worker_bmm_or_einsum_0 cost 20.744 ms
DEBUG 04-24 11:19:39.842057.842057 cuda_h.py:27] end cpu_experts_worker_bmm_or_einsum_2 cost 20.054 ms
DEBUG 04-24 11:19:39.842785.842785 mlpmodule.py:3373] [fused_group_bmm][steps] bmm1=8.450 ms split=0.292 ms act_mul=1.060 ms bmm2=3.953 ms
DEBUG 04-24 11:19:39.843562.843562 cuda_h.py:27] end fused_group_bmm cost 14.053 ms
DEBUG 04-24 11:19:39.848807.848807 cuda_h.py:27] end gather_outputs_group_fused_mp cost 0.587 ms
DEBUG 04-24 11:19:39.848796.848796 cuda_h.py:27] end cpu_experts_worker_bmm_or_einsum_3 cost 25.808 ms
DEBUG 04-24 11:19:39.854064.854064 cuda_h.py:27] end prepare_per_device_parameters cost 16.876 ms
DEBUG 04-24 11:19:39.856716.856716 cuda_h.py:27] end wait_experts_multi_device cost 1.380 ms
DEBUG 04-24 11:19:39.856798.856798 cuda_h.py:27] end *before fused experts* cost 31.218 ms
DEBUG 04-24 11:19:39.863975.863975 cuda_h.py:27] end gpu_experts_multi_device_fused cost 7.429 ms
DEBUG 04-24 11:19:39.863123.863123 cuda_h.py:27] end *gpu experts* cost 38.763 ms
DEBUG 04-24 11:19:39.865560.865560 cuda_h.py:27] end cpu_experts_scatter_reduce cost 0.803 ms
DEBUG 04-24 11:19:39.865310.865310 cuda_h.py:27] end cpu_thread_manager_mp_wait_fused cost 2.001 ms
DEBUG 04-24 11:19:39.865095.865095 cuda_h.py:27] end layer_moe_generate_mp_multi_device_fused_l_1 cost 49.395 ms
DEBUG 04-24 11:19:39.866257.866257 cuda_h.py:27] end *mlp cost 50.079 ms
DEBUG 04-24 11:19:39.866988.866988 cuda_h.py:27] end prefill_layer cost 58.917 ms
DEBUG 04-24 11:19:39.866982.866982 lmp.py:341] -------------------------------- end prefill layer 0 --------------------------------
DEBUG 04-24 11:19:39.866924.866924 lmp.py:294] -------------------------------- start prefill layer 1 --------------------------------
DEBUG 04-24 11:19:39.866344.866344 cuda_h.py:27] end start_load_qkvogn_s_weight_l_2 cost 0.063 ms
DEBUG 04-24 11:19:39.867710.867710 cuda_h.py:27] end allocate_cuda_memory cost 0.252 ms
DEBUG 04-24 11:19:39.867612.867612 sllm_store_c.py:27] get device uuid map
DEBUG 04-24 11:19:39.867093.867093 sllm_store_c.py:29] call client load into gpu
DEBUG 04-24 11:19:39.869456.869456 cuda_h.py:27] end load_into_gpu_async cost 1.851 ms
DEBUG 04-24 11:19:39.869528.869528 cuda_h.py:27] end restore_tensors2 cost 0.104 ms
DEBUG 04-24 11:19:39.869471.869471 cuda_h.py:27] end allocate_cuda_memory_and_load_into_gpu cost 2.891 ms
DEBUG 04-24 11:19:39.870213.870213 cuda_h.py:27] end **self_attn cost 2.132 ms
DEBUG 04-24 11:19:39.870190.870190 cuda_h.py:27] end *iln_self_attn_paln cost 3.785 ms
DEBUG 04-24 11:19:39.871739.871739 cuda_h.py:27] end gate cost 0.680 ms
DEBUG 04-24 11:19:39.871806.871806 cuda_h.py:27] end experts_map_get cost 0.343 ms
DEBUG 04-24 11:19:39.871689.871689 cuda_h.py:27] end *before experts start* cost 1.181 ms
DEBUG 04-24 11:19:39.872413.872413 cuda_h.py:27] end cpu_experts_submit_fused_mp cost 0.225 ms
DEBUG 04-24 11:19:39.873480.873480 cuda_h.py:27] end *single cpu experts* cost 1.637 ms
DEBUG 04-24 11:19:39.875864.875864 sllm_store_c.py:27] get device uuid map
DEBUG 04-24 11:19:39.875310.875310 sllm_store_c.py:29] call client load into gpu
DEBUG 04-24 11:19:39.875621.875621 cuda_h.py:27] end prepare_group_stack cost 0.496 ms
DEBUG 04-24 11:19:39.875569.875569 cuda_h.py:27] end prepare_group_stack cost 0.510 ms
DEBUG 04-24 11:19:39.876519.876519 cuda_h.py:27] end prepare_group_stack cost 0.560 ms
DEBUG 04-24 11:19:39.876604.876604 cuda_h.py:27] end prepare_group_stack cost 0.600 ms
DEBUG 04-24 11:19:39.877783.877783 cuda_h.py:27] end group stack cost 0.965 ms
DEBUG 04-24 11:19:39.877305.877305 cuda_h.py:27] end move_flatidxs_group_fused_mp cost 1.765 ms
DEBUG 04-24 11:19:39.877434.877434 cuda_h.py:27] end get_fused_experts_names_w cost 0.023 ms
DEBUG 04-24 11:19:39.877545.877545 cuda_h.py:27] end group stack cost 1.163 ms
DEBUG 04-24 11:19:39.877443.877443 cuda_h.py:27] end move_flatidxs_group_fused_mp cost 2.129 ms
DEBUG 04-24 11:19:39.877327.877327 cuda_h.py:27] end get_fused_experts_names_w cost 0.027 ms
DEBUG 04-24 11:19:39.877019.877019 cuda_h.py:27] end restore2model cost 0.886 ms
DEBUG 04-24 11:19:39.877163.877163 cuda_h.py:27] end sllm_worker_task cost 10.883 ms
DEBUG 04-24 11:19:39.877342.877342 cuda_h.py:27] end group stack cost 1.708 ms
DEBUG 04-24 11:19:39.878658.878658 cuda_h.py:27] end load_into_gpu_async_fused_experts_dual cost 2.544 ms
DEBUG 04-24 11:19:39.878518.878518 cuda_h.py:27] end move_flatidxs_group_fused_mp cost 2.723 ms
DEBUG 04-24 11:19:39.878427.878427 cuda_h.py:27] end restore_tensors2_fused_experts_packed cost 0.073 ms
DEBUG 04-24 11:19:39.878760.878760 cuda_h.py:27] end get_fused_experts_names_w cost 0.028 ms
DEBUG 04-24 11:19:39.878846.878846 cuda_h.py:27] end group stack cost 2.001 ms
DEBUG 04-24 11:19:39.878522.878522 cuda_h.py:27] end restore_fused_tensors cost 0.807 ms
DEBUG 04-24 11:19:39.878472.878472 cuda_h.py:27] end restore_fused_tensors cost 0.613 ms
DEBUG 04-24 11:19:39.878177.878177 cuda_h.py:27] end group_fused_tensors_mp cost 1.079 ms
DEBUG 04-24 11:19:39.878786.878786 cuda_h.py:27] end group_fused_tensors_mp cost 1.444 ms
DEBUG 04-24 11:19:39.878860.878860 cuda_h.py:27] end move_flatidxs_group_fused_mp cost 3.160 ms
DEBUG 04-24 11:19:39.878345.878345 cuda_h.py:27] end restore_tensors2_fused_experts_slices cost 0.330 ms
DEBUG 04-24 11:19:39.879268.879268 cuda_h.py:27] end allocate_experts_cuda_memory_and_restore_model_multi_device_fused cost 5.461 ms
DEBUG 04-24 11:19:39.879684.879684 cuda_h.py:27] end get_fused_experts_names_w cost 0.038 ms
DEBUG 04-24 11:19:39.879148.879148 cuda_h.py:27] end gpu_sexperts cost 0.006 ms
DEBUG 04-24 11:19:39.879246.879246 cuda_h.py:27] end restore_fused_tensors cost 0.724 ms
DEBUG 04-24 11:19:39.879891.879891 cuda_h.py:27] end wait_load_qkvogn_s_weight cost 0.019 ms
DEBUG 04-24 11:19:39.879507.879507 cuda_h.py:27] end group_fused_tensors_mp cost 1.180 ms
DEBUG 04-24 11:19:39.880229.880229 cuda_h.py:27] end restore_fused_tensors cost 1.399 ms
DEBUG 04-24 11:19:39.880279.880279 cuda_h.py:27] end group_fused_tensors_mp cost 1.998 ms
DEBUG 04-24 11:19:39.893183.893183 mlpmodule.py:3373] [fused_group_bmm][steps] bmm1=7.568 ms split=0.171 ms act_mul=0.459 ms bmm2=4.418 ms
DEBUG 04-24 11:19:39.894807.894807 cuda_h.py:27] end fused_group_bmm cost 13.167 ms
DEBUG 04-24 11:19:39.895108.895108 cuda_h.py:27] end gather_outputs_group_fused_mp cost 0.627 ms
DEBUG 04-24 11:19:39.895677.895677 mlpmodule.py:3373] [fused_group_bmm][steps] bmm1=10.381 ms split=0.149 ms act_mul=0.335 ms bmm2=5.457 ms
DEBUG 04-24 11:19:39.895387.895387 cuda_h.py:27] end fused_group_bmm cost 16.610 ms
DEBUG 04-24 11:19:39.895472.895472 cuda_h.py:27] end cpu_experts_worker_bmm_or_einsum_0 cost 21.380 ms
DEBUG 04-24 11:19:39.896400.896400 cuda_h.py:27] end gather_outputs_group_fused_mp cost 0.515 ms
DEBUG 04-24 11:19:39.896862.896862 cuda_h.py:27] end cpu_experts_worker_bmm_or_einsum_1 cost 22.449 ms
DEBUG 04-24 11:19:39.899453.899453 mlpmodule.py:3373] [fused_group_bmm][steps] bmm1=14.249 ms split=0.492 ms act_mul=0.595 ms bmm2=4.920 ms
DEBUG 04-24 11:19:39.899332.899332 cuda_h.py:27] end fused_group_bmm cost 20.733 ms
DEBUG 04-24 11:19:39.900767.900767 cuda_h.py:27] end gather_outputs_group_fused_mp cost 0.641 ms
DEBUG 04-24 11:19:39.900026.900026 mlpmodule.py:3373] [fused_group_bmm][steps] bmm1=15.455 ms split=0.133 ms act_mul=0.414 ms bmm2=4.717 ms
DEBUG 04-24 11:19:39.900029.900029 cuda_h.py:27] end prepare_per_device_parameters cost 21.063 ms
DEBUG 04-24 11:19:39.900316.900316 cuda_h.py:27] end fused_group_bmm cost 21.103 ms
DEBUG 04-24 11:19:39.901481.901481 cuda_h.py:27] end cpu_experts_worker_bmm_or_einsum_3 cost 27.073 ms
DEBUG 04-24 11:19:39.901957.901957 cuda_h.py:27] end gather_outputs_group_fused_mp cost 0.559 ms
DEBUG 04-24 11:19:39.902410.902410 cuda_h.py:27] end cpu_experts_worker_bmm_or_einsum_2 cost 27.938 ms
DEBUG 04-24 11:19:39.905627.905627 cuda_h.py:27] end wait_experts_multi_device cost 4.148 ms
DEBUG 04-24 11:19:39.905928.905928 cuda_h.py:27] end *before fused experts* cost 31.515 ms
DEBUG 04-24 11:19:39.912034.912034 cuda_h.py:27] end gpu_experts_multi_device_fused cost 6.880 ms
DEBUG 04-24 11:19:39.912004.912004 cuda_h.py:27] end *gpu experts* cost 38.523 ms
DEBUG 04-24 11:19:39.914172.914172 cuda_h.py:27] end cpu_experts_scatter_reduce cost 0.977 ms
DEBUG 04-24 11:19:39.914876.914876 cuda_h.py:27] end cpu_thread_manager_mp_wait_fused cost 2.077 ms
DEBUG 04-24 11:19:39.914932.914932 cuda_h.py:27] end layer_moe_generate_mp_multi_device_fused_l_2 cost 43.635 ms
DEBUG 04-24 11:19:39.915296.915296 cuda_h.py:27] end *mlp cost 44.639 ms
DEBUG 04-24 11:19:39.915220.915220 cuda_h.py:27] end prefill_layer cost 48.603 ms
DEBUG 04-24 11:19:39.915406.915406 lmp.py:341] -------------------------------- end prefill layer 1 --------------------------------
DEBUG 04-24 11:19:39.915917.915917 lmp.py:294] -------------------------------- start prefill layer 2 --------------------------------
DEBUG 04-24 11:19:39.915099.915099 cuda_h.py:27] end start_load_qkvogn_s_weight_l_3 cost 0.060 ms
DEBUG 04-24 11:19:39.916746.916746 cuda_h.py:27] end allocate_cuda_memory cost 0.434 ms
DEBUG 04-24 11:19:39.916411.916411 sllm_store_c.py:27] get device uuid map
DEBUG 04-24 11:19:39.916371.916371 sllm_store_c.py:29] call client load into gpu
DEBUG 04-24 11:19:39.918998.918998 cuda_h.py:27] end **self_attn cost 1.792 ms
DEBUG 04-24 11:19:39.918733.918733 cuda_h.py:27] end load_into_gpu_async cost 2.301 ms
DEBUG 04-24 11:19:39.919156.919156 cuda_h.py:27] end restore_tensors2 cost 0.110 ms
DEBUG 04-24 11:19:39.919177.919177 cuda_h.py:27] end allocate_cuda_memory_and_load_into_gpu cost 3.549 ms
DEBUG 04-24 11:19:39.919183.919183 cuda_h.py:27] end *iln_self_attn_paln cost 3.950 ms
DEBUG 04-24 11:19:39.920801.920801 cuda_h.py:27] end gate cost 0.707 ms
DEBUG 04-24 11:19:39.920889.920889 cuda_h.py:27] end experts_map_get cost 0.350 ms
DEBUG 04-24 11:19:39.920169.920169 cuda_h.py:27] end *before experts start* cost 1.226 ms
DEBUG 04-24 11:19:39.921542.921542 cuda_h.py:27] end cpu_experts_submit_fused_mp cost 0.246 ms
DEBUG 04-24 11:19:39.923230.923230 cuda_h.py:27] end *single cpu experts* cost 2.185 ms
DEBUG 04-24 11:19:39.924969.924969 cuda_h.py:27] end prepare_group_stack cost 0.545 ms
DEBUG 04-24 11:19:39.925457.925457 cuda_h.py:27] end group stack cost 0.829 ms
DEBUG 04-24 11:19:39.925792.925792 cuda_h.py:27] end move_flatidxs_group_fused_mp cost 1.590 ms
DEBUG 04-24 11:19:39.925986.925986 cuda_h.py:27] end get_fused_experts_names_w cost 0.021 ms
DEBUG 04-24 11:19:39.925664.925664 cuda_h.py:27] end prepare_group_stack cost 0.495 ms
DEBUG 04-24 11:19:39.925905.925905 cuda_h.py:27] end prepare_group_stack cost 0.540 ms
DEBUG 04-24 11:19:39.925622.925622 sllm_store_c.py:27] get device uuid map
DEBUG 04-24 11:19:39.925946.925946 sllm_store_c.py:29] call client load into gpu
DEBUG 04-24 11:19:39.925342.925342 cuda_h.py:27] end prepare_group_stack cost 0.588 ms
DEBUG 04-24 11:19:39.926406.926406 cuda_h.py:27] end restore_fused_tensors cost 0.550 ms
DEBUG 04-24 11:19:39.926577.926577 cuda_h.py:27] end group_fused_tensors_mp cost 1.056 ms
DEBUG 04-24 11:19:39.926090.926090 cuda_h.py:27] end group stack cost 1.173 ms
DEBUG 04-24 11:19:39.926418.926418 cuda_h.py:27] end move_flatidxs_group_fused_mp cost 2.051 ms
DEBUG 04-24 11:19:39.926566.926566 cuda_h.py:27] end group stack cost 1.328 ms
DEBUG 04-24 11:19:39.927310.927310 cuda_h.py:27] end get_fused_experts_names_w cost 0.039 ms
DEBUG 04-24 11:19:39.927211.927211 cuda_h.py:27] end move_flatidxs_group_fused_mp cost 2.359 ms
DEBUG 04-24 11:19:39.927650.927650 cuda_h.py:27] end get_fused_experts_names_w cost 0.023 ms
DEBUG 04-24 11:19:39.927061.927061 cuda_h.py:27] end restore_fused_tensors cost 0.616 ms
DEBUG 04-24 11:19:39.927096.927096 cuda_h.py:27] end group_fused_tensors_mp cost 0.772 ms
DEBUG 04-24 11:19:39.927890.927890 cuda_h.py:27] end group stack cost 1.573 ms
DEBUG 04-24 11:19:39.928418.928418 cuda_h.py:27] end move_flatidxs_group_fused_mp cost 3.097 ms
DEBUG 04-24 11:19:39.928269.928269 cuda_h.py:27] end restore_fused_tensors cost 0.660 ms
DEBUG 04-24 11:19:39.928876.928876 cuda_h.py:27] end group_fused_tensors_mp cost 1.036 ms
DEBUG 04-24 11:19:39.928129.928129 cuda_h.py:27] end get_fused_experts_names_w cost 0.044 ms
DEBUG 04-24 11:19:39.928022.928022 cuda_h.py:27] end load_into_gpu_async_fused_experts_dual cost 3.353 ms
DEBUG 04-24 11:19:39.930313.930313 cuda_h.py:27] end restore_tensors2_fused_experts_packed cost 0.378 ms
DEBUG 04-24 11:19:39.930684.930684 cuda_h.py:27] end restore_fused_tensors cost 1.494 ms
DEBUG 04-24 11:19:39.930020.930020 cuda_h.py:27] end group_fused_tensors_mp cost 2.114 ms
DEBUG 04-24 11:19:39.930360.930360 cuda_h.py:27] end restore2model cost 3.949 ms
DEBUG 04-24 11:19:39.931909.931909 cuda_h.py:27] end restore_tensors2_fused_experts_slices cost 0.766 ms
DEBUG 04-24 11:19:39.931877.931877 cuda_h.py:27] end sllm_worker_task cost 16.095 ms
DEBUG 04-24 11:19:39.932077.932077 cuda_h.py:27] end allocate_experts_cuda_memory_and_restore_model_multi_device_fused cost 9.364 ms
DEBUG 04-24 11:19:39.933415.933415 cuda_h.py:27] end gpu_sexperts cost 0.029 ms
DEBUG 04-24 11:19:39.933308.933308 cuda_h.py:27] end wait_load_qkvogn_s_weight cost 0.074 ms
DEBUG 04-24 11:19:39.939230.939230 mlpmodule.py:3373] [fused_group_bmm][steps] bmm1=8.126 ms split=0.184 ms act_mul=0.463 ms bmm2=4.354 ms
DEBUG 04-24 11:19:39.940913.940913 cuda_h.py:27] end fused_group_bmm cost 13.665 ms
DEBUG 04-24 11:19:39.940932.940932 cuda_h.py:27] end gather_outputs_group_fused_mp cost 0.677 ms
DEBUG 04-24 11:19:39.941942.941942 cuda_h.py:27] end cpu_experts_worker_bmm_or_einsum_1 cost 19.120 ms
DEBUG 04-24 11:19:39.942682.942682 mlpmodule.py:3373] [fused_group_bmm][steps] bmm1=7.039 ms split=0.268 ms act_mul=0.598 ms bmm2=3.439 ms
DEBUG 04-24 11:19:39.942128.942128 cuda_h.py:27] end fused_group_bmm cost 11.648 ms
DEBUG 04-24 11:19:39.943104.943104 cuda_h.py:27] end gather_outputs_group_fused_mp cost 0.524 ms
DEBUG 04-24 11:19:39.943085.943085 cuda_h.py:27] end cpu_experts_worker_bmm_or_einsum_0 cost 20.050 ms
DEBUG 04-24 11:19:39.944786.944786 mlpmodule.py:3373] [fused_group_bmm][steps] bmm1=10.350 ms split=0.194 ms act_mul=0.521 ms bmm2=5.194 ms
DEBUG 04-24 11:19:39.944257.944257 cuda_h.py:27] end fused_group_bmm cost 16.533 ms
DEBUG 04-24 11:19:39.945080.945080 cuda_h.py:27] end gather_outputs_group_fused_mp cost 0.455 ms
DEBUG 04-24 11:19:39.945448.945448 cuda_h.py:27] end cpu_experts_worker_bmm_or_einsum_3 cost 22.020 ms
DEBUG 04-24 11:19:39.945468.945468 mlpmodule.py:3373] [fused_group_bmm][steps] bmm1=12.076 ms split=0.285 ms act_mul=0.542 ms bmm2=4.599 ms
DEBUG 04-24 11:19:39.946727.946727 cuda_h.py:27] end fused_group_bmm cost 17.763 ms
DEBUG 04-24 11:19:39.946574.946574 cuda_h.py:27] end gather_outputs_group_fused_mp cost 0.592 ms
DEBUG 04-24 11:19:39.947087.947087 cuda_h.py:27] end cpu_experts_worker_bmm_or_einsum_2 cost 23.863 ms
DEBUG 04-24 11:19:39.949273.949273 cuda_h.py:27] end prepare_per_device_parameters cost 15.847 ms
DEBUG 04-24 11:19:39.952694.952694 cuda_h.py:27] end wait_experts_multi_device cost 2.926 ms
DEBUG 04-24 11:19:39.952703.952703 cuda_h.py:27] end *before fused experts* cost 29.882 ms
DEBUG 04-24 11:19:39.959439.959439 cuda_h.py:27] end gpu_experts_multi_device_fused cost 6.710 ms
DEBUG 04-24 11:19:39.959270.959270 cuda_h.py:27] end *gpu experts* cost 36.726 ms
DEBUG 04-24 11:19:39.961730.961730 cuda_h.py:27] end cpu_experts_scatter_reduce cost 0.971 ms
DEBUG 04-24 11:19:39.961679.961679 cuda_h.py:27] end cpu_thread_manager_mp_wait_fused cost 2.090 ms
DEBUG 04-24 11:19:39.962927.962927 cuda_h.py:27] end layer_moe_generate_mp_multi_device_fused_l_3 cost 42.457 ms
DEBUG 04-24 11:19:39.962352.962352 cuda_h.py:27] end *mlp cost 43.084 ms
DEBUG 04-24 11:19:39.962321.962321 cuda_h.py:27] end prefill_layer cost 47.277 ms
DEBUG 04-24 11:19:39.962885.962885 lmp.py:341] -------------------------------- end prefill layer 2 --------------------------------
DEBUG 04-24 11:19:39.962773.962773 lmp.py:294] -------------------------------- start prefill layer 3 --------------------------------
DEBUG 04-24 11:19:39.963716.963716 cuda_h.py:27] end start_load_qkvogn_s_weight_l_4 cost 0.060 ms
DEBUG 04-24 11:19:39.963030.963030 cuda_h.py:27] end allocate_cuda_memory cost 0.303 ms
DEBUG 04-24 11:19:39.963431.963431 sllm_store_c.py:27] get device uuid map
DEBUG 04-24 11:19:39.964916.964916 sllm_store_c.py:29] call client load into gpu
DEBUG 04-24 11:19:39.965429.965429 cuda_h.py:27] end load_into_gpu_async cost 2.104 ms
DEBUG 04-24 11:19:39.966594.966594 cuda_h.py:27] end restore_tensors2 cost 0.116 ms
DEBUG 04-24 11:19:39.966467.966467 cuda_h.py:27] end **self_attn cost 2.119 ms
DEBUG 04-24 11:19:39.966654.966654 cuda_h.py:27] end allocate_cuda_memory_and_load_into_gpu cost 3.189 ms
DEBUG 04-24 11:19:39.966396.966396 cuda_h.py:27] end *iln_self_attn_paln cost 3.932 ms
DEBUG 04-24 11:19:39.967681.967681 cuda_h.py:27] end gate cost 0.691 ms
DEBUG 04-24 11:19:39.968637.968637 cuda_h.py:27] end experts_map_get cost 0.361 ms
DEBUG 04-24 11:19:39.968711.968711 cuda_h.py:27] end *before experts start* cost 1.217 ms
DEBUG 04-24 11:19:39.968541.968541 cuda_h.py:27] end cpu_experts_submit_fused_mp cost 0.232 ms
DEBUG 04-24 11:19:39.969069.969069 cuda_h.py:27] end *single cpu experts* cost 1.353 ms
DEBUG 04-24 11:19:39.971285.971285 cuda_h.py:27] end prepare_group_stack cost 0.453 ms
DEBUG 04-24 11:19:39.971789.971789 cuda_h.py:27] end prepare_group_stack cost 0.439 ms
DEBUG 04-24 11:19:39.972367.972367 cuda_h.py:27] end group stack cost 0.769 ms
DEBUG 04-24 11:19:39.972854.972854 cuda_h.py:27] end move_flatidxs_group_fused_mp cost 1.452 ms
DEBUG 04-24 11:19:39.972234.972234 cuda_h.py:27] end get_fused_experts_names_w cost 0.020 ms
DEBUG 04-24 11:19:39.972332.972332 cuda_h.py:27] end group stack cost 0.903 ms
DEBUG 04-24 11:19:39.972244.972244 cuda_h.py:27] end prepare_group_stack cost 0.509 ms
DEBUG 04-24 11:19:39.972721.972721 cuda_h.py:27] end prepare_group_stack cost 0.448 ms
DEBUG 04-24 11:19:39.972324.972324 sllm_store_c.py:27] get device uuid map
DEBUG 04-24 11:19:39.972013.972013 cuda_h.py:27] end move_flatidxs_group_fused_mp cost 1.812 ms
DEBUG 04-24 11:19:39.972236.972236 sllm_store_c.py:29] call client load into gpu
DEBUG 04-24 11:19:39.972462.972462 cuda_h.py:27] end get_fused_experts_names_w cost 0.027 ms
DEBUG 04-24 11:19:39.973097.973097 cuda_h.py:27] end restore_fused_tensors cost 0.580 ms
DEBUG 04-24 11:19:39.973377.973377 cuda_h.py:27] end group_fused_tensors_mp cost 0.936 ms
DEBUG 04-24 11:19:39.973613.973613 cuda_h.py:27] end restore_fused_tensors cost 0.832 ms
DEBUG 04-24 11:19:39.973225.973225 cuda_h.py:27] end group stack cost 1.190 ms
DEBUG 04-24 11:19:39.973729.973729 cuda_h.py:27] end group_fused_tensors_mp cost 1.071 ms
DEBUG 04-24 11:19:39.973777.973777 cuda_h.py:27] end move_flatidxs_group_fused_mp cost 2.007 ms
DEBUG 04-24 11:19:39.973718.973718 cuda_h.py:27] end get_fused_experts_names_w cost 0.023 ms
DEBUG 04-24 11:19:39.974899.974899 cuda_h.py:27] end group stack cost 1.517 ms
DEBUG 04-24 11:19:39.974845.974845 cuda_h.py:27] end move_flatidxs_group_fused_mp cost 2.384 ms
DEBUG 04-24 11:19:39.974547.974547 cuda_h.py:27] end get_fused_experts_names_w cost 0.027 ms
DEBUG 04-24 11:19:39.974703.974703 cuda_h.py:27] end restore_fused_tensors cost 0.514 ms
DEBUG 04-24 11:19:39.974097.974097 cuda_h.py:27] end group_fused_tensors_mp cost 0.657 ms
DEBUG 04-24 11:19:39.975342.975342 cuda_h.py:27] end restore_fused_tensors cost 0.821 ms
DEBUG 04-24 11:19:39.975802.975802 cuda_h.py:27] end group_fused_tensors_mp cost 1.134 ms
DEBUG 04-24 11:19:39.975240.975240 cuda_h.py:27] end restore2model cost 1.439 ms
DEBUG 04-24 11:19:39.976276.976276 cuda_h.py:27] end sllm_worker_task cost 13.026 ms
DEBUG 04-24 11:19:39.977101.977101 cuda_h.py:27] end load_into_gpu_async_fused_experts_dual cost 4.585 ms
DEBUG 04-24 11:19:39.978356.978356 cuda_h.py:27] end restore_tensors2_fused_experts_packed cost 0.353 ms
DEBUG 04-24 11:19:39.979717.979717 cuda_h.py:27] end restore_tensors2_fused_experts_slices cost 0.505 ms
DEBUG 04-24 11:19:39.979743.979743 cuda_h.py:27] end allocate_experts_cuda_memory_and_restore_model_multi_device_fused cost 9.981 ms
DEBUG 04-24 11:19:39.979075.979075 cuda_h.py:27] end gpu_sexperts cost 0.026 ms
DEBUG 04-24 11:19:39.980954.980954 cuda_h.py:27] end wait_load_qkvogn_s_weight cost 0.071 ms
DEBUG 04-24 11:19:39.985668.985668 mlpmodule.py:3373] [fused_group_bmm][steps] bmm1=7.157 ms split=0.191 ms act_mul=0.479 ms bmm2=4.148 ms
DEBUG 04-24 11:19:39.986752.986752 cuda_h.py:27] end fused_group_bmm cost 12.559 ms
DEBUG 04-24 11:19:39.987983.987983 cuda_h.py:27] end gather_outputs_group_fused_mp cost 0.708 ms
DEBUG 04-24 11:19:39.987546.987546 cuda_h.py:27] end cpu_experts_worker_bmm_or_einsum_0 cost 18.175 ms
DEBUG 04-24 11:19:39.987840.987840 mlpmodule.py:3373] [fused_group_bmm][steps] bmm1=9.057 ms split=0.106 ms act_mul=0.394 ms bmm2=4.909 ms
DEBUG 04-24 11:19:39.987782.987782 cuda_h.py:27] end fused_group_bmm cost 14.746 ms
DEBUG 04-24 11:19:39.988488.988488 cuda_h.py:27] end gather_outputs_group_fused_mp cost 0.514 ms
DEBUG 04-24 11:19:39.989658.989658 cuda_h.py:27] end cpu_experts_worker_bmm_or_einsum_1 cost 19.574 ms
DEBUG 04-24 11:19:39.993758.993758 mlpmodule.py:3373] [fused_group_bmm][steps] bmm1=12.549 ms split=0.114 ms act_mul=0.343 ms bmm2=4.935 ms
DEBUG 04-24 11:19:39.994243.994243 cuda_h.py:27] end fused_group_bmm cost 18.228 ms
DEBUG 04-24 11:19:39.994780.994780 cuda_h.py:27] end gather_outputs_group_fused_mp cost 0.458 ms
DEBUG 04-24 11:19:39.995459.995459 cuda_h.py:27] end cpu_experts_worker_bmm_or_einsum_3 cost 24.678 ms
DEBUG 04-24 11:19:39.995019.995019 mlpmodule.py:3373] [fused_group_bmm][steps] bmm1=15.633 ms split=0.220 ms act_mul=0.470 ms bmm2=4.434 ms
DEBUG 04-24 11:19:39.995686.995686 cuda_h.py:27] end fused_group_bmm cost 21.234 ms
DEBUG 04-24 11:19:39.996659.996659 cuda_h.py:27] end gather_outputs_group_fused_mp cost 0.687 ms
DEBUG 04-24 11:19:39.997610.997610 cuda_h.py:27] end prepare_per_device_parameters cost 17.107 ms
DEBUG 04-24 11:19:39.997973.997973 cuda_h.py:27] end cpu_experts_worker_bmm_or_einsum_2 cost 27.016 ms
DEBUG 04-24 11:19:39.999098.999098 cuda_h.py:27] end wait_experts_multi_device cost 2.161 ms
DEBUG 04-24 11:19:39.999982.999982 cuda_h.py:27] end *before fused experts* cost 29.966 ms
DEBUG 04-24 11:19:40.005353.005353 cuda_h.py:27] end gpu_experts_multi_device_fused cost 6.091 ms
DEBUG 04-24 11:19:40.005230.005230 cuda_h.py:27] end *gpu experts* cost 36.189 ms
DEBUG 04-24 11:19:40.008462.008462 cuda_h.py:27] end cpu_experts_scatter_reduce cost 0.927 ms
DEBUG 04-24 11:19:40.008179.008179 cuda_h.py:27] end cpu_thread_manager_mp_wait_fused cost 2.210 ms
DEBUG 04-24 11:19:40.008765.008765 cuda_h.py:27] end layer_moe_generate_mp_multi_device_fused_l_4 cost 41.180 ms
DEBUG 04-24 11:19:40.009202.009202 cuda_h.py:27] end *mlp cost 42.167 ms
DEBUG 04-24 11:19:40.009655.009655 cuda_h.py:27] end prefill_layer cost 46.330 ms
DEBUG 04-24 11:19:40.009934.009934 lmp.py:341] -------------------------------- end prefill layer 3 --------------------------------
DEBUG 04-24 11:19:40.009015.009015 lmp.py:294] -------------------------------- start prefill layer 4 --------------------------------
DEBUG 04-24 11:19:40.009435.009435 cuda_h.py:27] end start_load_qkvogn_s_weight_l_5 cost 0.062 ms
DEBUG 04-24 11:19:40.009207.009207 cuda_h.py:27] end allocate_cuda_memory cost 0.305 ms
DEBUG 04-24 11:19:40.010712.010712 sllm_store_c.py:27] get device uuid map
DEBUG 04-24 11:19:40.010473.010473 sllm_store_c.py:29] call client load into gpu
DEBUG 04-24 11:19:40.012725.012725 cuda_h.py:27] end **self_attn cost 2.019 ms
DEBUG 04-24 11:19:40.012267.012267 cuda_h.py:27] end load_into_gpu_async cost 2.715 ms
DEBUG 04-24 11:19:40.013232.013232 cuda_h.py:27] end restore_tensors2 cost 0.144 ms
DEBUG 04-24 11:19:40.013142.013142 cuda_h.py:27] end allocate_cuda_memory_and_load_into_gpu cost 3.778 ms
DEBUG 04-24 11:19:40.013275.013275 cuda_h.py:27] end *iln_self_attn_paln cost 4.192 ms
DEBUG 04-24 11:19:40.014032.014032 cuda_h.py:27] end gate cost 0.696 ms
DEBUG 04-24 11:19:40.014550.014550 cuda_h.py:27] end experts_map_get cost 0.349 ms
DEBUG 04-24 11:19:40.014169.014169 cuda_h.py:27] end *before experts start* cost 1.231 ms
DEBUG 04-24 11:19:40.015144.015144 cuda_h.py:27] end cpu_experts_submit_fused_mp cost 0.233 ms
DEBUG 04-24 11:19:40.017371.017371 cuda_h.py:27] end *single cpu experts* cost 2.018 ms
DEBUG 04-24 11:19:40.017003.017003 cuda_h.py:27] end prepare_group_stack cost 0.387 ms
DEBUG 04-24 11:19:40.018035.018035 cuda_h.py:27] end prepare_group_stack cost 0.521 ms
DEBUG 04-24 11:19:40.018118.018118 cuda_h.py:27] end prepare_group_stack cost 0.516 ms
DEBUG 04-24 11:19:40.018254.018254 cuda_h.py:27] end group stack cost 0.843 ms
DEBUG 04-24 11:19:40.018588.018588 cuda_h.py:27] end move_flatidxs_group_fused_mp cost 1.469 ms
DEBUG 04-24 11:19:40.019690.019690 cuda_h.py:27] end get_fused_experts_names_w cost 0.023 ms
DEBUG 04-24 11:19:40.019108.019108 cuda_h.py:27] end group stack cost 0.878 ms
DEBUG 04-24 11:19:40.019568.019568 cuda_h.py:27] end move_flatidxs_group_fused_mp cost 1.810 ms
DEBUG 04-24 11:19:40.019688.019688 cuda_h.py:27] end get_fused_experts_names_w cost 0.018 ms
DEBUG 04-24 11:19:40.019164.019164 cuda_h.py:27] end group stack cost 1.130 ms
DEBUG 04-24 11:19:40.019996.019996 cuda_h.py:27] end move_flatidxs_group_fused_mp cost 2.030 ms
DEBUG 04-24 11:19:40.019905.019905 cuda_h.py:27] end prepare_group_stack cost 0.478 ms
DEBUG 04-24 11:19:40.019177.019177 cuda_h.py:27] end restore_fused_tensors cost 0.659 ms
DEBUG 04-24 11:19:40.020746.020746 cuda_h.py:27] end get_fused_experts_names_w cost 0.034 ms
DEBUG 04-24 11:19:40.020507.020507 cuda_h.py:27] end group_fused_tensors_mp cost 1.085 ms
DEBUG 04-24 11:19:40.020019.020019 cuda_h.py:27] end restore_fused_tensors cost 0.537 ms
DEBUG 04-24 11:19:40.020809.020809 cuda_h.py:27] end group_fused_tensors_mp cost 0.672 ms
DEBUG 04-24 11:19:40.020902.020902 sllm_store_c.py:27] get device uuid map
DEBUG 04-24 11:19:40.020499.020499 cuda_h.py:27] end restore_fused_tensors cost 0.507 ms
DEBUG 04-24 11:19:40.020757.020757 sllm_store_c.py:29] call client load into gpu
DEBUG 04-24 11:19:40.020590.020590 cuda_h.py:27] end group_fused_tensors_mp cost 0.732 ms
DEBUG 04-24 11:19:40.021064.021064 cuda_h.py:27] end group stack cost 1.018 ms
DEBUG 04-24 11:19:40.021299.021299 cuda_h.py:27] end move_flatidxs_group_fused_mp cost 1.811 ms
DEBUG 04-24 11:19:40.021480.021480 cuda_h.py:27] end get_fused_experts_names_w cost 0.023 ms
DEBUG 04-24 11:19:40.021041.021041 cuda_h.py:27] end restore_fused_tensors cost 0.487 ms
DEBUG 04-24 11:19:40.021215.021215 cuda_h.py:27] end group_fused_tensors_mp cost 0.602 ms
DEBUG 04-24 11:19:40.027527.027527 cuda_h.py:27] end restore2model cost 1.681 ms
DEBUG 04-24 11:19:40.027413.027413 cuda_h.py:27] end sllm_worker_task cost 17.813 ms
DEBUG 04-24 11:19:40.028340.028340 cuda_h.py:27] end load_into_gpu_async_fused_experts_dual cost 8.324 ms
DEBUG 04-24 11:19:40.029214.029214 cuda_h.py:27] end restore_tensors2_fused_experts_packed cost 0.195 ms
DEBUG 04-24 11:19:40.030509.030509 cuda_h.py:27] end restore_tensors2_fused_experts_slices cost 1.072 ms
DEBUG 04-24 11:19:40.030165.030165 cuda_h.py:27] end allocate_experts_cuda_memory_and_restore_model_multi_device_fused cost 13.618 ms
DEBUG 04-24 11:19:40.031752.031752 cuda_h.py:27] end gpu_sexperts cost 0.018 ms
DEBUG 04-24 11:19:40.031871.031871 cuda_h.py:27] end wait_load_qkvogn_s_weight cost 0.073 ms
DEBUG 04-24 11:19:40.032734.032734 mlpmodule.py:3373] [fused_group_bmm][steps] bmm1=7.128 ms split=0.143 ms act_mul=0.723 ms bmm2=3.713 ms
DEBUG 04-24 11:19:40.032236.032236 cuda_h.py:27] end fused_group_bmm cost 12.117 ms
DEBUG 04-24 11:19:40.033470.033470 cuda_h.py:27] end gather_outputs_group_fused_mp cost 0.627 ms
DEBUG 04-24 11:19:40.034633.034633 cuda_h.py:27] end cpu_experts_worker_bmm_or_einsum_0 cost 17.307 ms
DEBUG 04-24 11:19:40.035784.035784 mlpmodule.py:3373] [fused_group_bmm][steps] bmm1=9.452 ms split=0.151 ms act_mul=0.408 ms bmm2=4.890 ms
DEBUG 04-24 11:19:40.035032.035032 cuda_h.py:27] end fused_group_bmm cost 15.245 ms
DEBUG 04-24 11:19:40.036521.036521 cuda_h.py:27] end gather_outputs_group_fused_mp cost 0.673 ms
DEBUG 04-24 11:19:40.036562.036562 cuda_h.py:27] end cpu_experts_worker_bmm_or_einsum_1 cost 20.136 ms
DEBUG 04-24 11:19:40.037574.037574 mlpmodule.py:3373] [fused_group_bmm][steps] bmm1=9.089 ms split=0.122 ms act_mul=0.367 ms bmm2=6.765 ms
DEBUG 04-24 11:19:40.037528.037528 cuda_h.py:27] end fused_group_bmm cost 16.589 ms
DEBUG 04-24 11:19:40.037248.037248 mlpmodule.py:3373] [fused_group_bmm][steps] bmm1=8.734 ms split=0.117 ms act_mul=0.411 ms bmm2=6.195 ms
DEBUG 04-24 11:19:40.037595.037595 cuda_h.py:27] end fused_group_bmm cost 15.780 ms
DEBUG 04-24 11:19:40.038205.038205 cuda_h.py:27] end gather_outputs_group_fused_mp cost 0.454 ms
DEBUG 04-24 11:19:40.038562.038562 cuda_h.py:27] end gather_outputs_group_fused_mp cost 0.462 ms
DEBUG 04-24 11:19:40.038148.038148 cuda_h.py:27] end cpu_experts_worker_bmm_or_einsum_2 cost 21.158 ms
DEBUG 04-24 11:19:40.038176.038176 cuda_h.py:27] end cpu_experts_worker_bmm_or_einsum_3 cost 20.524 ms
DEBUG 04-24 11:19:40.045243.045243 cuda_h.py:27] end prepare_per_device_parameters cost 13.641 ms
DEBUG 04-24 11:19:40.048339.048339 cuda_h.py:27] end wait_experts_multi_device cost 2.802 ms
DEBUG 04-24 11:19:40.048599.048599 cuda_h.py:27] end *before fused experts* cost 31.176 ms
DEBUG 04-24 11:19:40.052472.052472 cuda_h.py:27] end gpu_experts_multi_device_fused cost 4.086 ms
DEBUG 04-24 11:19:40.052031.052031 cuda_h.py:27] end *gpu experts* cost 35.358 ms
DEBUG 04-24 11:19:40.054712.054712 cuda_h.py:27] end cpu_experts_scatter_reduce cost 0.589 ms
DEBUG 04-24 11:19:40.054893.054893 cuda_h.py:27] end cpu_thread_manager_mp_wait_fused cost 1.799 ms
DEBUG 04-24 11:19:40.054935.054935 cuda_h.py:27] end layer_moe_generate_mp_multi_device_fused_l_5 cost 40.737 ms
DEBUG 04-24 11:19:40.055369.055369 cuda_h.py:27] end *mlp cost 41.444 ms
DEBUG 04-24 11:19:40.055631.055631 cuda_h.py:27] end prefill_layer cost 45.888 ms
DEBUG 04-24 11:19:40.055049.055049 lmp.py:341] -------------------------------- end prefill layer 4 --------------------------------
DEBUG 04-24 11:19:40.055713.055713 lmp.py:294] -------------------------------- start prefill layer 5 --------------------------------
DEBUG 04-24 11:19:40.055669.055669 cuda_h.py:27] end start_load_qkvogn_s_weight_l_6 cost 0.041 ms
DEBUG 04-24 11:19:40.055633.055633 cuda_h.py:27] end allocate_cuda_memory cost 0.198 ms
DEBUG 04-24 11:19:40.056420.056420 sllm_store_c.py:27] get device uuid map
DEBUG 04-24 11:19:40.056095.056095 sllm_store_c.py:29] call client load into gpu
DEBUG 04-24 11:19:40.057003.057003 cuda_h.py:27] end load_into_gpu_async cost 1.799 ms
DEBUG 04-24 11:19:40.058797.058797 cuda_h.py:27] end restore_tensors2 cost 0.102 ms
DEBUG 04-24 11:19:40.058875.058875 cuda_h.py:27] end **self_attn cost 1.861 ms
DEBUG 04-24 11:19:40.058075.058075 cuda_h.py:27] end allocate_cuda_memory_and_load_into_gpu cost 2.582 ms
DEBUG 04-24 11:19:40.058144.058144 cuda_h.py:27] end *iln_self_attn_paln cost 3.168 ms
DEBUG 04-24 11:19:40.059402.059402 cuda_h.py:27] end gate cost 0.507 ms
DEBUG 04-24 11:19:40.059103.059103 cuda_h.py:27] end experts_map_get cost 0.294 ms
DEBUG 04-24 11:19:40.059217.059217 cuda_h.py:27] end *before experts start* cost 0.942 ms
DEBUG 04-24 11:19:40.059199.059199 cuda_h.py:27] end cpu_experts_submit_fused_mp cost 0.205 ms
DEBUG 04-24 11:19:40.060264.060264 cuda_h.py:27] end *single cpu experts* cost 1.162 ms
DEBUG 04-24 11:19:40.063373.063373 cuda_h.py:27] end prepare_group_stack cost 0.414 ms
DEBUG 04-24 11:19:40.063359.063359 cuda_h.py:27] end prepare_group_stack cost 0.438 ms
DEBUG 04-24 11:19:40.063366.063366 cuda_h.py:27] end prepare_group_stack cost 0.561 ms
DEBUG 04-24 11:19:40.063746.063746 cuda_h.py:27] end prepare_group_stack cost 0.639 ms
DEBUG 04-24 11:19:40.063211.063211 sllm_store_c.py:27] get device uuid map
DEBUG 04-24 11:19:40.063480.063480 sllm_store_c.py:29] call client load into gpu
DEBUG 04-24 11:19:40.064607.064607 cuda_h.py:27] end group stack cost 1.098 ms
DEBUG 04-24 11:19:40.064562.064562 cuda_h.py:27] end group stack cost 1.154 ms
DEBUG 04-24 11:19:40.064267.064267 cuda_h.py:27] end move_flatidxs_group_fused_mp cost 1.867 ms
DEBUG 04-24 11:19:40.064160.064160 cuda_h.py:27] end group stack cost 0.939 ms
DEBUG 04-24 11:19:40.064347.064347 cuda_h.py:27] end move_flatidxs_group_fused_mp cost 1.860 ms
DEBUG 04-24 11:19:40.064991.064991 cuda_h.py:27] end move_flatidxs_group_fused_mp cost 2.036 ms
DEBUG 04-24 11:19:40.064137.064137 cuda_h.py:27] end get_fused_experts_names_w cost 0.028 ms
DEBUG 04-24 11:19:40.064534.064534 cuda_h.py:27] end get_fused_experts_names_w cost 0.024 ms
DEBUG 04-24 11:19:40.065964.065964 cuda_h.py:27] end get_fused_experts_names_w cost 0.017 ms
DEBUG 04-24 11:19:40.065588.065588 cuda_h.py:27] end group stack cost 1.592 ms
DEBUG 04-24 11:19:40.065045.065045 cuda_h.py:27] end move_flatidxs_group_fused_mp cost 2.445 ms
DEBUG 04-24 11:19:40.065107.065107 cuda_h.py:27] end get_fused_experts_names_w cost 0.019 ms
DEBUG 04-24 11:19:40.065354.065354 cuda_h.py:27] end restore_fused_tensors cost 0.534 ms
DEBUG 04-24 11:19:40.065292.065292 cuda_h.py:27] end group_fused_tensors_mp cost 0.718 ms
DEBUG 04-24 11:19:40.065358.065358 cuda_h.py:27] end restore_fused_tensors cost 0.665 ms
DEBUG 04-24 11:19:40.065638.065638 cuda_h.py:27] end group_fused_tensors_mp cost 0.947 ms
DEBUG 04-24 11:19:40.065080.065080 cuda_h.py:27] end restore_fused_tensors cost 0.888 ms
DEBUG 04-24 11:19:40.065288.065288 cuda_h.py:27] end group_fused_tensors_mp cost 1.199 ms
DEBUG 04-24 11:19:40.066736.066736 cuda_h.py:27] end restore_fused_tensors cost 0.619 ms
DEBUG 04-24 11:19:40.066433.066433 cuda_h.py:27] end group_fused_tensors_mp cost 0.872 ms
DEBUG 04-24 11:19:40.066040.066040 cuda_h.py:27] end restore2model cost 0.826 ms
DEBUG 04-24 11:19:40.066018.066018 cuda_h.py:27] end sllm_worker_task cost 10.759 ms
DEBUG 04-24 11:19:40.066583.066583 cuda_h.py:27] end load_into_gpu_async_fused_experts_dual cost 3.359 ms
DEBUG 04-24 11:19:40.067999.067999 cuda_h.py:27] end restore_tensors2_fused_experts_packed cost 0.143 ms
DEBUG 04-24 11:19:40.068934.068934 cuda_h.py:27] end restore_tensors2_fused_experts_slices cost 0.748 ms
DEBUG 04-24 11:19:40.068121.068121 cuda_h.py:27] end allocate_experts_cuda_memory_and_restore_model_multi_device_fused cost 7.931 ms
DEBUG 04-24 11:19:40.069667.069667 cuda_h.py:27] end gpu_sexperts cost 0.023 ms
DEBUG 04-24 11:19:40.069120.069120 cuda_h.py:27] end wait_load_qkvogn_s_weight cost 0.081 ms
DEBUG 04-24 11:19:40.079818.079818 mlpmodule.py:3373] [fused_group_bmm][steps] bmm1=8.613 ms split=0.156 ms act_mul=0.490 ms bmm2=3.640 ms
DEBUG 04-24 11:19:40.079099.079099 cuda_h.py:27] end fused_group_bmm cost 13.465 ms
DEBUG 04-24 11:19:40.080079.080079 cuda_h.py:27] end gather_outputs_group_fused_mp cost 0.731 ms
DEBUG 04-24 11:19:40.081828.081828 cuda_h.py:27] end cpu_experts_worker_bmm_or_einsum_0 cost 19.763 ms
DEBUG 04-24 11:19:40.081915.081915 mlpmodule.py:3373] [fused_group_bmm][steps] bmm1=9.885 ms split=0.245 ms act_mul=0.511 ms bmm2=4.935 ms
DEBUG 04-24 11:19:40.082508.082508 cuda_h.py:27] end fused_group_bmm cost 15.925 ms
DEBUG 04-24 11:19:40.083518.083518 cuda_h.py:27] end gather_outputs_group_fused_mp cost 0.625 ms
DEBUG 04-24 11:19:40.083190.083190 cuda_h.py:27] end cpu_experts_worker_bmm_or_einsum_1 cost 22.270 ms
DEBUG 04-24 11:19:40.083104.083104 mlpmodule.py:3373] [fused_group_bmm][steps] bmm1=11.721 ms split=0.328 ms act_mul=0.616 ms bmm2=5.323 ms
DEBUG 04-24 11:19:40.084886.084886 cuda_h.py:27] end fused_group_bmm cost 18.418 ms
DEBUG 04-24 11:19:40.084483.084483 cuda_h.py:27] end gather_outputs_group_fused_mp cost 0.390 ms
DEBUG 04-24 11:19:40.085346.085346 cuda_h.py:27] end cpu_experts_worker_bmm_or_einsum_2 cost 23.545 ms
DEBUG 04-24 11:19:40.085694.085694 mlpmodule.py:3373] [fused_group_bmm][steps] bmm1=12.882 ms split=0.235 ms act_mul=0.559 ms bmm2=5.308 ms
DEBUG 04-24 11:19:40.085323.085323 cuda_h.py:27] end fused_group_bmm cost 19.411 ms
DEBUG 04-24 11:19:40.086860.086860 cuda_h.py:27] end gather_outputs_group_fused_mp cost 0.425 ms
DEBUG 04-24 11:19:40.086526.086526 cuda_h.py:27] end cpu_experts_worker_bmm_or_einsum_3 cost 24.991 ms
DEBUG 04-24 11:19:40.088786.088786 cuda_h.py:27] end prepare_per_device_parameters cost 18.517 ms
DEBUG 04-24 11:19:40.090230.090230 cuda_h.py:27] end wait_experts_multi_device cost 2.049 ms
DEBUG 04-24 11:19:40.091179.091179 cuda_h.py:27] end *before fused experts* cost 30.047 ms
DEBUG 04-24 11:19:40.096533.096533 cuda_h.py:27] end gpu_experts_multi_device_fused cost 4.995 ms
DEBUG 04-24 11:19:40.096119.096119 cuda_h.py:27] end *gpu experts* cost 35.163 ms
DEBUG 04-24 11:19:40.097846.097846 cuda_h.py:27] end cpu_experts_scatter_reduce cost 0.568 ms
DEBUG 04-24 11:19:40.097212.097212 cuda_h.py:27] end cpu_thread_manager_mp_wait_fused cost 1.580 ms
DEBUG 04-24 11:19:40.097254.097254 cuda_h.py:27] end layer_moe_generate_mp_multi_device_fused_l_6 cost 39.031 ms
DEBUG 04-24 11:19:40.098298.098298 cuda_h.py:27] end *mlp cost 39.728 ms
DEBUG 04-24 11:19:40.098718.098718 cuda_h.py:27] end prefill_layer cost 43.085 ms
DEBUG 04-24 11:19:40.098090.098090 lmp.py:341] -------------------------------- end prefill layer 5 --------------------------------
DEBUG 04-24 11:19:40.098155.098155 lmp.py:294] -------------------------------- start prefill layer 6 --------------------------------
DEBUG 04-24 11:19:40.098071.098071 cuda_h.py:27] end start_load_qkvogn_s_weight_l_7 cost 0.044 ms
DEBUG 04-24 11:19:40.099804.099804 cuda_h.py:27] end allocate_cuda_memory cost 0.197 ms
DEBUG 04-24 11:19:40.099114.099114 sllm_store_c.py:27] get device uuid map
DEBUG 04-24 11:19:40.099686.099686 sllm_store_c.py:29] call client load into gpu
DEBUG 04-24 11:19:40.100165.100165 cuda_h.py:27] end load_into_gpu_async cost 1.511 ms
DEBUG 04-24 11:19:40.101845.101845 cuda_h.py:27] end restore_tensors2 cost 0.089 ms
DEBUG 04-24 11:19:40.101677.101677 cuda_h.py:27] end **self_attn cost 1.589 ms
DEBUG 04-24 11:19:40.101155.101155 cuda_h.py:27] end allocate_cuda_memory_and_load_into_gpu cost 2.223 ms
DEBUG 04-24 11:19:40.101121.101121 cuda_h.py:27] end *iln_self_attn_paln cost 2.718 ms
DEBUG 04-24 11:19:40.102871.102871 cuda_h.py:27] end gate cost 0.589 ms
DEBUG 04-24 11:19:40.102897.102897 cuda_h.py:27] end experts_map_get cost 0.289 ms
DEBUG 04-24 11:19:40.102727.102727 cuda_h.py:27] end *before experts start* cost 1.019 ms
DEBUG 04-24 11:19:40.102430.102430 cuda_h.py:27] end cpu_experts_submit_fused_mp cost 0.211 ms
DEBUG 04-24 11:19:40.103030.103030 cuda_h.py:27] end *single cpu experts* cost 1.313 ms
DEBUG 04-24 11:19:40.103515.103515 cuda_h.py:27] end prepare_group_stack cost 0.503 ms
DEBUG 04-24 11:19:40.104401.104401 cuda_h.py:27] end prepare_group_stack cost 0.360 ms
DEBUG 04-24 11:19:40.104472.104472 cuda_h.py:27] end prepare_group_stack cost 0.519 ms
DEBUG 04-24 11:19:40.104352.104352 cuda_h.py:27] end prepare_group_stack cost 0.490 ms
DEBUG 04-24 11:19:40.104072.104072 cuda_h.py:27] end group stack cost 0.739 ms
DEBUG 04-24 11:19:40.105114.105114 cuda_h.py:27] end move_flatidxs_group_fused_mp cost 1.595 ms
DEBUG 04-24 11:19:40.105986.105986 cuda_h.py:27] end get_fused_experts_names_w cost 0.024 ms
DEBUG 04-24 11:19:40.105651.105651 cuda_h.py:27] end group stack cost 1.052 ms
DEBUG 04-24 11:19:40.105656.105656 cuda_h.py:27] end move_flatidxs_group_fused_mp cost 1.649 ms
DEBUG 04-24 11:19:40.105723.105723 cuda_h.py:27] end group stack cost 0.854 ms
DEBUG 04-24 11:19:40.105755.105755 cuda_h.py:27] end get_fused_experts_names_w cost 0.021 ms
DEBUG 04-24 11:19:40.105398.105398 cuda_h.py:27] end move_flatidxs_group_fused_mp cost 1.661 ms
DEBUG 04-24 11:19:40.105377.105377 cuda_h.py:27] end group stack cost 1.035 ms
DEBUG 04-24 11:19:40.106841.106841 cuda_h.py:27] end get_fused_experts_names_w cost 0.018 ms
DEBUG 04-24 11:19:40.106259.106259 cuda_h.py:27] end move_flatidxs_group_fused_mp cost 2.106 ms
DEBUG 04-24 11:19:40.106451.106451 cuda_h.py:27] end restore_fused_tensors cost 0.626 ms
DEBUG 04-24 11:19:40.106829.106829 cuda_h.py:27] end get_fused_experts_names_w cost 0.019 ms
DEBUG 04-24 11:19:40.106192.106192 cuda_h.py:27] end group_fused_tensors_mp cost 1.057 ms
DEBUG 04-24 11:19:40.106028.106028 cuda_h.py:27] end restore_fused_tensors cost 0.485 ms
DEBUG 04-24 11:19:40.106889.106889 sllm_store_c.py:27] get device uuid map
DEBUG 04-24 11:19:40.106855.106855 cuda_h.py:27] end group_fused_tensors_mp cost 0.836 ms
DEBUG 04-24 11:19:40.106889.106889 sllm_store_c.py:29] call client load into gpu
DEBUG 04-24 11:19:40.106423.106423 cuda_h.py:27] end restore_fused_tensors cost 0.747 ms
DEBUG 04-24 11:19:40.107332.107332 cuda_h.py:27] end restore_fused_tensors cost 0.620 ms
DEBUG 04-24 11:19:40.107997.107997 cuda_h.py:27] end group_fused_tensors_mp cost 0.884 ms
DEBUG 04-24 11:19:40.107659.107659 cuda_h.py:27] end group_fused_tensors_mp cost 1.114 ms
DEBUG 04-24 11:19:40.112431.112431 cuda_h.py:27] end restore2model cost 1.414 ms
DEBUG 04-24 11:19:40.112972.112972 cuda_h.py:27] end sllm_worker_task cost 13.955 ms
DEBUG 04-24 11:19:40.114460.114460 cuda_h.py:27] end load_into_gpu_async_fused_experts_dual cost 8.133 ms
DEBUG 04-24 11:19:40.114704.114704 cuda_h.py:27] end restore_tensors2_fused_experts_packed cost 0.189 ms
DEBUG 04-24 11:19:40.116946.116946 cuda_h.py:27] end restore_tensors2_fused_experts_slices cost 0.769 ms
DEBUG 04-24 11:19:40.116522.116522 cuda_h.py:27] end allocate_experts_cuda_memory_and_restore_model_multi_device_fused cost 12.409 ms
DEBUG 04-24 11:19:40.116362.116362 cuda_h.py:27] end gpu_sexperts cost 0.019 ms
DEBUG 04-24 11:19:40.117269.117269 cuda_h.py:27] end wait_load_qkvogn_s_weight cost 0.066 ms
DEBUG 04-24 11:19:40.117777.117777 mlpmodule.py:3373] [fused_group_bmm][steps] bmm1=8.005 ms split=0.117 ms act_mul=0.436 ms bmm2=2.795 ms
DEBUG 04-24 11:19:40.118914.118914 cuda_h.py:27] end fused_group_bmm cost 11.731 ms
DEBUG 04-24 11:19:40.118898.118898 cuda_h.py:27] end gather_outputs_group_fused_mp cost 0.626 ms
DEBUG 04-24 11:19:40.119367.119367 cuda_h.py:27] end cpu_experts_worker_bmm_or_einsum_0 cost 16.581 ms
DEBUG 04-24 11:19:40.120519.120519 mlpmodule.py:3373] [fused_group_bmm][steps] bmm1=8.766 ms split=0.161 ms act_mul=0.370 ms bmm2=4.431 ms
DEBUG 04-24 11:19:40.120091.120091 cuda_h.py:27] end fused_group_bmm cost 14.064 ms
DEBUG 04-24 11:19:40.121115.121115 cuda_h.py:27] end gather_outputs_group_fused_mp cost 0.503 ms
DEBUG 04-24 11:19:40.121053.121053 mlpmodule.py:3373] [fused_group_bmm][steps] bmm1=9.474 ms split=0.213 ms act_mul=0.520 ms bmm2=4.285 ms
DEBUG 04-24 11:19:40.122403.122403 cuda_h.py:27] end cpu_experts_worker_bmm_or_einsum_3 cost 18.185 ms
DEBUG 04-24 11:19:40.122048.122048 cuda_h.py:27] end fused_group_bmm cost 14.777 ms
DEBUG 04-24 11:19:40.122278.122278 mlpmodule.py:3373] [fused_group_bmm][steps] bmm1=8.862 ms split=0.114 ms act_mul=0.344 ms bmm2=5.448 ms
DEBUG 04-24 11:19:40.122916.122916 cuda_h.py:27] end fused_group_bmm cost 15.058 ms
DEBUG 04-24 11:19:40.122866.122866 cuda_h.py:27] end gather_outputs_group_fused_mp cost 0.377 ms
DEBUG 04-24 11:19:40.122055.122055 cuda_h.py:27] end gather_outputs_group_fused_mp cost 0.617 ms
DEBUG 04-24 11:19:40.122249.122249 cuda_h.py:27] end cpu_experts_worker_bmm_or_einsum_2 cost 19.227 ms
DEBUG 04-24 11:19:40.123107.123107 cuda_h.py:27] end cpu_experts_worker_bmm_or_einsum_1 cost 19.535 ms
DEBUG 04-24 11:19:40.131238.131238 cuda_h.py:27] end prepare_per_device_parameters cost 14.391 ms
DEBUG 04-24 11:19:40.134016.134016 cuda_h.py:27] end wait_experts_multi_device cost 2.719 ms
DEBUG 04-24 11:19:40.134713.134713 cuda_h.py:27] end *before fused experts* cost 30.406 ms
DEBUG 04-24 11:19:40.138043.138043 cuda_h.py:27] end gpu_experts_multi_device_fused cost 4.491 ms
DEBUG 04-24 11:19:40.139417.139417 cuda_h.py:27] end *gpu experts* cost 34.998 ms
DEBUG 04-24 11:19:40.140193.140193 cuda_h.py:27] end cpu_experts_scatter_reduce cost 0.567 ms
DEBUG 04-24 11:19:40.140936.140936 cuda_h.py:27] end cpu_thread_manager_mp_wait_fused cost 1.633 ms
DEBUG 04-24 11:19:40.140548.140548 cuda_h.py:27] end layer_moe_generate_mp_multi_device_fused_l_7 cost 39.195 ms
DEBUG 04-24 11:19:40.141160.141160 cuda_h.py:27] end *mlp cost 40.065 ms
DEBUG 04-24 11:19:40.141428.141428 cuda_h.py:27] end prefill_layer cost 42.967 ms
DEBUG 04-24 11:19:40.141846.141846 lmp.py:341] -------------------------------- end prefill layer 6 --------------------------------
DEBUG 04-24 11:19:40.141071.141071 lmp.py:294] -------------------------------- start prefill layer 7 --------------------------------
DEBUG 04-24 11:19:40.142080.142080 cuda_h.py:27] end start_load_qkvogn_s_weight_l_8 cost 0.043 ms
DEBUG 04-24 11:19:40.142658.142658 cuda_h.py:27] end allocate_cuda_memory cost 0.159 ms
DEBUG 04-24 11:19:40.142385.142385 sllm_store_c.py:27] get device uuid map
DEBUG 04-24 11:19:40.142139.142139 sllm_store_c.py:29] call client load into gpu
DEBUG 04-24 11:19:40.143576.143576 cuda_h.py:27] end **self_attn cost 1.301 ms
DEBUG 04-24 11:19:40.144792.144792 cuda_h.py:27] end load_into_gpu_async cost 1.665 ms
DEBUG 04-24 11:19:40.144985.144985 cuda_h.py:27] end *iln_self_attn_paln cost 2.327 ms
DEBUG 04-24 11:19:40.144128.144128 cuda_h.py:27] end restore_tensors2 cost 0.102 ms
DEBUG 04-24 11:19:40.144066.144066 cuda_h.py:27] end allocate_cuda_memory_and_load_into_gpu cost 2.679 ms
DEBUG 04-24 11:19:40.145233.145233 cuda_h.py:27] end gate cost 0.665 ms
DEBUG 04-24 11:19:40.145921.145921 cuda_h.py:27] end experts_map_get cost 0.282 ms
DEBUG 04-24 11:19:40.145750.145750 cuda_h.py:27] end *before experts start* cost 1.092 ms
DEBUG 04-24 11:19:40.145442.145442 cuda_h.py:27] end cpu_experts_submit_fused_mp cost 0.272 ms
DEBUG 04-24 11:19:40.147331.147331 cuda_h.py:27] end *single cpu experts* cost 1.486 ms
DEBUG 04-24 11:19:40.148251.148251 cuda_h.py:27] end prepare_group_stack cost 0.407 ms
DEBUG 04-24 11:19:40.148499.148499 cuda_h.py:27] end prepare_group_stack cost 0.580 ms
DEBUG 04-24 11:19:40.149463.149463 cuda_h.py:27] end group stack cost 0.686 ms
DEBUG 04-24 11:19:40.149566.149566 cuda_h.py:27] end move_flatidxs_group_fused_mp cost 1.328 ms
DEBUG 04-24 11:19:40.149482.149482 cuda_h.py:27] end prepare_group_stack cost 0.562 ms
DEBUG 04-24 11:19:40.149629.149629 cuda_h.py:27] end prepare_group_stack cost 0.635 ms
DEBUG 04-24 11:19:40.149604.149604 cuda_h.py:27] end get_fused_experts_names_w cost 0.023 ms
DEBUG 04-24 11:19:40.149080.149080 sllm_store_c.py:27] get device uuid map
DEBUG 04-24 11:19:40.150165.150165 sllm_store_c.py:29] call client load into gpu
DEBUG 04-24 11:19:40.150640.150640 cuda_h.py:27] end restore_fused_tensors cost 0.662 ms
DEBUG 04-24 11:19:40.150443.150443 cuda_h.py:27] end group_fused_tensors_mp cost 0.962 ms
DEBUG 04-24 11:19:40.150085.150085 cuda_h.py:27] end group stack cost 1.124 ms
DEBUG 04-24 11:19:40.150630.150630 cuda_h.py:27] end group stack cost 0.971 ms
DEBUG 04-24 11:19:40.151897.151897 cuda_h.py:27] end move_flatidxs_group_fused_mp cost 1.905 ms
DEBUG 04-24 11:19:40.151928.151928 cuda_h.py:27] end get_fused_experts_names_w cost 0.021 ms
DEBUG 04-24 11:19:40.151819.151819 cuda_h.py:27] end group stack cost 2.034 ms
DEBUG 04-24 11:19:40.151689.151689 cuda_h.py:27] end move_flatidxs_group_fused_mp cost 2.069 ms
DEBUG 04-24 11:19:40.151325.151325 cuda_h.py:27] end get_fused_experts_names_w cost 0.023 ms
DEBUG 04-24 11:19:40.151187.151187 cuda_h.py:27] end move_flatidxs_group_fused_mp cost 3.152 ms
DEBUG 04-24 11:19:40.151219.151219 cuda_h.py:27] end get_fused_experts_names_w cost 0.038 ms
DEBUG 04-24 11:19:40.151324.151324 cuda_h.py:27] end restore_fused_tensors cost 0.630 ms
DEBUG 04-24 11:19:40.151035.151035 cuda_h.py:27] end group_fused_tensors_mp cost 0.840 ms
DEBUG 04-24 11:19:40.152704.152704 cuda_h.py:27] end restore_fused_tensors cost 0.707 ms
DEBUG 04-24 11:19:40.152296.152296 cuda_h.py:27] end group_fused_tensors_mp cost 0.953 ms
DEBUG 04-24 11:19:40.152516.152516 cuda_h.py:27] end restore_fused_tensors cost 1.150 ms
DEBUG 04-24 11:19:40.153905.153905 cuda_h.py:27] end group_fused_tensors_mp cost 1.533 ms
DEBUG 04-24 11:19:40.154360.154360 cuda_h.py:27] end restore2model cost 2.129 ms
DEBUG 04-24 11:19:40.154603.154603 cuda_h.py:27] end load_into_gpu_async_fused_experts_dual cost 4.892 ms
DEBUG 04-24 11:19:40.155968.155968 cuda_h.py:27] end sllm_worker_task cost 12.977 ms
DEBUG 04-24 11:19:40.155323.155323 cuda_h.py:27] end restore_tensors2_fused_experts_packed cost 0.305 ms
DEBUG 04-24 11:19:40.157179.157179 cuda_h.py:27] end restore_tensors2_fused_experts_slices cost 0.517 ms
DEBUG 04-24 11:19:40.157777.157777 cuda_h.py:27] end allocate_experts_cuda_memory_and_restore_model_multi_device_fused cost 10.096 ms
DEBUG 04-24 11:19:40.157747.157747 cuda_h.py:27] end gpu_sexperts cost 0.020 ms
DEBUG 04-24 11:19:40.157048.157048 cuda_h.py:27] end wait_load_qkvogn_s_weight cost 0.040 ms
DEBUG 04-24 11:19:40.163553.163553 mlpmodule.py:3373] [fused_group_bmm][steps] bmm1=7.930 ms split=0.161 ms act_mul=0.478 ms bmm2=4.229 ms
DEBUG 04-24 11:19:40.163244.163244 cuda_h.py:27] end fused_group_bmm cost 13.105 ms
DEBUG 04-24 11:19:40.164199.164199 cuda_h.py:27] end gather_outputs_group_fused_mp cost 0.572 ms
DEBUG 04-24 11:19:40.165636.165636 cuda_h.py:27] end cpu_experts_worker_bmm_or_einsum_0 cost 18.472 ms
DEBUG 04-24 11:19:40.167226.167226 mlpmodule.py:3373] [fused_group_bmm][steps] bmm1=9.704 ms split=0.270 ms act_mul=0.524 ms bmm2=5.135 ms
DEBUG 04-24 11:19:40.168673.168673 cuda_h.py:27] end fused_group_bmm cost 15.983 ms
DEBUG 04-24 11:19:40.169092.169092 cuda_h.py:27] end gather_outputs_group_fused_mp cost 0.644 ms
DEBUG 04-24 11:19:40.169319.169319 cuda_h.py:27] end cpu_experts_worker_bmm_or_einsum_1 cost 21.702 ms
DEBUG 04-24 11:19:40.170391.170391 mlpmodule.py:3373] [fused_group_bmm][steps] bmm1=11.824 ms split=0.183 ms act_mul=0.472 ms bmm2=4.475 ms
DEBUG 04-24 11:19:40.170538.170538 cuda_h.py:27] end fused_group_bmm cost 17.237 ms
DEBUG 04-24 11:19:40.171601.171601 cuda_h.py:27] end gather_outputs_group_fused_mp cost 0.456 ms
DEBUG 04-24 11:19:40.171916.171916 cuda_h.py:27] end cpu_experts_worker_bmm_or_einsum_3 cost 24.752 ms
DEBUG 04-24 11:19:40.172433.172433 mlpmodule.py:3373] [fused_group_bmm][steps] bmm1=13.292 ms split=0.142 ms act_mul=0.405 ms bmm2=5.725 ms
DEBUG 04-24 11:19:40.172845.172845 cuda_h.py:27] end fused_group_bmm cost 19.836 ms
DEBUG 04-24 11:19:40.173855.173855 cuda_h.py:27] end gather_outputs_group_fused_mp cost 0.485 ms
DEBUG 04-24 11:19:40.173936.173936 cuda_h.py:27] end cpu_experts_worker_bmm_or_einsum_2 cost 25.870 ms
DEBUG 04-24 11:19:40.174750.174750 cuda_h.py:27] end prepare_per_device_parameters cost 16.459 ms
DEBUG 04-24 11:19:40.176284.176284 cuda_h.py:27] end wait_experts_multi_device cost 1.982 ms
DEBUG 04-24 11:19:40.176571.176571 cuda_h.py:27] end *before fused experts* cost 29.478 ms
DEBUG 04-24 11:19:40.180364.180364 cuda_h.py:27] end gpu_experts_multi_device_fused cost 4.056 ms
DEBUG 04-24 11:19:40.180003.180003 cuda_h.py:27] end *gpu experts* cost 33.659 ms
DEBUG 04-24 11:19:40.182847.182847 cuda_h.py:27] end cpu_experts_scatter_reduce cost 0.577 ms
DEBUG 04-24 11:19:40.182498.182498 cuda_h.py:27] end cpu_thread_manager_mp_wait_fused cost 1.700 ms
DEBUG 04-24 11:19:40.182586.182586 cuda_h.py:27] end layer_moe_generate_mp_multi_device_fused_l_8 cost 38.120 ms
DEBUG 04-24 11:19:40.183763.183763 cuda_h.py:27] end *mlp cost 38.845 ms
DEBUG 04-24 11:19:40.183852.183852 cuda_h.py:27] end prefill_layer cost 41.515 ms
DEBUG 04-24 11:19:40.183747.183747 lmp.py:341] -------------------------------- end prefill layer 7 --------------------------------
DEBUG 04-24 11:19:40.183685.183685 lmp.py:294] -------------------------------- start prefill layer 8 --------------------------------
DEBUG 04-24 11:19:40.183410.183410 cuda_h.py:27] end start_load_qkvogn_s_weight_l_9 cost 0.042 ms
DEBUG 04-24 11:19:40.184685.184685 cuda_h.py:27] end allocate_cuda_memory cost 0.353 ms
DEBUG 04-24 11:19:40.184873.184873 sllm_store_c.py:27] get device uuid map
DEBUG 04-24 11:19:40.184125.184125 sllm_store_c.py:29] call client load into gpu
DEBUG 04-24 11:19:40.186875.186875 cuda_h.py:27] end **self_attn cost 1.483 ms
DEBUG 04-24 11:19:40.186445.186445 cuda_h.py:27] end load_into_gpu_async cost 2.031 ms
DEBUG 04-24 11:19:40.186457.186457 cuda_h.py:27] end restore_tensors2 cost 0.185 ms
DEBUG 04-24 11:19:40.187322.187322 cuda_h.py:27] end allocate_cuda_memory_and_load_into_gpu cost 3.225 ms
DEBUG 04-24 11:19:40.187215.187215 cuda_h.py:27] end *iln_self_attn_paln cost 3.518 ms
DEBUG 04-24 11:19:40.188951.188951 cuda_h.py:27] end gate cost 0.556 ms
DEBUG 04-24 11:19:40.188122.188122 cuda_h.py:27] end experts_map_get cost 0.288 ms
DEBUG 04-24 11:19:40.188713.188713 cuda_h.py:27] end *before experts start* cost 0.988 ms
DEBUG 04-24 11:19:40.188755.188755 cuda_h.py:27] end cpu_experts_submit_fused_mp cost 0.213 ms
DEBUG 04-24 11:19:40.189728.189728 cuda_h.py:27] end *single cpu experts* cost 1.383 ms
DEBUG 04-24 11:19:40.191180.191180 cuda_h.py:27] end prepare_group_stack cost 0.416 ms
DEBUG 04-24 11:19:40.191895.191895 cuda_h.py:27] end prepare_group_stack cost 0.441 ms
DEBUG 04-24 11:19:40.191635.191635 cuda_h.py:27] end prepare_group_stack cost 0.511 ms
DEBUG 04-24 11:19:40.192137.192137 sllm_store_c.py:27] get device uuid map
DEBUG 04-24 11:19:40.192054.192054 sllm_store_c.py:29] call client load into gpu
DEBUG 04-24 11:19:40.192893.192893 cuda_h.py:27] end group stack cost 0.804 ms
DEBUG 04-24 11:19:40.192008.192008 cuda_h.py:27] end move_flatidxs_group_fused_mp cost 1.458 ms
DEBUG 04-24 11:19:40.192426.192426 cuda_h.py:27] end group stack cost 0.927 ms
DEBUG 04-24 11:19:40.192858.192858 cuda_h.py:27] end get_fused_experts_names_w cost 0.022 ms
DEBUG 04-24 11:19:40.192144.192144 cuda_h.py:27] end prepare_group_stack cost 0.537 ms
DEBUG 04-24 11:19:40.192658.192658 cuda_h.py:27] end move_flatidxs_group_fused_mp cost 1.664 ms
DEBUG 04-24 11:19:40.193747.193747 cuda_h.py:27] end group stack cost 0.943 ms
DEBUG 04-24 11:19:40.193254.193254 cuda_h.py:27] end get_fused_experts_names_w cost 0.020 ms
DEBUG 04-24 11:19:40.193897.193897 cuda_h.py:27] end move_flatidxs_group_fused_mp cost 1.842 ms
DEBUG 04-24 11:19:40.193606.193606 cuda_h.py:27] end get_fused_experts_names_w cost 0.018 ms
DEBUG 04-24 11:19:40.193344.193344 cuda_h.py:27] end restore_fused_tensors cost 0.518 ms
DEBUG 04-24 11:19:40.193969.193969 cuda_h.py:27] end group_fused_tensors_mp cost 0.776 ms
DEBUG 04-24 11:19:40.193901.193901 cuda_h.py:27] end restore_fused_tensors cost 0.535 ms
DEBUG 04-24 11:19:40.193029.193029 cuda_h.py:27] end group_fused_tensors_mp cost 0.806 ms
DEBUG 04-24 11:19:40.194013.194013 cuda_h.py:27] end group stack cost 1.092 ms
DEBUG 04-24 11:19:40.194453.194453 cuda_h.py:27] end restore_fused_tensors cost 0.614 ms
DEBUG 04-24 11:19:40.194004.194004 cuda_h.py:27] end group_fused_tensors_mp cost 0.842 ms
DEBUG 04-24 11:19:40.194634.194634 cuda_h.py:27] end move_flatidxs_group_fused_mp cost 1.937 ms
DEBUG 04-24 11:19:40.194683.194683 cuda_h.py:27] end get_fused_experts_names_w cost 0.021 ms
DEBUG 04-24 11:19:40.195472.195472 cuda_h.py:27] end restore_fused_tensors cost 0.644 ms
DEBUG 04-24 11:19:40.195044.195044 cuda_h.py:27] end group_fused_tensors_mp cost 0.922 ms
DEBUG 04-24 11:19:40.196523.196523 cuda_h.py:27] end restore2model cost 2.363 ms
DEBUG 04-24 11:19:40.197844.197844 cuda_h.py:27] end sllm_worker_task cost 13.465 ms
DEBUG 04-24 11:19:40.197499.197499 cuda_h.py:27] end load_into_gpu_async_fused_experts_dual cost 5.443 ms
DEBUG 04-24 11:19:40.198576.198576 cuda_h.py:27] end restore_tensors2_fused_experts_packed cost 0.224 ms
DEBUG 04-24 11:19:40.198104.198104 cuda_h.py:27] end restore_tensors2_fused_experts_slices cost 0.440 ms
DEBUG 04-24 11:19:40.199241.199241 cuda_h.py:27] end allocate_experts_cuda_memory_and_restore_model_multi_device_fused cost 9.101 ms
DEBUG 04-24 11:19:40.199825.199825 cuda_h.py:27] end gpu_sexperts cost 0.014 ms
DEBUG 04-24 11:19:40.199954.199954 cuda_h.py:27] end wait_load_qkvogn_s_weight cost 0.032 ms
DEBUG 04-24 11:19:40.203882.203882 mlpmodule.py:3373] [fused_group_bmm][steps] bmm1=5.936 ms split=0.192 ms act_mul=0.543 ms bmm2=3.434 ms
DEBUG 04-24 11:19:40.204639.204639 cuda_h.py:27] end fused_group_bmm cost 10.391 ms
DEBUG 04-24 11:19:40.204522.204522 cuda_h.py:27] end gather_outputs_group_fused_mp cost 0.422 ms
DEBUG 04-24 11:19:40.204588.204588 cuda_h.py:27] end cpu_experts_worker_bmm_or_einsum_0 cost 14.504 ms
DEBUG 04-24 11:19:40.208738.208738 mlpmodule.py:3373] [fused_group_bmm][steps] bmm1=9.574 ms split=0.136 ms act_mul=0.395 ms bmm2=3.892 ms
DEBUG 04-24 11:19:40.208992.208992 cuda_h.py:27] end fused_group_bmm cost 14.297 ms
DEBUG 04-24 11:19:40.209439.209439 cuda_h.py:27] end gather_outputs_group_fused_mp cost 0.634 ms
DEBUG 04-24 11:19:40.209309.209309 mlpmodule.py:3373] [fused_group_bmm][steps] bmm1=9.996 ms split=0.126 ms act_mul=0.336 ms bmm2=5.079 ms
DEBUG 04-24 11:19:40.209304.209304 cuda_h.py:27] end fused_group_bmm cost 15.813 ms
DEBUG 04-24 11:19:40.210710.210710 cuda_h.py:27] end cpu_experts_worker_bmm_or_einsum_1 cost 19.915 ms
DEBUG 04-24 11:19:40.210696.210696 cuda_h.py:27] end gather_outputs_group_fused_mp cost 0.455 ms
DEBUG 04-24 11:19:40.210514.210514 cuda_h.py:27] end cpu_experts_worker_bmm_or_einsum_3 cost 20.783 ms
DEBUG 04-24 11:19:40.212176.212176 mlpmodule.py:3373] [fused_group_bmm][steps] bmm1=12.520 ms split=0.117 ms act_mul=0.368 ms bmm2=4.625 ms
DEBUG 04-24 11:19:40.213506.213506 cuda_h.py:27] end fused_group_bmm cost 17.834 ms
DEBUG 04-24 11:19:40.213454.213454 cuda_h.py:27] end gather_outputs_group_fused_mp cost 0.377 ms
DEBUG 04-24 11:19:40.213201.213201 cuda_h.py:27] end cpu_experts_worker_bmm_or_einsum_2 cost 22.523 ms
DEBUG 04-24 11:19:40.215000.215000 cuda_h.py:27] end prepare_per_device_parameters cost 16.258 ms
DEBUG 04-24 11:19:40.219889.219889 cuda_h.py:27] end wait_experts_multi_device cost 3.858 ms
DEBUG 04-24 11:19:40.219493.219493 cuda_h.py:27] end *before fused experts* cost 29.915 ms
DEBUG 04-24 11:19:40.223172.223172 cuda_h.py:27] end gpu_experts_multi_device_fused cost 4.011 ms
DEBUG 04-24 11:19:40.223982.223982 cuda_h.py:27] end *gpu experts* cost 34.032 ms
DEBUG 04-24 11:19:40.225216.225216 cuda_h.py:27] end cpu_experts_scatter_reduce cost 0.576 ms
DEBUG 04-24 11:19:40.225920.225920 cuda_h.py:27] end cpu_thread_manager_mp_wait_fused cost 1.679 ms
DEBUG 04-24 11:19:40.225175.225175 cuda_h.py:27] end layer_moe_generate_mp_multi_device_fused_l_9 cost 38.302 ms
DEBUG 04-24 11:19:40.226589.226589 cuda_h.py:27] end *mlp cost 39.202 ms
DEBUG 04-24 11:19:40.226486.226486 cuda_h.py:27] end prefill_layer cost 43.112 ms
DEBUG 04-24 11:19:40.226189.226189 lmp.py:341] -------------------------------- end prefill layer 8 --------------------------------
DEBUG 04-24 11:19:40.226770.226770 lmp.py:294] -------------------------------- start prefill layer 9 --------------------------------
DEBUG 04-24 11:19:40.227210.227210 cuda_h.py:27] end start_load_qkvogn_s_weight_l_10 cost 0.043 ms
DEBUG 04-24 11:19:40.227977.227977 cuda_h.py:27] end allocate_cuda_memory cost 0.371 ms
DEBUG 04-24 11:19:40.227874.227874 sllm_store_c.py:27] get device uuid map
DEBUG 04-24 11:19:40.228656.228656 sllm_store_c.py:29] call client load into gpu
DEBUG 04-24 11:19:40.229889.229889 cuda_h.py:27] end **self_attn cost 1.180 ms
DEBUG 04-24 11:19:40.229195.229195 cuda_h.py:27] end *iln_self_attn_paln cost 2.953 ms
DEBUG 04-24 11:19:40.230622.230622 cuda_h.py:27] end load_into_gpu_async cost 2.549 ms
DEBUG 04-24 11:19:40.230910.230910 cuda_h.py:27] end restore_tensors2 cost 0.183 ms
DEBUG 04-24 11:19:40.230629.230629 cuda_h.py:27] end allocate_cuda_memory_and_load_into_gpu cost 3.712 ms
DEBUG 04-24 11:19:40.231821.231821 cuda_h.py:27] end gate cost 1.221 ms
DEBUG 04-24 11:19:40.231656.231656 cuda_h.py:27] end experts_map_get cost 0.301 ms
DEBUG 04-24 11:19:40.231962.231962 cuda_h.py:27] end *before experts start* cost 1.688 ms
DEBUG 04-24 11:19:40.231904.231904 cuda_h.py:27] end cpu_experts_submit_fused_mp cost 0.211 ms
DEBUG 04-24 11:19:40.233214.233214 cuda_h.py:27] end *single cpu experts* cost 1.348 ms
DEBUG 04-24 11:19:40.234507.234507 cuda_h.py:27] end prepare_group_stack cost 0.533 ms
DEBUG 04-24 11:19:40.235131.235131 cuda_h.py:27] end group stack cost 0.920 ms
DEBUG 04-24 11:19:40.235071.235071 cuda_h.py:27] end prepare_group_stack cost 0.440 ms
DEBUG 04-24 11:19:40.235191.235191 cuda_h.py:27] end move_flatidxs_group_fused_mp cost 1.793 ms
DEBUG 04-24 11:19:40.235033.235033 cuda_h.py:27] end prepare_group_stack cost 0.637 ms
DEBUG 04-24 11:19:40.235717.235717 cuda_h.py:27] end get_fused_experts_names_w cost 0.018 ms
DEBUG 04-24 11:19:40.235827.235827 cuda_h.py:27] end prepare_group_stack cost 0.626 ms
DEBUG 04-24 11:19:40.235541.235541 sllm_store_c.py:27] get device uuid map
DEBUG 04-24 11:19:40.236394.236394 sllm_store_c.py:29] call client load into gpu
DEBUG 04-24 11:19:40.236442.236442 cuda_h.py:27] end restore_fused_tensors cost 0.498 ms
DEBUG 04-24 11:19:40.236100.236100 cuda_h.py:27] end group_fused_tensors_mp cost 0.795 ms
DEBUG 04-24 11:19:40.236214.236214 cuda_h.py:27] end group stack cost 1.153 ms
DEBUG 04-24 11:19:40.236157.236157 cuda_h.py:27] end group stack cost 0.892 ms
DEBUG 04-24 11:19:40.236701.236701 cuda_h.py:27] end move_flatidxs_group_fused_mp cost 1.876 ms
DEBUG 04-24 11:19:40.236198.236198 cuda_h.py:27] end group stack cost 0.879 ms
DEBUG 04-24 11:19:40.237693.237693 cuda_h.py:27] end move_flatidxs_group_fused_mp cost 1.983 ms
DEBUG 04-24 11:19:40.237959.237959 cuda_h.py:27] end get_fused_experts_names_w cost 0.025 ms
DEBUG 04-24 11:19:40.237006.237006 cuda_h.py:27] end move_flatidxs_group_fused_mp cost 2.049 ms
DEBUG 04-24 11:19:40.237157.237157 cuda_h.py:27] end get_fused_experts_names_w cost 0.019 ms
DEBUG 04-24 11:19:40.237165.237165 cuda_h.py:27] end get_fused_experts_names_w cost 0.030 ms
DEBUG 04-24 11:19:40.238823.238823 cuda_h.py:27] end restore_fused_tensors cost 0.662 ms
DEBUG 04-24 11:19:40.238406.238406 cuda_h.py:27] end restore_fused_tensors cost 0.718 ms
DEBUG 04-24 11:19:40.238043.238043 cuda_h.py:27] end group_fused_tensors_mp cost 0.782 ms
DEBUG 04-24 11:19:40.238348.238348 cuda_h.py:27] end group_fused_tensors_mp cost 0.984 ms
DEBUG 04-24 11:19:40.238336.238336 cuda_h.py:27] end restore_fused_tensors cost 0.967 ms
DEBUG 04-24 11:19:40.238955.238955 cuda_h.py:27] end group_fused_tensors_mp cost 1.284 ms
DEBUG 04-24 11:19:40.238766.238766 cuda_h.py:27] end load_into_gpu_async_fused_experts_dual cost 2.977 ms
DEBUG 04-24 11:19:40.239426.239426 cuda_h.py:27] end restore_tensors2_fused_experts_packed cost 0.059 ms
DEBUG 04-24 11:19:40.240441.240441 cuda_h.py:27] end restore_tensors2_fused_experts_slices cost 0.782 ms
DEBUG 04-24 11:19:40.241469.241469 cuda_h.py:27] end allocate_experts_cuda_memory_and_restore_model_multi_device_fused cost 8.292 ms
DEBUG 04-24 11:19:40.241717.241717 cuda_h.py:27] end restore2model cost 3.817 ms
DEBUG 04-24 11:19:40.241503.241503 cuda_h.py:27] end gpu_sexperts cost 0.023 ms
DEBUG 04-24 11:19:40.242994.242994 cuda_h.py:27] end sllm_worker_task cost 15.178 ms
DEBUG 04-24 11:19:40.242165.242165 cuda_h.py:27] end wait_load_qkvogn_s_weight cost 0.264 ms
DEBUG 04-24 11:19:40.249600.249600 mlpmodule.py:3373] [fused_group_bmm][steps] bmm1=6.773 ms split=0.170 ms act_mul=0.474 ms bmm2=3.280 ms
DEBUG 04-24 11:19:40.249039.249039 cuda_h.py:27] end fused_group_bmm cost 10.988 ms
DEBUG 04-24 11:19:40.250422.250422 cuda_h.py:27] end gather_outputs_group_fused_mp cost 0.510 ms
DEBUG 04-24 11:19:40.251763.251763 cuda_h.py:27] end cpu_experts_worker_bmm_or_einsum_0 cost 17.122 ms
DEBUG 04-24 11:19:40.252169.252169 mlpmodule.py:3373] [fused_group_bmm][steps] bmm1=9.315 ms split=0.139 ms act_mul=0.372 ms bmm2=5.743 ms
DEBUG 04-24 11:19:40.252937.252937 cuda_h.py:27] end fused_group_bmm cost 15.779 ms
DEBUG 04-24 11:19:40.252681.252681 cuda_h.py:27] end gather_outputs_group_fused_mp cost 0.435 ms
DEBUG 04-24 11:19:40.253384.253384 cuda_h.py:27] end cpu_experts_worker_bmm_or_einsum_2 cost 20.183 ms
DEBUG 04-24 11:19:40.254770.254770 mlpmodule.py:3373] [fused_group_bmm][steps] bmm1=11.033 ms split=0.188 ms act_mul=0.350 ms bmm2=4.392 ms
DEBUG 04-24 11:19:40.254661.254661 cuda_h.py:27] end fused_group_bmm cost 16.321 ms
DEBUG 04-24 11:19:40.255402.255402 cuda_h.py:27] end gather_outputs_group_fused_mp cost 0.496 ms
DEBUG 04-24 11:19:40.255267.255267 cuda_h.py:27] end cpu_experts_worker_bmm_or_einsum_3 cost 21.893 ms
DEBUG 04-24 11:19:40.256059.256059 mlpmodule.py:3373] [fused_group_bmm][steps] bmm1=12.774 ms split=0.430 ms act_mul=0.610 ms bmm2=3.962 ms
DEBUG 04-24 11:19:40.256000.256000 cuda_h.py:27] end fused_group_bmm cost 18.342 ms
DEBUG 04-24 11:19:40.257253.257253 cuda_h.py:27] end gather_outputs_group_fused_mp cost 0.890 ms
DEBUG 04-24 11:19:40.258749.258749 cuda_h.py:27] end cpu_experts_worker_bmm_or_einsum_1 cost 24.802 ms
DEBUG 04-24 11:19:40.259307.259307 cuda_h.py:27] end prepare_per_device_parameters cost 16.372 ms
DEBUG 04-24 11:19:40.262840.262840 cuda_h.py:27] end wait_experts_multi_device cost 3.100 ms
DEBUG 04-24 11:19:40.262120.262120 cuda_h.py:27] end *before fused experts* cost 29.582 ms
DEBUG 04-24 11:19:40.267025.267025 cuda_h.py:27] end gpu_experts_multi_device_fused cost 4.454 ms
DEBUG 04-24 11:19:40.267981.267981 cuda_h.py:27] end *gpu experts* cost 34.151 ms
DEBUG 04-24 11:19:40.269941.269941 cuda_h.py:27] end cpu_experts_scatter_reduce cost 0.595 ms
DEBUG 04-24 11:19:40.269307.269307 cuda_h.py:27] end cpu_thread_manager_mp_wait_fused cost 1.771 ms
DEBUG 04-24 11:19:40.269039.269039 cuda_h.py:27] end layer_moe_generate_mp_multi_device_fused_l_10 cost 39.175 ms
DEBUG 04-24 11:19:40.270347.270347 cuda_h.py:27] end *mlp cost 40.278 ms
DEBUG 04-24 11:19:40.270960.270960 cuda_h.py:27] end prefill_layer cost 43.432 ms
DEBUG 04-24 11:19:40.270093.270093 lmp.py:341] -------------------------------- end prefill layer 9 --------------------------------
DEBUG 04-24 11:19:40.270662.270662 lmp.py:294] -------------------------------- start prefill layer 10 --------------------------------
DEBUG 04-24 11:19:40.270764.270764 cuda_h.py:27] end start_load_qkvogn_s_weight_l_11 cost 0.041 ms
DEBUG 04-24 11:19:40.271801.271801 cuda_h.py:27] end allocate_cuda_memory cost 0.359 ms
DEBUG 04-24 11:19:40.271241.271241 sllm_store_c.py:27] get device uuid map
DEBUG 04-24 11:19:40.271617.271617 sllm_store_c.py:29] call client load into gpu
DEBUG 04-24 11:19:40.273269.273269 cuda_h.py:27] end **self_attn cost 1.589 ms
DEBUG 04-24 11:19:40.273431.273431 cuda_h.py:27] end load_into_gpu_async cost 2.096 ms
DEBUG 04-24 11:19:40.274813.274813 cuda_h.py:27] end restore_tensors2 cost 0.288 ms
DEBUG 04-24 11:19:40.274407.274407 cuda_h.py:27] end allocate_cuda_memory_and_load_into_gpu cost 3.515 ms
DEBUG 04-24 11:19:40.274365.274365 cuda_h.py:27] end *iln_self_attn_paln cost 3.752 ms
DEBUG 04-24 11:19:40.275088.275088 cuda_h.py:27] end gate cost 0.532 ms
DEBUG 04-24 11:19:40.275333.275333 cuda_h.py:27] end experts_map_get cost 0.309 ms
DEBUG 04-24 11:19:40.275685.275685 cuda_h.py:27] end *before experts start* cost 0.982 ms
DEBUG 04-24 11:19:40.276303.276303 cuda_h.py:27] end cpu_experts_submit_fused_mp cost 0.218 ms
DEBUG 04-24 11:19:40.277496.277496 cuda_h.py:27] end *single cpu experts* cost 1.235 ms
DEBUG 04-24 11:19:40.278488.278488 cuda_h.py:27] end prepare_group_stack cost 0.427 ms
DEBUG 04-24 11:19:40.278608.278608 cuda_h.py:27] end prepare_group_stack cost 0.397 ms
DEBUG 04-24 11:19:40.278661.278661 cuda_h.py:27] end prepare_group_stack cost 0.567 ms
DEBUG 04-24 11:19:40.279615.279615 cuda_h.py:27] end group stack cost 0.705 ms
DEBUG 04-24 11:19:40.279095.279095 cuda_h.py:27] end move_flatidxs_group_fused_mp cost 1.341 ms
DEBUG 04-24 11:19:40.279215.279215 sllm_store_c.py:27] get device uuid map
DEBUG 04-24 11:19:40.279776.279776 sllm_store_c.py:29] call client load into gpu
DEBUG 04-24 11:19:40.279975.279975 cuda_h.py:27] end get_fused_experts_names_w cost 0.024 ms
DEBUG 04-24 11:19:40.279136.279136 cuda_h.py:27] end group stack cost 1.256 ms
DEBUG 04-24 11:19:40.280546.280546 cuda_h.py:27] end move_flatidxs_group_fused_mp cost 1.998 ms
DEBUG 04-24 11:19:40.280022.280022 cuda_h.py:27] end get_fused_experts_names_w cost 0.023 ms
DEBUG 04-24 11:19:40.280465.280465 cuda_h.py:27] end group stack cost 1.354 ms
DEBUG 04-24 11:19:40.280898.280898 cuda_h.py:27] end prepare_group_stack cost 0.649 ms
DEBUG 04-24 11:19:40.280560.280560 cuda_h.py:27] end move_flatidxs_group_fused_mp cost 2.306 ms
DEBUG 04-24 11:19:40.280751.280751 cuda_h.py:27] end get_fused_experts_names_w cost 0.023 ms
DEBUG 04-24 11:19:40.280475.280475 cuda_h.py:27] end restore_fused_tensors cost 0.687 ms
DEBUG 04-24 11:19:40.280480.280480 cuda_h.py:27] end group_fused_tensors_mp cost 1.068 ms
DEBUG 04-24 11:19:40.281926.281926 cuda_h.py:27] end restore_fused_tensors cost 0.499 ms
DEBUG 04-24 11:19:40.281023.281023 cuda_h.py:27] end group_fused_tensors_mp cost 0.834 ms
DEBUG 04-24 11:19:40.281655.281655 cuda_h.py:27] end restore_fused_tensors cost 0.666 ms
DEBUG 04-24 11:19:40.281863.281863 cuda_h.py:27] end group_fused_tensors_mp cost 0.986 ms
DEBUG 04-24 11:19:40.282796.282796 cuda_h.py:27] end group stack cost 1.724 ms
DEBUG 04-24 11:19:40.282052.282052 cuda_h.py:27] end move_flatidxs_group_fused_mp cost 2.682 ms
DEBUG 04-24 11:19:40.282300.282300 cuda_h.py:27] end get_fused_experts_names_w cost 0.055 ms
DEBUG 04-24 11:19:40.283445.283445 cuda_h.py:27] end restore_fused_tensors cost 0.896 ms
DEBUG 04-24 11:19:40.283123.283123 cuda_h.py:27] end group_fused_tensors_mp cost 1.300 ms
DEBUG 04-24 11:19:40.287363.287363 cuda_h.py:27] end restore2model cost 1.114 ms
DEBUG 04-24 11:19:40.287058.287058 cuda_h.py:27] end sllm_worker_task cost 17.029 ms
DEBUG 04-24 11:19:40.288982.288982 cuda_h.py:27] end load_into_gpu_async_fused_experts_dual cost 8.446 ms
DEBUG 04-24 11:19:40.288871.288871 cuda_h.py:27] end restore_tensors2_fused_experts_packed cost 0.268 ms
DEBUG 04-24 11:19:40.289556.289556 cuda_h.py:27] end restore_tensors2_fused_experts_slices cost 0.829 ms
DEBUG 04-24 11:19:40.290600.290600 cuda_h.py:27] end allocate_experts_cuda_memory_and_restore_model_multi_device_fused cost 13.128 ms
DEBUG 04-24 11:19:40.290905.290905 cuda_h.py:27] end gpu_sexperts cost 0.015 ms
DEBUG 04-24 11:19:40.291355.291355 cuda_h.py:27] end wait_load_qkvogn_s_weight cost 0.061 ms
DEBUG 04-24 11:19:40.291621.291621 mlpmodule.py:3373] [fused_group_bmm][steps] bmm1=6.130 ms split=0.154 ms act_mul=0.490 ms bmm2=3.059 ms
DEBUG 04-24 11:19:40.291596.291596 cuda_h.py:27] end fused_group_bmm cost 10.314 ms
DEBUG 04-24 11:19:40.292722.292722 cuda_h.py:27] end gather_outputs_group_fused_mp cost 0.567 ms
DEBUG 04-24 11:19:40.293510.293510 cuda_h.py:27] end cpu_experts_worker_bmm_or_einsum_0 cost 15.675 ms
DEBUG 04-24 11:19:40.293605.293605 mlpmodule.py:3373] [fused_group_bmm][steps] bmm1=7.488 ms split=0.141 ms act_mul=0.354 ms bmm2=4.094 ms
DEBUG 04-24 11:19:40.293202.293202 cuda_h.py:27] end fused_group_bmm cost 12.340 ms
DEBUG 04-24 11:19:40.294721.294721 cuda_h.py:27] end gather_outputs_group_fused_mp cost 0.439 ms
DEBUG 04-24 11:19:40.294175.294175 cuda_h.py:27] end cpu_experts_worker_bmm_or_einsum_3 cost 17.335 ms
DEBUG 04-24 11:19:40.296443.296443 mlpmodule.py:3373] [fused_group_bmm][steps] bmm1=8.369 ms split=0.136 ms act_mul=0.493 ms bmm2=5.177 ms
DEBUG 04-24 11:19:40.296596.296596 cuda_h.py:27] end fused_group_bmm cost 14.447 ms
DEBUG 04-24 11:19:40.296647.296647 cuda_h.py:27] end gather_outputs_group_fused_mp cost 0.485 ms
DEBUG 04-24 11:19:40.296593.296593 cuda_h.py:27] end cpu_experts_worker_bmm_or_einsum_2 cost 19.504 ms
DEBUG 04-24 11:19:40.297001.297001 mlpmodule.py:3373] [fused_group_bmm][steps] bmm1=8.859 ms split=0.128 ms act_mul=0.378 ms bmm2=4.269 ms
DEBUG 04-24 11:19:40.297538.297538 cuda_h.py:27] end fused_group_bmm cost 13.888 ms
DEBUG 04-24 11:19:40.298997.298997 cuda_h.py:27] end gather_outputs_group_fused_mp cost 0.601 ms
DEBUG 04-24 11:19:40.299576.299576 cuda_h.py:27] end cpu_experts_worker_bmm_or_einsum_1 cost 20.991 ms
DEBUG 04-24 11:19:40.304034.304034 cuda_h.py:27] end prepare_per_device_parameters cost 13.343 ms
DEBUG 04-24 11:19:40.308422.308422 cuda_h.py:27] end wait_experts_multi_device cost 3.577 ms
DEBUG 04-24 11:19:40.308904.308904 cuda_h.py:27] end *before fused experts* cost 31.313 ms
DEBUG 04-24 11:19:40.312317.312317 cuda_h.py:27] end gpu_experts_multi_device_fused cost 4.155 ms
DEBUG 04-24 11:19:40.312267.312267 cuda_h.py:27] end *gpu experts* cost 35.628 ms
DEBUG 04-24 11:19:40.314906.314906 cuda_h.py:27] end cpu_experts_scatter_reduce cost 0.588 ms
DEBUG 04-24 11:19:40.314935.314935 cuda_h.py:27] end cpu_thread_manager_mp_wait_fused cost 1.724 ms
DEBUG 04-24 11:19:40.314805.314805 cuda_h.py:27] end layer_moe_generate_mp_multi_device_fused_l_11 cost 39.764 ms
DEBUG 04-24 11:19:40.315568.315568 cuda_h.py:27] end *mlp cost 40.781 ms
DEBUG 04-24 11:19:40.315941.315941 cuda_h.py:27] end prefill_layer cost 45.113 ms
DEBUG 04-24 11:19:40.315597.315597 lmp.py:341] -------------------------------- end prefill layer 10 --------------------------------
DEBUG 04-24 11:19:40.315624.315624 lmp.py:294] -------------------------------- start prefill layer 11 --------------------------------
DEBUG 04-24 11:19:40.315149.315149 cuda_h.py:27] end start_load_qkvogn_s_weight_l_12 cost 0.039 ms
DEBUG 04-24 11:19:40.316108.316108 cuda_h.py:27] end allocate_cuda_memory cost 0.228 ms
DEBUG 04-24 11:19:40.316186.316186 sllm_store_c.py:27] get device uuid map
DEBUG 04-24 11:19:40.316801.316801 sllm_store_c.py:29] call client load into gpu
DEBUG 04-24 11:19:40.318513.318513 cuda_h.py:27] end **self_attn cost 1.593 ms
DEBUG 04-24 11:19:40.318793.318793 cuda_h.py:27] end *iln_self_attn_paln cost 2.660 ms
DEBUG 04-24 11:19:40.318058.318058 cuda_h.py:27] end load_into_gpu_async cost 2.288 ms
DEBUG 04-24 11:19:40.319476.319476 cuda_h.py:27] end restore_tensors2 cost 0.101 ms
DEBUG 04-24 11:19:40.319790.319790 cuda_h.py:27] end allocate_cuda_memory_and_load_into_gpu cost 3.030 ms
DEBUG 04-24 11:19:40.319074.319074 cuda_h.py:27] end gate cost 0.834 ms
DEBUG 04-24 11:19:40.320702.320702 cuda_h.py:27] end experts_map_get cost 0.274 ms
DEBUG 04-24 11:19:40.320293.320293 cuda_h.py:27] end *before experts start* cost 1.252 ms
DEBUG 04-24 11:19:40.320415.320415 cuda_h.py:27] end cpu_experts_submit_fused_mp cost 0.237 ms
DEBUG 04-24 11:19:40.321800.321800 cuda_h.py:27] end *single cpu experts* cost 1.255 ms
DEBUG 04-24 11:19:40.322389.322389 cuda_h.py:27] end prepare_group_stack cost 0.396 ms
DEBUG 04-24 11:19:40.322324.322324 cuda_h.py:27] end prepare_group_stack cost 0.592 ms
DEBUG 04-24 11:19:40.323934.323934 cuda_h.py:27] end prepare_group_stack cost 0.539 ms
DEBUG 04-24 11:19:40.323253.323253 cuda_h.py:27] end group stack cost 0.955 ms
DEBUG 04-24 11:19:40.323349.323349 cuda_h.py:27] end move_flatidxs_group_fused_mp cost 1.579 ms
DEBUG 04-24 11:19:40.323251.323251 cuda_h.py:27] end prepare_group_stack cost 0.629 ms
DEBUG 04-24 11:19:40.324792.324792 sllm_store_c.py:27] get device uuid map
DEBUG 04-24 11:19:40.324529.324529 cuda_h.py:27] end get_fused_experts_names_w cost 0.022 ms
DEBUG 04-24 11:19:40.324410.324410 sllm_store_c.py:29] call client load into gpu
DEBUG 04-24 11:19:40.324843.324843 cuda_h.py:27] end group stack cost 0.970 ms
DEBUG 04-24 11:19:40.324158.324158 cuda_h.py:27] end move_flatidxs_group_fused_mp cost 1.703 ms
DEBUG 04-24 11:19:40.324027.324027 cuda_h.py:27] end restore_fused_tensors cost 0.675 ms
DEBUG 04-24 11:19:40.325210.325210 cuda_h.py:27] end group stack cost 0.947 ms
DEBUG 04-24 11:19:40.325921.325921 cuda_h.py:27] end group_fused_tensors_mp cost 1.053 ms
DEBUG 04-24 11:19:40.325689.325689 cuda_h.py:27] end get_fused_experts_names_w cost 0.018 ms
DEBUG 04-24 11:19:40.325473.325473 cuda_h.py:27] end move_flatidxs_group_fused_mp cost 1.943 ms
DEBUG 04-24 11:19:40.325084.325084 cuda_h.py:27] end group stack cost 2.120 ms
DEBUG 04-24 11:19:40.325928.325928 cuda_h.py:27] end get_fused_experts_names_w cost 0.023 ms
DEBUG 04-24 11:19:40.325606.325606 cuda_h.py:27] end move_flatidxs_group_fused_mp cost 3.286 ms
DEBUG 04-24 11:19:40.325063.325063 cuda_h.py:27] end get_fused_experts_names_w cost 0.042 ms
DEBUG 04-24 11:19:40.325991.325991 cuda_h.py:27] end restore_fused_tensors cost 0.544 ms
DEBUG 04-24 11:19:40.326406.326406 cuda_h.py:27] end group_fused_tensors_mp cost 0.865 ms
DEBUG 04-24 11:19:40.326112.326112 cuda_h.py:27] end restore_fused_tensors cost 0.745 ms
DEBUG 04-24 11:19:40.326559.326559 cuda_h.py:27] end group_fused_tensors_mp cost 1.053 ms
DEBUG 04-24 11:19:40.327995.327995 cuda_h.py:27] end restore_fused_tensors cost 1.168 ms
DEBUG 04-24 11:19:40.327794.327794 cuda_h.py:27] end group_fused_tensors_mp cost 1.538 ms
DEBUG 04-24 11:19:40.329975.329975 cuda_h.py:27] end load_into_gpu_async_fused_experts_dual cost 5.587 ms
DEBUG 04-24 11:19:40.330014.330014 cuda_h.py:27] end restore_tensors2_fused_experts_packed cost 0.173 ms
DEBUG 04-24 11:19:40.330723.330723 cuda_h.py:27] end restore2model cost 3.132 ms
DEBUG 04-24 11:19:40.331852.331852 cuda_h.py:27] end restore_tensors2_fused_experts_slices cost 0.392 ms
DEBUG 04-24 11:19:40.331904.331904 cuda_h.py:27] end sllm_worker_task cost 15.148 ms
DEBUG 04-24 11:19:40.331810.331810 cuda_h.py:27] end allocate_experts_cuda_memory_and_restore_model_multi_device_fused cost 10.116 ms
DEBUG 04-24 11:19:40.332815.332815 cuda_h.py:27] end gpu_sexperts cost 0.021 ms
DEBUG 04-24 11:19:40.332532.332532 cuda_h.py:27] end wait_load_qkvogn_s_weight cost 0.029 ms
DEBUG 04-24 11:19:40.337301.337301 mlpmodule.py:3373] [fused_group_bmm][steps] bmm1=7.039 ms split=0.184 ms act_mul=0.555 ms bmm2=4.800 ms
DEBUG 04-24 11:19:40.338807.338807 cuda_h.py:27] end fused_group_bmm cost 12.887 ms
DEBUG 04-24 11:19:40.338825.338825 cuda_h.py:27] end gather_outputs_group_fused_mp cost 0.482 ms
DEBUG 04-24 11:19:40.339022.339022 cuda_h.py:27] end cpu_experts_worker_bmm_or_einsum_0 cost 17.911 ms
DEBUG 04-24 11:19:40.343445.343445 mlpmodule.py:3373] [fused_group_bmm][steps] bmm1=11.998 ms split=0.138 ms act_mul=0.475 ms bmm2=4.597 ms
DEBUG 04-24 11:19:40.343077.343077 cuda_h.py:27] end fused_group_bmm cost 17.709 ms
DEBUG 04-24 11:19:40.344445.344445 cuda_h.py:27] end gather_outputs_group_fused_mp cost 0.636 ms
DEBUG 04-24 11:19:40.345178.345178 cuda_h.py:27] end cpu_experts_worker_bmm_or_einsum_1 cost 23.118 ms
DEBUG 04-24 11:19:40.345588.345588 mlpmodule.py:3373] [fused_group_bmm][steps] bmm1=11.286 ms split=0.123 ms act_mul=0.372 ms bmm2=5.919 ms
DEBUG 04-24 11:19:40.345311.345311 cuda_h.py:27] end fused_group_bmm cost 18.163 ms
DEBUG 04-24 11:19:40.346526.346526 cuda_h.py:27] end gather_outputs_group_fused_mp cost 0.492 ms
DEBUG 04-24 11:19:40.346973.346973 cuda_h.py:27] end cpu_experts_worker_bmm_or_einsum_3 cost 25.440 ms
DEBUG 04-24 11:19:40.347242.347242 mlpmodule.py:3373] [fused_group_bmm][steps] bmm1=15.053 ms split=0.186 ms act_mul=0.527 ms bmm2=5.233 ms
DEBUG 04-24 11:19:40.347472.347472 cuda_h.py:27] end fused_group_bmm cost 21.218 ms
DEBUG 04-24 11:19:40.348950.348950 cuda_h.py:27] end gather_outputs_group_fused_mp cost 0.381 ms
DEBUG 04-24 11:19:40.348022.348022 cuda_h.py:27] end cpu_experts_worker_bmm_or_einsum_2 cost 26.562 ms
DEBUG 04-24 11:19:40.350211.350211 cuda_h.py:27] end prepare_per_device_parameters cost 17.711 ms
DEBUG 04-24 11:19:40.354990.354990 cuda_h.py:27] end wait_experts_multi_device cost 4.333 ms
DEBUG 04-24 11:19:40.354987.354987 cuda_h.py:27] end *before fused experts* cost 33.403 ms
DEBUG 04-24 11:19:40.359439.359439 cuda_h.py:27] end gpu_experts_multi_device_fused cost 4.359 ms
DEBUG 04-24 11:19:40.359156.359156 cuda_h.py:27] end *gpu experts* cost 37.886 ms
DEBUG 04-24 11:19:40.361479.361479 cuda_h.py:27] end cpu_experts_scatter_reduce cost 0.618 ms
DEBUG 04-24 11:19:40.361468.361468 cuda_h.py:27] end cpu_thread_manager_mp_wait_fused cost 2.322 ms
DEBUG 04-24 11:19:40.361861.361861 cuda_h.py:27] end layer_moe_generate_mp_multi_device_fused_l_12 cost 42.929 ms
DEBUG 04-24 11:19:40.362603.362603 cuda_h.py:27] end *mlp cost 43.718 ms
DEBUG 04-24 11:19:40.362214.362214 cuda_h.py:27] end prefill_layer cost 46.713 ms
DEBUG 04-24 11:19:40.362917.362917 lmp.py:341] -------------------------------- end prefill layer 11 --------------------------------
DEBUG 04-24 11:19:40.362612.362612 lmp.py:294] -------------------------------- start prefill layer 12 --------------------------------
DEBUG 04-24 11:19:40.362906.362906 cuda_h.py:27] end start_load_qkvogn_s_weight_l_13 cost 0.042 ms
DEBUG 04-24 11:19:40.363004.363004 cuda_h.py:27] end allocate_cuda_memory cost 0.219 ms
DEBUG 04-24 11:19:40.363559.363559 sllm_store_c.py:27] get device uuid map
DEBUG 04-24 11:19:40.363514.363514 sllm_store_c.py:29] call client load into gpu
DEBUG 04-24 11:19:40.365023.365023 cuda_h.py:27] end **self_attn cost 1.318 ms
DEBUG 04-24 11:19:40.365706.365706 cuda_h.py:27] end *iln_self_attn_paln cost 2.358 ms
DEBUG 04-24 11:19:40.365897.365897 cuda_h.py:27] end load_into_gpu_async cost 2.179 ms
DEBUG 04-24 11:19:40.365677.365677 cuda_h.py:27] end restore_tensors2 cost 0.095 ms
DEBUG 04-24 11:19:40.365501.365501 cuda_h.py:27] end allocate_cuda_memory_and_load_into_gpu cost 2.852 ms
DEBUG 04-24 11:19:40.366363.366363 cuda_h.py:27] end gate cost 0.881 ms
DEBUG 04-24 11:19:40.366886.366886 cuda_h.py:27] end experts_map_get cost 0.297 ms
DEBUG 04-24 11:19:40.366431.366431 cuda_h.py:27] end *before experts start* cost 1.328 ms
DEBUG 04-24 11:19:40.367391.367391 cuda_h.py:27] end cpu_experts_submit_fused_mp cost 0.216 ms
DEBUG 04-24 11:19:40.368255.368255 cuda_h.py:27] end *single cpu experts* cost 1.306 ms
DEBUG 04-24 11:19:40.369680.369680 cuda_h.py:27] end prepare_group_stack cost 0.470 ms
DEBUG 04-24 11:19:40.369849.369849 cuda_h.py:27] end prepare_group_stack cost 0.548 ms
DEBUG 04-24 11:19:40.370618.370618 sllm_store_c.py:27] get device uuid map
DEBUG 04-24 11:19:40.370283.370283 sllm_store_c.py:29] call client load into gpu
DEBUG 04-24 11:19:40.370370.370370 cuda_h.py:27] end group stack cost 0.698 ms
DEBUG 04-24 11:19:40.370904.370904 cuda_h.py:27] end move_flatidxs_group_fused_mp cost 1.437 ms
DEBUG 04-24 11:19:40.370440.370440 cuda_h.py:27] end prepare_group_stack cost 0.404 ms
DEBUG 04-24 11:19:40.370942.370942 cuda_h.py:27] end get_fused_experts_names_w cost 0.032 ms
DEBUG 04-24 11:19:40.370062.370062 cuda_h.py:27] end prepare_group_stack cost 0.530 ms
DEBUG 04-24 11:19:40.371061.371061 cuda_h.py:27] end group stack cost 1.117 ms
DEBUG 04-24 11:19:40.371736.371736 cuda_h.py:27] end move_flatidxs_group_fused_mp cost 1.961 ms
DEBUG 04-24 11:19:40.371451.371451 cuda_h.py:27] end get_fused_experts_names_w cost 0.017 ms
DEBUG 04-24 11:19:40.371447.371447 cuda_h.py:27] end restore_fused_tensors cost 0.675 ms
DEBUG 04-24 11:19:40.371410.371410 cuda_h.py:27] end group_fused_tensors_mp cost 0.946 ms
DEBUG 04-24 11:19:40.372038.372038 cuda_h.py:27] end restore_fused_tensors cost 0.504 ms
DEBUG 04-24 11:19:40.372260.372260 cuda_h.py:27] end group_fused_tensors_mp cost 0.651 ms
DEBUG 04-24 11:19:40.372812.372812 cuda_h.py:27] end group stack cost 1.239 ms
DEBUG 04-24 11:19:40.372150.372150 cuda_h.py:27] end move_flatidxs_group_fused_mp cost 2.041 ms
DEBUG 04-24 11:19:40.372147.372147 cuda_h.py:27] end group stack cost 1.373 ms
DEBUG 04-24 11:19:40.372084.372084 cuda_h.py:27] end get_fused_experts_names_w cost 0.025 ms
DEBUG 04-24 11:19:40.372025.372025 cuda_h.py:27] end move_flatidxs_group_fused_mp cost 2.425 ms
DEBUG 04-24 11:19:40.373663.373663 cuda_h.py:27] end get_fused_experts_names_w cost 0.024 ms
DEBUG 04-24 11:19:40.373114.373114 cuda_h.py:27] end restore_fused_tensors cost 0.642 ms
DEBUG 04-24 11:19:40.373156.373156 cuda_h.py:27] end group_fused_tensors_mp cost 0.784 ms
DEBUG 04-24 11:19:40.373736.373736 cuda_h.py:27] end restore_fused_tensors cost 0.743 ms
DEBUG 04-24 11:19:40.373215.373215 cuda_h.py:27] end group_fused_tensors_mp cost 0.892 ms
DEBUG 04-24 11:19:40.375798.375798 cuda_h.py:27] end restore2model cost 1.587 ms
DEBUG 04-24 11:19:40.375966.375966 cuda_h.py:27] end sllm_worker_task cost 12.760 ms
DEBUG 04-24 11:19:40.376015.376015 cuda_h.py:27] end load_into_gpu_async_fused_experts_dual cost 5.723 ms
DEBUG 04-24 11:19:40.376612.376612 cuda_h.py:27] end restore_tensors2_fused_experts_packed cost 0.183 ms
DEBUG 04-24 11:19:40.376793.376793 cuda_h.py:27] end restore_tensors2_fused_experts_slices cost 0.397 ms
DEBUG 04-24 11:19:40.377681.377681 cuda_h.py:27] end allocate_experts_cuda_memory_and_restore_model_multi_device_fused cost 8.887 ms
DEBUG 04-24 11:19:40.377159.377159 cuda_h.py:27] end gpu_sexperts cost 0.013 ms
DEBUG 04-24 11:19:40.377778.377778 cuda_h.py:27] end wait_load_qkvogn_s_weight cost 0.027 ms
DEBUG 04-24 11:19:40.381302.381302 mlpmodule.py:3373] [fused_group_bmm][steps] bmm1=5.405 ms split=0.169 ms act_mul=0.514 ms bmm2=3.555 ms
DEBUG 04-24 11:19:40.382685.382685 cuda_h.py:27] end fused_group_bmm cost 10.082 ms
DEBUG 04-24 11:19:40.382361.382361 cuda_h.py:27] end gather_outputs_group_fused_mp cost 0.551 ms
DEBUG 04-24 11:19:40.383784.383784 cuda_h.py:27] end cpu_experts_worker_bmm_or_einsum_0 cost 14.896 ms
DEBUG 04-24 11:19:40.387997.387997 mlpmodule.py:3373] [fused_group_bmm][steps] bmm1=8.931 ms split=0.130 ms act_mul=0.433 ms bmm2=4.111 ms
DEBUG 04-24 11:19:40.388497.388497 mlpmodule.py:3373] [fused_group_bmm][steps] bmm1=8.874 ms split=0.239 ms act_mul=0.436 ms bmm2=6.286 ms
DEBUG 04-24 11:19:40.388025.388025 cuda_h.py:27] end fused_group_bmm cost 13.867 ms
DEBUG 04-24 11:19:40.388668.388668 cuda_h.py:27] end fused_group_bmm cost 16.027 ms
DEBUG 04-24 11:19:40.388094.388094 cuda_h.py:27] end gather_outputs_group_fused_mp cost 0.386 ms
DEBUG 04-24 11:19:40.389306.389306 cuda_h.py:27] end gather_outputs_group_fused_mp cost 0.592 ms
DEBUG 04-24 11:19:40.389717.389717 cuda_h.py:27] end cpu_experts_worker_bmm_or_einsum_2 cost 21.192 ms
DEBUG 04-24 11:19:40.389014.389014 cuda_h.py:27] end cpu_experts_worker_bmm_or_einsum_1 cost 20.405 ms
DEBUG 04-24 11:19:40.390713.390713 mlpmodule.py:3373] [fused_group_bmm][steps] bmm1=10.212 ms split=0.110 ms act_mul=0.405 ms bmm2=5.727 ms
DEBUG 04-24 11:19:40.390469.390469 cuda_h.py:27] end fused_group_bmm cost 16.731 ms
DEBUG 04-24 11:19:40.391246.391246 cuda_h.py:27] end gather_outputs_group_fused_mp cost 0.440 ms
DEBUG 04-24 11:19:40.391705.391705 cuda_h.py:27] end cpu_experts_worker_bmm_or_einsum_3 cost 22.262 ms
DEBUG 04-24 11:19:40.394272.394272 cuda_h.py:27] end prepare_per_device_parameters cost 16.434 ms
DEBUG 04-24 11:19:40.397786.397786 cuda_h.py:27] end wait_experts_multi_device cost 3.170 ms
DEBUG 04-24 11:19:40.397875.397875 cuda_h.py:27] end *before fused experts* cost 29.124 ms
DEBUG 04-24 11:19:40.401252.401252 cuda_h.py:27] end gpu_experts_multi_device_fused cost 3.920 ms
DEBUG 04-24 11:19:40.401070.401070 cuda_h.py:27] end *gpu experts* cost 33.165 ms
DEBUG 04-24 11:19:40.403129.403129 cuda_h.py:27] end cpu_experts_scatter_reduce cost 0.554 ms
DEBUG 04-24 11:19:40.403256.403256 cuda_h.py:27] end cpu_thread_manager_mp_wait_fused cost 1.767 ms
DEBUG 04-24 11:19:40.403822.403822 cuda_h.py:27] end layer_moe_generate_mp_multi_device_fused_l_13 cost 37.923 ms
DEBUG 04-24 11:19:40.404118.404118 cuda_h.py:27] end *mlp cost 38.666 ms
DEBUG 04-24 11:19:40.404983.404983 cuda_h.py:27] end prefill_layer cost 41.318 ms
DEBUG 04-24 11:19:40.404593.404593 lmp.py:341] -------------------------------- end prefill layer 12 --------------------------------
DEBUG 04-24 11:19:40.404777.404777 lmp.py:294] -------------------------------- start prefill layer 13 --------------------------------
DEBUG 04-24 11:19:40.404740.404740 cuda_h.py:27] end start_load_qkvogn_s_weight_l_14 cost 0.043 ms
DEBUG 04-24 11:19:40.404188.404188 cuda_h.py:27] end allocate_cuda_memory cost 0.200 ms
DEBUG 04-24 11:19:40.404008.404008 sllm_store_c.py:27] get device uuid map
DEBUG 04-24 11:19:40.405136.405136 sllm_store_c.py:29] call client load into gpu
DEBUG 04-24 11:19:40.406410.406410 cuda_h.py:27] end **self_attn cost 1.335 ms
DEBUG 04-24 11:19:40.406331.406331 cuda_h.py:27] end *iln_self_attn_paln cost 2.276 ms
DEBUG 04-24 11:19:40.407246.407246 cuda_h.py:27] end load_into_gpu_async cost 2.351 ms
DEBUG 04-24 11:19:40.407218.407218 cuda_h.py:27] end restore_tensors2 cost 0.094 ms
DEBUG 04-24 11:19:40.407782.407782 cuda_h.py:27] end gate cost 0.797 ms
DEBUG 04-24 11:19:40.407684.407684 cuda_h.py:27] end allocate_cuda_memory_and_load_into_gpu cost 3.176 ms
DEBUG 04-24 11:19:40.408649.408649 cuda_h.py:27] end experts_map_get cost 0.355 ms
DEBUG 04-24 11:19:40.408002.408002 cuda_h.py:27] end *before experts start* cost 1.426 ms
DEBUG 04-24 11:19:40.408797.408797 cuda_h.py:27] end cpu_experts_submit_fused_mp cost 0.208 ms
DEBUG 04-24 11:19:40.409090.409090 cuda_h.py:27] end *single cpu experts* cost 1.227 ms
DEBUG 04-24 11:19:40.411868.411868 cuda_h.py:27] end prepare_group_stack cost 0.421 ms
DEBUG 04-24 11:19:40.411866.411866 cuda_h.py:27] end prepare_group_stack cost 0.731 ms
DEBUG 04-24 11:19:40.411588.411588 cuda_h.py:27] end prepare_group_stack cost 0.701 ms
DEBUG 04-24 11:19:40.411543.411543 sllm_store_c.py:27] get device uuid map
DEBUG 04-24 11:19:40.411890.411890 sllm_store_c.py:29] call client load into gpu
DEBUG 04-24 11:19:40.412777.412777 cuda_h.py:27] end prepare_group_stack cost 0.401 ms
DEBUG 04-24 11:19:40.412766.412766 cuda_h.py:27] end group stack cost 0.764 ms
DEBUG 04-24 11:19:40.412432.412432 cuda_h.py:27] end move_flatidxs_group_fused_mp cost 1.455 ms
DEBUG 04-24 11:19:40.412823.412823 cuda_h.py:27] end get_fused_experts_names_w cost 0.023 ms
DEBUG 04-24 11:19:40.412181.412181 cuda_h.py:27] end group stack cost 0.972 ms
DEBUG 04-24 11:19:40.413279.413279 cuda_h.py:27] end move_flatidxs_group_fused_mp cost 2.003 ms
DEBUG 04-24 11:19:40.413758.413758 cuda_h.py:27] end group stack cost 1.207 ms
DEBUG 04-24 11:19:40.413272.413272 cuda_h.py:27] end get_fused_experts_names_w cost 0.019 ms
DEBUG 04-24 11:19:40.413544.413544 cuda_h.py:27] end move_flatidxs_group_fused_mp cost 2.161 ms
DEBUG 04-24 11:19:40.413947.413947 cuda_h.py:27] end group stack cost 1.019 ms
DEBUG 04-24 11:19:40.413577.413577 cuda_h.py:27] end get_fused_experts_names_w cost 0.021 ms
DEBUG 04-24 11:19:40.413261.413261 cuda_h.py:27] end restore_fused_tensors cost 0.660 ms
DEBUG 04-24 11:19:40.413630.413630 cuda_h.py:27] end move_flatidxs_group_fused_mp cost 1.748 ms
DEBUG 04-24 11:19:40.413921.413921 cuda_h.py:27] end group_fused_tensors_mp cost 0.978 ms
DEBUG 04-24 11:19:40.413059.413059 cuda_h.py:27] end get_fused_experts_names_w cost 0.021 ms
DEBUG 04-24 11:19:40.413688.413688 cuda_h.py:27] end restore_fused_tensors cost 0.570 ms
DEBUG 04-24 11:19:40.414058.414058 cuda_h.py:27] end group_fused_tensors_mp cost 0.952 ms
DEBUG 04-24 11:19:40.414546.414546 cuda_h.py:27] end restore_fused_tensors cost 0.685 ms
DEBUG 04-24 11:19:40.414780.414780 cuda_h.py:27] end group_fused_tensors_mp cost 0.946 ms
DEBUG 04-24 11:19:40.414962.414962 cuda_h.py:27] end restore_fused_tensors cost 0.507 ms
DEBUG 04-24 11:19:40.414044.414044 cuda_h.py:27] end group_fused_tensors_mp cost 0.750 ms
DEBUG 04-24 11:19:40.415352.415352 cuda_h.py:27] end restore2model cost 0.630 ms
DEBUG 04-24 11:19:40.415859.415859 cuda_h.py:27] end sllm_worker_task cost 10.786 ms
DEBUG 04-24 11:19:40.415977.415977 cuda_h.py:27] end load_into_gpu_async_fused_experts_dual cost 3.866 ms
DEBUG 04-24 11:19:40.415361.415361 cuda_h.py:27] end restore_tensors2_fused_experts_packed cost 0.101 ms
DEBUG 04-24 11:19:40.416042.416042 cuda_h.py:27] end restore_tensors2_fused_experts_slices cost 0.399 ms
DEBUG 04-24 11:19:40.416221.416221 cuda_h.py:27] end allocate_experts_cuda_memory_and_restore_model_multi_device_fused cost 7.020 ms
DEBUG 04-24 11:19:40.416422.416422 cuda_h.py:27] end gpu_sexperts cost 0.015 ms
DEBUG 04-24 11:19:40.417022.417022 cuda_h.py:27] end wait_load_qkvogn_s_weight cost 0.044 ms
DEBUG 04-24 11:19:40.426860.426860 mlpmodule.py:3373] [fused_group_bmm][steps] bmm1=7.419 ms split=0.163 ms act_mul=0.481 ms bmm2=4.413 ms
DEBUG 04-24 11:19:40.426106.426106 cuda_h.py:27] end fused_group_bmm cost 12.982 ms
DEBUG 04-24 11:19:40.427055.427055 cuda_h.py:27] end gather_outputs_group_fused_mp cost 0.600 ms
DEBUG 04-24 11:19:40.428735.428735 cuda_h.py:27] end cpu_experts_worker_bmm_or_einsum_0 cost 18.533 ms
DEBUG 04-24 11:19:40.429666.429666 mlpmodule.py:3373] [fused_group_bmm][steps] bmm1=10.158 ms split=0.243 ms act_mul=0.465 ms bmm2=4.210 ms
DEBUG 04-24 11:19:40.429158.429158 cuda_h.py:27] end fused_group_bmm cost 15.372 ms
DEBUG 04-24 11:19:40.430395.430395 cuda_h.py:27] end gather_outputs_group_fused_mp cost 0.635 ms
DEBUG 04-24 11:19:40.431135.431135 cuda_h.py:27] end cpu_experts_worker_bmm_or_einsum_1 cost 21.562 ms
DEBUG 04-24 11:19:40.432081.432081 mlpmodule.py:3373] [fused_group_bmm][steps] bmm1=11.733 ms split=0.219 ms act_mul=0.412 ms bmm2=5.374 ms
DEBUG 04-24 11:19:40.432173.432173 cuda_h.py:27] end fused_group_bmm cost 17.943 ms
DEBUG 04-24 11:19:40.432836.432836 cuda_h.py:27] end gather_outputs_group_fused_mp cost 0.380 ms
DEBUG 04-24 11:19:40.433199.433199 cuda_h.py:27] end cpu_experts_worker_bmm_or_einsum_2 cost 23.285 ms
DEBUG 04-24 11:19:40.433520.433520 mlpmodule.py:3373] [fused_group_bmm][steps] bmm1=12.254 ms split=0.173 ms act_mul=0.438 ms bmm2=5.564 ms
DEBUG 04-24 11:19:40.433124.433124 cuda_h.py:27] end fused_group_bmm cost 18.697 ms
DEBUG 04-24 11:19:40.433534.433534 cuda_h.py:27] end gather_outputs_group_fused_mp cost 0.435 ms
DEBUG 04-24 11:19:40.434431.434431 cuda_h.py:27] end cpu_experts_worker_bmm_or_einsum_3 cost 23.541 ms
DEBUG 04-24 11:19:40.435237.435237 cuda_h.py:27] end prepare_per_device_parameters cost 17.861 ms
DEBUG 04-24 11:19:40.439907.439907 cuda_h.py:27] end wait_experts_multi_device cost 4.651 ms
DEBUG 04-24 11:19:40.439088.439088 cuda_h.py:27] end *before fused experts* cost 30.354 ms
DEBUG 04-24 11:19:40.444983.444983 cuda_h.py:27] end gpu_experts_multi_device_fused cost 4.133 ms
DEBUG 04-24 11:19:40.444661.444661 cuda_h.py:27] end *gpu experts* cost 34.603 ms
DEBUG 04-24 11:19:40.445418.445418 cuda_h.py:27] end cpu_experts_scatter_reduce cost 0.589 ms
DEBUG 04-24 11:19:40.445553.445553 cuda_h.py:27] end cpu_thread_manager_mp_wait_fused cost 1.677 ms
DEBUG 04-24 11:19:40.445138.445138 cuda_h.py:27] end layer_moe_generate_mp_multi_device_fused_l_14 cost 39.133 ms
DEBUG 04-24 11:19:40.446645.446645 cuda_h.py:27] end *mlp cost 40.031 ms
DEBUG 04-24 11:19:40.447940.447940 cuda_h.py:27] end prefill_layer cost 42.640 ms
DEBUG 04-24 11:19:40.447074.447074 lmp.py:341] -------------------------------- end prefill layer 13 --------------------------------
DEBUG 04-24 11:19:40.447193.447193 lmp.py:294] -------------------------------- start prefill layer 14 --------------------------------
DEBUG 04-24 11:19:40.447792.447792 cuda_h.py:27] end start_load_qkvogn_s_weight_l_15 cost 0.046 ms
DEBUG 04-24 11:19:40.447688.447688 cuda_h.py:27] end allocate_cuda_memory cost 0.194 ms
DEBUG 04-24 11:19:40.447343.447343 sllm_store_c.py:27] get device uuid map
DEBUG 04-24 11:19:40.447017.447017 sllm_store_c.py:29] call client load into gpu
DEBUG 04-24 11:19:40.449439.449439 cuda_h.py:27] end **self_attn cost 1.381 ms
DEBUG 04-24 11:19:40.449937.449937 cuda_h.py:27] end *iln_self_attn_paln cost 2.406 ms
DEBUG 04-24 11:19:40.449252.449252 cuda_h.py:27] end load_into_gpu_async cost 2.040 ms
DEBUG 04-24 11:19:40.450730.450730 cuda_h.py:27] end restore_tensors2 cost 0.094 ms
DEBUG 04-24 11:19:40.450818.450818 cuda_h.py:27] end allocate_cuda_memory_and_load_into_gpu cost 2.713 ms
DEBUG 04-24 11:19:40.450144.450144 cuda_h.py:27] end gate cost 0.858 ms
DEBUG 04-24 11:19:40.451461.451461 cuda_h.py:27] end experts_map_get cost 0.292 ms
DEBUG 04-24 11:19:40.451575.451575 cuda_h.py:27] end *before experts start* cost 1.291 ms
DEBUG 04-24 11:19:40.451662.451662 cuda_h.py:27] end cpu_experts_submit_fused_mp cost 0.213 ms
DEBUG 04-24 11:19:40.452197.452197 cuda_h.py:27] end *single cpu experts* cost 1.129 ms
DEBUG 04-24 11:19:40.453907.453907 cuda_h.py:27] end prepare_group_stack cost 0.390 ms
DEBUG 04-24 11:19:40.454873.454873 cuda_h.py:27] end prepare_group_stack cost 0.513 ms
DEBUG 04-24 11:19:40.454350.454350 sllm_store_c.py:27] get device uuid map
DEBUG 04-24 11:19:40.454492.454492 sllm_store_c.py:29] call client load into gpu
DEBUG 04-24 11:19:40.454692.454692 cuda_h.py:27] end group stack cost 0.597 ms
DEBUG 04-24 11:19:40.454315.454315 cuda_h.py:27] end move_flatidxs_group_fused_mp cost 1.308 ms
DEBUG 04-24 11:19:40.454150.454150 cuda_h.py:27] end prepare_group_stack cost 0.355 ms
DEBUG 04-24 11:19:40.455309.455309 cuda_h.py:27] end get_fused_experts_names_w cost 0.022 ms
DEBUG 04-24 11:19:40.455134.455134 cuda_h.py:27] end group stack cost 0.945 ms
DEBUG 04-24 11:19:40.455014.455014 cuda_h.py:27] end prepare_group_stack cost 0.550 ms
DEBUG 04-24 11:19:40.455494.455494 cuda_h.py:27] end move_flatidxs_group_fused_mp cost 1.690 ms
DEBUG 04-24 11:19:40.455837.455837 cuda_h.py:27] end get_fused_experts_names_w cost 0.018 ms
DEBUG 04-24 11:19:40.455677.455677 cuda_h.py:27] end restore_fused_tensors cost 0.578 ms
DEBUG 04-24 11:19:40.455136.455136 cuda_h.py:27] end group_fused_tensors_mp cost 0.812 ms
DEBUG 04-24 11:19:40.456752.456752 cuda_h.py:27] end group stack cost 0.994 ms
DEBUG 04-24 11:19:40.456398.456398 cuda_h.py:27] end move_flatidxs_group_fused_mp cost 1.640 ms
DEBUG 04-24 11:19:40.456557.456557 cuda_h.py:27] end restore_fused_tensors cost 0.587 ms
DEBUG 04-24 11:19:40.456780.456780 cuda_h.py:27] end group_fused_tensors_mp cost 0.892 ms
DEBUG 04-24 11:19:40.456933.456933 cuda_h.py:27] end get_fused_experts_names_w cost 0.023 ms
DEBUG 04-24 11:19:40.456562.456562 cuda_h.py:27] end group stack cost 1.407 ms
DEBUG 04-24 11:19:40.456824.456824 cuda_h.py:27] end move_flatidxs_group_fused_mp cost 2.223 ms
DEBUG 04-24 11:19:40.456323.456323 cuda_h.py:27] end restore_fused_tensors cost 0.531 ms
DEBUG 04-24 11:19:40.456039.456039 cuda_h.py:27] end get_fused_experts_names_w cost 0.026 ms
DEBUG 04-24 11:19:40.457998.457998 cuda_h.py:27] end group_fused_tensors_mp cost 0.776 ms
DEBUG 04-24 11:19:40.457857.457857 cuda_h.py:27] end restore_fused_tensors cost 0.718 ms
DEBUG 04-24 11:19:40.457542.457542 cuda_h.py:27] end group_fused_tensors_mp cost 0.996 ms
DEBUG 04-24 11:19:40.460929.460929 cuda_h.py:27] end restore2model cost 1.950 ms
DEBUG 04-24 11:19:40.460584.460584 cuda_h.py:27] end sllm_worker_task cost 13.315 ms
DEBUG 04-24 11:19:40.461032.461032 cuda_h.py:27] end load_into_gpu_async_fused_experts_dual cost 6.705 ms
DEBUG 04-24 11:19:40.461791.461791 cuda_h.py:27] end restore_tensors2_fused_experts_packed cost 0.183 ms
DEBUG 04-24 11:19:40.462907.462907 cuda_h.py:27] end restore_tensors2_fused_experts_slices cost 0.426 ms
DEBUG 04-24 11:19:40.462204.462204 cuda_h.py:27] end allocate_experts_cuda_memory_and_restore_model_multi_device_fused cost 9.849 ms
DEBUG 04-24 11:19:40.462708.462708 cuda_h.py:27] end gpu_sexperts cost 0.010 ms
DEBUG 04-24 11:19:40.462750.462750 cuda_h.py:27] end wait_load_qkvogn_s_weight cost 0.025 ms
DEBUG 04-24 11:19:40.466691.466691 mlpmodule.py:3373] [fused_group_bmm][steps] bmm1=6.340 ms split=0.143 ms act_mul=0.444 ms bmm2=3.520 ms
DEBUG 04-24 11:19:40.466784.466784 cuda_h.py:27] end fused_group_bmm cost 10.929 ms
DEBUG 04-24 11:19:40.467609.467609 cuda_h.py:27] end gather_outputs_group_fused_mp cost 0.815 ms
DEBUG 04-24 11:19:40.468161.468161 cuda_h.py:27] end cpu_experts_worker_bmm_or_einsum_0 cost 16.131 ms
DEBUG 04-24 11:19:40.469481.469481 mlpmodule.py:3373] [fused_group_bmm][steps] bmm1=8.526 ms split=0.193 ms act_mul=0.444 ms bmm2=3.891 ms
DEBUG 04-24 11:19:40.469397.469397 cuda_h.py:27] end fused_group_bmm cost 13.345 ms
DEBUG 04-24 11:19:40.470466.470466 cuda_h.py:27] end gather_outputs_group_fused_mp cost 0.624 ms
DEBUG 04-24 11:19:40.471875.471875 cuda_h.py:27] end cpu_experts_worker_bmm_or_einsum_1 cost 18.629 ms
DEBUG 04-24 11:19:40.471624.471624 mlpmodule.py:3373] [fused_group_bmm][steps] bmm1=8.450 ms split=0.159 ms act_mul=0.466 ms bmm2=5.134 ms
DEBUG 04-24 11:19:40.471401.471401 cuda_h.py:27] end fused_group_bmm cost 14.499 ms
DEBUG 04-24 11:19:40.472123.472123 cuda_h.py:27] end gather_outputs_group_fused_mp cost 0.442 ms
DEBUG 04-24 11:19:40.472315.472315 mlpmodule.py:3373] [fused_group_bmm][steps] bmm1=8.616 ms split=0.168 ms act_mul=0.434 ms bmm2=5.177 ms
DEBUG 04-24 11:19:40.472678.472678 cuda_h.py:27] end fused_group_bmm cost 14.587 ms
DEBUG 04-24 11:19:40.472937.472937 cuda_h.py:27] end cpu_experts_worker_bmm_or_einsum_3 cost 19.355 ms
DEBUG 04-24 11:19:40.472572.472572 cuda_h.py:27] end gather_outputs_group_fused_mp cost 0.374 ms
DEBUG 04-24 11:19:40.473288.473288 cuda_h.py:27] end cpu_experts_worker_bmm_or_einsum_2 cost 20.098 ms
DEBUG 04-24 11:19:40.477529.477529 cuda_h.py:27] end prepare_per_device_parameters cost 14.599 ms
DEBUG 04-24 11:19:40.482384.482384 cuda_h.py:27] end wait_experts_multi_device cost 4.810 ms
DEBUG 04-24 11:19:40.482687.482687 cuda_h.py:27] end *before fused experts* cost 30.003 ms
DEBUG 04-24 11:19:40.486591.486591 cuda_h.py:27] end gpu_experts_multi_device_fused cost 4.162 ms
DEBUG 04-24 11:19:40.486024.486024 cuda_h.py:27] end *gpu experts* cost 34.334 ms
DEBUG 04-24 11:19:40.488538.488538 cuda_h.py:27] end cpu_experts_scatter_reduce cost 0.562 ms
DEBUG 04-24 11:19:40.488997.488997 cuda_h.py:27] end cpu_thread_manager_mp_wait_fused cost 1.737 ms
DEBUG 04-24 11:19:40.488370.488370 cuda_h.py:27] end layer_moe_generate_mp_multi_device_fused_l_15 cost 38.676 ms
DEBUG 04-24 11:19:40.489056.489056 cuda_h.py:27] end *mlp cost 39.391 ms
DEBUG 04-24 11:19:40.489351.489351 cuda_h.py:27] end prefill_layer cost 42.109 ms
DEBUG 04-24 11:19:40.489723.489723 lmp.py:341] -------------------------------- end prefill layer 14 --------------------------------
DEBUG 04-24 11:19:40.489012.489012 lmp.py:294] -------------------------------- start prefill layer 15 --------------------------------
DEBUG 04-24 11:19:40.489405.489405 cuda_h.py:27] end start_load_qkvogn_s_weight_l_16 cost 0.043 ms
DEBUG 04-24 11:19:40.490212.490212 cuda_h.py:27] end allocate_cuda_memory cost 0.206 ms
DEBUG 04-24 11:19:40.490091.490091 sllm_store_c.py:27] get device uuid map
DEBUG 04-24 11:19:40.490795.490795 sllm_store_c.py:29] call client load into gpu
DEBUG 04-24 11:19:40.491348.491348 cuda_h.py:27] end **self_attn cost 1.368 ms
DEBUG 04-24 11:19:40.492323.492323 cuda_h.py:27] end *iln_self_attn_paln cost 2.342 ms
DEBUG 04-24 11:19:40.492133.492133 cuda_h.py:27] end gate cost 0.503 ms
DEBUG 04-24 11:19:40.492010.492010 cuda_h.py:27] end load_into_gpu_async cost 2.711 ms
DEBUG 04-24 11:19:40.493864.493864 cuda_h.py:27] end experts_map_get cost 0.380 ms
DEBUG 04-24 11:19:40.493941.493941 cuda_h.py:27] end restore_tensors2 cost 0.091 ms
DEBUG 04-24 11:19:40.493361.493361 cuda_h.py:27] end *before experts start* cost 1.171 ms
DEBUG 04-24 11:19:40.493967.493967 cuda_h.py:27] end allocate_cuda_memory_and_load_into_gpu cost 3.838 ms
DEBUG 04-24 11:19:40.493075.493075 cuda_h.py:27] end cpu_experts_submit_fused_mp cost 0.208 ms
DEBUG 04-24 11:19:40.495679.495679 cuda_h.py:27] end *single cpu experts* cost 1.635 ms
DEBUG 04-24 11:19:40.496113.496113 cuda_h.py:27] end prepare_group_stack cost 0.393 ms
DEBUG 04-24 11:19:40.496103.496103 cuda_h.py:27] end prepare_group_stack cost 0.420 ms
DEBUG 04-24 11:19:40.496305.496305 cuda_h.py:27] end prepare_group_stack cost 0.501 ms
DEBUG 04-24 11:19:40.497719.497719 cuda_h.py:27] end group stack cost 0.573 ms
DEBUG 04-24 11:19:40.497663.497663 cuda_h.py:27] end move_flatidxs_group_fused_mp cost 1.208 ms
DEBUG 04-24 11:19:40.497694.497694 cuda_h.py:27] end prepare_group_stack cost 0.416 ms
DEBUG 04-24 11:19:40.497718.497718 cuda_h.py:27] end get_fused_experts_names_w cost 0.021 ms
DEBUG 04-24 11:19:40.498086.498086 sllm_store_c.py:27] get device uuid map
DEBUG 04-24 11:19:40.498134.498134 sllm_store_c.py:29] call client load into gpu
DEBUG 04-24 11:19:40.498024.498024 cuda_h.py:27] end group stack cost 1.022 ms
DEBUG 04-24 11:19:40.498082.498082 cuda_h.py:27] end group stack cost 1.144 ms
DEBUG 04-24 11:19:40.498627.498627 cuda_h.py:27] end restore_fused_tensors cost 0.593 ms
DEBUG 04-24 11:19:40.498270.498270 cuda_h.py:27] end move_flatidxs_group_fused_mp cost 2.034 ms
DEBUG 04-24 11:19:40.498814.498814 cuda_h.py:27] end move_flatidxs_group_fused_mp cost 2.095 ms
DEBUG 04-24 11:19:40.498732.498732 cuda_h.py:27] end group_fused_tensors_mp cost 0.841 ms
DEBUG 04-24 11:19:40.498117.498117 cuda_h.py:27] end get_fused_experts_names_w cost 0.023 ms
DEBUG 04-24 11:19:40.498091.498091 cuda_h.py:27] end get_fused_experts_names_w cost 0.022 ms
DEBUG 04-24 11:19:40.498353.498353 cuda_h.py:27] end group stack cost 0.958 ms
DEBUG 04-24 11:19:40.498735.498735 cuda_h.py:27] end move_flatidxs_group_fused_mp cost 1.655 ms
DEBUG 04-24 11:19:40.499139.499139 cuda_h.py:27] end get_fused_experts_names_w cost 0.018 ms
DEBUG 04-24 11:19:40.499737.499737 cuda_h.py:27] end restore_fused_tensors cost 0.718 ms
DEBUG 04-24 11:19:40.499519.499519 cuda_h.py:27] end restore_fused_tensors cost 0.716 ms
DEBUG 04-24 11:19:40.499316.499316 cuda_h.py:27] end group_fused_tensors_mp cost 1.015 ms
DEBUG 04-24 11:19:40.499721.499721 cuda_h.py:27] end group_fused_tensors_mp cost 1.017 ms
DEBUG 04-24 11:19:40.499866.499866 cuda_h.py:27] end restore_fused_tensors cost 0.534 ms
DEBUG 04-24 11:19:40.499058.499058 cuda_h.py:27] end group_fused_tensors_mp cost 0.769 ms
DEBUG 04-24 11:19:40.504690.504690 cuda_h.py:27] end restore2model cost 1.402 ms
DEBUG 04-24 11:19:40.504921.504921 cuda_h.py:27] end sllm_worker_task cost 14.513 ms
DEBUG 04-24 11:19:40.504112.504112 cuda_h.py:27] end load_into_gpu_async_fused_experts_dual cost 6.503 ms
DEBUG 04-24 11:19:40.505050.505050 cuda_h.py:27] end restore_tensors2_fused_experts_packed cost 0.150 ms
DEBUG 04-24 11:19:40.505877.505877 cuda_h.py:27] end restore_tensors2_fused_experts_slices cost 0.356 ms
DEBUG 04-24 11:19:40.505829.505829 cuda_h.py:27] end allocate_experts_cuda_memory_and_restore_model_multi_device_fused cost 10.542 ms
DEBUG 04-24 11:19:40.506459.506459 cuda_h.py:27] end gpu_sexperts cost 0.014 ms
DEBUG 04-24 11:19:40.506401.506401 cuda_h.py:27] end wait_load_qkvogn_s_weight cost 0.022 ms
DEBUG 04-24 11:19:40.510495.510495 mlpmodule.py:3373] [fused_group_bmm][steps] bmm1=7.288 ms split=0.134 ms act_mul=0.445 ms bmm2=3.808 ms
DEBUG 04-24 11:19:40.510027.510027 cuda_h.py:27] end fused_group_bmm cost 12.227 ms
DEBUG 04-24 11:19:40.511062.511062 cuda_h.py:27] end gather_outputs_group_fused_mp cost 0.605 ms
DEBUG 04-24 11:19:40.511511.511511 mlpmodule.py:3373] [fused_group_bmm][steps] bmm1=7.271 ms split=0.094 ms act_mul=0.295 ms bmm2=4.163 ms
DEBUG 04-24 11:19:40.511070.511070 cuda_h.py:27] end fused_group_bmm cost 12.145 ms
DEBUG 04-24 11:19:40.512768.512768 mlpmodule.py:3373] [fused_group_bmm][steps] bmm1=7.385 ms split=0.100 ms act_mul=0.372 ms bmm2=4.296 ms
DEBUG 04-24 11:19:40.512562.512562 cuda_h.py:27] end cpu_experts_worker_bmm_or_einsum_0 cost 16.949 ms
DEBUG 04-24 11:19:40.512402.512402 cuda_h.py:27] end fused_group_bmm cost 12.514 ms
DEBUG 04-24 11:19:40.512397.512397 cuda_h.py:27] end gather_outputs_group_fused_mp cost 0.436 ms
DEBUG 04-24 11:19:40.512661.512661 mlpmodule.py:3373] [fused_group_bmm][steps] bmm1=7.300 ms split=0.073 ms act_mul=0.326 ms bmm2=5.054 ms
DEBUG 04-24 11:19:40.512415.512415 cuda_h.py:27] end fused_group_bmm cost 12.951 ms
DEBUG 04-24 11:19:40.513084.513084 cuda_h.py:27] end cpu_experts_worker_bmm_or_einsum_3 cost 17.715 ms
DEBUG 04-24 11:19:40.513532.513532 cuda_h.py:27] end gather_outputs_group_fused_mp cost 0.551 ms
DEBUG 04-24 11:19:40.513117.513117 cuda_h.py:27] end gather_outputs_group_fused_mp cost 0.405 ms
DEBUG 04-24 11:19:40.513498.513498 cuda_h.py:27] end cpu_experts_worker_bmm_or_einsum_1 cost 17.561 ms
DEBUG 04-24 11:19:40.514405.514405 cuda_h.py:27] end cpu_experts_worker_bmm_or_einsum_2 cost 18.759 ms
DEBUG 04-24 11:19:40.520353.520353 cuda_h.py:27] end prepare_per_device_parameters cost 14.411 ms
DEBUG 04-24 11:19:40.525327.525327 cuda_h.py:27] end wait_experts_multi_device cost 4.807 ms
DEBUG 04-24 11:19:40.525753.525753 cuda_h.py:27] end *before fused experts* cost 30.436 ms
DEBUG 04-24 11:19:40.530910.530910 cuda_h.py:27] end gpu_experts_multi_device_fused cost 4.642 ms
DEBUG 04-24 11:19:40.530104.530104 cuda_h.py:27] end *gpu experts* cost 35.189 ms
DEBUG 04-24 11:19:40.532286.532286 cuda_h.py:27] end cpu_experts_scatter_reduce cost 0.549 ms
DEBUG 04-24 11:19:40.532176.532176 cuda_h.py:27] end cpu_thread_manager_mp_wait_fused cost 1.706 ms
DEBUG 04-24 11:19:40.532456.532456 cuda_h.py:27] end layer_moe_generate_mp_multi_device_fused_l_16 cost 40.218 ms
DEBUG 04-24 11:19:40.533735.533735 cuda_h.py:27] end *mlp cost 41.229 ms
DEBUG 04-24 11:19:40.533684.533684 cuda_h.py:27] end prefill_layer cost 43.823 ms
DEBUG 04-24 11:19:40.533103.533103 lmp.py:341] -------------------------------- end prefill layer 15 --------------------------------
DEBUG 04-24 11:19:40.533905.533905 lmp.py:294] -------------------------------- start prefill layer 16 --------------------------------
DEBUG 04-24 11:19:40.533060.533060 cuda_h.py:27] end start_load_qkvogn_s_weight_l_17 cost 0.044 ms
DEBUG 04-24 11:19:40.534838.534838 cuda_h.py:27] end allocate_cuda_memory cost 0.164 ms
DEBUG 04-24 11:19:40.534387.534387 sllm_store_c.py:27] get device uuid map
DEBUG 04-24 11:19:40.534033.534033 sllm_store_c.py:29] call client load into gpu
DEBUG 04-24 11:19:40.535306.535306 cuda_h.py:27] end **self_attn cost 1.368 ms
DEBUG 04-24 11:19:40.536897.536897 cuda_h.py:27] end *iln_self_attn_paln cost 2.282 ms
DEBUG 04-24 11:19:40.536691.536691 cuda_h.py:27] end gate cost 0.501 ms
DEBUG 04-24 11:19:40.537696.537696 cuda_h.py:27] end experts_map_get cost 0.272 ms
DEBUG 04-24 11:19:40.537308.537308 cuda_h.py:27] end *before experts start* cost 0.930 ms
DEBUG 04-24 11:19:40.537310.537310 cuda_h.py:27] end load_into_gpu_async cost 2.855 ms
DEBUG 04-24 11:19:40.537140.537140 cuda_h.py:27] end cpu_experts_submit_fused_mp cost 0.224 ms
DEBUG 04-24 11:19:40.537827.537827 cuda_h.py:27] end restore_tensors2 cost 0.089 ms
DEBUG 04-24 11:19:40.538344.538344 cuda_h.py:27] end *single cpu experts* cost 1.355 ms
DEBUG 04-24 11:19:40.540432.540432 cuda_h.py:27] end prepare_group_stack cost 0.461 ms
DEBUG 04-24 11:19:40.540593.540593 cuda_h.py:27] end prepare_group_stack cost 0.567 ms
DEBUG 04-24 11:19:40.540368.540368 cuda_h.py:27] end prepare_group_stack cost 0.643 ms
DEBUG 04-24 11:19:40.538413.538413 cuda_h.py:27] end allocate_cuda_memory_and_load_into_gpu cost 4.705 ms
DEBUG 04-24 11:19:40.540941.540941 cuda_h.py:27] end prepare_group_stack cost 0.669 ms
DEBUG 04-24 11:19:40.540517.540517 sllm_store_c.py:27] get device uuid map
DEBUG 04-24 11:19:40.541874.541874 sllm_store_c.py:29] call client load into gpu
DEBUG 04-24 11:19:40.542082.542082 cuda_h.py:27] end group stack cost 1.078 ms
DEBUG 04-24 11:19:40.542430.542430 cuda_h.py:27] end move_flatidxs_group_fused_mp cost 1.833 ms
DEBUG 04-24 11:19:40.542218.542218 cuda_h.py:27] end group stack cost 1.336 ms
DEBUG 04-24 11:19:40.542840.542840 cuda_h.py:27] end group stack cost 1.312 ms
DEBUG 04-24 11:19:40.542891.542891 cuda_h.py:27] end get_fused_experts_names_w cost 0.025 ms
DEBUG 04-24 11:19:40.542309.542309 cuda_h.py:27] end move_flatidxs_group_fused_mp cost 2.274 ms
DEBUG 04-24 11:19:40.542051.542051 cuda_h.py:27] end move_flatidxs_group_fused_mp cost 2.234 ms
DEBUG 04-24 11:19:40.542376.542376 cuda_h.py:27] end get_fused_experts_names_w cost 0.019 ms
DEBUG 04-24 11:19:40.542622.542622 cuda_h.py:27] end get_fused_experts_names_w cost 0.026 ms
DEBUG 04-24 11:19:40.542497.542497 cuda_h.py:27] end group stack cost 1.445 ms
DEBUG 04-24 11:19:40.542928.542928 cuda_h.py:27] end move_flatidxs_group_fused_mp cost 2.685 ms
DEBUG 04-24 11:19:40.543879.543879 cuda_h.py:27] end get_fused_experts_names_w cost 0.023 ms
DEBUG 04-24 11:19:40.543221.543221 cuda_h.py:27] end restore_fused_tensors cost 0.549 ms
DEBUG 04-24 11:19:40.543306.543306 cuda_h.py:27] end group_fused_tensors_mp cost 0.966 ms
DEBUG 04-24 11:19:40.543934.543934 cuda_h.py:27] end restore_fused_tensors cost 0.629 ms
DEBUG 04-24 11:19:40.543161.543161 cuda_h.py:27] end group_fused_tensors_mp cost 0.917 ms
DEBUG 04-24 11:19:40.543521.543521 cuda_h.py:27] end restore_fused_tensors cost 0.646 ms
DEBUG 04-24 11:19:40.543865.543865 cuda_h.py:27] end restore_fused_tensors cost 0.943 ms
DEBUG 04-24 11:19:40.543876.543876 cuda_h.py:27] end group_fused_tensors_mp cost 0.938 ms
DEBUG 04-24 11:19:40.543810.543810 cuda_h.py:27] end group_fused_tensors_mp cost 1.293 ms
DEBUG 04-24 11:19:40.552725.552725 cuda_h.py:27] end restore2model cost 1.261 ms
DEBUG 04-24 11:19:40.552212.552212 cuda_h.py:27] end sllm_worker_task cost 18.484 ms
DEBUG 04-24 11:19:40.552597.552597 cuda_h.py:27] end load_into_gpu_async_fused_experts_dual cost 11.877 ms
DEBUG 04-24 11:19:40.553770.553770 cuda_h.py:27] end restore_tensors2_fused_experts_packed cost 0.163 ms
DEBUG 04-24 11:19:40.553890.553890 cuda_h.py:27] end restore_tensors2_fused_experts_slices cost 0.443 ms
DEBUG 04-24 11:19:40.554698.554698 cuda_h.py:27] end allocate_experts_cuda_memory_and_restore_model_multi_device_fused cost 15.223 ms
DEBUG 04-24 11:19:40.554017.554017 cuda_h.py:27] end gpu_sexperts cost 0.011 ms
DEBUG 04-24 11:19:40.554503.554503 cuda_h.py:27] end wait_load_qkvogn_s_weight cost 0.029 ms
DEBUG 04-24 11:19:40.554081.554081 mlpmodule.py:3373] [fused_group_bmm][steps] bmm1=6.635 ms split=0.122 ms act_mul=0.429 ms bmm2=3.316 ms
DEBUG 04-24 11:19:40.555478.555478 cuda_h.py:27] end fused_group_bmm cost 10.723 ms
DEBUG 04-24 11:19:40.555012.555012 mlpmodule.py:3373] [fused_group_bmm][steps] bmm1=8.084 ms split=0.116 ms act_mul=0.378 ms bmm2=3.055 ms
DEBUG 04-24 11:19:40.555977.555977 cuda_h.py:27] end fused_group_bmm cost 11.988 ms
DEBUG 04-24 11:19:40.555871.555871 cuda_h.py:27] end gather_outputs_group_fused_mp cost 0.423 ms
DEBUG 04-24 11:19:40.556882.556882 cuda_h.py:27] end gather_outputs_group_fused_mp cost 0.471 ms
DEBUG 04-24 11:19:40.556896.556896 cuda_h.py:27] end cpu_experts_worker_bmm_or_einsum_0 cost 17.279 ms
DEBUG 04-24 11:19:40.556045.556045 cuda_h.py:27] end cpu_experts_worker_bmm_or_einsum_3 cost 17.579 ms
DEBUG 04-24 11:19:40.556664.556664 mlpmodule.py:3373] [fused_group_bmm][steps] bmm1=8.586 ms split=0.158 ms act_mul=0.576 ms bmm2=3.613 ms
DEBUG 04-24 11:19:40.557850.557850 cuda_h.py:27] end fused_group_bmm cost 13.173 ms
DEBUG 04-24 11:19:40.557291.557291 cuda_h.py:27] end gather_outputs_group_fused_mp cost 0.450 ms
DEBUG 04-24 11:19:40.557456.557456 cuda_h.py:27] end cpu_experts_worker_bmm_or_einsum_1 cost 18.801 ms
DEBUG 04-24 11:19:40.559557.559557 mlpmodule.py:3373] [fused_group_bmm][steps] bmm1=9.308 ms split=0.142 ms act_mul=0.467 ms bmm2=5.502 ms
DEBUG 04-24 11:19:40.559955.559955 cuda_h.py:27] end fused_group_bmm cost 15.677 ms
DEBUG 04-24 11:19:40.560033.560033 cuda_h.py:27] end gather_outputs_group_fused_mp cost 0.452 ms
DEBUG 04-24 11:19:40.561000.561000 cuda_h.py:27] end cpu_experts_worker_bmm_or_einsum_2 cost 22.158 ms
DEBUG 04-24 11:19:40.567189.567189 cuda_h.py:27] end prepare_per_device_parameters cost 13.240 ms
DEBUG 04-24 11:19:40.572043.572043 cuda_h.py:27] end wait_experts_multi_device cost 4.262 ms
DEBUG 04-24 11:19:40.572432.572432 cuda_h.py:27] end *before fused experts* cost 33.388 ms
DEBUG 04-24 11:19:40.576395.576395 cuda_h.py:27] end gpu_experts_multi_device_fused cost 4.270 ms
DEBUG 04-24 11:19:40.576251.576251 cuda_h.py:27] end *gpu experts* cost 38.075 ms
DEBUG 04-24 11:19:40.578196.578196 cuda_h.py:27] end cpu_experts_scatter_reduce cost 0.555 ms
DEBUG 04-24 11:19:40.578986.578986 cuda_h.py:27] end cpu_thread_manager_mp_wait_fused cost 1.740 ms
DEBUG 04-24 11:19:40.578690.578690 cuda_h.py:27] end layer_moe_generate_mp_multi_device_fused_l_17 cost 42.611 ms
DEBUG 04-24 11:19:40.579059.579059 cuda_h.py:27] end *mlp cost 43.337 ms
DEBUG 04-24 11:19:40.579432.579432 cuda_h.py:27] end prefill_layer cost 45.787 ms
DEBUG 04-24 11:19:40.579088.579088 lmp.py:341] -------------------------------- end prefill layer 16 --------------------------------
DEBUG 04-24 11:19:40.579503.579503 lmp.py:294] -------------------------------- start prefill layer 17 --------------------------------
DEBUG 04-24 11:19:40.579982.579982 cuda_h.py:27] end start_load_qkvogn_s_weight_l_18 cost 0.039 ms
DEBUG 04-24 11:19:40.580450.580450 cuda_h.py:27] end allocate_cuda_memory cost 0.243 ms
DEBUG 04-24 11:19:40.580480.580480 sllm_store_c.py:27] get device uuid map
DEBUG 04-24 11:19:40.580000.580000 sllm_store_c.py:29] call client load into gpu
DEBUG 04-24 11:19:40.582255.582255 cuda_h.py:27] end load_into_gpu_async cost 2.360 ms
DEBUG 04-24 11:19:40.583340.583340 cuda_h.py:27] end restore_tensors2 cost 0.097 ms
DEBUG 04-24 11:19:40.583186.583186 cuda_h.py:27] end allocate_cuda_memory_and_load_into_gpu cost 3.470 ms
DEBUG 04-24 11:19:40.585878.585878 cuda_h.py:27] end **self_attn cost 4.066 ms
DEBUG 04-24 11:19:40.585448.585448 cuda_h.py:27] end *iln_self_attn_paln cost 6.026 ms
DEBUG 04-24 11:19:40.587849.587849 cuda_h.py:27] end gate cost 1.147 ms
DEBUG 04-24 11:19:40.588243.588243 cuda_h.py:27] end experts_map_get cost 0.684 ms
DEBUG 04-24 11:19:40.588950.588950 cuda_h.py:27] end *before experts start* cost 2.190 ms
DEBUG 04-24 11:19:40.589799.589799 cuda_h.py:27] end cpu_experts_submit_fused_mp cost 0.585 ms
DEBUG 04-24 11:19:40.590412.590412 cuda_h.py:27] end *single cpu experts* cost 2.092 ms
DEBUG 04-24 11:19:40.590390.590390 cuda_h.py:27] end prepare_group_stack cost 0.392 ms
DEBUG 04-24 11:19:40.591547.591547 cuda_h.py:27] end prepare_group_stack cost 0.506 ms
DEBUG 04-24 11:19:40.592063.592063 cuda_h.py:27] end group stack cost 0.938 ms
DEBUG 04-24 11:19:40.592683.592683 cuda_h.py:27] end move_flatidxs_group_fused_mp cost 1.858 ms
DEBUG 04-24 11:19:40.592122.592122 cuda_h.py:27] end prepare_group_stack cost 0.519 ms
DEBUG 04-24 11:19:40.592669.592669 sllm_store_c.py:27] get device uuid map
DEBUG 04-24 11:19:40.592485.592485 cuda_h.py:27] end group stack cost 1.011 ms
DEBUG 04-24 11:19:40.592088.592088 cuda_h.py:27] end get_fused_experts_names_w cost 0.027 ms
DEBUG 04-24 11:19:40.592439.592439 cuda_h.py:27] end prepare_group_stack cost 0.571 ms
DEBUG 04-24 11:19:40.592857.592857 cuda_h.py:27] end move_flatidxs_group_fused_mp cost 1.878 ms
DEBUG 04-24 11:19:40.592348.592348 sllm_store_c.py:29] call client load into gpu
DEBUG 04-24 11:19:40.592606.592606 cuda_h.py:27] end get_fused_experts_names_w cost 0.020 ms
DEBUG 04-24 11:19:40.593671.593671 cuda_h.py:27] end restore_fused_tensors cost 0.782 ms
DEBUG 04-24 11:19:40.593601.593601 cuda_h.py:27] end group_fused_tensors_mp cost 1.112 ms
DEBUG 04-24 11:19:40.593363.593363 cuda_h.py:27] end restore2model cost 1.186 ms
DEBUG 04-24 11:19:40.593397.593397 cuda_h.py:27] end restore_fused_tensors cost 0.715 ms
DEBUG 04-24 11:19:40.593465.593465 cuda_h.py:27] end sllm_worker_task cost 13.790 ms
DEBUG 04-24 11:19:40.593082.593082 cuda_h.py:27] end group_fused_tensors_mp cost 1.005 ms
DEBUG 04-24 11:19:40.593229.593229 cuda_h.py:27] end group stack cost 1.438 ms
DEBUG 04-24 11:19:40.594005.594005 cuda_h.py:27] end move_flatidxs_group_fused_mp cost 2.383 ms
DEBUG 04-24 11:19:40.594197.594197 cuda_h.py:27] end get_fused_experts_names_w cost 0.027 ms
DEBUG 04-24 11:19:40.594775.594775 cuda_h.py:27] end group stack cost 1.857 ms
DEBUG 04-24 11:19:40.594776.594776 cuda_h.py:27] end move_flatidxs_group_fused_mp cost 2.957 ms
DEBUG 04-24 11:19:40.594154.594154 cuda_h.py:27] end get_fused_experts_names_w cost 0.039 ms
DEBUG 04-24 11:19:40.595216.595216 cuda_h.py:27] end restore_fused_tensors cost 0.784 ms
DEBUG 04-24 11:19:40.595644.595644 cuda_h.py:27] end group_fused_tensors_mp cost 1.098 ms
DEBUG 04-24 11:19:40.595723.595723 cuda_h.py:27] end load_into_gpu_async_fused_experts_dual cost 3.527 ms
DEBUG 04-24 11:19:40.596280.596280 cuda_h.py:27] end restore_tensors2_fused_experts_packed cost 0.161 ms
DEBUG 04-24 11:19:40.596564.596564 cuda_h.py:27] end restore_fused_tensors cost 1.208 ms
DEBUG 04-24 11:19:40.596370.596370 cuda_h.py:27] end group_fused_tensors_mp cost 1.748 ms
DEBUG 04-24 11:19:40.597011.597011 cuda_h.py:27] end restore_tensors2_fused_experts_slices cost 0.408 ms
DEBUG 04-24 11:19:40.597892.597892 cuda_h.py:27] end allocate_experts_cuda_memory_and_restore_model_multi_device_fused cost 6.502 ms
DEBUG 04-24 11:19:40.597499.597499 cuda_h.py:27] end gpu_sexperts cost 0.017 ms
DEBUG 04-24 11:19:40.597012.597012 cuda_h.py:27] end wait_load_qkvogn_s_weight cost 0.044 ms
DEBUG 04-24 11:19:40.605660.605660 mlpmodule.py:3373] [fused_group_bmm][steps] bmm1=6.909 ms split=0.114 ms act_mul=0.450 ms bmm2=3.907 ms
DEBUG 04-24 11:19:40.605250.605250 cuda_h.py:27] end fused_group_bmm cost 11.910 ms
DEBUG 04-24 11:19:40.606889.606889 cuda_h.py:27] end gather_outputs_group_fused_mp cost 0.625 ms
DEBUG 04-24 11:19:40.607917.607917 cuda_h.py:27] end cpu_experts_worker_bmm_or_einsum_0 cost 17.011 ms
DEBUG 04-24 11:19:40.607906.607906 cuda_h.py:27] end prepare_per_device_parameters cost 10.354 ms
DEBUG 04-24 11:19:40.608489.608489 mlpmodule.py:3373] [fused_group_bmm][steps] bmm1=7.654 ms split=0.192 ms act_mul=0.509 ms bmm2=5.819 ms
DEBUG 04-24 11:19:40.608566.608566 cuda_h.py:27] end fused_group_bmm cost 14.544 ms
DEBUG 04-24 11:19:40.609182.609182 cuda_h.py:27] end gather_outputs_group_fused_mp cost 0.529 ms
DEBUG 04-24 11:19:40.609255.609255 cuda_h.py:27] end cpu_experts_worker_bmm_or_einsum_1 cost 19.231 ms
DEBUG 04-24 11:19:40.610886.610886 mlpmodule.py:3373] [fused_group_bmm][steps] bmm1=8.274 ms split=0.210 ms act_mul=0.466 ms bmm2=5.821 ms
DEBUG 04-24 11:19:40.610879.610879 cuda_h.py:27] end fused_group_bmm cost 15.012 ms
DEBUG 04-24 11:19:40.611664.611664 cuda_h.py:27] end gather_outputs_group_fused_mp cost 0.443 ms
DEBUG 04-24 11:19:40.611517.611517 cuda_h.py:27] end cpu_experts_worker_bmm_or_einsum_2 cost 20.423 ms
DEBUG 04-24 11:19:40.612838.612838 mlpmodule.py:3373] [fused_group_bmm][steps] bmm1=9.895 ms split=0.175 ms act_mul=0.448 ms bmm2=4.812 ms
DEBUG 04-24 11:19:40.612534.612534 cuda_h.py:27] end fused_group_bmm cost 15.597 ms
DEBUG 04-24 11:19:40.613489.613489 cuda_h.py:27] end gather_outputs_group_fused_mp cost 0.427 ms
DEBUG 04-24 11:19:40.613234.613234 cuda_h.py:27] end cpu_experts_worker_bmm_or_einsum_3 cost 22.612 ms
DEBUG 04-24 11:19:40.619080.619080 cuda_h.py:27] end wait_experts_multi_device cost 11.145 ms
DEBUG 04-24 11:19:40.619083.619083 cuda_h.py:27] end *before fused experts* cost 28.633 ms
DEBUG 04-24 11:19:40.624912.624912 cuda_h.py:27] end gpu_experts_multi_device_fused cost 4.746 ms
DEBUG 04-24 11:19:40.624802.624802 cuda_h.py:27] end *gpu experts* cost 33.518 ms
DEBUG 04-24 11:19:40.626534.626534 cuda_h.py:27] end cpu_experts_scatter_reduce cost 0.737 ms
DEBUG 04-24 11:19:40.626205.626205 cuda_h.py:27] end cpu_thread_manager_mp_wait_fused cost 1.906 ms
DEBUG 04-24 11:19:40.626175.626175 cuda_h.py:27] end layer_moe_generate_mp_multi_device_fused_l_18 cost 40.181 ms
DEBUG 04-24 11:19:40.627581.627581 cuda_h.py:27] end *mlp cost 41.045 ms
DEBUG 04-24 11:19:40.627659.627659 cuda_h.py:27] end prefill_layer cost 47.373 ms
DEBUG 04-24 11:19:40.627667.627667 lmp.py:341] -------------------------------- end prefill layer 17 --------------------------------
DEBUG 04-24 11:19:40.627085.627085 lmp.py:294] -------------------------------- start prefill layer 18 --------------------------------
DEBUG 04-24 11:19:40.627604.627604 cuda_h.py:27] end start_load_qkvogn_s_weight_l_19 cost 0.050 ms
DEBUG 04-24 11:19:40.628556.628556 cuda_h.py:27] end allocate_cuda_memory cost 0.250 ms
DEBUG 04-24 11:19:40.628847.628847 sllm_store_c.py:27] get device uuid map
DEBUG 04-24 11:19:40.628405.628405 sllm_store_c.py:29] call client load into gpu
DEBUG 04-24 11:19:40.630823.630823 cuda_h.py:27] end **self_attn cost 1.478 ms
DEBUG 04-24 11:19:40.630937.630937 cuda_h.py:27] end *iln_self_attn_paln cost 2.870 ms
DEBUG 04-24 11:19:40.630206.630206 cuda_h.py:27] end load_into_gpu_async cost 2.619 ms
DEBUG 04-24 11:19:40.631847.631847 cuda_h.py:27] end restore_tensors2 cost 0.099 ms
DEBUG 04-24 11:19:40.631438.631438 cuda_h.py:27] end allocate_cuda_memory_and_load_into_gpu cost 3.298 ms
DEBUG 04-24 11:19:40.631710.631710 cuda_h.py:27] end gate cost 0.957 ms
DEBUG 04-24 11:19:40.632411.632411 cuda_h.py:27] end experts_map_get cost 0.294 ms
DEBUG 04-24 11:19:40.632194.632194 cuda_h.py:27] end *before experts start* cost 1.394 ms
DEBUG 04-24 11:19:40.632057.632057 cuda_h.py:27] end cpu_experts_submit_fused_mp cost 0.223 ms
DEBUG 04-24 11:19:40.633131.633131 cuda_h.py:27] end *single cpu experts* cost 1.258 ms
DEBUG 04-24 11:19:40.635988.635988 cuda_h.py:27] end prepare_group_stack cost 0.405 ms
DEBUG 04-24 11:19:40.635207.635207 cuda_h.py:27] end prepare_group_stack cost 0.381 ms
DEBUG 04-24 11:19:40.635541.635541 cuda_h.py:27] end prepare_group_stack cost 0.473 ms
DEBUG 04-24 11:19:40.635327.635327 sllm_store_c.py:27] get device uuid map
DEBUG 04-24 11:19:40.635516.635516 sllm_store_c.py:29] call client load into gpu
DEBUG 04-24 11:19:40.635678.635678 cuda_h.py:27] end group stack cost 0.725 ms
DEBUG 04-24 11:19:40.636973.636973 cuda_h.py:27] end move_flatidxs_group_fused_mp cost 1.361 ms
DEBUG 04-24 11:19:40.636180.636180 cuda_h.py:27] end group stack cost 1.020 ms
DEBUG 04-24 11:19:40.636549.636549 cuda_h.py:27] end prepare_group_stack cost 0.444 ms
DEBUG 04-24 11:19:40.636634.636634 cuda_h.py:27] end get_fused_experts_names_w cost 0.022 ms
DEBUG 04-24 11:19:40.636448.636448 cuda_h.py:27] end move_flatidxs_group_fused_mp cost 1.685 ms
DEBUG 04-24 11:19:40.636303.636303 cuda_h.py:27] end group stack cost 1.177 ms
DEBUG 04-24 11:19:40.636755.636755 cuda_h.py:27] end get_fused_experts_names_w cost 0.022 ms
DEBUG 04-24 11:19:40.636014.636014 cuda_h.py:27] end move_flatidxs_group_fused_mp cost 1.937 ms
DEBUG 04-24 11:19:40.636318.636318 cuda_h.py:27] end get_fused_experts_names_w cost 0.022 ms
DEBUG 04-24 11:19:40.637512.637512 cuda_h.py:27] end restore_fused_tensors cost 0.698 ms
DEBUG 04-24 11:19:40.637110.637110 cuda_h.py:27] end restore_fused_tensors cost 0.547 ms
DEBUG 04-24 11:19:40.637846.637846 cuda_h.py:27] end group_fused_tensors_mp cost 1.025 ms
DEBUG 04-24 11:19:40.637086.637086 cuda_h.py:27] end group_fused_tensors_mp cost 0.795 ms
DEBUG 04-24 11:19:40.637100.637100 cuda_h.py:27] end group stack cost 1.077 ms
DEBUG 04-24 11:19:40.637606.637606 cuda_h.py:27] end restore_fused_tensors cost 0.502 ms
DEBUG 04-24 11:19:40.637749.637749 cuda_h.py:27] end group_fused_tensors_mp cost 0.835 ms
DEBUG 04-24 11:19:40.637346.637346 cuda_h.py:27] end move_flatidxs_group_fused_mp cost 2.101 ms
DEBUG 04-24 11:19:40.637281.637281 cuda_h.py:27] end get_fused_experts_names_w cost 0.021 ms
DEBUG 04-24 11:19:40.638152.638152 cuda_h.py:27] end restore_fused_tensors cost 0.669 ms
DEBUG 04-24 11:19:40.638009.638009 cuda_h.py:27] end group_fused_tensors_mp cost 0.807 ms
DEBUG 04-24 11:19:40.639817.639817 cuda_h.py:27] end restore2model cost 0.948 ms
DEBUG 04-24 11:19:40.640807.640807 cuda_h.py:27] end sllm_worker_task cost 12.308 ms
DEBUG 04-24 11:19:40.647903.647903 mlpmodule.py:3373] [fused_group_bmm][steps] bmm1=6.314 ms split=0.177 ms act_mul=0.486 ms bmm2=2.659 ms
DEBUG 04-24 11:19:40.647653.647653 cuda_h.py:27] end fused_group_bmm cost 9.949 ms
DEBUG 04-24 11:19:40.648390.648390 cuda_h.py:27] end gather_outputs_group_fused_mp cost 0.594 ms
DEBUG 04-24 11:19:40.648998.648998 cuda_h.py:27] end cpu_experts_worker_bmm_or_einsum_0 cost 15.052 ms
DEBUG 04-24 11:19:40.649030.649030 mlpmodule.py:3373] [fused_group_bmm][steps] bmm1=7.852 ms split=0.146 ms act_mul=0.360 ms bmm2=2.862 ms
DEBUG 04-24 11:19:40.649914.649914 mlpmodule.py:3373] [fused_group_bmm][steps] bmm1=7.914 ms split=0.138 ms act_mul=0.364 ms bmm2=3.137 ms
DEBUG 04-24 11:19:40.649646.649646 cuda_h.py:27] end fused_group_bmm cost 11.457 ms
DEBUG 04-24 11:19:40.649194.649194 cuda_h.py:27] end fused_group_bmm cost 12.036 ms
DEBUG 04-24 11:19:40.650652.650652 cuda_h.py:27] end gather_outputs_group_fused_mp cost 0.439 ms
DEBUG 04-24 11:19:40.650818.650818 cuda_h.py:27] end gather_outputs_group_fused_mp cost 0.431 ms
DEBUG 04-24 11:19:40.650661.650661 cuda_h.py:27] end load_into_gpu_async_fused_experts_dual cost 14.903 ms
DEBUG 04-24 11:19:40.650006.650006 cuda_h.py:27] end cpu_experts_worker_bmm_or_einsum_3 cost 17.061 ms
DEBUG 04-24 11:19:40.650498.650498 cuda_h.py:27] end restore_tensors2_fused_experts_packed cost 0.121 ms
DEBUG 04-24 11:19:40.651358.651358 cuda_h.py:27] end cpu_experts_worker_bmm_or_einsum_2 cost 17.486 ms
DEBUG 04-24 11:19:40.651937.651937 cuda_h.py:27] end restore_tensors2_fused_experts_slices cost 0.402 ms
DEBUG 04-24 11:19:40.651039.651039 mlpmodule.py:3373] [fused_group_bmm][steps] bmm1=8.275 ms split=0.139 ms act_mul=0.417 ms bmm2=3.535 ms
DEBUG 04-24 11:19:40.651643.651643 cuda_h.py:27] end fused_group_bmm cost 12.629 ms
DEBUG 04-24 11:19:40.651517.651517 cuda_h.py:27] end allocate_experts_cuda_memory_and_restore_model_multi_device_fused cost 17.991 ms
DEBUG 04-24 11:19:40.651131.651131 cuda_h.py:27] end gpu_sexperts cost 0.007 ms
DEBUG 04-24 11:19:40.651767.651767 cuda_h.py:27] end wait_load_qkvogn_s_weight cost 0.020 ms
DEBUG 04-24 11:19:40.652576.652576 cuda_h.py:27] end gather_outputs_group_fused_mp cost 0.444 ms
DEBUG 04-24 11:19:40.652537.652537 cuda_h.py:27] end cpu_experts_worker_bmm_or_einsum_1 cost 17.712 ms
DEBUG 04-24 11:19:40.666571.666571 cuda_h.py:27] end prepare_per_device_parameters cost 13.971 ms
DEBUG 04-24 11:19:40.668673.668673 cuda_h.py:27] end wait_experts_multi_device cost 2.163 ms
DEBUG 04-24 11:19:40.668178.668178 cuda_h.py:27] end *before fused experts* cost 34.777 ms
DEBUG 04-24 11:19:40.672199.672199 cuda_h.py:27] end gpu_experts_multi_device_fused cost 3.946 ms
DEBUG 04-24 11:19:40.672460.672460 cuda_h.py:27] end *gpu experts* cost 38.847 ms
DEBUG 04-24 11:19:40.674239.674239 cuda_h.py:27] end cpu_experts_scatter_reduce cost 0.843 ms
DEBUG 04-24 11:19:40.674857.674857 cuda_h.py:27] end cpu_thread_manager_mp_wait_fused cost 2.503 ms
DEBUG 04-24 11:19:40.675430.675430 cuda_h.py:27] end layer_moe_generate_mp_multi_device_fused_l_19 cost 44.229 ms
DEBUG 04-24 11:19:40.676718.676718 cuda_h.py:27] end *mlp cost 45.693 ms
DEBUG 04-24 11:19:40.676096.676096 cuda_h.py:27] end prefill_layer cost 49.148 ms
DEBUG 04-24 11:19:40.676741.676741 lmp.py:341] -------------------------------- end prefill layer 18 --------------------------------
DEBUG 04-24 11:19:40.677068.677068 lmp.py:294] -------------------------------- start prefill layer 19 --------------------------------
DEBUG 04-24 11:19:40.677092.677092 cuda_h.py:27] end start_load_qkvogn_s_weight_l_20 cost 0.110 ms
DEBUG 04-24 11:19:40.677093.677093 cuda_h.py:27] end allocate_cuda_memory cost 0.229 ms
DEBUG 04-24 11:19:40.678933.678933 sllm_store_c.py:27] get device uuid map
DEBUG 04-24 11:19:40.678932.678932 sllm_store_c.py:29] call client load into gpu
DEBUG 04-24 11:19:40.679625.679625 cuda_h.py:27] end **self_attn cost 1.569 ms
DEBUG 04-24 11:19:40.680846.680846 cuda_h.py:27] end load_into_gpu_async cost 2.147 ms
DEBUG 04-24 11:19:40.680408.680408 cuda_h.py:27] end restore_tensors2 cost 0.105 ms
DEBUG 04-24 11:19:40.680337.680337 cuda_h.py:27] end *iln_self_attn_paln cost 3.101 ms
DEBUG 04-24 11:19:40.680762.680762 cuda_h.py:27] end allocate_cuda_memory_and_load_into_gpu cost 2.843 ms
DEBUG 04-24 11:19:40.681876.681876 cuda_h.py:27] end gate cost 0.630 ms
DEBUG 04-24 11:19:40.681251.681251 cuda_h.py:27] end experts_map_get cost 0.261 ms
DEBUG 04-24 11:19:40.681134.681134 cuda_h.py:27] end *before experts start* cost 1.041 ms
DEBUG 04-24 11:19:40.681671.681671 cuda_h.py:27] end cpu_experts_submit_fused_mp cost 0.193 ms
DEBUG 04-24 11:19:40.682129.682129 cuda_h.py:27] end *single cpu experts* cost 1.193 ms
DEBUG 04-24 11:19:40.684543.684543 cuda_h.py:27] end prepare_group_stack cost 0.528 ms
DEBUG 04-24 11:19:40.685223.685223 cuda_h.py:27] end group stack cost 0.618 ms
DEBUG 04-24 11:19:40.685683.685683 cuda_h.py:27] end move_flatidxs_group_fused_mp cost 1.354 ms
DEBUG 04-24 11:19:40.685976.685976 cuda_h.py:27] end get_fused_experts_names_w cost 0.017 ms
DEBUG 04-24 11:19:40.685909.685909 cuda_h.py:27] end prepare_group_stack cost 0.477 ms
DEBUG 04-24 11:19:40.685437.685437 cuda_h.py:27] end prepare_group_stack cost 0.594 ms
DEBUG 04-24 11:19:40.685036.685036 sllm_store_c.py:27] get device uuid map
DEBUG 04-24 11:19:40.685067.685067 cuda_h.py:27] end prepare_group_stack cost 0.531 ms
DEBUG 04-24 11:19:40.685897.685897 sllm_store_c.py:29] call client load into gpu
DEBUG 04-24 11:19:40.685196.685196 cuda_h.py:27] end restore_fused_tensors cost 0.409 ms
DEBUG 04-24 11:19:40.685232.685232 cuda_h.py:27] end group_fused_tensors_mp cost 0.561 ms
DEBUG 04-24 11:19:40.686509.686509 cuda_h.py:27] end group stack cost 0.858 ms
DEBUG 04-24 11:19:40.686475.686475 cuda_h.py:27] end move_flatidxs_group_fused_mp cost 1.776 ms
DEBUG 04-24 11:19:40.686455.686455 cuda_h.py:27] end group stack cost 1.006 ms
DEBUG 04-24 11:19:40.686525.686525 cuda_h.py:27] end get_fused_experts_names_w cost 0.033 ms
DEBUG 04-24 11:19:40.686161.686161 cuda_h.py:27] end move_flatidxs_group_fused_mp cost 2.069 ms
DEBUG 04-24 11:19:40.687253.687253 cuda_h.py:27] end get_fused_experts_names_w cost 0.033 ms
DEBUG 04-24 11:19:40.687365.687365 cuda_h.py:27] end group stack cost 1.496 ms
DEBUG 04-24 11:19:40.687386.687386 cuda_h.py:27] end move_flatidxs_group_fused_mp cost 2.590 ms
DEBUG 04-24 11:19:40.687524.687524 cuda_h.py:27] end get_fused_experts_names_w cost 0.034 ms
DEBUG 04-24 11:19:40.687423.687423 cuda_h.py:27] end restore_fused_tensors cost 0.570 ms
DEBUG 04-24 11:19:40.687232.687232 cuda_h.py:27] end restore_fused_tensors cost 0.795 ms
DEBUG 04-24 11:19:40.687664.687664 cuda_h.py:27] end group_fused_tensors_mp cost 0.831 ms
DEBUG 04-24 11:19:40.688735.688735 cuda_h.py:27] end group_fused_tensors_mp cost 1.177 ms
DEBUG 04-24 11:19:40.688459.688459 cuda_h.py:27] end restore_fused_tensors cost 0.824 ms
DEBUG 04-24 11:19:40.688761.688761 cuda_h.py:27] end group_fused_tensors_mp cost 1.162 ms
DEBUG 04-24 11:19:40.690061.690061 cuda_h.py:27] end restore2model cost 0.725 ms
DEBUG 04-24 11:19:40.690894.690894 cuda_h.py:27] end sllm_worker_task cost 13.123 ms
DEBUG 04-24 11:19:40.692485.692485 cuda_h.py:27] end load_into_gpu_async_fused_experts_dual cost 7.257 ms
DEBUG 04-24 11:19:40.693981.693981 cuda_h.py:27] end restore_tensors2_fused_experts_packed cost 0.181 ms
DEBUG 04-24 11:19:40.693103.693103 cuda_h.py:27] end restore_tensors2_fused_experts_slices cost 0.344 ms
DEBUG 04-24 11:19:40.694465.694465 cuda_h.py:27] end allocate_experts_cuda_memory_and_restore_model_multi_device_fused cost 11.173 ms
DEBUG 04-24 11:19:40.694195.694195 cuda_h.py:27] end gpu_sexperts cost 0.016 ms
DEBUG 04-24 11:19:40.694222.694222 cuda_h.py:27] end wait_load_qkvogn_s_weight cost 0.023 ms
DEBUG 04-24 11:19:40.698071.698071 mlpmodule.py:3373] [fused_group_bmm][steps] bmm1=7.071 ms split=0.190 ms act_mul=0.436 ms bmm2=5.126 ms
DEBUG 04-24 11:19:40.699788.699788 cuda_h.py:27] end fused_group_bmm cost 13.110 ms
DEBUG 04-24 11:19:40.699005.699005 mlpmodule.py:3373] [fused_group_bmm][steps] bmm1=6.156 ms split=0.097 ms act_mul=0.407 ms bmm2=4.227 ms
DEBUG 04-24 11:19:40.699039.699039 cuda_h.py:27] end gather_outputs_group_fused_mp cost 0.519 ms
DEBUG 04-24 11:19:40.699138.699138 cuda_h.py:27] end fused_group_bmm cost 11.335 ms
DEBUG 04-24 11:19:40.700069.700069 cuda_h.py:27] end gather_outputs_group_fused_mp cost 0.440 ms
DEBUG 04-24 11:19:40.700520.700520 cuda_h.py:27] end cpu_experts_worker_bmm_or_einsum_1 cost 17.338 ms
DEBUG 04-24 11:19:40.700485.700485 cuda_h.py:27] end cpu_experts_worker_bmm_or_einsum_0 cost 16.986 ms
DEBUG 04-24 11:19:40.702904.702904 mlpmodule.py:3373] [fused_group_bmm][steps] bmm1=8.673 ms split=0.299 ms act_mul=0.631 ms bmm2=4.795 ms
DEBUG 04-24 11:19:40.702102.702102 cuda_h.py:27] end fused_group_bmm cost 14.609 ms
DEBUG 04-24 11:19:40.703089.703089 cuda_h.py:27] end gather_outputs_group_fused_mp cost 0.368 ms
DEBUG 04-24 11:19:40.703534.703534 cuda_h.py:27] end cpu_experts_worker_bmm_or_einsum_2 cost 20.027 ms
DEBUG 04-24 11:19:40.703697.703697 mlpmodule.py:3373] [fused_group_bmm][steps] bmm1=9.890 ms split=0.134 ms act_mul=0.382 ms bmm2=4.291 ms
DEBUG 04-24 11:19:40.704639.704639 cuda_h.py:27] end fused_group_bmm cost 14.970 ms
DEBUG 04-24 11:19:40.704130.704130 cuda_h.py:27] end gather_outputs_group_fused_mp cost 0.417 ms
DEBUG 04-24 11:19:40.705152.705152 cuda_h.py:27] end cpu_experts_worker_bmm_or_einsum_3 cost 21.432 ms
DEBUG 04-24 11:19:40.708041.708041 cuda_h.py:27] end prepare_per_device_parameters cost 13.925 ms
DEBUG 04-24 11:19:40.850272.850272 cuda_h.py:27] end wait_experts_multi_device cost 142.042 ms
DEBUG 04-24 11:19:40.850989.850989 cuda_h.py:27] end *before fused experts* cost 167.835 ms
DEBUG 04-24 11:19:40.861598.861598 cuda_h.py:27] end gpu_experts_multi_device_fused cost 10.908 ms
DEBUG 04-24 11:19:40.861391.861391 cuda_h.py:27] end *gpu experts* cost 179.057 ms
DEBUG 04-24 11:19:40.897069.897069 cuda_h.py:27] end cpu_experts_scatter_reduce cost 0.532 ms
DEBUG 04-24 11:19:40.897488.897488 cuda_h.py:27] end cpu_thread_manager_mp_wait_fused cost 35.240 ms
DEBUG 04-24 11:19:40.897961.897961 cuda_h.py:27] end layer_moe_generate_mp_multi_device_fused_l_20 cost 216.785 ms
DEBUG 04-24 11:19:40.898450.898450 cuda_h.py:27] end *mlp cost 217.567 ms
DEBUG 04-24 11:19:40.898062.898062 cuda_h.py:27] end prefill_layer cost 221.141 ms
DEBUG 04-24 11:19:40.898957.898957 lmp.py:341] -------------------------------- end prefill layer 19 --------------------------------
DEBUG 04-24 11:19:40.898514.898514 lmp.py:294] -------------------------------- start prefill layer 20 --------------------------------
DEBUG 04-24 11:19:40.898907.898907 cuda_h.py:27] end start_load_qkvogn_s_weight_l_21 cost 0.044 ms
DEBUG 04-24 11:19:40.898838.898838 cuda_h.py:27] end allocate_cuda_memory cost 0.214 ms
DEBUG 04-24 11:19:40.898791.898791 sllm_store_c.py:27] get device uuid map
DEBUG 04-24 11:19:40.898277.898277 sllm_store_c.py:29] call client load into gpu
DEBUG 04-24 11:19:40.900486.900486 cuda_h.py:27] end **self_attn cost 1.286 ms
DEBUG 04-24 11:19:40.900745.900745 cuda_h.py:27] end *iln_self_attn_paln cost 2.532 ms
DEBUG 04-24 11:19:40.901144.901144 cuda_h.py:27] end gate cost 0.515 ms
DEBUG 04-24 11:19:40.902970.902970 cuda_h.py:27] end experts_map_get cost 0.280 ms
DEBUG 04-24 11:19:40.902787.902787 cuda_h.py:27] end load_into_gpu_async cost 3.417 ms
DEBUG 04-24 11:19:40.902365.902365 cuda_h.py:27] end *before experts start* cost 1.208 ms
DEBUG 04-24 11:19:40.902579.902579 cuda_h.py:27] end restore_tensors2 cost 0.101 ms
DEBUG 04-24 11:19:40.902154.902154 cuda_h.py:27] end cpu_experts_submit_fused_mp cost 0.212 ms
DEBUG 04-24 11:19:40.903242.903242 cuda_h.py:27] end allocate_cuda_memory_and_load_into_gpu cost 4.622 ms
DEBUG 04-24 11:19:40.905879.905879 cuda_h.py:27] end *single cpu experts* cost 2.291 ms
DEBUG 04-24 11:19:40.906819.906819 cuda_h.py:27] end prepare_group_stack cost 0.655 ms
DEBUG 04-24 11:19:40.907980.907980 cuda_h.py:27] end prepare_group_stack cost 0.623 ms
DEBUG 04-24 11:19:40.907624.907624 cuda_h.py:27] end prepare_group_stack cost 0.634 ms
DEBUG 04-24 11:19:40.907729.907729 cuda_h.py:27] end group stack cost 1.423 ms
DEBUG 04-24 11:19:40.907280.907280 cuda_h.py:27] end move_flatidxs_group_fused_mp cost 2.580 ms
DEBUG 04-24 11:19:40.908114.908114 sllm_store_c.py:27] get device uuid map
DEBUG 04-24 11:19:40.908792.908792 sllm_store_c.py:29] call client load into gpu
DEBUG 04-24 11:19:40.908033.908033 cuda_h.py:27] end prepare_group_stack cost 0.720 ms
DEBUG 04-24 11:19:40.908861.908861 cuda_h.py:27] end get_fused_experts_names_w cost 0.040 ms
DEBUG 04-24 11:19:40.908591.908591 cuda_h.py:27] end group stack cost 1.403 ms
DEBUG 04-24 11:19:40.908472.908472 cuda_h.py:27] end group stack cost 1.400 ms
DEBUG 04-24 11:19:40.908950.908950 cuda_h.py:27] end move_flatidxs_group_fused_mp cost 2.496 ms
DEBUG 04-24 11:19:40.908420.908420 cuda_h.py:27] end move_flatidxs_group_fused_mp cost 2.537 ms
DEBUG 04-24 11:19:40.909871.909871 cuda_h.py:27] end get_fused_experts_names_w cost 0.032 ms
DEBUG 04-24 11:19:40.909230.909230 cuda_h.py:27] end get_fused_experts_names_w cost 0.041 ms
DEBUG 04-24 11:19:40.909465.909465 cuda_h.py:27] end restore_fused_tensors cost 1.011 ms
DEBUG 04-24 11:19:40.909391.909391 cuda_h.py:27] end group_fused_tensors_mp cost 1.442 ms
DEBUG 04-24 11:19:40.910542.910542 cuda_h.py:27] end group stack cost 1.734 ms
DEBUG 04-24 11:19:40.910343.910343 cuda_h.py:27] end restore_fused_tensors cost 1.018 ms
DEBUG 04-24 11:19:40.910299.910299 cuda_h.py:27] end move_flatidxs_group_fused_mp cost 3.174 ms
DEBUG 04-24 11:19:40.910479.910479 cuda_h.py:27] end group_fused_tensors_mp cost 1.573 ms
DEBUG 04-24 11:19:40.910114.910114 cuda_h.py:27] end restore_fused_tensors cost 1.174 ms
DEBUG 04-24 11:19:40.910375.910375 cuda_h.py:27] end get_fused_experts_names_w cost 0.040 ms
DEBUG 04-24 11:19:40.910357.910357 cuda_h.py:27] end restore2model cost 0.639 ms
DEBUG 04-24 11:19:40.910705.910705 cuda_h.py:27] end group_fused_tensors_mp cost 1.592 ms
DEBUG 04-24 11:19:40.911424.911424 cuda_h.py:27] end sllm_worker_task cost 12.624 ms
DEBUG 04-24 11:19:40.912024.912024 cuda_h.py:27] end restore_fused_tensors cost 1.102 ms
DEBUG 04-24 11:19:40.912351.912351 cuda_h.py:27] end load_into_gpu_async_fused_experts_dual cost 4.107 ms
DEBUG 04-24 11:19:40.912950.912950 cuda_h.py:27] end group_fused_tensors_mp cost 1.593 ms
DEBUG 04-24 11:19:40.912932.912932 cuda_h.py:27] end restore_tensors2_fused_experts_packed cost 0.070 ms
DEBUG 04-24 11:19:40.913749.913749 cuda_h.py:27] end restore_tensors2_fused_experts_slices cost 0.405 ms
DEBUG 04-24 11:19:40.913729.913729 cuda_h.py:27] end allocate_experts_cuda_memory_and_restore_model_multi_device_fused cost 8.017 ms
DEBUG 04-24 11:19:40.913514.913514 cuda_h.py:27] end gpu_sexperts cost 0.010 ms
DEBUG 04-24 11:19:40.913100.913100 cuda_h.py:27] end wait_load_qkvogn_s_weight cost 0.031 ms
DEBUG 04-24 11:19:40.923923.923923 mlpmodule.py:3373] [fused_group_bmm][steps] bmm1=7.149 ms split=0.118 ms act_mul=0.388 ms bmm2=4.118 ms
DEBUG 04-24 11:19:40.923221.923221 cuda_h.py:27] end fused_group_bmm cost 12.228 ms
DEBUG 04-24 11:19:40.924630.924630 mlpmodule.py:3373] [fused_group_bmm][steps] bmm1=9.105 ms split=0.123 ms act_mul=0.328 ms bmm2=4.543 ms
DEBUG 04-24 11:19:40.924728.924728 cuda_h.py:27] end gather_outputs_group_fused_mp cost 0.585 ms
DEBUG 04-24 11:19:40.924274.924274 cuda_h.py:27] end fused_group_bmm cost 14.372 ms
DEBUG 04-24 11:19:40.924203.924203 cuda_h.py:27] end cpu_experts_worker_bmm_or_einsum_0 cost 19.458 ms
DEBUG 04-24 11:19:40.925086.925086 cuda_h.py:27] end gather_outputs_group_fused_mp cost 0.657 ms
DEBUG 04-24 11:19:40.925887.925887 cuda_h.py:27] end cpu_experts_worker_bmm_or_einsum_1 cost 21.311 ms
DEBUG 04-24 11:19:40.927450.927450 mlpmodule.py:3373] [fused_group_bmm][steps] bmm1=10.010 ms split=0.388 ms act_mul=0.657 ms bmm2=4.929 ms
DEBUG 04-24 11:19:40.927317.927317 cuda_h.py:27] end fused_group_bmm cost 16.199 ms
DEBUG 04-24 11:19:40.927642.927642 cuda_h.py:27] end gather_outputs_group_fused_mp cost 0.358 ms
DEBUG 04-24 11:19:40.927143.927143 cuda_h.py:27] end prepare_per_device_parameters cost 13.936 ms
DEBUG 04-24 11:19:40.928724.928724 cuda_h.py:27] end cpu_experts_worker_bmm_or_einsum_2 cost 22.710 ms
DEBUG 04-24 11:19:40.928894.928894 mlpmodule.py:3373] [fused_group_bmm][steps] bmm1=9.937 ms split=0.186 ms act_mul=0.432 ms bmm2=4.679 ms
DEBUG 04-24 11:19:40.928199.928199 cuda_h.py:27] end fused_group_bmm cost 15.668 ms
DEBUG 04-24 11:19:40.928701.928701 cuda_h.py:27] end gather_outputs_group_fused_mp cost 0.427 ms
DEBUG 04-24 11:19:40.929996.929996 cuda_h.py:27] end cpu_experts_worker_bmm_or_einsum_3 cost 23.161 ms
DEBUG 04-24 11:19:40.935246.935246 cuda_h.py:27] end wait_experts_multi_device cost 8.025 ms
DEBUG 04-24 11:19:40.936202.936202 cuda_h.py:27] end *before fused experts* cost 30.849 ms
DEBUG 04-24 11:19:40.942082.942082 cuda_h.py:27] end gpu_experts_multi_device_fused cost 6.845 ms
DEBUG 04-24 11:19:40.943021.943021 cuda_h.py:27] end *gpu experts* cost 38.299 ms
DEBUG 04-24 11:19:40.945866.945866 cuda_h.py:27] end cpu_experts_scatter_reduce cost 0.565 ms
DEBUG 04-24 11:19:40.945233.945233 cuda_h.py:27] end cpu_thread_manager_mp_wait_fused cost 1.638 ms
DEBUG 04-24 11:19:40.945036.945036 cuda_h.py:27] end layer_moe_generate_mp_multi_device_fused_l_21 cost 44.196 ms
DEBUG 04-24 11:19:40.946127.946127 cuda_h.py:27] end *mlp cost 45.139 ms
DEBUG 04-24 11:19:40.946231.946231 cuda_h.py:27] end prefill_layer cost 48.104 ms
DEBUG 04-24 11:19:40.946126.946126 lmp.py:341] -------------------------------- end prefill layer 20 --------------------------------
DEBUG 04-24 11:19:40.946907.946907 lmp.py:294] -------------------------------- start prefill layer 21 --------------------------------
DEBUG 04-24 11:19:40.946731.946731 cuda_h.py:27] end start_load_qkvogn_s_weight_l_22 cost 0.046 ms
DEBUG 04-24 11:19:40.946688.946688 cuda_h.py:27] end allocate_cuda_memory cost 0.220 ms
DEBUG 04-24 11:19:40.947177.947177 sllm_store_c.py:27] get device uuid map
DEBUG 04-24 11:19:40.947653.947653 sllm_store_c.py:29] call client load into gpu
DEBUG 04-24 11:19:40.948998.948998 cuda_h.py:27] end **self_attn cost 1.350 ms
DEBUG 04-24 11:19:40.948542.948542 cuda_h.py:27] end *iln_self_attn_paln cost 2.336 ms
DEBUG 04-24 11:19:40.949129.949129 cuda_h.py:27] end load_into_gpu_async cost 2.142 ms
DEBUG 04-24 11:19:40.949479.949479 cuda_h.py:27] end restore_tensors2 cost 0.089 ms
DEBUG 04-24 11:19:40.949879.949879 cuda_h.py:27] end allocate_cuda_memory_and_load_into_gpu cost 2.798 ms
DEBUG 04-24 11:19:40.949962.949962 cuda_h.py:27] end gate cost 0.806 ms
DEBUG 04-24 11:19:40.950480.950480 cuda_h.py:27] end experts_map_get cost 0.543 ms
DEBUG 04-24 11:19:40.950356.950356 cuda_h.py:27] end *before experts start* cost 1.493 ms
DEBUG 04-24 11:19:40.950985.950985 cuda_h.py:27] end cpu_experts_submit_fused_mp cost 0.192 ms
DEBUG 04-24 11:19:40.951139.951139 cuda_h.py:27] end *single cpu experts* cost 1.213 ms
DEBUG 04-24 11:19:40.953077.953077 cuda_h.py:27] end prepare_group_stack cost 0.405 ms
DEBUG 04-24 11:19:40.953722.953722 cuda_h.py:27] end prepare_group_stack cost 0.407 ms
DEBUG 04-24 11:19:40.954367.954367 cuda_h.py:27] end prepare_group_stack cost 0.539 ms
DEBUG 04-24 11:19:40.954058.954058 cuda_h.py:27] end prepare_group_stack cost 0.531 ms
DEBUG 04-24 11:19:40.954728.954728 sllm_store_c.py:27] get device uuid map
DEBUG 04-24 11:19:40.954989.954989 sllm_store_c.py:29] call client load into gpu
DEBUG 04-24 11:19:40.954850.954850 cuda_h.py:27] end group stack cost 0.610 ms
DEBUG 04-24 11:19:40.954728.954728 cuda_h.py:27] end move_flatidxs_group_fused_mp cost 1.297 ms
DEBUG 04-24 11:19:40.954297.954297 cuda_h.py:27] end get_fused_experts_names_w cost 0.023 ms
DEBUG 04-24 11:19:40.955756.955756 cuda_h.py:27] end group stack cost 0.812 ms
DEBUG 04-24 11:19:40.955213.955213 cuda_h.py:27] end group stack cost 1.045 ms
DEBUG 04-24 11:19:40.955892.955892 cuda_h.py:27] end move_flatidxs_group_fused_mp cost 1.795 ms
DEBUG 04-24 11:19:40.955257.955257 cuda_h.py:27] end move_flatidxs_group_fused_mp cost 1.775 ms
DEBUG 04-24 11:19:40.955389.955389 cuda_h.py:27] end group stack cost 0.908 ms
DEBUG 04-24 11:19:40.955049.955049 cuda_h.py:27] end get_fused_experts_names_w cost 0.018 ms
DEBUG 04-24 11:19:40.955064.955064 cuda_h.py:27] end get_fused_experts_names_w cost 0.041 ms
DEBUG 04-24 11:19:40.955665.955665 cuda_h.py:27] end move_flatidxs_group_fused_mp cost 2.049 ms
DEBUG 04-24 11:19:40.955190.955190 cuda_h.py:27] end restore_fused_tensors cost 0.589 ms
DEBUG 04-24 11:19:40.955195.955195 cuda_h.py:27] end get_fused_experts_names_w cost 0.021 ms
DEBUG 04-24 11:19:40.955917.955917 cuda_h.py:27] end group_fused_tensors_mp cost 0.940 ms
DEBUG 04-24 11:19:40.956927.956927 cuda_h.py:27] end restore_fused_tensors cost 0.527 ms
DEBUG 04-24 11:19:40.956584.956584 cuda_h.py:27] end group_fused_tensors_mp cost 0.766 ms
DEBUG 04-24 11:19:40.956757.956757 cuda_h.py:27] end restore_fused_tensors cost 0.766 ms
DEBUG 04-24 11:19:40.956184.956184 cuda_h.py:27] end group_fused_tensors_mp cost 1.047 ms
DEBUG 04-24 11:19:40.956259.956259 cuda_h.py:27] end restore_fused_tensors cost 0.557 ms
DEBUG 04-24 11:19:40.956926.956926 cuda_h.py:27] end group_fused_tensors_mp cost 0.880 ms
DEBUG 04-24 11:19:40.958188.958188 cuda_h.py:27] end load_into_gpu_async_fused_experts_dual cost 4.393 ms
DEBUG 04-24 11:19:40.959761.959761 cuda_h.py:27] end restore_tensors2_fused_experts_packed cost 0.244 ms
DEBUG 04-24 11:19:40.960819.960819 cuda_h.py:27] end restore_tensors2_fused_experts_slices cost 0.600 ms
DEBUG 04-24 11:19:40.960749.960749 cuda_h.py:27] end restore2model cost 3.987 ms
DEBUG 04-24 11:19:40.961027.961027 cuda_h.py:27] end allocate_experts_cuda_memory_and_restore_model_multi_device_fused cost 9.254 ms
DEBUG 04-24 11:19:40.961502.961502 cuda_h.py:27] end sllm_worker_task cost 14.488 ms
DEBUG 04-24 11:19:40.961918.961918 cuda_h.py:27] end gpu_sexperts cost 0.018 ms
DEBUG 04-24 11:19:40.961274.961274 cuda_h.py:27] end wait_load_qkvogn_s_weight cost 0.029 ms
DEBUG 04-24 11:19:40.966594.966594 mlpmodule.py:3373] [fused_group_bmm][steps] bmm1=5.782 ms split=0.140 ms act_mul=0.442 ms bmm2=3.699 ms
DEBUG 04-24 11:19:40.966800.966800 cuda_h.py:27] end fused_group_bmm cost 10.311 ms
DEBUG 04-24 11:19:40.966996.966996 cuda_h.py:27] end gather_outputs_group_fused_mp cost 0.443 ms
DEBUG 04-24 11:19:40.967655.967655 cuda_h.py:27] end cpu_experts_worker_bmm_or_einsum_0 cost 15.086 ms
DEBUG 04-24 11:19:40.970383.970383 mlpmodule.py:3373] [fused_group_bmm][steps] bmm1=8.494 ms split=0.212 ms act_mul=0.415 ms bmm2=4.214 ms
DEBUG 04-24 11:19:40.970844.970844 cuda_h.py:27] end fused_group_bmm cost 13.685 ms
DEBUG 04-24 11:19:40.970464.970464 mlpmodule.py:3373] [fused_group_bmm][steps] bmm1=9.018 ms split=0.140 ms act_mul=0.344 ms bmm2=4.294 ms
DEBUG 04-24 11:19:40.970476.970476 cuda_h.py:27] end gather_outputs_group_fused_mp cost 0.450 ms
DEBUG 04-24 11:19:40.970922.970922 cuda_h.py:27] end fused_group_bmm cost 14.065 ms
DEBUG 04-24 11:19:40.971722.971722 cuda_h.py:27] end cpu_experts_worker_bmm_or_einsum_3 cost 18.814 ms
DEBUG 04-24 11:19:40.971689.971689 cuda_h.py:27] end gather_outputs_group_fused_mp cost 0.574 ms
DEBUG 04-24 11:19:40.972887.972887 mlpmodule.py:3373] [fused_group_bmm][steps] bmm1=9.905 ms split=0.100 ms act_mul=0.368 ms bmm2=5.438 ms
DEBUG 04-24 11:19:40.972562.972562 cuda_h.py:27] end fused_group_bmm cost 16.022 ms
DEBUG 04-24 11:19:40.972158.972158 cuda_h.py:27] end cpu_experts_worker_bmm_or_einsum_1 cost 20.002 ms
DEBUG 04-24 11:19:40.972297.972297 cuda_h.py:27] end gather_outputs_group_fused_mp cost 0.359 ms
DEBUG 04-24 11:19:40.973743.973743 cuda_h.py:27] end cpu_experts_worker_bmm_or_einsum_2 cost 20.852 ms
DEBUG 04-24 11:19:40.975588.975588 cuda_h.py:27] end prepare_per_device_parameters cost 13.762 ms
DEBUG 04-24 11:19:40.978688.978688 cuda_h.py:27] end wait_experts_multi_device cost 2.265 ms
DEBUG 04-24 11:19:40.978492.978492 cuda_h.py:27] end *before fused experts* cost 26.505 ms
DEBUG 04-24 11:19:40.982396.982396 cuda_h.py:27] end gpu_experts_multi_device_fused cost 4.419 ms
DEBUG 04-24 11:19:40.982121.982121 cuda_h.py:27] end *gpu experts* cost 31.042 ms
DEBUG 04-24 11:19:40.984256.984256 cuda_h.py:27] end cpu_experts_scatter_reduce cost 0.812 ms
DEBUG 04-24 11:19:40.984814.984814 cuda_h.py:27] end cpu_thread_manager_mp_wait_fused cost 2.094 ms
DEBUG 04-24 11:19:40.985161.985161 cuda_h.py:27] end layer_moe_generate_mp_multi_device_fused_l_22 cost 36.041 ms
DEBUG 04-24 11:19:40.985770.985770 cuda_h.py:27] end *mlp cost 36.802 ms
DEBUG 04-24 11:19:40.985806.985806 cuda_h.py:27] end prefill_layer cost 39.320 ms
DEBUG 04-24 11:19:40.985940.985940 lmp.py:341] -------------------------------- end prefill layer 21 --------------------------------
DEBUG 04-24 11:19:40.985066.985066 lmp.py:294] -------------------------------- start prefill layer 22 --------------------------------
DEBUG 04-24 11:19:40.986122.986122 cuda_h.py:27] end start_load_qkvogn_s_weight_l_23 cost 0.043 ms
DEBUG 04-24 11:19:40.986504.986504 cuda_h.py:27] end allocate_cuda_memory cost 0.217 ms
DEBUG 04-24 11:19:40.986708.986708 sllm_store_c.py:27] get device uuid map
DEBUG 04-24 11:19:40.986843.986843 sllm_store_c.py:29] call client load into gpu
DEBUG 04-24 11:19:40.988384.988384 cuda_h.py:27] end **self_attn cost 1.392 ms
DEBUG 04-24 11:19:40.988402.988402 cuda_h.py:27] end load_into_gpu_async cost 1.740 ms
DEBUG 04-24 11:19:40.988189.988189 cuda_h.py:27] end *iln_self_attn_paln cost 2.448 ms
DEBUG 04-24 11:19:40.988557.988557 cuda_h.py:27] end restore_tensors2 cost 0.095 ms
DEBUG 04-24 11:19:40.988197.988197 cuda_h.py:27] end allocate_cuda_memory_and_load_into_gpu cost 2.569 ms
DEBUG 04-24 11:19:40.989641.989641 cuda_h.py:27] end gate cost 0.652 ms
DEBUG 04-24 11:19:40.989230.989230 cuda_h.py:27] end experts_map_get cost 0.279 ms
DEBUG 04-24 11:19:40.989775.989775 cuda_h.py:27] end *before experts start* cost 1.077 ms
DEBUG 04-24 11:19:40.989312.989312 cuda_h.py:27] end cpu_experts_submit_fused_mp cost 0.192 ms
DEBUG 04-24 11:19:40.990268.990268 cuda_h.py:27] end *single cpu experts* cost 1.070 ms
DEBUG 04-24 11:19:40.993997.993997 sllm_store_c.py:27] get device uuid map
DEBUG 04-24 11:19:40.993925.993925 cuda_h.py:27] end prepare_group_stack cost 0.390 ms
DEBUG 04-24 11:19:40.993867.993867 sllm_store_c.py:29] call client load into gpu
DEBUG 04-24 11:19:40.993489.993489 cuda_h.py:27] end prepare_group_stack cost 0.348 ms
DEBUG 04-24 11:19:40.993443.993443 cuda_h.py:27] end prepare_group_stack cost 0.523 ms
DEBUG 04-24 11:19:40.993807.993807 cuda_h.py:27] end prepare_group_stack cost 0.556 ms
DEBUG 04-24 11:19:40.993808.993808 cuda_h.py:27] end group stack cost 0.572 ms
DEBUG 04-24 11:19:40.993777.993777 cuda_h.py:27] end move_flatidxs_group_fused_mp cost 1.142 ms
DEBUG 04-24 11:19:40.993005.993005 cuda_h.py:27] end get_fused_experts_names_w cost 0.020 ms
DEBUG 04-24 11:19:40.993659.993659 cuda_h.py:27] end group stack cost 0.815 ms
DEBUG 04-24 11:19:40.994056.994056 cuda_h.py:27] end group stack cost 0.710 ms
DEBUG 04-24 11:19:40.994728.994728 cuda_h.py:27] end move_flatidxs_group_fused_mp cost 1.564 ms
DEBUG 04-24 11:19:40.994371.994371 cuda_h.py:27] end move_flatidxs_group_fused_mp cost 1.596 ms
DEBUG 04-24 11:19:40.994794.994794 cuda_h.py:27] end group stack cost 0.819 ms
DEBUG 04-24 11:19:40.994399.994399 cuda_h.py:27] end get_fused_experts_names_w cost 0.017 ms
DEBUG 04-24 11:19:40.994445.994445 cuda_h.py:27] end get_fused_experts_names_w cost 0.021 ms
DEBUG 04-24 11:19:40.994362.994362 cuda_h.py:27] end restore_fused_tensors cost 0.444 ms
DEBUG 04-24 11:19:40.994398.994398 cuda_h.py:27] end group_fused_tensors_mp cost 0.699 ms
DEBUG 04-24 11:19:40.994722.994722 cuda_h.py:27] end move_flatidxs_group_fused_mp cost 1.769 ms
DEBUG 04-24 11:19:40.994014.994014 cuda_h.py:27] end get_fused_experts_names_w cost 0.019 ms
DEBUG 04-24 11:19:40.994828.994828 cuda_h.py:27] end restore_fused_tensors cost 0.410 ms
DEBUG 04-24 11:19:40.994949.994949 cuda_h.py:27] end group_fused_tensors_mp cost 0.636 ms
DEBUG 04-24 11:19:40.994175.994175 cuda_h.py:27] end restore_fused_tensors cost 0.479 ms
DEBUG 04-24 11:19:40.995981.995981 cuda_h.py:27] end group_fused_tensors_mp cost 0.806 ms
DEBUG 04-24 11:19:40.995766.995766 cuda_h.py:27] end restore_fused_tensors cost 0.446 ms
DEBUG 04-24 11:19:40.995975.995975 cuda_h.py:27] end group_fused_tensors_mp cost 0.625 ms
DEBUG 04-24 11:19:41.003215.003215 cuda_h.py:27] end restore2model cost 1.349 ms
DEBUG 04-24 11:19:41.003041.003041 cuda_h.py:27] end sllm_worker_task cost 17.666 ms
DEBUG 04-24 11:19:41.004619.004619 cuda_h.py:27] end load_into_gpu_async_fused_experts_dual cost 11.212 ms
DEBUG 04-24 11:19:41.004273.004273 cuda_h.py:27] end restore_tensors2_fused_experts_packed cost 0.320 ms
DEBUG 04-24 11:19:41.004613.004613 mlpmodule.py:3373] [fused_group_bmm][steps] bmm1=5.746 ms split=0.160 ms act_mul=0.720 ms bmm2=3.572 ms
DEBUG 04-24 11:19:41.005499.005499 cuda_h.py:27] end fused_group_bmm cost 10.604 ms
DEBUG 04-24 11:19:41.005886.005886 cuda_h.py:27] end restore_tensors2_fused_experts_slices cost 0.447 ms
DEBUG 04-24 11:19:41.005430.005430 cuda_h.py:27] end allocate_experts_cuda_memory_and_restore_model_multi_device_fused cost 14.669 ms
DEBUG 04-24 11:19:41.005543.005543 cuda_h.py:27] end gather_outputs_group_fused_mp cost 0.477 ms
DEBUG 04-24 11:19:41.005511.005511 mlpmodule.py:3373] [fused_group_bmm][steps] bmm1=6.658 ms split=0.098 ms act_mul=0.286 ms bmm2=3.105 ms
DEBUG 04-24 11:19:41.005525.005525 cuda_h.py:27] end gpu_sexperts cost 0.007 ms
DEBUG 04-24 11:19:41.005102.005102 cuda_h.py:27] end fused_group_bmm cost 10.613 ms
DEBUG 04-24 11:19:41.005990.005990 cuda_h.py:27] end wait_load_qkvogn_s_weight cost 0.020 ms
DEBUG 04-24 11:19:41.006804.006804 mlpmodule.py:3373] [fused_group_bmm][steps] bmm1=7.392 ms split=0.100 ms act_mul=0.317 ms bmm2=3.147 ms
DEBUG 04-24 11:19:41.006353.006353 cuda_h.py:27] end cpu_experts_worker_bmm_or_einsum_0 cost 14.814 ms
DEBUG 04-24 11:19:41.006208.006208 cuda_h.py:27] end fused_group_bmm cost 11.183 ms
DEBUG 04-24 11:19:41.006569.006569 cuda_h.py:27] end gather_outputs_group_fused_mp cost 0.429 ms
DEBUG 04-24 11:19:41.006831.006831 mlpmodule.py:3373] [fused_group_bmm][steps] bmm1=6.994 ms split=0.140 ms act_mul=0.392 ms bmm2=3.194 ms
DEBUG 04-24 11:19:41.006467.006467 cuda_h.py:27] end fused_group_bmm cost 11.149 ms
DEBUG 04-24 11:19:41.006837.006837 cuda_h.py:27] end gather_outputs_group_fused_mp cost 0.342 ms
DEBUG 04-24 11:19:41.007718.007718 cuda_h.py:27] end cpu_experts_worker_bmm_or_einsum_3 cost 15.617 ms
DEBUG 04-24 11:19:41.007055.007055 cuda_h.py:27] end cpu_experts_worker_bmm_or_einsum_2 cost 15.766 ms
DEBUG 04-24 11:19:41.007645.007645 cuda_h.py:27] end gather_outputs_group_fused_mp cost 0.534 ms
DEBUG 04-24 11:19:41.007309.007309 cuda_h.py:27] end cpu_experts_worker_bmm_or_einsum_1 cost 16.437 ms
DEBUG 04-24 11:19:41.017155.017155 cuda_h.py:27] end prepare_per_device_parameters cost 11.810 ms
DEBUG 04-24 11:19:41.019294.019294 cuda_h.py:27] end wait_experts_multi_device cost 1.291 ms
DEBUG 04-24 11:19:41.019322.019322 cuda_h.py:27] end *before fused experts* cost 28.253 ms
DEBUG 04-24 11:19:41.023101.023101 cuda_h.py:27] end gpu_experts_multi_device_fused cost 3.837 ms
DEBUG 04-24 11:19:41.023580.023580 cuda_h.py:27] end *gpu experts* cost 32.200 ms
DEBUG 04-24 11:19:41.025315.025315 cuda_h.py:27] end cpu_experts_scatter_reduce cost 0.515 ms
DEBUG 04-24 11:19:41.025483.025483 cuda_h.py:27] end cpu_thread_manager_mp_wait_fused cost 2.002 ms
DEBUG 04-24 11:19:41.025399.025399 cuda_h.py:27] end layer_moe_generate_mp_multi_device_fused_l_23 cost 36.545 ms
DEBUG 04-24 11:19:41.025496.025496 cuda_h.py:27] end *mlp cost 37.246 ms
DEBUG 04-24 11:19:41.025625.025625 cuda_h.py:27] end prefill_layer cost 40.017 ms
DEBUG 04-24 11:19:41.026520.026520 lmp.py:341] -------------------------------- end prefill layer 22 --------------------------------
DEBUG 04-24 11:19:41.026838.026838 lmp.py:294] -------------------------------- start prefill layer 23 --------------------------------
DEBUG 04-24 11:19:41.026980.026980 cuda_h.py:27] end start_load_qkvogn_s_weight_l_24 cost 0.038 ms
DEBUG 04-24 11:19:41.026256.026256 cuda_h.py:27] end allocate_cuda_memory cost 0.210 ms
DEBUG 04-24 11:19:41.026632.026632 sllm_store_c.py:27] get device uuid map
DEBUG 04-24 11:19:41.026627.026627 sllm_store_c.py:29] call client load into gpu
DEBUG 04-24 11:19:41.028320.028320 cuda_h.py:27] end load_into_gpu_async cost 1.559 ms
DEBUG 04-24 11:19:41.028695.028695 cuda_h.py:27] end restore_tensors2 cost 0.084 ms
DEBUG 04-24 11:19:41.028336.028336 cuda_h.py:27] end **self_attn cost 1.479 ms
DEBUG 04-24 11:19:41.028294.028294 cuda_h.py:27] end allocate_cuda_memory_and_load_into_gpu cost 2.388 ms
DEBUG 04-24 11:19:41.028120.028120 cuda_h.py:27] end *iln_self_attn_paln cost 2.847 ms
DEBUG 04-24 11:19:41.029331.029331 cuda_h.py:27] end gate cost 0.506 ms
DEBUG 04-24 11:19:41.029814.029814 cuda_h.py:27] end experts_map_get cost 0.275 ms
DEBUG 04-24 11:19:41.029405.029405 cuda_h.py:27] end *before experts start* cost 0.921 ms
DEBUG 04-24 11:19:41.030796.030796 cuda_h.py:27] end cpu_experts_submit_fused_mp cost 0.191 ms
DEBUG 04-24 11:19:41.031396.031396 cuda_h.py:27] end *single cpu experts* cost 1.086 ms
DEBUG 04-24 11:19:41.032669.032669 cuda_h.py:27] end prepare_group_stack cost 0.479 ms
DEBUG 04-24 11:19:41.033189.033189 cuda_h.py:27] end group stack cost 0.815 ms
DEBUG 04-24 11:19:41.033681.033681 cuda_h.py:27] end prepare_group_stack cost 0.390 ms
DEBUG 04-24 11:19:41.033179.033179 cuda_h.py:27] end move_flatidxs_group_fused_mp cost 1.506 ms
DEBUG 04-24 11:19:41.033082.033082 cuda_h.py:27] end get_fused_experts_names_w cost 0.019 ms
DEBUG 04-24 11:19:41.033920.033920 cuda_h.py:27] end prepare_group_stack cost 0.539 ms
DEBUG 04-24 11:19:41.033910.033910 cuda_h.py:27] end prepare_group_stack cost 0.546 ms
DEBUG 04-24 11:19:41.033894.033894 sllm_store_c.py:27] get device uuid map
DEBUG 04-24 11:19:41.033740.033740 sllm_store_c.py:29] call client load into gpu
DEBUG 04-24 11:19:41.033290.033290 cuda_h.py:27] end group stack cost 0.517 ms
DEBUG 04-24 11:19:41.034922.034922 cuda_h.py:27] end move_flatidxs_group_fused_mp cost 1.075 ms
DEBUG 04-24 11:19:41.034118.034118 cuda_h.py:27] end restore_fused_tensors cost 0.407 ms
DEBUG 04-24 11:19:41.034899.034899 cuda_h.py:27] end get_fused_experts_names_w cost 0.022 ms
DEBUG 04-24 11:19:41.034715.034715 cuda_h.py:27] end group_fused_tensors_mp cost 0.734 ms
DEBUG 04-24 11:19:41.034824.034824 cuda_h.py:27] end restore_fused_tensors cost 0.464 ms
DEBUG 04-24 11:19:41.034326.034326 cuda_h.py:27] end group stack cost 0.877 ms
DEBUG 04-24 11:19:41.034653.034653 cuda_h.py:27] end group_fused_tensors_mp cost 0.583 ms
DEBUG 04-24 11:19:41.034927.034927 cuda_h.py:27] end move_flatidxs_group_fused_mp cost 1.762 ms
DEBUG 04-24 11:19:41.035637.035637 cuda_h.py:27] end get_fused_experts_names_w cost 0.026 ms
DEBUG 04-24 11:19:41.035283.035283 cuda_h.py:27] end group stack cost 1.674 ms
DEBUG 04-24 11:19:41.035845.035845 cuda_h.py:27] end restore_fused_tensors cost 0.625 ms
DEBUG 04-24 11:19:41.035762.035762 cuda_h.py:27] end group_fused_tensors_mp cost 0.790 ms
DEBUG 04-24 11:19:41.035470.035470 cuda_h.py:27] end move_flatidxs_group_fused_mp cost 2.671 ms
DEBUG 04-24 11:19:41.036734.036734 cuda_h.py:27] end get_fused_experts_names_w cost 0.040 ms
DEBUG 04-24 11:19:41.037520.037520 cuda_h.py:27] end restore_fused_tensors cost 1.046 ms
DEBUG 04-24 11:19:41.037285.037285 cuda_h.py:27] end group_fused_tensors_mp cost 1.475 ms
DEBUG 04-24 11:19:41.038141.038141 cuda_h.py:27] end restore2model cost 2.003 ms
DEBUG 04-24 11:19:41.038910.038910 cuda_h.py:27] end sllm_worker_task cost 12.656 ms
DEBUG 04-24 11:19:41.039165.039165 cuda_h.py:27] end load_into_gpu_async_fused_experts_dual cost 5.312 ms
DEBUG 04-24 11:19:41.039020.039020 cuda_h.py:27] end restore_tensors2_fused_experts_packed cost 0.190 ms
DEBUG 04-24 11:19:41.040918.040918 cuda_h.py:27] end restore_tensors2_fused_experts_slices cost 0.487 ms
DEBUG 04-24 11:19:41.040646.040646 cuda_h.py:27] end allocate_experts_cuda_memory_and_restore_model_multi_device_fused cost 9.394 ms
DEBUG 04-24 11:19:41.040071.040071 cuda_h.py:27] end gpu_sexperts cost 0.029 ms
DEBUG 04-24 11:19:41.041385.041385 cuda_h.py:27] end wait_load_qkvogn_s_weight cost 0.078 ms
DEBUG 04-24 11:19:41.043046.043046 mlpmodule.py:3373] [fused_group_bmm][steps] bmm1=4.985 ms split=0.126 ms act_mul=0.418 ms bmm2=3.014 ms
DEBUG 04-24 11:19:41.043830.043830 cuda_h.py:27] end fused_group_bmm cost 9.095 ms
DEBUG 04-24 11:19:41.044594.044594 cuda_h.py:27] end gather_outputs_group_fused_mp cost 0.604 ms
DEBUG 04-24 11:19:41.044908.044908 cuda_h.py:27] end cpu_experts_worker_bmm_or_einsum_0 cost 13.050 ms
DEBUG 04-24 11:19:41.045496.045496 mlpmodule.py:3373] [fused_group_bmm][steps] bmm1=6.089 ms split=0.120 ms act_mul=0.404 ms bmm2=3.980 ms
DEBUG 04-24 11:19:41.045731.045731 cuda_h.py:27] end fused_group_bmm cost 11.116 ms
DEBUG 04-24 11:19:41.046261.046261 cuda_h.py:27] end gather_outputs_group_fused_mp cost 0.540 ms
DEBUG 04-24 11:19:41.046484.046484 cuda_h.py:27] end cpu_experts_worker_bmm_or_einsum_1 cost 15.737 ms
DEBUG 04-24 11:19:41.050062.050062 mlpmodule.py:3373] [fused_group_bmm][steps] bmm1=8.998 ms split=0.096 ms act_mul=0.314 ms bmm2=4.711 ms
DEBUG 04-24 11:19:41.050738.050738 cuda_h.py:27] end fused_group_bmm cost 14.370 ms
DEBUG 04-24 11:19:41.050998.050998 mlpmodule.py:3373] [fused_group_bmm][steps] bmm1=8.499 ms split=0.138 ms act_mul=0.408 ms bmm2=3.723 ms
DEBUG 04-24 11:19:41.050569.050569 cuda_h.py:27] end fused_group_bmm cost 13.047 ms
DEBUG 04-24 11:19:41.050967.050967 cuda_h.py:27] end gather_outputs_group_fused_mp cost 0.469 ms
DEBUG 04-24 11:19:41.051371.051371 cuda_h.py:27] end cpu_experts_worker_bmm_or_einsum_2 cost 19.470 ms
DEBUG 04-24 11:19:41.051497.051497 cuda_h.py:27] end gather_outputs_group_fused_mp cost 0.439 ms
DEBUG 04-24 11:19:41.051356.051356 cuda_h.py:27] end cpu_experts_worker_bmm_or_einsum_3 cost 19.946 ms
DEBUG 04-24 11:19:41.055192.055192 cuda_h.py:27] end prepare_per_device_parameters cost 13.113 ms
DEBUG 04-24 11:19:41.057585.057585 cuda_h.py:27] end wait_experts_multi_device cost 1.733 ms
DEBUG 04-24 11:19:41.057481.057481 cuda_h.py:27] end *before fused experts* cost 26.029 ms
DEBUG 04-24 11:19:41.061900.061900 cuda_h.py:27] end gpu_experts_multi_device_fused cost 4.378 ms
DEBUG 04-24 11:19:41.061711.061711 cuda_h.py:27] end *gpu experts* cost 30.518 ms
DEBUG 04-24 11:19:41.063654.063654 cuda_h.py:27] end cpu_experts_scatter_reduce cost 0.526 ms
DEBUG 04-24 11:19:41.063451.063451 cuda_h.py:27] end cpu_thread_manager_mp_wait_fused cost 1.706 ms
DEBUG 04-24 11:19:41.063586.063586 cuda_h.py:27] end layer_moe_generate_mp_multi_device_fused_l_24 cost 34.412 ms
DEBUG 04-24 11:19:41.064726.064726 cuda_h.py:27] end *mlp cost 35.425 ms
DEBUG 04-24 11:19:41.064145.064145 cuda_h.py:27] end prefill_layer cost 38.427 ms
DEBUG 04-24 11:19:41.064755.064755 lmp.py:341] -------------------------------- end prefill layer 23 --------------------------------
DEBUG 04-24 11:19:41.064049.064049 lmp.py:294] -------------------------------- start prefill layer 24 --------------------------------
DEBUG 04-24 11:19:41.064728.064728 cuda_h.py:27] end start_load_qkvogn_s_weight_l_25 cost 0.043 ms
DEBUG 04-24 11:19:41.065885.065885 cuda_h.py:27] end allocate_cuda_memory cost 0.235 ms
DEBUG 04-24 11:19:41.065612.065612 sllm_store_c.py:27] get device uuid map
DEBUG 04-24 11:19:41.065147.065147 sllm_store_c.py:29] call client load into gpu
DEBUG 04-24 11:19:41.066637.066637 cuda_h.py:27] end **self_attn cost 1.282 ms
DEBUG 04-24 11:19:41.067468.067468 cuda_h.py:27] end load_into_gpu_async cost 1.820 ms
DEBUG 04-24 11:19:41.067040.067040 cuda_h.py:27] end *iln_self_attn_paln cost 2.454 ms
DEBUG 04-24 11:19:41.067758.067758 cuda_h.py:27] end restore_tensors2 cost 0.101 ms
DEBUG 04-24 11:19:41.067999.067999 cuda_h.py:27] end allocate_cuda_memory_and_load_into_gpu cost 2.893 ms
DEBUG 04-24 11:19:41.068136.068136 cuda_h.py:27] end gate cost 0.698 ms
DEBUG 04-24 11:19:41.068387.068387 cuda_h.py:27] end experts_map_get cost 0.275 ms
DEBUG 04-24 11:19:41.068123.068123 cuda_h.py:27] end *before experts start* cost 1.121 ms
DEBUG 04-24 11:19:41.069880.069880 cuda_h.py:27] end cpu_experts_submit_fused_mp cost 0.214 ms
DEBUG 04-24 11:19:41.069919.069919 cuda_h.py:27] end *single cpu experts* cost 1.187 ms
DEBUG 04-24 11:19:41.072743.072743 cuda_h.py:27] end prepare_group_stack cost 0.417 ms
DEBUG 04-24 11:19:41.072770.072770 cuda_h.py:27] end prepare_group_stack cost 0.465 ms
DEBUG 04-24 11:19:41.072612.072612 cuda_h.py:27] end prepare_group_stack cost 0.405 ms
DEBUG 04-24 11:19:41.072609.072609 cuda_h.py:27] end prepare_group_stack cost 0.479 ms
DEBUG 04-24 11:19:41.072953.072953 sllm_store_c.py:27] get device uuid map
DEBUG 04-24 11:19:41.072154.072154 sllm_store_c.py:29] call client load into gpu
DEBUG 04-24 11:19:41.073745.073745 cuda_h.py:27] end group stack cost 0.738 ms
DEBUG 04-24 11:19:41.073543.073543 cuda_h.py:27] end move_flatidxs_group_fused_mp cost 1.380 ms
DEBUG 04-24 11:19:41.073393.073393 cuda_h.py:27] end group stack cost 0.626 ms
DEBUG 04-24 11:19:41.073606.073606 cuda_h.py:27] end group stack cost 0.943 ms
DEBUG 04-24 11:19:41.073175.073175 cuda_h.py:27] end get_fused_experts_names_w cost 0.022 ms
DEBUG 04-24 11:19:41.073262.073262 cuda_h.py:27] end move_flatidxs_group_fused_mp cost 1.722 ms
DEBUG 04-24 11:19:41.073302.073302 cuda_h.py:27] end move_flatidxs_group_fused_mp cost 1.643 ms
DEBUG 04-24 11:19:41.073057.073057 cuda_h.py:27] end get_fused_experts_names_w cost 0.020 ms
DEBUG 04-24 11:19:41.073084.073084 cuda_h.py:27] end get_fused_experts_names_w cost 0.023 ms
DEBUG 04-24 11:19:41.073622.073622 cuda_h.py:27] end group stack cost 1.130 ms
DEBUG 04-24 11:19:41.073289.073289 cuda_h.py:27] end move_flatidxs_group_fused_mp cost 2.017 ms
DEBUG 04-24 11:19:41.074140.074140 cuda_h.py:27] end get_fused_experts_names_w cost 0.020 ms
DEBUG 04-24 11:19:41.074375.074375 cuda_h.py:27] end restore_fused_tensors cost 0.443 ms
DEBUG 04-24 11:19:41.074977.074977 cuda_h.py:27] end group_fused_tensors_mp cost 0.828 ms
DEBUG 04-24 11:19:41.074232.074232 cuda_h.py:27] end restore_fused_tensors cost 0.544 ms
DEBUG 04-24 11:19:41.074208.074208 cuda_h.py:27] end group_fused_tensors_mp cost 0.766 ms
DEBUG 04-24 11:19:41.074070.074070 cuda_h.py:27] end restore_fused_tensors cost 0.621 ms
DEBUG 04-24 11:19:41.074716.074716 cuda_h.py:27] end group_fused_tensors_mp cost 0.916 ms
DEBUG 04-24 11:19:41.074422.074422 cuda_h.py:27] end restore_fused_tensors cost 0.591 ms
DEBUG 04-24 11:19:41.074387.074387 cuda_h.py:27] end group_fused_tensors_mp cost 0.873 ms
DEBUG 04-24 11:19:41.075996.075996 cuda_h.py:27] end restore2model cost 0.816 ms
DEBUG 04-24 11:19:41.075979.075979 cuda_h.py:27] end sllm_worker_task cost 10.395 ms
DEBUG 04-24 11:19:41.077177.077177 cuda_h.py:27] end load_into_gpu_async_fused_experts_dual cost 4.872 ms
DEBUG 04-24 11:19:41.078904.078904 cuda_h.py:27] end restore_tensors2_fused_experts_packed cost 0.231 ms
DEBUG 04-24 11:19:41.079862.079862 cuda_h.py:27] end restore_tensors2_fused_experts_slices cost 0.864 ms
DEBUG 04-24 11:19:41.079834.079834 cuda_h.py:27] end allocate_experts_cuda_memory_and_restore_model_multi_device_fused cost 9.667 ms
DEBUG 04-24 11:19:41.079477.079477 cuda_h.py:27] end gpu_sexperts cost 0.017 ms
DEBUG 04-24 11:19:41.080924.080924 cuda_h.py:27] end wait_load_qkvogn_s_weight cost 0.050 ms
DEBUG 04-24 11:19:41.085975.085975 mlpmodule.py:3373] [fused_group_bmm][steps] bmm1=6.260 ms split=0.118 ms act_mul=0.337 ms bmm2=3.563 ms
DEBUG 04-24 11:19:41.085229.085229 cuda_h.py:27] end fused_group_bmm cost 10.825 ms
DEBUG 04-24 11:19:41.086390.086390 cuda_h.py:27] end gather_outputs_group_fused_mp cost 0.587 ms
DEBUG 04-24 11:19:41.087463.087463 mlpmodule.py:3373] [fused_group_bmm][steps] bmm1=7.439 ms split=0.104 ms act_mul=0.287 ms bmm2=4.159 ms
DEBUG 04-24 11:19:41.087677.087677 cuda_h.py:27] end fused_group_bmm cost 12.289 ms
DEBUG 04-24 11:19:41.087056.087056 cuda_h.py:27] end cpu_experts_worker_bmm_or_einsum_0 cost 16.661 ms
DEBUG 04-24 11:19:41.087172.087172 mlpmodule.py:3373] [fused_group_bmm][steps] bmm1=7.749 ms split=0.104 ms act_mul=0.290 ms bmm2=4.837 ms
DEBUG 04-24 11:19:41.087924.087924 mlpmodule.py:3373] [fused_group_bmm][steps] bmm1=7.665 ms split=0.094 ms act_mul=0.308 ms bmm2=4.767 ms
DEBUG 04-24 11:19:41.087210.087210 cuda_h.py:27] end fused_group_bmm cost 13.360 ms
DEBUG 04-24 11:19:41.087952.087952 cuda_h.py:27] end fused_group_bmm cost 13.102 ms
DEBUG 04-24 11:19:41.087720.087720 cuda_h.py:27] end gather_outputs_group_fused_mp cost 0.608 ms
DEBUG 04-24 11:19:41.088567.088567 cuda_h.py:27] end gather_outputs_group_fused_mp cost 0.414 ms
DEBUG 04-24 11:19:41.088621.088621 cuda_h.py:27] end gather_outputs_group_fused_mp cost 0.441 ms
DEBUG 04-24 11:19:41.088368.088368 cuda_h.py:27] end cpu_experts_worker_bmm_or_einsum_1 cost 17.861 ms
DEBUG 04-24 11:19:41.088191.088191 cuda_h.py:27] end cpu_experts_worker_bmm_or_einsum_2 cost 18.151 ms
DEBUG 04-24 11:19:41.088821.088821 cuda_h.py:27] end cpu_experts_worker_bmm_or_einsum_3 cost 18.141 ms
DEBUG 04-24 11:19:41.093771.093771 cuda_h.py:27] end prepare_per_device_parameters cost 13.712 ms
DEBUG 04-24 11:19:41.100597.100597 cuda_h.py:27] end wait_experts_multi_device cost 6.118 ms
DEBUG 04-24 11:19:41.100208.100208 cuda_h.py:27] end *before fused experts* cost 30.145 ms
DEBUG 04-24 11:19:41.104980.104980 cuda_h.py:27] end gpu_experts_multi_device_fused cost 4.000 ms
DEBUG 04-24 11:19:41.104135.104135 cuda_h.py:27] end *gpu experts* cost 34.269 ms
DEBUG 04-24 11:19:41.106048.106048 cuda_h.py:27] end cpu_experts_scatter_reduce cost 0.542 ms
DEBUG 04-24 11:19:41.106129.106129 cuda_h.py:27] end cpu_thread_manager_mp_wait_fused cost 1.788 ms
DEBUG 04-24 11:19:41.106648.106648 cuda_h.py:27] end layer_moe_generate_mp_multi_device_fused_l_25 cost 38.551 ms
DEBUG 04-24 11:19:41.106110.106110 cuda_h.py:27] end *mlp cost 39.277 ms
DEBUG 04-24 11:19:41.107676.107676 cuda_h.py:27] end prefill_layer cost 42.244 ms
DEBUG 04-24 11:19:41.107525.107525 lmp.py:341] -------------------------------- end prefill layer 24 --------------------------------
DEBUG 04-24 11:19:41.107905.107905 lmp.py:294] -------------------------------- start prefill layer 25 --------------------------------
DEBUG 04-24 11:19:41.107106.107106 cuda_h.py:27] end start_load_qkvogn_s_weight_l_26 cost 0.042 ms
DEBUG 04-24 11:19:41.107125.107125 cuda_h.py:27] end allocate_cuda_memory cost 0.232 ms
DEBUG 04-24 11:19:41.107555.107555 sllm_store_c.py:27] get device uuid map
DEBUG 04-24 11:19:41.108359.108359 sllm_store_c.py:29] call client load into gpu
DEBUG 04-24 11:19:41.109428.109428 cuda_h.py:27] end **self_attn cost 1.364 ms
DEBUG 04-24 11:19:41.109653.109653 cuda_h.py:27] end load_into_gpu_async cost 1.757 ms
DEBUG 04-24 11:19:41.109075.109075 cuda_h.py:27] end *iln_self_attn_paln cost 2.481 ms
DEBUG 04-24 11:19:41.109397.109397 cuda_h.py:27] end restore_tensors2 cost 0.095 ms
DEBUG 04-24 11:19:41.110156.110156 cuda_h.py:27] end allocate_cuda_memory_and_load_into_gpu cost 2.799 ms
DEBUG 04-24 11:19:41.110701.110701 cuda_h.py:27] end gate cost 0.636 ms
DEBUG 04-24 11:19:41.111966.111966 cuda_h.py:27] end experts_map_get cost 0.321 ms
DEBUG 04-24 11:19:41.111656.111656 cuda_h.py:27] end *before experts start* cost 1.105 ms
DEBUG 04-24 11:19:41.111286.111286 cuda_h.py:27] end cpu_experts_submit_fused_mp cost 0.191 ms
DEBUG 04-24 11:19:41.112042.112042 cuda_h.py:27] end *single cpu experts* cost 1.201 ms
DEBUG 04-24 11:19:41.114814.114814 cuda_h.py:27] end prepare_group_stack cost 0.403 ms
DEBUG 04-24 11:19:41.114860.114860 cuda_h.py:27] end prepare_group_stack cost 0.431 ms
DEBUG 04-24 11:19:41.114875.114875 cuda_h.py:27] end prepare_group_stack cost 0.466 ms
DEBUG 04-24 11:19:41.114453.114453 cuda_h.py:27] end prepare_group_stack cost 0.488 ms
DEBUG 04-24 11:19:41.114874.114874 sllm_store_c.py:27] get device uuid map
DEBUG 04-24 11:19:41.114862.114862 sllm_store_c.py:29] call client load into gpu
DEBUG 04-24 11:19:41.115180.115180 cuda_h.py:27] end group stack cost 0.744 ms
DEBUG 04-24 11:19:41.115363.115363 cuda_h.py:27] end move_flatidxs_group_fused_mp cost 1.445 ms
DEBUG 04-24 11:19:41.115488.115488 cuda_h.py:27] end group stack cost 0.854 ms
DEBUG 04-24 11:19:41.115155.115155 cuda_h.py:27] end get_fused_experts_names_w cost 0.023 ms
DEBUG 04-24 11:19:41.115414.115414 cuda_h.py:27] end move_flatidxs_group_fused_mp cost 1.744 ms
DEBUG 04-24 11:19:41.115433.115433 cuda_h.py:27] end group stack cost 1.150 ms
DEBUG 04-24 11:19:41.115649.115649 cuda_h.py:27] end group stack cost 0.982 ms
DEBUG 04-24 11:19:41.116925.116925 cuda_h.py:27] end get_fused_experts_names_w cost 0.022 ms
DEBUG 04-24 11:19:41.116841.116841 cuda_h.py:27] end move_flatidxs_group_fused_mp cost 1.982 ms
DEBUG 04-24 11:19:41.116596.116596 cuda_h.py:27] end move_flatidxs_group_fused_mp cost 2.033 ms
DEBUG 04-24 11:19:41.116363.116363 cuda_h.py:27] end get_fused_experts_names_w cost 0.019 ms
DEBUG 04-24 11:19:41.116066.116066 cuda_h.py:27] end get_fused_experts_names_w cost 0.027 ms
DEBUG 04-24 11:19:41.116374.116374 cuda_h.py:27] end restore_fused_tensors cost 0.535 ms
DEBUG 04-24 11:19:41.116086.116086 cuda_h.py:27] end group_fused_tensors_mp cost 0.713 ms
DEBUG 04-24 11:19:41.116154.116154 cuda_h.py:27] end restore_fused_tensors cost 0.446 ms
DEBUG 04-24 11:19:41.116019.116019 cuda_h.py:27] end group_fused_tensors_mp cost 0.656 ms
DEBUG 04-24 11:19:41.116573.116573 cuda_h.py:27] end restore_fused_tensors cost 0.497 ms
DEBUG 04-24 11:19:41.116809.116809 cuda_h.py:27] end group_fused_tensors_mp cost 0.666 ms
DEBUG 04-24 11:19:41.117373.117373 cuda_h.py:27] end restore_fused_tensors cost 0.675 ms
DEBUG 04-24 11:19:41.117250.117250 cuda_h.py:27] end group_fused_tensors_mp cost 0.975 ms
DEBUG 04-24 11:19:41.120722.120722 cuda_h.py:27] end restore2model cost 2.093 ms
DEBUG 04-24 11:19:41.120333.120333 cuda_h.py:27] end sllm_worker_task cost 13.181 ms
DEBUG 04-24 11:19:41.121829.121829 cuda_h.py:27] end load_into_gpu_async_fused_experts_dual cost 7.148 ms
DEBUG 04-24 11:19:41.122152.122152 cuda_h.py:27] end restore_tensors2_fused_experts_packed cost 0.201 ms
DEBUG 04-24 11:19:41.122818.122818 cuda_h.py:27] end restore_tensors2_fused_experts_slices cost 0.482 ms
DEBUG 04-24 11:19:41.123904.123904 cuda_h.py:27] end allocate_experts_cuda_memory_and_restore_model_multi_device_fused cost 10.649 ms
DEBUG 04-24 11:19:41.123165.123165 cuda_h.py:27] end gpu_sexperts cost 0.009 ms
DEBUG 04-24 11:19:41.123359.123359 cuda_h.py:27] end wait_load_qkvogn_s_weight cost 0.023 ms
DEBUG 04-24 11:19:41.126885.126885 mlpmodule.py:3373] [fused_group_bmm][steps] bmm1=5.914 ms split=0.168 ms act_mul=0.404 ms bmm2=3.736 ms
DEBUG 04-24 11:19:41.127190.127190 cuda_h.py:27] end fused_group_bmm cost 10.694 ms
DEBUG 04-24 11:19:41.128861.128861 cuda_h.py:27] end gather_outputs_group_fused_mp cost 0.608 ms
DEBUG 04-24 11:19:41.129339.129339 cuda_h.py:27] end cpu_experts_worker_bmm_or_einsum_0 cost 16.339 ms
DEBUG 04-24 11:19:41.129131.129131 mlpmodule.py:3373] [fused_group_bmm][steps] bmm1=6.959 ms split=0.097 ms act_mul=0.333 ms bmm2=5.079 ms
DEBUG 04-24 11:19:41.129366.129366 mlpmodule.py:3373] [fused_group_bmm][steps] bmm1=7.550 ms split=0.203 ms act_mul=0.439 ms bmm2=4.135 ms
DEBUG 04-24 11:19:41.129883.129883 cuda_h.py:27] end fused_group_bmm cost 13.018 ms
DEBUG 04-24 11:19:41.129924.129924 cuda_h.py:27] end fused_group_bmm cost 12.805 ms
DEBUG 04-24 11:19:41.130257.130257 cuda_h.py:27] end gather_outputs_group_fused_mp cost 0.429 ms
DEBUG 04-24 11:19:41.130004.130004 cuda_h.py:27] end gather_outputs_group_fused_mp cost 0.563 ms
DEBUG 04-24 11:19:41.130677.130677 cuda_h.py:27] end cpu_experts_worker_bmm_or_einsum_3 cost 17.897 ms
DEBUG 04-24 11:19:41.131077.131077 cuda_h.py:27] end cpu_experts_worker_bmm_or_einsum_1 cost 18.373 ms
DEBUG 04-24 11:19:41.131946.131946 mlpmodule.py:3373] [fused_group_bmm][steps] bmm1=8.668 ms split=0.165 ms act_mul=0.449 ms bmm2=5.181 ms
DEBUG 04-24 11:19:41.132324.132324 cuda_h.py:27] end fused_group_bmm cost 14.705 ms
DEBUG 04-24 11:19:41.132423.132423 cuda_h.py:27] end gather_outputs_group_fused_mp cost 0.420 ms
DEBUG 04-24 11:19:41.133663.133663 cuda_h.py:27] end cpu_experts_worker_bmm_or_einsum_2 cost 20.459 ms
DEBUG 04-24 11:19:41.138411.138411 cuda_h.py:27] end prepare_per_device_parameters cost 14.464 ms
DEBUG 04-24 11:19:41.139415.139415 cuda_h.py:27] end wait_experts_multi_device cost 1.770 ms
DEBUG 04-24 11:19:41.140033.140033 cuda_h.py:27] end *before fused experts* cost 27.572 ms
DEBUG 04-24 11:19:41.144516.144516 cuda_h.py:27] end gpu_experts_multi_device_fused cost 4.281 ms
DEBUG 04-24 11:19:41.144962.144962 cuda_h.py:27] end *gpu experts* cost 31.979 ms
DEBUG 04-24 11:19:41.146854.146854 cuda_h.py:27] end cpu_experts_scatter_reduce cost 0.543 ms
DEBUG 04-24 11:19:41.146466.146466 cuda_h.py:27] end cpu_thread_manager_mp_wait_fused cost 1.741 ms
DEBUG 04-24 11:19:41.146885.146885 cuda_h.py:27] end layer_moe_generate_mp_multi_device_fused_l_26 cost 36.211 ms
DEBUG 04-24 11:19:41.147338.147338 cuda_h.py:27] end *mlp cost 37.280 ms
DEBUG 04-24 11:19:41.147764.147764 cuda_h.py:27] end prefill_layer cost 40.099 ms
DEBUG 04-24 11:19:41.147421.147421 lmp.py:341] -------------------------------- end prefill layer 25 --------------------------------
DEBUG 04-24 11:19:41.147542.147542 lmp.py:294] -------------------------------- start prefill layer 26 --------------------------------
DEBUG 04-24 11:19:41.147174.147174 cuda_h.py:27] end start_load_qkvogn_s_weight_l_27 cost 0.044 ms
DEBUG 04-24 11:19:41.148431.148431 cuda_h.py:27] end allocate_cuda_memory cost 0.231 ms
DEBUG 04-24 11:19:41.148589.148589 sllm_store_c.py:27] get device uuid map
DEBUG 04-24 11:19:41.148873.148873 sllm_store_c.py:29] call client load into gpu
DEBUG 04-24 11:19:41.149065.149065 cuda_h.py:27] end **self_attn cost 1.343 ms
DEBUG 04-24 11:19:41.150563.150563 cuda_h.py:27] end *iln_self_attn_paln cost 2.374 ms
DEBUG 04-24 11:19:41.150345.150345 cuda_h.py:27] end load_into_gpu_async cost 2.417 ms
DEBUG 04-24 11:19:41.150530.150530 cuda_h.py:27] end restore_tensors2 cost 0.087 ms
DEBUG 04-24 11:19:41.150412.150412 cuda_h.py:27] end gate cost 0.728 ms
DEBUG 04-24 11:19:41.151342.151342 cuda_h.py:27] end allocate_cuda_memory_and_load_into_gpu cost 3.165 ms
DEBUG 04-24 11:19:41.151185.151185 cuda_h.py:27] end experts_map_get cost 0.285 ms
DEBUG 04-24 11:19:41.151604.151604 cuda_h.py:27] end *before experts start* cost 1.338 ms
DEBUG 04-24 11:19:41.152139.152139 cuda_h.py:27] end cpu_experts_submit_fused_mp cost 0.199 ms
DEBUG 04-24 11:19:41.153249.153249 cuda_h.py:27] end *single cpu experts* cost 1.121 ms
DEBUG 04-24 11:19:41.154854.154854 cuda_h.py:27] end prepare_group_stack cost 0.392 ms
DEBUG 04-24 11:19:41.154589.154589 cuda_h.py:27] end group stack cost 0.518 ms
DEBUG 04-24 11:19:41.154573.154573 cuda_h.py:27] end move_flatidxs_group_fused_mp cost 1.120 ms
DEBUG 04-24 11:19:41.155216.155216 cuda_h.py:27] end get_fused_experts_names_w cost 0.023 ms
DEBUG 04-24 11:19:41.155239.155239 cuda_h.py:27] end prepare_group_stack cost 0.446 ms
DEBUG 04-24 11:19:41.155082.155082 cuda_h.py:27] end prepare_group_stack cost 0.467 ms
DEBUG 04-24 11:19:41.155153.155153 sllm_store_c.py:27] get device uuid map
DEBUG 04-24 11:19:41.155759.155759 sllm_store_c.py:29] call client load into gpu
DEBUG 04-24 11:19:41.155710.155710 cuda_h.py:27] end restore_fused_tensors cost 0.525 ms
DEBUG 04-24 11:19:41.155030.155030 cuda_h.py:27] end group_fused_tensors_mp cost 0.803 ms
DEBUG 04-24 11:19:41.156914.156914 cuda_h.py:27] end group stack cost 0.867 ms
DEBUG 04-24 11:19:41.156103.156103 cuda_h.py:27] end move_flatidxs_group_fused_mp cost 1.565 ms
DEBUG 04-24 11:19:41.156486.156486 cuda_h.py:27] end group stack cost 0.913 ms
DEBUG 04-24 11:19:41.156974.156974 cuda_h.py:27] end prepare_group_stack cost 0.583 ms
DEBUG 04-24 11:19:41.156490.156490 cuda_h.py:27] end get_fused_experts_names_w cost 0.024 ms
DEBUG 04-24 11:19:41.156140.156140 cuda_h.py:27] end move_flatidxs_group_fused_mp cost 1.837 ms
DEBUG 04-24 11:19:41.156034.156034 cuda_h.py:27] end get_fused_experts_names_w cost 0.020 ms
DEBUG 04-24 11:19:41.157033.157033 cuda_h.py:27] end restore_fused_tensors cost 0.592 ms
DEBUG 04-24 11:19:41.157307.157307 cuda_h.py:27] end group_fused_tensors_mp cost 0.876 ms
DEBUG 04-24 11:19:41.157675.157675 cuda_h.py:27] end restore_fused_tensors cost 0.580 ms
DEBUG 04-24 11:19:41.157958.157958 cuda_h.py:27] end group_fused_tensors_mp cost 0.915 ms
DEBUG 04-24 11:19:41.158104.158104 cuda_h.py:27] end group stack cost 1.664 ms
DEBUG 04-24 11:19:41.158350.158350 cuda_h.py:27] end move_flatidxs_group_fused_mp cost 2.754 ms
DEBUG 04-24 11:19:41.158075.158075 cuda_h.py:27] end get_fused_experts_names_w cost 0.051 ms
DEBUG 04-24 11:19:41.160611.160611 cuda_h.py:27] end restore_fused_tensors cost 1.020 ms
DEBUG 04-24 11:19:41.160112.160112 cuda_h.py:27] end group_fused_tensors_mp cost 1.561 ms
DEBUG 04-24 11:19:41.160613.160613 cuda_h.py:27] end restore2model cost 1.283 ms
DEBUG 04-24 11:19:41.161005.161005 cuda_h.py:27] end load_into_gpu_async_fused_experts_dual cost 5.649 ms
DEBUG 04-24 11:19:41.161144.161144 cuda_h.py:27] end sllm_worker_task cost 13.416 ms
DEBUG 04-24 11:19:41.161003.161003 cuda_h.py:27] end restore_tensors2_fused_experts_packed cost 0.264 ms
DEBUG 04-24 11:19:41.163511.163511 cuda_h.py:27] end restore_tensors2_fused_experts_slices cost 0.571 ms
DEBUG 04-24 11:19:41.163265.163265 cuda_h.py:27] end allocate_experts_cuda_memory_and_restore_model_multi_device_fused cost 10.101 ms
DEBUG 04-24 11:19:41.163239.163239 mlpmodule.py:3373] [fused_group_bmm][steps] bmm1=3.972 ms split=0.117 ms act_mul=0.371 ms bmm2=2.815 ms
DEBUG 04-24 11:19:41.163362.163362 cuda_h.py:27] end gpu_sexperts cost 0.009 ms
DEBUG 04-24 11:19:41.163846.163846 cuda_h.py:27] end fused_group_bmm cost 7.651 ms
DEBUG 04-24 11:19:41.163827.163827 cuda_h.py:27] end wait_load_qkvogn_s_weight cost 0.020 ms
DEBUG 04-24 11:19:41.164192.164192 cuda_h.py:27] end gather_outputs_group_fused_mp cost 0.416 ms
DEBUG 04-24 11:19:41.164616.164616 cuda_h.py:27] end cpu_experts_worker_bmm_or_einsum_0 cost 12.038 ms
DEBUG 04-24 11:19:41.166330.166330 mlpmodule.py:3373] [fused_group_bmm][steps] bmm1=5.705 ms split=0.137 ms act_mul=0.311 ms bmm2=2.806 ms
DEBUG 04-24 11:19:41.166059.166059 cuda_h.py:27] end fused_group_bmm cost 9.212 ms
DEBUG 04-24 11:19:41.167758.167758 cuda_h.py:27] end gather_outputs_group_fused_mp cost 0.616 ms
DEBUG 04-24 11:19:41.168047.168047 cuda_h.py:27] end cpu_experts_worker_bmm_or_einsum_1 cost 14.514 ms
DEBUG 04-24 11:19:41.168629.168629 mlpmodule.py:3373] [fused_group_bmm][steps] bmm1=6.478 ms split=0.101 ms act_mul=0.330 ms bmm2=4.543 ms
DEBUG 04-24 11:19:41.169961.169961 cuda_h.py:27] end fused_group_bmm cost 11.694 ms
DEBUG 04-24 11:19:41.169902.169902 cuda_h.py:27] end gather_outputs_group_fused_mp cost 0.446 ms
DEBUG 04-24 11:19:41.170825.170825 cuda_h.py:27] end cpu_experts_worker_bmm_or_einsum_2 cost 16.801 ms
DEBUG 04-24 11:19:41.172835.172835 mlpmodule.py:3373] [fused_group_bmm][steps] bmm1=6.733 ms split=0.132 ms act_mul=0.390 ms bmm2=4.590 ms
DEBUG 04-24 11:19:41.172763.172763 cuda_h.py:27] end fused_group_bmm cost 12.110 ms
DEBUG 04-24 11:19:41.173024.173024 cuda_h.py:27] end gather_outputs_group_fused_mp cost 0.420 ms
DEBUG 04-24 11:19:41.173120.173120 cuda_h.py:27] end cpu_experts_worker_bmm_or_einsum_3 cost 19.212 ms
DEBUG 04-24 11:19:41.177870.177870 cuda_h.py:27] end prepare_per_device_parameters cost 13.732 ms
DEBUG 04-24 11:19:41.184192.184192 cuda_h.py:27] end wait_experts_multi_device cost 6.755 ms
DEBUG 04-24 11:19:41.184268.184268 cuda_h.py:27] end *before fused experts* cost 31.348 ms
DEBUG 04-24 11:19:41.189941.189941 cuda_h.py:27] end gpu_experts_multi_device_fused cost 5.222 ms
DEBUG 04-24 11:19:41.189851.189851 cuda_h.py:27] end *gpu experts* cost 36.696 ms
DEBUG 04-24 11:19:41.191233.191233 cuda_h.py:27] end cpu_experts_scatter_reduce cost 0.551 ms
DEBUG 04-24 11:19:41.191076.191076 cuda_h.py:27] end cpu_thread_manager_mp_wait_fused cost 1.748 ms
DEBUG 04-24 11:19:41.191212.191212 cuda_h.py:27] end layer_moe_generate_mp_multi_device_fused_l_27 cost 41.428 ms
DEBUG 04-24 11:19:41.192534.192534 cuda_h.py:27] end *mlp cost 42.156 ms
DEBUG 04-24 11:19:41.192053.192053 cuda_h.py:27] end prefill_layer cost 44.722 ms
DEBUG 04-24 11:19:41.192663.192663 lmp.py:341] -------------------------------- end prefill layer 26 --------------------------------
DEBUG 04-24 11:19:41.192077.192077 lmp.py:294] -------------------------------- start prefill layer 27 --------------------------------
DEBUG 04-24 11:19:41.192656.192656 cuda_h.py:27] end start_load_qkvogn_s_weight_l_28 cost 0.040 ms
DEBUG 04-24 11:19:41.193785.193785 cuda_h.py:27] end allocate_cuda_memory cost 0.179 ms
DEBUG 04-24 11:19:41.193830.193830 sllm_store_c.py:27] get device uuid map
DEBUG 04-24 11:19:41.193344.193344 sllm_store_c.py:29] call client load into gpu
DEBUG 04-24 11:19:41.194870.194870 cuda_h.py:27] end **self_attn cost 1.342 ms
DEBUG 04-24 11:19:41.195027.195027 cuda_h.py:27] end load_into_gpu_async cost 1.722 ms
DEBUG 04-24 11:19:41.195782.195782 cuda_h.py:27] end *iln_self_attn_paln cost 2.418 ms
DEBUG 04-24 11:19:41.195675.195675 cuda_h.py:27] end restore_tensors2 cost 0.083 ms
DEBUG 04-24 11:19:41.195692.195692 cuda_h.py:27] end allocate_cuda_memory_and_load_into_gpu cost 2.789 ms
DEBUG 04-24 11:19:41.196396.196396 cuda_h.py:27] end gate cost 0.641 ms
DEBUG 04-24 11:19:41.196290.196290 cuda_h.py:27] end experts_map_get cost 0.291 ms
DEBUG 04-24 11:19:41.196834.196834 cuda_h.py:27] end *before experts start* cost 1.080 ms
DEBUG 04-24 11:19:41.196848.196848 cuda_h.py:27] end cpu_experts_submit_fused_mp cost 0.193 ms
DEBUG 04-24 11:19:41.197859.197859 cuda_h.py:27] end *single cpu experts* cost 1.110 ms
DEBUG 04-24 11:19:41.199588.199588 cuda_h.py:27] end prepare_group_stack cost 0.418 ms
DEBUG 04-24 11:19:41.199420.199420 cuda_h.py:27] end prepare_group_stack cost 0.513 ms
DEBUG 04-24 11:19:41.199361.199361 sllm_store_c.py:27] get device uuid map
DEBUG 04-24 11:19:41.199092.199092 sllm_store_c.py:29] call client load into gpu
DEBUG 04-24 11:19:41.200625.200625 cuda_h.py:27] end group stack cost 0.747 ms
DEBUG 04-24 11:19:41.200179.200179 cuda_h.py:27] end move_flatidxs_group_fused_mp cost 1.485 ms
DEBUG 04-24 11:19:41.200272.200272 cuda_h.py:27] end prepare_group_stack cost 0.467 ms
DEBUG 04-24 11:19:41.200140.200140 cuda_h.py:27] end prepare_group_stack cost 0.432 ms
DEBUG 04-24 11:19:41.200978.200978 cuda_h.py:27] end group stack cost 0.920 ms
DEBUG 04-24 11:19:41.200455.200455 cuda_h.py:27] end get_fused_experts_names_w cost 0.023 ms
DEBUG 04-24 11:19:41.200299.200299 cuda_h.py:27] end move_flatidxs_group_fused_mp cost 1.853 ms
DEBUG 04-24 11:19:41.200623.200623 cuda_h.py:27] end get_fused_experts_names_w cost 0.019 ms
DEBUG 04-24 11:19:41.201907.201907 cuda_h.py:27] end restore_fused_tensors cost 0.589 ms
DEBUG 04-24 11:19:41.201949.201949 cuda_h.py:27] end group_fused_tensors_mp cost 0.919 ms
DEBUG 04-24 11:19:41.201566.201566 cuda_h.py:27] end restore_fused_tensors cost 0.527 ms
DEBUG 04-24 11:19:41.201405.201405 cuda_h.py:27] end group stack cost 1.022 ms
DEBUG 04-24 11:19:41.201860.201860 cuda_h.py:27] end group_fused_tensors_mp cost 0.969 ms
DEBUG 04-24 11:19:41.201352.201352 cuda_h.py:27] end move_flatidxs_group_fused_mp cost 2.056 ms
DEBUG 04-24 11:19:41.201915.201915 cuda_h.py:27] end group stack cost 1.249 ms
DEBUG 04-24 11:19:41.202358.202358 cuda_h.py:27] end get_fused_experts_names_w cost 0.024 ms
DEBUG 04-24 11:19:41.202762.202762 cuda_h.py:27] end move_flatidxs_group_fused_mp cost 2.292 ms
DEBUG 04-24 11:19:41.202173.202173 cuda_h.py:27] end get_fused_experts_names_w cost 0.022 ms
DEBUG 04-24 11:19:41.202582.202582 cuda_h.py:27] end restore_fused_tensors cost 0.581 ms
DEBUG 04-24 11:19:41.202108.202108 cuda_h.py:27] end group_fused_tensors_mp cost 0.862 ms
DEBUG 04-24 11:19:41.203095.203095 cuda_h.py:27] end restore_fused_tensors cost 0.622 ms
DEBUG 04-24 11:19:41.203283.203283 cuda_h.py:27] end group_fused_tensors_mp cost 0.949 ms
DEBUG 04-24 11:19:41.204897.204897 cuda_h.py:27] end restore2model cost 1.887 ms
DEBUG 04-24 11:19:41.205720.205720 cuda_h.py:27] end sllm_worker_task cost 12.298 ms
DEBUG 04-24 11:19:41.205907.205907 cuda_h.py:27] end load_into_gpu_async_fused_experts_dual cost 6.003 ms
DEBUG 04-24 11:19:41.206115.206115 cuda_h.py:27] end restore_tensors2_fused_experts_packed cost 0.217 ms
DEBUG 04-24 11:19:41.207390.207390 cuda_h.py:27] end restore_tensors2_fused_experts_slices cost 0.504 ms
DEBUG 04-24 11:19:41.207747.207747 cuda_h.py:27] end allocate_experts_cuda_memory_and_restore_model_multi_device_fused cost 9.442 ms
DEBUG 04-24 11:19:41.207014.207014 cuda_h.py:27] end gpu_sexperts cost 0.015 ms
DEBUG 04-24 11:19:41.207752.207752 cuda_h.py:27] end wait_load_qkvogn_s_weight cost 0.034 ms
DEBUG 04-24 11:19:41.212318.212318 mlpmodule.py:3373] [fused_group_bmm][steps] bmm1=6.099 ms split=0.153 ms act_mul=0.441 ms bmm2=3.743 ms
DEBUG 04-24 11:19:41.212882.212882 cuda_h.py:27] end fused_group_bmm cost 10.918 ms
DEBUG 04-24 11:19:41.213859.213859 cuda_h.py:27] end gather_outputs_group_fused_mp cost 0.666 ms
DEBUG 04-24 11:19:41.214747.214747 cuda_h.py:27] end cpu_experts_worker_bmm_or_einsum_0 cost 16.282 ms
DEBUG 04-24 11:19:41.214989.214989 mlpmodule.py:3373] [fused_group_bmm][steps] bmm1=7.513 ms split=0.158 ms act_mul=0.398 ms bmm2=4.315 ms
DEBUG 04-24 11:19:41.214922.214922 cuda_h.py:27] end fused_group_bmm cost 12.791 ms
DEBUG 04-24 11:19:41.215826.215826 cuda_h.py:27] end gather_outputs_group_fused_mp cost 0.610 ms
DEBUG 04-24 11:19:41.216369.216369 cuda_h.py:27] end cpu_experts_worker_bmm_or_einsum_1 cost 18.210 ms
DEBUG 04-24 11:19:41.216230.216230 mlpmodule.py:3373] [fused_group_bmm][steps] bmm1=7.250 ms split=0.239 ms act_mul=0.400 ms bmm2=5.088 ms
DEBUG 04-24 11:19:41.216186.216186 cuda_h.py:27] end fused_group_bmm cost 13.262 ms
DEBUG 04-24 11:19:41.217766.217766 cuda_h.py:27] end gather_outputs_group_fused_mp cost 0.429 ms
DEBUG 04-24 11:19:41.217590.217590 cuda_h.py:27] end cpu_experts_worker_bmm_or_einsum_3 cost 18.751 ms
DEBUG 04-24 11:19:41.217607.217607 mlpmodule.py:3373] [fused_group_bmm][steps] bmm1=8.084 ms split=0.214 ms act_mul=0.428 ms bmm2=5.042 ms
DEBUG 04-24 11:19:41.217839.217839 cuda_h.py:27] end fused_group_bmm cost 14.010 ms
DEBUG 04-24 11:19:41.218794.218794 cuda_h.py:27] end gather_outputs_group_fused_mp cost 0.428 ms
DEBUG 04-24 11:19:41.218035.218035 cuda_h.py:27] end cpu_experts_worker_bmm_or_einsum_2 cost 19.927 ms
DEBUG 04-24 11:19:41.222310.222310 cuda_h.py:27] end prepare_per_device_parameters cost 14.321 ms
DEBUG 04-24 11:19:41.226114.226114 cuda_h.py:27] end wait_experts_multi_device cost 3.904 ms
DEBUG 04-24 11:19:41.226540.226540 cuda_h.py:27] end *before fused experts* cost 28.782 ms
DEBUG 04-24 11:19:41.230028.230028 cuda_h.py:27] end gpu_experts_multi_device_fused cost 4.040 ms
DEBUG 04-24 11:19:41.230130.230130 cuda_h.py:27] end *gpu experts* cost 32.939 ms
DEBUG 04-24 11:19:41.232712.232712 cuda_h.py:27] end cpu_experts_scatter_reduce cost 0.551 ms
DEBUG 04-24 11:19:41.232754.232754 cuda_h.py:27] end cpu_thread_manager_mp_wait_fused cost 1.796 ms
DEBUG 04-24 11:19:41.232034.232034 cuda_h.py:27] end layer_moe_generate_mp_multi_device_fused_l_28 cost 37.113 ms
DEBUG 04-24 11:19:41.233980.233980 cuda_h.py:27] end *mlp cost 38.053 ms
DEBUG 04-24 11:19:41.233705.233705 cuda_h.py:27] end prefill_layer cost 40.911 ms
DEBUG 04-24 11:19:41.233792.233792 lmp.py:341] -------------------------------- end prefill layer 27 --------------------------------
DEBUG 04-24 11:19:41.234265.234265 lmp.py:294] -------------------------------- start prefill layer 28 --------------------------------
DEBUG 04-24 11:19:41.234842.234842 cuda_h.py:27] end start_load_qkvogn_s_weight_l_29 cost 0.041 ms
DEBUG 04-24 11:19:41.234093.234093 cuda_h.py:27] end allocate_cuda_memory cost 0.234 ms
DEBUG 04-24 11:19:41.234058.234058 sllm_store_c.py:27] get device uuid map
DEBUG 04-24 11:19:41.234387.234387 sllm_store_c.py:29] call client load into gpu
DEBUG 04-24 11:19:41.236052.236052 cuda_h.py:27] end **self_attn cost 1.340 ms
DEBUG 04-24 11:19:41.236550.236550 cuda_h.py:27] end *iln_self_attn_paln cost 2.396 ms
DEBUG 04-24 11:19:41.237084.237084 cuda_h.py:27] end load_into_gpu_async cost 2.545 ms
DEBUG 04-24 11:19:41.237618.237618 cuda_h.py:27] end restore_tensors2 cost 0.087 ms
DEBUG 04-24 11:19:41.237438.237438 cuda_h.py:27] end allocate_cuda_memory_and_load_into_gpu cost 3.275 ms
DEBUG 04-24 11:19:41.237834.237834 cuda_h.py:27] end gate cost 0.808 ms
DEBUG 04-24 11:19:41.238211.238211 cuda_h.py:27] end experts_map_get cost 0.286 ms
DEBUG 04-24 11:19:41.238424.238424 cuda_h.py:27] end *before experts start* cost 1.255 ms
DEBUG 04-24 11:19:41.238353.238353 cuda_h.py:27] end cpu_experts_submit_fused_mp cost 0.200 ms
DEBUG 04-24 11:19:41.239264.239264 cuda_h.py:27] end *single cpu experts* cost 1.114 ms
DEBUG 04-24 11:19:41.241878.241878 sllm_store_c.py:27] get device uuid map
DEBUG 04-24 11:19:41.241701.241701 cuda_h.py:27] end prepare_group_stack cost 0.375 ms
DEBUG 04-24 11:19:41.241624.241624 sllm_store_c.py:29] call client load into gpu
DEBUG 04-24 11:19:41.241851.241851 cuda_h.py:27] end prepare_group_stack cost 0.557 ms
DEBUG 04-24 11:19:41.241487.241487 cuda_h.py:27] end prepare_group_stack cost 0.464 ms
DEBUG 04-24 11:19:41.241668.241668 cuda_h.py:27] end prepare_group_stack cost 0.560 ms
DEBUG 04-24 11:19:41.242269.242269 cuda_h.py:27] end group stack cost 1.058 ms
DEBUG 04-24 11:19:41.242167.242167 cuda_h.py:27] end move_flatidxs_group_fused_mp cost 1.649 ms
DEBUG 04-24 11:19:41.243235.243235 cuda_h.py:27] end group stack cost 1.095 ms
DEBUG 04-24 11:19:41.242294.242294 cuda_h.py:27] end group stack cost 0.938 ms
DEBUG 04-24 11:19:41.242149.242149 cuda_h.py:27] end group stack cost 0.915 ms
DEBUG 04-24 11:19:41.243709.243709 cuda_h.py:27] end get_fused_experts_names_w cost 0.022 ms
DEBUG 04-24 11:19:41.243352.243352 cuda_h.py:27] end move_flatidxs_group_fused_mp cost 2.067 ms
DEBUG 04-24 11:19:41.243014.243014 cuda_h.py:27] end move_flatidxs_group_fused_mp cost 1.994 ms
DEBUG 04-24 11:19:41.243392.243392 cuda_h.py:27] end move_flatidxs_group_fused_mp cost 1.994 ms
DEBUG 04-24 11:19:41.243096.243096 cuda_h.py:27] end get_fused_experts_names_w cost 0.021 ms
DEBUG 04-24 11:19:41.243500.243500 cuda_h.py:27] end get_fused_experts_names_w cost 0.021 ms
DEBUG 04-24 11:19:41.243548.243548 cuda_h.py:27] end get_fused_experts_names_w cost 0.046 ms
DEBUG 04-24 11:19:41.244537.244537 cuda_h.py:27] end restore_fused_tensors cost 0.568 ms
DEBUG 04-24 11:19:41.244818.244818 cuda_h.py:27] end group_fused_tensors_mp cost 0.915 ms
DEBUG 04-24 11:19:41.244403.244403 cuda_h.py:27] end restore_fused_tensors cost 0.562 ms
DEBUG 04-24 11:19:41.244896.244896 cuda_h.py:27] end restore_fused_tensors cost 0.630 ms
DEBUG 04-24 11:19:41.244539.244539 cuda_h.py:27] end restore_fused_tensors cost 0.638 ms
DEBUG 04-24 11:19:41.244591.244591 cuda_h.py:27] end group_fused_tensors_mp cost 0.987 ms
DEBUG 04-24 11:19:41.244234.244234 cuda_h.py:27] end group_fused_tensors_mp cost 0.987 ms
DEBUG 04-24 11:19:41.244394.244394 cuda_h.py:27] end group_fused_tensors_mp cost 0.989 ms
DEBUG 04-24 11:19:41.252338.252338 cuda_h.py:27] end restore2model cost 1.031 ms
DEBUG 04-24 11:19:41.252518.252518 cuda_h.py:27] end sllm_worker_task cost 17.942 ms
DEBUG 04-24 11:19:41.252478.252478 cuda_h.py:27] end load_into_gpu_async_fused_experts_dual cost 11.176 ms
DEBUG 04-24 11:19:41.253134.253134 cuda_h.py:27] end restore_tensors2_fused_experts_packed cost 0.209 ms
DEBUG 04-24 11:19:41.254605.254605 cuda_h.py:27] end restore_tensors2_fused_experts_slices cost 0.783 ms
DEBUG 04-24 11:19:41.254540.254540 cuda_h.py:27] end allocate_experts_cuda_memory_and_restore_model_multi_device_fused cost 15.099 ms
DEBUG 04-24 11:19:41.254659.254659 mlpmodule.py:3373] [fused_group_bmm][steps] bmm1=6.900 ms split=0.103 ms act_mul=0.350 ms bmm2=2.767 ms
DEBUG 04-24 11:19:41.254823.254823 cuda_h.py:27] end gpu_sexperts cost 0.008 ms
DEBUG 04-24 11:19:41.254294.254294 cuda_h.py:27] end fused_group_bmm cost 10.551 ms
DEBUG 04-24 11:19:41.254323.254323 cuda_h.py:27] end wait_load_qkvogn_s_weight cost 0.029 ms
DEBUG 04-24 11:19:41.254997.254997 mlpmodule.py:3373] [fused_group_bmm][steps] bmm1=6.255 ms split=0.095 ms act_mul=0.331 ms bmm2=3.296 ms
DEBUG 04-24 11:19:41.255332.255332 cuda_h.py:27] end fused_group_bmm cost 10.318 ms
DEBUG 04-24 11:19:41.255418.255418 cuda_h.py:27] end gather_outputs_group_fused_mp cost 0.630 ms
DEBUG 04-24 11:19:41.256349.256349 cuda_h.py:27] end gather_outputs_group_fused_mp cost 0.638 ms
DEBUG 04-24 11:19:41.256181.256181 cuda_h.py:27] end cpu_experts_worker_bmm_or_einsum_3 cost 16.416 ms
DEBUG 04-24 11:19:41.256837.256837 mlpmodule.py:3373] [fused_group_bmm][steps] bmm1=7.823 ms split=0.103 ms act_mul=0.380 ms bmm2=3.404 ms
DEBUG 04-24 11:19:41.256864.256864 cuda_h.py:27] end fused_group_bmm cost 11.987 ms
DEBUG 04-24 11:19:41.256818.256818 cuda_h.py:27] end cpu_experts_worker_bmm_or_einsum_0 cost 16.844 ms
DEBUG 04-24 11:19:41.257061.257061 cuda_h.py:27] end gather_outputs_group_fused_mp cost 0.483 ms
DEBUG 04-24 11:19:41.257469.257469 cuda_h.py:27] end cpu_experts_worker_bmm_or_einsum_2 cost 17.694 ms
DEBUG 04-24 11:19:41.257595.257595 mlpmodule.py:3373] [fused_group_bmm][steps] bmm1=8.158 ms split=0.184 ms act_mul=0.433 ms bmm2=4.024 ms
DEBUG 04-24 11:19:41.258239.258239 cuda_h.py:27] end fused_group_bmm cost 13.273 ms
DEBUG 04-24 11:19:41.258028.258028 cuda_h.py:27] end gather_outputs_group_fused_mp cost 0.563 ms
DEBUG 04-24 11:19:41.259839.259839 cuda_h.py:27] end cpu_experts_worker_bmm_or_einsum_1 cost 19.233 ms
DEBUG 04-24 11:19:41.268454.268454 cuda_h.py:27] end prepare_per_device_parameters cost 13.352 ms
DEBUG 04-24 11:19:41.269583.269583 cuda_h.py:27] end wait_experts_multi_device cost 1.389 ms
DEBUG 04-24 11:19:41.270280.270280 cuda_h.py:27] end *before fused experts* cost 30.683 ms
DEBUG 04-24 11:19:41.273217.273217 cuda_h.py:27] end gpu_experts_multi_device_fused cost 3.816 ms
DEBUG 04-24 11:19:41.273020.273020 cuda_h.py:27] end *gpu experts* cost 34.600 ms
DEBUG 04-24 11:19:41.275330.275330 cuda_h.py:27] end cpu_experts_scatter_reduce cost 0.549 ms
DEBUG 04-24 11:19:41.275120.275120 cuda_h.py:27] end cpu_thread_manager_mp_wait_fused cost 1.745 ms
DEBUG 04-24 11:19:41.275016.275016 cuda_h.py:27] end layer_moe_generate_mp_multi_device_fused_l_29 cost 38.911 ms
DEBUG 04-24 11:19:41.276821.276821 cuda_h.py:27] end *mlp cost 39.608 ms
DEBUG 04-24 11:19:41.276048.276048 cuda_h.py:27] end prefill_layer cost 42.572 ms
DEBUG 04-24 11:19:41.276705.276705 lmp.py:341] -------------------------------- end prefill layer 28 --------------------------------
DEBUG 04-24 11:19:41.276308.276308 lmp.py:294] -------------------------------- start prefill layer 29 --------------------------------
DEBUG 04-24 11:19:41.278948.278948 cuda_h.py:27] end **self_attn cost 1.448 ms
DEBUG 04-24 11:19:41.278943.278943 cuda_h.py:27] end *iln_self_attn_paln cost 1.915 ms
DEBUG 04-24 11:19:41.279877.279877 cuda_h.py:27] end gate cost 0.499 ms
DEBUG 04-24 11:19:41.279577.279577 cuda_h.py:27] end experts_map_get cost 0.258 ms
DEBUG 04-24 11:19:41.279168.279168 cuda_h.py:27] end *before experts start* cost 0.900 ms
DEBUG 04-24 11:19:41.279851.279851 cuda_h.py:27] end cpu_experts_submit_fused_mp cost 0.195 ms
DEBUG 04-24 11:19:41.280047.280047 cuda_h.py:27] end *single cpu experts* cost 1.108 ms
DEBUG 04-24 11:19:41.281230.281230 cuda_h.py:27] end prepare_group_stack cost 0.456 ms
DEBUG 04-24 11:19:41.281708.281708 cuda_h.py:27] end prepare_group_stack cost 0.405 ms
DEBUG 04-24 11:19:41.281065.281065 cuda_h.py:27] end prepare_group_stack cost 0.350 ms
DEBUG 04-24 11:19:41.281326.281326 cuda_h.py:27] end prepare_group_stack cost 0.390 ms
DEBUG 04-24 11:19:41.282304.282304 sllm_store_c.py:27] get device uuid map
DEBUG 04-24 11:19:41.282049.282049 sllm_store_c.py:29] call client load into gpu
DEBUG 04-24 11:19:41.282055.282055 cuda_h.py:27] end group stack cost 0.968 ms
DEBUG 04-24 11:19:41.282295.282295 cuda_h.py:27] end group stack cost 0.710 ms
DEBUG 04-24 11:19:41.282821.282821 cuda_h.py:27] end move_flatidxs_group_fused_mp cost 1.626 ms
DEBUG 04-24 11:19:41.282642.282642 cuda_h.py:27] end group stack cost 0.777 ms
DEBUG 04-24 11:19:41.282140.282140 cuda_h.py:27] end move_flatidxs_group_fused_mp cost 1.405 ms
DEBUG 04-24 11:19:41.282086.282086 cuda_h.py:27] end group stack cost 1.158 ms
DEBUG 04-24 11:19:41.282175.282175 cuda_h.py:27] end get_fused_experts_names_w cost 0.024 ms
DEBUG 04-24 11:19:41.282996.282996 cuda_h.py:27] end move_flatidxs_group_fused_mp cost 1.425 ms
DEBUG 04-24 11:19:41.282679.282679 cuda_h.py:27] end get_fused_experts_names_w cost 0.022 ms
DEBUG 04-24 11:19:41.282097.282097 cuda_h.py:27] end move_flatidxs_group_fused_mp cost 1.852 ms
DEBUG 04-24 11:19:41.282700.282700 cuda_h.py:27] end get_fused_experts_names_w cost 0.020 ms
DEBUG 04-24 11:19:41.283204.283204 cuda_h.py:27] end get_fused_experts_names_w cost 0.021 ms
DEBUG 04-24 11:19:41.283159.283159 cuda_h.py:27] end restore_fused_tensors cost 0.678 ms
DEBUG 04-24 11:19:41.283599.283599 cuda_h.py:27] end group_fused_tensors_mp cost 0.832 ms
DEBUG 04-24 11:19:41.283567.283567 cuda_h.py:27] end restore_fused_tensors cost 0.708 ms
DEBUG 04-24 11:19:41.283441.283441 cuda_h.py:27] end restore_fused_tensors cost 0.787 ms
DEBUG 04-24 11:19:41.284882.284882 cuda_h.py:27] end group_fused_tensors_mp cost 1.105 ms
DEBUG 04-24 11:19:41.284776.284776 cuda_h.py:27] end group_fused_tensors_mp cost 0.904 ms
DEBUG 04-24 11:19:41.284709.284709 cuda_h.py:27] end restore_fused_tensors cost 0.901 ms
DEBUG 04-24 11:19:41.284050.284050 cuda_h.py:27] end group_fused_tensors_mp cost 1.212 ms
DEBUG 04-24 11:19:41.284293.284293 cuda_h.py:27] end load_into_gpu_async_fused_experts_dual cost 2.452 ms
DEBUG 04-24 11:19:41.284118.284118 cuda_h.py:27] end restore_tensors2_fused_experts_packed cost 0.056 ms
DEBUG 04-24 11:19:41.285352.285352 cuda_h.py:27] end restore_tensors2_fused_experts_slices cost 0.291 ms
DEBUG 04-24 11:19:41.285752.285752 cuda_h.py:27] end allocate_experts_cuda_memory_and_restore_model_multi_device_fused cost 4.184 ms
DEBUG 04-24 11:19:41.285769.285769 cuda_h.py:27] end gpu_sexperts cost 0.006 ms
DEBUG 04-24 11:19:41.294009.294009 mlpmodule.py:3373] [fused_group_bmm][steps] bmm1=6.018 ms split=0.138 ms act_mul=0.310 ms bmm2=3.716 ms
DEBUG 04-24 11:19:41.294097.294097 cuda_h.py:27] end fused_group_bmm cost 10.455 ms
DEBUG 04-24 11:19:41.295681.295681 cuda_h.py:27] end gather_outputs_group_fused_mp cost 0.576 ms
DEBUG 04-24 11:19:41.296003.296003 cuda_h.py:27] end cpu_experts_worker_bmm_or_einsum_0 cost 15.397 ms
DEBUG 04-24 11:19:41.296952.296952 mlpmodule.py:3373] [fused_group_bmm][steps] bmm1=7.182 ms split=0.135 ms act_mul=0.357 ms bmm2=5.039 ms
DEBUG 04-24 11:19:41.296657.296657 cuda_h.py:27] end fused_group_bmm cost 13.077 ms
DEBUG 04-24 11:19:41.297412.297412 cuda_h.py:27] end gather_outputs_group_fused_mp cost 0.541 ms
DEBUG 04-24 11:19:41.298271.298271 cuda_h.py:27] end cpu_experts_worker_bmm_or_einsum_3 cost 17.113 ms
DEBUG 04-24 11:19:41.297368.297368 mlpmodule.py:3373] [fused_group_bmm][steps] bmm1=8.869 ms split=0.260 ms act_mul=0.440 ms bmm2=4.160 ms
DEBUG 04-24 11:19:41.298773.298773 cuda_h.py:27] end fused_group_bmm cost 13.994 ms
DEBUG 04-24 11:19:41.299245.299245 cuda_h.py:27] end gather_outputs_group_fused_mp cost 0.576 ms
DEBUG 04-24 11:19:41.299282.299282 cuda_h.py:27] end cpu_experts_worker_bmm_or_einsum_1 cost 18.725 ms
DEBUG 04-24 11:19:41.300891.300891 mlpmodule.py:3373] [fused_group_bmm][steps] bmm1=10.390 ms split=0.128 ms act_mul=0.301 ms bmm2=5.120 ms
DEBUG 04-24 11:19:41.300329.300329 cuda_h.py:27] end fused_group_bmm cost 16.191 ms
DEBUG 04-24 11:19:41.300551.300551 cuda_h.py:27] end gather_outputs_group_fused_mp cost 0.466 ms
DEBUG 04-24 11:19:41.301732.301732 cuda_h.py:27] end cpu_experts_worker_bmm_or_einsum_2 cost 20.245 ms
DEBUG 04-24 11:19:41.302306.302306 cuda_h.py:27] end prepare_per_device_parameters cost 16.877 ms
DEBUG 04-24 11:19:41.307760.307760 cuda_h.py:27] end wait_experts_multi_device cost 4.503 ms
DEBUG 04-24 11:19:41.307001.307001 cuda_h.py:27] end *before fused experts* cost 26.247 ms
DEBUG 04-24 11:19:41.311014.311014 cuda_h.py:27] end gpu_experts_multi_device_fused cost 4.323 ms
DEBUG 04-24 11:19:41.311395.311395 cuda_h.py:27] end *gpu experts* cost 30.715 ms
DEBUG 04-24 11:19:41.313123.313123 cuda_h.py:27] end cpu_experts_scatter_reduce cost 0.556 ms
DEBUG 04-24 11:19:41.313344.313344 cuda_h.py:27] end cpu_thread_manager_mp_wait_fused cost 1.787 ms
DEBUG 04-24 11:19:41.313479.313479 cuda_h.py:27] end layer_moe_generate_mp_multi_device_fused_l_30 cost 34.697 ms
DEBUG 04-24 11:19:41.314790.314790 cuda_h.py:27] end *mlp cost 35.486 ms
DEBUG 04-24 11:19:41.314686.314686 cuda_h.py:27] end prefill_layer cost 37.776 ms
DEBUG 04-24 11:19:41.314866.314866 lmp.py:341] -------------------------------- end prefill layer 29 --------------------------------
DEBUG 04-24 11:19:41.314661.314661 cuda_h.py:27] end prefill cost 1506.669 ms
INFO 04-24 11:19:41.314748.314748 lmp.py:343] prefill time: 1.5066885948181152 seconds
generate input ids cost 0.050169944763183594 s
DEBUG 04-24 11:19:47.110441.110441 cuda_h.py:27] end generate_input_ids cost 3184.551 ms
DEBUG 04-24 11:19:47.110249.110249 cuda_h.py:27] end init_cache cost 0.058 ms
DEBUG 04-24 11:19:47.111133.111133 cuda_h.py:27] end allocate_cuda_memory cost 0.806 ms
DEBUG 04-24 11:19:47.111084.111084 sllm_store_c.py:27] get device uuid map
DEBUG 04-24 11:19:47.111496.111496 sllm_store_c.py:29] call client load into gpu
DEBUG 04-24 11:19:47.115835.115835 cuda_h.py:27] end load_into_gpu_async cost 3.244 ms
DEBUG 04-24 11:19:47.115540.115540 cuda_h.py:27] end restore_tensors2 cost 0.121 ms
DEBUG 04-24 11:19:47.115361.115361 cuda_h.py:27] end allocate_cuda_memory_and_load_into_gpu cost 4.873 ms
DEBUG 04-24 11:19:47.116364.116364 cuda_h.py:27] end restore2model cost 0.249 ms
DEBUG 04-24 11:19:47.252627.252627 cuda_h.py:27] end allocate_cuda_memory cost 0.578 ms
DEBUG 04-24 11:19:47.252402.252402 sllm_store_c.py:27] get device uuid map
DEBUG 04-24 11:19:47.253586.253586 sllm_store_c.py:29] call client load into gpu
DEBUG 04-24 11:19:47.256990.256990 cuda_h.py:27] end load_into_gpu_async cost 3.095 ms
DEBUG 04-24 11:19:47.256300.256300 cuda_h.py:27] end restore_tensors2 cost 0.207 ms
DEBUG 04-24 11:19:47.256057.256057 cuda_h.py:27] end allocate_cuda_memory_and_load_into_gpu cost 4.955 ms
DEBUG 04-24 11:19:47.404363.404363 cuda_h.py:27] end restore2model cost 1.889 ms
DEBUG 04-24 11:19:47.404999.404999 cuda_h.py:27] end load_qkvogns_weight_l_0 cost 153.145 ms
DEBUG 04-24 11:19:47.404870.404870 cuda_h.py:27] end init_general_weights cost 294.021 ms
DEBUG 04-24 11:19:47.406300.406300 cuda_h.py:27] end init_inputs_tokens cost 1.233 ms
DEBUG 04-24 11:19:47.406352.406352 lmp.py:294] -------------------------------- start prefill layer 0 --------------------------------
DEBUG 04-24 11:19:47.407379.407379 cuda_h.py:27] end start_load_qkvogn_s_weight_l_1 cost 0.083 ms
DEBUG 04-24 11:19:47.407366.407366 cuda_h.py:27] end allocate_cuda_memory cost 0.515 ms
DEBUG 04-24 11:19:47.408508.408508 sllm_store_c.py:27] get device uuid map
DEBUG 04-24 11:19:47.408434.408434 sllm_store_c.py:29] call client load into gpu
DEBUG 04-24 11:19:47.411083.411083 cuda_h.py:27] end load_into_gpu_async cost 3.121 ms
DEBUG 04-24 11:19:47.412123.412123 cuda_h.py:27] end restore_tensors2 cost 0.210 ms
DEBUG 04-24 11:19:47.412867.412867 cuda_h.py:27] end allocate_cuda_memory_and_load_into_gpu cost 5.115 ms
DEBUG 04-24 11:19:47.415617.415617 cuda_h.py:27] end **self_attn cost 5.810 ms
DEBUG 04-24 11:19:47.416839.416839 cuda_h.py:27] end *iln_self_attn_paln cost 9.494 ms
DEBUG 04-24 11:19:47.418771.418771 cuda_h.py:27] end gate cost 1.662 ms
DEBUG 04-24 11:19:47.419528.419528 cuda_h.py:27] end experts_map_get cost 0.814 ms
DEBUG 04-24 11:19:47.419749.419749 cuda_h.py:27] end *before experts start* cost 2.822 ms
DEBUG 04-24 11:19:47.420780.420780 cuda_h.py:27] end cpu_experts_submit_fused_mp cost 0.457 ms
DEBUG 04-24 11:19:47.423995.423995 cuda_h.py:27] end prepare_group_stack cost 0.595 ms
DEBUG 04-24 11:19:47.424612.424612 cuda_h.py:27] end prepare_group_stack cost 0.762 ms
DEBUG 04-24 11:19:47.424530.424530 cuda_h.py:27] end group stack cost 1.382 ms
DEBUG 04-24 11:19:47.424276.424276 cuda_h.py:27] end move_flatidxs_group_fused_mp cost 2.278 ms
DEBUG 04-24 11:19:47.424436.424436 cuda_h.py:27] end prepare_group_stack cost 1.097 ms
DEBUG 04-24 11:19:47.424463.424463 cuda_h.py:27] end get_fused_experts_names_w cost 0.019 ms
DEBUG 04-24 11:19:47.424078.424078 cuda_h.py:27] end *single cpu experts* cost 5.180 ms
DEBUG 04-24 11:19:47.424474.424474 cuda_h.py:27] end restore_fused_tensors cost 0.077 ms
DEBUG 04-24 11:19:47.425081.425081 cuda_h.py:27] end group_fused_tensors_mp cost 0.479 ms
DEBUG 04-24 11:19:47.426407.426407 cuda_h.py:27] end group stack cost 1.520 ms
DEBUG 04-24 11:19:47.426219.426219 cuda_h.py:27] end prepare_group_stack cost 1.032 ms
DEBUG 04-24 11:19:47.426991.426991 cuda_h.py:27] end move_flatidxs_group_fused_mp cost 2.844 ms
DEBUG 04-24 11:19:47.426454.426454 cuda_h.py:27] end get_fused_experts_names_w cost 0.040 ms
DEBUG 04-24 11:19:47.426326.426326 cuda_h.py:27] end group stack cost 1.995 ms
DEBUG 04-24 11:19:47.427652.427652 cuda_h.py:27] end restore_fused_tensors cost 0.129 ms
DEBUG 04-24 11:19:47.427705.427705 cuda_h.py:27] end move_flatidxs_group_fused_mp cost 3.664 ms
DEBUG 04-24 11:19:47.427426.427426 cuda_h.py:27] end group_fused_tensors_mp cost 0.588 ms
DEBUG 04-24 11:19:47.427282.427282 cuda_h.py:27] end get_fused_experts_names_w cost 0.040 ms
DEBUG 04-24 11:19:47.427169.427169 cuda_h.py:27] end restore_fused_tensors cost 0.174 ms
DEBUG 04-24 11:19:47.427292.427292 cuda_h.py:27] end group_fused_tensors_mp cost 0.547 ms
DEBUG 04-24 11:19:47.428534.428534 cuda_h.py:27] end group stack cost 2.069 ms
DEBUG 04-24 11:19:47.429401.429401 cuda_h.py:27] end move_flatidxs_group_fused_mp cost 3.714 ms
DEBUG 04-24 11:19:47.429420.429420 cuda_h.py:27] end get_fused_experts_names_w cost 0.043 ms
DEBUG 04-24 11:19:47.430145.430145 cuda_h.py:27] end restore_fused_tensors cost 0.143 ms
DEBUG 04-24 11:19:47.430657.430657 cuda_h.py:27] end group_fused_tensors_mp cost 1.001 ms
DEBUG 04-24 11:19:47.432003.432003 sllm_store_c.py:27] get device uuid map
DEBUG 04-24 11:19:47.433366.433366 sllm_store_c.py:29] call client load into gpu
DEBUG 04-24 11:19:47.434203.434203 cuda_h.py:27] end restore2model cost 14.291 ms
DEBUG 04-24 11:19:47.434438.434438 cuda_h.py:27] end sllm_worker_task cost 27.732 ms
DEBUG 04-24 11:19:47.436260.436260 mlpmodule.py:3373] [fused_group_bmm][steps] bmm1=7.106 ms split=0.156 ms act_mul=0.540 ms bmm2=3.518 ms
DEBUG 04-24 11:19:47.437301.437301 cuda_h.py:27] end fused_group_bmm cost 11.595 ms
DEBUG 04-24 11:19:47.437664.437664 mlpmodule.py:3373] [fused_group_bmm][steps] bmm1=6.135 ms split=0.178 ms act_mul=0.712 ms bmm2=2.818 ms
DEBUG 04-24 11:19:47.437379.437379 cuda_h.py:27] end gather_outputs_group_fused_mp cost 0.674 ms
DEBUG 04-24 11:19:47.437141.437141 cuda_h.py:27] end fused_group_bmm cost 10.084 ms
DEBUG 04-24 11:19:47.438671.438671 cuda_h.py:27] end cpu_experts_worker_bmm_or_einsum_1 cost 16.297 ms
DEBUG 04-24 11:19:47.438707.438707 cuda_h.py:27] end gather_outputs_group_fused_mp cost 0.809 ms
DEBUG 04-24 11:19:47.439931.439931 cuda_h.py:27] end load_into_gpu_async_fused_experts_dual cost 6.976 ms
DEBUG 04-24 11:19:47.439627.439627 cuda_h.py:27] end cpu_experts_worker_bmm_or_einsum_0 cost 16.333 ms
DEBUG 04-24 11:19:47.439266.439266 cuda_h.py:27] end restore_tensors2_fused_experts_packed cost 0.158 ms
DEBUG 04-24 11:19:47.439506.439506 mlpmodule.py:3373] [fused_group_bmm][steps] bmm1=6.833 ms split=0.153 ms act_mul=0.993 ms bmm2=3.468 ms
DEBUG 04-24 11:19:47.440658.440658 cuda_h.py:27] end fused_group_bmm cost 11.657 ms
DEBUG 04-24 11:19:47.440562.440562 cuda_h.py:27] end restore_tensors2_fused_experts_slices cost 0.403 ms
DEBUG 04-24 11:19:47.440701.440701 cuda_h.py:27] end allocate_experts_cuda_memory_and_restore_model_multi_device_fused cost 15.075 ms
DEBUG 04-24 11:19:47.440235.440235 cuda_h.py:27] end gpu_sexperts cost 0.011 ms
DEBUG 04-24 11:19:47.440581.440581 cuda_h.py:27] end gather_outputs_group_fused_mp cost 0.428 ms
DEBUG 04-24 11:19:47.440661.440661 cuda_h.py:27] end wait_load_qkvogn_s_weight cost 0.033 ms
DEBUG 04-24 11:19:47.441186.441186 cuda_h.py:27] end cpu_experts_worker_bmm_or_einsum_3 cost 18.348 ms
DEBUG 04-24 11:19:47.441329.441329 mlpmodule.py:3373] [fused_group_bmm][steps] bmm1=6.774 ms split=0.162 ms act_mul=0.925 ms bmm2=2.640 ms
DEBUG 04-24 11:19:47.441594.441594 cuda_h.py:27] end fused_group_bmm cost 10.725 ms
DEBUG 04-24 11:19:47.442314.442314 cuda_h.py:27] end gather_outputs_group_fused_mp cost 0.483 ms
DEBUG 04-24 11:19:47.442219.442219 cuda_h.py:27] end cpu_experts_worker_bmm_or_einsum_2 cost 17.720 ms
DEBUG 04-24 11:19:47.457820.457820 cuda_h.py:27] end prepare_per_device_parameters cost 16.455 ms
DEBUG 04-24 11:19:47.458121.458121 cuda_h.py:27] end wait_experts_multi_device cost 1.376 ms
DEBUG 04-24 11:19:47.459828.459828 cuda_h.py:27] end *before fused experts* cost 33.716 ms
DEBUG 04-24 11:19:47.466452.466452 cuda_h.py:27] end gpu_experts_multi_device_fused cost 7.006 ms
DEBUG 04-24 11:19:47.466971.466971 cuda_h.py:27] end *gpu experts* cost 41.171 ms
DEBUG 04-24 11:19:47.468719.468719 cuda_h.py:27] end cpu_experts_scatter_reduce cost 0.568 ms
DEBUG 04-24 11:19:47.468563.468563 cuda_h.py:27] end cpu_thread_manager_mp_wait_fused cost 1.811 ms
DEBUG 04-24 11:19:47.468366.468366 cuda_h.py:27] end layer_moe_generate_mp_multi_device_fused_l_1 cost 51.703 ms
DEBUG 04-24 11:19:47.469468.469468 cuda_h.py:27] end *mlp cost 52.380 ms
DEBUG 04-24 11:19:47.469947.469947 cuda_h.py:27] end prefill_layer cost 62.290 ms
DEBUG 04-24 11:19:47.469319.469319 lmp.py:341] -------------------------------- end prefill layer 0 --------------------------------
DEBUG 04-24 11:19:47.469623.469623 lmp.py:294] -------------------------------- start prefill layer 1 --------------------------------
DEBUG 04-24 11:19:47.469546.469546 cuda_h.py:27] end start_load_qkvogn_s_weight_l_2 cost 0.084 ms
DEBUG 04-24 11:19:47.470099.470099 cuda_h.py:27] end allocate_cuda_memory cost 0.435 ms
DEBUG 04-24 11:19:47.470636.470636 sllm_store_c.py:27] get device uuid map
DEBUG 04-24 11:19:47.471510.471510 sllm_store_c.py:29] call client load into gpu
DEBUG 04-24 11:19:47.473535.473535 cuda_h.py:27] end load_into_gpu_async cost 2.517 ms
DEBUG 04-24 11:19:47.473951.473951 cuda_h.py:27] end **self_attn cost 1.684 ms
DEBUG 04-24 11:19:47.473027.473027 cuda_h.py:27] end restore_tensors2 cost 0.201 ms
DEBUG 04-24 11:19:47.474100.474100 cuda_h.py:27] end allocate_cuda_memory_and_load_into_gpu cost 4.339 ms
DEBUG 04-24 11:19:47.474062.474062 cuda_h.py:27] end *iln_self_attn_paln cost 5.201 ms
DEBUG 04-24 11:19:47.475739.475739 cuda_h.py:27] end gate cost 0.528 ms
DEBUG 04-24 11:19:47.476044.476044 cuda_h.py:27] end experts_map_get cost 0.310 ms
DEBUG 04-24 11:19:47.476556.476556 cuda_h.py:27] end *before experts start* cost 1.012 ms
DEBUG 04-24 11:19:47.476988.476988 cuda_h.py:27] end cpu_experts_submit_fused_mp cost 0.223 ms
DEBUG 04-24 11:19:47.478858.478858 cuda_h.py:27] end *single cpu experts* cost 2.050 ms
DEBUG 04-24 11:19:47.479743.479743 sllm_store_c.py:27] get device uuid map
DEBUG 04-24 11:19:47.479706.479706 sllm_store_c.py:29] call client load into gpu
DEBUG 04-24 11:19:47.479521.479521 cuda_h.py:27] end prepare_group_stack cost 0.480 ms
DEBUG 04-24 11:19:47.480332.480332 cuda_h.py:27] end prepare_group_stack cost 0.652 ms
DEBUG 04-24 11:19:47.481968.481968 cuda_h.py:27] end prepare_group_stack cost 0.564 ms
DEBUG 04-24 11:19:47.481323.481323 cuda_h.py:27] end group stack cost 1.067 ms
DEBUG 04-24 11:19:47.481223.481223 cuda_h.py:27] end prepare_group_stack cost 0.636 ms
DEBUG 04-24 11:19:47.481055.481055 cuda_h.py:27] end move_flatidxs_group_fused_mp cost 1.812 ms
DEBUG 04-24 11:19:47.481769.481769 cuda_h.py:27] end get_fused_experts_names_w cost 0.021 ms
DEBUG 04-24 11:19:47.482191.482191 cuda_h.py:27] end restore_fused_tensors cost 0.567 ms
DEBUG 04-24 11:19:47.482010.482010 cuda_h.py:27] end group stack cost 1.841 ms
DEBUG 04-24 11:19:47.482478.482478 cuda_h.py:27] end group_fused_tensors_mp cost 0.827 ms
DEBUG 04-24 11:19:47.482454.482454 cuda_h.py:27] end move_flatidxs_group_fused_mp cost 2.953 ms
DEBUG 04-24 11:19:47.482077.482077 cuda_h.py:27] end get_fused_experts_names_w cost 0.039 ms
DEBUG 04-24 11:19:47.483220.483220 cuda_h.py:27] end group stack cost 1.818 ms
DEBUG 04-24 11:19:47.483675.483675 cuda_h.py:27] end move_flatidxs_group_fused_mp cost 2.944 ms
DEBUG 04-24 11:19:47.483403.483403 cuda_h.py:27] end get_fused_experts_names_w cost 0.041 ms
DEBUG 04-24 11:19:47.483827.483827 cuda_h.py:27] end group stack cost 1.947 ms
DEBUG 04-24 11:19:47.483489.483489 cuda_h.py:27] end load_into_gpu_async_fused_experts_dual cost 4.266 ms
DEBUG 04-24 11:19:47.484817.484817 cuda_h.py:27] end move_flatidxs_group_fused_mp cost 3.558 ms
DEBUG 04-24 11:19:47.484790.484790 cuda_h.py:27] end get_fused_experts_names_w cost 0.038 ms
DEBUG 04-24 11:19:47.484674.484674 cuda_h.py:27] end restore_fused_tensors cost 1.229 ms
DEBUG 04-24 11:19:47.483642.483642 cuda_h.py:27] end restore2model cost 2.323 ms
DEBUG 04-24 11:19:47.484540.484540 cuda_h.py:27] end group_fused_tensors_mp cost 1.616 ms
DEBUG 04-24 11:19:47.484114.484114 cuda_h.py:27] end restore_tensors2_fused_experts_packed cost 0.110 ms
DEBUG 04-24 11:19:47.485128.485128 cuda_h.py:27] end restore_fused_tensors cost 1.447 ms
DEBUG 04-24 11:19:47.485808.485808 cuda_h.py:27] end group_fused_tensors_mp cost 1.856 ms
DEBUG 04-24 11:19:47.484546.484546 cuda_h.py:27] end sllm_worker_task cost 14.671 ms
DEBUG 04-24 11:19:47.485130.485130 cuda_h.py:27] end restore_fused_tensors cost 1.268 ms
DEBUG 04-24 11:19:47.485181.485181 cuda_h.py:27] end group_fused_tensors_mp cost 1.630 ms
DEBUG 04-24 11:19:47.485184.485184 cuda_h.py:27] end restore_tensors2_fused_experts_slices cost 0.551 ms
DEBUG 04-24 11:19:47.486737.486737 cuda_h.py:27] end allocate_experts_cuda_memory_and_restore_model_multi_device_fused cost 7.938 ms
DEBUG 04-24 11:19:47.486529.486529 cuda_h.py:27] end gpu_sexperts cost 0.014 ms
DEBUG 04-24 11:19:47.486129.486129 cuda_h.py:27] end wait_load_qkvogn_s_weight cost 0.059 ms
DEBUG 04-24 11:19:47.496818.496818 mlpmodule.py:3373] [fused_group_bmm][steps] bmm1=8.105 ms split=0.157 ms act_mul=0.502 ms bmm2=4.964 ms
DEBUG 04-24 11:19:47.496850.496850 cuda_h.py:27] end fused_group_bmm cost 14.137 ms
DEBUG 04-24 11:19:47.497841.497841 cuda_h.py:27] end gather_outputs_group_fused_mp cost 0.849 ms
DEBUG 04-24 11:19:47.498211.498211 cuda_h.py:27] end cpu_experts_worker_bmm_or_einsum_1 cost 20.043 ms
DEBUG 04-24 11:19:47.499360.499360 mlpmodule.py:3373] [fused_group_bmm][steps] bmm1=7.981 ms split=0.250 ms act_mul=0.623 ms bmm2=4.432 ms
DEBUG 04-24 11:19:47.499010.499010 cuda_h.py:27] end fused_group_bmm cost 13.555 ms
DEBUG 04-24 11:19:47.500378.500378 cuda_h.py:27] end gather_outputs_group_fused_mp cost 0.497 ms
DEBUG 04-24 11:19:47.500629.500629 mlpmodule.py:3373] [fused_group_bmm][steps] bmm1=10.213 ms split=0.166 ms act_mul=0.390 ms bmm2=5.203 ms
DEBUG 04-24 11:19:47.501086.501086 cuda_h.py:27] end cpu_experts_worker_bmm_or_einsum_0 cost 21.469 ms
DEBUG 04-24 11:19:47.501863.501863 cuda_h.py:27] end fused_group_bmm cost 16.248 ms
DEBUG 04-24 11:19:47.501410.501410 cuda_h.py:27] end gather_outputs_group_fused_mp cost 0.437 ms
DEBUG 04-24 11:19:47.502221.502221 cuda_h.py:27] end cpu_experts_worker_bmm_or_einsum_3 cost 23.801 ms
DEBUG 04-24 11:19:47.503607.503607 mlpmodule.py:3373] [fused_group_bmm][steps] bmm1=13.173 ms split=0.130 ms act_mul=0.369 ms bmm2=3.971 ms
DEBUG 04-24 11:19:47.504051.504051 cuda_h.py:27] end fused_group_bmm cost 17.899 ms
DEBUG 04-24 11:19:47.504263.504263 cuda_h.py:27] end gather_outputs_group_fused_mp cost 0.464 ms
DEBUG 04-24 11:19:47.505917.505917 cuda_h.py:27] end prepare_per_device_parameters cost 18.285 ms
DEBUG 04-24 11:19:47.505616.505616 cuda_h.py:27] end cpu_experts_worker_bmm_or_einsum_2 cost 25.833 ms
DEBUG 04-24 11:19:47.509796.509796 cuda_h.py:27] end wait_experts_multi_device cost 3.921 ms
DEBUG 04-24 11:19:47.509991.509991 cuda_h.py:27] end *before fused experts* cost 30.978 ms
DEBUG 04-24 11:19:47.514662.514662 cuda_h.py:27] end gpu_experts_multi_device_fused cost 4.985 ms
DEBUG 04-24 11:19:47.514141.514141 cuda_h.py:27] end *gpu experts* cost 36.076 ms
DEBUG 04-24 11:19:47.516154.516154 cuda_h.py:27] end cpu_experts_scatter_reduce cost 0.763 ms
DEBUG 04-24 11:19:47.516905.516905 cuda_h.py:27] end cpu_thread_manager_mp_wait_fused cost 1.794 ms
DEBUG 04-24 11:19:47.516615.516615 cuda_h.py:27] end layer_moe_generate_mp_multi_device_fused_l_2 cost 41.154 ms
DEBUG 04-24 11:19:47.517015.517015 cuda_h.py:27] end *mlp cost 42.009 ms
DEBUG 04-24 11:19:47.517978.517978 cuda_h.py:27] end prefill_layer cost 47.600 ms
DEBUG 04-24 11:19:47.517542.517542 lmp.py:341] -------------------------------- end prefill layer 1 --------------------------------
DEBUG 04-24 11:19:47.517251.517251 lmp.py:294] -------------------------------- start prefill layer 2 --------------------------------
DEBUG 04-24 11:19:47.517327.517327 cuda_h.py:27] end start_load_qkvogn_s_weight_l_3 cost 0.053 ms
DEBUG 04-24 11:19:47.517270.517270 cuda_h.py:27] end allocate_cuda_memory cost 0.305 ms
DEBUG 04-24 11:19:47.518020.518020 sllm_store_c.py:27] get device uuid map
DEBUG 04-24 11:19:47.518919.518919 sllm_store_c.py:29] call client load into gpu
DEBUG 04-24 11:19:47.520802.520802 cuda_h.py:27] end **self_attn cost 1.535 ms
DEBUG 04-24 11:19:47.520469.520469 cuda_h.py:27] end load_into_gpu_async cost 1.943 ms
DEBUG 04-24 11:19:47.520481.520481 cuda_h.py:27] end restore_tensors2 cost 0.110 ms
DEBUG 04-24 11:19:47.520370.520370 cuda_h.py:27] end allocate_cuda_memory_and_load_into_gpu cost 2.986 ms
DEBUG 04-24 11:19:47.520889.520889 cuda_h.py:27] end *iln_self_attn_paln cost 3.204 ms
DEBUG 04-24 11:19:47.521281.521281 cuda_h.py:27] end gate cost 0.589 ms
DEBUG 04-24 11:19:47.521546.521546 cuda_h.py:27] end experts_map_get cost 0.312 ms
DEBUG 04-24 11:19:47.521097.521097 cuda_h.py:27] end *before experts start* cost 1.062 ms
DEBUG 04-24 11:19:47.522709.522709 cuda_h.py:27] end cpu_experts_submit_fused_mp cost 0.248 ms
DEBUG 04-24 11:19:47.523873.523873 cuda_h.py:27] end *single cpu experts* cost 1.382 ms
DEBUG 04-24 11:19:47.525371.525371 cuda_h.py:27] end prepare_group_stack cost 0.450 ms
DEBUG 04-24 11:19:47.525237.525237 cuda_h.py:27] end prepare_group_stack cost 0.639 ms
DEBUG 04-24 11:19:47.525999.525999 cuda_h.py:27] end prepare_group_stack cost 0.561 ms
DEBUG 04-24 11:19:47.525867.525867 cuda_h.py:27] end prepare_group_stack cost 0.527 ms
DEBUG 04-24 11:19:47.525957.525957 sllm_store_c.py:27] get device uuid map
DEBUG 04-24 11:19:47.525349.525349 sllm_store_c.py:29] call client load into gpu
DEBUG 04-24 11:19:47.526323.526323 cuda_h.py:27] end group stack cost 0.889 ms
DEBUG 04-24 11:19:47.526728.526728 cuda_h.py:27] end group stack cost 1.242 ms
DEBUG 04-24 11:19:47.526591.526591 cuda_h.py:27] end move_flatidxs_group_fused_mp cost 1.933 ms
DEBUG 04-24 11:19:47.526500.526500 cuda_h.py:27] end move_flatidxs_group_fused_mp cost 1.931 ms
DEBUG 04-24 11:19:47.526825.526825 cuda_h.py:27] end get_fused_experts_names_w cost 0.021 ms
DEBUG 04-24 11:19:47.526058.526058 cuda_h.py:27] end group stack cost 1.038 ms
DEBUG 04-24 11:19:47.527289.527289 cuda_h.py:27] end get_fused_experts_names_w cost 0.023 ms
DEBUG 04-24 11:19:47.527190.527190 cuda_h.py:27] end group stack cost 1.225 ms
DEBUG 04-24 11:19:47.527304.527304 cuda_h.py:27] end move_flatidxs_group_fused_mp cost 2.128 ms
DEBUG 04-24 11:19:47.527942.527942 cuda_h.py:27] end move_flatidxs_group_fused_mp cost 2.431 ms
DEBUG 04-24 11:19:47.527531.527531 cuda_h.py:27] end get_fused_experts_names_w cost 0.027 ms
DEBUG 04-24 11:19:47.527822.527822 cuda_h.py:27] end restore_fused_tensors cost 0.512 ms
DEBUG 04-24 11:19:47.527949.527949 cuda_h.py:27] end get_fused_experts_names_w cost 0.020 ms
DEBUG 04-24 11:19:47.527374.527374 cuda_h.py:27] end group_fused_tensors_mp cost 0.780 ms
DEBUG 04-24 11:19:47.528614.528614 cuda_h.py:27] end restore_fused_tensors cost 0.755 ms
DEBUG 04-24 11:19:47.528292.528292 cuda_h.py:27] end group_fused_tensors_mp cost 1.117 ms
DEBUG 04-24 11:19:47.528563.528563 cuda_h.py:27] end restore_fused_tensors cost 0.646 ms
DEBUG 04-24 11:19:47.528227.528227 cuda_h.py:27] end restore_fused_tensors cost 0.982 ms
DEBUG 04-24 11:19:47.528943.528943 cuda_h.py:27] end group_fused_tensors_mp cost 1.038 ms
DEBUG 04-24 11:19:47.528089.528089 cuda_h.py:27] end load_into_gpu_async_fused_experts_dual cost 2.944 ms
DEBUG 04-24 11:19:47.528342.528342 cuda_h.py:27] end group_fused_tensors_mp cost 1.297 ms
DEBUG 04-24 11:19:47.528697.528697 cuda_h.py:27] end restore2model cost 1.188 ms
DEBUG 04-24 11:19:47.528850.528850 cuda_h.py:27] end restore_tensors2_fused_experts_packed cost 0.099 ms
DEBUG 04-24 11:19:47.529532.529532 cuda_h.py:27] end sllm_worker_task cost 11.554 ms
DEBUG 04-24 11:19:47.530737.530737 cuda_h.py:27] end restore_tensors2_fused_experts_slices cost 0.766 ms
DEBUG 04-24 11:19:47.531376.531376 cuda_h.py:27] end allocate_experts_cuda_memory_and_restore_model_multi_device_fused cost 7.985 ms
DEBUG 04-24 11:19:47.531537.531537 cuda_h.py:27] end gpu_sexperts cost 0.027 ms
DEBUG 04-24 11:19:47.531744.531744 cuda_h.py:27] end wait_load_qkvogn_s_weight cost 0.114 ms
DEBUG 04-24 11:19:47.539998.539998 mlpmodule.py:3373] [fused_group_bmm][steps] bmm1=6.510 ms split=0.198 ms act_mul=0.521 ms bmm2=3.410 ms
DEBUG 04-24 11:19:47.540754.540754 cuda_h.py:27] end fused_group_bmm cost 11.160 ms
DEBUG 04-24 11:19:47.540919.540919 cuda_h.py:27] end gather_outputs_group_fused_mp cost 0.717 ms
DEBUG 04-24 11:19:47.541582.541582 cuda_h.py:27] end cpu_experts_worker_bmm_or_einsum_0 cost 17.959 ms
DEBUG 04-24 11:19:47.542196.542196 mlpmodule.py:3373] [fused_group_bmm][steps] bmm1=9.609 ms split=0.223 ms act_mul=0.463 ms bmm2=3.618 ms
DEBUG 04-24 11:19:47.542874.542874 cuda_h.py:27] end fused_group_bmm cost 14.197 ms
DEBUG 04-24 11:19:47.543094.543094 cuda_h.py:27] end gather_outputs_group_fused_mp cost 0.593 ms
DEBUG 04-24 11:19:47.544842.544842 cuda_h.py:27] end cpu_experts_worker_bmm_or_einsum_1 cost 20.587 ms
DEBUG 04-24 11:19:47.546158.546158 mlpmodule.py:3373] [fused_group_bmm][steps] bmm1=11.961 ms split=0.179 ms act_mul=0.441 ms bmm2=5.517 ms
DEBUG 04-24 11:19:47.546376.546376 mlpmodule.py:3373] [fused_group_bmm][steps] bmm1=11.844 ms split=0.197 ms act_mul=0.530 ms bmm2=5.194 ms
DEBUG 04-24 11:19:47.546279.546279 cuda_h.py:27] end fused_group_bmm cost 18.362 ms
DEBUG 04-24 11:19:47.546405.546405 cuda_h.py:27] end fused_group_bmm cost 18.067 ms
DEBUG 04-24 11:19:47.547853.547853 cuda_h.py:27] end gather_outputs_group_fused_mp cost 0.469 ms
DEBUG 04-24 11:19:47.547098.547098 cuda_h.py:27] end gather_outputs_group_fused_mp cost 0.458 ms
DEBUG 04-24 11:19:47.547199.547199 cuda_h.py:27] end cpu_experts_worker_bmm_or_einsum_2 cost 23.771 ms
DEBUG 04-24 11:19:47.547731.547731 cuda_h.py:27] end cpu_experts_worker_bmm_or_einsum_3 cost 23.793 ms
DEBUG 04-24 11:19:47.552561.552561 cuda_h.py:27] end prepare_per_device_parameters cost 20.302 ms
DEBUG 04-24 11:19:47.554458.554458 cuda_h.py:27] end wait_experts_multi_device cost 1.710 ms
DEBUG 04-24 11:19:47.554368.554368 cuda_h.py:27] end *before fused experts* cost 30.922 ms
DEBUG 04-24 11:19:47.560862.560862 cuda_h.py:27] end gpu_experts_multi_device_fused cost 5.836 ms
DEBUG 04-24 11:19:47.560395.560395 cuda_h.py:27] end *gpu experts* cost 36.876 ms
DEBUG 04-24 11:19:47.561146.561146 cuda_h.py:27] end cpu_experts_scatter_reduce cost 0.537 ms
DEBUG 04-24 11:19:47.561320.561320 cuda_h.py:27] end cpu_thread_manager_mp_wait_fused cost 1.491 ms
DEBUG 04-24 11:19:47.561455.561455 cuda_h.py:27] end layer_moe_generate_mp_multi_device_fused_l_3 cost 41.003 ms
DEBUG 04-24 11:19:47.562681.562681 cuda_h.py:27] end *mlp cost 41.625 ms
DEBUG 04-24 11:19:47.562220.562220 cuda_h.py:27] end prefill_layer cost 45.166 ms
DEBUG 04-24 11:19:47.562592.562592 lmp.py:341] -------------------------------- end prefill layer 2 --------------------------------
DEBUG 04-24 11:19:47.562242.562242 lmp.py:294] -------------------------------- start prefill layer 3 --------------------------------
DEBUG 04-24 11:19:47.563349.563349 cuda_h.py:27] end start_load_qkvogn_s_weight_l_4 cost 0.091 ms
DEBUG 04-24 11:19:47.563680.563680 cuda_h.py:27] end allocate_cuda_memory cost 0.360 ms
DEBUG 04-24 11:19:47.563519.563519 sllm_store_c.py:27] get device uuid map
DEBUG 04-24 11:19:47.564747.564747 sllm_store_c.py:29] call client load into gpu
DEBUG 04-24 11:19:47.566098.566098 cuda_h.py:27] end **self_attn cost 1.910 ms
DEBUG 04-24 11:19:47.566141.566141 cuda_h.py:27] end load_into_gpu_async cost 2.560 ms
DEBUG 04-24 11:19:47.566421.566421 cuda_h.py:27] end *iln_self_attn_paln cost 3.849 ms
DEBUG 04-24 11:19:47.567085.567085 cuda_h.py:27] end restore_tensors2 cost 0.143 ms
DEBUG 04-24 11:19:47.567267.567267 cuda_h.py:27] end allocate_cuda_memory_and_load_into_gpu cost 4.170 ms
DEBUG 04-24 11:19:47.568188.568188 cuda_h.py:27] end gate cost 0.953 ms
DEBUG 04-24 11:19:47.568861.568861 cuda_h.py:27] end experts_map_get cost 0.389 ms
DEBUG 04-24 11:19:47.568102.568102 cuda_h.py:27] end *before experts start* cost 1.577 ms
DEBUG 04-24 11:19:47.569968.569968 cuda_h.py:27] end cpu_experts_submit_fused_mp cost 0.311 ms
DEBUG 04-24 11:19:47.570626.570626 cuda_h.py:27] end *single cpu experts* cost 1.935 ms
DEBUG 04-24 11:19:47.572665.572665 cuda_h.py:27] end prepare_group_stack cost 0.492 ms
DEBUG 04-24 11:19:47.572335.572335 cuda_h.py:27] end prepare_group_stack cost 0.520 ms
DEBUG 04-24 11:19:47.572603.572603 sllm_store_c.py:27] get device uuid map
DEBUG 04-24 11:19:47.572893.572893 cuda_h.py:27] end prepare_group_stack cost 0.501 ms
DEBUG 04-24 11:19:47.572639.572639 sllm_store_c.py:29] call client load into gpu
DEBUG 04-24 11:19:47.573328.573328 cuda_h.py:27] end prepare_group_stack cost 0.465 ms
DEBUG 04-24 11:19:47.573300.573300 cuda_h.py:27] end group stack cost 1.024 ms
DEBUG 04-24 11:19:47.573264.573264 cuda_h.py:27] end move_flatidxs_group_fused_mp cost 1.790 ms
DEBUG 04-24 11:19:47.574337.574337 cuda_h.py:27] end get_fused_experts_names_w cost 0.022 ms
DEBUG 04-24 11:19:47.574119.574119 cuda_h.py:27] end group stack cost 1.254 ms
DEBUG 04-24 11:19:47.574441.574441 cuda_h.py:27] end group stack cost 1.485 ms
DEBUG 04-24 11:19:47.574095.574095 cuda_h.py:27] end move_flatidxs_group_fused_mp cost 2.184 ms
DEBUG 04-24 11:19:47.574119.574119 cuda_h.py:27] end group stack cost 0.990 ms
DEBUG 04-24 11:19:47.574182.574182 cuda_h.py:27] end move_flatidxs_group_fused_mp cost 2.306 ms
DEBUG 04-24 11:19:47.574944.574944 cuda_h.py:27] end move_flatidxs_group_fused_mp cost 1.850 ms
DEBUG 04-24 11:19:47.574083.574083 cuda_h.py:27] end get_fused_experts_names_w cost 0.031 ms
DEBUG 04-24 11:19:47.574196.574196 cuda_h.py:27] end get_fused_experts_names_w cost 0.030 ms
DEBUG 04-24 11:19:47.574789.574789 cuda_h.py:27] end restore_fused_tensors cost 0.605 ms
DEBUG 04-24 11:19:47.574188.574188 cuda_h.py:27] end get_fused_experts_names_w cost 0.021 ms
DEBUG 04-24 11:19:47.574639.574639 cuda_h.py:27] end group_fused_tensors_mp cost 0.740 ms
DEBUG 04-24 11:19:47.575553.575553 cuda_h.py:27] end load_into_gpu_async_fused_experts_dual cost 2.671 ms
DEBUG 04-24 11:19:47.575951.575951 cuda_h.py:27] end restore_fused_tensors cost 0.793 ms
DEBUG 04-24 11:19:47.575047.575047 cuda_h.py:27] end group_fused_tensors_mp cost 0.938 ms
DEBUG 04-24 11:19:47.575993.575993 cuda_h.py:27] end restore_tensors2_fused_experts_packed cost 0.067 ms
DEBUG 04-24 11:19:47.575266.575266 cuda_h.py:27] end restore_fused_tensors cost 0.920 ms
DEBUG 04-24 11:19:47.576532.576532 cuda_h.py:27] end group_fused_tensors_mp cost 1.369 ms
DEBUG 04-24 11:19:47.576255.576255 cuda_h.py:27] end restore_fused_tensors cost 1.202 ms
DEBUG 04-24 11:19:47.576813.576813 cuda_h.py:27] end group_fused_tensors_mp cost 1.662 ms
DEBUG 04-24 11:19:47.575354.575354 cuda_h.py:27] end restore2model cost 1.934 ms
DEBUG 04-24 11:19:47.576498.576498 cuda_h.py:27] end restore_tensors2_fused_experts_slices cost 0.353 ms
DEBUG 04-24 11:19:47.576983.576983 cuda_h.py:27] end sllm_worker_task cost 13.464 ms
DEBUG 04-24 11:19:47.577865.577865 cuda_h.py:27] end allocate_experts_cuda_memory_and_restore_model_multi_device_fused cost 6.171 ms
DEBUG 04-24 11:19:47.578494.578494 cuda_h.py:27] end gpu_sexperts cost 0.030 ms
DEBUG 04-24 11:19:47.578767.578767 cuda_h.py:27] end wait_load_qkvogn_s_weight cost 0.107 ms
DEBUG 04-24 11:19:47.588055.588055 mlpmodule.py:3373] [fused_group_bmm][steps] bmm1=7.641 ms split=0.234 ms act_mul=0.560 ms bmm2=3.803 ms
DEBUG 04-24 11:19:47.589674.589674 cuda_h.py:27] end fused_group_bmm cost 12.816 ms
DEBUG 04-24 11:19:47.590915.590915 cuda_h.py:27] end gather_outputs_group_fused_mp cost 0.819 ms
DEBUG 04-24 11:19:47.591081.591081 cuda_h.py:27] end cpu_experts_worker_bmm_or_einsum_0 cost 20.073 ms
DEBUG 04-24 11:19:47.590414.590414 mlpmodule.py:3373] [fused_group_bmm][steps] bmm1=9.628 ms split=0.183 ms act_mul=0.415 ms bmm2=4.546 ms
DEBUG 04-24 11:19:47.591561.591561 cuda_h.py:27] end fused_group_bmm cost 15.055 ms
DEBUG 04-24 11:19:47.592950.592950 cuda_h.py:27] end gather_outputs_group_fused_mp cost 0.577 ms
DEBUG 04-24 11:19:47.592014.592014 cuda_h.py:27] end cpu_experts_worker_bmm_or_einsum_1 cost 20.631 ms
DEBUG 04-24 11:19:47.592854.592854 mlpmodule.py:3373] [fused_group_bmm][steps] bmm1=11.300 ms split=0.240 ms act_mul=0.547 ms bmm2=5.849 ms
DEBUG 04-24 11:19:47.593736.593736 cuda_h.py:27] end fused_group_bmm cost 18.199 ms
DEBUG 04-24 11:19:47.593880.593880 cuda_h.py:27] end gather_outputs_group_fused_mp cost 0.472 ms
DEBUG 04-24 11:19:47.594949.594949 cuda_h.py:27] end cpu_experts_worker_bmm_or_einsum_2 cost 23.499 ms
DEBUG 04-24 11:19:47.594000.594000 mlpmodule.py:3373] [fused_group_bmm][steps] bmm1=12.965 ms split=0.245 ms act_mul=0.458 ms bmm2=4.456 ms
DEBUG 04-24 11:19:47.594537.594537 cuda_h.py:27] end fused_group_bmm cost 18.588 ms
DEBUG 04-24 11:19:47.595307.595307 cuda_h.py:27] end gather_outputs_group_fused_mp cost 0.450 ms
DEBUG 04-24 11:19:47.595039.595039 cuda_h.py:27] end cpu_experts_worker_bmm_or_einsum_3 cost 25.008 ms
DEBUG 04-24 11:19:47.598433.598433 cuda_h.py:27] end prepare_per_device_parameters cost 18.934 ms
DEBUG 04-24 11:19:47.600903.600903 cuda_h.py:27] end wait_experts_multi_device cost 2.026 ms
DEBUG 04-24 11:19:47.600304.600304 cuda_h.py:27] end *before fused experts* cost 29.401 ms
DEBUG 04-24 11:19:47.605893.605893 cuda_h.py:27] end gpu_experts_multi_device_fused cost 5.098 ms
DEBUG 04-24 11:19:47.605286.605286 cuda_h.py:27] end *gpu experts* cost 34.621 ms
DEBUG 04-24 11:19:47.607419.607419 cuda_h.py:27] end cpu_experts_scatter_reduce cost 0.591 ms
DEBUG 04-24 11:19:47.607077.607077 cuda_h.py:27] end cpu_thread_manager_mp_wait_fused cost 1.811 ms
DEBUG 04-24 11:19:47.607311.607311 cuda_h.py:27] end layer_moe_generate_mp_multi_device_fused_l_4 cost 40.251 ms
DEBUG 04-24 11:19:47.608673.608673 cuda_h.py:27] end *mlp cost 40.975 ms
DEBUG 04-24 11:19:47.608191.608191 cuda_h.py:27] end prefill_layer cost 45.573 ms
DEBUG 04-24 11:19:47.608848.608848 lmp.py:341] -------------------------------- end prefill layer 3 --------------------------------
DEBUG 04-24 11:19:47.608451.608451 lmp.py:294] -------------------------------- start prefill layer 4 --------------------------------
DEBUG 04-24 11:19:47.608766.608766 cuda_h.py:27] end start_load_qkvogn_s_weight_l_5 cost 0.056 ms
DEBUG 04-24 11:19:47.608461.608461 cuda_h.py:27] end allocate_cuda_memory cost 0.379 ms
DEBUG 04-24 11:19:47.609901.609901 sllm_store_c.py:27] get device uuid map
DEBUG 04-24 11:19:47.609748.609748 sllm_store_c.py:29] call client load into gpu
DEBUG 04-24 11:19:47.611455.611455 cuda_h.py:27] end **self_attn cost 1.662 ms
DEBUG 04-24 11:19:47.611523.611523 cuda_h.py:27] end *iln_self_attn_paln cost 3.116 ms
DEBUG 04-24 11:19:47.611358.611358 cuda_h.py:27] end load_into_gpu_async cost 2.580 ms
DEBUG 04-24 11:19:47.612090.612090 cuda_h.py:27] end restore_tensors2 cost 0.157 ms
DEBUG 04-24 11:19:47.612948.612948 cuda_h.py:27] end allocate_cuda_memory_and_load_into_gpu cost 3.956 ms
DEBUG 04-24 11:19:47.612244.612244 cuda_h.py:27] end gate cost 1.055 ms
DEBUG 04-24 11:19:47.613272.613272 cuda_h.py:27] end experts_map_get cost 0.319 ms
DEBUG 04-24 11:19:47.613964.613964 cuda_h.py:27] end *before experts start* cost 1.604 ms
DEBUG 04-24 11:19:47.613509.613509 cuda_h.py:27] end cpu_experts_submit_fused_mp cost 0.231 ms
DEBUG 04-24 11:19:47.615649.615649 cuda_h.py:27] end *single cpu experts* cost 1.628 ms
DEBUG 04-24 11:19:47.616405.616405 sllm_store_c.py:27] get device uuid map
DEBUG 04-24 11:19:47.616951.616951 sllm_store_c.py:29] call client load into gpu
DEBUG 04-24 11:19:47.617416.617416 cuda_h.py:27] end prepare_group_stack cost 0.519 ms
DEBUG 04-24 11:19:47.617992.617992 cuda_h.py:27] end prepare_group_stack cost 0.562 ms
DEBUG 04-24 11:19:47.617017.617017 cuda_h.py:27] end prepare_group_stack cost 0.648 ms
DEBUG 04-24 11:19:47.617732.617732 cuda_h.py:27] end prepare_group_stack cost 0.599 ms
DEBUG 04-24 11:19:47.618221.618221 cuda_h.py:27] end group stack cost 1.119 ms
DEBUG 04-24 11:19:47.618092.618092 cuda_h.py:27] end move_flatidxs_group_fused_mp cost 2.218 ms
DEBUG 04-24 11:19:47.618651.618651 cuda_h.py:27] end get_fused_experts_names_w cost 0.020 ms
DEBUG 04-24 11:19:47.618130.618130 cuda_h.py:27] end group stack cost 1.385 ms
DEBUG 04-24 11:19:47.619649.619649 cuda_h.py:27] end move_flatidxs_group_fused_mp cost 2.586 ms
DEBUG 04-24 11:19:47.619881.619881 cuda_h.py:27] end group stack cost 1.619 ms
DEBUG 04-24 11:19:47.619142.619142 cuda_h.py:27] end get_fused_experts_names_w cost 0.025 ms
DEBUG 04-24 11:19:47.619481.619481 cuda_h.py:27] end move_flatidxs_group_fused_mp cost 2.668 ms
DEBUG 04-24 11:19:47.619089.619089 cuda_h.py:27] end group stack cost 1.671 ms
DEBUG 04-24 11:19:47.619476.619476 cuda_h.py:27] end restore_fused_tensors cost 0.469 ms
DEBUG 04-24 11:19:47.619427.619427 cuda_h.py:27] end get_fused_experts_names_w cost 0.020 ms
DEBUG 04-24 11:19:47.619878.619878 cuda_h.py:27] end group_fused_tensors_mp cost 0.682 ms
DEBUG 04-24 11:19:47.619231.619231 cuda_h.py:27] end move_flatidxs_group_fused_mp cost 2.848 ms
DEBUG 04-24 11:19:47.619273.619273 cuda_h.py:27] end get_fused_experts_names_w cost 0.040 ms
DEBUG 04-24 11:19:47.620330.620330 cuda_h.py:27] end restore_fused_tensors cost 0.699 ms
DEBUG 04-24 11:19:47.620104.620104 cuda_h.py:27] end restore_fused_tensors cost 0.766 ms
DEBUG 04-24 11:19:47.620517.620517 cuda_h.py:27] end group_fused_tensors_mp cost 1.148 ms
DEBUG 04-24 11:19:47.620121.620121 cuda_h.py:27] end group_fused_tensors_mp cost 0.956 ms
DEBUG 04-24 11:19:47.621151.621151 cuda_h.py:27] end restore_fused_tensors cost 1.230 ms
DEBUG 04-24 11:19:47.621327.621327 cuda_h.py:27] end group_fused_tensors_mp cost 1.668 ms
DEBUG 04-24 11:19:47.627632.627632 cuda_h.py:27] end load_into_gpu_async_fused_experts_dual cost 10.676 ms
DEBUG 04-24 11:19:47.628492.628492 cuda_h.py:27] end restore_tensors2_fused_experts_packed cost 0.177 ms
DEBUG 04-24 11:19:47.628243.628243 cuda_h.py:27] end restore2model cost 4.283 ms
DEBUG 04-24 11:19:47.629299.629299 cuda_h.py:27] end restore_tensors2_fused_experts_slices cost 0.348 ms
DEBUG 04-24 11:19:47.629579.629579 cuda_h.py:27] end sllm_worker_task cost 20.814 ms
DEBUG 04-24 11:19:47.629639.629639 cuda_h.py:27] end allocate_experts_cuda_memory_and_restore_model_multi_device_fused cost 14.435 ms
DEBUG 04-24 11:19:47.629583.629583 cuda_h.py:27] end gpu_sexperts cost 0.014 ms
DEBUG 04-24 11:19:47.630014.630014 cuda_h.py:27] end wait_load_qkvogn_s_weight cost 0.041 ms
DEBUG 04-24 11:19:47.633340.633340 mlpmodule.py:3373] [fused_group_bmm][steps] bmm1=8.773 ms split=0.140 ms act_mul=0.371 ms bmm2=5.108 ms
DEBUG 04-24 11:19:47.634995.634995 cuda_h.py:27] end fused_group_bmm cost 14.852 ms
DEBUG 04-24 11:19:47.634728.634728 mlpmodule.py:3373] [fused_group_bmm][steps] bmm1=8.276 ms split=0.119 ms act_mul=0.482 ms bmm2=3.931 ms
DEBUG 04-24 11:19:47.634027.634027 cuda_h.py:27] end fused_group_bmm cost 13.317 ms
DEBUG 04-24 11:19:47.635018.635018 cuda_h.py:27] end gather_outputs_group_fused_mp cost 0.632 ms
DEBUG 04-24 11:19:47.635144.635144 mlpmodule.py:3373] [fused_group_bmm][steps] bmm1=8.449 ms split=0.108 ms act_mul=0.492 ms bmm2=5.520 ms
DEBUG 04-24 11:19:47.635205.635205 mlpmodule.py:3373] [fused_group_bmm][steps] bmm1=8.895 ms split=0.128 ms act_mul=0.395 ms bmm2=5.176 ms
DEBUG 04-24 11:19:47.635841.635841 cuda_h.py:27] end fused_group_bmm cost 14.875 ms
DEBUG 04-24 11:19:47.635114.635114 cuda_h.py:27] end fused_group_bmm cost 14.880 ms
DEBUG 04-24 11:19:47.635339.635339 cuda_h.py:27] end cpu_experts_worker_bmm_or_einsum_2 cost 19.868 ms
DEBUG 04-24 11:19:47.635869.635869 cuda_h.py:27] end gather_outputs_group_fused_mp cost 0.464 ms
DEBUG 04-24 11:19:47.635583.635583 cuda_h.py:27] end gather_outputs_group_fused_mp cost 0.522 ms
DEBUG 04-24 11:19:47.636729.636729 cuda_h.py:27] end gather_outputs_group_fused_mp cost 0.578 ms
DEBUG 04-24 11:19:47.636631.636631 cuda_h.py:27] end cpu_experts_worker_bmm_or_einsum_0 cost 20.641 ms
DEBUG 04-24 11:19:47.636553.636553 cuda_h.py:27] end cpu_experts_worker_bmm_or_einsum_3 cost 20.721 ms
DEBUG 04-24 11:19:47.636031.636031 cuda_h.py:27] end cpu_experts_worker_bmm_or_einsum_1 cost 20.848 ms
DEBUG 04-24 11:19:47.646936.646936 cuda_h.py:27] end prepare_per_device_parameters cost 15.814 ms
DEBUG 04-24 11:19:47.648833.648833 cuda_h.py:27] end wait_experts_multi_device cost 2.316 ms
DEBUG 04-24 11:19:47.648935.648935 cuda_h.py:27] end *before fused experts* cost 33.388 ms
DEBUG 04-24 11:19:47.653751.653751 cuda_h.py:27] end gpu_experts_multi_device_fused cost 4.566 ms
DEBUG 04-24 11:19:47.653423.653423 cuda_h.py:27] end *gpu experts* cost 38.067 ms
DEBUG 04-24 11:19:47.654955.654955 cuda_h.py:27] end cpu_experts_scatter_reduce cost 0.532 ms
DEBUG 04-24 11:19:47.654228.654228 cuda_h.py:27] end cpu_thread_manager_mp_wait_fused cost 1.686 ms
DEBUG 04-24 11:19:47.655032.655032 cuda_h.py:27] end layer_moe_generate_mp_multi_device_fused_l_5 cost 43.193 ms
DEBUG 04-24 11:19:47.655665.655665 cuda_h.py:27] end *mlp cost 43.903 ms
DEBUG 04-24 11:19:47.655323.655323 cuda_h.py:27] end prefill_layer cost 47.586 ms
DEBUG 04-24 11:19:47.655456.655456 lmp.py:341] -------------------------------- end prefill layer 4 --------------------------------
DEBUG 04-24 11:19:47.656389.656389 lmp.py:294] -------------------------------- start prefill layer 5 --------------------------------
DEBUG 04-24 11:19:47.656856.656856 cuda_h.py:27] end start_load_qkvogn_s_weight_l_6 cost 0.054 ms
DEBUG 04-24 11:19:47.656224.656224 cuda_h.py:27] end allocate_cuda_memory cost 0.309 ms
DEBUG 04-24 11:19:47.656573.656573 sllm_store_c.py:27] get device uuid map
DEBUG 04-24 11:19:47.656058.656058 sllm_store_c.py:29] call client load into gpu
DEBUG 04-24 11:19:47.658946.658946 cuda_h.py:27] end load_into_gpu_async cost 2.026 ms
DEBUG 04-24 11:19:47.659840.659840 cuda_h.py:27] end restore_tensors2 cost 0.114 ms
DEBUG 04-24 11:19:47.659391.659391 cuda_h.py:27] end allocate_cuda_memory_and_load_into_gpu cost 3.008 ms
DEBUG 04-24 11:19:47.659906.659906 cuda_h.py:27] end **self_attn cost 2.356 ms
DEBUG 04-24 11:19:47.660704.660704 cuda_h.py:27] end *iln_self_attn_paln cost 4.023 ms
DEBUG 04-24 11:19:47.661428.661428 cuda_h.py:27] end gate cost 0.850 ms
DEBUG 04-24 11:19:47.661726.661726 cuda_h.py:27] end experts_map_get cost 0.309 ms
DEBUG 04-24 11:19:47.661509.661509 cuda_h.py:27] end *before experts start* cost 1.312 ms
DEBUG 04-24 11:19:47.661458.661458 cuda_h.py:27] end cpu_experts_submit_fused_mp cost 0.217 ms
DEBUG 04-24 11:19:47.663521.663521 cuda_h.py:27] end *single cpu experts* cost 1.893 ms
DEBUG 04-24 11:19:47.664481.664481 cuda_h.py:27] end prepare_group_stack cost 0.524 ms
DEBUG 04-24 11:19:47.664941.664941 cuda_h.py:27] end prepare_group_stack cost 0.555 ms
DEBUG 04-24 11:19:47.665578.665578 sllm_store_c.py:27] get device uuid map
DEBUG 04-24 11:19:47.665097.665097 sllm_store_c.py:29] call client load into gpu
DEBUG 04-24 11:19:47.665937.665937 cuda_h.py:27] end prepare_group_stack cost 0.443 ms
DEBUG 04-24 11:19:47.665044.665044 cuda_h.py:27] end prepare_group_stack cost 0.426 ms
DEBUG 04-24 11:19:47.665455.665455 cuda_h.py:27] end group stack cost 0.802 ms
DEBUG 04-24 11:19:47.665793.665793 cuda_h.py:27] end group stack cost 0.901 ms
DEBUG 04-24 11:19:47.666957.666957 cuda_h.py:27] end move_flatidxs_group_fused_mp cost 1.699 ms
DEBUG 04-24 11:19:47.666811.666811 cuda_h.py:27] end move_flatidxs_group_fused_mp cost 1.645 ms
DEBUG 04-24 11:19:47.666774.666774 cuda_h.py:27] end get_fused_experts_names_w cost 0.023 ms
DEBUG 04-24 11:19:47.666742.666742 cuda_h.py:27] end get_fused_experts_names_w cost 0.033 ms
DEBUG 04-24 11:19:47.666127.666127 cuda_h.py:27] end group stack cost 1.039 ms
DEBUG 04-24 11:19:47.666038.666038 cuda_h.py:27] end move_flatidxs_group_fused_mp cost 1.691 ms
DEBUG 04-24 11:19:47.666862.666862 cuda_h.py:27] end restore_fused_tensors cost 0.655 ms
DEBUG 04-24 11:19:47.666597.666597 cuda_h.py:27] end get_fused_experts_names_w cost 0.041 ms
DEBUG 04-24 11:19:47.667826.667826 cuda_h.py:27] end restore_fused_tensors cost 0.757 ms
DEBUG 04-24 11:19:47.667813.667813 cuda_h.py:27] end group stack cost 1.277 ms
DEBUG 04-24 11:19:47.667751.667751 cuda_h.py:27] end group_fused_tensors_mp cost 1.133 ms
DEBUG 04-24 11:19:47.667600.667600 cuda_h.py:27] end group_fused_tensors_mp cost 1.128 ms
DEBUG 04-24 11:19:47.667681.667681 cuda_h.py:27] end move_flatidxs_group_fused_mp cost 2.076 ms
DEBUG 04-24 11:19:47.667048.667048 cuda_h.py:27] end get_fused_experts_names_w cost 0.028 ms
DEBUG 04-24 11:19:47.667774.667774 cuda_h.py:27] end load_into_gpu_async_fused_experts_dual cost 2.708 ms
DEBUG 04-24 11:19:47.667743.667743 cuda_h.py:27] end restore_fused_tensors cost 0.715 ms
DEBUG 04-24 11:19:47.668500.668500 cuda_h.py:27] end group_fused_tensors_mp cost 1.096 ms
DEBUG 04-24 11:19:47.668468.668468 cuda_h.py:27] end restore_tensors2_fused_experts_packed cost 0.068 ms
DEBUG 04-24 11:19:47.668863.668863 cuda_h.py:27] end restore_tensors2_fused_experts_slices cost 0.281 ms
DEBUG 04-24 11:19:47.668099.668099 cuda_h.py:27] end allocate_experts_cuda_memory_and_restore_model_multi_device_fused cost 4.833 ms
DEBUG 04-24 11:19:47.668630.668630 cuda_h.py:27] end gpu_sexperts cost 0.007 ms
DEBUG 04-24 11:19:47.668330.668330 cuda_h.py:27] end restore_fused_tensors cost 0.826 ms
DEBUG 04-24 11:19:47.668367.668367 cuda_h.py:27] end group_fused_tensors_mp cost 1.039 ms
DEBUG 04-24 11:19:47.670423.670423 cuda_h.py:27] end restore2model cost 3.499 ms
DEBUG 04-24 11:19:47.670322.670322 cuda_h.py:27] end sllm_worker_task cost 14.369 ms
DEBUG 04-24 11:19:47.671668.671668 cuda_h.py:27] end wait_load_qkvogn_s_weight cost 2.435 ms
DEBUG 04-24 11:19:47.681175.681175 mlpmodule.py:3373] [fused_group_bmm][steps] bmm1=7.966 ms split=0.437 ms act_mul=0.804 ms bmm2=4.326 ms
DEBUG 04-24 11:19:47.681382.681382 cuda_h.py:27] end fused_group_bmm cost 14.088 ms
DEBUG 04-24 11:19:47.682618.682618 cuda_h.py:27] end gather_outputs_group_fused_mp cost 0.834 ms
DEBUG 04-24 11:19:47.683892.683892 cuda_h.py:27] end cpu_experts_worker_bmm_or_einsum_0 cost 20.015 ms
DEBUG 04-24 11:19:47.683537.683537 mlpmodule.py:3373] [fused_group_bmm][steps] bmm1=9.259 ms split=0.183 ms act_mul=0.427 ms bmm2=5.099 ms
DEBUG 04-24 11:19:47.683692.683692 cuda_h.py:27] end fused_group_bmm cost 15.259 ms
DEBUG 04-24 11:19:47.684701.684701 cuda_h.py:27] end gather_outputs_group_fused_mp cost 0.570 ms
DEBUG 04-24 11:19:47.684546.684546 cuda_h.py:27] end cpu_experts_worker_bmm_or_einsum_1 cost 20.599 ms
DEBUG 04-24 11:19:47.685638.685638 mlpmodule.py:3373] [fused_group_bmm][steps] bmm1=10.868 ms split=0.243 ms act_mul=0.596 ms bmm2=5.911 ms
DEBUG 04-24 11:19:47.685986.685986 cuda_h.py:27] end fused_group_bmm cost 17.941 ms
DEBUG 04-24 11:19:47.685785.685785 cuda_h.py:27] end gather_outputs_group_fused_mp cost 0.459 ms
DEBUG 04-24 11:19:47.686874.686874 cuda_h.py:27] end cpu_experts_worker_bmm_or_einsum_2 cost 23.118 ms
DEBUG 04-24 11:19:47.686114.686114 mlpmodule.py:3373] [fused_group_bmm][steps] bmm1=12.619 ms split=0.233 ms act_mul=0.448 ms bmm2=4.270 ms
DEBUG 04-24 11:19:47.686599.686599 cuda_h.py:27] end fused_group_bmm cost 17.854 ms
DEBUG 04-24 11:19:47.687100.687100 cuda_h.py:27] end gather_outputs_group_fused_mp cost 0.456 ms
DEBUG 04-24 11:19:47.687461.687461 cuda_h.py:27] end cpu_experts_worker_bmm_or_einsum_3 cost 23.534 ms
DEBUG 04-24 11:19:47.689826.689826 cuda_h.py:27] end prepare_per_device_parameters cost 17.785 ms
DEBUG 04-24 11:19:47.690705.690705 cuda_h.py:27] end wait_experts_multi_device cost 1.379 ms
DEBUG 04-24 11:19:47.690992.690992 cuda_h.py:27] end *before fused experts* cost 27.166 ms
DEBUG 04-24 11:19:47.696286.696286 cuda_h.py:27] end gpu_experts_multi_device_fused cost 5.194 ms
DEBUG 04-24 11:19:47.696469.696469 cuda_h.py:27] end *gpu experts* cost 32.503 ms
DEBUG 04-24 11:19:47.697688.697688 cuda_h.py:27] end cpu_experts_scatter_reduce cost 0.720 ms
DEBUG 04-24 11:19:47.698996.698996 cuda_h.py:27] end cpu_thread_manager_mp_wait_fused cost 1.855 ms
DEBUG 04-24 11:19:47.698766.698766 cuda_h.py:27] end layer_moe_generate_mp_multi_device_fused_l_6 cost 37.878 ms
DEBUG 04-24 11:19:47.698204.698204 cuda_h.py:27] end *mlp cost 38.697 ms
DEBUG 04-24 11:19:47.699075.699075 cuda_h.py:27] end prefill_layer cost 43.026 ms
DEBUG 04-24 11:19:47.699446.699446 lmp.py:341] -------------------------------- end prefill layer 5 --------------------------------
DEBUG 04-24 11:19:47.699050.699050 lmp.py:294] -------------------------------- start prefill layer 6 --------------------------------
DEBUG 04-24 11:19:47.699457.699457 cuda_h.py:27] end start_load_qkvogn_s_weight_l_7 cost 0.056 ms
DEBUG 04-24 11:19:47.699963.699963 cuda_h.py:27] end allocate_cuda_memory cost 0.454 ms
DEBUG 04-24 11:19:47.700808.700808 sllm_store_c.py:27] get device uuid map
DEBUG 04-24 11:19:47.700934.700934 sllm_store_c.py:29] call client load into gpu
DEBUG 04-24 11:19:47.702228.702228 cuda_h.py:27] end load_into_gpu_async cost 1.840 ms
DEBUG 04-24 11:19:47.702622.702622 cuda_h.py:27] end restore_tensors2 cost 0.140 ms
DEBUG 04-24 11:19:47.702065.702065 cuda_h.py:27] end allocate_cuda_memory_and_load_into_gpu cost 3.195 ms
DEBUG 04-24 11:19:47.702487.702487 cuda_h.py:27] end **self_attn cost 1.774 ms
DEBUG 04-24 11:19:47.703884.703884 cuda_h.py:27] end *iln_self_attn_paln cost 3.922 ms
DEBUG 04-24 11:19:47.703688.703688 cuda_h.py:27] end gate cost 0.584 ms
DEBUG 04-24 11:19:47.704006.704006 cuda_h.py:27] end experts_map_get cost 0.319 ms
DEBUG 04-24 11:19:47.704889.704889 cuda_h.py:27] end *before experts start* cost 1.059 ms
DEBUG 04-24 11:19:47.704864.704864 cuda_h.py:27] end cpu_experts_submit_fused_mp cost 0.229 ms
DEBUG 04-24 11:19:47.705422.705422 cuda_h.py:27] end *single cpu experts* cost 1.442 ms
DEBUG 04-24 11:19:47.706583.706583 cuda_h.py:27] end prepare_group_stack cost 0.416 ms
DEBUG 04-24 11:19:47.707063.707063 cuda_h.py:27] end group stack cost 0.628 ms
DEBUG 04-24 11:19:47.707020.707020 cuda_h.py:27] end move_flatidxs_group_fused_mp cost 1.246 ms
DEBUG 04-24 11:19:47.707048.707048 cuda_h.py:27] end get_fused_experts_names_w cost 0.020 ms
DEBUG 04-24 11:19:47.708106.708106 cuda_h.py:27] end prepare_group_stack cost 0.389 ms
DEBUG 04-24 11:19:47.708152.708152 cuda_h.py:27] end prepare_group_stack cost 0.518 ms
DEBUG 04-24 11:19:47.708417.708417 sllm_store_c.py:27] get device uuid map
DEBUG 04-24 11:19:47.708116.708116 sllm_store_c.py:29] call client load into gpu
DEBUG 04-24 11:19:47.708201.708201 cuda_h.py:27] end restore_fused_tensors cost 0.569 ms
DEBUG 04-24 11:19:47.708007.708007 cuda_h.py:27] end prepare_group_stack cost 0.637 ms
DEBUG 04-24 11:19:47.708944.708944 cuda_h.py:27] end group_fused_tensors_mp cost 0.685 ms
DEBUG 04-24 11:19:47.709323.709323 cuda_h.py:27] end group stack cost 1.057 ms
DEBUG 04-24 11:19:47.709399.709399 cuda_h.py:27] end move_flatidxs_group_fused_mp cost 1.638 ms
DEBUG 04-24 11:19:47.709010.709010 cuda_h.py:27] end get_fused_experts_names_w cost 0.022 ms
DEBUG 04-24 11:19:47.709262.709262 cuda_h.py:27] end group stack cost 1.038 ms
DEBUG 04-24 11:19:47.709055.709055 cuda_h.py:27] end move_flatidxs_group_fused_mp cost 2.008 ms
DEBUG 04-24 11:19:47.709812.709812 cuda_h.py:27] end get_fused_experts_names_w cost 0.020 ms
DEBUG 04-24 11:19:47.710852.710852 cuda_h.py:27] end restore_fused_tensors cost 0.497 ms
DEBUG 04-24 11:19:47.710781.710781 cuda_h.py:27] end group_fused_tensors_mp cost 0.875 ms
DEBUG 04-24 11:19:47.710714.710714 cuda_h.py:27] end group stack cost 1.647 ms
DEBUG 04-24 11:19:47.710893.710893 cuda_h.py:27] end restore_fused_tensors cost 0.612 ms
DEBUG 04-24 11:19:47.710688.710688 cuda_h.py:27] end move_flatidxs_group_fused_mp cost 2.790 ms
DEBUG 04-24 11:19:47.710826.710826 cuda_h.py:27] end load_into_gpu_async_fused_experts_dual cost 2.516 ms
DEBUG 04-24 11:19:47.710233.710233 cuda_h.py:27] end group_fused_tensors_mp cost 0.930 ms
DEBUG 04-24 11:19:47.710328.710328 cuda_h.py:27] end get_fused_experts_names_w cost 0.034 ms
DEBUG 04-24 11:19:47.711472.711472 cuda_h.py:27] end restore_tensors2_fused_experts_packed cost 0.071 ms
DEBUG 04-24 11:19:47.711047.711047 cuda_h.py:27] end restore_tensors2_fused_experts_slices cost 0.545 ms
DEBUG 04-24 11:19:47.712119.712119 cuda_h.py:27] end restore_fused_tensors cost 1.038 ms
DEBUG 04-24 11:19:47.712854.712854 cuda_h.py:27] end allocate_experts_cuda_memory_and_restore_model_multi_device_fused cost 6.698 ms
DEBUG 04-24 11:19:47.712465.712465 cuda_h.py:27] end group_fused_tensors_mp cost 1.581 ms
DEBUG 04-24 11:19:47.712516.712516 cuda_h.py:27] end gpu_sexperts cost 0.019 ms
DEBUG 04-24 11:19:47.713836.713836 cuda_h.py:27] end restore2model cost 3.639 ms
DEBUG 04-24 11:19:47.713152.713152 cuda_h.py:27] end sllm_worker_task cost 14.492 ms
DEBUG 04-24 11:19:47.714753.714753 cuda_h.py:27] end wait_load_qkvogn_s_weight cost 1.216 ms
DEBUG 04-24 11:19:47.720097.720097 mlpmodule.py:3373] [fused_group_bmm][steps] bmm1=6.840 ms split=0.175 ms act_mul=0.550 ms bmm2=3.637 ms
DEBUG 04-24 11:19:47.720941.720941 cuda_h.py:27] end fused_group_bmm cost 11.511 ms
DEBUG 04-24 11:19:47.721473.721473 cuda_h.py:27] end gather_outputs_group_fused_mp cost 0.615 ms
DEBUG 04-24 11:19:47.721039.721039 cuda_h.py:27] end cpu_experts_worker_bmm_or_einsum_0 cost 16.424 ms
DEBUG 04-24 11:19:47.724910.724910 mlpmodule.py:3373] [fused_group_bmm][steps] bmm1=8.817 ms split=0.136 ms act_mul=0.399 ms bmm2=4.172 ms
DEBUG 04-24 11:19:47.724998.724998 cuda_h.py:27] end fused_group_bmm cost 13.800 ms
DEBUG 04-24 11:19:47.725181.725181 cuda_h.py:27] end gather_outputs_group_fused_mp cost 0.530 ms
DEBUG 04-24 11:19:47.726344.726344 cuda_h.py:27] end cpu_experts_worker_bmm_or_einsum_1 cost 19.602 ms
DEBUG 04-24 11:19:47.727241.727241 mlpmodule.py:3373] [fused_group_bmm][steps] bmm1=11.170 ms split=0.176 ms act_mul=0.492 ms bmm2=5.128 ms
DEBUG 04-24 11:19:47.727609.727609 cuda_h.py:27] end fused_group_bmm cost 17.252 ms
DEBUG 04-24 11:19:47.728996.728996 cuda_h.py:27] end gather_outputs_group_fused_mp cost 0.456 ms
DEBUG 04-24 11:19:47.728490.728490 cuda_h.py:27] end cpu_experts_worker_bmm_or_einsum_3 cost 22.404 ms
DEBUG 04-24 11:19:47.730208.730208 mlpmodule.py:3373] [fused_group_bmm][steps] bmm1=12.395 ms split=0.096 ms act_mul=0.337 ms bmm2=4.754 ms
DEBUG 04-24 11:19:47.730612.730612 cuda_h.py:27] end fused_group_bmm cost 17.808 ms
DEBUG 04-24 11:19:47.730103.730103 cuda_h.py:27] end gather_outputs_group_fused_mp cost 0.390 ms
DEBUG 04-24 11:19:47.731489.731489 cuda_h.py:27] end cpu_experts_worker_bmm_or_einsum_2 cost 24.812 ms
DEBUG 04-24 11:19:47.731846.731846 cuda_h.py:27] end prepare_per_device_parameters cost 16.694 ms
DEBUG 04-24 11:19:47.734589.734589 cuda_h.py:27] end wait_experts_multi_device cost 2.863 ms
DEBUG 04-24 11:19:47.734883.734883 cuda_h.py:27] end *before fused experts* cost 28.752 ms
DEBUG 04-24 11:19:47.740793.740793 cuda_h.py:27] end gpu_experts_multi_device_fused cost 5.582 ms
DEBUG 04-24 11:19:47.740101.740101 cuda_h.py:27] end *gpu experts* cost 34.460 ms
DEBUG 04-24 11:19:47.741470.741470 cuda_h.py:27] end cpu_experts_scatter_reduce cost 0.525 ms
DEBUG 04-24 11:19:47.741890.741890 cuda_h.py:27] end cpu_thread_manager_mp_wait_fused cost 1.565 ms
DEBUG 04-24 11:19:47.741693.741693 cuda_h.py:27] end layer_moe_generate_mp_multi_device_fused_l_7 cost 38.730 ms
DEBUG 04-24 11:19:47.742482.742482 cuda_h.py:27] end *mlp cost 39.346 ms
DEBUG 04-24 11:19:47.742021.742021 cuda_h.py:27] end prefill_layer cost 43.447 ms
DEBUG 04-24 11:19:47.742393.742393 lmp.py:341] -------------------------------- end prefill layer 6 --------------------------------
DEBUG 04-24 11:19:47.742804.742804 lmp.py:294] -------------------------------- start prefill layer 7 --------------------------------
DEBUG 04-24 11:19:47.742443.742443 cuda_h.py:27] end start_load_qkvogn_s_weight_l_8 cost 0.051 ms
DEBUG 04-24 11:19:47.743046.743046 cuda_h.py:27] end allocate_cuda_memory cost 0.376 ms
DEBUG 04-24 11:19:47.743586.743586 sllm_store_c.py:27] get device uuid map
DEBUG 04-24 11:19:47.743267.743267 sllm_store_c.py:29] call client load into gpu
DEBUG 04-24 11:19:47.745375.745375 cuda_h.py:27] end **self_attn cost 1.266 ms
DEBUG 04-24 11:19:47.745569.745569 cuda_h.py:27] end *iln_self_attn_paln cost 3.031 ms
DEBUG 04-24 11:19:47.745299.745299 cuda_h.py:27] end load_into_gpu_async cost 2.314 ms
DEBUG 04-24 11:19:47.746880.746880 cuda_h.py:27] end restore_tensors2 cost 0.105 ms
DEBUG 04-24 11:19:47.746339.746339 cuda_h.py:27] end allocate_cuda_memory_and_load_into_gpu cost 3.480 ms
DEBUG 04-24 11:19:47.746140.746140 cuda_h.py:27] end gate cost 0.899 ms
DEBUG 04-24 11:19:47.747637.747637 cuda_h.py:27] end experts_map_get cost 0.292 ms
DEBUG 04-24 11:19:47.747235.747235 cuda_h.py:27] end *before experts start* cost 1.373 ms
DEBUG 04-24 11:19:47.747389.747389 cuda_h.py:27] end cpu_experts_submit_fused_mp cost 0.226 ms
DEBUG 04-24 11:19:47.748764.748764 cuda_h.py:27] end *single cpu experts* cost 1.340 ms
DEBUG 04-24 11:19:47.749450.749450 cuda_h.py:27] end prepare_group_stack cost 0.488 ms
DEBUG 04-24 11:19:47.750933.750933 cuda_h.py:27] end group stack cost 0.898 ms
DEBUG 04-24 11:19:47.750466.750466 cuda_h.py:27] end prepare_group_stack cost 0.422 ms
DEBUG 04-24 11:19:47.750361.750361 cuda_h.py:27] end move_flatidxs_group_fused_mp cost 1.597 ms
DEBUG 04-24 11:19:47.751802.751802 cuda_h.py:27] end prepare_group_stack cost 0.521 ms
DEBUG 04-24 11:19:47.751873.751873 sllm_store_c.py:27] get device uuid map
DEBUG 04-24 11:19:47.751425.751425 cuda_h.py:27] end get_fused_experts_names_w cost 0.021 ms
DEBUG 04-24 11:19:47.751723.751723 cuda_h.py:27] end prepare_group_stack cost 0.633 ms
DEBUG 04-24 11:19:47.751333.751333 sllm_store_c.py:29] call client load into gpu
DEBUG 04-24 11:19:47.752808.752808 cuda_h.py:27] end restore_fused_tensors cost 0.610 ms
DEBUG 04-24 11:19:47.752672.752672 cuda_h.py:27] end group_fused_tensors_mp cost 0.873 ms
DEBUG 04-24 11:19:47.752018.752018 cuda_h.py:27] end group stack cost 0.922 ms
DEBUG 04-24 11:19:47.752595.752595 cuda_h.py:27] end group stack cost 0.933 ms
DEBUG 04-24 11:19:47.752080.752080 cuda_h.py:27] end move_flatidxs_group_fused_mp cost 1.981 ms
DEBUG 04-24 11:19:47.752902.752902 cuda_h.py:27] end move_flatidxs_group_fused_mp cost 1.944 ms
DEBUG 04-24 11:19:47.752694.752694 cuda_h.py:27] end get_fused_experts_names_w cost 0.023 ms
DEBUG 04-24 11:19:47.752708.752708 cuda_h.py:27] end get_fused_experts_names_w cost 0.021 ms
DEBUG 04-24 11:19:47.753892.753892 cuda_h.py:27] end restore_fused_tensors cost 0.655 ms
DEBUG 04-24 11:19:47.753994.753994 cuda_h.py:27] end group_fused_tensors_mp cost 0.868 ms
DEBUG 04-24 11:19:47.753876.753876 cuda_h.py:27] end restore_fused_tensors cost 0.759 ms
DEBUG 04-24 11:19:47.753585.753585 cuda_h.py:27] end group stack cost 2.012 ms
DEBUG 04-24 11:19:47.753659.753659 cuda_h.py:27] end group_fused_tensors_mp cost 1.160 ms
DEBUG 04-24 11:19:47.753318.753318 cuda_h.py:27] end move_flatidxs_group_fused_mp cost 3.207 ms
DEBUG 04-24 11:19:47.753357.753357 cuda_h.py:27] end get_fused_experts_names_w cost 0.040 ms
DEBUG 04-24 11:19:47.755774.755774 cuda_h.py:27] end restore_fused_tensors cost 1.082 ms
DEBUG 04-24 11:19:47.755560.755560 cuda_h.py:27] end group_fused_tensors_mp cost 1.357 ms
DEBUG 04-24 11:19:47.757773.757773 cuda_h.py:27] end load_into_gpu_async_fused_experts_dual cost 6.405 ms
DEBUG 04-24 11:19:47.758978.758978 cuda_h.py:27] end restore2model cost 3.449 ms
DEBUG 04-24 11:19:47.758518.758518 cuda_h.py:27] end restore_tensors2_fused_experts_packed cost 0.298 ms
DEBUG 04-24 11:19:47.759120.759120 cuda_h.py:27] end sllm_worker_task cost 16.318 ms
DEBUG 04-24 11:19:47.759879.759879 cuda_h.py:27] end restore_tensors2_fused_experts_slices cost 0.406 ms
DEBUG 04-24 11:19:47.760570.760570 cuda_h.py:27] end allocate_experts_cuda_memory_and_restore_model_multi_device_fused cost 11.723 ms
DEBUG 04-24 11:19:47.760925.760925 cuda_h.py:27] end gpu_sexperts cost 0.017 ms
DEBUG 04-24 11:19:47.760139.760139 cuda_h.py:27] end wait_load_qkvogn_s_weight cost 0.035 ms
DEBUG 04-24 11:19:47.765166.765166 mlpmodule.py:3373] [fused_group_bmm][steps] bmm1=7.812 ms split=0.120 ms act_mul=0.429 ms bmm2=3.572 ms
DEBUG 04-24 11:19:47.766513.766513 cuda_h.py:27] end fused_group_bmm cost 12.489 ms
DEBUG 04-24 11:19:47.767964.767964 cuda_h.py:27] end gather_outputs_group_fused_mp cost 0.774 ms
DEBUG 04-24 11:19:47.767077.767077 cuda_h.py:27] end cpu_experts_worker_bmm_or_einsum_0 cost 18.464 ms
DEBUG 04-24 11:19:47.767670.767670 mlpmodule.py:3373] [fused_group_bmm][steps] bmm1=8.270 ms split=0.198 ms act_mul=0.466 ms bmm2=6.494 ms
DEBUG 04-24 11:19:47.767791.767791 cuda_h.py:27] end fused_group_bmm cost 15.689 ms
DEBUG 04-24 11:19:47.768094.768094 cuda_h.py:27] end gather_outputs_group_fused_mp cost 0.586 ms
DEBUG 04-24 11:19:47.769184.769184 cuda_h.py:27] end cpu_experts_worker_bmm_or_einsum_1 cost 20.697 ms
DEBUG 04-24 11:19:47.770023.770023 mlpmodule.py:3373] [fused_group_bmm][steps] bmm1=9.336 ms split=0.381 ms act_mul=0.784 ms bmm2=6.810 ms
DEBUG 04-24 11:19:47.771466.771466 cuda_h.py:27] end fused_group_bmm cost 17.527 ms
DEBUG 04-24 11:19:47.771196.771196 cuda_h.py:27] end gather_outputs_group_fused_mp cost 0.390 ms
DEBUG 04-24 11:19:47.771522.771522 cuda_h.py:27] end cpu_experts_worker_bmm_or_einsum_2 cost 22.414 ms
DEBUG 04-24 11:19:47.773113.773113 mlpmodule.py:3373] [fused_group_bmm][steps] bmm1=12.017 ms split=0.138 ms act_mul=0.380 ms bmm2=5.528 ms
DEBUG 04-24 11:19:47.773201.773201 cuda_h.py:27] end fused_group_bmm cost 18.339 ms
DEBUG 04-24 11:19:47.774271.774271 cuda_h.py:27] end gather_outputs_group_fused_mp cost 0.446 ms
DEBUG 04-24 11:19:47.775990.775990 cuda_h.py:27] end cpu_experts_worker_bmm_or_einsum_3 cost 25.597 ms
DEBUG 04-24 11:19:47.777336.777336 cuda_h.py:27] end prepare_per_device_parameters cost 16.620 ms
DEBUG 04-24 11:19:47.779926.779926 cuda_h.py:27] end wait_experts_multi_device cost 1.450 ms
DEBUG 04-24 11:19:47.779558.779558 cuda_h.py:27] end *before fused experts* cost 30.368 ms
DEBUG 04-24 11:19:47.784810.784810 cuda_h.py:27] end gpu_experts_multi_device_fused cost 4.920 ms
DEBUG 04-24 11:19:47.784912.784912 cuda_h.py:27] end *gpu experts* cost 35.404 ms
DEBUG 04-24 11:19:47.785519.785519 cuda_h.py:27] end cpu_experts_scatter_reduce cost 0.564 ms
DEBUG 04-24 11:19:47.785667.785667 cuda_h.py:27] end cpu_thread_manager_mp_wait_fused cost 1.750 ms
DEBUG 04-24 11:19:47.786139.786139 cuda_h.py:27] end layer_moe_generate_mp_multi_device_fused_l_8 cost 40.067 ms
DEBUG 04-24 11:19:47.786745.786745 cuda_h.py:27] end *mlp cost 40.758 ms
DEBUG 04-24 11:19:47.786291.786291 cuda_h.py:27] end prefill_layer cost 44.212 ms
DEBUG 04-24 11:19:47.786094.786094 lmp.py:341] -------------------------------- end prefill layer 7 --------------------------------
DEBUG 04-24 11:19:47.786651.786651 lmp.py:294] -------------------------------- start prefill layer 8 --------------------------------
DEBUG 04-24 11:19:47.786435.786435 cuda_h.py:27] end start_load_qkvogn_s_weight_l_9 cost 0.052 ms
DEBUG 04-24 11:19:47.787042.787042 cuda_h.py:27] end allocate_cuda_memory cost 0.484 ms
DEBUG 04-24 11:19:47.787052.787052 sllm_store_c.py:27] get device uuid map
DEBUG 04-24 11:19:47.788813.788813 sllm_store_c.py:29] call client load into gpu
DEBUG 04-24 11:19:47.789933.789933 cuda_h.py:27] end **self_attn cost 1.491 ms
DEBUG 04-24 11:19:47.790923.790923 cuda_h.py:27] end load_into_gpu_async cost 2.077 ms
DEBUG 04-24 11:19:47.790956.790956 cuda_h.py:27] end restore_tensors2 cost 0.113 ms
DEBUG 04-24 11:19:47.790130.790130 cuda_h.py:27] end allocate_cuda_memory_and_load_into_gpu cost 3.234 ms
DEBUG 04-24 11:19:47.790829.790829 cuda_h.py:27] end *iln_self_attn_paln cost 3.500 ms
DEBUG 04-24 11:19:47.791538.791538 cuda_h.py:27] end gate cost 0.552 ms
DEBUG 04-24 11:19:47.791201.791201 cuda_h.py:27] end experts_map_get cost 0.314 ms
DEBUG 04-24 11:19:47.791011.791011 cuda_h.py:27] end *before experts start* cost 1.064 ms
DEBUG 04-24 11:19:47.791311.791311 cuda_h.py:27] end cpu_experts_submit_fused_mp cost 0.228 ms
DEBUG 04-24 11:19:47.793494.793494 cuda_h.py:27] end *single cpu experts* cost 1.714 ms
DEBUG 04-24 11:19:47.794485.794485 cuda_h.py:27] end prepare_group_stack cost 0.406 ms
DEBUG 04-24 11:19:47.795522.795522 cuda_h.py:27] end prepare_group_stack cost 0.578 ms
DEBUG 04-24 11:19:47.796146.796146 cuda_h.py:27] end prepare_group_stack cost 0.524 ms
DEBUG 04-24 11:19:47.796705.796705 cuda_h.py:27] end group stack cost 1.169 ms
DEBUG 04-24 11:19:47.796078.796078 sllm_store_c.py:27] get device uuid map
DEBUG 04-24 11:19:47.796800.796800 sllm_store_c.py:29] call client load into gpu
DEBUG 04-24 11:19:47.796854.796854 cuda_h.py:27] end prepare_group_stack cost 0.633 ms
DEBUG 04-24 11:19:47.796839.796839 cuda_h.py:27] end move_flatidxs_group_fused_mp cost 1.909 ms
DEBUG 04-24 11:19:47.796754.796754 cuda_h.py:27] end get_fused_experts_names_w cost 0.023 ms
DEBUG 04-24 11:19:47.797450.797450 cuda_h.py:27] end group stack cost 0.878 ms
DEBUG 04-24 11:19:47.797194.797194 cuda_h.py:27] end move_flatidxs_group_fused_mp cost 1.593 ms
DEBUG 04-24 11:19:47.797377.797377 cuda_h.py:27] end group stack cost 1.612 ms
DEBUG 04-24 11:19:47.797022.797022 cuda_h.py:27] end restore_fused_tensors cost 0.557 ms
DEBUG 04-24 11:19:47.797403.797403 cuda_h.py:27] end get_fused_experts_names_w cost 0.019 ms
DEBUG 04-24 11:19:47.797013.797013 cuda_h.py:27] end group_fused_tensors_mp cost 0.850 ms
DEBUG 04-24 11:19:47.797181.797181 cuda_h.py:27] end move_flatidxs_group_fused_mp cost 2.883 ms
DEBUG 04-24 11:19:47.797896.797896 cuda_h.py:27] end get_fused_experts_names_w cost 0.038 ms
DEBUG 04-24 11:19:47.798335.798335 cuda_h.py:27] end restore_fused_tensors cost 0.507 ms
DEBUG 04-24 11:19:47.798364.798364 cuda_h.py:27] end group_fused_tensors_mp cost 0.625 ms
DEBUG 04-24 11:19:47.798711.798711 cuda_h.py:27] end group stack cost 1.700 ms
DEBUG 04-24 11:19:47.798499.798499 cuda_h.py:27] end move_flatidxs_group_fused_mp cost 2.717 ms
DEBUG 04-24 11:19:47.798898.798898 cuda_h.py:27] end get_fused_experts_names_w cost 0.034 ms
DEBUG 04-24 11:19:47.799445.799445 cuda_h.py:27] end restore_fused_tensors cost 1.435 ms
DEBUG 04-24 11:19:47.799431.799431 cuda_h.py:27] end group_fused_tensors_mp cost 1.774 ms
DEBUG 04-24 11:19:47.800141.800141 cuda_h.py:27] end restore_fused_tensors cost 1.277 ms
DEBUG 04-24 11:19:47.800146.800146 cuda_h.py:27] end group_fused_tensors_mp cost 1.695 ms
DEBUG 04-24 11:19:47.809675.809675 mlpmodule.py:3373] [fused_group_bmm][steps] bmm1=7.940 ms split=0.113 ms act_mul=0.330 ms bmm2=3.558 ms
DEBUG 04-24 11:19:47.810142.810142 cuda_h.py:27] end fused_group_bmm cost 12.287 ms
DEBUG 04-24 11:19:47.810726.810726 cuda_h.py:27] end gather_outputs_group_fused_mp cost 0.555 ms
DEBUG 04-24 11:19:47.810767.810767 mlpmodule.py:3373] [fused_group_bmm][steps] bmm1=7.826 ms split=0.122 ms act_mul=0.378 ms bmm2=3.966 ms
DEBUG 04-24 11:19:47.810577.810577 cuda_h.py:27] end fused_group_bmm cost 12.577 ms
DEBUG 04-24 11:19:47.811226.811226 cuda_h.py:27] end cpu_experts_worker_bmm_or_einsum_3 cost 17.708 ms
DEBUG 04-24 11:19:47.811355.811355 mlpmodule.py:3373] [fused_group_bmm][steps] bmm1=6.734 ms split=0.123 ms act_mul=0.682 ms bmm2=3.570 ms
DEBUG 04-24 11:19:47.811058.811058 cuda_h.py:27] end fused_group_bmm cost 11.375 ms
DEBUG 04-24 11:19:47.811637.811637 cuda_h.py:27] end gather_outputs_group_fused_mp cost 0.647 ms
DEBUG 04-24 11:19:47.811337.811337 cuda_h.py:27] end gather_outputs_group_fused_mp cost 0.456 ms
DEBUG 04-24 11:19:47.812027.812027 cuda_h.py:27] end cpu_experts_worker_bmm_or_einsum_1 cost 17.732 ms
DEBUG 04-24 11:19:47.812890.812890 cuda_h.py:27] end cpu_experts_worker_bmm_or_einsum_0 cost 18.801 ms
DEBUG 04-24 11:19:47.812259.812259 mlpmodule.py:3373] [fused_group_bmm][steps] bmm1=8.368 ms split=0.175 ms act_mul=0.455 ms bmm2=3.239 ms
DEBUG 04-24 11:19:47.813159.813159 cuda_h.py:27] end fused_group_bmm cost 12.435 ms
DEBUG 04-24 11:19:47.813074.813074 cuda_h.py:27] end gather_outputs_group_fused_mp cost 0.351 ms
DEBUG 04-24 11:19:47.814321.814321 cuda_h.py:27] end cpu_experts_worker_bmm_or_einsum_2 cost 19.632 ms
DEBUG 04-24 11:19:47.883738.883738 cuda_h.py:27] end restore2model cost 1.822 ms
DEBUG 04-24 11:19:47.884122.884122 cuda_h.py:27] end sllm_worker_task cost 96.940 ms
DEBUG 04-24 11:19:47.885984.885984 cuda_h.py:27] end load_into_gpu_async_fused_experts_dual cost 89.137 ms
DEBUG 04-24 11:19:47.885151.885151 cuda_h.py:27] end restore_tensors2_fused_experts_packed cost 0.102 ms
DEBUG 04-24 11:19:47.885061.885061 cuda_h.py:27] end restore_tensors2_fused_experts_slices cost 0.245 ms
DEBUG 04-24 11:19:47.886696.886696 cuda_h.py:27] end allocate_experts_cuda_memory_and_restore_model_multi_device_fused cost 92.531 ms
DEBUG 04-24 11:19:47.886221.886221 cuda_h.py:27] end gpu_sexperts cost 0.007 ms
DEBUG 04-24 11:19:47.886289.886289 cuda_h.py:27] end wait_load_qkvogn_s_weight cost 0.018 ms
DEBUG 04-24 11:19:47.897604.897604 cuda_h.py:27] end prepare_per_device_parameters cost 10.984 ms
DEBUG 04-24 11:19:47.903083.903083 cuda_h.py:27] end wait_experts_multi_device cost 6.528 ms
DEBUG 04-24 11:19:47.904734.904734 cuda_h.py:27] end *before fused experts* cost 110.476 ms
DEBUG 04-24 11:19:47.908549.908549 cuda_h.py:27] end gpu_experts_multi_device_fused cost 3.938 ms
DEBUG 04-24 11:19:47.908015.908015 cuda_h.py:27] end *gpu experts* cost 114.511 ms
DEBUG 04-24 11:19:47.909818.909818 cuda_h.py:27] end cpu_experts_scatter_reduce cost 0.535 ms
DEBUG 04-24 11:19:47.909045.909045 cuda_h.py:27] end cpu_thread_manager_mp_wait_fused cost 1.677 ms
DEBUG 04-24 11:19:47.909664.909664 cuda_h.py:27] end layer_moe_generate_mp_multi_device_fused_l_9 cost 119.241 ms
DEBUG 04-24 11:19:47.910950.910950 cuda_h.py:27] end *mlp cost 119.873 ms
DEBUG 04-24 11:19:47.910727.910727 cuda_h.py:27] end prefill_layer cost 123.721 ms
DEBUG 04-24 11:19:47.910099.910099 lmp.py:341] -------------------------------- end prefill layer 8 --------------------------------
DEBUG 04-24 11:19:47.910464.910464 lmp.py:294] -------------------------------- start prefill layer 9 --------------------------------
DEBUG 04-24 11:19:47.910765.910765 cuda_h.py:27] end start_load_qkvogn_s_weight_l_10 cost 0.047 ms
DEBUG 04-24 11:19:47.911721.911721 cuda_h.py:27] end allocate_cuda_memory cost 0.462 ms
DEBUG 04-24 11:19:47.911192.911192 sllm_store_c.py:27] get device uuid map
DEBUG 04-24 11:19:47.912947.912947 sllm_store_c.py:29] call client load into gpu
DEBUG 04-24 11:19:47.913182.913182 cuda_h.py:27] end **self_attn cost 1.276 ms
DEBUG 04-24 11:19:47.914634.914634 cuda_h.py:27] end *iln_self_attn_paln cost 3.466 ms
DEBUG 04-24 11:19:47.914727.914727 cuda_h.py:27] end load_into_gpu_async cost 2.913 ms
DEBUG 04-24 11:19:47.915534.915534 cuda_h.py:27] end restore_tensors2 cost 0.208 ms
DEBUG 04-24 11:19:47.915214.915214 cuda_h.py:27] end allocate_cuda_memory_and_load_into_gpu cost 4.398 ms
DEBUG 04-24 11:19:47.916932.916932 cuda_h.py:27] end gate cost 1.867 ms
DEBUG 04-24 11:19:47.916788.916788 cuda_h.py:27] end experts_map_get cost 0.309 ms
DEBUG 04-24 11:19:47.916553.916553 cuda_h.py:27] end *before experts start* cost 2.418 ms
DEBUG 04-24 11:19:47.917098.917098 cuda_h.py:27] end cpu_experts_submit_fused_mp cost 0.222 ms
DEBUG 04-24 11:19:47.919354.919354 cuda_h.py:27] end *single cpu experts* cost 2.507 ms
DEBUG 04-24 11:19:47.921158.921158 cuda_h.py:27] end prepare_group_stack cost 0.601 ms
DEBUG 04-24 11:19:47.921737.921737 cuda_h.py:27] end prepare_group_stack cost 0.730 ms
DEBUG 04-24 11:19:47.921052.921052 sllm_store_c.py:27] get device uuid map
DEBUG 04-24 11:19:47.921090.921090 sllm_store_c.py:29] call client load into gpu
DEBUG 04-24 11:19:47.921912.921912 cuda_h.py:27] end prepare_group_stack cost 0.598 ms
DEBUG 04-24 11:19:47.921445.921445 cuda_h.py:27] end prepare_group_stack cost 0.619 ms
DEBUG 04-24 11:19:47.922833.922833 cuda_h.py:27] end group stack cost 1.570 ms
DEBUG 04-24 11:19:47.923549.923549 cuda_h.py:27] end move_flatidxs_group_fused_mp cost 2.608 ms
DEBUG 04-24 11:19:47.923665.923665 cuda_h.py:27] end group stack cost 1.960 ms
DEBUG 04-24 11:19:47.923667.923667 cuda_h.py:27] end get_fused_experts_names_w cost 0.038 ms
DEBUG 04-24 11:19:47.923891.923891 cuda_h.py:27] end move_flatidxs_group_fused_mp cost 3.206 ms
DEBUG 04-24 11:19:47.923823.923823 cuda_h.py:27] end get_fused_experts_names_w cost 0.036 ms
DEBUG 04-24 11:19:47.924867.924867 cuda_h.py:27] end group stack cost 1.854 ms
DEBUG 04-24 11:19:47.924410.924410 cuda_h.py:27] end move_flatidxs_group_fused_mp cost 2.976 ms
DEBUG 04-24 11:19:47.924661.924661 cuda_h.py:27] end group stack cost 2.043 ms
DEBUG 04-24 11:19:47.924146.924146 cuda_h.py:27] end get_fused_experts_names_w cost 0.033 ms
DEBUG 04-24 11:19:47.924651.924651 cuda_h.py:27] end move_flatidxs_group_fused_mp cost 3.317 ms
DEBUG 04-24 11:19:47.924606.924606 cuda_h.py:27] end restore2model cost 1.985 ms
DEBUG 04-24 11:19:47.924239.924239 cuda_h.py:27] end get_fused_experts_names_w cost 0.039 ms
DEBUG 04-24 11:19:47.924563.924563 cuda_h.py:27] end sllm_worker_task cost 14.033 ms
DEBUG 04-24 11:19:47.924328.924328 cuda_h.py:27] end restore_fused_tensors cost 1.421 ms
DEBUG 04-24 11:19:47.925328.925328 cuda_h.py:27] end group_fused_tensors_mp cost 1.794 ms
DEBUG 04-24 11:19:47.925770.925770 cuda_h.py:27] end load_into_gpu_async_fused_experts_dual cost 3.822 ms
DEBUG 04-24 11:19:47.925436.925436 cuda_h.py:27] end restore_fused_tensors cost 1.274 ms
DEBUG 04-24 11:19:47.925930.925930 cuda_h.py:27] end restore_tensors2_fused_experts_packed cost 0.087 ms
DEBUG 04-24 11:19:47.925448.925448 cuda_h.py:27] end group_fused_tensors_mp cost 1.697 ms
DEBUG 04-24 11:19:47.925103.925103 cuda_h.py:27] end restore_fused_tensors cost 0.951 ms
DEBUG 04-24 11:19:47.925068.925068 cuda_h.py:27] end group_fused_tensors_mp cost 1.458 ms
DEBUG 04-24 11:19:47.926898.926898 cuda_h.py:27] end restore_fused_tensors cost 1.241 ms
DEBUG 04-24 11:19:47.926423.926423 cuda_h.py:27] end restore_tensors2_fused_experts_slices cost 0.550 ms
DEBUG 04-24 11:19:47.926201.926201 cuda_h.py:27] end group_fused_tensors_mp cost 1.703 ms
DEBUG 04-24 11:19:47.926984.926984 cuda_h.py:27] end allocate_experts_cuda_memory_and_restore_model_multi_device_fused cost 7.228 ms
DEBUG 04-24 11:19:47.927061.927061 cuda_h.py:27] end gpu_sexperts cost 0.016 ms
DEBUG 04-24 11:19:47.927909.927909 cuda_h.py:27] end wait_load_qkvogn_s_weight cost 0.079 ms
DEBUG 04-24 11:19:47.937451.937451 mlpmodule.py:3373] [fused_group_bmm][steps] bmm1=7.767 ms split=0.192 ms act_mul=0.557 ms bmm2=3.535 ms
DEBUG 04-24 11:19:47.938970.938970 cuda_h.py:27] end fused_group_bmm cost 12.629 ms
DEBUG 04-24 11:19:47.939836.939836 cuda_h.py:27] end gather_outputs_group_fused_mp cost 0.854 ms
DEBUG 04-24 11:19:47.939345.939345 cuda_h.py:27] end cpu_experts_worker_bmm_or_einsum_0 cost 20.729 ms
DEBUG 04-24 11:19:47.940788.940788 mlpmodule.py:3373] [fused_group_bmm][steps] bmm1=9.139 ms split=0.211 ms act_mul=0.484 ms bmm2=4.176 ms
DEBUG 04-24 11:19:47.940935.940935 cuda_h.py:27] end fused_group_bmm cost 14.291 ms
DEBUG 04-24 11:19:47.940520.940520 cuda_h.py:27] end gather_outputs_group_fused_mp cost 0.588 ms
DEBUG 04-24 11:19:47.941438.941438 cuda_h.py:27] end cpu_experts_worker_bmm_or_einsum_1 cost 22.262 ms
DEBUG 04-24 11:19:47.943528.943528 mlpmodule.py:3373] [fused_group_bmm][steps] bmm1=12.955 ms split=0.127 ms act_mul=0.362 ms bmm2=4.248 ms
DEBUG 04-24 11:19:47.943050.943050 cuda_h.py:27] end fused_group_bmm cost 17.899 ms
DEBUG 04-24 11:19:47.943335.943335 mlpmodule.py:3373] [fused_group_bmm][steps] bmm1=12.403 ms split=0.136 ms act_mul=0.477 ms bmm2=4.129 ms
DEBUG 04-24 11:19:47.944207.944207 cuda_h.py:27] end fused_group_bmm cost 17.505 ms
DEBUG 04-24 11:19:47.944542.944542 cuda_h.py:27] end gather_outputs_group_fused_mp cost 0.389 ms
DEBUG 04-24 11:19:47.944809.944809 cuda_h.py:27] end cpu_experts_worker_bmm_or_einsum_2 cost 24.617 ms
DEBUG 04-24 11:19:47.944300.944300 cuda_h.py:27] end gather_outputs_group_fused_mp cost 0.456 ms
DEBUG 04-24 11:19:47.945582.945582 cuda_h.py:27] end cpu_experts_worker_bmm_or_einsum_3 cost 25.102 ms
DEBUG 04-24 11:19:47.947616.947616 cuda_h.py:27] end prepare_per_device_parameters cost 19.404 ms
DEBUG 04-24 11:19:47.949597.949597 cuda_h.py:27] end wait_experts_multi_device cost 2.426 ms
DEBUG 04-24 11:19:47.949937.949937 cuda_h.py:27] end *before fused experts* cost 30.185 ms
DEBUG 04-24 11:19:47.954010.954010 cuda_h.py:27] end gpu_experts_multi_device_fused cost 5.104 ms
DEBUG 04-24 11:19:47.954549.954549 cuda_h.py:27] end *gpu experts* cost 35.412 ms
DEBUG 04-24 11:19:47.956966.956966 cuda_h.py:27] end cpu_experts_scatter_reduce cost 0.592 ms
DEBUG 04-24 11:19:47.956101.956101 cuda_h.py:27] end cpu_thread_manager_mp_wait_fused cost 1.811 ms
DEBUG 04-24 11:19:47.956064.956064 cuda_h.py:27] end layer_moe_generate_mp_multi_device_fused_l_10 cost 42.403 ms
DEBUG 04-24 11:19:47.957439.957439 cuda_h.py:27] end *mlp cost 43.140 ms
DEBUG 04-24 11:19:47.957382.957382 cuda_h.py:27] end prefill_layer cost 46.989 ms
DEBUG 04-24 11:19:47.957846.957846 lmp.py:341] -------------------------------- end prefill layer 9 --------------------------------
DEBUG 04-24 11:19:47.957556.957556 lmp.py:294] -------------------------------- start prefill layer 10 --------------------------------
DEBUG 04-24 11:19:47.957533.957533 cuda_h.py:27] end start_load_qkvogn_s_weight_l_11 cost 0.053 ms
DEBUG 04-24 11:19:47.958225.958225 cuda_h.py:27] end allocate_cuda_memory cost 0.315 ms
DEBUG 04-24 11:19:47.958871.958871 sllm_store_c.py:27] get device uuid map
DEBUG 04-24 11:19:47.958346.958346 sllm_store_c.py:29] call client load into gpu
DEBUG 04-24 11:19:47.960937.960937 cuda_h.py:27] end load_into_gpu_async cost 1.556 ms
DEBUG 04-24 11:19:47.960049.960049 cuda_h.py:27] end restore_tensors2 cost 0.107 ms
DEBUG 04-24 11:19:47.960084.960084 cuda_h.py:27] end allocate_cuda_memory_and_load_into_gpu cost 2.504 ms
DEBUG 04-24 11:19:47.961309.961309 cuda_h.py:27] end **self_attn cost 2.108 ms
DEBUG 04-24 11:19:47.961757.961757 cuda_h.py:27] end *iln_self_attn_paln cost 3.979 ms
DEBUG 04-24 11:19:47.962725.962725 cuda_h.py:27] end gate cost 0.674 ms
DEBUG 04-24 11:19:47.963040.963040 cuda_h.py:27] end experts_map_get cost 0.400 ms
DEBUG 04-24 11:19:47.963181.963181 cuda_h.py:27] end *before experts start* cost 1.269 ms
DEBUG 04-24 11:19:47.963353.963353 cuda_h.py:27] end cpu_experts_submit_fused_mp cost 0.323 ms
DEBUG 04-24 11:19:47.965501.965501 cuda_h.py:27] end *single cpu experts* cost 1.971 ms
DEBUG 04-24 11:19:47.965264.965264 cuda_h.py:27] end prepare_group_stack cost 0.380 ms
DEBUG 04-24 11:19:47.966086.966086 cuda_h.py:27] end prepare_group_stack cost 0.457 ms
DEBUG 04-24 11:19:47.967819.967819 cuda_h.py:27] end prepare_group_stack cost 0.468 ms
DEBUG 04-24 11:19:47.967200.967200 cuda_h.py:27] end group stack cost 1.161 ms
DEBUG 04-24 11:19:47.967295.967295 cuda_h.py:27] end group stack cost 1.409 ms
DEBUG 04-24 11:19:47.967422.967422 cuda_h.py:27] end move_flatidxs_group_fused_mp cost 1.952 ms
DEBUG 04-24 11:19:47.967713.967713 cuda_h.py:27] end move_flatidxs_group_fused_mp cost 2.161 ms
DEBUG 04-24 11:19:47.967633.967633 cuda_h.py:27] end get_fused_experts_names_w cost 0.024 ms
DEBUG 04-24 11:19:47.967533.967533 cuda_h.py:27] end get_fused_experts_names_w cost 0.019 ms
DEBUG 04-24 11:19:47.967616.967616 cuda_h.py:27] end group stack cost 0.779 ms
DEBUG 04-24 11:19:47.968997.968997 cuda_h.py:27] end move_flatidxs_group_fused_mp cost 1.459 ms
DEBUG 04-24 11:19:47.968949.968949 cuda_h.py:27] end get_fused_experts_names_w cost 0.024 ms
DEBUG 04-24 11:19:47.968772.968772 cuda_h.py:27] end restore_fused_tensors cost 0.605 ms
DEBUG 04-24 11:19:47.968668.968668 cuda_h.py:27] end group_fused_tensors_mp cost 0.862 ms
DEBUG 04-24 11:19:47.968548.968548 cuda_h.py:27] end prepare_group_stack cost 0.678 ms
DEBUG 04-24 11:19:47.968572.968572 sllm_store_c.py:27] get device uuid map
DEBUG 04-24 11:19:47.968989.968989 cuda_h.py:27] end restore_fused_tensors cost 0.610 ms
DEBUG 04-24 11:19:47.968430.968430 cuda_h.py:27] end group_fused_tensors_mp cost 0.893 ms
DEBUG 04-24 11:19:47.968027.968027 sllm_store_c.py:29] call client load into gpu
DEBUG 04-24 11:19:47.969268.969268 cuda_h.py:27] end restore_fused_tensors cost 0.717 ms
DEBUG 04-24 11:19:47.969900.969900 cuda_h.py:27] end group_fused_tensors_mp cost 0.941 ms
DEBUG 04-24 11:19:47.970262.970262 cuda_h.py:27] end group stack cost 2.076 ms
DEBUG 04-24 11:19:47.971957.971957 cuda_h.py:27] end move_flatidxs_group_fused_mp cost 3.221 ms
DEBUG 04-24 11:19:47.971571.971571 cuda_h.py:27] end get_fused_experts_names_w cost 0.036 ms
DEBUG 04-24 11:19:47.972560.972560 cuda_h.py:27] end restore_fused_tensors cost 1.173 ms
DEBUG 04-24 11:19:47.972836.972836 cuda_h.py:27] end group_fused_tensors_mp cost 1.641 ms
DEBUG 04-24 11:19:47.975645.975645 cuda_h.py:27] end restore2model cost 2.764 ms
DEBUG 04-24 11:19:47.975196.975196 cuda_h.py:27] end load_into_gpu_async_fused_experts_dual cost 7.136 ms
DEBUG 04-24 11:19:47.975527.975527 cuda_h.py:27] end sllm_worker_task cost 17.856 ms
DEBUG 04-24 11:19:47.976104.976104 cuda_h.py:27] end restore_tensors2_fused_experts_packed cost 0.187 ms
DEBUG 04-24 11:19:47.977702.977702 cuda_h.py:27] end restore_tensors2_fused_experts_slices cost 0.425 ms
DEBUG 04-24 11:19:47.977066.977066 cuda_h.py:27] end allocate_experts_cuda_memory_and_restore_model_multi_device_fused cost 12.058 ms
DEBUG 04-24 11:19:47.977051.977051 cuda_h.py:27] end gpu_sexperts cost 0.030 ms
DEBUG 04-24 11:19:47.978414.978414 cuda_h.py:27] end wait_load_qkvogn_s_weight cost 0.077 ms
DEBUG 04-24 11:19:47.982433.982433 mlpmodule.py:3373] [fused_group_bmm][steps] bmm1=8.042 ms split=0.108 ms act_mul=0.695 ms bmm2=4.204 ms
DEBUG 04-24 11:19:47.982534.982534 cuda_h.py:27] end fused_group_bmm cost 13.427 ms
DEBUG 04-24 11:19:47.982849.982849 mlpmodule.py:3373] [fused_group_bmm][steps] bmm1=7.905 ms split=0.118 ms act_mul=0.355 ms bmm2=5.276 ms
DEBUG 04-24 11:19:47.982363.982363 mlpmodule.py:3373] [fused_group_bmm][steps] bmm1=7.261 ms split=0.147 ms act_mul=0.513 ms bmm2=6.036 ms
DEBUG 04-24 11:19:47.983256.983256 cuda_h.py:27] end fused_group_bmm cost 14.160 ms
DEBUG 04-24 11:19:47.983773.983773 cuda_h.py:27] end fused_group_bmm cost 14.361 ms
DEBUG 04-24 11:19:47.983578.983578 cuda_h.py:27] end gather_outputs_group_fused_mp cost 0.478 ms
DEBUG 04-24 11:19:47.983310.983310 cuda_h.py:27] end gather_outputs_group_fused_mp cost 0.473 ms
DEBUG 04-24 11:19:47.983220.983220 cuda_h.py:27] end gather_outputs_group_fused_mp cost 0.557 ms
DEBUG 04-24 11:19:47.983382.983382 cuda_h.py:27] end cpu_experts_worker_bmm_or_einsum_0 cost 18.409 ms
DEBUG 04-24 11:19:47.984022.984022 cuda_h.py:27] end cpu_experts_worker_bmm_or_einsum_3 cost 19.226 ms
DEBUG 04-24 11:19:47.984678.984678 cuda_h.py:27] end cpu_experts_worker_bmm_or_einsum_1 cost 19.433 ms
DEBUG 04-24 11:19:47.989397.989397 mlpmodule.py:3373] [fused_group_bmm][steps] bmm1=10.764 ms split=0.100 ms act_mul=0.342 ms bmm2=4.897 ms
DEBUG 04-24 11:19:47.989251.989251 cuda_h.py:27] end fused_group_bmm cost 16.305 ms
DEBUG 04-24 11:19:47.989981.989981 cuda_h.py:27] end gather_outputs_group_fused_mp cost 0.424 ms
DEBUG 04-24 11:19:47.990375.990375 cuda_h.py:27] end cpu_experts_worker_bmm_or_einsum_2 cost 23.530 ms
DEBUG 04-24 11:19:47.992285.992285 cuda_h.py:27] end prepare_per_device_parameters cost 14.619 ms
DEBUG 04-24 11:19:47.997004.997004 cuda_h.py:27] end wait_experts_multi_device cost 4.342 ms
DEBUG 04-24 11:19:47.997947.997947 cuda_h.py:27] end *before fused experts* cost 32.028 ms
DEBUG 04-24 11:19:48.001887.001887 cuda_h.py:27] end gpu_experts_multi_device_fused cost 3.921 ms
DEBUG 04-24 11:19:48.001360.001360 cuda_h.py:27] end *gpu experts* cost 36.055 ms
DEBUG 04-24 11:19:48.003116.003116 cuda_h.py:27] end cpu_experts_scatter_reduce cost 0.566 ms
DEBUG 04-24 11:19:48.003965.003965 cuda_h.py:27] end cpu_thread_manager_mp_wait_fused cost 1.646 ms
DEBUG 04-24 11:19:48.003630.003630 cuda_h.py:27] end layer_moe_generate_mp_multi_device_fused_l_11 cost 41.173 ms
DEBUG 04-24 11:19:48.003158.003158 cuda_h.py:27] end *mlp cost 41.913 ms
DEBUG 04-24 11:19:48.004293.004293 cuda_h.py:27] end prefill_layer cost 46.118 ms
DEBUG 04-24 11:19:48.004817.004817 lmp.py:341] -------------------------------- end prefill layer 10 --------------------------------
DEBUG 04-24 11:19:48.004705.004705 lmp.py:294] -------------------------------- start prefill layer 11 --------------------------------
DEBUG 04-24 11:19:48.004757.004757 cuda_h.py:27] end start_load_qkvogn_s_weight_l_12 cost 0.053 ms
DEBUG 04-24 11:19:48.004985.004985 cuda_h.py:27] end allocate_cuda_memory cost 0.305 ms
DEBUG 04-24 11:19:48.005575.005575 sllm_store_c.py:27] get device uuid map
DEBUG 04-24 11:19:48.005459.005459 sllm_store_c.py:29] call client load into gpu
DEBUG 04-24 11:19:48.006836.006836 cuda_h.py:27] end load_into_gpu_async cost 1.666 ms
DEBUG 04-24 11:19:48.006458.006458 cuda_h.py:27] end restore_tensors2 cost 0.109 ms
DEBUG 04-24 11:19:48.007062.007062 cuda_h.py:27] end **self_attn cost 1.865 ms
DEBUG 04-24 11:19:48.007197.007197 cuda_h.py:27] end allocate_cuda_memory_and_load_into_gpu cost 2.745 ms
DEBUG 04-24 11:19:48.007291.007291 cuda_h.py:27] end *iln_self_attn_paln cost 3.520 ms
DEBUG 04-24 11:19:48.008716.008716 cuda_h.py:27] end gate cost 0.529 ms
DEBUG 04-24 11:19:48.008492.008492 cuda_h.py:27] end experts_map_get cost 0.331 ms
DEBUG 04-24 11:19:48.009235.009235 cuda_h.py:27] end *before experts start* cost 1.031 ms
DEBUG 04-24 11:19:48.009403.009403 cuda_h.py:27] end cpu_experts_submit_fused_mp cost 0.236 ms
DEBUG 04-24 11:19:48.010737.010737 cuda_h.py:27] end *single cpu experts* cost 1.492 ms
DEBUG 04-24 11:19:48.012953.012953 cuda_h.py:27] end prepare_group_stack cost 0.419 ms
DEBUG 04-24 11:19:48.012396.012396 cuda_h.py:27] end prepare_group_stack cost 0.554 ms
DEBUG 04-24 11:19:48.013257.013257 sllm_store_c.py:27] get device uuid map
DEBUG 04-24 11:19:48.012090.012090 cuda_h.py:27] end prepare_group_stack cost 0.618 ms
DEBUG 04-24 11:19:48.013853.013853 sllm_store_c.py:29] call client load into gpu
DEBUG 04-24 11:19:48.013264.013264 cuda_h.py:27] end prepare_group_stack cost 0.620 ms
DEBUG 04-24 11:19:48.014200.014200 cuda_h.py:27] end group stack cost 1.342 ms
DEBUG 04-24 11:19:48.014651.014651 cuda_h.py:27] end group stack cost 1.376 ms
DEBUG 04-24 11:19:48.014694.014694 cuda_h.py:27] end move_flatidxs_group_fused_mp cost 2.211 ms
DEBUG 04-24 11:19:48.014715.014715 cuda_h.py:27] end move_flatidxs_group_fused_mp cost 2.179 ms
DEBUG 04-24 11:19:48.014386.014386 cuda_h.py:27] end get_fused_experts_names_w cost 0.024 ms
DEBUG 04-24 11:19:48.014307.014307 cuda_h.py:27] end get_fused_experts_names_w cost 0.026 ms
DEBUG 04-24 11:19:48.014229.014229 cuda_h.py:27] end group stack cost 1.503 ms
DEBUG 04-24 11:19:48.014038.014038 cuda_h.py:27] end move_flatidxs_group_fused_mp cost 2.643 ms
DEBUG 04-24 11:19:48.015408.015408 cuda_h.py:27] end get_fused_experts_names_w cost 0.039 ms
DEBUG 04-24 11:19:48.015083.015083 cuda_h.py:27] end restore_fused_tensors cost 0.748 ms
DEBUG 04-24 11:19:48.015323.015323 cuda_h.py:27] end restore_fused_tensors cost 0.769 ms
DEBUG 04-24 11:19:48.015589.015589 cuda_h.py:27] end group_fused_tensors_mp cost 1.160 ms
DEBUG 04-24 11:19:48.015964.015964 cuda_h.py:27] end group stack cost 1.581 ms
DEBUG 04-24 11:19:48.015067.015067 cuda_h.py:27] end group_fused_tensors_mp cost 1.186 ms
DEBUG 04-24 11:19:48.015157.015157 cuda_h.py:27] end move_flatidxs_group_fused_mp cost 2.604 ms
DEBUG 04-24 11:19:48.015922.015922 cuda_h.py:27] end restore2model cost 1.055 ms
DEBUG 04-24 11:19:48.015449.015449 cuda_h.py:27] end get_fused_experts_names_w cost 0.028 ms
DEBUG 04-24 11:19:48.016094.016094 cuda_h.py:27] end load_into_gpu_async_fused_experts_dual cost 3.029 ms
DEBUG 04-24 11:19:48.016726.016726 cuda_h.py:27] end sllm_worker_task cost 11.632 ms
DEBUG 04-24 11:19:48.016991.016991 cuda_h.py:27] end restore_tensors2_fused_experts_packed cost 0.065 ms
DEBUG 04-24 11:19:48.016800.016800 cuda_h.py:27] end restore_fused_tensors cost 1.438 ms
DEBUG 04-24 11:19:48.016169.016169 cuda_h.py:27] end group_fused_tensors_mp cost 1.835 ms
DEBUG 04-24 11:19:48.016263.016263 cuda_h.py:27] end restore_tensors2_fused_experts_slices cost 0.307 ms
DEBUG 04-24 11:19:48.017282.017282 cuda_h.py:27] end restore_fused_tensors cost 1.055 ms
DEBUG 04-24 11:19:48.017259.017259 cuda_h.py:27] end allocate_experts_cuda_memory_and_restore_model_multi_device_fused cost 6.631 ms
DEBUG 04-24 11:19:48.017670.017670 cuda_h.py:27] end group_fused_tensors_mp cost 1.285 ms
DEBUG 04-24 11:19:48.017406.017406 cuda_h.py:27] end gpu_sexperts cost 0.006 ms
DEBUG 04-24 11:19:48.017342.017342 cuda_h.py:27] end wait_load_qkvogn_s_weight cost 0.027 ms
DEBUG 04-24 11:19:48.029452.029452 mlpmodule.py:3373] [fused_group_bmm][steps] bmm1=8.016 ms split=0.194 ms act_mul=0.552 ms bmm2=3.687 ms
DEBUG 04-24 11:19:48.030879.030879 cuda_h.py:27] end fused_group_bmm cost 13.036 ms
DEBUG 04-24 11:19:48.031195.031195 cuda_h.py:27] end gather_outputs_group_fused_mp cost 0.867 ms
DEBUG 04-24 11:19:48.032949.032949 cuda_h.py:27] end cpu_experts_worker_bmm_or_einsum_0 cost 20.946 ms
DEBUG 04-24 11:19:48.032080.032080 mlpmodule.py:3373] [fused_group_bmm][steps] bmm1=9.843 ms split=0.177 ms act_mul=0.499 ms bmm2=4.461 ms
DEBUG 04-24 11:19:48.032850.032850 cuda_h.py:27] end fused_group_bmm cost 15.267 ms
DEBUG 04-24 11:19:48.033819.033819 cuda_h.py:27] end gather_outputs_group_fused_mp cost 0.586 ms
DEBUG 04-24 11:19:48.033640.033640 mlpmodule.py:3373] [fused_group_bmm][steps] bmm1=11.131 ms split=0.240 ms act_mul=0.655 ms bmm2=5.917 ms
DEBUG 04-24 11:19:48.033373.033373 cuda_h.py:27] end cpu_experts_worker_bmm_or_einsum_1 cost 21.783 ms
DEBUG 04-24 11:19:48.034118.034118 cuda_h.py:27] end fused_group_bmm cost 18.227 ms
DEBUG 04-24 11:19:48.034382.034382 cuda_h.py:27] end gather_outputs_group_fused_mp cost 0.491 ms
DEBUG 04-24 11:19:48.035255.035255 cuda_h.py:27] end cpu_experts_worker_bmm_or_einsum_3 cost 24.041 ms
DEBUG 04-24 11:19:48.036008.036008 mlpmodule.py:3373] [fused_group_bmm][steps] bmm1=13.984 ms split=0.263 ms act_mul=0.494 ms bmm2=5.642 ms
DEBUG 04-24 11:19:48.036313.036313 cuda_h.py:27] end fused_group_bmm cost 20.643 ms
DEBUG 04-24 11:19:48.036715.036715 cuda_h.py:27] end prepare_per_device_parameters cost 19.065 ms
DEBUG 04-24 11:19:48.037930.037930 cuda_h.py:27] end gather_outputs_group_fused_mp cost 0.485 ms
DEBUG 04-24 11:19:48.038802.038802 cuda_h.py:27] end cpu_experts_worker_bmm_or_einsum_2 cost 26.927 ms
DEBUG 04-24 11:19:48.042798.042798 cuda_h.py:27] end wait_experts_multi_device cost 5.415 ms
DEBUG 04-24 11:19:48.042853.042853 cuda_h.py:27] end *before fused experts* cost 31.687 ms
DEBUG 04-24 11:19:48.047383.047383 cuda_h.py:27] end gpu_experts_multi_device_fused cost 4.912 ms
DEBUG 04-24 11:19:48.047260.047260 cuda_h.py:27] end *gpu experts* cost 36.727 ms
DEBUG 04-24 11:19:48.049506.049506 cuda_h.py:27] end cpu_experts_scatter_reduce cost 0.595 ms
DEBUG 04-24 11:19:48.049316.049316 cuda_h.py:27] end cpu_thread_manager_mp_wait_fused cost 1.828 ms
DEBUG 04-24 11:19:48.049127.049127 cuda_h.py:27] end layer_moe_generate_mp_multi_device_fused_l_12 cost 41.295 ms
DEBUG 04-24 11:19:48.049196.049196 cuda_h.py:27] end *mlp cost 41.977 ms
DEBUG 04-24 11:19:48.050841.050841 cuda_h.py:27] end prefill_layer cost 45.990 ms
DEBUG 04-24 11:19:48.050167.050167 lmp.py:341] -------------------------------- end prefill layer 11 --------------------------------
DEBUG 04-24 11:19:48.050092.050092 lmp.py:294] -------------------------------- start prefill layer 12 --------------------------------
DEBUG 04-24 11:19:48.050884.050884 cuda_h.py:27] end start_load_qkvogn_s_weight_l_13 cost 0.053 ms
DEBUG 04-24 11:19:48.050749.050749 cuda_h.py:27] end allocate_cuda_memory cost 0.329 ms
DEBUG 04-24 11:19:48.051867.051867 sllm_store_c.py:27] get device uuid map
DEBUG 04-24 11:19:48.051520.051520 sllm_store_c.py:29] call client load into gpu
DEBUG 04-24 11:19:48.052953.052953 cuda_h.py:27] end **self_attn cost 1.568 ms
DEBUG 04-24 11:19:48.053558.053558 cuda_h.py:27] end *iln_self_attn_paln cost 2.804 ms
DEBUG 04-24 11:19:48.053337.053337 cuda_h.py:27] end load_into_gpu_async cost 2.537 ms
DEBUG 04-24 11:19:48.053619.053619 cuda_h.py:27] end restore_tensors2 cost 0.125 ms
DEBUG 04-24 11:19:48.053091.053091 cuda_h.py:27] end allocate_cuda_memory_and_load_into_gpu cost 3.504 ms
DEBUG 04-24 11:19:48.054933.054933 cuda_h.py:27] end gate cost 1.150 ms
DEBUG 04-24 11:19:48.055100.055100 cuda_h.py:27] end experts_map_get cost 0.328 ms
DEBUG 04-24 11:19:48.055381.055381 cuda_h.py:27] end *before experts start* cost 1.674 ms
DEBUG 04-24 11:19:48.055794.055794 cuda_h.py:27] end cpu_experts_submit_fused_mp cost 0.241 ms
DEBUG 04-24 11:19:48.056929.056929 cuda_h.py:27] end *single cpu experts* cost 1.703 ms
DEBUG 04-24 11:19:48.058323.058323 cuda_h.py:27] end prepare_group_stack cost 0.463 ms
DEBUG 04-24 11:19:48.058563.058563 cuda_h.py:27] end prepare_group_stack cost 0.509 ms
DEBUG 04-24 11:19:48.058286.058286 cuda_h.py:27] end prepare_group_stack cost 0.514 ms
DEBUG 04-24 11:19:48.059578.059578 cuda_h.py:27] end prepare_group_stack cost 0.484 ms
DEBUG 04-24 11:19:48.059438.059438 sllm_store_c.py:27] get device uuid map
DEBUG 04-24 11:19:48.059895.059895 sllm_store_c.py:29] call client load into gpu
DEBUG 04-24 11:19:48.060333.060333 cuda_h.py:27] end group stack cost 1.310 ms
DEBUG 04-24 11:19:48.060565.060565 cuda_h.py:27] end group stack cost 1.316 ms
DEBUG 04-24 11:19:48.060174.060174 cuda_h.py:27] end move_flatidxs_group_fused_mp cost 2.132 ms
DEBUG 04-24 11:19:48.060493.060493 cuda_h.py:27] end move_flatidxs_group_fused_mp cost 2.209 ms
DEBUG 04-24 11:19:48.060614.060614 cuda_h.py:27] end get_fused_experts_names_w cost 0.023 ms
DEBUG 04-24 11:19:48.060289.060289 cuda_h.py:27] end group stack cost 1.578 ms
DEBUG 04-24 11:19:48.060781.060781 cuda_h.py:27] end get_fused_experts_names_w cost 0.023 ms
DEBUG 04-24 11:19:48.060696.060696 cuda_h.py:27] end move_flatidxs_group_fused_mp cost 2.521 ms
DEBUG 04-24 11:19:48.060155.060155 cuda_h.py:27] end group stack cost 1.067 ms
DEBUG 04-24 11:19:48.060942.060942 cuda_h.py:27] end get_fused_experts_names_w cost 0.024 ms
DEBUG 04-24 11:19:48.060638.060638 cuda_h.py:27] end move_flatidxs_group_fused_mp cost 1.892 ms
DEBUG 04-24 11:19:48.060306.060306 cuda_h.py:27] end get_fused_experts_names_w cost 0.019 ms
DEBUG 04-24 11:19:48.061775.061775 cuda_h.py:27] end restore_fused_tensors cost 0.638 ms
DEBUG 04-24 11:19:48.061694.061694 cuda_h.py:27] end restore_fused_tensors cost 0.733 ms
DEBUG 04-24 11:19:48.061450.061450 cuda_h.py:27] end group_fused_tensors_mp cost 1.065 ms
DEBUG 04-24 11:19:48.061120.061120 cuda_h.py:27] end group_fused_tensors_mp cost 0.874 ms
DEBUG 04-24 11:19:48.061565.061565 cuda_h.py:27] end restore_fused_tensors cost 0.641 ms
DEBUG 04-24 11:19:48.061450.061450 cuda_h.py:27] end restore_fused_tensors cost 0.579 ms
DEBUG 04-24 11:19:48.061352.061352 cuda_h.py:27] end restore2model cost 0.909 ms
DEBUG 04-24 11:19:48.061167.061167 cuda_h.py:27] end group_fused_tensors_mp cost 1.212 ms
DEBUG 04-24 11:19:48.061949.061949 cuda_h.py:27] end group_fused_tensors_mp cost 1.024 ms
DEBUG 04-24 11:19:48.062343.062343 cuda_h.py:27] end sllm_worker_task cost 11.612 ms
DEBUG 04-24 11:19:48.062059.062059 cuda_h.py:27] end load_into_gpu_async_fused_experts_dual cost 2.525 ms
DEBUG 04-24 11:19:48.062975.062975 cuda_h.py:27] end restore_tensors2_fused_experts_packed cost 0.174 ms
DEBUG 04-24 11:19:48.063841.063841 cuda_h.py:27] end restore_tensors2_fused_experts_slices cost 0.921 ms
DEBUG 04-24 11:19:48.064407.064407 cuda_h.py:27] end allocate_experts_cuda_memory_and_restore_model_multi_device_fused cost 7.465 ms
DEBUG 04-24 11:19:48.064968.064968 cuda_h.py:27] end gpu_sexperts cost 0.039 ms
DEBUG 04-24 11:19:48.065046.065046 cuda_h.py:27] end wait_load_qkvogn_s_weight cost 0.106 ms
DEBUG 04-24 11:19:48.074080.074080 mlpmodule.py:3373] [fused_group_bmm][steps] bmm1=7.508 ms split=0.207 ms act_mul=0.568 ms bmm2=4.012 ms
DEBUG 04-24 11:19:48.074054.074054 cuda_h.py:27] end fused_group_bmm cost 12.772 ms
DEBUG 04-24 11:19:48.075969.075969 cuda_h.py:27] end gather_outputs_group_fused_mp cost 0.748 ms
DEBUG 04-24 11:19:48.076809.076809 cuda_h.py:27] end cpu_experts_worker_bmm_or_einsum_0 cost 19.268 ms
DEBUG 04-24 11:19:48.077674.077674 mlpmodule.py:3373] [fused_group_bmm][steps] bmm1=10.192 ms split=0.230 ms act_mul=0.439 ms bmm2=3.941 ms
DEBUG 04-24 11:19:48.077669.077669 cuda_h.py:27] end fused_group_bmm cost 15.083 ms
DEBUG 04-24 11:19:48.078307.078307 cuda_h.py:27] end gather_outputs_group_fused_mp cost 0.594 ms
DEBUG 04-24 11:19:48.078934.078934 cuda_h.py:27] end cpu_experts_worker_bmm_or_einsum_1 cost 20.643 ms
DEBUG 04-24 11:19:48.079643.079643 mlpmodule.py:3373] [fused_group_bmm][steps] bmm1=12.114 ms split=0.231 ms act_mul=0.448 ms bmm2=5.101 ms
DEBUG 04-24 11:19:48.079983.079983 cuda_h.py:27] end fused_group_bmm cost 18.175 ms
DEBUG 04-24 11:19:48.079152.079152 mlpmodule.py:3373] [fused_group_bmm][steps] bmm1=12.040 ms split=0.194 ms act_mul=0.442 ms bmm2=4.757 ms
DEBUG 04-24 11:19:48.080577.080577 cuda_h.py:27] end fused_group_bmm cost 17.886 ms
DEBUG 04-24 11:19:48.080430.080430 cuda_h.py:27] end gather_outputs_group_fused_mp cost 0.456 ms
DEBUG 04-24 11:19:48.080669.080669 cuda_h.py:27] end gather_outputs_group_fused_mp cost 0.431 ms
DEBUG 04-24 11:19:48.080762.080762 cuda_h.py:27] end cpu_experts_worker_bmm_or_einsum_2 cost 24.029 ms
DEBUG 04-24 11:19:48.081129.081129 cuda_h.py:27] end cpu_experts_worker_bmm_or_einsum_3 cost 24.292 ms
DEBUG 04-24 11:19:48.083394.083394 cuda_h.py:27] end prepare_per_device_parameters cost 18.371 ms
DEBUG 04-24 11:19:48.086078.086078 cuda_h.py:27] end wait_experts_multi_device cost 3.029 ms
DEBUG 04-24 11:19:48.086987.086987 cuda_h.py:27] end *before fused experts* cost 29.963 ms
DEBUG 04-24 11:19:48.091590.091590 cuda_h.py:27] end gpu_experts_multi_device_fused cost 4.894 ms
DEBUG 04-24 11:19:48.091388.091388 cuda_h.py:27] end *gpu experts* cost 34.997 ms
DEBUG 04-24 11:19:48.275530.275530 cuda_h.py:27] end cpu_experts_scatter_reduce cost 0.994 ms
DEBUG 04-24 11:19:48.275481.275481 cuda_h.py:27] end cpu_thread_manager_mp_wait_fused cost 183.311 ms
DEBUG 04-24 11:19:48.275006.275006 cuda_h.py:27] end layer_moe_generate_mp_multi_device_fused_l_13 cost 221.904 ms
DEBUG 04-24 11:19:48.276992.276992 cuda_h.py:27] end *mlp cost 222.664 ms
DEBUG 04-24 11:19:48.276505.276505 cuda_h.py:27] end prefill_layer cost 225.935 ms
DEBUG 04-24 11:19:48.276831.276831 lmp.py:341] -------------------------------- end prefill layer 12 --------------------------------
DEBUG 04-24 11:19:48.276342.276342 lmp.py:294] -------------------------------- start prefill layer 13 --------------------------------
DEBUG 04-24 11:19:48.276716.276716 cuda_h.py:27] end start_load_qkvogn_s_weight_l_14 cost 0.058 ms
DEBUG 04-24 11:19:48.277104.277104 cuda_h.py:27] end allocate_cuda_memory cost 0.475 ms
DEBUG 04-24 11:19:48.277182.277182 sllm_store_c.py:27] get device uuid map
DEBUG 04-24 11:19:48.277232.277232 sllm_store_c.py:29] call client load into gpu
DEBUG 04-24 11:19:48.279869.279869 cuda_h.py:27] end **self_attn cost 1.743 ms
DEBUG 04-24 11:19:48.279157.279157 cuda_h.py:27] end *iln_self_attn_paln cost 3.553 ms
DEBUG 04-24 11:19:48.280759.280759 cuda_h.py:27] end gate cost 0.565 ms
DEBUG 04-24 11:19:48.280230.280230 cuda_h.py:27] end load_into_gpu_async cost 3.400 ms
DEBUG 04-24 11:19:48.281117.281117 cuda_h.py:27] end restore_tensors2 cost 0.206 ms
DEBUG 04-24 11:19:48.281505.281505 cuda_h.py:27] end allocate_cuda_memory_and_load_into_gpu cost 4.867 ms
DEBUG 04-24 11:19:48.281496.281496 cuda_h.py:27] end experts_map_get cost 0.684 ms
DEBUG 04-24 11:19:48.281135.281135 cuda_h.py:27] end *before experts start* cost 1.733 ms
DEBUG 04-24 11:19:48.281229.281229 cuda_h.py:27] end cpu_experts_submit_fused_mp cost 0.216 ms
DEBUG 04-24 11:19:48.284741.284741 cuda_h.py:27] end *single cpu experts* cost 2.445 ms
DEBUG 04-24 11:19:48.284554.284554 cuda_h.py:27] end prepare_group_stack cost 0.562 ms
DEBUG 04-24 11:19:48.285461.285461 cuda_h.py:27] end prepare_group_stack cost 0.717 ms
DEBUG 04-24 11:19:48.286791.286791 cuda_h.py:27] end group stack cost 1.487 ms
DEBUG 04-24 11:19:48.286700.286700 cuda_h.py:27] end move_flatidxs_group_fused_mp cost 2.572 ms
DEBUG 04-24 11:19:48.287014.287014 sllm_store_c.py:27] get device uuid map
DEBUG 04-24 11:19:48.287772.287772 sllm_store_c.py:29] call client load into gpu
DEBUG 04-24 11:19:48.286721.286721 cuda_h.py:27] end prepare_group_stack cost 0.677 ms
DEBUG 04-24 11:19:48.287229.287229 cuda_h.py:27] end get_fused_experts_names_w cost 0.047 ms
DEBUG 04-24 11:19:48.287379.287379 cuda_h.py:27] end prepare_group_stack cost 0.715 ms
DEBUG 04-24 11:19:48.288785.288785 cuda_h.py:27] end group stack cost 2.315 ms
DEBUG 04-24 11:19:48.288369.288369 cuda_h.py:27] end restore_fused_tensors cost 1.243 ms
DEBUG 04-24 11:19:48.288403.288403 cuda_h.py:27] end move_flatidxs_group_fused_mp cost 3.563 ms
DEBUG 04-24 11:19:48.289183.289183 cuda_h.py:27] end group_fused_tensors_mp cost 2.057 ms
DEBUG 04-24 11:19:48.289033.289033 cuda_h.py:27] end get_fused_experts_names_w cost 0.037 ms
DEBUG 04-24 11:19:48.289216.289216 cuda_h.py:27] end group stack cost 2.020 ms
DEBUG 04-24 11:19:48.289234.289234 cuda_h.py:27] end group stack cost 2.116 ms
DEBUG 04-24 11:19:48.289478.289478 cuda_h.py:27] end move_flatidxs_group_fused_mp cost 3.573 ms
DEBUG 04-24 11:19:48.289003.289003 cuda_h.py:27] end move_flatidxs_group_fused_mp cost 3.567 ms
DEBUG 04-24 11:19:48.289008.289008 cuda_h.py:27] end get_fused_experts_names_w cost 0.039 ms
DEBUG 04-24 11:19:48.290056.290056 cuda_h.py:27] end get_fused_experts_names_w cost 0.040 ms
DEBUG 04-24 11:19:48.290721.290721 cuda_h.py:27] end restore_fused_tensors cost 1.285 ms
DEBUG 04-24 11:19:48.290825.290825 cuda_h.py:27] end group_fused_tensors_mp cost 1.752 ms
DEBUG 04-24 11:19:48.291738.291738 cuda_h.py:27] end restore_fused_tensors cost 1.102 ms
DEBUG 04-24 11:19:48.291617.291617 cuda_h.py:27] end group_fused_tensors_mp cost 1.375 ms
DEBUG 04-24 11:19:48.291759.291759 cuda_h.py:27] end restore_fused_tensors cost 1.382 ms
DEBUG 04-24 11:19:48.291876.291876 cuda_h.py:27] end group_fused_tensors_mp cost 1.849 ms
DEBUG 04-24 11:19:48.292161.292161 cuda_h.py:27] end load_into_gpu_async_fused_experts_dual cost 5.581 ms
DEBUG 04-24 11:19:48.293238.293238 cuda_h.py:27] end restore2model cost 3.578 ms
DEBUG 04-24 11:19:48.293919.293919 cuda_h.py:27] end restore_tensors2_fused_experts_packed cost 0.157 ms
DEBUG 04-24 11:19:48.293887.293887 cuda_h.py:27] end sllm_worker_task cost 17.449 ms
DEBUG 04-24 11:19:48.295946.295946 cuda_h.py:27] end restore_tensors2_fused_experts_slices cost 0.805 ms
DEBUG 04-24 11:19:48.296171.296171 cuda_h.py:27] end allocate_experts_cuda_memory_and_restore_model_multi_device_fused cost 11.734 ms
DEBUG 04-24 11:19:48.296563.296563 cuda_h.py:27] end gpu_sexperts cost 0.018 ms
DEBUG 04-24 11:19:48.296091.296091 cuda_h.py:27] end wait_load_qkvogn_s_weight cost 0.049 ms
DEBUG 04-24 11:19:48.301461.301461 mlpmodule.py:3373] [fused_group_bmm][steps] bmm1=7.799 ms split=0.192 ms act_mul=0.568 ms bmm2=3.579 ms
DEBUG 04-24 11:19:48.302059.302059 cuda_h.py:27] end fused_group_bmm cost 12.659 ms
DEBUG 04-24 11:19:48.302010.302010 cuda_h.py:27] end gather_outputs_group_fused_mp cost 0.832 ms
DEBUG 04-24 11:19:48.303280.303280 cuda_h.py:27] end cpu_experts_worker_bmm_or_einsum_0 cost 20.446 ms
DEBUG 04-24 11:19:48.304270.304270 mlpmodule.py:3373] [fused_group_bmm][steps] bmm1=8.772 ms split=0.175 ms act_mul=0.479 ms bmm2=4.346 ms
DEBUG 04-24 11:19:48.305019.305019 cuda_h.py:27] end fused_group_bmm cost 14.042 ms
DEBUG 04-24 11:19:48.305410.305410 cuda_h.py:27] end gather_outputs_group_fused_mp cost 0.550 ms
DEBUG 04-24 11:19:48.306772.306772 cuda_h.py:27] end cpu_experts_worker_bmm_or_einsum_1 cost 21.963 ms
DEBUG 04-24 11:19:48.307708.307708 mlpmodule.py:3373] [fused_group_bmm][steps] bmm1=10.511 ms split=0.176 ms act_mul=0.471 ms bmm2=4.579 ms
DEBUG 04-24 11:19:48.308856.308856 cuda_h.py:27] end fused_group_bmm cost 16.021 ms
DEBUG 04-24 11:19:48.308178.308178 cuda_h.py:27] end gather_outputs_group_fused_mp cost 0.447 ms
DEBUG 04-24 11:19:48.309845.309845 cuda_h.py:27] end cpu_experts_worker_bmm_or_einsum_3 cost 24.009 ms
DEBUG 04-24 11:19:48.309644.309644 mlpmodule.py:3373] [fused_group_bmm][steps] bmm1=12.501 ms split=0.147 ms act_mul=0.383 ms bmm2=5.067 ms
DEBUG 04-24 11:19:48.310698.310698 cuda_h.py:27] end fused_group_bmm cost 18.347 ms
DEBUG 04-24 11:19:48.310550.310550 cuda_h.py:27] end gather_outputs_group_fused_mp cost 0.461 ms
DEBUG 04-24 11:19:48.311888.311888 cuda_h.py:27] end cpu_experts_worker_bmm_or_einsum_2 cost 26.327 ms
DEBUG 04-24 11:19:48.312126.312126 cuda_h.py:27] end prepare_per_device_parameters cost 15.928 ms
DEBUG 04-24 11:19:48.316754.316754 cuda_h.py:27] end wait_experts_multi_device cost 3.373 ms
DEBUG 04-24 11:19:48.316995.316995 cuda_h.py:27] end *before fused experts* cost 31.823 ms
DEBUG 04-24 11:19:48.320601.320601 cuda_h.py:27] end gpu_experts_multi_device_fused cost 4.831 ms
DEBUG 04-24 11:19:48.321180.321180 cuda_h.py:27] end *gpu experts* cost 36.770 ms
DEBUG 04-24 11:19:48.322599.322599 cuda_h.py:27] end cpu_experts_scatter_reduce cost 0.550 ms
DEBUG 04-24 11:19:48.322641.322641 cuda_h.py:27] end cpu_thread_manager_mp_wait_fused cost 1.676 ms
DEBUG 04-24 11:19:48.322683.322683 cuda_h.py:27] end layer_moe_generate_mp_multi_device_fused_l_14 cost 42.833 ms
DEBUG 04-24 11:19:48.323739.323739 cuda_h.py:27] end *mlp cost 43.505 ms
DEBUG 04-24 11:19:48.323967.323967 cuda_h.py:27] end prefill_layer cost 47.363 ms
DEBUG 04-24 11:19:48.323144.323144 lmp.py:341] -------------------------------- end prefill layer 13 --------------------------------
DEBUG 04-24 11:19:48.324417.324417 lmp.py:294] -------------------------------- start prefill layer 14 --------------------------------
DEBUG 04-24 11:19:48.324040.324040 cuda_h.py:27] end start_load_qkvogn_s_weight_l_15 cost 0.055 ms
DEBUG 04-24 11:19:48.324071.324071 cuda_h.py:27] end allocate_cuda_memory cost 0.337 ms
DEBUG 04-24 11:19:48.325946.325946 sllm_store_c.py:27] get device uuid map
DEBUG 04-24 11:19:48.325731.325731 sllm_store_c.py:29] call client load into gpu
DEBUG 04-24 11:19:48.326324.326324 cuda_h.py:27] end load_into_gpu_async cost 1.787 ms
DEBUG 04-24 11:19:48.327403.327403 cuda_h.py:27] end restore_tensors2 cost 0.111 ms
DEBUG 04-24 11:19:48.327538.327538 cuda_h.py:27] end **self_attn cost 1.775 ms
DEBUG 04-24 11:19:48.327785.327785 cuda_h.py:27] end allocate_cuda_memory_and_load_into_gpu cost 2.758 ms
DEBUG 04-24 11:19:48.327548.327548 cuda_h.py:27] end *iln_self_attn_paln cost 3.341 ms
DEBUG 04-24 11:19:48.328765.328765 cuda_h.py:27] end gate cost 0.561 ms
DEBUG 04-24 11:19:48.328938.328938 cuda_h.py:27] end experts_map_get cost 0.316 ms
DEBUG 04-24 11:19:48.328318.328318 cuda_h.py:27] end *before experts start* cost 1.051 ms
DEBUG 04-24 11:19:48.329141.329141 cuda_h.py:27] end cpu_experts_submit_fused_mp cost 0.228 ms
DEBUG 04-24 11:19:48.330247.330247 cuda_h.py:27] end *single cpu experts* cost 1.425 ms
DEBUG 04-24 11:19:48.332938.332938 cuda_h.py:27] end prepare_group_stack cost 0.433 ms
DEBUG 04-24 11:19:48.332413.332413 cuda_h.py:27] end prepare_group_stack cost 0.495 ms
DEBUG 04-24 11:19:48.332718.332718 cuda_h.py:27] end prepare_group_stack cost 0.550 ms
DEBUG 04-24 11:19:48.332141.332141 sllm_store_c.py:27] get device uuid map
DEBUG 04-24 11:19:48.332493.332493 cuda_h.py:27] end prepare_group_stack cost 0.614 ms
DEBUG 04-24 11:19:48.332404.332404 sllm_store_c.py:29] call client load into gpu
DEBUG 04-24 11:19:48.333357.333357 cuda_h.py:27] end group stack cost 0.814 ms
DEBUG 04-24 11:19:48.333268.333268 cuda_h.py:27] end move_flatidxs_group_fused_mp cost 1.711 ms
DEBUG 04-24 11:19:48.333521.333521 cuda_h.py:27] end group stack cost 1.269 ms
DEBUG 04-24 11:19:48.333752.333752 cuda_h.py:27] end get_fused_experts_names_w cost 0.023 ms
DEBUG 04-24 11:19:48.334878.334878 cuda_h.py:27] end move_flatidxs_group_fused_mp cost 2.022 ms
DEBUG 04-24 11:19:48.334213.334213 cuda_h.py:27] end group stack cost 1.251 ms
DEBUG 04-24 11:19:48.334691.334691 cuda_h.py:27] end get_fused_experts_names_w cost 0.024 ms
DEBUG 04-24 11:19:48.334220.334220 cuda_h.py:27] end move_flatidxs_group_fused_mp cost 2.306 ms
DEBUG 04-24 11:19:48.334482.334482 cuda_h.py:27] end group stack cost 1.495 ms
DEBUG 04-24 11:19:48.334564.334564 cuda_h.py:27] end get_fused_experts_names_w cost 0.020 ms
DEBUG 04-24 11:19:48.334759.334759 cuda_h.py:27] end move_flatidxs_group_fused_mp cost 2.451 ms
DEBUG 04-24 11:19:48.334129.334129 cuda_h.py:27] end get_fused_experts_names_w cost 0.032 ms
DEBUG 04-24 11:19:48.334898.334898 cuda_h.py:27] end restore_fused_tensors cost 0.680 ms
DEBUG 04-24 11:19:48.334948.334948 cuda_h.py:27] end group_fused_tensors_mp cost 0.945 ms
DEBUG 04-24 11:19:48.334970.334970 cuda_h.py:27] end restore_fused_tensors cost 0.642 ms
DEBUG 04-24 11:19:48.335067.335067 cuda_h.py:27] end group_fused_tensors_mp cost 0.972 ms
DEBUG 04-24 11:19:48.335763.335763 cuda_h.py:27] end restore_fused_tensors cost 0.600 ms
DEBUG 04-24 11:19:48.335334.335334 cuda_h.py:27] end group_fused_tensors_mp cost 0.873 ms
DEBUG 04-24 11:19:48.335068.335068 cuda_h.py:27] end restore2model cost 1.011 ms
DEBUG 04-24 11:19:48.336303.336303 cuda_h.py:27] end restore_fused_tensors cost 1.105 ms
DEBUG 04-24 11:19:48.335710.335710 cuda_h.py:27] end load_into_gpu_async_fused_experts_dual cost 3.118 ms
DEBUG 04-24 11:19:48.336084.336084 cuda_h.py:27] end group_fused_tensors_mp cost 1.478 ms
DEBUG 04-24 11:19:48.336569.336569 cuda_h.py:27] end sllm_worker_task cost 11.487 ms
DEBUG 04-24 11:19:48.336453.336453 cuda_h.py:27] end restore_tensors2_fused_experts_packed cost 0.262 ms
DEBUG 04-24 11:19:48.338041.338041 cuda_h.py:27] end restore_tensors2_fused_experts_slices cost 0.758 ms
DEBUG 04-24 11:19:48.338906.338906 cuda_h.py:27] end allocate_experts_cuda_memory_and_restore_model_multi_device_fused cost 8.116 ms
DEBUG 04-24 11:19:48.338600.338600 cuda_h.py:27] end gpu_sexperts cost 0.025 ms
DEBUG 04-24 11:19:48.339641.339641 cuda_h.py:27] end wait_load_qkvogn_s_weight cost 0.094 ms
DEBUG 04-24 11:19:48.345635.345635 mlpmodule.py:3373] [fused_group_bmm][steps] bmm1=6.545 ms split=0.204 ms act_mul=0.508 ms bmm2=3.447 ms
DEBUG 04-24 11:19:48.346173.346173 cuda_h.py:27] end fused_group_bmm cost 10.997 ms
DEBUG 04-24 11:19:48.346920.346920 cuda_h.py:27] end gather_outputs_group_fused_mp cost 0.699 ms
DEBUG 04-24 11:19:48.347077.347077 cuda_h.py:27] end cpu_experts_worker_bmm_or_einsum_0 cost 17.020 ms
DEBUG 04-24 11:19:48.349188.349188 mlpmodule.py:3373] [fused_group_bmm][steps] bmm1=9.670 ms split=0.174 ms act_mul=0.398 ms bmm2=3.564 ms
DEBUG 04-24 11:19:48.349527.349527 cuda_h.py:27] end fused_group_bmm cost 14.093 ms
DEBUG 04-24 11:19:48.350237.350237 cuda_h.py:27] end gather_outputs_group_fused_mp cost 0.562 ms
DEBUG 04-24 11:19:48.351215.351215 cuda_h.py:27] end cpu_experts_worker_bmm_or_einsum_1 cost 20.372 ms
DEBUG 04-24 11:19:48.352206.352206 mlpmodule.py:3373] [fused_group_bmm][steps] bmm1=11.203 ms split=0.180 ms act_mul=0.584 ms bmm2=4.678 ms
DEBUG 04-24 11:19:48.352598.352598 cuda_h.py:27] end fused_group_bmm cost 16.933 ms
DEBUG 04-24 11:19:48.353356.353356 cuda_h.py:27] end gather_outputs_group_fused_mp cost 0.448 ms
DEBUG 04-24 11:19:48.353114.353114 cuda_h.py:27] end cpu_experts_worker_bmm_or_einsum_3 cost 22.700 ms
DEBUG 04-24 11:19:48.353073.353073 mlpmodule.py:3373] [fused_group_bmm][steps] bmm1=12.087 ms split=0.154 ms act_mul=0.404 ms bmm2=4.356 ms
DEBUG 04-24 11:19:48.353014.353014 cuda_h.py:27] end fused_group_bmm cost 17.239 ms
DEBUG 04-24 11:19:48.354012.354012 cuda_h.py:27] end gather_outputs_group_fused_mp cost 0.460 ms
DEBUG 04-24 11:19:48.354475.354475 cuda_h.py:27] end cpu_experts_worker_bmm_or_einsum_2 cost 24.094 ms
DEBUG 04-24 11:19:48.357558.357558 cuda_h.py:27] end prepare_per_device_parameters cost 17.751 ms
DEBUG 04-24 11:19:48.359577.359577 cuda_h.py:27] end wait_experts_multi_device cost 2.402 ms
DEBUG 04-24 11:19:48.359725.359725 cuda_h.py:27] end *before fused experts* cost 29.416 ms
DEBUG 04-24 11:19:48.364373.364373 cuda_h.py:27] end gpu_experts_multi_device_fused cost 4.686 ms
DEBUG 04-24 11:19:48.364806.364806 cuda_h.py:27] end *gpu experts* cost 34.217 ms
DEBUG 04-24 11:19:48.366465.366465 cuda_h.py:27] end cpu_experts_scatter_reduce cost 0.565 ms
DEBUG 04-24 11:19:48.366553.366553 cuda_h.py:27] end cpu_thread_manager_mp_wait_fused cost 1.713 ms
DEBUG 04-24 11:19:48.366503.366503 cuda_h.py:27] end layer_moe_generate_mp_multi_device_fused_l_15 cost 38.617 ms
DEBUG 04-24 11:19:48.367912.367912 cuda_h.py:27] end *mlp cost 39.586 ms
DEBUG 04-24 11:19:48.367862.367862 cuda_h.py:27] end prefill_layer cost 43.339 ms
DEBUG 04-24 11:19:48.367710.367710 lmp.py:341] -------------------------------- end prefill layer 14 --------------------------------
DEBUG 04-24 11:19:48.367963.367963 lmp.py:294] -------------------------------- start prefill layer 15 --------------------------------
DEBUG 04-24 11:19:48.367615.367615 cuda_h.py:27] end start_load_qkvogn_s_weight_l_16 cost 0.056 ms
DEBUG 04-24 11:19:48.368267.368267 cuda_h.py:27] end allocate_cuda_memory cost 0.488 ms
DEBUG 04-24 11:19:48.368150.368150 sllm_store_c.py:27] get device uuid map
DEBUG 04-24 11:19:48.369872.369872 sllm_store_c.py:29] call client load into gpu
DEBUG 04-24 11:19:48.370723.370723 cuda_h.py:27] end **self_attn cost 1.814 ms
DEBUG 04-24 11:19:48.371621.371621 cuda_h.py:27] end *iln_self_attn_paln cost 3.402 ms
DEBUG 04-24 11:19:48.371952.371952 cuda_h.py:27] end load_into_gpu_async cost 2.594 ms
DEBUG 04-24 11:19:48.371533.371533 cuda_h.py:27] end restore_tensors2 cost 0.203 ms
DEBUG 04-24 11:19:48.372657.372657 cuda_h.py:27] end allocate_cuda_memory_and_load_into_gpu cost 4.105 ms
DEBUG 04-24 11:19:48.372908.372908 cuda_h.py:27] end gate cost 1.343 ms
DEBUG 04-24 11:19:48.373499.373499 cuda_h.py:27] end experts_map_get cost 0.322 ms
DEBUG 04-24 11:19:48.373150.373150 cuda_h.py:27] end *before experts start* cost 1.856 ms
DEBUG 04-24 11:19:48.373966.373966 cuda_h.py:27] end cpu_experts_submit_fused_mp cost 0.222 ms
DEBUG 04-24 11:19:48.375916.375916 cuda_h.py:27] end *single cpu experts* cost 2.073 ms
DEBUG 04-24 11:19:48.377085.377085 cuda_h.py:27] end prepare_group_stack cost 0.443 ms
DEBUG 04-24 11:19:48.377081.377081 cuda_h.py:27] end prepare_group_stack cost 0.469 ms
DEBUG 04-24 11:19:48.377324.377324 sllm_store_c.py:27] get device uuid map
DEBUG 04-24 11:19:48.377553.377553 cuda_h.py:27] end prepare_group_stack cost 0.607 ms
DEBUG 04-24 11:19:48.377316.377316 sllm_store_c.py:29] call client load into gpu
DEBUG 04-24 11:19:48.378267.378267 cuda_h.py:27] end prepare_group_stack cost 0.431 ms
DEBUG 04-24 11:19:48.378118.378118 cuda_h.py:27] end group stack cost 0.924 ms
DEBUG 04-24 11:19:48.378088.378088 cuda_h.py:27] end move_flatidxs_group_fused_mp cost 1.548 ms
DEBUG 04-24 11:19:48.378109.378109 cuda_h.py:27] end get_fused_experts_names_w cost 0.021 ms
DEBUG 04-24 11:19:48.378521.378521 cuda_h.py:27] end group stack cost 0.977 ms
DEBUG 04-24 11:19:48.379039.379039 cuda_h.py:27] end move_flatidxs_group_fused_mp cost 2.186 ms
DEBUG 04-24 11:19:48.379357.379357 cuda_h.py:27] end group stack cost 0.959 ms
DEBUG 04-24 11:19:48.379050.379050 cuda_h.py:27] end get_fused_experts_names_w cost 0.021 ms
DEBUG 04-24 11:19:48.379885.379885 cuda_h.py:27] end move_flatidxs_group_fused_mp cost 1.711 ms
DEBUG 04-24 11:19:48.379866.379866 cuda_h.py:27] end restore_fused_tensors cost 0.461 ms
DEBUG 04-24 11:19:48.379778.379778 cuda_h.py:27] end group_fused_tensors_mp cost 0.833 ms
DEBUG 04-24 11:19:48.379891.379891 cuda_h.py:27] end get_fused_experts_names_w cost 0.024 ms
DEBUG 04-24 11:19:48.379801.379801 cuda_h.py:27] end group stack cost 1.582 ms
DEBUG 04-24 11:19:48.379497.379497 cuda_h.py:27] end move_flatidxs_group_fused_mp cost 2.915 ms
DEBUG 04-24 11:19:48.380382.380382 cuda_h.py:27] end restore_fused_tensors cost 0.642 ms
DEBUG 04-24 11:19:48.380728.380728 cuda_h.py:27] end get_fused_experts_names_w cost 0.039 ms
DEBUG 04-24 11:19:48.380169.380169 cuda_h.py:27] end group_fused_tensors_mp cost 0.989 ms
DEBUG 04-24 11:19:48.380182.380182 cuda_h.py:27] end restore_fused_tensors cost 0.582 ms
DEBUG 04-24 11:19:48.380632.380632 cuda_h.py:27] end group_fused_tensors_mp cost 0.995 ms
DEBUG 04-24 11:19:48.380162.380162 cuda_h.py:27] end load_into_gpu_async_fused_experts_dual cost 3.079 ms
DEBUG 04-24 11:19:48.381188.381188 cuda_h.py:27] end restore_tensors2_fused_experts_packed cost 0.069 ms
DEBUG 04-24 11:19:48.381696.381696 cuda_h.py:27] end restore_tensors2_fused_experts_slices cost 0.282 ms
DEBUG 04-24 11:19:48.381693.381693 cuda_h.py:27] end restore_fused_tensors cost 1.195 ms
DEBUG 04-24 11:19:48.381417.381417 cuda_h.py:27] end group_fused_tensors_mp cost 1.640 ms
DEBUG 04-24 11:19:48.381539.381539 cuda_h.py:27] end allocate_experts_cuda_memory_and_restore_model_multi_device_fused cost 6.276 ms
DEBUG 04-24 11:19:48.381769.381769 cuda_h.py:27] end restore2model cost 3.110 ms
DEBUG 04-24 11:19:48.382873.382873 cuda_h.py:27] end gpu_sexperts cost 0.018 ms
DEBUG 04-24 11:19:48.382140.382140 cuda_h.py:27] end sllm_worker_task cost 14.390 ms
DEBUG 04-24 11:19:48.383463.383463 cuda_h.py:27] end wait_load_qkvogn_s_weight cost 0.539 ms
DEBUG 04-24 11:19:48.392353.392353 mlpmodule.py:3373] [fused_group_bmm][steps] bmm1=6.759 ms split=0.190 ms act_mul=0.543 ms bmm2=2.875 ms
DEBUG 04-24 11:19:48.393335.393335 cuda_h.py:27] end fused_group_bmm cost 10.890 ms
DEBUG 04-24 11:19:48.394504.394504 cuda_h.py:27] end gather_outputs_group_fused_mp cost 0.816 ms
DEBUG 04-24 11:19:48.394750.394750 cuda_h.py:27] end cpu_experts_worker_bmm_or_einsum_0 cost 19.025 ms
DEBUG 04-24 11:19:48.394855.394855 mlpmodule.py:3373] [fused_group_bmm][steps] bmm1=8.961 ms split=0.117 ms act_mul=0.323 ms bmm2=4.837 ms
DEBUG 04-24 11:19:48.395471.395471 cuda_h.py:27] end fused_group_bmm cost 14.689 ms
DEBUG 04-24 11:19:48.395241.395241 cuda_h.py:27] end gather_outputs_group_fused_mp cost 0.578 ms
DEBUG 04-24 11:19:48.396294.396294 cuda_h.py:27] end cpu_experts_worker_bmm_or_einsum_1 cost 20.757 ms
DEBUG 04-24 11:19:48.397473.397473 mlpmodule.py:3373] [fused_group_bmm][steps] bmm1=10.105 ms split=0.117 ms act_mul=0.520 ms bmm2=6.736 ms
DEBUG 04-24 11:19:48.397163.397163 cuda_h.py:27] end fused_group_bmm cost 17.738 ms
DEBUG 04-24 11:19:48.398023.398023 cuda_h.py:27] end gather_outputs_group_fused_mp cost 0.513 ms
DEBUG 04-24 11:19:48.398450.398450 cuda_h.py:27] end cpu_experts_worker_bmm_or_einsum_2 cost 23.103 ms
DEBUG 04-24 11:19:48.398849.398849 mlpmodule.py:3373] [fused_group_bmm][steps] bmm1=12.483 ms split=0.249 ms act_mul=0.481 ms bmm2=4.808 ms
DEBUG 04-24 11:19:48.399604.399604 cuda_h.py:27] end fused_group_bmm cost 18.436 ms
DEBUG 04-24 11:19:48.399674.399674 cuda_h.py:27] end gather_outputs_group_fused_mp cost 0.468 ms
DEBUG 04-24 11:19:48.400592.400592 cuda_h.py:27] end cpu_experts_worker_bmm_or_einsum_3 cost 23.679 ms
DEBUG 04-24 11:19:48.401747.401747 cuda_h.py:27] end prepare_per_device_parameters cost 17.712 ms
DEBUG 04-24 11:19:48.403470.403470 cuda_h.py:27] end wait_experts_multi_device cost 1.684 ms
DEBUG 04-24 11:19:48.403989.403989 cuda_h.py:27] end *before fused experts* cost 27.831 ms
DEBUG 04-24 11:19:48.408755.408755 cuda_h.py:27] end gpu_experts_multi_device_fused cost 5.439 ms
DEBUG 04-24 11:19:48.408301.408301 cuda_h.py:27] end *gpu experts* cost 33.397 ms
DEBUG 04-24 11:19:48.410176.410176 cuda_h.py:27] end cpu_experts_scatter_reduce cost 0.608 ms
DEBUG 04-24 11:19:48.410450.410450 cuda_h.py:27] end cpu_thread_manager_mp_wait_fused cost 1.822 ms
DEBUG 04-24 11:19:48.410591.410591 cuda_h.py:27] end layer_moe_generate_mp_multi_device_fused_l_16 cost 39.366 ms
DEBUG 04-24 11:19:48.411772.411772 cuda_h.py:27] end *mlp cost 40.410 ms
DEBUG 04-24 11:19:48.411642.411642 cuda_h.py:27] end prefill_layer cost 44.214 ms
DEBUG 04-24 11:19:48.412252.412252 lmp.py:341] -------------------------------- end prefill layer 15 --------------------------------
DEBUG 04-24 11:19:48.412385.412385 lmp.py:294] -------------------------------- start prefill layer 16 --------------------------------
DEBUG 04-24 11:19:48.412269.412269 cuda_h.py:27] end start_load_qkvogn_s_weight_l_17 cost 0.052 ms
DEBUG 04-24 11:19:48.412000.412000 cuda_h.py:27] end allocate_cuda_memory cost 0.321 ms
DEBUG 04-24 11:19:48.413372.413372 sllm_store_c.py:27] get device uuid map
DEBUG 04-24 11:19:48.413266.413266 sllm_store_c.py:29] call client load into gpu
DEBUG 04-24 11:19:48.414817.414817 cuda_h.py:27] end load_into_gpu_async cost 1.624 ms
DEBUG 04-24 11:19:48.414724.414724 cuda_h.py:27] end restore_tensors2 cost 0.105 ms
DEBUG 04-24 11:19:48.415541.415541 cuda_h.py:27] end allocate_cuda_memory_and_load_into_gpu cost 2.728 ms
DEBUG 04-24 11:19:48.415306.415306 cuda_h.py:27] end **self_attn cost 1.919 ms
DEBUG 04-24 11:19:48.415273.415273 cuda_h.py:27] end *iln_self_attn_paln cost 3.346 ms
DEBUG 04-24 11:19:48.416606.416606 cuda_h.py:27] end gate cost 0.546 ms
DEBUG 04-24 11:19:48.416077.416077 cuda_h.py:27] end experts_map_get cost 0.330 ms
DEBUG 04-24 11:19:48.416767.416767 cuda_h.py:27] end *before experts start* cost 1.027 ms
DEBUG 04-24 11:19:48.416451.416451 cuda_h.py:27] end cpu_experts_submit_fused_mp cost 0.230 ms
DEBUG 04-24 11:19:48.418297.418297 cuda_h.py:27] end *single cpu experts* cost 1.338 ms
DEBUG 04-24 11:19:48.419043.419043 cuda_h.py:27] end prepare_group_stack cost 0.524 ms
DEBUG 04-24 11:19:48.420893.420893 sllm_store_c.py:27] get device uuid map
DEBUG 04-24 11:19:48.420651.420651 sllm_store_c.py:29] call client load into gpu
DEBUG 04-24 11:19:48.420249.420249 cuda_h.py:27] end prepare_group_stack cost 0.408 ms
DEBUG 04-24 11:19:48.420586.420586 cuda_h.py:27] end prepare_group_stack cost 0.557 ms
DEBUG 04-24 11:19:48.420474.420474 cuda_h.py:27] end prepare_group_stack cost 0.518 ms
DEBUG 04-24 11:19:48.420208.420208 cuda_h.py:27] end group stack cost 1.225 ms
DEBUG 04-24 11:19:48.421470.421470 cuda_h.py:27] end move_flatidxs_group_fused_mp cost 2.040 ms
DEBUG 04-24 11:19:48.421519.421519 cuda_h.py:27] end get_fused_experts_names_w cost 0.021 ms
DEBUG 04-24 11:19:48.421084.421084 cuda_h.py:27] end group stack cost 0.827 ms
DEBUG 04-24 11:19:48.421887.421887 cuda_h.py:27] end group stack cost 1.060 ms
DEBUG 04-24 11:19:48.421468.421468 cuda_h.py:27] end move_flatidxs_group_fused_mp cost 1.814 ms
DEBUG 04-24 11:19:48.421362.421362 cuda_h.py:27] end move_flatidxs_group_fused_mp cost 1.723 ms
DEBUG 04-24 11:19:48.421963.421963 cuda_h.py:27] end get_fused_experts_names_w cost 0.022 ms
DEBUG 04-24 11:19:48.421652.421652 cuda_h.py:27] end get_fused_experts_names_w cost 0.024 ms
DEBUG 04-24 11:19:48.421779.421779 cuda_h.py:27] end group stack cost 1.224 ms
DEBUG 04-24 11:19:48.421878.421878 cuda_h.py:27] end move_flatidxs_group_fused_mp cost 2.156 ms
DEBUG 04-24 11:19:48.422224.422224 cuda_h.py:27] end restore_fused_tensors cost 0.084 ms
DEBUG 04-24 11:19:48.422644.422644 cuda_h.py:27] end group_fused_tensors_mp cost 0.374 ms
DEBUG 04-24 11:19:48.422942.422942 cuda_h.py:27] end get_fused_experts_names_w cost 0.020 ms
DEBUG 04-24 11:19:48.422857.422857 cuda_h.py:27] end restore_fused_tensors cost 0.587 ms
DEBUG 04-24 11:19:48.422300.422300 cuda_h.py:27] end group_fused_tensors_mp cost 0.986 ms
DEBUG 04-24 11:19:48.422079.422079 cuda_h.py:27] end restore_fused_tensors cost 0.515 ms
DEBUG 04-24 11:19:48.422114.422114 cuda_h.py:27] end group_fused_tensors_mp cost 0.769 ms
DEBUG 04-24 11:19:48.422726.422726 cuda_h.py:27] end restore_fused_tensors cost 0.474 ms
DEBUG 04-24 11:19:48.422231.422231 cuda_h.py:27] end group_fused_tensors_mp cost 0.727 ms
DEBUG 04-24 11:19:48.428701.428701 cuda_h.py:27] end restore2model cost 1.318 ms
DEBUG 04-24 11:19:48.428889.428889 cuda_h.py:27] end sllm_worker_task cost 16.469 ms
DEBUG 04-24 11:19:48.430180.430180 cuda_h.py:27] end load_into_gpu_async_fused_experts_dual cost 9.946 ms
DEBUG 04-24 11:19:48.430213.430213 cuda_h.py:27] end restore_tensors2_fused_experts_packed cost 0.174 ms
DEBUG 04-24 11:19:48.430582.430582 cuda_h.py:27] end restore_tensors2_fused_experts_slices cost 0.372 ms
DEBUG 04-24 11:19:48.431706.431706 cuda_h.py:27] end allocate_experts_cuda_memory_and_restore_model_multi_device_fused cost 12.941 ms
DEBUG 04-24 11:19:48.431325.431325 cuda_h.py:27] end gpu_sexperts cost 0.014 ms
DEBUG 04-24 11:19:48.431745.431745 cuda_h.py:27] end wait_load_qkvogn_s_weight cost 0.042 ms
DEBUG 04-24 11:19:48.434875.434875 mlpmodule.py:3373] [fused_group_bmm][steps] bmm1=6.741 ms split=0.149 ms act_mul=0.617 ms bmm2=4.180 ms
DEBUG 04-24 11:19:48.434348.434348 cuda_h.py:27] end fused_group_bmm cost 12.272 ms
DEBUG 04-24 11:19:48.435192.435192 cuda_h.py:27] end gather_outputs_group_fused_mp cost 0.808 ms
DEBUG 04-24 11:19:48.436104.436104 cuda_h.py:27] end cpu_experts_worker_bmm_or_einsum_0 cost 17.232 ms
DEBUG 04-24 11:19:48.436404.436404 mlpmodule.py:3373] [fused_group_bmm][steps] bmm1=8.588 ms split=0.106 ms act_mul=0.513 ms bmm2=4.470 ms
DEBUG 04-24 11:19:48.436191.436191 cuda_h.py:27] end fused_group_bmm cost 14.082 ms
DEBUG 04-24 11:19:48.436172.436172 mlpmodule.py:3373] [fused_group_bmm][steps] bmm1=8.445 ms split=0.095 ms act_mul=0.512 ms bmm2=4.909 ms
DEBUG 04-24 11:19:48.436616.436616 cuda_h.py:27] end fused_group_bmm cost 14.216 ms
DEBUG 04-24 11:19:48.437447.437447 cuda_h.py:27] end gather_outputs_group_fused_mp cost 0.506 ms
DEBUG 04-24 11:19:48.437114.437114 cuda_h.py:27] end gather_outputs_group_fused_mp cost 0.447 ms
DEBUG 04-24 11:19:48.437875.437875 cuda_h.py:27] end cpu_experts_worker_bmm_or_einsum_1 cost 19.935 ms
DEBUG 04-24 11:19:48.438616.438616 cuda_h.py:27] end cpu_experts_worker_bmm_or_einsum_3 cost 19.285 ms
DEBUG 04-24 11:19:48.439220.439220 mlpmodule.py:3373] [fused_group_bmm][steps] bmm1=9.097 ms split=0.138 ms act_mul=0.400 ms bmm2=6.502 ms
DEBUG 04-24 11:19:48.439081.439081 cuda_h.py:27] end fused_group_bmm cost 16.382 ms
DEBUG 04-24 11:19:48.440536.440536 cuda_h.py:27] end gather_outputs_group_fused_mp cost 0.463 ms
DEBUG 04-24 11:19:48.440947.440947 cuda_h.py:27] end cpu_experts_worker_bmm_or_einsum_2 cost 21.667 ms
DEBUG 04-24 11:19:48.447689.447689 cuda_h.py:27] end prepare_per_device_parameters cost 15.459 ms
DEBUG 04-24 11:19:48.450723.450723 cuda_h.py:27] end wait_experts_multi_device cost 3.243 ms
DEBUG 04-24 11:19:48.450355.450355 cuda_h.py:27] end *before fused experts* cost 32.527 ms
DEBUG 04-24 11:19:48.454393.454393 cuda_h.py:27] end gpu_experts_multi_device_fused cost 4.060 ms
DEBUG 04-24 11:19:48.454018.454018 cuda_h.py:27] end *gpu experts* cost 36.703 ms
DEBUG 04-24 11:19:48.456928.456928 cuda_h.py:27] end cpu_experts_scatter_reduce cost 0.558 ms
DEBUG 04-24 11:19:48.456162.456162 cuda_h.py:27] end cpu_thread_manager_mp_wait_fused cost 1.685 ms
DEBUG 04-24 11:19:48.456780.456780 cuda_h.py:27] end layer_moe_generate_mp_multi_device_fused_l_17 cost 40.959 ms
DEBUG 04-24 11:19:48.457287.457287 cuda_h.py:27] end *mlp cost 41.858 ms
DEBUG 04-24 11:19:48.457613.457613 cuda_h.py:27] end prefill_layer cost 45.393 ms
DEBUG 04-24 11:19:48.457270.457270 lmp.py:341] -------------------------------- end prefill layer 16 --------------------------------
DEBUG 04-24 11:19:48.457603.457603 lmp.py:294] -------------------------------- start prefill layer 17 --------------------------------
DEBUG 04-24 11:19:48.457725.457725 cuda_h.py:27] end start_load_qkvogn_s_weight_l_18 cost 0.053 ms
DEBUG 04-24 11:19:48.458092.458092 cuda_h.py:27] end allocate_cuda_memory cost 0.330 ms
DEBUG 04-24 11:19:48.458981.458981 sllm_store_c.py:27] get device uuid map
DEBUG 04-24 11:19:48.458021.458021 sllm_store_c.py:29] call client load into gpu
DEBUG 04-24 11:19:48.460866.460866 cuda_h.py:27] end load_into_gpu_async cost 1.703 ms
DEBUG 04-24 11:19:48.460925.460925 cuda_h.py:27] end restore_tensors2 cost 0.115 ms
DEBUG 04-24 11:19:48.460558.460558 cuda_h.py:27] end allocate_cuda_memory_and_load_into_gpu cost 2.649 ms
DEBUG 04-24 11:19:48.460849.460849 cuda_h.py:27] end **self_attn cost 1.912 ms
DEBUG 04-24 11:19:48.461027.461027 cuda_h.py:27] end *iln_self_attn_paln cost 3.335 ms
DEBUG 04-24 11:19:48.461656.461656 cuda_h.py:27] end gate cost 0.523 ms
DEBUG 04-24 11:19:48.462100.462100 cuda_h.py:27] end experts_map_get cost 0.310 ms
DEBUG 04-24 11:19:48.462506.462506 cuda_h.py:27] end *before experts start* cost 0.985 ms
DEBUG 04-24 11:19:48.462991.462991 cuda_h.py:27] end cpu_experts_submit_fused_mp cost 0.225 ms
DEBUG 04-24 11:19:48.463259.463259 cuda_h.py:27] end *single cpu experts* cost 1.506 ms
DEBUG 04-24 11:19:48.465525.465525 cuda_h.py:27] end prepare_group_stack cost 0.640 ms
DEBUG 04-24 11:19:48.465326.465326 cuda_h.py:27] end prepare_group_stack cost 0.553 ms
DEBUG 04-24 11:19:48.465765.465765 cuda_h.py:27] end prepare_group_stack cost 0.662 ms
DEBUG 04-24 11:19:48.466101.466101 cuda_h.py:27] end prepare_group_stack cost 0.492 ms
DEBUG 04-24 11:19:48.466041.466041 sllm_store_c.py:27] get device uuid map
DEBUG 04-24 11:19:48.466267.466267 cuda_h.py:27] end group stack cost 1.044 ms
DEBUG 04-24 11:19:48.466454.466454 sllm_store_c.py:29] call client load into gpu
DEBUG 04-24 11:19:48.466761.466761 cuda_h.py:27] end move_flatidxs_group_fused_mp cost 1.896 ms
DEBUG 04-24 11:19:48.467004.467004 cuda_h.py:27] end group stack cost 1.319 ms
DEBUG 04-24 11:19:48.467006.467006 cuda_h.py:27] end get_fused_experts_names_w cost 0.024 ms
DEBUG 04-24 11:19:48.467160.467160 cuda_h.py:27] end group stack cost 1.415 ms
DEBUG 04-24 11:19:48.467101.467101 cuda_h.py:27] end move_flatidxs_group_fused_mp cost 2.400 ms
DEBUG 04-24 11:19:48.467511.467511 cuda_h.py:27] end move_flatidxs_group_fused_mp cost 2.406 ms
DEBUG 04-24 11:19:48.467139.467139 cuda_h.py:27] end get_fused_experts_names_w cost 0.023 ms
DEBUG 04-24 11:19:48.467784.467784 cuda_h.py:27] end get_fused_experts_names_w cost 0.057 ms
DEBUG 04-24 11:19:48.467956.467956 cuda_h.py:27] end group stack cost 1.294 ms
DEBUG 04-24 11:19:48.467153.467153 cuda_h.py:27] end restore_fused_tensors cost 0.604 ms
DEBUG 04-24 11:19:48.468936.468936 cuda_h.py:27] end move_flatidxs_group_fused_mp cost 2.115 ms
DEBUG 04-24 11:19:48.468056.468056 cuda_h.py:27] end group_fused_tensors_mp cost 0.908 ms
DEBUG 04-24 11:19:48.468818.468818 cuda_h.py:27] end get_fused_experts_names_w cost 0.024 ms
DEBUG 04-24 11:19:48.468385.468385 cuda_h.py:27] end restore_fused_tensors cost 0.610 ms
DEBUG 04-24 11:19:48.468427.468427 cuda_h.py:27] end group_fused_tensors_mp cost 0.906 ms
DEBUG 04-24 11:19:48.468113.468113 cuda_h.py:27] end restore_fused_tensors cost 0.777 ms
DEBUG 04-24 11:19:48.468691.468691 cuda_h.py:27] end load_into_gpu_async_fused_experts_dual cost 1.819 ms
DEBUG 04-24 11:19:48.468421.468421 cuda_h.py:27] end group_fused_tensors_mp cost 1.092 ms
DEBUG 04-24 11:19:48.468767.468767 cuda_h.py:27] end restore_tensors2_fused_experts_packed cost 0.073 ms
DEBUG 04-24 11:19:48.469253.469253 cuda_h.py:27] end restore_fused_tensors cost 0.561 ms
DEBUG 04-24 11:19:48.469540.469540 cuda_h.py:27] end group_fused_tensors_mp cost 0.841 ms
DEBUG 04-24 11:19:48.469513.469513 cuda_h.py:27] end restore2model cost 1.266 ms
DEBUG 04-24 11:19:48.469407.469407 cuda_h.py:27] end restore_tensors2_fused_experts_slices cost 0.661 ms
DEBUG 04-24 11:19:48.470219.470219 cuda_h.py:27] end sllm_worker_task cost 12.251 ms
DEBUG 04-24 11:19:48.471011.471011 cuda_h.py:27] end allocate_experts_cuda_memory_and_restore_model_multi_device_fused cost 7.117 ms
DEBUG 04-24 11:19:48.472713.472713 cuda_h.py:27] end gpu_sexperts cost 0.046 ms
DEBUG 04-24 11:19:48.472375.472375 cuda_h.py:27] end wait_load_qkvogn_s_weight cost 0.105 ms
DEBUG 04-24 11:19:48.481909.481909 mlpmodule.py:3373] [fused_group_bmm][steps] bmm1=7.239 ms split=0.131 ms act_mul=0.445 ms bmm2=5.215 ms
DEBUG 04-24 11:19:48.481931.481931 cuda_h.py:27] end fused_group_bmm cost 13.591 ms
DEBUG 04-24 11:19:48.482880.482880 cuda_h.py:27] end gather_outputs_group_fused_mp cost 0.787 ms
DEBUG 04-24 11:19:48.483502.483502 cuda_h.py:27] end cpu_experts_worker_bmm_or_einsum_0 cost 19.858 ms
DEBUG 04-24 11:19:48.484608.484608 mlpmodule.py:3373] [fused_group_bmm][steps] bmm1=9.404 ms split=0.180 ms act_mul=0.449 ms bmm2=5.114 ms
DEBUG 04-24 11:19:48.484649.484649 cuda_h.py:27] end fused_group_bmm cost 15.423 ms
DEBUG 04-24 11:19:48.484656.484656 mlpmodule.py:3373] [fused_group_bmm][steps] bmm1=8.762 ms split=0.200 ms act_mul=0.524 ms bmm2=5.899 ms
DEBUG 04-24 11:19:48.485306.485306 cuda_h.py:27] end fused_group_bmm cost 15.650 ms
DEBUG 04-24 11:19:48.485729.485729 cuda_h.py:27] end gather_outputs_group_fused_mp cost 0.528 ms
DEBUG 04-24 11:19:48.485772.485772 cuda_h.py:27] end gather_outputs_group_fused_mp cost 0.434 ms
DEBUG 04-24 11:19:48.485607.485607 cuda_h.py:27] end cpu_experts_worker_bmm_or_einsum_1 cost 21.808 ms
DEBUG 04-24 11:19:48.486113.486113 cuda_h.py:27] end cpu_experts_worker_bmm_or_einsum_3 cost 21.325 ms
DEBUG 04-24 11:19:48.487700.487700 mlpmodule.py:3373] [fused_group_bmm][steps] bmm1=10.907 ms split=0.402 ms act_mul=0.766 ms bmm2=6.852 ms
DEBUG 04-24 11:19:48.487364.487364 cuda_h.py:27] end fused_group_bmm cost 19.221 ms
DEBUG 04-24 11:19:48.488601.488601 cuda_h.py:27] end gather_outputs_group_fused_mp cost 0.517 ms
DEBUG 04-24 11:19:48.488704.488704 cuda_h.py:27] end prepare_per_device_parameters cost 15.849 ms
DEBUG 04-24 11:19:48.489317.489317 cuda_h.py:27] end cpu_experts_worker_bmm_or_einsum_2 cost 25.442 ms
DEBUG 04-24 11:19:48.494234.494234 cuda_h.py:27] end wait_experts_multi_device cost 5.599 ms
DEBUG 04-24 11:19:48.494998.494998 cuda_h.py:27] end *before fused experts* cost 30.716 ms
DEBUG 04-24 11:19:48.499236.499236 cuda_h.py:27] end gpu_experts_multi_device_fused cost 4.874 ms
DEBUG 04-24 11:19:48.499351.499351 cuda_h.py:27] end *gpu experts* cost 35.716 ms
DEBUG 04-24 11:19:48.501620.501620 cuda_h.py:27] end cpu_experts_scatter_reduce cost 0.544 ms
DEBUG 04-24 11:19:48.501324.501324 cuda_h.py:27] end cpu_thread_manager_mp_wait_fused cost 1.736 ms
DEBUG 04-24 11:19:48.501466.501466 cuda_h.py:27] end layer_moe_generate_mp_multi_device_fused_l_18 cost 40.141 ms
DEBUG 04-24 11:19:48.502256.502256 cuda_h.py:27] end *mlp cost 40.792 ms
DEBUG 04-24 11:19:48.502510.502510 cuda_h.py:27] end prefill_layer cost 44.313 ms
DEBUG 04-24 11:19:48.502167.502167 lmp.py:341] -------------------------------- end prefill layer 17 --------------------------------
DEBUG 04-24 11:19:48.502070.502070 lmp.py:294] -------------------------------- start prefill layer 18 --------------------------------
DEBUG 04-24 11:19:48.502047.502047 cuda_h.py:27] end start_load_qkvogn_s_weight_l_19 cost 0.052 ms
DEBUG 04-24 11:19:48.503044.503044 cuda_h.py:27] end allocate_cuda_memory cost 0.328 ms
DEBUG 04-24 11:19:48.503940.503940 sllm_store_c.py:27] get device uuid map
DEBUG 04-24 11:19:48.503925.503925 sllm_store_c.py:29] call client load into gpu
DEBUG 04-24 11:19:48.505542.505542 cuda_h.py:27] end **self_attn cost 1.566 ms
DEBUG 04-24 11:19:48.505412.505412 cuda_h.py:27] end load_into_gpu_async cost 2.017 ms
DEBUG 04-24 11:19:48.505979.505979 cuda_h.py:27] end restore_tensors2 cost 0.130 ms
DEBUG 04-24 11:19:48.505676.505676 cuda_h.py:27] end allocate_cuda_memory_and_load_into_gpu cost 3.048 ms
DEBUG 04-24 11:19:48.506639.506639 cuda_h.py:27] end *iln_self_attn_paln cost 3.492 ms
DEBUG 04-24 11:19:48.506919.506919 cuda_h.py:27] end gate cost 0.529 ms
DEBUG 04-24 11:19:48.507184.507184 cuda_h.py:27] end experts_map_get cost 0.313 ms
DEBUG 04-24 11:19:48.507351.507351 cuda_h.py:27] end *before experts start* cost 0.999 ms
DEBUG 04-24 11:19:48.507068.507068 cuda_h.py:27] end cpu_experts_submit_fused_mp cost 0.220 ms
DEBUG 04-24 11:19:48.508491.508491 cuda_h.py:27] end *single cpu experts* cost 1.577 ms
DEBUG 04-24 11:19:48.510383.510383 cuda_h.py:27] end prepare_group_stack cost 0.480 ms
DEBUG 04-24 11:19:48.510326.510326 cuda_h.py:27] end prepare_group_stack cost 0.495 ms
DEBUG 04-24 11:19:48.511355.511355 cuda_h.py:27] end prepare_group_stack cost 0.423 ms
DEBUG 04-24 11:19:48.511359.511359 cuda_h.py:27] end prepare_group_stack cost 0.510 ms
DEBUG 04-24 11:19:48.511542.511542 cuda_h.py:27] end group stack cost 1.109 ms
DEBUG 04-24 11:19:48.511156.511156 cuda_h.py:27] end group stack cost 1.104 ms
DEBUG 04-24 11:19:48.511020.511020 sllm_store_c.py:27] get device uuid map
DEBUG 04-24 11:19:48.511447.511447 sllm_store_c.py:29] call client load into gpu
DEBUG 04-24 11:19:48.511619.511619 cuda_h.py:27] end move_flatidxs_group_fused_mp cost 2.213 ms
DEBUG 04-24 11:19:48.512972.512972 cuda_h.py:27] end move_flatidxs_group_fused_mp cost 2.184 ms
DEBUG 04-24 11:19:48.512068.512068 cuda_h.py:27] end get_fused_experts_names_w cost 0.020 ms
DEBUG 04-24 11:19:48.512990.512990 cuda_h.py:27] end get_fused_experts_names_w cost 0.037 ms
DEBUG 04-24 11:19:48.512767.512767 cuda_h.py:27] end group stack cost 1.121 ms
DEBUG 04-24 11:19:48.512724.512724 cuda_h.py:27] end move_flatidxs_group_fused_mp cost 1.764 ms
DEBUG 04-24 11:19:48.512363.512363 cuda_h.py:27] end group stack cost 0.947 ms
DEBUG 04-24 11:19:48.512587.512587 cuda_h.py:27] end get_fused_experts_names_w cost 0.023 ms
DEBUG 04-24 11:19:48.512786.512786 cuda_h.py:27] end move_flatidxs_group_fused_mp cost 1.999 ms
DEBUG 04-24 11:19:48.512059.512059 cuda_h.py:27] end restore_fused_tensors cost 0.616 ms
DEBUG 04-24 11:19:48.512937.512937 cuda_h.py:27] end group_fused_tensors_mp cost 0.876 ms
DEBUG 04-24 11:19:48.512428.512428 cuda_h.py:27] end get_fused_experts_names_w cost 0.025 ms
DEBUG 04-24 11:19:48.513080.513080 cuda_h.py:27] end restore_fused_tensors cost 1.201 ms
DEBUG 04-24 11:19:48.513540.513540 cuda_h.py:27] end restore2model cost 0.934 ms
DEBUG 04-24 11:19:48.513640.513640 cuda_h.py:27] end group_fused_tensors_mp cost 1.470 ms
DEBUG 04-24 11:19:48.513443.513443 cuda_h.py:27] end restore_fused_tensors cost 0.682 ms
DEBUG 04-24 11:19:48.513050.513050 cuda_h.py:27] end restore_fused_tensors cost 0.590 ms
DEBUG 04-24 11:19:48.513360.513360 cuda_h.py:27] end group_fused_tensors_mp cost 1.159 ms
DEBUG 04-24 11:19:48.513850.513850 cuda_h.py:27] end group_fused_tensors_mp cost 0.975 ms
DEBUG 04-24 11:19:48.513660.513660 cuda_h.py:27] end load_into_gpu_async_fused_experts_dual cost 2.291 ms
DEBUG 04-24 11:19:48.513525.513525 cuda_h.py:27] end sllm_worker_task cost 11.182 ms
DEBUG 04-24 11:19:48.514812.514812 cuda_h.py:27] end restore_tensors2_fused_experts_packed cost 0.166 ms
DEBUG 04-24 11:19:48.515089.515089 cuda_h.py:27] end restore_tensors2_fused_experts_slices cost 0.785 ms
DEBUG 04-24 11:19:48.516345.516345 cuda_h.py:27] end allocate_experts_cuda_memory_and_restore_model_multi_device_fused cost 7.765 ms
DEBUG 04-24 11:19:48.516394.516394 cuda_h.py:27] end gpu_sexperts cost 0.040 ms
DEBUG 04-24 11:19:48.517125.517125 cuda_h.py:27] end wait_load_qkvogn_s_weight cost 0.129 ms
DEBUG 04-24 11:19:48.525400.525400 mlpmodule.py:3373] [fused_group_bmm][steps] bmm1=7.736 ms split=0.205 ms act_mul=0.534 ms bmm2=3.382 ms
DEBUG 04-24 11:19:48.526005.526005 cuda_h.py:27] end fused_group_bmm cost 12.428 ms
DEBUG 04-24 11:19:48.527380.527380 cuda_h.py:27] end gather_outputs_group_fused_mp cost 0.846 ms
DEBUG 04-24 11:19:48.527730.527730 cuda_h.py:27] end cpu_experts_worker_bmm_or_einsum_0 cost 18.990 ms
DEBUG 04-24 11:19:48.528508.528508 mlpmodule.py:3373] [fused_group_bmm][steps] bmm1=9.975 ms split=0.174 ms act_mul=0.441 ms bmm2=4.754 ms
DEBUG 04-24 11:19:48.528470.528470 cuda_h.py:27] end fused_group_bmm cost 15.631 ms
DEBUG 04-24 11:19:48.529571.529571 cuda_h.py:27] end gather_outputs_group_fused_mp cost 0.563 ms
DEBUG 04-24 11:19:48.530828.530828 cuda_h.py:27] end cpu_experts_worker_bmm_or_einsum_1 cost 21.372 ms
DEBUG 04-24 11:19:48.531837.531837 mlpmodule.py:3373] [fused_group_bmm][steps] bmm1=12.531 ms split=0.207 ms act_mul=0.459 ms bmm2=4.128 ms
DEBUG 04-24 11:19:48.531595.531595 cuda_h.py:27] end fused_group_bmm cost 17.636 ms
DEBUG 04-24 11:19:48.532884.532884 cuda_h.py:27] end gather_outputs_group_fused_mp cost 0.476 ms
DEBUG 04-24 11:19:48.532617.532617 mlpmodule.py:3373] [fused_group_bmm][steps] bmm1=13.309 ms split=0.164 ms act_mul=0.466 ms bmm2=4.296 ms
DEBUG 04-24 11:19:48.532929.532929 cuda_h.py:27] end fused_group_bmm cost 18.493 ms
DEBUG 04-24 11:19:48.532848.532848 cuda_h.py:27] end cpu_experts_worker_bmm_or_einsum_3 cost 23.203 ms
DEBUG 04-24 11:19:48.533711.533711 cuda_h.py:27] end gather_outputs_group_fused_mp cost 0.476 ms
DEBUG 04-24 11:19:48.533545.533545 cuda_h.py:27] end cpu_experts_worker_bmm_or_einsum_2 cost 24.234 ms
DEBUG 04-24 11:19:48.534088.534088 cuda_h.py:27] end prepare_per_device_parameters cost 16.691 ms
DEBUG 04-24 11:19:48.538973.538973 cuda_h.py:27] end wait_experts_multi_device cost 4.154 ms
DEBUG 04-24 11:19:48.538883.538883 cuda_h.py:27] end *before fused experts* cost 30.006 ms
DEBUG 04-24 11:19:48.543058.543058 cuda_h.py:27] end gpu_experts_multi_device_fused cost 4.969 ms
DEBUG 04-24 11:19:48.543312.543312 cuda_h.py:27] end *gpu experts* cost 35.097 ms
DEBUG 04-24 11:19:48.545699.545699 cuda_h.py:27] end cpu_experts_scatter_reduce cost 0.568 ms
DEBUG 04-24 11:19:48.545264.545264 cuda_h.py:27] end cpu_thread_manager_mp_wait_fused cost 1.685 ms
DEBUG 04-24 11:19:48.545975.545975 cuda_h.py:27] end layer_moe_generate_mp_multi_device_fused_l_19 cost 39.590 ms
DEBUG 04-24 11:19:48.546829.546829 cuda_h.py:27] end *mlp cost 40.395 ms
DEBUG 04-24 11:19:48.546097.546097 cuda_h.py:27] end prefill_layer cost 44.120 ms
DEBUG 04-24 11:19:48.546145.546145 lmp.py:341] -------------------------------- end prefill layer 18 --------------------------------
DEBUG 04-24 11:19:48.546271.546271 lmp.py:294] -------------------------------- start prefill layer 19 --------------------------------
DEBUG 04-24 11:19:48.546849.546849 cuda_h.py:27] end start_load_qkvogn_s_weight_l_20 cost 0.057 ms
DEBUG 04-24 11:19:48.547144.547144 cuda_h.py:27] end allocate_cuda_memory cost 0.321 ms
DEBUG 04-24 11:19:48.547742.547742 sllm_store_c.py:27] get device uuid map
DEBUG 04-24 11:19:48.548349.548349 sllm_store_c.py:29] call client load into gpu
DEBUG 04-24 11:19:48.549622.549622 cuda_h.py:27] end **self_attn cost 1.522 ms
DEBUG 04-24 11:19:48.549433.549433 cuda_h.py:27] end *iln_self_attn_paln cost 2.847 ms
DEBUG 04-24 11:19:48.549405.549405 cuda_h.py:27] end load_into_gpu_async cost 2.169 ms
DEBUG 04-24 11:19:48.550500.550500 cuda_h.py:27] end restore_tensors2 cost 0.113 ms
DEBUG 04-24 11:19:48.550774.550774 cuda_h.py:27] end allocate_cuda_memory_and_load_into_gpu cost 3.179 ms
DEBUG 04-24 11:19:48.550464.550464 cuda_h.py:27] end gate cost 0.916 ms
DEBUG 04-24 11:19:48.551790.551790 cuda_h.py:27] end experts_map_get cost 0.304 ms
DEBUG 04-24 11:19:48.551818.551818 cuda_h.py:27] end *before experts start* cost 1.406 ms
DEBUG 04-24 11:19:48.551230.551230 cuda_h.py:27] end cpu_experts_submit_fused_mp cost 0.204 ms
DEBUG 04-24 11:19:48.552918.552918 cuda_h.py:27] end *single cpu experts* cost 1.373 ms
DEBUG 04-24 11:19:48.553045.553045 cuda_h.py:27] end prepare_group_stack cost 0.487 ms
DEBUG 04-24 11:19:48.554623.554623 cuda_h.py:27] end group stack cost 0.765 ms
DEBUG 04-24 11:19:48.554414.554414 cuda_h.py:27] end move_flatidxs_group_fused_mp cost 1.441 ms
DEBUG 04-24 11:19:48.554218.554218 cuda_h.py:27] end get_fused_experts_names_w cost 0.018 ms
DEBUG 04-24 11:19:48.554026.554026 cuda_h.py:27] end prepare_group_stack cost 0.381 ms
DEBUG 04-24 11:19:48.555468.555468 cuda_h.py:27] end prepare_group_stack cost 0.548 ms
DEBUG 04-24 11:19:48.555203.555203 cuda_h.py:27] end prepare_group_stack cost 0.481 ms
DEBUG 04-24 11:19:48.555781.555781 sllm_store_c.py:27] get device uuid map
DEBUG 04-24 11:19:48.555348.555348 sllm_store_c.py:29] call client load into gpu
DEBUG 04-24 11:19:48.555817.555817 cuda_h.py:27] end restore_fused_tensors cost 0.491 ms
DEBUG 04-24 11:19:48.555275.555275 cuda_h.py:27] end group_fused_tensors_mp cost 0.941 ms
DEBUG 04-24 11:19:48.556593.556593 cuda_h.py:27] end group stack cost 0.901 ms
DEBUG 04-24 11:19:48.556727.556727 cuda_h.py:27] end group stack cost 0.907 ms
DEBUG 04-24 11:19:48.556596.556596 cuda_h.py:27] end move_flatidxs_group_fused_mp cost 1.624 ms
DEBUG 04-24 11:19:48.556085.556085 cuda_h.py:27] end get_fused_experts_names_w cost 0.024 ms
DEBUG 04-24 11:19:48.556416.556416 cuda_h.py:27] end move_flatidxs_group_fused_mp cost 1.711 ms
DEBUG 04-24 11:19:48.556416.556416 cuda_h.py:27] end group stack cost 1.136 ms
DEBUG 04-24 11:19:48.556051.556051 cuda_h.py:27] end get_fused_experts_names_w cost 0.027 ms
DEBUG 04-24 11:19:48.556734.556734 cuda_h.py:27] end move_flatidxs_group_fused_mp cost 1.991 ms
DEBUG 04-24 11:19:48.556805.556805 cuda_h.py:27] end get_fused_experts_names_w cost 0.022 ms
DEBUG 04-24 11:19:48.557611.557611 cuda_h.py:27] end restore_fused_tensors cost 0.530 ms
DEBUG 04-24 11:19:48.557984.557984 cuda_h.py:27] end group_fused_tensors_mp cost 0.761 ms
DEBUG 04-24 11:19:48.557076.557076 cuda_h.py:27] end restore_fused_tensors cost 0.594 ms
DEBUG 04-24 11:19:48.557791.557791 cuda_h.py:27] end restore_fused_tensors cost 0.792 ms
DEBUG 04-24 11:19:48.557370.557370 cuda_h.py:27] end group_fused_tensors_mp cost 0.863 ms
DEBUG 04-24 11:19:48.557244.557244 cuda_h.py:27] end group_fused_tensors_mp cost 1.052 ms
DEBUG 04-24 11:19:48.558867.558867 cuda_h.py:27] end restore2model cost 0.939 ms
DEBUG 04-24 11:19:48.558424.558424 cuda_h.py:27] end sllm_worker_task cost 11.316 ms
DEBUG 04-24 11:19:48.558630.558630 cuda_h.py:27] end load_into_gpu_async_fused_experts_dual cost 3.347 ms
DEBUG 04-24 11:19:48.560729.560729 cuda_h.py:27] end restore_tensors2_fused_experts_packed cost 0.574 ms
DEBUG 04-24 11:19:48.561316.561316 cuda_h.py:27] end restore_tensors2_fused_experts_slices cost 0.639 ms
DEBUG 04-24 11:19:48.561803.561803 cuda_h.py:27] end allocate_experts_cuda_memory_and_restore_model_multi_device_fused cost 8.747 ms
DEBUG 04-24 11:19:48.561483.561483 cuda_h.py:27] end gpu_sexperts cost 0.023 ms
DEBUG 04-24 11:19:48.562521.562521 cuda_h.py:27] end wait_load_qkvogn_s_weight cost 0.057 ms
DEBUG 04-24 11:19:48.569004.569004 mlpmodule.py:3373] [fused_group_bmm][steps] bmm1=6.637 ms split=0.127 ms act_mul=0.421 ms bmm2=4.577 ms
DEBUG 04-24 11:19:48.569309.569309 cuda_h.py:27] end fused_group_bmm cost 12.245 ms
DEBUG 04-24 11:19:48.570778.570778 cuda_h.py:27] end gather_outputs_group_fused_mp cost 0.501 ms
DEBUG 04-24 11:19:48.570333.570333 mlpmodule.py:3373] [fused_group_bmm][steps] bmm1=8.173 ms split=0.113 ms act_mul=0.413 ms bmm2=5.725 ms
DEBUG 04-24 11:19:48.570471.570471 cuda_h.py:27] end fused_group_bmm cost 14.843 ms
DEBUG 04-24 11:19:48.571398.571398 cuda_h.py:27] end cpu_experts_worker_bmm_or_einsum_0 cost 17.563 ms
DEBUG 04-24 11:19:48.571840.571840 cuda_h.py:27] end gather_outputs_group_fused_mp cost 0.554 ms
DEBUG 04-24 11:19:48.572573.572573 cuda_h.py:27] end cpu_experts_worker_bmm_or_einsum_1 cost 19.647 ms
DEBUG 04-24 11:19:48.574710.574710 mlpmodule.py:3373] [fused_group_bmm][steps] bmm1=11.842 ms split=0.262 ms act_mul=0.444 ms bmm2=4.219 ms
DEBUG 04-24 11:19:48.574373.574373 cuda_h.py:27] end fused_group_bmm cost 17.044 ms
DEBUG 04-24 11:19:48.574457.574457 cuda_h.py:27] end gather_outputs_group_fused_mp cost 0.403 ms
DEBUG 04-24 11:19:48.575798.575798 cuda_h.py:27] end cpu_experts_worker_bmm_or_einsum_3 cost 22.040 ms
DEBUG 04-24 11:19:48.576653.576653 mlpmodule.py:3373] [fused_group_bmm][steps] bmm1=13.721 ms split=0.110 ms act_mul=0.457 ms bmm2=4.295 ms
DEBUG 04-24 11:19:48.576647.576647 cuda_h.py:27] end fused_group_bmm cost 18.820 ms
DEBUG 04-24 11:19:48.577957.577957 cuda_h.py:27] end gather_outputs_group_fused_mp cost 0.417 ms
DEBUG 04-24 11:19:48.577089.577089 cuda_h.py:27] end cpu_experts_worker_bmm_or_einsum_2 cost 24.401 ms
DEBUG 04-24 11:19:48.578451.578451 cuda_h.py:27] end prepare_per_device_parameters cost 16.297 ms
DEBUG 04-24 11:19:48.580279.580279 cuda_h.py:27] end wait_experts_multi_device cost 1.455 ms
DEBUG 04-24 11:19:48.580374.580374 cuda_h.py:27] end *before fused experts* cost 27.580 ms
DEBUG 04-24 11:19:48.585571.585571 cuda_h.py:27] end gpu_experts_multi_device_fused cost 4.667 ms
DEBUG 04-24 11:19:48.585647.585647 cuda_h.py:27] end *gpu experts* cost 32.380 ms
DEBUG 04-24 11:19:48.586893.586893 cuda_h.py:27] end cpu_experts_scatter_reduce cost 0.501 ms
DEBUG 04-24 11:19:48.586836.586836 cuda_h.py:27] end cpu_thread_manager_mp_wait_fused cost 1.641 ms
DEBUG 04-24 11:19:48.586785.586785 cuda_h.py:27] end layer_moe_generate_mp_multi_device_fused_l_20 cost 37.022 ms
DEBUG 04-24 11:19:48.587338.587338 cuda_h.py:27] end *mlp cost 37.693 ms
DEBUG 04-24 11:19:48.587407.587407 cuda_h.py:27] end prefill_layer cost 41.039 ms
DEBUG 04-24 11:19:48.587302.587302 lmp.py:341] -------------------------------- end prefill layer 19 --------------------------------
DEBUG 04-24 11:19:48.587281.587281 lmp.py:294] -------------------------------- start prefill layer 20 --------------------------------
DEBUG 04-24 11:19:48.588403.588403 cuda_h.py:27] end start_load_qkvogn_s_weight_l_21 cost 0.053 ms
DEBUG 04-24 11:19:48.588686.588686 cuda_h.py:27] end allocate_cuda_memory cost 0.326 ms
DEBUG 04-24 11:19:48.588579.588579 sllm_store_c.py:27] get device uuid map
DEBUG 04-24 11:19:48.589816.589816 sllm_store_c.py:29] call client load into gpu
DEBUG 04-24 11:19:48.590307.590307 cuda_h.py:27] end **self_attn cost 1.754 ms
DEBUG 04-24 11:19:48.590283.590283 cuda_h.py:27] end *iln_self_attn_paln cost 2.993 ms
DEBUG 04-24 11:19:48.591094.591094 cuda_h.py:27] end load_into_gpu_async cost 2.727 ms
DEBUG 04-24 11:19:48.591127.591127 cuda_h.py:27] end restore_tensors2 cost 0.116 ms
DEBUG 04-24 11:19:48.591038.591038 cuda_h.py:27] end allocate_cuda_memory_and_load_into_gpu cost 3.612 ms
DEBUG 04-24 11:19:48.591509.591509 cuda_h.py:27] end gate cost 0.930 ms
DEBUG 04-24 11:19:48.592993.592993 cuda_h.py:27] end experts_map_get cost 0.311 ms
DEBUG 04-24 11:19:48.592353.592353 cuda_h.py:27] end *before experts start* cost 1.430 ms
DEBUG 04-24 11:19:48.592440.592440 cuda_h.py:27] end cpu_experts_submit_fused_mp cost 0.212 ms
DEBUG 04-24 11:19:48.593083.593083 cuda_h.py:27] end *single cpu experts* cost 1.417 ms
DEBUG 04-24 11:19:48.595236.595236 cuda_h.py:27] end prepare_group_stack cost 0.428 ms
DEBUG 04-24 11:19:48.595529.595529 cuda_h.py:27] end prepare_group_stack cost 0.440 ms
DEBUG 04-24 11:19:48.596054.596054 cuda_h.py:27] end prepare_group_stack cost 0.359 ms
DEBUG 04-24 11:19:48.596459.596459 cuda_h.py:27] end prepare_group_stack cost 0.427 ms
DEBUG 04-24 11:19:48.596546.596546 cuda_h.py:27] end group stack cost 0.877 ms
DEBUG 04-24 11:19:48.596787.596787 cuda_h.py:27] end group stack cost 0.911 ms
DEBUG 04-24 11:19:48.596636.596636 cuda_h.py:27] end move_flatidxs_group_fused_mp cost 1.512 ms
DEBUG 04-24 11:19:48.596772.596772 cuda_h.py:27] end move_flatidxs_group_fused_mp cost 1.794 ms
DEBUG 04-24 11:19:48.596554.596554 cuda_h.py:27] end get_fused_experts_names_w cost 0.023 ms
DEBUG 04-24 11:19:48.596024.596024 sllm_store_c.py:27] get device uuid map
DEBUG 04-24 11:19:48.597745.597745 cuda_h.py:27] end get_fused_experts_names_w cost 0.023 ms
DEBUG 04-24 11:19:48.597680.597680 sllm_store_c.py:29] call client load into gpu
DEBUG 04-24 11:19:48.597402.597402 cuda_h.py:27] end group stack cost 0.989 ms
DEBUG 04-24 11:19:48.597350.597350 cuda_h.py:27] end group stack cost 0.989 ms
DEBUG 04-24 11:19:48.597975.597975 cuda_h.py:27] end move_flatidxs_group_fused_mp cost 1.579 ms
DEBUG 04-24 11:19:48.597962.597962 cuda_h.py:27] end move_flatidxs_group_fused_mp cost 1.621 ms
DEBUG 04-24 11:19:48.597593.597593 cuda_h.py:27] end restore_fused_tensors cost 0.601 ms
DEBUG 04-24 11:19:48.597652.597652 cuda_h.py:27] end get_fused_experts_names_w cost 0.024 ms
DEBUG 04-24 11:19:48.597228.597228 cuda_h.py:27] end group_fused_tensors_mp cost 0.981 ms
DEBUG 04-24 11:19:48.597109.597109 cuda_h.py:27] end restore_fused_tensors cost 0.587 ms
DEBUG 04-24 11:19:48.597143.597143 cuda_h.py:27] end get_fused_experts_names_w cost 0.020 ms
DEBUG 04-24 11:19:48.598785.598785 cuda_h.py:27] end group_fused_tensors_mp cost 1.004 ms
DEBUG 04-24 11:19:48.598863.598863 cuda_h.py:27] end restore_fused_tensors cost 0.585 ms
DEBUG 04-24 11:19:48.598958.598958 cuda_h.py:27] end group_fused_tensors_mp cost 0.850 ms
DEBUG 04-24 11:19:48.598774.598774 cuda_h.py:27] end restore_fused_tensors cost 0.648 ms
DEBUG 04-24 11:19:48.598910.598910 cuda_h.py:27] end group_fused_tensors_mp cost 1.185 ms
DEBUG 04-24 11:19:48.605555.605555 cuda_h.py:27] end restore2model cost 1.462 ms
DEBUG 04-24 11:19:48.605098.605098 cuda_h.py:27] end sllm_worker_task cost 17.644 ms
DEBUG 04-24 11:19:48.606128.606128 cuda_h.py:27] end load_into_gpu_async_fused_experts_dual cost 9.217 ms
DEBUG 04-24 11:19:48.606534.606534 cuda_h.py:27] end restore_tensors2_fused_experts_packed cost 0.133 ms
DEBUG 04-24 11:19:48.606794.606794 mlpmodule.py:3373] [fused_group_bmm][steps] bmm1=5.599 ms split=0.172 ms act_mul=0.429 ms bmm2=2.282 ms
DEBUG 04-24 11:19:48.606602.606602 cuda_h.py:27] end fused_group_bmm cost 8.716 ms
DEBUG 04-24 11:19:48.607372.607372 cuda_h.py:27] end restore_tensors2_fused_experts_slices cost 0.454 ms
DEBUG 04-24 11:19:48.607004.607004 cuda_h.py:27] end allocate_experts_cuda_memory_and_restore_model_multi_device_fused cost 13.369 ms
DEBUG 04-24 11:19:48.607532.607532 cuda_h.py:27] end gpu_sexperts cost 0.028 ms
DEBUG 04-24 11:19:48.607146.607146 cuda_h.py:27] end gather_outputs_group_fused_mp cost 0.655 ms
DEBUG 04-24 11:19:48.607415.607415 cuda_h.py:27] end wait_load_qkvogn_s_weight cost 0.071 ms
DEBUG 04-24 11:19:48.608033.608033 cuda_h.py:27] end cpu_experts_worker_bmm_or_einsum_0 cost 14.648 ms
DEBUG 04-24 11:19:48.609519.609519 mlpmodule.py:3373] [fused_group_bmm][steps] bmm1=7.199 ms split=0.135 ms act_mul=0.359 ms bmm2=3.068 ms
DEBUG 04-24 11:19:48.609313.609313 cuda_h.py:27] end fused_group_bmm cost 10.991 ms
DEBUG 04-24 11:19:48.609830.609830 mlpmodule.py:3373] [fused_group_bmm][steps] bmm1=7.065 ms split=0.129 ms act_mul=0.407 ms bmm2=2.836 ms
DEBUG 04-24 11:19:48.609655.609655 cuda_h.py:27] end fused_group_bmm cost 10.793 ms
DEBUG 04-24 11:19:48.609991.609991 mlpmodule.py:3373] [fused_group_bmm][steps] bmm1=7.214 ms split=0.119 ms act_mul=0.303 ms bmm2=2.905 ms
DEBUG 04-24 11:19:48.609832.609832 cuda_h.py:27] end fused_group_bmm cost 10.767 ms
DEBUG 04-24 11:19:48.609502.609502 cuda_h.py:27] end gather_outputs_group_fused_mp cost 0.413 ms
DEBUG 04-24 11:19:48.610251.610251 cuda_h.py:27] end gather_outputs_group_fused_mp cost 0.416 ms
DEBUG 04-24 11:19:48.610883.610883 cuda_h.py:27] end cpu_experts_worker_bmm_or_einsum_2 cost 16.296 ms
DEBUG 04-24 11:19:48.610511.610511 cuda_h.py:27] end gather_outputs_group_fused_mp cost 0.496 ms
DEBUG 04-24 11:19:48.610699.610699 cuda_h.py:27] end cpu_experts_worker_bmm_or_einsum_3 cost 15.819 ms
DEBUG 04-24 11:19:48.610391.610391 cuda_h.py:27] end cpu_experts_worker_bmm_or_einsum_1 cost 15.890 ms
DEBUG 04-24 11:19:48.621219.621219 cuda_h.py:27] end prepare_per_device_parameters cost 13.814 ms
DEBUG 04-24 11:19:48.623828.623828 cuda_h.py:27] end wait_experts_multi_device cost 1.671 ms
DEBUG 04-24 11:19:48.623062.623062 cuda_h.py:27] end *before fused experts* cost 29.762 ms
DEBUG 04-24 11:19:48.628779.628779 cuda_h.py:27] end gpu_experts_multi_device_fused cost 4.561 ms
DEBUG 04-24 11:19:48.628590.628590 cuda_h.py:27] end *gpu experts* cost 34.435 ms
DEBUG 04-24 11:19:48.629557.629557 cuda_h.py:27] end cpu_experts_scatter_reduce cost 0.522 ms
DEBUG 04-24 11:19:48.630407.630407 cuda_h.py:27] end cpu_thread_manager_mp_wait_fused cost 1.625 ms
DEBUG 04-24 11:19:48.630071.630071 cuda_h.py:27] end layer_moe_generate_mp_multi_device_fused_l_21 cost 39.109 ms
DEBUG 04-24 11:19:48.630702.630702 cuda_h.py:27] end *mlp cost 39.748 ms
DEBUG 04-24 11:19:48.630030.630030 cuda_h.py:27] end prefill_layer cost 42.931 ms
DEBUG 04-24 11:19:48.630640.630640 lmp.py:341] -------------------------------- end prefill layer 20 --------------------------------
DEBUG 04-24 11:19:48.631353.631353 lmp.py:294] -------------------------------- start prefill layer 21 --------------------------------
DEBUG 04-24 11:19:48.631137.631137 cuda_h.py:27] end start_load_qkvogn_s_weight_l_22 cost 0.051 ms
DEBUG 04-24 11:19:48.631418.631418 cuda_h.py:27] end allocate_cuda_memory cost 0.331 ms
DEBUG 04-24 11:19:48.631757.631757 sllm_store_c.py:27] get device uuid map
DEBUG 04-24 11:19:48.632058.632058 sllm_store_c.py:29] call client load into gpu
DEBUG 04-24 11:19:48.633286.633286 cuda_h.py:27] end **self_attn cost 1.555 ms
DEBUG 04-24 11:19:48.634695.634695 cuda_h.py:27] end load_into_gpu_async cost 2.127 ms
DEBUG 04-24 11:19:48.634547.634547 cuda_h.py:27] end *iln_self_attn_paln cost 2.981 ms
DEBUG 04-24 11:19:48.634378.634378 cuda_h.py:27] end restore_tensors2 cost 0.118 ms
DEBUG 04-24 11:19:48.634466.634466 cuda_h.py:27] end allocate_cuda_memory_and_load_into_gpu cost 3.414 ms
DEBUG 04-24 11:19:48.635244.635244 cuda_h.py:27] end gate cost 0.817 ms
DEBUG 04-24 11:19:48.635013.635013 cuda_h.py:27] end experts_map_get cost 0.316 ms
DEBUG 04-24 11:19:48.635472.635472 cuda_h.py:27] end *before experts start* cost 1.320 ms
DEBUG 04-24 11:19:48.636685.636685 cuda_h.py:27] end cpu_experts_submit_fused_mp cost 0.198 ms
DEBUG 04-24 11:19:48.637396.637396 cuda_h.py:27] end *single cpu experts* cost 1.454 ms
DEBUG 04-24 11:19:48.639266.639266 cuda_h.py:27] end prepare_group_stack cost 0.486 ms
DEBUG 04-24 11:19:48.639584.639584 cuda_h.py:27] end prepare_group_stack cost 0.495 ms
DEBUG 04-24 11:19:48.639474.639474 cuda_h.py:27] end prepare_group_stack cost 0.500 ms
DEBUG 04-24 11:19:48.639459.639459 sllm_store_c.py:27] get device uuid map
DEBUG 04-24 11:19:48.639511.639511 sllm_store_c.py:29] call client load into gpu
DEBUG 04-24 11:19:48.640325.640325 cuda_h.py:27] end group stack cost 0.676 ms
DEBUG 04-24 11:19:48.640336.640336 cuda_h.py:27] end move_flatidxs_group_fused_mp cost 1.444 ms
DEBUG 04-24 11:19:48.640115.640115 cuda_h.py:27] end group stack cost 0.931 ms
DEBUG 04-24 11:19:48.640800.640800 cuda_h.py:27] end get_fused_experts_names_w cost 0.022 ms
DEBUG 04-24 11:19:48.640390.640390 cuda_h.py:27] end move_flatidxs_group_fused_mp cost 1.632 ms
DEBUG 04-24 11:19:48.640741.640741 cuda_h.py:27] end prepare_group_stack cost 0.549 ms
DEBUG 04-24 11:19:48.640985.640985 cuda_h.py:27] end group stack cost 1.120 ms
DEBUG 04-24 11:19:48.640291.640291 cuda_h.py:27] end get_fused_experts_names_w cost 0.022 ms
DEBUG 04-24 11:19:48.640652.640652 cuda_h.py:27] end move_flatidxs_group_fused_mp cost 1.875 ms
DEBUG 04-24 11:19:48.640631.640631 cuda_h.py:27] end get_fused_experts_names_w cost 0.025 ms
DEBUG 04-24 11:19:48.640038.640038 cuda_h.py:27] end restore_fused_tensors cost 0.513 ms
DEBUG 04-24 11:19:48.641643.641643 cuda_h.py:27] end group_fused_tensors_mp cost 0.683 ms
DEBUG 04-24 11:19:48.641210.641210 cuda_h.py:27] end restore_fused_tensors cost 0.545 ms
DEBUG 04-24 11:19:48.641213.641213 cuda_h.py:27] end group_fused_tensors_mp cost 0.846 ms
DEBUG 04-24 11:19:48.641721.641721 cuda_h.py:27] end restore_fused_tensors cost 0.732 ms
DEBUG 04-24 11:19:48.641236.641236 cuda_h.py:27] end group_fused_tensors_mp cost 1.107 ms
DEBUG 04-24 11:19:48.642930.642930 cuda_h.py:27] end group stack cost 1.626 ms
DEBUG 04-24 11:19:48.642666.642666 cuda_h.py:27] end move_flatidxs_group_fused_mp cost 2.669 ms
DEBUG 04-24 11:19:48.642164.642164 cuda_h.py:27] end get_fused_experts_names_w cost 0.042 ms
DEBUG 04-24 11:19:48.643787.643787 cuda_h.py:27] end load_into_gpu_async_fused_experts_dual cost 4.036 ms
DEBUG 04-24 11:19:48.644919.644919 cuda_h.py:27] end restore_fused_tensors cost 1.079 ms
DEBUG 04-24 11:19:48.644007.644007 cuda_h.py:27] end group_fused_tensors_mp cost 1.513 ms
DEBUG 04-24 11:19:48.644743.644743 cuda_h.py:27] end restore_tensors2_fused_experts_packed cost 0.220 ms
DEBUG 04-24 11:19:48.644639.644639 cuda_h.py:27] end restore2model cost 2.995 ms
DEBUG 04-24 11:19:48.645958.645958 cuda_h.py:27] end restore_tensors2_fused_experts_slices cost 0.624 ms
DEBUG 04-24 11:19:48.645410.645410 cuda_h.py:27] end sllm_worker_task cost 14.394 ms
DEBUG 04-24 11:19:48.646460.646460 cuda_h.py:27] end allocate_experts_cuda_memory_and_restore_model_multi_device_fused cost 8.730 ms
DEBUG 04-24 11:19:48.646915.646915 cuda_h.py:27] end gpu_sexperts cost 0.019 ms
DEBUG 04-24 11:19:48.646284.646284 cuda_h.py:27] end wait_load_qkvogn_s_weight cost 0.044 ms
DEBUG 04-24 11:19:48.649755.649755 mlpmodule.py:3373] [fused_group_bmm][steps] bmm1=4.731 ms split=0.098 ms act_mul=0.367 ms bmm2=2.724 ms
DEBUG 04-24 11:19:48.649315.649315 cuda_h.py:27] end fused_group_bmm cost 8.251 ms
DEBUG 04-24 11:19:48.650329.650329 cuda_h.py:27] end gather_outputs_group_fused_mp cost 0.756 ms
DEBUG 04-24 11:19:48.651137.651137 cuda_h.py:27] end cpu_experts_worker_bmm_or_einsum_0 cost 13.580 ms
DEBUG 04-24 11:19:48.652730.652730 mlpmodule.py:3373] [fused_group_bmm][steps] bmm1=5.302 ms split=0.135 ms act_mul=0.317 ms bmm2=4.995 ms
DEBUG 04-24 11:19:48.652069.652069 cuda_h.py:27] end fused_group_bmm cost 11.001 ms
DEBUG 04-24 11:19:48.652188.652188 mlpmodule.py:3373] [fused_group_bmm][steps] bmm1=6.325 ms split=0.173 ms act_mul=0.376 ms bmm2=3.542 ms
DEBUG 04-24 11:19:48.652701.652701 cuda_h.py:27] end fused_group_bmm cost 10.719 ms
DEBUG 04-24 11:19:48.653476.653476 cuda_h.py:27] end gather_outputs_group_fused_mp cost 0.462 ms
DEBUG 04-24 11:19:48.653757.653757 cuda_h.py:27] end cpu_experts_worker_bmm_or_einsum_2 cost 15.693 ms
DEBUG 04-24 11:19:48.653578.653578 cuda_h.py:27] end gather_outputs_group_fused_mp cost 0.522 ms
DEBUG 04-24 11:19:48.654179.654179 cuda_h.py:27] end cpu_experts_worker_bmm_or_einsum_1 cost 16.408 ms
DEBUG 04-24 11:19:48.658963.658963 mlpmodule.py:3373] [fused_group_bmm][steps] bmm1=9.056 ms split=0.115 ms act_mul=0.325 ms bmm2=4.242 ms
DEBUG 04-24 11:19:48.658772.658772 cuda_h.py:27] end fused_group_bmm cost 14.019 ms
DEBUG 04-24 11:19:48.659591.659591 cuda_h.py:27] end gather_outputs_group_fused_mp cost 0.480 ms
DEBUG 04-24 11:19:48.660154.660154 cuda_h.py:27] end cpu_experts_worker_bmm_or_einsum_3 cost 21.505 ms
DEBUG 04-24 11:19:48.662413.662413 cuda_h.py:27] end prepare_per_device_parameters cost 15.177 ms
DEBUG 04-24 11:19:48.663575.663575 cuda_h.py:27] end wait_experts_multi_device cost 1.533 ms
DEBUG 04-24 11:19:48.664862.664862 cuda_h.py:27] end *before fused experts* cost 26.510 ms
DEBUG 04-24 11:19:48.668880.668880 cuda_h.py:27] end gpu_experts_multi_device_fused cost 4.643 ms
DEBUG 04-24 11:19:48.668651.668651 cuda_h.py:27] end *gpu experts* cost 31.270 ms
DEBUG 04-24 11:19:48.670778.670778 cuda_h.py:27] end cpu_experts_scatter_reduce cost 0.516 ms
DEBUG 04-24 11:19:48.670482.670482 cuda_h.py:27] end cpu_thread_manager_mp_wait_fused cost 1.667 ms
DEBUG 04-24 11:19:48.670107.670107 cuda_h.py:27] end layer_moe_generate_mp_multi_device_fused_l_22 cost 35.918 ms
DEBUG 04-24 11:19:48.671665.671665 cuda_h.py:27] end *mlp cost 36.538 ms
DEBUG 04-24 11:19:48.671687.671687 cuda_h.py:27] end prefill_layer cost 40.063 ms
DEBUG 04-24 11:19:48.671059.671059 lmp.py:341] -------------------------------- end prefill layer 21 --------------------------------
DEBUG 04-24 11:19:48.671186.671186 lmp.py:294] -------------------------------- start prefill layer 22 --------------------------------
DEBUG 04-24 11:19:48.671026.671026 cuda_h.py:27] end start_load_qkvogn_s_weight_l_23 cost 0.125 ms
DEBUG 04-24 11:19:48.672713.672713 cuda_h.py:27] end allocate_cuda_memory cost 0.332 ms
DEBUG 04-24 11:19:48.672208.672208 sllm_store_c.py:27] get device uuid map
DEBUG 04-24 11:19:48.672470.672470 sllm_store_c.py:29] call client load into gpu
DEBUG 04-24 11:19:48.674671.674671 cuda_h.py:27] end **self_attn cost 1.537 ms
DEBUG 04-24 11:19:48.674501.674501 cuda_h.py:27] end *iln_self_attn_paln cost 2.835 ms
DEBUG 04-24 11:19:48.674362.674362 cuda_h.py:27] end load_into_gpu_async cost 2.212 ms
DEBUG 04-24 11:19:48.674695.674695 cuda_h.py:27] end restore_tensors2 cost 0.123 ms
DEBUG 04-24 11:19:48.674121.674121 cuda_h.py:27] end allocate_cuda_memory_and_load_into_gpu cost 3.096 ms
DEBUG 04-24 11:19:48.675539.675539 cuda_h.py:27] end gate cost 1.033 ms
DEBUG 04-24 11:19:48.675077.675077 cuda_h.py:27] end experts_map_get cost 0.304 ms
DEBUG 04-24 11:19:48.676966.676966 cuda_h.py:27] end *before experts start* cost 1.542 ms
DEBUG 04-24 11:19:48.676994.676994 cuda_h.py:27] end cpu_experts_submit_fused_mp cost 0.203 ms
DEBUG 04-24 11:19:48.677531.677531 cuda_h.py:27] end *single cpu experts* cost 1.401 ms
DEBUG 04-24 11:19:48.678757.678757 cuda_h.py:27] end prepare_group_stack cost 0.449 ms
DEBUG 04-24 11:19:48.679961.679961 sllm_store_c.py:27] get device uuid map
DEBUG 04-24 11:19:48.679951.679951 sllm_store_c.py:29] call client load into gpu
DEBUG 04-24 11:19:48.679772.679772 cuda_h.py:27] end group stack cost 0.771 ms
DEBUG 04-24 11:19:48.679050.679050 cuda_h.py:27] end prepare_group_stack cost 0.407 ms
DEBUG 04-24 11:19:48.679415.679415 cuda_h.py:27] end prepare_group_stack cost 0.530 ms
DEBUG 04-24 11:19:48.679614.679614 cuda_h.py:27] end prepare_group_stack cost 0.488 ms
DEBUG 04-24 11:19:48.679517.679517 cuda_h.py:27] end move_flatidxs_group_fused_mp cost 1.411 ms
DEBUG 04-24 11:19:48.679278.679278 cuda_h.py:27] end get_fused_experts_names_w cost 0.018 ms
DEBUG 04-24 11:19:48.680872.680872 cuda_h.py:27] end restore_fused_tensors cost 0.455 ms
DEBUG 04-24 11:19:48.680444.680444 cuda_h.py:27] end group_fused_tensors_mp cost 0.634 ms
DEBUG 04-24 11:19:48.680028.680028 cuda_h.py:27] end group stack cost 0.889 ms
DEBUG 04-24 11:19:48.680993.680993 cuda_h.py:27] end move_flatidxs_group_fused_mp cost 1.739 ms
DEBUG 04-24 11:19:48.681526.681526 cuda_h.py:27] end group stack cost 1.138 ms
DEBUG 04-24 11:19:48.681923.681923 cuda_h.py:27] end group stack cost 1.213 ms
DEBUG 04-24 11:19:48.681628.681628 cuda_h.py:27] end get_fused_experts_names_w cost 0.024 ms
DEBUG 04-24 11:19:48.681986.681986 cuda_h.py:27] end move_flatidxs_group_fused_mp cost 1.987 ms
DEBUG 04-24 11:19:48.681835.681835 cuda_h.py:27] end move_flatidxs_group_fused_mp cost 1.920 ms
DEBUG 04-24 11:19:48.681397.681397 cuda_h.py:27] end get_fused_experts_names_w cost 0.021 ms
DEBUG 04-24 11:19:48.681630.681630 cuda_h.py:27] end get_fused_experts_names_w cost 0.030 ms
DEBUG 04-24 11:19:48.681587.681587 cuda_h.py:27] end restore_fused_tensors cost 0.564 ms
DEBUG 04-24 11:19:48.681390.681390 cuda_h.py:27] end group_fused_tensors_mp cost 0.836 ms
DEBUG 04-24 11:19:48.682442.682442 cuda_h.py:27] end restore_fused_tensors cost 0.609 ms
DEBUG 04-24 11:19:48.682677.682677 cuda_h.py:27] end group_fused_tensors_mp cost 0.864 ms
DEBUG 04-24 11:19:48.682507.682507 cuda_h.py:27] end restore_fused_tensors cost 0.742 ms
DEBUG 04-24 11:19:48.682187.682187 cuda_h.py:27] end group_fused_tensors_mp cost 1.042 ms
DEBUG 04-24 11:19:48.688907.688907 cuda_h.py:27] end load_into_gpu_async_fused_experts_dual cost 9.231 ms
DEBUG 04-24 11:19:48.689196.689196 cuda_h.py:27] end restore_tensors2_fused_experts_packed cost 0.167 ms
DEBUG 04-24 11:19:48.690344.690344 mlpmodule.py:3373] [fused_group_bmm][steps] bmm1=5.470 ms split=0.137 ms act_mul=0.516 ms bmm2=2.192 ms
DEBUG 04-24 11:19:48.689394.689394 cuda_h.py:27] end restore2model cost 2.235 ms
DEBUG 04-24 11:19:48.690228.690228 cuda_h.py:27] end fused_group_bmm cost 8.657 ms
DEBUG 04-24 11:19:48.690590.690590 cuda_h.py:27] end restore_tensors2_fused_experts_slices cost 0.715 ms
DEBUG 04-24 11:19:48.690977.690977 cuda_h.py:27] end sllm_worker_task cost 18.956 ms
DEBUG 04-24 11:19:48.691020.691020 cuda_h.py:27] end allocate_experts_cuda_memory_and_restore_model_multi_device_fused cost 13.719 ms
DEBUG 04-24 11:19:48.691451.691451 cuda_h.py:27] end gather_outputs_group_fused_mp cost 0.666 ms
DEBUG 04-24 11:19:48.691657.691657 cuda_h.py:27] end gpu_sexperts cost 0.019 ms
DEBUG 04-24 11:19:48.691434.691434 cuda_h.py:27] end wait_load_qkvogn_s_weight cost 0.046 ms
DEBUG 04-24 11:19:48.692844.692844 cuda_h.py:27] end cpu_experts_worker_bmm_or_einsum_0 cost 13.919 ms
DEBUG 04-24 11:19:48.692093.692093 mlpmodule.py:3373] [fused_group_bmm][steps] bmm1=6.276 ms split=0.133 ms act_mul=0.356 ms bmm2=3.008 ms
DEBUG 04-24 11:19:48.692544.692544 mlpmodule.py:3373] [fused_group_bmm][steps] bmm1=7.150 ms split=0.115 ms act_mul=0.350 ms bmm2=3.911 ms
DEBUG 04-24 11:19:48.692126.692126 cuda_h.py:27] end fused_group_bmm cost 10.005 ms
DEBUG 04-24 11:19:48.692477.692477 cuda_h.py:27] end fused_group_bmm cost 11.928 ms
DEBUG 04-24 11:19:48.693021.693021 cuda_h.py:27] end gather_outputs_group_fused_mp cost 0.430 ms
DEBUG 04-24 11:19:48.693996.693996 cuda_h.py:27] end gather_outputs_group_fused_mp cost 0.469 ms
DEBUG 04-24 11:19:48.693267.693267 cuda_h.py:27] end cpu_experts_worker_bmm_or_einsum_2 cost 15.300 ms
DEBUG 04-24 11:19:48.693814.693814 cuda_h.py:27] end cpu_experts_worker_bmm_or_einsum_1 cost 16.498 ms
DEBUG 04-24 11:19:48.694074.694074 mlpmodule.py:3373] [fused_group_bmm][steps] bmm1=6.698 ms split=0.111 ms act_mul=0.321 ms bmm2=4.176 ms
DEBUG 04-24 11:19:48.694539.694539 cuda_h.py:27] end fused_group_bmm cost 11.578 ms
DEBUG 04-24 11:19:48.694745.694745 cuda_h.py:27] end gather_outputs_group_fused_mp cost 0.419 ms
DEBUG 04-24 11:19:48.695894.695894 cuda_h.py:27] end cpu_experts_worker_bmm_or_einsum_3 cost 16.977 ms
DEBUG 04-24 11:19:48.702055.702055 cuda_h.py:27] end prepare_per_device_parameters cost 10.727 ms
DEBUG 04-24 11:19:48.704863.704863 cuda_h.py:27] end wait_experts_multi_device cost 2.082 ms
DEBUG 04-24 11:19:48.705621.705621 cuda_h.py:27] end *before fused experts* cost 27.534 ms
DEBUG 04-24 11:19:48.709965.709965 cuda_h.py:27] end gpu_experts_multi_device_fused cost 4.323 ms
DEBUG 04-24 11:19:48.709729.709729 cuda_h.py:27] end *gpu experts* cost 31.968 ms
DEBUG 04-24 11:19:48.711599.711599 cuda_h.py:27] end cpu_experts_scatter_reduce cost 0.497 ms
DEBUG 04-24 11:19:48.711488.711488 cuda_h.py:27] end cpu_thread_manager_mp_wait_fused cost 2.071 ms
DEBUG 04-24 11:19:48.711041.711041 cuda_h.py:27] end layer_moe_generate_mp_multi_device_fused_l_23 cost 37.201 ms
DEBUG 04-24 11:19:48.712989.712989 cuda_h.py:27] end *mlp cost 37.827 ms
DEBUG 04-24 11:19:48.712409.712409 cuda_h.py:27] end prefill_layer cost 40.858 ms
DEBUG 04-24 11:19:48.712542.712542 lmp.py:341] -------------------------------- end prefill layer 22 --------------------------------
DEBUG 04-24 11:19:48.712132.712132 lmp.py:294] -------------------------------- start prefill layer 23 --------------------------------
DEBUG 04-24 11:19:48.712771.712771 cuda_h.py:27] end start_load_qkvogn_s_weight_l_24 cost 0.049 ms
DEBUG 04-24 11:19:48.713655.713655 cuda_h.py:27] end allocate_cuda_memory cost 0.337 ms
DEBUG 04-24 11:19:48.713456.713456 sllm_store_c.py:27] get device uuid map
DEBUG 04-24 11:19:48.713567.713567 sllm_store_c.py:29] call client load into gpu
DEBUG 04-24 11:19:48.715100.715100 cuda_h.py:27] end load_into_gpu_async cost 2.014 ms
DEBUG 04-24 11:19:48.715783.715783 cuda_h.py:27] end restore_tensors2 cost 0.129 ms
DEBUG 04-24 11:19:48.715172.715172 cuda_h.py:27] end allocate_cuda_memory_and_load_into_gpu cost 3.008 ms
DEBUG 04-24 11:19:48.715460.715460 cuda_h.py:27] end **self_attn cost 2.228 ms
DEBUG 04-24 11:19:48.716407.716407 cuda_h.py:27] end *iln_self_attn_paln cost 3.612 ms
DEBUG 04-24 11:19:48.716381.716381 cuda_h.py:27] end gate cost 0.533 ms
DEBUG 04-24 11:19:48.717440.717440 cuda_h.py:27] end experts_map_get cost 0.307 ms
DEBUG 04-24 11:19:48.717085.717085 cuda_h.py:27] end *before experts start* cost 0.993 ms
DEBUG 04-24 11:19:48.717332.717332 cuda_h.py:27] end cpu_experts_submit_fused_mp cost 0.223 ms
DEBUG 04-24 11:19:48.718405.718405 cuda_h.py:27] end *single cpu experts* cost 1.429 ms
DEBUG 04-24 11:19:48.720112.720112 cuda_h.py:27] end prepare_group_stack cost 0.441 ms
DEBUG 04-24 11:19:48.720790.720790 cuda_h.py:27] end prepare_group_stack cost 0.454 ms
DEBUG 04-24 11:19:48.720776.720776 cuda_h.py:27] end prepare_group_stack cost 0.465 ms
DEBUG 04-24 11:19:48.720041.720041 sllm_store_c.py:27] get device uuid map
DEBUG 04-24 11:19:48.721762.721762 sllm_store_c.py:29] call client load into gpu
DEBUG 04-24 11:19:48.721278.721278 cuda_h.py:27] end group stack cost 0.911 ms
DEBUG 04-24 11:19:48.721988.721988 cuda_h.py:27] end group stack cost 0.655 ms
DEBUG 04-24 11:19:48.721712.721712 cuda_h.py:27] end move_flatidxs_group_fused_mp cost 1.566 ms
DEBUG 04-24 11:19:48.721654.721654 cuda_h.py:27] end move_flatidxs_group_fused_mp cost 1.592 ms
DEBUG 04-24 11:19:48.721450.721450 cuda_h.py:27] end get_fused_experts_names_w cost 0.020 ms
DEBUG 04-24 11:19:48.721902.721902 cuda_h.py:27] end get_fused_experts_names_w cost 0.024 ms
DEBUG 04-24 11:19:48.721411.721411 cuda_h.py:27] end prepare_group_stack cost 0.589 ms
DEBUG 04-24 11:19:48.721836.721836 cuda_h.py:27] end group stack cost 1.055 ms
DEBUG 04-24 11:19:48.722556.722556 cuda_h.py:27] end move_flatidxs_group_fused_mp cost 1.982 ms
DEBUG 04-24 11:19:48.722773.722773 cuda_h.py:27] end get_fused_experts_names_w cost 0.022 ms
DEBUG 04-24 11:19:48.722484.722484 cuda_h.py:27] end restore_fused_tensors cost 0.574 ms
DEBUG 04-24 11:19:48.722513.722513 cuda_h.py:27] end group_fused_tensors_mp cost 0.737 ms
DEBUG 04-24 11:19:48.722388.722388 cuda_h.py:27] end restore_fused_tensors cost 0.630 ms
DEBUG 04-24 11:19:48.722883.722883 cuda_h.py:27] end group_fused_tensors_mp cost 0.857 ms
DEBUG 04-24 11:19:48.722698.722698 cuda_h.py:27] end restore_fused_tensors cost 0.574 ms
DEBUG 04-24 11:19:48.723561.723561 cuda_h.py:27] end group_fused_tensors_mp cost 0.817 ms
DEBUG 04-24 11:19:48.723691.723691 cuda_h.py:27] end group stack cost 1.592 ms
DEBUG 04-24 11:19:48.723788.723788 cuda_h.py:27] end move_flatidxs_group_fused_mp cost 2.755 ms
DEBUG 04-24 11:19:48.724659.724659 cuda_h.py:27] end get_fused_experts_names_w cost 0.042 ms
DEBUG 04-24 11:19:48.724239.724239 cuda_h.py:27] end restore2model cost 1.650 ms
DEBUG 04-24 11:19:48.725703.725703 cuda_h.py:27] end load_into_gpu_async_fused_experts_dual cost 4.071 ms
DEBUG 04-24 11:19:48.726357.726357 cuda_h.py:27] end restore_fused_tensors cost 1.153 ms
DEBUG 04-24 11:19:48.726067.726067 cuda_h.py:27] end group_fused_tensors_mp cost 1.964 ms
DEBUG 04-24 11:19:48.725992.725992 cuda_h.py:27] end sllm_worker_task cost 12.609 ms
DEBUG 04-24 11:19:48.726358.726358 cuda_h.py:27] end restore_tensors2_fused_experts_packed cost 0.296 ms
DEBUG 04-24 11:19:48.727098.727098 cuda_h.py:27] end restore_tensors2_fused_experts_slices cost 0.520 ms
DEBUG 04-24 11:19:48.727802.727802 cuda_h.py:27] end allocate_experts_cuda_memory_and_restore_model_multi_device_fused cost 8.824 ms
DEBUG 04-24 11:19:48.727529.727529 cuda_h.py:27] end gpu_sexperts cost 0.017 ms
DEBUG 04-24 11:19:48.727036.727036 cuda_h.py:27] end wait_load_qkvogn_s_weight cost 0.037 ms
DEBUG 04-24 11:19:48.732586.732586 mlpmodule.py:3373] [fused_group_bmm][steps] bmm1=5.303 ms split=0.175 ms act_mul=0.529 ms bmm2=3.101 ms
DEBUG 04-24 11:19:48.732569.732569 cuda_h.py:27] end fused_group_bmm cost 9.681 ms
DEBUG 04-24 11:19:48.733384.733384 cuda_h.py:27] end gather_outputs_group_fused_mp cost 0.759 ms
DEBUG 04-24 11:19:48.733619.733619 mlpmodule.py:3373] [fused_group_bmm][steps] bmm1=6.282 ms split=0.112 ms act_mul=0.335 ms bmm2=4.062 ms
DEBUG 04-24 11:19:48.733340.733340 cuda_h.py:27] end fused_group_bmm cost 11.182 ms
DEBUG 04-24 11:19:48.734020.734020 cuda_h.py:27] end cpu_experts_worker_bmm_or_einsum_0 cost 15.002 ms
DEBUG 04-24 11:19:48.734175.734175 cuda_h.py:27] end gather_outputs_group_fused_mp cost 0.561 ms
DEBUG 04-24 11:19:48.735955.735955 cuda_h.py:27] end cpu_experts_worker_bmm_or_einsum_1 cost 16.030 ms
DEBUG 04-24 11:19:48.736721.736721 mlpmodule.py:3373] [fused_group_bmm][steps] bmm1=7.325 ms split=0.410 ms act_mul=0.578 ms bmm2=4.595 ms
DEBUG 04-24 11:19:48.736099.736099 cuda_h.py:27] end fused_group_bmm cost 13.147 ms
DEBUG 04-24 11:19:48.737890.737890 cuda_h.py:27] end gather_outputs_group_fused_mp cost 0.455 ms
DEBUG 04-24 11:19:48.737757.737757 cuda_h.py:27] end cpu_experts_worker_bmm_or_einsum_2 cost 18.223 ms
DEBUG 04-24 11:19:48.739422.739422 mlpmodule.py:3373] [fused_group_bmm][steps] bmm1=8.524 ms split=0.126 ms act_mul=0.408 ms bmm2=3.497 ms
DEBUG 04-24 11:19:48.739741.739741 cuda_h.py:27] end fused_group_bmm cost 12.823 ms
DEBUG 04-24 11:19:48.740831.740831 cuda_h.py:27] end gather_outputs_group_fused_mp cost 0.439 ms
DEBUG 04-24 11:19:48.740503.740503 cuda_h.py:27] end cpu_experts_worker_bmm_or_einsum_3 cost 20.639 ms
DEBUG 04-24 11:19:48.743725.743725 cuda_h.py:27] end prepare_per_device_parameters cost 15.723 ms
DEBUG 04-24 11:19:48.746435.746435 cuda_h.py:27] end wait_experts_multi_device cost 2.080 ms
DEBUG 04-24 11:19:48.746431.746431 cuda_h.py:27] end *before fused experts* cost 27.203 ms
DEBUG 04-24 11:19:48.750794.750794 cuda_h.py:27] end gpu_experts_multi_device_fused cost 4.478 ms
DEBUG 04-24 11:19:48.750651.750651 cuda_h.py:27] end *gpu experts* cost 31.789 ms
DEBUG 04-24 11:19:48.752480.752480 cuda_h.py:27] end cpu_experts_scatter_reduce cost 0.536 ms
DEBUG 04-24 11:19:48.752807.752807 cuda_h.py:27] end cpu_thread_manager_mp_wait_fused cost 1.664 ms
DEBUG 04-24 11:19:48.752233.752233 cuda_h.py:27] end layer_moe_generate_mp_multi_device_fused_l_24 cost 36.074 ms
DEBUG 04-24 11:19:48.753241.753241 cuda_h.py:27] end *mlp cost 36.710 ms
DEBUG 04-24 11:19:48.753409.753409 cuda_h.py:27] end prefill_layer cost 40.512 ms
DEBUG 04-24 11:19:48.753781.753781 lmp.py:341] -------------------------------- end prefill layer 23 --------------------------------
DEBUG 04-24 11:19:48.753531.753531 lmp.py:294] -------------------------------- start prefill layer 24 --------------------------------
DEBUG 04-24 11:19:48.753407.753407 cuda_h.py:27] end start_load_qkvogn_s_weight_l_25 cost 0.054 ms
DEBUG 04-24 11:19:48.753127.753127 cuda_h.py:27] end allocate_cuda_memory cost 0.336 ms
DEBUG 04-24 11:19:48.754551.754551 sllm_store_c.py:27] get device uuid map
DEBUG 04-24 11:19:48.754442.754442 sllm_store_c.py:29] call client load into gpu
DEBUG 04-24 11:19:48.755875.755875 cuda_h.py:27] end **self_attn cost 1.568 ms
DEBUG 04-24 11:19:48.756228.756228 cuda_h.py:27] end *iln_self_attn_paln cost 2.845 ms
DEBUG 04-24 11:19:48.756256.756256 cuda_h.py:27] end load_into_gpu_async cost 2.259 ms
DEBUG 04-24 11:19:48.757466.757466 cuda_h.py:27] end restore_tensors2 cost 0.203 ms
DEBUG 04-24 11:19:48.757354.757354 cuda_h.py:27] end allocate_cuda_memory_and_load_into_gpu cost 3.638 ms
DEBUG 04-24 11:19:48.757051.757051 cuda_h.py:27] end gate cost 1.089 ms
DEBUG 04-24 11:19:48.758190.758190 cuda_h.py:27] end experts_map_get cost 0.306 ms
DEBUG 04-24 11:19:48.758934.758934 cuda_h.py:27] end *before experts start* cost 1.583 ms
DEBUG 04-24 11:19:48.758353.758353 cuda_h.py:27] end cpu_experts_submit_fused_mp cost 0.209 ms
DEBUG 04-24 11:19:48.759036.759036 cuda_h.py:27] end *single cpu experts* cost 1.830 ms
DEBUG 04-24 11:19:48.761194.761194 cuda_h.py:27] end prepare_group_stack cost 0.429 ms
DEBUG 04-24 11:19:48.761751.761751 cuda_h.py:27] end prepare_group_stack cost 0.499 ms
DEBUG 04-24 11:19:48.762711.762711 cuda_h.py:27] end group stack cost 0.899 ms
DEBUG 04-24 11:19:48.762801.762801 cuda_h.py:27] end move_flatidxs_group_fused_mp cost 1.605 ms
DEBUG 04-24 11:19:48.762346.762346 cuda_h.py:27] end prepare_group_stack cost 0.434 ms
DEBUG 04-24 11:19:48.762395.762395 sllm_store_c.py:27] get device uuid map
DEBUG 04-24 11:19:48.762154.762154 cuda_h.py:27] end get_fused_experts_names_w cost 0.023 ms
DEBUG 04-24 11:19:48.762532.762532 sllm_store_c.py:29] call client load into gpu
DEBUG 04-24 11:19:48.762419.762419 cuda_h.py:27] end prepare_group_stack cost 0.568 ms
DEBUG 04-24 11:19:48.763263.763263 cuda_h.py:27] end group stack cost 1.949 ms
DEBUG 04-24 11:19:48.763370.763370 cuda_h.py:27] end restore_fused_tensors cost 0.546 ms
DEBUG 04-24 11:19:48.763035.763035 cuda_h.py:27] end group_fused_tensors_mp cost 0.817 ms
DEBUG 04-24 11:19:48.763956.763956 cuda_h.py:27] end move_flatidxs_group_fused_mp cost 2.623 ms
DEBUG 04-24 11:19:48.763454.763454 cuda_h.py:27] end get_fused_experts_names_w cost 0.021 ms
DEBUG 04-24 11:19:48.764629.764629 cuda_h.py:27] end group stack cost 1.317 ms
DEBUG 04-24 11:19:48.764455.764455 cuda_h.py:27] end move_flatidxs_group_fused_mp cost 2.152 ms
DEBUG 04-24 11:19:48.764249.764249 cuda_h.py:27] end get_fused_experts_names_w cost 0.030 ms
DEBUG 04-24 11:19:48.764178.764178 cuda_h.py:27] end group stack cost 1.460 ms
DEBUG 04-24 11:19:48.764466.764466 cuda_h.py:27] end restore_fused_tensors cost 0.587 ms
DEBUG 04-24 11:19:48.764142.764142 cuda_h.py:27] end load_into_gpu_async_fused_experts_dual cost 1.923 ms
DEBUG 04-24 11:19:48.764178.764178 cuda_h.py:27] end move_flatidxs_group_fused_mp cost 2.492 ms
DEBUG 04-24 11:19:48.764838.764838 cuda_h.py:27] end group_fused_tensors_mp cost 1.010 ms
DEBUG 04-24 11:19:48.764576.764576 cuda_h.py:27] end get_fused_experts_names_w cost 0.039 ms
DEBUG 04-24 11:19:48.764453.764453 cuda_h.py:27] end restore2model cost 1.118 ms
DEBUG 04-24 11:19:48.764981.764981 cuda_h.py:27] end restore_tensors2_fused_experts_packed cost 0.067 ms
DEBUG 04-24 11:19:48.765152.765152 cuda_h.py:27] end restore_fused_tensors cost 0.731 ms
DEBUG 04-24 11:19:48.765427.765427 cuda_h.py:27] end group_fused_tensors_mp cost 1.009 ms
DEBUG 04-24 11:19:48.765901.765901 cuda_h.py:27] end sllm_worker_task cost 11.494 ms
DEBUG 04-24 11:19:48.765511.765511 cuda_h.py:27] end restore_tensors2_fused_experts_slices cost 0.278 ms
DEBUG 04-24 11:19:48.765756.765756 cuda_h.py:27] end allocate_experts_cuda_memory_and_restore_model_multi_device_fused cost 5.788 ms
DEBUG 04-24 11:19:48.766604.766604 cuda_h.py:27] end gpu_sexperts cost 0.012 ms
DEBUG 04-24 11:19:48.766677.766677 cuda_h.py:27] end restore_fused_tensors cost 1.040 ms
DEBUG 04-24 11:19:48.766524.766524 cuda_h.py:27] end group_fused_tensors_mp cost 1.448 ms
DEBUG 04-24 11:19:48.766851.766851 cuda_h.py:27] end wait_load_qkvogn_s_weight cost 0.061 ms
DEBUG 04-24 11:19:48.777466.777466 mlpmodule.py:3373] [fused_group_bmm][steps] bmm1=7.124 ms split=0.137 ms act_mul=0.518 ms bmm2=3.103 ms
DEBUG 04-24 11:19:48.778921.778921 cuda_h.py:27] end fused_group_bmm cost 11.479 ms
DEBUG 04-24 11:19:48.778452.778452 cuda_h.py:27] end gather_outputs_group_fused_mp cost 0.793 ms
DEBUG 04-24 11:19:48.779402.779402 mlpmodule.py:3373] [fused_group_bmm][steps] bmm1=8.930 ms split=0.155 ms act_mul=0.325 ms bmm2=5.042 ms
DEBUG 04-24 11:19:48.779578.779578 cuda_h.py:27] end cpu_experts_worker_bmm_or_einsum_0 cost 18.834 ms
DEBUG 04-24 11:19:48.779681.779681 cuda_h.py:27] end fused_group_bmm cost 14.742 ms
DEBUG 04-24 11:19:48.780358.780358 mlpmodule.py:3373] [fused_group_bmm][steps] bmm1=9.463 ms split=0.231 ms act_mul=0.370 ms bmm2=6.663 ms
DEBUG 04-24 11:19:48.780675.780675 cuda_h.py:27] end gather_outputs_group_fused_mp cost 0.551 ms
DEBUG 04-24 11:19:48.780088.780088 cuda_h.py:27] end fused_group_bmm cost 16.982 ms
DEBUG 04-24 11:19:48.780123.780123 mlpmodule.py:3373] [fused_group_bmm][steps] bmm1=9.173 ms split=0.177 ms act_mul=0.399 ms bmm2=5.383 ms
DEBUG 04-24 11:19:48.781502.781502 cuda_h.py:27] end fused_group_bmm cost 15.411 ms
DEBUG 04-24 11:19:48.781594.781594 cuda_h.py:27] end cpu_experts_worker_bmm_or_einsum_1 cost 21.349 ms
DEBUG 04-24 11:19:48.781946.781946 cuda_h.py:27] end gather_outputs_group_fused_mp cost 0.435 ms
DEBUG 04-24 11:19:48.781058.781058 cuda_h.py:27] end gather_outputs_group_fused_mp cost 0.441 ms
DEBUG 04-24 11:19:48.782827.782827 cuda_h.py:27] end cpu_experts_worker_bmm_or_einsum_2 cost 22.201 ms
DEBUG 04-24 11:19:48.782432.782432 cuda_h.py:27] end cpu_experts_worker_bmm_or_einsum_3 cost 21.236 ms
DEBUG 04-24 11:19:48.784476.784476 cuda_h.py:27] end prepare_per_device_parameters cost 17.921 ms
DEBUG 04-24 11:19:48.787302.787302 cuda_h.py:27] end wait_experts_multi_device cost 3.162 ms
DEBUG 04-24 11:19:48.787258.787258 cuda_h.py:27] end *before fused experts* cost 27.726 ms
DEBUG 04-24 11:19:48.792817.792817 cuda_h.py:27] end gpu_experts_multi_device_fused cost 4.758 ms
DEBUG 04-24 11:19:48.792899.792899 cuda_h.py:27] end *gpu experts* cost 32.621 ms
DEBUG 04-24 11:19:48.794390.794390 cuda_h.py:27] end cpu_experts_scatter_reduce cost 0.689 ms
DEBUG 04-24 11:19:48.794307.794307 cuda_h.py:27] end cpu_thread_manager_mp_wait_fused cost 1.837 ms
DEBUG 04-24 11:19:48.794501.794501 cuda_h.py:27] end layer_moe_generate_mp_multi_device_fused_l_25 cost 38.097 ms
DEBUG 04-24 11:19:48.795214.795214 cuda_h.py:27] end *mlp cost 38.833 ms
DEBUG 04-24 11:19:48.795495.795495 cuda_h.py:27] end prefill_layer cost 42.248 ms
DEBUG 04-24 11:19:48.795443.795443 lmp.py:341] -------------------------------- end prefill layer 24 --------------------------------
DEBUG 04-24 11:19:48.795824.795824 lmp.py:294] -------------------------------- start prefill layer 25 --------------------------------
DEBUG 04-24 11:19:48.795377.795377 cuda_h.py:27] end start_load_qkvogn_s_weight_l_26 cost 0.053 ms
DEBUG 04-24 11:19:48.796605.796605 cuda_h.py:27] end allocate_cuda_memory cost 0.337 ms
DEBUG 04-24 11:19:48.796130.796130 sllm_store_c.py:27] get device uuid map
DEBUG 04-24 11:19:48.796551.796551 sllm_store_c.py:29] call client load into gpu
DEBUG 04-24 11:19:48.798613.798613 cuda_h.py:27] end **self_attn cost 1.550 ms
DEBUG 04-24 11:19:48.798012.798012 cuda_h.py:27] end *iln_self_attn_paln cost 2.812 ms
DEBUG 04-24 11:19:48.798074.798074 cuda_h.py:27] end load_into_gpu_async cost 2.257 ms
DEBUG 04-24 11:19:48.799585.799585 cuda_h.py:27] end restore_tensors2 cost 0.116 ms
DEBUG 04-24 11:19:48.799403.799403 cuda_h.py:27] end allocate_cuda_memory_and_load_into_gpu cost 3.460 ms
DEBUG 04-24 11:19:48.799114.799114 cuda_h.py:27] end gate cost 0.910 ms
DEBUG 04-24 11:19:48.800930.800930 cuda_h.py:27] end experts_map_get cost 0.312 ms
DEBUG 04-24 11:19:48.800581.800581 cuda_h.py:27] end *before experts start* cost 1.413 ms
DEBUG 04-24 11:19:48.800860.800860 cuda_h.py:27] end cpu_experts_submit_fused_mp cost 0.213 ms
DEBUG 04-24 11:19:48.801256.801256 cuda_h.py:27] end *single cpu experts* cost 1.342 ms
DEBUG 04-24 11:19:48.803724.803724 cuda_h.py:27] end prepare_group_stack cost 0.390 ms
DEBUG 04-24 11:19:48.804889.804889 cuda_h.py:27] end prepare_group_stack cost 0.362 ms
DEBUG 04-24 11:19:48.804612.804612 cuda_h.py:27] end prepare_group_stack cost 0.437 ms
DEBUG 04-24 11:19:48.804183.804183 cuda_h.py:27] end prepare_group_stack cost 0.478 ms
DEBUG 04-24 11:19:48.804592.804592 sllm_store_c.py:27] get device uuid map
DEBUG 04-24 11:19:48.804969.804969 sllm_store_c.py:29] call client load into gpu
DEBUG 04-24 11:19:48.804017.804017 cuda_h.py:27] end group stack cost 0.559 ms
DEBUG 04-24 11:19:48.804141.804141 cuda_h.py:27] end move_flatidxs_group_fused_mp cost 1.204 ms
DEBUG 04-24 11:19:48.804809.804809 cuda_h.py:27] end get_fused_experts_names_w cost 0.021 ms
DEBUG 04-24 11:19:48.805439.805439 cuda_h.py:27] end group stack cost 0.791 ms
DEBUG 04-24 11:19:48.805319.805319 cuda_h.py:27] end move_flatidxs_group_fused_mp cost 1.535 ms
DEBUG 04-24 11:19:48.805539.805539 cuda_h.py:27] end group stack cost 0.984 ms
DEBUG 04-24 11:19:48.805223.805223 cuda_h.py:27] end group stack cost 1.054 ms
DEBUG 04-24 11:19:48.805530.805530 cuda_h.py:27] end get_fused_experts_names_w cost 0.022 ms
DEBUG 04-24 11:19:48.805710.805710 cuda_h.py:27] end move_flatidxs_group_fused_mp cost 1.786 ms
DEBUG 04-24 11:19:48.805041.805041 cuda_h.py:27] end move_flatidxs_group_fused_mp cost 1.796 ms
DEBUG 04-24 11:19:48.805713.805713 cuda_h.py:27] end restore_fused_tensors cost 0.510 ms
DEBUG 04-24 11:19:48.805279.805279 cuda_h.py:27] end get_fused_experts_names_w cost 0.020 ms
DEBUG 04-24 11:19:48.805901.805901 cuda_h.py:27] end group_fused_tensors_mp cost 0.794 ms
DEBUG 04-24 11:19:48.805299.805299 cuda_h.py:27] end get_fused_experts_names_w cost 0.021 ms
DEBUG 04-24 11:19:48.806010.806010 cuda_h.py:27] end restore_fused_tensors cost 0.500 ms
DEBUG 04-24 11:19:48.806661.806661 cuda_h.py:27] end group_fused_tensors_mp cost 0.754 ms
DEBUG 04-24 11:19:48.806679.806679 cuda_h.py:27] end restore_fused_tensors cost 0.529 ms
DEBUG 04-24 11:19:48.806782.806782 cuda_h.py:27] end restore_fused_tensors cost 0.615 ms
DEBUG 04-24 11:19:48.806376.806376 cuda_h.py:27] end group_fused_tensors_mp cost 0.937 ms
DEBUG 04-24 11:19:48.806972.806972 cuda_h.py:27] end group_fused_tensors_mp cost 0.941 ms
DEBUG 04-24 11:19:48.808729.808729 cuda_h.py:27] end restore2model cost 2.109 ms
DEBUG 04-24 11:19:48.808429.808429 cuda_h.py:27] end sllm_worker_task cost 12.730 ms
DEBUG 04-24 11:19:48.809676.809676 cuda_h.py:27] end load_into_gpu_async_fused_experts_dual cost 4.847 ms
DEBUG 04-24 11:19:48.809374.809374 cuda_h.py:27] end restore_tensors2_fused_experts_packed cost 0.225 ms
DEBUG 04-24 11:19:48.810868.810868 cuda_h.py:27] end restore_tensors2_fused_experts_slices cost 0.650 ms
DEBUG 04-24 11:19:48.811973.811973 cuda_h.py:27] end allocate_experts_cuda_memory_and_restore_model_multi_device_fused cost 9.263 ms
DEBUG 04-24 11:19:48.811278.811278 cuda_h.py:27] end gpu_sexperts cost 0.025 ms
DEBUG 04-24 11:19:48.811692.811692 cuda_h.py:27] end wait_load_qkvogn_s_weight cost 0.071 ms
DEBUG 04-24 11:19:48.814409.814409 mlpmodule.py:3373] [fused_group_bmm][steps] bmm1=5.130 ms split=0.176 ms act_mul=0.491 ms bmm2=3.111 ms
DEBUG 04-24 11:19:48.815435.815435 cuda_h.py:27] end fused_group_bmm cost 9.355 ms
DEBUG 04-24 11:19:48.815106.815106 cuda_h.py:27] end gather_outputs_group_fused_mp cost 0.602 ms
DEBUG 04-24 11:19:48.816503.816503 cuda_h.py:27] end cpu_experts_worker_bmm_or_einsum_0 cost 14.104 ms
DEBUG 04-24 11:19:48.819243.819243 mlpmodule.py:3373] [fused_group_bmm][steps] bmm1=8.376 ms split=0.202 ms act_mul=0.411 ms bmm2=4.481 ms
DEBUG 04-24 11:19:48.820179.820179 cuda_h.py:27] end fused_group_bmm cost 13.785 ms
DEBUG 04-24 11:19:48.820059.820059 mlpmodule.py:3373] [fused_group_bmm][steps] bmm1=8.781 ms split=0.103 ms act_mul=0.409 ms bmm2=4.377 ms
DEBUG 04-24 11:19:48.820332.820332 cuda_h.py:27] end fused_group_bmm cost 13.941 ms
DEBUG 04-24 11:19:48.820424.820424 cuda_h.py:27] end gather_outputs_group_fused_mp cost 0.442 ms
DEBUG 04-24 11:19:48.820607.820607 mlpmodule.py:3373] [fused_group_bmm][steps] bmm1=8.805 ms split=0.110 ms act_mul=0.344 ms bmm2=4.792 ms
DEBUG 04-24 11:19:48.821431.821431 cuda_h.py:27] end fused_group_bmm cost 14.377 ms
DEBUG 04-24 11:19:48.821434.821434 cuda_h.py:27] end gather_outputs_group_fused_mp cost 0.529 ms
DEBUG 04-24 11:19:48.821729.821729 cuda_h.py:27] end cpu_experts_worker_bmm_or_einsum_3 cost 19.083 ms
DEBUG 04-24 11:19:48.821570.821570 cuda_h.py:27] end gather_outputs_group_fused_mp cost 0.438 ms
DEBUG 04-24 11:19:48.821305.821305 cuda_h.py:27] end cpu_experts_worker_bmm_or_einsum_1 cost 19.447 ms
DEBUG 04-24 11:19:48.821042.821042 cuda_h.py:27] end cpu_experts_worker_bmm_or_einsum_2 cost 19.524 ms
DEBUG 04-24 11:19:48.826137.826137 cuda_h.py:27] end prepare_per_device_parameters cost 14.575 ms
DEBUG 04-24 11:19:48.827690.827690 cuda_h.py:27] end wait_experts_multi_device cost 1.318 ms
DEBUG 04-24 11:19:48.828546.828546 cuda_h.py:27] end *before fused experts* cost 26.209 ms
DEBUG 04-24 11:19:48.832098.832098 cuda_h.py:27] end gpu_experts_multi_device_fused cost 4.578 ms
DEBUG 04-24 11:19:48.832082.832082 cuda_h.py:27] end *gpu experts* cost 30.921 ms
DEBUG 04-24 11:19:48.834806.834806 cuda_h.py:27] end cpu_experts_scatter_reduce cost 0.688 ms
DEBUG 04-24 11:19:48.834286.834286 cuda_h.py:27] end cpu_thread_manager_mp_wait_fused cost 1.898 ms
DEBUG 04-24 11:19:48.834288.834288 cuda_h.py:27] end layer_moe_generate_mp_multi_device_fused_l_26 cost 35.782 ms
DEBUG 04-24 11:19:48.835843.835843 cuda_h.py:27] end *mlp cost 36.542 ms
DEBUG 04-24 11:19:48.835269.835269 cuda_h.py:27] end prefill_layer cost 39.793 ms
DEBUG 04-24 11:19:48.835224.835224 lmp.py:341] -------------------------------- end prefill layer 25 --------------------------------
DEBUG 04-24 11:19:48.835702.835702 lmp.py:294] -------------------------------- start prefill layer 26 --------------------------------
DEBUG 04-24 11:19:48.835917.835917 cuda_h.py:27] end start_load_qkvogn_s_weight_l_27 cost 0.053 ms
DEBUG 04-24 11:19:48.836040.836040 cuda_h.py:27] end allocate_cuda_memory cost 0.363 ms
DEBUG 04-24 11:19:48.836148.836148 sllm_store_c.py:27] get device uuid map
DEBUG 04-24 11:19:48.836152.836152 sllm_store_c.py:29] call client load into gpu
DEBUG 04-24 11:19:48.838601.838601 cuda_h.py:27] end **self_attn cost 1.630 ms
DEBUG 04-24 11:19:48.838591.838591 cuda_h.py:27] end load_into_gpu_async cost 2.146 ms
DEBUG 04-24 11:19:48.838908.838908 cuda_h.py:27] end *iln_self_attn_paln cost 3.134 ms
DEBUG 04-24 11:19:48.839113.839113 cuda_h.py:27] end restore_tensors2 cost 0.122 ms
DEBUG 04-24 11:19:48.839198.839198 cuda_h.py:27] end allocate_cuda_memory_and_load_into_gpu cost 3.577 ms
DEBUG 04-24 11:19:48.839162.839162 cuda_h.py:27] end gate cost 0.757 ms
DEBUG 04-24 11:19:48.840547.840547 cuda_h.py:27] end experts_map_get cost 0.313 ms
DEBUG 04-24 11:19:48.840960.840960 cuda_h.py:27] end *before experts start* cost 1.258 ms
DEBUG 04-24 11:19:48.840153.840153 cuda_h.py:27] end cpu_experts_submit_fused_mp cost 0.219 ms
DEBUG 04-24 11:19:48.841918.841918 cuda_h.py:27] end *single cpu experts* cost 1.303 ms
DEBUG 04-24 11:19:48.843406.843406 cuda_h.py:27] end prepare_group_stack cost 0.417 ms
DEBUG 04-24 11:19:48.843640.843640 cuda_h.py:27] end prepare_group_stack cost 0.466 ms
DEBUG 04-24 11:19:48.843806.843806 cuda_h.py:27] end prepare_group_stack cost 0.445 ms
DEBUG 04-24 11:19:48.844839.844839 sllm_store_c.py:27] get device uuid map
DEBUG 04-24 11:19:48.844876.844876 sllm_store_c.py:29] call client load into gpu
DEBUG 04-24 11:19:48.844739.844739 cuda_h.py:27] end prepare_group_stack cost 0.343 ms
DEBUG 04-24 11:19:48.844303.844303 cuda_h.py:27] end group stack cost 0.792 ms
DEBUG 04-24 11:19:48.844888.844888 cuda_h.py:27] end move_flatidxs_group_fused_mp cost 1.411 ms
DEBUG 04-24 11:19:48.844362.844362 cuda_h.py:27] end group stack cost 0.894 ms
DEBUG 04-24 11:19:48.844001.844001 cuda_h.py:27] end get_fused_experts_names_w cost 0.021 ms
DEBUG 04-24 11:19:48.844934.844934 cuda_h.py:27] end group stack cost 0.719 ms
DEBUG 04-24 11:19:48.844366.844366 cuda_h.py:27] end move_flatidxs_group_fused_mp cost 1.578 ms
DEBUG 04-24 11:19:48.844497.844497 cuda_h.py:27] end move_flatidxs_group_fused_mp cost 1.711 ms
DEBUG 04-24 11:19:48.844034.844034 cuda_h.py:27] end get_fused_experts_names_w cost 0.021 ms
DEBUG 04-24 11:19:48.845927.845927 cuda_h.py:27] end get_fused_experts_names_w cost 0.023 ms
DEBUG 04-24 11:19:48.845247.845247 cuda_h.py:27] end restore_fused_tensors cost 0.495 ms
DEBUG 04-24 11:19:48.845010.845010 cuda_h.py:27] end group stack cost 0.891 ms
DEBUG 04-24 11:19:48.845157.845157 cuda_h.py:27] end group_fused_tensors_mp cost 0.736 ms
DEBUG 04-24 11:19:48.845556.845556 cuda_h.py:27] end move_flatidxs_group_fused_mp cost 1.417 ms
DEBUG 04-24 11:19:48.845197.845197 cuda_h.py:27] end get_fused_experts_names_w cost 0.023 ms
DEBUG 04-24 11:19:48.845491.845491 cuda_h.py:27] end restore_fused_tensors cost 0.639 ms
DEBUG 04-24 11:19:48.845434.845434 cuda_h.py:27] end group_fused_tensors_mp cost 0.917 ms
DEBUG 04-24 11:19:48.845667.845667 cuda_h.py:27] end restore_fused_tensors cost 0.604 ms
DEBUG 04-24 11:19:48.846209.846209 cuda_h.py:27] end group_fused_tensors_mp cost 0.937 ms
DEBUG 04-24 11:19:48.846296.846296 cuda_h.py:27] end restore_fused_tensors cost 0.443 ms
DEBUG 04-24 11:19:48.846837.846837 cuda_h.py:27] end group_fused_tensors_mp cost 0.744 ms
DEBUG 04-24 11:19:48.846941.846941 cuda_h.py:27] end restore2model cost 0.957 ms
DEBUG 04-24 11:19:48.846544.846544 cuda_h.py:27] end load_into_gpu_async_fused_experts_dual cost 2.864 ms
DEBUG 04-24 11:19:48.847475.847475 cuda_h.py:27] end sllm_worker_task cost 11.251 ms
DEBUG 04-24 11:19:48.847818.847818 cuda_h.py:27] end restore_tensors2_fused_experts_packed cost 0.340 ms
DEBUG 04-24 11:19:48.849371.849371 cuda_h.py:27] end restore_tensors2_fused_experts_slices cost 0.851 ms
DEBUG 04-24 11:19:48.850331.850331 cuda_h.py:27] end allocate_experts_cuda_memory_and_restore_model_multi_device_fused cost 8.469 ms
DEBUG 04-24 11:19:48.850054.850054 cuda_h.py:27] end gpu_sexperts cost 0.031 ms
DEBUG 04-24 11:19:48.850009.850009 cuda_h.py:27] end wait_load_qkvogn_s_weight cost 0.091 ms
DEBUG 04-24 11:19:48.856510.856510 mlpmodule.py:3373] [fused_group_bmm][steps] bmm1=5.907 ms split=0.171 ms act_mul=0.426 ms bmm2=3.735 ms
DEBUG 04-24 11:19:48.857771.857771 cuda_h.py:27] end fused_group_bmm cost 10.778 ms
DEBUG 04-24 11:19:48.857342.857342 cuda_h.py:27] end gather_outputs_group_fused_mp cost 0.777 ms
DEBUG 04-24 11:19:48.858246.858246 cuda_h.py:27] end cpu_experts_worker_bmm_or_einsum_0 cost 16.719 ms
DEBUG 04-24 11:19:48.859553.859553 mlpmodule.py:3373] [fused_group_bmm][steps] bmm1=7.323 ms split=0.141 ms act_mul=0.396 ms bmm2=5.793 ms
DEBUG 04-24 11:19:48.859786.859786 cuda_h.py:27] end fused_group_bmm cost 13.935 ms
DEBUG 04-24 11:19:48.859575.859575 mlpmodule.py:3373] [fused_group_bmm][steps] bmm1=8.392 ms split=0.197 ms act_mul=0.403 ms bmm2=4.398 ms
DEBUG 04-24 11:19:48.859771.859771 cuda_h.py:27] end fused_group_bmm cost 13.748 ms
DEBUG 04-24 11:19:48.860506.860506 cuda_h.py:27] end gather_outputs_group_fused_mp cost 0.442 ms
DEBUG 04-24 11:19:48.860390.860390 cuda_h.py:27] end gather_outputs_group_fused_mp cost 0.520 ms
DEBUG 04-24 11:19:48.860831.860831 cuda_h.py:27] end cpu_experts_worker_bmm_or_einsum_2 cost 18.786 ms
DEBUG 04-24 11:19:48.861613.861613 cuda_h.py:27] end cpu_experts_worker_bmm_or_einsum_1 cost 19.004 ms
DEBUG 04-24 11:19:48.861706.861706 mlpmodule.py:3373] [fused_group_bmm][steps] bmm1=9.016 ms split=0.232 ms act_mul=0.418 ms bmm2=5.081 ms
DEBUG 04-24 11:19:48.861655.861655 cuda_h.py:27] end fused_group_bmm cost 15.024 ms
DEBUG 04-24 11:19:48.862935.862935 cuda_h.py:27] end gather_outputs_group_fused_mp cost 0.415 ms
DEBUG 04-24 11:19:48.862501.862501 cuda_h.py:27] end cpu_experts_worker_bmm_or_einsum_3 cost 19.671 ms
DEBUG 04-24 11:19:48.866689.866689 cuda_h.py:27] end prepare_per_device_parameters cost 14.922 ms
DEBUG 04-24 11:19:48.868530.868530 cuda_h.py:27] end wait_experts_multi_device cost 2.612 ms
DEBUG 04-24 11:19:48.868625.868625 cuda_h.py:27] end *before fused experts* cost 27.175 ms
DEBUG 04-24 11:19:48.874561.874561 cuda_h.py:27] end gpu_experts_multi_device_fused cost 5.352 ms
DEBUG 04-24 11:19:48.874644.874644 cuda_h.py:27] end *gpu experts* cost 32.664 ms
DEBUG 04-24 11:19:48.876950.876950 cuda_h.py:27] end cpu_experts_scatter_reduce cost 0.568 ms
DEBUG 04-24 11:19:48.876508.876508 cuda_h.py:27] end cpu_thread_manager_mp_wait_fused cost 1.647 ms
DEBUG 04-24 11:19:48.876173.876173 cuda_h.py:27] end layer_moe_generate_mp_multi_device_fused_l_27 cost 37.089 ms
DEBUG 04-24 11:19:48.876652.876652 cuda_h.py:27] end *mlp cost 37.758 ms
DEBUG 04-24 11:19:48.876595.876595 cuda_h.py:27] end prefill_layer cost 41.282 ms
DEBUG 04-24 11:19:48.876536.876536 lmp.py:341] -------------------------------- end prefill layer 26 --------------------------------
DEBUG 04-24 11:19:48.877405.877405 lmp.py:294] -------------------------------- start prefill layer 27 --------------------------------
DEBUG 04-24 11:19:48.877428.877428 cuda_h.py:27] end start_load_qkvogn_s_weight_l_28 cost 0.051 ms
DEBUG 04-24 11:19:48.878745.878745 cuda_h.py:27] end allocate_cuda_memory cost 0.517 ms
DEBUG 04-24 11:19:48.878790.878790 sllm_store_c.py:27] get device uuid map
DEBUG 04-24 11:19:48.878987.878987 sllm_store_c.py:29] call client load into gpu
DEBUG 04-24 11:19:48.880104.880104 cuda_h.py:27] end **self_attn cost 1.827 ms
DEBUG 04-24 11:19:48.880929.880929 cuda_h.py:27] end load_into_gpu_async cost 2.379 ms
DEBUG 04-24 11:19:48.881934.881934 cuda_h.py:27] end restore_tensors2 cost 0.203 ms
DEBUG 04-24 11:19:48.881521.881521 cuda_h.py:27] end allocate_cuda_memory_and_load_into_gpu cost 3.837 ms
DEBUG 04-24 11:19:48.881745.881745 cuda_h.py:27] end *iln_self_attn_paln cost 4.179 ms
DEBUG 04-24 11:19:48.882551.882551 cuda_h.py:27] end gate cost 0.575 ms
DEBUG 04-24 11:19:48.882107.882107 cuda_h.py:27] end experts_map_get cost 0.316 ms
DEBUG 04-24 11:19:48.882420.882420 cuda_h.py:27] end *before experts start* cost 1.055 ms
DEBUG 04-24 11:19:48.883938.883938 cuda_h.py:27] end cpu_experts_submit_fused_mp cost 0.213 ms
DEBUG 04-24 11:19:48.884177.884177 cuda_h.py:27] end *single cpu experts* cost 1.403 ms
DEBUG 04-24 11:19:48.885739.885739 cuda_h.py:27] end prepare_group_stack cost 0.463 ms
DEBUG 04-24 11:19:48.886106.886106 sllm_store_c.py:27] get device uuid map
DEBUG 04-24 11:19:48.886168.886168 sllm_store_c.py:29] call client load into gpu
DEBUG 04-24 11:19:48.886294.886294 cuda_h.py:27] end group stack cost 0.852 ms
DEBUG 04-24 11:19:48.886263.886263 cuda_h.py:27] end move_flatidxs_group_fused_mp cost 1.496 ms
DEBUG 04-24 11:19:48.886121.886121 cuda_h.py:27] end prepare_group_stack cost 0.409 ms
DEBUG 04-24 11:19:48.886323.886323 cuda_h.py:27] end get_fused_experts_names_w cost 0.022 ms
DEBUG 04-24 11:19:48.886257.886257 cuda_h.py:27] end prepare_group_stack cost 0.446 ms
DEBUG 04-24 11:19:48.886179.886179 cuda_h.py:27] end prepare_group_stack cost 0.473 ms
DEBUG 04-24 11:19:48.887430.887430 cuda_h.py:27] end restore_fused_tensors cost 0.457 ms
DEBUG 04-24 11:19:48.887127.887127 cuda_h.py:27] end group_fused_tensors_mp cost 0.724 ms
DEBUG 04-24 11:19:48.887814.887814 cuda_h.py:27] end group stack cost 0.802 ms
DEBUG 04-24 11:19:48.887796.887796 cuda_h.py:27] end move_flatidxs_group_fused_mp cost 1.586 ms
DEBUG 04-24 11:19:48.888332.888332 cuda_h.py:27] end get_fused_experts_names_w cost 0.028 ms
DEBUG 04-24 11:19:48.888459.888459 cuda_h.py:27] end group stack cost 1.055 ms
DEBUG 04-24 11:19:48.888916.888916 cuda_h.py:27] end move_flatidxs_group_fused_mp cost 1.915 ms
DEBUG 04-24 11:19:48.888261.888261 cuda_h.py:27] end group stack cost 1.308 ms
DEBUG 04-24 11:19:48.888292.888292 cuda_h.py:27] end get_fused_experts_names_w cost 0.021 ms
DEBUG 04-24 11:19:48.888439.888439 cuda_h.py:27] end move_flatidxs_group_fused_mp cost 2.147 ms
DEBUG 04-24 11:19:48.888730.888730 cuda_h.py:27] end get_fused_experts_names_w cost 0.031 ms
DEBUG 04-24 11:19:48.889843.889843 cuda_h.py:27] end restore_fused_tensors cost 0.829 ms
DEBUG 04-24 11:19:48.889692.889692 cuda_h.py:27] end restore_fused_tensors cost 0.629 ms
DEBUG 04-24 11:19:48.889104.889104 cuda_h.py:27] end group_fused_tensors_mp cost 1.129 ms
DEBUG 04-24 11:19:48.889734.889734 cuda_h.py:27] end group_fused_tensors_mp cost 0.772 ms
DEBUG 04-24 11:19:48.889808.889808 cuda_h.py:27] end restore_fused_tensors cost 0.776 ms
DEBUG 04-24 11:19:48.889783.889783 cuda_h.py:27] end load_into_gpu_async_fused_experts_dual cost 3.203 ms
DEBUG 04-24 11:19:48.889696.889696 cuda_h.py:27] end group_fused_tensors_mp cost 1.204 ms
DEBUG 04-24 11:19:48.889223.889223 cuda_h.py:27] end restore_tensors2_fused_experts_packed cost 0.070 ms
DEBUG 04-24 11:19:48.892157.892157 cuda_h.py:27] end restore_tensors2_fused_experts_slices cost 0.695 ms
DEBUG 04-24 11:19:48.892595.892595 cuda_h.py:27] end restore2model cost 4.268 ms
DEBUG 04-24 11:19:48.893411.893411 cuda_h.py:27] end allocate_experts_cuda_memory_and_restore_model_multi_device_fused cost 8.839 ms
DEBUG 04-24 11:19:48.893227.893227 cuda_h.py:27] end sllm_worker_task cost 16.199 ms
DEBUG 04-24 11:19:48.894293.894293 cuda_h.py:27] end gpu_sexperts cost 0.024 ms
DEBUG 04-24 11:19:48.894781.894781 cuda_h.py:27] end wait_load_qkvogn_s_weight cost 0.056 ms
DEBUG 04-24 11:19:48.899644.899644 mlpmodule.py:3373] [fused_group_bmm][steps] bmm1=6.791 ms split=0.156 ms act_mul=0.482 ms bmm2=3.161 ms
DEBUG 04-24 11:19:48.900489.900489 cuda_h.py:27] end fused_group_bmm cost 10.926 ms
DEBUG 04-24 11:19:48.901597.901597 cuda_h.py:27] end gather_outputs_group_fused_mp cost 0.790 ms
DEBUG 04-24 11:19:48.902906.902906 cuda_h.py:27] end cpu_experts_worker_bmm_or_einsum_0 cost 16.966 ms
DEBUG 04-24 11:19:48.902077.902077 mlpmodule.py:3373] [fused_group_bmm][steps] bmm1=7.672 ms split=0.189 ms act_mul=0.564 ms bmm2=6.706 ms
DEBUG 04-24 11:19:48.903019.903019 cuda_h.py:27] end fused_group_bmm cost 15.410 ms
DEBUG 04-24 11:19:48.903300.903300 mlpmodule.py:3373] [fused_group_bmm][steps] bmm1=8.333 ms split=0.185 ms act_mul=0.382 ms bmm2=4.577 ms
DEBUG 04-24 11:19:48.903343.903343 cuda_h.py:27] end fused_group_bmm cost 13.785 ms
DEBUG 04-24 11:19:48.903714.903714 cuda_h.py:27] end gather_outputs_group_fused_mp cost 0.454 ms
DEBUG 04-24 11:19:48.904870.904870 cuda_h.py:27] end gather_outputs_group_fused_mp cost 0.521 ms
DEBUG 04-24 11:19:48.904218.904218 cuda_h.py:27] end cpu_experts_worker_bmm_or_einsum_2 cost 20.351 ms
DEBUG 04-24 11:19:48.904179.904179 cuda_h.py:27] end cpu_experts_worker_bmm_or_einsum_1 cost 19.574 ms
DEBUG 04-24 11:19:48.905284.905284 mlpmodule.py:3373] [fused_group_bmm][steps] bmm1=10.078 ms split=0.206 ms act_mul=0.480 ms bmm2=4.794 ms
DEBUG 04-24 11:19:48.905994.905994 cuda_h.py:27] end fused_group_bmm cost 15.838 ms
DEBUG 04-24 11:19:48.906934.906934 cuda_h.py:27] end gather_outputs_group_fused_mp cost 0.439 ms
DEBUG 04-24 11:19:48.907036.907036 cuda_h.py:27] end cpu_experts_worker_bmm_or_einsum_3 cost 21.996 ms
DEBUG 04-24 11:19:48.908087.908087 cuda_h.py:27] end prepare_per_device_parameters cost 13.269 ms
DEBUG 04-24 11:19:48.910567.910567 cuda_h.py:27] end wait_experts_multi_device cost 2.317 ms
DEBUG 04-24 11:19:48.910185.910185 cuda_h.py:27] end *before fused experts* cost 26.490 ms
DEBUG 04-24 11:19:48.915731.915731 cuda_h.py:27] end gpu_experts_multi_device_fused cost 4.750 ms
DEBUG 04-24 11:19:48.915105.915105 cuda_h.py:27] end *gpu experts* cost 31.415 ms
DEBUG 04-24 11:19:48.917132.917132 cuda_h.py:27] end cpu_experts_scatter_reduce cost 0.693 ms
DEBUG 04-24 11:19:48.917419.917419 cuda_h.py:27] end cpu_thread_manager_mp_wait_fused cost 1.803 ms
DEBUG 04-24 11:19:48.917852.917852 cuda_h.py:27] end layer_moe_generate_mp_multi_device_fused_l_28 cost 35.888 ms
DEBUG 04-24 11:19:48.918407.918407 cuda_h.py:27] end *mlp cost 36.638 ms
DEBUG 04-24 11:19:48.918548.918548 cuda_h.py:27] end prefill_layer cost 41.256 ms
DEBUG 04-24 11:19:48.918682.918682 lmp.py:341] -------------------------------- end prefill layer 27 --------------------------------
DEBUG 04-24 11:19:48.918524.918524 lmp.py:294] -------------------------------- start prefill layer 28 --------------------------------
DEBUG 04-24 11:19:48.918076.918076 cuda_h.py:27] end start_load_qkvogn_s_weight_l_29 cost 0.056 ms
DEBUG 04-24 11:19:48.919718.919718 cuda_h.py:27] end allocate_cuda_memory cost 0.393 ms
DEBUG 04-24 11:19:48.919713.919713 sllm_store_c.py:27] get device uuid map
DEBUG 04-24 11:19:48.919699.919699 sllm_store_c.py:29] call client load into gpu
DEBUG 04-24 11:19:48.921664.921664 cuda_h.py:27] end load_into_gpu_async cost 1.891 ms
DEBUG 04-24 11:19:48.921023.921023 cuda_h.py:27] end restore_tensors2 cost 0.121 ms
DEBUG 04-24 11:19:48.921853.921853 cuda_h.py:27] end **self_attn cost 1.949 ms
DEBUG 04-24 11:19:48.921760.921760 cuda_h.py:27] end allocate_cuda_memory_and_load_into_gpu cost 3.097 ms
DEBUG 04-24 11:19:48.922974.922974 cuda_h.py:27] end *iln_self_attn_paln cost 3.736 ms
DEBUG 04-24 11:19:48.922890.922890 cuda_h.py:27] end gate cost 0.540 ms
DEBUG 04-24 11:19:48.923162.923162 cuda_h.py:27] end experts_map_get cost 0.315 ms
DEBUG 04-24 11:19:48.923713.923713 cuda_h.py:27] end *before experts start* cost 1.019 ms
DEBUG 04-24 11:19:48.923722.923722 cuda_h.py:27] end cpu_experts_submit_fused_mp cost 0.223 ms
DEBUG 04-24 11:19:48.925868.925868 cuda_h.py:27] end *single cpu experts* cost 1.799 ms
DEBUG 04-24 11:19:48.926607.926607 cuda_h.py:27] end prepare_group_stack cost 0.400 ms
DEBUG 04-24 11:19:48.926115.926115 cuda_h.py:27] end prepare_group_stack cost 0.483 ms
DEBUG 04-24 11:19:48.926136.926136 cuda_h.py:27] end prepare_group_stack cost 0.487 ms
DEBUG 04-24 11:19:48.927748.927748 cuda_h.py:27] end prepare_group_stack cost 0.505 ms
DEBUG 04-24 11:19:48.927294.927294 cuda_h.py:27] end group stack cost 1.038 ms
DEBUG 04-24 11:19:48.927231.927231 cuda_h.py:27] end move_flatidxs_group_fused_mp cost 1.654 ms
DEBUG 04-24 11:19:48.927227.927227 cuda_h.py:27] end get_fused_experts_names_w cost 0.021 ms
DEBUG 04-24 11:19:48.927330.927330 cuda_h.py:27] end group stack cost 1.181 ms
DEBUG 04-24 11:19:48.928881.928881 cuda_h.py:27] end group stack cost 0.930 ms
DEBUG 04-24 11:19:48.928835.928835 cuda_h.py:27] end group stack cost 0.958 ms
DEBUG 04-24 11:19:48.928186.928186 cuda_h.py:27] end move_flatidxs_group_fused_mp cost 1.719 ms
DEBUG 04-24 11:19:48.928894.928894 cuda_h.py:27] end move_flatidxs_group_fused_mp cost 2.026 ms
DEBUG 04-24 11:19:48.928843.928843 cuda_h.py:27] end get_fused_experts_names_w cost 0.019 ms
DEBUG 04-24 11:19:48.928379.928379 cuda_h.py:27] end move_flatidxs_group_fused_mp cost 2.021 ms
DEBUG 04-24 11:19:48.928387.928387 cuda_h.py:27] end get_fused_experts_names_w cost 0.020 ms
DEBUG 04-24 11:19:48.928693.928693 cuda_h.py:27] end restore_fused_tensors cost 0.451 ms
DEBUG 04-24 11:19:48.928077.928077 sllm_store_c.py:27] get device uuid map
DEBUG 04-24 11:19:48.928932.928932 cuda_h.py:27] end group_fused_tensors_mp cost 0.720 ms
DEBUG 04-24 11:19:48.928052.928052 cuda_h.py:27] end get_fused_experts_names_w cost 0.031 ms
DEBUG 04-24 11:19:48.928921.928921 sllm_store_c.py:29] call client load into gpu
DEBUG 04-24 11:19:48.929023.929023 cuda_h.py:27] end restore_fused_tensors cost 0.564 ms
DEBUG 04-24 11:19:48.929118.929118 cuda_h.py:27] end group_fused_tensors_mp cost 0.890 ms
DEBUG 04-24 11:19:48.929265.929265 cuda_h.py:27] end restore_fused_tensors cost 0.640 ms
DEBUG 04-24 11:19:48.929366.929366 cuda_h.py:27] end group_fused_tensors_mp cost 0.991 ms
DEBUG 04-24 11:19:48.929053.929053 cuda_h.py:27] end restore_fused_tensors cost 0.942 ms
DEBUG 04-24 11:19:48.929680.929680 cuda_h.py:27] end group_fused_tensors_mp cost 1.377 ms
DEBUG 04-24 11:19:48.936011.936011 cuda_h.py:27] end restore2model cost 1.896 ms
DEBUG 04-24 11:19:48.936026.936026 cuda_h.py:27] end sllm_worker_task cost 17.590 ms
DEBUG 04-24 11:19:48.936332.936332 cuda_h.py:27] end load_into_gpu_async_fused_experts_dual cost 8.205 ms
DEBUG 04-24 11:19:48.937602.937602 cuda_h.py:27] end restore_tensors2_fused_experts_packed cost 0.174 ms
DEBUG 04-24 11:19:48.937157.937157 cuda_h.py:27] end restore_tensors2_fused_experts_slices cost 0.599 ms
DEBUG 04-24 11:19:48.938620.938620 cuda_h.py:27] end allocate_experts_cuda_memory_and_restore_model_multi_device_fused cost 12.902 ms
DEBUG 04-24 11:19:48.938284.938284 cuda_h.py:27] end gpu_sexperts cost 0.027 ms
DEBUG 04-24 11:19:48.938525.938525 cuda_h.py:27] end wait_load_qkvogn_s_weight cost 0.058 ms
DEBUG 04-24 11:19:48.939409.939409 mlpmodule.py:3373] [fused_group_bmm][steps] bmm1=6.723 ms split=0.137 ms act_mul=0.467 ms bmm2=3.161 ms
DEBUG 04-24 11:19:48.939956.939956 cuda_h.py:27] end fused_group_bmm cost 10.873 ms
DEBUG 04-24 11:19:48.940696.940696 cuda_h.py:27] end gather_outputs_group_fused_mp cost 0.646 ms
DEBUG 04-24 11:19:48.940090.940090 mlpmodule.py:3373] [fused_group_bmm][steps] bmm1=7.271 ms split=0.110 ms act_mul=0.359 ms bmm2=3.334 ms
DEBUG 04-24 11:19:48.940901.940901 cuda_h.py:27] end fused_group_bmm cost 11.397 ms
DEBUG 04-24 11:19:48.940445.940445 mlpmodule.py:3373] [fused_group_bmm][steps] bmm1=7.139 ms split=0.112 ms act_mul=0.333 ms bmm2=3.507 ms
DEBUG 04-24 11:19:48.940185.940185 cuda_h.py:27] end cpu_experts_worker_bmm_or_einsum_3 cost 15.495 ms
DEBUG 04-24 11:19:48.940637.940637 cuda_h.py:27] end fused_group_bmm cost 11.338 ms
DEBUG 04-24 11:19:48.941649.941649 cuda_h.py:27] end gather_outputs_group_fused_mp cost 0.534 ms
DEBUG 04-24 11:19:48.941531.941531 mlpmodule.py:3373] [fused_group_bmm][steps] bmm1=6.867 ms split=0.103 ms act_mul=0.488 ms bmm2=3.838 ms
DEBUG 04-24 11:19:48.941184.941184 cuda_h.py:27] end gather_outputs_group_fused_mp cost 0.547 ms
DEBUG 04-24 11:19:48.941293.941293 cuda_h.py:27] end fused_group_bmm cost 11.538 ms
DEBUG 04-24 11:19:48.941219.941219 cuda_h.py:27] end cpu_experts_worker_bmm_or_einsum_2 cost 15.884 ms
DEBUG 04-24 11:19:48.942626.942626 cuda_h.py:27] end cpu_experts_worker_bmm_or_einsum_1 cost 16.796 ms
DEBUG 04-24 11:19:48.942389.942389 cuda_h.py:27] end gather_outputs_group_fused_mp cost 0.438 ms
DEBUG 04-24 11:19:48.942988.942988 cuda_h.py:27] end cpu_experts_worker_bmm_or_einsum_0 cost 17.301 ms
DEBUG 04-24 11:19:48.952678.952678 cuda_h.py:27] end prepare_per_device_parameters cost 13.719 ms
DEBUG 04-24 11:19:48.954092.954092 cuda_h.py:27] end wait_experts_multi_device cost 1.403 ms
DEBUG 04-24 11:19:48.954180.954180 cuda_h.py:27] end *before fused experts* cost 28.850 ms
DEBUG 04-24 11:19:48.958751.958751 cuda_h.py:27] end gpu_experts_multi_device_fused cost 4.137 ms
DEBUG 04-24 11:19:48.958614.958614 cuda_h.py:27] end *gpu experts* cost 33.103 ms
DEBUG 04-24 11:19:48.960240.960240 cuda_h.py:27] end cpu_experts_scatter_reduce cost 0.566 ms
DEBUG 04-24 11:19:48.960613.960613 cuda_h.py:27] end cpu_thread_manager_mp_wait_fused cost 1.722 ms
DEBUG 04-24 11:19:48.960470.960470 cuda_h.py:27] end layer_moe_generate_mp_multi_device_fused_l_29 cost 37.848 ms
DEBUG 04-24 11:19:48.960174.960174 cuda_h.py:27] end *mlp cost 38.507 ms
DEBUG 04-24 11:19:48.961449.961449 cuda_h.py:27] end prefill_layer cost 42.464 ms
DEBUG 04-24 11:19:48.961874.961874 lmp.py:341] -------------------------------- end prefill layer 28 --------------------------------
DEBUG 04-24 11:19:48.961715.961715 lmp.py:294] -------------------------------- start prefill layer 29 --------------------------------
DEBUG 04-24 11:19:48.963456.963456 cuda_h.py:27] end **self_attn cost 1.504 ms
DEBUG 04-24 11:19:48.963199.963199 cuda_h.py:27] end *iln_self_attn_paln cost 1.981 ms
DEBUG 04-24 11:19:48.964951.964951 cuda_h.py:27] end gate cost 0.564 ms
DEBUG 04-24 11:19:48.964533.964533 cuda_h.py:27] end experts_map_get cost 0.272 ms
DEBUG 04-24 11:19:48.964661.964661 cuda_h.py:27] end *before experts start* cost 0.992 ms
DEBUG 04-24 11:19:48.964755.964755 cuda_h.py:27] end cpu_experts_submit_fused_mp cost 0.217 ms
DEBUG 04-24 11:19:48.966802.966802 cuda_h.py:27] end *single cpu experts* cost 1.405 ms
DEBUG 04-24 11:19:48.966502.966502 cuda_h.py:27] end prepare_group_stack cost 0.370 ms
DEBUG 04-24 11:19:48.966418.966418 cuda_h.py:27] end prepare_group_stack cost 0.413 ms
DEBUG 04-24 11:19:48.966924.966924 cuda_h.py:27] end prepare_group_stack cost 0.411 ms
DEBUG 04-24 11:19:48.967982.967982 cuda_h.py:27] end group stack cost 0.629 ms
DEBUG 04-24 11:19:48.967665.967665 sllm_store_c.py:27] get device uuid map
DEBUG 04-24 11:19:48.967191.967191 cuda_h.py:27] end move_flatidxs_group_fused_mp cost 1.384 ms
DEBUG 04-24 11:19:48.967033.967033 sllm_store_c.py:29] call client load into gpu
DEBUG 04-24 11:19:48.967347.967347 cuda_h.py:27] end group stack cost 0.783 ms
DEBUG 04-24 11:19:48.967608.967608 cuda_h.py:27] end get_fused_experts_names_w cost 0.020 ms
DEBUG 04-24 11:19:48.967073.967073 cuda_h.py:27] end move_flatidxs_group_fused_mp cost 1.400 ms
DEBUG 04-24 11:19:48.967940.967940 cuda_h.py:27] end get_fused_experts_names_w cost 0.020 ms
DEBUG 04-24 11:19:48.967833.967833 cuda_h.py:27] end group stack cost 0.924 ms
DEBUG 04-24 11:19:48.967753.967753 cuda_h.py:27] end prepare_group_stack cost 0.568 ms
DEBUG 04-24 11:19:48.968317.968317 cuda_h.py:27] end move_flatidxs_group_fused_mp cost 1.665 ms
DEBUG 04-24 11:19:48.968076.968076 cuda_h.py:27] end restore_fused_tensors cost 0.553 ms
DEBUG 04-24 11:19:48.968541.968541 cuda_h.py:27] end get_fused_experts_names_w cost 0.020 ms
DEBUG 04-24 11:19:48.968012.968012 cuda_h.py:27] end group_fused_tensors_mp cost 0.813 ms
DEBUG 04-24 11:19:48.968188.968188 cuda_h.py:27] end restore_fused_tensors cost 0.513 ms
DEBUG 04-24 11:19:48.968309.968309 cuda_h.py:27] end group_fused_tensors_mp cost 0.752 ms
DEBUG 04-24 11:19:48.969870.969870 cuda_h.py:27] end restore_fused_tensors cost 0.568 ms
DEBUG 04-24 11:19:48.969204.969204 cuda_h.py:27] end group_fused_tensors_mp cost 0.828 ms
DEBUG 04-24 11:19:48.969646.969646 cuda_h.py:27] end group stack cost 1.688 ms
DEBUG 04-24 11:19:48.970641.970641 cuda_h.py:27] end load_into_gpu_async_fused_experts_dual cost 2.831 ms
DEBUG 04-24 11:19:48.970806.970806 cuda_h.py:27] end move_flatidxs_group_fused_mp cost 2.778 ms
DEBUG 04-24 11:19:48.970316.970316 cuda_h.py:27] end restore_tensors2_fused_experts_packed cost 0.114 ms
DEBUG 04-24 11:19:48.970291.970291 cuda_h.py:27] end get_fused_experts_names_w cost 0.043 ms
DEBUG 04-24 11:19:48.971666.971666 cuda_h.py:27] end restore_tensors2_fused_experts_slices cost 0.733 ms
DEBUG 04-24 11:19:48.972209.972209 cuda_h.py:27] end restore_fused_tensors cost 1.196 ms
DEBUG 04-24 11:19:48.972265.972265 cuda_h.py:27] end allocate_experts_cuda_memory_and_restore_model_multi_device_fused cost 6.057 ms
DEBUG 04-24 11:19:48.972455.972455 cuda_h.py:27] end group_fused_tensors_mp cost 1.785 ms
DEBUG 04-24 11:19:48.972364.972364 cuda_h.py:27] end gpu_sexperts cost 0.019 ms
DEBUG 04-24 11:19:48.979074.979074 mlpmodule.py:3373] [fused_group_bmm][steps] bmm1=5.856 ms split=0.211 ms act_mul=0.577 ms bmm2=4.180 ms
DEBUG 04-24 11:19:48.979561.979561 cuda_h.py:27] end fused_group_bmm cost 11.416 ms
DEBUG 04-24 11:19:48.980436.980436 cuda_h.py:27] end gather_outputs_group_fused_mp cost 0.763 ms
DEBUG 04-24 11:19:48.981864.981864 cuda_h.py:27] end cpu_experts_worker_bmm_or_einsum_0 cost 15.835 ms
DEBUG 04-24 11:19:48.981148.981148 mlpmodule.py:3373] [fused_group_bmm][steps] bmm1=7.156 ms split=0.103 ms act_mul=0.272 ms bmm2=4.691 ms
DEBUG 04-24 11:19:48.981892.981892 cuda_h.py:27] end fused_group_bmm cost 12.694 ms
DEBUG 04-24 11:19:48.982160.982160 cuda_h.py:27] end gather_outputs_group_fused_mp cost 0.506 ms
DEBUG 04-24 11:19:48.982019.982019 mlpmodule.py:3373] [fused_group_bmm][steps] bmm1=7.125 ms split=0.161 ms act_mul=0.315 ms bmm2=6.406 ms
DEBUG 04-24 11:19:48.982179.982179 cuda_h.py:27] end fused_group_bmm cost 14.263 ms
DEBUG 04-24 11:19:48.983660.983660 cuda_h.py:27] end cpu_experts_worker_bmm_or_einsum_1 cost 16.990 ms
DEBUG 04-24 11:19:48.983023.983023 cuda_h.py:27] end gather_outputs_group_fused_mp cost 0.471 ms
DEBUG 04-24 11:19:48.983434.983434 cuda_h.py:27] end cpu_experts_worker_bmm_or_einsum_2 cost 18.024 ms
DEBUG 04-24 11:19:48.985039.985039 mlpmodule.py:3373] [fused_group_bmm][steps] bmm1=8.832 ms split=0.114 ms act_mul=0.303 ms bmm2=3.421 ms
DEBUG 04-24 11:19:48.985571.985571 cuda_h.py:27] end fused_group_bmm cost 12.955 ms
DEBUG 04-24 11:19:48.986271.986271 cuda_h.py:27] end gather_outputs_group_fused_mp cost 0.500 ms
DEBUG 04-24 11:19:48.987970.987970 cuda_h.py:27] end cpu_experts_worker_bmm_or_einsum_3 cost 20.246 ms
DEBUG 04-24 11:19:48.988064.988064 cuda_h.py:27] end prepare_per_device_parameters cost 15.902 ms
DEBUG 04-24 11:19:48.992243.992243 cuda_h.py:27] end wait_experts_multi_device cost 3.211 ms
DEBUG 04-24 11:19:48.992152.992152 cuda_h.py:27] end *before fused experts* cost 26.040 ms
DEBUG 04-24 11:19:48.997954.997954 cuda_h.py:27] end gpu_experts_multi_device_fused cost 4.904 ms
DEBUG 04-24 11:19:48.997970.997970 cuda_h.py:27] end *gpu experts* cost 31.066 ms
DEBUG 04-24 11:19:48.998215.998215 cuda_h.py:27] end cpu_experts_scatter_reduce cost 0.527 ms
DEBUG 04-24 11:19:48.998634.998634 cuda_h.py:27] end cpu_thread_manager_mp_wait_fused cost 1.614 ms
DEBUG 04-24 11:19:48.998391.998391 cuda_h.py:27] end layer_moe_generate_mp_multi_device_fused_l_30 cost 35.273 ms
DEBUG 04-24 11:19:48.999116.999116 cuda_h.py:27] end *mlp cost 35.949 ms
DEBUG 04-24 11:19:48.999251.999251 cuda_h.py:27] end prefill_layer cost 38.350 ms
DEBUG 04-24 11:19:48.999821.999821 lmp.py:341] -------------------------------- end prefill layer 29 --------------------------------
DEBUG 04-24 11:19:48.999591.999591 cuda_h.py:27] end prefill cost 1592.812 ms
INFO 04-24 11:19:48.999963.999963 lmp.py:343] prefill time: 1.592832088470459 seconds
generate input ids cost 0.04575157165527344 s
DEBUG 04-24 11:19:54.252962.252962 cuda_h.py:27] end generate_input_ids cost 2705.747 ms
DEBUG 04-24 11:19:54.252996.252996 cuda_h.py:27] end init_cache cost 0.043 ms
DEBUG 04-24 11:19:54.403690.403690 cuda_h.py:27] end allocate_cuda_memory cost 150.994 ms
DEBUG 04-24 11:19:54.403383.403383 sllm_store_c.py:27] get device uuid map
DEBUG 04-24 11:19:54.403319.403319 sllm_store_c.py:29] call client load into gpu
DEBUG 04-24 11:19:54.406175.406175 cuda_h.py:27] end load_into_gpu_async cost 2.690 ms
DEBUG 04-24 11:19:54.406663.406663 cuda_h.py:27] end restore_tensors2 cost 0.047 ms
DEBUG 04-24 11:19:54.406995.406995 cuda_h.py:27] end allocate_cuda_memory_and_load_into_gpu cost 153.983 ms
DEBUG 04-24 11:19:54.406824.406824 cuda_h.py:27] end restore2model cost 0.194 ms
DEBUG 04-24 11:19:54.544245.544245 cuda_h.py:27] end allocate_cuda_memory cost 0.283 ms
DEBUG 04-24 11:19:54.544739.544739 sllm_store_c.py:27] get device uuid map
DEBUG 04-24 11:19:54.544364.544364 sllm_store_c.py:29] call client load into gpu
DEBUG 04-24 11:19:54.547779.547779 cuda_h.py:27] end load_into_gpu_async cost 2.376 ms
DEBUG 04-24 11:19:54.547873.547873 cuda_h.py:27] end restore_tensors2 cost 0.115 ms
DEBUG 04-24 11:19:54.547815.547815 cuda_h.py:27] end allocate_cuda_memory_and_load_into_gpu cost 3.198 ms
DEBUG 04-24 11:19:54.695622.695622 cuda_h.py:27] end restore2model cost 1.430 ms
DEBUG 04-24 11:19:54.695860.695860 cuda_h.py:27] end load_qkvogns_weight_l_0 cost 151.208 ms
DEBUG 04-24 11:19:54.695287.695287 cuda_h.py:27] end init_general_weights cost 442.582 ms
DEBUG 04-24 11:19:54.696083.696083 cuda_h.py:27] end init_inputs_tokens cost 0.727 ms
DEBUG 04-24 11:19:54.696724.696724 lmp.py:294] -------------------------------- start prefill layer 0 --------------------------------
DEBUG 04-24 11:19:54.696684.696684 cuda_h.py:27] end start_load_qkvogn_s_weight_l_1 cost 0.079 ms
DEBUG 04-24 11:19:54.697089.697089 cuda_h.py:27] end allocate_cuda_memory cost 0.545 ms
DEBUG 04-24 11:19:54.697410.697410 sllm_store_c.py:27] get device uuid map
DEBUG 04-24 11:19:54.698424.698424 sllm_store_c.py:29] call client load into gpu
DEBUG 04-24 11:19:54.700600.700600 cuda_h.py:27] end load_into_gpu_async cost 3.121 ms
DEBUG 04-24 11:19:54.701732.701732 cuda_h.py:27] end restore_tensors2 cost 0.187 ms
DEBUG 04-24 11:19:54.701705.701705 cuda_h.py:27] end allocate_cuda_memory_and_load_into_gpu cost 5.003 ms
DEBUG 04-24 11:19:54.703447.703447 cuda_h.py:27] end **self_attn cost 4.819 ms
DEBUG 04-24 11:19:54.704950.704950 cuda_h.py:27] end *iln_self_attn_paln cost 8.040 ms
DEBUG 04-24 11:19:54.705196.705196 cuda_h.py:27] end gate cost 1.202 ms
DEBUG 04-24 11:19:54.706204.706204 cuda_h.py:27] end experts_map_get cost 0.497 ms
DEBUG 04-24 11:19:54.706121.706121 cuda_h.py:27] end *before experts start* cost 1.937 ms
DEBUG 04-24 11:19:54.706990.706990 cuda_h.py:27] end cpu_experts_submit_fused_mp cost 0.382 ms
DEBUG 04-24 11:19:54.709293.709293 cuda_h.py:27] end *single cpu experts* cost 2.913 ms
DEBUG 04-24 11:19:54.710130.710130 cuda_h.py:27] end prepare_group_stack cost 1.326 ms
DEBUG 04-24 11:19:54.710369.710369 cuda_h.py:27] end prepare_group_stack cost 0.867 ms
DEBUG 04-24 11:19:54.711910.711910 sllm_store_c.py:27] get device uuid map
DEBUG 04-24 11:19:54.711028.711028 cuda_h.py:27] end prepare_group_stack cost 0.756 ms
DEBUG 04-24 11:19:54.711049.711049 sllm_store_c.py:29] call client load into gpu
DEBUG 04-24 11:19:54.712873.712873 cuda_h.py:27] end prepare_group_stack cost 1.125 ms
DEBUG 04-24 11:19:54.713428.713428 cuda_h.py:27] end group stack cost 2.129 ms
DEBUG 04-24 11:19:54.713011.713011 cuda_h.py:27] end group stack cost 1.523 ms
DEBUG 04-24 11:19:54.713854.713854 cuda_h.py:27] end move_flatidxs_group_fused_mp cost 4.015 ms
DEBUG 04-24 11:19:54.713529.713529 cuda_h.py:27] end group stack cost 2.746 ms
DEBUG 04-24 11:19:54.713797.713797 cuda_h.py:27] end get_fused_experts_names_w cost 0.039 ms
DEBUG 04-24 11:19:54.713320.713320 cuda_h.py:27] end move_flatidxs_group_fused_mp cost 3.199 ms
DEBUG 04-24 11:19:54.714541.714541 cuda_h.py:27] end get_fused_experts_names_w cost 0.040 ms
DEBUG 04-24 11:19:54.714770.714770 cuda_h.py:27] end group stack cost 2.000 ms
DEBUG 04-24 11:19:54.714805.714805 cuda_h.py:27] end move_flatidxs_group_fused_mp cost 4.428 ms
DEBUG 04-24 11:19:54.713655.713655 cuda_h.py:27] end restore2model cost 4.001 ms
DEBUG 04-24 11:19:54.714610.714610 cuda_h.py:27] end restore_fused_tensors cost 0.153 ms
DEBUG 04-24 11:19:54.714573.714573 cuda_h.py:27] end get_fused_experts_names_w cost 0.038 ms
DEBUG 04-24 11:19:54.714401.714401 cuda_h.py:27] end group_fused_tensors_mp cost 0.879 ms
DEBUG 04-24 11:19:54.714434.714434 cuda_h.py:27] end sllm_worker_task cost 18.080 ms
DEBUG 04-24 11:19:54.714818.714818 cuda_h.py:27] end move_flatidxs_group_fused_mp cost 3.701 ms
DEBUG 04-24 11:19:54.714092.714092 cuda_h.py:27] end restore_fused_tensors cost 0.145 ms
DEBUG 04-24 11:19:54.715232.715232 cuda_h.py:27] end group_fused_tensors_mp cost 0.733 ms
DEBUG 04-24 11:19:54.715789.715789 cuda_h.py:27] end get_fused_experts_names_w cost 0.039 ms
DEBUG 04-24 11:19:54.715909.715909 cuda_h.py:27] end restore_fused_tensors cost 0.129 ms
DEBUG 04-24 11:19:54.715811.715811 cuda_h.py:27] end group_fused_tensors_mp cost 0.635 ms
DEBUG 04-24 11:19:54.715146.715146 cuda_h.py:27] end restore_fused_tensors cost 0.139 ms
DEBUG 04-24 11:19:54.715901.715901 cuda_h.py:27] end group_fused_tensors_mp cost 0.599 ms
DEBUG 04-24 11:19:54.720748.720748 cuda_h.py:27] end load_into_gpu_async_fused_experts_dual cost 8.514 ms
DEBUG 04-24 11:19:54.721830.721830 cuda_h.py:27] end restore_tensors2_fused_experts_packed cost 0.344 ms
DEBUG 04-24 11:19:54.721558.721558 cuda_h.py:27] end restore_tensors2_fused_experts_slices cost 0.447 ms
DEBUG 04-24 11:19:54.721823.721823 cuda_h.py:27] end allocate_experts_cuda_memory_and_restore_model_multi_device_fused cost 12.063 ms
DEBUG 04-24 11:19:54.722473.722473 cuda_h.py:27] end gpu_sexperts cost 0.015 ms
DEBUG 04-24 11:19:54.722126.722126 cuda_h.py:27] end wait_load_qkvogn_s_weight cost 0.041 ms
DEBUG 04-24 11:19:54.725661.725661 mlpmodule.py:3373] [fused_group_bmm][steps] bmm1=6.693 ms split=0.145 ms act_mul=0.503 ms bmm2=2.290 ms
DEBUG 04-24 11:19:54.725697.725697 cuda_h.py:27] end fused_group_bmm cost 9.942 ms
DEBUG 04-24 11:19:54.727962.727962 cuda_h.py:27] end gather_outputs_group_fused_mp cost 2.279 ms
DEBUG 04-24 11:19:54.728660.728660 mlpmodule.py:3373] [fused_group_bmm][steps] bmm1=7.322 ms split=0.135 ms act_mul=0.554 ms bmm2=4.472 ms
DEBUG 04-24 11:19:54.728855.728855 cuda_h.py:27] end fused_group_bmm cost 12.808 ms
DEBUG 04-24 11:19:54.728583.728583 cuda_h.py:27] end cpu_experts_worker_bmm_or_einsum_0 cost 18.727 ms
DEBUG 04-24 11:19:54.729034.729034 cuda_h.py:27] end gather_outputs_group_fused_mp cost 0.537 ms
DEBUG 04-24 11:19:54.729339.729339 mlpmodule.py:3373] [fused_group_bmm][steps] bmm1=8.827 ms split=0.159 ms act_mul=0.775 ms bmm2=3.785 ms
DEBUG 04-24 11:19:54.729371.729371 mlpmodule.py:3373] [fused_group_bmm][steps] bmm1=7.990 ms split=0.135 ms act_mul=0.878 ms bmm2=5.318 ms
DEBUG 04-24 11:19:54.729369.729369 cuda_h.py:27] end fused_group_bmm cost 13.880 ms
DEBUG 04-24 11:19:54.729981.729981 cuda_h.py:27] end fused_group_bmm cost 14.559 ms
DEBUG 04-24 11:19:54.729286.729286 cuda_h.py:27] end cpu_experts_worker_bmm_or_einsum_3 cost 19.386 ms
DEBUG 04-24 11:19:54.730622.730622 cuda_h.py:27] end gather_outputs_group_fused_mp cost 0.576 ms
DEBUG 04-24 11:19:54.730698.730698 cuda_h.py:27] end gather_outputs_group_fused_mp cost 0.459 ms
DEBUG 04-24 11:19:54.730088.730088 cuda_h.py:27] end cpu_experts_worker_bmm_or_einsum_1 cost 21.602 ms
DEBUG 04-24 11:19:54.731941.731941 cuda_h.py:27] end cpu_experts_worker_bmm_or_einsum_2 cost 22.142 ms
DEBUG 04-24 11:19:54.739863.739863 cuda_h.py:27] end prepare_per_device_parameters cost 17.348 ms
DEBUG 04-24 11:19:54.742789.742789 cuda_h.py:27] end wait_experts_multi_device cost 2.789 ms
DEBUG 04-24 11:19:54.742645.742645 cuda_h.py:27] end *before fused experts* cost 32.870 ms
DEBUG 04-24 11:19:54.748843.748843 cuda_h.py:27] end gpu_experts_multi_device_fused cost 5.861 ms
DEBUG 04-24 11:19:54.748945.748945 cuda_h.py:27] end *gpu experts* cost 38.851 ms
DEBUG 04-24 11:19:54.750374.750374 cuda_h.py:27] end cpu_experts_scatter_reduce cost 0.530 ms
DEBUG 04-24 11:19:54.750224.750224 cuda_h.py:27] end cpu_thread_manager_mp_wait_fused cost 1.580 ms
DEBUG 04-24 11:19:54.750120.750120 cuda_h.py:27] end layer_moe_generate_mp_multi_device_fused_l_1 cost 45.832 ms
DEBUG 04-24 11:19:54.751989.751989 cuda_h.py:27] end *mlp cost 46.475 ms
DEBUG 04-24 11:19:54.751098.751098 cuda_h.py:27] end prefill_layer cost 54.886 ms
DEBUG 04-24 11:19:54.751622.751622 lmp.py:341] -------------------------------- end prefill layer 0 --------------------------------
DEBUG 04-24 11:19:54.751226.751226 lmp.py:294] -------------------------------- start prefill layer 1 --------------------------------
DEBUG 04-24 11:19:54.751854.751854 cuda_h.py:27] end start_load_qkvogn_s_weight_l_2 cost 0.088 ms
DEBUG 04-24 11:19:54.752319.752319 cuda_h.py:27] end allocate_cuda_memory cost 0.419 ms
DEBUG 04-24 11:19:54.752808.752808 sllm_store_c.py:27] get device uuid map
DEBUG 04-24 11:19:54.752496.752496 sllm_store_c.py:29] call client load into gpu
DEBUG 04-24 11:19:54.754572.754572 cuda_h.py:27] end **self_attn cost 1.801 ms
DEBUG 04-24 11:19:54.754193.754193 cuda_h.py:27] end load_into_gpu_async cost 2.386 ms
DEBUG 04-24 11:19:54.755277.755277 cuda_h.py:27] end *iln_self_attn_paln cost 3.846 ms
DEBUG 04-24 11:19:54.755242.755242 cuda_h.py:27] end restore_tensors2 cost 0.218 ms
DEBUG 04-24 11:19:54.756642.756642 cuda_h.py:27] end allocate_cuda_memory_and_load_into_gpu cost 4.393 ms
DEBUG 04-24 11:19:54.756024.756024 cuda_h.py:27] end gate cost 1.055 ms
DEBUG 04-24 11:19:54.757665.757665 cuda_h.py:27] end experts_map_get cost 0.401 ms
DEBUG 04-24 11:19:54.757621.757621 cuda_h.py:27] end *before experts start* cost 1.691 ms
DEBUG 04-24 11:19:54.757017.757017 cuda_h.py:27] end cpu_experts_submit_fused_mp cost 0.320 ms
DEBUG 04-24 11:19:54.759919.759919 cuda_h.py:27] end *single cpu experts* cost 1.926 ms
DEBUG 04-24 11:19:54.760657.760657 cuda_h.py:27] end prepare_group_stack cost 0.503 ms
DEBUG 04-24 11:19:54.761290.761290 sllm_store_c.py:27] get device uuid map
DEBUG 04-24 11:19:54.761525.761525 sllm_store_c.py:29] call client load into gpu
DEBUG 04-24 11:19:54.761789.761789 cuda_h.py:27] end prepare_group_stack cost 0.498 ms
DEBUG 04-24 11:19:54.761373.761373 cuda_h.py:27] end prepare_group_stack cost 0.473 ms
DEBUG 04-24 11:19:54.762606.762606 cuda_h.py:27] end prepare_group_stack cost 0.599 ms
DEBUG 04-24 11:19:54.762843.762843 cuda_h.py:27] end group stack cost 1.295 ms
DEBUG 04-24 11:19:54.762900.762900 cuda_h.py:27] end move_flatidxs_group_fused_mp cost 2.034 ms
DEBUG 04-24 11:19:54.762007.762007 cuda_h.py:27] end get_fused_experts_names_w cost 0.024 ms
DEBUG 04-24 11:19:54.762770.762770 cuda_h.py:27] end restore_fused_tensors cost 0.088 ms
DEBUG 04-24 11:19:54.762292.762292 cuda_h.py:27] end group stack cost 0.862 ms
DEBUG 04-24 11:19:54.763721.763721 cuda_h.py:27] end group_fused_tensors_mp cost 0.378 ms
DEBUG 04-24 11:19:54.763948.763948 cuda_h.py:27] end move_flatidxs_group_fused_mp cost 1.686 ms
DEBUG 04-24 11:19:54.763660.763660 cuda_h.py:27] end group stack cost 1.160 ms
DEBUG 04-24 11:19:54.763544.763544 cuda_h.py:27] end get_fused_experts_names_w cost 0.027 ms
DEBUG 04-24 11:19:54.763770.763770 cuda_h.py:27] end move_flatidxs_group_fused_mp cost 1.875 ms
DEBUG 04-24 11:19:54.763485.763485 cuda_h.py:27] end get_fused_experts_names_w cost 0.022 ms
DEBUG 04-24 11:19:54.764249.764249 cuda_h.py:27] end restore_fused_tensors cost 0.659 ms
DEBUG 04-24 11:19:54.764433.764433 cuda_h.py:27] end group stack cost 1.951 ms
DEBUG 04-24 11:19:54.764351.764351 cuda_h.py:27] end group_fused_tensors_mp cost 0.944 ms
DEBUG 04-24 11:19:54.764841.764841 cuda_h.py:27] end restore_fused_tensors cost 0.959 ms
DEBUG 04-24 11:19:54.764824.764824 cuda_h.py:27] end move_flatidxs_group_fused_mp cost 3.004 ms
DEBUG 04-24 11:19:54.764502.764502 cuda_h.py:27] end group_fused_tensors_mp cost 1.545 ms
DEBUG 04-24 11:19:54.764909.764909 cuda_h.py:27] end get_fused_experts_names_w cost 0.043 ms
DEBUG 04-24 11:19:54.765316.765316 cuda_h.py:27] end restore2model cost 2.040 ms
DEBUG 04-24 11:19:54.765311.765311 cuda_h.py:27] end sllm_worker_task cost 13.899 ms
DEBUG 04-24 11:19:54.766768.766768 cuda_h.py:27] end restore_fused_tensors cost 1.186 ms
DEBUG 04-24 11:19:54.766628.766628 cuda_h.py:27] end group_fused_tensors_mp cost 1.563 ms
DEBUG 04-24 11:19:54.766680.766680 cuda_h.py:27] end load_into_gpu_async_fused_experts_dual cost 4.669 ms
DEBUG 04-24 11:19:54.767306.767306 cuda_h.py:27] end restore_tensors2_fused_experts_packed cost 0.310 ms
DEBUG 04-24 11:19:54.768809.768809 cuda_h.py:27] end restore_tensors2_fused_experts_slices cost 0.869 ms
DEBUG 04-24 11:19:54.768150.768150 cuda_h.py:27] end allocate_experts_cuda_memory_and_restore_model_multi_device_fused cost 9.377 ms
DEBUG 04-24 11:19:54.769283.769283 cuda_h.py:27] end gpu_sexperts cost 0.022 ms
DEBUG 04-24 11:19:54.769559.769559 cuda_h.py:27] end wait_load_qkvogn_s_weight cost 0.064 ms
DEBUG 04-24 11:19:54.776613.776613 mlpmodule.py:3373] [fused_group_bmm][steps] bmm1=7.378 ms split=0.164 ms act_mul=0.442 ms bmm2=3.360 ms
DEBUG 04-24 11:19:54.776219.776219 cuda_h.py:27] end fused_group_bmm cost 11.920 ms
DEBUG 04-24 11:19:54.777121.777121 cuda_h.py:27] end gather_outputs_group_fused_mp cost 0.789 ms
DEBUG 04-24 11:19:54.778264.778264 cuda_h.py:27] end cpu_experts_worker_bmm_or_einsum_0 cost 18.075 ms
DEBUG 04-24 11:19:54.778207.778207 mlpmodule.py:3373] [fused_group_bmm][steps] bmm1=8.394 ms split=0.115 ms act_mul=0.391 ms bmm2=4.827 ms
DEBUG 04-24 11:19:54.778076.778076 cuda_h.py:27] end fused_group_bmm cost 14.017 ms
DEBUG 04-24 11:19:54.778398.778398 mlpmodule.py:3373] [fused_group_bmm][steps] bmm1=8.334 ms split=0.207 ms act_mul=0.503 ms bmm2=6.672 ms
DEBUG 04-24 11:19:54.779259.779259 cuda_h.py:27] end fused_group_bmm cost 15.960 ms
DEBUG 04-24 11:19:54.779687.779687 cuda_h.py:27] end gather_outputs_group_fused_mp cost 0.572 ms
DEBUG 04-24 11:19:54.779756.779756 cuda_h.py:27] end gather_outputs_group_fused_mp cost 0.489 ms
DEBUG 04-24 11:19:54.779034.779034 cuda_h.py:27] end cpu_experts_worker_bmm_or_einsum_1 cost 19.510 ms
DEBUG 04-24 11:19:54.780413.780413 cuda_h.py:27] end cpu_experts_worker_bmm_or_einsum_2 cost 21.217 ms
DEBUG 04-24 11:19:54.783244.783244 mlpmodule.py:3373] [fused_group_bmm][steps] bmm1=12.240 ms split=0.108 ms act_mul=0.360 ms bmm2=3.814 ms
DEBUG 04-24 11:19:54.783067.783067 cuda_h.py:27] end fused_group_bmm cost 16.814 ms
DEBUG 04-24 11:19:54.784616.784616 cuda_h.py:27] end gather_outputs_group_fused_mp cost 0.434 ms
DEBUG 04-24 11:19:54.784249.784249 cuda_h.py:27] end cpu_experts_worker_bmm_or_einsum_3 cost 24.237 ms
DEBUG 04-24 11:19:54.786197.786197 cuda_h.py:27] end prepare_per_device_parameters cost 16.693 ms
DEBUG 04-24 11:19:54.789448.789448 cuda_h.py:27] end wait_experts_multi_device cost 3.027 ms
DEBUG 04-24 11:19:54.789212.789212 cuda_h.py:27] end *before fused experts* cost 30.051 ms
DEBUG 04-24 11:19:54.794571.794571 cuda_h.py:27] end gpu_experts_multi_device_fused cost 5.312 ms
DEBUG 04-24 11:19:54.795818.795818 cuda_h.py:27] end *gpu experts* cost 35.484 ms
DEBUG 04-24 11:19:54.796743.796743 cuda_h.py:27] end cpu_experts_scatter_reduce cost 0.564 ms
DEBUG 04-24 11:19:54.796930.796930 cuda_h.py:27] end cpu_thread_manager_mp_wait_fused cost 1.734 ms
DEBUG 04-24 11:19:54.796926.796926 cuda_h.py:27] end layer_moe_generate_mp_multi_device_fused_l_2 cost 41.069 ms
DEBUG 04-24 11:19:54.797895.797895 cuda_h.py:27] end *mlp cost 41.712 ms
DEBUG 04-24 11:19:54.797242.797242 cuda_h.py:27] end prefill_layer cost 46.359 ms
DEBUG 04-24 11:19:54.797898.797898 lmp.py:341] -------------------------------- end prefill layer 1 --------------------------------
DEBUG 04-24 11:19:54.797310.797310 lmp.py:294] -------------------------------- start prefill layer 2 --------------------------------
DEBUG 04-24 11:19:54.797240.797240 cuda_h.py:27] end start_load_qkvogn_s_weight_l_3 cost 0.057 ms
DEBUG 04-24 11:19:54.798547.798547 cuda_h.py:27] end allocate_cuda_memory cost 0.438 ms
DEBUG 04-24 11:19:54.798227.798227 sllm_store_c.py:27] get device uuid map
DEBUG 04-24 11:19:54.798914.798914 sllm_store_c.py:29] call client load into gpu
DEBUG 04-24 11:19:54.800001.800001 cuda_h.py:27] end **self_attn cost 1.497 ms
DEBUG 04-24 11:19:54.800077.800077 cuda_h.py:27] end load_into_gpu_async cost 2.029 ms
DEBUG 04-24 11:19:54.800427.800427 cuda_h.py:27] end restore_tensors2 cost 0.105 ms
DEBUG 04-24 11:19:54.801502.801502 cuda_h.py:27] end allocate_cuda_memory_and_load_into_gpu cost 3.160 ms
DEBUG 04-24 11:19:54.801972.801972 cuda_h.py:27] end *iln_self_attn_paln cost 3.544 ms
DEBUG 04-24 11:19:54.801565.801565 cuda_h.py:27] end gate cost 0.569 ms
DEBUG 04-24 11:19:54.802466.802466 cuda_h.py:27] end experts_map_get cost 0.331 ms
DEBUG 04-24 11:19:54.802110.802110 cuda_h.py:27] end *before experts start* cost 1.052 ms
DEBUG 04-24 11:19:54.802146.802146 cuda_h.py:27] end cpu_experts_submit_fused_mp cost 0.244 ms
DEBUG 04-24 11:19:54.804136.804136 cuda_h.py:27] end *single cpu experts* cost 1.904 ms
DEBUG 04-24 11:19:54.805730.805730 cuda_h.py:27] end prepare_group_stack cost 0.434 ms
DEBUG 04-24 11:19:54.805387.805387 cuda_h.py:27] end prepare_group_stack cost 0.411 ms
DEBUG 04-24 11:19:54.806995.806995 cuda_h.py:27] end prepare_group_stack cost 0.673 ms
DEBUG 04-24 11:19:54.806863.806863 cuda_h.py:27] end prepare_group_stack cost 0.524 ms
DEBUG 04-24 11:19:54.807527.807527 cuda_h.py:27] end group stack cost 1.136 ms
DEBUG 04-24 11:19:54.807833.807833 sllm_store_c.py:27] get device uuid map
DEBUG 04-24 11:19:54.807237.807237 cuda_h.py:27] end group stack cost 1.201 ms
DEBUG 04-24 11:19:54.807671.807671 sllm_store_c.py:29] call client load into gpu
DEBUG 04-24 11:19:54.807201.807201 cuda_h.py:27] end move_flatidxs_group_fused_mp cost 1.805 ms
DEBUG 04-24 11:19:54.807135.807135 cuda_h.py:27] end move_flatidxs_group_fused_mp cost 1.871 ms
DEBUG 04-24 11:19:54.807539.807539 cuda_h.py:27] end get_fused_experts_names_w cost 0.023 ms
DEBUG 04-24 11:19:54.807215.807215 cuda_h.py:27] end get_fused_experts_names_w cost 0.022 ms
DEBUG 04-24 11:19:54.808450.808450 cuda_h.py:27] end restore_fused_tensors cost 0.603 ms
DEBUG 04-24 11:19:54.808770.808770 cuda_h.py:27] end group_fused_tensors_mp cost 0.786 ms
DEBUG 04-24 11:19:54.808233.808233 cuda_h.py:27] end group stack cost 1.243 ms
DEBUG 04-24 11:19:54.808348.808348 cuda_h.py:27] end restore_fused_tensors cost 0.710 ms
DEBUG 04-24 11:19:54.808308.808308 cuda_h.py:27] end group stack cost 1.826 ms
DEBUG 04-24 11:19:54.808047.808047 cuda_h.py:27] end group_fused_tensors_mp cost 1.139 ms
DEBUG 04-24 11:19:54.808372.808372 cuda_h.py:27] end move_flatidxs_group_fused_mp cost 2.286 ms
DEBUG 04-24 11:19:54.808428.808428 cuda_h.py:27] end move_flatidxs_group_fused_mp cost 3.126 ms
DEBUG 04-24 11:19:54.808754.808754 cuda_h.py:27] end get_fused_experts_names_w cost 0.025 ms
DEBUG 04-24 11:19:54.808244.808244 cuda_h.py:27] end get_fused_experts_names_w cost 0.047 ms
DEBUG 04-24 11:19:54.809753.809753 cuda_h.py:27] end restore2model cost 1.025 ms
DEBUG 04-24 11:19:54.809899.809899 cuda_h.py:27] end sllm_worker_task cost 11.662 ms
DEBUG 04-24 11:19:54.809227.809227 cuda_h.py:27] end restore_fused_tensors cost 0.912 ms
DEBUG 04-24 11:19:54.809960.809960 cuda_h.py:27] end group_fused_tensors_mp cost 1.234 ms
DEBUG 04-24 11:19:54.809939.809939 cuda_h.py:27] end load_into_gpu_async_fused_experts_dual cost 2.563 ms
DEBUG 04-24 11:19:54.810705.810705 cuda_h.py:27] end restore_tensors2_fused_experts_packed cost 0.101 ms
DEBUG 04-24 11:19:54.810033.810033 cuda_h.py:27] end restore_fused_tensors cost 1.456 ms
DEBUG 04-24 11:19:54.810076.810076 cuda_h.py:27] end group_fused_tensors_mp cost 1.965 ms
DEBUG 04-24 11:19:54.811040.811040 cuda_h.py:27] end restore_tensors2_fused_experts_slices cost 0.726 ms
DEBUG 04-24 11:19:54.811055.811055 cuda_h.py:27] end allocate_experts_cuda_memory_and_restore_model_multi_device_fused cost 7.481 ms
DEBUG 04-24 11:19:54.812486.812486 cuda_h.py:27] end gpu_sexperts cost 0.027 ms
DEBUG 04-24 11:19:54.812755.812755 cuda_h.py:27] end wait_load_qkvogn_s_weight cost 0.074 ms
DEBUG 04-24 11:19:54.820821.820821 mlpmodule.py:3373] [fused_group_bmm][steps] bmm1=6.726 ms split=0.213 ms act_mul=0.588 ms bmm2=3.826 ms
DEBUG 04-24 11:19:54.820684.820684 cuda_h.py:27] end fused_group_bmm cost 11.911 ms
DEBUG 04-24 11:19:54.821124.821124 cuda_h.py:27] end gather_outputs_group_fused_mp cost 0.799 ms
DEBUG 04-24 11:19:54.822888.822888 cuda_h.py:27] end cpu_experts_worker_bmm_or_einsum_0 cost 18.131 ms
DEBUG 04-24 11:19:54.823951.823951 mlpmodule.py:3373] [fused_group_bmm][steps] bmm1=7.705 ms split=0.152 ms act_mul=0.418 ms bmm2=6.448 ms
DEBUG 04-24 11:19:54.823893.823893 cuda_h.py:27] end fused_group_bmm cost 15.036 ms
DEBUG 04-24 11:19:54.823869.823869 mlpmodule.py:3373] [fused_group_bmm][steps] bmm1=8.850 ms split=0.192 ms act_mul=0.425 ms bmm2=3.991 ms
DEBUG 04-24 11:19:54.823632.823632 cuda_h.py:27] end fused_group_bmm cost 13.758 ms
DEBUG 04-24 11:19:54.824567.824567 cuda_h.py:27] end gather_outputs_group_fused_mp cost 0.460 ms
DEBUG 04-24 11:19:54.824710.824710 cuda_h.py:27] end gather_outputs_group_fused_mp cost 0.551 ms
DEBUG 04-24 11:19:54.824719.824719 cuda_h.py:27] end cpu_experts_worker_bmm_or_einsum_3 cost 20.415 ms
DEBUG 04-24 11:19:54.824028.824028 cuda_h.py:27] end cpu_experts_worker_bmm_or_einsum_1 cost 19.564 ms
DEBUG 04-24 11:19:54.828491.828491 mlpmodule.py:3373] [fused_group_bmm][steps] bmm1=11.781 ms split=0.149 ms act_mul=0.439 ms bmm2=4.263 ms
DEBUG 04-24 11:19:54.828545.828545 cuda_h.py:27] end fused_group_bmm cost 16.881 ms
DEBUG 04-24 11:19:54.829036.829036 cuda_h.py:27] end gather_outputs_group_fused_mp cost 0.470 ms
DEBUG 04-24 11:19:54.829241.829241 cuda_h.py:27] end cpu_experts_worker_bmm_or_einsum_2 cost 24.984 ms
DEBUG 04-24 11:19:54.830275.830275 cuda_h.py:27] end prepare_per_device_parameters cost 17.943 ms
DEBUG 04-24 11:19:54.835826.835826 cuda_h.py:27] end wait_experts_multi_device cost 4.647 ms
DEBUG 04-24 11:19:54.835067.835067 cuda_h.py:27] end *before fused experts* cost 31.037 ms
DEBUG 04-24 11:19:54.841501.841501 cuda_h.py:27] end gpu_experts_multi_device_fused cost 5.790 ms
DEBUG 04-24 11:19:54.841218.841218 cuda_h.py:27] end *gpu experts* cost 36.944 ms
DEBUG 04-24 11:19:54.842854.842854 cuda_h.py:27] end cpu_experts_scatter_reduce cost 0.534 ms
DEBUG 04-24 11:19:54.843697.843697 cuda_h.py:27] end cpu_thread_manager_mp_wait_fused cost 1.620 ms
DEBUG 04-24 11:19:54.843501.843501 cuda_h.py:27] end layer_moe_generate_mp_multi_device_fused_l_3 cost 41.790 ms
DEBUG 04-24 11:19:54.843920.843920 cuda_h.py:27] end *mlp cost 42.449 ms
DEBUG 04-24 11:19:54.843148.843148 cuda_h.py:27] end prefill_layer cost 46.192 ms
DEBUG 04-24 11:19:54.843473.843473 lmp.py:341] -------------------------------- end prefill layer 2 --------------------------------
DEBUG 04-24 11:19:54.843838.843838 lmp.py:294] -------------------------------- start prefill layer 3 --------------------------------
DEBUG 04-24 11:19:54.843768.843768 cuda_h.py:27] end start_load_qkvogn_s_weight_l_4 cost 0.054 ms
DEBUG 04-24 11:19:54.844640.844640 cuda_h.py:27] end allocate_cuda_memory cost 0.466 ms
DEBUG 04-24 11:19:54.845229.845229 sllm_store_c.py:27] get device uuid map
DEBUG 04-24 11:19:54.845066.845066 sllm_store_c.py:29] call client load into gpu
DEBUG 04-24 11:19:54.847318.847318 cuda_h.py:27] end **self_attn cost 1.775 ms
DEBUG 04-24 11:19:54.847095.847095 cuda_h.py:27] end *iln_self_attn_paln cost 3.673 ms
DEBUG 04-24 11:19:54.848281.848281 cuda_h.py:27] end load_into_gpu_async cost 3.509 ms
DEBUG 04-24 11:19:54.848579.848579 cuda_h.py:27] end restore_tensors2 cost 0.200 ms
DEBUG 04-24 11:19:54.849273.849273 cuda_h.py:27] end allocate_cuda_memory_and_load_into_gpu cost 5.048 ms
DEBUG 04-24 11:19:54.849718.849718 cuda_h.py:27] end gate cost 1.827 ms
DEBUG 04-24 11:19:54.850892.850892 cuda_h.py:27] end experts_map_get cost 0.332 ms
DEBUG 04-24 11:19:54.850159.850159 cuda_h.py:27] end *before experts start* cost 2.351 ms
DEBUG 04-24 11:19:54.850505.850505 cuda_h.py:27] end cpu_experts_submit_fused_mp cost 0.227 ms
DEBUG 04-24 11:19:54.852068.852068 cuda_h.py:27] end *single cpu experts* cost 2.379 ms
DEBUG 04-24 11:19:54.854742.854742 cuda_h.py:27] end prepare_group_stack cost 0.483 ms
DEBUG 04-24 11:19:54.854608.854608 cuda_h.py:27] end prepare_group_stack cost 0.536 ms
DEBUG 04-24 11:19:54.854393.854393 cuda_h.py:27] end prepare_group_stack cost 0.562 ms
DEBUG 04-24 11:19:54.855995.855995 cuda_h.py:27] end group stack cost 0.941 ms
DEBUG 04-24 11:19:54.855939.855939 cuda_h.py:27] end move_flatidxs_group_fused_mp cost 1.627 ms
DEBUG 04-24 11:19:54.855669.855669 sllm_store_c.py:27] get device uuid map
DEBUG 04-24 11:19:54.855774.855774 cuda_h.py:27] end prepare_group_stack cost 0.649 ms
DEBUG 04-24 11:19:54.855488.855488 cuda_h.py:27] end get_fused_experts_names_w cost 0.022 ms
DEBUG 04-24 11:19:54.855224.855224 sllm_store_c.py:29] call client load into gpu
DEBUG 04-24 11:19:54.856473.856473 cuda_h.py:27] end restore_fused_tensors cost 0.509 ms
DEBUG 04-24 11:19:54.856502.856502 cuda_h.py:27] end group_fused_tensors_mp cost 0.633 ms
DEBUG 04-24 11:19:54.856925.856925 cuda_h.py:27] end group stack cost 1.469 ms
DEBUG 04-24 11:19:54.856146.856146 cuda_h.py:27] end group stack cost 1.842 ms
DEBUG 04-24 11:19:54.856595.856595 cuda_h.py:27] end move_flatidxs_group_fused_mp cost 2.673 ms
DEBUG 04-24 11:19:54.856938.856938 cuda_h.py:27] end move_flatidxs_group_fused_mp cost 3.089 ms
DEBUG 04-24 11:19:54.856011.856011 cuda_h.py:27] end get_fused_experts_names_w cost 0.043 ms
DEBUG 04-24 11:19:54.857864.857864 cuda_h.py:27] end get_fused_experts_names_w cost 0.036 ms
DEBUG 04-24 11:19:54.857249.857249 cuda_h.py:27] end restore_fused_tensors cost 0.117 ms
DEBUG 04-24 11:19:54.857289.857289 cuda_h.py:27] end group_fused_tensors_mp cost 0.460 ms
DEBUG 04-24 11:19:54.857029.857029 cuda_h.py:27] end group stack cost 2.063 ms
DEBUG 04-24 11:19:54.858682.858682 cuda_h.py:27] end move_flatidxs_group_fused_mp cost 3.455 ms
DEBUG 04-24 11:19:54.858025.858025 cuda_h.py:27] end get_fused_experts_names_w cost 0.035 ms
DEBUG 04-24 11:19:54.858440.858440 cuda_h.py:27] end restore_fused_tensors cost 1.385 ms
DEBUG 04-24 11:19:54.858241.858241 cuda_h.py:27] end group_fused_tensors_mp cost 1.974 ms
DEBUG 04-24 11:19:54.858829.858829 cuda_h.py:27] end restore2model cost 1.898 ms
DEBUG 04-24 11:19:54.859938.859938 cuda_h.py:27] end load_into_gpu_async_fused_experts_dual cost 3.662 ms
DEBUG 04-24 11:19:54.859604.859604 cuda_h.py:27] end sllm_worker_task cost 15.119 ms
DEBUG 04-24 11:19:54.859531.859531 cuda_h.py:27] end restore_tensors2_fused_experts_packed cost 0.064 ms
DEBUG 04-24 11:19:54.860529.860529 cuda_h.py:27] end restore_fused_tensors cost 1.289 ms
DEBUG 04-24 11:19:54.860825.860825 cuda_h.py:27] end restore_tensors2_fused_experts_slices cost 0.282 ms
DEBUG 04-24 11:19:54.860947.860947 cuda_h.py:27] end allocate_experts_cuda_memory_and_restore_model_multi_device_fused cost 7.528 ms
DEBUG 04-24 11:19:54.860416.860416 cuda_h.py:27] end group_fused_tensors_mp cost 1.839 ms
DEBUG 04-24 11:19:54.860856.860856 cuda_h.py:27] end gpu_sexperts cost 0.006 ms
DEBUG 04-24 11:19:54.860120.860120 cuda_h.py:27] end wait_load_qkvogn_s_weight cost 0.024 ms
DEBUG 04-24 11:19:54.869639.869639 mlpmodule.py:3373] [fused_group_bmm][steps] bmm1=6.139 ms split=0.180 ms act_mul=0.495 ms bmm2=6.445 ms
DEBUG 04-24 11:19:54.870826.870826 cuda_h.py:27] end fused_group_bmm cost 13.535 ms
DEBUG 04-24 11:19:54.870328.870328 cuda_h.py:27] end gather_outputs_group_fused_mp cost 0.880 ms
DEBUG 04-24 11:19:54.871959.871959 mlpmodule.py:3373] [fused_group_bmm][steps] bmm1=6.400 ms split=0.240 ms act_mul=0.454 ms bmm2=6.277 ms
DEBUG 04-24 11:19:54.872085.872085 cuda_h.py:27] end cpu_experts_worker_bmm_or_einsum_2 cost 19.414 ms
DEBUG 04-24 11:19:54.872914.872914 cuda_h.py:27] end fused_group_bmm cost 14.117 ms
DEBUG 04-24 11:19:54.872759.872759 cuda_h.py:27] end gather_outputs_group_fused_mp cost 0.842 ms
DEBUG 04-24 11:19:54.873687.873687 cuda_h.py:27] end cpu_experts_worker_bmm_or_einsum_3 cost 20.902 ms
DEBUG 04-24 11:19:54.873554.873554 mlpmodule.py:3373] [fused_group_bmm][steps] bmm1=8.800 ms split=0.227 ms act_mul=0.563 ms bmm2=4.602 ms
DEBUG 04-24 11:19:54.873785.873785 cuda_h.py:27] end fused_group_bmm cost 14.629 ms
DEBUG 04-24 11:19:54.874147.874147 cuda_h.py:27] end gather_outputs_group_fused_mp cost 0.568 ms
DEBUG 04-24 11:19:54.874838.874838 mlpmodule.py:3373] [fused_group_bmm][steps] bmm1=8.959 ms split=0.114 ms act_mul=0.346 ms bmm2=4.470 ms
DEBUG 04-24 11:19:54.874481.874481 cuda_h.py:27] end fused_group_bmm cost 14.151 ms
DEBUG 04-24 11:19:54.875548.875548 cuda_h.py:27] end cpu_experts_worker_bmm_or_einsum_0 cost 22.439 ms
DEBUG 04-24 11:19:54.875542.875542 cuda_h.py:27] end gather_outputs_group_fused_mp cost 0.627 ms
DEBUG 04-24 11:19:54.876342.876342 cuda_h.py:27] end cpu_experts_worker_bmm_or_einsum_1 cost 22.430 ms
DEBUG 04-24 11:19:54.879275.879275 cuda_h.py:27] end prepare_per_device_parameters cost 18.416 ms
DEBUG 04-24 11:19:54.883711.883711 cuda_h.py:27] end wait_experts_multi_device cost 4.555 ms
DEBUG 04-24 11:19:54.884091.884091 cuda_h.py:27] end *before fused experts* cost 31.204 ms
DEBUG 04-24 11:19:54.889280.889280 cuda_h.py:27] end gpu_experts_multi_device_fused cost 5.011 ms
DEBUG 04-24 11:19:54.889879.889879 cuda_h.py:27] end *gpu experts* cost 36.349 ms
DEBUG 04-24 11:19:54.890348.890348 cuda_h.py:27] end cpu_experts_scatter_reduce cost 0.566 ms
DEBUG 04-24 11:19:54.891191.891191 cuda_h.py:27] end cpu_thread_manager_mp_wait_fused cost 1.768 ms
DEBUG 04-24 11:19:54.891611.891611 cuda_h.py:27] end layer_moe_generate_mp_multi_device_fused_l_4 cost 43.135 ms
DEBUG 04-24 11:19:54.891495.891495 cuda_h.py:27] end *mlp cost 43.825 ms
DEBUG 04-24 11:19:54.891418.891418 cuda_h.py:27] end prefill_layer cost 47.968 ms
DEBUG 04-24 11:19:54.891989.891989 lmp.py:341] -------------------------------- end prefill layer 3 --------------------------------
DEBUG 04-24 11:19:54.891069.891069 lmp.py:294] -------------------------------- start prefill layer 4 --------------------------------
DEBUG 04-24 11:19:54.891184.891184 cuda_h.py:27] end start_load_qkvogn_s_weight_l_5 cost 0.051 ms
DEBUG 04-24 11:19:54.892420.892420 cuda_h.py:27] end allocate_cuda_memory cost 0.311 ms
DEBUG 04-24 11:19:54.892861.892861 sllm_store_c.py:27] get device uuid map
DEBUG 04-24 11:19:54.892877.892877 sllm_store_c.py:29] call client load into gpu
DEBUG 04-24 11:19:54.894109.894109 cuda_h.py:27] end **self_attn cost 1.392 ms
DEBUG 04-24 11:19:54.895647.895647 cuda_h.py:27] end *iln_self_attn_paln cost 3.209 ms
DEBUG 04-24 11:19:54.895356.895356 cuda_h.py:27] end load_into_gpu_async cost 2.924 ms
DEBUG 04-24 11:19:54.895754.895754 cuda_h.py:27] end restore_tensors2 cost 0.117 ms
DEBUG 04-24 11:19:54.896223.896223 cuda_h.py:27] end allocate_cuda_memory_and_load_into_gpu cost 4.012 ms
DEBUG 04-24 11:19:54.896390.896390 cuda_h.py:27] end gate cost 0.941 ms
DEBUG 04-24 11:19:54.896497.896497 cuda_h.py:27] end experts_map_get cost 0.300 ms
DEBUG 04-24 11:19:54.896493.896493 cuda_h.py:27] end *before experts start* cost 1.456 ms
DEBUG 04-24 11:19:54.897223.897223 cuda_h.py:27] end cpu_experts_submit_fused_mp cost 0.230 ms
DEBUG 04-24 11:19:54.898575.898575 cuda_h.py:27] end *single cpu experts* cost 2.016 ms
DEBUG 04-24 11:19:54.900923.900923 cuda_h.py:27] end prepare_group_stack cost 0.331 ms
DEBUG 04-24 11:19:54.900647.900647 sllm_store_c.py:27] get device uuid map
DEBUG 04-24 11:19:54.900610.900610 sllm_store_c.py:29] call client load into gpu
DEBUG 04-24 11:19:54.900722.900722 cuda_h.py:27] end prepare_group_stack cost 0.721 ms
DEBUG 04-24 11:19:54.901628.901628 cuda_h.py:27] end prepare_group_stack cost 0.521 ms
DEBUG 04-24 11:19:54.901718.901718 cuda_h.py:27] end group stack cost 0.720 ms
DEBUG 04-24 11:19:54.901116.901116 cuda_h.py:27] end move_flatidxs_group_fused_mp cost 1.367 ms
DEBUG 04-24 11:19:54.901870.901870 cuda_h.py:27] end get_fused_experts_names_w cost 0.020 ms
DEBUG 04-24 11:19:54.902754.902754 cuda_h.py:27] end restore_fused_tensors cost 0.531 ms
DEBUG 04-24 11:19:54.902398.902398 cuda_h.py:27] end group_fused_tensors_mp cost 0.765 ms
DEBUG 04-24 11:19:54.902455.902455 cuda_h.py:27] end prepare_group_stack cost 0.406 ms
DEBUG 04-24 11:19:54.902211.902211 cuda_h.py:27] end group stack cost 1.291 ms
DEBUG 04-24 11:19:54.902371.902371 cuda_h.py:27] end group stack cost 1.605 ms
DEBUG 04-24 11:19:54.902043.902043 cuda_h.py:27] end move_flatidxs_group_fused_mp cost 2.248 ms
DEBUG 04-24 11:19:54.903224.903224 cuda_h.py:27] end get_fused_experts_names_w cost 0.022 ms
DEBUG 04-24 11:19:54.903828.903828 cuda_h.py:27] end move_flatidxs_group_fused_mp cost 2.933 ms
DEBUG 04-24 11:19:54.903080.903080 cuda_h.py:27] end get_fused_experts_names_w cost 0.036 ms
DEBUG 04-24 11:19:54.904595.904595 cuda_h.py:27] end group stack cost 1.307 ms
DEBUG 04-24 11:19:54.904914.904914 cuda_h.py:27] end restore_fused_tensors cost 0.822 ms
DEBUG 04-24 11:19:54.904062.904062 cuda_h.py:27] end group_fused_tensors_mp cost 1.099 ms
DEBUG 04-24 11:19:54.904360.904360 cuda_h.py:27] end move_flatidxs_group_fused_mp cost 1.932 ms
DEBUG 04-24 11:19:54.904177.904177 cuda_h.py:27] end get_fused_experts_names_w cost 0.024 ms
DEBUG 04-24 11:19:54.904264.904264 cuda_h.py:27] end restore_fused_tensors cost 1.144 ms
DEBUG 04-24 11:19:54.904633.904633 cuda_h.py:27] end group_fused_tensors_mp cost 1.501 ms
DEBUG 04-24 11:19:54.905066.905066 cuda_h.py:27] end restore_fused_tensors cost 0.601 ms
DEBUG 04-24 11:19:54.905625.905625 cuda_h.py:27] end group_fused_tensors_mp cost 0.955 ms
DEBUG 04-24 11:19:54.908632.908632 cuda_h.py:27] end load_into_gpu_async_fused_experts_dual cost 8.191 ms
DEBUG 04-24 11:19:54.909336.909336 cuda_h.py:27] end restore2model cost 2.144 ms
DEBUG 04-24 11:19:54.909207.909207 cuda_h.py:27] end restore_tensors2_fused_experts_packed cost 0.181 ms
DEBUG 04-24 11:19:54.909751.909751 cuda_h.py:27] end sllm_worker_task cost 17.596 ms
DEBUG 04-24 11:19:54.910239.910239 cuda_h.py:27] end restore_tensors2_fused_experts_slices cost 0.356 ms
DEBUG 04-24 11:19:54.911966.911966 cuda_h.py:27] end allocate_experts_cuda_memory_and_restore_model_multi_device_fused cost 12.167 ms
DEBUG 04-24 11:19:54.911928.911928 cuda_h.py:27] end gpu_sexperts cost 0.015 ms
DEBUG 04-24 11:19:54.911229.911229 cuda_h.py:27] end wait_load_qkvogn_s_weight cost 0.033 ms
DEBUG 04-24 11:19:54.913414.913414 mlpmodule.py:3373] [fused_group_bmm][steps] bmm1=7.026 ms split=0.115 ms act_mul=0.570 ms bmm2=3.496 ms
DEBUG 04-24 11:19:54.913104.913104 cuda_h.py:27] end fused_group_bmm cost 11.469 ms
DEBUG 04-24 11:19:54.914264.914264 cuda_h.py:27] end gather_outputs_group_fused_mp cost 0.588 ms
DEBUG 04-24 11:19:54.915359.915359 cuda_h.py:27] end cpu_experts_worker_bmm_or_einsum_0 cost 16.568 ms
DEBUG 04-24 11:19:54.915983.915983 mlpmodule.py:3373] [fused_group_bmm][steps] bmm1=7.385 ms split=0.143 ms act_mul=0.402 ms bmm2=3.364 ms
DEBUG 04-24 11:19:54.915647.915647 cuda_h.py:27] end fused_group_bmm cost 11.596 ms
DEBUG 04-24 11:19:54.916524.916524 cuda_h.py:27] end gather_outputs_group_fused_mp cost 0.574 ms
DEBUG 04-24 11:19:54.917330.917330 cuda_h.py:27] end cpu_experts_worker_bmm_or_einsum_1 cost 17.356 ms
DEBUG 04-24 11:19:54.918459.918459 mlpmodule.py:3373] [fused_group_bmm][steps] bmm1=8.309 ms split=0.119 ms act_mul=0.362 ms bmm2=4.265 ms
DEBUG 04-24 11:19:54.918322.918322 cuda_h.py:27] end fused_group_bmm cost 13.338 ms
DEBUG 04-24 11:19:54.918963.918963 mlpmodule.py:3373] [fused_group_bmm][steps] bmm1=8.043 ms split=0.111 ms act_mul=0.509 ms bmm2=4.984 ms
DEBUG 04-24 11:19:54.919434.919434 cuda_h.py:27] end fused_group_bmm cost 13.921 ms
DEBUG 04-24 11:19:54.919058.919058 cuda_h.py:27] end gather_outputs_group_fused_mp cost 0.445 ms
DEBUG 04-24 11:19:54.919627.919627 cuda_h.py:27] end gather_outputs_group_fused_mp cost 0.379 ms
DEBUG 04-24 11:19:54.919330.919330 cuda_h.py:27] end cpu_experts_worker_bmm_or_einsum_3 cost 18.512 ms
DEBUG 04-24 11:19:54.920805.920805 cuda_h.py:27] end cpu_experts_worker_bmm_or_einsum_2 cost 21.237 ms
DEBUG 04-24 11:19:54.926573.926573 cuda_h.py:27] end prepare_per_device_parameters cost 15.185 ms
DEBUG 04-24 11:19:54.932240.932240 cuda_h.py:27] end wait_experts_multi_device cost 4.947 ms
DEBUG 04-24 11:19:54.932143.932143 cuda_h.py:27] end *before fused experts* cost 33.094 ms
DEBUG 04-24 11:19:54.936915.936915 cuda_h.py:27] end gpu_experts_multi_device_fused cost 4.042 ms
DEBUG 04-24 11:19:54.936448.936448 cuda_h.py:27] end *gpu experts* cost 37.251 ms
DEBUG 04-24 11:19:54.937871.937871 cuda_h.py:27] end cpu_experts_scatter_reduce cost 0.537 ms
DEBUG 04-24 11:19:54.937099.937099 cuda_h.py:27] end cpu_thread_manager_mp_wait_fused cost 1.605 ms
DEBUG 04-24 11:19:54.937141.937141 cuda_h.py:27] end layer_moe_generate_mp_multi_device_fused_l_5 cost 42.558 ms
DEBUG 04-24 11:19:54.938879.938879 cuda_h.py:27] end *mlp cost 43.241 ms
DEBUG 04-24 11:19:54.938948.938948 cuda_h.py:27] end prefill_layer cost 46.819 ms
DEBUG 04-24 11:19:54.938604.938604 lmp.py:341] -------------------------------- end prefill layer 4 --------------------------------
DEBUG 04-24 11:19:54.938016.938016 lmp.py:294] -------------------------------- start prefill layer 5 --------------------------------
DEBUG 04-24 11:19:54.938707.938707 cuda_h.py:27] end start_load_qkvogn_s_weight_l_6 cost 0.054 ms
DEBUG 04-24 11:19:54.939214.939214 cuda_h.py:27] end allocate_cuda_memory cost 0.450 ms
DEBUG 04-24 11:19:54.939492.939492 sllm_store_c.py:27] get device uuid map
DEBUG 04-24 11:19:54.940504.940504 sllm_store_c.py:29] call client load into gpu
DEBUG 04-24 11:19:54.942721.942721 cuda_h.py:27] end **self_attn cost 2.298 ms
DEBUG 04-24 11:19:54.942636.942636 cuda_h.py:27] end *iln_self_attn_paln cost 3.873 ms
DEBUG 04-24 11:19:54.943194.943194 cuda_h.py:27] end load_into_gpu_async cost 3.195 ms
DEBUG 04-24 11:19:54.943490.943490 cuda_h.py:27] end restore_tensors2 cost 0.114 ms
DEBUG 04-24 11:19:54.943109.943109 cuda_h.py:27] end allocate_cuda_memory_and_load_into_gpu cost 4.565 ms
DEBUG 04-24 11:19:54.944147.944147 cuda_h.py:27] end gate cost 1.056 ms
DEBUG 04-24 11:19:54.944916.944916 cuda_h.py:27] end experts_map_get cost 0.311 ms
DEBUG 04-24 11:19:54.944945.944945 cuda_h.py:27] end *before experts start* cost 1.564 ms
DEBUG 04-24 11:19:54.945132.945132 cuda_h.py:27] end cpu_experts_submit_fused_mp cost 0.217 ms
DEBUG 04-24 11:19:54.946863.946863 cuda_h.py:27] end *single cpu experts* cost 1.860 ms
DEBUG 04-24 11:19:54.947302.947302 cuda_h.py:27] end prepare_group_stack cost 0.475 ms
DEBUG 04-24 11:19:54.948309.948309 cuda_h.py:27] end group stack cost 0.700 ms
DEBUG 04-24 11:19:54.948319.948319 cuda_h.py:27] end move_flatidxs_group_fused_mp cost 1.425 ms
DEBUG 04-24 11:19:54.948660.948660 cuda_h.py:27] end get_fused_experts_names_w cost 0.024 ms
DEBUG 04-24 11:19:54.949809.949809 cuda_h.py:27] end prepare_group_stack cost 0.399 ms
DEBUG 04-24 11:19:54.949250.949250 cuda_h.py:27] end prepare_group_stack cost 0.475 ms
DEBUG 04-24 11:19:54.949769.949769 sllm_store_c.py:27] get device uuid map
DEBUG 04-24 11:19:54.949798.949798 sllm_store_c.py:29] call client load into gpu
DEBUG 04-24 11:19:54.949499.949499 cuda_h.py:27] end prepare_group_stack cost 0.680 ms
DEBUG 04-24 11:19:54.949138.949138 cuda_h.py:27] end restore_fused_tensors cost 0.593 ms
DEBUG 04-24 11:19:54.949422.949422 cuda_h.py:27] end group_fused_tensors_mp cost 1.047 ms
DEBUG 04-24 11:19:54.950930.950930 cuda_h.py:27] end group stack cost 1.082 ms
DEBUG 04-24 11:19:54.950603.950603 cuda_h.py:27] end move_flatidxs_group_fused_mp cost 1.777 ms
DEBUG 04-24 11:19:54.950613.950613 cuda_h.py:27] end group stack cost 1.245 ms
DEBUG 04-24 11:19:54.950946.950946 cuda_h.py:27] end get_fused_experts_names_w cost 0.024 ms
DEBUG 04-24 11:19:54.950563.950563 cuda_h.py:27] end move_flatidxs_group_fused_mp cost 2.128 ms
DEBUG 04-24 11:19:54.950176.950176 cuda_h.py:27] end get_fused_experts_names_w cost 0.022 ms
DEBUG 04-24 11:19:54.951653.951653 cuda_h.py:27] end group stack cost 1.452 ms
DEBUG 04-24 11:19:54.951666.951666 cuda_h.py:27] end move_flatidxs_group_fused_mp cost 2.520 ms
DEBUG 04-24 11:19:54.951410.951410 cuda_h.py:27] end restore_fused_tensors cost 0.578 ms
DEBUG 04-24 11:19:54.951326.951326 cuda_h.py:27] end get_fused_experts_names_w cost 0.033 ms
DEBUG 04-24 11:19:54.951578.951578 cuda_h.py:27] end group_fused_tensors_mp cost 0.898 ms
DEBUG 04-24 11:19:54.951711.951711 cuda_h.py:27] end restore2model cost 1.325 ms
DEBUG 04-24 11:19:54.952002.952002 cuda_h.py:27] end restore_fused_tensors cost 0.813 ms
DEBUG 04-24 11:19:54.952160.952160 cuda_h.py:27] end group_fused_tensors_mp cost 1.348 ms
DEBUG 04-24 11:19:54.952209.952209 cuda_h.py:27] end load_into_gpu_async_fused_experts_dual cost 2.848 ms
DEBUG 04-24 11:19:54.952565.952565 cuda_h.py:27] end sllm_worker_task cost 13.207 ms
DEBUG 04-24 11:19:54.952795.952795 cuda_h.py:27] end restore_fused_tensors cost 1.102 ms
DEBUG 04-24 11:19:54.952340.952340 cuda_h.py:27] end restore_tensors2_fused_experts_packed cost 0.067 ms
DEBUG 04-24 11:19:54.952402.952402 cuda_h.py:27] end group_fused_tensors_mp cost 1.533 ms
DEBUG 04-24 11:19:54.953634.953634 cuda_h.py:27] end restore_tensors2_fused_experts_slices cost 0.615 ms
DEBUG 04-24 11:19:54.954785.954785 cuda_h.py:27] end allocate_experts_cuda_memory_and_restore_model_multi_device_fused cost 7.564 ms
DEBUG 04-24 11:19:54.954926.954926 cuda_h.py:27] end gpu_sexperts cost 0.016 ms
DEBUG 04-24 11:19:54.954680.954680 cuda_h.py:27] end wait_load_qkvogn_s_weight cost 0.084 ms
DEBUG 04-24 11:19:54.963168.963168 mlpmodule.py:3373] [fused_group_bmm][steps] bmm1=7.831 ms split=0.214 ms act_mul=0.548 ms bmm2=5.144 ms
DEBUG 04-24 11:19:54.964250.964250 cuda_h.py:27] end fused_group_bmm cost 14.308 ms
DEBUG 04-24 11:19:54.965450.965450 cuda_h.py:27] end gather_outputs_group_fused_mp cost 0.763 ms
DEBUG 04-24 11:19:54.965519.965519 mlpmodule.py:3373] [fused_group_bmm][steps] bmm1=7.807 ms split=0.106 ms act_mul=0.346 ms bmm2=4.823 ms
DEBUG 04-24 11:19:54.965475.965475 cuda_h.py:27] end fused_group_bmm cost 13.364 ms
DEBUG 04-24 11:19:54.965285.965285 cuda_h.py:27] end cpu_experts_worker_bmm_or_einsum_0 cost 19.355 ms
DEBUG 04-24 11:19:54.966004.966004 cuda_h.py:27] end gather_outputs_group_fused_mp cost 0.546 ms
DEBUG 04-24 11:19:54.967816.967816 cuda_h.py:27] end cpu_experts_worker_bmm_or_einsum_1 cost 19.644 ms
DEBUG 04-24 11:19:54.967399.967399 mlpmodule.py:3373] [fused_group_bmm][steps] bmm1=8.923 ms split=0.197 ms act_mul=0.545 ms bmm2=5.761 ms
DEBUG 04-24 11:19:54.967930.967930 cuda_h.py:27] end fused_group_bmm cost 15.710 ms
DEBUG 04-24 11:19:54.968541.968541 cuda_h.py:27] end gather_outputs_group_fused_mp cost 0.449 ms
DEBUG 04-24 11:19:54.968981.968981 cuda_h.py:27] end cpu_experts_worker_bmm_or_einsum_3 cost 21.209 ms
DEBUG 04-24 11:19:54.970477.970477 mlpmodule.py:3373] [fused_group_bmm][steps] bmm1=12.491 ms split=0.103 ms act_mul=0.414 ms bmm2=4.124 ms
DEBUG 04-24 11:19:54.970714.970714 cuda_h.py:27] end fused_group_bmm cost 17.341 ms
DEBUG 04-24 11:19:54.971364.971364 cuda_h.py:27] end gather_outputs_group_fused_mp cost 0.370 ms
DEBUG 04-24 11:19:54.971429.971429 cuda_h.py:27] end cpu_experts_worker_bmm_or_einsum_2 cost 23.761 ms
DEBUG 04-24 11:19:54.971987.971987 cuda_h.py:27] end prepare_per_device_parameters cost 16.417 ms
DEBUG 04-24 11:19:54.975207.975207 cuda_h.py:27] end wait_experts_multi_device cost 4.031 ms
DEBUG 04-24 11:19:54.975117.975117 cuda_h.py:27] end *before fused experts* cost 29.019 ms
DEBUG 04-24 11:19:54.980119.980119 cuda_h.py:27] end gpu_experts_multi_device_fused cost 4.768 ms
DEBUG 04-24 11:19:54.980049.980049 cuda_h.py:27] end *gpu experts* cost 33.920 ms
DEBUG 04-24 11:19:54.982928.982928 cuda_h.py:27] end cpu_experts_scatter_reduce cost 0.545 ms
DEBUG 04-24 11:19:54.982354.982354 cuda_h.py:27] end cpu_thread_manager_mp_wait_fused cost 1.722 ms
DEBUG 04-24 11:19:54.982204.982204 cuda_h.py:27] end layer_moe_generate_mp_multi_device_fused_l_6 cost 39.362 ms
DEBUG 04-24 11:19:54.983021.983021 cuda_h.py:27] end *mlp cost 40.039 ms
DEBUG 04-24 11:19:54.983805.983805 cuda_h.py:27] end prefill_layer cost 44.541 ms
DEBUG 04-24 11:19:54.983700.983700 lmp.py:341] -------------------------------- end prefill layer 5 --------------------------------
DEBUG 04-24 11:19:54.983545.983545 lmp.py:294] -------------------------------- start prefill layer 6 --------------------------------
DEBUG 04-24 11:19:54.983521.983521 cuda_h.py:27] end start_load_qkvogn_s_weight_l_7 cost 0.052 ms
DEBUG 04-24 11:19:54.984927.984927 cuda_h.py:27] end allocate_cuda_memory cost 0.291 ms
DEBUG 04-24 11:19:54.984545.984545 sllm_store_c.py:27] get device uuid map
DEBUG 04-24 11:19:54.984172.984172 sllm_store_c.py:29] call client load into gpu
DEBUG 04-24 11:19:54.986322.986322 cuda_h.py:27] end **self_attn cost 1.247 ms
DEBUG 04-24 11:19:54.986080.986080 cuda_h.py:27] end *iln_self_attn_paln cost 2.893 ms
DEBUG 04-24 11:19:54.986460.986460 cuda_h.py:27] end load_into_gpu_async cost 2.390 ms
DEBUG 04-24 11:19:54.987481.987481 cuda_h.py:27] end restore_tensors2 cost 0.136 ms
DEBUG 04-24 11:19:54.987032.987032 cuda_h.py:27] end allocate_cuda_memory_and_load_into_gpu cost 3.329 ms
DEBUG 04-24 11:19:54.987929.987929 cuda_h.py:27] end gate cost 1.072 ms
DEBUG 04-24 11:19:54.988022.988022 cuda_h.py:27] end experts_map_get cost 0.307 ms
DEBUG 04-24 11:19:54.988097.988097 cuda_h.py:27] end *before experts start* cost 1.565 ms
DEBUG 04-24 11:19:54.988629.988629 cuda_h.py:27] end cpu_experts_submit_fused_mp cost 0.223 ms
DEBUG 04-24 11:19:54.989597.989597 cuda_h.py:27] end *single cpu experts* cost 1.457 ms
DEBUG 04-24 11:19:54.991067.991067 cuda_h.py:27] end prepare_group_stack cost 0.645 ms
DEBUG 04-24 11:19:54.992611.992611 cuda_h.py:27] end prepare_group_stack cost 0.817 ms
DEBUG 04-24 11:19:54.992916.992916 cuda_h.py:27] end prepare_group_stack cost 0.774 ms
DEBUG 04-24 11:19:54.992879.992879 cuda_h.py:27] end prepare_group_stack cost 0.563 ms
DEBUG 04-24 11:19:54.992412.992412 sllm_store_c.py:27] get device uuid map
DEBUG 04-24 11:19:54.993860.993860 sllm_store_c.py:29] call client load into gpu
DEBUG 04-24 11:19:54.993386.993386 cuda_h.py:27] end group stack cost 0.952 ms
DEBUG 04-24 11:19:54.993509.993509 cuda_h.py:27] end move_flatidxs_group_fused_mp cost 1.824 ms
DEBUG 04-24 11:19:54.994103.994103 cuda_h.py:27] end get_fused_experts_names_w cost 0.034 ms
DEBUG 04-24 11:19:54.993719.993719 cuda_h.py:27] end group stack cost 1.858 ms
DEBUG 04-24 11:19:54.994104.994104 cuda_h.py:27] end move_flatidxs_group_fused_mp cost 2.951 ms
DEBUG 04-24 11:19:54.994503.994503 cuda_h.py:27] end group stack cost 1.675 ms
DEBUG 04-24 11:19:54.994341.994341 cuda_h.py:27] end get_fused_experts_names_w cost 0.040 ms
DEBUG 04-24 11:19:54.994423.994423 cuda_h.py:27] end move_flatidxs_group_fused_mp cost 3.132 ms
DEBUG 04-24 11:19:54.994342.994342 cuda_h.py:27] end get_fused_experts_names_w cost 0.042 ms
DEBUG 04-24 11:19:54.994682.994682 cuda_h.py:27] end restore_fused_tensors cost 0.569 ms
DEBUG 04-24 11:19:54.994648.994648 cuda_h.py:27] end group stack cost 2.027 ms
DEBUG 04-24 11:19:54.994056.994056 cuda_h.py:27] end group_fused_tensors_mp cost 0.811 ms
DEBUG 04-24 11:19:54.994377.994377 cuda_h.py:27] end move_flatidxs_group_fused_mp cost 3.498 ms
DEBUG 04-24 11:19:54.995138.995138 cuda_h.py:27] end get_fused_experts_names_w cost 0.036 ms
DEBUG 04-24 11:19:54.995534.995534 cuda_h.py:27] end restore_fused_tensors cost 1.270 ms
DEBUG 04-24 11:19:54.995831.995831 cuda_h.py:27] end group_fused_tensors_mp cost 1.601 ms
DEBUG 04-24 11:19:54.995136.995136 cuda_h.py:27] end restore_fused_tensors cost 1.263 ms
DEBUG 04-24 11:19:54.996139.996139 cuda_h.py:27] end restore2model cost 1.165 ms
DEBUG 04-24 11:19:54.996256.996256 cuda_h.py:27] end group_fused_tensors_mp cost 1.844 ms
DEBUG 04-24 11:19:54.996336.996336 cuda_h.py:27] end restore_fused_tensors cost 1.398 ms
DEBUG 04-24 11:19:54.996045.996045 cuda_h.py:27] end sllm_worker_task cost 12.597 ms
DEBUG 04-24 11:19:54.996738.996738 cuda_h.py:27] end group_fused_tensors_mp cost 1.747 ms
DEBUG 04-24 11:19:54.997110.997110 cuda_h.py:27] end load_into_gpu_async_fused_experts_dual cost 4.233 ms
DEBUG 04-24 11:19:54.997817.997817 cuda_h.py:27] end restore_tensors2_fused_experts_packed cost 0.087 ms
DEBUG 04-24 11:19:54.998949.998949 cuda_h.py:27] end restore_tensors2_fused_experts_slices cost 0.789 ms
DEBUG 04-24 11:19:54.999019.999019 cuda_h.py:27] end allocate_experts_cuda_memory_and_restore_model_multi_device_fused cost 9.346 ms
DEBUG 04-24 11:19:54.999352.999352 cuda_h.py:27] end gpu_sexperts cost 0.047 ms
DEBUG 04-24 11:19:55.000448.000448 cuda_h.py:27] end wait_load_qkvogn_s_weight cost 0.086 ms
DEBUG 04-24 11:19:55.007256.007256 mlpmodule.py:3373] [fused_group_bmm][steps] bmm1=7.809 ms split=0.249 ms act_mul=1.045 ms bmm2=3.385 ms
DEBUG 04-24 11:19:55.007998.007998 cuda_h.py:27] end fused_group_bmm cost 12.921 ms
DEBUG 04-24 11:19:55.008598.008598 cuda_h.py:27] end gather_outputs_group_fused_mp cost 0.823 ms
DEBUG 04-24 11:19:55.009374.009374 cuda_h.py:27] end cpu_experts_worker_bmm_or_einsum_0 cost 18.735 ms
DEBUG 04-24 11:19:55.011971.011971 mlpmodule.py:3373] [fused_group_bmm][steps] bmm1=9.275 ms split=0.176 ms act_mul=0.439 ms bmm2=4.268 ms
DEBUG 04-24 11:19:55.011371.011371 cuda_h.py:27] end fused_group_bmm cost 14.451 ms
DEBUG 04-24 11:19:55.012019.012019 cuda_h.py:27] end gather_outputs_group_fused_mp cost 0.545 ms
DEBUG 04-24 11:19:55.012526.012526 cuda_h.py:27] end cpu_experts_worker_bmm_or_einsum_1 cost 22.796 ms
DEBUG 04-24 11:19:55.013388.013388 mlpmodule.py:3373] [fused_group_bmm][steps] bmm1=10.264 ms split=0.170 ms act_mul=0.420 ms bmm2=5.867 ms
DEBUG 04-24 11:19:55.013666.013666 cuda_h.py:27] end fused_group_bmm cost 16.922 ms
DEBUG 04-24 11:19:55.014222.014222 cuda_h.py:27] end gather_outputs_group_fused_mp cost 0.372 ms
DEBUG 04-24 11:19:55.014493.014493 cuda_h.py:27] end cpu_experts_worker_bmm_or_einsum_2 cost 24.581 ms
DEBUG 04-24 11:19:55.014545.014545 mlpmodule.py:3373] [fused_group_bmm][steps] bmm1=11.811 ms split=0.201 ms act_mul=0.465 ms bmm2=6.225 ms
DEBUG 04-24 11:19:55.015461.015461 cuda_h.py:27] end fused_group_bmm cost 18.992 ms
DEBUG 04-24 11:19:55.015597.015597 cuda_h.py:27] end gather_outputs_group_fused_mp cost 0.470 ms
DEBUG 04-24 11:19:55.016706.016706 cuda_h.py:27] end cpu_experts_worker_bmm_or_einsum_3 cost 26.217 ms
DEBUG 04-24 11:19:55.018823.018823 cuda_h.py:27] end prepare_per_device_parameters cost 18.350 ms
DEBUG 04-24 11:19:55.020013.020013 cuda_h.py:27] end wait_experts_multi_device cost 1.577 ms
DEBUG 04-24 11:19:55.020254.020254 cuda_h.py:27] end *before fused experts* cost 30.815 ms
DEBUG 04-24 11:19:55.025153.025153 cuda_h.py:27] end gpu_experts_multi_device_fused cost 5.257 ms
DEBUG 04-24 11:19:55.026017.026017 cuda_h.py:27] end *gpu experts* cost 36.189 ms
DEBUG 04-24 11:19:55.027736.027736 cuda_h.py:27] end cpu_experts_scatter_reduce cost 0.546 ms
DEBUG 04-24 11:19:55.027294.027294 cuda_h.py:27] end cpu_thread_manager_mp_wait_fused cost 1.715 ms
DEBUG 04-24 11:19:55.027097.027097 cuda_h.py:27] end layer_moe_generate_mp_multi_device_fused_l_7 cost 41.137 ms
DEBUG 04-24 11:19:55.028073.028073 cuda_h.py:27] end *mlp cost 41.783 ms
DEBUG 04-24 11:19:55.028857.028857 cuda_h.py:27] end prefill_layer cost 44.927 ms
DEBUG 04-24 11:19:55.028467.028467 lmp.py:341] -------------------------------- end prefill layer 6 --------------------------------
DEBUG 04-24 11:19:55.028309.028309 lmp.py:294] -------------------------------- start prefill layer 7 --------------------------------
DEBUG 04-24 11:19:55.029686.029686 cuda_h.py:27] end start_load_qkvogn_s_weight_l_8 cost 0.052 ms
DEBUG 04-24 11:19:55.029202.029202 cuda_h.py:27] end allocate_cuda_memory cost 0.357 ms
DEBUG 04-24 11:19:55.029087.029087 sllm_store_c.py:27] get device uuid map
DEBUG 04-24 11:19:55.030078.030078 sllm_store_c.py:29] call client load into gpu
DEBUG 04-24 11:19:55.031528.031528 cuda_h.py:27] end load_into_gpu_async cost 1.902 ms
DEBUG 04-24 11:19:55.032272.032272 cuda_h.py:27] end restore_tensors2 cost 0.146 ms
DEBUG 04-24 11:19:55.032627.032627 cuda_h.py:27] end allocate_cuda_memory_and_load_into_gpu cost 3.081 ms
DEBUG 04-24 11:19:55.033501.033501 cuda_h.py:27] end **self_attn cost 2.713 ms
DEBUG 04-24 11:19:55.033331.033331 cuda_h.py:27] end *iln_self_attn_paln cost 4.678 ms
DEBUG 04-24 11:19:55.034857.034857 cuda_h.py:27] end gate cost 0.512 ms
DEBUG 04-24 11:19:55.034944.034944 cuda_h.py:27] end experts_map_get cost 0.329 ms
DEBUG 04-24 11:19:55.034826.034826 cuda_h.py:27] end *before experts start* cost 0.991 ms
DEBUG 04-24 11:19:55.035563.035563 cuda_h.py:27] end cpu_experts_submit_fused_mp cost 0.235 ms
DEBUG 04-24 11:19:55.036226.036226 cuda_h.py:27] end *single cpu experts* cost 2.006 ms
DEBUG 04-24 11:19:55.038720.038720 cuda_h.py:27] end prepare_group_stack cost 0.446 ms
DEBUG 04-24 11:19:55.038543.038543 sllm_store_c.py:27] get device uuid map
DEBUG 04-24 11:19:55.038900.038900 cuda_h.py:27] end prepare_group_stack cost 0.711 ms
DEBUG 04-24 11:19:55.038606.038606 sllm_store_c.py:29] call client load into gpu
DEBUG 04-24 11:19:55.038855.038855 cuda_h.py:27] end prepare_group_stack cost 0.436 ms
DEBUG 04-24 11:19:55.038096.038096 cuda_h.py:27] end prepare_group_stack cost 0.473 ms
DEBUG 04-24 11:19:55.039216.039216 cuda_h.py:27] end group stack cost 1.236 ms
DEBUG 04-24 11:19:55.039252.039252 cuda_h.py:27] end move_flatidxs_group_fused_mp cost 2.120 ms
DEBUG 04-24 11:19:55.039769.039769 cuda_h.py:27] end get_fused_experts_names_w cost 0.026 ms
DEBUG 04-24 11:19:55.040481.040481 cuda_h.py:27] end group stack cost 1.194 ms
DEBUG 04-24 11:19:55.040271.040271 cuda_h.py:27] end group stack cost 1.442 ms
DEBUG 04-24 11:19:55.040132.040132 cuda_h.py:27] end move_flatidxs_group_fused_mp cost 1.988 ms
DEBUG 04-24 11:19:55.040180.040180 cuda_h.py:27] end get_fused_experts_names_w cost 0.022 ms
DEBUG 04-24 11:19:55.040935.040935 cuda_h.py:27] end move_flatidxs_group_fused_mp cost 2.596 ms
DEBUG 04-24 11:19:55.040926.040926 cuda_h.py:27] end get_fused_experts_names_w cost 0.033 ms
DEBUG 04-24 11:19:55.040798.040798 cuda_h.py:27] end restore_fused_tensors cost 0.804 ms
DEBUG 04-24 11:19:55.040166.040166 cuda_h.py:27] end group_fused_tensors_mp cost 0.990 ms
DEBUG 04-24 11:19:55.041020.041020 cuda_h.py:27] end restore_fused_tensors cost 0.523 ms
DEBUG 04-24 11:19:55.041486.041486 cuda_h.py:27] end group_fused_tensors_mp cost 0.847 ms
DEBUG 04-24 11:19:55.041096.041096 cuda_h.py:27] end restore2model cost 1.806 ms
DEBUG 04-24 11:19:55.041568.041568 cuda_h.py:27] end load_into_gpu_async_fused_experts_dual cost 3.106 ms
DEBUG 04-24 11:19:55.041731.041731 cuda_h.py:27] end sllm_worker_task cost 12.493 ms
DEBUG 04-24 11:19:55.041240.041240 cuda_h.py:27] end restore_tensors2_fused_experts_packed cost 0.068 ms
DEBUG 04-24 11:19:55.042341.042341 cuda_h.py:27] end restore_fused_tensors cost 1.072 ms
DEBUG 04-24 11:19:55.042059.042059 cuda_h.py:27] end restore_tensors2_fused_experts_slices cost 0.294 ms
DEBUG 04-24 11:19:55.042056.042056 cuda_h.py:27] end allocate_experts_cuda_memory_and_restore_model_multi_device_fused cost 5.464 ms
DEBUG 04-24 11:19:55.042929.042929 cuda_h.py:27] end group_fused_tensors_mp cost 1.724 ms
DEBUG 04-24 11:19:55.042203.042203 cuda_h.py:27] end gpu_sexperts cost 0.007 ms
DEBUG 04-24 11:19:55.042662.042662 cuda_h.py:27] end wait_load_qkvogn_s_weight cost 0.024 ms
DEBUG 04-24 11:19:55.043182.043182 cuda_h.py:27] end group stack cost 4.476 ms
DEBUG 04-24 11:19:55.043038.043038 cuda_h.py:27] end move_flatidxs_group_fused_mp cost 5.288 ms
DEBUG 04-24 11:19:55.043009.043009 cuda_h.py:27] end get_fused_experts_names_w cost 0.023 ms
DEBUG 04-24 11:19:55.044658.044658 cuda_h.py:27] end restore_fused_tensors cost 0.772 ms
DEBUG 04-24 11:19:55.045349.045349 cuda_h.py:27] end group_fused_tensors_mp cost 1.295 ms
DEBUG 04-24 11:19:55.052772.052772 mlpmodule.py:3373] [fused_group_bmm][steps] bmm1=7.391 ms split=0.227 ms act_mul=0.554 ms bmm2=3.572 ms
DEBUG 04-24 11:19:55.053135.053135 cuda_h.py:27] end fused_group_bmm cost 12.183 ms
DEBUG 04-24 11:19:55.054882.054882 cuda_h.py:27] end gather_outputs_group_fused_mp cost 0.686 ms
DEBUG 04-24 11:19:55.054231.054231 cuda_h.py:27] end cpu_experts_worker_bmm_or_einsum_0 cost 18.553 ms
DEBUG 04-24 11:19:55.058306.058306 mlpmodule.py:3373] [fused_group_bmm][steps] bmm1=10.905 ms split=0.295 ms act_mul=0.490 ms bmm2=4.916 ms
DEBUG 04-24 11:19:55.058662.058662 cuda_h.py:27] end fused_group_bmm cost 16.990 ms
DEBUG 04-24 11:19:55.059147.059147 cuda_h.py:27] end gather_outputs_group_fused_mp cost 0.584 ms
DEBUG 04-24 11:19:55.059784.059784 cuda_h.py:27] end cpu_experts_worker_bmm_or_einsum_3 cost 22.349 ms
DEBUG 04-24 11:19:55.060643.060643 mlpmodule.py:3373] [fused_group_bmm][steps] bmm1=11.298 ms split=0.104 ms act_mul=0.369 ms bmm2=3.904 ms
DEBUG 04-24 11:19:55.061962.061962 cuda_h.py:27] end fused_group_bmm cost 15.944 ms
DEBUG 04-24 11:19:55.062295.062295 cuda_h.py:27] end gather_outputs_group_fused_mp cost 0.564 ms
DEBUG 04-24 11:19:55.062464.062464 cuda_h.py:27] end cpu_experts_worker_bmm_or_einsum_1 cost 25.059 ms
DEBUG 04-24 11:19:55.062385.062385 mlpmodule.py:3373] [fused_group_bmm][steps] bmm1=13.871 ms split=0.099 ms act_mul=0.337 ms bmm2=5.796 ms
DEBUG 04-24 11:19:55.062808.062808 cuda_h.py:27] end fused_group_bmm cost 20.302 ms
DEBUG 04-24 11:19:55.063703.063703 cuda_h.py:27] end gather_outputs_group_fused_mp cost 0.369 ms
DEBUG 04-24 11:19:55.063487.063487 cuda_h.py:27] end prepare_per_device_parameters cost 20.419 ms
DEBUG 04-24 11:19:55.064752.064752 cuda_h.py:27] end cpu_experts_worker_bmm_or_einsum_2 cost 27.427 ms
DEBUG 04-24 11:19:55.066795.066795 cuda_h.py:27] end wait_experts_multi_device cost 2.301 ms
DEBUG 04-24 11:19:55.066751.066751 cuda_h.py:27] end *before fused experts* cost 29.190 ms
DEBUG 04-24 11:19:55.071586.071586 cuda_h.py:27] end gpu_experts_multi_device_fused cost 4.924 ms
DEBUG 04-24 11:19:55.071053.071053 cuda_h.py:27] end *gpu experts* cost 34.257 ms
DEBUG 04-24 11:19:55.073538.073538 cuda_h.py:27] end cpu_experts_scatter_reduce cost 0.721 ms
DEBUG 04-24 11:19:55.073647.073647 cuda_h.py:27] end cpu_thread_manager_mp_wait_fused cost 1.868 ms
DEBUG 04-24 11:19:55.073033.073033 cuda_h.py:27] end layer_moe_generate_mp_multi_device_fused_l_8 cost 39.415 ms
DEBUG 04-24 11:19:55.074094.074094 cuda_h.py:27] end *mlp cost 40.229 ms
DEBUG 04-24 11:19:55.074779.074779 cuda_h.py:27] end prefill_layer cost 45.463 ms
DEBUG 04-24 11:19:55.074396.074396 lmp.py:341] -------------------------------- end prefill layer 7 --------------------------------
DEBUG 04-24 11:19:55.074244.074244 lmp.py:294] -------------------------------- start prefill layer 8 --------------------------------
DEBUG 04-24 11:19:55.074334.074334 cuda_h.py:27] end start_load_qkvogn_s_weight_l_9 cost 0.060 ms
DEBUG 04-24 11:19:55.074784.074784 cuda_h.py:27] end allocate_cuda_memory cost 0.369 ms
DEBUG 04-24 11:19:55.075198.075198 sllm_store_c.py:27] get device uuid map
DEBUG 04-24 11:19:55.075383.075383 sllm_store_c.py:29] call client load into gpu
DEBUG 04-24 11:19:55.077628.077628 cuda_h.py:27] end **self_attn cost 1.729 ms
DEBUG 04-24 11:19:55.077517.077517 cuda_h.py:27] end *iln_self_attn_paln cost 3.155 ms
DEBUG 04-24 11:19:55.077906.077906 cuda_h.py:27] end load_into_gpu_async cost 2.764 ms
DEBUG 04-24 11:19:55.078726.078726 cuda_h.py:27] end restore_tensors2 cost 0.179 ms
DEBUG 04-24 11:19:55.078359.078359 cuda_h.py:27] end allocate_cuda_memory_and_load_into_gpu cost 4.008 ms
DEBUG 04-24 11:19:55.079270.079270 cuda_h.py:27] end gate cost 1.404 ms
DEBUG 04-24 11:19:55.079867.079867 cuda_h.py:27] end experts_map_get cost 0.313 ms
DEBUG 04-24 11:19:55.079557.079557 cuda_h.py:27] end *before experts start* cost 1.873 ms
DEBUG 04-24 11:19:55.079606.079606 cuda_h.py:27] end cpu_experts_submit_fused_mp cost 0.255 ms
DEBUG 04-24 11:19:55.081424.081424 cuda_h.py:27] end *single cpu experts* cost 1.905 ms
DEBUG 04-24 11:19:55.082401.082401 cuda_h.py:27] end prepare_group_stack cost 0.464 ms
DEBUG 04-24 11:19:55.083059.083059 cuda_h.py:27] end prepare_group_stack cost 0.423 ms
DEBUG 04-24 11:19:55.083823.083823 cuda_h.py:27] end prepare_group_stack cost 0.440 ms
DEBUG 04-24 11:19:55.083451.083451 cuda_h.py:27] end group stack cost 1.185 ms
DEBUG 04-24 11:19:55.084542.084542 sllm_store_c.py:27] get device uuid map
DEBUG 04-24 11:19:55.084431.084431 cuda_h.py:27] end move_flatidxs_group_fused_mp cost 1.976 ms
DEBUG 04-24 11:19:55.084008.084008 cuda_h.py:27] end prepare_group_stack cost 0.712 ms
DEBUG 04-24 11:19:55.084403.084403 sllm_store_c.py:29] call client load into gpu
DEBUG 04-24 11:19:55.084238.084238 cuda_h.py:27] end get_fused_experts_names_w cost 0.020 ms
DEBUG 04-24 11:19:55.084712.084712 cuda_h.py:27] end group stack cost 0.711 ms
DEBUG 04-24 11:19:55.084416.084416 cuda_h.py:27] end group stack cost 1.090 ms
DEBUG 04-24 11:19:55.084086.084086 cuda_h.py:27] end move_flatidxs_group_fused_mp cost 1.605 ms
DEBUG 04-24 11:19:55.084637.084637 cuda_h.py:27] end move_flatidxs_group_fused_mp cost 1.708 ms
DEBUG 04-24 11:19:55.085935.085935 cuda_h.py:27] end get_fused_experts_names_w cost 0.023 ms
DEBUG 04-24 11:19:55.085757.085757 cuda_h.py:27] end get_fused_experts_names_w cost 0.022 ms
DEBUG 04-24 11:19:55.085943.085943 cuda_h.py:27] end restore_fused_tensors cost 0.702 ms
DEBUG 04-24 11:19:55.085517.085517 cuda_h.py:27] end group_fused_tensors_mp cost 1.036 ms
DEBUG 04-24 11:19:55.085642.085642 cuda_h.py:27] end restore_fused_tensors cost 0.567 ms
DEBUG 04-24 11:19:55.085306.085306 cuda_h.py:27] end group_fused_tensors_mp cost 0.817 ms
DEBUG 04-24 11:19:55.085767.085767 cuda_h.py:27] end group stack cost 1.513 ms
DEBUG 04-24 11:19:55.086258.086258 cuda_h.py:27] end restore_fused_tensors cost 0.783 ms
DEBUG 04-24 11:19:55.086313.086313 cuda_h.py:27] end group_fused_tensors_mp cost 1.043 ms
DEBUG 04-24 11:19:55.086331.086331 cuda_h.py:27] end move_flatidxs_group_fused_mp cost 2.692 ms
DEBUG 04-24 11:19:55.086171.086171 cuda_h.py:27] end get_fused_experts_names_w cost 0.043 ms
DEBUG 04-24 11:19:55.088529.088529 cuda_h.py:27] end restore_fused_tensors cost 1.659 ms
DEBUG 04-24 11:19:55.088211.088211 cuda_h.py:27] end group_fused_tensors_mp cost 2.046 ms
DEBUG 04-24 11:19:55.088097.088097 cuda_h.py:27] end restore2model cost 2.010 ms
DEBUG 04-24 11:19:55.089399.089399 cuda_h.py:27] end sllm_worker_task cost 14.662 ms
DEBUG 04-24 11:19:55.089819.089819 cuda_h.py:27] end load_into_gpu_async_fused_experts_dual cost 5.690 ms
DEBUG 04-24 11:19:55.090447.090447 cuda_h.py:27] end restore_tensors2_fused_experts_packed cost 0.332 ms
DEBUG 04-24 11:19:55.091595.091595 cuda_h.py:27] end restore_tensors2_fused_experts_slices cost 0.531 ms
DEBUG 04-24 11:19:55.091410.091410 cuda_h.py:27] end allocate_experts_cuda_memory_and_restore_model_multi_device_fused cost 9.821 ms
DEBUG 04-24 11:19:55.091448.091448 cuda_h.py:27] end gpu_sexperts cost 0.019 ms
DEBUG 04-24 11:19:55.091723.091723 cuda_h.py:27] end wait_load_qkvogn_s_weight cost 0.030 ms
DEBUG 04-24 11:19:55.098603.098603 mlpmodule.py:3373] [fused_group_bmm][steps] bmm1=7.288 ms split=0.099 ms act_mul=0.735 ms bmm2=4.054 ms
DEBUG 04-24 11:19:55.098093.098093 cuda_h.py:27] end fused_group_bmm cost 12.649 ms
DEBUG 04-24 11:19:55.099269.099269 mlpmodule.py:3373] [fused_group_bmm][steps] bmm1=8.077 ms split=0.105 ms act_mul=0.426 ms bmm2=5.028 ms
DEBUG 04-24 11:19:55.099787.099787 cuda_h.py:27] end fused_group_bmm cost 13.910 ms
DEBUG 04-24 11:19:55.099543.099543 cuda_h.py:27] end gather_outputs_group_fused_mp cost 0.527 ms
DEBUG 04-24 11:19:55.100882.100882 cuda_h.py:27] end cpu_experts_worker_bmm_or_einsum_0 cost 18.217 ms
DEBUG 04-24 11:19:55.100566.100566 cuda_h.py:27] end gather_outputs_group_fused_mp cost 0.597 ms
DEBUG 04-24 11:19:55.100765.100765 mlpmodule.py:3373] [fused_group_bmm][steps] bmm1=7.814 ms split=0.127 ms act_mul=0.365 ms bmm2=6.410 ms
DEBUG 04-24 11:19:55.100140.100140 cuda_h.py:27] end cpu_experts_worker_bmm_or_einsum_1 cost 19.606 ms
DEBUG 04-24 11:19:55.101283.101283 cuda_h.py:27] end fused_group_bmm cost 14.992 ms
DEBUG 04-24 11:19:55.101873.101873 cuda_h.py:27] end gather_outputs_group_fused_mp cost 0.467 ms
DEBUG 04-24 11:19:55.102075.102075 cuda_h.py:27] end cpu_experts_worker_bmm_or_einsum_3 cost 20.257 ms
DEBUG 04-24 11:19:55.104266.104266 mlpmodule.py:3373] [fused_group_bmm][steps] bmm1=10.440 ms split=0.138 ms act_mul=0.532 ms bmm2=4.267 ms
DEBUG 04-24 11:19:55.104782.104782 cuda_h.py:27] end fused_group_bmm cost 15.575 ms
DEBUG 04-24 11:19:55.104538.104538 cuda_h.py:27] end gather_outputs_group_fused_mp cost 0.377 ms
DEBUG 04-24 11:19:55.105154.105154 cuda_h.py:27] end cpu_experts_worker_bmm_or_einsum_2 cost 23.052 ms
DEBUG 04-24 11:19:55.108375.108375 cuda_h.py:27] end prepare_per_device_parameters cost 16.343 ms
DEBUG 04-24 11:19:55.113039.113039 cuda_h.py:27] end wait_experts_multi_device cost 4.872 ms
DEBUG 04-24 11:19:55.113234.113234 cuda_h.py:27] end *before fused experts* cost 31.855 ms
DEBUG 04-24 11:19:55.117544.117544 cuda_h.py:27] end gpu_experts_multi_device_fused cost 4.263 ms
DEBUG 04-24 11:19:55.117632.117632 cuda_h.py:27] end *gpu experts* cost 36.222 ms
DEBUG 04-24 11:19:55.119826.119826 cuda_h.py:27] end cpu_experts_scatter_reduce cost 0.546 ms
DEBUG 04-24 11:19:55.119716.119716 cuda_h.py:27] end cpu_thread_manager_mp_wait_fused cost 1.683 ms
DEBUG 04-24 11:19:55.119565.119565 cuda_h.py:27] end layer_moe_generate_mp_multi_device_fused_l_9 cost 41.872 ms
DEBUG 04-24 11:19:55.120312.120312 cuda_h.py:27] end *mlp cost 42.595 ms
DEBUG 04-24 11:19:55.120765.120765 cuda_h.py:27] end prefill_layer cost 46.205 ms
DEBUG 04-24 11:19:55.120090.120090 lmp.py:341] -------------------------------- end prefill layer 8 --------------------------------
DEBUG 04-24 11:19:55.120513.120513 lmp.py:294] -------------------------------- start prefill layer 9 --------------------------------
DEBUG 04-24 11:19:55.120682.120682 cuda_h.py:27] end start_load_qkvogn_s_weight_l_10 cost 0.052 ms
DEBUG 04-24 11:19:55.121084.121084 cuda_h.py:27] end allocate_cuda_memory cost 0.366 ms
DEBUG 04-24 11:19:55.121809.121809 sllm_store_c.py:27] get device uuid map
DEBUG 04-24 11:19:55.121363.121363 sllm_store_c.py:29] call client load into gpu
DEBUG 04-24 11:19:55.123207.123207 cuda_h.py:27] end **self_attn cost 1.593 ms
DEBUG 04-24 11:19:55.123036.123036 cuda_h.py:27] end *iln_self_attn_paln cost 2.920 ms
DEBUG 04-24 11:19:55.124732.124732 cuda_h.py:27] end load_into_gpu_async cost 2.645 ms
DEBUG 04-24 11:19:55.124014.124014 cuda_h.py:27] end restore_tensors2 cost 0.180 ms
DEBUG 04-24 11:19:55.124555.124555 cuda_h.py:27] end allocate_cuda_memory_and_load_into_gpu cost 3.821 ms
DEBUG 04-24 11:19:55.124328.124328 cuda_h.py:27] end gate cost 1.057 ms
DEBUG 04-24 11:19:55.125902.125902 cuda_h.py:27] end experts_map_get cost 0.285 ms
DEBUG 04-24 11:19:55.125069.125069 cuda_h.py:27] end *before experts start* cost 1.653 ms
DEBUG 04-24 11:19:55.125011.125011 cuda_h.py:27] end cpu_experts_submit_fused_mp cost 0.211 ms
DEBUG 04-24 11:19:55.126547.126547 cuda_h.py:27] end *single cpu experts* cost 1.373 ms
DEBUG 04-24 11:19:55.128138.128138 cuda_h.py:27] end prepare_group_stack cost 0.486 ms
DEBUG 04-24 11:19:55.128230.128230 cuda_h.py:27] end prepare_group_stack cost 0.513 ms
DEBUG 04-24 11:19:55.128875.128875 cuda_h.py:27] end prepare_group_stack cost 0.515 ms
DEBUG 04-24 11:19:55.128464.128464 sllm_store_c.py:27] get device uuid map
DEBUG 04-24 11:19:55.129871.129871 sllm_store_c.py:29] call client load into gpu
DEBUG 04-24 11:19:55.129168.129168 cuda_h.py:27] end prepare_group_stack cost 0.647 ms
DEBUG 04-24 11:19:55.130187.130187 cuda_h.py:27] end group stack cost 0.957 ms
DEBUG 04-24 11:19:55.130612.130612 cuda_h.py:27] end group stack cost 0.977 ms
DEBUG 04-24 11:19:55.130410.130410 cuda_h.py:27] end move_flatidxs_group_fused_mp cost 1.759 ms
DEBUG 04-24 11:19:55.130086.130086 cuda_h.py:27] end move_flatidxs_group_fused_mp cost 1.706 ms
DEBUG 04-24 11:19:55.130510.130510 cuda_h.py:27] end get_fused_experts_names_w cost 0.020 ms
DEBUG 04-24 11:19:55.130603.130603 cuda_h.py:27] end get_fused_experts_names_w cost 0.029 ms
DEBUG 04-24 11:19:55.130373.130373 cuda_h.py:27] end group stack cost 1.561 ms
DEBUG 04-24 11:19:55.130702.130702 cuda_h.py:27] end move_flatidxs_group_fused_mp cost 2.327 ms
DEBUG 04-24 11:19:55.130470.130470 cuda_h.py:27] end get_fused_experts_names_w cost 0.028 ms
DEBUG 04-24 11:19:55.131660.131660 cuda_h.py:27] end group stack cost 1.541 ms
DEBUG 04-24 11:19:55.131472.131472 cuda_h.py:27] end restore_fused_tensors cost 0.695 ms
DEBUG 04-24 11:19:55.131827.131827 cuda_h.py:27] end group_fused_tensors_mp cost 0.995 ms
DEBUG 04-24 11:19:55.131696.131696 cuda_h.py:27] end move_flatidxs_group_fused_mp cost 2.820 ms
DEBUG 04-24 11:19:55.131216.131216 cuda_h.py:27] end restore_fused_tensors cost 0.947 ms
DEBUG 04-24 11:19:55.131365.131365 cuda_h.py:27] end get_fused_experts_names_w cost 0.034 ms
DEBUG 04-24 11:19:55.131988.131988 cuda_h.py:27] end group_fused_tensors_mp cost 1.440 ms
DEBUG 04-24 11:19:55.131495.131495 cuda_h.py:27] end restore_fused_tensors cost 0.773 ms
DEBUG 04-24 11:19:55.132742.132742 cuda_h.py:27] end group_fused_tensors_mp cost 1.251 ms
DEBUG 04-24 11:19:55.133284.133284 cuda_h.py:27] end restore_fused_tensors cost 1.164 ms
DEBUG 04-24 11:19:55.133090.133090 cuda_h.py:27] end group_fused_tensors_mp cost 1.733 ms
DEBUG 04-24 11:19:55.134273.134273 cuda_h.py:27] end restore2model cost 2.042 ms
DEBUG 04-24 11:19:55.135312.135312 cuda_h.py:27] end load_into_gpu_async_fused_experts_dual cost 6.123 ms
DEBUG 04-24 11:19:55.135013.135013 cuda_h.py:27] end sllm_worker_task cost 14.549 ms
DEBUG 04-24 11:19:55.136432.136432 cuda_h.py:27] end restore_tensors2_fused_experts_packed cost 0.489 ms
DEBUG 04-24 11:19:55.137923.137923 cuda_h.py:27] end restore_tensors2_fused_experts_slices cost 0.795 ms
DEBUG 04-24 11:19:55.138953.138953 cuda_h.py:27] end allocate_experts_cuda_memory_and_restore_model_multi_device_fused cost 11.283 ms
DEBUG 04-24 11:19:55.138615.138615 cuda_h.py:27] end gpu_sexperts cost 0.019 ms
DEBUG 04-24 11:19:55.138788.138788 cuda_h.py:27] end wait_load_qkvogn_s_weight cost 0.033 ms
DEBUG 04-24 11:19:55.144656.144656 mlpmodule.py:3373] [fused_group_bmm][steps] bmm1=7.996 ms split=0.136 ms act_mul=0.582 ms bmm2=3.531 ms
DEBUG 04-24 11:19:55.144076.144076 cuda_h.py:27] end fused_group_bmm cost 12.834 ms
DEBUG 04-24 11:19:55.145943.145943 cuda_h.py:27] end gather_outputs_group_fused_mp cost 0.724 ms
DEBUG 04-24 11:19:55.145200.145200 mlpmodule.py:3373] [fused_group_bmm][steps] bmm1=8.851 ms split=0.110 ms act_mul=0.499 ms bmm2=4.751 ms
DEBUG 04-24 11:19:55.146812.146812 cuda_h.py:27] end fused_group_bmm cost 14.525 ms
DEBUG 04-24 11:19:55.146964.146964 cuda_h.py:27] end cpu_experts_worker_bmm_or_einsum_0 cost 19.116 ms
DEBUG 04-24 11:19:55.146600.146600 cuda_h.py:27] end gather_outputs_group_fused_mp cost 0.602 ms
DEBUG 04-24 11:19:55.147419.147419 cuda_h.py:27] end cpu_experts_worker_bmm_or_einsum_1 cost 20.248 ms
DEBUG 04-24 11:19:55.147251.147251 mlpmodule.py:3373] [fused_group_bmm][steps] bmm1=8.336 ms split=0.117 ms act_mul=0.412 ms bmm2=5.965 ms
DEBUG 04-24 11:19:55.147809.147809 cuda_h.py:27] end fused_group_bmm cost 15.307 ms
DEBUG 04-24 11:19:55.148928.148928 cuda_h.py:27] end gather_outputs_group_fused_mp cost 0.441 ms
DEBUG 04-24 11:19:55.148222.148222 cuda_h.py:27] end cpu_experts_worker_bmm_or_einsum_3 cost 21.650 ms
DEBUG 04-24 11:19:55.149045.149045 mlpmodule.py:3373] [fused_group_bmm][steps] bmm1=10.822 ms split=0.241 ms act_mul=0.426 ms bmm2=4.300 ms
DEBUG 04-24 11:19:55.149051.149051 cuda_h.py:27] end fused_group_bmm cost 15.998 ms
DEBUG 04-24 11:19:55.150055.150055 cuda_h.py:27] end gather_outputs_group_fused_mp cost 0.450 ms
DEBUG 04-24 11:19:55.150142.150142 cuda_h.py:27] end cpu_experts_worker_bmm_or_einsum_2 cost 23.500 ms
DEBUG 04-24 11:19:55.155819.155819 cuda_h.py:27] end prepare_per_device_parameters cost 17.170 ms
DEBUG 04-24 11:19:55.157051.157051 cuda_h.py:27] end wait_experts_multi_device cost 2.031 ms
DEBUG 04-24 11:19:55.158007.158007 cuda_h.py:27] end *before fused experts* cost 31.281 ms
DEBUG 04-24 11:19:55.162252.162252 cuda_h.py:27] end gpu_experts_multi_device_fused cost 4.529 ms
DEBUG 04-24 11:19:55.162016.162016 cuda_h.py:27] end *gpu experts* cost 35.923 ms
DEBUG 04-24 11:19:55.164054.164054 cuda_h.py:27] end cpu_experts_scatter_reduce cost 0.571 ms
DEBUG 04-24 11:19:55.164242.164242 cuda_h.py:27] end cpu_thread_manager_mp_wait_fused cost 1.749 ms
DEBUG 04-24 11:19:55.164582.164582 cuda_h.py:27] end layer_moe_generate_mp_multi_device_fused_l_10 cost 40.900 ms
DEBUG 04-24 11:19:55.165256.165256 cuda_h.py:27] end *mlp cost 41.867 ms
DEBUG 04-24 11:19:55.165809.165809 cuda_h.py:27] end prefill_layer cost 45.020 ms
DEBUG 04-24 11:19:55.165373.165373 lmp.py:341] -------------------------------- end prefill layer 9 --------------------------------
DEBUG 04-24 11:19:55.165231.165231 lmp.py:294] -------------------------------- start prefill layer 10 --------------------------------
DEBUG 04-24 11:19:55.166592.166592 cuda_h.py:27] end start_load_qkvogn_s_weight_l_11 cost 0.052 ms
DEBUG 04-24 11:19:55.166708.166708 cuda_h.py:27] end allocate_cuda_memory cost 0.196 ms
DEBUG 04-24 11:19:55.166077.166077 sllm_store_c.py:27] get device uuid map
DEBUG 04-24 11:19:55.166740.166740 sllm_store_c.py:29] call client load into gpu
DEBUG 04-24 11:19:55.168385.168385 cuda_h.py:27] end **self_attn cost 1.420 ms
DEBUG 04-24 11:19:55.168757.168757 cuda_h.py:27] end *iln_self_attn_paln cost 2.431 ms
DEBUG 04-24 11:19:55.169673.169673 cuda_h.py:27] end gate cost 0.507 ms
DEBUG 04-24 11:19:55.169916.169916 cuda_h.py:27] end experts_map_get cost 0.271 ms
DEBUG 04-24 11:19:55.169938.169938 cuda_h.py:27] end *before experts start* cost 0.923 ms
DEBUG 04-24 11:19:55.169456.169456 cuda_h.py:27] end cpu_experts_submit_fused_mp cost 0.215 ms
DEBUG 04-24 11:19:55.171353.171353 cuda_h.py:27] end *single cpu experts* cost 1.876 ms
DEBUG 04-24 11:19:55.171093.171093 cuda_h.py:27] end prepare_group_stack cost 0.443 ms
DEBUG 04-24 11:19:55.172383.172383 cuda_h.py:27] end prepare_group_stack cost 0.403 ms
DEBUG 04-24 11:19:55.172909.172909 cuda_h.py:27] end group stack cost 0.748 ms
DEBUG 04-24 11:19:55.172748.172748 cuda_h.py:27] end move_flatidxs_group_fused_mp cost 1.437 ms
DEBUG 04-24 11:19:55.172052.172052 cuda_h.py:27] end get_fused_experts_names_w cost 0.025 ms
DEBUG 04-24 11:19:55.172649.172649 cuda_h.py:27] end prepare_group_stack cost 0.658 ms
DEBUG 04-24 11:19:55.173561.173561 cuda_h.py:27] end prepare_group_stack cost 0.712 ms
DEBUG 04-24 11:19:55.173241.173241 sllm_store_c.py:27] get device uuid map
DEBUG 04-24 11:19:55.173119.173119 sllm_store_c.py:29] call client load into gpu
DEBUG 04-24 11:19:55.173689.173689 cuda_h.py:27] end group stack cost 1.112 ms
DEBUG 04-24 11:19:55.173471.173471 cuda_h.py:27] end move_flatidxs_group_fused_mp cost 1.856 ms
DEBUG 04-24 11:19:55.173929.173929 cuda_h.py:27] end restore_fused_tensors cost 0.695 ms
DEBUG 04-24 11:19:55.173286.173286 cuda_h.py:27] end get_fused_experts_names_w cost 0.022 ms
DEBUG 04-24 11:19:55.173518.173518 cuda_h.py:27] end group_fused_tensors_mp cost 1.075 ms
DEBUG 04-24 11:19:55.173597.173597 cuda_h.py:27] end load_into_gpu_async cost 7.180 ms
DEBUG 04-24 11:19:55.174826.174826 cuda_h.py:27] end restore_tensors2 cost 0.157 ms
DEBUG 04-24 11:19:55.174883.174883 cuda_h.py:27] end allocate_cuda_memory_and_load_into_gpu cost 8.445 ms
DEBUG 04-24 11:19:55.174812.174812 cuda_h.py:27] end restore_fused_tensors cost 0.556 ms
DEBUG 04-24 11:19:55.174744.174744 cuda_h.py:27] end group_fused_tensors_mp cost 0.854 ms
DEBUG 04-24 11:19:55.174027.174027 cuda_h.py:27] end group stack cost 1.806 ms
DEBUG 04-24 11:19:55.175669.175669 cuda_h.py:27] end move_flatidxs_group_fused_mp cost 2.881 ms
DEBUG 04-24 11:19:55.175245.175245 cuda_h.py:27] end get_fused_experts_names_w cost 0.035 ms
DEBUG 04-24 11:19:55.175899.175899 cuda_h.py:27] end group stack cost 2.536 ms
DEBUG 04-24 11:19:55.176345.176345 cuda_h.py:27] end move_flatidxs_group_fused_mp cost 3.990 ms
DEBUG 04-24 11:19:55.176054.176054 cuda_h.py:27] end load_into_gpu_async_fused_experts_dual cost 3.304 ms
DEBUG 04-24 11:19:55.176255.176255 cuda_h.py:27] end get_fused_experts_names_w cost 0.039 ms
DEBUG 04-24 11:19:55.176648.176648 cuda_h.py:27] end restore_tensors2_fused_experts_packed cost 0.076 ms
DEBUG 04-24 11:19:55.176078.176078 cuda_h.py:27] end restore_fused_tensors cost 1.213 ms
DEBUG 04-24 11:19:55.177607.177607 cuda_h.py:27] end group_fused_tensors_mp cost 1.745 ms
DEBUG 04-24 11:19:55.177375.177375 cuda_h.py:27] end restore_tensors2_fused_experts_slices cost 0.431 ms
DEBUG 04-24 11:19:55.177876.177876 cuda_h.py:27] end allocate_experts_cuda_memory_and_restore_model_multi_device_fused cost 6.255 ms
DEBUG 04-24 11:19:55.177680.177680 cuda_h.py:27] end gpu_sexperts cost 0.007 ms
DEBUG 04-24 11:19:55.178814.178814 cuda_h.py:27] end restore_fused_tensors cost 1.450 ms
DEBUG 04-24 11:19:55.178230.178230 cuda_h.py:27] end group_fused_tensors_mp cost 2.062 ms
DEBUG 04-24 11:19:55.187053.187053 mlpmodule.py:3373] [fused_group_bmm][steps] bmm1=8.412 ms split=0.225 ms act_mul=0.631 ms bmm2=4.255 ms
DEBUG 04-24 11:19:55.188893.188893 cuda_h.py:27] end fused_group_bmm cost 13.962 ms
DEBUG 04-24 11:19:55.188685.188685 cuda_h.py:27] end gather_outputs_group_fused_mp cost 0.636 ms
DEBUG 04-24 11:19:55.189822.189822 cuda_h.py:27] end cpu_experts_worker_bmm_or_einsum_0 cost 18.728 ms
DEBUG 04-24 11:19:55.191300.191300 mlpmodule.py:3373] [fused_group_bmm][steps] bmm1=9.245 ms split=0.316 ms act_mul=0.611 ms bmm2=6.273 ms
DEBUG 04-24 11:19:55.191405.191405 cuda_h.py:27] end fused_group_bmm cost 16.837 ms
DEBUG 04-24 11:19:55.192803.192803 cuda_h.py:27] end gather_outputs_group_fused_mp cost 0.562 ms
DEBUG 04-24 11:19:55.193882.193882 cuda_h.py:27] end cpu_experts_worker_bmm_or_einsum_3 cost 21.523 ms
DEBUG 04-24 11:19:55.195967.195967 mlpmodule.py:3373] [fused_group_bmm][steps] bmm1=11.420 ms split=0.120 ms act_mul=0.382 ms bmm2=3.863 ms
DEBUG 04-24 11:19:55.195962.195962 cuda_h.py:27] end fused_group_bmm cost 16.064 ms
DEBUG 04-24 11:19:55.196610.196610 cuda_h.py:27] end gather_outputs_group_fused_mp cost 0.600 ms
DEBUG 04-24 11:19:55.196211.196211 mlpmodule.py:3373] [fused_group_bmm][steps] bmm1=12.909 ms split=0.097 ms act_mul=0.377 ms bmm2=5.251 ms
DEBUG 04-24 11:19:55.196264.196264 cuda_h.py:27] end fused_group_bmm cost 18.841 ms
DEBUG 04-24 11:19:55.196905.196905 cuda_h.py:27] end cpu_experts_worker_bmm_or_einsum_1 cost 25.045 ms
DEBUG 04-24 11:19:55.196397.196397 cuda_h.py:27] end gather_outputs_group_fused_mp cost 0.369 ms
DEBUG 04-24 11:19:55.197845.197845 cuda_h.py:27] end cpu_experts_worker_bmm_or_einsum_2 cost 26.243 ms
DEBUG 04-24 11:19:55.206305.206305 cuda_h.py:27] end restore2model cost 1.438 ms
DEBUG 04-24 11:19:55.206789.206789 cuda_h.py:27] end sllm_worker_task cost 40.851 ms
DEBUG 04-24 11:19:55.207584.207584 cuda_h.py:27] end wait_load_qkvogn_s_weight cost 29.112 ms
DEBUG 04-24 11:19:55.212700.212700 cuda_h.py:27] end prepare_per_device_parameters cost 5.217 ms
DEBUG 04-24 11:19:55.214201.214201 cuda_h.py:27] end wait_experts_multi_device cost 1.620 ms
DEBUG 04-24 11:19:55.214190.214190 cuda_h.py:27] end *before fused experts* cost 43.116 ms
DEBUG 04-24 11:19:55.218212.218212 cuda_h.py:27] end gpu_experts_multi_device_fused cost 3.982 ms
DEBUG 04-24 11:19:55.218207.218207 cuda_h.py:27] end *gpu experts* cost 47.202 ms
DEBUG 04-24 11:19:55.220215.220215 cuda_h.py:27] end cpu_experts_scatter_reduce cost 0.568 ms
DEBUG 04-24 11:19:55.220535.220535 cuda_h.py:27] end cpu_thread_manager_mp_wait_fused cost 1.648 ms
DEBUG 04-24 11:19:55.220868.220868 cuda_h.py:27] end layer_moe_generate_mp_multi_device_fused_l_11 cost 51.854 ms
DEBUG 04-24 11:19:55.221030.221030 cuda_h.py:27] end *mlp cost 52.533 ms
DEBUG 04-24 11:19:55.221192.221192 cuda_h.py:27] end prefill_layer cost 55.201 ms
DEBUG 04-24 11:19:55.221849.221849 lmp.py:341] -------------------------------- end prefill layer 10 --------------------------------
DEBUG 04-24 11:19:55.221737.221737 lmp.py:294] -------------------------------- start prefill layer 11 --------------------------------
DEBUG 04-24 11:19:55.221653.221653 cuda_h.py:27] end start_load_qkvogn_s_weight_l_12 cost 0.046 ms
DEBUG 04-24 11:19:55.221891.221891 cuda_h.py:27] end allocate_cuda_memory cost 0.366 ms
DEBUG 04-24 11:19:55.222218.222218 sllm_store_c.py:27] get device uuid map
DEBUG 04-24 11:19:55.222855.222855 sllm_store_c.py:29] call client load into gpu
DEBUG 04-24 11:19:55.224958.224958 cuda_h.py:27] end **self_attn cost 1.914 ms
DEBUG 04-24 11:19:55.224608.224608 cuda_h.py:27] end *iln_self_attn_paln cost 3.251 ms
DEBUG 04-24 11:19:55.225267.225267 cuda_h.py:27] end load_into_gpu_async cost 3.050 ms
DEBUG 04-24 11:19:55.225762.225762 cuda_h.py:27] end restore_tensors2 cost 0.175 ms
DEBUG 04-24 11:19:55.225502.225502 cuda_h.py:27] end allocate_cuda_memory_and_load_into_gpu cost 4.275 ms
DEBUG 04-24 11:19:55.226970.226970 cuda_h.py:27] end gate cost 1.315 ms
DEBUG 04-24 11:19:55.226843.226843 cuda_h.py:27] end experts_map_get cost 0.273 ms
DEBUG 04-24 11:19:55.226131.226131 cuda_h.py:27] end *before experts start* cost 1.796 ms
DEBUG 04-24 11:19:55.226908.226908 cuda_h.py:27] end cpu_experts_submit_fused_mp cost 0.226 ms
DEBUG 04-24 11:19:55.228866.228866 cuda_h.py:27] end *single cpu experts* cost 2.119 ms
DEBUG 04-24 11:19:55.230302.230302 cuda_h.py:27] end prepare_group_stack cost 0.589 ms
DEBUG 04-24 11:19:55.230776.230776 cuda_h.py:27] end prepare_group_stack cost 0.585 ms
DEBUG 04-24 11:19:55.230088.230088 sllm_store_c.py:27] get device uuid map
DEBUG 04-24 11:19:55.231575.231575 sllm_store_c.py:29] call client load into gpu
DEBUG 04-24 11:19:55.231198.231198 cuda_h.py:27] end prepare_group_stack cost 0.491 ms
DEBUG 04-24 11:19:55.231683.231683 cuda_h.py:27] end prepare_group_stack cost 0.592 ms
DEBUG 04-24 11:19:55.231138.231138 cuda_h.py:27] end group stack cost 1.298 ms
DEBUG 04-24 11:19:55.232208.232208 cuda_h.py:27] end move_flatidxs_group_fused_mp cost 2.157 ms
DEBUG 04-24 11:19:55.232069.232069 cuda_h.py:27] end get_fused_experts_names_w cost 0.025 ms
DEBUG 04-24 11:19:55.232786.232786 cuda_h.py:27] end group stack cost 1.495 ms
DEBUG 04-24 11:19:55.232358.232358 cuda_h.py:27] end group stack cost 0.900 ms
DEBUG 04-24 11:19:55.232206.232206 cuda_h.py:27] end move_flatidxs_group_fused_mp cost 1.742 ms
DEBUG 04-24 11:19:55.232599.232599 cuda_h.py:27] end get_fused_experts_names_w cost 0.020 ms
DEBUG 04-24 11:19:55.232446.232446 cuda_h.py:27] end move_flatidxs_group_fused_mp cost 2.621 ms
DEBUG 04-24 11:19:55.232131.232131 cuda_h.py:27] end get_fused_experts_names_w cost 0.039 ms
DEBUG 04-24 11:19:55.233763.233763 cuda_h.py:27] end restore_fused_tensors cost 0.704 ms
DEBUG 04-24 11:19:55.233020.233020 cuda_h.py:27] end group_fused_tensors_mp cost 0.940 ms
DEBUG 04-24 11:19:55.233042.233042 cuda_h.py:27] end restore_fused_tensors cost 0.783 ms
DEBUG 04-24 11:19:55.233158.233158 cuda_h.py:27] end group_fused_tensors_mp cost 1.065 ms
DEBUG 04-24 11:19:55.234380.234380 cuda_h.py:27] end group stack cost 2.049 ms
DEBUG 04-24 11:19:55.234785.234785 cuda_h.py:27] end move_flatidxs_group_fused_mp cost 3.293 ms
DEBUG 04-24 11:19:55.234052.234052 cuda_h.py:27] end get_fused_experts_names_w cost 0.039 ms
DEBUG 04-24 11:19:55.234782.234782 cuda_h.py:27] end restore_fused_tensors cost 1.406 ms
DEBUG 04-24 11:19:55.234274.234274 cuda_h.py:27] end group_fused_tensors_mp cost 1.942 ms
DEBUG 04-24 11:19:55.236906.236906 cuda_h.py:27] end restore_fused_tensors cost 1.300 ms
DEBUG 04-24 11:19:55.236214.236214 cuda_h.py:27] end restore2model cost 1.789 ms
DEBUG 04-24 11:19:55.236785.236785 cuda_h.py:27] end group_fused_tensors_mp cost 1.780 ms
DEBUG 04-24 11:19:55.236155.236155 cuda_h.py:27] end sllm_worker_task cost 15.077 ms
DEBUG 04-24 11:19:55.236750.236750 cuda_h.py:27] end load_into_gpu_async_fused_experts_dual cost 6.070 ms
DEBUG 04-24 11:19:55.238290.238290 cuda_h.py:27] end restore_tensors2_fused_experts_packed cost 0.491 ms
DEBUG 04-24 11:19:55.239013.239013 cuda_h.py:27] end restore_tensors2_fused_experts_slices cost 0.751 ms
DEBUG 04-24 11:19:55.239693.239693 cuda_h.py:27] end allocate_experts_cuda_memory_and_restore_model_multi_device_fused cost 10.573 ms
DEBUG 04-24 11:19:55.239725.239725 cuda_h.py:27] end gpu_sexperts cost 0.019 ms
DEBUG 04-24 11:19:55.239265.239265 cuda_h.py:27] end wait_load_qkvogn_s_weight cost 0.043 ms
DEBUG 04-24 11:19:55.248935.248935 mlpmodule.py:3373] [fused_group_bmm][steps] bmm1=8.440 ms split=0.168 ms act_mul=0.623 ms bmm2=3.886 ms
DEBUG 04-24 11:19:55.248023.248023 cuda_h.py:27] end fused_group_bmm cost 13.394 ms
DEBUG 04-24 11:19:55.248947.248947 mlpmodule.py:3373] [fused_group_bmm][steps] bmm1=8.976 ms split=0.126 ms act_mul=0.449 ms bmm2=5.152 ms
DEBUG 04-24 11:19:55.249157.249157 cuda_h.py:27] end fused_group_bmm cost 15.274 ms
DEBUG 04-24 11:19:55.249440.249440 cuda_h.py:27] end gather_outputs_group_fused_mp cost 0.525 ms
DEBUG 04-24 11:19:55.249503.249503 cuda_h.py:27] end gather_outputs_group_fused_mp cost 0.447 ms
DEBUG 04-24 11:19:55.249467.249467 cuda_h.py:27] end cpu_experts_worker_bmm_or_einsum_0 cost 20.937 ms
DEBUG 04-24 11:19:55.250766.250766 cuda_h.py:27] end cpu_experts_worker_bmm_or_einsum_1 cost 20.548 ms
DEBUG 04-24 11:19:55.251986.251986 mlpmodule.py:3373] [fused_group_bmm][steps] bmm1=11.164 ms split=0.154 ms act_mul=0.462 ms bmm2=6.802 ms
DEBUG 04-24 11:19:55.252117.252117 cuda_h.py:27] end fused_group_bmm cost 18.779 ms
DEBUG 04-24 11:19:55.252344.252344 cuda_h.py:27] end gather_outputs_group_fused_mp cost 0.409 ms
DEBUG 04-24 11:19:55.252515.252515 cuda_h.py:27] end cpu_experts_worker_bmm_or_einsum_2 cost 23.838 ms
DEBUG 04-24 11:19:55.253824.253824 mlpmodule.py:3373] [fused_group_bmm][steps] bmm1=11.583 ms split=0.217 ms act_mul=0.387 ms bmm2=4.308 ms
DEBUG 04-24 11:19:55.253912.253912 cuda_h.py:27] end fused_group_bmm cost 16.771 ms
DEBUG 04-24 11:19:55.254580.254580 cuda_h.py:27] end gather_outputs_group_fused_mp cost 0.465 ms
DEBUG 04-24 11:19:55.254060.254060 cuda_h.py:27] end cpu_experts_worker_bmm_or_einsum_3 cost 24.632 ms
DEBUG 04-24 11:19:55.256840.256840 cuda_h.py:27] end prepare_per_device_parameters cost 16.453 ms
DEBUG 04-24 11:19:55.260673.260673 cuda_h.py:27] end wait_experts_multi_device cost 3.590 ms
DEBUG 04-24 11:19:55.260868.260868 cuda_h.py:27] end *before fused experts* cost 31.642 ms
DEBUG 04-24 11:19:55.264061.264061 cuda_h.py:27] end gpu_experts_multi_device_fused cost 4.350 ms
DEBUG 04-24 11:19:55.264733.264733 cuda_h.py:27] end *gpu experts* cost 36.107 ms
DEBUG 04-24 11:19:55.266557.266557 cuda_h.py:27] end cpu_experts_scatter_reduce cost 0.813 ms
DEBUG 04-24 11:19:55.266129.266129 cuda_h.py:27] end cpu_thread_manager_mp_wait_fused cost 1.905 ms
DEBUG 04-24 11:19:55.266124.266124 cuda_h.py:27] end layer_moe_generate_mp_multi_device_fused_l_12 cost 42.135 ms
DEBUG 04-24 11:19:55.267718.267718 cuda_h.py:27] end *mlp cost 42.851 ms
DEBUG 04-24 11:19:55.267986.267986 cuda_h.py:27] end prefill_layer cost 46.601 ms
DEBUG 04-24 11:19:55.267265.267265 lmp.py:341] -------------------------------- end prefill layer 11 --------------------------------
DEBUG 04-24 11:19:55.267952.267952 lmp.py:294] -------------------------------- start prefill layer 12 --------------------------------
DEBUG 04-24 11:19:55.268459.268459 cuda_h.py:27] end start_load_qkvogn_s_weight_l_13 cost 0.054 ms
DEBUG 04-24 11:19:55.268247.268247 cuda_h.py:27] end allocate_cuda_memory cost 0.359 ms
DEBUG 04-24 11:19:55.268830.268830 sllm_store_c.py:27] get device uuid map
DEBUG 04-24 11:19:55.269381.269381 sllm_store_c.py:29] call client load into gpu
DEBUG 04-24 11:19:55.270775.270775 cuda_h.py:27] end **self_attn cost 1.275 ms
DEBUG 04-24 11:19:55.271975.271975 cuda_h.py:27] end load_into_gpu_async cost 2.132 ms
DEBUG 04-24 11:19:55.271451.271451 cuda_h.py:27] end restore_tensors2 cost 0.177 ms
DEBUG 04-24 11:19:55.271124.271124 cuda_h.py:27] end allocate_cuda_memory_and_load_into_gpu cost 3.312 ms
DEBUG 04-24 11:19:55.271898.271898 cuda_h.py:27] end *iln_self_attn_paln cost 3.682 ms
DEBUG 04-24 11:19:55.272594.272594 cuda_h.py:27] end gate cost 0.561 ms
DEBUG 04-24 11:19:55.272753.272753 cuda_h.py:27] end experts_map_get cost 0.309 ms
DEBUG 04-24 11:19:55.272350.272350 cuda_h.py:27] end *before experts start* cost 1.024 ms
DEBUG 04-24 11:19:55.273167.273167 cuda_h.py:27] end cpu_experts_submit_fused_mp cost 0.223 ms
DEBUG 04-24 11:19:55.274824.274824 cuda_h.py:27] end *single cpu experts* cost 1.440 ms
DEBUG 04-24 11:19:55.276661.276661 cuda_h.py:27] end prepare_group_stack cost 0.476 ms
DEBUG 04-24 11:19:55.276688.276688 sllm_store_c.py:27] get device uuid map
DEBUG 04-24 11:19:55.276088.276088 sllm_store_c.py:29] call client load into gpu
DEBUG 04-24 11:19:55.276066.276066 cuda_h.py:27] end prepare_group_stack cost 0.698 ms
DEBUG 04-24 11:19:55.277060.277060 cuda_h.py:27] end prepare_group_stack cost 0.411 ms
DEBUG 04-24 11:19:55.277666.277666 cuda_h.py:27] end prepare_group_stack cost 0.451 ms
DEBUG 04-24 11:19:55.277439.277439 cuda_h.py:27] end group stack cost 0.944 ms
DEBUG 04-24 11:19:55.277725.277725 cuda_h.py:27] end move_flatidxs_group_fused_mp cost 1.810 ms
DEBUG 04-24 11:19:55.277784.277784 cuda_h.py:27] end get_fused_experts_names_w cost 0.021 ms
DEBUG 04-24 11:19:55.278738.278738 cuda_h.py:27] end group stack cost 0.805 ms
DEBUG 04-24 11:19:55.278780.278780 cuda_h.py:27] end group stack cost 1.049 ms
DEBUG 04-24 11:19:55.278927.278927 cuda_h.py:27] end move_flatidxs_group_fused_mp cost 1.541 ms
DEBUG 04-24 11:19:55.278418.278418 cuda_h.py:27] end move_flatidxs_group_fused_mp cost 1.639 ms
DEBUG 04-24 11:19:55.278285.278285 cuda_h.py:27] end get_fused_experts_names_w cost 0.021 ms
DEBUG 04-24 11:19:55.278325.278325 cuda_h.py:27] end get_fused_experts_names_w cost 0.023 ms
DEBUG 04-24 11:19:55.278209.278209 cuda_h.py:27] end restore_fused_tensors cost 0.604 ms
DEBUG 04-24 11:19:55.278504.278504 cuda_h.py:27] end group_fused_tensors_mp cost 0.940 ms
DEBUG 04-24 11:19:55.278255.278255 cuda_h.py:27] end group stack cost 1.950 ms
DEBUG 04-24 11:19:55.279890.279890 cuda_h.py:27] end move_flatidxs_group_fused_mp cost 3.192 ms
DEBUG 04-24 11:19:55.279078.279078 cuda_h.py:27] end restore_fused_tensors cost 0.560 ms
DEBUG 04-24 11:19:55.279530.279530 cuda_h.py:27] end group_fused_tensors_mp cost 0.801 ms
DEBUG 04-24 11:19:55.279054.279054 cuda_h.py:27] end get_fused_experts_names_w cost 0.034 ms
DEBUG 04-24 11:19:55.279217.279217 cuda_h.py:27] end restore_fused_tensors cost 0.752 ms
DEBUG 04-24 11:19:55.279074.279074 cuda_h.py:27] end group_fused_tensors_mp cost 1.037 ms
DEBUG 04-24 11:19:55.280134.280134 cuda_h.py:27] end restore2model cost 1.525 ms
DEBUG 04-24 11:19:55.280929.280929 cuda_h.py:27] end sllm_worker_task cost 12.120 ms
DEBUG 04-24 11:19:55.280178.280178 cuda_h.py:27] end restore_fused_tensors cost 1.139 ms
DEBUG 04-24 11:19:55.280178.280178 cuda_h.py:27] end group_fused_tensors_mp cost 1.569 ms
DEBUG 04-24 11:19:55.280190.280190 cuda_h.py:27] end load_into_gpu_async_fused_experts_dual cost 3.891 ms
DEBUG 04-24 11:19:55.281279.281279 cuda_h.py:27] end restore_tensors2_fused_experts_packed cost 0.158 ms
DEBUG 04-24 11:19:55.282927.282927 cuda_h.py:27] end restore_tensors2_fused_experts_slices cost 0.885 ms
DEBUG 04-24 11:19:55.283174.283174 cuda_h.py:27] end allocate_experts_cuda_memory_and_restore_model_multi_device_fused cost 8.599 ms
DEBUG 04-24 11:19:55.283637.283637 cuda_h.py:27] end gpu_sexperts cost 0.041 ms
DEBUG 04-24 11:19:55.283501.283501 cuda_h.py:27] end wait_load_qkvogn_s_weight cost 0.077 ms
DEBUG 04-24 11:19:55.290780.290780 mlpmodule.py:3373] [fused_group_bmm][steps] bmm1=6.583 ms split=0.193 ms act_mul=0.823 ms bmm2=3.293 ms
DEBUG 04-24 11:19:55.290337.290337 cuda_h.py:27] end fused_group_bmm cost 11.160 ms
DEBUG 04-24 11:19:55.291642.291642 cuda_h.py:27] end gather_outputs_group_fused_mp cost 0.728 ms
DEBUG 04-24 11:19:55.292923.292923 cuda_h.py:27] end cpu_experts_worker_bmm_or_einsum_0 cost 17.019 ms
DEBUG 04-24 11:19:55.294158.294158 mlpmodule.py:3373] [fused_group_bmm][steps] bmm1=10.392 ms split=0.175 ms act_mul=0.473 ms bmm2=4.648 ms
DEBUG 04-24 11:19:55.294484.294484 cuda_h.py:27] end fused_group_bmm cost 15.957 ms
DEBUG 04-24 11:19:55.295265.295265 cuda_h.py:27] end gather_outputs_group_fused_mp cost 0.437 ms
DEBUG 04-24 11:19:55.295556.295556 mlpmodule.py:3373] [fused_group_bmm][steps] bmm1=10.737 ms split=0.189 ms act_mul=0.411 ms bmm2=5.108 ms
DEBUG 04-24 11:19:55.296226.296226 cuda_h.py:27] end fused_group_bmm cost 16.725 ms
DEBUG 04-24 11:19:55.296314.296314 cuda_h.py:27] end cpu_experts_worker_bmm_or_einsum_1 cost 21.581 ms
DEBUG 04-24 11:19:55.296862.296862 cuda_h.py:27] end gather_outputs_group_fused_mp cost 0.446 ms
DEBUG 04-24 11:19:55.297708.297708 cuda_h.py:27] end cpu_experts_worker_bmm_or_einsum_3 cost 21.907 ms
DEBUG 04-24 11:19:55.298431.298431 mlpmodule.py:3373] [fused_group_bmm][steps] bmm1=12.803 ms split=0.119 ms act_mul=0.405 ms bmm2=4.040 ms
DEBUG 04-24 11:19:55.298708.298708 cuda_h.py:27] end fused_group_bmm cost 17.567 ms
DEBUG 04-24 11:19:55.299948.299948 cuda_h.py:27] end gather_outputs_group_fused_mp cost 0.384 ms
DEBUG 04-24 11:19:55.299059.299059 cuda_h.py:27] end cpu_experts_worker_bmm_or_einsum_2 cost 24.465 ms
DEBUG 04-24 11:19:55.300038.300038 cuda_h.py:27] end prepare_per_device_parameters cost 16.382 ms
DEBUG 04-24 11:19:55.304063.304063 cuda_h.py:27] end wait_experts_multi_device cost 4.150 ms
DEBUG 04-24 11:19:55.304403.304403 cuda_h.py:27] end *before fused experts* cost 30.493 ms
DEBUG 04-24 11:19:55.309341.309341 cuda_h.py:27] end gpu_experts_multi_device_fused cost 4.826 ms
DEBUG 04-24 11:19:55.309748.309748 cuda_h.py:27] end *gpu experts* cost 35.451 ms
DEBUG 04-24 11:19:55.311510.311510 cuda_h.py:27] end cpu_experts_scatter_reduce cost 0.535 ms
DEBUG 04-24 11:19:55.311328.311328 cuda_h.py:27] end cpu_thread_manager_mp_wait_fused cost 1.630 ms
DEBUG 04-24 11:19:55.311973.311973 cuda_h.py:27] end layer_moe_generate_mp_multi_device_fused_l_13 cost 39.791 ms
DEBUG 04-24 11:19:55.312744.312744 cuda_h.py:27] end *mlp cost 40.462 ms
DEBUG 04-24 11:19:55.312581.312581 cuda_h.py:27] end prefill_layer cost 44.493 ms
DEBUG 04-24 11:19:55.312668.312668 lmp.py:341] -------------------------------- end prefill layer 12 --------------------------------
DEBUG 04-24 11:19:55.312487.312487 lmp.py:294] -------------------------------- start prefill layer 13 --------------------------------
DEBUG 04-24 11:19:55.313024.313024 cuda_h.py:27] end start_load_qkvogn_s_weight_l_14 cost 0.052 ms
DEBUG 04-24 11:19:55.313223.313223 cuda_h.py:27] end allocate_cuda_memory cost 0.398 ms
DEBUG 04-24 11:19:55.313670.313670 sllm_store_c.py:27] get device uuid map
DEBUG 04-24 11:19:55.314149.314149 sllm_store_c.py:29] call client load into gpu
DEBUG 04-24 11:19:55.315729.315729 cuda_h.py:27] end **self_attn cost 1.597 ms
DEBUG 04-24 11:19:55.316528.316528 cuda_h.py:27] end load_into_gpu_async cost 2.281 ms
DEBUG 04-24 11:19:55.316585.316585 cuda_h.py:27] end restore_tensors2 cost 0.187 ms
DEBUG 04-24 11:19:55.316191.316191 cuda_h.py:27] end *iln_self_attn_paln cost 3.656 ms
DEBUG 04-24 11:19:55.316034.316034 cuda_h.py:27] end allocate_cuda_memory_and_load_into_gpu cost 3.541 ms
DEBUG 04-24 11:19:55.317350.317350 cuda_h.py:27] end gate cost 0.773 ms
DEBUG 04-24 11:19:55.318311.318311 cuda_h.py:27] end experts_map_get cost 0.300 ms
DEBUG 04-24 11:19:55.318047.318047 cuda_h.py:27] end *before experts start* cost 1.228 ms
DEBUG 04-24 11:19:55.318672.318672 cuda_h.py:27] end cpu_experts_submit_fused_mp cost 0.222 ms
DEBUG 04-24 11:19:55.319060.319060 cuda_h.py:27] end *single cpu experts* cost 1.349 ms
DEBUG 04-24 11:19:55.321722.321722 cuda_h.py:27] end prepare_group_stack cost 0.465 ms
DEBUG 04-24 11:19:55.321121.321121 cuda_h.py:27] end prepare_group_stack cost 0.548 ms
DEBUG 04-24 11:19:55.321548.321548 cuda_h.py:27] end prepare_group_stack cost 0.606 ms
DEBUG 04-24 11:19:55.321820.321820 sllm_store_c.py:27] get device uuid map
DEBUG 04-24 11:19:55.321485.321485 sllm_store_c.py:29] call client load into gpu
DEBUG 04-24 11:19:55.322950.322950 cuda_h.py:27] end prepare_group_stack cost 0.448 ms
DEBUG 04-24 11:19:55.322456.322456 cuda_h.py:27] end group stack cost 1.002 ms
DEBUG 04-24 11:19:55.322149.322149 cuda_h.py:27] end move_flatidxs_group_fused_mp cost 1.826 ms
DEBUG 04-24 11:19:55.322407.322407 cuda_h.py:27] end get_fused_experts_names_w cost 0.022 ms
DEBUG 04-24 11:19:55.322339.322339 cuda_h.py:27] end group stack cost 1.492 ms
DEBUG 04-24 11:19:55.322615.322615 cuda_h.py:27] end group stack cost 0.955 ms
DEBUG 04-24 11:19:55.322085.322085 cuda_h.py:27] end move_flatidxs_group_fused_mp cost 2.235 ms
DEBUG 04-24 11:19:55.322184.322184 cuda_h.py:27] end move_flatidxs_group_fused_mp cost 2.232 ms
DEBUG 04-24 11:19:55.322642.322642 cuda_h.py:27] end group stack cost 0.750 ms
DEBUG 04-24 11:19:55.323667.323667 cuda_h.py:27] end get_fused_experts_names_w cost 0.026 ms
DEBUG 04-24 11:19:55.323979.323979 cuda_h.py:27] end get_fused_experts_names_w cost 0.028 ms
DEBUG 04-24 11:19:55.323953.323953 cuda_h.py:27] end move_flatidxs_group_fused_mp cost 1.563 ms
DEBUG 04-24 11:19:55.323647.323647 cuda_h.py:27] end get_fused_experts_names_w cost 0.023 ms
DEBUG 04-24 11:19:55.323184.323184 cuda_h.py:27] end restore_fused_tensors cost 0.644 ms
DEBUG 04-24 11:19:55.323859.323859 cuda_h.py:27] end group_fused_tensors_mp cost 1.060 ms
DEBUG 04-24 11:19:55.324268.324268 cuda_h.py:27] end restore_fused_tensors cost 0.788 ms
DEBUG 04-24 11:19:55.324390.324390 cuda_h.py:27] end group_fused_tensors_mp cost 1.060 ms
DEBUG 04-24 11:19:55.324861.324861 cuda_h.py:27] end restore_fused_tensors cost 0.891 ms
DEBUG 04-24 11:19:55.324587.324587 cuda_h.py:27] end group_fused_tensors_mp cost 1.182 ms
DEBUG 04-24 11:19:55.324298.324298 cuda_h.py:27] end restore_fused_tensors cost 0.882 ms
DEBUG 04-24 11:19:55.324157.324157 cuda_h.py:27] end group_fused_tensors_mp cost 1.211 ms
DEBUG 04-24 11:19:55.325333.325333 cuda_h.py:27] end restore2model cost 1.505 ms
DEBUG 04-24 11:19:55.325161.325161 cuda_h.py:27] end sllm_worker_task cost 12.069 ms
DEBUG 04-24 11:19:55.325513.325513 cuda_h.py:27] end load_into_gpu_async_fused_experts_dual cost 3.864 ms
DEBUG 04-24 11:19:55.326109.326109 cuda_h.py:27] end restore_tensors2_fused_experts_packed cost 0.130 ms
DEBUG 04-24 11:19:55.327463.327463 cuda_h.py:27] end restore_tensors2_fused_experts_slices cost 0.817 ms
DEBUG 04-24 11:19:55.327424.327424 cuda_h.py:27] end allocate_experts_cuda_memory_and_restore_model_multi_device_fused cost 8.024 ms
DEBUG 04-24 11:19:55.331144.331144 cuda_h.py:27] end gpu_sexperts cost 0.029 ms
DEBUG 04-24 11:19:55.332916.332916 cuda_h.py:27] end wait_load_qkvogn_s_weight cost 0.066 ms
DEBUG 04-24 11:19:55.336636.336636 mlpmodule.py:3373] [fused_group_bmm][steps] bmm1=6.932 ms split=0.191 ms act_mul=0.770 ms bmm2=3.501 ms
DEBUG 04-24 11:19:55.336351.336351 cuda_h.py:27] end fused_group_bmm cost 11.832 ms
DEBUG 04-24 11:19:55.337188.337188 cuda_h.py:27] end gather_outputs_group_fused_mp cost 0.789 ms
DEBUG 04-24 11:19:55.338012.338012 cuda_h.py:27] end cpu_experts_worker_bmm_or_einsum_0 cost 17.829 ms
DEBUG 04-24 11:19:55.339016.339016 mlpmodule.py:3373] [fused_group_bmm][steps] bmm1=10.388 ms split=0.248 ms act_mul=0.458 ms bmm2=4.267 ms
DEBUG 04-24 11:19:55.340051.340051 cuda_h.py:27] end fused_group_bmm cost 15.636 ms
DEBUG 04-24 11:19:55.340415.340415 cuda_h.py:27] end gather_outputs_group_fused_mp cost 0.519 ms
DEBUG 04-24 11:19:55.341001.341001 cuda_h.py:27] end cpu_experts_worker_bmm_or_einsum_1 cost 22.021 ms
DEBUG 04-24 11:19:55.342051.342051 mlpmodule.py:3373] [fused_group_bmm][steps] bmm1=12.654 ms split=0.202 ms act_mul=0.503 ms bmm2=5.120 ms
DEBUG 04-24 11:19:55.342780.342780 cuda_h.py:27] end fused_group_bmm cost 18.730 ms
DEBUG 04-24 11:19:55.342741.342741 mlpmodule.py:3373] [fused_group_bmm][steps] bmm1=12.968 ms split=0.155 ms act_mul=0.491 ms bmm2=4.710 ms
DEBUG 04-24 11:19:55.343896.343896 cuda_h.py:27] end fused_group_bmm cost 18.611 ms
DEBUG 04-24 11:19:55.343543.343543 cuda_h.py:27] end gather_outputs_group_fused_mp cost 0.473 ms
DEBUG 04-24 11:19:55.343473.343473 cuda_h.py:27] end cpu_experts_worker_bmm_or_einsum_2 cost 24.057 ms
DEBUG 04-24 11:19:55.343842.343842 cuda_h.py:27] end gather_outputs_group_fused_mp cost 0.491 ms
DEBUG 04-24 11:19:55.344707.344707 cuda_h.py:27] end cpu_experts_worker_bmm_or_einsum_3 cost 24.894 ms
DEBUG 04-24 11:19:55.346576.346576 cuda_h.py:27] end prepare_per_device_parameters cost 14.253 ms
DEBUG 04-24 11:19:55.348209.348209 cuda_h.py:27] end wait_experts_multi_device cost 1.935 ms
DEBUG 04-24 11:19:55.348503.348503 cuda_h.py:27] end *before fused experts* cost 29.377 ms
DEBUG 04-24 11:19:55.353037.353037 cuda_h.py:27] end gpu_experts_multi_device_fused cost 4.844 ms
DEBUG 04-24 11:19:55.353729.353729 cuda_h.py:27] end *gpu experts* cost 34.353 ms
DEBUG 04-24 11:19:55.355896.355896 cuda_h.py:27] end cpu_experts_scatter_reduce cost 0.631 ms
DEBUG 04-24 11:19:55.355077.355077 cuda_h.py:27] end cpu_thread_manager_mp_wait_fused cost 1.828 ms
DEBUG 04-24 11:19:55.355125.355125 cuda_h.py:27] end layer_moe_generate_mp_multi_device_fused_l_14 cost 38.960 ms
DEBUG 04-24 11:19:55.356830.356830 cuda_h.py:27] end *mlp cost 39.829 ms
DEBUG 04-24 11:19:55.356350.356350 cuda_h.py:27] end prefill_layer cost 43.963 ms
DEBUG 04-24 11:19:55.356497.356497 lmp.py:341] -------------------------------- end prefill layer 13 --------------------------------
DEBUG 04-24 11:19:55.356339.356339 lmp.py:294] -------------------------------- start prefill layer 14 --------------------------------
DEBUG 04-24 11:19:55.357068.357068 cuda_h.py:27] end start_load_qkvogn_s_weight_l_15 cost 0.050 ms
DEBUG 04-24 11:19:55.357029.357029 cuda_h.py:27] end allocate_cuda_memory cost 0.375 ms
DEBUG 04-24 11:19:55.357343.357343 sllm_store_c.py:27] get device uuid map
DEBUG 04-24 11:19:55.358932.358932 sllm_store_c.py:29] call client load into gpu
DEBUG 04-24 11:19:55.359892.359892 cuda_h.py:27] end **self_attn cost 1.727 ms
DEBUG 04-24 11:19:55.360357.360357 cuda_h.py:27] end *iln_self_attn_paln cost 3.153 ms
DEBUG 04-24 11:19:55.360623.360623 cuda_h.py:27] end load_into_gpu_async cost 2.414 ms
DEBUG 04-24 11:19:55.360491.360491 cuda_h.py:27] end restore_tensors2 cost 0.182 ms
DEBUG 04-24 11:19:55.360739.360739 cuda_h.py:27] end allocate_cuda_memory_and_load_into_gpu cost 3.703 ms
DEBUG 04-24 11:19:55.361916.361916 cuda_h.py:27] end gate cost 1.161 ms
DEBUG 04-24 11:19:55.362207.362207 cuda_h.py:27] end experts_map_get cost 0.298 ms
DEBUG 04-24 11:19:55.362328.362328 cuda_h.py:27] end *before experts start* cost 1.617 ms
DEBUG 04-24 11:19:55.362728.362728 cuda_h.py:27] end cpu_experts_submit_fused_mp cost 0.232 ms
DEBUG 04-24 11:19:55.363179.363179 cuda_h.py:27] end *single cpu experts* cost 1.822 ms
DEBUG 04-24 11:19:55.366533.366533 cuda_h.py:27] end prepare_group_stack cost 0.493 ms
DEBUG 04-24 11:19:55.366918.366918 cuda_h.py:27] end prepare_group_stack cost 0.462 ms
DEBUG 04-24 11:19:55.366729.366729 sllm_store_c.py:27] get device uuid map
DEBUG 04-24 11:19:55.366457.366457 cuda_h.py:27] end prepare_group_stack cost 0.513 ms
DEBUG 04-24 11:19:55.366902.366902 cuda_h.py:27] end prepare_group_stack cost 0.591 ms
DEBUG 04-24 11:19:55.366599.366599 sllm_store_c.py:29] call client load into gpu
DEBUG 04-24 11:19:55.367840.367840 cuda_h.py:27] end group stack cost 0.974 ms
DEBUG 04-24 11:19:55.367268.367268 cuda_h.py:27] end move_flatidxs_group_fused_mp cost 1.684 ms
DEBUG 04-24 11:19:55.367173.367173 cuda_h.py:27] end group stack cost 0.833 ms
DEBUG 04-24 11:19:55.367072.367072 cuda_h.py:27] end group stack cost 1.301 ms
DEBUG 04-24 11:19:55.367294.367294 cuda_h.py:27] end get_fused_experts_names_w cost 0.020 ms
DEBUG 04-24 11:19:55.368282.368282 cuda_h.py:27] end move_flatidxs_group_fused_mp cost 2.018 ms
DEBUG 04-24 11:19:55.368309.368309 cuda_h.py:27] end move_flatidxs_group_fused_mp cost 2.070 ms
DEBUG 04-24 11:19:55.368170.368170 cuda_h.py:27] end group stack cost 1.118 ms
DEBUG 04-24 11:19:55.368861.368861 cuda_h.py:27] end get_fused_experts_names_w cost 0.024 ms
DEBUG 04-24 11:19:55.368054.368054 cuda_h.py:27] end get_fused_experts_names_w cost 0.025 ms
DEBUG 04-24 11:19:55.368591.368591 cuda_h.py:27] end move_flatidxs_group_fused_mp cost 2.205 ms
DEBUG 04-24 11:19:55.368330.368330 cuda_h.py:27] end restore_fused_tensors cost 0.121 ms
DEBUG 04-24 11:19:55.368584.368584 cuda_h.py:27] end group_fused_tensors_mp cost 0.456 ms
DEBUG 04-24 11:19:55.368220.368220 cuda_h.py:27] end get_fused_experts_names_w cost 0.023 ms
DEBUG 04-24 11:19:55.368430.368430 cuda_h.py:27] end restore_fused_tensors cost 0.651 ms
DEBUG 04-24 11:19:55.368066.368066 cuda_h.py:27] end group_fused_tensors_mp cost 0.908 ms
DEBUG 04-24 11:19:55.369138.369138 cuda_h.py:27] end load_into_gpu_async_fused_experts_dual cost 2.554 ms
DEBUG 04-24 11:19:55.369563.369563 cuda_h.py:27] end restore_fused_tensors cost 0.607 ms
DEBUG 04-24 11:19:55.369507.369507 cuda_h.py:27] end restore_tensors2_fused_experts_packed cost 0.062 ms
DEBUG 04-24 11:19:55.369047.369047 cuda_h.py:27] end group_fused_tensors_mp cost 1.218 ms
DEBUG 04-24 11:19:55.369868.369868 cuda_h.py:27] end restore_fused_tensors cost 0.641 ms
DEBUG 04-24 11:19:55.369288.369288 cuda_h.py:27] end group_fused_tensors_mp cost 1.059 ms
DEBUG 04-24 11:19:55.369542.369542 cuda_h.py:27] end restore_tensors2_fused_experts_slices cost 0.300 ms
DEBUG 04-24 11:19:55.369707.369707 cuda_h.py:27] end allocate_experts_cuda_memory_and_restore_model_multi_device_fused cost 5.829 ms
DEBUG 04-24 11:19:55.370380.370380 cuda_h.py:27] end gpu_sexperts cost 0.007 ms
DEBUG 04-24 11:19:55.370118.370118 cuda_h.py:27] end restore2model cost 2.302 ms
DEBUG 04-24 11:19:55.370336.370336 cuda_h.py:27] end sllm_worker_task cost 13.401 ms
DEBUG 04-24 11:19:55.371863.371863 cuda_h.py:27] end wait_load_qkvogn_s_weight cost 0.772 ms
DEBUG 04-24 11:19:55.378565.378565 mlpmodule.py:3373] [fused_group_bmm][steps] bmm1=5.021 ms split=0.227 ms act_mul=0.609 ms bmm2=3.578 ms
DEBUG 04-24 11:19:55.378036.378036 cuda_h.py:27] end fused_group_bmm cost 9.926 ms
DEBUG 04-24 11:19:55.379111.379111 cuda_h.py:27] end gather_outputs_group_fused_mp cost 0.598 ms
DEBUG 04-24 11:19:55.380947.380947 cuda_h.py:27] end cpu_experts_worker_bmm_or_einsum_0 cost 15.509 ms
DEBUG 04-24 11:19:55.384109.384109 mlpmodule.py:3373] [fused_group_bmm][steps] bmm1=10.357 ms split=0.135 ms act_mul=0.385 ms bmm2=4.476 ms
DEBUG 04-24 11:19:55.384766.384766 cuda_h.py:27] end fused_group_bmm cost 15.629 ms
DEBUG 04-24 11:19:55.385883.385883 cuda_h.py:27] end gather_outputs_group_fused_mp cost 0.492 ms
DEBUG 04-24 11:19:55.385940.385940 cuda_h.py:27] end cpu_experts_worker_bmm_or_einsum_1 cost 21.267 ms
DEBUG 04-24 11:19:55.386458.386458 mlpmodule.py:3373] [fused_group_bmm][steps] bmm1=11.759 ms split=0.182 ms act_mul=0.449 ms bmm2=4.841 ms
DEBUG 04-24 11:19:55.386499.386499 cuda_h.py:27] end fused_group_bmm cost 17.505 ms
DEBUG 04-24 11:19:55.387076.387076 cuda_h.py:27] end gather_outputs_group_fused_mp cost 0.460 ms
DEBUG 04-24 11:19:55.388226.388226 cuda_h.py:27] end cpu_experts_worker_bmm_or_einsum_3 cost 23.648 ms
DEBUG 04-24 11:19:55.388799.388799 mlpmodule.py:3373] [fused_group_bmm][steps] bmm1=13.625 ms split=0.159 ms act_mul=0.386 ms bmm2=4.365 ms
DEBUG 04-24 11:19:55.388619.388619 cuda_h.py:27] end fused_group_bmm cost 18.924 ms
DEBUG 04-24 11:19:55.389219.389219 cuda_h.py:27] end gather_outputs_group_fused_mp cost 0.444 ms
DEBUG 04-24 11:19:55.390703.390703 cuda_h.py:27] end cpu_experts_worker_bmm_or_einsum_2 cost 25.469 ms
DEBUG 04-24 11:19:55.390719.390719 cuda_h.py:27] end prepare_per_device_parameters cost 18.711 ms
DEBUG 04-24 11:19:55.392700.392700 cuda_h.py:27] end wait_experts_multi_device cost 2.518 ms
DEBUG 04-24 11:19:55.393802.393802 cuda_h.py:27] end *before fused experts* cost 29.043 ms
DEBUG 04-24 11:19:55.398377.398377 cuda_h.py:27] end gpu_experts_multi_device_fused cost 5.049 ms
DEBUG 04-24 11:19:55.398552.398552 cuda_h.py:27] end *gpu experts* cost 34.230 ms
DEBUG 04-24 11:19:55.400725.400725 cuda_h.py:27] end cpu_experts_scatter_reduce cost 0.699 ms
DEBUG 04-24 11:19:55.400960.400960 cuda_h.py:27] end cpu_thread_manager_mp_wait_fused cost 1.838 ms
DEBUG 04-24 11:19:55.400962.400962 cuda_h.py:27] end layer_moe_generate_mp_multi_device_fused_l_15 cost 39.725 ms
DEBUG 04-24 11:19:55.400026.400026 cuda_h.py:27] end *mlp cost 40.438 ms
DEBUG 04-24 11:19:55.400247.400247 cuda_h.py:27] end prefill_layer cost 44.137 ms
DEBUG 04-24 11:19:55.401857.401857 lmp.py:341] -------------------------------- end prefill layer 14 --------------------------------
DEBUG 04-24 11:19:55.401587.401587 lmp.py:294] -------------------------------- start prefill layer 15 --------------------------------
DEBUG 04-24 11:19:55.401994.401994 cuda_h.py:27] end start_load_qkvogn_s_weight_l_16 cost 0.051 ms
DEBUG 04-24 11:19:55.401086.401086 cuda_h.py:27] end allocate_cuda_memory cost 0.380 ms
DEBUG 04-24 11:19:55.402062.402062 sllm_store_c.py:27] get device uuid map
DEBUG 04-24 11:19:55.402373.402373 sllm_store_c.py:29] call client load into gpu
DEBUG 04-24 11:19:55.404128.404128 cuda_h.py:27] end **self_attn cost 1.737 ms
DEBUG 04-24 11:19:55.404924.404924 cuda_h.py:27] end *iln_self_attn_paln cost 3.136 ms
DEBUG 04-24 11:19:55.405659.405659 cuda_h.py:27] end load_into_gpu_async cost 2.999 ms
DEBUG 04-24 11:19:55.405922.405922 cuda_h.py:27] end restore_tensors2 cost 0.177 ms
DEBUG 04-24 11:19:55.405690.405690 cuda_h.py:27] end allocate_cuda_memory_and_load_into_gpu cost 4.251 ms
DEBUG 04-24 11:19:55.405920.405920 cuda_h.py:27] end gate cost 1.187 ms
DEBUG 04-24 11:19:55.406729.406729 cuda_h.py:27] end experts_map_get cost 0.303 ms
DEBUG 04-24 11:19:55.406896.406896 cuda_h.py:27] end *before experts start* cost 1.893 ms
DEBUG 04-24 11:19:55.406792.406792 cuda_h.py:27] end cpu_experts_submit_fused_mp cost 0.211 ms
DEBUG 04-24 11:19:55.408175.408175 cuda_h.py:27] end *single cpu experts* cost 1.578 ms
DEBUG 04-24 11:19:55.410308.410308 cuda_h.py:27] end prepare_group_stack cost 0.427 ms
DEBUG 04-24 11:19:55.410199.410199 cuda_h.py:27] end prepare_group_stack cost 0.429 ms
DEBUG 04-24 11:19:55.410154.410154 cuda_h.py:27] end prepare_group_stack cost 0.508 ms
DEBUG 04-24 11:19:55.410896.410896 cuda_h.py:27] end prepare_group_stack cost 0.493 ms
DEBUG 04-24 11:19:55.410425.410425 sllm_store_c.py:27] get device uuid map
DEBUG 04-24 11:19:55.410492.410492 sllm_store_c.py:29] call client load into gpu
DEBUG 04-24 11:19:55.411319.411319 cuda_h.py:27] end group stack cost 0.830 ms
DEBUG 04-24 11:19:55.411316.411316 cuda_h.py:27] end move_flatidxs_group_fused_mp cost 1.467 ms
DEBUG 04-24 11:19:55.411056.411056 cuda_h.py:27] end group stack cost 1.008 ms
DEBUG 04-24 11:19:55.411751.411751 cuda_h.py:27] end get_fused_experts_names_w cost 0.020 ms
DEBUG 04-24 11:19:55.411870.411870 cuda_h.py:27] end move_flatidxs_group_fused_mp cost 1.713 ms
DEBUG 04-24 11:19:55.411527.411527 cuda_h.py:27] end group stack cost 0.872 ms
DEBUG 04-24 11:19:55.411396.411396 cuda_h.py:27] end get_fused_experts_names_w cost 0.024 ms
DEBUG 04-24 11:19:55.411828.411828 cuda_h.py:27] end move_flatidxs_group_fused_mp cost 2.078 ms
DEBUG 04-24 11:19:55.411763.411763 cuda_h.py:27] end group stack cost 1.163 ms
DEBUG 04-24 11:19:55.412417.412417 cuda_h.py:27] end get_fused_experts_names_w cost 0.028 ms
DEBUG 04-24 11:19:55.412199.412199 cuda_h.py:27] end move_flatidxs_group_fused_mp cost 2.248 ms
DEBUG 04-24 11:19:55.412298.412298 cuda_h.py:27] end get_fused_experts_names_w cost 0.023 ms
DEBUG 04-24 11:19:55.412107.412107 cuda_h.py:27] end restore_fused_tensors cost 0.701 ms
DEBUG 04-24 11:19:55.412845.412845 cuda_h.py:27] end group_fused_tensors_mp cost 1.075 ms
DEBUG 04-24 11:19:55.412250.412250 cuda_h.py:27] end restore_fused_tensors cost 0.594 ms
DEBUG 04-24 11:19:55.412771.412771 cuda_h.py:27] end group_fused_tensors_mp cost 0.936 ms
DEBUG 04-24 11:19:55.413937.413937 cuda_h.py:27] end restore_fused_tensors cost 0.734 ms
DEBUG 04-24 11:19:55.413600.413600 cuda_h.py:27] end restore_fused_tensors cost 0.957 ms
DEBUG 04-24 11:19:55.413608.413608 cuda_h.py:27] end group_fused_tensors_mp cost 0.993 ms
DEBUG 04-24 11:19:55.413584.413584 cuda_h.py:27] end group_fused_tensors_mp cost 1.244 ms
DEBUG 04-24 11:19:55.413670.413670 cuda_h.py:27] end load_into_gpu_async_fused_experts_dual cost 3.314 ms
DEBUG 04-24 11:19:55.414272.414272 cuda_h.py:27] end restore_tensors2_fused_experts_packed cost 0.207 ms
DEBUG 04-24 11:19:55.415118.415118 cuda_h.py:27] end restore2model cost 2.703 ms
DEBUG 04-24 11:19:55.416024.416024 cuda_h.py:27] end restore_tensors2_fused_experts_slices cost 0.967 ms
DEBUG 04-24 11:19:55.416845.416845 cuda_h.py:27] end sllm_worker_task cost 15.210 ms
DEBUG 04-24 11:19:55.417614.417614 cuda_h.py:27] end allocate_experts_cuda_memory_and_restore_model_multi_device_fused cost 9.233 ms
DEBUG 04-24 11:19:55.418819.418819 cuda_h.py:27] end gpu_sexperts cost 0.019 ms
DEBUG 04-24 11:19:55.418564.418564 cuda_h.py:27] end wait_load_qkvogn_s_weight cost 0.036 ms
DEBUG 04-24 11:19:55.422699.422699 mlpmodule.py:3373] [fused_group_bmm][steps] bmm1=5.428 ms split=0.198 ms act_mul=0.838 ms bmm2=3.049 ms
DEBUG 04-24 11:19:55.423258.423258 cuda_h.py:27] end fused_group_bmm cost 10.079 ms
DEBUG 04-24 11:19:55.424917.424917 cuda_h.py:27] end gather_outputs_group_fused_mp cost 0.810 ms
DEBUG 04-24 11:19:55.425953.425953 cuda_h.py:27] end cpu_experts_worker_bmm_or_einsum_0 cost 16.484 ms
DEBUG 04-24 11:19:55.425535.425535 mlpmodule.py:3373] [fused_group_bmm][steps] bmm1=7.832 ms split=0.142 ms act_mul=0.395 ms bmm2=3.958 ms
DEBUG 04-24 11:19:55.425985.425985 cuda_h.py:27] end fused_group_bmm cost 12.759 ms
DEBUG 04-24 11:19:55.426239.426239 cuda_h.py:27] end gather_outputs_group_fused_mp cost 0.432 ms
DEBUG 04-24 11:19:55.426367.426367 cuda_h.py:27] end cpu_experts_worker_bmm_or_einsum_1 cost 18.003 ms
DEBUG 04-24 11:19:55.426266.426266 mlpmodule.py:3373] [fused_group_bmm][steps] bmm1=7.719 ms split=0.247 ms act_mul=0.481 ms bmm2=5.172 ms
DEBUG 04-24 11:19:55.426900.426900 cuda_h.py:27] end fused_group_bmm cost 14.015 ms
DEBUG 04-24 11:19:55.427140.427140 cuda_h.py:27] end gather_outputs_group_fused_mp cost 0.452 ms
DEBUG 04-24 11:19:55.427893.427893 cuda_h.py:27] end cpu_experts_worker_bmm_or_einsum_3 cost 19.441 ms
DEBUG 04-24 11:19:55.429340.429340 mlpmodule.py:3373] [fused_group_bmm][steps] bmm1=10.754 ms split=0.187 ms act_mul=0.412 ms bmm2=4.767 ms
DEBUG 04-24 11:19:55.429698.429698 cuda_h.py:27] end fused_group_bmm cost 16.383 ms
DEBUG 04-24 11:19:55.430966.430966 cuda_h.py:27] end gather_outputs_group_fused_mp cost 0.464 ms
DEBUG 04-24 11:19:55.430708.430708 cuda_h.py:27] end cpu_experts_worker_bmm_or_einsum_2 cost 22.411 ms
DEBUG 04-24 11:19:55.433215.433215 cuda_h.py:27] end prepare_per_device_parameters cost 15.128 ms
DEBUG 04-24 11:19:55.437850.437850 cuda_h.py:27] end wait_experts_multi_device cost 3.209 ms
DEBUG 04-24 11:19:55.437045.437045 cuda_h.py:27] end *before fused experts* cost 28.884 ms
DEBUG 04-24 11:19:55.442494.442494 cuda_h.py:27] end gpu_experts_multi_device_fused cost 5.450 ms
DEBUG 04-24 11:19:55.442887.442887 cuda_h.py:27] end *gpu experts* cost 34.456 ms
DEBUG 04-24 11:19:55.444171.444171 cuda_h.py:27] end cpu_experts_scatter_reduce cost 0.532 ms
DEBUG 04-24 11:19:55.444822.444822 cuda_h.py:27] end cpu_thread_manager_mp_wait_fused cost 1.781 ms
DEBUG 04-24 11:19:55.444102.444102 cuda_h.py:27] end layer_moe_generate_mp_multi_device_fused_l_16 cost 39.895 ms
DEBUG 04-24 11:19:55.445774.445774 cuda_h.py:27] end *mlp cost 40.564 ms
DEBUG 04-24 11:19:55.445339.445339 cuda_h.py:27] end prefill_layer cost 44.023 ms
DEBUG 04-24 11:19:55.445280.445280 lmp.py:341] -------------------------------- end prefill layer 15 --------------------------------
DEBUG 04-24 11:19:55.445829.445829 lmp.py:294] -------------------------------- start prefill layer 16 --------------------------------
DEBUG 04-24 11:19:55.445236.445236 cuda_h.py:27] end start_load_qkvogn_s_weight_l_17 cost 0.053 ms
DEBUG 04-24 11:19:55.446135.446135 cuda_h.py:27] end allocate_cuda_memory cost 0.322 ms
DEBUG 04-24 11:19:55.446135.446135 sllm_store_c.py:27] get device uuid map
DEBUG 04-24 11:19:55.446923.446923 sllm_store_c.py:29] call client load into gpu
DEBUG 04-24 11:19:55.448446.448446 cuda_h.py:27] end **self_attn cost 1.731 ms
DEBUG 04-24 11:19:55.448206.448206 cuda_h.py:27] end load_into_gpu_async cost 2.296 ms
DEBUG 04-24 11:19:55.448343.448343 cuda_h.py:27] end *iln_self_attn_paln cost 3.262 ms
DEBUG 04-24 11:19:55.448225.448225 cuda_h.py:27] end restore_tensors2 cost 0.169 ms
DEBUG 04-24 11:19:55.449105.449105 cuda_h.py:27] end allocate_cuda_memory_and_load_into_gpu cost 3.652 ms
DEBUG 04-24 11:19:55.449522.449522 cuda_h.py:27] end gate cost 0.855 ms
DEBUG 04-24 11:19:55.450376.450376 cuda_h.py:27] end experts_map_get cost 0.295 ms
DEBUG 04-24 11:19:55.450112.450112 cuda_h.py:27] end *before experts start* cost 1.302 ms
DEBUG 04-24 11:19:55.450352.450352 cuda_h.py:27] end cpu_experts_submit_fused_mp cost 0.219 ms
DEBUG 04-24 11:19:55.452201.452201 cuda_h.py:27] end *single cpu experts* cost 1.611 ms
DEBUG 04-24 11:19:55.453458.453458 sllm_store_c.py:27] get device uuid map
DEBUG 04-24 11:19:55.453794.453794 sllm_store_c.py:29] call client load into gpu
DEBUG 04-24 11:19:55.454532.454532 cuda_h.py:27] end prepare_group_stack cost 0.594 ms
DEBUG 04-24 11:19:55.454214.454214 cuda_h.py:27] end prepare_group_stack cost 0.550 ms
DEBUG 04-24 11:19:55.454850.454850 cuda_h.py:27] end prepare_group_stack cost 0.448 ms
DEBUG 04-24 11:19:55.454404.454404 cuda_h.py:27] end prepare_group_stack cost 0.652 ms
DEBUG 04-24 11:19:55.455106.455106 cuda_h.py:27] end group stack cost 0.812 ms
DEBUG 04-24 11:19:55.455391.455391 cuda_h.py:27] end group stack cost 0.788 ms
DEBUG 04-24 11:19:55.455506.455506 cuda_h.py:27] end move_flatidxs_group_fused_mp cost 1.819 ms
DEBUG 04-24 11:19:55.455003.455003 cuda_h.py:27] end move_flatidxs_group_fused_mp cost 1.785 ms
DEBUG 04-24 11:19:55.455857.455857 cuda_h.py:27] end get_fused_experts_names_w cost 0.017 ms
DEBUG 04-24 11:19:55.455798.455798 cuda_h.py:27] end get_fused_experts_names_w cost 0.026 ms
DEBUG 04-24 11:19:55.455659.455659 cuda_h.py:27] end group stack cost 1.455 ms
DEBUG 04-24 11:19:55.456124.456124 cuda_h.py:27] end move_flatidxs_group_fused_mp cost 2.493 ms
DEBUG 04-24 11:19:55.456648.456648 cuda_h.py:27] end group stack cost 1.551 ms
DEBUG 04-24 11:19:55.456886.456886 cuda_h.py:27] end get_fused_experts_names_w cost 0.025 ms
DEBUG 04-24 11:19:55.456741.456741 cuda_h.py:27] end move_flatidxs_group_fused_mp cost 2.812 ms
DEBUG 04-24 11:19:55.456444.456444 cuda_h.py:27] end restore_fused_tensors cost 0.671 ms
DEBUG 04-24 11:19:55.456886.456886 cuda_h.py:27] end group_fused_tensors_mp cost 0.883 ms
DEBUG 04-24 11:19:55.456867.456867 cuda_h.py:27] end get_fused_experts_names_w cost 0.029 ms
DEBUG 04-24 11:19:55.456438.456438 cuda_h.py:27] end restore_fused_tensors cost 0.702 ms
DEBUG 04-24 11:19:55.456079.456079 cuda_h.py:27] end group_fused_tensors_mp cost 1.080 ms
DEBUG 04-24 11:19:55.457140.457140 cuda_h.py:27] end restore_fused_tensors cost 0.632 ms
DEBUG 04-24 11:19:55.457758.457758 cuda_h.py:27] end group_fused_tensors_mp cost 0.778 ms
DEBUG 04-24 11:19:55.457399.457399 cuda_h.py:27] end restore_fused_tensors cost 0.877 ms
DEBUG 04-24 11:19:55.457475.457475 cuda_h.py:27] end group_fused_tensors_mp cost 1.184 ms
DEBUG 04-24 11:19:55.463519.463519 cuda_h.py:27] end restore2model cost 2.346 ms
DEBUG 04-24 11:19:55.463751.463751 cuda_h.py:27] end sllm_worker_task cost 18.206 ms
DEBUG 04-24 11:19:55.464787.464787 cuda_h.py:27] end load_into_gpu_async_fused_experts_dual cost 10.374 ms
DEBUG 04-24 11:19:55.464916.464916 cuda_h.py:27] end restore_tensors2_fused_experts_packed cost 0.155 ms
DEBUG 04-24 11:19:55.465230.465230 cuda_h.py:27] end restore_tensors2_fused_experts_slices cost 0.384 ms
DEBUG 04-24 11:19:55.465163.465163 cuda_h.py:27] end allocate_experts_cuda_memory_and_restore_model_multi_device_fused cost 13.451 ms
DEBUG 04-24 11:19:55.465841.465841 cuda_h.py:27] end gpu_sexperts cost 0.011 ms
DEBUG 04-24 11:19:55.465095.465095 cuda_h.py:27] end wait_load_qkvogn_s_weight cost 0.023 ms
DEBUG 04-24 11:19:55.470378.470378 mlpmodule.py:3373] [fused_group_bmm][steps] bmm1=8.830 ms split=0.096 ms act_mul=0.475 ms bmm2=4.178 ms
DEBUG 04-24 11:19:55.470995.470995 mlpmodule.py:3373] [fused_group_bmm][steps] bmm1=8.758 ms split=0.095 ms act_mul=0.403 ms bmm2=4.687 ms
DEBUG 04-24 11:19:55.471520.471520 cuda_h.py:27] end fused_group_bmm cost 13.916 ms
DEBUG 04-24 11:19:55.471449.471449 cuda_h.py:27] end fused_group_bmm cost 14.291 ms
DEBUG 04-24 11:19:55.472900.472900 cuda_h.py:27] end gather_outputs_group_fused_mp cost 0.831 ms
DEBUG 04-24 11:19:55.472220.472220 cuda_h.py:27] end gather_outputs_group_fused_mp cost 0.816 ms
DEBUG 04-24 11:19:55.472151.472151 cuda_h.py:27] end cpu_experts_worker_bmm_or_einsum_3 cost 19.910 ms
DEBUG 04-24 11:19:55.473520.473520 cuda_h.py:27] end cpu_experts_worker_bmm_or_einsum_0 cost 20.234 ms
DEBUG 04-24 11:19:55.472425.472425 mlpmodule.py:3373] [fused_group_bmm][steps] bmm1=9.423 ms split=0.091 ms act_mul=0.405 ms bmm2=6.234 ms
DEBUG 04-24 11:19:55.473177.473177 cuda_h.py:27] end fused_group_bmm cost 16.668 ms
DEBUG 04-24 11:19:55.473648.473648 mlpmodule.py:3373] [fused_group_bmm][steps] bmm1=8.886 ms split=0.097 ms act_mul=0.365 ms bmm2=6.100 ms
DEBUG 04-24 11:19:55.473814.473814 cuda_h.py:27] end fused_group_bmm cost 15.710 ms
DEBUG 04-24 11:19:55.473000.473000 cuda_h.py:27] end gather_outputs_group_fused_mp cost 0.422 ms
DEBUG 04-24 11:19:55.474392.474392 cuda_h.py:27] end gather_outputs_group_fused_mp cost 0.480 ms
DEBUG 04-24 11:19:55.474442.474442 cuda_h.py:27] end cpu_experts_worker_bmm_or_einsum_1 cost 21.701 ms
DEBUG 04-24 11:19:55.474903.474903 cuda_h.py:27] end cpu_experts_worker_bmm_or_einsum_2 cost 22.164 ms
DEBUG 04-24 11:19:55.480927.480927 cuda_h.py:27] end prepare_per_device_parameters cost 14.645 ms
DEBUG 04-24 11:19:55.655532.655532 cuda_h.py:27] end wait_experts_multi_device cost 175.148 ms
DEBUG 04-24 11:19:55.656854.656854 cuda_h.py:27] end *before fused experts* cost 203.992 ms
DEBUG 04-24 11:19:55.664357.664357 cuda_h.py:27] end gpu_experts_multi_device_fused cost 8.778 ms
DEBUG 04-24 11:19:55.665389.665389 cuda_h.py:27] end *gpu experts* cost 213.021 ms
DEBUG 04-24 11:19:55.668180.668180 cuda_h.py:27] end cpu_experts_scatter_reduce cost 1.288 ms
DEBUG 04-24 11:19:55.668573.668573 cuda_h.py:27] end cpu_thread_manager_mp_wait_fused cost 3.248 ms
DEBUG 04-24 11:19:55.668834.668834 cuda_h.py:27] end layer_moe_generate_mp_multi_device_fused_l_17 cost 219.459 ms
DEBUG 04-24 11:19:55.669114.669114 cuda_h.py:27] end *mlp cost 220.294 ms
DEBUG 04-24 11:19:55.669229.669229 cuda_h.py:27] end prefill_layer cost 223.993 ms
DEBUG 04-24 11:19:55.669853.669853 lmp.py:341] -------------------------------- end prefill layer 16 --------------------------------
DEBUG 04-24 11:19:55.669947.669947 lmp.py:294] -------------------------------- start prefill layer 17 --------------------------------
DEBUG 04-24 11:19:55.669520.669520 cuda_h.py:27] end start_load_qkvogn_s_weight_l_18 cost 0.060 ms
DEBUG 04-24 11:19:55.670428.670428 cuda_h.py:27] end allocate_cuda_memory cost 0.389 ms
DEBUG 04-24 11:19:55.670418.670418 sllm_store_c.py:27] get device uuid map
DEBUG 04-24 11:19:55.670292.670292 sllm_store_c.py:29] call client load into gpu
DEBUG 04-24 11:19:55.673586.673586 cuda_h.py:27] end **self_attn cost 2.395 ms
DEBUG 04-24 11:19:55.673855.673855 cuda_h.py:27] end *iln_self_attn_paln cost 3.934 ms
DEBUG 04-24 11:19:55.673202.673202 cuda_h.py:27] end load_into_gpu_async cost 3.240 ms
DEBUG 04-24 11:19:55.674865.674865 cuda_h.py:27] end restore_tensors2 cost 0.187 ms
DEBUG 04-24 11:19:55.674956.674956 cuda_h.py:27] end allocate_cuda_memory_and_load_into_gpu cost 4.979 ms
DEBUG 04-24 11:19:55.675517.675517 cuda_h.py:27] end gate cost 1.313 ms
DEBUG 04-24 11:19:55.675468.675468 cuda_h.py:27] end experts_map_get cost 0.378 ms
DEBUG 04-24 11:19:55.675013.675013 cuda_h.py:27] end *before experts start* cost 1.904 ms
DEBUG 04-24 11:19:55.676554.676554 cuda_h.py:27] end cpu_experts_submit_fused_mp cost 0.287 ms
DEBUG 04-24 11:19:55.678578.678578 cuda_h.py:27] end *single cpu experts* cost 2.366 ms
DEBUG 04-24 11:19:55.679314.679314 cuda_h.py:27] end prepare_group_stack cost 0.680 ms
DEBUG 04-24 11:19:55.680399.680399 cuda_h.py:27] end prepare_group_stack cost 0.524 ms
DEBUG 04-24 11:19:55.680149.680149 sllm_store_c.py:27] get device uuid map
DEBUG 04-24 11:19:55.680930.680930 cuda_h.py:27] end prepare_group_stack cost 0.615 ms
DEBUG 04-24 11:19:55.680603.680603 sllm_store_c.py:29] call client load into gpu
DEBUG 04-24 11:19:55.681898.681898 cuda_h.py:27] end prepare_group_stack cost 0.673 ms
DEBUG 04-24 11:19:55.681235.681235 cuda_h.py:27] end group stack cost 1.967 ms
DEBUG 04-24 11:19:55.682447.682447 cuda_h.py:27] end group stack cost 1.455 ms
DEBUG 04-24 11:19:55.682436.682436 cuda_h.py:27] end move_flatidxs_group_fused_mp cost 3.162 ms
DEBUG 04-24 11:19:55.682246.682246 cuda_h.py:27] end move_flatidxs_group_fused_mp cost 2.303 ms
DEBUG 04-24 11:19:55.682231.682231 cuda_h.py:27] end get_fused_experts_names_w cost 0.029 ms
DEBUG 04-24 11:19:55.682191.682191 cuda_h.py:27] end get_fused_experts_names_w cost 0.040 ms
DEBUG 04-24 11:19:55.682144.682144 cuda_h.py:27] end group stack cost 1.687 ms
DEBUG 04-24 11:19:55.683468.683468 cuda_h.py:27] end move_flatidxs_group_fused_mp cost 3.053 ms
DEBUG 04-24 11:19:55.683564.683564 cuda_h.py:27] end restore_fused_tensors cost 0.785 ms
DEBUG 04-24 11:19:55.683057.683057 cuda_h.py:27] end group_fused_tensors_mp cost 0.958 ms
DEBUG 04-24 11:19:55.683301.683301 cuda_h.py:27] end get_fused_experts_names_w cost 0.037 ms
DEBUG 04-24 11:19:55.683492.683492 cuda_h.py:27] end group stack cost 2.134 ms
DEBUG 04-24 11:19:55.684143.684143 cuda_h.py:27] end restore_fused_tensors cost 1.402 ms
DEBUG 04-24 11:19:55.684536.684536 cuda_h.py:27] end move_flatidxs_group_fused_mp cost 3.351 ms
DEBUG 04-24 11:19:55.684763.684763 cuda_h.py:27] end group_fused_tensors_mp cost 1.698 ms
DEBUG 04-24 11:19:55.684800.684800 cuda_h.py:27] end get_fused_experts_names_w cost 0.039 ms
DEBUG 04-24 11:19:55.684727.684727 cuda_h.py:27] end load_into_gpu_async_fused_experts_dual cost 3.623 ms
DEBUG 04-24 11:19:55.684311.684311 cuda_h.py:27] end restore2model cost 2.527 ms
DEBUG 04-24 11:19:55.684256.684256 cuda_h.py:27] end restore_tensors2_fused_experts_packed cost 0.058 ms
DEBUG 04-24 11:19:55.685887.685887 cuda_h.py:27] end restore_fused_tensors cost 1.357 ms
DEBUG 04-24 11:19:55.685198.685198 cuda_h.py:27] end group_fused_tensors_mp cost 1.935 ms
DEBUG 04-24 11:19:55.684096.684096 cuda_h.py:27] end sllm_worker_task cost 15.089 ms
DEBUG 04-24 11:19:55.685787.685787 cuda_h.py:27] end restore_fused_tensors cost 1.294 ms
DEBUG 04-24 11:19:55.685896.685896 cuda_h.py:27] end restore_tensors2_fused_experts_slices cost 0.308 ms
DEBUG 04-24 11:19:55.685170.685170 cuda_h.py:27] end group_fused_tensors_mp cost 1.616 ms
DEBUG 04-24 11:19:55.686765.686765 cuda_h.py:27] end allocate_experts_cuda_memory_and_restore_model_multi_device_fused cost 7.657 ms
DEBUG 04-24 11:19:55.686837.686837 cuda_h.py:27] end gpu_sexperts cost 0.019 ms
DEBUG 04-24 11:19:55.686107.686107 cuda_h.py:27] end wait_load_qkvogn_s_weight cost 0.044 ms
DEBUG 04-24 11:19:55.697800.697800 mlpmodule.py:3373] [fused_group_bmm][steps] bmm1=8.219 ms split=0.204 ms act_mul=0.603 ms bmm2=4.024 ms
DEBUG 04-24 11:19:55.698565.698565 cuda_h.py:27] end fused_group_bmm cost 13.625 ms
DEBUG 04-24 11:19:55.698996.698996 cuda_h.py:27] end gather_outputs_group_fused_mp cost 0.756 ms
DEBUG 04-24 11:19:55.699447.699447 cuda_h.py:27] end cpu_experts_worker_bmm_or_einsum_0 cost 22.007 ms
DEBUG 04-24 11:19:55.700837.700837 mlpmodule.py:3373] [fused_group_bmm][steps] bmm1=9.887 ms split=0.138 ms act_mul=0.625 ms bmm2=5.922 ms
DEBUG 04-24 11:19:55.700746.700746 cuda_h.py:27] end fused_group_bmm cost 16.852 ms
DEBUG 04-24 11:19:55.700589.700589 mlpmodule.py:3373] [fused_group_bmm][steps] bmm1=9.351 ms split=0.250 ms act_mul=0.535 ms bmm2=4.996 ms
DEBUG 04-24 11:19:55.701380.701380 cuda_h.py:27] end fused_group_bmm cost 15.466 ms
DEBUG 04-24 11:19:55.701085.701085 cuda_h.py:27] end gather_outputs_group_fused_mp cost 0.455 ms
DEBUG 04-24 11:19:55.701736.701736 cuda_h.py:27] end gather_outputs_group_fused_mp cost 0.581 ms
DEBUG 04-24 11:19:55.701069.701069 cuda_h.py:27] end cpu_experts_worker_bmm_or_einsum_3 cost 23.107 ms
DEBUG 04-24 11:19:55.702785.702785 cuda_h.py:27] end cpu_experts_worker_bmm_or_einsum_1 cost 23.490 ms
DEBUG 04-24 11:19:55.703275.703275 mlpmodule.py:3373] [fused_group_bmm][steps] bmm1=12.393 ms split=0.183 ms act_mul=0.525 ms bmm2=4.362 ms
DEBUG 04-24 11:19:55.703898.703898 cuda_h.py:27] end fused_group_bmm cost 17.728 ms
DEBUG 04-24 11:19:55.704154.704154 cuda_h.py:27] end gather_outputs_group_fused_mp cost 0.457 ms
DEBUG 04-24 11:19:55.704009.704009 cuda_h.py:27] end prepare_per_device_parameters cost 17.562 ms
DEBUG 04-24 11:19:55.704963.704963 cuda_h.py:27] end cpu_experts_worker_bmm_or_einsum_2 cost 25.038 ms
DEBUG 04-24 11:19:55.708569.708569 cuda_h.py:27] end wait_experts_multi_device cost 3.765 ms
DEBUG 04-24 11:19:55.708340.708340 cuda_h.py:27] end *before fused experts* cost 30.180 ms
DEBUG 04-24 11:19:55.713495.713495 cuda_h.py:27] end gpu_experts_multi_device_fused cost 4.983 ms
DEBUG 04-24 11:19:55.713969.713969 cuda_h.py:27] end *gpu experts* cost 35.312 ms
DEBUG 04-24 11:19:55.715533.715533 cuda_h.py:27] end cpu_experts_scatter_reduce cost 0.700 ms
DEBUG 04-24 11:19:55.715502.715502 cuda_h.py:27] end cpu_thread_manager_mp_wait_fused cost 1.859 ms
DEBUG 04-24 11:19:55.715956.715956 cuda_h.py:27] end layer_moe_generate_mp_multi_device_fused_l_18 cost 41.715 ms
DEBUG 04-24 11:19:55.716684.716684 cuda_h.py:27] end *mlp cost 42.499 ms
DEBUG 04-24 11:19:55.716098.716098 cuda_h.py:27] end prefill_layer cost 47.021 ms
DEBUG 04-24 11:19:55.716185.716185 lmp.py:341] -------------------------------- end prefill layer 17 --------------------------------
DEBUG 04-24 11:19:55.716980.716980 lmp.py:294] -------------------------------- start prefill layer 18 --------------------------------
DEBUG 04-24 11:19:55.716626.716626 cuda_h.py:27] end start_load_qkvogn_s_weight_l_19 cost 0.054 ms
DEBUG 04-24 11:19:55.717903.717903 cuda_h.py:27] end allocate_cuda_memory cost 0.223 ms
DEBUG 04-24 11:19:55.717042.717042 sllm_store_c.py:27] get device uuid map
DEBUG 04-24 11:19:55.717421.717421 sllm_store_c.py:29] call client load into gpu
DEBUG 04-24 11:19:55.718248.718248 cuda_h.py:27] end **self_attn cost 1.375 ms
DEBUG 04-24 11:19:55.719231.719231 cuda_h.py:27] end load_into_gpu_async cost 1.894 ms
DEBUG 04-24 11:19:55.719619.719619 cuda_h.py:27] end *iln_self_attn_paln cost 2.619 ms
DEBUG 04-24 11:19:55.719894.719894 cuda_h.py:27] end restore_tensors2 cost 0.100 ms
DEBUG 04-24 11:19:55.719089.719089 cuda_h.py:27] end allocate_cuda_memory_and_load_into_gpu cost 3.057 ms
DEBUG 04-24 11:19:55.720751.720751 cuda_h.py:27] end gate cost 0.669 ms
DEBUG 04-24 11:19:55.720758.720758 cuda_h.py:27] end experts_map_get cost 0.302 ms
DEBUG 04-24 11:19:55.720238.720238 cuda_h.py:27] end *before experts start* cost 1.180 ms
DEBUG 04-24 11:19:55.721121.721121 cuda_h.py:27] end cpu_experts_submit_fused_mp cost 0.235 ms
DEBUG 04-24 11:19:55.722418.722418 cuda_h.py:27] end *single cpu experts* cost 1.784 ms
DEBUG 04-24 11:19:55.724102.724102 cuda_h.py:27] end prepare_group_stack cost 0.405 ms
DEBUG 04-24 11:19:55.724282.724282 cuda_h.py:27] end prepare_group_stack cost 0.411 ms
DEBUG 04-24 11:19:55.724503.724503 cuda_h.py:27] end group stack cost 0.604 ms
DEBUG 04-24 11:19:55.724169.724169 cuda_h.py:27] end move_flatidxs_group_fused_mp cost 1.206 ms
DEBUG 04-24 11:19:55.725330.725330 cuda_h.py:27] end get_fused_experts_names_w cost 0.024 ms
DEBUG 04-24 11:19:55.725783.725783 cuda_h.py:27] end prepare_group_stack cost 0.476 ms
DEBUG 04-24 11:19:55.725717.725717 cuda_h.py:27] end group stack cost 1.051 ms
DEBUG 04-24 11:19:55.725379.725379 cuda_h.py:27] end prepare_group_stack cost 0.513 ms
DEBUG 04-24 11:19:55.725621.725621 cuda_h.py:27] end move_flatidxs_group_fused_mp cost 1.658 ms
DEBUG 04-24 11:19:55.725485.725485 cuda_h.py:27] end get_fused_experts_names_w cost 0.023 ms
DEBUG 04-24 11:19:55.725923.725923 sllm_store_c.py:27] get device uuid map
DEBUG 04-24 11:19:55.725229.725229 sllm_store_c.py:29] call client load into gpu
DEBUG 04-24 11:19:55.726067.726067 cuda_h.py:27] end restore_fused_tensors cost 0.694 ms
DEBUG 04-24 11:19:55.726201.726201 cuda_h.py:27] end group_fused_tensors_mp cost 1.127 ms
DEBUG 04-24 11:19:55.726175.726175 cuda_h.py:27] end restore_fused_tensors cost 0.581 ms
DEBUG 04-24 11:19:55.726972.726972 cuda_h.py:27] end group_fused_tensors_mp cost 0.912 ms
DEBUG 04-24 11:19:55.726217.726217 cuda_h.py:27] end group stack cost 0.998 ms
DEBUG 04-24 11:19:55.726837.726837 cuda_h.py:27] end group stack cost 1.116 ms
DEBUG 04-24 11:19:55.726581.726581 cuda_h.py:27] end move_flatidxs_group_fused_mp cost 1.780 ms
DEBUG 04-24 11:19:55.726344.726344 cuda_h.py:27] end move_flatidxs_group_fused_mp cost 1.845 ms
DEBUG 04-24 11:19:55.726676.726676 cuda_h.py:27] end get_fused_experts_names_w cost 0.025 ms
DEBUG 04-24 11:19:55.726538.726538 cuda_h.py:27] end get_fused_experts_names_w cost 0.022 ms
DEBUG 04-24 11:19:55.727126.727126 cuda_h.py:27] end restore_fused_tensors cost 0.754 ms
DEBUG 04-24 11:19:55.727955.727955 cuda_h.py:27] end restore_fused_tensors cost 0.727 ms
DEBUG 04-24 11:19:55.727439.727439 cuda_h.py:27] end group_fused_tensors_mp cost 0.873 ms
DEBUG 04-24 11:19:55.727798.727798 cuda_h.py:27] end group_fused_tensors_mp cost 0.848 ms
DEBUG 04-24 11:19:55.727646.727646 cuda_h.py:27] end restore2model cost 0.934 ms
DEBUG 04-24 11:19:55.727754.727754 cuda_h.py:27] end sllm_worker_task cost 11.065 ms
DEBUG 04-24 11:19:55.729816.729816 cuda_h.py:27] end load_into_gpu_async_fused_experts_dual cost 3.894 ms
DEBUG 04-24 11:19:55.730032.730032 cuda_h.py:27] end restore_tensors2_fused_experts_packed cost 0.189 ms
DEBUG 04-24 11:19:55.731500.731500 cuda_h.py:27] end restore_tensors2_fused_experts_slices cost 0.869 ms
DEBUG 04-24 11:19:55.731677.731677 cuda_h.py:27] end allocate_experts_cuda_memory_and_restore_model_multi_device_fused cost 9.033 ms
DEBUG 04-24 11:19:55.732912.732912 cuda_h.py:27] end gpu_sexperts cost 0.034 ms
DEBUG 04-24 11:19:55.732221.732221 cuda_h.py:27] end wait_load_qkvogn_s_weight cost 0.082 ms
DEBUG 04-24 11:19:55.737351.737351 mlpmodule.py:3373] [fused_group_bmm][steps] bmm1=6.537 ms split=0.189 ms act_mul=0.591 ms bmm2=3.411 ms
DEBUG 04-24 11:19:55.737433.737433 cuda_h.py:27] end fused_group_bmm cost 11.031 ms
DEBUG 04-24 11:19:55.737101.737101 cuda_h.py:27] end gather_outputs_group_fused_mp cost 0.508 ms
DEBUG 04-24 11:19:55.738685.738685 cuda_h.py:27] end cpu_experts_worker_bmm_or_einsum_0 cost 16.070 ms
DEBUG 04-24 11:19:55.741503.741503 mlpmodule.py:3373] [fused_group_bmm][steps] bmm1=9.493 ms split=0.119 ms act_mul=0.375 ms bmm2=4.187 ms
DEBUG 04-24 11:19:55.742524.742524 cuda_h.py:27] end fused_group_bmm cost 14.433 ms
DEBUG 04-24 11:19:55.742826.742826 mlpmodule.py:3373] [fused_group_bmm][steps] bmm1=9.264 ms split=0.322 ms act_mul=0.472 ms bmm2=5.268 ms
DEBUG 04-24 11:19:55.742142.742142 cuda_h.py:27] end fused_group_bmm cost 15.910 ms
DEBUG 04-24 11:19:55.742697.742697 cuda_h.py:27] end gather_outputs_group_fused_mp cost 0.568 ms
DEBUG 04-24 11:19:55.743064.743064 cuda_h.py:27] end cpu_experts_worker_bmm_or_einsum_1 cost 19.560 ms
DEBUG 04-24 11:19:55.743793.743793 cuda_h.py:27] end gather_outputs_group_fused_mp cost 0.445 ms
DEBUG 04-24 11:19:55.743896.743896 cuda_h.py:27] end cpu_experts_worker_bmm_or_einsum_3 cost 21.005 ms
DEBUG 04-24 11:19:55.743182.743182 mlpmodule.py:3373] [fused_group_bmm][steps] bmm1=10.117 ms split=0.117 ms act_mul=0.386 ms bmm2=5.254 ms
DEBUG 04-24 11:19:55.744254.744254 cuda_h.py:27] end fused_group_bmm cost 16.450 ms
DEBUG 04-24 11:19:55.744900.744900 cuda_h.py:27] end gather_outputs_group_fused_mp cost 0.457 ms
DEBUG 04-24 11:19:55.745516.745516 cuda_h.py:27] end cpu_experts_worker_bmm_or_einsum_2 cost 21.565 ms
DEBUG 04-24 11:19:55.748462.748462 cuda_h.py:27] end prepare_per_device_parameters cost 16.079 ms
DEBUG 04-24 11:19:55.752443.752443 cuda_h.py:27] end wait_experts_multi_device cost 3.241 ms
DEBUG 04-24 11:19:55.752598.752598 cuda_h.py:27] end *before fused experts* cost 29.639 ms
DEBUG 04-24 11:19:55.757163.757163 cuda_h.py:27] end gpu_experts_multi_device_fused cost 4.590 ms
DEBUG 04-24 11:19:55.757550.757550 cuda_h.py:27] end *gpu experts* cost 34.345 ms
DEBUG 04-24 11:19:55.758096.758096 cuda_h.py:27] end cpu_experts_scatter_reduce cost 0.570 ms
DEBUG 04-24 11:19:55.758992.758992 cuda_h.py:27] end cpu_thread_manager_mp_wait_fused cost 1.699 ms
DEBUG 04-24 11:19:55.758326.758326 cuda_h.py:27] end layer_moe_generate_mp_multi_device_fused_l_19 cost 39.201 ms
DEBUG 04-24 11:19:55.759908.759908 cuda_h.py:27] end *mlp cost 39.980 ms
DEBUG 04-24 11:19:55.759699.759699 cuda_h.py:27] end prefill_layer cost 43.225 ms
DEBUG 04-24 11:19:55.759740.759740 lmp.py:341] -------------------------------- end prefill layer 18 --------------------------------
DEBUG 04-24 11:19:55.760578.760578 lmp.py:294] -------------------------------- start prefill layer 19 --------------------------------
DEBUG 04-24 11:19:55.760893.760893 cuda_h.py:27] end start_load_qkvogn_s_weight_l_20 cost 0.088 ms
DEBUG 04-24 11:19:55.761588.761588 cuda_h.py:27] end allocate_cuda_memory cost 0.366 ms
DEBUG 04-24 11:19:55.761436.761436 sllm_store_c.py:27] get device uuid map
DEBUG 04-24 11:19:55.761408.761408 sllm_store_c.py:29] call client load into gpu
DEBUG 04-24 11:19:55.762201.762201 cuda_h.py:27] end load_into_gpu_async cost 1.688 ms
DEBUG 04-24 11:19:55.762580.762580 cuda_h.py:27] end **self_attn cost 1.353 ms
DEBUG 04-24 11:19:55.763519.763519 cuda_h.py:27] end restore_tensors2 cost 0.094 ms
DEBUG 04-24 11:19:55.763481.763481 cuda_h.py:27] end allocate_cuda_memory_and_load_into_gpu cost 2.811 ms
DEBUG 04-24 11:19:55.766501.766501 cuda_h.py:27] end *iln_self_attn_paln cost 6.602 ms
DEBUG 04-24 11:19:55.767501.767501 cuda_h.py:27] end gate cost 0.525 ms
DEBUG 04-24 11:19:55.767421.767421 cuda_h.py:27] end experts_map_get cost 0.307 ms
DEBUG 04-24 11:19:55.767781.767781 cuda_h.py:27] end *before experts start* cost 0.986 ms
DEBUG 04-24 11:19:55.768729.768729 cuda_h.py:27] end cpu_experts_submit_fused_mp cost 0.214 ms
DEBUG 04-24 11:19:55.769953.769953 cuda_h.py:27] end *single cpu experts* cost 1.952 ms
DEBUG 04-24 11:19:55.770410.770410 cuda_h.py:27] end prepare_group_stack cost 0.439 ms
DEBUG 04-24 11:19:55.771251.771251 cuda_h.py:27] end prepare_group_stack cost 0.579 ms
DEBUG 04-24 11:19:55.771196.771196 cuda_h.py:27] end group stack cost 1.010 ms
DEBUG 04-24 11:19:55.771011.771011 cuda_h.py:27] end prepare_group_stack cost 0.526 ms
DEBUG 04-24 11:19:55.771947.771947 cuda_h.py:27] end move_flatidxs_group_fused_mp cost 1.659 ms
DEBUG 04-24 11:19:55.771006.771006 sllm_store_c.py:27] get device uuid map
DEBUG 04-24 11:19:55.771341.771341 cuda_h.py:27] end get_fused_experts_names_w cost 0.025 ms
DEBUG 04-24 11:19:55.771886.771886 sllm_store_c.py:29] call client load into gpu
DEBUG 04-24 11:19:55.771017.771017 cuda_h.py:27] end prepare_group_stack cost 0.699 ms
DEBUG 04-24 11:19:55.772819.772819 cuda_h.py:27] end restore_fused_tensors cost 0.497 ms
DEBUG 04-24 11:19:55.772722.772722 cuda_h.py:27] end group_fused_tensors_mp cost 0.942 ms
DEBUG 04-24 11:19:55.772709.772709 cuda_h.py:27] end group stack cost 1.141 ms
DEBUG 04-24 11:19:55.772512.772512 cuda_h.py:27] end move_flatidxs_group_fused_mp cost 2.037 ms
DEBUG 04-24 11:19:55.772016.772016 cuda_h.py:27] end group stack cost 1.493 ms
DEBUG 04-24 11:19:55.772502.772502 cuda_h.py:27] end get_fused_experts_names_w cost 0.028 ms
DEBUG 04-24 11:19:55.773477.773477 cuda_h.py:27] end move_flatidxs_group_fused_mp cost 2.636 ms
DEBUG 04-24 11:19:55.773554.773554 cuda_h.py:27] end get_fused_experts_names_w cost 0.039 ms
DEBUG 04-24 11:19:55.773531.773531 cuda_h.py:27] end load_into_gpu_async_fused_experts_dual cost 2.426 ms
DEBUG 04-24 11:19:55.773717.773717 cuda_h.py:27] end restore_fused_tensors cost 0.681 ms
DEBUG 04-24 11:19:55.773261.773261 cuda_h.py:27] end group stack cost 1.956 ms
DEBUG 04-24 11:19:55.774982.774982 cuda_h.py:27] end group_fused_tensors_mp cost 1.123 ms
DEBUG 04-24 11:19:55.774449.774449 cuda_h.py:27] end move_flatidxs_group_fused_mp cost 3.200 ms
DEBUG 04-24 11:19:55.774445.774445 cuda_h.py:27] end restore_tensors2_fused_experts_packed cost 0.080 ms
DEBUG 04-24 11:19:55.774350.774350 cuda_h.py:27] end get_fused_experts_names_w cost 0.036 ms
DEBUG 04-24 11:19:55.774113.774113 cuda_h.py:27] end restore_fused_tensors cost 1.227 ms
DEBUG 04-24 11:19:55.774266.774266 cuda_h.py:27] end restore2model cost 2.622 ms
DEBUG 04-24 11:19:55.775396.775396 cuda_h.py:27] end group_fused_tensors_mp cost 1.650 ms
DEBUG 04-24 11:19:55.774181.774181 cuda_h.py:27] end restore_tensors2_fused_experts_slices cost 0.522 ms
DEBUG 04-24 11:19:55.775497.775497 cuda_h.py:27] end sllm_worker_task cost 14.576 ms
DEBUG 04-24 11:19:55.775000.775000 cuda_h.py:27] end allocate_experts_cuda_memory_and_restore_model_multi_device_fused cost 5.458 ms
DEBUG 04-24 11:19:55.775016.775016 cuda_h.py:27] end gpu_sexperts cost 0.009 ms
DEBUG 04-24 11:19:55.775701.775701 cuda_h.py:27] end wait_load_qkvogn_s_weight cost 0.031 ms
DEBUG 04-24 11:19:55.776263.776263 cuda_h.py:27] end restore_fused_tensors cost 1.530 ms
DEBUG 04-24 11:19:55.776449.776449 cuda_h.py:27] end group_fused_tensors_mp cost 2.009 ms
DEBUG 04-24 11:19:55.787274.787274 mlpmodule.py:3373] [fused_group_bmm][steps] bmm1=7.000 ms split=0.239 ms act_mul=0.640 ms bmm2=3.839 ms
DEBUG 04-24 11:19:55.787998.787998 cuda_h.py:27] end fused_group_bmm cost 12.011 ms
DEBUG 04-24 11:19:55.787852.787852 cuda_h.py:27] end gather_outputs_group_fused_mp cost 0.544 ms
DEBUG 04-24 11:19:55.788732.788732 cuda_h.py:27] end cpu_experts_worker_bmm_or_einsum_0 cost 18.417 ms
DEBUG 04-24 11:19:55.790803.790803 mlpmodule.py:3373] [fused_group_bmm][steps] bmm1=12.002 ms split=0.259 ms act_mul=0.525 ms bmm2=5.075 ms
DEBUG 04-24 11:19:55.790547.790547 cuda_h.py:27] end fused_group_bmm cost 18.173 ms
DEBUG 04-24 11:19:55.791372.791372 cuda_h.py:27] end gather_outputs_group_fused_mp cost 0.452 ms
DEBUG 04-24 11:19:55.791044.791044 cuda_h.py:27] end cpu_experts_worker_bmm_or_einsum_3 cost 22.310 ms
DEBUG 04-24 11:19:55.792874.792874 mlpmodule.py:3373] [fused_group_bmm][steps] bmm1=9.610 ms split=0.173 ms act_mul=0.420 ms bmm2=5.373 ms
DEBUG 04-24 11:19:55.792808.792808 cuda_h.py:27] end fused_group_bmm cost 15.805 ms
DEBUG 04-24 11:19:55.792799.792799 cuda_h.py:27] end gather_outputs_group_fused_mp cost 0.478 ms
DEBUG 04-24 11:19:55.793722.793722 cuda_h.py:27] end cpu_experts_worker_bmm_or_einsum_1 cost 22.968 ms
DEBUG 04-24 11:19:55.793497.793497 cuda_h.py:27] end prepare_per_device_parameters cost 17.756 ms
DEBUG 04-24 11:19:55.794185.794185 mlpmodule.py:3373] [fused_group_bmm][steps] bmm1=15.845 ms split=0.175 ms act_mul=0.387 ms bmm2=3.710 ms
DEBUG 04-24 11:19:55.794589.794589 cuda_h.py:27] end fused_group_bmm cost 20.337 ms
DEBUG 04-24 11:19:55.794479.794479 cuda_h.py:27] end gather_outputs_group_fused_mp cost 0.433 ms
DEBUG 04-24 11:19:55.795340.795340 cuda_h.py:27] end wait_experts_multi_device cost 1.481 ms
DEBUG 04-24 11:19:55.795011.795011 cuda_h.py:27] end *before fused experts* cost 25.389 ms
DEBUG 04-24 11:19:55.795472.795472 cuda_h.py:27] end cpu_experts_worker_bmm_or_einsum_2 cost 25.297 ms
DEBUG 04-24 11:19:55.800339.800339 cuda_h.py:27] end gpu_experts_multi_device_fused cost 4.798 ms
DEBUG 04-24 11:19:55.800090.800090 cuda_h.py:27] end *gpu experts* cost 30.327 ms
DEBUG 04-24 11:19:55.802769.802769 cuda_h.py:27] end cpu_experts_scatter_reduce cost 0.648 ms
DEBUG 04-24 11:19:55.802679.802679 cuda_h.py:27] end cpu_thread_manager_mp_wait_fused cost 1.900 ms
DEBUG 04-24 11:19:55.802264.802264 cuda_h.py:27] end layer_moe_generate_mp_multi_device_fused_l_20 cost 35.401 ms
DEBUG 04-24 11:19:55.803731.803731 cuda_h.py:27] end *mlp cost 36.481 ms
DEBUG 04-24 11:19:55.803768.803768 cuda_h.py:27] end prefill_layer cost 43.474 ms
DEBUG 04-24 11:19:55.803200.803200 lmp.py:341] -------------------------------- end prefill layer 19 --------------------------------
DEBUG 04-24 11:19:55.803458.803458 lmp.py:294] -------------------------------- start prefill layer 20 --------------------------------
DEBUG 04-24 11:19:55.804009.804009 cuda_h.py:27] end start_load_qkvogn_s_weight_l_21 cost 0.061 ms
DEBUG 04-24 11:19:55.804253.804253 cuda_h.py:27] end allocate_cuda_memory cost 0.233 ms
DEBUG 04-24 11:19:55.804398.804398 sllm_store_c.py:27] get device uuid map
DEBUG 04-24 11:19:55.804393.804393 sllm_store_c.py:29] call client load into gpu
DEBUG 04-24 11:19:55.806928.806928 cuda_h.py:27] end load_into_gpu_async cost 1.410 ms
DEBUG 04-24 11:19:55.806060.806060 cuda_h.py:27] end restore_tensors2 cost 0.106 ms
DEBUG 04-24 11:19:55.806113.806113 cuda_h.py:27] end allocate_cuda_memory_and_load_into_gpu cost 2.268 ms
DEBUG 04-24 11:19:55.806029.806029 cuda_h.py:27] end **self_attn cost 1.813 ms
DEBUG 04-24 11:19:55.807442.807442 cuda_h.py:27] end *iln_self_attn_paln cost 3.131 ms
DEBUG 04-24 11:19:55.807989.807989 cuda_h.py:27] end gate cost 0.570 ms
DEBUG 04-24 11:19:55.808120.808120 cuda_h.py:27] end experts_map_get cost 0.290 ms
DEBUG 04-24 11:19:55.808765.808765 cuda_h.py:27] end *before experts start* cost 1.012 ms
DEBUG 04-24 11:19:55.808561.808561 cuda_h.py:27] end cpu_experts_submit_fused_mp cost 0.208 ms
DEBUG 04-24 11:19:55.809561.809561 cuda_h.py:27] end *single cpu experts* cost 1.393 ms
DEBUG 04-24 11:19:55.810995.810995 cuda_h.py:27] end prepare_group_stack cost 0.407 ms
DEBUG 04-24 11:19:55.811426.811426 cuda_h.py:27] end group stack cost 0.520 ms
DEBUG 04-24 11:19:55.811376.811376 cuda_h.py:27] end move_flatidxs_group_fused_mp cost 1.126 ms
DEBUG 04-24 11:19:55.811273.811273 cuda_h.py:27] end get_fused_experts_names_w cost 0.021 ms
DEBUG 04-24 11:19:55.812433.812433 cuda_h.py:27] end prepare_group_stack cost 0.404 ms
DEBUG 04-24 11:19:55.812093.812093 cuda_h.py:27] end prepare_group_stack cost 0.456 ms
DEBUG 04-24 11:19:55.812722.812722 cuda_h.py:27] end prepare_group_stack cost 0.483 ms
DEBUG 04-24 11:19:55.812148.812148 sllm_store_c.py:27] get device uuid map
DEBUG 04-24 11:19:55.812794.812794 cuda_h.py:27] end restore_fused_tensors cost 0.559 ms
DEBUG 04-24 11:19:55.812216.812216 cuda_h.py:27] end group_fused_tensors_mp cost 0.895 ms
DEBUG 04-24 11:19:55.812845.812845 sllm_store_c.py:29] call client load into gpu
DEBUG 04-24 11:19:55.813761.813761 cuda_h.py:27] end group stack cost 0.823 ms
DEBUG 04-24 11:19:55.813076.813076 cuda_h.py:27] end move_flatidxs_group_fused_mp cost 1.419 ms
DEBUG 04-24 11:19:55.813594.813594 cuda_h.py:27] end get_fused_experts_names_w cost 0.022 ms
DEBUG 04-24 11:19:55.813234.813234 cuda_h.py:27] end group stack cost 0.788 ms
DEBUG 04-24 11:19:55.813327.813327 cuda_h.py:27] end move_flatidxs_group_fused_mp cost 1.739 ms
DEBUG 04-24 11:19:55.813270.813270 cuda_h.py:27] end get_fused_experts_names_w cost 0.022 ms
DEBUG 04-24 11:19:55.813252.813252 cuda_h.py:27] end group stack cost 1.092 ms
DEBUG 04-24 11:19:55.813021.813021 cuda_h.py:27] end move_flatidxs_group_fused_mp cost 2.091 ms
DEBUG 04-24 11:19:55.813069.813069 cuda_h.py:27] end restore_fused_tensors cost 0.446 ms
DEBUG 04-24 11:19:55.814817.814817 cuda_h.py:27] end group_fused_tensors_mp cost 0.926 ms
DEBUG 04-24 11:19:55.814460.814460 cuda_h.py:27] end get_fused_experts_names_w cost 0.024 ms
DEBUG 04-24 11:19:55.814129.814129 cuda_h.py:27] end restore_fused_tensors cost 0.520 ms
DEBUG 04-24 11:19:55.814675.814675 cuda_h.py:27] end group_fused_tensors_mp cost 0.850 ms
DEBUG 04-24 11:19:55.814174.814174 cuda_h.py:27] end load_into_gpu_async_fused_experts_dual cost 2.339 ms
DEBUG 04-24 11:19:55.814922.814922 cuda_h.py:27] end restore_fused_tensors cost 0.702 ms
DEBUG 04-24 11:19:55.815258.815258 cuda_h.py:27] end group_fused_tensors_mp cost 0.931 ms
DEBUG 04-24 11:19:55.815488.815488 cuda_h.py:27] end restore2model cost 1.248 ms
DEBUG 04-24 11:19:55.815672.815672 cuda_h.py:27] end restore_tensors2_fused_experts_packed cost 0.077 ms
DEBUG 04-24 11:19:55.815220.815220 cuda_h.py:27] end sllm_worker_task cost 11.191 ms
DEBUG 04-24 11:19:55.816194.816194 cuda_h.py:27] end restore_tensors2_fused_experts_slices cost 0.658 ms
DEBUG 04-24 11:19:55.817337.817337 cuda_h.py:27] end allocate_experts_cuda_memory_and_restore_model_multi_device_fused cost 7.245 ms
DEBUG 04-24 11:19:55.817600.817600 cuda_h.py:27] end gpu_sexperts cost 0.024 ms
DEBUG 04-24 11:19:55.817017.817017 cuda_h.py:27] end wait_load_qkvogn_s_weight cost 0.059 ms
DEBUG 04-24 11:19:55.821910.821910 mlpmodule.py:3373] [fused_group_bmm][steps] bmm1=4.088 ms split=0.232 ms act_mul=0.470 ms bmm2=3.369 ms
DEBUG 04-24 11:19:55.821626.821626 cuda_h.py:27] end fused_group_bmm cost 8.653 ms
DEBUG 04-24 11:19:55.822769.822769 cuda_h.py:27] end gather_outputs_group_fused_mp cost 0.652 ms
DEBUG 04-24 11:19:55.822325.822325 cuda_h.py:27] end cpu_experts_worker_bmm_or_einsum_0 cost 13.236 ms
DEBUG 04-24 11:19:55.826190.826190 mlpmodule.py:3373] [fused_group_bmm][steps] bmm1=7.546 ms split=0.103 ms act_mul=0.371 ms bmm2=3.425 ms
DEBUG 04-24 11:19:55.827834.827834 cuda_h.py:27] end fused_group_bmm cost 11.707 ms
DEBUG 04-24 11:19:55.827413.827413 mlpmodule.py:3373] [fused_group_bmm][steps] bmm1=7.842 ms split=0.137 ms act_mul=0.321 ms bmm2=4.628 ms
DEBUG 04-24 11:19:55.827076.827076 cuda_h.py:27] end fused_group_bmm cost 13.376 ms
DEBUG 04-24 11:19:55.827657.827657 mlpmodule.py:3373] [fused_group_bmm][steps] bmm1=8.045 ms split=0.121 ms act_mul=0.301 ms bmm2=4.885 ms
DEBUG 04-24 11:19:55.828079.828079 cuda_h.py:27] end gather_outputs_group_fused_mp cost 0.518 ms
DEBUG 04-24 11:19:55.828119.828119 cuda_h.py:27] end gather_outputs_group_fused_mp cost 0.435 ms
DEBUG 04-24 11:19:55.828650.828650 cuda_h.py:27] end fused_group_bmm cost 13.591 ms
DEBUG 04-24 11:19:55.828168.828168 cuda_h.py:27] end cpu_experts_worker_bmm_or_einsum_1 cost 18.019 ms
DEBUG 04-24 11:19:55.828347.828347 cuda_h.py:27] end cpu_experts_worker_bmm_or_einsum_3 cost 18.089 ms
DEBUG 04-24 11:19:55.828669.828669 cuda_h.py:27] end gather_outputs_group_fused_mp cost 0.442 ms
DEBUG 04-24 11:19:55.829397.829397 cuda_h.py:27] end cpu_experts_worker_bmm_or_einsum_2 cost 18.959 ms
DEBUG 04-24 11:19:55.833493.833493 cuda_h.py:27] end prepare_per_device_parameters cost 15.991 ms
DEBUG 04-24 11:19:55.835285.835285 cuda_h.py:27] end wait_experts_multi_device cost 1.352 ms
DEBUG 04-24 11:19:55.835148.835148 cuda_h.py:27] end *before fused experts* cost 25.565 ms
DEBUG 04-24 11:19:55.840599.840599 cuda_h.py:27] end gpu_experts_multi_device_fused cost 5.134 ms
DEBUG 04-24 11:19:55.840397.840397 cuda_h.py:27] end *gpu experts* cost 30.839 ms
DEBUG 04-24 11:19:55.842244.842244 cuda_h.py:27] end cpu_experts_scatter_reduce cost 0.569 ms
DEBUG 04-24 11:19:55.842472.842472 cuda_h.py:27] end cpu_thread_manager_mp_wait_fused cost 1.978 ms
DEBUG 04-24 11:19:55.842256.842256 cuda_h.py:27] end layer_moe_generate_mp_multi_device_fused_l_21 cost 35.469 ms
DEBUG 04-24 11:19:55.843411.843411 cuda_h.py:27] end *mlp cost 36.144 ms
DEBUG 04-24 11:19:55.843692.843692 cuda_h.py:27] end prefill_layer cost 39.603 ms
DEBUG 04-24 11:19:55.843679.843679 lmp.py:341] -------------------------------- end prefill layer 20 --------------------------------
DEBUG 04-24 11:19:55.843567.843567 lmp.py:294] -------------------------------- start prefill layer 21 --------------------------------
DEBUG 04-24 11:19:55.843729.843729 cuda_h.py:27] end start_load_qkvogn_s_weight_l_22 cost 0.051 ms
DEBUG 04-24 11:19:55.843251.843251 cuda_h.py:27] end allocate_cuda_memory cost 0.177 ms
DEBUG 04-24 11:19:55.844901.844901 sllm_store_c.py:27] get device uuid map
DEBUG 04-24 11:19:55.844125.844125 sllm_store_c.py:29] call client load into gpu
DEBUG 04-24 11:19:55.845008.845008 cuda_h.py:27] end **self_attn cost 1.419 ms
DEBUG 04-24 11:19:55.846641.846641 cuda_h.py:27] end *iln_self_attn_paln cost 2.556 ms
DEBUG 04-24 11:19:55.846220.846220 cuda_h.py:27] end load_into_gpu_async cost 2.024 ms
DEBUG 04-24 11:19:55.846383.846383 cuda_h.py:27] end restore_tensors2 cost 0.087 ms
DEBUG 04-24 11:19:55.846322.846322 cuda_h.py:27] end allocate_cuda_memory_and_load_into_gpu cost 2.976 ms
DEBUG 04-24 11:19:55.847621.847621 cuda_h.py:27] end gate cost 0.775 ms
DEBUG 04-24 11:19:55.847561.847561 cuda_h.py:27] end experts_map_get cost 0.288 ms
DEBUG 04-24 11:19:55.847775.847775 cuda_h.py:27] end *before experts start* cost 1.215 ms
DEBUG 04-24 11:19:55.847273.847273 cuda_h.py:27] end cpu_experts_submit_fused_mp cost 0.234 ms
DEBUG 04-24 11:19:55.849882.849882 cuda_h.py:27] end *single cpu experts* cost 1.801 ms
DEBUG 04-24 11:19:55.850159.850159 cuda_h.py:27] end prepare_group_stack cost 0.415 ms
DEBUG 04-24 11:19:55.851415.851415 cuda_h.py:27] end group stack cost 0.622 ms
DEBUG 04-24 11:19:55.851683.851683 cuda_h.py:27] end move_flatidxs_group_fused_mp cost 1.242 ms
DEBUG 04-24 11:19:55.851924.851924 cuda_h.py:27] end get_fused_experts_names_w cost 0.025 ms
DEBUG 04-24 11:19:55.851593.851593 cuda_h.py:27] end prepare_group_stack cost 0.461 ms
DEBUG 04-24 11:19:55.851216.851216 cuda_h.py:27] end prepare_group_stack cost 0.447 ms
DEBUG 04-24 11:19:55.851246.851246 cuda_h.py:27] end prepare_group_stack cost 0.483 ms
DEBUG 04-24 11:19:55.851843.851843 sllm_store_c.py:27] get device uuid map
DEBUG 04-24 11:19:55.851219.851219 sllm_store_c.py:29] call client load into gpu
DEBUG 04-24 11:19:55.851629.851629 cuda_h.py:27] end restore_fused_tensors cost 0.654 ms
DEBUG 04-24 11:19:55.851856.851856 cuda_h.py:27] end group_fused_tensors_mp cost 0.787 ms
DEBUG 04-24 11:19:55.852307.852307 cuda_h.py:27] end group stack cost 0.854 ms
DEBUG 04-24 11:19:55.852158.852158 cuda_h.py:27] end move_flatidxs_group_fused_mp cost 1.526 ms
DEBUG 04-24 11:19:55.852941.852941 cuda_h.py:27] end group stack cost 0.994 ms
DEBUG 04-24 11:19:55.852925.852925 cuda_h.py:27] end get_fused_experts_names_w cost 0.020 ms
DEBUG 04-24 11:19:55.852806.852806 cuda_h.py:27] end move_flatidxs_group_fused_mp cost 1.880 ms
DEBUG 04-24 11:19:55.852669.852669 cuda_h.py:27] end get_fused_experts_names_w cost 0.023 ms
DEBUG 04-24 11:19:55.853157.853157 cuda_h.py:27] end group stack cost 1.327 ms
DEBUG 04-24 11:19:55.853467.853467 cuda_h.py:27] end move_flatidxs_group_fused_mp cost 2.356 ms
DEBUG 04-24 11:19:55.853212.853212 cuda_h.py:27] end restore_fused_tensors cost 0.621 ms
DEBUG 04-24 11:19:55.853201.853201 cuda_h.py:27] end group_fused_tensors_mp cost 0.965 ms
DEBUG 04-24 11:19:55.853388.853388 cuda_h.py:27] end restore_fused_tensors cost 0.572 ms
DEBUG 04-24 11:19:55.853527.853527 cuda_h.py:27] end get_fused_experts_names_w cost 0.034 ms
DEBUG 04-24 11:19:55.853946.853946 cuda_h.py:27] end group_fused_tensors_mp cost 0.967 ms
DEBUG 04-24 11:19:55.854373.854373 cuda_h.py:27] end restore2model cost 0.853 ms
DEBUG 04-24 11:19:55.854681.854681 cuda_h.py:27] end sllm_worker_task cost 10.720 ms
DEBUG 04-24 11:19:55.854849.854849 cuda_h.py:27] end load_into_gpu_async_fused_experts_dual cost 2.743 ms
DEBUG 04-24 11:19:55.854016.854016 cuda_h.py:27] end restore_fused_tensors cost 0.875 ms
DEBUG 04-24 11:19:55.854311.854311 cuda_h.py:27] end group_fused_tensors_mp cost 1.109 ms
DEBUG 04-24 11:19:55.854069.854069 cuda_h.py:27] end restore_tensors2_fused_experts_packed cost 0.114 ms
DEBUG 04-24 11:19:55.855449.855449 cuda_h.py:27] end restore_tensors2_fused_experts_slices cost 0.933 ms
DEBUG 04-24 11:19:55.856124.856124 cuda_h.py:27] end allocate_experts_cuda_memory_and_restore_model_multi_device_fused cost 6.939 ms
DEBUG 04-24 11:19:55.856521.856521 cuda_h.py:27] end gpu_sexperts cost 0.019 ms
DEBUG 04-24 11:19:55.856348.856348 cuda_h.py:27] end wait_load_qkvogn_s_weight cost 0.061 ms
DEBUG 04-24 11:19:55.863518.863518 mlpmodule.py:3373] [fused_group_bmm][steps] bmm1=6.495 ms split=0.207 ms act_mul=0.552 ms bmm2=3.860 ms
DEBUG 04-24 11:19:55.863494.863494 cuda_h.py:27] end fused_group_bmm cost 11.408 ms
DEBUG 04-24 11:19:55.864854.864854 cuda_h.py:27] end gather_outputs_group_fused_mp cost 0.795 ms
DEBUG 04-24 11:19:55.865019.865019 cuda_h.py:27] end cpu_experts_worker_bmm_or_einsum_0 cost 16.420 ms
DEBUG 04-24 11:19:55.866429.866429 mlpmodule.py:3373] [fused_group_bmm][steps] bmm1=7.668 ms split=0.172 ms act_mul=0.433 ms bmm2=4.298 ms
DEBUG 04-24 11:19:55.866769.866769 cuda_h.py:27] end fused_group_bmm cost 12.854 ms
DEBUG 04-24 11:19:55.867954.867954 cuda_h.py:27] end gather_outputs_group_fused_mp cost 0.542 ms
DEBUG 04-24 11:19:55.867257.867257 cuda_h.py:27] end cpu_experts_worker_bmm_or_einsum_1 cost 18.041 ms
DEBUG 04-24 11:19:55.867887.867887 mlpmodule.py:3373] [fused_group_bmm][steps] bmm1=8.839 ms split=0.136 ms act_mul=0.340 ms bmm2=4.591 ms
DEBUG 04-24 11:19:55.868722.868722 cuda_h.py:27] end fused_group_bmm cost 14.341 ms
DEBUG 04-24 11:19:55.868978.868978 mlpmodule.py:3373] [fused_group_bmm][steps] bmm1=8.670 ms split=0.202 ms act_mul=0.415 ms bmm2=4.059 ms
DEBUG 04-24 11:19:55.868895.868895 cuda_h.py:27] end fused_group_bmm cost 13.668 ms
DEBUG 04-24 11:19:55.868585.868585 cuda_h.py:27] end gather_outputs_group_fused_mp cost 0.411 ms
DEBUG 04-24 11:19:55.869001.869001 cuda_h.py:27] end gather_outputs_group_fused_mp cost 0.428 ms
DEBUG 04-24 11:19:55.869196.869196 cuda_h.py:27] end cpu_experts_worker_bmm_or_einsum_2 cost 19.784 ms
DEBUG 04-24 11:19:55.869667.869667 cuda_h.py:27] end cpu_experts_worker_bmm_or_einsum_3 cost 19.905 ms
DEBUG 04-24 11:19:55.871869.871869 cuda_h.py:27] end prepare_per_device_parameters cost 14.628 ms
DEBUG 04-24 11:19:55.873188.873188 cuda_h.py:27] end wait_experts_multi_device cost 1.292 ms
DEBUG 04-24 11:19:55.873528.873528 cuda_h.py:27] end *before fused experts* cost 23.973 ms
DEBUG 04-24 11:19:55.878623.878623 cuda_h.py:27] end gpu_experts_multi_device_fused cost 4.766 ms
DEBUG 04-24 11:19:55.878030.878030 cuda_h.py:27] end *gpu experts* cost 28.871 ms
DEBUG 04-24 11:19:55.880503.880503 cuda_h.py:27] end cpu_experts_scatter_reduce cost 0.668 ms
DEBUG 04-24 11:19:55.880790.880790 cuda_h.py:27] end cpu_thread_manager_mp_wait_fused cost 1.886 ms
DEBUG 04-24 11:19:55.880508.880508 cuda_h.py:27] end layer_moe_generate_mp_multi_device_fused_l_22 cost 33.988 ms
DEBUG 04-24 11:19:55.881937.881937 cuda_h.py:27] end *mlp cost 34.934 ms
DEBUG 04-24 11:19:55.881073.881073 cuda_h.py:27] end prefill_layer cost 37.835 ms
DEBUG 04-24 11:19:55.881167.881167 lmp.py:341] -------------------------------- end prefill layer 21 --------------------------------
DEBUG 04-24 11:19:55.881207.881207 lmp.py:294] -------------------------------- start prefill layer 22 --------------------------------
DEBUG 04-24 11:19:55.881489.881489 cuda_h.py:27] end start_load_qkvogn_s_weight_l_23 cost 0.061 ms
DEBUG 04-24 11:19:55.881872.881872 cuda_h.py:27] end allocate_cuda_memory cost 0.247 ms
DEBUG 04-24 11:19:55.882950.882950 sllm_store_c.py:27] get device uuid map
DEBUG 04-24 11:19:55.882367.882367 sllm_store_c.py:29] call client load into gpu
DEBUG 04-24 11:19:55.883644.883644 cuda_h.py:27] end **self_attn cost 1.453 ms
DEBUG 04-24 11:19:55.883980.883980 cuda_h.py:27] end load_into_gpu_async cost 1.882 ms
DEBUG 04-24 11:19:55.884080.884080 cuda_h.py:27] end *iln_self_attn_paln cost 2.681 ms
DEBUG 04-24 11:19:55.884438.884438 cuda_h.py:27] end restore_tensors2 cost 0.089 ms
DEBUG 04-24 11:19:55.884462.884462 cuda_h.py:27] end allocate_cuda_memory_and_load_into_gpu cost 3.087 ms
DEBUG 04-24 11:19:55.885427.885427 cuda_h.py:27] end gate cost 0.696 ms
DEBUG 04-24 11:19:55.885519.885519 cuda_h.py:27] end experts_map_get cost 0.293 ms
DEBUG 04-24 11:19:55.885925.885925 cuda_h.py:27] end *before experts start* cost 1.145 ms
DEBUG 04-24 11:19:55.885568.885568 cuda_h.py:27] end cpu_experts_submit_fused_mp cost 0.200 ms
DEBUG 04-24 11:19:55.887634.887634 cuda_h.py:27] end *single cpu experts* cost 1.366 ms
DEBUG 04-24 11:19:55.888111.888111 sllm_store_c.py:27] get device uuid map
DEBUG 04-24 11:19:55.888690.888690 sllm_store_c.py:29] call client load into gpu
DEBUG 04-24 11:19:55.889984.889984 cuda_h.py:27] end prepare_group_stack cost 0.499 ms
DEBUG 04-24 11:19:55.889526.889526 cuda_h.py:27] end prepare_group_stack cost 0.483 ms
DEBUG 04-24 11:19:55.889256.889256 cuda_h.py:27] end prepare_group_stack cost 0.476 ms
DEBUG 04-24 11:19:55.889584.889584 cuda_h.py:27] end prepare_group_stack cost 0.498 ms
DEBUG 04-24 11:19:55.890316.890316 cuda_h.py:27] end group stack cost 0.767 ms
DEBUG 04-24 11:19:55.890164.890164 cuda_h.py:27] end group stack cost 0.711 ms
DEBUG 04-24 11:19:55.890503.890503 cuda_h.py:27] end group stack cost 0.733 ms
DEBUG 04-24 11:19:55.890438.890438 cuda_h.py:27] end move_flatidxs_group_fused_mp cost 1.620 ms
DEBUG 04-24 11:19:55.890075.890075 cuda_h.py:27] end move_flatidxs_group_fused_mp cost 1.597 ms
DEBUG 04-24 11:19:55.890831.890831 cuda_h.py:27] end move_flatidxs_group_fused_mp cost 1.559 ms
DEBUG 04-24 11:19:55.890076.890076 cuda_h.py:27] end get_fused_experts_names_w cost 0.021 ms
DEBUG 04-24 11:19:55.890959.890959 cuda_h.py:27] end group stack cost 1.134 ms
DEBUG 04-24 11:19:55.890328.890328 cuda_h.py:27] end get_fused_experts_names_w cost 0.019 ms
DEBUG 04-24 11:19:55.890276.890276 cuda_h.py:27] end get_fused_experts_names_w cost 0.032 ms
DEBUG 04-24 11:19:55.890969.890969 cuda_h.py:27] end move_flatidxs_group_fused_mp cost 2.068 ms
DEBUG 04-24 11:19:55.890385.890385 cuda_h.py:27] end get_fused_experts_names_w cost 0.024 ms
DEBUG 04-24 11:19:55.891734.891734 cuda_h.py:27] end restore_fused_tensors cost 0.519 ms
DEBUG 04-24 11:19:55.891536.891536 cuda_h.py:27] end restore_fused_tensors cost 0.566 ms
DEBUG 04-24 11:19:55.891047.891047 cuda_h.py:27] end group_fused_tensors_mp cost 0.727 ms
DEBUG 04-24 11:19:55.891675.891675 cuda_h.py:27] end group_fused_tensors_mp cost 0.886 ms
DEBUG 04-24 11:19:55.891364.891364 cuda_h.py:27] end restore_fused_tensors cost 0.724 ms
DEBUG 04-24 11:19:55.891699.891699 cuda_h.py:27] end restore_fused_tensors cost 0.517 ms
DEBUG 04-24 11:19:55.891065.891065 cuda_h.py:27] end group_fused_tensors_mp cost 1.041 ms
DEBUG 04-24 11:19:55.891409.891409 cuda_h.py:27] end group_fused_tensors_mp cost 0.749 ms
DEBUG 04-24 11:19:55.898410.898410 cuda_h.py:27] end restore2model cost 1.224 ms
DEBUG 04-24 11:19:55.898477.898477 cuda_h.py:27] end sllm_worker_task cost 17.004 ms
DEBUG 04-24 11:19:55.898344.898344 cuda_h.py:27] end load_into_gpu_async_fused_experts_dual cost 9.921 ms
DEBUG 04-24 11:19:55.899447.899447 cuda_h.py:27] end restore_tensors2_fused_experts_packed cost 0.125 ms
DEBUG 04-24 11:19:55.899298.899298 cuda_h.py:27] end restore_tensors2_fused_experts_slices cost 0.389 ms
DEBUG 04-24 11:19:55.899710.899710 cuda_h.py:27] end allocate_experts_cuda_memory_and_restore_model_multi_device_fused cost 12.688 ms
DEBUG 04-24 11:19:55.899749.899749 cuda_h.py:27] end gpu_sexperts cost 0.010 ms
DEBUG 04-24 11:19:55.900275.900275 cuda_h.py:27] end wait_load_qkvogn_s_weight cost 0.021 ms
DEBUG 04-24 11:19:55.902942.902942 mlpmodule.py:3373] [fused_group_bmm][steps] bmm1=6.646 ms split=0.103 ms act_mul=0.281 ms bmm2=3.324 ms
DEBUG 04-24 11:19:55.902511.902511 cuda_h.py:27] end fused_group_bmm cost 10.821 ms
DEBUG 04-24 11:19:55.903027.903027 mlpmodule.py:3373] [fused_group_bmm][steps] bmm1=6.454 ms split=0.121 ms act_mul=0.637 ms bmm2=3.865 ms
DEBUG 04-24 11:19:55.903424.903424 cuda_h.py:27] end gather_outputs_group_fused_mp cost 0.719 ms
DEBUG 04-24 11:19:55.903942.903942 cuda_h.py:27] end fused_group_bmm cost 11.599 ms
DEBUG 04-24 11:19:55.904973.904973 cuda_h.py:27] end cpu_experts_worker_bmm_or_einsum_3 cost 16.246 ms
DEBUG 04-24 11:19:55.904067.904067 mlpmodule.py:3373] [fused_group_bmm][steps] bmm1=7.658 ms split=0.089 ms act_mul=0.339 ms bmm2=4.518 ms
DEBUG 04-24 11:19:55.904646.904646 cuda_h.py:27] end fused_group_bmm cost 12.922 ms
DEBUG 04-24 11:19:55.904355.904355 cuda_h.py:27] end gather_outputs_group_fused_mp cost 0.505 ms
DEBUG 04-24 11:19:55.904189.904189 cuda_h.py:27] end gather_outputs_group_fused_mp cost 0.380 ms
DEBUG 04-24 11:19:55.904162.904162 mlpmodule.py:3373] [fused_group_bmm][steps] bmm1=7.571 ms split=0.100 ms act_mul=0.304 ms bmm2=5.435 ms
DEBUG 04-24 11:19:55.905055.905055 cuda_h.py:27] end cpu_experts_worker_bmm_or_einsum_0 cost 17.165 ms
DEBUG 04-24 11:19:55.905738.905738 cuda_h.py:27] end fused_group_bmm cost 13.830 ms
DEBUG 04-24 11:19:55.905589.905589 cuda_h.py:27] end cpu_experts_worker_bmm_or_einsum_1 cost 17.633 ms
DEBUG 04-24 11:19:55.905705.905705 cuda_h.py:27] end gather_outputs_group_fused_mp cost 0.415 ms
DEBUG 04-24 11:19:55.906122.906122 cuda_h.py:27] end cpu_experts_worker_bmm_or_einsum_2 cost 18.745 ms
DEBUG 04-24 11:19:55.913422.913422 cuda_h.py:27] end prepare_per_device_parameters cost 12.958 ms
DEBUG 04-24 11:19:55.915956.915956 cuda_h.py:27] end wait_experts_multi_device cost 1.767 ms
DEBUG 04-24 11:19:55.915342.915342 cuda_h.py:27] end *before fused experts* cost 28.015 ms
DEBUG 04-24 11:19:55.919907.919907 cuda_h.py:27] end gpu_experts_multi_device_fused cost 4.554 ms
DEBUG 04-24 11:19:55.919400.919400 cuda_h.py:27] end *gpu experts* cost 32.691 ms
DEBUG 04-24 11:19:55.921149.921149 cuda_h.py:27] end cpu_experts_scatter_reduce cost 0.520 ms
DEBUG 04-24 11:19:55.921906.921906 cuda_h.py:27] end cpu_thread_manager_mp_wait_fused cost 1.847 ms
DEBUG 04-24 11:19:55.921856.921856 cuda_h.py:27] end layer_moe_generate_mp_multi_device_fused_l_23 cost 37.260 ms
DEBUG 04-24 11:19:55.922768.922768 cuda_h.py:27] end *mlp cost 38.001 ms
DEBUG 04-24 11:19:55.922717.922717 cuda_h.py:27] end prefill_layer cost 41.141 ms
DEBUG 04-24 11:19:55.922851.922851 lmp.py:341] -------------------------------- end prefill layer 22 --------------------------------
DEBUG 04-24 11:19:55.922408.922408 lmp.py:294] -------------------------------- start prefill layer 23 --------------------------------
DEBUG 04-24 11:19:55.922398.922398 cuda_h.py:27] end start_load_qkvogn_s_weight_l_24 cost 0.061 ms
DEBUG 04-24 11:19:55.923503.923503 cuda_h.py:27] end allocate_cuda_memory cost 0.208 ms
DEBUG 04-24 11:19:55.923389.923389 sllm_store_c.py:27] get device uuid map
DEBUG 04-24 11:19:55.923673.923673 sllm_store_c.py:29] call client load into gpu
DEBUG 04-24 11:19:55.925471.925471 cuda_h.py:27] end load_into_gpu_async cost 1.852 ms
DEBUG 04-24 11:19:55.925973.925973 cuda_h.py:27] end restore_tensors2 cost 0.089 ms
DEBUG 04-24 11:19:55.925249.925249 cuda_h.py:27] end **self_attn cost 1.882 ms
DEBUG 04-24 11:19:55.925890.925890 cuda_h.py:27] end allocate_cuda_memory_and_load_into_gpu cost 2.724 ms
DEBUG 04-24 11:19:55.926397.926397 cuda_h.py:27] end *iln_self_attn_paln cost 3.404 ms
DEBUG 04-24 11:19:55.926887.926887 cuda_h.py:27] end gate cost 0.532 ms
DEBUG 04-24 11:19:55.927477.927477 cuda_h.py:27] end experts_map_get cost 0.307 ms
DEBUG 04-24 11:19:55.927360.927360 cuda_h.py:27] end *before experts start* cost 0.996 ms
DEBUG 04-24 11:19:55.927017.927017 cuda_h.py:27] end cpu_experts_submit_fused_mp cost 0.211 ms
DEBUG 04-24 11:19:55.928350.928350 cuda_h.py:27] end *single cpu experts* cost 1.469 ms
DEBUG 04-24 11:19:55.930193.930193 cuda_h.py:27] end prepare_group_stack cost 0.455 ms
DEBUG 04-24 11:19:55.930524.930524 cuda_h.py:27] end prepare_group_stack cost 0.493 ms
DEBUG 04-24 11:19:55.931293.931293 cuda_h.py:27] end group stack cost 0.719 ms
DEBUG 04-24 11:19:55.931619.931619 cuda_h.py:27] end group stack cost 0.737 ms
DEBUG 04-24 11:19:55.931191.931191 cuda_h.py:27] end move_flatidxs_group_fused_mp cost 1.384 ms
DEBUG 04-24 11:19:55.931794.931794 cuda_h.py:27] end move_flatidxs_group_fused_mp cost 1.453 ms
DEBUG 04-24 11:19:55.931745.931745 cuda_h.py:27] end prepare_group_stack cost 0.478 ms
DEBUG 04-24 11:19:55.931833.931833 cuda_h.py:27] end prepare_group_stack cost 0.478 ms
DEBUG 04-24 11:19:55.931414.931414 cuda_h.py:27] end get_fused_experts_names_w cost 0.023 ms
DEBUG 04-24 11:19:55.931858.931858 cuda_h.py:27] end get_fused_experts_names_w cost 0.021 ms
DEBUG 04-24 11:19:55.931256.931256 sllm_store_c.py:27] get device uuid map
DEBUG 04-24 11:19:55.931031.931031 sllm_store_c.py:29] call client load into gpu
DEBUG 04-24 11:19:55.932984.932984 cuda_h.py:27] end restore_fused_tensors cost 0.591 ms
DEBUG 04-24 11:19:55.932748.932748 cuda_h.py:27] end group_fused_tensors_mp cost 0.891 ms
DEBUG 04-24 11:19:55.932489.932489 cuda_h.py:27] end group stack cost 0.851 ms
DEBUG 04-24 11:19:55.932775.932775 cuda_h.py:27] end restore_fused_tensors cost 0.696 ms
DEBUG 04-24 11:19:55.932831.932831 cuda_h.py:27] end group_fused_tensors_mp cost 1.003 ms
DEBUG 04-24 11:19:55.932784.932784 cuda_h.py:27] end move_flatidxs_group_fused_mp cost 1.679 ms
DEBUG 04-24 11:19:55.932655.932655 cuda_h.py:27] end get_fused_experts_names_w cost 0.024 ms
DEBUG 04-24 11:19:55.932604.932604 cuda_h.py:27] end group stack cost 1.081 ms
DEBUG 04-24 11:19:55.932667.932667 cuda_h.py:27] end move_flatidxs_group_fused_mp cost 1.895 ms
DEBUG 04-24 11:19:55.932872.932872 cuda_h.py:27] end get_fused_experts_names_w cost 0.025 ms
DEBUG 04-24 11:19:55.933525.933525 cuda_h.py:27] end restore_fused_tensors cost 0.634 ms
DEBUG 04-24 11:19:55.933852.933852 cuda_h.py:27] end group_fused_tensors_mp cost 0.770 ms
DEBUG 04-24 11:19:55.933154.933154 cuda_h.py:27] end restore_fused_tensors cost 0.568 ms
DEBUG 04-24 11:19:55.933355.933355 cuda_h.py:27] end group_fused_tensors_mp cost 0.807 ms
DEBUG 04-24 11:19:55.935161.935161 cuda_h.py:27] end load_into_gpu_async_fused_experts_dual cost 3.570 ms
DEBUG 04-24 11:19:55.936841.936841 cuda_h.py:27] end restore_tensors2_fused_experts_packed cost 0.345 ms
DEBUG 04-24 11:19:55.937746.937746 cuda_h.py:27] end restore_tensors2_fused_experts_slices cost 0.654 ms
DEBUG 04-24 11:19:55.937630.937630 cuda_h.py:27] end restore2model cost 5.089 ms
DEBUG 04-24 11:19:55.938392.938392 cuda_h.py:27] end allocate_experts_cuda_memory_and_restore_model_multi_device_fused cost 9.457 ms
DEBUG 04-24 11:19:55.938224.938224 cuda_h.py:27] end sllm_worker_task cost 15.470 ms
DEBUG 04-24 11:19:55.938222.938222 cuda_h.py:27] end gpu_sexperts cost 0.016 ms
DEBUG 04-24 11:19:55.939266.939266 cuda_h.py:27] end wait_load_qkvogn_s_weight cost 0.025 ms
DEBUG 04-24 11:19:55.943209.943209 mlpmodule.py:3373] [fused_group_bmm][steps] bmm1=5.632 ms split=0.187 ms act_mul=0.879 ms bmm2=3.804 ms
DEBUG 04-24 11:19:55.943943.943943 cuda_h.py:27] end fused_group_bmm cost 10.944 ms
DEBUG 04-24 11:19:55.943194.943194 mlpmodule.py:3373] [fused_group_bmm][steps] bmm1=6.876 ms split=0.096 ms act_mul=0.345 ms bmm2=4.054 ms
DEBUG 04-24 11:19:55.944062.944062 cuda_h.py:27] end fused_group_bmm cost 11.621 ms
DEBUG 04-24 11:19:55.944360.944360 cuda_h.py:27] end gather_outputs_group_fused_mp cost 0.532 ms
DEBUG 04-24 11:19:55.944368.944368 cuda_h.py:27] end gather_outputs_group_fused_mp cost 0.407 ms
DEBUG 04-24 11:19:55.944338.944338 cuda_h.py:27] end cpu_experts_worker_bmm_or_einsum_0 cost 16.147 ms
DEBUG 04-24 11:19:55.945345.945345 cuda_h.py:27] end cpu_experts_worker_bmm_or_einsum_1 cost 16.542 ms
DEBUG 04-24 11:19:55.947187.947187 mlpmodule.py:3373] [fused_group_bmm][steps] bmm1=9.251 ms split=0.231 ms act_mul=0.409 ms bmm2=3.510 ms
DEBUG 04-24 11:19:55.947089.947089 cuda_h.py:27] end fused_group_bmm cost 13.677 ms
DEBUG 04-24 11:19:55.948810.948810 cuda_h.py:27] end gather_outputs_group_fused_mp cost 0.443 ms
DEBUG 04-24 11:19:55.948303.948303 cuda_h.py:27] end cpu_experts_worker_bmm_or_einsum_3 cost 19.065 ms
DEBUG 04-24 11:19:55.948071.948071 mlpmodule.py:3373] [fused_group_bmm][steps] bmm1=10.570 ms split=0.113 ms act_mul=0.331 ms bmm2=4.468 ms
DEBUG 04-24 11:19:55.949495.949495 cuda_h.py:27] end fused_group_bmm cost 15.721 ms
DEBUG 04-24 11:19:55.949364.949364 cuda_h.py:27] end gather_outputs_group_fused_mp cost 0.443 ms
DEBUG 04-24 11:19:55.950064.950064 cuda_h.py:27] end cpu_experts_worker_bmm_or_einsum_2 cost 20.639 ms
DEBUG 04-24 11:19:55.952461.952461 cuda_h.py:27] end prepare_per_device_parameters cost 13.150 ms
DEBUG 04-24 11:19:55.954973.954973 cuda_h.py:27] end wait_experts_multi_device cost 2.277 ms
DEBUG 04-24 11:19:55.954829.954829 cuda_h.py:27] end *before fused experts* cost 26.305 ms
DEBUG 04-24 11:19:55.959242.959242 cuda_h.py:27] end gpu_experts_multi_device_fused cost 4.750 ms
DEBUG 04-24 11:19:55.959046.959046 cuda_h.py:27] end *gpu experts* cost 31.206 ms
DEBUG 04-24 11:19:55.961341.961341 cuda_h.py:27] end cpu_experts_scatter_reduce cost 0.530 ms
DEBUG 04-24 11:19:55.961152.961152 cuda_h.py:27] end cpu_thread_manager_mp_wait_fused cost 1.726 ms
DEBUG 04-24 11:19:55.961651.961651 cuda_h.py:27] end layer_moe_generate_mp_multi_device_fused_l_24 cost 35.621 ms
DEBUG 04-24 11:19:55.962385.962385 cuda_h.py:27] end *mlp cost 36.371 ms
DEBUG 04-24 11:19:55.962044.962044 cuda_h.py:27] end prefill_layer cost 39.969 ms
DEBUG 04-24 11:19:55.962323.962323 lmp.py:341] -------------------------------- end prefill layer 23 --------------------------------
DEBUG 04-24 11:19:55.962841.962841 lmp.py:294] -------------------------------- start prefill layer 24 --------------------------------
DEBUG 04-24 11:19:55.962739.962739 cuda_h.py:27] end start_load_qkvogn_s_weight_l_25 cost 0.055 ms
DEBUG 04-24 11:19:55.963692.963692 cuda_h.py:27] end allocate_cuda_memory cost 0.216 ms
DEBUG 04-24 11:19:55.963365.963365 sllm_store_c.py:27] get device uuid map
DEBUG 04-24 11:19:55.963983.963983 sllm_store_c.py:29] call client load into gpu
DEBUG 04-24 11:19:55.965203.965203 cuda_h.py:27] end **self_attn cost 1.442 ms
DEBUG 04-24 11:19:55.965390.965390 cuda_h.py:27] end *iln_self_attn_paln cost 2.514 ms
DEBUG 04-24 11:19:55.965804.965804 cuda_h.py:27] end load_into_gpu_async cost 2.253 ms
DEBUG 04-24 11:19:55.965766.965766 cuda_h.py:27] end restore_tensors2 cost 0.090 ms
DEBUG 04-24 11:19:55.966495.966495 cuda_h.py:27] end allocate_cuda_memory_and_load_into_gpu cost 3.079 ms
DEBUG 04-24 11:19:55.966973.966973 cuda_h.py:27] end gate cost 0.809 ms
DEBUG 04-24 11:19:55.967021.967021 cuda_h.py:27] end experts_map_get cost 0.328 ms
DEBUG 04-24 11:19:55.967857.967857 cuda_h.py:27] end *before experts start* cost 1.297 ms
DEBUG 04-24 11:19:55.967634.967634 cuda_h.py:27] end cpu_experts_submit_fused_mp cost 0.227 ms
DEBUG 04-24 11:19:55.968802.968802 cuda_h.py:27] end *single cpu experts* cost 1.665 ms
DEBUG 04-24 11:19:55.970200.970200 cuda_h.py:27] end prepare_group_stack cost 0.467 ms
DEBUG 04-24 11:19:55.970472.970472 cuda_h.py:27] end prepare_group_stack cost 0.445 ms
DEBUG 04-24 11:19:55.971936.971936 cuda_h.py:27] end group stack cost 0.741 ms
DEBUG 04-24 11:19:55.971058.971058 cuda_h.py:27] end move_flatidxs_group_fused_mp cost 1.397 ms
DEBUG 04-24 11:19:55.971809.971809 cuda_h.py:27] end get_fused_experts_names_w cost 0.020 ms
DEBUG 04-24 11:19:55.971158.971158 cuda_h.py:27] end prepare_group_stack cost 0.461 ms
DEBUG 04-24 11:19:55.971258.971258 cuda_h.py:27] end group stack cost 0.837 ms
DEBUG 04-24 11:19:55.971780.971780 cuda_h.py:27] end prepare_group_stack cost 0.476 ms
DEBUG 04-24 11:19:55.971077.971077 sllm_store_c.py:27] get device uuid map
DEBUG 04-24 11:19:55.971959.971959 cuda_h.py:27] end move_flatidxs_group_fused_mp cost 1.736 ms
DEBUG 04-24 11:19:55.972991.972991 sllm_store_c.py:29] call client load into gpu
DEBUG 04-24 11:19:55.972826.972826 cuda_h.py:27] end get_fused_experts_names_w cost 0.026 ms
DEBUG 04-24 11:19:55.972199.972199 cuda_h.py:27] end restore_fused_tensors cost 0.519 ms
DEBUG 04-24 11:19:55.972030.972030 cuda_h.py:27] end group_fused_tensors_mp cost 0.888 ms
DEBUG 04-24 11:19:55.972653.972653 cuda_h.py:27] end group stack cost 0.759 ms
DEBUG 04-24 11:19:55.972253.972253 cuda_h.py:27] end move_flatidxs_group_fused_mp cost 1.591 ms
DEBUG 04-24 11:19:55.972190.972190 cuda_h.py:27] end restore_fused_tensors cost 0.633 ms
DEBUG 04-24 11:19:55.972258.972258 cuda_h.py:27] end group stack cost 1.060 ms
DEBUG 04-24 11:19:55.973203.973203 cuda_h.py:27] end group_fused_tensors_mp cost 1.011 ms
DEBUG 04-24 11:19:55.973686.973686 cuda_h.py:27] end get_fused_experts_names_w cost 0.020 ms
DEBUG 04-24 11:19:55.973794.973794 cuda_h.py:27] end move_flatidxs_group_fused_mp cost 1.869 ms
DEBUG 04-24 11:19:55.973218.973218 cuda_h.py:27] end get_fused_experts_names_w cost 0.025 ms
DEBUG 04-24 11:19:55.973116.973116 cuda_h.py:27] end restore_fused_tensors cost 0.734 ms
DEBUG 04-24 11:19:55.974211.974211 cuda_h.py:27] end group_fused_tensors_mp cost 1.043 ms
DEBUG 04-24 11:19:55.974795.974795 cuda_h.py:27] end restore_fused_tensors cost 0.635 ms
DEBUG 04-24 11:19:55.974976.974976 cuda_h.py:27] end group_fused_tensors_mp cost 0.904 ms
DEBUG 04-24 11:19:55.974794.974794 cuda_h.py:27] end load_into_gpu_async_fused_experts_dual cost 2.805 ms
DEBUG 04-24 11:19:55.975245.975245 cuda_h.py:27] end restore_tensors2_fused_experts_packed cost 0.180 ms
DEBUG 04-24 11:19:55.976369.976369 cuda_h.py:27] end restore_tensors2_fused_experts_slices cost 0.818 ms
DEBUG 04-24 11:19:55.978753.978753 cuda_h.py:27] end allocate_experts_cuda_memory_and_restore_model_multi_device_fused cost 9.030 ms
DEBUG 04-24 11:19:55.978593.978593 cuda_h.py:27] end restore2model cost 5.590 ms
DEBUG 04-24 11:19:55.978823.978823 cuda_h.py:27] end gpu_sexperts cost 0.019 ms
DEBUG 04-24 11:19:55.979645.979645 cuda_h.py:27] end sllm_worker_task cost 16.055 ms
DEBUG 04-24 11:19:55.979766.979766 cuda_h.py:27] end wait_load_qkvogn_s_weight cost 0.320 ms
DEBUG 04-24 11:19:55.982733.982733 mlpmodule.py:3373] [fused_group_bmm][steps] bmm1=5.707 ms split=0.183 ms act_mul=0.626 ms bmm2=2.995 ms
DEBUG 04-24 11:19:55.983170.983170 cuda_h.py:27] end fused_group_bmm cost 9.947 ms
DEBUG 04-24 11:19:55.983616.983616 cuda_h.py:27] end gather_outputs_group_fused_mp cost 0.793 ms
DEBUG 04-24 11:19:55.984792.984792 cuda_h.py:27] end cpu_experts_worker_bmm_or_einsum_0 cost 15.815 ms
DEBUG 04-24 11:19:55.986552.986552 mlpmodule.py:3373] [fused_group_bmm][steps] bmm1=7.742 ms split=0.146 ms act_mul=0.397 ms bmm2=3.533 ms
DEBUG 04-24 11:19:55.986460.986460 cuda_h.py:27] end fused_group_bmm cost 12.061 ms
DEBUG 04-24 11:19:55.986202.986202 mlpmodule.py:3373] [fused_group_bmm][steps] bmm1=7.533 ms split=0.265 ms act_mul=0.528 ms bmm2=5.767 ms
DEBUG 04-24 11:19:55.986964.986964 cuda_h.py:27] end fused_group_bmm cost 14.337 ms
DEBUG 04-24 11:19:55.987864.987864 cuda_h.py:27] end gather_outputs_group_fused_mp cost 0.459 ms
DEBUG 04-24 11:19:55.987363.987363 cuda_h.py:27] end gather_outputs_group_fused_mp cost 0.470 ms
DEBUG 04-24 11:19:55.987713.987713 cuda_h.py:27] end cpu_experts_worker_bmm_or_einsum_1 cost 17.620 ms
DEBUG 04-24 11:19:55.988362.988362 cuda_h.py:27] end cpu_experts_worker_bmm_or_einsum_2 cost 19.010 ms
DEBUG 04-24 11:19:55.990040.990040 mlpmodule.py:3373] [fused_group_bmm][steps] bmm1=10.759 ms split=0.163 ms act_mul=0.354 ms bmm2=4.227 ms
DEBUG 04-24 11:19:55.990942.990942 cuda_h.py:27] end fused_group_bmm cost 15.783 ms
DEBUG 04-24 11:19:55.991735.991735 cuda_h.py:27] end gather_outputs_group_fused_mp cost 0.442 ms
DEBUG 04-24 11:19:55.991884.991884 cuda_h.py:27] end cpu_experts_worker_bmm_or_einsum_3 cost 21.525 ms
DEBUG 04-24 11:19:55.994442.994442 cuda_h.py:27] end prepare_per_device_parameters cost 14.114 ms
DEBUG 04-24 11:19:55.995413.995413 cuda_h.py:27] end wait_experts_multi_device cost 1.353 ms
DEBUG 04-24 11:19:55.995866.995866 cuda_h.py:27] end *before fused experts* cost 26.681 ms
DEBUG 04-24 11:19:56.000002.000002 cuda_h.py:27] end gpu_experts_multi_device_fused cost 4.796 ms
DEBUG 04-24 11:19:56.000124.000124 cuda_h.py:27] end *gpu experts* cost 31.628 ms
DEBUG 04-24 11:19:56.002495.002495 cuda_h.py:27] end cpu_experts_scatter_reduce cost 0.541 ms
DEBUG 04-24 11:19:56.002768.002768 cuda_h.py:27] end cpu_thread_manager_mp_wait_fused cost 1.802 ms
DEBUG 04-24 11:19:56.002479.002479 cuda_h.py:27] end layer_moe_generate_mp_multi_device_fused_l_25 cost 36.693 ms
DEBUG 04-24 11:19:56.003834.003834 cuda_h.py:27] end *mlp cost 37.410 ms
DEBUG 04-24 11:19:56.003307.003307 cuda_h.py:27] end prefill_layer cost 40.405 ms
DEBUG 04-24 11:19:56.003632.003632 lmp.py:341] -------------------------------- end prefill layer 24 --------------------------------
DEBUG 04-24 11:19:56.003615.003615 lmp.py:294] -------------------------------- start prefill layer 25 --------------------------------
DEBUG 04-24 11:19:56.003394.003394 cuda_h.py:27] end start_load_qkvogn_s_weight_l_26 cost 0.087 ms
DEBUG 04-24 11:19:56.004875.004875 cuda_h.py:27] end allocate_cuda_memory cost 0.327 ms
DEBUG 04-24 11:19:56.004854.004854 sllm_store_c.py:27] get device uuid map
DEBUG 04-24 11:19:56.004106.004106 sllm_store_c.py:29] call client load into gpu
DEBUG 04-24 11:19:56.006297.006297 cuda_h.py:27] end load_into_gpu_async cost 1.556 ms
DEBUG 04-24 11:19:56.006382.006382 cuda_h.py:27] end restore_tensors2 cost 0.099 ms
DEBUG 04-24 11:19:56.006982.006982 cuda_h.py:27] end allocate_cuda_memory_and_load_into_gpu cost 2.423 ms
DEBUG 04-24 11:19:56.006028.006028 cuda_h.py:27] end **self_attn cost 1.772 ms
DEBUG 04-24 11:19:56.006573.006573 cuda_h.py:27] end *iln_self_attn_paln cost 3.092 ms
DEBUG 04-24 11:19:56.007759.007759 cuda_h.py:27] end gate cost 0.524 ms
DEBUG 04-24 11:19:56.007427.007427 cuda_h.py:27] end experts_map_get cost 0.301 ms
DEBUG 04-24 11:19:56.007833.007833 cuda_h.py:27] end *before experts start* cost 0.975 ms
DEBUG 04-24 11:19:56.008828.008828 cuda_h.py:27] end cpu_experts_submit_fused_mp cost 0.214 ms
DEBUG 04-24 11:19:56.009784.009784 cuda_h.py:27] end *single cpu experts* cost 1.477 ms
DEBUG 04-24 11:19:56.011268.011268 cuda_h.py:27] end prepare_group_stack cost 0.474 ms
DEBUG 04-24 11:19:56.011628.011628 cuda_h.py:27] end prepare_group_stack cost 0.450 ms
DEBUG 04-24 11:19:56.011511.011511 cuda_h.py:27] end prepare_group_stack cost 0.549 ms
DEBUG 04-24 11:19:56.011266.011266 cuda_h.py:27] end prepare_group_stack cost 0.552 ms
DEBUG 04-24 11:19:56.011033.011033 sllm_store_c.py:27] get device uuid map
DEBUG 04-24 11:19:56.012060.012060 sllm_store_c.py:29] call client load into gpu
DEBUG 04-24 11:19:56.012177.012177 cuda_h.py:27] end group stack cost 0.718 ms
DEBUG 04-24 11:19:56.012505.012505 cuda_h.py:27] end move_flatidxs_group_fused_mp cost 1.435 ms
DEBUG 04-24 11:19:56.012120.012120 cuda_h.py:27] end group stack cost 0.932 ms
DEBUG 04-24 11:19:56.012699.012699 cuda_h.py:27] end get_fused_experts_names_w cost 0.020 ms
DEBUG 04-24 11:19:56.012163.012163 cuda_h.py:27] end move_flatidxs_group_fused_mp cost 1.600 ms
DEBUG 04-24 11:19:56.012443.012443 cuda_h.py:27] end group stack cost 0.790 ms
DEBUG 04-24 11:19:56.012440.012440 cuda_h.py:27] end group stack cost 0.904 ms
DEBUG 04-24 11:19:56.013726.013726 cuda_h.py:27] end get_fused_experts_names_w cost 0.025 ms
DEBUG 04-24 11:19:56.013078.013078 cuda_h.py:27] end move_flatidxs_group_fused_mp cost 1.877 ms
DEBUG 04-24 11:19:56.013699.013699 cuda_h.py:27] end move_flatidxs_group_fused_mp cost 2.037 ms
DEBUG 04-24 11:19:56.013396.013396 cuda_h.py:27] end get_fused_experts_names_w cost 0.024 ms
DEBUG 04-24 11:19:56.013971.013971 cuda_h.py:27] end get_fused_experts_names_w cost 0.024 ms
DEBUG 04-24 11:19:56.013964.013964 cuda_h.py:27] end restore_fused_tensors cost 0.568 ms
DEBUG 04-24 11:19:56.013097.013097 cuda_h.py:27] end group_fused_tensors_mp cost 0.844 ms
DEBUG 04-24 11:19:56.013949.013949 cuda_h.py:27] end restore_fused_tensors cost 0.550 ms
DEBUG 04-24 11:19:56.013224.013224 cuda_h.py:27] end group_fused_tensors_mp cost 0.853 ms
DEBUG 04-24 11:19:56.014710.014710 cuda_h.py:27] end restore_fused_tensors cost 0.736 ms
DEBUG 04-24 11:19:56.014919.014919 cuda_h.py:27] end group_fused_tensors_mp cost 1.010 ms
DEBUG 04-24 11:19:56.014806.014806 cuda_h.py:27] end restore_fused_tensors cost 0.607 ms
DEBUG 04-24 11:19:56.014232.014232 cuda_h.py:27] end group_fused_tensors_mp cost 0.888 ms
DEBUG 04-24 11:19:56.014010.014010 cuda_h.py:27] end restore2model cost 0.884 ms
DEBUG 04-24 11:19:56.014312.014312 cuda_h.py:27] end load_into_gpu_async_fused_experts_dual cost 2.769 ms
DEBUG 04-24 11:19:56.014280.014280 cuda_h.py:27] end sllm_worker_task cost 10.718 ms
DEBUG 04-24 11:19:56.014817.014817 cuda_h.py:27] end restore_tensors2_fused_experts_packed cost 0.093 ms
DEBUG 04-24 11:19:56.016304.016304 cuda_h.py:27] end restore_tensors2_fused_experts_slices cost 0.871 ms
DEBUG 04-24 11:19:56.016015.016015 cuda_h.py:27] end allocate_experts_cuda_memory_and_restore_model_multi_device_fused cost 7.373 ms
DEBUG 04-24 11:19:56.017745.017745 cuda_h.py:27] end gpu_sexperts cost 0.028 ms
DEBUG 04-24 11:19:56.017090.017090 cuda_h.py:27] end wait_load_qkvogn_s_weight cost 0.095 ms
DEBUG 04-24 11:19:56.025713.025713 mlpmodule.py:3373] [fused_group_bmm][steps] bmm1=6.305 ms split=0.194 ms act_mul=0.579 ms bmm2=3.619 ms
DEBUG 04-24 11:19:56.025844.025844 cuda_h.py:27] end fused_group_bmm cost 11.073 ms
DEBUG 04-24 11:19:56.026535.026535 cuda_h.py:27] end gather_outputs_group_fused_mp cost 0.779 ms
DEBUG 04-24 11:19:56.027983.027983 cuda_h.py:27] end cpu_experts_worker_bmm_or_einsum_0 cost 17.200 ms
DEBUG 04-24 11:19:56.028275.028275 mlpmodule.py:3373] [fused_group_bmm][steps] bmm1=8.405 ms split=0.125 ms act_mul=0.383 ms bmm2=4.973 ms
DEBUG 04-24 11:19:56.028330.028330 cuda_h.py:27] end fused_group_bmm cost 14.175 ms
DEBUG 04-24 11:19:56.028240.028240 mlpmodule.py:3373] [fused_group_bmm][steps] bmm1=9.391 ms split=0.177 ms act_mul=0.445 ms bmm2=4.228 ms
DEBUG 04-24 11:19:56.028794.028794 cuda_h.py:27] end fused_group_bmm cost 14.787 ms
DEBUG 04-24 11:19:56.029079.029079 cuda_h.py:27] end gather_outputs_group_fused_mp cost 0.423 ms
DEBUG 04-24 11:19:56.029217.029217 cuda_h.py:27] end gather_outputs_group_fused_mp cost 0.399 ms
DEBUG 04-24 11:19:56.029903.029903 cuda_h.py:27] end cpu_experts_worker_bmm_or_einsum_3 cost 19.564 ms
DEBUG 04-24 11:19:56.029933.029933 cuda_h.py:27] end cpu_experts_worker_bmm_or_einsum_1 cost 19.914 ms
DEBUG 04-24 11:19:56.031385.031385 mlpmodule.py:3373] [fused_group_bmm][steps] bmm1=11.845 ms split=0.236 ms act_mul=0.415 ms bmm2=4.595 ms
DEBUG 04-24 11:19:56.031292.031292 cuda_h.py:27] end fused_group_bmm cost 17.398 ms
DEBUG 04-24 11:19:56.032563.032563 cuda_h.py:27] end gather_outputs_group_fused_mp cost 0.431 ms
DEBUG 04-24 11:19:56.033194.033194 cuda_h.py:27] end cpu_experts_worker_bmm_or_einsum_2 cost 23.130 ms
DEBUG 04-24 11:19:56.034187.034187 cuda_h.py:27] end prepare_per_device_parameters cost 16.573 ms
DEBUG 04-24 11:19:56.035107.035107 cuda_h.py:27] end wait_experts_multi_device cost 1.414 ms
DEBUG 04-24 11:19:56.035116.035116 cuda_h.py:27] end *before fused experts* cost 26.272 ms
DEBUG 04-24 11:19:56.040440.040440 cuda_h.py:27] end gpu_experts_multi_device_fused cost 4.862 ms
DEBUG 04-24 11:19:56.040960.040960 cuda_h.py:27] end *gpu experts* cost 31.282 ms
DEBUG 04-24 11:19:56.042674.042674 cuda_h.py:27] end cpu_experts_scatter_reduce cost 0.660 ms
DEBUG 04-24 11:19:56.042306.042306 cuda_h.py:27] end cpu_thread_manager_mp_wait_fused cost 2.003 ms
DEBUG 04-24 11:19:56.042501.042501 cuda_h.py:27] end layer_moe_generate_mp_multi_device_fused_l_26 cost 35.947 ms
DEBUG 04-24 11:19:56.043031.043031 cuda_h.py:27] end *mlp cost 36.749 ms
DEBUG 04-24 11:19:56.043253.043253 cuda_h.py:27] end prefill_layer cost 40.215 ms
DEBUG 04-24 11:19:56.043294.043294 lmp.py:341] -------------------------------- end prefill layer 25 --------------------------------
DEBUG 04-24 11:19:56.043657.043657 lmp.py:294] -------------------------------- start prefill layer 26 --------------------------------
DEBUG 04-24 11:19:56.044925.044925 cuda_h.py:27] end start_load_qkvogn_s_weight_l_27 cost 0.053 ms
DEBUG 04-24 11:19:56.044426.044426 cuda_h.py:27] end allocate_cuda_memory cost 0.231 ms
DEBUG 04-24 11:19:56.044213.044213 sllm_store_c.py:27] get device uuid map
DEBUG 04-24 11:19:56.044133.044133 sllm_store_c.py:29] call client load into gpu
DEBUG 04-24 11:19:56.046065.046065 cuda_h.py:27] end **self_attn cost 1.432 ms
DEBUG 04-24 11:19:56.046818.046818 cuda_h.py:27] end load_into_gpu_async cost 1.850 ms
DEBUG 04-24 11:19:56.046975.046975 cuda_h.py:27] end restore_tensors2 cost 0.097 ms
DEBUG 04-24 11:19:56.046674.046674 cuda_h.py:27] end allocate_cuda_memory_and_load_into_gpu cost 2.539 ms
DEBUG 04-24 11:19:56.046641.046641 cuda_h.py:27] end *iln_self_attn_paln cost 2.871 ms
DEBUG 04-24 11:19:56.047754.047754 cuda_h.py:27] end gate cost 0.535 ms
DEBUG 04-24 11:19:56.047735.047735 cuda_h.py:27] end experts_map_get cost 0.321 ms
DEBUG 04-24 11:19:56.047856.047856 cuda_h.py:27] end *before experts start* cost 1.006 ms
DEBUG 04-24 11:19:56.048513.048513 cuda_h.py:27] end cpu_experts_submit_fused_mp cost 0.210 ms
DEBUG 04-24 11:19:56.049952.049952 cuda_h.py:27] end *single cpu experts* cost 1.427 ms
DEBUG 04-24 11:19:56.051568.051568 cuda_h.py:27] end prepare_group_stack cost 0.423 ms
DEBUG 04-24 11:19:56.051437.051437 cuda_h.py:27] end prepare_group_stack cost 0.411 ms
DEBUG 04-24 11:19:56.051181.051181 cuda_h.py:27] end prepare_group_stack cost 0.450 ms
DEBUG 04-24 11:19:56.051359.051359 cuda_h.py:27] end prepare_group_stack cost 0.402 ms
DEBUG 04-24 11:19:56.051786.051786 sllm_store_c.py:27] get device uuid map
DEBUG 04-24 11:19:56.051564.051564 sllm_store_c.py:29] call client load into gpu
DEBUG 04-24 11:19:56.052526.052526 cuda_h.py:27] end group stack cost 0.777 ms
DEBUG 04-24 11:19:56.052421.052421 cuda_h.py:27] end group stack cost 0.869 ms
DEBUG 04-24 11:19:56.052854.052854 cuda_h.py:27] end move_flatidxs_group_fused_mp cost 1.405 ms
DEBUG 04-24 11:19:56.052152.052152 cuda_h.py:27] end move_flatidxs_group_fused_mp cost 1.466 ms
DEBUG 04-24 11:19:56.052415.052415 cuda_h.py:27] end group stack cost 0.745 ms
DEBUG 04-24 11:19:56.052449.052449 cuda_h.py:27] end get_fused_experts_names_w cost 0.018 ms
DEBUG 04-24 11:19:56.052681.052681 cuda_h.py:27] end get_fused_experts_names_w cost 0.024 ms
DEBUG 04-24 11:19:56.052569.052569 cuda_h.py:27] end move_flatidxs_group_fused_mp cost 1.778 ms
DEBUG 04-24 11:19:56.052999.052999 cuda_h.py:27] end get_fused_experts_names_w cost 0.021 ms
DEBUG 04-24 11:19:56.053683.053683 cuda_h.py:27] end restore_fused_tensors cost 0.514 ms
DEBUG 04-24 11:19:56.053043.053043 cuda_h.py:27] end group_fused_tensors_mp cost 0.739 ms
DEBUG 04-24 11:19:56.053901.053901 cuda_h.py:27] end restore_fused_tensors cost 0.531 ms
DEBUG 04-24 11:19:56.053272.053272 cuda_h.py:27] end group stack cost 1.808 ms
DEBUG 04-24 11:19:56.053214.053214 cuda_h.py:27] end restore_fused_tensors cost 0.713 ms
DEBUG 04-24 11:19:56.053694.053694 cuda_h.py:27] end group_fused_tensors_mp cost 0.817 ms
DEBUG 04-24 11:19:56.053550.053550 cuda_h.py:27] end group_fused_tensors_mp cost 1.055 ms
DEBUG 04-24 11:19:56.053471.053471 cuda_h.py:27] end move_flatidxs_group_fused_mp cost 2.746 ms
DEBUG 04-24 11:19:56.053417.053417 cuda_h.py:27] end get_fused_experts_names_w cost 0.027 ms
DEBUG 04-24 11:19:56.054638.054638 cuda_h.py:27] end restore_fused_tensors cost 0.543 ms
DEBUG 04-24 11:19:56.054535.054535 cuda_h.py:27] end group_fused_tensors_mp cost 0.786 ms
DEBUG 04-24 11:19:56.054069.054069 cuda_h.py:27] end restore2model cost 1.374 ms
DEBUG 04-24 11:19:56.055945.055945 cuda_h.py:27] end sllm_worker_task cost 11.220 ms
DEBUG 04-24 11:19:56.056723.056723 cuda_h.py:27] end load_into_gpu_async_fused_experts_dual cost 4.199 ms
DEBUG 04-24 11:19:56.057879.057879 cuda_h.py:27] end restore_tensors2_fused_experts_packed cost 0.542 ms
DEBUG 04-24 11:19:56.058426.058426 cuda_h.py:27] end restore_tensors2_fused_experts_slices cost 0.990 ms
DEBUG 04-24 11:19:56.058766.058766 cuda_h.py:27] end allocate_experts_cuda_memory_and_restore_model_multi_device_fused cost 9.388 ms
DEBUG 04-24 11:19:56.059492.059492 cuda_h.py:27] end gpu_sexperts cost 0.025 ms
DEBUG 04-24 11:19:56.059256.059256 cuda_h.py:27] end wait_load_qkvogn_s_weight cost 0.055 ms
DEBUG 04-24 11:19:56.063954.063954 mlpmodule.py:3373] [fused_group_bmm][steps] bmm1=5.489 ms split=0.201 ms act_mul=0.532 ms bmm2=2.949 ms
DEBUG 04-24 11:19:56.063680.063680 cuda_h.py:27] end fused_group_bmm cost 9.786 ms
DEBUG 04-24 11:19:56.064244.064244 cuda_h.py:27] end gather_outputs_group_fused_mp cost 0.740 ms
DEBUG 04-24 11:19:56.065453.065453 cuda_h.py:27] end cpu_experts_worker_bmm_or_einsum_0 cost 15.715 ms
DEBUG 04-24 11:19:56.065977.065977 mlpmodule.py:3373] [fused_group_bmm][steps] bmm1=8.430 ms split=0.162 ms act_mul=0.367 ms bmm2=3.391 ms
DEBUG 04-24 11:19:56.066343.066343 cuda_h.py:27] end fused_group_bmm cost 12.617 ms
DEBUG 04-24 11:19:56.066189.066189 cuda_h.py:27] end gather_outputs_group_fused_mp cost 0.445 ms
DEBUG 04-24 11:19:56.067641.067641 cuda_h.py:27] end cpu_experts_worker_bmm_or_einsum_1 cost 17.614 ms
DEBUG 04-24 11:19:56.068448.068448 mlpmodule.py:3373] [fused_group_bmm][steps] bmm1=9.070 ms split=0.194 ms act_mul=0.356 ms bmm2=3.841 ms
DEBUG 04-24 11:19:56.068549.068549 cuda_h.py:27] end fused_group_bmm cost 13.743 ms
DEBUG 04-24 11:19:56.068092.068092 mlpmodule.py:3373] [fused_group_bmm][steps] bmm1=10.081 ms split=0.188 ms act_mul=0.379 ms bmm2=4.245 ms
DEBUG 04-24 11:19:56.069472.069472 cuda_h.py:27] end fused_group_bmm cost 15.204 ms
DEBUG 04-24 11:19:56.069122.069122 cuda_h.py:27] end gather_outputs_group_fused_mp cost 0.442 ms
DEBUG 04-24 11:19:56.069748.069748 cuda_h.py:27] end gather_outputs_group_fused_mp cost 0.458 ms
DEBUG 04-24 11:19:56.069458.069458 cuda_h.py:27] end cpu_experts_worker_bmm_or_einsum_3 cost 20.007 ms
DEBUG 04-24 11:19:56.070942.070942 cuda_h.py:27] end cpu_experts_worker_bmm_or_einsum_2 cost 20.249 ms
DEBUG 04-24 11:19:56.073408.073408 cuda_h.py:27] end prepare_per_device_parameters cost 14.288 ms
DEBUG 04-24 11:19:56.076385.076385 cuda_h.py:27] end wait_experts_multi_device cost 2.921 ms
DEBUG 04-24 11:19:56.076117.076117 cuda_h.py:27] end *before fused experts* cost 27.389 ms
DEBUG 04-24 11:19:56.082220.082220 cuda_h.py:27] end gpu_experts_multi_device_fused cost 5.617 ms
DEBUG 04-24 11:19:56.082461.082461 cuda_h.py:27] end *gpu experts* cost 33.121 ms
DEBUG 04-24 11:19:56.084218.084218 cuda_h.py:27] end cpu_experts_scatter_reduce cost 0.537 ms
DEBUG 04-24 11:19:56.084445.084445 cuda_h.py:27] end cpu_thread_manager_mp_wait_fused cost 1.676 ms
DEBUG 04-24 11:19:56.084348.084348 cuda_h.py:27] end layer_moe_generate_mp_multi_device_fused_l_27 cost 37.465 ms
DEBUG 04-24 11:19:56.085520.085520 cuda_h.py:27] end *mlp cost 38.642 ms
DEBUG 04-24 11:19:56.085066.085066 cuda_h.py:27] end prefill_layer cost 41.698 ms
DEBUG 04-24 11:19:56.085915.085915 lmp.py:341] -------------------------------- end prefill layer 26 --------------------------------
DEBUG 04-24 11:19:56.085148.085148 lmp.py:294] -------------------------------- start prefill layer 27 --------------------------------
DEBUG 04-24 11:19:56.086714.086714 cuda_h.py:27] end start_load_qkvogn_s_weight_l_28 cost 0.064 ms
DEBUG 04-24 11:19:56.086732.086732 cuda_h.py:27] end allocate_cuda_memory cost 0.196 ms
DEBUG 04-24 11:19:56.086009.086009 sllm_store_c.py:27] get device uuid map
DEBUG 04-24 11:19:56.086048.086048 sllm_store_c.py:29] call client load into gpu
DEBUG 04-24 11:19:56.088443.088443 cuda_h.py:27] end load_into_gpu_async cost 1.689 ms
DEBUG 04-24 11:19:56.088230.088230 cuda_h.py:27] end restore_tensors2 cost 0.087 ms
DEBUG 04-24 11:19:56.088166.088166 cuda_h.py:27] end **self_attn cost 1.651 ms
DEBUG 04-24 11:19:56.088994.088994 cuda_h.py:27] end allocate_cuda_memory_and_load_into_gpu cost 2.534 ms
DEBUG 04-24 11:19:56.089027.089027 cuda_h.py:27] end *iln_self_attn_paln cost 3.460 ms
DEBUG 04-24 11:19:56.090385.090385 cuda_h.py:27] end gate cost 0.544 ms
DEBUG 04-24 11:19:56.090994.090994 cuda_h.py:27] end experts_map_get cost 0.291 ms
DEBUG 04-24 11:19:56.090843.090843 cuda_h.py:27] end *before experts start* cost 0.987 ms
DEBUG 04-24 11:19:56.090116.090116 cuda_h.py:27] end cpu_experts_submit_fused_mp cost 0.209 ms
DEBUG 04-24 11:19:56.092374.092374 cuda_h.py:27] end *single cpu experts* cost 1.750 ms
DEBUG 04-24 11:19:56.093769.093769 cuda_h.py:27] end prepare_group_stack cost 0.453 ms
DEBUG 04-24 11:19:56.093564.093564 cuda_h.py:27] end group stack cost 0.667 ms
DEBUG 04-24 11:19:56.094916.094916 sllm_store_c.py:27] get device uuid map
DEBUG 04-24 11:19:56.094912.094912 sllm_store_c.py:29] call client load into gpu
DEBUG 04-24 11:19:56.094236.094236 cuda_h.py:27] end move_flatidxs_group_fused_mp cost 1.388 ms
DEBUG 04-24 11:19:56.094974.094974 cuda_h.py:27] end prepare_group_stack cost 0.432 ms
DEBUG 04-24 11:19:56.094135.094135 cuda_h.py:27] end prepare_group_stack cost 0.558 ms
DEBUG 04-24 11:19:56.094923.094923 cuda_h.py:27] end get_fused_experts_names_w cost 0.048 ms
DEBUG 04-24 11:19:56.094712.094712 cuda_h.py:27] end prepare_group_stack cost 0.500 ms
DEBUG 04-24 11:19:56.095015.095015 cuda_h.py:27] end restore_fused_tensors cost 0.637 ms
DEBUG 04-24 11:19:56.095786.095786 cuda_h.py:27] end group_fused_tensors_mp cost 0.903 ms
DEBUG 04-24 11:19:56.095705.095705 cuda_h.py:27] end group stack cost 0.846 ms
DEBUG 04-24 11:19:56.095826.095826 cuda_h.py:27] end group stack cost 0.921 ms
DEBUG 04-24 11:19:56.095543.095543 cuda_h.py:27] end move_flatidxs_group_fused_mp cost 1.865 ms
DEBUG 04-24 11:19:56.095675.095675 cuda_h.py:27] end move_flatidxs_group_fused_mp cost 1.790 ms
DEBUG 04-24 11:19:56.095943.095943 cuda_h.py:27] end get_fused_experts_names_w cost 0.022 ms
DEBUG 04-24 11:19:56.095241.095241 cuda_h.py:27] end get_fused_experts_names_w cost 0.022 ms
DEBUG 04-24 11:19:56.095262.095262 cuda_h.py:27] end group stack cost 1.287 ms
DEBUG 04-24 11:19:56.096383.096383 cuda_h.py:27] end move_flatidxs_group_fused_mp cost 2.204 ms
DEBUG 04-24 11:19:56.096773.096773 cuda_h.py:27] end get_fused_experts_names_w cost 0.025 ms
DEBUG 04-24 11:19:56.096022.096022 cuda_h.py:27] end restore_fused_tensors cost 0.078 ms
DEBUG 04-24 11:19:56.096163.096163 cuda_h.py:27] end group_fused_tensors_mp cost 0.213 ms
DEBUG 04-24 11:19:56.096653.096653 cuda_h.py:27] end restore_fused_tensors cost 0.609 ms
DEBUG 04-24 11:19:56.096628.096628 cuda_h.py:27] end group_fused_tensors_mp cost 0.917 ms
DEBUG 04-24 11:19:56.096497.096497 cuda_h.py:27] end restore_fused_tensors cost 0.690 ms
DEBUG 04-24 11:19:56.096731.096731 cuda_h.py:27] end restore2model cost 0.849 ms
DEBUG 04-24 11:19:56.096894.096894 cuda_h.py:27] end group_fused_tensors_mp cost 1.138 ms
DEBUG 04-24 11:19:56.096153.096153 cuda_h.py:27] end load_into_gpu_async_fused_experts_dual cost 2.911 ms
DEBUG 04-24 11:19:56.097598.097598 cuda_h.py:27] end sllm_worker_task cost 10.891 ms
DEBUG 04-24 11:19:56.097118.097118 cuda_h.py:27] end restore_tensors2_fused_experts_packed cost 0.061 ms
DEBUG 04-24 11:19:56.098334.098334 cuda_h.py:27] end restore_tensors2_fused_experts_slices cost 0.914 ms
DEBUG 04-24 11:19:56.099313.099313 cuda_h.py:27] end allocate_experts_cuda_memory_and_restore_model_multi_device_fused cost 6.919 ms
DEBUG 04-24 11:19:56.099549.099549 cuda_h.py:27] end gpu_sexperts cost 0.022 ms
DEBUG 04-24 11:19:56.099103.099103 cuda_h.py:27] end wait_load_qkvogn_s_weight cost 0.051 ms
DEBUG 04-24 11:19:56.103262.103262 mlpmodule.py:3373] [fused_group_bmm][steps] bmm1=4.320 ms split=0.232 ms act_mul=0.521 ms bmm2=3.417 ms
DEBUG 04-24 11:19:56.104988.104988 cuda_h.py:27] end fused_group_bmm cost 8.865 ms
DEBUG 04-24 11:19:56.104232.104232 cuda_h.py:27] end gather_outputs_group_fused_mp cost 0.522 ms
DEBUG 04-24 11:19:56.105968.105968 cuda_h.py:27] end cpu_experts_worker_bmm_or_einsum_0 cost 13.540 ms
DEBUG 04-24 11:19:56.108452.108452 mlpmodule.py:3373] [fused_group_bmm][steps] bmm1=7.620 ms split=0.096 ms act_mul=0.303 ms bmm2=3.325 ms
DEBUG 04-24 11:19:56.108903.108903 cuda_h.py:27] end fused_group_bmm cost 11.604 ms
DEBUG 04-24 11:19:56.108354.108354 mlpmodule.py:3373] [fused_group_bmm][steps] bmm1=7.268 ms split=0.159 ms act_mul=0.357 ms bmm2=4.277 ms
DEBUG 04-24 11:19:56.108019.108019 cuda_h.py:27] end fused_group_bmm cost 12.374 ms
DEBUG 04-24 11:19:56.109595.109595 cuda_h.py:27] end gather_outputs_group_fused_mp cost 0.428 ms
DEBUG 04-24 11:19:56.109369.109369 cuda_h.py:27] end gather_outputs_group_fused_mp cost 0.432 ms
DEBUG 04-24 11:19:56.109604.109604 cuda_h.py:27] end cpu_experts_worker_bmm_or_einsum_1 cost 17.075 ms
DEBUG 04-24 11:19:56.110868.110868 cuda_h.py:27] end cpu_experts_worker_bmm_or_einsum_3 cost 17.459 ms
DEBUG 04-24 11:19:56.112514.112514 mlpmodule.py:3373] [fused_group_bmm][steps] bmm1=10.060 ms split=0.173 ms act_mul=0.438 ms bmm2=4.754 ms
DEBUG 04-24 11:19:56.112369.112369 cuda_h.py:27] end fused_group_bmm cost 15.667 ms
DEBUG 04-24 11:19:56.113982.113982 cuda_h.py:27] end gather_outputs_group_fused_mp cost 0.472 ms
DEBUG 04-24 11:19:56.113204.113204 cuda_h.py:27] end cpu_experts_worker_bmm_or_einsum_2 cost 20.773 ms
DEBUG 04-24 11:19:56.115420.115420 cuda_h.py:27] end prepare_per_device_parameters cost 15.057 ms
DEBUG 04-24 11:19:56.118369.118369 cuda_h.py:27] end wait_experts_multi_device cost 2.865 ms
DEBUG 04-24 11:19:56.118471.118471 cuda_h.py:27] end *before fused experts* cost 25.714 ms
DEBUG 04-24 11:19:56.123115.123115 cuda_h.py:27] end gpu_experts_multi_device_fused cost 4.960 ms
DEBUG 04-24 11:19:56.123768.123768 cuda_h.py:27] end *gpu experts* cost 30.813 ms
DEBUG 04-24 11:19:56.124493.124493 cuda_h.py:27] end cpu_experts_scatter_reduce cost 0.554 ms
DEBUG 04-24 11:19:56.124734.124734 cuda_h.py:27] end cpu_thread_manager_mp_wait_fused cost 1.722 ms
DEBUG 04-24 11:19:56.125206.125206 cuda_h.py:27] end layer_moe_generate_mp_multi_device_fused_l_28 cost 35.570 ms
DEBUG 04-24 11:19:56.125469.125469 cuda_h.py:27] end *mlp cost 36.287 ms
DEBUG 04-24 11:19:56.125684.125684 cuda_h.py:27] end prefill_layer cost 39.930 ms
DEBUG 04-24 11:19:56.125056.125056 lmp.py:341] -------------------------------- end prefill layer 27 --------------------------------
DEBUG 04-24 11:19:56.126316.126316 lmp.py:294] -------------------------------- start prefill layer 28 --------------------------------
DEBUG 04-24 11:19:56.126100.126100 cuda_h.py:27] end start_load_qkvogn_s_weight_l_29 cost 0.050 ms
DEBUG 04-24 11:19:56.126582.126582 cuda_h.py:27] end allocate_cuda_memory cost 0.218 ms
DEBUG 04-24 11:19:56.126031.126031 sllm_store_c.py:27] get device uuid map
DEBUG 04-24 11:19:56.126944.126944 sllm_store_c.py:29] call client load into gpu
DEBUG 04-24 11:19:56.128751.128751 cuda_h.py:27] end **self_attn cost 1.283 ms
DEBUG 04-24 11:19:56.128312.128312 cuda_h.py:27] end load_into_gpu_async cost 1.856 ms
DEBUG 04-24 11:19:56.128713.128713 cuda_h.py:27] end restore_tensors2 cost 0.082 ms
DEBUG 04-24 11:19:56.128489.128489 cuda_h.py:27] end *iln_self_attn_paln cost 2.766 ms
DEBUG 04-24 11:19:56.128583.128583 cuda_h.py:27] end allocate_cuda_memory_and_load_into_gpu cost 2.655 ms
DEBUG 04-24 11:19:56.129605.129605 cuda_h.py:27] end gate cost 0.674 ms
DEBUG 04-24 11:19:56.130975.130975 cuda_h.py:27] end experts_map_get cost 0.286 ms
DEBUG 04-24 11:19:56.130381.130381 cuda_h.py:27] end *before experts start* cost 1.117 ms
DEBUG 04-24 11:19:56.130462.130462 cuda_h.py:27] end cpu_experts_submit_fused_mp cost 0.208 ms
DEBUG 04-24 11:19:56.131933.131933 cuda_h.py:27] end *single cpu experts* cost 1.598 ms
DEBUG 04-24 11:19:56.131002.131002 cuda_h.py:27] end prepare_group_stack cost 0.512 ms
DEBUG 04-24 11:19:56.132540.132540 cuda_h.py:27] end prepare_group_stack cost 0.460 ms
DEBUG 04-24 11:19:56.132356.132356 cuda_h.py:27] end prepare_group_stack cost 0.429 ms
DEBUG 04-24 11:19:56.132810.132810 cuda_h.py:27] end prepare_group_stack cost 0.433 ms
DEBUG 04-24 11:19:56.133678.133678 cuda_h.py:27] end group stack cost 0.612 ms
DEBUG 04-24 11:19:56.133794.133794 cuda_h.py:27] end move_flatidxs_group_fused_mp cost 1.539 ms
DEBUG 04-24 11:19:56.133498.133498 cuda_h.py:27] end get_fused_experts_names_w cost 0.018 ms
DEBUG 04-24 11:19:56.133537.133537 cuda_h.py:27] end group stack cost 1.118 ms
DEBUG 04-24 11:19:56.133213.133213 sllm_store_c.py:27] get device uuid map
DEBUG 04-24 11:19:56.133242.133242 sllm_store_c.py:29] call client load into gpu
DEBUG 04-24 11:19:56.133957.133957 cuda_h.py:27] end group stack cost 1.210 ms
DEBUG 04-24 11:19:56.133541.133541 cuda_h.py:27] end move_flatidxs_group_fused_mp cost 1.811 ms
DEBUG 04-24 11:19:56.133651.133651 cuda_h.py:27] end group stack cost 1.108 ms
DEBUG 04-24 11:19:56.133803.133803 cuda_h.py:27] end restore_fused_tensors cost 0.447 ms
DEBUG 04-24 11:19:56.133184.133184 cuda_h.py:27] end group_fused_tensors_mp cost 0.737 ms
DEBUG 04-24 11:19:56.133707.133707 cuda_h.py:27] end get_fused_experts_names_w cost 0.024 ms
DEBUG 04-24 11:19:56.133575.133575 cuda_h.py:27] end move_flatidxs_group_fused_mp cost 1.748 ms
DEBUG 04-24 11:19:56.133416.133416 cuda_h.py:27] end move_flatidxs_group_fused_mp cost 2.428 ms
DEBUG 04-24 11:19:56.134998.134998 cuda_h.py:27] end get_fused_experts_names_w cost 0.020 ms
DEBUG 04-24 11:19:56.134185.134185 cuda_h.py:27] end get_fused_experts_names_w cost 0.028 ms
DEBUG 04-24 11:19:56.134950.134950 cuda_h.py:27] end restore_fused_tensors cost 0.557 ms
DEBUG 04-24 11:19:56.134422.134422 cuda_h.py:27] end group_fused_tensors_mp cost 0.802 ms
DEBUG 04-24 11:19:56.134398.134398 cuda_h.py:27] end restore_fused_tensors cost 0.545 ms
DEBUG 04-24 11:19:56.134628.134628 cuda_h.py:27] end group_fused_tensors_mp cost 0.838 ms
DEBUG 04-24 11:19:56.135761.135761 cuda_h.py:27] end restore_fused_tensors cost 0.862 ms
DEBUG 04-24 11:19:56.135221.135221 cuda_h.py:27] end group_fused_tensors_mp cost 1.113 ms
DEBUG 04-24 11:19:56.143254.143254 cuda_h.py:27] end restore2model cost 1.210 ms
DEBUG 04-24 11:19:56.143655.143655 cuda_h.py:27] end sllm_worker_task cost 17.456 ms
DEBUG 04-24 11:19:56.143197.143197 cuda_h.py:27] end load_into_gpu_async_fused_experts_dual cost 10.408 ms
DEBUG 04-24 11:19:56.144739.144739 cuda_h.py:27] end restore_tensors2_fused_experts_packed cost 0.116 ms
DEBUG 04-24 11:19:56.144626.144626 mlpmodule.py:3373] [fused_group_bmm][steps] bmm1=5.942 ms split=0.154 ms act_mul=0.519 ms bmm2=2.327 ms
DEBUG 04-24 11:19:56.144606.144606 cuda_h.py:27] end fused_group_bmm cost 9.338 ms
DEBUG 04-24 11:19:56.144210.144210 cuda_h.py:27] end restore_tensors2_fused_experts_slices cost 0.323 ms
DEBUG 04-24 11:19:56.145022.145022 cuda_h.py:27] end allocate_experts_cuda_memory_and_restore_model_multi_device_fused cost 13.057 ms
DEBUG 04-24 11:19:56.145192.145192 cuda_h.py:27] end gpu_sexperts cost 0.015 ms
DEBUG 04-24 11:19:56.145222.145222 cuda_h.py:27] end gather_outputs_group_fused_mp cost 0.565 ms
DEBUG 04-24 11:19:56.145606.145606 cuda_h.py:27] end wait_load_qkvogn_s_weight cost 0.047 ms
DEBUG 04-24 11:19:56.146331.146331 cuda_h.py:27] end cpu_experts_worker_bmm_or_einsum_0 cost 15.080 ms
DEBUG 04-24 11:19:56.147626.147626 mlpmodule.py:3373] [fused_group_bmm][steps] bmm1=8.338 ms split=0.127 ms act_mul=0.327 ms bmm2=3.639 ms
DEBUG 04-24 11:19:56.147032.147032 cuda_h.py:27] end fused_group_bmm cost 12.750 ms
DEBUG 04-24 11:19:56.148629.148629 mlpmodule.py:3373] [fused_group_bmm][steps] bmm1=8.885 ms split=0.137 ms act_mul=0.371 ms bmm2=4.639 ms
DEBUG 04-24 11:19:56.148248.148248 cuda_h.py:27] end gather_outputs_group_fused_mp cost 0.439 ms
DEBUG 04-24 11:19:56.148695.148695 cuda_h.py:27] end fused_group_bmm cost 14.250 ms
DEBUG 04-24 11:19:56.148749.148749 cuda_h.py:27] end cpu_experts_worker_bmm_or_einsum_3 cost 17.047 ms
DEBUG 04-24 11:19:56.148712.148712 cuda_h.py:27] end gather_outputs_group_fused_mp cost 0.451 ms
DEBUG 04-24 11:19:56.148047.148047 mlpmodule.py:3373] [fused_group_bmm][steps] bmm1=8.756 ms split=0.111 ms act_mul=0.331 ms bmm2=4.554 ms
DEBUG 04-24 11:19:56.149543.149543 cuda_h.py:27] end fused_group_bmm cost 14.150 ms
DEBUG 04-24 11:19:56.149455.149455 cuda_h.py:27] end cpu_experts_worker_bmm_or_einsum_1 cost 18.023 ms
DEBUG 04-24 11:19:56.149463.149463 cuda_h.py:27] end gather_outputs_group_fused_mp cost 0.430 ms
DEBUG 04-24 11:19:56.150031.150031 cuda_h.py:27] end cpu_experts_worker_bmm_or_einsum_2 cost 18.352 ms
DEBUG 04-24 11:19:56.158488.158488 cuda_h.py:27] end prepare_per_device_parameters cost 13.120 ms
DEBUG 04-24 11:19:56.160776.160776 cuda_h.py:27] end wait_experts_multi_device cost 1.369 ms
DEBUG 04-24 11:19:56.160056.160056 cuda_h.py:27] end *before fused experts* cost 28.511 ms
DEBUG 04-24 11:19:56.164884.164884 cuda_h.py:27] end gpu_experts_multi_device_fused cost 4.329 ms
DEBUG 04-24 11:19:56.164834.164834 cuda_h.py:27] end *gpu experts* cost 32.947 ms
DEBUG 04-24 11:19:56.166570.166570 cuda_h.py:27] end cpu_experts_scatter_reduce cost 0.496 ms
DEBUG 04-24 11:19:56.166506.166506 cuda_h.py:27] end cpu_thread_manager_mp_wait_fused cost 1.659 ms
DEBUG 04-24 11:19:56.166833.166833 cuda_h.py:27] end layer_moe_generate_mp_multi_device_fused_l_29 cost 37.546 ms
DEBUG 04-24 11:19:56.167676.167676 cuda_h.py:27] end *mlp cost 38.200 ms
DEBUG 04-24 11:19:56.167507.167507 cuda_h.py:27] end prefill_layer cost 41.291 ms
DEBUG 04-24 11:19:56.167448.167448 lmp.py:341] -------------------------------- end prefill layer 28 --------------------------------
DEBUG 04-24 11:19:56.167692.167692 lmp.py:294] -------------------------------- start prefill layer 29 --------------------------------
DEBUG 04-24 11:19:56.169285.169285 cuda_h.py:27] end **self_attn cost 1.500 ms
DEBUG 04-24 11:19:56.169875.169875 cuda_h.py:27] end *iln_self_attn_paln cost 1.966 ms
DEBUG 04-24 11:19:56.170992.170992 cuda_h.py:27] end gate cost 0.528 ms
DEBUG 04-24 11:19:56.170037.170037 cuda_h.py:27] end experts_map_get cost 0.264 ms
DEBUG 04-24 11:19:56.170204.170204 cuda_h.py:27] end *before experts start* cost 0.940 ms
DEBUG 04-24 11:19:56.171636.171636 cuda_h.py:27] end cpu_experts_submit_fused_mp cost 0.216 ms
DEBUG 04-24 11:19:56.172366.172366 cuda_h.py:27] end prepare_group_stack cost 0.544 ms
DEBUG 04-24 11:19:56.172723.172723 cuda_h.py:27] end *single cpu experts* cost 1.992 ms
DEBUG 04-24 11:19:56.173919.173919 cuda_h.py:27] end prepare_group_stack cost 0.390 ms
DEBUG 04-24 11:19:56.173517.173517 cuda_h.py:27] end prepare_group_stack cost 0.425 ms
DEBUG 04-24 11:19:56.173882.173882 cuda_h.py:27] end group stack cost 0.667 ms
DEBUG 04-24 11:19:56.173991.173991 cuda_h.py:27] end move_flatidxs_group_fused_mp cost 1.429 ms
DEBUG 04-24 11:19:56.173364.173364 cuda_h.py:27] end prepare_group_stack cost 0.403 ms
DEBUG 04-24 11:19:56.173580.173580 cuda_h.py:27] end get_fused_experts_names_w cost 0.017 ms
DEBUG 04-24 11:19:56.174608.174608 cuda_h.py:27] end group stack cost 0.966 ms
DEBUG 04-24 11:19:56.174060.174060 sllm_store_c.py:27] get device uuid map
DEBUG 04-24 11:19:56.174419.174419 cuda_h.py:27] end move_flatidxs_group_fused_mp cost 1.688 ms
DEBUG 04-24 11:19:56.174043.174043 sllm_store_c.py:29] call client load into gpu
DEBUG 04-24 11:19:56.174196.174196 cuda_h.py:27] end restore_fused_tensors cost 0.479 ms
DEBUG 04-24 11:19:56.174772.174772 cuda_h.py:27] end group stack cost 0.811 ms
DEBUG 04-24 11:19:56.174145.174145 cuda_h.py:27] end group stack cost 0.655 ms
DEBUG 04-24 11:19:56.174643.174643 cuda_h.py:27] end get_fused_experts_names_w cost 0.025 ms
DEBUG 04-24 11:19:56.174895.174895 cuda_h.py:27] end group_fused_tensors_mp cost 0.917 ms
DEBUG 04-24 11:19:56.174273.174273 cuda_h.py:27] end move_flatidxs_group_fused_mp cost 1.663 ms
DEBUG 04-24 11:19:56.174072.174072 cuda_h.py:27] end move_flatidxs_group_fused_mp cost 1.611 ms
DEBUG 04-24 11:19:56.174159.174159 cuda_h.py:27] end get_fused_experts_names_w cost 0.022 ms
DEBUG 04-24 11:19:56.175641.175641 cuda_h.py:27] end get_fused_experts_names_w cost 0.023 ms
DEBUG 04-24 11:19:56.175761.175761 cuda_h.py:27] end restore_fused_tensors cost 0.590 ms
DEBUG 04-24 11:19:56.175895.175895 cuda_h.py:27] end group_fused_tensors_mp cost 0.848 ms
DEBUG 04-24 11:19:56.175487.175487 cuda_h.py:27] end restore_fused_tensors cost 0.572 ms
DEBUG 04-24 11:19:56.175192.175192 cuda_h.py:27] end group_fused_tensors_mp cost 0.992 ms
DEBUG 04-24 11:19:56.175478.175478 cuda_h.py:27] end restore_fused_tensors cost 0.691 ms
DEBUG 04-24 11:19:56.176922.176922 cuda_h.py:27] end group_fused_tensors_mp cost 1.112 ms
DEBUG 04-24 11:19:56.179279.179279 cuda_h.py:27] end load_into_gpu_async_fused_experts_dual cost 5.220 ms
DEBUG 04-24 11:19:56.180180.180180 cuda_h.py:27] end restore_tensors2_fused_experts_packed cost 0.476 ms
DEBUG 04-24 11:19:56.181405.181405 cuda_h.py:27] end restore_tensors2_fused_experts_slices cost 0.625 ms
DEBUG 04-24 11:19:56.181089.181089 cuda_h.py:27] end allocate_experts_cuda_memory_and_restore_model_multi_device_fused cost 8.640 ms
DEBUG 04-24 11:19:56.182885.182885 cuda_h.py:27] end gpu_sexperts cost 0.014 ms
DEBUG 04-24 11:19:56.186307.186307 mlpmodule.py:3373] [fused_group_bmm][steps] bmm1=6.181 ms split=0.153 ms act_mul=0.449 ms bmm2=3.734 ms
DEBUG 04-24 11:19:56.187276.187276 cuda_h.py:27] end fused_group_bmm cost 11.070 ms
DEBUG 04-24 11:19:56.188842.188842 cuda_h.py:27] end gather_outputs_group_fused_mp cost 0.813 ms
DEBUG 04-24 11:19:56.188787.188787 mlpmodule.py:3373] [fused_group_bmm][steps] bmm1=6.882 ms split=0.173 ms act_mul=0.370 ms bmm2=5.588 ms
DEBUG 04-24 11:19:56.188822.188822 cuda_h.py:27] end fused_group_bmm cost 13.305 ms
DEBUG 04-24 11:19:56.188785.188785 cuda_h.py:27] end cpu_experts_worker_bmm_or_einsum_0 cost 15.928 ms
DEBUG 04-24 11:19:56.188350.188350 mlpmodule.py:3373] [fused_group_bmm][steps] bmm1=8.641 ms split=0.182 ms act_mul=0.271 ms bmm2=4.835 ms
DEBUG 04-24 11:19:56.189170.189170 cuda_h.py:27] end fused_group_bmm cost 14.321 ms
DEBUG 04-24 11:19:56.189434.189434 cuda_h.py:27] end gather_outputs_group_fused_mp cost 0.418 ms
DEBUG 04-24 11:19:56.189555.189555 cuda_h.py:27] end gather_outputs_group_fused_mp cost 0.438 ms
DEBUG 04-24 11:19:56.190577.190577 cuda_h.py:27] end cpu_experts_worker_bmm_or_einsum_3 cost 17.607 ms
DEBUG 04-24 11:19:56.190292.190292 cuda_h.py:27] end cpu_experts_worker_bmm_or_einsum_1 cost 18.340 ms
DEBUG 04-24 11:19:56.191603.191603 mlpmodule.py:3373] [fused_group_bmm][steps] bmm1=9.602 ms split=0.329 ms act_mul=0.627 ms bmm2=4.502 ms
DEBUG 04-24 11:19:56.191365.191365 cuda_h.py:27] end fused_group_bmm cost 15.301 ms
DEBUG 04-24 11:19:56.192650.192650 cuda_h.py:27] end gather_outputs_group_fused_mp cost 0.463 ms
DEBUG 04-24 11:19:56.192402.192402 cuda_h.py:27] end cpu_experts_worker_bmm_or_einsum_2 cost 19.944 ms
DEBUG 04-24 11:19:56.196070.196070 cuda_h.py:27] end prepare_per_device_parameters cost 14.367 ms
DEBUG 04-24 11:19:56.198860.198860 cuda_h.py:27] end wait_experts_multi_device cost 1.506 ms
DEBUG 04-24 11:19:56.198100.198100 cuda_h.py:27] end *before fused experts* cost 25.198 ms
DEBUG 04-24 11:19:56.203918.203918 cuda_h.py:27] end gpu_experts_multi_device_fused cost 4.812 ms
DEBUG 04-24 11:19:56.203312.203312 cuda_h.py:27] end *gpu experts* cost 30.129 ms
DEBUG 04-24 11:19:56.205838.205838 cuda_h.py:27] end cpu_experts_scatter_reduce cost 0.567 ms
DEBUG 04-24 11:19:56.205019.205019 cuda_h.py:27] end cpu_thread_manager_mp_wait_fused cost 1.891 ms
DEBUG 04-24 11:19:56.205253.205253 cuda_h.py:27] end layer_moe_generate_mp_multi_device_fused_l_30 cost 35.421 ms
DEBUG 04-24 11:19:56.206754.206754 cuda_h.py:27] end *mlp cost 36.141 ms
DEBUG 04-24 11:19:56.206796.206796 cuda_h.py:27] end prefill_layer cost 38.488 ms
DEBUG 04-24 11:19:56.206691.206691 lmp.py:341] -------------------------------- end prefill layer 29 --------------------------------
DEBUG 04-24 11:19:56.206771.206771 cuda_h.py:27] end prefill cost 1509.937 ms
INFO 04-24 11:19:56.206851.206851 lmp.py:343] prefill time: 1.5099563598632812 seconds
