here pin
INFO 04-23 21:57:48.099436.099436 pinpool.py:28] Initializing PinnedMemoryPool with 2GB total, allocating in 1024MB chunks...
INFO 04-23 21:57:48.874328.874328 pinpool.py:40] Allocated chunk 1: 536870912 elements (1024.0 MB)
INFO 04-23 21:57:49.534921.534921 pinpool.py:40] Allocated chunk 2: 536870912 elements (1024.0 MB)
INFO 04-23 21:57:49.534120.534120 pinpool.py:52] Successfully allocated 2 chunks, total 1073741824 elements (2048.0 MB) in 1.435s
Warming up 4 GPU(s)...
GPU 0 warmed up
GPU 1 warmed up
GPU 2 warmed up
GPU 3 warmed up
GPU warmup completed
Warming up 4 GPU(s)...
GPU 0 warmed up
GPU 1 warmed up
GPU 2 warmed up
GPU 3 warmed up
GPU warmup completed
Warming up 4 GPU(s)...
GPU 0 warmed up
GPU 1 warmed up
GPU 2 warmed up
GPU 3 warmed up
GPU warmup completed
DEBUG 04-23 21:57:56.724030.724030 cuda_memory_view.py:1180] 
DEBUG 04-23 21:57:56.724030.724030 cuda_memory_view.py:1180] restore_tensors_from_shared_memory_names time: 0.0026123523712158203
DEBUG 04-23 21:57:56.729054.729054 mlpmodule.py:927] restore_hm_state_dict2model loaded 150 expert tensors for Gemma4 model
DEBUG 04-23 21:57:56.729908.729908 cuda_h.py:27] end init_cmv_hmv cost 641.014 ms
here pin
INFO 04-23 21:57:58.259622.259622 pinpool.py:28] Initializing PinnedMemoryPool with 2GB total, allocating in 1024MB chunks...
INFO 04-23 21:57:59.237418.237418 pinpool.py:40] Allocated chunk 1: 536870912 elements (1024.0 MB)
INFO 04-23 21:57:59.757791.757791 pinpool.py:40] Allocated chunk 2: 536870912 elements (1024.0 MB)
INFO 04-23 21:57:59.757824.757824 pinpool.py:52] Successfully allocated 2 chunks, total 1073741824 elements (2048.0 MB) in 1.498s
[cpu_experts_worker pid=103749] entered (model_path='gemma4-26B-A4B' type='Gemma4')
DEBUG 04-23 21:58:04.742376.742376 cpu_thread_manager_mp.py:137] 初始化
DEBUG 04-23 21:58:04.780062.780062 cpu_thread_manager_mp.py:143] CPU experts MP worker: torch.set_num_threads(32) (LMP_MP_CPU_INTRAOP_THREADS / OMP_NUM_THREADS / default cap 32)
[cpu_experts_worker pid=103749] torch.set_num_threads(32) done
[cpu_experts_worker pid=103749] importing MLPModuleWrapper / HostMemoryView ...
[cpu_experts_worker pid=103749] imports done
[cpu_experts_worker pid=103749] MLPModuleWrapper(...) ...
[cpu_experts_worker pid=103749] init_chmv_meta_model(...) ...
[cpu_experts_worker pid=103749] HostMemoryView(...) ...
DEBUG 04-23 21:58:05.334209.334209 cuda_memory_view.py:1180] 
DEBUG 04-23 21:58:05.334209.334209 cuda_memory_view.py:1180] restore_tensors_from_shared_memory_names time: 0.0027282238006591797
DEBUG 04-23 21:58:05.340231.340231 mlpmodule.py:927] restore_hm_state_dict2model loaded 150 expert tensors for Gemma4 model
[cpu_experts_worker pid=103749] HostMemoryView ready
[cpu_experts_worker pid=103749] begin _test_group_bmm_fused_experts()
[test_group_bmm_fused_experts] start (print+flush; bypasses logging).
[test_group_bmm_fused_experts][half=noncontiguous] input_gen: 33.681 ms
[test_group_bmm_fused_experts][half=noncontiguous] gate_func: 7.094 ms
[test_group_bmm_fused_experts][half=noncontiguous] activated_experts_unique=128, routed_slots=4096 total experts = 128 (T=512, K=8)
[test_group_bmm_fused_experts][half=noncontiguous] choose_half_experts: 1.270 ms (E_total=128, E_half=64, experts=[18, 17, 54, 22, 28, 102, 114, 58, 70, 72, 7, 25, 39, 47, 60, 86, 15, 29, 24, 32, 91, 97, 121, 123, 124, 126, 0, 1, 5, 20, 36, 41, 53, 73, 9, 35, 64, 84, 89, 103, 8, 13, 19, 49, 52, 67, 68, 71, 81, 92, 99, 3, 4, 37, 63, 66, 87, 94, 96, 111, 125, 43, 45, 6], total_tokens=1711, max_tokens=32)
[test_group_bmm_fused_experts][half=noncontiguous] filter_slots_in_half: 0.550 ms (slots_in_half=1711, T=512, K=8)
[test_group_bmm_fused_experts][half=noncontiguous] gather_half_tokens: 1.139 ms
[test_group_bmm_fused_experts][half=noncontiguous] sort_by_expert: 1.181 ms
DEBUG 04-23 21:58:05.386016.386016 cuda_h.py:27] end get_fused_experts_names_w cost 0.032 ms
DEBUG 04-23 21:58:05.388913.388913 cuda_h.py:27] end restore_fused_tensors cost 1.251 ms
[test_group_bmm_fused_experts][half=noncontiguous] restore_group_fused_weights: 1.600 ms
[test_group_bmm_fused_experts][half=noncontiguous] transpose_contig: 0.031 ms
[test_group_bmm_fused_experts][half=noncontiguous] pad_pack: 3.706 ms
[test_group_bmm_fused_experts][half=noncontiguous] fused_group_bmm: 31.270 ms (bmm1=17.559 act+split=0.814 bmm2=9.176 unpad=3.722)
[test_group_bmm_fused_experts][half=noncontiguous] ref_mm_and_assert: 91.553 ms
[test_group_bmm_fused_experts][half=noncontiguous] unsort_and_weight: 0.544 ms
[test_group_bmm_fused_experts][half=noncontiguous] total: 174.601 ms (T=512, K=8, slots_in_half=1711, E_half=64)
[cpu_experts_worker pid=103749] end _test_group_bmm_fused_experts()
INFO 04-23 21:58:05.516589.516589 cpu_thread_manager_mp.py:181] CPU experts worker: _test_group_bmm_fused_experts() finished.
DEBUG 04-23 21:58:05.517425.517425 cuda_h.py:27] end init_mp_process cost 8784.748 ms
generate input ids cost 0.06354904174804688 s
DEBUG 04-23 21:58:10.282151.282151 cuda_h.py:27] end generate_input_ids cost 2754.363 ms
DEBUG 04-23 21:58:10.282971.282971 cuda_h.py:27] end init_cache cost 0.040 ms
DEBUG 04-23 21:58:10.282503.282503 cuda_h.py:27] end allocate_cuda_memory cost 0.218 ms
DEBUG 04-23 21:58:10.283446.283446 sllm_store_c.py:27] get device uuid map
DEBUG 04-23 21:58:10.283945.283945 sllm_store_c.py:29] call client load into gpu
DEBUG 04-23 21:58:10.285998.285998 cuda_h.py:27] end load_into_gpu_async cost 2.444 ms
DEBUG 04-23 21:58:10.285546.285546 cuda_h.py:27] end restore_tensors2 cost 0.045 ms
DEBUG 04-23 21:58:10.285163.285163 cuda_h.py:27] end allocate_cuda_memory_and_load_into_gpu cost 3.109 ms
DEBUG 04-23 21:58:10.285633.285633 cuda_h.py:27] end restore2model cost 0.176 ms
DEBUG 04-23 21:58:10.425732.425732 cuda_h.py:27] end allocate_cuda_memory cost 0.431 ms
DEBUG 04-23 21:58:10.426719.426719 sllm_store_c.py:27] get device uuid map
DEBUG 04-23 21:58:10.426813.426813 sllm_store_c.py:29] call client load into gpu
DEBUG 04-23 21:58:10.429751.429751 cuda_h.py:27] end load_into_gpu_async cost 3.103 ms
DEBUG 04-23 21:58:10.429576.429576 cuda_h.py:27] end restore_tensors2 cost 0.171 ms
DEBUG 04-23 21:58:10.430739.430739 cuda_h.py:27] end allocate_cuda_memory_and_load_into_gpu cost 5.613 ms
DEBUG 04-23 21:58:10.581810.581810 cuda_h.py:27] end restore2model cost 1.822 ms
DEBUG 04-23 21:58:10.582438.582438 cuda_h.py:27] end load_qkvogns_weight_l_0 cost 157.021 ms
DEBUG 04-23 21:58:10.582634.582634 cuda_h.py:27] end init_general_weights cost 299.633 ms
DEBUG 04-23 21:58:10.658636.658636 cuda_h.py:27] end init_inputs_tokens cost 76.203 ms
DEBUG 04-23 21:58:10.658508.658508 lmp.py:213] -------------------------------- start prefill layer 0 --------------------------------
DEBUG 04-23 21:58:10.659803.659803 cuda_h.py:27] end start_load_qkvogn_s_weight_l_1 cost 0.054 ms
DEBUG 04-23 21:58:10.687702.687702 cuda_h.py:27] end allocate_cuda_memory cost 28.427 ms
DEBUG 04-23 21:58:10.694568.694568 sllm_store_c.py:27] get device uuid map
DEBUG 04-23 21:58:10.695987.695987 sllm_store_c.py:29] call client load into gpu
DEBUG 04-23 21:58:10.699508.699508 cuda_h.py:27] end load_into_gpu_async cost 4.525 ms
DEBUG 04-23 21:58:10.699824.699824 cuda_h.py:27] end restore_tensors2 cost 0.186 ms
DEBUG 04-23 21:58:10.699745.699745 cuda_h.py:27] end allocate_cuda_memory_and_load_into_gpu cost 40.695 ms
DEBUG 04-23 21:58:10.709104.709104 cuda_h.py:27] end restore2model cost 1.383 ms
DEBUG 04-23 21:58:10.709182.709182 cuda_h.py:27] end sllm_worker_task cost 50.187 ms
DEBUG 04-23 21:58:10.811536.811536 cuda_h.py:27] end **self_attn cost 72.742 ms
DEBUG 04-23 21:58:10.811377.811377 cuda_h.py:27] end *iln_self_attn_paln cost 152.871 ms
DEBUG 04-23 21:58:10.895608.895608 cuda_h.py:27] end gate cost 83.813 ms
DEBUG 04-23 21:58:10.920930.920930 cuda_h.py:27] end experts_map_get cost 21.455 ms
DEBUG 04-23 21:58:10.921026.921026 cuda_h.py:27] end **before experts start cost 108.979 ms
DEBUG 04-23 21:58:10.921201.921201 cuda_h.py:27] end cpu_experts_submit_fused_mp cost 0.447 ms
DEBUG 04-23 21:58:10.923026.923026 sllm_store_c.py:27] get device uuid map
DEBUG 04-23 21:58:10.923433.923433 sllm_store_c.py:29] call client load into gpu
DEBUG 04-23 21:58:10.927562.927562 cuda_h.py:27] end load_into_gpu_async_fused_experts_dual cost 3.348 ms
DEBUG 04-23 21:58:10.927487.927487 cuda_h.py:27] end restore_tensors2_fused_experts_packed cost 0.053 ms
DEBUG 04-23 21:58:10.927997.927997 cuda_h.py:27] end restore_tensors2_fused_experts_slices cost 0.161 ms
DEBUG 04-23 21:58:10.927974.927974 cuda_h.py:27] end allocate_experts_cuda_memory_and_restore_model_multi_device_fused cost 4.618 ms
DEBUG 04-23 21:58:10.927591.927591 cuda_h.py:27] end gpu_sexperts cost 0.004 ms
DEBUG 04-23 21:58:10.927367.927367 cuda_h.py:27] end wait_load_qkvogn_s_weight cost 0.017 ms
DEBUG 04-23 21:58:10.948184.948184 cuda_h.py:27] end prepare_group_stack cost 23.372 ms
DEBUG 04-23 21:58:10.958216.958216 cuda_h.py:27] end group stack cost 10.122 ms
DEBUG 04-23 21:58:10.958929.958929 cuda_h.py:27] end move_flatidxs_group_fused_mp cost 33.791 ms
DEBUG 04-23 21:58:10.958150.958150 cuda_h.py:27] end get_fused_experts_names_w cost 0.017 ms
DEBUG 04-23 21:58:10.960793.960793 cuda_h.py:27] end restore_fused_tensors cost 1.249 ms
DEBUG 04-23 21:58:10.960709.960709 cuda_h.py:27] end group_fused_tensors_mp cost 1.696 ms
DEBUG 04-23 21:58:10.970406.970406 cuda_h.py:27] end wait_experts_multi_device cost 3.047 ms
DEBUG 04-23 21:58:10.991253.991253 mlpmodule.py:3370] [fused_group_bmm][steps] bmm1=19.969 ms split=0.074 ms act_mul=0.704 ms bmm2=10.002 ms
DEBUG 04-23 21:58:10.991412.991412 cuda_h.py:27] end fused_group_bmm cost 31.171 ms
DEBUG 04-23 21:58:10.992927.992927 cuda_h.py:27] end gather_outputs_group_fused_mp cost 0.891 ms
DEBUG 04-23 21:58:10.994847.994847 cuda_h.py:27] end cpu_experts_worker_bmm_or_einsum cost 69.759 ms
DEBUG 04-23 21:58:11.024397.024397 cuda_h.py:27] end gpu_experts_multi_device_fused cost 53.540 ms
DEBUG 04-23 21:58:11.025203.025203 cuda_h.py:27] end cpu_thread_manager_mp_wait_fused cost 1.195 ms
DEBUG 04-23 21:58:11.025128.025128 cuda_h.py:27] end layer_moe_generate_mp_multi_device_fused_l_1 cost 213.477 ms
DEBUG 04-23 21:58:11.026753.026753 cuda_h.py:27] end *mlp cost 214.360 ms
DEBUG 04-23 21:58:11.026179.026179 cuda_h.py:27] end prefill_layer cost 367.781 ms
DEBUG 04-23 21:58:11.026313.026313 lmp.py:260] -------------------------------- end prefill layer 0 --------------------------------
DEBUG 04-23 21:58:11.026870.026870 lmp.py:213] -------------------------------- start prefill layer 1 --------------------------------
DEBUG 04-23 21:58:11.026787.026787 cuda_h.py:27] end start_load_qkvogn_s_weight_l_2 cost 0.042 ms
DEBUG 04-23 21:58:11.027884.027884 cuda_h.py:27] end allocate_cuda_memory cost 0.212 ms
DEBUG 04-23 21:58:11.027555.027555 sllm_store_c.py:27] get device uuid map
DEBUG 04-23 21:58:11.027221.027221 sllm_store_c.py:29] call client load into gpu
DEBUG 04-23 21:58:11.029107.029107 cuda_h.py:27] end **self_attn cost 1.800 ms
DEBUG 04-23 21:58:11.029368.029368 cuda_h.py:27] end *iln_self_attn_paln cost 2.974 ms
DEBUG 04-23 21:58:11.029684.029684 cuda_h.py:27] end load_into_gpu_async cost 2.654 ms
DEBUG 04-23 21:58:11.030048.030048 cuda_h.py:27] end restore_tensors2 cost 0.101 ms
DEBUG 04-23 21:58:11.030502.030502 cuda_h.py:27] end allocate_cuda_memory_and_load_into_gpu cost 3.496 ms
DEBUG 04-23 21:58:11.030273.030273 cuda_h.py:27] end gate cost 1.053 ms
DEBUG 04-23 21:58:11.031226.031226 cuda_h.py:27] end experts_map_get cost 0.293 ms
DEBUG 04-23 21:58:11.031632.031632 cuda_h.py:27] end **before experts start cost 1.504 ms
DEBUG 04-23 21:58:11.031468.031468 cuda_h.py:27] end cpu_experts_submit_fused_mp cost 0.028 ms
DEBUG 04-23 21:58:11.032705.032705 sllm_store_c.py:27] get device uuid map
DEBUG 04-23 21:58:11.033230.033230 sllm_store_c.py:29] call client load into gpu
DEBUG 04-23 21:58:11.034819.034819 cuda_h.py:27] end prepare_group_stack cost 0.828 ms
DEBUG 04-23 21:58:11.039349.039349 cuda_h.py:27] end restore2model cost 1.421 ms
DEBUG 04-23 21:58:11.039960.039960 cuda_h.py:27] end group stack cost 4.649 ms
DEBUG 04-23 21:58:11.039540.039540 cuda_h.py:27] end sllm_worker_task cost 13.108 ms
DEBUG 04-23 21:58:11.039802.039802 cuda_h.py:27] end move_flatidxs_group_fused_mp cost 5.899 ms
DEBUG 04-23 21:58:11.040235.040235 cuda_h.py:27] end load_into_gpu_async_fused_experts_dual cost 7.127 ms
DEBUG 04-23 21:58:11.040201.040201 cuda_h.py:27] end restore_tensors2_fused_experts_packed cost 0.060 ms
DEBUG 04-23 21:58:11.040605.040605 cuda_h.py:27] end get_fused_experts_names_w cost 0.033 ms
DEBUG 04-23 21:58:11.040502.040502 cuda_h.py:27] end restore_tensors2_fused_experts_slices cost 0.267 ms
DEBUG 04-23 21:58:11.040497.040497 cuda_h.py:27] end allocate_experts_cuda_memory_and_restore_model_multi_device_fused cost 9.525 ms
DEBUG 04-23 21:58:11.040075.040075 cuda_h.py:27] end gpu_sexperts cost 0.003 ms
DEBUG 04-23 21:58:11.040305.040305 cuda_h.py:27] end wait_load_qkvogn_s_weight cost 0.015 ms
DEBUG 04-23 21:58:11.043199.043199 cuda_h.py:27] end restore_fused_tensors cost 3.234 ms
DEBUG 04-23 21:58:11.043018.043018 cuda_h.py:27] end group_fused_tensors_mp cost 3.680 ms
DEBUG 04-23 21:58:11.066232.066232 cuda_h.py:27] end wait_experts_multi_device cost 14.836 ms
DEBUG 04-23 21:58:11.073466.073466 cuda_h.py:27] end gpu_experts_multi_device_fused cost 6.957 ms
DEBUG 04-23 21:58:11.082069.082069 mlpmodule.py:3370] [fused_group_bmm][steps] bmm1=27.562 ms split=0.055 ms act_mul=0.420 ms bmm2=10.260 ms
DEBUG 04-23 21:58:11.082267.082267 cuda_h.py:27] end fused_group_bmm cost 38.500 ms
DEBUG 04-23 21:58:11.084680.084680 cuda_h.py:27] end gather_outputs_group_fused_mp cost 1.401 ms
DEBUG 04-23 21:58:11.084693.084693 cuda_h.py:27] end cpu_experts_worker_bmm_or_einsum cost 50.469 ms
DEBUG 04-23 21:58:11.086254.086254 cuda_h.py:27] end cpu_thread_manager_mp_wait_fused cost 12.690 ms
DEBUG 04-23 21:58:11.086094.086094 cuda_h.py:27] end layer_moe_generate_mp_multi_device_fused_l_2 cost 56.828 ms
DEBUG 04-23 21:58:11.087974.087974 cuda_h.py:27] end *mlp cost 57.405 ms
DEBUG 04-23 21:58:11.087222.087222 cuda_h.py:27] end prefill_layer cost 60.545 ms
DEBUG 04-23 21:58:11.087792.087792 lmp.py:260] -------------------------------- end prefill layer 1 --------------------------------
DEBUG 04-23 21:58:11.087741.087741 lmp.py:213] -------------------------------- start prefill layer 2 --------------------------------
DEBUG 04-23 21:58:11.087592.087592 cuda_h.py:27] end start_load_qkvogn_s_weight_l_3 cost 0.054 ms
DEBUG 04-23 21:58:11.087849.087849 cuda_h.py:27] end allocate_cuda_memory cost 0.197 ms
DEBUG 04-23 21:58:11.087246.087246 sllm_store_c.py:27] get device uuid map
DEBUG 04-23 21:58:11.087217.087217 sllm_store_c.py:29] call client load into gpu
DEBUG 04-23 21:58:11.090734.090734 cuda_h.py:27] end load_into_gpu_async cost 2.325 ms
DEBUG 04-23 21:58:11.090482.090482 cuda_h.py:27] end restore_tensors2 cost 0.088 ms
DEBUG 04-23 21:58:11.090748.090748 cuda_h.py:27] end **self_attn cost 1.988 ms
DEBUG 04-23 21:58:11.092920.092920 cuda_h.py:27] end allocate_cuda_memory_and_load_into_gpu cost 4.991 ms
DEBUG 04-23 21:58:11.092423.092423 cuda_h.py:27] end *iln_self_attn_paln cost 5.524 ms
DEBUG 04-23 21:58:11.093740.093740 cuda_h.py:27] end gate cost 0.672 ms
DEBUG 04-23 21:58:11.094605.094605 cuda_h.py:27] end experts_map_get cost 0.389 ms
DEBUG 04-23 21:58:11.094355.094355 cuda_h.py:27] end **before experts start cost 1.242 ms
DEBUG 04-23 21:58:11.094973.094973 cuda_h.py:27] end cpu_experts_submit_fused_mp cost 0.037 ms
DEBUG 04-23 21:58:11.096842.096842 sllm_store_c.py:27] get device uuid map
DEBUG 04-23 21:58:11.096309.096309 sllm_store_c.py:29] call client load into gpu
DEBUG 04-23 21:58:11.097189.097189 cuda_h.py:27] end prepare_group_stack cost 0.623 ms
DEBUG 04-23 21:58:11.098093.098093 cuda_h.py:27] end restore2model cost 0.602 ms
DEBUG 04-23 21:58:11.098419.098419 cuda_h.py:27] end sllm_worker_task cost 11.618 ms
DEBUG 04-23 21:58:11.099305.099305 cuda_h.py:27] end group stack cost 2.388 ms
DEBUG 04-23 21:58:11.100393.100393 cuda_h.py:27] end load_into_gpu_async_fused_experts_dual cost 3.775 ms
DEBUG 04-23 21:58:11.101250.101250 cuda_h.py:27] end move_flatidxs_group_fused_mp cost 4.826 ms
DEBUG 04-23 21:58:11.101536.101536 cuda_h.py:27] end restore_tensors2_fused_experts_packed cost 0.060 ms
DEBUG 04-23 21:58:11.101339.101339 cuda_h.py:27] end get_fused_experts_names_w cost 0.018 ms
DEBUG 04-23 21:58:11.101587.101587 cuda_h.py:27] end restore_tensors2_fused_experts_slices cost 0.276 ms
DEBUG 04-23 21:58:11.101721.101721 cuda_h.py:27] end allocate_experts_cuda_memory_and_restore_model_multi_device_fused cost 7.207 ms
DEBUG 04-23 21:58:11.101006.101006 cuda_h.py:27] end gpu_sexperts cost 0.004 ms
DEBUG 04-23 21:58:11.101405.101405 cuda_h.py:27] end wait_load_qkvogn_s_weight cost 0.014 ms
DEBUG 04-23 21:58:11.103475.103475 cuda_h.py:27] end restore_fused_tensors cost 1.442 ms
DEBUG 04-23 21:58:11.103610.103610 cuda_h.py:27] end group_fused_tensors_mp cost 1.800 ms
DEBUG 04-23 21:58:11.127618.127618 cuda_h.py:27] end wait_experts_multi_device cost 13.305 ms
DEBUG 04-23 21:58:11.136398.136398 cuda_h.py:27] end gpu_experts_multi_device_fused cost 8.993 ms
DEBUG 04-23 21:58:11.142844.142844 mlpmodule.py:3370] [fused_group_bmm][steps] bmm1=27.792 ms split=0.077 ms act_mul=0.469 ms bmm2=10.577 ms
DEBUG 04-23 21:58:11.142461.142461 cuda_h.py:27] end fused_group_bmm cost 39.151 ms
DEBUG 04-23 21:58:11.143313.143313 cuda_h.py:27] end gather_outputs_group_fused_mp cost 1.068 ms
DEBUG 04-23 21:58:11.144944.144944 cuda_h.py:27] end cpu_experts_worker_bmm_or_einsum cost 48.775 ms
DEBUG 04-23 21:58:11.145150.145150 cuda_h.py:27] end cpu_thread_manager_mp_wait_fused cost 8.440 ms
DEBUG 04-23 21:58:11.145758.145758 cuda_h.py:27] end layer_moe_generate_mp_multi_device_fused_l_3 cost 52.835 ms
DEBUG 04-23 21:58:11.146029.146029 cuda_h.py:27] end *mlp cost 53.420 ms
DEBUG 04-23 21:58:11.146184.146184 cuda_h.py:27] end prefill_layer cost 59.139 ms
DEBUG 04-23 21:58:11.146563.146563 lmp.py:260] -------------------------------- end prefill layer 2 --------------------------------
DEBUG 04-23 21:58:11.146034.146034 lmp.py:213] -------------------------------- start prefill layer 3 --------------------------------
DEBUG 04-23 21:58:11.146111.146111 cuda_h.py:27] end start_load_qkvogn_s_weight_l_4 cost 0.054 ms
DEBUG 04-23 21:58:11.147856.147856 cuda_h.py:27] end allocate_cuda_memory cost 0.198 ms
DEBUG 04-23 21:58:11.147670.147670 sllm_store_c.py:27] get device uuid map
DEBUG 04-23 21:58:11.148411.148411 sllm_store_c.py:29] call client load into gpu
DEBUG 04-23 21:58:11.149258.149258 cuda_h.py:27] end **self_attn cost 1.848 ms
DEBUG 04-23 21:58:11.149001.149001 cuda_h.py:27] end *iln_self_attn_paln cost 3.322 ms
DEBUG 04-23 21:58:11.150490.150490 cuda_h.py:27] end gate cost 0.664 ms
DEBUG 04-23 21:58:11.151234.151234 cuda_h.py:27] end experts_map_get cost 0.373 ms
DEBUG 04-23 21:58:11.151177.151177 cuda_h.py:27] end **before experts start cost 1.217 ms
DEBUG 04-23 21:58:11.151457.151457 cuda_h.py:27] end cpu_experts_submit_fused_mp cost 0.033 ms
DEBUG 04-23 21:58:11.153948.153948 cuda_h.py:27] end prepare_group_stack cost 0.600 ms
DEBUG 04-23 21:58:11.154934.154934 sllm_store_c.py:27] get device uuid map
DEBUG 04-23 21:58:11.154680.154680 cuda_h.py:27] end load_into_gpu_async cost 7.623 ms
DEBUG 04-23 21:58:11.154399.154399 sllm_store_c.py:29] call client load into gpu
DEBUG 04-23 21:58:11.155522.155522 cuda_h.py:27] end restore_tensors2 cost 0.090 ms
DEBUG 04-23 21:58:11.155684.155684 cuda_h.py:27] end allocate_cuda_memory_and_load_into_gpu cost 8.967 ms
DEBUG 04-23 21:58:11.155898.155898 cuda_h.py:27] end group stack cost 2.372 ms
DEBUG 04-23 21:58:11.156086.156086 cuda_h.py:27] end move_flatidxs_group_fused_mp cost 3.351 ms
DEBUG 04-23 21:58:11.156345.156345 cuda_h.py:27] end get_fused_experts_names_w cost 0.018 ms
DEBUG 04-23 21:58:11.157406.157406 cuda_h.py:27] end restore_fused_tensors cost 1.377 ms
DEBUG 04-23 21:58:11.157110.157110 cuda_h.py:27] end group_fused_tensors_mp cost 1.497 ms
DEBUG 04-23 21:58:11.158151.158151 cuda_h.py:27] end load_into_gpu_async_fused_experts_dual cost 3.320 ms
DEBUG 04-23 21:58:11.159126.159126 cuda_h.py:27] end restore_tensors2_fused_experts_packed cost 0.131 ms
DEBUG 04-23 21:58:11.160176.160176 cuda_h.py:27] end restore_tensors2_fused_experts_slices cost 0.539 ms
DEBUG 04-23 21:58:11.160978.160978 cuda_h.py:27] end allocate_experts_cuda_memory_and_restore_model_multi_device_fused cost 8.880 ms
DEBUG 04-23 21:58:11.161055.161055 cuda_h.py:27] end gpu_sexperts cost 0.009 ms
DEBUG 04-23 21:58:11.162773.162773 cuda_h.py:27] end restore2model cost 1.310 ms
DEBUG 04-23 21:58:11.163774.163774 cuda_h.py:27] end sllm_worker_task cost 16.559 ms
DEBUG 04-23 21:58:11.163686.163686 cuda_h.py:27] end wait_load_qkvogn_s_weight cost 2.646 ms
DEBUG 04-23 21:58:11.183542.183542 cuda_h.py:27] end wait_experts_multi_device cost 3.268 ms
DEBUG 04-23 21:58:11.194798.194798 cuda_h.py:27] end gpu_experts_multi_device_fused cost 10.193 ms
DEBUG 04-23 21:58:11.195491.195491 mlpmodule.py:3370] [fused_group_bmm][steps] bmm1=26.903 ms split=0.077 ms act_mul=0.465 ms bmm2=10.317 ms
DEBUG 04-23 21:58:11.195192.195192 cuda_h.py:27] end fused_group_bmm cost 37.951 ms
DEBUG 04-23 21:58:11.196763.196763 cuda_h.py:27] end gather_outputs_group_fused_mp cost 0.969 ms
DEBUG 04-23 21:58:11.197331.197331 cuda_h.py:27] end cpu_experts_worker_bmm_or_einsum cost 44.932 ms
DEBUG 04-23 21:58:11.198662.198662 cuda_h.py:27] end cpu_thread_manager_mp_wait_fused cost 4.424 ms
DEBUG 04-23 21:58:11.199638.199638 cuda_h.py:27] end layer_moe_generate_mp_multi_device_fused_l_4 cost 49.026 ms
DEBUG 04-23 21:58:11.199750.199750 cuda_h.py:27] end *mlp cost 49.601 ms
DEBUG 04-23 21:58:11.199555.199555 cuda_h.py:27] end prefill_layer cost 53.331 ms
DEBUG 04-23 21:58:11.199841.199841 lmp.py:260] -------------------------------- end prefill layer 3 --------------------------------
DEBUG 04-23 21:58:11.199551.199551 lmp.py:213] -------------------------------- start prefill layer 4 --------------------------------
DEBUG 04-23 21:58:11.199779.199779 cuda_h.py:27] end start_load_qkvogn_s_weight_l_5 cost 0.051 ms
DEBUG 04-23 21:58:11.200862.200862 cuda_h.py:27] end allocate_cuda_memory cost 0.201 ms
DEBUG 04-23 21:58:11.200829.200829 sllm_store_c.py:27] get device uuid map
DEBUG 04-23 21:58:11.200895.200895 sllm_store_c.py:29] call client load into gpu
DEBUG 04-23 21:58:11.202966.202966 cuda_h.py:27] end load_into_gpu_async cost 2.311 ms
DEBUG 04-23 21:58:11.202908.202908 cuda_h.py:27] end **self_attn cost 1.866 ms
DEBUG 04-23 21:58:11.202092.202092 cuda_h.py:27] end restore_tensors2 cost 0.090 ms
DEBUG 04-23 21:58:11.203629.203629 cuda_h.py:27] end allocate_cuda_memory_and_load_into_gpu cost 3.168 ms
DEBUG 04-23 21:58:11.203123.203123 cuda_h.py:27] end *iln_self_attn_paln cost 3.616 ms
DEBUG 04-23 21:58:11.204586.204586 cuda_h.py:27] end gate cost 0.675 ms
DEBUG 04-23 21:58:11.204444.204444 cuda_h.py:27] end experts_map_get cost 0.384 ms
DEBUG 04-23 21:58:11.204909.204909 cuda_h.py:27] end **before experts start cost 1.241 ms
DEBUG 04-23 21:58:11.204342.204342 cuda_h.py:27] end cpu_experts_submit_fused_mp cost 0.041 ms
DEBUG 04-23 21:58:11.207723.207723 sllm_store_c.py:27] get device uuid map
DEBUG 04-23 21:58:11.207425.207425 cuda_h.py:27] end prepare_group_stack cost 0.613 ms
DEBUG 04-23 21:58:11.208561.208561 sllm_store_c.py:29] call client load into gpu
DEBUG 04-23 21:58:11.210241.210241 cuda_h.py:27] end group stack cost 2.522 ms
DEBUG 04-23 21:58:11.210668.210668 cuda_h.py:27] end move_flatidxs_group_fused_mp cost 3.336 ms
DEBUG 04-23 21:58:11.210127.210127 cuda_h.py:27] end get_fused_experts_names_w cost 0.017 ms
DEBUG 04-23 21:58:11.212933.212933 cuda_h.py:27] end restore_fused_tensors cost 1.420 ms
DEBUG 04-23 21:58:11.212790.212790 cuda_h.py:27] end group_fused_tensors_mp cost 1.808 ms
DEBUG 04-23 21:58:11.214261.214261 cuda_h.py:27] end restore2model cost 1.130 ms
DEBUG 04-23 21:58:11.214951.214951 cuda_h.py:27] end sllm_worker_task cost 14.949 ms
DEBUG 04-23 21:58:11.215909.215909 cuda_h.py:27] end load_into_gpu_async_fused_experts_dual cost 7.532 ms
DEBUG 04-23 21:58:11.216669.216669 cuda_h.py:27] end restore_tensors2_fused_experts_packed cost 0.199 ms
DEBUG 04-23 21:58:11.216595.216595 cuda_h.py:27] end restore_tensors2_fused_experts_slices cost 0.582 ms
DEBUG 04-23 21:58:11.217887.217887 cuda_h.py:27] end allocate_experts_cuda_memory_and_restore_model_multi_device_fused cost 11.773 ms
DEBUG 04-23 21:58:11.217167.217167 cuda_h.py:27] end gpu_sexperts cost 0.011 ms
DEBUG 04-23 21:58:11.217120.217120 cuda_h.py:27] end wait_load_qkvogn_s_weight cost 0.043 ms
DEBUG 04-23 21:58:11.239734.239734 cuda_h.py:27] end wait_experts_multi_device cost 8.769 ms
DEBUG 04-23 21:58:11.245620.245620 cuda_h.py:27] end gpu_experts_multi_device_fused cost 5.520 ms
DEBUG 04-23 21:58:11.251185.251185 mlpmodule.py:3370] [fused_group_bmm][steps] bmm1=27.545 ms split=0.075 ms act_mul=0.477 ms bmm2=10.478 ms
DEBUG 04-23 21:58:11.251980.251980 cuda_h.py:27] end fused_group_bmm cost 38.801 ms
DEBUG 04-23 21:58:11.252827.252827 cuda_h.py:27] end gather_outputs_group_fused_mp cost 1.308 ms
DEBUG 04-23 21:58:11.252449.252449 cuda_h.py:27] end cpu_experts_worker_bmm_or_einsum cost 46.711 ms
DEBUG 04-23 21:58:11.254113.254113 cuda_h.py:27] end cpu_thread_manager_mp_wait_fused cost 9.091 ms
DEBUG 04-23 21:58:11.254967.254967 cuda_h.py:27] end layer_moe_generate_mp_multi_device_fused_l_5 cost 51.421 ms
DEBUG 04-23 21:58:11.255761.255761 cuda_h.py:27] end *mlp cost 52.006 ms
DEBUG 04-23 21:58:11.255441.255441 cuda_h.py:27] end prefill_layer cost 55.851 ms
DEBUG 04-23 21:58:11.255204.255204 lmp.py:260] -------------------------------- end prefill layer 4 --------------------------------
DEBUG 04-23 21:58:11.255706.255706 lmp.py:213] -------------------------------- start prefill layer 5 --------------------------------
DEBUG 04-23 21:58:11.255749.255749 cuda_h.py:27] end start_load_qkvogn_s_weight_l_6 cost 0.054 ms
DEBUG 04-23 21:58:11.256587.256587 cuda_h.py:27] end allocate_cuda_memory cost 0.194 ms
DEBUG 04-23 21:58:11.256454.256454 sllm_store_c.py:27] get device uuid map
DEBUG 04-23 21:58:11.256761.256761 sllm_store_c.py:29] call client load into gpu
DEBUG 04-23 21:58:11.258650.258650 cuda_h.py:27] end load_into_gpu_async cost 2.104 ms
DEBUG 04-23 21:58:11.258896.258896 cuda_h.py:27] end restore_tensors2 cost 0.113 ms
DEBUG 04-23 21:58:11.258718.258718 cuda_h.py:27] end allocate_cuda_memory_and_load_into_gpu cost 2.972 ms
DEBUG 04-23 21:58:11.267565.267565 cuda_h.py:27] end restore2model cost 0.489 ms
DEBUG 04-23 21:58:11.267222.267222 cuda_h.py:27] end sllm_worker_task cost 11.322 ms
DEBUG 04-23 21:58:11.292742.292742 cuda_h.py:27] end **self_attn cost 35.528 ms
DEBUG 04-23 21:58:11.292700.292700 cuda_h.py:27] end *iln_self_attn_paln cost 36.968 ms
DEBUG 04-23 21:58:11.294798.294798 cuda_h.py:27] end gate cost 1.050 ms
DEBUG 04-23 21:58:11.294906.294906 cuda_h.py:27] end experts_map_get cost 0.326 ms
DEBUG 04-23 21:58:11.294126.294126 cuda_h.py:27] end **before experts start cost 1.556 ms
DEBUG 04-23 21:58:11.294062.294062 cuda_h.py:27] end cpu_experts_submit_fused_mp cost 0.031 ms
DEBUG 04-23 21:58:11.296971.296971 sllm_store_c.py:27] get device uuid map
DEBUG 04-23 21:58:11.296159.296159 sllm_store_c.py:29] call client load into gpu
DEBUG 04-23 21:58:11.296267.296267 cuda_h.py:27] end prepare_group_stack cost 0.922 ms
DEBUG 04-23 21:58:11.299821.299821 cuda_h.py:27] end load_into_gpu_async_fused_experts_dual cost 3.052 ms
DEBUG 04-23 21:58:11.299905.299905 cuda_h.py:27] end restore_tensors2_fused_experts_packed cost 0.066 ms
DEBUG 04-23 21:58:11.299247.299247 cuda_h.py:27] end restore_tensors2_fused_experts_slices cost 0.281 ms
DEBUG 04-23 21:58:11.300073.300073 cuda_h.py:27] end allocate_experts_cuda_memory_and_restore_model_multi_device_fused cost 5.502 ms
DEBUG 04-23 21:58:11.300127.300127 cuda_h.py:27] end gpu_sexperts cost 0.004 ms
DEBUG 04-23 21:58:11.300149.300149 cuda_h.py:27] end wait_load_qkvogn_s_weight cost 0.017 ms
DEBUG 04-23 21:58:11.301497.301497 cuda_h.py:27] end group stack cost 4.297 ms
DEBUG 04-23 21:58:11.301823.301823 cuda_h.py:27] end move_flatidxs_group_fused_mp cost 5.686 ms
DEBUG 04-23 21:58:11.301805.301805 cuda_h.py:27] end get_fused_experts_names_w cost 0.031 ms
DEBUG 04-23 21:58:11.304967.304967 cuda_h.py:27] end restore_fused_tensors cost 3.148 ms
DEBUG 04-23 21:58:11.305925.305925 cuda_h.py:27] end group_fused_tensors_mp cost 3.426 ms
DEBUG 04-23 21:58:11.321313.321313 cuda_h.py:27] end wait_experts_multi_device cost 9.999 ms
DEBUG 04-23 21:58:11.329099.329099 cuda_h.py:27] end gpu_experts_multi_device_fused cost 7.485 ms
DEBUG 04-23 21:58:11.340479.340479 mlpmodule.py:3370] [fused_group_bmm][steps] bmm1=24.889 ms split=0.066 ms act_mul=0.535 ms bmm2=10.011 ms
DEBUG 04-23 21:58:11.341943.341943 cuda_h.py:27] end fused_group_bmm cost 35.731 ms
DEBUG 04-23 21:58:11.342627.342627 cuda_h.py:27] end gather_outputs_group_fused_mp cost 0.980 ms
DEBUG 04-23 21:58:11.342430.342430 cuda_h.py:27] end cpu_experts_worker_bmm_or_einsum cost 46.959 ms
DEBUG 04-23 21:58:11.344282.344282 cuda_h.py:27] end cpu_thread_manager_mp_wait_fused cost 14.137 ms
DEBUG 04-23 21:58:11.344632.344632 cuda_h.py:27] end layer_moe_generate_mp_multi_device_fused_l_6 cost 51.472 ms
DEBUG 04-23 21:58:11.345106.345106 cuda_h.py:27] end *mlp cost 52.179 ms
DEBUG 04-23 21:58:11.345161.345161 cuda_h.py:27] end prefill_layer cost 89.556 ms
DEBUG 04-23 21:58:11.345493.345493 lmp.py:260] -------------------------------- end prefill layer 5 --------------------------------
DEBUG 04-23 21:58:11.345372.345372 lmp.py:213] -------------------------------- start prefill layer 6 --------------------------------
DEBUG 04-23 21:58:11.345561.345561 cuda_h.py:27] end start_load_qkvogn_s_weight_l_7 cost 0.054 ms
DEBUG 04-23 21:58:11.346830.346830 cuda_h.py:27] end allocate_cuda_memory cost 0.229 ms
DEBUG 04-23 21:58:11.346320.346320 sllm_store_c.py:27] get device uuid map
DEBUG 04-23 21:58:11.346346.346346 sllm_store_c.py:29] call client load into gpu
DEBUG 04-23 21:58:11.348794.348794 cuda_h.py:27] end load_into_gpu_async cost 2.278 ms
DEBUG 04-23 21:58:11.348534.348534 cuda_h.py:27] end restore_tensors2 cost 0.095 ms
DEBUG 04-23 21:58:11.348360.348360 cuda_h.py:27] end **self_attn cost 2.052 ms
DEBUG 04-23 21:58:11.348661.348661 cuda_h.py:27] end allocate_cuda_memory_and_load_into_gpu cost 3.136 ms
DEBUG 04-23 21:58:11.349330.349330 cuda_h.py:27] end *iln_self_attn_paln cost 3.863 ms
DEBUG 04-23 21:58:11.350441.350441 cuda_h.py:27] end gate cost 0.662 ms
DEBUG 04-23 21:58:11.350968.350968 cuda_h.py:27] end experts_map_get cost 0.387 ms
DEBUG 04-23 21:58:11.350526.350526 cuda_h.py:27] end **before experts start cost 1.227 ms
DEBUG 04-23 21:58:11.350760.350760 cuda_h.py:27] end cpu_experts_submit_fused_mp cost 0.034 ms
DEBUG 04-23 21:58:11.353744.353744 cuda_h.py:27] end prepare_group_stack cost 0.583 ms
DEBUG 04-23 21:58:11.355877.355877 sllm_store_c.py:27] get device uuid map
DEBUG 04-23 21:58:11.355536.355536 sllm_store_c.py:29] call client load into gpu
DEBUG 04-23 21:58:11.355689.355689 cuda_h.py:27] end group stack cost 2.361 ms
DEBUG 04-23 21:58:11.355302.355302 cuda_h.py:27] end move_flatidxs_group_fused_mp cost 3.224 ms
DEBUG 04-23 21:58:11.356772.356772 cuda_h.py:27] end get_fused_experts_names_w cost 0.018 ms
DEBUG 04-23 21:58:11.357815.357815 cuda_h.py:27] end restore2model cost 0.595 ms
DEBUG 04-23 21:58:11.357479.357479 cuda_h.py:27] end sllm_worker_task cost 11.752 ms
DEBUG 04-23 21:58:11.357397.357397 cuda_h.py:27] end restore_fused_tensors cost 1.405 ms
DEBUG 04-23 21:58:11.357248.357248 cuda_h.py:27] end group_fused_tensors_mp cost 1.565 ms
DEBUG 04-23 21:58:11.358951.358951 cuda_h.py:27] end load_into_gpu_async_fused_experts_dual cost 2.792 ms
DEBUG 04-23 21:58:11.358182.358182 cuda_h.py:27] end restore_tensors2_fused_experts_packed cost 0.079 ms
DEBUG 04-23 21:58:11.359929.359929 cuda_h.py:27] end restore_tensors2_fused_experts_slices cost 0.515 ms
DEBUG 04-23 21:58:11.359924.359924 cuda_h.py:27] end allocate_experts_cuda_memory_and_restore_model_multi_device_fused cost 6.272 ms
DEBUG 04-23 21:58:11.359005.359005 cuda_h.py:27] end gpu_sexperts cost 0.009 ms
DEBUG 04-23 21:58:11.360155.360155 cuda_h.py:27] end wait_load_qkvogn_s_weight cost 0.030 ms
DEBUG 04-23 21:58:11.383316.383316 cuda_h.py:27] end wait_experts_multi_device cost 6.547 ms
DEBUG 04-23 21:58:11.394256.394256 cuda_h.py:27] end gpu_experts_multi_device_fused cost 10.843 ms
DEBUG 04-23 21:58:11.396399.396399 mlpmodule.py:3370] [fused_group_bmm][steps] bmm1=27.123 ms split=0.068 ms act_mul=0.400 ms bmm2=11.016 ms
DEBUG 04-23 21:58:11.396121.396121 cuda_h.py:27] end fused_group_bmm cost 38.811 ms
DEBUG 04-23 21:58:11.397526.397526 cuda_h.py:27] end gather_outputs_group_fused_mp cost 0.984 ms
DEBUG 04-23 21:58:11.398600.398600 cuda_h.py:27] end cpu_experts_worker_bmm_or_einsum cost 46.326 ms
DEBUG 04-23 21:58:11.399724.399724 cuda_h.py:27] end cpu_thread_manager_mp_wait_fused cost 4.853 ms
DEBUG 04-23 21:58:11.399618.399618 cuda_h.py:27] end layer_moe_generate_mp_multi_device_fused_l_7 cost 50.055 ms
DEBUG 04-23 21:58:11.400942.400942 cuda_h.py:27] end *mlp cost 50.618 ms
DEBUG 04-23 21:58:11.400779.400779 cuda_h.py:27] end prefill_layer cost 54.688 ms
DEBUG 04-23 21:58:11.400919.400919 lmp.py:260] -------------------------------- end prefill layer 6 --------------------------------
DEBUG 04-23 21:58:11.400675.400675 lmp.py:213] -------------------------------- start prefill layer 7 --------------------------------
DEBUG 04-23 21:58:11.400291.400291 cuda_h.py:27] end start_load_qkvogn_s_weight_l_8 cost 0.052 ms
DEBUG 04-23 21:58:11.400282.400282 cuda_h.py:27] end allocate_cuda_memory cost 0.200 ms
DEBUG 04-23 21:58:11.401149.401149 sllm_store_c.py:27] get device uuid map
DEBUG 04-23 21:58:11.401808.401808 sllm_store_c.py:29] call client load into gpu
DEBUG 04-23 21:58:11.403253.403253 cuda_h.py:27] end load_into_gpu_async cost 2.322 ms
DEBUG 04-23 21:58:11.403802.403802 cuda_h.py:27] end restore_tensors2 cost 0.095 ms
DEBUG 04-23 21:58:11.403075.403075 cuda_h.py:27] end **self_attn cost 1.972 ms
DEBUG 04-23 21:58:11.403966.403966 cuda_h.py:27] end allocate_cuda_memory_and_load_into_gpu cost 3.069 ms
DEBUG 04-23 21:58:11.404358.404358 cuda_h.py:27] end *iln_self_attn_paln cost 3.623 ms
DEBUG 04-23 21:58:11.404853.404853 cuda_h.py:27] end gate cost 0.664 ms
DEBUG 04-23 21:58:11.405664.405664 cuda_h.py:27] end experts_map_get cost 0.384 ms
DEBUG 04-23 21:58:11.405938.405938 cuda_h.py:27] end **before experts start cost 1.230 ms
DEBUG 04-23 21:58:11.405741.405741 cuda_h.py:27] end cpu_experts_submit_fused_mp cost 0.032 ms
DEBUG 04-23 21:58:11.407691.407691 sllm_store_c.py:27] get device uuid map
DEBUG 04-23 21:58:11.407542.407542 sllm_store_c.py:29] call client load into gpu
DEBUG 04-23 21:58:11.408821.408821 cuda_h.py:27] end prepare_group_stack cost 0.672 ms
DEBUG 04-23 21:58:11.411398.411398 cuda_h.py:27] end group stack cost 2.356 ms
DEBUG 04-23 21:58:11.411785.411785 cuda_h.py:27] end move_flatidxs_group_fused_mp cost 4.175 ms
DEBUG 04-23 21:58:11.412537.412537 cuda_h.py:27] end get_fused_experts_names_w cost 0.017 ms
DEBUG 04-23 21:58:11.412779.412779 cuda_h.py:27] end restore2model cost 0.601 ms
DEBUG 04-23 21:58:11.412976.412976 cuda_h.py:27] end sllm_worker_task cost 11.897 ms
DEBUG 04-23 21:58:11.413405.413405 cuda_h.py:27] end load_into_gpu_async_fused_experts_dual cost 5.511 ms
DEBUG 04-23 21:58:11.413112.413112 cuda_h.py:27] end restore_tensors2_fused_experts_packed cost 0.058 ms
DEBUG 04-23 21:58:11.413811.413811 cuda_h.py:27] end restore_tensors2_fused_experts_slices cost 0.263 ms
DEBUG 04-23 21:58:11.413565.413565 cuda_h.py:27] end restore_fused_tensors cost 1.388 ms
DEBUG 04-23 21:58:11.415495.415495 cuda_h.py:27] end group_fused_tensors_mp cost 3.499 ms
DEBUG 04-23 21:58:11.415840.415840 cuda_h.py:27] end allocate_experts_cuda_memory_and_restore_model_multi_device_fused cost 9.981 ms
DEBUG 04-23 21:58:11.415145.415145 cuda_h.py:27] end gpu_sexperts cost 0.004 ms
DEBUG 04-23 21:58:11.415452.415452 cuda_h.py:27] end wait_load_qkvogn_s_weight cost 0.015 ms
DEBUG 04-23 21:58:11.439228.439228 cuda_h.py:27] end wait_experts_multi_device cost 6.906 ms
DEBUG 04-23 21:58:11.447100.447100 cuda_h.py:27] end gpu_experts_multi_device_fused cost 8.401 ms
DEBUG 04-23 21:58:11.454076.454076 mlpmodule.py:3370] [fused_group_bmm][steps] bmm1=27.300 ms split=0.068 ms act_mul=0.485 ms bmm2=10.330 ms
DEBUG 04-23 21:58:11.454209.454209 cuda_h.py:27] end fused_group_bmm cost 38.411 ms
DEBUG 04-23 21:58:11.455053.455053 cuda_h.py:27] end gather_outputs_group_fused_mp cost 1.028 ms
DEBUG 04-23 21:58:11.455670.455670 cuda_h.py:27] end cpu_experts_worker_bmm_or_einsum cost 49.149 ms
DEBUG 04-23 21:58:11.457738.457738 cuda_h.py:27] end cpu_thread_manager_mp_wait_fused cost 8.944 ms
DEBUG 04-23 21:58:11.457876.457876 cuda_h.py:27] end layer_moe_generate_mp_multi_device_fused_l_8 cost 53.183 ms
DEBUG 04-23 21:58:11.457041.457041 cuda_h.py:27] end *mlp cost 53.759 ms
DEBUG 04-23 21:58:11.458786.458786 cuda_h.py:27] end prefill_layer cost 57.700 ms
DEBUG 04-23 21:58:11.458072.458072 lmp.py:260] -------------------------------- end prefill layer 7 --------------------------------
DEBUG 04-23 21:58:11.458747.458747 lmp.py:213] -------------------------------- start prefill layer 8 --------------------------------
DEBUG 04-23 21:58:11.458605.458605 cuda_h.py:27] end start_load_qkvogn_s_weight_l_9 cost 0.055 ms
DEBUG 04-23 21:58:11.458225.458225 cuda_h.py:27] end allocate_cuda_memory cost 0.208 ms
DEBUG 04-23 21:58:11.458138.458138 sllm_store_c.py:27] get device uuid map
DEBUG 04-23 21:58:11.460990.460990 cuda_h.py:27] end **self_attn cost 1.792 ms
DEBUG 04-23 21:58:11.461490.461490 sllm_store_c.py:29] call client load into gpu
DEBUG 04-23 21:58:11.461638.461638 cuda_h.py:27] end *iln_self_attn_paln cost 3.639 ms
DEBUG 04-23 21:58:11.462372.462372 cuda_h.py:27] end gate cost 0.664 ms
DEBUG 04-23 21:58:11.463693.463693 cuda_h.py:27] end experts_map_get cost 0.372 ms
DEBUG 04-23 21:58:11.463112.463112 cuda_h.py:27] end **before experts start cost 1.222 ms
DEBUG 04-23 21:58:11.463869.463869 cuda_h.py:27] end cpu_experts_submit_fused_mp cost 0.033 ms
DEBUG 04-23 21:58:11.465770.465770 cuda_h.py:27] end prepare_group_stack cost 0.558 ms
DEBUG 04-23 21:58:11.463173.463173 cuda_h.py:27] end load_into_gpu_async cost 4.795 ms
DEBUG 04-23 21:58:11.466160.466160 sllm_store_c.py:27] get device uuid map
DEBUG 04-23 21:58:11.466538.466538 cuda_h.py:27] end restore_tensors2 cost 0.093 ms
DEBUG 04-23 21:58:11.467467.467467 sllm_store_c.py:29] call client load into gpu
DEBUG 04-23 21:58:11.467018.467018 cuda_h.py:27] end group stack cost 2.383 ms
DEBUG 04-23 21:58:11.467586.467586 cuda_h.py:27] end allocate_cuda_memory_and_load_into_gpu cost 8.880 ms
DEBUG 04-23 21:58:11.467968.467968 cuda_h.py:27] end move_flatidxs_group_fused_mp cost 3.143 ms
DEBUG 04-23 21:58:11.468528.468528 cuda_h.py:27] end get_fused_experts_names_w cost 0.017 ms
DEBUG 04-23 21:58:11.469876.469876 cuda_h.py:27] end restore_fused_tensors cost 1.491 ms
DEBUG 04-23 21:58:11.469726.469726 cuda_h.py:27] end group_fused_tensors_mp cost 1.780 ms
DEBUG 04-23 21:58:11.470175.470175 cuda_h.py:27] end load_into_gpu_async_fused_experts_dual cost 3.421 ms
DEBUG 04-23 21:58:11.471308.471308 cuda_h.py:27] end restore_tensors2_fused_experts_packed cost 0.138 ms
DEBUG 04-23 21:58:11.472856.472856 cuda_h.py:27] end restore_tensors2_fused_experts_slices cost 0.570 ms
DEBUG 04-23 21:58:11.472076.472076 cuda_h.py:27] end allocate_experts_cuda_memory_and_restore_model_multi_device_fused cost 9.100 ms
DEBUG 04-23 21:58:11.473433.473433 cuda_h.py:27] end gpu_sexperts cost 0.011 ms
DEBUG 04-23 21:58:11.474539.474539 cuda_h.py:27] end restore2model cost 1.372 ms
DEBUG 04-23 21:58:11.475641.475641 cuda_h.py:27] end sllm_worker_task cost 17.012 ms
DEBUG 04-23 21:58:11.475142.475142 cuda_h.py:27] end wait_load_qkvogn_s_weight cost 2.588 ms
DEBUG 04-23 21:58:11.495516.495516 cuda_h.py:27] end wait_experts_multi_device cost 2.855 ms
DEBUG 04-23 21:58:11.505271.505271 cuda_h.py:27] end gpu_experts_multi_device_fused cost 9.666 ms
DEBUG 04-23 21:58:11.508253.508253 mlpmodule.py:3370] [fused_group_bmm][steps] bmm1=27.591 ms split=0.068 ms act_mul=0.443 ms bmm2=10.644 ms
DEBUG 04-23 21:58:11.508332.508332 cuda_h.py:27] end fused_group_bmm cost 38.968 ms
DEBUG 04-23 21:58:11.510117.510117 cuda_h.py:27] end gather_outputs_group_fused_mp cost 1.019 ms
DEBUG 04-23 21:58:11.510284.510284 cuda_h.py:27] end cpu_experts_worker_bmm_or_einsum cost 46.027 ms
DEBUG 04-23 21:58:11.512272.512272 cuda_h.py:27] end cpu_thread_manager_mp_wait_fused cost 5.978 ms
DEBUG 04-23 21:58:11.512934.512934 cuda_h.py:27] end layer_moe_generate_mp_multi_device_fused_l_9 cost 50.280 ms
DEBUG 04-23 21:58:11.515423.515423 cuda_h.py:27] end *mlp cost 53.027 ms
DEBUG 04-23 21:58:11.515221.515221 cuda_h.py:27] end prefill_layer cost 56.879 ms
DEBUG 04-23 21:58:11.515507.515507 lmp.py:260] -------------------------------- end prefill layer 8 --------------------------------
DEBUG 04-23 21:58:11.515725.515725 lmp.py:213] -------------------------------- start prefill layer 9 --------------------------------
DEBUG 04-23 21:58:11.515438.515438 cuda_h.py:27] end start_load_qkvogn_s_weight_l_10 cost 0.054 ms
DEBUG 04-23 21:58:11.515508.515508 cuda_h.py:27] end allocate_cuda_memory cost 0.221 ms
DEBUG 04-23 21:58:11.515998.515998 sllm_store_c.py:27] get device uuid map
DEBUG 04-23 21:58:11.516282.516282 sllm_store_c.py:29] call client load into gpu
DEBUG 04-23 21:58:11.518867.518867 cuda_h.py:27] end load_into_gpu_async cost 2.219 ms
DEBUG 04-23 21:58:11.518654.518654 cuda_h.py:27] end restore_tensors2 cost 0.095 ms
DEBUG 04-23 21:58:11.518480.518480 cuda_h.py:27] end **self_attn cost 1.964 ms
DEBUG 04-23 21:58:11.518166.518166 cuda_h.py:27] end allocate_cuda_memory_and_load_into_gpu cost 3.108 ms
DEBUG 04-23 21:58:11.519485.519485 cuda_h.py:27] end *iln_self_attn_paln cost 3.647 ms
DEBUG 04-23 21:58:11.519762.519762 cuda_h.py:27] end gate cost 0.679 ms
DEBUG 04-23 21:58:11.520619.520619 cuda_h.py:27] end experts_map_get cost 0.386 ms
DEBUG 04-23 21:58:11.520131.520131 cuda_h.py:27] end **before experts start cost 1.244 ms
DEBUG 04-23 21:58:11.520220.520220 cuda_h.py:27] end cpu_experts_submit_fused_mp cost 0.032 ms
DEBUG 04-23 21:58:11.523466.523466 cuda_h.py:27] end prepare_group_stack cost 0.644 ms
DEBUG 04-23 21:58:11.523221.523221 sllm_store_c.py:27] get device uuid map
DEBUG 04-23 21:58:11.523087.523087 sllm_store_c.py:29] call client load into gpu
DEBUG 04-23 21:58:11.525988.525988 cuda_h.py:27] end group stack cost 2.435 ms
DEBUG 04-23 21:58:11.525713.525713 cuda_h.py:27] end move_flatidxs_group_fused_mp cost 3.302 ms
DEBUG 04-23 21:58:11.525887.525887 cuda_h.py:27] end get_fused_experts_names_w cost 0.017 ms
DEBUG 04-23 21:58:11.526902.526902 cuda_h.py:27] end restore2model cost 0.607 ms
DEBUG 04-23 21:58:11.527521.527521 cuda_h.py:27] end sllm_worker_task cost 11.524 ms
DEBUG 04-23 21:58:11.527289.527289 cuda_h.py:27] end restore_fused_tensors cost 1.489 ms
DEBUG 04-23 21:58:11.527342.527342 cuda_h.py:27] end group_fused_tensors_mp cost 1.723 ms
DEBUG 04-23 21:58:11.528513.528513 cuda_h.py:27] end load_into_gpu_async_fused_experts_dual cost 5.123 ms
DEBUG 04-23 21:58:11.528478.528478 cuda_h.py:27] end restore_tensors2_fused_experts_packed cost 0.113 ms
DEBUG 04-23 21:58:11.529206.529206 cuda_h.py:27] end restore_tensors2_fused_experts_slices cost 0.544 ms
DEBUG 04-23 21:58:11.529042.529042 cuda_h.py:27] end allocate_experts_cuda_memory_and_restore_model_multi_device_fused cost 9.015 ms
DEBUG 04-23 21:58:11.530832.530832 cuda_h.py:27] end gpu_sexperts cost 0.009 ms
DEBUG 04-23 21:58:11.530493.530493 cuda_h.py:27] end wait_load_qkvogn_s_weight cost 0.034 ms
DEBUG 04-23 21:58:11.552581.552581 cuda_h.py:27] end wait_experts_multi_device cost 4.876 ms
DEBUG 04-23 21:58:11.562918.562918 cuda_h.py:27] end gpu_experts_multi_device_fused cost 8.865 ms
DEBUG 04-23 21:58:11.566601.566601 mlpmodule.py:3370] [fused_group_bmm][steps] bmm1=27.292 ms split=0.089 ms act_mul=0.487 ms bmm2=10.601 ms
DEBUG 04-23 21:58:11.566085.566085 cuda_h.py:27] end fused_group_bmm cost 38.712 ms
DEBUG 04-23 21:58:11.567976.567976 cuda_h.py:27] end gather_outputs_group_fused_mp cost 1.024 ms
DEBUG 04-23 21:58:11.568964.568964 cuda_h.py:27] end cpu_experts_worker_bmm_or_einsum cost 46.948 ms
DEBUG 04-23 21:58:11.569396.569396 cuda_h.py:27] end cpu_thread_manager_mp_wait_fused cost 7.372 ms
DEBUG 04-23 21:58:11.569487.569487 cuda_h.py:27] end layer_moe_generate_mp_multi_device_fused_l_10 cost 50.837 ms
DEBUG 04-23 21:58:11.570514.570514 cuda_h.py:27] end *mlp cost 51.415 ms
DEBUG 04-23 21:58:11.570835.570835 cuda_h.py:27] end prefill_layer cost 55.276 ms
DEBUG 04-23 21:58:11.570882.570882 lmp.py:260] -------------------------------- end prefill layer 9 --------------------------------
DEBUG 04-23 21:58:11.570599.570599 lmp.py:213] -------------------------------- start prefill layer 10 --------------------------------
DEBUG 04-23 21:58:11.570211.570211 cuda_h.py:27] end start_load_qkvogn_s_weight_l_11 cost 0.053 ms
DEBUG 04-23 21:58:11.571865.571865 cuda_h.py:27] end allocate_cuda_memory cost 0.233 ms
DEBUG 04-23 21:58:11.571707.571707 sllm_store_c.py:27] get device uuid map
DEBUG 04-23 21:58:11.571756.571756 sllm_store_c.py:29] call client load into gpu
DEBUG 04-23 21:58:11.573357.573357 cuda_h.py:27] end load_into_gpu_async cost 2.197 ms
DEBUG 04-23 21:58:11.573283.573283 cuda_h.py:27] end restore_tensors2 cost 0.090 ms
DEBUG 04-23 21:58:11.573917.573917 cuda_h.py:27] end **self_attn cost 1.977 ms
DEBUG 04-23 21:58:11.573263.573263 cuda_h.py:27] end allocate_cuda_memory_and_load_into_gpu cost 3.067 ms
DEBUG 04-23 21:58:11.574801.574801 cuda_h.py:27] end *iln_self_attn_paln cost 3.624 ms
DEBUG 04-23 21:58:11.575912.575912 cuda_h.py:27] end gate cost 0.661 ms
DEBUG 04-23 21:58:11.575697.575697 cuda_h.py:27] end experts_map_get cost 0.389 ms
DEBUG 04-23 21:58:11.575878.575878 cuda_h.py:27] end **before experts start cost 1.244 ms
DEBUG 04-23 21:58:11.575205.575205 cuda_h.py:27] end cpu_experts_submit_fused_mp cost 0.033 ms
DEBUG 04-23 21:58:11.578394.578394 sllm_store_c.py:27] get device uuid map
DEBUG 04-23 21:58:11.578940.578940 sllm_store_c.py:29] call client load into gpu
DEBUG 04-23 21:58:11.580712.580712 cuda_h.py:27] end prepare_group_stack cost 0.598 ms
DEBUG 04-23 21:58:11.582529.582529 cuda_h.py:27] end group stack cost 2.763 ms
DEBUG 04-23 21:58:11.582248.582248 cuda_h.py:27] end move_flatidxs_group_fused_mp cost 3.573 ms
DEBUG 04-23 21:58:11.583899.583899 cuda_h.py:27] end get_fused_experts_names_w cost 0.018 ms
DEBUG 04-23 21:58:11.584514.584514 cuda_h.py:27] end restore_fused_tensors cost 1.497 ms
DEBUG 04-23 21:58:11.584278.584278 cuda_h.py:27] end group_fused_tensors_mp cost 1.845 ms
DEBUG 04-23 21:58:11.584640.584640 cuda_h.py:27] end restore2model cost 0.574 ms
DEBUG 04-23 21:58:11.586040.586040 cuda_h.py:27] end load_into_gpu_async_fused_experts_dual cost 8.183 ms
DEBUG 04-23 21:58:11.586101.586101 cuda_h.py:27] end sllm_worker_task cost 15.815 ms
DEBUG 04-23 21:58:11.587560.587560 cuda_h.py:27] end restore_tensors2_fused_experts_packed cost 0.152 ms
DEBUG 04-23 21:58:11.588129.588129 cuda_h.py:27] end restore_tensors2_fused_experts_slices cost 0.596 ms
DEBUG 04-23 21:58:11.588621.588621 cuda_h.py:27] end allocate_experts_cuda_memory_and_restore_model_multi_device_fused cost 12.967 ms
DEBUG 04-23 21:58:11.589452.589452 cuda_h.py:27] end gpu_sexperts cost 0.012 ms
DEBUG 04-23 21:58:11.589908.589908 cuda_h.py:27] end wait_load_qkvogn_s_weight cost 0.033 ms
DEBUG 04-23 21:58:11.610808.610808 cuda_h.py:27] end wait_experts_multi_device cost 5.056 ms
DEBUG 04-23 21:58:11.619693.619693 cuda_h.py:27] end gpu_experts_multi_device_fused cost 9.375 ms
DEBUG 04-23 21:58:11.622678.622678 mlpmodule.py:3370] [fused_group_bmm][steps] bmm1=26.949 ms split=0.083 ms act_mul=0.427 ms bmm2=10.275 ms
DEBUG 04-23 21:58:11.622420.622420 cuda_h.py:27] end fused_group_bmm cost 37.953 ms
DEBUG 04-23 21:58:11.623018.623018 cuda_h.py:27] end gather_outputs_group_fused_mp cost 0.987 ms
DEBUG 04-23 21:58:11.624231.624231 cuda_h.py:27] end cpu_experts_worker_bmm_or_einsum cost 45.478 ms
DEBUG 04-23 21:58:11.625371.625371 cuda_h.py:27] end cpu_thread_manager_mp_wait_fused cost 5.637 ms
DEBUG 04-23 21:58:11.625979.625979 cuda_h.py:27] end layer_moe_generate_mp_multi_device_fused_l_11 cost 51.526 ms
DEBUG 04-23 21:58:11.626727.626727 cuda_h.py:27] end *mlp cost 52.112 ms
DEBUG 04-23 21:58:11.626194.626194 cuda_h.py:27] end prefill_layer cost 55.950 ms
DEBUG 04-23 21:58:11.626003.626003 lmp.py:260] -------------------------------- end prefill layer 10 --------------------------------
DEBUG 04-23 21:58:11.626190.626190 lmp.py:213] -------------------------------- start prefill layer 11 --------------------------------
DEBUG 04-23 21:58:11.627511.627511 cuda_h.py:27] end start_load_qkvogn_s_weight_l_12 cost 0.053 ms
DEBUG 04-23 21:58:11.627230.627230 cuda_h.py:27] end allocate_cuda_memory cost 0.210 ms
DEBUG 04-23 21:58:11.627674.627674 sllm_store_c.py:27] get device uuid map
DEBUG 04-23 21:58:11.627732.627732 sllm_store_c.py:29] call client load into gpu
DEBUG 04-23 21:58:11.629282.629282 cuda_h.py:27] end load_into_gpu_async cost 2.132 ms
DEBUG 04-23 21:58:11.629307.629307 cuda_h.py:27] end restore_tensors2 cost 0.095 ms
DEBUG 04-23 21:58:11.629268.629268 cuda_h.py:27] end allocate_cuda_memory_and_load_into_gpu cost 2.783 ms
DEBUG 04-23 21:58:11.630399.630399 cuda_h.py:27] end **self_attn cost 2.652 ms
DEBUG 04-23 21:58:11.631328.631328 cuda_h.py:27] end *iln_self_attn_paln cost 4.671 ms
DEBUG 04-23 21:58:11.633097.633097 cuda_h.py:27] end gate cost 0.661 ms
DEBUG 04-23 21:58:11.633146.633146 cuda_h.py:27] end experts_map_get cost 0.387 ms
DEBUG 04-23 21:58:11.633612.633612 cuda_h.py:27] end **before experts start cost 1.228 ms
DEBUG 04-23 21:58:11.633846.633846 cuda_h.py:27] end cpu_experts_submit_fused_mp cost 0.033 ms
DEBUG 04-23 21:58:11.636209.636209 sllm_store_c.py:27] get device uuid map
DEBUG 04-23 21:58:11.636630.636630 sllm_store_c.py:29] call client load into gpu
DEBUG 04-23 21:58:11.636166.636166 cuda_h.py:27] end prepare_group_stack cost 0.650 ms
DEBUG 04-23 21:58:11.638023.638023 cuda_h.py:27] end restore2model cost 0.640 ms
DEBUG 04-23 21:58:11.638071.638071 cuda_h.py:27] end sllm_worker_task cost 11.736 ms
DEBUG 04-23 21:58:11.639933.639933 cuda_h.py:27] end group stack cost 2.621 ms
DEBUG 04-23 21:58:11.639320.639320 cuda_h.py:27] end move_flatidxs_group_fused_mp cost 3.486 ms
DEBUG 04-23 21:58:11.639210.639210 cuda_h.py:27] end get_fused_experts_names_w cost 0.017 ms
DEBUG 04-23 21:58:11.639558.639558 cuda_h.py:27] end load_into_gpu_async_fused_experts_dual cost 3.697 ms
DEBUG 04-23 21:58:11.639132.639132 cuda_h.py:27] end restore_tensors2_fused_experts_packed cost 0.062 ms
DEBUG 04-23 21:58:11.640141.640141 cuda_h.py:27] end restore_tensors2_fused_experts_slices cost 0.272 ms
DEBUG 04-23 21:58:11.640190.640190 cuda_h.py:27] end allocate_experts_cuda_memory_and_restore_model_multi_device_fused cost 6.459 ms
DEBUG 04-23 21:58:11.640145.640145 cuda_h.py:27] end gpu_sexperts cost 0.004 ms
DEBUG 04-23 21:58:11.640032.640032 cuda_h.py:27] end wait_load_qkvogn_s_weight cost 0.014 ms
DEBUG 04-23 21:58:11.641618.641618 cuda_h.py:27] end restore_fused_tensors cost 1.521 ms
DEBUG 04-23 21:58:11.641752.641752 cuda_h.py:27] end group_fused_tensors_mp cost 1.789 ms
DEBUG 04-23 21:58:11.665949.665949 cuda_h.py:27] end wait_experts_multi_device cost 12.960 ms
DEBUG 04-23 21:58:11.673904.673904 cuda_h.py:27] end gpu_experts_multi_device_fused cost 7.709 ms
DEBUG 04-23 21:58:11.680855.680855 mlpmodule.py:3370] [fused_group_bmm][steps] bmm1=27.814 ms split=0.072 ms act_mul=0.470 ms bmm2=10.565 ms
DEBUG 04-23 21:58:11.680987.680987 cuda_h.py:27] end fused_group_bmm cost 39.149 ms
DEBUG 04-23 21:58:11.681825.681825 cuda_h.py:27] end gather_outputs_group_fused_mp cost 1.024 ms
DEBUG 04-23 21:58:11.682250.682250 cuda_h.py:27] end cpu_experts_worker_bmm_or_einsum cost 47.164 ms
DEBUG 04-23 21:58:11.683232.683232 cuda_h.py:27] end cpu_thread_manager_mp_wait_fused cost 9.632 ms
DEBUG 04-23 21:58:11.683219.683219 cuda_h.py:27] end layer_moe_generate_mp_multi_device_fused_l_12 cost 51.391 ms
DEBUG 04-23 21:58:11.684643.684643 cuda_h.py:27] end *mlp cost 51.984 ms
DEBUG 04-23 21:58:11.684441.684441 cuda_h.py:27] end prefill_layer cost 57.733 ms
DEBUG 04-23 21:58:11.684296.684296 lmp.py:260] -------------------------------- end prefill layer 11 --------------------------------
DEBUG 04-23 21:58:11.684529.684529 lmp.py:213] -------------------------------- start prefill layer 12 --------------------------------
DEBUG 04-23 21:58:11.684425.684425 cuda_h.py:27] end start_load_qkvogn_s_weight_l_13 cost 0.054 ms
DEBUG 04-23 21:58:11.685059.685059 cuda_h.py:27] end allocate_cuda_memory cost 0.214 ms
DEBUG 04-23 21:58:11.685211.685211 sllm_store_c.py:27] get device uuid map
DEBUG 04-23 21:58:11.685521.685521 sllm_store_c.py:29] call client load into gpu
DEBUG 04-23 21:58:11.687285.687285 cuda_h.py:27] end load_into_gpu_async cost 2.231 ms
DEBUG 04-23 21:58:11.687160.687160 cuda_h.py:27] end restore_tensors2 cost 0.156 ms
DEBUG 04-23 21:58:11.687239.687239 cuda_h.py:27] end **self_attn cost 2.047 ms
DEBUG 04-23 21:58:11.688109.688109 cuda_h.py:27] end allocate_cuda_memory_and_load_into_gpu cost 3.145 ms
DEBUG 04-23 21:58:11.688556.688556 cuda_h.py:27] end *iln_self_attn_paln cost 3.778 ms
DEBUG 04-23 21:58:11.689091.689091 cuda_h.py:27] end gate cost 0.660 ms
DEBUG 04-23 21:58:11.689486.689486 cuda_h.py:27] end experts_map_get cost 0.393 ms
DEBUG 04-23 21:58:11.689236.689236 cuda_h.py:27] end **before experts start cost 1.235 ms
DEBUG 04-23 21:58:11.689278.689278 cuda_h.py:27] end cpu_experts_submit_fused_mp cost 0.033 ms
DEBUG 04-23 21:58:11.691065.691065 sllm_store_c.py:27] get device uuid map
DEBUG 04-23 21:58:11.692162.692162 sllm_store_c.py:29] call client load into gpu
DEBUG 04-23 21:58:11.694247.694247 cuda_h.py:27] end prepare_group_stack cost 0.667 ms
DEBUG 04-23 21:58:11.695578.695578 cuda_h.py:27] end restore2model cost 0.630 ms
DEBUG 04-23 21:58:11.695534.695534 cuda_h.py:27] end sllm_worker_task cost 10.911 ms
DEBUG 04-23 21:58:11.696847.696847 cuda_h.py:27] end load_into_gpu_async_fused_experts_dual cost 4.964 ms
DEBUG 04-23 21:58:11.696806.696806 cuda_h.py:27] end restore_tensors2_fused_experts_packed cost 0.057 ms
DEBUG 04-23 21:58:11.697055.697055 cuda_h.py:27] end group stack cost 2.682 ms
DEBUG 04-23 21:58:11.697590.697590 cuda_h.py:27] end restore_tensors2_fused_experts_slices cost 0.222 ms
DEBUG 04-23 21:58:11.697777.697777 cuda_h.py:27] end allocate_experts_cuda_memory_and_restore_model_multi_device_fused cost 7.564 ms
DEBUG 04-23 21:58:11.697652.697652 cuda_h.py:27] end move_flatidxs_group_fused_mp cost 3.688 ms
DEBUG 04-23 21:58:11.697395.697395 cuda_h.py:27] end gpu_sexperts cost 0.003 ms
DEBUG 04-23 21:58:11.697493.697493 cuda_h.py:27] end get_fused_experts_names_w cost 0.017 ms
DEBUG 04-23 21:58:11.697308.697308 cuda_h.py:27] end wait_load_qkvogn_s_weight cost 0.015 ms
DEBUG 04-23 21:58:11.699572.699572 cuda_h.py:27] end restore_fused_tensors cost 1.528 ms
DEBUG 04-23 21:58:11.699568.699568 cuda_h.py:27] end group_fused_tensors_mp cost 1.655 ms
DEBUG 04-23 21:58:11.722117.722117 cuda_h.py:27] end wait_experts_multi_device cost 15.081 ms
DEBUG 04-23 21:58:11.727455.727455 cuda_h.py:27] end gpu_experts_multi_device_fused cost 4.765 ms
DEBUG 04-23 21:58:11.739892.739892 mlpmodule.py:3370] [fused_group_bmm][steps] bmm1=28.716 ms split=0.064 ms act_mul=0.558 ms bmm2=10.868 ms
DEBUG 04-23 21:58:11.739832.739832 cuda_h.py:27] end fused_group_bmm cost 40.436 ms
DEBUG 04-23 21:58:11.740829.740829 cuda_h.py:27] end gather_outputs_group_fused_mp cost 1.036 ms
DEBUG 04-23 21:58:11.741679.741679 cuda_h.py:27] end cpu_experts_worker_bmm_or_einsum cost 48.435 ms
DEBUG 04-23 21:58:11.743633.743633 cuda_h.py:27] end cpu_thread_manager_mp_wait_fused cost 15.044 ms
DEBUG 04-23 21:58:11.743328.743328 cuda_h.py:27] end layer_moe_generate_mp_multi_device_fused_l_13 cost 54.600 ms
DEBUG 04-23 21:58:11.744955.744955 cuda_h.py:27] end *mlp cost 55.729 ms
DEBUG 04-23 21:58:11.744561.744561 cuda_h.py:27] end prefill_layer cost 59.889 ms
DEBUG 04-23 21:58:11.744462.744462 lmp.py:260] -------------------------------- end prefill layer 12 --------------------------------
DEBUG 04-23 21:58:11.744311.744311 lmp.py:213] -------------------------------- start prefill layer 13 --------------------------------
DEBUG 04-23 21:58:11.744931.744931 cuda_h.py:27] end start_load_qkvogn_s_weight_l_14 cost 0.052 ms
DEBUG 04-23 21:58:11.745013.745013 cuda_h.py:27] end allocate_cuda_memory cost 0.760 ms
DEBUG 04-23 21:58:11.745264.745264 sllm_store_c.py:27] get device uuid map
DEBUG 04-23 21:58:11.747373.747373 cuda_h.py:27] end **self_attn cost 1.431 ms
DEBUG 04-23 21:58:11.748306.748306 sllm_store_c.py:29] call client load into gpu
DEBUG 04-23 21:58:11.748481.748481 cuda_h.py:27] end *iln_self_attn_paln cost 3.842 ms
DEBUG 04-23 21:58:11.749834.749834 cuda_h.py:27] end gate cost 0.549 ms
DEBUG 04-23 21:58:11.749756.749756 cuda_h.py:27] end experts_map_get cost 0.334 ms
DEBUG 04-23 21:58:11.749168.749168 cuda_h.py:27] end **before experts start cost 1.052 ms
DEBUG 04-23 21:58:11.749634.749634 cuda_h.py:27] end cpu_experts_submit_fused_mp cost 0.032 ms
DEBUG 04-23 21:58:11.942640.942640 sllm_store_c.py:27] get device uuid map
DEBUG 04-23 21:58:11.943735.943735 cuda_h.py:27] end load_into_gpu_async cost 197.380 ms
DEBUG 04-23 21:58:11.943553.943553 sllm_store_c.py:29] call client load into gpu
DEBUG 04-23 21:58:11.943617.943617 cuda_h.py:27] end restore_tensors2 cost 0.172 ms
DEBUG 04-23 21:58:11.944039.944039 cuda_h.py:27] end allocate_cuda_memory_and_load_into_gpu cost 199.767 ms
DEBUG 04-23 21:58:11.946639.946639 cuda_h.py:27] end prepare_group_stack cost 0.889 ms
DEBUG 04-23 21:58:11.947725.947725 cuda_h.py:27] end load_into_gpu_async_fused_experts_dual cost 4.310 ms
DEBUG 04-23 21:58:11.949382.949382 cuda_h.py:27] end restore_tensors2_fused_experts_packed cost 0.136 ms
DEBUG 04-23 21:58:11.950076.950076 cuda_h.py:27] end restore2model cost 2.247 ms
DEBUG 04-23 21:58:11.950387.950387 cuda_h.py:27] end restore_tensors2_fused_experts_slices cost 0.689 ms
DEBUG 04-23 21:58:11.951228.951228 cuda_h.py:27] end sllm_worker_task cost 206.188 ms
DEBUG 04-23 21:58:11.951806.951806 cuda_h.py:27] end allocate_experts_cuda_memory_and_restore_model_multi_device_fused cost 201.692 ms
DEBUG 04-23 21:58:11.951852.951852 cuda_h.py:27] end gpu_sexperts cost 0.008 ms
DEBUG 04-23 21:58:11.951238.951238 cuda_h.py:27] end group stack cost 5.403 ms
DEBUG 04-23 21:58:11.952550.952550 cuda_h.py:27] end wait_load_qkvogn_s_weight cost 0.031 ms
DEBUG 04-23 21:58:11.952858.952858 cuda_h.py:27] end move_flatidxs_group_fused_mp cost 6.836 ms
DEBUG 04-23 21:58:11.952052.952052 cuda_h.py:27] end get_fused_experts_names_w cost 0.036 ms
DEBUG 04-23 21:58:11.956812.956812 cuda_h.py:27] end restore_fused_tensors cost 4.171 ms
DEBUG 04-23 21:58:11.956267.956267 cuda_h.py:27] end group_fused_tensors_mp cost 4.484 ms
DEBUG 04-23 21:58:11.966845.966845 cuda_h.py:27] end wait_experts_multi_device cost 2.434 ms
DEBUG 04-23 21:58:11.976651.976651 cuda_h.py:27] end gpu_experts_multi_device_fused cost 9.086 ms
DEBUG 04-23 21:58:11.991824.991824 mlpmodule.py:3370] [fused_group_bmm][steps] bmm1=23.045 ms split=0.088 ms act_mul=0.482 ms bmm2=10.565 ms
DEBUG 04-23 21:58:11.991223.991223 cuda_h.py:27] end fused_group_bmm cost 34.431 ms
DEBUG 04-23 21:58:11.992079.992079 cuda_h.py:27] end gather_outputs_group_fused_mp cost 1.000 ms
DEBUG 04-23 21:58:11.993856.993856 cuda_h.py:27] end cpu_experts_worker_bmm_or_einsum cost 48.758 ms
DEBUG 04-23 21:58:11.994337.994337 cuda_h.py:27] end cpu_thread_manager_mp_wait_fused cost 17.874 ms
DEBUG 04-23 21:58:11.994430.994430 cuda_h.py:27] end layer_moe_generate_mp_multi_device_fused_l_14 cost 245.799 ms
DEBUG 04-23 21:58:11.995130.995130 cuda_h.py:27] end *mlp cost 246.349 ms
DEBUG 04-23 21:58:11.995498.995498 cuda_h.py:27] end prefill_layer cost 250.628 ms
DEBUG 04-23 21:58:11.995161.995161 lmp.py:260] -------------------------------- end prefill layer 13 --------------------------------
DEBUG 04-23 21:58:11.995202.995202 lmp.py:213] -------------------------------- start prefill layer 14 --------------------------------
DEBUG 04-23 21:58:11.995188.995188 cuda_h.py:27] end start_load_qkvogn_s_weight_l_15 cost 0.051 ms
DEBUG 04-23 21:58:11.995543.995543 cuda_h.py:27] end allocate_cuda_memory cost 0.216 ms
DEBUG 04-23 21:58:11.996126.996126 sllm_store_c.py:27] get device uuid map
DEBUG 04-23 21:58:11.996005.996005 sllm_store_c.py:29] call client load into gpu
DEBUG 04-23 21:58:11.998761.998761 cuda_h.py:27] end **self_attn cost 1.455 ms
DEBUG 04-23 21:58:11.998567.998567 cuda_h.py:27] end load_into_gpu_async cost 2.289 ms
DEBUG 04-23 21:58:11.998867.998867 cuda_h.py:27] end *iln_self_attn_paln cost 2.951 ms
DEBUG 04-23 21:58:11.998912.998912 cuda_h.py:27] end restore_tensors2 cost 0.096 ms
DEBUG 04-23 21:58:11.998317.998317 cuda_h.py:27] end allocate_cuda_memory_and_load_into_gpu cost 3.198 ms
DEBUG 04-23 21:58:11.999762.999762 cuda_h.py:27] end gate cost 0.719 ms
DEBUG 04-23 21:58:11.999646.999646 cuda_h.py:27] end experts_map_get cost 0.372 ms
DEBUG 04-23 21:58:11.999727.999727 cuda_h.py:27] end **before experts start cost 1.267 ms
DEBUG 04-23 21:58:12.000193.000193 cuda_h.py:27] end cpu_experts_submit_fused_mp cost 0.031 ms
DEBUG 04-23 21:58:12.002229.002229 sllm_store_c.py:27] get device uuid map
DEBUG 04-23 21:58:12.002530.002530 sllm_store_c.py:29] call client load into gpu
DEBUG 04-23 21:58:12.003584.003584 cuda_h.py:27] end prepare_group_stack cost 0.656 ms
DEBUG 04-23 21:58:12.005648.005648 cuda_h.py:27] end group stack cost 2.591 ms
DEBUG 04-23 21:58:12.005473.005473 cuda_h.py:27] end move_flatidxs_group_fused_mp cost 3.472 ms
DEBUG 04-23 21:58:12.005885.005885 cuda_h.py:27] end get_fused_experts_names_w cost 0.017 ms
DEBUG 04-23 21:58:12.006900.006900 cuda_h.py:27] end restore2model cost 0.599 ms
DEBUG 04-23 21:58:12.006034.006034 cuda_h.py:27] end sllm_worker_task cost 11.386 ms
DEBUG 04-23 21:58:12.007777.007777 cuda_h.py:27] end restore_fused_tensors cost 1.464 ms
DEBUG 04-23 21:58:12.007004.007004 cuda_h.py:27] end group_fused_tensors_mp cost 1.581 ms
DEBUG 04-23 21:58:12.007974.007974 cuda_h.py:27] end load_into_gpu_async_fused_experts_dual cost 5.637 ms
DEBUG 04-23 21:58:12.008893.008893 cuda_h.py:27] end restore_tensors2_fused_experts_packed cost 0.063 ms
DEBUG 04-23 21:58:12.008042.008042 cuda_h.py:27] end restore_tensors2_fused_experts_slices cost 0.441 ms
DEBUG 04-23 21:58:12.008552.008552 cuda_h.py:27] end allocate_experts_cuda_memory_and_restore_model_multi_device_fused cost 8.475 ms
DEBUG 04-23 21:58:12.009708.009708 cuda_h.py:27] end gpu_sexperts cost 0.005 ms
DEBUG 04-23 21:58:12.010274.010274 cuda_h.py:27] end wait_load_qkvogn_s_weight cost 0.041 ms
DEBUG 04-23 21:58:12.031979.031979 cuda_h.py:27] end wait_experts_multi_device cost 2.799 ms
DEBUG 04-23 21:58:12.038281.038281 cuda_h.py:27] end gpu_experts_multi_device_fused cost 7.019 ms
DEBUG 04-23 21:58:12.046282.046282 mlpmodule.py:3370] [fused_group_bmm][steps] bmm1=27.653 ms split=0.068 ms act_mul=0.501 ms bmm2=10.620 ms
DEBUG 04-23 21:58:12.046037.046037 cuda_h.py:27] end fused_group_bmm cost 39.071 ms
DEBUG 04-23 21:58:12.047888.047888 cuda_h.py:27] end gather_outputs_group_fused_mp cost 1.030 ms
DEBUG 04-23 21:58:12.048467.048467 cuda_h.py:27] end cpu_experts_worker_bmm_or_einsum cost 46.771 ms
DEBUG 04-23 21:58:12.049990.049990 cuda_h.py:27] end cpu_thread_manager_mp_wait_fused cost 10.953 ms
DEBUG 04-23 21:58:12.049036.049036 cuda_h.py:27] end layer_moe_generate_mp_multi_device_fused_l_15 cost 51.035 ms
DEBUG 04-23 21:58:12.050412.050412 cuda_h.py:27] end *mlp cost 51.977 ms
DEBUG 04-23 21:58:12.050886.050886 cuda_h.py:27] end prefill_layer cost 55.629 ms
DEBUG 04-23 21:58:12.050648.050648 lmp.py:260] -------------------------------- end prefill layer 14 --------------------------------
DEBUG 04-23 21:58:12.050358.050358 lmp.py:213] -------------------------------- start prefill layer 15 --------------------------------
DEBUG 04-23 21:58:12.051712.051712 cuda_h.py:27] end start_load_qkvogn_s_weight_l_16 cost 0.054 ms
DEBUG 04-23 21:58:12.051624.051624 cuda_h.py:27] end allocate_cuda_memory cost 0.210 ms
DEBUG 04-23 21:58:12.051889.051889 sllm_store_c.py:27] get device uuid map
DEBUG 04-23 21:58:12.051763.051763 sllm_store_c.py:29] call client load into gpu
DEBUG 04-23 21:58:12.054604.054604 cuda_h.py:27] end load_into_gpu_async cost 2.387 ms
DEBUG 04-23 21:58:12.054067.054067 cuda_h.py:27] end restore_tensors2 cost 0.099 ms
DEBUG 04-23 21:58:12.054135.054135 cuda_h.py:27] end allocate_cuda_memory_and_load_into_gpu cost 3.061 ms
DEBUG 04-23 21:58:12.054388.054388 cuda_h.py:27] end **self_attn cost 2.062 ms
DEBUG 04-23 21:58:12.054432.054432 cuda_h.py:27] end *iln_self_attn_paln cost 3.757 ms
DEBUG 04-23 21:58:12.055530.055530 cuda_h.py:27] end gate cost 0.659 ms
DEBUG 04-23 21:58:12.056222.056222 cuda_h.py:27] end experts_map_get cost 0.384 ms
DEBUG 04-23 21:58:12.056688.056688 cuda_h.py:27] end **before experts start cost 1.244 ms
DEBUG 04-23 21:58:12.056929.056929 cuda_h.py:27] end cpu_experts_submit_fused_mp cost 0.034 ms
DEBUG 04-23 21:58:12.058074.058074 cuda_h.py:27] end prepare_group_stack cost 0.510 ms
DEBUG 04-23 21:58:12.058873.058873 sllm_store_c.py:27] get device uuid map
DEBUG 04-23 21:58:12.059294.059294 sllm_store_c.py:29] call client load into gpu
DEBUG 04-23 21:58:12.061872.061872 cuda_h.py:27] end group stack cost 2.317 ms
DEBUG 04-23 21:58:12.061790.061790 cuda_h.py:27] end move_flatidxs_group_fused_mp cost 3.130 ms
DEBUG 04-23 21:58:12.061918.061918 cuda_h.py:27] end get_fused_experts_names_w cost 0.018 ms
DEBUG 04-23 21:58:12.062653.062653 cuda_h.py:27] end restore_fused_tensors cost 1.349 ms
DEBUG 04-23 21:58:12.062165.062165 cuda_h.py:27] end group_fused_tensors_mp cost 1.466 ms
DEBUG 04-23 21:58:12.062610.062610 cuda_h.py:27] end restore2model cost 0.599 ms
DEBUG 04-23 21:58:12.063661.063661 cuda_h.py:27] end sllm_worker_task cost 11.844 ms
DEBUG 04-23 21:58:12.063598.063598 cuda_h.py:27] end load_into_gpu_async_fused_experts_dual cost 4.632 ms
DEBUG 04-23 21:58:12.063722.063722 cuda_h.py:27] end restore_tensors2_fused_experts_packed cost 0.153 ms
DEBUG 04-23 21:58:12.064560.064560 cuda_h.py:27] end restore_tensors2_fused_experts_slices cost 0.513 ms
DEBUG 04-23 21:58:12.064872.064872 cuda_h.py:27] end allocate_experts_cuda_memory_and_restore_model_multi_device_fused cost 8.328 ms
DEBUG 04-23 21:58:12.065917.065917 cuda_h.py:27] end gpu_sexperts cost 0.008 ms
DEBUG 04-23 21:58:12.065750.065750 cuda_h.py:27] end wait_load_qkvogn_s_weight cost 0.039 ms
DEBUG 04-23 21:58:12.086302.086302 cuda_h.py:27] end wait_experts_multi_device cost 5.769 ms
DEBUG 04-23 21:58:12.097741.097741 cuda_h.py:27] end gpu_experts_multi_device_fused cost 10.126 ms
DEBUG 04-23 21:58:12.098798.098798 mlpmodule.py:3370] [fused_group_bmm][steps] bmm1=25.270 ms split=0.080 ms act_mul=0.377 ms bmm2=9.656 ms
DEBUG 04-23 21:58:12.098505.098505 cuda_h.py:27] end fused_group_bmm cost 35.576 ms
DEBUG 04-23 21:58:12.099538.099538 cuda_h.py:27] end gather_outputs_group_fused_mp cost 0.922 ms
DEBUG 04-23 21:58:12.099957.099957 cuda_h.py:27] end cpu_experts_worker_bmm_or_einsum cost 42.709 ms
DEBUG 04-23 21:58:12.101846.101846 cuda_h.py:27] end cpu_thread_manager_mp_wait_fused cost 3.723 ms
DEBUG 04-23 21:58:12.101884.101884 cuda_h.py:27] end layer_moe_generate_mp_multi_device_fused_l_16 cost 46.261 ms
DEBUG 04-23 21:58:12.103167.103167 cuda_h.py:27] end *mlp cost 48.575 ms
DEBUG 04-23 21:58:12.103250.103250 cuda_h.py:27] end prefill_layer cost 52.727 ms
DEBUG 04-23 21:58:12.103887.103887 lmp.py:260] -------------------------------- end prefill layer 15 --------------------------------
DEBUG 04-23 21:58:12.103550.103550 lmp.py:213] -------------------------------- start prefill layer 16 --------------------------------
DEBUG 04-23 21:58:12.103971.103971 cuda_h.py:27] end start_load_qkvogn_s_weight_l_17 cost 0.053 ms
DEBUG 04-23 21:58:12.104916.104916 cuda_h.py:27] end allocate_cuda_memory cost 0.239 ms
DEBUG 04-23 21:58:12.104445.104445 sllm_store_c.py:27] get device uuid map
DEBUG 04-23 21:58:12.104742.104742 sllm_store_c.py:29] call client load into gpu
DEBUG 04-23 21:58:12.106105.106105 cuda_h.py:27] end load_into_gpu_async cost 2.101 ms
DEBUG 04-23 21:58:12.106316.106316 cuda_h.py:27] end restore_tensors2 cost 0.092 ms
DEBUG 04-23 21:58:12.106178.106178 cuda_h.py:27] end allocate_cuda_memory_and_load_into_gpu cost 2.975 ms
DEBUG 04-23 21:58:12.106625.106625 cuda_h.py:27] end **self_attn cost 2.011 ms
DEBUG 04-23 21:58:12.107951.107951 cuda_h.py:27] end *iln_self_attn_paln cost 3.632 ms
DEBUG 04-23 21:58:12.108592.108592 cuda_h.py:27] end gate cost 0.675 ms
DEBUG 04-23 21:58:12.108172.108172 cuda_h.py:27] end experts_map_get cost 0.389 ms
DEBUG 04-23 21:58:12.108876.108876 cuda_h.py:27] end **before experts start cost 1.246 ms
DEBUG 04-23 21:58:12.108156.108156 cuda_h.py:27] end cpu_experts_submit_fused_mp cost 0.033 ms
DEBUG 04-23 21:58:12.111574.111574 cuda_h.py:27] end prepare_group_stack cost 0.604 ms
DEBUG 04-23 21:58:12.111593.111593 sllm_store_c.py:27] get device uuid map
DEBUG 04-23 21:58:12.112792.112792 sllm_store_c.py:29] call client load into gpu
DEBUG 04-23 21:58:12.113030.113030 cuda_h.py:27] end group stack cost 2.446 ms
DEBUG 04-23 21:58:12.113539.113539 cuda_h.py:27] end move_flatidxs_group_fused_mp cost 3.336 ms
DEBUG 04-23 21:58:12.113097.113097 cuda_h.py:27] end get_fused_experts_names_w cost 0.018 ms
DEBUG 04-23 21:58:12.115539.115539 cuda_h.py:27] end restore_fused_tensors cost 1.363 ms
DEBUG 04-23 21:58:12.115488.115488 cuda_h.py:27] end group_fused_tensors_mp cost 1.607 ms
DEBUG 04-23 21:58:12.119284.119284 cuda_h.py:27] end restore2model cost 1.154 ms
DEBUG 04-23 21:58:12.119758.119758 cuda_h.py:27] end sllm_worker_task cost 15.542 ms
DEBUG 04-23 21:58:12.119291.119291 cuda_h.py:27] end load_into_gpu_async_fused_experts_dual cost 8.185 ms
DEBUG 04-23 21:58:12.120703.120703 cuda_h.py:27] end restore_tensors2_fused_experts_packed cost 0.179 ms
DEBUG 04-23 21:58:12.120608.120608 cuda_h.py:27] end restore_tensors2_fused_experts_slices cost 0.558 ms
DEBUG 04-23 21:58:12.121714.121714 cuda_h.py:27] end allocate_experts_cuda_memory_and_restore_model_multi_device_fused cost 11.996 ms
DEBUG 04-23 21:58:12.121272.121272 cuda_h.py:27] end gpu_sexperts cost 0.012 ms
DEBUG 04-23 21:58:12.121764.121764 cuda_h.py:27] end wait_load_qkvogn_s_weight cost 0.030 ms
DEBUG 04-23 21:58:12.140478.140478 cuda_h.py:27] end wait_experts_multi_device cost 4.787 ms
DEBUG 04-23 21:58:12.149404.149404 cuda_h.py:27] end gpu_experts_multi_device_fused cost 9.452 ms
DEBUG 04-23 21:58:12.152930.152930 mlpmodule.py:3370] [fused_group_bmm][steps] bmm1=26.073 ms split=0.069 ms act_mul=0.443 ms bmm2=10.235 ms
DEBUG 04-23 21:58:12.152573.152573 cuda_h.py:27] end fused_group_bmm cost 37.035 ms
DEBUG 04-23 21:58:12.153632.153632 cuda_h.py:27] end gather_outputs_group_fused_mp cost 0.942 ms
DEBUG 04-23 21:58:12.154223.154223 cuda_h.py:27] end cpu_experts_worker_bmm_or_einsum cost 44.629 ms
DEBUG 04-23 21:58:12.155971.155971 cuda_h.py:27] end cpu_thread_manager_mp_wait_fused cost 5.093 ms
DEBUG 04-23 21:58:12.155440.155440 cuda_h.py:27] end layer_moe_generate_mp_multi_device_fused_l_17 cost 48.148 ms
DEBUG 04-23 21:58:12.156745.156745 cuda_h.py:27] end *mlp cost 48.758 ms
DEBUG 04-23 21:58:12.156503.156503 cuda_h.py:27] end prefill_layer cost 52.598 ms
DEBUG 04-23 21:58:12.156551.156551 lmp.py:260] -------------------------------- end prefill layer 16 --------------------------------
DEBUG 04-23 21:58:12.156784.156784 lmp.py:213] -------------------------------- start prefill layer 17 --------------------------------
DEBUG 04-23 21:58:12.156739.156739 cuda_h.py:27] end start_load_qkvogn_s_weight_l_18 cost 0.053 ms
DEBUG 04-23 21:58:12.156942.156942 cuda_h.py:27] end allocate_cuda_memory cost 0.216 ms
DEBUG 04-23 21:58:12.157994.157994 sllm_store_c.py:27] get device uuid map
DEBUG 04-23 21:58:12.157776.157776 sllm_store_c.py:29] call client load into gpu
DEBUG 04-23 21:58:12.160510.160510 cuda_h.py:27] end **self_attn cost 2.630 ms
DEBUG 04-23 21:58:12.160223.160223 cuda_h.py:27] end *iln_self_attn_paln cost 3.830 ms
DEBUG 04-23 21:58:12.160586.160586 cuda_h.py:27] end load_into_gpu_async cost 3.416 ms
DEBUG 04-23 21:58:12.161172.161172 cuda_h.py:27] end restore_tensors2 cost 0.097 ms
DEBUG 04-23 21:58:12.162045.162045 cuda_h.py:27] end allocate_cuda_memory_and_load_into_gpu cost 5.503 ms
DEBUG 04-23 21:58:12.162641.162641 cuda_h.py:27] end gate cost 0.946 ms
DEBUG 04-23 21:58:12.163552.163552 cuda_h.py:27] end experts_map_get cost 0.382 ms
DEBUG 04-23 21:58:12.163925.163925 cuda_h.py:27] end **before experts start cost 1.521 ms
DEBUG 04-23 21:58:12.163159.163159 cuda_h.py:27] end cpu_experts_submit_fused_mp cost 0.034 ms
DEBUG 04-23 21:58:12.165051.165051 cuda_h.py:27] end prepare_group_stack cost 0.584 ms
DEBUG 04-23 21:58:12.165709.165709 sllm_store_c.py:27] get device uuid map
DEBUG 04-23 21:58:12.166634.166634 sllm_store_c.py:29] call client load into gpu
DEBUG 04-23 21:58:12.168196.168196 cuda_h.py:27] end group stack cost 2.643 ms
DEBUG 04-23 21:58:12.168127.168127 cuda_h.py:27] end move_flatidxs_group_fused_mp cost 3.468 ms
DEBUG 04-23 21:58:12.168493.168493 cuda_h.py:27] end get_fused_experts_names_w cost 0.017 ms
DEBUG 04-23 21:58:12.169367.169367 cuda_h.py:27] end restore2model cost 0.613 ms
DEBUG 04-23 21:58:12.169031.169031 cuda_h.py:27] end sllm_worker_task cost 13.223 ms
DEBUG 04-23 21:58:12.170454.170454 cuda_h.py:27] end restore_fused_tensors cost 1.374 ms
DEBUG 04-23 21:58:12.170798.170798 cuda_h.py:27] end group_fused_tensors_mp cost 1.614 ms
DEBUG 04-23 21:58:12.170844.170844 cuda_h.py:27] end load_into_gpu_async_fused_experts_dual cost 5.015 ms
DEBUG 04-23 21:58:12.171938.171938 cuda_h.py:27] end restore_tensors2_fused_experts_packed cost 0.091 ms
DEBUG 04-23 21:58:12.172762.172762 cuda_h.py:27] end restore_tensors2_fused_experts_slices cost 0.542 ms
DEBUG 04-23 21:58:12.172642.172642 cuda_h.py:27] end allocate_experts_cuda_memory_and_restore_model_multi_device_fused cost 8.608 ms
DEBUG 04-23 21:58:12.172777.172777 cuda_h.py:27] end gpu_sexperts cost 0.007 ms
DEBUG 04-23 21:58:12.172965.172965 cuda_h.py:27] end wait_load_qkvogn_s_weight cost 0.031 ms
DEBUG 04-23 21:58:12.194807.194807 cuda_h.py:27] end wait_experts_multi_device cost 8.024 ms
DEBUG 04-23 21:58:12.202425.202425 cuda_h.py:27] end gpu_experts_multi_device_fused cost 8.131 ms
DEBUG 04-23 21:58:12.207416.207416 mlpmodule.py:3370] [fused_group_bmm][steps] bmm1=26.374 ms split=0.066 ms act_mul=0.489 ms bmm2=9.986 ms
DEBUG 04-23 21:58:12.207595.207595 cuda_h.py:27] end fused_group_bmm cost 37.141 ms
DEBUG 04-23 21:58:12.208896.208896 cuda_h.py:27] end gather_outputs_group_fused_mp cost 1.011 ms
DEBUG 04-23 21:58:12.208460.208460 cuda_h.py:27] end cpu_experts_worker_bmm_or_einsum cost 44.856 ms
DEBUG 04-23 21:58:12.210276.210276 cuda_h.py:27] end cpu_thread_manager_mp_wait_fused cost 7.261 ms
DEBUG 04-23 21:58:12.210769.210769 cuda_h.py:27] end layer_moe_generate_mp_multi_device_fused_l_18 cost 48.874 ms
DEBUG 04-23 21:58:12.211007.211007 cuda_h.py:27] end *mlp cost 49.646 ms
DEBUG 04-23 21:58:12.211772.211772 cuda_h.py:27] end prefill_layer cost 55.222 ms
DEBUG 04-23 21:58:12.211058.211058 lmp.py:260] -------------------------------- end prefill layer 17 --------------------------------
DEBUG 04-23 21:58:12.211973.211973 lmp.py:213] -------------------------------- start prefill layer 18 --------------------------------
DEBUG 04-23 21:58:12.211632.211632 cuda_h.py:27] end start_load_qkvogn_s_weight_l_19 cost 0.052 ms
DEBUG 04-23 21:58:12.212657.212657 cuda_h.py:27] end allocate_cuda_memory cost 0.223 ms
DEBUG 04-23 21:58:12.212605.212605 sllm_store_c.py:27] get device uuid map
DEBUG 04-23 21:58:12.212548.212548 sllm_store_c.py:29] call client load into gpu
DEBUG 04-23 21:58:12.214277.214277 cuda_h.py:27] end load_into_gpu_async cost 2.249 ms
DEBUG 04-23 21:58:12.214468.214468 cuda_h.py:27] end restore_tensors2 cost 0.096 ms
DEBUG 04-23 21:58:12.214225.214225 cuda_h.py:27] end **self_attn cost 1.993 ms
DEBUG 04-23 21:58:12.214685.214685 cuda_h.py:27] end allocate_cuda_memory_and_load_into_gpu cost 3.100 ms
DEBUG 04-23 21:58:12.215513.215513 cuda_h.py:27] end *iln_self_attn_paln cost 3.627 ms
DEBUG 04-23 21:58:12.216461.216461 cuda_h.py:27] end gate cost 0.679 ms
DEBUG 04-23 21:58:12.216987.216987 cuda_h.py:27] end experts_map_get cost 0.384 ms
DEBUG 04-23 21:58:12.216453.216453 cuda_h.py:27] end **before experts start cost 1.247 ms
DEBUG 04-23 21:58:12.216256.216256 cuda_h.py:27] end cpu_experts_submit_fused_mp cost 0.032 ms
DEBUG 04-23 21:58:12.219849.219849 cuda_h.py:27] end prepare_group_stack cost 0.570 ms
DEBUG 04-23 21:58:12.219806.219806 sllm_store_c.py:27] get device uuid map
DEBUG 04-23 21:58:12.219047.219047 sllm_store_c.py:29] call client load into gpu
DEBUG 04-23 21:58:12.222618.222618 cuda_h.py:27] end group stack cost 2.902 ms
DEBUG 04-23 21:58:12.222682.222682 cuda_h.py:27] end move_flatidxs_group_fused_mp cost 3.695 ms
DEBUG 04-23 21:58:12.222479.222479 cuda_h.py:27] end get_fused_experts_names_w cost 0.018 ms
DEBUG 04-23 21:58:12.223301.223301 cuda_h.py:27] end restore2model cost 0.602 ms
DEBUG 04-23 21:58:12.223164.223164 cuda_h.py:27] end sllm_worker_task cost 11.677 ms
DEBUG 04-23 21:58:12.224394.224394 cuda_h.py:27] end restore_fused_tensors cost 1.386 ms
DEBUG 04-23 21:58:12.224681.224681 cuda_h.py:27] end group_fused_tensors_mp cost 1.714 ms
DEBUG 04-23 21:58:12.224262.224262 cuda_h.py:27] end load_into_gpu_async_fused_experts_dual cost 4.725 ms
DEBUG 04-23 21:58:12.224320.224320 cuda_h.py:27] end restore_tensors2_fused_experts_packed cost 0.060 ms
DEBUG 04-23 21:58:12.225408.225408 cuda_h.py:27] end restore_tensors2_fused_experts_slices cost 0.274 ms
DEBUG 04-23 21:58:12.225314.225314 cuda_h.py:27] end allocate_experts_cuda_memory_and_restore_model_multi_device_fused cost 8.175 ms
DEBUG 04-23 21:58:12.225035.225035 cuda_h.py:27] end gpu_sexperts cost 0.006 ms
DEBUG 04-23 21:58:12.225580.225580 cuda_h.py:27] end wait_load_qkvogn_s_weight cost 0.022 ms
DEBUG 04-23 21:58:12.247159.247159 cuda_h.py:27] end wait_experts_multi_device cost 5.694 ms
DEBUG 04-23 21:58:12.256841.256841 cuda_h.py:27] end gpu_experts_multi_device_fused cost 8.071 ms
DEBUG 04-23 21:58:12.261243.261243 mlpmodule.py:3370] [fused_group_bmm][steps] bmm1=26.252 ms split=0.075 ms act_mul=0.471 ms bmm2=10.040 ms
DEBUG 04-23 21:58:12.261807.261807 cuda_h.py:27] end fused_group_bmm cost 37.069 ms
DEBUG 04-23 21:58:12.262392.262392 cuda_h.py:27] end gather_outputs_group_fused_mp cost 1.014 ms
DEBUG 04-23 21:58:12.262361.262361 cuda_h.py:27] end cpu_experts_worker_bmm_or_einsum cost 45.131 ms
DEBUG 04-23 21:58:12.264840.264840 cuda_h.py:27] end cpu_thread_manager_mp_wait_fused cost 8.132 ms
DEBUG 04-23 21:58:12.264594.264594 cuda_h.py:27] end layer_moe_generate_mp_multi_device_fused_l_19 cost 49.383 ms
DEBUG 04-23 21:58:12.265084.265084 cuda_h.py:27] end *mlp cost 49.953 ms
DEBUG 04-23 21:58:12.265743.265743 cuda_h.py:27] end prefill_layer cost 53.831 ms
DEBUG 04-23 21:58:12.265552.265552 lmp.py:260] -------------------------------- end prefill layer 18 --------------------------------
DEBUG 04-23 21:58:12.265261.265261 lmp.py:213] -------------------------------- start prefill layer 19 --------------------------------
DEBUG 04-23 21:58:12.265923.265923 cuda_h.py:27] end start_load_qkvogn_s_weight_l_20 cost 0.053 ms
DEBUG 04-23 21:58:12.266365.266365 cuda_h.py:27] end allocate_cuda_memory cost 0.218 ms
DEBUG 04-23 21:58:12.266278.266278 sllm_store_c.py:27] get device uuid map
DEBUG 04-23 21:58:12.266227.266227 sllm_store_c.py:29] call client load into gpu
DEBUG 04-23 21:58:12.268729.268729 cuda_h.py:27] end load_into_gpu_async cost 2.402 ms
DEBUG 04-23 21:58:12.268092.268092 cuda_h.py:27] end restore_tensors2 cost 0.096 ms
DEBUG 04-23 21:58:12.269769.269769 cuda_h.py:27] end allocate_cuda_memory_and_load_into_gpu cost 3.059 ms
DEBUG 04-23 21:58:12.269427.269427 cuda_h.py:27] end **self_attn cost 2.089 ms
DEBUG 04-23 21:58:12.269926.269926 cuda_h.py:27] end *iln_self_attn_paln cost 3.722 ms
DEBUG 04-23 21:58:12.270883.270883 cuda_h.py:27] end gate cost 0.664 ms
DEBUG 04-23 21:58:12.270350.270350 cuda_h.py:27] end experts_map_get cost 0.376 ms
DEBUG 04-23 21:58:12.271531.271531 cuda_h.py:27] end **before experts start cost 1.224 ms
DEBUG 04-23 21:58:12.271572.271572 cuda_h.py:27] end cpu_experts_submit_fused_mp cost 0.033 ms
DEBUG 04-23 21:58:12.273069.273069 sllm_store_c.py:27] get device uuid map
DEBUG 04-23 21:58:12.274099.274099 sllm_store_c.py:29] call client load into gpu
DEBUG 04-23 21:58:12.276713.276713 cuda_h.py:27] end prepare_group_stack cost 0.639 ms
DEBUG 04-23 21:58:12.277679.277679 cuda_h.py:27] end restore2model cost 0.615 ms
DEBUG 04-23 21:58:12.277536.277536 cuda_h.py:27] end sllm_worker_task cost 11.704 ms
DEBUG 04-23 21:58:12.278151.278151 cuda_h.py:27] end load_into_gpu_async_fused_experts_dual cost 4.620 ms
DEBUG 04-23 21:58:12.278301.278301 cuda_h.py:27] end restore_tensors2_fused_experts_packed cost 0.066 ms
DEBUG 04-23 21:58:12.278629.278629 cuda_h.py:27] end group stack cost 2.162 ms
DEBUG 04-23 21:58:12.278895.278895 cuda_h.py:27] end move_flatidxs_group_fused_mp cost 3.146 ms
DEBUG 04-23 21:58:12.279862.279862 cuda_h.py:27] end restore_tensors2_fused_experts_slices cost 0.238 ms
DEBUG 04-23 21:58:12.279002.279002 cuda_h.py:27] end get_fused_experts_names_w cost 0.017 ms
DEBUG 04-23 21:58:12.279434.279434 cuda_h.py:27] end allocate_experts_cuda_memory_and_restore_model_multi_device_fused cost 8.076 ms
DEBUG 04-23 21:58:12.279388.279388 cuda_h.py:27] end gpu_sexperts cost 0.004 ms
DEBUG 04-23 21:58:12.279277.279277 cuda_h.py:27] end wait_load_qkvogn_s_weight cost 0.014 ms
DEBUG 04-23 21:58:12.280713.280713 cuda_h.py:27] end restore_fused_tensors cost 1.223 ms
DEBUG 04-23 21:58:12.280086.280086 cuda_h.py:27] end group_fused_tensors_mp cost 1.345 ms
DEBUG 04-23 21:58:12.301248.301248 cuda_h.py:27] end wait_experts_multi_device cost 10.453 ms
DEBUG 04-23 21:58:12.308664.308664 cuda_h.py:27] end gpu_experts_multi_device_fused cost 7.247 ms
DEBUG 04-23 21:58:12.314986.314986 mlpmodule.py:3370] [fused_group_bmm][steps] bmm1=23.747 ms split=0.068 ms act_mul=0.522 ms bmm2=9.132 ms
DEBUG 04-23 21:58:12.314688.314688 cuda_h.py:27] end fused_group_bmm cost 33.698 ms
DEBUG 04-23 21:58:12.315872.315872 cuda_h.py:27] end gather_outputs_group_fused_mp cost 0.893 ms
DEBUG 04-23 21:58:12.315066.315066 cuda_h.py:27] end cpu_experts_worker_bmm_or_einsum cost 40.710 ms
DEBUG 04-23 21:58:12.317416.317416 cuda_h.py:27] end cpu_thread_manager_mp_wait_fused cost 8.078 ms
DEBUG 04-23 21:58:12.317408.317408 cuda_h.py:27] end layer_moe_generate_mp_multi_device_fused_l_20 cost 47.410 ms
DEBUG 04-23 21:58:12.317321.317321 cuda_h.py:27] end *mlp cost 47.975 ms
DEBUG 04-23 21:58:12.317649.317649 cuda_h.py:27] end prefill_layer cost 52.321 ms
DEBUG 04-23 21:58:12.317458.317458 lmp.py:260] -------------------------------- end prefill layer 19 --------------------------------
DEBUG 04-23 21:58:12.317168.317168 lmp.py:213] -------------------------------- start prefill layer 20 --------------------------------
DEBUG 04-23 21:58:12.318909.318909 cuda_h.py:27] end start_load_qkvogn_s_weight_l_21 cost 0.054 ms
DEBUG 04-23 21:58:12.318623.318623 cuda_h.py:27] end allocate_cuda_memory cost 0.228 ms
DEBUG 04-23 21:58:12.318298.318298 sllm_store_c.py:27] get device uuid map
DEBUG 04-23 21:58:12.319655.319655 sllm_store_c.py:29] call client load into gpu
DEBUG 04-23 21:58:12.321692.321692 cuda_h.py:27] end load_into_gpu_async cost 2.290 ms
DEBUG 04-23 21:58:12.321559.321559 cuda_h.py:27] end restore_tensors2 cost 0.096 ms
DEBUG 04-23 21:58:12.321812.321812 cuda_h.py:27] end allocate_cuda_memory_and_load_into_gpu cost 2.983 ms
DEBUG 04-23 21:58:12.321989.321989 cuda_h.py:27] end **self_attn cost 2.097 ms
DEBUG 04-23 21:58:12.321467.321467 cuda_h.py:27] end *iln_self_attn_paln cost 3.673 ms
DEBUG 04-23 21:58:12.322804.322804 cuda_h.py:27] end gate cost 0.661 ms
DEBUG 04-23 21:58:12.323602.323602 cuda_h.py:27] end experts_map_get cost 0.374 ms
DEBUG 04-23 21:58:12.323829.323829 cuda_h.py:27] end **before experts start cost 1.217 ms
DEBUG 04-23 21:58:12.323871.323871 cuda_h.py:27] end cpu_experts_submit_fused_mp cost 0.032 ms
DEBUG 04-23 21:58:12.325822.325822 cuda_h.py:27] end prepare_group_stack cost 0.541 ms
DEBUG 04-23 21:58:12.326918.326918 sllm_store_c.py:27] get device uuid map
DEBUG 04-23 21:58:12.326861.326861 sllm_store_c.py:29] call client load into gpu
DEBUG 04-23 21:58:12.327401.327401 cuda_h.py:27] end group stack cost 1.987 ms
DEBUG 04-23 21:58:12.327743.327743 cuda_h.py:27] end move_flatidxs_group_fused_mp cost 2.749 ms
DEBUG 04-23 21:58:12.328155.328155 cuda_h.py:27] end get_fused_experts_names_w cost 0.018 ms
DEBUG 04-23 21:58:12.329151.329151 cuda_h.py:27] end restore_fused_tensors cost 1.225 ms
DEBUG 04-23 21:58:12.329663.329663 cuda_h.py:27] end group_fused_tensors_mp cost 1.343 ms
DEBUG 04-23 21:58:12.329349.329349 cuda_h.py:27] end restore2model cost 0.601 ms
DEBUG 04-23 21:58:12.329490.329490 cuda_h.py:27] end sllm_worker_task cost 11.562 ms
DEBUG 04-23 21:58:12.330772.330772 cuda_h.py:27] end load_into_gpu_async_fused_experts_dual cost 4.726 ms
DEBUG 04-23 21:58:12.331192.331192 cuda_h.py:27] end restore_tensors2_fused_experts_packed cost 0.119 ms
DEBUG 04-23 21:58:12.334654.334654 cuda_h.py:27] end restore_tensors2_fused_experts_slices cost 0.602 ms
DEBUG 04-23 21:58:12.334032.334032 cuda_h.py:27] end allocate_experts_cuda_memory_and_restore_model_multi_device_fused cost 10.876 ms
DEBUG 04-23 21:58:12.334700.334700 cuda_h.py:27] end gpu_sexperts cost 0.010 ms
DEBUG 04-23 21:58:12.334969.334969 cuda_h.py:27] end wait_load_qkvogn_s_weight cost 0.035 ms
DEBUG 04-23 21:58:12.351768.351768 cuda_h.py:27] end wait_experts_multi_device cost 2.435 ms
DEBUG 04-23 21:58:12.360544.360544 cuda_h.py:27] end gpu_experts_multi_device_fused cost 8.947 ms
DEBUG 04-23 21:58:12.361097.361097 mlpmodule.py:3370] [fused_group_bmm][steps] bmm1=22.427 ms split=0.073 ms act_mul=0.402 ms bmm2=8.929 ms
DEBUG 04-23 21:58:12.361805.361805 cuda_h.py:27] end fused_group_bmm cost 32.024 ms
DEBUG 04-23 21:58:12.362100.362100 cuda_h.py:27] end gather_outputs_group_fused_mp cost 0.835 ms
DEBUG 04-23 21:58:12.362160.362160 cuda_h.py:27] end cpu_experts_worker_bmm_or_einsum cost 38.545 ms
DEBUG 04-23 21:58:12.363106.363106 cuda_h.py:27] end cpu_thread_manager_mp_wait_fused cost 3.346 ms
DEBUG 04-23 21:58:12.364389.364389 cuda_h.py:27] end layer_moe_generate_mp_multi_device_fused_l_21 cost 42.078 ms
DEBUG 04-23 21:58:12.364282.364282 cuda_h.py:27] end *mlp cost 42.630 ms
DEBUG 04-23 21:58:12.364080.364080 cuda_h.py:27] end prefill_layer cost 46.808 ms
DEBUG 04-23 21:58:12.364650.364650 lmp.py:260] -------------------------------- end prefill layer 20 --------------------------------
DEBUG 04-23 21:58:12.364122.364122 lmp.py:213] -------------------------------- start prefill layer 21 --------------------------------
DEBUG 04-23 21:58:12.364973.364973 cuda_h.py:27] end start_load_qkvogn_s_weight_l_22 cost 0.054 ms
DEBUG 04-23 21:58:12.365467.365467 cuda_h.py:27] end allocate_cuda_memory cost 0.219 ms
DEBUG 04-23 21:58:12.365071.365071 sllm_store_c.py:27] get device uuid map
DEBUG 04-23 21:58:12.365543.365543 sllm_store_c.py:29] call client load into gpu
DEBUG 04-23 21:58:12.367385.367385 cuda_h.py:27] end load_into_gpu_async cost 2.266 ms
DEBUG 04-23 21:58:12.367033.367033 cuda_h.py:27] end restore_tensors2 cost 0.095 ms
DEBUG 04-23 21:58:12.367929.367929 cuda_h.py:27] end **self_attn cost 1.999 ms
DEBUG 04-23 21:58:12.368599.368599 cuda_h.py:27] end allocate_cuda_memory_and_load_into_gpu cost 3.209 ms
DEBUG 04-23 21:58:12.368209.368209 cuda_h.py:27] end *iln_self_attn_paln cost 3.750 ms
DEBUG 04-23 21:58:12.369904.369904 cuda_h.py:27] end gate cost 0.666 ms
DEBUG 04-23 21:58:12.371383.371383 cuda_h.py:27] end experts_map_get cost 0.367 ms
DEBUG 04-23 21:58:12.371041.371041 cuda_h.py:27] end **before experts start cost 2.781 ms
DEBUG 04-23 21:58:12.371606.371606 cuda_h.py:27] end cpu_experts_submit_fused_mp cost 0.032 ms
DEBUG 04-23 21:58:12.373423.373423 cuda_h.py:27] end prepare_group_stack cost 0.559 ms
DEBUG 04-23 21:58:12.374848.374848 sllm_store_c.py:27] get device uuid map
DEBUG 04-23 21:58:12.374798.374798 sllm_store_c.py:29] call client load into gpu
DEBUG 04-23 21:58:12.375692.375692 cuda_h.py:27] end group stack cost 2.002 ms
DEBUG 04-23 21:58:12.376881.376881 cuda_h.py:27] end move_flatidxs_group_fused_mp cost 2.777 ms
DEBUG 04-23 21:58:12.376247.376247 cuda_h.py:27] end get_fused_experts_names_w cost 0.018 ms
DEBUG 04-23 21:58:12.376101.376101 cuda_h.py:27] end restore2model cost 0.601 ms
DEBUG 04-23 21:58:12.376196.376196 cuda_h.py:27] end sllm_worker_task cost 11.942 ms
DEBUG 04-23 21:58:12.377658.377658 cuda_h.py:27] end restore_fused_tensors cost 1.155 ms
DEBUG 04-23 21:58:12.377792.377792 cuda_h.py:27] end group_fused_tensors_mp cost 1.476 ms
DEBUG 04-23 21:58:12.377289.377289 cuda_h.py:27] end load_into_gpu_async_fused_experts_dual cost 3.486 ms
DEBUG 04-23 21:58:12.377858.377858 cuda_h.py:27] end restore_tensors2_fused_experts_packed cost 0.060 ms
DEBUG 04-23 21:58:12.378183.378183 cuda_h.py:27] end restore_tensors2_fused_experts_slices cost 0.228 ms
DEBUG 04-23 21:58:12.378968.378968 cuda_h.py:27] end allocate_experts_cuda_memory_and_restore_model_multi_device_fused cost 6.602 ms
DEBUG 04-23 21:58:12.378885.378885 cuda_h.py:27] end gpu_sexperts cost 0.006 ms
DEBUG 04-23 21:58:12.378712.378712 cuda_h.py:27] end wait_load_qkvogn_s_weight cost 0.024 ms
DEBUG 04-23 21:58:12.396507.396507 cuda_h.py:27] end wait_experts_multi_device cost 2.756 ms
DEBUG 04-23 21:58:12.404366.404366 cuda_h.py:27] end gpu_experts_multi_device_fused cost 7.217 ms
DEBUG 04-23 21:58:12.408011.408011 mlpmodule.py:3370] [fused_group_bmm][steps] bmm1=21.522 ms split=0.069 ms act_mul=0.612 ms bmm2=8.343 ms
DEBUG 04-23 21:58:12.408667.408667 cuda_h.py:27] end fused_group_bmm cost 30.774 ms
DEBUG 04-23 21:58:12.409479.409479 cuda_h.py:27] end gather_outputs_group_fused_mp cost 0.863 ms
DEBUG 04-23 21:58:12.409945.409945 cuda_h.py:27] end cpu_experts_worker_bmm_or_einsum cost 37.497 ms
DEBUG 04-23 21:58:12.411484.411484 cuda_h.py:27] end cpu_thread_manager_mp_wait_fused cost 6.536 ms
DEBUG 04-23 21:58:12.411523.411523 cuda_h.py:27] end layer_moe_generate_mp_multi_device_fused_l_22 cost 42.495 ms
DEBUG 04-23 21:58:12.414375.414375 cuda_h.py:27] end *mlp cost 45.405 ms
DEBUG 04-23 21:58:12.414703.414703 cuda_h.py:27] end prefill_layer cost 49.409 ms
DEBUG 04-23 21:58:12.414274.414274 lmp.py:260] -------------------------------- end prefill layer 21 --------------------------------
DEBUG 04-23 21:58:12.414460.414460 lmp.py:213] -------------------------------- start prefill layer 22 --------------------------------
DEBUG 04-23 21:58:12.414973.414973 cuda_h.py:27] end start_load_qkvogn_s_weight_l_23 cost 0.053 ms
DEBUG 04-23 21:58:12.414143.414143 cuda_h.py:27] end allocate_cuda_memory cost 0.227 ms
DEBUG 04-23 21:58:12.415056.415056 sllm_store_c.py:27] get device uuid map
DEBUG 04-23 21:58:12.415671.415671 sllm_store_c.py:29] call client load into gpu
DEBUG 04-23 21:58:12.417880.417880 cuda_h.py:27] end load_into_gpu_async cost 2.256 ms
DEBUG 04-23 21:58:12.417449.417449 cuda_h.py:27] end restore_tensors2 cost 0.094 ms
DEBUG 04-23 21:58:12.417445.417445 cuda_h.py:27] end allocate_cuda_memory_and_load_into_gpu cost 2.957 ms
DEBUG 04-23 21:58:12.417600.417600 cuda_h.py:27] end **self_attn cost 1.974 ms
DEBUG 04-23 21:58:12.418809.418809 cuda_h.py:27] end *iln_self_attn_paln cost 3.667 ms
DEBUG 04-23 21:58:12.418237.418237 cuda_h.py:27] end gate cost 0.657 ms
DEBUG 04-23 21:58:12.419519.419519 cuda_h.py:27] end experts_map_get cost 0.380 ms
DEBUG 04-23 21:58:12.419746.419746 cuda_h.py:27] end **before experts start cost 1.219 ms
DEBUG 04-23 21:58:12.419503.419503 cuda_h.py:27] end cpu_experts_submit_fused_mp cost 0.033 ms
DEBUG 04-23 21:58:12.421602.421602 sllm_store_c.py:27] get device uuid map
DEBUG 04-23 21:58:12.422037.422037 sllm_store_c.py:29] call client load into gpu
DEBUG 04-23 21:58:12.424515.424515 cuda_h.py:27] end prepare_group_stack cost 0.603 ms
DEBUG 04-23 21:58:12.427759.427759 cuda_h.py:27] end group stack cost 2.049 ms
DEBUG 04-23 21:58:12.427815.427815 cuda_h.py:27] end move_flatidxs_group_fused_mp cost 2.881 ms
DEBUG 04-23 21:58:12.427989.427989 cuda_h.py:27] end get_fused_experts_names_w cost 0.017 ms
DEBUG 04-23 21:58:12.427057.427057 cuda_h.py:27] end restore2model cost 0.587 ms
DEBUG 04-23 21:58:12.427152.427152 cuda_h.py:27] end sllm_worker_task cost 13.209 ms
DEBUG 04-23 21:58:12.428804.428804 cuda_h.py:27] end load_into_gpu_async_fused_experts_dual cost 6.818 ms
DEBUG 04-23 21:58:12.428092.428092 cuda_h.py:27] end restore_fused_tensors cost 1.233 ms
DEBUG 04-23 21:58:12.428365.428365 cuda_h.py:27] end group_fused_tensors_mp cost 1.350 ms
DEBUG 04-23 21:58:12.428001.428001 cuda_h.py:27] end restore_tensors2_fused_experts_packed cost 0.065 ms
DEBUG 04-23 21:58:12.429089.429089 cuda_h.py:27] end restore_tensors2_fused_experts_slices cost 0.236 ms
DEBUG 04-23 21:58:12.429092.429092 cuda_h.py:27] end allocate_experts_cuda_memory_and_restore_model_multi_device_fused cost 9.630 ms
DEBUG 04-23 21:58:12.429616.429616 cuda_h.py:27] end gpu_sexperts cost 0.003 ms
DEBUG 04-23 21:58:12.429649.429649 cuda_h.py:27] end wait_load_qkvogn_s_weight cost 0.015 ms
DEBUG 04-23 21:58:12.447141.447141 cuda_h.py:27] end wait_experts_multi_device cost 3.631 ms
DEBUG 04-23 21:58:12.455971.455971 cuda_h.py:27] end gpu_experts_multi_device_fused cost 7.147 ms
DEBUG 04-23 21:58:12.459335.459335 mlpmodule.py:3370] [fused_group_bmm][steps] bmm1=22.079 ms split=0.063 ms act_mul=0.439 ms bmm2=8.434 ms
DEBUG 04-23 21:58:12.460176.460176 cuda_h.py:27] end fused_group_bmm cost 31.240 ms
DEBUG 04-23 21:58:12.461571.461571 cuda_h.py:27] end gather_outputs_group_fused_mp cost 0.873 ms
DEBUG 04-23 21:58:12.461904.461904 cuda_h.py:27] end cpu_experts_worker_bmm_or_einsum cost 38.247 ms
DEBUG 04-23 21:58:12.462809.462809 cuda_h.py:27] end cpu_thread_manager_mp_wait_fused cost 7.208 ms
DEBUG 04-23 21:58:12.463410.463410 cuda_h.py:27] end layer_moe_generate_mp_multi_device_fused_l_23 cost 45.770 ms
DEBUG 04-23 21:58:12.464494.464494 cuda_h.py:27] end *mlp cost 46.500 ms
DEBUG 04-23 21:58:12.464206.464206 cuda_h.py:27] end prefill_layer cost 50.549 ms
DEBUG 04-23 21:58:12.464253.464253 lmp.py:260] -------------------------------- end prefill layer 22 --------------------------------
DEBUG 04-23 21:58:12.464963.464963 lmp.py:213] -------------------------------- start prefill layer 23 --------------------------------
DEBUG 04-23 21:58:12.465859.465859 cuda_h.py:27] end start_load_qkvogn_s_weight_l_24 cost 0.056 ms
DEBUG 04-23 21:58:12.465566.465566 cuda_h.py:27] end allocate_cuda_memory cost 0.235 ms
DEBUG 04-23 21:58:12.465817.465817 sllm_store_c.py:27] get device uuid map
DEBUG 04-23 21:58:12.465805.465805 sllm_store_c.py:29] call client load into gpu
DEBUG 04-23 21:58:12.468770.468770 cuda_h.py:27] end load_into_gpu_async cost 2.350 ms
DEBUG 04-23 21:58:12.468438.468438 cuda_h.py:27] end restore_tensors2 cost 0.100 ms
DEBUG 04-23 21:58:12.468082.468082 cuda_h.py:27] end allocate_cuda_memory_and_load_into_gpu cost 3.056 ms
DEBUG 04-23 21:58:12.468034.468034 cuda_h.py:27] end **self_attn cost 2.766 ms
DEBUG 04-23 21:58:12.469084.469084 cuda_h.py:27] end *iln_self_attn_paln cost 4.243 ms
DEBUG 04-23 21:58:12.470407.470407 cuda_h.py:27] end gate cost 0.652 ms
DEBUG 04-23 21:58:12.470251.470251 cuda_h.py:27] end experts_map_get cost 0.378 ms
DEBUG 04-23 21:58:12.470716.470716 cuda_h.py:27] end **before experts start cost 1.207 ms
DEBUG 04-23 21:58:12.470758.470758 cuda_h.py:27] end cpu_experts_submit_fused_mp cost 0.033 ms
DEBUG 04-23 21:58:12.473649.473649 cuda_h.py:27] end prepare_group_stack cost 0.552 ms
DEBUG 04-23 21:58:12.473319.473319 sllm_store_c.py:27] get device uuid map
DEBUG 04-23 21:58:12.473885.473885 sllm_store_c.py:29] call client load into gpu
DEBUG 04-23 21:58:12.475672.475672 cuda_h.py:27] end group stack cost 2.172 ms
DEBUG 04-23 21:58:12.475159.475159 cuda_h.py:27] end move_flatidxs_group_fused_mp cost 2.948 ms
DEBUG 04-23 21:58:12.475810.475810 cuda_h.py:27] end get_fused_experts_names_w cost 0.016 ms
DEBUG 04-23 21:58:12.476908.476908 cuda_h.py:27] end restore2model cost 0.627 ms
DEBUG 04-23 21:58:12.476749.476749 cuda_h.py:27] end sllm_worker_task cost 11.697 ms
DEBUG 04-23 21:58:12.476061.476061 cuda_h.py:27] end restore_fused_tensors cost 1.307 ms
DEBUG 04-23 21:58:12.476427.476427 cuda_h.py:27] end group_fused_tensors_mp cost 1.422 ms
DEBUG 04-23 21:58:12.477528.477528 cuda_h.py:27] end load_into_gpu_async_fused_experts_dual cost 3.665 ms
DEBUG 04-23 21:58:12.477377.477377 cuda_h.py:27] end restore_tensors2_fused_experts_packed cost 0.060 ms
DEBUG 04-23 21:58:12.477713.477713 cuda_h.py:27] end restore_tensors2_fused_experts_slices cost 0.305 ms
DEBUG 04-23 21:58:12.478991.478991 cuda_h.py:27] end allocate_experts_cuda_memory_and_restore_model_multi_device_fused cost 7.276 ms
DEBUG 04-23 21:58:12.478416.478416 cuda_h.py:27] end gpu_sexperts cost 0.006 ms
DEBUG 04-23 21:58:12.478076.478076 cuda_h.py:27] end wait_load_qkvogn_s_weight cost 0.025 ms
DEBUG 04-23 21:58:12.498851.498851 cuda_h.py:27] end wait_experts_multi_device cost 3.442 ms
DEBUG 04-23 21:58:12.508342.508342 cuda_h.py:27] end gpu_experts_multi_device_fused cost 9.704 ms
DEBUG 04-23 21:58:12.509458.509458 mlpmodule.py:3370] [fused_group_bmm][steps] bmm1=23.147 ms split=0.067 ms act_mul=0.389 ms bmm2=8.908 ms
DEBUG 04-23 21:58:12.509710.509710 cuda_h.py:27] end fused_group_bmm cost 32.719 ms
DEBUG 04-23 21:58:12.510628.510628 cuda_h.py:27] end gather_outputs_group_fused_mp cost 0.872 ms
DEBUG 04-23 21:58:12.511027.511027 cuda_h.py:27] end cpu_experts_worker_bmm_or_einsum cost 39.691 ms
DEBUG 04-23 21:58:12.512524.512524 cuda_h.py:27] end cpu_thread_manager_mp_wait_fused cost 3.636 ms
DEBUG 04-23 21:58:12.513948.513948 cuda_h.py:27] end layer_moe_generate_mp_multi_device_fused_l_24 cost 44.106 ms
DEBUG 04-23 21:58:12.514046.514046 cuda_h.py:27] end *mlp cost 44.672 ms
DEBUG 04-23 21:58:12.514228.514228 cuda_h.py:27] end prefill_layer cost 49.246 ms
DEBUG 04-23 21:58:12.514229.514229 lmp.py:260] -------------------------------- end prefill layer 23 --------------------------------
DEBUG 04-23 21:58:12.514700.514700 lmp.py:213] -------------------------------- start prefill layer 24 --------------------------------
DEBUG 04-23 21:58:12.514220.514220 cuda_h.py:27] end start_load_qkvogn_s_weight_l_25 cost 0.054 ms
DEBUG 04-23 21:58:12.514126.514126 cuda_h.py:27] end allocate_cuda_memory cost 0.239 ms
DEBUG 04-23 21:58:12.515847.515847 sllm_store_c.py:27] get device uuid map
DEBUG 04-23 21:58:12.515957.515957 sllm_store_c.py:29] call client load into gpu
DEBUG 04-23 21:58:12.517031.517031 cuda_h.py:27] end load_into_gpu_async cost 2.136 ms
DEBUG 04-23 21:58:12.517586.517586 cuda_h.py:27] end restore_tensors2 cost 0.095 ms
DEBUG 04-23 21:58:12.517800.517800 cuda_h.py:27] end allocate_cuda_memory_and_load_into_gpu cost 2.825 ms
DEBUG 04-23 21:58:12.517242.517242 cuda_h.py:27] end **self_attn cost 2.160 ms
DEBUG 04-23 21:58:12.518366.518366 cuda_h.py:27] end *iln_self_attn_paln cost 3.651 ms
DEBUG 04-23 21:58:12.518556.518556 cuda_h.py:27] end gate cost 0.655 ms
DEBUG 04-23 21:58:12.519845.519845 cuda_h.py:27] end experts_map_get cost 0.386 ms
DEBUG 04-23 21:58:12.519502.519502 cuda_h.py:27] end **before experts start cost 1.224 ms
DEBUG 04-23 21:58:12.519213.519213 cuda_h.py:27] end cpu_experts_submit_fused_mp cost 0.034 ms
DEBUG 04-23 21:58:12.521986.521986 cuda_h.py:27] end prepare_group_stack cost 0.455 ms
DEBUG 04-23 21:58:12.522384.522384 sllm_store_c.py:27] get device uuid map
DEBUG 04-23 21:58:12.524500.524500 cuda_h.py:27] end group stack cost 2.182 ms
DEBUG 04-23 21:58:12.524421.524421 sllm_store_c.py:29] call client load into gpu
DEBUG 04-23 21:58:12.524568.524568 cuda_h.py:27] end move_flatidxs_group_fused_mp cost 3.010 ms
DEBUG 04-23 21:58:12.524888.524888 cuda_h.py:27] end get_fused_experts_names_w cost 0.017 ms
DEBUG 04-23 21:58:12.525359.525359 cuda_h.py:27] end restore2model cost 0.605 ms
DEBUG 04-23 21:58:12.525123.525123 cuda_h.py:27] end sllm_worker_task cost 11.284 ms
DEBUG 04-23 21:58:12.525126.525126 cuda_h.py:27] end restore_fused_tensors cost 1.378 ms
DEBUG 04-23 21:58:12.526495.526495 cuda_h.py:27] end group_fused_tensors_mp cost 1.730 ms
DEBUG 04-23 21:58:12.526399.526399 cuda_h.py:27] end load_into_gpu_async_fused_experts_dual cost 4.611 ms
DEBUG 04-23 21:58:12.526821.526821 cuda_h.py:27] end restore_tensors2_fused_experts_packed cost 0.058 ms
DEBUG 04-23 21:58:12.527737.527737 cuda_h.py:27] end restore_tensors2_fused_experts_slices cost 0.559 ms
DEBUG 04-23 21:58:12.528826.528826 cuda_h.py:27] end allocate_experts_cuda_memory_and_restore_model_multi_device_fused cost 8.303 ms
DEBUG 04-23 21:58:12.528627.528627 cuda_h.py:27] end gpu_sexperts cost 0.008 ms
DEBUG 04-23 21:58:12.528611.528611 cuda_h.py:27] end wait_load_qkvogn_s_weight cost 0.034 ms
DEBUG 04-23 21:58:12.550125.550125 cuda_h.py:27] end wait_experts_multi_device cost 5.446 ms
DEBUG 04-23 21:58:12.560369.560369 cuda_h.py:27] end gpu_experts_multi_device_fused cost 10.054 ms
DEBUG 04-23 21:58:12.560814.560814 mlpmodule.py:3370] [fused_group_bmm][steps] bmm1=24.635 ms split=0.076 ms act_mul=0.486 ms bmm2=9.533 ms
DEBUG 04-23 21:58:12.561330.561330 cuda_h.py:27] end fused_group_bmm cost 34.922 ms
DEBUG 04-23 21:58:12.562354.562354 cuda_h.py:27] end gather_outputs_group_fused_mp cost 0.881 ms
DEBUG 04-23 21:58:12.562906.562906 cuda_h.py:27] end cpu_experts_worker_bmm_or_einsum cost 42.135 ms
DEBUG 04-23 21:58:12.563788.563788 cuda_h.py:27] end cpu_thread_manager_mp_wait_fused cost 3.236 ms
DEBUG 04-23 21:58:12.563118.563118 cuda_h.py:27] end layer_moe_generate_mp_multi_device_fused_l_25 cost 45.708 ms
DEBUG 04-23 21:58:12.564070.564070 cuda_h.py:27] end *mlp cost 46.269 ms
DEBUG 04-23 21:58:12.564491.564491 cuda_h.py:27] end prefill_layer cost 50.300 ms
DEBUG 04-23 21:58:12.564300.564300 lmp.py:260] -------------------------------- end prefill layer 24 --------------------------------
DEBUG 04-23 21:58:12.564771.564771 lmp.py:213] -------------------------------- start prefill layer 25 --------------------------------
DEBUG 04-23 21:58:12.564337.564337 cuda_h.py:27] end start_load_qkvogn_s_weight_l_26 cost 0.055 ms
DEBUG 04-23 21:58:12.565708.565708 cuda_h.py:27] end allocate_cuda_memory cost 0.265 ms
DEBUG 04-23 21:58:12.565575.565575 sllm_store_c.py:27] get device uuid map
DEBUG 04-23 21:58:12.565538.565538 sllm_store_c.py:29] call client load into gpu
DEBUG 04-23 21:58:12.567284.567284 cuda_h.py:27] end load_into_gpu_async cost 2.207 ms
DEBUG 04-23 21:58:12.567237.567237 cuda_h.py:27] end restore_tensors2 cost 0.107 ms
DEBUG 04-23 21:58:12.567448.567448 cuda_h.py:27] end **self_attn cost 2.003 ms
DEBUG 04-23 21:58:12.567271.567271 cuda_h.py:27] end allocate_cuda_memory_and_load_into_gpu cost 3.082 ms
DEBUG 04-23 21:58:12.568793.568793 cuda_h.py:27] end *iln_self_attn_paln cost 3.772 ms
DEBUG 04-23 21:58:12.569043.569043 cuda_h.py:27] end gate cost 0.657 ms
DEBUG 04-23 21:58:12.569086.569086 cuda_h.py:27] end experts_map_get cost 0.379 ms
DEBUG 04-23 21:58:12.569220.569220 cuda_h.py:27] end **before experts start cost 1.221 ms
DEBUG 04-23 21:58:12.569024.569024 cuda_h.py:27] end cpu_experts_submit_fused_mp cost 0.032 ms
DEBUG 04-23 21:58:12.571469.571469 sllm_store_c.py:27] get device uuid map
DEBUG 04-23 21:58:12.572082.572082 sllm_store_c.py:29] call client load into gpu
DEBUG 04-23 21:58:12.572059.572059 cuda_h.py:27] end prepare_group_stack cost 0.551 ms
DEBUG 04-23 21:58:12.574315.574315 cuda_h.py:27] end group stack cost 2.027 ms
DEBUG 04-23 21:58:12.574280.574280 cuda_h.py:27] end move_flatidxs_group_fused_mp cost 2.803 ms
DEBUG 04-23 21:58:12.574977.574977 cuda_h.py:27] end get_fused_experts_names_w cost 0.017 ms
DEBUG 04-23 21:58:12.576091.576091 cuda_h.py:27] end restore2model cost 0.613 ms
DEBUG 04-23 21:58:12.576371.576371 cuda_h.py:27] end sllm_worker_task cost 11.837 ms
DEBUG 04-23 21:58:12.576066.576066 cuda_h.py:27] end restore_fused_tensors cost 1.605 ms
DEBUG 04-23 21:58:12.576294.576294 cuda_h.py:27] end group_fused_tensors_mp cost 1.973 ms
DEBUG 04-23 21:58:12.577731.577731 cuda_h.py:27] end load_into_gpu_async_fused_experts_dual cost 5.459 ms
DEBUG 04-23 21:58:12.577683.577683 cuda_h.py:27] end restore_tensors2_fused_experts_packed cost 0.061 ms
DEBUG 04-23 21:58:12.578697.578697 cuda_h.py:27] end restore_tensors2_fused_experts_slices cost 0.520 ms
DEBUG 04-23 21:58:12.578977.578977 cuda_h.py:27] end allocate_experts_cuda_memory_and_restore_model_multi_device_fused cost 8.621 ms
DEBUG 04-23 21:58:12.578139.578139 cuda_h.py:27] end gpu_sexperts cost 0.011 ms
DEBUG 04-23 21:58:12.579944.579944 cuda_h.py:27] end wait_load_qkvogn_s_weight cost 0.031 ms
DEBUG 04-23 21:58:12.599016.599016 cuda_h.py:27] end wait_experts_multi_device cost 4.432 ms
DEBUG 04-23 21:58:12.609821.609821 cuda_h.py:27] end gpu_experts_multi_device_fused cost 9.587 ms
DEBUG 04-23 21:58:12.610532.610532 mlpmodule.py:3370] [fused_group_bmm][steps] bmm1=23.603 ms split=0.076 ms act_mul=0.410 ms bmm2=9.211 ms
DEBUG 04-23 21:58:12.610664.610664 cuda_h.py:27] end fused_group_bmm cost 33.488 ms
DEBUG 04-23 21:58:12.611457.611457 cuda_h.py:27] end gather_outputs_group_fused_mp cost 0.885 ms
DEBUG 04-23 21:58:12.611492.611492 cuda_h.py:27] end cpu_experts_worker_bmm_or_einsum cost 40.764 ms
DEBUG 04-23 21:58:12.612815.612815 cuda_h.py:27] end cpu_thread_manager_mp_wait_fused cost 3.379 ms
DEBUG 04-23 21:58:12.613859.613859 cuda_h.py:27] end layer_moe_generate_mp_multi_device_fused_l_26 cost 44.633 ms
DEBUG 04-23 21:58:12.613374.613374 cuda_h.py:27] end *mlp cost 45.363 ms
DEBUG 04-23 21:58:12.613602.613602 cuda_h.py:27] end prefill_layer cost 49.348 ms
DEBUG 04-23 21:58:12.613458.613458 lmp.py:260] -------------------------------- end prefill layer 25 --------------------------------
DEBUG 04-23 21:58:12.613406.613406 lmp.py:213] -------------------------------- start prefill layer 26 --------------------------------
DEBUG 04-23 21:58:12.614274.614274 cuda_h.py:27] end start_load_qkvogn_s_weight_l_27 cost 0.056 ms
DEBUG 04-23 21:58:12.614842.614842 cuda_h.py:27] end allocate_cuda_memory cost 0.238 ms
DEBUG 04-23 21:58:12.614140.614140 sllm_store_c.py:27] get device uuid map
DEBUG 04-23 21:58:12.614018.614018 sllm_store_c.py:29] call client load into gpu
DEBUG 04-23 21:58:12.616762.616762 cuda_h.py:27] end load_into_gpu_async cost 2.177 ms
DEBUG 04-23 21:58:12.617046.617046 cuda_h.py:27] end restore_tensors2 cost 0.095 ms
DEBUG 04-23 21:58:12.617905.617905 cuda_h.py:27] end **self_attn cost 1.960 ms
DEBUG 04-23 21:58:12.617721.617721 cuda_h.py:27] end allocate_cuda_memory_and_load_into_gpu cost 3.006 ms
DEBUG 04-23 21:58:12.617024.617024 cuda_h.py:27] end *iln_self_attn_paln cost 3.464 ms
DEBUG 04-23 21:58:12.618518.618518 cuda_h.py:27] end gate cost 0.759 ms
DEBUG 04-23 21:58:12.619760.619760 cuda_h.py:27] end experts_map_get cost 0.382 ms
DEBUG 04-23 21:58:12.619179.619179 cuda_h.py:27] end **before experts start cost 1.328 ms
DEBUG 04-23 21:58:12.619744.619744 cuda_h.py:27] end cpu_experts_submit_fused_mp cost 0.032 ms
DEBUG 04-23 21:58:12.621334.621334 cuda_h.py:27] end prepare_group_stack cost 0.494 ms
DEBUG 04-23 21:58:12.622578.622578 sllm_store_c.py:27] get device uuid map
DEBUG 04-23 21:58:12.623863.623863 cuda_h.py:27] end group stack cost 2.063 ms
DEBUG 04-23 21:58:12.624144.624144 sllm_store_c.py:29] call client load into gpu
DEBUG 04-23 21:58:12.624145.624145 cuda_h.py:27] end move_flatidxs_group_fused_mp cost 3.179 ms
DEBUG 04-23 21:58:12.624419.624419 cuda_h.py:27] end get_fused_experts_names_w cost 0.017 ms
DEBUG 04-23 21:58:12.625859.625859 cuda_h.py:27] end restore2model cost 0.606 ms
DEBUG 04-23 21:58:12.625669.625669 cuda_h.py:27] end sllm_worker_task cost 11.543 ms
DEBUG 04-23 21:58:12.626596.626596 cuda_h.py:27] end restore_fused_tensors cost 1.340 ms
DEBUG 04-23 21:58:12.626585.626585 cuda_h.py:27] end group_fused_tensors_mp cost 1.616 ms
DEBUG 04-23 21:58:12.626582.626582 cuda_h.py:27] end load_into_gpu_async_fused_experts_dual cost 4.872 ms
DEBUG 04-23 21:58:12.627289.627289 cuda_h.py:27] end restore_tensors2_fused_experts_packed cost 0.151 ms
DEBUG 04-23 21:58:12.628041.628041 cuda_h.py:27] end restore_tensors2_fused_experts_slices cost 0.547 ms
DEBUG 04-23 21:58:12.628745.628745 cuda_h.py:27] end allocate_experts_cuda_memory_and_restore_model_multi_device_fused cost 8.859 ms
DEBUG 04-23 21:58:12.628051.628051 cuda_h.py:27] end gpu_sexperts cost 0.009 ms
DEBUG 04-23 21:58:12.628698.628698 cuda_h.py:27] end wait_load_qkvogn_s_weight cost 0.031 ms
DEBUG 04-23 21:58:12.649669.649669 cuda_h.py:27] end wait_experts_multi_device cost 4.080 ms
DEBUG 04-23 21:58:12.659774.659774 cuda_h.py:27] end gpu_experts_multi_device_fused cost 9.677 ms
DEBUG 04-23 21:58:12.660590.660590 mlpmodule.py:3370] [fused_group_bmm][steps] bmm1=24.135 ms split=0.073 ms act_mul=0.454 ms bmm2=9.381 ms
DEBUG 04-23 21:58:12.660536.660536 cuda_h.py:27] end fused_group_bmm cost 34.237 ms
DEBUG 04-23 21:58:12.661197.661197 cuda_h.py:27] end gather_outputs_group_fused_mp cost 0.893 ms
DEBUG 04-23 21:58:12.661920.661920 cuda_h.py:27] end cpu_experts_worker_bmm_or_einsum cost 41.515 ms
DEBUG 04-23 21:58:12.663544.663544 cuda_h.py:27] end cpu_thread_manager_mp_wait_fused cost 3.594 ms
DEBUG 04-23 21:58:12.663343.663343 cuda_h.py:27] end layer_moe_generate_mp_multi_device_fused_l_27 cost 45.373 ms
DEBUG 04-23 21:58:12.663323.663323 cuda_h.py:27] end *mlp cost 45.954 ms
DEBUG 04-23 21:58:12.663743.663743 cuda_h.py:27] end prefill_layer cost 49.826 ms
DEBUG 04-23 21:58:12.663513.663513 lmp.py:260] -------------------------------- end prefill layer 26 --------------------------------
DEBUG 04-23 21:58:12.663461.663461 lmp.py:213] -------------------------------- start prefill layer 27 --------------------------------
DEBUG 04-23 21:58:12.664857.664857 cuda_h.py:27] end start_load_qkvogn_s_weight_l_28 cost 0.054 ms
DEBUG 04-23 21:58:12.664127.664127 cuda_h.py:27] end allocate_cuda_memory cost 0.227 ms
DEBUG 04-23 21:58:12.664424.664424 sllm_store_c.py:27] get device uuid map
DEBUG 04-23 21:58:12.664252.664252 sllm_store_c.py:29] call client load into gpu
DEBUG 04-23 21:58:12.666312.666312 cuda_h.py:27] end load_into_gpu_async cost 2.198 ms
DEBUG 04-23 21:58:12.667861.667861 cuda_h.py:27] end restore_tensors2 cost 0.094 ms
DEBUG 04-23 21:58:12.667061.667061 cuda_h.py:27] end allocate_cuda_memory_and_load_into_gpu cost 2.868 ms
DEBUG 04-23 21:58:12.667471.667471 cuda_h.py:27] end **self_attn cost 2.059 ms
DEBUG 04-23 21:58:12.667595.667595 cuda_h.py:27] end *iln_self_attn_paln cost 3.525 ms
DEBUG 04-23 21:58:12.668535.668535 cuda_h.py:27] end gate cost 0.668 ms
DEBUG 04-23 21:58:12.668332.668332 cuda_h.py:27] end experts_map_get cost 0.375 ms
DEBUG 04-23 21:58:12.669275.669275 cuda_h.py:27] end **before experts start cost 1.226 ms
DEBUG 04-23 21:58:12.669840.669840 cuda_h.py:27] end cpu_experts_submit_fused_mp cost 0.032 ms
DEBUG 04-23 21:58:12.671049.671049 cuda_h.py:27] end prepare_group_stack cost 0.540 ms
DEBUG 04-23 21:58:12.672993.672993 sllm_store_c.py:27] get device uuid map
DEBUG 04-23 21:58:12.672199.672199 sllm_store_c.py:29] call client load into gpu
DEBUG 04-23 21:58:12.674430.674430 cuda_h.py:27] end group stack cost 2.197 ms
DEBUG 04-23 21:58:12.674470.674470 cuda_h.py:27] end move_flatidxs_group_fused_mp cost 3.431 ms
DEBUG 04-23 21:58:12.674266.674266 cuda_h.py:27] end get_fused_experts_names_w cost 0.018 ms
DEBUG 04-23 21:58:12.675506.675506 cuda_h.py:27] end restore2model cost 0.611 ms
DEBUG 04-23 21:58:12.675601.675601 cuda_h.py:27] end sllm_worker_task cost 11.486 ms
DEBUG 04-23 21:58:12.676002.676002 cuda_h.py:27] end restore_fused_tensors cost 1.307 ms
DEBUG 04-23 21:58:12.676474.676474 cuda_h.py:27] end group_fused_tensors_mp cost 1.684 ms
DEBUG 04-23 21:58:12.676999.676999 cuda_h.py:27] end load_into_gpu_async_fused_experts_dual cost 4.533 ms
DEBUG 04-23 21:58:12.676430.676430 cuda_h.py:27] end restore_tensors2_fused_experts_packed cost 0.060 ms
DEBUG 04-23 21:58:12.677912.677912 cuda_h.py:27] end restore_tensors2_fused_experts_slices cost 0.307 ms
DEBUG 04-23 21:58:12.677555.677555 cuda_h.py:27] end allocate_experts_cuda_memory_and_restore_model_multi_device_fused cost 8.010 ms
DEBUG 04-23 21:58:12.677743.677743 cuda_h.py:27] end gpu_sexperts cost 0.006 ms
DEBUG 04-23 21:58:12.677787.677787 cuda_h.py:27] end wait_load_qkvogn_s_weight cost 0.030 ms
DEBUG 04-23 21:58:12.698700.698700 cuda_h.py:27] end wait_experts_multi_device cost 7.683 ms
DEBUG 04-23 21:58:12.708987.708987 cuda_h.py:27] end gpu_experts_multi_device_fused cost 9.173 ms
DEBUG 04-23 21:58:12.709012.709012 mlpmodule.py:3370] [fused_group_bmm][steps] bmm1=23.589 ms split=0.073 ms act_mul=0.564 ms bmm2=9.121 ms
DEBUG 04-23 21:58:12.710077.710077 cuda_h.py:27] end fused_group_bmm cost 34.296 ms
DEBUG 04-23 21:58:12.711788.711788 cuda_h.py:27] end gather_outputs_group_fused_mp cost 0.830 ms
DEBUG 04-23 21:58:12.712140.712140 cuda_h.py:27] end cpu_experts_worker_bmm_or_einsum cost 41.839 ms
DEBUG 04-23 21:58:12.713898.713898 cuda_h.py:27] end cpu_thread_manager_mp_wait_fused cost 5.008 ms
DEBUG 04-23 21:58:12.713062.713062 cuda_h.py:27] end layer_moe_generate_mp_multi_device_fused_l_28 cost 45.695 ms
DEBUG 04-23 21:58:12.714809.714809 cuda_h.py:27] end *mlp cost 46.453 ms
DEBUG 04-23 21:58:12.714667.714667 cuda_h.py:27] end prefill_layer cost 50.466 ms
DEBUG 04-23 21:58:12.714476.714476 lmp.py:260] -------------------------------- end prefill layer 27 --------------------------------
DEBUG 04-23 21:58:12.714471.714471 lmp.py:213] -------------------------------- start prefill layer 28 --------------------------------
DEBUG 04-23 21:58:12.714970.714970 cuda_h.py:27] end start_load_qkvogn_s_weight_l_29 cost 0.052 ms
DEBUG 04-23 21:58:12.715551.715551 cuda_h.py:27] end allocate_cuda_memory cost 0.247 ms
DEBUG 04-23 21:58:12.715988.715988 sllm_store_c.py:27] get device uuid map
DEBUG 04-23 21:58:12.715745.715745 sllm_store_c.py:29] call client load into gpu
DEBUG 04-23 21:58:12.717138.717138 cuda_h.py:27] end load_into_gpu_async cost 2.110 ms
DEBUG 04-23 21:58:12.717024.717024 cuda_h.py:27] end restore_tensors2 cost 0.094 ms
DEBUG 04-23 21:58:12.717522.717522 cuda_h.py:27] end allocate_cuda_memory_and_load_into_gpu cost 2.807 ms
DEBUG 04-23 21:58:12.717400.717400 cuda_h.py:27] end **self_attn cost 2.079 ms
DEBUG 04-23 21:58:12.718152.718152 cuda_h.py:27] end *iln_self_attn_paln cost 3.537 ms
DEBUG 04-23 21:58:12.718335.718335 cuda_h.py:27] end gate cost 0.656 ms
DEBUG 04-23 21:58:12.719478.719478 cuda_h.py:27] end experts_map_get cost 0.383 ms
DEBUG 04-23 21:58:12.719705.719705 cuda_h.py:27] end **before experts start cost 1.221 ms
DEBUG 04-23 21:58:12.719985.719985 cuda_h.py:27] end cpu_experts_submit_fused_mp cost 0.033 ms
DEBUG 04-23 21:58:12.721525.721525 cuda_h.py:27] end prepare_group_stack cost 0.489 ms
DEBUG 04-23 21:58:12.722003.722003 sllm_store_c.py:27] get device uuid map
DEBUG 04-23 21:58:12.722734.722734 sllm_store_c.py:29] call client load into gpu
DEBUG 04-23 21:58:12.724966.724966 cuda_h.py:27] end group stack cost 2.203 ms
DEBUG 04-23 21:58:12.724069.724069 cuda_h.py:27] end move_flatidxs_group_fused_mp cost 2.911 ms
DEBUG 04-23 21:58:12.724058.724058 cuda_h.py:27] end get_fused_experts_names_w cost 0.018 ms
DEBUG 04-23 21:58:12.726819.726819 cuda_h.py:27] end restore_fused_tensors cost 1.295 ms
DEBUG 04-23 21:58:12.726715.726715 cuda_h.py:27] end group_fused_tensors_mp cost 1.664 ms
DEBUG 04-23 21:58:12.729722.729722 cuda_h.py:27] end restore2model cost 1.190 ms
DEBUG 04-23 21:58:12.729183.729183 cuda_h.py:27] end sllm_worker_task cost 14.620 ms
DEBUG 04-23 21:58:12.729702.729702 cuda_h.py:27] end load_into_gpu_async_fused_experts_dual cost 7.795 ms
DEBUG 04-23 21:58:12.730981.730981 cuda_h.py:27] end restore_tensors2_fused_experts_packed cost 0.195 ms
DEBUG 04-23 21:58:12.731333.731333 cuda_h.py:27] end restore_tensors2_fused_experts_slices cost 0.569 ms
DEBUG 04-23 21:58:12.731330.731330 cuda_h.py:27] end allocate_experts_cuda_memory_and_restore_model_multi_device_fused cost 11.574 ms
DEBUG 04-23 21:58:12.731611.731611 cuda_h.py:27] end gpu_sexperts cost 0.009 ms
DEBUG 04-23 21:58:12.731511.731511 cuda_h.py:27] end wait_load_qkvogn_s_weight cost 0.037 ms
DEBUG 04-23 21:58:12.750810.750810 cuda_h.py:27] end wait_experts_multi_device cost 4.741 ms
DEBUG 04-23 21:58:12.759943.759943 mlpmodule.py:3370] [fused_group_bmm][steps] bmm1=23.099 ms split=0.080 ms act_mul=0.734 ms bmm2=9.065 ms
DEBUG 04-23 21:58:12.759215.759215 cuda_h.py:27] end fused_group_bmm cost 33.202 ms
DEBUG 04-23 21:58:12.760068.760068 cuda_h.py:27] end gather_outputs_group_fused_mp cost 0.894 ms
DEBUG 04-23 21:58:12.760066.760066 cuda_h.py:27] end gpu_experts_multi_device_fused cost 9.634 ms
DEBUG 04-23 21:58:12.760605.760605 cuda_h.py:27] end cpu_experts_worker_bmm_or_einsum cost 40.368 ms
DEBUG 04-23 21:58:12.763257.763257 cuda_h.py:27] end cpu_thread_manager_mp_wait_fused cost 1.458 ms
DEBUG 04-23 21:58:12.763878.763878 cuda_h.py:27] end layer_moe_generate_mp_multi_device_fused_l_29 cost 45.553 ms
DEBUG 04-23 21:58:12.764863.764863 cuda_h.py:27] end *mlp cost 46.104 ms
DEBUG 04-23 21:58:12.764761.764761 cuda_h.py:27] end prefill_layer cost 50.002 ms
DEBUG 04-23 21:58:12.764808.764808 lmp.py:260] -------------------------------- end prefill layer 28 --------------------------------
DEBUG 04-23 21:58:12.764233.764233 lmp.py:213] -------------------------------- start prefill layer 29 --------------------------------
DEBUG 04-23 21:58:12.767560.767560 cuda_h.py:27] end **self_attn cost 2.313 ms
DEBUG 04-23 21:58:12.767140.767140 cuda_h.py:27] end *iln_self_attn_paln cost 2.950 ms
DEBUG 04-23 21:58:12.768290.768290 cuda_h.py:27] end gate cost 0.651 ms
DEBUG 04-23 21:58:12.769087.769087 cuda_h.py:27] end experts_map_get cost 0.339 ms
DEBUG 04-23 21:58:12.770296.770296 cuda_h.py:27] end **before experts start cost 2.808 ms
DEBUG 04-23 21:58:12.770014.770014 cuda_h.py:27] end cpu_experts_submit_fused_mp cost 0.038 ms
DEBUG 04-23 21:58:12.772810.772810 cuda_h.py:27] end prepare_group_stack cost 0.542 ms
DEBUG 04-23 21:58:12.772024.772024 sllm_store_c.py:27] get device uuid map
DEBUG 04-23 21:58:12.772127.772127 sllm_store_c.py:29] call client load into gpu
DEBUG 04-23 21:58:12.774627.774627 cuda_h.py:27] end group stack cost 2.163 ms
DEBUG 04-23 21:58:12.774922.774922 cuda_h.py:27] end move_flatidxs_group_fused_mp cost 2.927 ms
DEBUG 04-23 21:58:12.774765.774765 cuda_h.py:27] end get_fused_experts_names_w cost 0.017 ms
DEBUG 04-23 21:58:12.775044.775044 cuda_h.py:27] end load_into_gpu_async_fused_experts_dual cost 2.793 ms
DEBUG 04-23 21:58:12.775181.775181 cuda_h.py:27] end restore_tensors2_fused_experts_packed cost 0.071 ms
DEBUG 04-23 21:58:12.775685.775685 cuda_h.py:27] end restore_tensors2_fused_experts_slices cost 0.268 ms
DEBUG 04-23 21:58:12.775409.775409 cuda_h.py:27] end allocate_experts_cuda_memory_and_restore_model_multi_device_fused cost 4.628 ms
DEBUG 04-23 21:58:12.775126.775126 cuda_h.py:27] end gpu_sexperts cost 0.003 ms
DEBUG 04-23 21:58:12.776269.776269 cuda_h.py:27] end restore_fused_tensors cost 1.352 ms
DEBUG 04-23 21:58:12.776350.776350 cuda_h.py:27] end group_fused_tensors_mp cost 1.470 ms
DEBUG 04-23 21:58:12.799923.799923 cuda_h.py:27] end wait_experts_multi_device cost 13.448 ms
DEBUG 04-23 21:58:12.808957.808957 cuda_h.py:27] end gpu_experts_multi_device_fused cost 8.882 ms
DEBUG 04-23 21:58:12.810766.810766 mlpmodule.py:3370] [fused_group_bmm][steps] bmm1=24.384 ms split=0.068 ms act_mul=0.561 ms bmm2=9.426 ms
DEBUG 04-23 21:58:12.811030.811030 cuda_h.py:27] end fused_group_bmm cost 34.657 ms
DEBUG 04-23 21:58:12.812989.812989 cuda_h.py:27] end gather_outputs_group_fused_mp cost 0.903 ms
DEBUG 04-23 21:58:12.813391.813391 cuda_h.py:27] end cpu_experts_worker_bmm_or_einsum cost 41.910 ms
DEBUG 04-23 21:58:12.814171.814171 cuda_h.py:27] end cpu_thread_manager_mp_wait_fused cost 6.024 ms
DEBUG 04-23 21:58:12.814879.814879 cuda_h.py:27] end layer_moe_generate_mp_multi_device_fused_l_30 cost 46.916 ms
DEBUG 04-23 21:58:12.815303.815303 cuda_h.py:27] end *mlp cost 47.510 ms
DEBUG 04-23 21:58:12.815061.815061 cuda_h.py:27] end prefill_layer cost 51.030 ms
DEBUG 04-23 21:58:12.815347.815347 lmp.py:260] -------------------------------- end prefill layer 29 --------------------------------
DEBUG 04-23 21:58:12.815580.815580 cuda_h.py:27] end prefill cost 2156.856 ms
INFO 04-23 21:58:12.815862.815862 lmp.py:262] prefill time: 2.157155752182007 seconds
generate input ids cost 0.046204566955566406 s
DEBUG 04-23 21:58:18.192853.192853 cuda_h.py:27] end generate_input_ids cost 2981.515 ms
DEBUG 04-23 21:58:18.192594.192594 cuda_h.py:27] end init_cache cost 0.041 ms
DEBUG 04-23 21:58:18.193165.193165 cuda_h.py:27] end allocate_cuda_memory cost 0.379 ms
DEBUG 04-23 21:58:18.193156.193156 sllm_store_c.py:27] get device uuid map
DEBUG 04-23 21:58:18.193224.193224 sllm_store_c.py:29] call client load into gpu
DEBUG 04-23 21:58:18.195295.195295 cuda_h.py:27] end load_into_gpu_async cost 2.552 ms
DEBUG 04-23 21:58:18.196724.196724 cuda_h.py:27] end restore_tensors2 cost 0.060 ms
DEBUG 04-23 21:58:18.196838.196838 cuda_h.py:27] end allocate_cuda_memory_and_load_into_gpu cost 3.290 ms
DEBUG 04-23 21:58:18.196303.196303 cuda_h.py:27] end restore2model cost 0.235 ms
DEBUG 04-23 21:58:18.333484.333484 cuda_h.py:27] end allocate_cuda_memory cost 0.455 ms
DEBUG 04-23 21:58:18.334756.334756 sllm_store_c.py:27] get device uuid map
DEBUG 04-23 21:58:18.334647.334647 sllm_store_c.py:29] call client load into gpu
DEBUG 04-23 21:58:18.336554.336554 cuda_h.py:27] end load_into_gpu_async cost 2.860 ms
DEBUG 04-23 21:58:18.337055.337055 cuda_h.py:27] end restore_tensors2 cost 0.175 ms
DEBUG 04-23 21:58:18.337924.337924 cuda_h.py:27] end allocate_cuda_memory_and_load_into_gpu cost 4.345 ms
DEBUG 04-23 21:58:18.486589.486589 cuda_h.py:27] end restore2model cost 1.713 ms
DEBUG 04-23 21:58:18.487669.487669 cuda_h.py:27] end load_qkvogns_weight_l_0 cost 154.135 ms
DEBUG 04-23 21:58:18.487487.487487 cuda_h.py:27] end init_general_weights cost 294.434 ms
DEBUG 04-23 21:58:18.489917.489917 cuda_h.py:27] end init_inputs_tokens cost 0.828 ms
DEBUG 04-23 21:58:18.489785.489785 lmp.py:213] -------------------------------- start prefill layer 0 --------------------------------
DEBUG 04-23 21:58:18.490668.490668 cuda_h.py:27] end start_load_qkvogn_s_weight_l_1 cost 0.072 ms
DEBUG 04-23 21:58:18.490157.490157 cuda_h.py:27] end allocate_cuda_memory cost 0.359 ms
DEBUG 04-23 21:58:18.491494.491494 sllm_store_c.py:27] get device uuid map
DEBUG 04-23 21:58:18.491727.491727 sllm_store_c.py:29] call client load into gpu
DEBUG 04-23 21:58:18.493086.493086 cuda_h.py:27] end load_into_gpu_async cost 2.853 ms
DEBUG 04-23 21:58:18.494051.494051 cuda_h.py:27] end restore_tensors2 cost 0.169 ms
DEBUG 04-23 21:58:18.494070.494070 cuda_h.py:27] end allocate_cuda_memory_and_load_into_gpu cost 4.165 ms
DEBUG 04-23 21:58:18.497801.497801 cuda_h.py:27] end **self_attn cost 5.601 ms
DEBUG 04-23 21:58:18.498096.498096 cuda_h.py:27] end *iln_self_attn_paln cost 8.506 ms
DEBUG 04-23 21:58:18.500445.500445 cuda_h.py:27] end gate cost 1.560 ms
DEBUG 04-23 21:58:18.501980.501980 cuda_h.py:27] end experts_map_get cost 0.592 ms
DEBUG 04-23 21:58:18.501420.501420 cuda_h.py:27] end **before experts start cost 2.403 ms
DEBUG 04-23 21:58:18.501390.501390 cuda_h.py:27] end cpu_experts_submit_fused_mp cost 0.038 ms
DEBUG 04-23 21:58:18.502832.502832 sllm_store_c.py:27] get device uuid map
DEBUG 04-23 21:58:18.502240.502240 sllm_store_c.py:29] call client load into gpu
DEBUG 04-23 21:58:18.503721.503721 cuda_h.py:27] end prepare_group_stack cost 0.917 ms
DEBUG 04-23 21:58:18.505338.505338 cuda_h.py:27] end restore2model cost 1.775 ms
DEBUG 04-23 21:58:18.505590.505590 cuda_h.py:27] end sllm_worker_task cost 15.541 ms
DEBUG 04-23 21:58:18.508295.508295 cuda_h.py:27] end load_into_gpu_async_fused_experts_dual cost 5.496 ms
DEBUG 04-23 21:58:18.508791.508791 cuda_h.py:27] end restore_tensors2_fused_experts_packed cost 0.084 ms
DEBUG 04-23 21:58:18.509110.509110 cuda_h.py:27] end restore_tensors2_fused_experts_slices cost 0.394 ms
DEBUG 04-23 21:58:18.510195.510195 cuda_h.py:27] end allocate_experts_cuda_memory_and_restore_model_multi_device_fused cost 9.376 ms
DEBUG 04-23 21:58:18.511442.511442 cuda_h.py:27] end gpu_sexperts cost 0.004 ms
DEBUG 04-23 21:58:18.511086.511086 cuda_h.py:27] end wait_load_qkvogn_s_weight cost 0.016 ms
DEBUG 04-23 21:58:18.513485.513485 cuda_h.py:27] end group stack cost 9.747 ms
DEBUG 04-23 21:58:18.513456.513456 cuda_h.py:27] end move_flatidxs_group_fused_mp cost 11.268 ms
DEBUG 04-23 21:58:18.513460.513460 cuda_h.py:27] end get_fused_experts_names_w cost 0.025 ms
DEBUG 04-23 21:58:18.514937.514937 cuda_h.py:27] end restore_fused_tensors cost 0.169 ms
DEBUG 04-23 21:58:18.514728.514728 cuda_h.py:27] end group_fused_tensors_mp cost 0.509 ms
DEBUG 04-23 21:58:18.533648.533648 cuda_h.py:27] end wait_experts_multi_device cost 2.045 ms
DEBUG 04-23 21:58:18.545787.545787 cuda_h.py:27] end gpu_experts_multi_device_fused cost 11.242 ms
DEBUG 04-23 21:58:18.547290.547290 mlpmodule.py:3370] [fused_group_bmm][steps] bmm1=21.941 ms split=0.073 ms act_mul=1.315 ms bmm2=9.288 ms
DEBUG 04-23 21:58:18.547110.547110 cuda_h.py:27] end fused_group_bmm cost 32.825 ms
DEBUG 04-23 21:58:18.548410.548410 cuda_h.py:27] end gather_outputs_group_fused_mp cost 0.978 ms
DEBUG 04-23 21:58:18.548974.548974 cuda_h.py:27] end cpu_experts_worker_bmm_or_einsum cost 46.708 ms
DEBUG 04-23 21:58:18.550309.550309 cuda_h.py:27] end cpu_thread_manager_mp_wait_fused cost 4.857 ms
DEBUG 04-23 21:58:18.550804.550804 cuda_h.py:27] end layer_moe_generate_mp_multi_device_fused_l_1 cost 51.844 ms
DEBUG 04-23 21:58:18.551525.551525 cuda_h.py:27] end *mlp cost 52.424 ms
DEBUG 04-23 21:58:18.551938.551938 cuda_h.py:27] end prefill_layer cost 61.569 ms
DEBUG 04-23 21:58:18.551231.551231 lmp.py:260] -------------------------------- end prefill layer 0 --------------------------------
DEBUG 04-23 21:58:18.551702.551702 lmp.py:213] -------------------------------- start prefill layer 1 --------------------------------
DEBUG 04-23 21:58:18.551720.551720 cuda_h.py:27] end start_load_qkvogn_s_weight_l_2 cost 0.055 ms
DEBUG 04-23 21:58:18.551055.551055 cuda_h.py:27] end allocate_cuda_memory cost 0.186 ms
DEBUG 04-23 21:58:18.552857.552857 sllm_store_c.py:27] get device uuid map
DEBUG 04-23 21:58:18.552720.552720 sllm_store_c.py:29] call client load into gpu
DEBUG 04-23 21:58:18.554093.554093 cuda_h.py:27] end **self_attn cost 1.783 ms
DEBUG 04-23 21:58:18.554118.554118 cuda_h.py:27] end load_into_gpu_async cost 2.473 ms
DEBUG 04-23 21:58:18.554727.554727 cuda_h.py:27] end restore_tensors2 cost 0.102 ms
DEBUG 04-23 21:58:18.555365.555365 cuda_h.py:27] end *iln_self_attn_paln cost 3.492 ms
DEBUG 04-23 21:58:18.555577.555577 cuda_h.py:27] end allocate_cuda_memory_and_load_into_gpu cost 3.956 ms
DEBUG 04-23 21:58:18.556595.556595 cuda_h.py:27] end gate cost 0.831 ms
DEBUG 04-23 21:58:18.557288.557288 cuda_h.py:27] end experts_map_get cost 0.394 ms
DEBUG 04-23 21:58:18.557707.557707 cuda_h.py:27] end **before experts start cost 1.418 ms
DEBUG 04-23 21:58:18.557464.557464 cuda_h.py:27] end cpu_experts_submit_fused_mp cost 0.033 ms
DEBUG 04-23 21:58:18.558869.558869 cuda_h.py:27] end prepare_group_stack cost 0.606 ms
DEBUG 04-23 21:58:18.558799.558799 sllm_store_c.py:27] get device uuid map
DEBUG 04-23 21:58:18.558095.558095 sllm_store_c.py:29] call client load into gpu
DEBUG 04-23 21:58:18.561033.561033 cuda_h.py:27] end group stack cost 2.840 ms
DEBUG 04-23 21:58:18.561004.561004 cuda_h.py:27] end move_flatidxs_group_fused_mp cost 3.673 ms
DEBUG 04-23 21:58:18.561377.561377 cuda_h.py:27] end get_fused_experts_names_w cost 0.019 ms
DEBUG 04-23 21:58:18.561699.561699 cuda_h.py:27] end restore_fused_tensors cost 0.100 ms
DEBUG 04-23 21:58:18.561384.561384 cuda_h.py:27] end group_fused_tensors_mp cost 0.413 ms
DEBUG 04-23 21:58:18.564794.564794 cuda_h.py:27] end restore2model cost 1.293 ms
DEBUG 04-23 21:58:18.565675.565675 cuda_h.py:27] end sllm_worker_task cost 13.388 ms
DEBUG 04-23 21:58:18.565005.565005 cuda_h.py:27] end load_into_gpu_async_fused_experts_dual cost 6.896 ms
DEBUG 04-23 21:58:18.566120.566120 cuda_h.py:27] end restore_tensors2_fused_experts_packed cost 0.223 ms
DEBUG 04-23 21:58:18.566882.566882 cuda_h.py:27] end restore_tensors2_fused_experts_slices cost 0.611 ms
DEBUG 04-23 21:58:18.567435.567435 cuda_h.py:27] end allocate_experts_cuda_memory_and_restore_model_multi_device_fused cost 9.748 ms
DEBUG 04-23 21:58:18.567820.567820 cuda_h.py:27] end gpu_sexperts cost 0.012 ms
DEBUG 04-23 21:58:18.567566.567566 cuda_h.py:27] end wait_load_qkvogn_s_weight cost 0.037 ms
DEBUG 04-23 21:58:18.589071.589071 cuda_h.py:27] end wait_experts_multi_device cost 4.392 ms
DEBUG 04-23 21:58:18.596044.596044 mlpmodule.py:3370] [fused_group_bmm][steps] bmm1=24.731 ms split=0.076 ms act_mul=0.517 ms bmm2=9.310 ms
DEBUG 04-23 21:58:18.596792.596792 cuda_h.py:27] end fused_group_bmm cost 34.859 ms
DEBUG 04-23 21:58:18.597807.597807 cuda_h.py:27] end gather_outputs_group_fused_mp cost 0.978 ms
DEBUG 04-23 21:58:18.598550.598550 cuda_h.py:27] end cpu_experts_worker_bmm_or_einsum cost 40.687 ms
DEBUG 04-23 21:58:18.598798.598798 cuda_h.py:27] end gpu_experts_multi_device_fused cost 8.894 ms
DEBUG 04-23 21:58:18.601080.601080 cuda_h.py:27] end cpu_thread_manager_mp_wait_fused cost 1.287 ms
DEBUG 04-23 21:58:18.602687.602687 cuda_h.py:27] end layer_moe_generate_mp_multi_device_fused_l_2 cost 46.312 ms
DEBUG 04-23 21:58:18.602261.602261 cuda_h.py:27] end *mlp cost 46.838 ms
DEBUG 04-23 21:58:18.602913.602913 cuda_h.py:27] end prefill_layer cost 51.383 ms
DEBUG 04-23 21:58:18.602292.602292 lmp.py:260] -------------------------------- end prefill layer 1 --------------------------------
DEBUG 04-23 21:58:18.602048.602048 lmp.py:213] -------------------------------- start prefill layer 2 --------------------------------
DEBUG 04-23 21:58:18.603369.603369 cuda_h.py:27] end start_load_qkvogn_s_weight_l_3 cost 0.052 ms
DEBUG 04-23 21:58:18.603531.603531 cuda_h.py:27] end allocate_cuda_memory cost 0.185 ms
DEBUG 04-23 21:58:18.603513.603513 sllm_store_c.py:27] get device uuid map
DEBUG 04-23 21:58:18.603045.603045 sllm_store_c.py:29] call client load into gpu
DEBUG 04-23 21:58:18.605932.605932 cuda_h.py:27] end load_into_gpu_async cost 2.028 ms
DEBUG 04-23 21:58:18.605641.605641 cuda_h.py:27] end restore_tensors2 cost 0.100 ms
DEBUG 04-23 21:58:18.605282.605282 cuda_h.py:27] end **self_attn cost 1.876 ms
DEBUG 04-23 21:58:18.605197.605197 cuda_h.py:27] end allocate_cuda_memory_and_load_into_gpu cost 2.902 ms
DEBUG 04-23 21:58:18.606348.606348 cuda_h.py:27] end *iln_self_attn_paln cost 3.596 ms
DEBUG 04-23 21:58:18.607638.607638 cuda_h.py:27] end gate cost 0.652 ms
DEBUG 04-23 21:58:18.607998.607998 cuda_h.py:27] end experts_map_get cost 0.372 ms
DEBUG 04-23 21:58:18.607895.607895 cuda_h.py:27] end **before experts start cost 1.204 ms
DEBUG 04-23 21:58:18.607129.607129 cuda_h.py:27] end cpu_experts_submit_fused_mp cost 0.034 ms
DEBUG 04-23 21:58:18.609856.609856 cuda_h.py:27] end prepare_group_stack cost 0.591 ms
DEBUG 04-23 21:58:18.610047.610047 sllm_store_c.py:27] get device uuid map
DEBUG 04-23 21:58:18.610639.610639 sllm_store_c.py:29] call client load into gpu
DEBUG 04-23 21:58:18.611962.611962 cuda_h.py:27] end group stack cost 2.663 ms
DEBUG 04-23 21:58:18.611588.611588 cuda_h.py:27] end move_flatidxs_group_fused_mp cost 3.464 ms
DEBUG 04-23 21:58:18.611000.611000 cuda_h.py:27] end get_fused_experts_names_w cost 0.017 ms
DEBUG 04-23 21:58:18.613593.613593 cuda_h.py:27] end restore_fused_tensors cost 1.587 ms
DEBUG 04-23 21:58:18.613033.613033 cuda_h.py:27] end group_fused_tensors_mp cost 1.975 ms
DEBUG 04-23 21:58:18.614704.614704 cuda_h.py:27] end restore2model cost 0.573 ms
DEBUG 04-23 21:58:18.614991.614991 cuda_h.py:27] end sllm_worker_task cost 11.606 ms
DEBUG 04-23 21:58:18.616704.616704 cuda_h.py:27] end load_into_gpu_async_fused_experts_dual cost 6.157 ms
DEBUG 04-23 21:58:18.616186.616186 cuda_h.py:27] end restore_tensors2_fused_experts_packed cost 0.167 ms
DEBUG 04-23 21:58:18.617875.617875 cuda_h.py:27] end restore_tensors2_fused_experts_slices cost 0.577 ms
DEBUG 04-23 21:58:18.617400.617400 cuda_h.py:27] end allocate_experts_cuda_memory_and_restore_model_multi_device_fused cost 9.374 ms
DEBUG 04-23 21:58:18.617741.617741 cuda_h.py:27] end gpu_sexperts cost 0.009 ms
DEBUG 04-23 21:58:18.618693.618693 cuda_h.py:27] end wait_load_qkvogn_s_weight cost 0.038 ms
DEBUG 04-23 21:58:18.639959.639959 cuda_h.py:27] end wait_experts_multi_device cost 5.576 ms
DEBUG 04-23 21:58:18.649351.649351 cuda_h.py:27] end gpu_experts_multi_device_fused cost 9.115 ms
DEBUG 04-23 21:58:18.653886.653886 mlpmodule.py:3370] [fused_group_bmm][steps] bmm1=28.079 ms split=0.166 ms act_mul=0.774 ms bmm2=10.706 ms
DEBUG 04-23 21:58:18.654632.654632 cuda_h.py:27] end fused_group_bmm cost 40.147 ms
DEBUG 04-23 21:58:18.655136.655136 cuda_h.py:27] end gather_outputs_group_fused_mp cost 1.122 ms
DEBUG 04-23 21:58:18.656277.656277 cuda_h.py:27] end cpu_experts_worker_bmm_or_einsum cost 47.705 ms
DEBUG 04-23 21:58:18.657919.657919 cuda_h.py:27] end cpu_thread_manager_mp_wait_fused cost 7.716 ms
DEBUG 04-23 21:58:18.657713.657713 cuda_h.py:27] end layer_moe_generate_mp_multi_device_fused_l_3 cost 50.963 ms
DEBUG 04-23 21:58:18.658997.658997 cuda_h.py:27] end *mlp cost 51.521 ms
DEBUG 04-23 21:58:18.658894.658894 cuda_h.py:27] end prefill_layer cost 55.539 ms
DEBUG 04-23 21:58:18.658034.658034 lmp.py:260] -------------------------------- end prefill layer 2 --------------------------------
DEBUG 04-23 21:58:18.658029.658029 lmp.py:213] -------------------------------- start prefill layer 3 --------------------------------
DEBUG 04-23 21:58:18.658912.658912 cuda_h.py:27] end start_load_qkvogn_s_weight_l_4 cost 0.055 ms
DEBUG 04-23 21:58:18.658506.658506 cuda_h.py:27] end allocate_cuda_memory cost 0.224 ms
DEBUG 04-23 21:58:18.659995.659995 sllm_store_c.py:27] get device uuid map
DEBUG 04-23 21:58:18.659329.659329 sllm_store_c.py:29] call client load into gpu
DEBUG 04-23 21:58:18.661098.661098 cuda_h.py:27] end load_into_gpu_async cost 2.284 ms
DEBUG 04-23 21:58:18.661145.661145 cuda_h.py:27] end restore_tensors2 cost 0.102 ms
DEBUG 04-23 21:58:18.661525.661525 cuda_h.py:27] end **self_attn cost 2.026 ms
DEBUG 04-23 21:58:18.661638.661638 cuda_h.py:27] end allocate_cuda_memory_and_load_into_gpu cost 3.246 ms
DEBUG 04-23 21:58:18.662461.662461 cuda_h.py:27] end *iln_self_attn_paln cost 3.807 ms
DEBUG 04-23 21:58:18.663579.663579 cuda_h.py:27] end gate cost 0.666 ms
DEBUG 04-23 21:58:18.663827.663827 cuda_h.py:27] end experts_map_get cost 0.391 ms
DEBUG 04-23 21:58:18.663830.663830 cuda_h.py:27] end **before experts start cost 1.249 ms
DEBUG 04-23 21:58:18.663064.663064 cuda_h.py:27] end cpu_experts_submit_fused_mp cost 0.033 ms
DEBUG 04-23 21:58:18.665449.665449 sllm_store_c.py:27] get device uuid map
DEBUG 04-23 21:58:18.666426.666426 sllm_store_c.py:29] call client load into gpu
DEBUG 04-23 21:58:18.666020.666020 cuda_h.py:27] end prepare_group_stack cost 0.596 ms
DEBUG 04-23 21:58:18.669180.669180 cuda_h.py:27] end restore2model cost 0.581 ms
DEBUG 04-23 21:58:18.669322.669322 cuda_h.py:27] end sllm_worker_task cost 10.604 ms
DEBUG 04-23 21:58:18.670627.670627 cuda_h.py:27] end load_into_gpu_async_fused_experts_dual cost 4.517 ms
DEBUG 04-23 21:58:18.670592.670592 cuda_h.py:27] end restore_tensors2_fused_experts_packed cost 0.066 ms
DEBUG 04-23 21:58:18.670901.670901 cuda_h.py:27] end restore_tensors2_fused_experts_slices cost 0.298 ms
DEBUG 04-23 21:58:18.670334.670334 cuda_h.py:27] end allocate_experts_cuda_memory_and_restore_model_multi_device_fused cost 7.254 ms
DEBUG 04-23 21:58:18.670758.670758 cuda_h.py:27] end group stack cost 2.489 ms
DEBUG 04-23 21:58:18.671574.671574 cuda_h.py:27] end gpu_sexperts cost 0.004 ms
DEBUG 04-23 21:58:18.671450.671450 cuda_h.py:27] end wait_load_qkvogn_s_weight cost 0.014 ms
DEBUG 04-23 21:58:18.671424.671424 cuda_h.py:27] end move_flatidxs_group_fused_mp cost 4.775 ms
DEBUG 04-23 21:58:18.671765.671765 cuda_h.py:27] end get_fused_experts_names_w cost 0.031 ms
DEBUG 04-23 21:58:18.672294.672294 cuda_h.py:27] end restore_fused_tensors cost 1.546 ms
DEBUG 04-23 21:58:18.673588.673588 cuda_h.py:27] end group_fused_tensors_mp cost 1.697 ms
DEBUG 04-23 21:58:18.697504.697504 cuda_h.py:27] end wait_experts_multi_device cost 17.656 ms
DEBUG 04-23 21:58:18.705576.705576 cuda_h.py:27] end gpu_experts_multi_device_fused cost 8.636 ms
DEBUG 04-23 21:58:18.711882.711882 mlpmodule.py:3370] [fused_group_bmm][steps] bmm1=27.151 ms split=0.066 ms act_mul=0.897 ms bmm2=9.755 ms
DEBUG 04-23 21:58:18.711445.711445 cuda_h.py:27] end fused_group_bmm cost 38.102 ms
DEBUG 04-23 21:58:18.712449.712449 cuda_h.py:27] end gather_outputs_group_fused_mp cost 1.075 ms
DEBUG 04-23 21:58:18.713709.713709 cuda_h.py:27] end cpu_experts_worker_bmm_or_einsum cost 47.629 ms
DEBUG 04-23 21:58:18.715486.715486 cuda_h.py:27] end cpu_thread_manager_mp_wait_fused cost 9.010 ms
DEBUG 04-23 21:58:18.715379.715379 cuda_h.py:27] end layer_moe_generate_mp_multi_device_fused_l_4 cost 53.056 ms
DEBUG 04-23 21:58:18.716393.716393 cuda_h.py:27] end *mlp cost 53.660 ms
DEBUG 04-23 21:58:18.716860.716860 cuda_h.py:27] end prefill_layer cost 57.845 ms
DEBUG 04-23 21:58:18.716238.716238 lmp.py:260] -------------------------------- end prefill layer 3 --------------------------------
DEBUG 04-23 21:58:18.716756.716756 lmp.py:213] -------------------------------- start prefill layer 4 --------------------------------
DEBUG 04-23 21:58:18.716607.716607 cuda_h.py:27] end start_load_qkvogn_s_weight_l_5 cost 0.053 ms
DEBUG 04-23 21:58:18.716287.716287 cuda_h.py:27] end allocate_cuda_memory cost 0.210 ms
DEBUG 04-23 21:58:18.716044.716044 sllm_store_c.py:27] get device uuid map
DEBUG 04-23 21:58:18.716272.716272 sllm_store_c.py:29] call client load into gpu
DEBUG 04-23 21:58:18.718616.718616 cuda_h.py:27] end load_into_gpu_async cost 2.035 ms
DEBUG 04-23 21:58:18.719310.719310 cuda_h.py:27] end restore_tensors2 cost 0.097 ms
DEBUG 04-23 21:58:18.719994.719994 cuda_h.py:27] end allocate_cuda_memory_and_load_into_gpu cost 2.789 ms
DEBUG 04-23 21:58:18.719256.719256 cuda_h.py:27] end **self_attn cost 2.105 ms
DEBUG 04-23 21:58:18.719626.719626 cuda_h.py:27] end *iln_self_attn_paln cost 3.592 ms
DEBUG 04-23 21:58:18.720385.720385 cuda_h.py:27] end gate cost 0.654 ms
DEBUG 04-23 21:58:18.721534.721534 cuda_h.py:27] end experts_map_get cost 0.389 ms
DEBUG 04-23 21:58:18.721331.721331 cuda_h.py:27] end **before experts start cost 1.223 ms
DEBUG 04-23 21:58:18.721088.721088 cuda_h.py:27] end cpu_experts_submit_fused_mp cost 0.035 ms
DEBUG 04-23 21:58:18.722738.722738 cuda_h.py:27] end prepare_group_stack cost 0.617 ms
DEBUG 04-23 21:58:18.724921.724921 sllm_store_c.py:27] get device uuid map
DEBUG 04-23 21:58:18.724920.724920 sllm_store_c.py:29] call client load into gpu
DEBUG 04-23 21:58:18.725457.725457 cuda_h.py:27] end group stack cost 3.174 ms
DEBUG 04-23 21:58:18.725792.725792 cuda_h.py:27] end move_flatidxs_group_fused_mp cost 4.013 ms
DEBUG 04-23 21:58:18.725489.725489 cuda_h.py:27] end get_fused_experts_names_w cost 0.017 ms
DEBUG 04-23 21:58:18.727263.727263 cuda_h.py:27] end restore_fused_tensors cost 1.533 ms
DEBUG 04-23 21:58:18.727127.727127 cuda_h.py:27] end group_fused_tensors_mp cost 1.859 ms
DEBUG 04-23 21:58:18.731446.731446 cuda_h.py:27] end restore2model cost 1.412 ms
DEBUG 04-23 21:58:18.732708.732708 cuda_h.py:27] end load_into_gpu_async_fused_experts_dual cost 8.068 ms
DEBUG 04-23 21:58:18.732640.732640 cuda_h.py:27] end sllm_worker_task cost 16.132 ms
DEBUG 04-23 21:58:18.732575.732575 cuda_h.py:27] end restore_tensors2_fused_experts_packed cost 0.202 ms
DEBUG 04-23 21:58:18.734442.734442 cuda_h.py:27] end restore_tensors2_fused_experts_slices cost 0.608 ms
DEBUG 04-23 21:58:18.736911.736911 cuda_h.py:27] end allocate_experts_cuda_memory_and_restore_model_multi_device_fused cost 14.723 ms
DEBUG 04-23 21:58:18.736151.736151 cuda_h.py:27] end gpu_sexperts cost 0.017 ms
DEBUG 04-23 21:58:18.737739.737739 cuda_h.py:27] end wait_load_qkvogn_s_weight cost 0.053 ms
DEBUG 04-23 21:58:18.753694.753694 cuda_h.py:27] end wait_experts_multi_device cost 4.501 ms
DEBUG 04-23 21:58:18.762760.762760 cuda_h.py:27] end gpu_experts_multi_device_fused cost 8.107 ms
DEBUG 04-23 21:58:18.764034.764034 mlpmodule.py:3370] [fused_group_bmm][steps] bmm1=25.508 ms split=0.080 ms act_mul=1.087 ms bmm2=9.577 ms
DEBUG 04-23 21:58:18.764556.764556 cuda_h.py:27] end fused_group_bmm cost 36.449 ms
DEBUG 04-23 21:58:18.765689.765689 cuda_h.py:27] end gather_outputs_group_fused_mp cost 0.961 ms
DEBUG 04-23 21:58:18.765134.765134 cuda_h.py:27] end cpu_experts_worker_bmm_or_einsum cost 44.034 ms
DEBUG 04-23 21:58:18.766254.766254 cuda_h.py:27] end cpu_thread_manager_mp_wait_fused cost 4.443 ms
DEBUG 04-23 21:58:18.766398.766398 cuda_h.py:27] end layer_moe_generate_mp_multi_device_fused_l_5 cost 46.917 ms
DEBUG 04-23 21:58:18.767886.767886 cuda_h.py:27] end *mlp cost 47.450 ms
DEBUG 04-23 21:58:18.767200.767200 cuda_h.py:27] end prefill_layer cost 51.240 ms
DEBUG 04-23 21:58:18.767718.767718 lmp.py:260] -------------------------------- end prefill layer 4 --------------------------------
DEBUG 04-23 21:58:18.767328.767328 lmp.py:213] -------------------------------- start prefill layer 5 --------------------------------
DEBUG 04-23 21:58:18.767716.767716 cuda_h.py:27] end start_load_qkvogn_s_weight_l_6 cost 0.066 ms
DEBUG 04-23 21:58:18.767951.767951 cuda_h.py:27] end allocate_cuda_memory cost 0.206 ms
DEBUG 04-23 21:58:18.768096.768096 sllm_store_c.py:27] get device uuid map
DEBUG 04-23 21:58:18.768542.768542 sllm_store_c.py:29] call client load into gpu
DEBUG 04-23 21:58:18.770465.770465 cuda_h.py:27] end load_into_gpu_async cost 2.304 ms
DEBUG 04-23 21:58:18.770040.770040 cuda_h.py:27] end restore_tensors2 cost 0.102 ms
DEBUG 04-23 21:58:18.770764.770764 cuda_h.py:27] end allocate_cuda_memory_and_load_into_gpu cost 2.963 ms
DEBUG 04-23 21:58:18.770759.770759 cuda_h.py:27] end **self_attn cost 2.464 ms
DEBUG 04-23 21:58:18.771146.771146 cuda_h.py:27] end *iln_self_attn_paln cost 3.837 ms
DEBUG 04-23 21:58:18.772823.772823 cuda_h.py:27] end gate cost 0.558 ms
DEBUG 04-23 21:58:18.772851.772851 cuda_h.py:27] end experts_map_get cost 0.346 ms
DEBUG 04-23 21:58:18.772310.772310 cuda_h.py:27] end **before experts start cost 1.068 ms
DEBUG 04-23 21:58:18.772253.772253 cuda_h.py:27] end cpu_experts_submit_fused_mp cost 0.033 ms
DEBUG 04-23 21:58:18.773877.773877 cuda_h.py:27] end prepare_group_stack cost 0.641 ms
DEBUG 04-23 21:58:18.775482.775482 sllm_store_c.py:27] get device uuid map
DEBUG 04-23 21:58:18.775016.775016 sllm_store_c.py:29] call client load into gpu
DEBUG 04-23 21:58:18.776616.776616 cuda_h.py:27] end group stack cost 2.419 ms
DEBUG 04-23 21:58:18.776958.776958 cuda_h.py:27] end move_flatidxs_group_fused_mp cost 3.282 ms
DEBUG 04-23 21:58:18.776231.776231 cuda_h.py:27] end get_fused_experts_names_w cost 0.017 ms
DEBUG 04-23 21:58:18.778160.778160 cuda_h.py:27] end restore_fused_tensors cost 1.443 ms
DEBUG 04-23 21:58:18.778778.778778 cuda_h.py:27] end group_fused_tensors_mp cost 1.722 ms
DEBUG 04-23 21:58:18.779165.779165 cuda_h.py:27] end restore2model cost 0.661 ms
DEBUG 04-23 21:58:18.780082.780082 cuda_h.py:27] end load_into_gpu_async_fused_experts_dual cost 5.235 ms
DEBUG 04-23 21:58:18.780537.780537 cuda_h.py:27] end sllm_worker_task cost 13.167 ms
DEBUG 04-23 21:58:18.781682.781682 cuda_h.py:27] end restore_tensors2_fused_experts_packed cost 0.168 ms
DEBUG 04-23 21:58:18.782637.782637 cuda_h.py:27] end restore_tensors2_fused_experts_slices cost 0.576 ms
DEBUG 04-23 21:58:18.782162.782162 cuda_h.py:27] end allocate_experts_cuda_memory_and_restore_model_multi_device_fused cost 9.892 ms
DEBUG 04-23 21:58:18.782066.782066 cuda_h.py:27] end gpu_sexperts cost 0.009 ms
DEBUG 04-23 21:58:18.783561.783561 cuda_h.py:27] end wait_load_qkvogn_s_weight cost 0.034 ms
DEBUG 04-23 21:58:18.802719.802719 cuda_h.py:27] end wait_experts_multi_device cost 4.217 ms
DEBUG 04-23 21:58:18.810125.810125 cuda_h.py:27] end gpu_experts_multi_device_fused cost 7.945 ms
DEBUG 04-23 21:58:18.815272.815272 mlpmodule.py:3370] [fused_group_bmm][steps] bmm1=25.882 ms split=0.068 ms act_mul=1.288 ms bmm2=9.936 ms
DEBUG 04-23 21:58:18.815472.815472 cuda_h.py:27] end fused_group_bmm cost 37.417 ms
DEBUG 04-23 21:58:18.816274.816274 cuda_h.py:27] end gather_outputs_group_fused_mp cost 0.961 ms
DEBUG 04-23 21:58:18.817309.817309 cuda_h.py:27] end cpu_experts_worker_bmm_or_einsum cost 44.152 ms
DEBUG 04-23 21:58:18.818196.818196 cuda_h.py:27] end cpu_thread_manager_mp_wait_fused cost 7.692 ms
DEBUG 04-23 21:58:18.818282.818282 cuda_h.py:27] end layer_moe_generate_mp_multi_device_fused_l_6 cost 47.288 ms
DEBUG 04-23 21:58:18.819579.819579 cuda_h.py:27] end *mlp cost 47.856 ms
DEBUG 04-23 21:58:18.819847.819847 cuda_h.py:27] end prefill_layer cost 51.891 ms
DEBUG 04-23 21:58:18.819464.819464 lmp.py:260] -------------------------------- end prefill layer 5 --------------------------------
DEBUG 04-23 21:58:18.819458.819458 lmp.py:213] -------------------------------- start prefill layer 6 --------------------------------
DEBUG 04-23 21:58:18.819170.819170 cuda_h.py:27] end start_load_qkvogn_s_weight_l_7 cost 0.054 ms
DEBUG 04-23 21:58:18.819579.819579 cuda_h.py:27] end allocate_cuda_memory cost 0.208 ms
DEBUG 04-23 21:58:18.820492.820492 sllm_store_c.py:27] get device uuid map
DEBUG 04-23 21:58:18.820279.820279 sllm_store_c.py:29] call client load into gpu
DEBUG 04-23 21:58:18.822164.822164 cuda_h.py:27] end load_into_gpu_async cost 2.249 ms
DEBUG 04-23 21:58:18.822149.822149 cuda_h.py:27] end restore_tensors2 cost 0.101 ms
DEBUG 04-23 21:58:18.822569.822569 cuda_h.py:27] end allocate_cuda_memory_and_load_into_gpu cost 2.921 ms
DEBUG 04-23 21:58:18.822182.822182 cuda_h.py:27] end **self_attn cost 2.033 ms
DEBUG 04-23 21:58:18.823269.823269 cuda_h.py:27] end *iln_self_attn_paln cost 3.618 ms
DEBUG 04-23 21:58:18.825924.825924 cuda_h.py:27] end gate cost 0.672 ms
DEBUG 04-23 21:58:18.826543.826543 cuda_h.py:27] end experts_map_get cost 0.386 ms
DEBUG 04-23 21:58:18.826777.826777 cuda_h.py:27] end **before experts start cost 1.243 ms
DEBUG 04-23 21:58:18.826057.826057 cuda_h.py:27] end cpu_experts_submit_fused_mp cost 0.033 ms
DEBUG 04-23 21:58:18.828799.828799 sllm_store_c.py:27] get device uuid map
DEBUG 04-23 21:58:18.828736.828736 sllm_store_c.py:29] call client load into gpu
DEBUG 04-23 21:58:18.829567.829567 cuda_h.py:27] end prepare_group_stack cost 0.555 ms
DEBUG 04-23 21:58:18.831964.831964 cuda_h.py:27] end restore2model cost 0.595 ms
DEBUG 04-23 21:58:18.831774.831774 cuda_h.py:27] end sllm_worker_task cost 11.433 ms
DEBUG 04-23 21:58:18.832645.832645 cuda_h.py:27] end load_into_gpu_async_fused_experts_dual cost 3.712 ms
DEBUG 04-23 21:58:18.832070.832070 cuda_h.py:27] end group stack cost 2.486 ms
DEBUG 04-23 21:58:18.832782.832782 cuda_h.py:27] end move_flatidxs_group_fused_mp cost 3.262 ms
DEBUG 04-23 21:58:18.832498.832498 cuda_h.py:27] end restore_tensors2_fused_experts_packed cost 0.060 ms
DEBUG 04-23 21:58:18.832100.832100 cuda_h.py:27] end get_fused_experts_names_w cost 0.018 ms
DEBUG 04-23 21:58:18.832877.832877 cuda_h.py:27] end restore_tensors2_fused_experts_slices cost 0.268 ms
DEBUG 04-23 21:58:18.832164.832164 cuda_h.py:27] end allocate_experts_cuda_memory_and_restore_model_multi_device_fused cost 6.327 ms
DEBUG 04-23 21:58:18.832927.832927 cuda_h.py:27] end gpu_sexperts cost 0.004 ms
DEBUG 04-23 21:58:18.833622.833622 cuda_h.py:27] end wait_load_qkvogn_s_weight cost 0.014 ms
DEBUG 04-23 21:58:18.834393.834393 cuda_h.py:27] end restore_fused_tensors cost 1.581 ms
DEBUG 04-23 21:58:18.834389.834389 cuda_h.py:27] end group_fused_tensors_mp cost 1.708 ms
DEBUG 04-23 21:58:18.857996.857996 cuda_h.py:27] end wait_experts_multi_device cost 12.420 ms
DEBUG 04-23 21:58:18.865463.865463 cuda_h.py:27] end gpu_experts_multi_device_fused cost 7.977 ms
DEBUG 04-23 21:58:18.872039.872039 mlpmodule.py:3370] [fused_group_bmm][steps] bmm1=27.485 ms split=0.068 ms act_mul=0.442 ms bmm2=10.273 ms
DEBUG 04-23 21:58:18.872271.872271 cuda_h.py:27] end fused_group_bmm cost 38.503 ms
DEBUG 04-23 21:58:18.873029.873029 cuda_h.py:27] end gather_outputs_group_fused_mp cost 1.036 ms
DEBUG 04-23 21:58:18.954972.954972 cuda_h.py:27] end cpu_experts_worker_bmm_or_einsum cost 125.892 ms
DEBUG 04-23 21:58:18.956097.956097 cuda_h.py:27] end cpu_thread_manager_mp_wait_fused cost 90.177 ms
DEBUG 04-23 21:58:18.956367.956367 cuda_h.py:27] end layer_moe_generate_mp_multi_device_fused_l_7 cost 131.414 ms
DEBUG 04-23 21:58:18.957577.957577 cuda_h.py:27] end *mlp cost 131.954 ms
DEBUG 04-23 21:58:18.957852.957852 cuda_h.py:27] end prefill_layer cost 137.753 ms
DEBUG 04-23 21:58:18.957330.957330 lmp.py:260] -------------------------------- end prefill layer 6 --------------------------------
DEBUG 04-23 21:58:18.957470.957470 lmp.py:213] -------------------------------- start prefill layer 7 --------------------------------
DEBUG 04-23 21:58:18.957480.957480 cuda_h.py:27] end start_load_qkvogn_s_weight_l_8 cost 0.050 ms
DEBUG 04-23 21:58:18.957465.957465 cuda_h.py:27] end allocate_cuda_memory cost 0.212 ms
DEBUG 04-23 21:58:18.958491.958491 sllm_store_c.py:27] get device uuid map
DEBUG 04-23 21:58:18.958327.958327 sllm_store_c.py:29] call client load into gpu
DEBUG 04-23 21:58:18.960830.960830 cuda_h.py:27] end load_into_gpu_async cost 2.600 ms
DEBUG 04-23 21:58:18.960134.960134 cuda_h.py:27] end restore_tensors2 cost 0.099 ms
DEBUG 04-23 21:58:18.960952.960952 cuda_h.py:27] end **self_attn cost 2.269 ms
DEBUG 04-23 21:58:18.961801.961801 cuda_h.py:27] end allocate_cuda_memory_and_load_into_gpu cost 3.561 ms
DEBUG 04-23 21:58:18.961952.961952 cuda_h.py:27] end *iln_self_attn_paln cost 4.060 ms
DEBUG 04-23 21:58:18.962717.962717 cuda_h.py:27] end gate cost 0.730 ms
DEBUG 04-23 21:58:18.963152.963152 cuda_h.py:27] end experts_map_get cost 0.411 ms
DEBUG 04-23 21:58:18.963148.963148 cuda_h.py:27] end **before experts start cost 1.343 ms
DEBUG 04-23 21:58:18.963197.963197 cuda_h.py:27] end cpu_experts_submit_fused_mp cost 0.035 ms
DEBUG 04-23 21:58:18.966892.966892 sllm_store_c.py:27] get device uuid map
DEBUG 04-23 21:58:18.966498.966498 sllm_store_c.py:29] call client load into gpu
DEBUG 04-23 21:58:18.967368.967368 cuda_h.py:27] end prepare_group_stack cost 0.974 ms
DEBUG 04-23 21:58:18.970397.970397 cuda_h.py:27] end restore2model cost 1.001 ms
DEBUG 04-23 21:58:18.970924.970924 cuda_h.py:27] end sllm_worker_task cost 12.786 ms
DEBUG 04-23 21:58:18.970266.970266 cuda_h.py:27] end load_into_gpu_async_fused_experts_dual cost 4.836 ms
DEBUG 04-23 21:58:18.971569.971569 cuda_h.py:27] end restore_tensors2_fused_experts_packed cost 0.065 ms
DEBUG 04-23 21:58:18.971930.971930 cuda_h.py:27] end restore_tensors2_fused_experts_slices cost 0.279 ms
DEBUG 04-23 21:58:18.971647.971647 cuda_h.py:27] end allocate_experts_cuda_memory_and_restore_model_multi_device_fused cost 7.959 ms
DEBUG 04-23 21:58:18.971649.971649 cuda_h.py:27] end gpu_sexperts cost 0.004 ms
DEBUG 04-23 21:58:18.972082.972082 cuda_h.py:27] end wait_load_qkvogn_s_weight cost 0.015 ms
DEBUG 04-23 21:58:18.972887.972887 cuda_h.py:27] end group stack cost 5.428 ms
DEBUG 04-23 21:58:18.973704.973704 cuda_h.py:27] end move_flatidxs_group_fused_mp cost 6.869 ms
DEBUG 04-23 21:58:18.973905.973905 cuda_h.py:27] end get_fused_experts_names_w cost 0.035 ms
DEBUG 04-23 21:58:18.976676.976676 cuda_h.py:27] end restore_fused_tensors cost 2.849 ms
DEBUG 04-23 21:58:18.976460.976460 cuda_h.py:27] end group_fused_tensors_mp cost 3.162 ms
DEBUG 04-23 21:58:18.992085.992085 cuda_h.py:27] end wait_experts_multi_device cost 7.321 ms
DEBUG 04-23 21:58:19.000961.000961 cuda_h.py:27] end gpu_experts_multi_device_fused cost 8.115 ms
DEBUG 04-23 21:58:19.012615.012615 mlpmodule.py:3370] [fused_group_bmm][steps] bmm1=24.696 ms split=0.117 ms act_mul=0.615 ms bmm2=10.301 ms
DEBUG 04-23 21:58:19.012365.012365 cuda_h.py:27] end fused_group_bmm cost 36.008 ms
DEBUG 04-23 21:58:19.013424.013424 cuda_h.py:27] end gather_outputs_group_fused_mp cost 1.113 ms
DEBUG 04-23 21:58:19.014449.014449 cuda_h.py:27] end cpu_experts_worker_bmm_or_einsum cost 49.050 ms
DEBUG 04-23 21:58:19.015444.015444 cuda_h.py:27] end cpu_thread_manager_mp_wait_fused cost 14.830 ms
DEBUG 04-23 21:58:19.016145.016145 cuda_h.py:27] end layer_moe_generate_mp_multi_device_fused_l_8 cost 54.253 ms
DEBUG 04-23 21:58:19.016429.016429 cuda_h.py:27] end *mlp cost 55.024 ms
DEBUG 04-23 21:58:19.016366.016366 cuda_h.py:27] end prefill_layer cost 59.577 ms
DEBUG 04-23 21:58:19.016698.016698 lmp.py:260] -------------------------------- end prefill layer 7 --------------------------------
DEBUG 04-23 21:58:19.017647.017647 lmp.py:213] -------------------------------- start prefill layer 8 --------------------------------
DEBUG 04-23 21:58:19.017266.017266 cuda_h.py:27] end start_load_qkvogn_s_weight_l_9 cost 0.054 ms
DEBUG 04-23 21:58:19.017867.017867 cuda_h.py:27] end allocate_cuda_memory cost 0.228 ms
DEBUG 04-23 21:58:19.017257.017257 sllm_store_c.py:27] get device uuid map
DEBUG 04-23 21:58:19.017374.017374 sllm_store_c.py:29] call client load into gpu
DEBUG 04-23 21:58:19.020929.020929 cuda_h.py:27] end load_into_gpu_async cost 2.249 ms
DEBUG 04-23 21:58:19.020113.020113 cuda_h.py:27] end restore_tensors2 cost 0.103 ms
DEBUG 04-23 21:58:19.020701.020701 cuda_h.py:27] end **self_attn cost 2.019 ms
DEBUG 04-23 21:58:19.020041.020041 cuda_h.py:27] end allocate_cuda_memory_and_load_into_gpu cost 3.107 ms
DEBUG 04-23 21:58:19.020778.020778 cuda_h.py:27] end *iln_self_attn_paln cost 3.674 ms
DEBUG 04-23 21:58:19.021697.021697 cuda_h.py:27] end gate cost 0.663 ms
DEBUG 04-23 21:58:19.022846.022846 cuda_h.py:27] end experts_map_get cost 0.389 ms
DEBUG 04-23 21:58:19.022119.022119 cuda_h.py:27] end **before experts start cost 1.232 ms
DEBUG 04-23 21:58:19.022400.022400 cuda_h.py:27] end cpu_experts_submit_fused_mp cost 0.034 ms
DEBUG 04-23 21:58:19.024124.024124 cuda_h.py:27] end prepare_group_stack cost 0.590 ms
DEBUG 04-23 21:58:19.025920.025920 sllm_store_c.py:27] get device uuid map
DEBUG 04-23 21:58:19.025051.025051 sllm_store_c.py:29] call client load into gpu
DEBUG 04-23 21:58:19.027061.027061 cuda_h.py:27] end group stack cost 2.562 ms
DEBUG 04-23 21:58:19.027383.027383 cuda_h.py:27] end move_flatidxs_group_fused_mp cost 3.400 ms
DEBUG 04-23 21:58:19.027577.027577 cuda_h.py:27] end get_fused_experts_names_w cost 0.024 ms
DEBUG 04-23 21:58:19.028593.028593 cuda_h.py:27] end restore2model cost 0.581 ms
DEBUG 04-23 21:58:19.028496.028496 cuda_h.py:27] end sllm_worker_task cost 11.562 ms
DEBUG 04-23 21:58:19.029944.029944 cuda_h.py:27] end restore_fused_tensors cost 1.626 ms
DEBUG 04-23 21:58:19.029946.029946 cuda_h.py:27] end group_fused_tensors_mp cost 1.952 ms
DEBUG 04-23 21:58:19.030309.030309 cuda_h.py:27] end load_into_gpu_async_fused_experts_dual cost 4.886 ms
DEBUG 04-23 21:58:19.030823.030823 cuda_h.py:27] end restore_tensors2_fused_experts_packed cost 0.058 ms
DEBUG 04-23 21:58:19.030544.030544 cuda_h.py:27] end restore_tensors2_fused_experts_slices cost 0.354 ms
DEBUG 04-23 21:58:19.030837.030837 cuda_h.py:27] end allocate_experts_cuda_memory_and_restore_model_multi_device_fused cost 8.446 ms
DEBUG 04-23 21:58:19.031248.031248 cuda_h.py:27] end gpu_sexperts cost 0.006 ms
DEBUG 04-23 21:58:19.031677.031677 cuda_h.py:27] end wait_load_qkvogn_s_weight cost 0.033 ms
DEBUG 04-23 21:58:19.055143.055143 cuda_h.py:27] end wait_experts_multi_device cost 7.170 ms
DEBUG 04-23 21:58:19.065486.065486 cuda_h.py:27] end gpu_experts_multi_device_fused cost 9.823 ms
DEBUG 04-23 21:58:19.067051.067051 mlpmodule.py:3370] [fused_group_bmm][steps] bmm1=26.930 ms split=0.069 ms act_mul=0.560 ms bmm2=10.222 ms
DEBUG 04-23 21:58:19.067415.067415 cuda_h.py:27] end fused_group_bmm cost 38.001 ms
DEBUG 04-23 21:58:19.068298.068298 cuda_h.py:27] end gather_outputs_group_fused_mp cost 0.985 ms
DEBUG 04-23 21:58:19.069749.069749 cuda_h.py:27] end cpu_experts_worker_bmm_or_einsum cost 45.958 ms
DEBUG 04-23 21:58:19.071721.071721 cuda_h.py:27] end cpu_thread_manager_mp_wait_fused cost 5.334 ms
DEBUG 04-23 21:58:19.071793.071793 cuda_h.py:27] end layer_moe_generate_mp_multi_device_fused_l_9 cost 50.216 ms
DEBUG 04-23 21:58:19.072755.072755 cuda_h.py:27] end *mlp cost 51.660 ms
DEBUG 04-23 21:58:19.072407.072407 cuda_h.py:27] end prefill_layer cost 55.546 ms
DEBUG 04-23 21:58:19.072024.072024 lmp.py:260] -------------------------------- end prefill layer 8 --------------------------------
DEBUG 04-23 21:58:19.072019.072019 lmp.py:213] -------------------------------- start prefill layer 9 --------------------------------
DEBUG 04-23 21:58:19.072724.072724 cuda_h.py:27] end start_load_qkvogn_s_weight_l_10 cost 0.052 ms
DEBUG 04-23 21:58:19.073275.073275 cuda_h.py:27] end allocate_cuda_memory cost 0.507 ms
DEBUG 04-23 21:58:19.075219.075219 sllm_store_c.py:27] get device uuid map
DEBUG 04-23 21:58:19.075928.075928 sllm_store_c.py:29] call client load into gpu
DEBUG 04-23 21:58:19.077749.077749 cuda_h.py:27] end load_into_gpu_async cost 2.354 ms
DEBUG 04-23 21:58:19.077662.077662 cuda_h.py:27] end restore_tensors2 cost 0.100 ms
DEBUG 04-23 21:58:19.077677.077677 cuda_h.py:27] end allocate_cuda_memory_and_load_into_gpu cost 4.859 ms
DEBUG 04-23 21:58:19.077069.077069 cuda_h.py:27] end **self_attn cost 2.039 ms
DEBUG 04-23 21:58:19.078362.078362 cuda_h.py:27] end *iln_self_attn_paln cost 5.661 ms
DEBUG 04-23 21:58:19.079983.079983 cuda_h.py:27] end gate cost 0.654 ms
DEBUG 04-23 21:58:19.079019.079019 cuda_h.py:27] end experts_map_get cost 0.377 ms
DEBUG 04-23 21:58:19.079531.079531 cuda_h.py:27] end **before experts start cost 1.211 ms
DEBUG 04-23 21:58:19.079619.079619 cuda_h.py:27] end cpu_experts_submit_fused_mp cost 0.033 ms
DEBUG 04-23 21:58:19.262921.262921 sllm_store_c.py:27] get device uuid map
DEBUG 04-23 21:58:19.263786.263786 sllm_store_c.py:29] call client load into gpu
DEBUG 04-23 21:58:19.265844.265844 cuda_h.py:27] end prepare_group_stack cost 0.733 ms
DEBUG 04-23 21:58:19.268062.268062 cuda_h.py:27] end group stack cost 3.251 ms
DEBUG 04-23 21:58:19.268437.268437 cuda_h.py:27] end move_flatidxs_group_fused_mp cost 4.244 ms
DEBUG 04-23 21:58:19.269084.269084 cuda_h.py:27] end get_fused_experts_names_w cost 0.018 ms
DEBUG 04-23 21:58:19.269384.269384 cuda_h.py:27] end restore2model cost 1.724 ms
DEBUG 04-23 21:58:19.269729.269729 cuda_h.py:27] end load_into_gpu_async_fused_experts_dual cost 6.912 ms
DEBUG 04-23 21:58:19.269977.269977 cuda_h.py:27] end sllm_worker_task cost 196.958 ms
DEBUG 04-23 21:58:19.270434.270434 cuda_h.py:27] end restore_tensors2_fused_experts_packed cost 0.066 ms
DEBUG 04-23 21:58:19.270877.270877 cuda_h.py:27] end restore_tensors2_fused_experts_slices cost 0.291 ms
DEBUG 04-23 21:58:19.270985.270985 cuda_h.py:27] end allocate_experts_cuda_memory_and_restore_model_multi_device_fused cost 190.893 ms
DEBUG 04-23 21:58:19.270656.270656 cuda_h.py:27] end gpu_sexperts cost 0.004 ms
DEBUG 04-23 21:58:19.270185.270185 cuda_h.py:27] end wait_load_qkvogn_s_weight cost 0.017 ms
DEBUG 04-23 21:58:19.271683.271683 cuda_h.py:27] end restore_fused_tensors cost 1.629 ms
DEBUG 04-23 21:58:19.271323.271323 cuda_h.py:27] end group_fused_tensors_mp cost 1.812 ms
DEBUG 04-23 21:58:19.293949.293949 cuda_h.py:27] end wait_experts_multi_device cost 7.379 ms
DEBUG 04-23 21:58:19.300776.300776 cuda_h.py:27] end gpu_experts_multi_device_fused cost 7.088 ms
DEBUG 04-23 21:58:19.308612.308612 mlpmodule.py:3370] [fused_group_bmm][steps] bmm1=26.795 ms split=0.066 ms act_mul=0.536 ms bmm2=9.579 ms
DEBUG 04-23 21:58:19.308513.308513 cuda_h.py:27] end fused_group_bmm cost 37.213 ms
DEBUG 04-23 21:58:19.309251.309251 cuda_h.py:27] end gather_outputs_group_fused_mp cost 1.021 ms
DEBUG 04-23 21:58:19.309114.309114 cuda_h.py:27] end cpu_experts_worker_bmm_or_einsum cost 46.595 ms
DEBUG 04-23 21:58:19.311951.311951 cuda_h.py:27] end cpu_thread_manager_mp_wait_fused cost 10.197 ms
DEBUG 04-23 21:58:19.311451.311451 cuda_h.py:27] end layer_moe_generate_mp_multi_device_fused_l_10 cost 233.204 ms
DEBUG 04-23 21:58:19.312789.312789 cuda_h.py:27] end *mlp cost 233.807 ms
DEBUG 04-23 21:58:19.312726.312726 cuda_h.py:27] end prefill_layer cost 239.670 ms
DEBUG 04-23 21:58:19.312628.312628 lmp.py:260] -------------------------------- end prefill layer 9 --------------------------------
DEBUG 04-23 21:58:19.312622.312622 lmp.py:213] -------------------------------- start prefill layer 10 --------------------------------
DEBUG 04-23 21:58:19.312712.312712 cuda_h.py:27] end start_load_qkvogn_s_weight_l_11 cost 0.053 ms
DEBUG 04-23 21:58:19.312915.312915 cuda_h.py:27] end allocate_cuda_memory cost 0.214 ms
DEBUG 04-23 21:58:19.313096.313096 sllm_store_c.py:27] get device uuid map
DEBUG 04-23 21:58:19.313277.313277 sllm_store_c.py:29] call client load into gpu
DEBUG 04-23 21:58:19.315748.315748 cuda_h.py:27] end **self_attn cost 1.802 ms
DEBUG 04-23 21:58:19.315988.315988 cuda_h.py:27] end load_into_gpu_async cost 2.516 ms
DEBUG 04-23 21:58:19.315412.315412 cuda_h.py:27] end *iln_self_attn_paln cost 3.390 ms
DEBUG 04-23 21:58:19.316482.316482 cuda_h.py:27] end restore_tensors2 cost 0.095 ms
DEBUG 04-23 21:58:19.316575.316575 cuda_h.py:27] end allocate_cuda_memory_and_load_into_gpu cost 4.157 ms
DEBUG 04-23 21:58:19.317790.317790 cuda_h.py:27] end gate cost 0.877 ms
DEBUG 04-23 21:58:19.318721.318721 cuda_h.py:27] end experts_map_get cost 0.396 ms
DEBUG 04-23 21:58:19.318186.318186 cuda_h.py:27] end **before experts start cost 1.464 ms
DEBUG 04-23 21:58:19.318467.318467 cuda_h.py:27] end cpu_experts_submit_fused_mp cost 0.033 ms
DEBUG 04-23 21:58:19.320847.320847 sllm_store_c.py:27] get device uuid map
DEBUG 04-23 21:58:19.320506.320506 sllm_store_c.py:29] call client load into gpu
DEBUG 04-23 21:58:19.321967.321967 cuda_h.py:27] end prepare_group_stack cost 0.558 ms
DEBUG 04-23 21:58:19.324074.324074 cuda_h.py:27] end group stack cost 2.902 ms
DEBUG 04-23 21:58:19.324084.324084 cuda_h.py:27] end move_flatidxs_group_fused_mp cost 3.681 ms
DEBUG 04-23 21:58:19.324735.324735 cuda_h.py:27] end get_fused_experts_names_w cost 0.017 ms
DEBUG 04-23 21:58:19.326537.326537 cuda_h.py:27] end restore_fused_tensors cost 1.615 ms
DEBUG 04-23 21:58:19.326248.326248 cuda_h.py:27] end group_fused_tensors_mp cost 1.872 ms
DEBUG 04-23 21:58:19.327050.327050 cuda_h.py:27] end restore2model cost 0.757 ms
DEBUG 04-23 21:58:19.327818.327818 cuda_h.py:27] end sllm_worker_task cost 14.975 ms
DEBUG 04-23 21:58:19.329816.329816 cuda_h.py:27] end load_into_gpu_async_fused_experts_dual cost 8.724 ms
DEBUG 04-23 21:58:19.329427.329427 cuda_h.py:27] end restore_tensors2_fused_experts_packed cost 0.192 ms
DEBUG 04-23 21:58:19.330653.330653 cuda_h.py:27] end restore_tensors2_fused_experts_slices cost 0.626 ms
DEBUG 04-23 21:58:19.330649.330649 cuda_h.py:27] end allocate_experts_cuda_memory_and_restore_model_multi_device_fused cost 12.501 ms
DEBUG 04-23 21:58:19.331068.331068 cuda_h.py:27] end gpu_sexperts cost 0.012 ms
DEBUG 04-23 21:58:19.331019.331019 cuda_h.py:27] end wait_load_qkvogn_s_weight cost 0.040 ms
DEBUG 04-23 21:58:19.353967.353967 cuda_h.py:27] end wait_experts_multi_device cost 11.455 ms
DEBUG 04-23 21:58:19.362054.362054 mlpmodule.py:3370] [fused_group_bmm][steps] bmm1=24.891 ms split=0.093 ms act_mul=0.787 ms bmm2=10.053 ms
DEBUG 04-23 21:58:19.362418.362418 cuda_h.py:27] end fused_group_bmm cost 36.046 ms
DEBUG 04-23 21:58:19.363207.363207 cuda_h.py:27] end gather_outputs_group_fused_mp cost 0.951 ms
DEBUG 04-23 21:58:19.363875.363875 cuda_h.py:27] end gpu_experts_multi_device_fused cost 9.588 ms
DEBUG 04-23 21:58:19.364614.364614 cuda_h.py:27] end cpu_experts_worker_bmm_or_einsum cost 44.915 ms
DEBUG 04-23 21:58:19.365020.365020 cuda_h.py:27] end cpu_thread_manager_mp_wait_fused cost 1.579 ms
DEBUG 04-23 21:58:19.366536.366536 cuda_h.py:27] end layer_moe_generate_mp_multi_device_fused_l_11 cost 49.470 ms
DEBUG 04-23 21:58:19.366885.366885 cuda_h.py:27] end *mlp cost 50.012 ms
DEBUG 04-23 21:58:19.366861.366861 cuda_h.py:27] end prefill_layer cost 54.213 ms
DEBUG 04-23 21:58:19.366001.366001 lmp.py:260] -------------------------------- end prefill layer 10 --------------------------------
DEBUG 04-23 21:58:19.366519.366519 lmp.py:213] -------------------------------- start prefill layer 11 --------------------------------
DEBUG 04-23 21:58:19.366410.366410 cuda_h.py:27] end start_load_qkvogn_s_weight_l_12 cost 0.049 ms
DEBUG 04-23 21:58:19.367506.367506 cuda_h.py:27] end allocate_cuda_memory cost 0.209 ms
DEBUG 04-23 21:58:19.367441.367441 sllm_store_c.py:27] get device uuid map
DEBUG 04-23 21:58:19.367861.367861 sllm_store_c.py:29] call client load into gpu
DEBUG 04-23 21:58:19.369782.369782 cuda_h.py:27] end load_into_gpu_async cost 2.250 ms
DEBUG 04-23 21:58:19.369860.369860 cuda_h.py:27] end restore_tensors2 cost 0.100 ms
DEBUG 04-23 21:58:19.369722.369722 cuda_h.py:27] end allocate_cuda_memory_and_load_into_gpu cost 2.947 ms
DEBUG 04-23 21:58:19.370163.370163 cuda_h.py:27] end **self_attn cost 2.287 ms
DEBUG 04-23 21:58:19.370849.370849 cuda_h.py:27] end *iln_self_attn_paln cost 3.897 ms
DEBUG 04-23 21:58:19.371542.371542 cuda_h.py:27] end gate cost 0.641 ms
DEBUG 04-23 21:58:19.371294.371294 cuda_h.py:27] end experts_map_get cost 0.382 ms
DEBUG 04-23 21:58:19.374715.374715 cuda_h.py:27] end **before experts start cost 3.237 ms
DEBUG 04-23 21:58:19.374572.374572 cuda_h.py:27] end cpu_experts_submit_fused_mp cost 0.035 ms
DEBUG 04-23 21:58:19.376244.376244 sllm_store_c.py:27] get device uuid map
DEBUG 04-23 21:58:19.376849.376849 sllm_store_c.py:29] call client load into gpu
DEBUG 04-23 21:58:19.377210.377210 cuda_h.py:27] end prepare_group_stack cost 0.653 ms
DEBUG 04-23 21:58:19.378345.378345 cuda_h.py:27] end restore2model cost 0.584 ms
DEBUG 04-23 21:58:19.378917.378917 cuda_h.py:27] end sllm_worker_task cost 11.942 ms
DEBUG 04-23 21:58:19.380711.380711 cuda_h.py:27] end load_into_gpu_async_fused_experts_dual cost 3.851 ms
DEBUG 04-23 21:58:19.380775.380775 cuda_h.py:27] end restore_tensors2_fused_experts_packed cost 0.070 ms
DEBUG 04-23 21:58:19.380575.380575 cuda_h.py:27] end restore_tensors2_fused_experts_slices cost 0.315 ms
DEBUG 04-23 21:58:19.380207.380207 cuda_h.py:27] end allocate_experts_cuda_memory_and_restore_model_multi_device_fused cost 6.681 ms
DEBUG 04-23 21:58:19.380546.380546 cuda_h.py:27] end gpu_sexperts cost 0.004 ms
DEBUG 04-23 21:58:19.380222.380222 cuda_h.py:27] end group stack cost 2.826 ms
DEBUG 04-23 21:58:19.380660.380660 cuda_h.py:27] end wait_load_qkvogn_s_weight cost 0.015 ms
DEBUG 04-23 21:58:19.381823.381823 cuda_h.py:27] end move_flatidxs_group_fused_mp cost 3.934 ms
DEBUG 04-23 21:58:19.381527.381527 cuda_h.py:27] end get_fused_experts_names_w cost 0.018 ms
DEBUG 04-23 21:58:19.383662.383662 cuda_h.py:27] end restore_fused_tensors cost 1.669 ms
DEBUG 04-23 21:58:19.383234.383234 cuda_h.py:27] end group_fused_tensors_mp cost 1.946 ms
DEBUG 04-23 21:58:19.406164.406164 cuda_h.py:27] end wait_experts_multi_device cost 14.561 ms
DEBUG 04-23 21:58:19.414057.414057 cuda_h.py:27] end gpu_experts_multi_device_fused cost 7.670 ms
DEBUG 04-23 21:58:19.421779.421779 mlpmodule.py:3370] [fused_group_bmm][steps] bmm1=27.375 ms split=0.063 ms act_mul=0.703 ms bmm2=9.981 ms
DEBUG 04-23 21:58:19.421157.421157 cuda_h.py:27] end fused_group_bmm cost 38.356 ms
DEBUG 04-23 21:58:19.422161.422161 cuda_h.py:27] end gather_outputs_group_fused_mp cost 1.040 ms
DEBUG 04-23 21:58:19.423255.423255 cuda_h.py:27] end cpu_experts_worker_bmm_or_einsum cost 46.128 ms
DEBUG 04-23 21:58:19.424171.424171 cuda_h.py:27] end cpu_thread_manager_mp_wait_fused cost 9.771 ms
DEBUG 04-23 21:58:19.424826.424826 cuda_h.py:27] end layer_moe_generate_mp_multi_device_fused_l_12 cost 54.020 ms
DEBUG 04-23 21:58:19.425653.425653 cuda_h.py:27] end *mlp cost 54.591 ms
DEBUG 04-23 21:58:19.425444.425444 cuda_h.py:27] end prefill_layer cost 58.687 ms
DEBUG 04-23 21:58:19.425077.425077 lmp.py:260] -------------------------------- end prefill layer 11 --------------------------------
DEBUG 04-23 21:58:19.425217.425217 lmp.py:213] -------------------------------- start prefill layer 12 --------------------------------
DEBUG 04-23 21:58:19.425068.425068 cuda_h.py:27] end start_load_qkvogn_s_weight_l_13 cost 0.053 ms
DEBUG 04-23 21:58:19.426555.426555 cuda_h.py:27] end allocate_cuda_memory cost 0.209 ms
DEBUG 04-23 21:58:19.426754.426754 sllm_store_c.py:27] get device uuid map
DEBUG 04-23 21:58:19.426603.426603 sllm_store_c.py:29] call client load into gpu
DEBUG 04-23 21:58:19.428276.428276 cuda_h.py:27] end load_into_gpu_async cost 2.350 ms
DEBUG 04-23 21:58:19.428176.428176 cuda_h.py:27] end restore_tensors2 cost 0.102 ms
DEBUG 04-23 21:58:19.429273.429273 cuda_h.py:27] end **self_attn cost 2.065 ms
DEBUG 04-23 21:58:19.429381.429381 cuda_h.py:27] end allocate_cuda_memory_and_load_into_gpu cost 3.152 ms
DEBUG 04-23 21:58:19.429971.429971 cuda_h.py:27] end *iln_self_attn_paln cost 3.891 ms
DEBUG 04-23 21:58:19.430890.430890 cuda_h.py:27] end gate cost 0.660 ms
DEBUG 04-23 21:58:19.430085.430085 cuda_h.py:27] end experts_map_get cost 0.389 ms
DEBUG 04-23 21:58:19.431359.431359 cuda_h.py:27] end **before experts start cost 1.228 ms
DEBUG 04-23 21:58:19.431315.431315 cuda_h.py:27] end cpu_experts_submit_fused_mp cost 0.034 ms
DEBUG 04-23 21:58:19.433605.433605 cuda_h.py:27] end prepare_group_stack cost 0.619 ms
DEBUG 04-23 21:58:19.433686.433686 sllm_store_c.py:27] get device uuid map
DEBUG 04-23 21:58:19.434941.434941 sllm_store_c.py:29] call client load into gpu
DEBUG 04-23 21:58:19.436420.436420 cuda_h.py:27] end group stack cost 2.889 ms
DEBUG 04-23 21:58:19.436431.436431 cuda_h.py:27] end move_flatidxs_group_fused_mp cost 3.743 ms
DEBUG 04-23 21:58:19.436227.436227 cuda_h.py:27] end get_fused_experts_names_w cost 0.018 ms
DEBUG 04-23 21:58:19.437772.437772 cuda_h.py:27] end restore2model cost 0.589 ms
DEBUG 04-23 21:58:19.437629.437629 cuda_h.py:27] end sllm_worker_task cost 11.559 ms
DEBUG 04-23 21:58:19.438304.438304 cuda_h.py:27] end load_into_gpu_async_fused_experts_dual cost 4.633 ms
DEBUG 04-23 21:58:19.438971.438971 cuda_h.py:27] end restore_tensors2_fused_experts_packed cost 0.063 ms
DEBUG 04-23 21:58:19.438118.438118 cuda_h.py:27] end restore_fused_tensors cost 1.708 ms
DEBUG 04-23 21:58:19.438471.438471 cuda_h.py:27] end group_fused_tensors_mp cost 2.166 ms
DEBUG 04-23 21:58:19.439800.439800 cuda_h.py:27] end restore_tensors2_fused_experts_slices cost 0.316 ms
DEBUG 04-23 21:58:19.439328.439328 cuda_h.py:27] end allocate_experts_cuda_memory_and_restore_model_multi_device_fused cost 8.013 ms
DEBUG 04-23 21:58:19.439454.439454 cuda_h.py:27] end gpu_sexperts cost 0.009 ms
DEBUG 04-23 21:58:19.440804.440804 cuda_h.py:27] end wait_load_qkvogn_s_weight cost 0.024 ms
DEBUG 04-23 21:58:19.463760.463760 cuda_h.py:27] end wait_experts_multi_device cost 6.957 ms
DEBUG 04-23 21:58:19.472654.472654 cuda_h.py:27] end gpu_experts_multi_device_fused cost 8.210 ms
DEBUG 04-23 21:58:19.477841.477841 mlpmodule.py:3370] [fused_group_bmm][steps] bmm1=27.458 ms split=0.061 ms act_mul=0.562 ms bmm2=10.120 ms
DEBUG 04-23 21:58:19.477649.477649 cuda_h.py:27] end fused_group_bmm cost 38.439 ms
DEBUG 04-23 21:58:19.478507.478507 cuda_h.py:27] end gather_outputs_group_fused_mp cost 1.039 ms
DEBUG 04-23 21:58:19.479178.479178 cuda_h.py:27] end cpu_experts_worker_bmm_or_einsum cost 47.008 ms
DEBUG 04-23 21:58:19.480505.480505 cuda_h.py:27] end cpu_thread_manager_mp_wait_fused cost 8.079 ms
DEBUG 04-23 21:58:19.480061.480061 cuda_h.py:27] end layer_moe_generate_mp_multi_device_fused_l_13 cost 50.866 ms
DEBUG 04-23 21:58:19.481959.481959 cuda_h.py:27] end *mlp cost 51.595 ms
DEBUG 04-23 21:58:19.481850.481850 cuda_h.py:27] end prefill_layer cost 55.697 ms
DEBUG 04-23 21:58:19.481705.481705 lmp.py:260] -------------------------------- end prefill layer 12 --------------------------------
DEBUG 04-23 21:58:19.481892.481892 lmp.py:213] -------------------------------- start prefill layer 13 --------------------------------
DEBUG 04-23 21:58:19.481488.481488 cuda_h.py:27] end start_load_qkvogn_s_weight_l_14 cost 0.053 ms
DEBUG 04-23 21:58:19.482638.482638 cuda_h.py:27] end allocate_cuda_memory cost 0.213 ms
DEBUG 04-23 21:58:19.482704.482704 sllm_store_c.py:27] get device uuid map
DEBUG 04-23 21:58:19.482760.482760 sllm_store_c.py:29] call client load into gpu
DEBUG 04-23 21:58:19.484197.484197 cuda_h.py:27] end load_into_gpu_async cost 2.258 ms
DEBUG 04-23 21:58:19.484083.484083 cuda_h.py:27] end restore_tensors2 cost 0.097 ms
DEBUG 04-23 21:58:19.484806.484806 cuda_h.py:27] end allocate_cuda_memory_and_load_into_gpu cost 2.916 ms
DEBUG 04-23 21:58:19.485235.485235 cuda_h.py:27] end **self_attn cost 2.082 ms
DEBUG 04-23 21:58:19.485727.485727 cuda_h.py:27] end *iln_self_attn_paln cost 3.649 ms
DEBUG 04-23 21:58:19.486487.486487 cuda_h.py:27] end gate cost 0.656 ms
DEBUG 04-23 21:58:19.486106.486106 cuda_h.py:27] end experts_map_get cost 0.386 ms
DEBUG 04-23 21:58:19.486903.486903 cuda_h.py:27] end **before experts start cost 1.220 ms
DEBUG 04-23 21:58:19.486706.486706 cuda_h.py:27] end cpu_experts_submit_fused_mp cost 0.033 ms
DEBUG 04-23 21:58:19.489900.489900 cuda_h.py:27] end prepare_group_stack cost 0.550 ms
DEBUG 04-23 21:58:19.489930.489930 sllm_store_c.py:27] get device uuid map
DEBUG 04-23 21:58:19.490983.490983 sllm_store_c.py:29] call client load into gpu
DEBUG 04-23 21:58:19.492184.492184 cuda_h.py:27] end group stack cost 2.685 ms
DEBUG 04-23 21:58:19.492188.492188 cuda_h.py:27] end move_flatidxs_group_fused_mp cost 3.450 ms
DEBUG 04-23 21:58:19.492793.492793 cuda_h.py:27] end get_fused_experts_names_w cost 0.018 ms
DEBUG 04-23 21:58:19.493935.493935 cuda_h.py:27] end restore2model cost 0.578 ms
DEBUG 04-23 21:58:19.493030.493030 cuda_h.py:27] end sllm_worker_task cost 11.582 ms
DEBUG 04-23 21:58:19.494751.494751 cuda_h.py:27] end restore_fused_tensors cost 1.688 ms
DEBUG 04-23 21:58:19.494839.494839 cuda_h.py:27] end group_fused_tensors_mp cost 1.810 ms
DEBUG 04-23 21:58:19.494522.494522 cuda_h.py:27] end load_into_gpu_async_fused_experts_dual cost 4.823 ms
DEBUG 04-23 21:58:19.494281.494281 cuda_h.py:27] end restore_tensors2_fused_experts_packed cost 0.061 ms
DEBUG 04-23 21:58:19.495724.495724 cuda_h.py:27] end restore_tensors2_fused_experts_slices cost 0.564 ms
DEBUG 04-23 21:58:19.495035.495035 cuda_h.py:27] end allocate_experts_cuda_memory_and_restore_model_multi_device_fused cost 8.747 ms
DEBUG 04-23 21:58:19.496013.496013 cuda_h.py:27] end gpu_sexperts cost 0.006 ms
DEBUG 04-23 21:58:19.496739.496739 cuda_h.py:27] end wait_load_qkvogn_s_weight cost 0.028 ms
DEBUG 04-23 21:58:19.518042.518042 cuda_h.py:27] end wait_experts_multi_device cost 3.580 ms
DEBUG 04-23 21:58:19.526157.526157 cuda_h.py:27] end gpu_experts_multi_device_fused cost 7.592 ms
DEBUG 04-23 21:58:19.533392.533392 mlpmodule.py:3370] [fused_group_bmm][steps] bmm1=27.208 ms split=0.071 ms act_mul=1.072 ms bmm2=10.586 ms
DEBUG 04-23 21:58:19.533578.533578 cuda_h.py:27] end fused_group_bmm cost 39.170 ms
DEBUG 04-23 21:58:19.534376.534376 cuda_h.py:27] end gather_outputs_group_fused_mp cost 1.028 ms
DEBUG 04-23 21:58:19.535987.535987 cuda_h.py:27] end cpu_experts_worker_bmm_or_einsum cost 47.075 ms
DEBUG 04-23 21:58:19.536095.536095 cuda_h.py:27] end cpu_thread_manager_mp_wait_fused cost 9.885 ms
DEBUG 04-23 21:58:19.536088.536088 cuda_h.py:27] end layer_moe_generate_mp_multi_device_fused_l_14 cost 51.037 ms
DEBUG 04-23 21:58:19.537584.537584 cuda_h.py:27] end *mlp cost 51.612 ms
DEBUG 04-23 21:58:19.538408.538408 cuda_h.py:27] end prefill_layer cost 57.331 ms
DEBUG 04-23 21:58:19.538409.538409 lmp.py:260] -------------------------------- end prefill layer 13 --------------------------------
DEBUG 04-23 21:58:19.538926.538926 lmp.py:213] -------------------------------- start prefill layer 14 --------------------------------
DEBUG 04-23 21:58:19.539731.539731 cuda_h.py:27] end start_load_qkvogn_s_weight_l_15 cost 0.053 ms
DEBUG 04-23 21:58:19.539630.539630 cuda_h.py:27] end allocate_cuda_memory cost 0.237 ms
DEBUG 04-23 21:58:19.539524.539524 sllm_store_c.py:27] get device uuid map
DEBUG 04-23 21:58:19.539805.539805 sllm_store_c.py:29] call client load into gpu
DEBUG 04-23 21:58:19.541824.541824 cuda_h.py:27] end load_into_gpu_async cost 2.227 ms
DEBUG 04-23 21:58:19.541664.541664 cuda_h.py:27] end restore_tensors2 cost 0.097 ms
DEBUG 04-23 21:58:19.542672.542672 cuda_h.py:27] end allocate_cuda_memory_and_load_into_gpu cost 2.919 ms
DEBUG 04-23 21:58:19.542029.542029 cuda_h.py:27] end **self_attn cost 2.066 ms
DEBUG 04-23 21:58:19.542473.542473 cuda_h.py:27] end *iln_self_attn_paln cost 3.634 ms
DEBUG 04-23 21:58:19.543678.543678 cuda_h.py:27] end gate cost 0.668 ms
DEBUG 04-23 21:58:19.543377.543377 cuda_h.py:27] end experts_map_get cost 0.406 ms
DEBUG 04-23 21:58:19.543605.543605 cuda_h.py:27] end **before experts start cost 1.257 ms
DEBUG 04-23 21:58:19.544455.544455 cuda_h.py:27] end cpu_experts_submit_fused_mp cost 0.032 ms
DEBUG 04-23 21:58:19.545603.545603 sllm_store_c.py:27] get device uuid map
DEBUG 04-23 21:58:19.546487.546487 sllm_store_c.py:29] call client load into gpu
DEBUG 04-23 21:58:19.548946.548946 cuda_h.py:27] end prepare_group_stack cost 0.612 ms
DEBUG 04-23 21:58:19.550814.550814 cuda_h.py:27] end restore2model cost 0.637 ms
DEBUG 04-23 21:58:19.550724.550724 cuda_h.py:27] end sllm_worker_task cost 11.599 ms
DEBUG 04-23 21:58:19.551890.551890 cuda_h.py:27] end group stack cost 2.606 ms
DEBUG 04-23 21:58:19.551245.551245 cuda_h.py:27] end move_flatidxs_group_fused_mp cost 3.450 ms
DEBUG 04-23 21:58:19.551871.551871 cuda_h.py:27] end load_into_gpu_async_fused_experts_dual cost 5.637 ms
DEBUG 04-23 21:58:19.551204.551204 cuda_h.py:27] end get_fused_experts_names_w cost 0.018 ms
DEBUG 04-23 21:58:19.551140.551140 cuda_h.py:27] end restore_tensors2_fused_experts_packed cost 0.065 ms
DEBUG 04-23 21:58:19.552308.552308 cuda_h.py:27] end restore_tensors2_fused_experts_slices cost 0.278 ms
DEBUG 04-23 21:58:19.552834.552834 cuda_h.py:27] end allocate_experts_cuda_memory_and_restore_model_multi_device_fused cost 8.319 ms
DEBUG 04-23 21:58:19.552627.552627 cuda_h.py:27] end gpu_sexperts cost 0.004 ms
DEBUG 04-23 21:58:19.552980.552980 cuda_h.py:27] end wait_load_qkvogn_s_weight cost 0.015 ms
DEBUG 04-23 21:58:19.553197.553197 cuda_h.py:27] end restore_fused_tensors cost 1.708 ms
DEBUG 04-23 21:58:19.553530.553530 cuda_h.py:27] end group_fused_tensors_mp cost 1.842 ms
DEBUG 04-23 21:58:19.577057.577057 cuda_h.py:27] end wait_experts_multi_device cost 13.775 ms
DEBUG 04-23 21:58:19.584930.584930 cuda_h.py:27] end gpu_experts_multi_device_fused cost 6.887 ms
DEBUG 04-23 21:58:19.593098.593098 mlpmodule.py:3370] [fused_group_bmm][steps] bmm1=28.294 ms split=0.067 ms act_mul=0.477 ms bmm2=10.740 ms
DEBUG 04-23 21:58:19.593145.593145 cuda_h.py:27] end fused_group_bmm cost 39.816 ms
DEBUG 04-23 21:58:19.594771.594771 cuda_h.py:27] end gather_outputs_group_fused_mp cost 1.041 ms
DEBUG 04-23 21:58:19.595257.595257 cuda_h.py:27] end cpu_experts_worker_bmm_or_einsum cost 48.167 ms
DEBUG 04-23 21:58:19.596034.596034 cuda_h.py:27] end cpu_thread_manager_mp_wait_fused cost 11.266 ms
DEBUG 04-23 21:58:19.596218.596218 cuda_h.py:27] end layer_moe_generate_mp_multi_device_fused_l_15 cost 53.988 ms
DEBUG 04-23 21:58:19.597237.597237 cuda_h.py:27] end *mlp cost 54.563 ms
DEBUG 04-23 21:58:19.597797.597797 cuda_h.py:27] end prefill_layer cost 58.435 ms
DEBUG 04-23 21:58:19.597414.597414 lmp.py:260] -------------------------------- end prefill layer 14 --------------------------------
DEBUG 04-23 21:58:19.597647.597647 lmp.py:213] -------------------------------- start prefill layer 15 --------------------------------
DEBUG 04-23 21:58:19.597836.597836 cuda_h.py:27] end start_load_qkvogn_s_weight_l_16 cost 0.055 ms
DEBUG 04-23 21:58:19.597939.597939 cuda_h.py:27] end allocate_cuda_memory cost 0.213 ms
DEBUG 04-23 21:58:19.598687.598687 sllm_store_c.py:27] get device uuid map
DEBUG 04-23 21:58:19.598629.598629 sllm_store_c.py:29] call client load into gpu
DEBUG 04-23 21:58:19.600364.600364 cuda_h.py:27] end **self_attn cost 2.256 ms
DEBUG 04-23 21:58:19.600163.600163 cuda_h.py:27] end *iln_self_attn_paln cost 3.508 ms
DEBUG 04-23 21:58:19.601525.601525 cuda_h.py:27] end gate cost 0.661 ms
DEBUG 04-23 21:58:19.603772.603772 cuda_h.py:27] end load_into_gpu_async cost 4.904 ms
DEBUG 04-23 21:58:19.603587.603587 cuda_h.py:27] end restore_tensors2 cost 0.101 ms
DEBUG 04-23 21:58:19.603393.603393 cuda_h.py:27] end allocate_cuda_memory_and_load_into_gpu cost 6.289 ms
DEBUG 04-23 21:58:19.604636.604636 cuda_h.py:27] end experts_map_get cost 0.600 ms
DEBUG 04-23 21:58:19.604983.604983 cuda_h.py:27] end **before experts start cost 3.083 ms
DEBUG 04-23 21:58:19.604032.604032 cuda_h.py:27] end cpu_experts_submit_fused_mp cost 0.035 ms
DEBUG 04-23 21:58:19.606751.606751 sllm_store_c.py:27] get device uuid map
DEBUG 04-23 21:58:19.606874.606874 sllm_store_c.py:29] call client load into gpu
DEBUG 04-23 21:58:19.609345.609345 cuda_h.py:27] end prepare_group_stack cost 0.670 ms
DEBUG 04-23 21:58:19.611980.611980 cuda_h.py:27] end group stack cost 2.435 ms
DEBUG 04-23 21:58:19.612143.612143 cuda_h.py:27] end move_flatidxs_group_fused_mp cost 3.350 ms
DEBUG 04-23 21:58:19.612701.612701 cuda_h.py:27] end get_fused_experts_names_w cost 0.017 ms
DEBUG 04-23 21:58:19.612356.612356 cuda_h.py:27] end restore2model cost 0.585 ms
DEBUG 04-23 21:58:19.612265.612265 cuda_h.py:27] end sllm_worker_task cost 15.152 ms
DEBUG 04-23 21:58:19.613707.613707 cuda_h.py:27] end load_into_gpu_async_fused_experts_dual cost 7.198 ms
DEBUG 04-23 21:58:19.614388.614388 cuda_h.py:27] end restore_tensors2_fused_experts_packed cost 0.068 ms
DEBUG 04-23 21:58:19.614004.614004 cuda_h.py:27] end restore_fused_tensors cost 1.576 ms
DEBUG 04-23 21:58:19.614092.614092 cuda_h.py:27] end group_fused_tensors_mp cost 1.993 ms
DEBUG 04-23 21:58:19.614140.614140 cuda_h.py:27] end restore_tensors2_fused_experts_slices cost 0.265 ms
DEBUG 04-23 21:58:19.614235.614235 cuda_h.py:27] end allocate_experts_cuda_memory_and_restore_model_multi_device_fused cost 9.978 ms
DEBUG 04-23 21:58:19.614998.614998 cuda_h.py:27] end gpu_sexperts cost 0.004 ms
DEBUG 04-23 21:58:19.614681.614681 cuda_h.py:27] end wait_load_qkvogn_s_weight cost 0.014 ms
DEBUG 04-23 21:58:19.637538.637538 cuda_h.py:27] end wait_experts_multi_device cost 13.267 ms
DEBUG 04-23 21:58:19.647628.647628 cuda_h.py:27] end gpu_experts_multi_device_fused cost 9.575 ms
DEBUG 04-23 21:58:19.649491.649491 mlpmodule.py:3370] [fused_group_bmm][steps] bmm1=24.455 ms split=0.073 ms act_mul=1.357 ms bmm2=9.596 ms
DEBUG 04-23 21:58:19.650405.650405 cuda_h.py:27] end fused_group_bmm cost 35.686 ms
DEBUG 04-23 21:58:19.651285.651285 cuda_h.py:27] end gather_outputs_group_fused_mp cost 0.914 ms
DEBUG 04-23 21:58:19.651704.651704 cuda_h.py:27] end cpu_experts_worker_bmm_or_einsum cost 43.834 ms
DEBUG 04-23 21:58:19.652713.652713 cuda_h.py:27] end cpu_thread_manager_mp_wait_fused cost 4.811 ms
DEBUG 04-23 21:58:19.652877.652877 cuda_h.py:27] end layer_moe_generate_mp_multi_device_fused_l_16 cost 51.739 ms
DEBUG 04-23 21:58:19.653962.653962 cuda_h.py:27] end *mlp cost 52.292 ms
DEBUG 04-23 21:58:19.653661.653661 cuda_h.py:27] end prefill_layer cost 56.189 ms
DEBUG 04-23 21:58:19.653231.653231 lmp.py:260] -------------------------------- end prefill layer 15 --------------------------------
DEBUG 04-23 21:58:19.653226.653226 lmp.py:213] -------------------------------- start prefill layer 16 --------------------------------
DEBUG 04-23 21:58:19.653646.653646 cuda_h.py:27] end start_load_qkvogn_s_weight_l_17 cost 0.052 ms
DEBUG 04-23 21:58:19.654717.654717 cuda_h.py:27] end allocate_cuda_memory cost 0.224 ms
DEBUG 04-23 21:58:19.654393.654393 sllm_store_c.py:27] get device uuid map
DEBUG 04-23 21:58:19.654289.654289 sllm_store_c.py:29] call client load into gpu
DEBUG 04-23 21:58:19.656453.656453 cuda_h.py:27] end load_into_gpu_async cost 2.184 ms
DEBUG 04-23 21:58:19.656863.656863 cuda_h.py:27] end restore_tensors2 cost 0.096 ms
DEBUG 04-23 21:58:19.656689.656689 cuda_h.py:27] end **self_attn cost 1.980 ms
DEBUG 04-23 21:58:19.656965.656965 cuda_h.py:27] end allocate_cuda_memory_and_load_into_gpu cost 3.123 ms
DEBUG 04-23 21:58:19.657052.657052 cuda_h.py:27] end *iln_self_attn_paln cost 3.664 ms
DEBUG 04-23 21:58:19.658878.658878 cuda_h.py:27] end gate cost 0.662 ms
DEBUG 04-23 21:58:19.658261.658261 cuda_h.py:27] end experts_map_get cost 0.456 ms
DEBUG 04-23 21:58:19.658535.658535 cuda_h.py:27] end **before experts start cost 1.299 ms
DEBUG 04-23 21:58:19.658861.658861 cuda_h.py:27] end cpu_experts_submit_fused_mp cost 0.033 ms
DEBUG 04-23 21:58:19.661625.661625 cuda_h.py:27] end prepare_group_stack cost 0.596 ms
DEBUG 04-23 21:58:19.661558.661558 sllm_store_c.py:27] get device uuid map
DEBUG 04-23 21:58:19.661456.661456 sllm_store_c.py:29] call client load into gpu
DEBUG 04-23 21:58:19.663527.663527 cuda_h.py:27] end group stack cost 2.542 ms
DEBUG 04-23 21:58:19.664955.664955 cuda_h.py:27] end move_flatidxs_group_fused_mp cost 3.350 ms
DEBUG 04-23 21:58:19.664321.664321 cuda_h.py:27] end get_fused_experts_names_w cost 0.017 ms
DEBUG 04-23 21:58:19.666221.666221 cuda_h.py:27] end restore_fused_tensors cost 1.630 ms
DEBUG 04-23 21:58:19.666217.666217 cuda_h.py:27] end group_fused_tensors_mp cost 2.049 ms
DEBUG 04-23 21:58:19.669736.669736 cuda_h.py:27] end restore2model cost 1.076 ms
DEBUG 04-23 21:58:19.669003.669003 cuda_h.py:27] end sllm_worker_task cost 15.540 ms
DEBUG 04-23 21:58:19.670149.670149 cuda_h.py:27] end load_into_gpu_async_fused_experts_dual cost 8.354 ms
DEBUG 04-23 21:58:19.670731.670731 cuda_h.py:27] end restore_tensors2_fused_experts_packed cost 0.171 ms
DEBUG 04-23 21:58:19.671497.671497 cuda_h.py:27] end restore_tensors2_fused_experts_slices cost 0.552 ms
DEBUG 04-23 21:58:19.671386.671386 cuda_h.py:27] end allocate_experts_cuda_memory_and_restore_model_multi_device_fused cost 12.213 ms
DEBUG 04-23 21:58:19.671354.671354 cuda_h.py:27] end gpu_sexperts cost 0.011 ms
DEBUG 04-23 21:58:19.671194.671194 cuda_h.py:27] end wait_load_qkvogn_s_weight cost 0.038 ms
DEBUG 04-23 21:58:19.690026.690026 cuda_h.py:27] end wait_experts_multi_device cost 4.166 ms
DEBUG 04-23 21:58:19.699238.699238 cuda_h.py:27] end gpu_experts_multi_device_fused cost 8.901 ms
DEBUG 04-23 21:58:19.702253.702253 mlpmodule.py:3370] [fused_group_bmm][steps] bmm1=25.688 ms split=0.073 ms act_mul=0.546 ms bmm2=9.865 ms
DEBUG 04-23 21:58:19.702750.702750 cuda_h.py:27] end fused_group_bmm cost 36.385 ms
DEBUG 04-23 21:58:19.703419.703419 cuda_h.py:27] end gather_outputs_group_fused_mp cost 0.934 ms
DEBUG 04-23 21:58:19.704473.704473 cuda_h.py:27] end cpu_experts_worker_bmm_or_einsum cost 44.843 ms
DEBUG 04-23 21:58:19.705386.705386 cuda_h.py:27] end cpu_thread_manager_mp_wait_fused cost 5.491 ms
DEBUG 04-23 21:58:19.705802.705802 cuda_h.py:27] end layer_moe_generate_mp_multi_device_fused_l_17 cost 48.437 ms
DEBUG 04-23 21:58:19.706597.706597 cuda_h.py:27] end *mlp cost 49.445 ms
DEBUG 04-23 21:58:19.707011.707011 cuda_h.py:27] end prefill_layer cost 53.316 ms
DEBUG 04-23 21:58:19.707867.707867 lmp.py:260] -------------------------------- end prefill layer 16 --------------------------------
DEBUG 04-23 21:58:19.707146.707146 lmp.py:213] -------------------------------- start prefill layer 17 --------------------------------
DEBUG 04-23 21:58:19.707633.707633 cuda_h.py:27] end start_load_qkvogn_s_weight_l_18 cost 0.054 ms
DEBUG 04-23 21:58:19.707472.707472 cuda_h.py:27] end allocate_cuda_memory cost 0.226 ms
DEBUG 04-23 21:58:19.707578.707578 sllm_store_c.py:27] get device uuid map
DEBUG 04-23 21:58:19.708430.708430 sllm_store_c.py:29] call client load into gpu
DEBUG 04-23 21:58:19.710981.710981 cuda_h.py:27] end load_into_gpu_async cost 2.157 ms
DEBUG 04-23 21:58:19.710391.710391 cuda_h.py:27] end restore_tensors2 cost 0.098 ms
DEBUG 04-23 21:58:19.710637.710637 cuda_h.py:27] end allocate_cuda_memory_and_load_into_gpu cost 2.822 ms
DEBUG 04-23 21:58:19.711501.711501 cuda_h.py:27] end **self_attn cost 2.678 ms
DEBUG 04-23 21:58:19.711121.711121 cuda_h.py:27] end *iln_self_attn_paln cost 4.149 ms
DEBUG 04-23 21:58:19.712610.712610 cuda_h.py:27] end gate cost 0.668 ms
DEBUG 04-23 21:58:19.712176.712176 cuda_h.py:27] end experts_map_get cost 0.381 ms
DEBUG 04-23 21:58:19.712880.712880 cuda_h.py:27] end **before experts start cost 1.230 ms
DEBUG 04-23 21:58:19.712398.712398 cuda_h.py:27] end cpu_experts_submit_fused_mp cost 0.033 ms
DEBUG 04-23 21:58:19.715738.715738 sllm_store_c.py:27] get device uuid map
DEBUG 04-23 21:58:19.715284.715284 sllm_store_c.py:29] call client load into gpu
DEBUG 04-23 21:58:19.715230.715230 cuda_h.py:27] end prepare_group_stack cost 0.584 ms
DEBUG 04-23 21:58:19.718311.718311 cuda_h.py:27] end group stack cost 2.734 ms
DEBUG 04-23 21:58:19.718269.718269 cuda_h.py:27] end move_flatidxs_group_fused_mp cost 3.547 ms
DEBUG 04-23 21:58:19.718728.718728 cuda_h.py:27] end get_fused_experts_names_w cost 0.016 ms
DEBUG 04-23 21:58:19.719949.719949 cuda_h.py:27] end restore2model cost 0.612 ms
DEBUG 04-23 21:58:19.719087.719087 cuda_h.py:27] end sllm_worker_task cost 11.900 ms
DEBUG 04-23 21:58:19.719159.719159 cuda_h.py:27] end load_into_gpu_async_fused_experts_dual cost 4.663 ms
DEBUG 04-23 21:58:19.720733.720733 cuda_h.py:27] end restore_tensors2_fused_experts_packed cost 0.063 ms
DEBUG 04-23 21:58:19.720571.720571 cuda_h.py:27] end restore_tensors2_fused_experts_slices cost 0.263 ms
DEBUG 04-23 21:58:19.720246.720246 cuda_h.py:27] end restore_fused_tensors cost 1.608 ms
DEBUG 04-23 21:58:19.720335.720335 cuda_h.py:27] end group_fused_tensors_mp cost 1.730 ms
DEBUG 04-23 21:58:19.720527.720527 cuda_h.py:27] end allocate_experts_cuda_memory_and_restore_model_multi_device_fused cost 7.498 ms
DEBUG 04-23 21:58:19.720720.720720 cuda_h.py:27] end gpu_sexperts cost 0.004 ms
DEBUG 04-23 21:58:19.721684.721684 cuda_h.py:27] end wait_load_qkvogn_s_weight cost 0.015 ms
DEBUG 04-23 21:58:19.743342.743342 cuda_h.py:27] end wait_experts_multi_device cost 10.676 ms
DEBUG 04-23 21:58:19.750485.750485 cuda_h.py:27] end gpu_experts_multi_device_fused cost 7.011 ms
DEBUG 04-23 21:58:19.757946.757946 mlpmodule.py:3370] [fused_group_bmm][steps] bmm1=26.267 ms split=0.067 ms act_mul=0.452 ms bmm2=9.739 ms
DEBUG 04-23 21:58:19.757085.757085 cuda_h.py:27] end fused_group_bmm cost 36.759 ms
DEBUG 04-23 21:58:19.758570.758570 cuda_h.py:27] end gather_outputs_group_fused_mp cost 0.973 ms
DEBUG 04-23 21:58:19.758519.758519 cuda_h.py:27] end cpu_experts_worker_bmm_or_einsum cost 44.618 ms
DEBUG 04-23 21:58:19.760777.760777 cuda_h.py:27] end cpu_thread_manager_mp_wait_fused cost 9.184 ms
DEBUG 04-23 21:58:19.760862.760862 cuda_h.py:27] end layer_moe_generate_mp_multi_device_fused_l_18 cost 48.968 ms
DEBUG 04-23 21:58:19.761041.761041 cuda_h.py:27] end *mlp cost 49.766 ms
DEBUG 04-23 21:58:19.761886.761886 cuda_h.py:27] end prefill_layer cost 54.336 ms
DEBUG 04-23 21:58:19.761417.761417 lmp.py:260] -------------------------------- end prefill layer 17 --------------------------------
DEBUG 04-23 21:58:19.761126.761126 lmp.py:213] -------------------------------- start prefill layer 18 --------------------------------
DEBUG 04-23 21:58:19.761022.761022 cuda_h.py:27] end start_load_qkvogn_s_weight_l_19 cost 0.053 ms
DEBUG 04-23 21:58:19.762338.762338 cuda_h.py:27] end allocate_cuda_memory cost 0.228 ms
DEBUG 04-23 21:58:19.762013.762013 sllm_store_c.py:27] get device uuid map
DEBUG 04-23 21:58:19.762858.762858 sllm_store_c.py:29] call client load into gpu
DEBUG 04-23 21:58:19.764926.764926 cuda_h.py:27] end load_into_gpu_async cost 2.147 ms
DEBUG 04-23 21:58:19.764118.764118 cuda_h.py:27] end restore_tensors2 cost 0.100 ms
DEBUG 04-23 21:58:19.765364.765364 cuda_h.py:27] end allocate_cuda_memory_and_load_into_gpu cost 3.037 ms
DEBUG 04-23 21:58:19.765237.765237 cuda_h.py:27] end **self_attn cost 2.153 ms
DEBUG 04-23 21:58:19.765752.765752 cuda_h.py:27] end *iln_self_attn_paln cost 3.660 ms
DEBUG 04-23 21:58:19.766505.766505 cuda_h.py:27] end gate cost 0.652 ms
DEBUG 04-23 21:58:19.766124.766124 cuda_h.py:27] end experts_map_get cost 0.384 ms
DEBUG 04-23 21:58:19.766636.766636 cuda_h.py:27] end **before experts start cost 1.217 ms
DEBUG 04-23 21:58:19.766393.766393 cuda_h.py:27] end cpu_experts_submit_fused_mp cost 0.033 ms
DEBUG 04-23 21:58:19.769553.769553 cuda_h.py:27] end prepare_group_stack cost 0.572 ms
DEBUG 04-23 21:58:19.769735.769735 sllm_store_c.py:27] get device uuid map
DEBUG 04-23 21:58:19.770904.770904 sllm_store_c.py:29] call client load into gpu
DEBUG 04-23 21:58:19.772832.772832 cuda_h.py:27] end group stack cost 2.675 ms
DEBUG 04-23 21:58:19.772888.772888 cuda_h.py:27] end move_flatidxs_group_fused_mp cost 3.473 ms
DEBUG 04-23 21:58:19.772254.772254 cuda_h.py:27] end get_fused_experts_names_w cost 0.017 ms
DEBUG 04-23 21:58:19.773325.773325 cuda_h.py:27] end restore2model cost 0.587 ms
DEBUG 04-23 21:58:19.774287.774287 cuda_h.py:27] end sllm_worker_task cost 12.007 ms
DEBUG 04-23 21:58:19.774395.774395 cuda_h.py:27] end restore_fused_tensors cost 1.576 ms
DEBUG 04-23 21:58:19.774529.774529 cuda_h.py:27] end group_fused_tensors_mp cost 1.697 ms
DEBUG 04-23 21:58:19.774421.774421 cuda_h.py:27] end load_into_gpu_async_fused_experts_dual cost 4.684 ms
DEBUG 04-23 21:58:19.774413.774413 cuda_h.py:27] end restore_tensors2_fused_experts_packed cost 0.060 ms
DEBUG 04-23 21:58:19.775091.775091 cuda_h.py:27] end restore_tensors2_fused_experts_slices cost 0.441 ms
DEBUG 04-23 21:58:19.775158.775158 cuda_h.py:27] end allocate_experts_cuda_memory_and_restore_model_multi_device_fused cost 8.320 ms
DEBUG 04-23 21:58:19.775254.775254 cuda_h.py:27] end gpu_sexperts cost 0.006 ms
DEBUG 04-23 21:58:19.775291.775291 cuda_h.py:27] end wait_load_qkvogn_s_weight cost 0.031 ms
DEBUG 04-23 21:58:19.797901.797901 cuda_h.py:27] end wait_experts_multi_device cost 5.636 ms
DEBUG 04-23 21:58:19.805145.805145 cuda_h.py:27] end gpu_experts_multi_device_fused cost 7.472 ms
DEBUG 04-23 21:58:19.811448.811448 mlpmodule.py:3370] [fused_group_bmm][steps] bmm1=26.633 ms split=0.069 ms act_mul=0.506 ms bmm2=9.998 ms
DEBUG 04-23 21:58:19.811323.811323 cuda_h.py:27] end fused_group_bmm cost 37.457 ms
DEBUG 04-23 21:58:19.812823.812823 cuda_h.py:27] end gather_outputs_group_fused_mp cost 1.018 ms
DEBUG 04-23 21:58:19.813818.813818 cuda_h.py:27] end cpu_experts_worker_bmm_or_einsum cost 45.048 ms
DEBUG 04-23 21:58:19.814601.814601 cuda_h.py:27] end cpu_thread_manager_mp_wait_fused cost 8.907 ms
DEBUG 04-23 21:58:19.814639.814639 cuda_h.py:27] end layer_moe_generate_mp_multi_device_fused_l_19 cost 49.180 ms
DEBUG 04-23 21:58:19.815798.815798 cuda_h.py:27] end *mlp cost 49.752 ms
DEBUG 04-23 21:58:19.815589.815589 cuda_h.py:27] end prefill_layer cost 53.957 ms
DEBUG 04-23 21:58:19.815683.815683 lmp.py:260] -------------------------------- end prefill layer 18 --------------------------------
DEBUG 04-23 21:58:19.815439.815439 lmp.py:213] -------------------------------- start prefill layer 19 --------------------------------
DEBUG 04-23 21:58:19.815050.815050 cuda_h.py:27] end start_load_qkvogn_s_weight_l_20 cost 0.054 ms
DEBUG 04-23 21:58:19.816334.816334 cuda_h.py:27] end allocate_cuda_memory cost 0.235 ms
DEBUG 04-23 21:58:19.816770.816770 sllm_store_c.py:27] get device uuid map
DEBUG 04-23 21:58:19.816602.816602 sllm_store_c.py:29] call client load into gpu
DEBUG 04-23 21:58:19.818371.818371 cuda_h.py:27] end load_into_gpu_async cost 2.127 ms
DEBUG 04-23 21:58:19.818595.818595 cuda_h.py:27] end restore_tensors2 cost 0.096 ms
DEBUG 04-23 21:58:19.818716.818716 cuda_h.py:27] end allocate_cuda_memory_and_load_into_gpu cost 2.818 ms
DEBUG 04-23 21:58:19.819748.819748 cuda_h.py:27] end **self_attn cost 2.131 ms
DEBUG 04-23 21:58:19.819875.819875 cuda_h.py:27] end *iln_self_attn_paln cost 3.733 ms
DEBUG 04-23 21:58:19.820662.820662 cuda_h.py:27] end gate cost 0.677 ms
DEBUG 04-23 21:58:19.820175.820175 cuda_h.py:27] end experts_map_get cost 0.377 ms
DEBUG 04-23 21:58:19.820256.820256 cuda_h.py:27] end **before experts start cost 1.232 ms
DEBUG 04-23 21:58:19.820391.820391 cuda_h.py:27] end cpu_experts_submit_fused_mp cost 0.032 ms
DEBUG 04-23 21:58:19.822603.822603 sllm_store_c.py:27] get device uuid map
DEBUG 04-23 21:58:19.822884.822884 sllm_store_c.py:29] call client load into gpu
DEBUG 04-23 21:58:19.823771.823771 cuda_h.py:27] end prepare_group_stack cost 0.625 ms
DEBUG 04-23 21:58:19.826269.826269 cuda_h.py:27] end group stack cost 2.287 ms
DEBUG 04-23 21:58:19.826472.826472 cuda_h.py:27] end move_flatidxs_group_fused_mp cost 3.762 ms
DEBUG 04-23 21:58:19.826507.826507 cuda_h.py:27] end get_fused_experts_names_w cost 0.017 ms
DEBUG 04-23 21:58:19.827155.827155 cuda_h.py:27] end restore2model cost 0.583 ms
DEBUG 04-23 21:58:19.827197.827197 cuda_h.py:27] end sllm_worker_task cost 11.429 ms
DEBUG 04-23 21:58:19.827927.827927 cuda_h.py:27] end restore_fused_tensors cost 1.431 ms
DEBUG 04-23 21:58:19.828307.828307 cuda_h.py:27] end group_fused_tensors_mp cost 1.558 ms
DEBUG 04-23 21:58:19.828563.828563 cuda_h.py:27] end load_into_gpu_async_fused_experts_dual cost 5.551 ms
DEBUG 04-23 21:58:19.828554.828554 cuda_h.py:27] end restore_tensors2_fused_experts_packed cost 0.063 ms
DEBUG 04-23 21:58:19.828696.828696 cuda_h.py:27] end restore_tensors2_fused_experts_slices cost 0.286 ms
DEBUG 04-23 21:58:19.829637.829637 cuda_h.py:27] end allocate_experts_cuda_memory_and_restore_model_multi_device_fused cost 8.067 ms
DEBUG 04-23 21:58:19.829501.829501 cuda_h.py:27] end gpu_sexperts cost 0.009 ms
DEBUG 04-23 21:58:19.829193.829193 cuda_h.py:27] end wait_load_qkvogn_s_weight cost 0.027 ms
DEBUG 04-23 21:58:19.849017.849017 cuda_h.py:27] end wait_experts_multi_device cost 4.635 ms
DEBUG 04-23 21:58:19.858142.858142 cuda_h.py:27] end gpu_experts_multi_device_fused cost 8.432 ms
DEBUG 04-23 21:58:19.861158.861158 mlpmodule.py:3370] [fused_group_bmm][steps] bmm1=23.824 ms split=0.065 ms act_mul=0.568 ms bmm2=8.944 ms
DEBUG 04-23 21:58:19.861714.861714 cuda_h.py:27] end fused_group_bmm cost 33.623 ms
DEBUG 04-23 21:58:19.862996.862996 cuda_h.py:27] end gather_outputs_group_fused_mp cost 0.859 ms
DEBUG 04-23 21:58:19.863263.863263 cuda_h.py:27] end cpu_experts_worker_bmm_or_einsum cost 41.401 ms
DEBUG 04-23 21:58:19.864156.864156 cuda_h.py:27] end cpu_thread_manager_mp_wait_fused cost 5.810 ms
DEBUG 04-23 21:58:19.864243.864243 cuda_h.py:27] end layer_moe_generate_mp_multi_device_fused_l_20 cost 45.320 ms
DEBUG 04-23 21:58:19.865299.865299 cuda_h.py:27] end *mlp cost 46.028 ms
DEBUG 04-23 21:58:19.865806.865806 cuda_h.py:27] end prefill_layer cost 50.129 ms
DEBUG 04-23 21:58:19.865138.865138 lmp.py:260] -------------------------------- end prefill layer 19 --------------------------------
DEBUG 04-23 21:58:19.865086.865086 lmp.py:213] -------------------------------- start prefill layer 20 --------------------------------
DEBUG 04-23 21:58:19.866733.866733 cuda_h.py:27] end start_load_qkvogn_s_weight_l_21 cost 0.055 ms
DEBUG 04-23 21:58:19.866229.866229 cuda_h.py:27] end allocate_cuda_memory cost 0.255 ms
DEBUG 04-23 21:58:19.866142.866142 sllm_store_c.py:27] get device uuid map
DEBUG 04-23 21:58:19.866615.866615 sllm_store_c.py:29] call client load into gpu
DEBUG 04-23 21:58:19.868875.868875 cuda_h.py:27] end load_into_gpu_async cost 2.293 ms
DEBUG 04-23 21:58:19.869053.869053 cuda_h.py:27] end restore_tensors2 cost 0.101 ms
DEBUG 04-23 21:58:19.869611.869611 cuda_h.py:27] end allocate_cuda_memory_and_load_into_gpu cost 3.011 ms
DEBUG 04-23 21:58:19.869894.869894 cuda_h.py:27] end **self_attn cost 2.092 ms
DEBUG 04-23 21:58:19.869506.869506 cuda_h.py:27] end *iln_self_attn_paln cost 3.764 ms
DEBUG 04-23 21:58:19.870777.870777 cuda_h.py:27] end gate cost 0.679 ms
DEBUG 04-23 21:58:19.871581.871581 cuda_h.py:27] end experts_map_get cost 0.381 ms
DEBUG 04-23 21:58:19.871378.871378 cuda_h.py:27] end **before experts start cost 1.239 ms
DEBUG 04-23 21:58:19.871512.871512 cuda_h.py:27] end cpu_experts_submit_fused_mp cost 0.032 ms
DEBUG 04-23 21:58:19.873852.873852 cuda_h.py:27] end prepare_group_stack cost 0.526 ms
DEBUG 04-23 21:58:19.874728.874728 sllm_store_c.py:27] get device uuid map
DEBUG 04-23 21:58:19.875334.875334 sllm_store_c.py:29] call client load into gpu
DEBUG 04-23 21:58:19.875952.875952 cuda_h.py:27] end group stack cost 2.088 ms
DEBUG 04-23 21:58:19.876862.876862 cuda_h.py:27] end move_flatidxs_group_fused_mp cost 3.011 ms
DEBUG 04-23 21:58:19.876189.876189 cuda_h.py:27] end get_fused_experts_names_w cost 0.018 ms
DEBUG 04-23 21:58:19.876606.876606 cuda_h.py:27] end restore2model cost 0.582 ms
DEBUG 04-23 21:58:19.876271.876271 cuda_h.py:27] end sllm_worker_task cost 10.665 ms
DEBUG 04-23 21:58:19.877347.877347 cuda_h.py:27] end load_into_gpu_async_fused_experts_dual cost 3.476 ms
DEBUG 04-23 21:58:19.877536.877536 cuda_h.py:27] end restore_fused_tensors cost 1.306 ms
DEBUG 04-23 21:58:19.877412.877412 cuda_h.py:27] end restore_tensors2_fused_experts_packed cost 0.062 ms
DEBUG 04-23 21:58:19.877002.877002 cuda_h.py:27] end group_fused_tensors_mp cost 1.568 ms
DEBUG 04-23 21:58:19.878192.878192 cuda_h.py:27] end restore_tensors2_fused_experts_slices cost 0.237 ms
DEBUG 04-23 21:58:19.878479.878479 cuda_h.py:27] end allocate_experts_cuda_memory_and_restore_model_multi_device_fused cost 6.969 ms
DEBUG 04-23 21:58:19.878003.878003 cuda_h.py:27] end gpu_sexperts cost 0.004 ms
DEBUG 04-23 21:58:19.878188.878188 cuda_h.py:27] end wait_load_qkvogn_s_weight cost 0.014 ms
DEBUG 04-23 21:58:19.899545.899545 cuda_h.py:27] end wait_experts_multi_device cost 10.810 ms
DEBUG 04-23 21:58:19.908616.908616 cuda_h.py:27] end gpu_experts_multi_device_fused cost 8.220 ms
DEBUG 04-23 21:58:19.910724.910724 mlpmodule.py:3370] [fused_group_bmm][steps] bmm1=22.134 ms split=0.079 ms act_mul=1.302 ms bmm2=8.723 ms
DEBUG 04-23 21:58:19.910968.910968 cuda_h.py:27] end fused_group_bmm cost 32.440 ms
DEBUG 04-23 21:58:19.911652.911652 cuda_h.py:27] end gather_outputs_group_fused_mp cost 0.804 ms
DEBUG 04-23 21:58:19.911258.911258 cuda_h.py:27] end cpu_experts_worker_bmm_or_einsum cost 39.729 ms
DEBUG 04-23 21:58:19.913246.913246 cuda_h.py:27] end cpu_thread_manager_mp_wait_fused cost 4.857 ms
DEBUG 04-23 21:58:19.913457.913457 cuda_h.py:27] end layer_moe_generate_mp_multi_device_fused_l_21 cost 43.747 ms
DEBUG 04-23 21:58:19.914257.914257 cuda_h.py:27] end *mlp cost 44.302 ms
DEBUG 04-23 21:58:19.914425.914425 cuda_h.py:27] end prefill_layer cost 48.493 ms
DEBUG 04-23 21:58:19.914804.914804 lmp.py:260] -------------------------------- end prefill layer 20 --------------------------------
DEBUG 04-23 21:58:19.914560.914560 lmp.py:213] -------------------------------- start prefill layer 21 --------------------------------
DEBUG 04-23 21:58:19.914742.914742 cuda_h.py:27] end start_load_qkvogn_s_weight_l_22 cost 0.053 ms
DEBUG 04-23 21:58:19.914283.914283 cuda_h.py:27] end allocate_cuda_memory cost 0.221 ms
DEBUG 04-23 21:58:19.914973.914973 sllm_store_c.py:27] get device uuid map
DEBUG 04-23 21:58:19.915107.915107 sllm_store_c.py:29] call client load into gpu
DEBUG 04-23 21:58:19.917526.917526 cuda_h.py:27] end load_into_gpu_async cost 2.092 ms
DEBUG 04-23 21:58:19.917810.917810 cuda_h.py:27] end restore_tensors2 cost 0.100 ms
DEBUG 04-23 21:58:19.917449.917449 cuda_h.py:27] end allocate_cuda_memory_and_load_into_gpu cost 3.063 ms
DEBUG 04-23 21:58:19.918564.918564 cuda_h.py:27] end **self_attn cost 3.114 ms
DEBUG 04-23 21:58:19.919016.919016 cuda_h.py:27] end *iln_self_attn_paln cost 4.687 ms
DEBUG 04-23 21:58:19.919869.919869 cuda_h.py:27] end gate cost 0.805 ms
DEBUG 04-23 21:58:19.920233.920233 cuda_h.py:27] end experts_map_get cost 0.456 ms
DEBUG 04-23 21:58:19.920566.920566 cuda_h.py:27] end **before experts start cost 1.475 ms
DEBUG 04-23 21:58:19.920225.920225 cuda_h.py:27] end cpu_experts_submit_fused_mp cost 0.049 ms
DEBUG 04-23 21:58:19.922703.922703 sllm_store_c.py:27] get device uuid map
DEBUG 04-23 21:58:19.922515.922515 sllm_store_c.py:29] call client load into gpu
DEBUG 04-23 21:58:19.922579.922579 cuda_h.py:27] end prepare_group_stack cost 0.604 ms
DEBUG 04-23 21:58:19.925865.925865 cuda_h.py:27] end group stack cost 2.117 ms
DEBUG 04-23 21:58:19.925147.925147 cuda_h.py:27] end move_flatidxs_group_fused_mp cost 2.941 ms
DEBUG 04-23 21:58:19.925513.925513 cuda_h.py:27] end get_fused_experts_names_w cost 0.018 ms
DEBUG 04-23 21:58:19.925321.925321 cuda_h.py:27] end restore_fused_tensors cost 0.075 ms
DEBUG 04-23 21:58:19.925188.925188 cuda_h.py:27] end group_fused_tensors_mp cost 0.414 ms
DEBUG 04-23 21:58:19.925566.925566 cuda_h.py:27] end restore2model cost 0.624 ms
DEBUG 04-23 21:58:19.926464.926464 cuda_h.py:27] end sllm_worker_task cost 11.610 ms
DEBUG 04-23 21:58:19.927542.927542 cuda_h.py:27] end load_into_gpu_async_fused_experts_dual cost 4.691 ms
DEBUG 04-23 21:58:19.927801.927801 cuda_h.py:27] end restore_tensors2_fused_experts_packed cost 0.091 ms
DEBUG 04-23 21:58:19.927433.927433 cuda_h.py:27] end restore_tensors2_fused_experts_slices cost 0.257 ms
DEBUG 04-23 21:58:19.927198.927198 cuda_h.py:27] end allocate_experts_cuda_memory_and_restore_model_multi_device_fused cost 6.772 ms
DEBUG 04-23 21:58:19.928441.928441 cuda_h.py:27] end gpu_sexperts cost 0.005 ms
DEBUG 04-23 21:58:19.928622.928622 cuda_h.py:27] end wait_load_qkvogn_s_weight cost 0.022 ms
DEBUG 04-23 21:58:19.945029.945029 cuda_h.py:27] end wait_experts_multi_device cost 7.548 ms
DEBUG 04-23 21:58:19.950693.950693 cuda_h.py:27] end gpu_experts_multi_device_fused cost 5.072 ms
DEBUG 04-23 21:58:19.953205.953205 mlpmodule.py:3370] [fused_group_bmm][steps] bmm1=19.635 ms split=0.093 ms act_mul=0.504 ms bmm2=7.811 ms
DEBUG 04-23 21:58:19.954773.954773 cuda_h.py:27] end fused_group_bmm cost 28.245 ms
DEBUG 04-23 21:58:19.954246.954246 cuda_h.py:27] end gather_outputs_group_fused_mp cost 0.811 ms
DEBUG 04-23 21:58:19.955737.955737 cuda_h.py:27] end cpu_experts_worker_bmm_or_einsum cost 34.179 ms
DEBUG 04-23 21:58:19.956568.956568 cuda_h.py:27] end cpu_thread_manager_mp_wait_fused cost 5.844 ms
DEBUG 04-23 21:58:19.956533.956533 cuda_h.py:27] end layer_moe_generate_mp_multi_device_fused_l_22 cost 37.475 ms
DEBUG 04-23 21:58:19.957219.957219 cuda_h.py:27] end *mlp cost 37.987 ms
DEBUG 04-23 21:58:19.957944.957944 cuda_h.py:27] end prefill_layer cost 42.909 ms
DEBUG 04-23 21:58:19.957380.957380 lmp.py:260] -------------------------------- end prefill layer 21 --------------------------------
DEBUG 04-23 21:58:19.957037.957037 lmp.py:213] -------------------------------- start prefill layer 22 --------------------------------
DEBUG 04-23 21:58:19.957344.957344 cuda_h.py:27] end start_load_qkvogn_s_weight_l_23 cost 0.047 ms
DEBUG 04-23 21:58:19.957729.957729 cuda_h.py:27] end allocate_cuda_memory cost 0.262 ms
DEBUG 04-23 21:58:19.958131.958131 sllm_store_c.py:27] get device uuid map
DEBUG 04-23 21:58:19.958087.958087 sllm_store_c.py:29] call client load into gpu
DEBUG 04-23 21:58:19.959808.959808 cuda_h.py:27] end **self_attn cost 1.371 ms
DEBUG 04-23 21:58:19.960736.960736 cuda_h.py:27] end *iln_self_attn_paln cost 2.665 ms
DEBUG 04-23 21:58:19.960167.960167 cuda_h.py:27] end load_into_gpu_async cost 2.271 ms
DEBUG 04-23 21:58:19.960985.960985 cuda_h.py:27] end restore_tensors2 cost 0.100 ms
DEBUG 04-23 21:58:19.960492.960492 cuda_h.py:27] end allocate_cuda_memory_and_load_into_gpu cost 3.125 ms
DEBUG 04-23 21:58:19.961646.961646 cuda_h.py:27] end gate cost 0.791 ms
DEBUG 04-23 21:58:19.961400.961400 cuda_h.py:27] end experts_map_get cost 0.288 ms
DEBUG 04-23 21:58:19.963528.963528 cuda_h.py:27] end **before experts start cost 3.033 ms
DEBUG 04-23 21:58:19.963087.963087 cuda_h.py:27] end cpu_experts_submit_fused_mp cost 0.032 ms
DEBUG 04-23 21:58:19.965017.965017 sllm_store_c.py:27] get device uuid map
DEBUG 04-23 21:58:19.965337.965337 sllm_store_c.py:29] call client load into gpu
DEBUG 04-23 21:58:19.967278.967278 cuda_h.py:27] end prepare_group_stack cost 0.560 ms
DEBUG 04-23 21:58:19.970324.970324 cuda_h.py:27] end group stack cost 2.469 ms
DEBUG 04-23 21:58:19.970434.970434 cuda_h.py:27] end move_flatidxs_group_fused_mp cost 3.258 ms
DEBUG 04-23 21:58:19.970390.970390 cuda_h.py:27] end get_fused_experts_names_w cost 0.023 ms
DEBUG 04-23 21:58:19.971113.971113 cuda_h.py:27] end restore2model cost 0.559 ms
DEBUG 04-23 21:58:19.971155.971155 cuda_h.py:27] end sllm_worker_task cost 14.223 ms
DEBUG 04-23 21:58:19.972327.972327 cuda_h.py:27] end restore_fused_tensors cost 1.337 ms
DEBUG 04-23 21:58:19.972806.972806 cuda_h.py:27] end group_fused_tensors_mp cost 1.773 ms
DEBUG 04-23 21:58:19.972439.972439 cuda_h.py:27] end load_into_gpu_async_fused_experts_dual cost 7.473 ms
DEBUG 04-23 21:58:19.972117.972117 cuda_h.py:27] end restore_tensors2_fused_experts_packed cost 0.047 ms
DEBUG 04-23 21:58:19.973361.973361 cuda_h.py:27] end restore_tensors2_fused_experts_slices cost 0.143 ms
DEBUG 04-23 21:58:19.973368.973368 cuda_h.py:27] end allocate_experts_cuda_memory_and_restore_model_multi_device_fused cost 9.761 ms
DEBUG 04-23 21:58:19.973138.973138 cuda_h.py:27] end gpu_sexperts cost 0.009 ms
DEBUG 04-23 21:58:19.973914.973914 cuda_h.py:27] end wait_load_qkvogn_s_weight cost 0.013 ms
DEBUG 04-23 21:58:19.991739.991739 cuda_h.py:27] end wait_experts_multi_device cost 7.627 ms
DEBUG 04-23 21:58:19.995155.995155 cuda_h.py:27] end gpu_experts_multi_device_fused cost 3.758 ms
DEBUG 04-23 21:58:20.000490.000490 mlpmodule.py:3370] [fused_group_bmm][steps] bmm1=20.418 ms split=0.041 ms act_mul=0.363 ms bmm2=7.123 ms
DEBUG 04-23 21:58:20.000546.000546 cuda_h.py:27] end fused_group_bmm cost 28.032 ms
DEBUG 04-23 21:58:20.001573.001573 cuda_h.py:27] end gather_outputs_group_fused_mp cost 0.581 ms
DEBUG 04-23 21:58:20.002220.002220 cuda_h.py:27] end cpu_experts_worker_bmm_or_einsum cost 35.640 ms
DEBUG 04-23 21:58:20.003928.003928 cuda_h.py:27] end cpu_thread_manager_mp_wait_fused cost 7.580 ms
DEBUG 04-23 21:58:20.003715.003715 cuda_h.py:27] end layer_moe_generate_mp_multi_device_fused_l_23 cost 42.809 ms
DEBUG 04-23 21:58:20.003406.003406 cuda_h.py:27] end *mlp cost 43.285 ms
DEBUG 04-23 21:58:20.003521.003521 cuda_h.py:27] end prefill_layer cost 46.318 ms
DEBUG 04-23 21:58:20.003608.003608 lmp.py:260] -------------------------------- end prefill layer 22 --------------------------------
DEBUG 04-23 21:58:20.003881.003881 lmp.py:213] -------------------------------- start prefill layer 23 --------------------------------
DEBUG 04-23 21:58:20.004607.004607 cuda_h.py:27] end start_load_qkvogn_s_weight_l_24 cost 0.047 ms
DEBUG 04-23 21:58:20.004221.004221 cuda_h.py:27] end allocate_cuda_memory cost 0.241 ms
DEBUG 04-23 21:58:20.004188.004188 sllm_store_c.py:27] get device uuid map
DEBUG 04-23 21:58:20.004952.004952 sllm_store_c.py:29] call client load into gpu
DEBUG 04-23 21:58:20.006241.006241 cuda_h.py:27] end load_into_gpu_async cost 2.179 ms
DEBUG 04-23 21:58:20.007353.007353 cuda_h.py:27] end restore_tensors2 cost 0.097 ms
DEBUG 04-23 21:58:20.007296.007296 cuda_h.py:27] end **self_attn cost 1.966 ms
DEBUG 04-23 21:58:20.007609.007609 cuda_h.py:27] end allocate_cuda_memory_and_load_into_gpu cost 3.175 ms
DEBUG 04-23 21:58:20.007661.007661 cuda_h.py:27] end *iln_self_attn_paln cost 3.643 ms
DEBUG 04-23 21:58:20.008222.008222 cuda_h.py:27] end gate cost 0.482 ms
DEBUG 04-23 21:58:20.008613.008613 cuda_h.py:27] end experts_map_get cost 0.306 ms
DEBUG 04-23 21:58:20.008264.008264 cuda_h.py:27] end **before experts start cost 0.944 ms
DEBUG 04-23 21:58:20.008054.008054 cuda_h.py:27] end cpu_experts_submit_fused_mp cost 0.028 ms
DEBUG 04-23 21:58:20.011715.011715 sllm_store_c.py:27] get device uuid map
DEBUG 04-23 21:58:20.011500.011500 sllm_store_c.py:29] call client load into gpu
DEBUG 04-23 21:58:20.011084.011084 cuda_h.py:27] end prepare_group_stack cost 0.620 ms
DEBUG 04-23 21:58:20.013579.013579 cuda_h.py:27] end group stack cost 2.000 ms
DEBUG 04-23 21:58:20.014437.014437 cuda_h.py:27] end move_flatidxs_group_fused_mp cost 2.885 ms
DEBUG 04-23 21:58:20.014187.014187 cuda_h.py:27] end get_fused_experts_names_w cost 0.019 ms
DEBUG 04-23 21:58:20.015530.015530 cuda_h.py:27] end restore_fused_tensors cost 1.299 ms
DEBUG 04-23 21:58:20.015904.015904 cuda_h.py:27] end group_fused_tensors_mp cost 1.463 ms
DEBUG 04-23 21:58:20.015340.015340 cuda_h.py:27] end restore2model cost 0.604 ms
DEBUG 04-23 21:58:20.016876.016876 cuda_h.py:27] end load_into_gpu_async_fused_experts_dual cost 5.598 ms
DEBUG 04-23 21:58:20.016157.016157 cuda_h.py:27] end sllm_worker_task cost 12.813 ms
DEBUG 04-23 21:58:20.017387.017387 cuda_h.py:27] end restore_tensors2_fused_experts_packed cost 0.048 ms
DEBUG 04-23 21:58:20.017011.017011 cuda_h.py:27] end restore_tensors2_fused_experts_slices cost 0.172 ms
DEBUG 04-23 21:58:20.017210.017210 cuda_h.py:27] end allocate_experts_cuda_memory_and_restore_model_multi_device_fused cost 8.713 ms
DEBUG 04-23 21:58:20.017410.017410 cuda_h.py:27] end gpu_sexperts cost 0.004 ms
DEBUG 04-23 21:58:20.018569.018569 cuda_h.py:27] end wait_load_qkvogn_s_weight cost 0.021 ms
DEBUG 04-23 21:58:20.037350.037350 cuda_h.py:27] end wait_experts_multi_device cost 13.405 ms
DEBUG 04-23 21:58:20.043042.043042 cuda_h.py:27] end gpu_experts_multi_device_fused cost 6.436 ms
DEBUG 04-23 21:58:20.046519.046519 mlpmodule.py:3370] [fused_group_bmm][steps] bmm1=21.816 ms split=0.045 ms act_mul=0.383 ms bmm2=8.207 ms
DEBUG 04-23 21:58:20.046073.046073 cuda_h.py:27] end fused_group_bmm cost 30.593 ms
DEBUG 04-23 21:58:20.046063.046063 cuda_h.py:27] end gather_outputs_group_fused_mp cost 0.654 ms
DEBUG 04-23 21:58:20.047013.047013 cuda_h.py:27] end cpu_experts_worker_bmm_or_einsum cost 37.249 ms
DEBUG 04-23 21:58:20.048252.048252 cuda_h.py:27] end cpu_thread_manager_mp_wait_fused cost 4.393 ms
DEBUG 04-23 21:58:20.048608.048608 cuda_h.py:27] end layer_moe_generate_mp_multi_device_fused_l_24 cost 41.079 ms
DEBUG 04-23 21:58:20.049425.049425 cuda_h.py:27] end *mlp cost 41.932 ms
DEBUG 04-23 21:58:20.049341.049341 cuda_h.py:27] end prefill_layer cost 45.984 ms
DEBUG 04-23 21:58:20.049051.049051 lmp.py:260] -------------------------------- end prefill layer 23 --------------------------------
DEBUG 04-23 21:58:20.049992.049992 lmp.py:213] -------------------------------- start prefill layer 24 --------------------------------
DEBUG 04-23 21:58:20.049677.049677 cuda_h.py:27] end start_load_qkvogn_s_weight_l_25 cost 0.045 ms
DEBUG 04-23 21:58:20.050225.050225 cuda_h.py:27] end allocate_cuda_memory cost 0.226 ms
DEBUG 04-23 21:58:20.050747.050747 sllm_store_c.py:27] get device uuid map
DEBUG 04-23 21:58:20.050017.050017 sllm_store_c.py:29] call client load into gpu
DEBUG 04-23 21:58:20.052572.052572 cuda_h.py:27] end **self_attn cost 1.668 ms
DEBUG 04-23 21:58:20.052952.052952 cuda_h.py:27] end *iln_self_attn_paln cost 2.716 ms
DEBUG 04-23 21:58:20.052423.052423 cuda_h.py:27] end load_into_gpu_async cost 2.391 ms
DEBUG 04-23 21:58:20.053817.053817 cuda_h.py:27] end restore_tensors2 cost 0.097 ms
DEBUG 04-23 21:58:20.053443.053443 cuda_h.py:27] end allocate_cuda_memory_and_load_into_gpu cost 3.249 ms
DEBUG 04-23 21:58:20.053631.053631 cuda_h.py:27] end gate cost 0.799 ms
DEBUG 04-23 21:58:20.054929.054929 cuda_h.py:27] end experts_map_get cost 0.299 ms
DEBUG 04-23 21:58:20.054911.054911 cuda_h.py:27] end **before experts start cost 1.263 ms
DEBUG 04-23 21:58:20.054370.054370 cuda_h.py:27] end cpu_experts_submit_fused_mp cost 0.028 ms
DEBUG 04-23 21:58:20.056093.056093 sllm_store_c.py:27] get device uuid map
DEBUG 04-23 21:58:20.056202.056202 sllm_store_c.py:29] call client load into gpu
DEBUG 04-23 21:58:20.058853.058853 cuda_h.py:27] end prepare_group_stack cost 0.474 ms
DEBUG 04-23 21:58:20.061945.061945 cuda_h.py:27] end group stack cost 2.651 ms
DEBUG 04-23 21:58:20.061485.061485 cuda_h.py:27] end move_flatidxs_group_fused_mp cost 3.345 ms
DEBUG 04-23 21:58:20.061604.061604 cuda_h.py:27] end restore2model cost 0.591 ms
DEBUG 04-23 21:58:20.061899.061899 cuda_h.py:27] end sllm_worker_task cost 11.735 ms
DEBUG 04-23 21:58:20.061443.061443 cuda_h.py:27] end get_fused_experts_names_w cost 0.023 ms
DEBUG 04-23 21:58:20.062993.062993 cuda_h.py:27] end load_into_gpu_async_fused_experts_dual cost 6.491 ms
DEBUG 04-23 21:58:20.062295.062295 cuda_h.py:27] end restore_tensors2_fused_experts_packed cost 0.045 ms
DEBUG 04-23 21:58:20.063653.063653 cuda_h.py:27] end restore_tensors2_fused_experts_slices cost 0.160 ms
DEBUG 04-23 21:58:20.063165.063165 cuda_h.py:27] end allocate_experts_cuda_memory_and_restore_model_multi_device_fused cost 8.874 ms
DEBUG 04-23 21:58:20.063728.063728 cuda_h.py:27] end gpu_sexperts cost 0.003 ms
DEBUG 04-23 21:58:20.063068.063068 cuda_h.py:27] end wait_load_qkvogn_s_weight cost 0.012 ms
DEBUG 04-23 21:58:20.063729.063729 cuda_h.py:27] end restore_fused_tensors cost 1.554 ms
DEBUG 04-23 21:58:20.063011.063011 cuda_h.py:27] end group_fused_tensors_mp cost 1.955 ms
DEBUG 04-23 21:58:20.086980.086980 cuda_h.py:27] end wait_experts_multi_device cost 18.985 ms
DEBUG 04-23 21:58:20.091935.091935 cuda_h.py:27] end gpu_experts_multi_device_fused cost 4.998 ms
DEBUG 04-23 21:58:20.098719.098719 mlpmodule.py:3370] [fused_group_bmm][steps] bmm1=24.507 ms split=0.048 ms act_mul=0.909 ms bmm2=9.196 ms
DEBUG 04-23 21:58:20.098716.098716 cuda_h.py:27] end fused_group_bmm cost 34.777 ms
DEBUG 04-23 21:58:20.099594.099594 cuda_h.py:27] end gather_outputs_group_fused_mp cost 0.679 ms
DEBUG 04-23 21:58:20.099650.099650 cuda_h.py:27] end cpu_experts_worker_bmm_or_einsum cost 42.798 ms
DEBUG 04-23 21:58:20.101763.101763 cuda_h.py:27] end cpu_thread_manager_mp_wait_fused cost 9.407 ms
DEBUG 04-23 21:58:20.101678.101678 cuda_h.py:27] end layer_moe_generate_mp_multi_device_fused_l_25 cost 48.694 ms
DEBUG 04-23 21:58:20.102985.102985 cuda_h.py:27] end *mlp cost 49.552 ms
DEBUG 04-23 21:58:20.102228.102228 cuda_h.py:27] end prefill_layer cost 52.730 ms
DEBUG 04-23 21:58:20.102263.102263 lmp.py:260] -------------------------------- end prefill layer 24 --------------------------------
DEBUG 04-23 21:58:20.102861.102861 lmp.py:213] -------------------------------- start prefill layer 25 --------------------------------
DEBUG 04-23 21:58:20.102176.102176 cuda_h.py:27] end start_load_qkvogn_s_weight_l_26 cost 0.067 ms
DEBUG 04-23 21:58:20.103811.103811 cuda_h.py:27] end allocate_cuda_memory cost 0.224 ms
DEBUG 04-23 21:58:20.103454.103454 sllm_store_c.py:27] get device uuid map
DEBUG 04-23 21:58:20.103940.103940 sllm_store_c.py:29] call client load into gpu
DEBUG 04-23 21:58:20.105837.105837 cuda_h.py:27] end load_into_gpu_async cost 2.352 ms
DEBUG 04-23 21:58:20.106254.106254 cuda_h.py:27] end restore_tensors2 cost 0.102 ms
DEBUG 04-23 21:58:20.106454.106454 cuda_h.py:27] end allocate_cuda_memory_and_load_into_gpu cost 3.074 ms
DEBUG 04-23 21:58:20.107075.107075 cuda_h.py:27] end **self_attn cost 2.871 ms
DEBUG 04-23 21:58:20.109850.109850 cuda_h.py:27] end *iln_self_attn_paln cost 6.163 ms
DEBUG 04-23 21:58:20.110247.110247 cuda_h.py:27] end gate cost 0.865 ms
DEBUG 04-23 21:58:20.110110.110110 cuda_h.py:27] end experts_map_get cost 0.480 ms
DEBUG 04-23 21:58:20.110006.110006 cuda_h.py:27] end **before experts start cost 1.585 ms
DEBUG 04-23 21:58:20.110717.110717 cuda_h.py:27] end cpu_experts_submit_fused_mp cost 0.032 ms
DEBUG 04-23 21:58:20.113401.113401 sllm_store_c.py:27] get device uuid map
DEBUG 04-23 21:58:20.113039.113039 sllm_store_c.py:29] call client load into gpu
DEBUG 04-23 21:58:20.113197.113197 cuda_h.py:27] end prepare_group_stack cost 0.557 ms
DEBUG 04-23 21:58:20.114761.114761 cuda_h.py:27] end restore2model cost 0.598 ms
DEBUG 04-23 21:58:20.114532.114532 cuda_h.py:27] end sllm_worker_task cost 11.950 ms
DEBUG 04-23 21:58:20.115544.115544 cuda_h.py:27] end load_into_gpu_async_fused_experts_dual cost 2.704 ms
DEBUG 04-23 21:58:20.116642.116642 cuda_h.py:27] end restore_tensors2_fused_experts_packed cost 0.056 ms
DEBUG 04-23 21:58:20.116139.116139 cuda_h.py:27] end group stack cost 2.148 ms
DEBUG 04-23 21:58:20.116534.116534 cuda_h.py:27] end move_flatidxs_group_fused_mp cost 2.931 ms
DEBUG 04-23 21:58:20.116127.116127 cuda_h.py:27] end get_fused_experts_names_w cost 0.020 ms
DEBUG 04-23 21:58:20.116511.116511 cuda_h.py:27] end restore_tensors2_fused_experts_slices cost 0.208 ms
DEBUG 04-23 21:58:20.116606.116606 cuda_h.py:27] end allocate_experts_cuda_memory_and_restore_model_multi_device_fused cost 5.336 ms
DEBUG 04-23 21:58:20.116584.116584 cuda_h.py:27] end gpu_sexperts cost 0.003 ms
DEBUG 04-23 21:58:20.116321.116321 cuda_h.py:27] end wait_load_qkvogn_s_weight cost 0.015 ms
DEBUG 04-23 21:58:20.117710.117710 cuda_h.py:27] end restore_fused_tensors cost 1.163 ms
DEBUG 04-23 21:58:20.117567.117567 cuda_h.py:27] end group_fused_tensors_mp cost 1.296 ms
DEBUG 04-23 21:58:20.140955.140955 cuda_h.py:27] end wait_experts_multi_device cost 19.347 ms
DEBUG 04-23 21:58:20.146619.146619 cuda_h.py:27] end gpu_experts_multi_device_fused cost 5.969 ms
DEBUG 04-23 21:58:20.151083.151083 mlpmodule.py:3370] [fused_group_bmm][steps] bmm1=23.503 ms split=0.046 ms act_mul=1.358 ms bmm2=8.394 ms
DEBUG 04-23 21:58:20.151253.151253 cuda_h.py:27] end fused_group_bmm cost 33.444 ms
DEBUG 04-23 21:58:20.152944.152944 cuda_h.py:27] end gather_outputs_group_fused_mp cost 1.204 ms
DEBUG 04-23 21:58:20.152818.152818 cuda_h.py:27] end cpu_experts_worker_bmm_or_einsum cost 40.516 ms
DEBUG 04-23 21:58:20.154104.154104 cuda_h.py:27] end cpu_thread_manager_mp_wait_fused cost 7.240 ms
DEBUG 04-23 21:58:20.154872.154872 cuda_h.py:27] end layer_moe_generate_mp_multi_device_fused_l_26 cost 45.060 ms
DEBUG 04-23 21:58:20.154772.154772 cuda_h.py:27] end *mlp cost 45.621 ms
DEBUG 04-23 21:58:20.154232.154232 cuda_h.py:27] end prefill_layer cost 52.207 ms
DEBUG 04-23 21:58:20.154941.154941 lmp.py:260] -------------------------------- end prefill layer 25 --------------------------------
DEBUG 04-23 21:58:20.154075.154075 lmp.py:213] -------------------------------- start prefill layer 26 --------------------------------
DEBUG 04-23 21:58:20.155634.155634 cuda_h.py:27] end start_load_qkvogn_s_weight_l_27 cost 0.052 ms
DEBUG 04-23 21:58:20.155103.155103 cuda_h.py:27] end allocate_cuda_memory cost 0.239 ms
DEBUG 04-23 21:58:20.155798.155798 sllm_store_c.py:27] get device uuid map
DEBUG 04-23 21:58:20.155390.155390 sllm_store_c.py:29] call client load into gpu
DEBUG 04-23 21:58:20.157374.157374 cuda_h.py:27] end **self_attn cost 1.445 ms
DEBUG 04-23 21:58:20.157196.157196 cuda_h.py:27] end load_into_gpu_async cost 2.186 ms
DEBUG 04-23 21:58:20.158582.158582 cuda_h.py:27] end restore_tensors2 cost 0.097 ms
DEBUG 04-23 21:58:20.158385.158385 cuda_h.py:27] end *iln_self_attn_paln cost 3.109 ms
DEBUG 04-23 21:58:20.158132.158132 cuda_h.py:27] end allocate_cuda_memory_and_load_into_gpu cost 3.152 ms
DEBUG 04-23 21:58:20.158832.158832 cuda_h.py:27] end gate cost 0.642 ms
DEBUG 04-23 21:58:20.159159.159159 cuda_h.py:27] end experts_map_get cost 0.348 ms
DEBUG 04-23 21:58:20.159048.159048 cuda_h.py:27] end **before experts start cost 1.164 ms
DEBUG 04-23 21:58:20.159798.159798 cuda_h.py:27] end cpu_experts_submit_fused_mp cost 0.031 ms
DEBUG 04-23 21:58:20.162769.162769 sllm_store_c.py:27] get device uuid map
DEBUG 04-23 21:58:20.162990.162990 sllm_store_c.py:29] call client load into gpu
DEBUG 04-23 21:58:20.162291.162291 cuda_h.py:27] end prepare_group_stack cost 0.489 ms
DEBUG 04-23 21:58:20.164135.164135 cuda_h.py:27] end group stack cost 2.200 ms
DEBUG 04-23 21:58:20.164363.164363 cuda_h.py:27] end move_flatidxs_group_fused_mp cost 2.880 ms
DEBUG 04-23 21:58:20.165253.165253 cuda_h.py:27] end get_fused_experts_names_w cost 0.019 ms
DEBUG 04-23 21:58:20.166971.166971 cuda_h.py:27] end restore_fused_tensors cost 1.227 ms
DEBUG 04-23 21:58:20.166827.166827 cuda_h.py:27] end group_fused_tensors_mp cost 1.358 ms
DEBUG 04-23 21:58:20.166300.166300 cuda_h.py:27] end restore2model cost 0.581 ms
DEBUG 04-23 21:58:20.166250.166250 cuda_h.py:27] end sllm_worker_task cost 11.603 ms
DEBUG 04-23 21:58:20.167320.167320 cuda_h.py:27] end load_into_gpu_async_fused_experts_dual cost 5.773 ms
DEBUG 04-23 21:58:20.168189.168189 cuda_h.py:27] end restore_tensors2_fused_experts_packed cost 0.111 ms
DEBUG 04-23 21:58:20.168365.168365 cuda_h.py:27] end restore_tensors2_fused_experts_slices cost 0.433 ms
DEBUG 04-23 21:58:20.168618.168618 cuda_h.py:27] end allocate_experts_cuda_memory_and_restore_model_multi_device_fused cost 9.163 ms
DEBUG 04-23 21:58:20.170108.170108 cuda_h.py:27] end gpu_sexperts cost 0.019 ms
DEBUG 04-23 21:58:20.171860.171860 cuda_h.py:27] end wait_load_qkvogn_s_weight cost 0.046 ms
DEBUG 04-23 21:58:20.190762.190762 cuda_h.py:27] end wait_experts_multi_device cost 4.346 ms
DEBUG 04-23 21:58:20.198366.198366 cuda_h.py:27] end gpu_experts_multi_device_fused cost 8.149 ms
DEBUG 04-23 21:58:20.199152.199152 mlpmodule.py:3370] [fused_group_bmm][steps] bmm1=22.952 ms split=0.059 ms act_mul=1.048 ms bmm2=8.854 ms
DEBUG 04-23 21:58:20.199116.199116 cuda_h.py:27] end fused_group_bmm cost 33.042 ms
DEBUG 04-23 21:58:20.200425.200425 cuda_h.py:27] end gather_outputs_group_fused_mp cost 0.682 ms
DEBUG 04-23 21:58:20.200116.200116 cuda_h.py:27] end cpu_experts_worker_bmm_or_einsum cost 39.563 ms
DEBUG 04-23 21:58:20.201504.201504 cuda_h.py:27] end cpu_thread_manager_mp_wait_fused cost 2.929 ms
DEBUG 04-23 21:58:20.201236.201236 cuda_h.py:27] end layer_moe_generate_mp_multi_device_fused_l_27 cost 43.366 ms
DEBUG 04-23 21:58:20.202975.202975 cuda_h.py:27] end *mlp cost 43.876 ms
DEBUG 04-23 21:58:20.202998.202998 cuda_h.py:27] end prefill_layer cost 47.344 ms
DEBUG 04-23 21:58:20.202707.202707 lmp.py:260] -------------------------------- end prefill layer 26 --------------------------------
DEBUG 04-23 21:58:20.202602.202602 lmp.py:213] -------------------------------- start prefill layer 27 --------------------------------
DEBUG 04-23 21:58:20.202586.202586 cuda_h.py:27] end start_load_qkvogn_s_weight_l_28 cost 0.051 ms
DEBUG 04-23 21:58:20.202577.202577 cuda_h.py:27] end allocate_cuda_memory cost 0.231 ms
DEBUG 04-23 21:58:20.203602.203602 sllm_store_c.py:27] get device uuid map
DEBUG 04-23 21:58:20.203935.203935 sllm_store_c.py:29] call client load into gpu
DEBUG 04-23 21:58:20.204448.204448 cuda_h.py:27] end **self_attn cost 1.411 ms
DEBUG 04-23 21:58:20.205179.205179 cuda_h.py:27] end *iln_self_attn_paln cost 2.748 ms
DEBUG 04-23 21:58:20.205740.205740 cuda_h.py:27] end load_into_gpu_async cost 2.135 ms
DEBUG 04-23 21:58:20.205949.205949 cuda_h.py:27] end restore_tensors2 cost 0.098 ms
DEBUG 04-23 21:58:20.205168.205168 cuda_h.py:27] end allocate_cuda_memory_and_load_into_gpu cost 3.288 ms
DEBUG 04-23 21:58:20.206951.206951 cuda_h.py:27] end gate cost 0.807 ms
DEBUG 04-23 21:58:20.208179.208179 cuda_h.py:27] end experts_map_get cost 0.337 ms
DEBUG 04-23 21:58:20.208307.208307 cuda_h.py:27] end **before experts start cost 3.153 ms
DEBUG 04-23 21:58:20.208865.208865 cuda_h.py:27] end cpu_experts_submit_fused_mp cost 0.030 ms
DEBUG 04-23 21:58:20.211800.211800 cuda_h.py:27] end prepare_group_stack cost 0.536 ms
DEBUG 04-23 21:58:20.211822.211822 sllm_store_c.py:27] get device uuid map
DEBUG 04-23 21:58:20.212552.212552 sllm_store_c.py:29] call client load into gpu
DEBUG 04-23 21:58:20.213352.213352 cuda_h.py:27] end group stack cost 2.747 ms
DEBUG 04-23 21:58:20.213508.213508 cuda_h.py:27] end move_flatidxs_group_fused_mp cost 3.497 ms
DEBUG 04-23 21:58:20.214842.214842 cuda_h.py:27] end get_fused_experts_names_w cost 0.022 ms
DEBUG 04-23 21:58:20.214927.214927 cuda_h.py:27] end restore2model cost 0.623 ms
DEBUG 04-23 21:58:20.214203.214203 cuda_h.py:27] end sllm_worker_task cost 11.849 ms
DEBUG 04-23 21:58:20.215937.215937 cuda_h.py:27] end load_into_gpu_async_fused_experts_dual cost 3.426 ms
DEBUG 04-23 21:58:20.215542.215542 cuda_h.py:27] end restore_fused_tensors cost 1.491 ms
DEBUG 04-23 21:58:20.215247.215247 cuda_h.py:27] end group_fused_tensors_mp cost 1.657 ms
DEBUG 04-23 21:58:20.215346.215346 cuda_h.py:27] end restore_tensors2_fused_experts_packed cost 0.145 ms
DEBUG 04-23 21:58:20.216875.216875 cuda_h.py:27] end restore_tensors2_fused_experts_slices cost 0.305 ms
DEBUG 04-23 21:58:20.216276.216276 cuda_h.py:27] end allocate_experts_cuda_memory_and_restore_model_multi_device_fused cost 7.488 ms
DEBUG 04-23 21:58:20.216524.216524 cuda_h.py:27] end gpu_sexperts cost 0.008 ms
DEBUG 04-23 21:58:20.216480.216480 cuda_h.py:27] end wait_load_qkvogn_s_weight cost 0.026 ms
DEBUG 04-23 21:58:20.238234.238234 cuda_h.py:27] end wait_experts_multi_device cost 13.406 ms
DEBUG 04-23 21:58:20.243281.243281 cuda_h.py:27] end gpu_experts_multi_device_fused cost 5.649 ms
DEBUG 04-23 21:58:20.249290.249290 mlpmodule.py:3370] [fused_group_bmm][steps] bmm1=23.933 ms split=0.042 ms act_mul=0.953 ms bmm2=8.644 ms
DEBUG 04-23 21:58:20.249644.249644 cuda_h.py:27] end fused_group_bmm cost 33.668 ms
DEBUG 04-23 21:58:20.250646.250646 cuda_h.py:27] end gather_outputs_group_fused_mp cost 0.616 ms
DEBUG 04-23 21:58:20.250967.250967 cuda_h.py:27] end cpu_experts_worker_bmm_or_einsum cost 41.120 ms
DEBUG 04-23 21:58:20.251619.251619 cuda_h.py:27] end cpu_thread_manager_mp_wait_fused cost 8.008 ms
DEBUG 04-23 21:58:20.252544.252544 cuda_h.py:27] end layer_moe_generate_mp_multi_device_fused_l_28 cost 46.620 ms
DEBUG 04-23 21:58:20.252910.252910 cuda_h.py:27] end *mlp cost 47.276 ms
DEBUG 04-23 21:58:20.252516.252516 cuda_h.py:27] end prefill_layer cost 50.426 ms
DEBUG 04-23 21:58:20.252510.252510 lmp.py:260] -------------------------------- end prefill layer 27 --------------------------------
DEBUG 04-23 21:58:20.252544.252544 lmp.py:213] -------------------------------- start prefill layer 28 --------------------------------
DEBUG 04-23 21:58:20.252866.252866 cuda_h.py:27] end start_load_qkvogn_s_weight_l_29 cost 0.057 ms
DEBUG 04-23 21:58:20.253861.253861 cuda_h.py:27] end allocate_cuda_memory cost 0.291 ms
DEBUG 04-23 21:58:20.253255.253255 sllm_store_c.py:27] get device uuid map
DEBUG 04-23 21:58:20.253634.253634 sllm_store_c.py:29] call client load into gpu
DEBUG 04-23 21:58:20.256978.256978 cuda_h.py:27] end load_into_gpu_async cost 2.425 ms
DEBUG 04-23 21:58:20.256107.256107 cuda_h.py:27] end **self_attn cost 1.929 ms
DEBUG 04-23 21:58:20.256107.256107 cuda_h.py:27] end restore_tensors2 cost 0.105 ms
DEBUG 04-23 21:58:20.256564.256564 cuda_h.py:27] end allocate_cuda_memory_and_load_into_gpu cost 3.567 ms
DEBUG 04-23 21:58:20.256543.256543 cuda_h.py:27] end *iln_self_attn_paln cost 4.068 ms
DEBUG 04-23 21:58:20.257176.257176 cuda_h.py:27] end gate cost 0.734 ms
DEBUG 04-23 21:58:20.258174.258174 cuda_h.py:27] end experts_map_get cost 0.404 ms
DEBUG 04-23 21:58:20.258269.258269 cuda_h.py:27] end **before experts start cost 1.344 ms
DEBUG 04-23 21:58:20.258040.258040 cuda_h.py:27] end cpu_experts_submit_fused_mp cost 0.041 ms
DEBUG 04-23 21:58:20.261679.261679 cuda_h.py:27] end prepare_group_stack cost 0.563 ms
DEBUG 04-23 21:58:20.264529.264529 cuda_h.py:27] end group stack cost 2.960 ms
DEBUG 04-23 21:58:20.264236.264236 sllm_store_c.py:27] get device uuid map
DEBUG 04-23 21:58:20.264162.264162 cuda_h.py:27] end move_flatidxs_group_fused_mp cost 3.745 ms
DEBUG 04-23 21:58:20.264502.264502 cuda_h.py:27] end get_fused_experts_names_w cost 0.021 ms
DEBUG 04-23 21:58:20.264449.264449 sllm_store_c.py:29] call client load into gpu
DEBUG 04-23 21:58:20.266082.266082 cuda_h.py:27] end restore_fused_tensors cost 1.515 ms
DEBUG 04-23 21:58:20.266363.266363 cuda_h.py:27] end group_fused_tensors_mp cost 1.993 ms
DEBUG 04-23 21:58:20.268416.268416 cuda_h.py:27] end restore2model cost 1.256 ms
DEBUG 04-23 21:58:20.268956.268956 cuda_h.py:27] end sllm_worker_task cost 15.472 ms
DEBUG 04-23 21:58:20.268743.268743 cuda_h.py:27] end load_into_gpu_async_fused_experts_dual cost 4.687 ms
DEBUG 04-23 21:58:20.269052.269052 cuda_h.py:27] end restore_tensors2_fused_experts_packed cost 0.081 ms
DEBUG 04-23 21:58:20.269887.269887 cuda_h.py:27] end restore_tensors2_fused_experts_slices cost 0.221 ms
DEBUG 04-23 21:58:20.269201.269201 cuda_h.py:27] end allocate_experts_cuda_memory_and_restore_model_multi_device_fused cost 9.074 ms
DEBUG 04-23 21:58:20.269441.269441 cuda_h.py:27] end gpu_sexperts cost 0.006 ms
DEBUG 04-23 21:58:20.269005.269005 cuda_h.py:27] end wait_load_qkvogn_s_weight cost 0.021 ms
DEBUG 04-23 21:58:20.288436.288436 cuda_h.py:27] end wait_experts_multi_device cost 14.616 ms
DEBUG 04-23 21:58:20.295995.295995 cuda_h.py:27] end gpu_experts_multi_device_fused cost 7.029 ms
DEBUG 04-23 21:58:20.297055.297055 mlpmodule.py:3370] [fused_group_bmm][steps] bmm1=21.221 ms split=0.096 ms act_mul=1.032 ms bmm2=8.450 ms
DEBUG 04-23 21:58:20.297095.297095 cuda_h.py:27] end fused_group_bmm cost 31.036 ms
DEBUG 04-23 21:58:20.298955.298955 cuda_h.py:27] end gather_outputs_group_fused_mp cost 1.117 ms
DEBUG 04-23 21:58:20.299292.299292 cuda_h.py:27] end cpu_experts_worker_bmm_or_einsum cost 39.732 ms
DEBUG 04-23 21:58:20.300335.300335 cuda_h.py:27] end cpu_thread_manager_mp_wait_fused cost 4.680 ms
DEBUG 04-23 21:58:20.300658.300658 cuda_h.py:27] end layer_moe_generate_mp_multi_device_fused_l_29 cost 43.798 ms
DEBUG 04-23 21:58:20.301843.301843 cuda_h.py:27] end *mlp cost 44.779 ms
DEBUG 04-23 21:58:20.301224.301224 cuda_h.py:27] end prefill_layer cost 49.164 ms
DEBUG 04-23 21:58:20.302894.302894 lmp.py:260] -------------------------------- end prefill layer 28 --------------------------------
DEBUG 04-23 21:58:20.302604.302604 lmp.py:213] -------------------------------- start prefill layer 29 --------------------------------
DEBUG 04-23 21:58:20.305447.305447 cuda_h.py:27] end **self_attn cost 2.543 ms
DEBUG 04-23 21:58:20.305795.305795 cuda_h.py:27] end *iln_self_attn_paln cost 3.215 ms
DEBUG 04-23 21:58:20.306813.306813 cuda_h.py:27] end gate cost 0.688 ms
DEBUG 04-23 21:58:20.307120.307120 cuda_h.py:27] end experts_map_get cost 0.363 ms
DEBUG 04-23 21:58:20.307599.307599 cuda_h.py:27] end **before experts start cost 1.247 ms
DEBUG 04-23 21:58:20.307264.307264 cuda_h.py:27] end cpu_experts_submit_fused_mp cost 0.040 ms
DEBUG 04-23 21:58:20.309587.309587 sllm_store_c.py:27] get device uuid map
DEBUG 04-23 21:58:20.309054.309054 sllm_store_c.py:29] call client load into gpu
DEBUG 04-23 21:58:20.309455.309455 cuda_h.py:27] end prepare_group_stack cost 0.634 ms
DEBUG 04-23 21:58:20.312794.312794 cuda_h.py:27] end load_into_gpu_async_fused_experts_dual cost 2.828 ms
DEBUG 04-23 21:58:20.312732.312732 cuda_h.py:27] end restore_tensors2_fused_experts_packed cost 0.065 ms
DEBUG 04-23 21:58:20.312135.312135 cuda_h.py:27] end restore_tensors2_fused_experts_slices cost 0.173 ms
DEBUG 04-23 21:58:20.312707.312707 cuda_h.py:27] end allocate_experts_cuda_memory_and_restore_model_multi_device_fused cost 5.195 ms
DEBUG 04-23 21:58:20.312894.312894 cuda_h.py:27] end gpu_sexperts cost 0.004 ms
DEBUG 04-23 21:58:20.313047.313047 cuda_h.py:27] end group stack cost 2.689 ms
DEBUG 04-23 21:58:20.313198.313198 cuda_h.py:27] end move_flatidxs_group_fused_mp cost 4.870 ms
DEBUG 04-23 21:58:20.314508.314508 cuda_h.py:27] end get_fused_experts_names_w cost 0.023 ms
DEBUG 04-23 21:58:20.315899.315899 cuda_h.py:27] end restore_fused_tensors cost 1.541 ms
DEBUG 04-23 21:58:20.315267.315267 cuda_h.py:27] end group_fused_tensors_mp cost 1.710 ms
DEBUG 04-23 21:58:20.350381.350381 mlpmodule.py:3370] [fused_group_bmm][steps] bmm1=24.077 ms split=0.086 ms act_mul=0.820 ms bmm2=8.932 ms
DEBUG 04-23 21:58:20.350672.350672 cuda_h.py:27] end fused_group_bmm cost 34.122 ms
DEBUG 04-23 21:58:20.350148.350148 cuda_h.py:27] end gather_outputs_group_fused_mp cost 0.731 ms
DEBUG 04-23 21:58:20.351212.351212 cuda_h.py:27] end cpu_experts_worker_bmm_or_einsum cost 43.245 ms
DEBUG 04-23 21:58:20.507688.507688 cuda_h.py:27] end wait_experts_multi_device cost 191.246 ms
DEBUG 04-23 21:58:20.519100.519100 cuda_h.py:27] end gpu_experts_multi_device_fused cost 11.262 ms
DEBUG 04-23 21:58:20.520024.520024 cuda_h.py:27] end cpu_thread_manager_mp_wait_fused cost 1.380 ms
DEBUG 04-23 21:58:20.521052.521052 cuda_h.py:27] end layer_moe_generate_mp_multi_device_fused_l_30 cost 215.514 ms
DEBUG 04-23 21:58:20.522551.522551 cuda_h.py:27] end *mlp cost 216.167 ms
DEBUG 04-23 21:58:20.522468.522468 cuda_h.py:27] end prefill_layer cost 220.053 ms
DEBUG 04-23 21:58:20.522476.522476 lmp.py:260] -------------------------------- end prefill layer 29 --------------------------------
DEBUG 04-23 21:58:20.522809.522809 cuda_h.py:27] end prefill cost 2032.606 ms
INFO 04-23 21:58:20.522119.522119 lmp.py:262] prefill time: 2.032752752304077 seconds
