here pin
INFO 04-24 07:38:08.620940.620940 pinpool.py:28] Initializing PinnedMemoryPool with 2GB total, allocating in 1024MB chunks...
INFO 04-24 07:38:09.383701.383701 pinpool.py:40] Allocated chunk 1: 536870912 elements (1024.0 MB)
INFO 04-24 07:38:09.818512.818512 pinpool.py:40] Allocated chunk 2: 536870912 elements (1024.0 MB)
INFO 04-24 07:38:09.818498.818498 pinpool.py:52] Successfully allocated 2 chunks, total 1073741824 elements (2048.0 MB) in 1.198s
Warming up 4 GPU(s)...
GPU 0 warmed up
GPU 1 warmed up
GPU 2 warmed up
GPU 3 warmed up
GPU warmup completed
Warming up 4 GPU(s)...
GPU 0 warmed up
GPU 1 warmed up
GPU 2 warmed up
GPU 3 warmed up
GPU warmup completed
Warming up 4 GPU(s)...
GPU 0 warmed up
GPU 1 warmed up
GPU 2 warmed up
GPU 3 warmed up
GPU warmup completed
DEBUG 04-24 07:38:16.684727.684727 cuda_memory_view.py:1180] 
DEBUG 04-24 07:38:16.684727.684727 cuda_memory_view.py:1180] restore_tensors_from_shared_memory_names time: 0.0027217864990234375
DEBUG 04-24 07:38:16.689976.689976 mlpmodule.py:929] restore_hm_state_dict2model loaded 150 expert tensors for Gemma4 model
DEBUG 04-24 07:38:16.690182.690182 cuda_h.py:27] end init_cmv_hmv cost 642.331 ms
here pin
INFO 04-24 07:38:18.162607.162607 pinpool.py:28] Initializing PinnedMemoryPool with 2GB total, allocating in 1024MB chunks...
here pin
INFO 04-24 07:38:18.193966.193966 pinpool.py:28] Initializing PinnedMemoryPool with 2GB total, allocating in 1024MB chunks...
here pin
INFO 04-24 07:38:18.210780.210780 pinpool.py:28] Initializing PinnedMemoryPool with 2GB total, allocating in 1024MB chunks...
INFO 04-24 07:38:18.722166.722166 pinpool.py:40] Allocated chunk 1: 536870912 elements (1024.0 MB)
INFO 04-24 07:38:18.821169.821169 pinpool.py:40] Allocated chunk 1: 536870912 elements (1024.0 MB)
INFO 04-24 07:38:18.821917.821917 pinpool.py:40] Allocated chunk 1: 536870912 elements (1024.0 MB)
INFO 04-24 07:38:19.148668.148668 pinpool.py:40] Allocated chunk 2: 536870912 elements (1024.0 MB)
INFO 04-24 07:38:19.148291.148291 pinpool.py:52] Successfully allocated 2 chunks, total 1073741824 elements (2048.0 MB) in 0.986s
INFO 04-24 07:38:19.407022.407022 pinpool.py:40] Allocated chunk 2: 536870912 elements (1024.0 MB)
INFO 04-24 07:38:19.407234.407234 pinpool.py:52] Successfully allocated 2 chunks, total 1073741824 elements (2048.0 MB) in 1.198s
INFO 04-24 07:38:19.407499.407499 pinpool.py:40] Allocated chunk 2: 536870912 elements (1024.0 MB)
INFO 04-24 07:38:19.408192.408192 pinpool.py:52] Successfully allocated 2 chunks, total 1073741824 elements (2048.0 MB) in 1.214s
[cpu_experts_worker pid=380879] entered (model_path='gemma4-26B-A4B' type='Gemma4')
DEBUG 04-24 07:38:23.934831.934831 cpu_thread_manager_mp.py:139] 初始化
DEBUG 04-24 07:38:23.971861.971861 cpu_thread_manager_mp.py:145] CPU experts MP worker: torch.set_num_threads(32) (LMP_MP_CPU_INTRAOP_THREADS / OMP_NUM_THREADS / default cap 32)
[cpu_experts_worker pid=380879] torch.set_num_threads(32) done
[cpu_experts_worker pid=380879] importing MLPModuleWrapper / HostMemoryView ...
[cpu_experts_worker pid=380879] imports done
[cpu_experts_worker pid=380879] MLPModuleWrapper(...) ...
[cpu_experts_worker pid=380879] init_chmv_meta_model(...) ...
[cpu_experts_worker pid=380878] entered (model_path='gemma4-26B-A4B' type='Gemma4')
DEBUG 04-24 07:38:24.306124.306124 cpu_thread_manager_mp.py:139] 初始化
[cpu_experts_worker pid=380877] entered (model_path='gemma4-26B-A4B' type='Gemma4')
DEBUG 04-24 07:38:24.317931.317931 cpu_thread_manager_mp.py:139] 初始化
DEBUG 04-24 07:38:24.342467.342467 cpu_thread_manager_mp.py:145] CPU experts MP worker: torch.set_num_threads(32) (LMP_MP_CPU_INTRAOP_THREADS / OMP_NUM_THREADS / default cap 32)
[cpu_experts_worker pid=380878] torch.set_num_threads(32) done
[cpu_experts_worker pid=380878] importing MLPModuleWrapper / HostMemoryView ...
[cpu_experts_worker pid=380878] imports done
[cpu_experts_worker pid=380878] MLPModuleWrapper(...) ...
[cpu_experts_worker pid=380878] init_chmv_meta_model(...) ...
DEBUG 04-24 07:38:24.362657.362657 cpu_thread_manager_mp.py:145] CPU experts MP worker: torch.set_num_threads(32) (LMP_MP_CPU_INTRAOP_THREADS / OMP_NUM_THREADS / default cap 32)
[cpu_experts_worker pid=380877] torch.set_num_threads(32) done
[cpu_experts_worker pid=380877] importing MLPModuleWrapper / HostMemoryView ...
[cpu_experts_worker pid=380877] imports done
[cpu_experts_worker pid=380877] MLPModuleWrapper(...) ...
[cpu_experts_worker pid=380877] init_chmv_meta_model(...) ...
[cpu_experts_worker pid=380879] HostMemoryView(...) ...
DEBUG 04-24 07:38:24.528970.528970 cuda_memory_view.py:1180] 
DEBUG 04-24 07:38:24.528970.528970 cuda_memory_view.py:1180] restore_tensors_from_shared_memory_names time: 0.0027480125427246094
DEBUG 04-24 07:38:24.533714.533714 mlpmodule.py:929] restore_hm_state_dict2model loaded 150 expert tensors for Gemma4 model
[cpu_experts_worker pid=380879] HostMemoryView ready
[cpu_experts_worker pid=380879] begin _test_group_bmm_fused_experts()
[test_group_bmm_fused_experts] start (print+flush; bypasses logging).
[test_group_bmm_fused_experts][half=noncontiguous] input_gen: 34.665 ms
[test_group_bmm_fused_experts][half=noncontiguous] gate_func: 11.594 ms
[test_group_bmm_fused_experts][half=noncontiguous] activated_experts_unique=128, routed_slots=4096 total experts = 128 (T=512, K=8)
[test_group_bmm_fused_experts][half=noncontiguous] choose_half_experts: 0.960 ms (E_total=128, E_half=64, experts=[43, 123, 91, 92, 114, 73, 111, 15, 54, 84, 102, 45, 1, 3, 7, 33, 47, 55, 63, 126, 127, 8, 19, 46, 51, 72, 103, 13, 14, 23, 35, 48, 68, 83, 12, 81, 90, 6, 37, 39, 49, 52, 88, 120, 124, 17, 18, 41, 59, 67, 69, 77, 87, 104, 108, 11, 28, 40, 53, 56, 60, 75, 89, 116], total_tokens=1723, max_tokens=31)
[test_group_bmm_fused_experts][half=noncontiguous] filter_slots_in_half: 1.033 ms (slots_in_half=1723, T=512, K=8)
[test_group_bmm_fused_experts][half=noncontiguous] gather_half_tokens: 0.715 ms
[test_group_bmm_fused_experts][half=noncontiguous] sort_by_expert: 0.844 ms
DEBUG 04-24 07:38:24.584300.584300 cuda_h.py:27] end get_fused_experts_names_w cost 0.036 ms
DEBUG 04-24 07:38:24.586703.586703 cuda_h.py:27] end restore_fused_tensors cost 1.297 ms
[test_group_bmm_fused_experts][half=noncontiguous] restore_group_fused_weights: 1.706 ms
[test_group_bmm_fused_experts][half=noncontiguous] transpose_contig: 0.025 ms
[test_group_bmm_fused_experts][half=noncontiguous] pad_pack: 3.540 ms
[test_group_bmm_fused_experts][half=noncontiguous] fused_group_bmm: 24.045 ms (bmm1=12.049 act+split=0.675 bmm2=6.962 unpad=4.359)
[test_group_bmm_fused_experts][half=noncontiguous] ref_mm_and_assert: 103.393 ms
[test_group_bmm_fused_experts][half=noncontiguous] unsort_and_weight: 0.540 ms
[test_group_bmm_fused_experts][half=noncontiguous] total: 183.994 ms (T=512, K=8, slots_in_half=1723, E_half=64)
[cpu_experts_worker pid=380879] end _test_group_bmm_fused_experts()
INFO 04-24 07:38:24.718602.718602 cpu_thread_manager_mp.py:183] CPU experts worker: _test_group_bmm_fused_experts() finished.
[cpu_experts_worker pid=380877] HostMemoryView(...) ...
DEBUG 04-24 07:38:24.912187.912187 cuda_memory_view.py:1180] 
DEBUG 04-24 07:38:24.912187.912187 cuda_memory_view.py:1180] restore_tensors_from_shared_memory_names time: 0.002759218215942383
DEBUG 04-24 07:38:24.917137.917137 mlpmodule.py:929] restore_hm_state_dict2model loaded 150 expert tensors for Gemma4 model
[cpu_experts_worker pid=380877] HostMemoryView ready
[cpu_experts_worker pid=380877] begin _test_group_bmm_fused_experts()
[test_group_bmm_fused_experts] start (print+flush; bypasses logging).
[cpu_experts_worker pid=380878] HostMemoryView(...) ...
DEBUG 04-24 07:38:24.934640.934640 cuda_memory_view.py:1180] 
DEBUG 04-24 07:38:24.934640.934640 cuda_memory_view.py:1180] restore_tensors_from_shared_memory_names time: 0.002706766128540039
DEBUG 04-24 07:38:24.939974.939974 mlpmodule.py:929] restore_hm_state_dict2model loaded 150 expert tensors for Gemma4 model
[cpu_experts_worker pid=380878] HostMemoryView ready
[cpu_experts_worker pid=380878] begin _test_group_bmm_fused_experts()
[test_group_bmm_fused_experts] start (print+flush; bypasses logging).
[test_group_bmm_fused_experts][half=noncontiguous] input_gen: 35.167 ms
[test_group_bmm_fused_experts][half=noncontiguous] gate_func: 7.864 ms
[test_group_bmm_fused_experts][half=noncontiguous] activated_experts_unique=128, routed_slots=4096 total experts = 128 (T=512, K=8)
[test_group_bmm_fused_experts][half=noncontiguous] choose_half_experts: 0.879 ms (E_total=128, E_half=64, experts=[67, 22, 41, 47, 3, 28, 46, 77, 80, 103, 120, 1, 16, 60, 23, 45, 107, 38, 44, 64, 75, 79, 87, 123, 8, 30, 32, 37, 49, 56, 102, 14, 29, 33, 69, 31, 39, 58, 68, 72, 73, 84, 89, 21, 42, 53, 62, 83, 100, 105, 109, 111, 114, 124, 127, 15, 18, 24, 54, 115, 5, 13, 88, 94], total_tokens=1748, max_tokens=32)
[test_group_bmm_fused_experts][half=noncontiguous] filter_slots_in_half: 0.514 ms (slots_in_half=1748, T=512, K=8)
[test_group_bmm_fused_experts][half=noncontiguous] gather_half_tokens: 1.160 ms
[test_group_bmm_fused_experts][half=noncontiguous] sort_by_expert: 1.228 ms
DEBUG 04-24 07:38:24.965352.965352 cuda_h.py:27] end get_fused_experts_names_w cost 0.025 ms
DEBUG 04-24 07:38:24.967472.967472 cuda_h.py:27] end restore_fused_tensors cost 1.292 ms
[test_group_bmm_fused_experts][half=noncontiguous] restore_group_fused_weights: 1.510 ms
[test_group_bmm_fused_experts][half=noncontiguous] transpose_contig: 0.026 ms
[test_group_bmm_fused_experts][half=noncontiguous] pad_pack: 3.949 ms
[test_group_bmm_fused_experts][half=noncontiguous] input_gen: 34.713 ms
[test_group_bmm_fused_experts][half=noncontiguous] gate_func: 9.022 ms
[test_group_bmm_fused_experts][half=noncontiguous] activated_experts_unique=128, routed_slots=4096 total experts = 128 (T=512, K=8)
[test_group_bmm_fused_experts][half=noncontiguous] choose_half_experts: 1.335 ms (E_total=128, E_half=64, experts=[63, 23, 87, 33, 38, 27, 68, 123, 19, 30, 39, 69, 108, 109, 45, 7, 22, 41, 84, 91, 1, 16, 46, 49, 74, 83, 117, 3, 15, 18, 29, 36, 43, 51, 78, 79, 90, 105, 120, 125, 17, 32, 35, 47, 54, 55, 60, 104, 127, 12, 34, 50, 56, 57, 61, 70, 73, 103, 114, 121, 0, 6, 9, 25], total_tokens=1726, max_tokens=31)
[test_group_bmm_fused_experts][half=noncontiguous] filter_slots_in_half: 0.668 ms (slots_in_half=1726, T=512, K=8)
[test_group_bmm_fused_experts][half=noncontiguous] gather_half_tokens: 1.341 ms
[test_group_bmm_fused_experts][half=noncontiguous] sort_by_expert: 1.349 ms
DEBUG 04-24 07:38:24.989658.989658 cuda_h.py:27] end get_fused_experts_names_w cost 0.054 ms
DEBUG 04-24 07:38:24.991449.991449 cuda_h.py:27] end restore_fused_tensors cost 1.558 ms
[test_group_bmm_fused_experts][half=noncontiguous] restore_group_fused_weights: 2.098 ms
[test_group_bmm_fused_experts][half=noncontiguous] transpose_contig: 0.058 ms
[test_group_bmm_fused_experts][half=noncontiguous] pad_pack: 4.331 ms
[test_group_bmm_fused_experts][half=noncontiguous] fused_group_bmm: 25.488 ms (bmm1=12.970 act+split=0.752 bmm2=7.360 unpad=4.406)
[test_group_bmm_fused_experts][half=noncontiguous] fused_group_bmm: 26.354 ms (bmm1=12.868 act+split=0.653 bmm2=8.043 unpad=4.790)
[test_group_bmm_fused_experts][half=noncontiguous] ref_mm_and_assert: 98.258 ms
[test_group_bmm_fused_experts][half=noncontiguous] unsort_and_weight: 0.509 ms
[test_group_bmm_fused_experts][half=noncontiguous] total: 177.684 ms (T=512, K=8, slots_in_half=1748, E_half=64)
[cpu_experts_worker pid=380877] end _test_group_bmm_fused_experts()
INFO 04-24 07:38:25.096203.096203 cpu_thread_manager_mp.py:183] CPU experts worker: _test_group_bmm_fused_experts() finished.
[test_group_bmm_fused_experts][half=noncontiguous] ref_mm_and_assert: 110.153 ms
[test_group_bmm_fused_experts][half=noncontiguous] unsort_and_weight: 0.465 ms
[test_group_bmm_fused_experts][half=noncontiguous] total: 193.348 ms (T=512, K=8, slots_in_half=1726, E_half=64)
[cpu_experts_worker pid=380878] end _test_group_bmm_fused_experts()
INFO 04-24 07:38:25.133499.133499 cpu_thread_manager_mp.py:183] CPU experts worker: _test_group_bmm_fused_experts() finished.
DEBUG 04-24 07:38:25.135380.135380 cuda_h.py:27] end init_mp_process cost 8441.969 ms
generate input ids cost 0.12606000900268555 s
DEBUG 04-24 07:38:30.311497.311497 cuda_h.py:27] end generate_input_ids cost 2808.147 ms
DEBUG 04-24 07:38:30.311975.311975 cuda_h.py:27] end init_cache cost 0.032 ms
DEBUG 04-24 07:38:30.312581.312581 cuda_h.py:27] end allocate_cuda_memory cost 0.238 ms
DEBUG 04-24 07:38:30.312605.312605 sllm_store_c.py:27] get device uuid map
DEBUG 04-24 07:38:30.312250.312250 sllm_store_c.py:29] call client load into gpu
DEBUG 04-24 07:38:30.315276.315276 cuda_h.py:27] end load_into_gpu_async cost 2.427 ms
DEBUG 04-24 07:38:30.315326.315326 cuda_h.py:27] end restore_tensors2 cost 0.045 ms
DEBUG 04-24 07:38:30.315135.315135 cuda_h.py:27] end allocate_cuda_memory_and_load_into_gpu cost 3.157 ms
DEBUG 04-24 07:38:30.315851.315851 cuda_h.py:27] end restore2model cost 0.182 ms
DEBUG 04-24 07:38:30.460265.460265 cuda_h.py:27] end allocate_cuda_memory cost 0.497 ms
DEBUG 04-24 07:38:30.460013.460013 sllm_store_c.py:27] get device uuid map
DEBUG 04-24 07:38:30.460243.460243 sllm_store_c.py:29] call client load into gpu
DEBUG 04-24 07:38:30.463548.463548 cuda_h.py:27] end load_into_gpu_async cost 3.089 ms
DEBUG 04-24 07:38:30.463129.463129 cuda_h.py:27] end restore_tensors2 cost 0.201 ms
DEBUG 04-24 07:38:30.464874.464874 cuda_h.py:27] end allocate_cuda_memory_and_load_into_gpu cost 4.676 ms
DEBUG 04-24 07:38:30.605322.605322 cuda_h.py:27] end restore2model cost 1.868 ms
DEBUG 04-24 07:38:30.605527.605527 cuda_h.py:27] end load_qkvogns_weight_l_0 cost 146.398 ms
DEBUG 04-24 07:38:30.605345.605345 cuda_h.py:27] end init_general_weights cost 293.656 ms
DEBUG 04-24 07:38:30.620947.620947 cuda_h.py:27] end init_inputs_tokens cost 14.574 ms
DEBUG 04-24 07:38:30.620195.620195 lmp.py:273] -------------------------------- start prefill layer 0 --------------------------------
DEBUG 04-24 07:38:30.620589.620589 cuda_h.py:27] end start_load_qkvogn_s_weight_l_1 cost 0.038 ms
DEBUG 04-24 07:38:30.621705.621705 cuda_h.py:27] end allocate_cuda_memory cost 0.296 ms
DEBUG 04-24 07:38:30.621875.621875 sllm_store_c.py:27] get device uuid map
DEBUG 04-24 07:38:30.621862.621862 sllm_store_c.py:29] call client load into gpu
DEBUG 04-24 07:38:30.624900.624900 cuda_h.py:27] end load_into_gpu_async cost 3.100 ms
DEBUG 04-24 07:38:30.625135.625135 cuda_h.py:27] end restore_tensors2 cost 0.159 ms
DEBUG 04-24 07:38:30.625983.625983 cuda_h.py:27] end allocate_cuda_memory_and_load_into_gpu cost 4.347 ms
DEBUG 04-24 07:38:30.633967.633967 cuda_h.py:27] end restore2model cost 1.384 ms
DEBUG 04-24 07:38:30.633045.633045 cuda_h.py:27] end sllm_worker_task cost 12.929 ms
DEBUG 04-24 07:38:30.744595.744595 cuda_h.py:27] end **self_attn cost 73.017 ms
DEBUG 04-24 07:38:30.745250.745250 cuda_h.py:27] end *iln_self_attn_paln cost 124.224 ms
DEBUG 04-24 07:38:30.840240.840240 cuda_h.py:27] end gate cost 95.063 ms
DEBUG 04-24 07:38:30.866586.866586 cuda_h.py:27] end experts_map_get cost 21.693 ms
DEBUG 04-24 07:38:30.866974.866974 cuda_h.py:27] end **before experts start cost 121.377 ms
DEBUG 04-24 07:38:30.866510.866510 cuda_h.py:27] end cpu_experts_submit_fused_mp cost 0.153 ms
DEBUG 04-24 07:38:30.869229.869229 sllm_store_c.py:27] get device uuid map
DEBUG 04-24 07:38:30.870729.870729 sllm_store_c.py:29] call client load into gpu
DEBUG 04-24 07:38:30.873708.873708 cuda_h.py:27] end load_into_gpu_async_fused_experts_dual cost 3.831 ms
DEBUG 04-24 07:38:30.873778.873778 cuda_h.py:27] end restore_tensors2_fused_experts_packed cost 0.056 ms
DEBUG 04-24 07:38:30.874786.874786 cuda_h.py:27] end restore_tensors2_fused_experts_slices cost 0.212 ms
DEBUG 04-24 07:38:30.874256.874256 cuda_h.py:27] end allocate_experts_cuda_memory_and_restore_model_multi_device_fused cost 5.408 ms
DEBUG 04-24 07:38:30.874065.874065 cuda_h.py:27] end gpu_sexperts cost 0.004 ms
DEBUG 04-24 07:38:30.874364.874364 cuda_h.py:27] end wait_load_qkvogn_s_weight cost 0.016 ms
DEBUG 04-24 07:38:30.902829.902829 cuda_h.py:27] end prepare_group_stack cost 31.312 ms
DEBUG 04-24 07:38:30.902512.902512 cuda_h.py:27] end prepare_group_stack cost 32.075 ms
DEBUG 04-24 07:38:30.904555.904555 cuda_h.py:27] end prepare_group_stack cost 31.266 ms
DEBUG 04-24 07:38:30.916339.916339 cuda_h.py:27] end group stack cost 13.235 ms
DEBUG 04-24 07:38:30.916000.916000 cuda_h.py:27] end move_flatidxs_group_fused_mp cost 45.934 ms
DEBUG 04-24 07:38:30.916380.916380 cuda_h.py:27] end get_fused_experts_names_w cost 0.022 ms
DEBUG 04-24 07:38:30.916139.916139 cuda_h.py:27] end group stack cost 14.097 ms
DEBUG 04-24 07:38:30.916556.916556 cuda_h.py:27] end move_flatidxs_group_fused_mp cost 46.163 ms
DEBUG 04-24 07:38:30.917420.917420 cuda_h.py:27] end get_fused_experts_names_w cost 0.025 ms
DEBUG 04-24 07:38:30.917963.917963 cuda_h.py:27] end group stack cost 12.760 ms
DEBUG 04-24 07:38:30.917628.917628 cuda_h.py:27] end restore_fused_tensors cost 0.636 ms
DEBUG 04-24 07:38:30.917896.917896 cuda_h.py:27] end group_fused_tensors_mp cost 0.793 ms
DEBUG 04-24 07:38:30.917818.917818 cuda_h.py:27] end move_flatidxs_group_fused_mp cost 44.536 ms
DEBUG 04-24 07:38:30.917058.917058 cuda_h.py:27] end get_fused_experts_names_w cost 0.045 ms
DEBUG 04-24 07:38:30.917225.917225 cuda_h.py:27] end restore_fused_tensors cost 0.546 ms
DEBUG 04-24 07:38:30.917936.917936 cuda_h.py:27] end group_fused_tensors_mp cost 0.796 ms
DEBUG 04-24 07:38:30.918748.918748 cuda_h.py:27] end restore_fused_tensors cost 0.574 ms
DEBUG 04-24 07:38:30.918220.918220 cuda_h.py:27] end group_fused_tensors_mp cost 0.733 ms
DEBUG 04-24 07:38:30.931747.931747 cuda_h.py:27] end wait_experts_multi_device cost 3.189 ms
DEBUG 04-24 07:38:30.937446.937446 mlpmodule.py:3373] [fused_group_bmm][steps] bmm1=12.877 ms split=0.160 ms act_mul=1.128 ms bmm2=5.842 ms
DEBUG 04-24 07:38:30.938397.938397 cuda_h.py:27] end fused_group_bmm cost 20.372 ms
DEBUG 04-24 07:38:30.939025.939025 cuda_h.py:27] end gather_outputs_group_fused_mp cost 0.903 ms
DEBUG 04-24 07:38:30.940830.940830 cuda_h.py:27] end cpu_experts_worker_bmm_or_einsum cost 70.004 ms
DEBUG 04-24 07:38:30.940061.940061 mlpmodule.py:3373] [fused_group_bmm][steps] bmm1=13.506 ms split=0.123 ms act_mul=1.144 ms bmm2=8.800 ms
DEBUG 04-24 07:38:30.941210.941210 mlpmodule.py:3373] [fused_group_bmm][steps] bmm1=14.788 ms split=0.135 ms act_mul=0.875 ms bmm2=6.850 ms
DEBUG 04-24 07:38:30.941759.941759 cuda_h.py:27] end fused_group_bmm cost 23.866 ms
DEBUG 04-24 07:38:30.941106.941106 cuda_h.py:27] end fused_group_bmm cost 22.933 ms
DEBUG 04-24 07:38:30.941801.941801 cuda_h.py:27] end gather_outputs_group_fused_mp cost 0.576 ms
DEBUG 04-24 07:38:30.942598.942598 cuda_h.py:27] end gather_outputs_group_fused_mp cost 0.837 ms
DEBUG 04-24 07:38:30.943270.943270 cuda_h.py:27] end cpu_experts_worker_bmm_or_einsum cost 71.190 ms
DEBUG 04-24 07:38:30.943105.943105 cuda_h.py:27] end cpu_experts_worker_bmm_or_einsum cost 73.442 ms
DEBUG 04-24 07:38:30.980630.980630 cuda_h.py:27] end gpu_experts_multi_device_fused cost 48.462 ms
DEBUG 04-24 07:38:30.982911.982911 cuda_h.py:27] end cpu_thread_manager_mp_wait_fused cost 2.532 ms
DEBUG 04-24 07:38:30.982479.982479 cuda_h.py:27] end layer_moe_generate_mp_multi_device_fused_l_1 cost 237.512 ms
DEBUG 04-24 07:38:30.983200.983200 cuda_h.py:27] end *mlp cost 238.079 ms
DEBUG 04-24 07:38:30.983408.983408 cuda_h.py:27] end prefill_layer cost 362.768 ms
DEBUG 04-24 07:38:30.983257.983257 lmp.py:320] -------------------------------- end prefill layer 0 --------------------------------
DEBUG 04-24 07:38:30.983575.983575 lmp.py:273] -------------------------------- start prefill layer 1 --------------------------------
DEBUG 04-24 07:38:30.983810.983810 cuda_h.py:27] end start_load_qkvogn_s_weight_l_2 cost 0.059 ms
DEBUG 04-24 07:38:30.984465.984465 cuda_h.py:27] end allocate_cuda_memory cost 0.233 ms
DEBUG 04-24 07:38:30.984313.984313 sllm_store_c.py:27] get device uuid map
DEBUG 04-24 07:38:30.984968.984968 sllm_store_c.py:29] call client load into gpu
DEBUG 04-24 07:38:30.986179.986179 cuda_h.py:27] end **self_attn cost 1.545 ms
DEBUG 04-24 07:38:30.986533.986533 cuda_h.py:27] end *iln_self_attn_paln cost 3.066 ms
DEBUG 04-24 07:38:30.986104.986104 cuda_h.py:27] end load_into_gpu_async cost 2.644 ms
DEBUG 04-24 07:38:30.987869.987869 cuda_h.py:27] end restore_tensors2 cost 0.135 ms
DEBUG 04-24 07:38:30.987303.987303 cuda_h.py:27] end allocate_cuda_memory_and_load_into_gpu cost 3.536 ms
DEBUG 04-24 07:38:30.988283.988283 cuda_h.py:27] end gate cost 1.315 ms
DEBUG 04-24 07:38:30.988297.988297 cuda_h.py:27] end experts_map_get cost 0.333 ms
DEBUG 04-24 07:38:30.988280.988280 cuda_h.py:27] end **before experts start cost 1.816 ms
DEBUG 04-24 07:38:30.988173.988173 cuda_h.py:27] end cpu_experts_submit_fused_mp cost 0.137 ms
DEBUG 04-24 07:38:30.990261.990261 sllm_store_c.py:27] get device uuid map
DEBUG 04-24 07:38:30.991840.991840 sllm_store_c.py:29] call client load into gpu
DEBUG 04-24 07:38:30.992647.992647 cuda_h.py:27] end prepare_group_stack cost 0.897 ms
DEBUG 04-24 07:38:30.994805.994805 cuda_h.py:27] end group stack cost 2.749 ms
DEBUG 04-24 07:38:30.994764.994764 cuda_h.py:27] end prepare_group_stack cost 0.778 ms
DEBUG 04-24 07:38:30.995041.995041 cuda_h.py:27] end move_flatidxs_group_fused_mp cost 3.999 ms
DEBUG 04-24 07:38:30.995622.995622 cuda_h.py:27] end prepare_group_stack cost 0.840 ms
DEBUG 04-24 07:38:30.995157.995157 cuda_h.py:27] end get_fused_experts_names_w cost 0.023 ms
DEBUG 04-24 07:38:30.996384.996384 cuda_h.py:27] end restore2model cost 0.956 ms
DEBUG 04-24 07:38:30.996844.996844 cuda_h.py:27] end sllm_worker_task cost 12.790 ms
DEBUG 04-24 07:38:30.996871.996871 cuda_h.py:27] end restore_fused_tensors cost 0.960 ms
DEBUG 04-24 07:38:30.996425.996425 cuda_h.py:27] end group_fused_tensors_mp cost 1.695 ms
DEBUG 04-24 07:38:30.997874.997874 cuda_h.py:27] end load_into_gpu_async_fused_experts_dual cost 6.452 ms
DEBUG 04-24 07:38:30.997601.997601 cuda_h.py:27] end restore_tensors2_fused_experts_packed cost 0.063 ms
DEBUG 04-24 07:38:30.997761.997761 cuda_h.py:27] end group stack cost 2.473 ms
DEBUG 04-24 07:38:30.997890.997890 cuda_h.py:27] end move_flatidxs_group_fused_mp cost 3.806 ms
DEBUG 04-24 07:38:30.998870.998870 cuda_h.py:27] end get_fused_experts_names_w cost 0.031 ms
DEBUG 04-24 07:38:30.998892.998892 cuda_h.py:27] end restore_tensors2_fused_experts_slices cost 0.331 ms
DEBUG 04-24 07:38:30.998911.998911 cuda_h.py:27] end allocate_experts_cuda_memory_and_restore_model_multi_device_fused cost 9.308 ms
DEBUG 04-24 07:38:30.998840.998840 cuda_h.py:27] end gpu_sexperts cost 0.013 ms
DEBUG 04-24 07:38:30.998639.998639 cuda_h.py:27] end group stack cost 2.741 ms
DEBUG 04-24 07:38:30.998237.998237 cuda_h.py:27] end wait_load_qkvogn_s_weight cost 0.015 ms
DEBUG 04-24 07:38:30.998889.998889 cuda_h.py:27] end move_flatidxs_group_fused_mp cost 4.515 ms
DEBUG 04-24 07:38:30.998699.998699 cuda_h.py:27] end get_fused_experts_names_w cost 0.040 ms
DEBUG 04-24 07:38:30.999303.999303 cuda_h.py:27] end restore_fused_tensors cost 1.429 ms
DEBUG 04-24 07:38:30.999380.999380 cuda_h.py:27] end group_fused_tensors_mp cost 1.817 ms
DEBUG 04-24 07:38:31.000808.000808 cuda_h.py:27] end restore_fused_tensors cost 1.645 ms
DEBUG 04-24 07:38:31.000159.000159 cuda_h.py:27] end group_fused_tensors_mp cost 2.105 ms
DEBUG 04-24 07:38:31.028021.028021 cuda_h.py:27] end wait_experts_multi_device cost 3.929 ms
DEBUG 04-24 07:38:31.029874.029874 mlpmodule.py:3373] [fused_group_bmm][steps] bmm1=23.866 ms split=0.082 ms act_mul=0.613 ms bmm2=8.053 ms
DEBUG 04-24 07:38:31.029234.029234 cuda_h.py:27] end fused_group_bmm cost 32.903 ms
DEBUG 04-24 07:38:31.031638.031638 cuda_h.py:27] end gather_outputs_group_fused_mp cost 1.073 ms
DEBUG 04-24 07:38:31.031943.031943 cuda_h.py:27] end cpu_experts_worker_bmm_or_einsum cost 41.740 ms
DEBUG 04-24 07:38:31.033676.033676 mlpmodule.py:3373] [fused_group_bmm][steps] bmm1=20.724 ms split=0.082 ms act_mul=0.521 ms bmm2=11.485 ms
DEBUG 04-24 07:38:31.033993.033993 cuda_h.py:27] end fused_group_bmm cost 33.001 ms
DEBUG 04-24 07:38:31.033369.033369 mlpmodule.py:3373] [fused_group_bmm][steps] bmm1=20.115 ms split=0.069 ms act_mul=1.738 ms bmm2=10.022 ms
DEBUG 04-24 07:38:31.033261.033261 cuda_h.py:27] end fused_group_bmm cost 32.101 ms
DEBUG 04-24 07:38:31.034679.034679 cuda_h.py:27] end gather_outputs_group_fused_mp cost 0.663 ms
DEBUG 04-24 07:38:31.034249.034249 cuda_h.py:27] end cpu_experts_worker_bmm_or_einsum cost 41.325 ms
DEBUG 04-24 07:38:31.035514.035514 cuda_h.py:27] end gather_outputs_group_fused_mp cost 1.370 ms
DEBUG 04-24 07:38:31.035772.035772 cuda_h.py:27] end cpu_experts_worker_bmm_or_einsum cost 42.274 ms
DEBUG 04-24 07:38:31.040288.040288 cuda_h.py:27] end gpu_experts_multi_device_fused cost 11.430 ms
DEBUG 04-24 07:38:31.042822.042822 cuda_h.py:27] end cpu_thread_manager_mp_wait_fused cost 1.763 ms
DEBUG 04-24 07:38:31.042404.042404 cuda_h.py:27] end layer_moe_generate_mp_multi_device_fused_l_2 cost 55.556 ms
DEBUG 04-24 07:38:31.043678.043678 cuda_h.py:27] end *mlp cost 56.247 ms
DEBUG 04-24 07:38:31.043993.043993 cuda_h.py:27] end prefill_layer cost 59.540 ms
DEBUG 04-24 07:38:31.043040.043040 lmp.py:320] -------------------------------- end prefill layer 1 --------------------------------
DEBUG 04-24 07:38:31.043988.043988 lmp.py:273] -------------------------------- start prefill layer 2 --------------------------------
DEBUG 04-24 07:38:31.043848.043848 cuda_h.py:27] end start_load_qkvogn_s_weight_l_3 cost 0.052 ms
DEBUG 04-24 07:38:31.043957.043957 cuda_h.py:27] end allocate_cuda_memory cost 0.152 ms
DEBUG 04-24 07:38:31.044486.044486 sllm_store_c.py:27] get device uuid map
DEBUG 04-24 07:38:31.044826.044826 sllm_store_c.py:29] call client load into gpu
DEBUG 04-24 07:38:31.045166.045166 cuda_h.py:27] end load_into_gpu_async cost 1.517 ms
DEBUG 04-24 07:38:31.045727.045727 cuda_h.py:27] end restore_tensors2 cost 0.075 ms
DEBUG 04-24 07:38:31.045543.045543 cuda_h.py:27] end allocate_cuda_memory_and_load_into_gpu cost 2.070 ms
DEBUG 04-24 07:38:31.046327.046327 cuda_h.py:27] end **self_attn cost 2.066 ms
DEBUG 04-24 07:38:31.046032.046032 cuda_h.py:27] end *iln_self_attn_paln cost 3.393 ms
DEBUG 04-24 07:38:31.047492.047492 cuda_h.py:27] end gate cost 0.745 ms
DEBUG 04-24 07:38:31.048435.048435 cuda_h.py:27] end experts_map_get cost 0.371 ms
DEBUG 04-24 07:38:31.048185.048185 cuda_h.py:27] end **before experts start cost 1.302 ms
DEBUG 04-24 07:38:31.048795.048795 cuda_h.py:27] end cpu_experts_submit_fused_mp cost 0.170 ms
DEBUG 04-24 07:38:31.050295.050295 sllm_store_c.py:27] get device uuid map
DEBUG 04-24 07:38:31.051464.051464 sllm_store_c.py:29] call client load into gpu
DEBUG 04-24 07:38:31.052967.052967 cuda_h.py:27] end prepare_group_stack cost 1.074 ms
DEBUG 04-24 07:38:31.052888.052888 cuda_h.py:27] end prepare_group_stack cost 1.052 ms
DEBUG 04-24 07:38:31.053060.053060 cuda_h.py:27] end group stack cost 1.653 ms
DEBUG 04-24 07:38:31.053621.053621 cuda_h.py:27] end move_flatidxs_group_fused_mp cost 2.983 ms
DEBUG 04-24 07:38:31.053733.053733 cuda_h.py:27] end prepare_group_stack cost 0.603 ms
DEBUG 04-24 07:38:31.054941.054941 cuda_h.py:27] end get_fused_experts_names_w cost 0.018 ms
DEBUG 04-24 07:38:31.054316.054316 cuda_h.py:27] end group stack cost 2.031 ms
DEBUG 04-24 07:38:31.054989.054989 cuda_h.py:27] end move_flatidxs_group_fused_mp cost 3.528 ms
DEBUG 04-24 07:38:31.054740.054740 cuda_h.py:27] end get_fused_experts_names_w cost 0.019 ms
DEBUG 04-24 07:38:31.054808.054808 cuda_h.py:27] end restore_fused_tensors cost 0.534 ms
DEBUG 04-24 07:38:31.054370.054370 cuda_h.py:27] end group_fused_tensors_mp cost 0.758 ms
DEBUG 04-24 07:38:31.055984.055984 cuda_h.py:27] end restore_fused_tensors cost 0.568 ms
DEBUG 04-24 07:38:31.055059.055059 cuda_h.py:27] end group_fused_tensors_mp cost 0.855 ms
DEBUG 04-24 07:38:31.055900.055900 cuda_h.py:27] end load_into_gpu_async_fused_experts_dual cost 4.411 ms
DEBUG 04-24 07:38:31.055924.055924 cuda_h.py:27] end group stack cost 1.440 ms
DEBUG 04-24 07:38:31.055859.055859 cuda_h.py:27] end move_flatidxs_group_fused_mp cost 2.403 ms
DEBUG 04-24 07:38:31.055815.055815 cuda_h.py:27] end get_fused_experts_names_w cost 0.021 ms
DEBUG 04-24 07:38:31.055706.055706 cuda_h.py:27] end restore2model cost 1.316 ms
DEBUG 04-24 07:38:31.055851.055851 cuda_h.py:27] end restore_tensors2_fused_experts_packed cost 0.079 ms
DEBUG 04-24 07:38:31.056420.056420 cuda_h.py:27] end sllm_worker_task cost 12.434 ms
DEBUG 04-24 07:38:31.056162.056162 cuda_h.py:27] end restore_fused_tensors cost 0.733 ms
DEBUG 04-24 07:38:31.056251.056251 cuda_h.py:27] end group_fused_tensors_mp cost 0.977 ms
DEBUG 04-24 07:38:31.056536.056536 cuda_h.py:27] end restore_tensors2_fused_experts_slices cost 0.359 ms
DEBUG 04-24 07:38:31.057186.057186 cuda_h.py:27] end allocate_experts_cuda_memory_and_restore_model_multi_device_fused cost 8.195 ms
DEBUG 04-24 07:38:31.057284.057284 cuda_h.py:27] end gpu_sexperts cost 0.009 ms
DEBUG 04-24 07:38:31.057610.057610 cuda_h.py:27] end wait_load_qkvogn_s_weight cost 0.046 ms
DEBUG 04-24 07:38:31.088351.088351 mlpmodule.py:3373] [fused_group_bmm][steps] bmm1=22.795 ms split=0.065 ms act_mul=0.452 ms bmm2=9.204 ms
DEBUG 04-24 07:38:31.088401.088401 cuda_h.py:27] end fused_group_bmm cost 32.833 ms
DEBUG 04-24 07:38:31.089120.089120 cuda_h.py:27] end gather_outputs_group_fused_mp cost 0.643 ms
DEBUG 04-24 07:38:31.089885.089885 cuda_h.py:27] end wait_experts_multi_device cost 2.264 ms
DEBUG 04-24 07:38:31.089426.089426 cuda_h.py:27] end cpu_experts_worker_bmm_or_einsum cost 39.680 ms
DEBUG 04-24 07:38:31.090261.090261 mlpmodule.py:3373] [fused_group_bmm][steps] bmm1=19.724 ms split=0.086 ms act_mul=1.065 ms bmm2=12.748 ms
DEBUG 04-24 07:38:31.091419.091419 cuda_h.py:27] end fused_group_bmm cost 33.798 ms
DEBUG 04-24 07:38:31.090231.090231 mlpmodule.py:3373] [fused_group_bmm][steps] bmm1=19.638 ms split=0.122 ms act_mul=0.674 ms bmm2=15.607 ms
DEBUG 04-24 07:38:31.091803.091803 cuda_h.py:27] end gather_outputs_group_fused_mp cost 0.344 ms
DEBUG 04-24 07:38:31.091519.091519 cuda_h.py:27] end fused_group_bmm cost 36.592 ms
DEBUG 04-24 07:38:31.091246.091246 cuda_h.py:27] end cpu_experts_worker_bmm_or_einsum cost 38.746 ms
DEBUG 04-24 07:38:31.092313.092313 cuda_h.py:27] end gather_outputs_group_fused_mp cost 0.528 ms
DEBUG 04-24 07:38:31.092808.092808 cuda_h.py:27] end cpu_experts_worker_bmm_or_einsum cost 42.590 ms
DEBUG 04-24 07:38:31.098318.098318 cuda_h.py:27] end gpu_experts_multi_device_fused cost 9.291 ms
DEBUG 04-24 07:38:31.100969.100969 cuda_h.py:27] end cpu_thread_manager_mp_wait_fused cost 1.513 ms
DEBUG 04-24 07:38:31.100900.100900 cuda_h.py:27] end layer_moe_generate_mp_multi_device_fused_l_3 cost 53.688 ms
DEBUG 04-24 07:38:31.102030.102030 cuda_h.py:27] end *mlp cost 55.785 ms
DEBUG 04-24 07:38:31.102119.102119 cuda_h.py:27] end prefill_layer cost 59.681 ms
DEBUG 04-24 07:38:31.102259.102259 lmp.py:320] -------------------------------- end prefill layer 2 --------------------------------
DEBUG 04-24 07:38:31.102585.102585 lmp.py:273] -------------------------------- start prefill layer 3 --------------------------------
DEBUG 04-24 07:38:31.103853.103853 cuda_h.py:27] end start_load_qkvogn_s_weight_l_4 cost 0.051 ms
DEBUG 04-24 07:38:31.103017.103017 cuda_h.py:27] end allocate_cuda_memory cost 0.463 ms
DEBUG 04-24 07:38:31.104439.104439 sllm_store_c.py:27] get device uuid map
DEBUG 04-24 07:38:31.104220.104220 sllm_store_c.py:29] call client load into gpu
DEBUG 04-24 07:38:31.106993.106993 cuda_h.py:27] end **self_attn cost 1.856 ms
DEBUG 04-24 07:38:31.106980.106980 cuda_h.py:27] end load_into_gpu_async cost 2.497 ms
DEBUG 04-24 07:38:31.107245.107245 cuda_h.py:27] end restore_tensors2 cost 0.201 ms
DEBUG 04-24 07:38:31.107369.107369 cuda_h.py:27] end allocate_cuda_memory_and_load_into_gpu cost 3.958 ms
DEBUG 04-24 07:38:31.107387.107387 cuda_h.py:27] end *iln_self_attn_paln cost 4.325 ms
DEBUG 04-24 07:38:31.108953.108953 cuda_h.py:27] end gate cost 0.558 ms
DEBUG 04-24 07:38:31.108133.108133 cuda_h.py:27] end experts_map_get cost 0.316 ms
DEBUG 04-24 07:38:31.108936.108936 cuda_h.py:27] end **before experts start cost 1.051 ms
DEBUG 04-24 07:38:31.109929.109929 cuda_h.py:27] end cpu_experts_submit_fused_mp cost 0.143 ms
DEBUG 04-24 07:38:31.111835.111835 sllm_store_c.py:27] get device uuid map
DEBUG 04-24 07:38:31.111829.111829 cuda_h.py:27] end prepare_group_stack cost 0.969 ms
DEBUG 04-24 07:38:31.112916.112916 cuda_h.py:27] end prepare_group_stack cost 0.975 ms
DEBUG 04-24 07:38:31.112614.112614 sllm_store_c.py:29] call client load into gpu
DEBUG 04-24 07:38:31.113811.113811 cuda_h.py:27] end group stack cost 1.541 ms
DEBUG 04-24 07:38:31.113954.113954 cuda_h.py:27] end move_flatidxs_group_fused_mp cost 2.768 ms
DEBUG 04-24 07:38:31.113219.113219 cuda_h.py:27] end get_fused_experts_names_w cost 0.020 ms
DEBUG 04-24 07:38:31.113948.113948 cuda_h.py:27] end prepare_group_stack cost 0.559 ms
DEBUG 04-24 07:38:31.114070.114070 cuda_h.py:27] end group stack cost 1.956 ms
DEBUG 04-24 07:38:31.114590.114590 cuda_h.py:27] end move_flatidxs_group_fused_mp cost 3.140 ms
DEBUG 04-24 07:38:31.114917.114917 cuda_h.py:27] end get_fused_experts_names_w cost 0.022 ms
DEBUG 04-24 07:38:31.114875.114875 cuda_h.py:27] end restore_fused_tensors cost 0.555 ms
DEBUG 04-24 07:38:31.114373.114373 cuda_h.py:27] end group_fused_tensors_mp cost 0.664 ms
DEBUG 04-24 07:38:31.114443.114443 cuda_h.py:27] end restore_fused_tensors cost 0.570 ms
DEBUG 04-24 07:38:31.114663.114663 cuda_h.py:27] end group_fused_tensors_mp cost 0.754 ms
DEBUG 04-24 07:38:31.115538.115538 cuda_h.py:27] end group stack cost 1.424 ms
DEBUG 04-24 07:38:31.115823.115823 cuda_h.py:27] end move_flatidxs_group_fused_mp cost 2.382 ms
DEBUG 04-24 07:38:31.116179.116179 cuda_h.py:27] end get_fused_experts_names_w cost 0.023 ms
DEBUG 04-24 07:38:31.117472.117472 cuda_h.py:27] end restore_fused_tensors cost 1.183 ms
DEBUG 04-24 07:38:31.117464.117464 cuda_h.py:27] end load_into_gpu_async_fused_experts_dual cost 5.302 ms
DEBUG 04-24 07:38:31.117945.117945 cuda_h.py:27] end group_fused_tensors_mp cost 1.364 ms
DEBUG 04-24 07:38:31.117115.117115 cuda_h.py:27] end restore_tensors2_fused_experts_packed cost 0.125 ms
DEBUG 04-24 07:38:31.118551.118551 cuda_h.py:27] end restore2model cost 2.364 ms
DEBUG 04-24 07:38:31.118345.118345 cuda_h.py:27] end restore_tensors2_fused_experts_slices cost 0.615 ms
DEBUG 04-24 07:38:31.119453.119453 cuda_h.py:27] end sllm_worker_task cost 15.956 ms
DEBUG 04-24 07:38:31.119812.119812 cuda_h.py:27] end allocate_experts_cuda_memory_and_restore_model_multi_device_fused cost 10.236 ms
DEBUG 04-24 07:38:31.120134.120134 cuda_h.py:27] end gpu_sexperts cost 0.013 ms
DEBUG 04-24 07:38:31.120720.120720 cuda_h.py:27] end wait_load_qkvogn_s_weight cost 0.038 ms
DEBUG 04-24 07:38:31.145762.145762 mlpmodule.py:3373] [fused_group_bmm][steps] bmm1=16.791 ms split=0.290 ms act_mul=0.654 ms bmm2=12.543 ms
DEBUG 04-24 07:38:31.145599.145599 cuda_h.py:27] end fused_group_bmm cost 30.575 ms
DEBUG 04-24 07:38:31.145739.145739 cuda_h.py:27] end gather_outputs_group_fused_mp cost 0.574 ms
DEBUG 04-24 07:38:31.146144.146144 cuda_h.py:27] end cpu_experts_worker_bmm_or_einsum cost 36.495 ms
DEBUG 04-24 07:38:31.147631.147631 mlpmodule.py:3373] [fused_group_bmm][steps] bmm1=17.208 ms split=0.112 ms act_mul=0.558 ms bmm2=14.244 ms
DEBUG 04-24 07:38:31.147631.147631 cuda_h.py:27] end fused_group_bmm cost 32.322 ms
DEBUG 04-24 07:38:31.148685.148685 cuda_h.py:27] end gather_outputs_group_fused_mp cost 0.583 ms
DEBUG 04-24 07:38:31.148012.148012 cuda_h.py:27] end wait_experts_multi_device cost 1.761 ms
DEBUG 04-24 07:38:31.148382.148382 cuda_h.py:27] end cpu_experts_worker_bmm_or_einsum cost 38.466 ms
DEBUG 04-24 07:38:31.149091.149091 mlpmodule.py:3373] [fused_group_bmm][steps] bmm1=24.624 ms split=0.273 ms act_mul=0.677 ms bmm2=5.880 ms
DEBUG 04-24 07:38:31.149168.149168 cuda_h.py:27] end fused_group_bmm cost 31.603 ms
DEBUG 04-24 07:38:31.149134.149134 cuda_h.py:27] end gather_outputs_group_fused_mp cost 0.320 ms
DEBUG 04-24 07:38:31.149789.149789 cuda_h.py:27] end cpu_experts_worker_bmm_or_einsum cost 36.826 ms
DEBUG 04-24 07:38:31.154214.154214 cuda_h.py:27] end gpu_experts_multi_device_fused cost 5.698 ms
DEBUG 04-24 07:38:31.155916.155916 cuda_h.py:27] end cpu_thread_manager_mp_wait_fused cost 1.674 ms
DEBUG 04-24 07:38:31.156940.156940 cuda_h.py:27] end layer_moe_generate_mp_multi_device_fused_l_4 cost 48.242 ms
DEBUG 04-24 07:38:31.158247.158247 cuda_h.py:27] end *mlp cost 50.294 ms
DEBUG 04-24 07:38:31.158270.158270 cuda_h.py:27] end prefill_layer cost 55.279 ms
DEBUG 04-24 07:38:31.158410.158410 lmp.py:320] -------------------------------- end prefill layer 3 --------------------------------
DEBUG 04-24 07:38:31.158696.158696 lmp.py:273] -------------------------------- start prefill layer 4 --------------------------------
DEBUG 04-24 07:38:31.158580.158580 cuda_h.py:27] end start_load_qkvogn_s_weight_l_5 cost 0.049 ms
DEBUG 04-24 07:38:31.158207.158207 cuda_h.py:27] end allocate_cuda_memory cost 0.186 ms
DEBUG 04-24 07:38:31.158619.158619 sllm_store_c.py:27] get device uuid map
DEBUG 04-24 07:38:31.159816.159816 sllm_store_c.py:29] call client load into gpu
DEBUG 04-24 07:38:31.160189.160189 cuda_h.py:27] end load_into_gpu_async cost 1.402 ms
DEBUG 04-24 07:38:31.160326.160326 cuda_h.py:27] end restore_tensors2 cost 0.079 ms
DEBUG 04-24 07:38:31.160720.160720 cuda_h.py:27] end allocate_cuda_memory_and_load_into_gpu cost 2.298 ms
DEBUG 04-24 07:38:31.161028.161028 cuda_h.py:27] end **self_attn cost 1.704 ms
DEBUG 04-24 07:38:31.161817.161817 cuda_h.py:27] end *iln_self_attn_paln cost 2.971 ms
DEBUG 04-24 07:38:31.162930.162930 cuda_h.py:27] end gate cost 0.516 ms
DEBUG 04-24 07:38:31.162414.162414 cuda_h.py:27] end experts_map_get cost 0.304 ms
DEBUG 04-24 07:38:31.162356.162356 cuda_h.py:27] end **before experts start cost 0.980 ms
DEBUG 04-24 07:38:31.162230.162230 cuda_h.py:27] end cpu_experts_submit_fused_mp cost 0.158 ms
DEBUG 04-24 07:38:31.165050.165050 sllm_store_c.py:27] get device uuid map
DEBUG 04-24 07:38:31.165642.165642 sllm_store_c.py:29] call client load into gpu
DEBUG 04-24 07:38:31.168026.168026 cuda_h.py:27] end prepare_group_stack cost 0.916 ms
DEBUG 04-24 07:38:31.169065.169065 cuda_h.py:27] end prepare_group_stack cost 1.073 ms
DEBUG 04-24 07:38:31.169754.169754 cuda_h.py:27] end prepare_group_stack cost 1.100 ms
DEBUG 04-24 07:38:31.170206.170206 cuda_h.py:27] end group stack cost 1.690 ms
DEBUG 04-24 07:38:31.170018.170018 cuda_h.py:27] end move_flatidxs_group_fused_mp cost 2.880 ms
DEBUG 04-24 07:38:31.170729.170729 cuda_h.py:27] end get_fused_experts_names_w cost 0.019 ms
DEBUG 04-24 07:38:31.171981.171981 cuda_h.py:27] end group stack cost 2.134 ms
DEBUG 04-24 07:38:31.171228.171228 cuda_h.py:27] end move_flatidxs_group_fused_mp cost 3.615 ms
DEBUG 04-24 07:38:31.171396.171396 cuda_h.py:27] end group stack cost 2.471 ms
DEBUG 04-24 07:38:31.171662.171662 cuda_h.py:27] end get_fused_experts_names_w cost 0.022 ms
DEBUG 04-24 07:38:31.171542.171542 cuda_h.py:27] end restore2model cost 0.793 ms
DEBUG 04-24 07:38:31.171341.171341 cuda_h.py:27] end move_flatidxs_group_fused_mp cost 4.000 ms
DEBUG 04-24 07:38:31.171491.171491 cuda_h.py:27] end restore_fused_tensors cost 0.660 ms
DEBUG 04-24 07:38:31.172422.172422 cuda_h.py:27] end get_fused_experts_names_w cost 0.018 ms
DEBUG 04-24 07:38:31.172714.172714 cuda_h.py:27] end group_fused_tensors_mp cost 1.169 ms
DEBUG 04-24 07:38:31.172587.172587 cuda_h.py:27] end load_into_gpu_async_fused_experts_dual cost 6.954 ms
DEBUG 04-24 07:38:31.172039.172039 cuda_h.py:27] end sllm_worker_task cost 13.628 ms
DEBUG 04-24 07:38:31.172744.172744 cuda_h.py:27] end restore_tensors2_fused_experts_packed cost 0.079 ms
DEBUG 04-24 07:38:31.172318.172318 cuda_h.py:27] end restore_fused_tensors cost 0.698 ms
DEBUG 04-24 07:38:31.172744.172744 cuda_h.py:27] end group_fused_tensors_mp cost 1.069 ms
DEBUG 04-24 07:38:31.172137.172137 cuda_h.py:27] end restore_fused_tensors cost 0.580 ms
DEBUG 04-24 07:38:31.173104.173104 cuda_h.py:27] end group_fused_tensors_mp cost 0.980 ms
DEBUG 04-24 07:38:31.173846.173846 cuda_h.py:27] end restore_tensors2_fused_experts_slices cost 0.453 ms
DEBUG 04-24 07:38:31.173982.173982 cuda_h.py:27] end allocate_experts_cuda_memory_and_restore_model_multi_device_fused cost 10.318 ms
DEBUG 04-24 07:38:31.173483.173483 cuda_h.py:27] end gpu_sexperts cost 0.005 ms
DEBUG 04-24 07:38:31.173955.173955 cuda_h.py:27] end wait_load_qkvogn_s_weight cost 0.020 ms
DEBUG 04-24 07:38:31.204815.204815 cuda_h.py:27] end wait_experts_multi_device cost 3.653 ms
DEBUG 04-24 07:38:31.204769.204769 mlpmodule.py:3373] [fused_group_bmm][steps] bmm1=18.835 ms split=0.112 ms act_mul=0.777 ms bmm2=12.603 ms
DEBUG 04-24 07:38:31.205285.205285 cuda_h.py:27] end fused_group_bmm cost 32.960 ms
DEBUG 04-24 07:38:31.206604.206604 cuda_h.py:27] end gather_outputs_group_fused_mp cost 0.731 ms
DEBUG 04-24 07:38:31.206294.206294 cuda_h.py:27] end cpu_experts_worker_bmm_or_einsum cost 39.966 ms
DEBUG 04-24 07:38:31.207807.207807 mlpmodule.py:3373] [fused_group_bmm][steps] bmm1=28.934 ms split=0.078 ms act_mul=0.512 ms bmm2=5.458 ms
DEBUG 04-24 07:38:31.208549.208549 cuda_h.py:27] end fused_group_bmm cost 35.202 ms
DEBUG 04-24 07:38:31.208930.208930 mlpmodule.py:3373] [fused_group_bmm][steps] bmm1=28.481 ms split=0.104 ms act_mul=0.709 ms bmm2=5.741 ms
DEBUG 04-24 07:38:31.208751.208751 cuda_h.py:27] end fused_group_bmm cost 35.238 ms
DEBUG 04-24 07:38:31.208791.208791 cuda_h.py:27] end gather_outputs_group_fused_mp cost 0.447 ms
DEBUG 04-24 07:38:31.208684.208684 cuda_h.py:27] end cpu_experts_worker_bmm_or_einsum cost 42.107 ms
DEBUG 04-24 07:38:31.209647.209647 cuda_h.py:27] end gather_outputs_group_fused_mp cost 0.603 ms
DEBUG 04-24 07:38:31.209526.209526 cuda_h.py:27] end cpu_experts_worker_bmm_or_einsum cost 42.518 ms
DEBUG 04-24 07:38:31.213988.213988 cuda_h.py:27] end gpu_experts_multi_device_fused cost 8.257 ms
DEBUG 04-24 07:38:31.215752.215752 cuda_h.py:27] end cpu_thread_manager_mp_wait_fused cost 1.934 ms
DEBUG 04-24 07:38:31.215280.215280 cuda_h.py:27] end layer_moe_generate_mp_multi_device_fused_l_5 cost 53.695 ms
DEBUG 04-24 07:38:31.216892.216892 cuda_h.py:27] end *mlp cost 54.951 ms
DEBUG 04-24 07:38:31.216961.216961 cuda_h.py:27] end prefill_layer cost 58.339 ms
DEBUG 04-24 07:38:31.216201.216201 lmp.py:320] -------------------------------- end prefill layer 4 --------------------------------
DEBUG 04-24 07:38:31.216579.216579 lmp.py:273] -------------------------------- start prefill layer 5 --------------------------------
DEBUG 04-24 07:38:31.216423.216423 cuda_h.py:27] end start_load_qkvogn_s_weight_l_6 cost 0.050 ms
DEBUG 04-24 07:38:31.217883.217883 cuda_h.py:27] end allocate_cuda_memory cost 0.304 ms
DEBUG 04-24 07:38:31.217282.217282 sllm_store_c.py:27] get device uuid map
DEBUG 04-24 07:38:31.217257.217257 sllm_store_c.py:29] call client load into gpu
DEBUG 04-24 07:38:31.219797.219797 cuda_h.py:27] end load_into_gpu_async cost 2.127 ms
DEBUG 04-24 07:38:31.220788.220788 cuda_h.py:27] end restore_tensors2 cost 0.172 ms
DEBUG 04-24 07:38:31.220064.220064 cuda_h.py:27] end allocate_cuda_memory_and_load_into_gpu cost 3.210 ms
DEBUG 04-24 07:38:31.228584.228584 cuda_h.py:27] end restore2model cost 1.419 ms
DEBUG 04-24 07:38:31.228033.228033 cuda_h.py:27] end sllm_worker_task cost 11.793 ms
DEBUG 04-24 07:38:31.253212.253212 cuda_h.py:27] end **self_attn cost 35.116 ms
DEBUG 04-24 07:38:31.253964.253964 cuda_h.py:27] end *iln_self_attn_paln cost 36.590 ms
DEBUG 04-24 07:38:31.254383.254383 cuda_h.py:27] end gate cost 0.624 ms
DEBUG 04-24 07:38:31.254840.254840 cuda_h.py:27] end experts_map_get cost 0.312 ms
DEBUG 04-24 07:38:31.254776.254776 cuda_h.py:27] end **before experts start cost 1.101 ms
DEBUG 04-24 07:38:31.254132.254132 cuda_h.py:27] end cpu_experts_submit_fused_mp cost 0.129 ms
DEBUG 04-24 07:38:31.257078.257078 sllm_store_c.py:27] get device uuid map
DEBUG 04-24 07:38:31.257726.257726 sllm_store_c.py:29] call client load into gpu
DEBUG 04-24 07:38:31.257371.257371 cuda_h.py:27] end prepare_group_stack cost 1.056 ms
DEBUG 04-24 07:38:31.257922.257922 cuda_h.py:27] end prepare_group_stack cost 1.143 ms
DEBUG 04-24 07:38:31.258660.258660 cuda_h.py:27] end prepare_group_stack cost 0.846 ms
DEBUG 04-24 07:38:31.259864.259864 cuda_h.py:27] end load_into_gpu_async_fused_experts_dual cost 2.529 ms
DEBUG 04-24 07:38:31.259240.259240 cuda_h.py:27] end restore_tensors2_fused_experts_packed cost 0.069 ms
DEBUG 04-24 07:38:31.259689.259689 cuda_h.py:27] end group stack cost 2.008 ms
DEBUG 04-24 07:38:31.260050.260050 cuda_h.py:27] end move_flatidxs_group_fused_mp cost 3.769 ms
DEBUG 04-24 07:38:31.260137.260137 cuda_h.py:27] end get_fused_experts_names_w cost 0.025 ms
DEBUG 04-24 07:38:31.260500.260500 cuda_h.py:27] end group stack cost 2.464 ms
DEBUG 04-24 07:38:31.260688.260688 cuda_h.py:27] end restore_tensors2_fused_experts_slices cost 0.326 ms
DEBUG 04-24 07:38:31.260332.260332 cuda_h.py:27] end allocate_experts_cuda_memory_and_restore_model_multi_device_fused cost 4.964 ms
DEBUG 04-24 07:38:31.260286.260286 cuda_h.py:27] end gpu_sexperts cost 0.004 ms
DEBUG 04-24 07:38:31.260710.260710 cuda_h.py:27] end move_flatidxs_group_fused_mp cost 4.350 ms
DEBUG 04-24 07:38:31.260139.260139 cuda_h.py:27] end wait_load_qkvogn_s_weight cost 0.016 ms
DEBUG 04-24 07:38:31.260918.260918 cuda_h.py:27] end group stack cost 2.373 ms
DEBUG 04-24 07:38:31.260809.260809 cuda_h.py:27] end get_fused_experts_names_w cost 0.029 ms
DEBUG 04-24 07:38:31.261475.261475 cuda_h.py:27] end move_flatidxs_group_fused_mp cost 3.667 ms
DEBUG 04-24 07:38:31.261857.261857 cuda_h.py:27] end get_fused_experts_names_w cost 0.034 ms
DEBUG 04-24 07:38:31.261491.261491 cuda_h.py:27] end restore_fused_tensors cost 0.828 ms
DEBUG 04-24 07:38:31.261954.261954 cuda_h.py:27] end group_fused_tensors_mp cost 1.088 ms
DEBUG 04-24 07:38:31.262126.262126 cuda_h.py:27] end restore_fused_tensors cost 1.192 ms
DEBUG 04-24 07:38:31.262997.262997 cuda_h.py:27] end group_fused_tensors_mp cost 1.507 ms
DEBUG 04-24 07:38:31.262406.262406 cuda_h.py:27] end restore_fused_tensors cost 1.413 ms
DEBUG 04-24 07:38:31.262624.262624 cuda_h.py:27] end group_fused_tensors_mp cost 1.796 ms
DEBUG 04-24 07:38:31.287248.287248 cuda_h.py:27] end wait_experts_multi_device cost 4.142 ms
DEBUG 04-24 07:38:31.295177.295177 mlpmodule.py:3373] [fused_group_bmm][steps] bmm1=19.455 ms split=0.097 ms act_mul=0.542 ms bmm2=14.095 ms
DEBUG 04-24 07:38:31.296688.296688 cuda_h.py:27] end fused_group_bmm cost 34.456 ms
DEBUG 04-24 07:38:31.296206.296206 mlpmodule.py:3373] [fused_group_bmm][steps] bmm1=18.769 ms split=0.109 ms act_mul=0.573 ms bmm2=13.441 ms
DEBUG 04-24 07:38:31.296140.296140 cuda_h.py:27] end fused_group_bmm cost 33.132 ms
DEBUG 04-24 07:38:31.296832.296832 cuda_h.py:27] end gather_outputs_group_fused_mp cost 0.474 ms
DEBUG 04-24 07:38:31.296642.296642 mlpmodule.py:3373] [fused_group_bmm][steps] bmm1=19.969 ms split=0.078 ms act_mul=0.510 ms bmm2=13.523 ms
DEBUG 04-24 07:38:31.296114.296114 cuda_h.py:27] end fused_group_bmm cost 34.348 ms
DEBUG 04-24 07:38:31.297067.297067 cuda_h.py:27] end cpu_experts_worker_bmm_or_einsum cost 41.057 ms
DEBUG 04-24 07:38:31.297353.297353 cuda_h.py:27] end gather_outputs_group_fused_mp cost 0.459 ms
DEBUG 04-24 07:38:31.297293.297293 cuda_h.py:27] end gather_outputs_group_fused_mp cost 0.370 ms
DEBUG 04-24 07:38:31.297355.297355 cuda_h.py:27] end cpu_experts_worker_bmm_or_einsum cost 40.957 ms
DEBUG 04-24 07:38:31.297582.297582 cuda_h.py:27] end cpu_experts_worker_bmm_or_einsum cost 41.944 ms
DEBUG 04-24 07:38:31.299347.299347 cuda_h.py:27] end gpu_experts_multi_device_fused cost 11.173 ms
DEBUG 04-24 07:38:31.301304.301304 cuda_h.py:27] end cpu_thread_manager_mp_wait_fused cost 1.944 ms
DEBUG 04-24 07:38:31.301308.301308 cuda_h.py:27] end layer_moe_generate_mp_multi_device_fused_l_6 cost 48.261 ms
DEBUG 04-24 07:38:31.305730.305730 cuda_h.py:27] end *mlp cost 52.151 ms
DEBUG 04-24 07:38:31.305574.305574 cuda_h.py:27] end prefill_layer cost 89.075 ms
DEBUG 04-24 07:38:31.305576.305576 lmp.py:320] -------------------------------- end prefill layer 5 --------------------------------
DEBUG 04-24 07:38:31.306047.306047 lmp.py:273] -------------------------------- start prefill layer 6 --------------------------------
DEBUG 04-24 07:38:31.306461.306461 cuda_h.py:27] end start_load_qkvogn_s_weight_l_7 cost 0.050 ms
DEBUG 04-24 07:38:31.306710.306710 cuda_h.py:27] end allocate_cuda_memory cost 0.339 ms
DEBUG 04-24 07:38:31.306442.306442 sllm_store_c.py:27] get device uuid map
DEBUG 04-24 07:38:31.307728.307728 sllm_store_c.py:29] call client load into gpu
DEBUG 04-24 07:38:31.309281.309281 cuda_h.py:27] end load_into_gpu_async cost 2.299 ms
DEBUG 04-24 07:38:31.309768.309768 cuda_h.py:27] end restore_tensors2 cost 0.172 ms
DEBUG 04-24 07:38:31.309834.309834 cuda_h.py:27] end allocate_cuda_memory_and_load_into_gpu cost 3.531 ms
DEBUG 04-24 07:38:31.310617.310617 cuda_h.py:27] end **self_attn cost 2.854 ms
DEBUG 04-24 07:38:31.310125.310125 cuda_h.py:27] end *iln_self_attn_paln cost 4.482 ms
DEBUG 04-24 07:38:31.311693.311693 cuda_h.py:27] end gate cost 0.659 ms
DEBUG 04-24 07:38:31.311019.311019 cuda_h.py:27] end experts_map_get cost 0.356 ms
DEBUG 04-24 07:38:31.311332.311332 cuda_h.py:27] end **before experts start cost 1.177 ms
DEBUG 04-24 07:38:31.312938.312938 cuda_h.py:27] end cpu_experts_submit_fused_mp cost 0.139 ms
DEBUG 04-24 07:38:31.314994.314994 sllm_store_c.py:27] get device uuid map
DEBUG 04-24 07:38:31.314984.314984 sllm_store_c.py:29] call client load into gpu
DEBUG 04-24 07:38:31.316502.316502 cuda_h.py:27] end prepare_group_stack cost 1.717 ms
DEBUG 04-24 07:38:31.316523.316523 cuda_h.py:27] end prepare_group_stack cost 1.707 ms
DEBUG 04-24 07:38:31.317025.317025 cuda_h.py:27] end group stack cost 1.656 ms
DEBUG 04-24 07:38:31.318107.318107 cuda_h.py:27] end move_flatidxs_group_fused_mp cost 3.589 ms
DEBUG 04-24 07:38:31.318480.318480 cuda_h.py:27] end group stack cost 1.976 ms
DEBUG 04-24 07:38:31.318279.318279 cuda_h.py:27] end prepare_group_stack cost 0.788 ms
DEBUG 04-24 07:38:31.319866.319866 cuda_h.py:27] end move_flatidxs_group_fused_mp cost 4.473 ms
DEBUG 04-24 07:38:31.319157.319157 cuda_h.py:27] end get_fused_experts_names_w cost 0.018 ms
DEBUG 04-24 07:38:31.319332.319332 cuda_h.py:27] end get_fused_experts_names_w cost 0.049 ms
DEBUG 04-24 07:38:31.319686.319686 cuda_h.py:27] end restore_fused_tensors cost 0.624 ms
DEBUG 04-24 07:38:31.320476.320476 cuda_h.py:27] end group_fused_tensors_mp cost 0.854 ms
DEBUG 04-24 07:38:31.321558.321558 cuda_h.py:27] end group stack cost 2.228 ms
DEBUG 04-24 07:38:31.321817.321817 cuda_h.py:27] end restore2model cost 2.576 ms
DEBUG 04-24 07:38:31.321924.321924 cuda_h.py:27] end restore_fused_tensors cost 1.923 ms
DEBUG 04-24 07:38:31.321295.321295 cuda_h.py:27] end group_fused_tensors_mp cost 2.540 ms
DEBUG 04-24 07:38:31.321183.321183 cuda_h.py:27] end move_flatidxs_group_fused_mp cost 3.718 ms
DEBUG 04-24 07:38:31.321441.321441 cuda_h.py:27] end load_into_gpu_async_fused_experts_dual cost 7.031 ms
DEBUG 04-24 07:38:31.321052.321052 cuda_h.py:27] end get_fused_experts_names_w cost 0.034 ms
DEBUG 04-24 07:38:31.321616.321616 cuda_h.py:27] end sllm_worker_task cost 15.407 ms
DEBUG 04-24 07:38:31.321789.321789 cuda_h.py:27] end restore_tensors2_fused_experts_packed cost 0.065 ms
DEBUG 04-24 07:38:31.322519.322519 cuda_h.py:27] end restore_tensors2_fused_experts_slices cost 0.328 ms
DEBUG 04-24 07:38:31.322879.322879 cuda_h.py:27] end allocate_experts_cuda_memory_and_restore_model_multi_device_fused cost 10.087 ms
DEBUG 04-24 07:38:31.322621.322621 cuda_h.py:27] end gpu_sexperts cost 0.008 ms
DEBUG 04-24 07:38:31.322186.322186 cuda_h.py:27] end wait_load_qkvogn_s_weight cost 0.016 ms
DEBUG 04-24 07:38:31.323056.323056 cuda_h.py:27] end restore_fused_tensors cost 1.147 ms
DEBUG 04-24 07:38:31.323815.323815 cuda_h.py:27] end group_fused_tensors_mp cost 1.480 ms
DEBUG 04-24 07:38:31.355926.355926 cuda_h.py:27] end wait_experts_multi_device cost 3.424 ms
DEBUG 04-24 07:38:31.357724.357724 mlpmodule.py:3373] [fused_group_bmm][steps] bmm1=28.663 ms split=0.068 ms act_mul=0.524 ms bmm2=6.526 ms
DEBUG 04-24 07:38:31.357788.357788 cuda_h.py:27] end fused_group_bmm cost 35.960 ms
DEBUG 04-24 07:38:31.357644.357644 mlpmodule.py:3373] [fused_group_bmm][steps] bmm1=30.039 ms split=0.089 ms act_mul=0.628 ms bmm2=6.950 ms
DEBUG 04-24 07:38:31.358539.358539 cuda_h.py:27] end fused_group_bmm cost 37.969 ms
DEBUG 04-24 07:38:31.358518.358518 cuda_h.py:27] end gather_outputs_group_fused_mp cost 0.394 ms
DEBUG 04-24 07:38:31.358719.358719 mlpmodule.py:3373] [fused_group_bmm][steps] bmm1=27.685 ms split=0.071 ms act_mul=0.574 ms bmm2=6.562 ms
DEBUG 04-24 07:38:31.358309.358309 cuda_h.py:27] end fused_group_bmm cost 35.147 ms
DEBUG 04-24 07:38:31.358857.358857 cuda_h.py:27] end cpu_experts_worker_bmm_or_einsum cost 45.347 ms
DEBUG 04-24 07:38:31.359414.359414 cuda_h.py:27] end gather_outputs_group_fused_mp cost 0.404 ms
DEBUG 04-24 07:38:31.359610.359610 cuda_h.py:27] end gather_outputs_group_fused_mp cost 1.349 ms
DEBUG 04-24 07:38:31.359369.359369 cuda_h.py:27] end cpu_experts_worker_bmm_or_einsum cost 42.283 ms
DEBUG 04-24 07:38:31.360040.360040 cuda_h.py:27] end cpu_experts_worker_bmm_or_einsum cost 46.464 ms
DEBUG 04-24 07:38:31.499694.499694 cuda_h.py:27] end gpu_experts_multi_device_fused cost 143.275 ms
DEBUG 04-24 07:38:31.540416.540416 cuda_h.py:27] end cpu_thread_manager_mp_wait_fused cost 41.137 ms
DEBUG 04-24 07:38:31.541600.541600 cuda_h.py:27] end layer_moe_generate_mp_multi_device_fused_l_7 cost 230.464 ms
DEBUG 04-24 07:38:31.541071.541071 cuda_h.py:27] end *mlp cost 231.107 ms
DEBUG 04-24 07:38:31.541590.541590 cuda_h.py:27] end prefill_layer cost 235.758 ms
DEBUG 04-24 07:38:31.541346.541346 lmp.py:320] -------------------------------- end prefill layer 6 --------------------------------
DEBUG 04-24 07:38:31.541857.541857 lmp.py:273] -------------------------------- start prefill layer 7 --------------------------------
DEBUG 04-24 07:38:31.541104.541104 cuda_h.py:27] end start_load_qkvogn_s_weight_l_8 cost 0.040 ms
DEBUG 04-24 07:38:31.542187.542187 cuda_h.py:27] end allocate_cuda_memory cost 0.314 ms
DEBUG 04-24 07:38:31.542375.542375 sllm_store_c.py:27] get device uuid map
DEBUG 04-24 07:38:31.542145.542145 sllm_store_c.py:29] call client load into gpu
DEBUG 04-24 07:38:31.544492.544492 cuda_h.py:27] end **self_attn cost 1.930 ms
DEBUG 04-24 07:38:31.545733.545733 cuda_h.py:27] end *iln_self_attn_paln cost 3.391 ms
DEBUG 04-24 07:38:31.545519.545519 cuda_h.py:27] end load_into_gpu_async cost 3.119 ms
DEBUG 04-24 07:38:31.546676.546676 cuda_h.py:27] end restore_tensors2 cost 0.171 ms
DEBUG 04-24 07:38:31.546355.546355 cuda_h.py:27] end allocate_cuda_memory_and_load_into_gpu cost 4.246 ms
DEBUG 04-24 07:38:31.546848.546848 cuda_h.py:27] end gate cost 1.426 ms
DEBUG 04-24 07:38:31.547479.547479 cuda_h.py:27] end experts_map_get cost 0.545 ms
DEBUG 04-24 07:38:31.547898.547898 cuda_h.py:27] end **before experts start cost 2.133 ms
DEBUG 04-24 07:38:31.547235.547235 cuda_h.py:27] end cpu_experts_submit_fused_mp cost 0.148 ms
DEBUG 04-24 07:38:31.551835.551835 sllm_store_c.py:27] get device uuid map
DEBUG 04-24 07:38:31.551673.551673 sllm_store_c.py:29] call client load into gpu
DEBUG 04-24 07:38:31.552973.552973 cuda_h.py:27] end prepare_group_stack cost 1.475 ms
DEBUG 04-24 07:38:31.552676.552676 cuda_h.py:27] end prepare_group_stack cost 1.542 ms
DEBUG 04-24 07:38:31.554782.554782 cuda_h.py:27] end group stack cost 2.220 ms
DEBUG 04-24 07:38:31.554577.554577 cuda_h.py:27] end move_flatidxs_group_fused_mp cost 4.306 ms
DEBUG 04-24 07:38:31.555909.555909 cuda_h.py:27] end get_fused_experts_names_w cost 0.046 ms
DEBUG 04-24 07:38:31.555173.555173 cuda_h.py:27] end prepare_group_stack cost 0.883 ms
DEBUG 04-24 07:38:31.555479.555479 cuda_h.py:27] end group stack cost 2.843 ms
DEBUG 04-24 07:38:31.555113.555113 cuda_h.py:27] end move_flatidxs_group_fused_mp cost 5.132 ms
DEBUG 04-24 07:38:31.555650.555650 cuda_h.py:27] end get_fused_experts_names_w cost 0.037 ms
DEBUG 04-24 07:38:31.557663.557663 cuda_h.py:27] end restore_fused_tensors cost 1.906 ms
DEBUG 04-24 07:38:31.557582.557582 cuda_h.py:27] end restore_fused_tensors cost 1.481 ms
DEBUG 04-24 07:38:31.557551.557551 cuda_h.py:27] end group_fused_tensors_mp cost 2.425 ms
DEBUG 04-24 07:38:31.557127.557127 cuda_h.py:27] end restore2model cost 2.431 ms
DEBUG 04-24 07:38:31.557296.557296 cuda_h.py:27] end group_fused_tensors_mp cost 1.924 ms
DEBUG 04-24 07:38:31.557446.557446 cuda_h.py:27] end load_into_gpu_async_fused_experts_dual cost 6.000 ms
DEBUG 04-24 07:38:31.558361.558361 cuda_h.py:27] end group stack cost 2.535 ms
DEBUG 04-24 07:38:31.557145.557145 cuda_h.py:27] end sllm_worker_task cost 15.951 ms
DEBUG 04-24 07:38:31.558329.558329 cuda_h.py:27] end move_flatidxs_group_fused_mp cost 3.989 ms
DEBUG 04-24 07:38:31.558870.558870 cuda_h.py:27] end restore_tensors2_fused_experts_packed cost 0.058 ms
DEBUG 04-24 07:38:31.558496.558496 cuda_h.py:27] end get_fused_experts_names_w cost 0.042 ms
DEBUG 04-24 07:38:31.558289.558289 cuda_h.py:27] end restore_tensors2_fused_experts_slices cost 0.327 ms
DEBUG 04-24 07:38:31.559055.559055 cuda_h.py:27] end allocate_experts_cuda_memory_and_restore_model_multi_device_fused cost 10.331 ms
DEBUG 04-24 07:38:31.559156.559156 cuda_h.py:27] end gpu_sexperts cost 0.004 ms
DEBUG 04-24 07:38:31.559794.559794 cuda_h.py:27] end wait_load_qkvogn_s_weight cost 0.014 ms
DEBUG 04-24 07:38:31.560906.560906 cuda_h.py:27] end restore_fused_tensors cost 1.903 ms
DEBUG 04-24 07:38:31.560121.560121 cuda_h.py:27] end group_fused_tensors_mp cost 2.456 ms
DEBUG 04-24 07:38:31.589221.589221 cuda_h.py:27] end wait_experts_multi_device cost 2.255 ms
DEBUG 04-24 07:38:31.594100.594100 mlpmodule.py:3373] [fused_group_bmm][steps] bmm1=29.873 ms split=0.097 ms act_mul=0.586 ms bmm2=5.760 ms
DEBUG 04-24 07:38:31.594246.594246 cuda_h.py:27] end fused_group_bmm cost 36.557 ms
DEBUG 04-24 07:38:31.595479.595479 cuda_h.py:27] end gather_outputs_group_fused_mp cost 0.376 ms
DEBUG 04-24 07:38:31.595038.595038 cuda_h.py:27] end cpu_experts_worker_bmm_or_einsum cost 46.017 ms
DEBUG 04-24 07:38:31.596698.596698 mlpmodule.py:3373] [fused_group_bmm][steps] bmm1=30.909 ms split=0.070 ms act_mul=0.752 ms bmm2=6.203 ms
DEBUG 04-24 07:38:31.596994.596994 cuda_h.py:27] end fused_group_bmm cost 38.108 ms
DEBUG 04-24 07:38:31.596560.596560 mlpmodule.py:3373] [fused_group_bmm][steps] bmm1=27.888 ms split=0.124 ms act_mul=0.598 ms bmm2=6.289 ms
DEBUG 04-24 07:38:31.596187.596187 cuda_h.py:27] end gather_outputs_group_fused_mp cost 0.402 ms
DEBUG 04-24 07:38:31.596129.596129 cuda_h.py:27] end fused_group_bmm cost 35.092 ms
DEBUG 04-24 07:38:31.596821.596821 cuda_h.py:27] end cpu_experts_worker_bmm_or_einsum cost 47.442 ms
DEBUG 04-24 07:38:31.597875.597875 cuda_h.py:27] end gather_outputs_group_fused_mp cost 0.925 ms
DEBUG 04-24 07:38:31.598279.598279 cuda_h.py:27] end cpu_experts_worker_bmm_or_einsum cost 44.541 ms
DEBUG 04-24 07:38:31.598621.598621 cuda_h.py:27] end gpu_experts_multi_device_fused cost 9.369 ms
DEBUG 04-24 07:38:31.601162.601162 cuda_h.py:27] end cpu_thread_manager_mp_wait_fused cost 2.363 ms
DEBUG 04-24 07:38:31.601120.601120 cuda_h.py:27] end layer_moe_generate_mp_multi_device_fused_l_8 cost 55.849 ms
DEBUG 04-24 07:38:31.605445.605445 cuda_h.py:27] end *mlp cost 59.597 ms
DEBUG 04-24 07:38:31.605553.605553 cuda_h.py:27] end prefill_layer cost 63.327 ms
DEBUG 04-24 07:38:31.605886.605886 lmp.py:320] -------------------------------- end prefill layer 7 --------------------------------
DEBUG 04-24 07:38:31.605832.605832 lmp.py:273] -------------------------------- start prefill layer 8 --------------------------------
DEBUG 04-24 07:38:31.605530.605530 cuda_h.py:27] end start_load_qkvogn_s_weight_l_9 cost 0.049 ms
DEBUG 04-24 07:38:31.605780.605780 cuda_h.py:27] end allocate_cuda_memory cost 0.193 ms
DEBUG 04-24 07:38:31.605666.605666 sllm_store_c.py:27] get device uuid map
DEBUG 04-24 07:38:31.606717.606717 sllm_store_c.py:29] call client load into gpu
DEBUG 04-24 07:38:31.607483.607483 cuda_h.py:27] end load_into_gpu_async cost 1.866 ms
DEBUG 04-24 07:38:31.607859.607859 cuda_h.py:27] end restore_tensors2 cost 0.080 ms
DEBUG 04-24 07:38:31.608260.608260 cuda_h.py:27] end allocate_cuda_memory_and_load_into_gpu cost 2.524 ms
DEBUG 04-24 07:38:31.608270.608270 cuda_h.py:27] end **self_attn cost 2.133 ms
DEBUG 04-24 07:38:31.608492.608492 cuda_h.py:27] end *iln_self_attn_paln cost 3.472 ms
DEBUG 04-24 07:38:31.609259.609259 cuda_h.py:27] end gate cost 0.668 ms
DEBUG 04-24 07:38:31.610882.610882 cuda_h.py:27] end experts_map_get cost 0.330 ms
DEBUG 04-24 07:38:31.610911.610911 cuda_h.py:27] end **before experts start cost 1.159 ms
DEBUG 04-24 07:38:31.610234.610234 cuda_h.py:27] end cpu_experts_submit_fused_mp cost 0.139 ms
DEBUG 04-24 07:38:31.612626.612626 cuda_h.py:27] end prepare_group_stack cost 0.608 ms
DEBUG 04-24 07:38:31.612048.612048 sllm_store_c.py:27] get device uuid map
DEBUG 04-24 07:38:31.613376.613376 sllm_store_c.py:29] call client load into gpu
DEBUG 04-24 07:38:31.613711.613711 cuda_h.py:27] end prepare_group_stack cost 0.610 ms
DEBUG 04-24 07:38:31.613591.613591 cuda_h.py:27] end prepare_group_stack cost 0.720 ms
DEBUG 04-24 07:38:31.614644.614644 cuda_h.py:27] end group stack cost 1.843 ms
DEBUG 04-24 07:38:31.614324.614324 cuda_h.py:27] end move_flatidxs_group_fused_mp cost 2.681 ms
DEBUG 04-24 07:38:31.614481.614481 cuda_h.py:27] end get_fused_experts_names_w cost 0.025 ms
DEBUG 04-24 07:38:31.615447.615447 cuda_h.py:27] end group stack cost 1.487 ms
DEBUG 04-24 07:38:31.615284.615284 cuda_h.py:27] end move_flatidxs_group_fused_mp cost 2.312 ms
DEBUG 04-24 07:38:31.615940.615940 cuda_h.py:27] end get_fused_experts_names_w cost 0.019 ms
DEBUG 04-24 07:38:31.615164.615164 cuda_h.py:27] end restore_fused_tensors cost 0.711 ms
DEBUG 04-24 07:38:31.615560.615560 cuda_h.py:27] end group_fused_tensors_mp cost 1.001 ms
DEBUG 04-24 07:38:31.615352.615352 cuda_h.py:27] end group stack cost 2.073 ms
DEBUG 04-24 07:38:31.616511.616511 cuda_h.py:27] end move_flatidxs_group_fused_mp cost 3.108 ms
DEBUG 04-24 07:38:31.616401.616401 cuda_h.py:27] end restore_fused_tensors cost 0.559 ms
DEBUG 04-24 07:38:31.616628.616628 cuda_h.py:27] end get_fused_experts_names_w cost 0.020 ms
DEBUG 04-24 07:38:31.616022.616022 cuda_h.py:27] end group_fused_tensors_mp cost 0.890 ms
DEBUG 04-24 07:38:31.616233.616233 cuda_h.py:27] end restore_fused_tensors cost 0.571 ms
DEBUG 04-24 07:38:31.617454.617454 cuda_h.py:27] end group_fused_tensors_mp cost 0.772 ms
DEBUG 04-24 07:38:31.617845.617845 cuda_h.py:27] end restore2model cost 0.831 ms
DEBUG 04-24 07:38:31.617427.617427 cuda_h.py:27] end load_into_gpu_async_fused_experts_dual cost 4.193 ms
DEBUG 04-24 07:38:31.617172.617172 cuda_h.py:27] end sllm_worker_task cost 11.749 ms
DEBUG 04-24 07:38:31.617828.617828 cuda_h.py:27] end restore_tensors2_fused_experts_packed cost 0.204 ms
DEBUG 04-24 07:38:31.618336.618336 cuda_h.py:27] end restore_tensors2_fused_experts_slices cost 0.599 ms
DEBUG 04-24 07:38:31.619021.619021 cuda_h.py:27] end allocate_experts_cuda_memory_and_restore_model_multi_device_fused cost 8.179 ms
DEBUG 04-24 07:38:31.619950.619950 cuda_h.py:27] end gpu_sexperts cost 0.013 ms
DEBUG 04-24 07:38:31.619407.619407 cuda_h.py:27] end wait_load_qkvogn_s_weight cost 0.041 ms
DEBUG 04-24 07:38:31.649290.649290 cuda_h.py:27] end wait_experts_multi_device cost 2.563 ms
DEBUG 04-24 07:38:31.651859.651859 mlpmodule.py:3373] [fused_group_bmm][steps] bmm1=28.227 ms split=0.091 ms act_mul=0.648 ms bmm2=5.587 ms
DEBUG 04-24 07:38:31.652343.652343 cuda_h.py:27] end fused_group_bmm cost 34.797 ms
DEBUG 04-24 07:38:31.652038.652038 mlpmodule.py:3373] [fused_group_bmm][steps] bmm1=29.682 ms split=0.102 ms act_mul=0.543 ms bmm2=6.264 ms
DEBUG 04-24 07:38:31.652903.652903 cuda_h.py:27] end gather_outputs_group_fused_mp cost 0.643 ms
DEBUG 04-24 07:38:31.652123.652123 cuda_h.py:27] end fused_group_bmm cost 36.781 ms
DEBUG 04-24 07:38:31.652127.652127 mlpmodule.py:3373] [fused_group_bmm][steps] bmm1=28.970 ms split=0.067 ms act_mul=0.574 ms bmm2=6.467 ms
DEBUG 04-24 07:38:31.653926.653926 cuda_h.py:27] end fused_group_bmm cost 36.449 ms
DEBUG 04-24 07:38:31.653627.653627 cuda_h.py:27] end cpu_experts_worker_bmm_or_einsum cost 41.191 ms
DEBUG 04-24 07:38:31.653170.653170 cuda_h.py:27] end gather_outputs_group_fused_mp cost 0.383 ms
DEBUG 04-24 07:38:31.653600.653600 cuda_h.py:27] end gather_outputs_group_fused_mp cost 0.379 ms
DEBUG 04-24 07:38:31.653324.653324 cuda_h.py:27] end cpu_experts_worker_bmm_or_einsum cost 42.627 ms
DEBUG 04-24 07:38:31.654166.654166 cuda_h.py:27] end cpu_experts_worker_bmm_or_einsum cost 42.077 ms
DEBUG 04-24 07:38:31.656492.656492 cuda_h.py:27] end gpu_experts_multi_device_fused cost 6.727 ms
DEBUG 04-24 07:38:31.657146.657146 cuda_h.py:27] end cpu_thread_manager_mp_wait_fused cost 1.606 ms
DEBUG 04-24 07:38:31.657277.657277 cuda_h.py:27] end layer_moe_generate_mp_multi_device_fused_l_9 cost 49.075 ms
DEBUG 04-24 07:38:31.661522.661522 cuda_h.py:27] end *mlp cost 52.835 ms
DEBUG 04-24 07:38:31.661438.661438 cuda_h.py:27] end prefill_layer cost 56.485 ms
DEBUG 04-24 07:38:31.661771.661771 lmp.py:320] -------------------------------- end prefill layer 8 --------------------------------
DEBUG 04-24 07:38:31.662402.662402 lmp.py:273] -------------------------------- start prefill layer 9 --------------------------------
DEBUG 04-24 07:38:31.662676.662676 cuda_h.py:27] end start_load_qkvogn_s_weight_l_10 cost 0.053 ms
DEBUG 04-24 07:38:31.662794.662794 cuda_h.py:27] end allocate_cuda_memory cost 0.224 ms
DEBUG 04-24 07:38:31.662740.662740 sllm_store_c.py:27] get device uuid map
DEBUG 04-24 07:38:31.662107.662107 sllm_store_c.py:29] call client load into gpu
DEBUG 04-24 07:38:31.664494.664494 cuda_h.py:27] end load_into_gpu_async cost 1.748 ms
DEBUG 04-24 07:38:31.664141.664141 cuda_h.py:27] end restore_tensors2 cost 0.097 ms
DEBUG 04-24 07:38:31.664051.664051 cuda_h.py:27] end allocate_cuda_memory_and_load_into_gpu cost 2.433 ms
DEBUG 04-24 07:38:31.665924.665924 cuda_h.py:27] end **self_attn cost 1.828 ms
DEBUG 04-24 07:38:31.665721.665721 cuda_h.py:27] end *iln_self_attn_paln cost 3.186 ms
DEBUG 04-24 07:38:31.666763.666763 cuda_h.py:27] end gate cost 0.590 ms
DEBUG 04-24 07:38:31.666182.666182 cuda_h.py:27] end experts_map_get cost 0.352 ms
DEBUG 04-24 07:38:31.666833.666833 cuda_h.py:27] end **before experts start cost 1.109 ms
DEBUG 04-24 07:38:31.666112.666112 cuda_h.py:27] end cpu_experts_submit_fused_mp cost 0.173 ms
DEBUG 04-24 07:38:31.669719.669719 cuda_h.py:27] end prepare_group_stack cost 0.595 ms
DEBUG 04-24 07:38:31.669516.669516 sllm_store_c.py:27] get device uuid map
DEBUG 04-24 07:38:31.669295.669295 sllm_store_c.py:29] call client load into gpu
DEBUG 04-24 07:38:31.670731.670731 cuda_h.py:27] end group stack cost 1.261 ms
DEBUG 04-24 07:38:31.670568.670568 cuda_h.py:27] end move_flatidxs_group_fused_mp cost 2.047 ms
DEBUG 04-24 07:38:31.670191.670191 cuda_h.py:27] end get_fused_experts_names_w cost 0.016 ms
DEBUG 04-24 07:38:31.671908.671908 cuda_h.py:27] end restore_fused_tensors cost 0.457 ms
DEBUG 04-24 07:38:31.671976.671976 cuda_h.py:27] end group_fused_tensors_mp cost 0.702 ms
DEBUG 04-24 07:38:31.671277.671277 cuda_h.py:27] end prepare_group_stack cost 0.563 ms
DEBUG 04-24 07:38:31.672564.672564 cuda_h.py:27] end prepare_group_stack cost 0.660 ms
DEBUG 04-24 07:38:31.673668.673668 cuda_h.py:27] end group stack cost 1.297 ms
DEBUG 04-24 07:38:31.673617.673617 cuda_h.py:27] end restore2model cost 0.643 ms
DEBUG 04-24 07:38:31.673996.673996 cuda_h.py:27] end move_flatidxs_group_fused_mp cost 2.056 ms
DEBUG 04-24 07:38:31.673096.673096 cuda_h.py:27] end sllm_worker_task cost 11.107 ms
DEBUG 04-24 07:38:31.673322.673322 cuda_h.py:27] end get_fused_experts_names_w cost 0.021 ms
DEBUG 04-24 07:38:31.673737.673737 cuda_h.py:27] end load_into_gpu_async_fused_experts_dual cost 4.403 ms
DEBUG 04-24 07:38:31.673704.673704 cuda_h.py:27] end restore_tensors2_fused_experts_packed cost 0.094 ms
DEBUG 04-24 07:38:31.674359.674359 cuda_h.py:27] end restore_fused_tensors cost 0.733 ms
DEBUG 04-24 07:38:31.674772.674772 cuda_h.py:27] end group_fused_tensors_mp cost 0.988 ms
DEBUG 04-24 07:38:31.674359.674359 cuda_h.py:27] end group stack cost 2.073 ms
DEBUG 04-24 07:38:31.674347.674347 cuda_h.py:27] end restore_tensors2_fused_experts_slices cost 0.508 ms
DEBUG 04-24 07:38:31.674701.674701 cuda_h.py:27] end move_flatidxs_group_fused_mp cost 2.993 ms
DEBUG 04-24 07:38:31.674896.674896 cuda_h.py:27] end allocate_experts_cuda_memory_and_restore_model_multi_device_fused cost 7.718 ms
DEBUG 04-24 07:38:31.674973.674973 cuda_h.py:27] end get_fused_experts_names_w cost 0.023 ms
DEBUG 04-24 07:38:31.674973.674973 cuda_h.py:27] end gpu_sexperts cost 0.007 ms
DEBUG 04-24 07:38:31.675544.675544 cuda_h.py:27] end wait_load_qkvogn_s_weight cost 0.024 ms
DEBUG 04-24 07:38:31.675167.675167 cuda_h.py:27] end restore_fused_tensors cost 0.805 ms
DEBUG 04-24 07:38:31.675666.675666 cuda_h.py:27] end group_fused_tensors_mp cost 0.958 ms
DEBUG 04-24 07:38:31.703587.703587 mlpmodule.py:3373] [fused_group_bmm][steps] bmm1=22.738 ms split=0.207 ms act_mul=0.671 ms bmm2=8.344 ms
DEBUG 04-24 07:38:31.703133.703133 cuda_h.py:27] end fused_group_bmm cost 32.285 ms
DEBUG 04-24 07:38:31.704028.704028 cuda_h.py:27] end wait_experts_multi_device cost 3.137 ms
DEBUG 04-24 07:38:31.704609.704609 cuda_h.py:27] end gather_outputs_group_fused_mp cost 0.683 ms
DEBUG 04-24 07:38:31.704509.704509 mlpmodule.py:3373] [fused_group_bmm][steps] bmm1=22.314 ms split=0.084 ms act_mul=0.511 ms bmm2=7.259 ms
DEBUG 04-24 07:38:31.704812.704812 cuda_h.py:27] end fused_group_bmm cost 30.355 ms
DEBUG 04-24 07:38:31.705898.705898 cuda_h.py:27] end cpu_experts_worker_bmm_or_einsum cost 37.782 ms
DEBUG 04-24 07:38:31.705664.705664 cuda_h.py:27] end gather_outputs_group_fused_mp cost 0.390 ms
DEBUG 04-24 07:38:31.705793.705793 cuda_h.py:27] end cpu_experts_worker_bmm_or_einsum cost 35.409 ms
DEBUG 04-24 07:38:31.707831.707831 mlpmodule.py:3373] [fused_group_bmm][steps] bmm1=19.930 ms split=0.100 ms act_mul=0.550 ms bmm2=10.624 ms
DEBUG 04-24 07:38:31.707048.707048 cuda_h.py:27] end fused_group_bmm cost 31.390 ms
DEBUG 04-24 07:38:31.708195.708195 cuda_h.py:27] end gather_outputs_group_fused_mp cost 0.632 ms
DEBUG 04-24 07:38:31.708003.708003 cuda_h.py:27] end cpu_experts_worker_bmm_or_einsum cost 37.241 ms
DEBUG 04-24 07:38:31.711379.711379 cuda_h.py:27] end gpu_experts_multi_device_fused cost 7.185 ms
DEBUG 04-24 07:38:31.713455.713455 cuda_h.py:27] end cpu_thread_manager_mp_wait_fused cost 1.755 ms
DEBUG 04-24 07:38:31.713916.713916 cuda_h.py:27] end layer_moe_generate_mp_multi_device_fused_l_10 cost 48.078 ms
DEBUG 04-24 07:38:31.715002.715002 cuda_h.py:27] end *mlp cost 49.860 ms
DEBUG 04-24 07:38:31.715296.715296 cuda_h.py:27] end prefill_layer cost 53.222 ms
DEBUG 04-24 07:38:31.715152.715152 lmp.py:320] -------------------------------- end prefill layer 9 --------------------------------
DEBUG 04-24 07:38:31.715389.715389 lmp.py:273] -------------------------------- start prefill layer 10 --------------------------------
DEBUG 04-24 07:38:31.715009.715009 cuda_h.py:27] end start_load_qkvogn_s_weight_l_11 cost 0.049 ms
DEBUG 04-24 07:38:31.716299.716299 cuda_h.py:27] end allocate_cuda_memory cost 0.244 ms
DEBUG 04-24 07:38:31.716146.716146 sllm_store_c.py:27] get device uuid map
DEBUG 04-24 07:38:31.716276.716276 sllm_store_c.py:29] call client load into gpu
DEBUG 04-24 07:38:31.717013.717013 cuda_h.py:27] end load_into_gpu_async cost 1.585 ms
DEBUG 04-24 07:38:31.717562.717562 cuda_h.py:27] end restore_tensors2 cost 0.094 ms
DEBUG 04-24 07:38:31.718433.718433 cuda_h.py:27] end allocate_cuda_memory_and_load_into_gpu cost 2.327 ms
DEBUG 04-24 07:38:31.718946.718946 cuda_h.py:27] end **self_attn cost 1.839 ms
DEBUG 04-24 07:38:31.718644.718644 cuda_h.py:27] end *iln_self_attn_paln cost 3.208 ms
DEBUG 04-24 07:38:31.719824.719824 cuda_h.py:27] end gate cost 0.551 ms
DEBUG 04-24 07:38:31.719672.719672 cuda_h.py:27] end experts_map_get cost 0.325 ms
DEBUG 04-24 07:38:31.719554.719554 cuda_h.py:27] end **before experts start cost 1.030 ms
DEBUG 04-24 07:38:31.720493.720493 cuda_h.py:27] end cpu_experts_submit_fused_mp cost 0.137 ms
DEBUG 04-24 07:38:31.722999.722999 cuda_h.py:27] end prepare_group_stack cost 0.690 ms
DEBUG 04-24 07:38:31.722561.722561 sllm_store_c.py:27] get device uuid map
DEBUG 04-24 07:38:31.722299.722299 sllm_store_c.py:29] call client load into gpu
DEBUG 04-24 07:38:31.723752.723752 cuda_h.py:27] end prepare_group_stack cost 0.728 ms
DEBUG 04-24 07:38:31.723774.723774 cuda_h.py:27] end prepare_group_stack cost 0.772 ms
DEBUG 04-24 07:38:31.724211.724211 cuda_h.py:27] end group stack cost 2.126 ms
DEBUG 04-24 07:38:31.724837.724837 cuda_h.py:27] end move_flatidxs_group_fused_mp cost 3.007 ms
DEBUG 04-24 07:38:31.725526.725526 cuda_h.py:27] end get_fused_experts_names_w cost 0.020 ms
DEBUG 04-24 07:38:31.725640.725640 cuda_h.py:27] end group stack cost 1.724 ms
DEBUG 04-24 07:38:31.725069.725069 cuda_h.py:27] end move_flatidxs_group_fused_mp cost 2.700 ms
DEBUG 04-24 07:38:31.725180.725180 cuda_h.py:27] end get_fused_experts_names_w cost 0.020 ms
DEBUG 04-24 07:38:31.725922.725922 cuda_h.py:27] end restore_fused_tensors cost 0.596 ms
DEBUG 04-24 07:38:31.725089.725089 cuda_h.py:27] end group_fused_tensors_mp cost 0.825 ms
DEBUG 04-24 07:38:31.726591.726591 cuda_h.py:27] end group stack cost 2.439 ms
DEBUG 04-24 07:38:31.726965.726965 cuda_h.py:27] end move_flatidxs_group_fused_mp cost 3.532 ms
DEBUG 04-24 07:38:31.726066.726066 cuda_h.py:27] end restore_fused_tensors cost 0.592 ms
DEBUG 04-24 07:38:31.726062.726062 cuda_h.py:27] end group_fused_tensors_mp cost 0.849 ms
DEBUG 04-24 07:38:31.726791.726791 cuda_h.py:27] end get_fused_experts_names_w cost 0.019 ms
DEBUG 04-24 07:38:31.727125.727125 cuda_h.py:27] end restore_fused_tensors cost 0.596 ms
DEBUG 04-24 07:38:31.727631.727631 cuda_h.py:27] end group_fused_tensors_mp cost 0.782 ms
DEBUG 04-24 07:38:31.730987.730987 cuda_h.py:27] end restore2model cost 1.508 ms
DEBUG 04-24 07:38:31.730044.730044 cuda_h.py:27] end sllm_worker_task cost 14.633 ms
DEBUG 04-24 07:38:31.730597.730597 cuda_h.py:27] end load_into_gpu_async_fused_experts_dual cost 8.145 ms
DEBUG 04-24 07:38:31.731769.731769 cuda_h.py:27] end restore_tensors2_fused_experts_packed cost 0.191 ms
DEBUG 04-24 07:38:31.732741.732741 cuda_h.py:27] end restore_tensors2_fused_experts_slices cost 0.620 ms
DEBUG 04-24 07:38:31.732922.732922 cuda_h.py:27] end allocate_experts_cuda_memory_and_restore_model_multi_device_fused cost 11.173 ms
DEBUG 04-24 07:38:31.732024.732024 cuda_h.py:27] end gpu_sexperts cost 0.010 ms
DEBUG 04-24 07:38:31.732352.732352 cuda_h.py:27] end wait_load_qkvogn_s_weight cost 0.035 ms
DEBUG 04-24 07:38:31.760810.760810 cuda_h.py:27] end wait_experts_multi_device cost 3.449 ms
DEBUG 04-24 07:38:31.761591.761591 mlpmodule.py:3373] [fused_group_bmm][steps] bmm1=27.330 ms split=0.088 ms act_mul=1.305 ms bmm2=6.643 ms
DEBUG 04-24 07:38:31.762405.762405 cuda_h.py:27] end fused_group_bmm cost 35.570 ms
DEBUG 04-24 07:38:31.762951.762951 mlpmodule.py:3373] [fused_group_bmm][steps] bmm1=26.717 ms split=0.073 ms act_mul=0.651 ms bmm2=7.316 ms
DEBUG 04-24 07:38:31.762210.762210 mlpmodule.py:3373] [fused_group_bmm][steps] bmm1=28.049 ms split=0.095 ms act_mul=0.830 ms bmm2=6.941 ms
DEBUG 04-24 07:38:31.762951.762951 cuda_h.py:27] end fused_group_bmm cost 35.165 ms
DEBUG 04-24 07:38:31.762494.762494 cuda_h.py:27] end fused_group_bmm cost 36.321 ms
DEBUG 04-24 07:38:31.762772.762772 cuda_h.py:27] end gather_outputs_group_fused_mp cost 0.420 ms
DEBUG 04-24 07:38:31.762360.762360 cuda_h.py:27] end gather_outputs_group_fused_mp cost 0.383 ms
DEBUG 04-24 07:38:31.763313.763313 cuda_h.py:27] end gather_outputs_group_fused_mp cost 0.569 ms
DEBUG 04-24 07:38:31.763990.763990 cuda_h.py:27] end cpu_experts_worker_bmm_or_einsum cost 42.242 ms
DEBUG 04-24 07:38:31.763820.763820 cuda_h.py:27] end cpu_experts_worker_bmm_or_einsum cost 41.274 ms
DEBUG 04-24 07:38:31.763275.763275 cuda_h.py:27] end cpu_experts_worker_bmm_or_einsum cost 41.595 ms
DEBUG 04-24 07:38:31.766461.766461 cuda_h.py:27] end gpu_experts_multi_device_fused cost 5.391 ms
DEBUG 04-24 07:38:31.768223.768223 cuda_h.py:27] end cpu_thread_manager_mp_wait_fused cost 1.887 ms
DEBUG 04-24 07:38:31.768731.768731 cuda_h.py:27] end layer_moe_generate_mp_multi_device_fused_l_11 cost 49.613 ms
DEBUG 04-24 07:38:31.772182.772182 cuda_h.py:27] end *mlp cost 53.596 ms
DEBUG 04-24 07:38:31.772715.772715 cuda_h.py:27] end prefill_layer cost 56.980 ms
DEBUG 04-24 07:38:31.772332.772332 lmp.py:320] -------------------------------- end prefill layer 10 --------------------------------
DEBUG 04-24 07:38:31.772066.772066 lmp.py:273] -------------------------------- start prefill layer 11 --------------------------------
DEBUG 04-24 07:38:31.772189.772189 cuda_h.py:27] end start_load_qkvogn_s_weight_l_12 cost 0.047 ms
DEBUG 04-24 07:38:31.773996.773996 cuda_h.py:27] end allocate_cuda_memory cost 0.365 ms
DEBUG 04-24 07:38:31.773350.773350 sllm_store_c.py:27] get device uuid map
DEBUG 04-24 07:38:31.773973.773973 sllm_store_c.py:29] call client load into gpu
DEBUG 04-24 07:38:31.775284.775284 cuda_h.py:27] end load_into_gpu_async cost 1.982 ms
DEBUG 04-24 07:38:31.776992.776992 cuda_h.py:27] end restore_tensors2 cost 0.173 ms
DEBUG 04-24 07:38:31.776002.776002 cuda_h.py:27] end allocate_cuda_memory_and_load_into_gpu cost 3.225 ms
DEBUG 04-24 07:38:31.776760.776760 cuda_h.py:27] end **self_attn cost 2.434 ms
DEBUG 04-24 07:38:31.777888.777888 cuda_h.py:27] end *iln_self_attn_paln cost 4.330 ms
DEBUG 04-24 07:38:31.777358.777358 cuda_h.py:27] end gate cost 0.523 ms
DEBUG 04-24 07:38:31.780949.780949 cuda_h.py:27] end experts_map_get cost 2.516 ms
DEBUG 04-24 07:38:31.780593.780593 cuda_h.py:27] end **before experts start cost 3.199 ms
DEBUG 04-24 07:38:31.780632.780632 cuda_h.py:27] end cpu_experts_submit_fused_mp cost 0.142 ms
DEBUG 04-24 07:38:31.783868.783868 sllm_store_c.py:27] get device uuid map
DEBUG 04-24 07:38:31.783029.783029 sllm_store_c.py:29] call client load into gpu
DEBUG 04-24 07:38:31.784011.784011 cuda_h.py:27] end prepare_group_stack cost 1.097 ms
DEBUG 04-24 07:38:31.784098.784098 cuda_h.py:27] end prepare_group_stack cost 1.093 ms
DEBUG 04-24 07:38:31.786690.786690 cuda_h.py:27] end group stack cost 1.771 ms
DEBUG 04-24 07:38:31.786256.786256 cuda_h.py:27] end move_flatidxs_group_fused_mp cost 3.088 ms
DEBUG 04-24 07:38:31.786705.786705 cuda_h.py:27] end get_fused_experts_names_w cost 0.017 ms
DEBUG 04-24 07:38:31.786028.786028 cuda_h.py:27] end group stack cost 2.341 ms
DEBUG 04-24 07:38:31.787616.787616 cuda_h.py:27] end move_flatidxs_group_fused_mp cost 3.918 ms
DEBUG 04-24 07:38:31.787796.787796 cuda_h.py:27] end prepare_group_stack cost 0.662 ms
DEBUG 04-24 07:38:31.787986.787986 cuda_h.py:27] end get_fused_experts_names_w cost 0.021 ms
DEBUG 04-24 07:38:31.787564.787564 cuda_h.py:27] end restore_fused_tensors cost 0.708 ms
DEBUG 04-24 07:38:31.787779.787779 cuda_h.py:27] end group_fused_tensors_mp cost 1.022 ms
DEBUG 04-24 07:38:31.787364.787364 cuda_h.py:27] end restore_fused_tensors cost 0.647 ms
DEBUG 04-24 07:38:31.788730.788730 cuda_h.py:27] end group_fused_tensors_mp cost 0.889 ms
DEBUG 04-24 07:38:31.788228.788228 cuda_h.py:27] end group stack cost 1.678 ms
DEBUG 04-24 07:38:31.789577.789577 cuda_h.py:27] end move_flatidxs_group_fused_mp cost 2.668 ms
DEBUG 04-24 07:38:31.789633.789633 cuda_h.py:27] end restore2model cost 1.589 ms
DEBUG 04-24 07:38:31.789355.789355 cuda_h.py:27] end get_fused_experts_names_w cost 0.029 ms
DEBUG 04-24 07:38:31.789012.789012 cuda_h.py:27] end load_into_gpu_async_fused_experts_dual cost 6.450 ms
DEBUG 04-24 07:38:31.789414.789414 cuda_h.py:27] end sllm_worker_task cost 16.694 ms
DEBUG 04-24 07:38:31.789159.789159 cuda_h.py:27] end restore_tensors2_fused_experts_packed cost 0.110 ms
DEBUG 04-24 07:38:31.790039.790039 cuda_h.py:27] end restore_fused_tensors cost 1.165 ms
DEBUG 04-24 07:38:31.790333.790333 cuda_h.py:27] end group_fused_tensors_mp cost 1.527 ms
DEBUG 04-24 07:38:31.790064.790064 cuda_h.py:27] end restore_tensors2_fused_experts_slices cost 0.549 ms
DEBUG 04-24 07:38:31.791073.791073 cuda_h.py:27] end allocate_experts_cuda_memory_and_restore_model_multi_device_fused cost 9.939 ms
DEBUG 04-24 07:38:31.791578.791578 cuda_h.py:27] end gpu_sexperts cost 0.009 ms
DEBUG 04-24 07:38:31.791688.791688 cuda_h.py:27] end wait_load_qkvogn_s_weight cost 0.029 ms
DEBUG 04-24 07:38:31.820177.820177 cuda_h.py:27] end wait_experts_multi_device cost 2.302 ms
DEBUG 04-24 07:38:31.822706.822706 mlpmodule.py:3373] [fused_group_bmm][steps] bmm1=16.281 ms split=0.114 ms act_mul=0.589 ms bmm2=18.049 ms
DEBUG 04-24 07:38:31.822507.822507 cuda_h.py:27] end fused_group_bmm cost 35.264 ms
DEBUG 04-24 07:38:31.822300.822300 mlpmodule.py:3373] [fused_group_bmm][steps] bmm1=16.275 ms split=0.086 ms act_mul=0.573 ms bmm2=17.752 ms
DEBUG 04-24 07:38:31.823810.823810 cuda_h.py:27] end fused_group_bmm cost 35.088 ms
DEBUG 04-24 07:38:31.823926.823926 mlpmodule.py:3373] [fused_group_bmm][steps] bmm1=14.821 ms split=0.071 ms act_mul=1.122 ms bmm2=16.359 ms
DEBUG 04-24 07:38:31.823049.823049 cuda_h.py:27] end fused_group_bmm cost 32.694 ms
DEBUG 04-24 07:38:31.823566.823566 cuda_h.py:27] end gather_outputs_group_fused_mp cost 0.476 ms
DEBUG 04-24 07:38:31.824511.824511 cuda_h.py:27] end gather_outputs_group_fused_mp cost 0.770 ms
DEBUG 04-24 07:38:31.824009.824009 cuda_h.py:27] end gather_outputs_group_fused_mp cost 0.416 ms
DEBUG 04-24 07:38:31.824006.824006 cuda_h.py:27] end cpu_experts_worker_bmm_or_einsum cost 42.297 ms
DEBUG 04-24 07:38:31.824135.824135 cuda_h.py:27] end cpu_experts_worker_bmm_or_einsum cost 42.549 ms
DEBUG 04-24 07:38:31.824090.824090 cuda_h.py:27] end cpu_experts_worker_bmm_or_einsum cost 39.448 ms
DEBUG 04-24 07:38:31.827447.827447 cuda_h.py:27] end gpu_experts_multi_device_fused cost 6.019 ms
DEBUG 04-24 07:38:31.829047.829047 cuda_h.py:27] end cpu_thread_manager_mp_wait_fused cost 1.752 ms
DEBUG 04-24 07:38:31.829839.829839 cuda_h.py:27] end layer_moe_generate_mp_multi_device_fused_l_12 cost 52.079 ms
DEBUG 04-24 07:38:31.833337.833337 cuda_h.py:27] end *mlp cost 56.059 ms
DEBUG 04-24 07:38:31.833300.833300 cuda_h.py:27] end prefill_layer cost 60.563 ms
DEBUG 04-24 07:38:31.833963.833963 lmp.py:320] -------------------------------- end prefill layer 11 --------------------------------
DEBUG 04-24 07:38:31.833837.833837 lmp.py:273] -------------------------------- start prefill layer 12 --------------------------------
DEBUG 04-24 07:38:31.833820.833820 cuda_h.py:27] end start_load_qkvogn_s_weight_l_13 cost 0.050 ms
DEBUG 04-24 07:38:31.834258.834258 cuda_h.py:27] end allocate_cuda_memory cost 0.406 ms
DEBUG 04-24 07:38:31.834897.834897 sllm_store_c.py:27] get device uuid map
DEBUG 04-24 07:38:31.834665.834665 sllm_store_c.py:29] call client load into gpu
DEBUG 04-24 07:38:31.836760.836760 cuda_h.py:27] end load_into_gpu_async cost 1.861 ms
DEBUG 04-24 07:38:31.836128.836128 cuda_h.py:27] end restore_tensors2 cost 0.168 ms
DEBUG 04-24 07:38:31.836993.836993 cuda_h.py:27] end allocate_cuda_memory_and_load_into_gpu cost 3.069 ms
DEBUG 04-24 07:38:31.837780.837780 cuda_h.py:27] end **self_attn cost 2.361 ms
DEBUG 04-24 07:38:31.837563.837563 cuda_h.py:27] end *iln_self_attn_paln cost 4.259 ms
DEBUG 04-24 07:38:31.838174.838174 cuda_h.py:27] end gate cost 0.554 ms
DEBUG 04-24 07:38:31.838511.838511 cuda_h.py:27] end experts_map_get cost 0.302 ms
DEBUG 04-24 07:38:31.838871.838871 cuda_h.py:27] end **before experts start cost 1.008 ms
DEBUG 04-24 07:38:31.839592.839592 cuda_h.py:27] end cpu_experts_submit_fused_mp cost 0.141 ms
DEBUG 04-24 07:38:31.841046.841046 sllm_store_c.py:27] get device uuid map
DEBUG 04-24 07:38:31.841671.841671 sllm_store_c.py:29] call client load into gpu
DEBUG 04-24 07:38:31.844889.844889 cuda_h.py:27] end prepare_group_stack cost 0.631 ms
DEBUG 04-24 07:38:31.845515.845515 cuda_h.py:27] end prepare_group_stack cost 1.310 ms
DEBUG 04-24 07:38:31.845721.845721 cuda_h.py:27] end prepare_group_stack cost 1.246 ms
DEBUG 04-24 07:38:31.846151.846151 cuda_h.py:27] end group stack cost 1.969 ms
DEBUG 04-24 07:38:31.846756.846756 cuda_h.py:27] end move_flatidxs_group_fused_mp cost 2.832 ms
DEBUG 04-24 07:38:31.846599.846599 cuda_h.py:27] end get_fused_experts_names_w cost 0.020 ms
DEBUG 04-24 07:38:31.846806.846806 cuda_h.py:27] end restore2model cost 1.506 ms
DEBUG 04-24 07:38:31.846180.846180 cuda_h.py:27] end group stack cost 1.761 ms
DEBUG 04-24 07:38:31.847924.847924 cuda_h.py:27] end sllm_worker_task cost 13.274 ms
DEBUG 04-24 07:38:31.847839.847839 cuda_h.py:27] end move_flatidxs_group_fused_mp cost 3.290 ms
DEBUG 04-24 07:38:31.847003.847003 cuda_h.py:27] end get_fused_experts_names_w cost 0.018 ms
DEBUG 04-24 07:38:31.847068.847068 cuda_h.py:27] end load_into_gpu_async_fused_experts_dual cost 5.593 ms
DEBUG 04-24 07:38:31.847737.847737 cuda_h.py:27] end restore_fused_tensors cost 0.604 ms
DEBUG 04-24 07:38:31.847925.847925 cuda_h.py:27] end restore_tensors2_fused_experts_packed cost 0.060 ms
DEBUG 04-24 07:38:31.847319.847319 cuda_h.py:27] end group_fused_tensors_mp cost 0.976 ms
DEBUG 04-24 07:38:31.847472.847472 cuda_h.py:27] end group stack cost 2.351 ms
DEBUG 04-24 07:38:31.847062.847062 cuda_h.py:27] end move_flatidxs_group_fused_mp cost 3.942 ms
DEBUG 04-24 07:38:31.847886.847886 cuda_h.py:27] end restore_tensors2_fused_experts_slices cost 0.307 ms
DEBUG 04-24 07:38:31.847307.847307 cuda_h.py:27] end get_fused_experts_names_w cost 0.021 ms
DEBUG 04-24 07:38:31.847982.847982 cuda_h.py:27] end allocate_experts_cuda_memory_and_restore_model_multi_device_fused cost 8.853 ms
DEBUG 04-24 07:38:31.848514.848514 cuda_h.py:27] end restore_fused_tensors cost 0.642 ms
DEBUG 04-24 07:38:31.848625.848625 cuda_h.py:27] end gpu_sexperts cost 0.004 ms
DEBUG 04-24 07:38:31.848923.848923 cuda_h.py:27] end group_fused_tensors_mp cost 0.980 ms
DEBUG 04-24 07:38:31.848398.848398 cuda_h.py:27] end wait_load_qkvogn_s_weight cost 0.016 ms
DEBUG 04-24 07:38:31.848793.848793 cuda_h.py:27] end restore_fused_tensors cost 0.693 ms
DEBUG 04-24 07:38:31.848160.848160 cuda_h.py:27] end group_fused_tensors_mp cost 0.969 ms
DEBUG 04-24 07:38:31.876681.876681 cuda_h.py:27] end wait_experts_multi_device cost 1.841 ms
DEBUG 04-24 07:38:31.882632.882632 mlpmodule.py:3373] [fused_group_bmm][steps] bmm1=26.393 ms split=0.078 ms act_mul=0.506 ms bmm2=7.508 ms
DEBUG 04-24 07:38:31.882302.882302 cuda_h.py:27] end fused_group_bmm cost 34.766 ms
DEBUG 04-24 07:38:31.882401.882401 mlpmodule.py:3373] [fused_group_bmm][steps] bmm1=25.261 ms split=0.076 ms act_mul=0.503 ms bmm2=7.710 ms
DEBUG 04-24 07:38:31.882122.882122 cuda_h.py:27] end fused_group_bmm cost 33.757 ms
DEBUG 04-24 07:38:31.882577.882577 cuda_h.py:27] end gather_outputs_group_fused_mp cost 0.442 ms
DEBUG 04-24 07:38:31.883430.883430 cuda_h.py:27] end cpu_experts_worker_bmm_or_einsum cost 40.386 ms
DEBUG 04-24 07:38:31.883743.883743 cuda_h.py:27] end gather_outputs_group_fused_mp cost 0.573 ms
DEBUG 04-24 07:38:31.883572.883572 cuda_h.py:27] end cpu_experts_worker_bmm_or_einsum cost 40.406 ms
DEBUG 04-24 07:38:31.884289.884289 mlpmodule.py:3373] [fused_group_bmm][steps] bmm1=24.661 ms split=0.119 ms act_mul=0.636 ms bmm2=11.009 ms
DEBUG 04-24 07:38:31.884162.884162 cuda_h.py:27] end fused_group_bmm cost 36.600 ms
DEBUG 04-24 07:38:31.885653.885653 cuda_h.py:27] end gather_outputs_group_fused_mp cost 0.399 ms
DEBUG 04-24 07:38:31.885652.885652 cuda_h.py:27] end gpu_experts_multi_device_fused cost 9.446 ms
DEBUG 04-24 07:38:31.886425.886425 cuda_h.py:27] end cpu_experts_worker_bmm_or_einsum cost 42.566 ms
DEBUG 04-24 07:38:31.887700.887700 cuda_h.py:27] end cpu_thread_manager_mp_wait_fused cost 1.688 ms
DEBUG 04-24 07:38:31.887062.887062 cuda_h.py:27] end layer_moe_generate_mp_multi_device_fused_l_13 cost 50.023 ms
DEBUG 04-24 07:38:31.891324.891324 cuda_h.py:27] end *mlp cost 53.901 ms
DEBUG 04-24 07:38:31.891433.891433 cuda_h.py:27] end prefill_layer cost 58.338 ms
DEBUG 04-24 07:38:31.891288.891288 lmp.py:320] -------------------------------- end prefill layer 12 --------------------------------
DEBUG 04-24 07:38:31.892109.892109 lmp.py:273] -------------------------------- start prefill layer 13 --------------------------------
DEBUG 04-24 07:38:31.892377.892377 cuda_h.py:27] end start_load_qkvogn_s_weight_l_14 cost 0.048 ms
DEBUG 04-24 07:38:31.892289.892289 cuda_h.py:27] end allocate_cuda_memory cost 0.361 ms
DEBUG 04-24 07:38:31.893020.893020 sllm_store_c.py:27] get device uuid map
DEBUG 04-24 07:38:31.893180.893180 sllm_store_c.py:29] call client load into gpu
DEBUG 04-24 07:38:31.895893.895893 cuda_h.py:27] end **self_attn cost 1.436 ms
DEBUG 04-24 07:38:31.895915.895915 cuda_h.py:27] end *iln_self_attn_paln cost 3.264 ms
DEBUG 04-24 07:38:31.895383.895383 cuda_h.py:27] end load_into_gpu_async cost 2.719 ms
DEBUG 04-24 07:38:31.896282.896282 cuda_h.py:27] end restore_tensors2 cost 0.171 ms
DEBUG 04-24 07:38:31.896299.896299 cuda_h.py:27] end allocate_cuda_memory_and_load_into_gpu cost 3.928 ms
DEBUG 04-24 07:38:31.896834.896834 cuda_h.py:27] end gate cost 1.483 ms
DEBUG 04-24 07:38:31.897306.897306 cuda_h.py:27] end experts_map_get cost 0.350 ms
DEBUG 04-24 07:38:31.897673.897673 cuda_h.py:27] end **before experts start cost 2.008 ms
DEBUG 04-24 07:38:31.897659.897659 cuda_h.py:27] end cpu_experts_submit_fused_mp cost 0.172 ms
DEBUG 04-24 07:38:31.900235.900235 sllm_store_c.py:27] get device uuid map
DEBUG 04-24 07:38:31.900192.900192 sllm_store_c.py:29] call client load into gpu
DEBUG 04-24 07:38:31.903665.903665 cuda_h.py:27] end prepare_group_stack cost 0.600 ms
DEBUG 04-24 07:38:31.903299.903299 cuda_h.py:27] end prepare_group_stack cost 0.641 ms
DEBUG 04-24 07:38:31.903648.903648 cuda_h.py:27] end prepare_group_stack cost 0.753 ms
DEBUG 04-24 07:38:31.904078.904078 cuda_h.py:27] end group stack cost 1.527 ms
DEBUG 04-24 07:38:31.904022.904022 cuda_h.py:27] end move_flatidxs_group_fused_mp cost 2.473 ms
DEBUG 04-24 07:38:31.904169.904169 cuda_h.py:27] end group stack cost 1.672 ms
DEBUG 04-24 07:38:31.905340.905340 cuda_h.py:27] end get_fused_experts_names_w cost 0.019 ms
DEBUG 04-24 07:38:31.905128.905128 cuda_h.py:27] end move_flatidxs_group_fused_mp cost 2.586 ms
DEBUG 04-24 07:38:31.905372.905372 cuda_h.py:27] end get_fused_experts_names_w cost 0.020 ms
DEBUG 04-24 07:38:31.905877.905877 cuda_h.py:27] end restore2model cost 1.417 ms
DEBUG 04-24 07:38:31.905191.905191 cuda_h.py:27] end group stack cost 2.063 ms
DEBUG 04-24 07:38:31.905374.905374 cuda_h.py:27] end move_flatidxs_group_fused_mp cost 3.065 ms
DEBUG 04-24 07:38:31.905896.905896 cuda_h.py:27] end sllm_worker_task cost 13.432 ms
DEBUG 04-24 07:38:31.905285.905285 cuda_h.py:27] end get_fused_experts_names_w cost 0.020 ms
DEBUG 04-24 07:38:31.905312.905312 cuda_h.py:27] end restore_fused_tensors cost 0.615 ms
DEBUG 04-24 07:38:31.905225.905225 cuda_h.py:27] end load_into_gpu_async_fused_experts_dual cost 5.604 ms
DEBUG 04-24 07:38:31.906171.906171 cuda_h.py:27] end group_fused_tensors_mp cost 0.916 ms
DEBUG 04-24 07:38:31.906164.906164 cuda_h.py:27] end restore_fused_tensors cost 0.613 ms
DEBUG 04-24 07:38:31.906935.906935 cuda_h.py:27] end restore_tensors2_fused_experts_packed cost 0.061 ms
DEBUG 04-24 07:38:31.906077.906077 cuda_h.py:27] end group_fused_tensors_mp cost 0.930 ms
DEBUG 04-24 07:38:31.906193.906193 cuda_h.py:27] end restore_tensors2_fused_experts_slices cost 0.292 ms
DEBUG 04-24 07:38:31.906540.906540 cuda_h.py:27] end allocate_experts_cuda_memory_and_restore_model_multi_device_fused cost 8.666 ms
DEBUG 04-24 07:38:31.906084.906084 cuda_h.py:27] end restore_fused_tensors cost 0.577 ms
DEBUG 04-24 07:38:31.906394.906394 cuda_h.py:27] end gpu_sexperts cost 0.009 ms
DEBUG 04-24 07:38:31.906354.906354 cuda_h.py:27] end group_fused_tensors_mp cost 0.917 ms
DEBUG 04-24 07:38:31.906600.906600 cuda_h.py:27] end wait_load_qkvogn_s_weight cost 0.016 ms
DEBUG 04-24 07:38:31.935767.935767 cuda_h.py:27] end wait_experts_multi_device cost 2.239 ms
DEBUG 04-24 07:38:31.938240.938240 mlpmodule.py:3373] [fused_group_bmm][steps] bmm1=20.731 ms split=0.263 ms act_mul=0.710 ms bmm2=10.379 ms
DEBUG 04-24 07:38:31.938943.938943 cuda_h.py:27] end fused_group_bmm cost 32.351 ms
DEBUG 04-24 07:38:31.939325.939325 cuda_h.py:27] end gather_outputs_group_fused_mp cost 0.479 ms
DEBUG 04-24 07:38:31.939596.939596 cuda_h.py:27] end cpu_experts_worker_bmm_or_einsum cost 37.242 ms
DEBUG 04-24 07:38:31.940899.940899 mlpmodule.py:3373] [fused_group_bmm][steps] bmm1=27.255 ms split=0.084 ms act_mul=0.575 ms bmm2=6.036 ms
DEBUG 04-24 07:38:31.940237.940237 mlpmodule.py:3373] [fused_group_bmm][steps] bmm1=26.477 ms split=0.083 ms act_mul=0.575 ms bmm2=6.037 ms
DEBUG 04-24 07:38:31.940971.940971 cuda_h.py:27] end fused_group_bmm cost 34.130 ms
DEBUG 04-24 07:38:31.940984.940984 cuda_h.py:27] end fused_group_bmm cost 33.361 ms
DEBUG 04-24 07:38:31.941574.941574 cuda_h.py:27] end gather_outputs_group_fused_mp cost 0.409 ms
DEBUG 04-24 07:38:31.941005.941005 cuda_h.py:27] end gather_outputs_group_fused_mp cost 0.612 ms
DEBUG 04-24 07:38:31.941472.941472 cuda_h.py:27] end cpu_experts_worker_bmm_or_einsum cost 39.298 ms
DEBUG 04-24 07:38:31.941323.941323 cuda_h.py:27] end cpu_experts_worker_bmm_or_einsum cost 39.379 ms
DEBUG 04-24 07:38:31.943964.943964 cuda_h.py:27] end gpu_experts_multi_device_fused cost 7.360 ms
DEBUG 04-24 07:38:31.945684.945684 cuda_h.py:27] end cpu_thread_manager_mp_wait_fused cost 1.789 ms
DEBUG 04-24 07:38:31.945013.945013 cuda_h.py:27] end layer_moe_generate_mp_multi_device_fused_l_14 cost 49.764 ms
DEBUG 04-24 07:38:31.949914.949914 cuda_h.py:27] end *mlp cost 53.727 ms
DEBUG 04-24 07:38:31.949924.949924 cuda_h.py:27] end prefill_layer cost 57.166 ms
DEBUG 04-24 07:38:31.949110.949110 lmp.py:320] -------------------------------- end prefill layer 13 --------------------------------
DEBUG 04-24 07:38:31.949461.949461 lmp.py:273] -------------------------------- start prefill layer 14 --------------------------------
DEBUG 04-24 07:38:31.949821.949821 cuda_h.py:27] end start_load_qkvogn_s_weight_l_15 cost 0.048 ms
DEBUG 04-24 07:38:31.950544.950544 cuda_h.py:27] end allocate_cuda_memory cost 0.382 ms
DEBUG 04-24 07:38:31.950498.950498 sllm_store_c.py:27] get device uuid map
DEBUG 04-24 07:38:31.950215.950215 sllm_store_c.py:29] call client load into gpu
DEBUG 04-24 07:38:31.952345.952345 cuda_h.py:27] end **self_attn cost 1.456 ms
DEBUG 04-24 07:38:31.952890.952890 cuda_h.py:27] end *iln_self_attn_paln cost 3.303 ms
DEBUG 04-24 07:38:31.953461.953461 cuda_h.py:27] end load_into_gpu_async cost 2.843 ms
DEBUG 04-24 07:38:31.953425.953425 cuda_h.py:27] end restore_tensors2 cost 0.170 ms
DEBUG 04-24 07:38:31.953046.953046 cuda_h.py:27] end allocate_cuda_memory_and_load_into_gpu cost 3.992 ms
DEBUG 04-24 07:38:31.954701.954701 cuda_h.py:27] end gate cost 1.387 ms
DEBUG 04-24 07:38:31.954266.954266 cuda_h.py:27] end experts_map_get cost 0.350 ms
DEBUG 04-24 07:38:31.954871.954871 cuda_h.py:27] end **before experts start cost 1.924 ms
DEBUG 04-24 07:38:31.955346.955346 cuda_h.py:27] end cpu_experts_submit_fused_mp cost 0.166 ms
DEBUG 04-24 07:38:31.957950.957950 sllm_store_c.py:27] get device uuid map
DEBUG 04-24 07:38:31.957471.957471 sllm_store_c.py:29] call client load into gpu
DEBUG 04-24 07:38:31.961560.961560 cuda_h.py:27] end prepare_group_stack cost 0.752 ms
DEBUG 04-24 07:38:31.961845.961845 cuda_h.py:27] end prepare_group_stack cost 0.919 ms
DEBUG 04-24 07:38:31.962831.962831 cuda_h.py:27] end group stack cost 1.450 ms
DEBUG 04-24 07:38:31.962113.962113 cuda_h.py:27] end move_flatidxs_group_fused_mp cost 2.463 ms
DEBUG 04-24 07:38:31.962678.962678 cuda_h.py:27] end get_fused_experts_names_w cost 0.020 ms
DEBUG 04-24 07:38:31.963863.963863 cuda_h.py:27] end prepare_group_stack cost 2.865 ms
DEBUG 04-24 07:38:31.963630.963630 cuda_h.py:27] end group stack cost 1.997 ms
DEBUG 04-24 07:38:31.963213.963213 cuda_h.py:27] end move_flatidxs_group_fused_mp cost 3.209 ms
DEBUG 04-24 07:38:31.963502.963502 cuda_h.py:27] end get_fused_experts_names_w cost 0.022 ms
DEBUG 04-24 07:38:31.963840.963840 cuda_h.py:27] end restore_fused_tensors cost 0.598 ms
DEBUG 04-24 07:38:31.963130.963130 cuda_h.py:27] end group_fused_tensors_mp cost 1.060 ms
DEBUG 04-24 07:38:31.964574.964574 cuda_h.py:27] end restore2model cost 2.092 ms
DEBUG 04-24 07:38:31.964137.964137 cuda_h.py:27] end sllm_worker_task cost 14.624 ms
DEBUG 04-24 07:38:31.964734.964734 cuda_h.py:27] end load_into_gpu_async_fused_experts_dual cost 7.206 ms
DEBUG 04-24 07:38:31.964322.964322 cuda_h.py:27] end restore_fused_tensors cost 0.814 ms
DEBUG 04-24 07:38:31.964079.964079 cuda_h.py:27] end group_fused_tensors_mp cost 1.048 ms
DEBUG 04-24 07:38:31.964275.964275 cuda_h.py:27] end restore_tensors2_fused_experts_packed cost 0.117 ms
DEBUG 04-24 07:38:31.965377.965377 cuda_h.py:27] end group stack cost 2.242 ms
DEBUG 04-24 07:38:31.965337.965337 cuda_h.py:27] end restore_tensors2_fused_experts_slices cost 0.631 ms
DEBUG 04-24 07:38:31.965885.965885 cuda_h.py:27] end move_flatidxs_group_fused_mp cost 5.532 ms
DEBUG 04-24 07:38:31.965628.965628 cuda_h.py:27] end allocate_experts_cuda_memory_and_restore_model_multi_device_fused cost 10.712 ms
DEBUG 04-24 07:38:31.966679.966679 cuda_h.py:27] end get_fused_experts_names_w cost 0.023 ms
DEBUG 04-24 07:38:31.966692.966692 cuda_h.py:27] end gpu_sexperts cost 0.010 ms
DEBUG 04-24 07:38:31.966592.966592 cuda_h.py:27] end wait_load_qkvogn_s_weight cost 0.027 ms
DEBUG 04-24 07:38:31.967620.967620 cuda_h.py:27] end restore_fused_tensors cost 1.093 ms
DEBUG 04-24 07:38:31.967663.967663 cuda_h.py:27] end group_fused_tensors_mp cost 1.348 ms
DEBUG 04-24 07:38:31.993280.993280 cuda_h.py:27] end wait_experts_multi_device cost 2.575 ms
DEBUG 04-24 07:38:31.994384.994384 mlpmodule.py:3373] [fused_group_bmm][steps] bmm1=25.000 ms split=0.124 ms act_mul=0.555 ms bmm2=4.812 ms
DEBUG 04-24 07:38:31.994172.994172 cuda_h.py:27] end fused_group_bmm cost 30.712 ms
DEBUG 04-24 07:38:31.995536.995536 cuda_h.py:27] end gather_outputs_group_fused_mp cost 0.532 ms
DEBUG 04-24 07:38:31.996523.996523 cuda_h.py:27] end cpu_experts_worker_bmm_or_einsum cost 36.572 ms
DEBUG 04-24 07:38:31.998031.998031 mlpmodule.py:3373] [fused_group_bmm][steps] bmm1=26.239 ms split=0.061 ms act_mul=0.523 ms bmm2=6.481 ms
DEBUG 04-24 07:38:31.998282.998282 cuda_h.py:27] end fused_group_bmm cost 33.515 ms
DEBUG 04-24 07:38:31.999339.999339 cuda_h.py:27] end gather_outputs_group_fused_mp cost 0.445 ms
DEBUG 04-24 07:38:31.999070.999070 cuda_h.py:27] end cpu_experts_worker_bmm_or_einsum cost 40.021 ms
DEBUG 04-24 07:38:31.999966.999966 cuda_h.py:27] end gpu_experts_multi_device_fused cost 6.034 ms
DEBUG 04-24 07:38:32.000250.000250 mlpmodule.py:3373] [fused_group_bmm][steps] bmm1=22.453 ms split=0.078 ms act_mul=0.611 ms bmm2=9.409 ms
DEBUG 04-24 07:38:32.000984.000984 cuda_h.py:27] end fused_group_bmm cost 32.768 ms
DEBUG 04-24 07:38:32.001120.001120 cuda_h.py:27] end gather_outputs_group_fused_mp cost 0.644 ms
DEBUG 04-24 07:38:32.001082.001082 cuda_h.py:27] end cpu_experts_worker_bmm_or_einsum cost 41.965 ms
DEBUG 04-24 07:38:32.002225.002225 cuda_h.py:27] end cpu_thread_manager_mp_wait_fused cost 2.486 ms
DEBUG 04-24 07:38:32.002488.002488 cuda_h.py:27] end layer_moe_generate_mp_multi_device_fused_l_15 cost 49.812 ms
DEBUG 04-24 07:38:32.006817.006817 cuda_h.py:27] end *mlp cost 53.109 ms
DEBUG 04-24 07:38:32.006918.006918 cuda_h.py:27] end prefill_layer cost 56.587 ms
DEBUG 04-24 07:38:32.006959.006959 lmp.py:320] -------------------------------- end prefill layer 14 --------------------------------
DEBUG 04-24 07:38:32.006993.006993 lmp.py:273] -------------------------------- start prefill layer 15 --------------------------------
DEBUG 04-24 07:38:32.006102.006102 cuda_h.py:27] end start_load_qkvogn_s_weight_l_16 cost 0.041 ms
DEBUG 04-24 07:38:32.006614.006614 cuda_h.py:27] end allocate_cuda_memory cost 0.194 ms
DEBUG 04-24 07:38:32.006719.006719 sllm_store_c.py:27] get device uuid map
DEBUG 04-24 07:38:32.007906.007906 sllm_store_c.py:29] call client load into gpu
DEBUG 04-24 07:38:32.009114.009114 cuda_h.py:27] end load_into_gpu_async cost 2.483 ms
DEBUG 04-24 07:38:32.009449.009449 cuda_h.py:27] end **self_attn cost 2.382 ms
DEBUG 04-24 07:38:32.009817.009817 cuda_h.py:27] end restore_tensors2 cost 0.216 ms
DEBUG 04-24 07:38:32.009255.009255 cuda_h.py:27] end allocate_cuda_memory_and_load_into_gpu cost 3.532 ms
DEBUG 04-24 07:38:32.010357.010357 cuda_h.py:27] end *iln_self_attn_paln cost 4.088 ms
DEBUG 04-24 07:38:32.010592.010592 cuda_h.py:27] end gate cost 0.553 ms
DEBUG 04-24 07:38:32.011130.011130 cuda_h.py:27] end experts_map_get cost 0.336 ms
DEBUG 04-24 07:38:32.011781.011781 cuda_h.py:27] end **before experts start cost 1.055 ms
DEBUG 04-24 07:38:32.011596.011596 cuda_h.py:27] end cpu_experts_submit_fused_mp cost 0.183 ms
DEBUG 04-24 07:38:32.014890.014890 cuda_h.py:27] end prepare_group_stack cost 0.877 ms
DEBUG 04-24 07:38:32.015041.015041 sllm_store_c.py:27] get device uuid map
DEBUG 04-24 07:38:32.015582.015582 sllm_store_c.py:29] call client load into gpu
DEBUG 04-24 07:38:32.015113.015113 cuda_h.py:27] end prepare_group_stack cost 1.258 ms
DEBUG 04-24 07:38:32.015226.015226 cuda_h.py:27] end prepare_group_stack cost 1.343 ms
DEBUG 04-24 07:38:32.016524.016524 cuda_h.py:27] end group stack cost 1.299 ms
DEBUG 04-24 07:38:32.016799.016799 cuda_h.py:27] end move_flatidxs_group_fused_mp cost 2.649 ms
DEBUG 04-24 07:38:32.016550.016550 cuda_h.py:27] end get_fused_experts_names_w cost 0.020 ms
DEBUG 04-24 07:38:32.016633.016633 cuda_h.py:27] end group stack cost 1.493 ms
DEBUG 04-24 07:38:32.017074.017074 cuda_h.py:27] end move_flatidxs_group_fused_mp cost 3.147 ms
DEBUG 04-24 07:38:32.017109.017109 cuda_h.py:27] end get_fused_experts_names_w cost 0.019 ms
DEBUG 04-24 07:38:32.017988.017988 cuda_h.py:27] end restore_fused_tensors cost 0.500 ms
DEBUG 04-24 07:38:32.017771.017771 cuda_h.py:27] end group_fused_tensors_mp cost 0.714 ms
DEBUG 04-24 07:38:32.017585.017585 cuda_h.py:27] end group stack cost 2.065 ms
DEBUG 04-24 07:38:32.017948.017948 cuda_h.py:27] end move_flatidxs_group_fused_mp cost 3.686 ms
DEBUG 04-24 07:38:32.017560.017560 cuda_h.py:27] end get_fused_experts_names_w cost 0.021 ms
DEBUG 04-24 07:38:32.017663.017663 cuda_h.py:27] end restore_fused_tensors cost 0.587 ms
DEBUG 04-24 07:38:32.017115.017115 cuda_h.py:27] end group_fused_tensors_mp cost 0.799 ms
DEBUG 04-24 07:38:32.018549.018549 cuda_h.py:27] end restore_fused_tensors cost 0.573 ms
DEBUG 04-24 07:38:32.018544.018544 cuda_h.py:27] end group_fused_tensors_mp cost 0.750 ms
DEBUG 04-24 07:38:32.019320.019320 cuda_h.py:27] end restore2model cost 1.660 ms
DEBUG 04-24 07:38:32.019673.019673 cuda_h.py:27] end sllm_worker_task cost 13.249 ms
DEBUG 04-24 07:38:32.019551.019551 cuda_h.py:27] end load_into_gpu_async_fused_experts_dual cost 4.715 ms
DEBUG 04-24 07:38:32.020447.020447 cuda_h.py:27] end restore_tensors2_fused_experts_packed cost 0.118 ms
DEBUG 04-24 07:38:32.020973.020973 cuda_h.py:27] end restore_tensors2_fused_experts_slices cost 0.313 ms
DEBUG 04-24 07:38:32.020129.020129 cuda_h.py:27] end allocate_experts_cuda_memory_and_restore_model_multi_device_fused cost 8.578 ms
DEBUG 04-24 07:38:32.020245.020245 cuda_h.py:27] end gpu_sexperts cost 0.013 ms
DEBUG 04-24 07:38:32.021698.021698 cuda_h.py:27] end wait_load_qkvogn_s_weight cost 0.031 ms
DEBUG 04-24 07:38:32.039649.039649 mlpmodule.py:3373] [fused_group_bmm][steps] bmm1=13.648 ms split=0.231 ms act_mul=0.713 ms bmm2=7.809 ms
DEBUG 04-24 07:38:32.040051.040051 cuda_h.py:27] end fused_group_bmm cost 22.971 ms
DEBUG 04-24 07:38:32.041212.041212 cuda_h.py:27] end gather_outputs_group_fused_mp cost 0.796 ms
DEBUG 04-24 07:38:32.042294.042294 cuda_h.py:27] end cpu_experts_worker_bmm_or_einsum cost 29.321 ms
DEBUG 04-24 07:38:32.044459.044459 mlpmodule.py:3373] [fused_group_bmm][steps] bmm1=14.964 ms split=0.072 ms act_mul=1.305 ms bmm2=10.154 ms
DEBUG 04-24 07:38:32.044698.044698 mlpmodule.py:3373] [fused_group_bmm][steps] bmm1=14.598 ms split=0.074 ms act_mul=0.940 ms bmm2=10.319 ms
DEBUG 04-24 07:38:32.044551.044551 cuda_h.py:27] end fused_group_bmm cost 26.691 ms
DEBUG 04-24 07:38:32.044187.044187 cuda_h.py:27] end fused_group_bmm cost 26.142 ms
DEBUG 04-24 07:38:32.045343.045343 cuda_h.py:27] end gather_outputs_group_fused_mp cost 0.465 ms
DEBUG 04-24 07:38:32.045176.045176 cuda_h.py:27] end gather_outputs_group_fused_mp cost 0.608 ms
DEBUG 04-24 07:38:32.045208.045208 cuda_h.py:27] end wait_experts_multi_device cost 1.132 ms
DEBUG 04-24 07:38:32.045338.045338 cuda_h.py:27] end cpu_experts_worker_bmm_or_einsum cost 32.835 ms
DEBUG 04-24 07:38:32.045539.045539 cuda_h.py:27] end cpu_experts_worker_bmm_or_einsum cost 33.065 ms
DEBUG 04-24 07:38:32.052927.052927 cuda_h.py:27] end gpu_experts_multi_device_fused cost 6.308 ms
DEBUG 04-24 07:38:32.053219.053219 cuda_h.py:27] end cpu_thread_manager_mp_wait_fused cost 1.516 ms
DEBUG 04-24 07:38:32.053316.053316 cuda_h.py:27] end layer_moe_generate_mp_multi_device_fused_l_16 cost 43.336 ms
DEBUG 04-24 07:38:32.056743.056743 cuda_h.py:27] end *mlp cost 45.829 ms
DEBUG 04-24 07:38:32.056204.056204 cuda_h.py:27] end prefill_layer cost 50.188 ms
DEBUG 04-24 07:38:32.056483.056483 lmp.py:320] -------------------------------- end prefill layer 15 --------------------------------
DEBUG 04-24 07:38:32.056755.056755 lmp.py:273] -------------------------------- start prefill layer 16 --------------------------------
DEBUG 04-24 07:38:32.056526.056526 cuda_h.py:27] end start_load_qkvogn_s_weight_l_17 cost 0.040 ms
DEBUG 04-24 07:38:32.056647.056647 cuda_h.py:27] end allocate_cuda_memory cost 0.267 ms
DEBUG 04-24 07:38:32.057072.057072 sllm_store_c.py:27] get device uuid map
DEBUG 04-24 07:38:32.057669.057669 sllm_store_c.py:29] call client load into gpu
DEBUG 04-24 07:38:32.058546.058546 cuda_h.py:27] end load_into_gpu_async cost 1.507 ms
DEBUG 04-24 07:38:32.058593.058593 cuda_h.py:27] end restore_tensors2 cost 0.125 ms
DEBUG 04-24 07:38:32.058710.058710 cuda_h.py:27] end allocate_cuda_memory_and_load_into_gpu cost 2.439 ms
DEBUG 04-24 07:38:32.059159.059159 cuda_h.py:27] end **self_attn cost 1.886 ms
DEBUG 04-24 07:38:32.059685.059685 cuda_h.py:27] end *iln_self_attn_paln cost 3.431 ms
DEBUG 04-24 07:38:32.060831.060831 cuda_h.py:27] end gate cost 0.513 ms
DEBUG 04-24 07:38:32.061718.061718 cuda_h.py:27] end experts_map_get cost 0.495 ms
DEBUG 04-24 07:38:32.061363.061363 cuda_h.py:27] end **before experts start cost 1.160 ms
DEBUG 04-24 07:38:32.061587.061587 cuda_h.py:27] end cpu_experts_submit_fused_mp cost 0.137 ms
DEBUG 04-24 07:38:32.064153.064153 sllm_store_c.py:27] get device uuid map
DEBUG 04-24 07:38:32.064023.064023 sllm_store_c.py:29] call client load into gpu
DEBUG 04-24 07:38:32.065796.065796 cuda_h.py:27] end prepare_group_stack cost 0.952 ms
DEBUG 04-24 07:38:32.065899.065899 cuda_h.py:27] end prepare_group_stack cost 1.114 ms
DEBUG 04-24 07:38:32.065204.065204 cuda_h.py:27] end prepare_group_stack cost 1.074 ms
DEBUG 04-24 07:38:32.067886.067886 cuda_h.py:27] end group stack cost 1.705 ms
DEBUG 04-24 07:38:32.067353.067353 cuda_h.py:27] end move_flatidxs_group_fused_mp cost 3.012 ms
DEBUG 04-24 07:38:32.067149.067149 cuda_h.py:27] end get_fused_experts_names_w cost 0.018 ms
DEBUG 04-24 07:38:32.067098.067098 cuda_h.py:27] end group stack cost 2.157 ms
DEBUG 04-24 07:38:32.067751.067751 cuda_h.py:27] end move_flatidxs_group_fused_mp cost 3.584 ms
DEBUG 04-24 07:38:32.067797.067797 cuda_h.py:27] end restore_fused_tensors cost 0.574 ms
DEBUG 04-24 07:38:32.067864.067864 cuda_h.py:27] end get_fused_experts_names_w cost 0.024 ms
DEBUG 04-24 07:38:32.067918.067918 cuda_h.py:27] end group_fused_tensors_mp cost 0.834 ms
DEBUG 04-24 07:38:32.068963.068963 cuda_h.py:27] end group stack cost 3.006 ms
DEBUG 04-24 07:38:32.068384.068384 cuda_h.py:27] end move_flatidxs_group_fused_mp cost 4.278 ms
DEBUG 04-24 07:38:32.068896.068896 cuda_h.py:27] end get_fused_experts_names_w cost 0.019 ms
DEBUG 04-24 07:38:32.068113.068113 cuda_h.py:27] end restore_fused_tensors cost 0.662 ms
DEBUG 04-24 07:38:32.068539.068539 cuda_h.py:27] end group_fused_tensors_mp cost 0.807 ms
DEBUG 04-24 07:38:32.069416.069416 cuda_h.py:27] end restore_fused_tensors cost 0.722 ms
DEBUG 04-24 07:38:32.069544.069544 cuda_h.py:27] end group_fused_tensors_mp cost 0.992 ms
DEBUG 04-24 07:38:32.071735.071735 cuda_h.py:27] end restore2model cost 1.061 ms
DEBUG 04-24 07:38:32.072535.072535 cuda_h.py:27] end sllm_worker_task cost 15.620 ms
DEBUG 04-24 07:38:32.075308.075308 cuda_h.py:27] end load_into_gpu_async_fused_experts_dual cost 10.911 ms
DEBUG 04-24 07:38:32.075158.075158 cuda_h.py:27] end restore_tensors2_fused_experts_packed cost 0.155 ms
DEBUG 04-24 07:38:32.076009.076009 cuda_h.py:27] end restore_tensors2_fused_experts_slices cost 0.301 ms
DEBUG 04-24 07:38:32.076728.076728 cuda_h.py:27] end allocate_experts_cuda_memory_and_restore_model_multi_device_fused cost 14.380 ms
DEBUG 04-24 07:38:32.076643.076643 cuda_h.py:27] end gpu_sexperts cost 0.007 ms
DEBUG 04-24 07:38:32.076116.076116 cuda_h.py:27] end wait_load_qkvogn_s_weight cost 0.024 ms
DEBUG 04-24 07:38:32.100025.100025 mlpmodule.py:3373] [fused_group_bmm][steps] bmm1=15.894 ms split=0.164 ms act_mul=0.763 ms bmm2=15.497 ms
DEBUG 04-24 07:38:32.100518.100518 cuda_h.py:27] end wait_experts_multi_device cost 2.547 ms
DEBUG 04-24 07:38:32.100005.100005 cuda_h.py:27] end fused_group_bmm cost 32.543 ms
DEBUG 04-24 07:38:32.100613.100613 mlpmodule.py:3373] [fused_group_bmm][steps] bmm1=19.971 ms split=0.111 ms act_mul=1.320 ms bmm2=9.792 ms
DEBUG 04-24 07:38:32.101630.101630 cuda_h.py:27] end fused_group_bmm cost 31.512 ms
DEBUG 04-24 07:38:32.101998.101998 mlpmodule.py:3373] [fused_group_bmm][steps] bmm1=16.841 ms split=0.117 ms act_mul=2.391 ms bmm2=12.795 ms
DEBUG 04-24 07:38:32.101379.101379 cuda_h.py:27] end gather_outputs_group_fused_mp cost 0.443 ms
DEBUG 04-24 07:38:32.101136.101136 cuda_h.py:27] end fused_group_bmm cost 32.340 ms
DEBUG 04-24 07:38:32.101375.101375 cuda_h.py:27] end cpu_experts_worker_bmm_or_einsum cost 38.641 ms
DEBUG 04-24 07:38:32.101398.101398 cuda_h.py:27] end gather_outputs_group_fused_mp cost 0.556 ms
DEBUG 04-24 07:38:32.101113.101113 cuda_h.py:27] end gather_outputs_group_fused_mp cost 0.395 ms
DEBUG 04-24 07:38:32.102041.102041 cuda_h.py:27] end cpu_experts_worker_bmm_or_einsum cost 39.104 ms
DEBUG 04-24 07:38:32.102404.102404 cuda_h.py:27] end cpu_experts_worker_bmm_or_einsum cost 39.250 ms
DEBUG 04-24 07:38:32.105829.105829 cuda_h.py:27] end gpu_experts_multi_device_fused cost 5.225 ms
DEBUG 04-24 07:38:32.107100.107100 cuda_h.py:27] end cpu_thread_manager_mp_wait_fused cost 1.625 ms
DEBUG 04-24 07:38:32.107124.107124 cuda_h.py:27] end layer_moe_generate_mp_multi_device_fused_l_17 cost 47.821 ms
DEBUG 04-24 07:38:32.110421.110421 cuda_h.py:27] end *mlp cost 50.778 ms
DEBUG 04-24 07:38:32.110465.110465 cuda_h.py:27] end prefill_layer cost 54.418 ms
DEBUG 04-24 07:38:32.110221.110221 lmp.py:320] -------------------------------- end prefill layer 16 --------------------------------
DEBUG 04-24 07:38:32.110731.110731 lmp.py:273] -------------------------------- start prefill layer 17 --------------------------------
DEBUG 04-24 07:38:32.110463.110463 cuda_h.py:27] end start_load_qkvogn_s_weight_l_18 cost 0.046 ms
DEBUG 04-24 07:38:32.111906.111906 cuda_h.py:27] end allocate_cuda_memory cost 0.356 ms
DEBUG 04-24 07:38:32.111609.111609 sllm_store_c.py:27] get device uuid map
DEBUG 04-24 07:38:32.112579.112579 sllm_store_c.py:29] call client load into gpu
DEBUG 04-24 07:38:32.114371.114371 cuda_h.py:27] end load_into_gpu_async cost 2.175 ms
DEBUG 04-24 07:38:32.114401.114401 cuda_h.py:27] end **self_attn cost 2.021 ms
DEBUG 04-24 07:38:32.114494.114494 cuda_h.py:27] end restore_tensors2 cost 0.134 ms
DEBUG 04-24 07:38:32.114726.114726 cuda_h.py:27] end allocate_cuda_memory_and_load_into_gpu cost 3.615 ms
DEBUG 04-24 07:38:32.114338.114338 cuda_h.py:27] end *iln_self_attn_paln cost 4.025 ms
DEBUG 04-24 07:38:32.115756.115756 cuda_h.py:27] end gate cost 0.525 ms
DEBUG 04-24 07:38:32.117437.117437 cuda_h.py:27] end experts_map_get cost 2.218 ms
DEBUG 04-24 07:38:32.117942.117942 cuda_h.py:27] end **before experts start cost 2.922 ms
DEBUG 04-24 07:38:32.118226.118226 cuda_h.py:27] end cpu_experts_submit_fused_mp cost 0.145 ms
DEBUG 04-24 07:38:32.121585.121585 sllm_store_c.py:27] get device uuid map
DEBUG 04-24 07:38:32.121780.121780 sllm_store_c.py:29] call client load into gpu
DEBUG 04-24 07:38:32.122221.122221 cuda_h.py:27] end prepare_group_stack cost 1.818 ms
DEBUG 04-24 07:38:32.122267.122267 cuda_h.py:27] end prepare_group_stack cost 1.847 ms
DEBUG 04-24 07:38:32.123594.123594 cuda_h.py:27] end prepare_group_stack cost 0.601 ms
DEBUG 04-24 07:38:32.124179.124179 cuda_h.py:27] end restore2model cost 0.760 ms
DEBUG 04-24 07:38:32.124209.124209 cuda_h.py:27] end sllm_worker_task cost 13.493 ms
DEBUG 04-24 07:38:32.124037.124037 cuda_h.py:27] end group stack cost 2.243 ms
DEBUG 04-24 07:38:32.124051.124051 cuda_h.py:27] end load_into_gpu_async_fused_experts_dual cost 3.072 ms
DEBUG 04-24 07:38:32.124507.124507 cuda_h.py:27] end move_flatidxs_group_fused_mp cost 4.463 ms
DEBUG 04-24 07:38:32.125691.125691 cuda_h.py:27] end get_fused_experts_names_w cost 0.023 ms
DEBUG 04-24 07:38:32.125400.125400 cuda_h.py:27] end group stack cost 2.596 ms
DEBUG 04-24 07:38:32.125269.125269 cuda_h.py:27] end restore_tensors2_fused_experts_packed cost 0.063 ms
DEBUG 04-24 07:38:32.125081.125081 cuda_h.py:27] end move_flatidxs_group_fused_mp cost 4.785 ms
DEBUG 04-24 07:38:32.125162.125162 cuda_h.py:27] end group stack cost 1.598 ms
DEBUG 04-24 07:38:32.125517.125517 cuda_h.py:27] end get_fused_experts_names_w cost 0.020 ms
DEBUG 04-24 07:38:32.125729.125729 cuda_h.py:27] end move_flatidxs_group_fused_mp cost 2.472 ms
DEBUG 04-24 07:38:32.125121.125121 cuda_h.py:27] end restore_tensors2_fused_experts_slices cost 0.230 ms
DEBUG 04-24 07:38:32.125231.125231 cuda_h.py:27] end get_fused_experts_names_w cost 0.020 ms
DEBUG 04-24 07:38:32.125046.125046 cuda_h.py:27] end allocate_experts_cuda_memory_and_restore_model_multi_device_fused cost 7.060 ms
DEBUG 04-24 07:38:32.125574.125574 cuda_h.py:27] end gpu_sexperts cost 0.004 ms
DEBUG 04-24 07:38:32.125271.125271 cuda_h.py:27] end restore_fused_tensors cost 0.569 ms
DEBUG 04-24 07:38:32.125121.125121 cuda_h.py:27] end group_fused_tensors_mp cost 0.799 ms
DEBUG 04-24 07:38:32.125419.125419 cuda_h.py:27] end wait_load_qkvogn_s_weight cost 0.018 ms
DEBUG 04-24 07:38:32.126832.126832 cuda_h.py:27] end restore_fused_tensors cost 0.582 ms
DEBUG 04-24 07:38:32.126007.126007 cuda_h.py:27] end group_fused_tensors_mp cost 0.805 ms
DEBUG 04-24 07:38:32.126366.126366 cuda_h.py:27] end restore_fused_tensors cost 0.517 ms
DEBUG 04-24 07:38:32.126521.126521 cuda_h.py:27] end group_fused_tensors_mp cost 0.764 ms
DEBUG 04-24 07:38:32.153438.153438 cuda_h.py:27] end wait_experts_multi_device cost 1.962 ms
DEBUG 04-24 07:38:32.160093.160093 cuda_h.py:27] end gpu_experts_multi_device_fused cost 6.723 ms
DEBUG 04-24 07:38:32.161501.161501 mlpmodule.py:3373] [fused_group_bmm][steps] bmm1=25.507 ms split=0.107 ms act_mul=0.612 ms bmm2=8.673 ms
DEBUG 04-24 07:38:32.161064.161064 cuda_h.py:27] end fused_group_bmm cost 35.132 ms
DEBUG 04-24 07:38:32.161386.161386 mlpmodule.py:3373] [fused_group_bmm][steps] bmm1=26.533 ms split=0.076 ms act_mul=0.581 ms bmm2=8.399 ms
DEBUG 04-24 07:38:32.161888.161888 cuda_h.py:27] end fused_group_bmm cost 35.770 ms
DEBUG 04-24 07:38:32.162499.162499 mlpmodule.py:3373] [fused_group_bmm][steps] bmm1=22.734 ms split=0.110 ms act_mul=0.637 ms bmm2=12.036 ms
DEBUG 04-24 07:38:32.162967.162967 cuda_h.py:27] end gather_outputs_group_fused_mp cost 0.614 ms
DEBUG 04-24 07:38:32.162392.162392 cuda_h.py:27] end fused_group_bmm cost 35.709 ms
DEBUG 04-24 07:38:32.162787.162787 cuda_h.py:27] end gather_outputs_group_fused_mp cost 0.397 ms
DEBUG 04-24 07:38:32.162419.162419 cuda_h.py:27] end cpu_experts_worker_bmm_or_einsum cost 43.263 ms
DEBUG 04-24 07:38:32.162627.162627 cuda_h.py:27] end gather_outputs_group_fused_mp cost 0.440 ms
DEBUG 04-24 07:38:32.162085.162085 cuda_h.py:27] end cpu_experts_worker_bmm_or_einsum cost 43.411 ms
DEBUG 04-24 07:38:32.163563.163563 cuda_h.py:27] end cpu_experts_worker_bmm_or_einsum cost 40.506 ms
DEBUG 04-24 07:38:32.166011.166011 cuda_h.py:27] end cpu_thread_manager_mp_wait_fused cost 6.029 ms
DEBUG 04-24 07:38:32.166512.166512 cuda_h.py:27] end layer_moe_generate_mp_multi_device_fused_l_18 cost 51.795 ms
DEBUG 04-24 07:38:32.167243.167243 cuda_h.py:27] end *mlp cost 52.474 ms
DEBUG 04-24 07:38:32.167630.167630 cuda_h.py:27] end prefill_layer cost 56.700 ms
DEBUG 04-24 07:38:32.167909.167909 lmp.py:320] -------------------------------- end prefill layer 17 --------------------------------
DEBUG 04-24 07:38:32.167269.167269 lmp.py:273] -------------------------------- start prefill layer 18 --------------------------------
DEBUG 04-24 07:38:32.167179.167179 cuda_h.py:27] end start_load_qkvogn_s_weight_l_19 cost 0.043 ms
DEBUG 04-24 07:38:32.168086.168086 cuda_h.py:27] end allocate_cuda_memory cost 0.360 ms
DEBUG 04-24 07:38:32.168530.168530 sllm_store_c.py:27] get device uuid map
DEBUG 04-24 07:38:32.168585.168585 sllm_store_c.py:29] call client load into gpu
DEBUG 04-24 07:38:32.170660.170660 cuda_h.py:27] end **self_attn cost 1.365 ms
DEBUG 04-24 07:38:32.170397.170397 cuda_h.py:27] end *iln_self_attn_paln cost 3.022 ms
DEBUG 04-24 07:38:32.171982.171982 cuda_h.py:27] end load_into_gpu_async cost 2.435 ms
DEBUG 04-24 07:38:32.171049.171049 cuda_h.py:27] end restore_tensors2 cost 0.135 ms
DEBUG 04-24 07:38:32.171992.171992 cuda_h.py:27] end allocate_cuda_memory_and_load_into_gpu cost 3.375 ms
DEBUG 04-24 07:38:32.172091.172091 cuda_h.py:27] end gate cost 1.194 ms
DEBUG 04-24 07:38:32.172744.172744 cuda_h.py:27] end experts_map_get cost 0.376 ms
DEBUG 04-24 07:38:32.172508.172508 cuda_h.py:27] end **before experts start cost 1.804 ms
DEBUG 04-24 07:38:32.173138.173138 cuda_h.py:27] end cpu_experts_submit_fused_mp cost 0.184 ms
DEBUG 04-24 07:38:32.176717.176717 cuda_h.py:27] end prepare_group_stack cost 0.538 ms
DEBUG 04-24 07:38:32.176426.176426 cuda_h.py:27] end prepare_group_stack cost 0.564 ms
DEBUG 04-24 07:38:32.176429.176429 cuda_h.py:27] end prepare_group_stack cost 0.831 ms
DEBUG 04-24 07:38:32.176847.176847 sllm_store_c.py:27] get device uuid map
DEBUG 04-24 07:38:32.176800.176800 sllm_store_c.py:29] call client load into gpu
DEBUG 04-24 07:38:32.177222.177222 cuda_h.py:27] end group stack cost 1.538 ms
DEBUG 04-24 07:38:32.177874.177874 cuda_h.py:27] end move_flatidxs_group_fused_mp cost 2.289 ms
DEBUG 04-24 07:38:32.177909.177909 cuda_h.py:27] end get_fused_experts_names_w cost 0.020 ms
DEBUG 04-24 07:38:32.178126.178126 cuda_h.py:27] end group stack cost 1.845 ms
DEBUG 04-24 07:38:32.178109.178109 cuda_h.py:27] end restore_fused_tensors cost 0.606 ms
DEBUG 04-24 07:38:32.178653.178653 cuda_h.py:27] end move_flatidxs_group_fused_mp cost 2.983 ms
DEBUG 04-24 07:38:32.178846.178846 cuda_h.py:27] end group_fused_tensors_mp cost 0.714 ms
DEBUG 04-24 07:38:32.178403.178403 cuda_h.py:27] end get_fused_experts_names_w cost 0.020 ms
DEBUG 04-24 07:38:32.178529.178529 cuda_h.py:27] end group stack cost 2.225 ms
DEBUG 04-24 07:38:32.178427.178427 cuda_h.py:27] end move_flatidxs_group_fused_mp cost 3.389 ms
DEBUG 04-24 07:38:32.179923.179923 cuda_h.py:27] end get_fused_experts_names_w cost 0.032 ms
DEBUG 04-24 07:38:32.179664.179664 cuda_h.py:27] end restore_fused_tensors cost 0.615 ms
DEBUG 04-24 07:38:32.179054.179054 cuda_h.py:27] end group_fused_tensors_mp cost 0.852 ms
DEBUG 04-24 07:38:32.180366.180366 cuda_h.py:27] end restore_fused_tensors cost 0.813 ms
DEBUG 04-24 07:38:32.180891.180891 cuda_h.py:27] end group_fused_tensors_mp cost 1.065 ms
DEBUG 04-24 07:38:32.181564.181564 cuda_h.py:27] end restore2model cost 1.318 ms
DEBUG 04-24 07:38:32.181683.181683 cuda_h.py:27] end sllm_worker_task cost 13.324 ms
DEBUG 04-24 07:38:32.182344.182344 cuda_h.py:27] end load_into_gpu_async_fused_experts_dual cost 6.439 ms
DEBUG 04-24 07:38:32.183910.183910 cuda_h.py:27] end restore_tensors2_fused_experts_packed cost 0.251 ms
DEBUG 04-24 07:38:32.184427.184427 cuda_h.py:27] end restore_tensors2_fused_experts_slices cost 0.615 ms
DEBUG 04-24 07:38:32.184100.184100 cuda_h.py:27] end allocate_experts_cuda_memory_and_restore_model_multi_device_fused cost 11.017 ms
DEBUG 04-24 07:38:32.184279.184279 cuda_h.py:27] end gpu_sexperts cost 0.014 ms
DEBUG 04-24 07:38:32.185547.185547 cuda_h.py:27] end wait_load_qkvogn_s_weight cost 0.046 ms
DEBUG 04-24 07:38:32.210834.210834 mlpmodule.py:3373] [fused_group_bmm][steps] bmm1=21.169 ms split=0.062 ms act_mul=0.476 ms bmm2=10.013 ms
DEBUG 04-24 07:38:32.210878.210878 cuda_h.py:27] end fused_group_bmm cost 32.081 ms
DEBUG 04-24 07:38:32.211586.211586 cuda_h.py:27] end gather_outputs_group_fused_mp cost 0.532 ms
DEBUG 04-24 07:38:32.212582.212582 cuda_h.py:27] end cpu_experts_worker_bmm_or_einsum cost 37.529 ms
DEBUG 04-24 07:38:32.212662.212662 cuda_h.py:27] end wait_experts_multi_device cost 1.689 ms
DEBUG 04-24 07:38:32.212090.212090 mlpmodule.py:3373] [fused_group_bmm][steps] bmm1=19.032 ms split=0.106 ms act_mul=0.483 ms bmm2=13.765 ms
DEBUG 04-24 07:38:32.213831.213831 cuda_h.py:27] end fused_group_bmm cost 33.569 ms
DEBUG 04-24 07:38:32.213730.213730 mlpmodule.py:3373] [fused_group_bmm][steps] bmm1=18.736 ms split=0.080 ms act_mul=0.466 ms bmm2=13.537 ms
DEBUG 04-24 07:38:32.213302.213302 cuda_h.py:27] end fused_group_bmm cost 33.124 ms
DEBUG 04-24 07:38:32.213765.213765 cuda_h.py:27] end gather_outputs_group_fused_mp cost 0.403 ms
DEBUG 04-24 07:38:32.213213.213213 cuda_h.py:27] end gather_outputs_group_fused_mp cost 0.370 ms
DEBUG 04-24 07:38:32.214388.214388 cuda_h.py:27] end cpu_experts_worker_bmm_or_einsum cost 39.632 ms
DEBUG 04-24 07:38:32.214249.214249 cuda_h.py:27] end cpu_experts_worker_bmm_or_einsum cost 39.850 ms
DEBUG 04-24 07:38:32.217446.217446 cuda_h.py:27] end gpu_experts_multi_device_fused cost 5.491 ms
DEBUG 04-24 07:38:32.219807.219807 cuda_h.py:27] end cpu_thread_manager_mp_wait_fused cost 1.764 ms
DEBUG 04-24 07:38:32.219546.219546 cuda_h.py:27] end layer_moe_generate_mp_multi_device_fused_l_19 cost 48.846 ms
DEBUG 04-24 07:38:32.221189.221189 cuda_h.py:27] end *mlp cost 50.827 ms
DEBUG 04-24 07:38:32.221146.221146 cuda_h.py:27] end prefill_layer cost 54.297 ms
DEBUG 04-24 07:38:32.221194.221194 lmp.py:320] -------------------------------- end prefill layer 18 --------------------------------
DEBUG 04-24 07:38:32.222519.222519 lmp.py:273] -------------------------------- start prefill layer 19 --------------------------------
DEBUG 04-24 07:38:32.222642.222642 cuda_h.py:27] end start_load_qkvogn_s_weight_l_20 cost 0.049 ms
DEBUG 04-24 07:38:32.222582.222582 cuda_h.py:27] end allocate_cuda_memory cost 0.458 ms
DEBUG 04-24 07:38:32.223167.223167 sllm_store_c.py:27] get device uuid map
DEBUG 04-24 07:38:32.223955.223955 sllm_store_c.py:29] call client load into gpu
DEBUG 04-24 07:38:32.224234.224234 cuda_h.py:27] end load_into_gpu_async cost 1.797 ms
DEBUG 04-24 07:38:32.225431.225431 cuda_h.py:27] end restore_tensors2 cost 0.206 ms
DEBUG 04-24 07:38:32.225727.225727 cuda_h.py:27] end allocate_cuda_memory_and_load_into_gpu cost 3.099 ms
DEBUG 04-24 07:38:32.226287.226287 cuda_h.py:27] end **self_attn cost 2.378 ms
DEBUG 04-24 07:38:32.226654.226654 cuda_h.py:27] end *iln_self_attn_paln cost 4.595 ms
DEBUG 04-24 07:38:32.227134.227134 cuda_h.py:27] end gate cost 0.590 ms
DEBUG 04-24 07:38:32.227441.227441 cuda_h.py:27] end experts_map_get cost 0.371 ms
DEBUG 04-24 07:38:32.227337.227337 cuda_h.py:27] end **before experts start cost 1.138 ms
DEBUG 04-24 07:38:32.228317.228317 cuda_h.py:27] end cpu_experts_submit_fused_mp cost 0.163 ms
DEBUG 04-24 07:38:32.230961.230961 cuda_h.py:27] end prepare_group_stack cost 0.616 ms
DEBUG 04-24 07:38:32.230685.230685 sllm_store_c.py:27] get device uuid map
DEBUG 04-24 07:38:32.231575.231575 sllm_store_c.py:29] call client load into gpu
DEBUG 04-24 07:38:32.231553.231553 cuda_h.py:27] end prepare_group_stack cost 0.549 ms
DEBUG 04-24 07:38:32.231334.231334 cuda_h.py:27] end prepare_group_stack cost 0.756 ms
DEBUG 04-24 07:38:32.232902.232902 cuda_h.py:27] end group stack cost 1.517 ms
DEBUG 04-24 07:38:32.232323.232323 cuda_h.py:27] end move_flatidxs_group_fused_mp cost 2.340 ms
DEBUG 04-24 07:38:32.232560.232560 cuda_h.py:27] end get_fused_experts_names_w cost 0.020 ms
DEBUG 04-24 07:38:32.232457.232457 cuda_h.py:27] end group stack cost 1.121 ms
DEBUG 04-24 07:38:32.232547.232547 cuda_h.py:27] end move_flatidxs_group_fused_mp cost 1.972 ms
DEBUG 04-24 07:38:32.233447.233447 cuda_h.py:27] end restore_fused_tensors cost 0.605 ms
DEBUG 04-24 07:38:32.233329.233329 cuda_h.py:27] end group_fused_tensors_mp cost 0.837 ms
DEBUG 04-24 07:38:32.233044.233044 cuda_h.py:27] end get_fused_experts_names_w cost 0.020 ms
DEBUG 04-24 07:38:32.233893.233893 cuda_h.py:27] end group stack cost 1.281 ms
DEBUG 04-24 07:38:32.233131.233131 cuda_h.py:27] end move_flatidxs_group_fused_mp cost 2.414 ms
DEBUG 04-24 07:38:32.233619.233619 cuda_h.py:27] end get_fused_experts_names_w cost 0.023 ms
DEBUG 04-24 07:38:32.233086.233086 cuda_h.py:27] end restore_fused_tensors cost 0.499 ms
DEBUG 04-24 07:38:32.233924.233924 cuda_h.py:27] end group_fused_tensors_mp cost 0.778 ms
DEBUG 04-24 07:38:32.234526.234526 cuda_h.py:27] end restore_fused_tensors cost 0.600 ms
DEBUG 04-24 07:38:32.234656.234656 cuda_h.py:27] end group_fused_tensors_mp cost 0.925 ms
DEBUG 04-24 07:38:32.234917.234917 cuda_h.py:27] end load_into_gpu_async_fused_experts_dual cost 3.956 ms
DEBUG 04-24 07:38:32.235792.235792 cuda_h.py:27] end restore_tensors2_fused_experts_packed cost 0.111 ms
DEBUG 04-24 07:38:32.235328.235328 cuda_h.py:27] end restore2model cost 2.195 ms
DEBUG 04-24 07:38:32.236672.236672 cuda_h.py:27] end restore_tensors2_fused_experts_slices cost 0.646 ms
DEBUG 04-24 07:38:32.236489.236489 cuda_h.py:27] end sllm_worker_task cost 14.189 ms
DEBUG 04-24 07:38:32.236363.236363 cuda_h.py:27] end allocate_experts_cuda_memory_and_restore_model_multi_device_fused cost 8.190 ms
DEBUG 04-24 07:38:32.237031.237031 cuda_h.py:27] end gpu_sexperts cost 0.022 ms
DEBUG 04-24 07:38:32.237939.237939 cuda_h.py:27] end wait_load_qkvogn_s_weight cost 0.053 ms
DEBUG 04-24 07:38:32.264919.264919 mlpmodule.py:3373] [fused_group_bmm][steps] bmm1=22.802 ms split=0.151 ms act_mul=0.537 ms bmm2=6.669 ms
DEBUG 04-24 07:38:32.264774.264774 cuda_h.py:27] end fused_group_bmm cost 30.438 ms
DEBUG 04-24 07:38:32.264891.264891 cuda_h.py:27] end gather_outputs_group_fused_mp cost 0.465 ms
DEBUG 04-24 07:38:32.265563.265563 cuda_h.py:27] end wait_experts_multi_device cost 2.788 ms
DEBUG 04-24 07:38:32.265557.265557 mlpmodule.py:3373] [fused_group_bmm][steps] bmm1=22.684 ms split=0.084 ms act_mul=0.526 ms bmm2=7.170 ms
DEBUG 04-24 07:38:32.265628.265628 cuda_h.py:27] end cpu_experts_worker_bmm_or_einsum cost 35.588 ms
DEBUG 04-24 07:38:32.265683.265683 cuda_h.py:27] end fused_group_bmm cost 30.688 ms
DEBUG 04-24 07:38:32.265504.265504 mlpmodule.py:3373] [fused_group_bmm][steps] bmm1=19.750 ms split=0.177 ms act_mul=0.941 ms bmm2=11.211 ms
DEBUG 04-24 07:38:32.265781.265781 cuda_h.py:27] end fused_group_bmm cost 32.275 ms
DEBUG 04-24 07:38:32.265235.265235 cuda_h.py:27] end gather_outputs_group_fused_mp cost 0.425 ms
DEBUG 04-24 07:38:32.266221.266221 cuda_h.py:27] end cpu_experts_worker_bmm_or_einsum cost 36.292 ms
DEBUG 04-24 07:38:32.266884.266884 cuda_h.py:27] end gather_outputs_group_fused_mp cost 0.371 ms
DEBUG 04-24 07:38:32.266765.266765 cuda_h.py:27] end cpu_experts_worker_bmm_or_einsum cost 37.677 ms
DEBUG 04-24 07:38:32.271274.271274 cuda_h.py:27] end gpu_experts_multi_device_fused cost 5.749 ms
DEBUG 04-24 07:38:32.272706.272706 cuda_h.py:27] end cpu_thread_manager_mp_wait_fused cost 1.708 ms
DEBUG 04-24 07:38:32.273068.273068 cuda_h.py:27] end layer_moe_generate_mp_multi_device_fused_l_20 cost 46.303 ms
DEBUG 04-24 07:38:32.275762.275762 cuda_h.py:27] end *mlp cost 48.639 ms
DEBUG 04-24 07:38:32.275720.275720 cuda_h.py:27] end prefill_layer cost 53.446 ms
DEBUG 04-24 07:38:32.275390.275390 lmp.py:320] -------------------------------- end prefill layer 19 --------------------------------
DEBUG 04-24 07:38:32.275939.275939 lmp.py:273] -------------------------------- start prefill layer 20 --------------------------------
DEBUG 04-24 07:38:32.275530.275530 cuda_h.py:27] end start_load_qkvogn_s_weight_l_21 cost 0.050 ms
DEBUG 04-24 07:38:32.276092.276092 cuda_h.py:27] end allocate_cuda_memory cost 0.402 ms
DEBUG 04-24 07:38:32.276294.276294 sllm_store_c.py:27] get device uuid map
DEBUG 04-24 07:38:32.277401.277401 sllm_store_c.py:29] call client load into gpu
DEBUG 04-24 07:38:32.278366.278366 cuda_h.py:27] end load_into_gpu_async cost 2.157 ms
DEBUG 04-24 07:38:32.279481.279481 cuda_h.py:27] end restore_tensors2 cost 0.148 ms
DEBUG 04-24 07:38:32.279583.279583 cuda_h.py:27] end allocate_cuda_memory_and_load_into_gpu cost 3.286 ms
DEBUG 04-24 07:38:32.279777.279777 cuda_h.py:27] end **self_attn cost 1.926 ms
DEBUG 04-24 07:38:32.279730.279730 cuda_h.py:27] end *iln_self_attn_paln cost 4.067 ms
DEBUG 04-24 07:38:32.280396.280396 cuda_h.py:27] end gate cost 0.608 ms
DEBUG 04-24 07:38:32.281271.281271 cuda_h.py:27] end experts_map_get cost 0.336 ms
DEBUG 04-24 07:38:32.281916.281916 cuda_h.py:27] end **before experts start cost 1.109 ms
DEBUG 04-24 07:38:32.281067.281067 cuda_h.py:27] end cpu_experts_submit_fused_mp cost 0.127 ms
DEBUG 04-24 07:38:32.284166.284166 sllm_store_c.py:27] get device uuid map
DEBUG 04-24 07:38:32.284340.284340 sllm_store_c.py:29] call client load into gpu
DEBUG 04-24 07:38:32.284013.284013 cuda_h.py:27] end prepare_group_stack cost 0.528 ms
DEBUG 04-24 07:38:32.285005.285005 cuda_h.py:27] end group stack cost 1.237 ms
DEBUG 04-24 07:38:32.286849.286849 cuda_h.py:27] end move_flatidxs_group_fused_mp cost 1.970 ms
DEBUG 04-24 07:38:32.286739.286739 cuda_h.py:27] end get_fused_experts_names_w cost 0.016 ms
DEBUG 04-24 07:38:32.286994.286994 cuda_h.py:27] end prepare_group_stack cost 0.543 ms
DEBUG 04-24 07:38:32.286947.286947 cuda_h.py:27] end prepare_group_stack cost 0.555 ms
DEBUG 04-24 07:38:32.287922.287922 cuda_h.py:27] end restore_fused_tensors cost 0.710 ms
DEBUG 04-24 07:38:32.287501.287501 cuda_h.py:27] end group_fused_tensors_mp cost 1.037 ms
DEBUG 04-24 07:38:32.288485.288485 cuda_h.py:27] end group stack cost 1.321 ms
DEBUG 04-24 07:38:32.288521.288521 cuda_h.py:27] end move_flatidxs_group_fused_mp cost 2.072 ms
DEBUG 04-24 07:38:32.288402.288402 cuda_h.py:27] end get_fused_experts_names_w cost 0.019 ms
DEBUG 04-24 07:38:32.288407.288407 cuda_h.py:27] end group stack cost 1.559 ms
DEBUG 04-24 07:38:32.288460.288460 cuda_h.py:27] end move_flatidxs_group_fused_mp cost 2.431 ms
DEBUG 04-24 07:38:32.288874.288874 cuda_h.py:27] end get_fused_experts_names_w cost 0.023 ms
DEBUG 04-24 07:38:32.288702.288702 cuda_h.py:27] end restore2model cost 1.283 ms
DEBUG 04-24 07:38:32.288237.288237 cuda_h.py:27] end sllm_worker_task cost 12.723 ms
DEBUG 04-24 07:38:32.289130.289130 cuda_h.py:27] end restore_fused_tensors cost 0.677 ms
DEBUG 04-24 07:38:32.289261.289261 cuda_h.py:27] end load_into_gpu_async_fused_experts_dual cost 5.000 ms
DEBUG 04-24 07:38:32.289120.289120 cuda_h.py:27] end group_fused_tensors_mp cost 0.898 ms
DEBUG 04-24 07:38:32.289170.289170 cuda_h.py:27] end restore_tensors2_fused_experts_packed cost 0.090 ms
DEBUG 04-24 07:38:32.289345.289345 cuda_h.py:27] end restore_fused_tensors cost 0.727 ms
DEBUG 04-24 07:38:32.289434.289434 cuda_h.py:27] end group_fused_tensors_mp cost 0.931 ms
DEBUG 04-24 07:38:32.289191.289191 cuda_h.py:27] end restore_tensors2_fused_experts_slices cost 0.459 ms
DEBUG 04-24 07:38:32.290030.290030 cuda_h.py:27] end allocate_experts_cuda_memory_and_restore_model_multi_device_fused cost 8.329 ms
DEBUG 04-24 07:38:32.290329.290329 cuda_h.py:27] end gpu_sexperts cost 0.008 ms
DEBUG 04-24 07:38:32.290853.290853 cuda_h.py:27] end wait_load_qkvogn_s_weight cost 0.028 ms
DEBUG 04-24 07:38:32.315417.315417 mlpmodule.py:3373] [fused_group_bmm][steps] bmm1=20.522 ms split=0.085 ms act_mul=0.422 ms bmm2=7.399 ms
DEBUG 04-24 07:38:32.316556.316556 cuda_h.py:27] end fused_group_bmm cost 28.662 ms
DEBUG 04-24 07:38:32.316832.316832 cuda_h.py:27] end wait_experts_multi_device cost 1.732 ms
DEBUG 04-24 07:38:32.316216.316216 mlpmodule.py:3373] [fused_group_bmm][steps] bmm1=17.302 ms split=0.160 ms act_mul=0.703 ms bmm2=8.471 ms
DEBUG 04-24 07:38:32.316789.316789 cuda_h.py:27] end fused_group_bmm cost 26.943 ms
DEBUG 04-24 07:38:32.316321.316321 cuda_h.py:27] end gather_outputs_group_fused_mp cost 0.443 ms
DEBUG 04-24 07:38:32.316086.316086 mlpmodule.py:3373] [fused_group_bmm][steps] bmm1=19.334 ms split=0.069 ms act_mul=0.607 ms bmm2=6.720 ms
DEBUG 04-24 07:38:32.316908.316908 cuda_h.py:27] end fused_group_bmm cost 26.978 ms
DEBUG 04-24 07:38:32.317508.317508 cuda_h.py:27] end gather_outputs_group_fused_mp cost 0.372 ms
DEBUG 04-24 07:38:32.317589.317589 cuda_h.py:27] end cpu_experts_worker_bmm_or_einsum cost 33.915 ms
DEBUG 04-24 07:38:32.317203.317203 cuda_h.py:27] end gather_outputs_group_fused_mp cost 0.373 ms
DEBUG 04-24 07:38:32.317370.317370 cuda_h.py:27] end cpu_experts_worker_bmm_or_einsum cost 32.444 ms
DEBUG 04-24 07:38:32.317014.317014 cuda_h.py:27] end cpu_experts_worker_bmm_or_einsum cost 32.492 ms
DEBUG 04-24 07:38:32.322455.322455 cuda_h.py:27] end gpu_experts_multi_device_fused cost 6.474 ms
DEBUG 04-24 07:38:32.324894.324894 cuda_h.py:27] end cpu_thread_manager_mp_wait_fused cost 1.512 ms
DEBUG 04-24 07:38:32.324772.324772 cuda_h.py:27] end layer_moe_generate_mp_multi_device_fused_l_21 cost 44.681 ms
DEBUG 04-24 07:38:32.327342.327342 cuda_h.py:27] end *mlp cost 47.452 ms
DEBUG 04-24 07:38:32.327338.327338 cuda_h.py:27] end prefill_layer cost 51.873 ms
DEBUG 04-24 07:38:32.327606.327606 lmp.py:320] -------------------------------- end prefill layer 20 --------------------------------
DEBUG 04-24 07:38:32.327789.327789 lmp.py:273] -------------------------------- start prefill layer 21 --------------------------------
DEBUG 04-24 07:38:32.327401.327401 cuda_h.py:27] end start_load_qkvogn_s_weight_l_22 cost 0.048 ms
DEBUG 04-24 07:38:32.328934.328934 cuda_h.py:27] end allocate_cuda_memory cost 0.318 ms
DEBUG 04-24 07:38:32.328254.328254 sllm_store_c.py:27] get device uuid map
DEBUG 04-24 07:38:32.328113.328113 sllm_store_c.py:29] call client load into gpu
DEBUG 04-24 07:38:32.330717.330717 cuda_h.py:27] end load_into_gpu_async cost 1.779 ms
DEBUG 04-24 07:38:32.330705.330705 cuda_h.py:27] end restore_tensors2 cost 0.133 ms
DEBUG 04-24 07:38:32.330867.330867 cuda_h.py:27] end allocate_cuda_memory_and_load_into_gpu cost 2.747 ms
DEBUG 04-24 07:38:32.331535.331535 cuda_h.py:27] end **self_attn cost 2.085 ms
DEBUG 04-24 07:38:32.331227.331227 cuda_h.py:27] end *iln_self_attn_paln cost 3.756 ms
DEBUG 04-24 07:38:32.332911.332911 cuda_h.py:27] end gate cost 0.541 ms
DEBUG 04-24 07:38:32.332308.332308 cuda_h.py:27] end experts_map_get cost 0.308 ms
DEBUG 04-24 07:38:32.332145.332145 cuda_h.py:27] end **before experts start cost 1.021 ms
DEBUG 04-24 07:38:32.332683.332683 cuda_h.py:27] end cpu_experts_submit_fused_mp cost 0.137 ms
DEBUG 04-24 07:38:32.335054.335054 sllm_store_c.py:27] get device uuid map
DEBUG 04-24 07:38:32.335732.335732 sllm_store_c.py:29] call client load into gpu
DEBUG 04-24 07:38:32.335737.335737 cuda_h.py:27] end prepare_group_stack cost 0.601 ms
DEBUG 04-24 07:38:32.336600.336600 cuda_h.py:27] end group stack cost 1.167 ms
DEBUG 04-24 07:38:32.337245.337245 cuda_h.py:27] end move_flatidxs_group_fused_mp cost 1.934 ms
DEBUG 04-24 07:38:32.337584.337584 cuda_h.py:27] end get_fused_experts_names_w cost 0.017 ms
DEBUG 04-24 07:38:32.337460.337460 cuda_h.py:27] end restore_fused_tensors cost 0.511 ms
DEBUG 04-24 07:38:32.337587.337587 cuda_h.py:27] end group_fused_tensors_mp cost 0.726 ms
DEBUG 04-24 07:38:32.338964.338964 cuda_h.py:27] end prepare_group_stack cost 0.468 ms
DEBUG 04-24 07:38:32.338457.338457 cuda_h.py:27] end prepare_group_stack cost 0.511 ms
DEBUG 04-24 07:38:32.339434.339434 cuda_h.py:27] end group stack cost 1.107 ms
DEBUG 04-24 07:38:32.339709.339709 cuda_h.py:27] end move_flatidxs_group_fused_mp cost 1.769 ms
DEBUG 04-24 07:38:32.340048.340048 cuda_h.py:27] end get_fused_experts_names_w cost 0.021 ms
DEBUG 04-24 07:38:32.340495.340495 cuda_h.py:27] end restore2model cost 1.216 ms
DEBUG 04-24 07:38:32.340811.340811 cuda_h.py:27] end sllm_worker_task cost 12.539 ms
DEBUG 04-24 07:38:32.340427.340427 cuda_h.py:27] end group stack cost 1.682 ms
DEBUG 04-24 07:38:32.340801.340801 cuda_h.py:27] end move_flatidxs_group_fused_mp cost 2.707 ms
DEBUG 04-24 07:38:32.340214.340214 cuda_h.py:27] end restore_fused_tensors cost 0.631 ms
DEBUG 04-24 07:38:32.340547.340547 cuda_h.py:27] end group_fused_tensors_mp cost 0.885 ms
DEBUG 04-24 07:38:32.340588.340588 cuda_h.py:27] end get_fused_experts_names_w cost 0.030 ms
DEBUG 04-24 07:38:32.340606.340606 cuda_h.py:27] end load_into_gpu_async_fused_experts_dual cost 5.795 ms
DEBUG 04-24 07:38:32.341670.341670 cuda_h.py:27] end restore_tensors2_fused_experts_packed cost 0.106 ms
DEBUG 04-24 07:38:32.341041.341041 cuda_h.py:27] end restore_tensors2_fused_experts_slices cost 0.480 ms
DEBUG 04-24 07:38:32.341111.341111 cuda_h.py:27] end restore_fused_tensors cost 0.835 ms
DEBUG 04-24 07:38:32.341464.341464 cuda_h.py:27] end allocate_experts_cuda_memory_and_restore_model_multi_device_fused cost 8.800 ms
DEBUG 04-24 07:38:32.342423.342423 cuda_h.py:27] end group_fused_tensors_mp cost 1.244 ms
DEBUG 04-24 07:38:32.342583.342583 cuda_h.py:27] end gpu_sexperts cost 0.010 ms
DEBUG 04-24 07:38:32.342385.342385 cuda_h.py:27] end wait_load_qkvogn_s_weight cost 0.034 ms
DEBUG 04-24 07:38:32.363341.363341 mlpmodule.py:3373] [fused_group_bmm][steps] bmm1=16.844 ms split=0.135 ms act_mul=0.663 ms bmm2=7.336 ms
DEBUG 04-24 07:38:32.363217.363217 cuda_h.py:27] end fused_group_bmm cost 25.268 ms
DEBUG 04-24 07:38:32.363769.363769 mlpmodule.py:3373] [fused_group_bmm][steps] bmm1=14.179 ms split=0.093 ms act_mul=0.399 ms bmm2=6.566 ms
DEBUG 04-24 07:38:32.363252.363252 cuda_h.py:27] end fused_group_bmm cost 21.443 ms
DEBUG 04-24 07:38:32.364179.364179 cuda_h.py:27] end gather_outputs_group_fused_mp cost 0.579 ms
DEBUG 04-24 07:38:32.364552.364552 mlpmodule.py:3373] [fused_group_bmm][steps] bmm1=16.778 ms split=0.088 ms act_mul=0.494 ms bmm2=5.872 ms
DEBUG 04-24 07:38:32.364962.364962 cuda_h.py:27] end gather_outputs_group_fused_mp cost 0.352 ms
DEBUG 04-24 07:38:32.364883.364883 cuda_h.py:27] end fused_group_bmm cost 23.431 ms
DEBUG 04-24 07:38:32.364017.364017 cuda_h.py:27] end cpu_experts_worker_bmm_or_einsum cost 30.472 ms
DEBUG 04-24 07:38:32.365696.365696 cuda_h.py:27] end gather_outputs_group_fused_mp cost 0.408 ms
DEBUG 04-24 07:38:32.365211.365211 cuda_h.py:27] end cpu_experts_worker_bmm_or_einsum cost 28.077 ms
DEBUG 04-24 07:38:32.365272.365272 cuda_h.py:27] end cpu_experts_worker_bmm_or_einsum cost 28.367 ms
DEBUG 04-24 07:38:32.366493.366493 cuda_h.py:27] end wait_experts_multi_device cost 1.571 ms
DEBUG 04-24 07:38:32.371074.371074 cuda_h.py:27] end gpu_experts_multi_device_fused cost 5.160 ms
DEBUG 04-24 07:38:32.373815.373815 cuda_h.py:27] end cpu_thread_manager_mp_wait_fused cost 1.673 ms
DEBUG 04-24 07:38:32.373025.373025 cuda_h.py:27] end layer_moe_generate_mp_multi_device_fused_l_22 cost 41.941 ms
DEBUG 04-24 07:38:32.376455.376455 cuda_h.py:27] end *mlp cost 44.716 ms
DEBUG 04-24 07:38:32.376610.376610 cuda_h.py:27] end prefill_layer cost 48.673 ms
DEBUG 04-24 07:38:32.376989.376989 lmp.py:320] -------------------------------- end prefill layer 21 --------------------------------
DEBUG 04-24 07:38:32.376863.376863 lmp.py:273] -------------------------------- start prefill layer 22 --------------------------------
DEBUG 04-24 07:38:32.376316.376316 cuda_h.py:27] end start_load_qkvogn_s_weight_l_23 cost 0.047 ms
DEBUG 04-24 07:38:32.377744.377744 cuda_h.py:27] end allocate_cuda_memory cost 0.343 ms
DEBUG 04-24 07:38:32.377349.377349 sllm_store_c.py:27] get device uuid map
DEBUG 04-24 07:38:32.377328.377328 sllm_store_c.py:29] call client load into gpu
DEBUG 04-24 07:38:32.379050.379050 cuda_h.py:27] end load_into_gpu_async cost 1.743 ms
DEBUG 04-24 07:38:32.379177.379177 cuda_h.py:27] end restore_tensors2 cost 0.135 ms
DEBUG 04-24 07:38:32.379631.379631 cuda_h.py:27] end allocate_cuda_memory_and_load_into_gpu cost 2.771 ms
DEBUG 04-24 07:38:32.380152.380152 cuda_h.py:27] end **self_attn cost 2.031 ms
DEBUG 04-24 07:38:32.380532.380532 cuda_h.py:27] end *iln_self_attn_paln cost 3.724 ms
DEBUG 04-24 07:38:32.381479.381479 cuda_h.py:27] end gate cost 0.517 ms
DEBUG 04-24 07:38:32.381631.381631 cuda_h.py:27] end experts_map_get cost 0.305 ms
DEBUG 04-24 07:38:32.381653.381653 cuda_h.py:27] end **before experts start cost 0.971 ms
DEBUG 04-24 07:38:32.381626.381626 cuda_h.py:27] end cpu_experts_submit_fused_mp cost 0.160 ms
DEBUG 04-24 07:38:32.384201.384201 sllm_store_c.py:27] get device uuid map
DEBUG 04-24 07:38:32.384800.384800 sllm_store_c.py:29] call client load into gpu
DEBUG 04-24 07:38:32.385580.385580 cuda_h.py:27] end prepare_group_stack cost 0.562 ms
DEBUG 04-24 07:38:32.385577.385577 cuda_h.py:27] end prepare_group_stack cost 0.541 ms
DEBUG 04-24 07:38:32.387495.387495 cuda_h.py:27] end group stack cost 1.541 ms
DEBUG 04-24 07:38:32.387445.387445 cuda_h.py:27] end move_flatidxs_group_fused_mp cost 2.306 ms
DEBUG 04-24 07:38:32.387296.387296 cuda_h.py:27] end group stack cost 1.213 ms
DEBUG 04-24 07:38:32.387266.387266 cuda_h.py:27] end get_fused_experts_names_w cost 0.018 ms
DEBUG 04-24 07:38:32.387571.387571 cuda_h.py:27] end move_flatidxs_group_fused_mp cost 1.959 ms
DEBUG 04-24 07:38:32.387013.387013 cuda_h.py:27] end get_fused_experts_names_w cost 0.018 ms
DEBUG 04-24 07:38:32.387493.387493 cuda_h.py:27] end restore_fused_tensors cost 0.520 ms
DEBUG 04-24 07:38:32.388290.388290 cuda_h.py:27] end group_fused_tensors_mp cost 0.741 ms
DEBUG 04-24 07:38:32.388243.388243 cuda_h.py:27] end restore_fused_tensors cost 0.608 ms
DEBUG 04-24 07:38:32.388958.388958 cuda_h.py:27] end group_fused_tensors_mp cost 0.928 ms
DEBUG 04-24 07:38:32.388182.388182 cuda_h.py:27] end prepare_group_stack cost 0.464 ms
DEBUG 04-24 07:38:32.390061.390061 cuda_h.py:27] end group stack cost 1.578 ms
DEBUG 04-24 07:38:32.390703.390703 cuda_h.py:27] end move_flatidxs_group_fused_mp cost 2.374 ms
DEBUG 04-24 07:38:32.391699.391699 cuda_h.py:27] end get_fused_experts_names_w cost 0.033 ms
DEBUG 04-24 07:38:32.392668.392668 cuda_h.py:27] end restore_fused_tensors cost 0.931 ms
DEBUG 04-24 07:38:32.392202.392202 cuda_h.py:27] end group_fused_tensors_mp cost 1.215 ms
DEBUG 04-24 07:38:32.392140.392140 cuda_h.py:27] end restore2model cost 1.540 ms
DEBUG 04-24 07:38:32.392515.392515 cuda_h.py:27] end sllm_worker_task cost 15.924 ms
DEBUG 04-24 07:38:32.393227.393227 cuda_h.py:27] end load_into_gpu_async_fused_experts_dual cost 8.263 ms
DEBUG 04-24 07:38:32.393409.393409 cuda_h.py:27] end restore_tensors2_fused_experts_packed cost 0.143 ms
DEBUG 04-24 07:38:32.394074.394074 cuda_h.py:27] end restore_tensors2_fused_experts_slices cost 0.507 ms
DEBUG 04-24 07:38:32.394656.394656 cuda_h.py:27] end allocate_experts_cuda_memory_and_restore_model_multi_device_fused cost 11.847 ms
DEBUG 04-24 07:38:32.394032.394032 cuda_h.py:27] end gpu_sexperts cost 0.011 ms
DEBUG 04-24 07:38:32.394516.394516 cuda_h.py:27] end wait_load_qkvogn_s_weight cost 0.041 ms
DEBUG 04-24 07:38:32.410369.410369 mlpmodule.py:3373] [fused_group_bmm][steps] bmm1=10.253 ms split=0.098 ms act_mul=0.425 ms bmm2=11.537 ms
DEBUG 04-24 07:38:32.411887.411887 mlpmodule.py:3373] [fused_group_bmm][steps] bmm1=11.071 ms split=0.076 ms act_mul=0.436 ms bmm2=11.103 ms
DEBUG 04-24 07:38:32.411774.411774 cuda_h.py:27] end fused_group_bmm cost 22.572 ms
DEBUG 04-24 07:38:32.411655.411655 cuda_h.py:27] end fused_group_bmm cost 22.893 ms
DEBUG 04-24 07:38:32.411627.411627 mlpmodule.py:3373] [fused_group_bmm][steps] bmm1=10.684 ms split=0.296 ms act_mul=0.947 ms bmm2=6.662 ms
DEBUG 04-24 07:38:32.411993.411993 cuda_h.py:27] end fused_group_bmm cost 18.850 ms
DEBUG 04-24 07:38:32.411037.411037 cuda_h.py:27] end gather_outputs_group_fused_mp cost 0.494 ms
DEBUG 04-24 07:38:32.411933.411933 cuda_h.py:27] end gather_outputs_group_fused_mp cost 0.534 ms
DEBUG 04-24 07:38:32.412434.412434 cuda_h.py:27] end gather_outputs_group_fused_mp cost 0.387 ms
DEBUG 04-24 07:38:32.412004.412004 cuda_h.py:27] end cpu_experts_worker_bmm_or_einsum cost 28.104 ms
DEBUG 04-24 07:38:32.412044.412044 cuda_h.py:27] end cpu_experts_worker_bmm_or_einsum cost 25.085 ms
DEBUG 04-24 07:38:32.412469.412469 cuda_h.py:27] end cpu_experts_worker_bmm_or_einsum cost 27.709 ms
DEBUG 04-24 07:38:32.416358.416358 cuda_h.py:27] end wait_experts_multi_device cost 1.401 ms
DEBUG 04-24 07:38:32.422333.422333 cuda_h.py:27] end gpu_experts_multi_device_fused cost 5.097 ms
DEBUG 04-24 07:38:32.423446.423446 cuda_h.py:27] end cpu_thread_manager_mp_wait_fused cost 1.658 ms
DEBUG 04-24 07:38:32.424277.424277 cuda_h.py:27] end layer_moe_generate_mp_multi_device_fused_l_23 cost 43.564 ms
DEBUG 04-24 07:38:32.426847.426847 cuda_h.py:27] end *mlp cost 46.124 ms
DEBUG 04-24 07:38:32.426664.426664 cuda_h.py:27] end prefill_layer cost 50.028 ms
DEBUG 04-24 07:38:32.426989.426989 lmp.py:320] -------------------------------- end prefill layer 22 --------------------------------
DEBUG 04-24 07:38:32.426500.426500 lmp.py:273] -------------------------------- start prefill layer 23 --------------------------------
DEBUG 04-24 07:38:32.426417.426417 cuda_h.py:27] end start_load_qkvogn_s_weight_l_24 cost 0.042 ms
DEBUG 04-24 07:38:32.427524.427524 cuda_h.py:27] end allocate_cuda_memory cost 0.432 ms
DEBUG 04-24 07:38:32.427623.427623 sllm_store_c.py:27] get device uuid map
DEBUG 04-24 07:38:32.428099.428099 sllm_store_c.py:29] call client load into gpu
DEBUG 04-24 07:38:32.430549.430549 cuda_h.py:27] end load_into_gpu_async cost 2.327 ms
DEBUG 04-24 07:38:32.430369.430369 cuda_h.py:27] end restore_tensors2 cost 0.188 ms
DEBUG 04-24 07:38:32.430843.430843 cuda_h.py:27] end allocate_cuda_memory_and_load_into_gpu cost 3.729 ms
DEBUG 04-24 07:38:32.431576.431576 cuda_h.py:27] end **self_attn cost 2.987 ms
DEBUG 04-24 07:38:32.432380.432380 cuda_h.py:27] end *iln_self_attn_paln cost 5.290 ms
DEBUG 04-24 07:38:32.432744.432744 cuda_h.py:27] end gate cost 0.504 ms
DEBUG 04-24 07:38:32.434886.434886 cuda_h.py:27] end experts_map_get cost 1.983 ms
DEBUG 04-24 07:38:32.434577.434577 cuda_h.py:27] end **before experts start cost 2.639 ms
DEBUG 04-24 07:38:32.434026.434026 cuda_h.py:27] end cpu_experts_submit_fused_mp cost 0.129 ms
DEBUG 04-24 07:38:32.437554.437554 sllm_store_c.py:27] get device uuid map
DEBUG 04-24 07:38:32.437592.437592 sllm_store_c.py:29] call client load into gpu
DEBUG 04-24 07:38:32.437471.437471 cuda_h.py:27] end prepare_group_stack cost 0.659 ms
DEBUG 04-24 07:38:32.437394.437394 cuda_h.py:27] end prepare_group_stack cost 0.584 ms
DEBUG 04-24 07:38:32.438268.438268 cuda_h.py:27] end prepare_group_stack cost 0.987 ms
DEBUG 04-24 07:38:32.439982.439982 cuda_h.py:27] end group stack cost 1.652 ms
DEBUG 04-24 07:38:32.439589.439589 cuda_h.py:27] end move_flatidxs_group_fused_mp cost 2.695 ms
DEBUG 04-24 07:38:32.439661.439661 cuda_h.py:27] end group stack cost 1.556 ms
DEBUG 04-24 07:38:32.439087.439087 cuda_h.py:27] end get_fused_experts_names_w cost 0.023 ms
DEBUG 04-24 07:38:32.439591.439591 cuda_h.py:27] end move_flatidxs_group_fused_mp cost 2.712 ms
DEBUG 04-24 07:38:32.439350.439350 cuda_h.py:27] end get_fused_experts_names_w cost 0.022 ms
DEBUG 04-24 07:38:32.440799.440799 cuda_h.py:27] end restore2model cost 1.596 ms
DEBUG 04-24 07:38:32.440784.440784 cuda_h.py:27] end group stack cost 1.949 ms
DEBUG 04-24 07:38:32.440826.440826 cuda_h.py:27] end sllm_worker_task cost 13.304 ms
DEBUG 04-24 07:38:32.440786.440786 cuda_h.py:27] end move_flatidxs_group_fused_mp cost 3.446 ms
DEBUG 04-24 07:38:32.440504.440504 cuda_h.py:27] end restore_fused_tensors cost 0.670 ms
DEBUG 04-24 07:38:32.440891.440891 cuda_h.py:27] end load_into_gpu_async_fused_experts_dual cost 3.150 ms
DEBUG 04-24 07:38:32.440632.440632 cuda_h.py:27] end get_fused_experts_names_w cost 0.024 ms
DEBUG 04-24 07:38:32.440354.440354 cuda_h.py:27] end group_fused_tensors_mp cost 0.892 ms
DEBUG 04-24 07:38:32.440666.440666 cuda_h.py:27] end restore_fused_tensors cost 0.602 ms
DEBUG 04-24 07:38:32.440025.440025 cuda_h.py:27] end restore_tensors2_fused_experts_packed cost 0.064 ms
DEBUG 04-24 07:38:32.440254.440254 cuda_h.py:27] end group_fused_tensors_mp cost 0.903 ms
DEBUG 04-24 07:38:32.441660.441660 cuda_h.py:27] end restore_tensors2_fused_experts_slices cost 0.262 ms
DEBUG 04-24 07:38:32.441279.441279 cuda_h.py:27] end allocate_experts_cuda_memory_and_restore_model_multi_device_fused cost 4.921 ms
DEBUG 04-24 07:38:32.441172.441172 cuda_h.py:27] end gpu_sexperts cost 0.004 ms
DEBUG 04-24 07:38:32.441007.441007 cuda_h.py:27] end restore_fused_tensors cost 0.575 ms
DEBUG 04-24 07:38:32.441293.441293 cuda_h.py:27] end wait_load_qkvogn_s_weight cost 0.021 ms
DEBUG 04-24 07:38:32.441755.441755 cuda_h.py:27] end group_fused_tensors_mp cost 0.927 ms
DEBUG 04-24 07:38:32.467958.467958 cuda_h.py:27] end wait_experts_multi_device cost 1.908 ms
DEBUG 04-24 07:38:32.475700.475700 mlpmodule.py:3373] [fused_group_bmm][steps] bmm1=26.095 ms split=0.135 ms act_mul=0.639 ms bmm2=6.342 ms
DEBUG 04-24 07:38:32.475720.475720 cuda_h.py:27] end fused_group_bmm cost 33.465 ms
DEBUG 04-24 07:38:32.475691.475691 cuda_h.py:27] end gather_outputs_group_fused_mp cost 0.453 ms
DEBUG 04-24 07:38:32.475635.475635 mlpmodule.py:3373] [fused_group_bmm][steps] bmm1=24.470 ms split=0.136 ms act_mul=0.689 ms bmm2=9.722 ms
DEBUG 04-24 07:38:32.476636.476636 cuda_h.py:27] end fused_group_bmm cost 35.290 ms
DEBUG 04-24 07:38:32.476821.476821 cuda_h.py:27] end cpu_experts_worker_bmm_or_einsum cost 39.699 ms
DEBUG 04-24 07:38:32.476809.476809 cuda_h.py:27] end gather_outputs_group_fused_mp cost 0.440 ms
DEBUG 04-24 07:38:32.476282.476282 cuda_h.py:27] end gpu_experts_multi_device_fused cost 8.619 ms
DEBUG 04-24 07:38:32.477453.477453 cuda_h.py:27] end cpu_experts_worker_bmm_or_einsum cost 41.011 ms
DEBUG 04-24 07:38:32.479957.479957 mlpmodule.py:3373] [fused_group_bmm][steps] bmm1=32.437 ms split=0.083 ms act_mul=0.509 ms bmm2=5.320 ms
DEBUG 04-24 07:38:32.479301.479301 cuda_h.py:27] end fused_group_bmm cost 38.560 ms
DEBUG 04-24 07:38:32.480414.480414 cuda_h.py:27] end gather_outputs_group_fused_mp cost 0.378 ms
DEBUG 04-24 07:38:32.480276.480276 cuda_h.py:27] end cpu_experts_worker_bmm_or_einsum cost 44.043 ms
DEBUG 04-24 07:38:32.481098.481098 cuda_h.py:27] end cpu_thread_manager_mp_wait_fused cost 4.440 ms
DEBUG 04-24 07:38:32.481341.481341 cuda_h.py:27] end layer_moe_generate_mp_multi_device_fused_l_24 cost 49.583 ms
DEBUG 04-24 07:38:32.483389.483389 cuda_h.py:27] end *mlp cost 51.021 ms
DEBUG 04-24 07:38:32.483266.483266 cuda_h.py:27] end prefill_layer cost 56.497 ms
DEBUG 04-24 07:38:32.483837.483837 lmp.py:320] -------------------------------- end prefill layer 23 --------------------------------
DEBUG 04-24 07:38:32.483524.483524 lmp.py:273] -------------------------------- start prefill layer 24 --------------------------------
DEBUG 04-24 07:38:32.483507.483507 cuda_h.py:27] end start_load_qkvogn_s_weight_l_25 cost 0.049 ms
DEBUG 04-24 07:38:32.484206.484206 cuda_h.py:27] end allocate_cuda_memory cost 0.409 ms
DEBUG 04-24 07:38:32.484054.484054 sllm_store_c.py:27] get device uuid map
DEBUG 04-24 07:38:32.484444.484444 sllm_store_c.py:29] call client load into gpu
DEBUG 04-24 07:38:32.486040.486040 cuda_h.py:27] end **self_attn cost 1.516 ms
DEBUG 04-24 07:38:32.486590.486590 cuda_h.py:27] end load_into_gpu_async cost 2.356 ms
DEBUG 04-24 07:38:32.487859.487859 cuda_h.py:27] end restore_tensors2 cost 0.145 ms
DEBUG 04-24 07:38:32.487359.487359 cuda_h.py:27] end allocate_cuda_memory_and_load_into_gpu cost 3.498 ms
DEBUG 04-24 07:38:32.487796.487796 cuda_h.py:27] end *iln_self_attn_paln cost 3.910 ms
DEBUG 04-24 07:38:32.488892.488892 cuda_h.py:27] end gate cost 0.620 ms
DEBUG 04-24 07:38:32.488319.488319 cuda_h.py:27] end experts_map_get cost 0.380 ms
DEBUG 04-24 07:38:32.488785.488785 cuda_h.py:27] end **before experts start cost 1.187 ms
DEBUG 04-24 07:38:32.489441.489441 cuda_h.py:27] end cpu_experts_submit_fused_mp cost 0.169 ms
DEBUG 04-24 07:38:32.492376.492376 sllm_store_c.py:27] get device uuid map
DEBUG 04-24 07:38:32.492299.492299 sllm_store_c.py:29] call client load into gpu
DEBUG 04-24 07:38:32.493811.493811 cuda_h.py:27] end prepare_group_stack cost 0.729 ms
DEBUG 04-24 07:38:32.493518.493518 cuda_h.py:27] end prepare_group_stack cost 0.789 ms
DEBUG 04-24 07:38:32.493692.493692 cuda_h.py:27] end prepare_group_stack cost 0.399 ms
DEBUG 04-24 07:38:32.494662.494662 cuda_h.py:27] end group stack cost 1.360 ms
DEBUG 04-24 07:38:32.494374.494374 cuda_h.py:27] end move_flatidxs_group_fused_mp cost 2.323 ms
DEBUG 04-24 07:38:32.495938.495938 cuda_h.py:27] end get_fused_experts_names_w cost 0.020 ms
DEBUG 04-24 07:38:32.495995.495995 cuda_h.py:27] end group stack cost 1.255 ms
DEBUG 04-24 07:38:32.495124.495124 cuda_h.py:27] end move_flatidxs_group_fused_mp cost 1.860 ms
DEBUG 04-24 07:38:32.495451.495451 cuda_h.py:27] end get_fused_experts_names_w cost 0.021 ms
DEBUG 04-24 07:38:32.495716.495716 cuda_h.py:27] end group stack cost 1.760 ms
DEBUG 04-24 07:38:32.495292.495292 cuda_h.py:27] end move_flatidxs_group_fused_mp cost 2.973 ms
DEBUG 04-24 07:38:32.495314.495314 cuda_h.py:27] end restore_fused_tensors cost 0.525 ms
DEBUG 04-24 07:38:32.495257.495257 cuda_h.py:27] end group_fused_tensors_mp cost 0.645 ms
DEBUG 04-24 07:38:32.495900.495900 cuda_h.py:27] end get_fused_experts_names_w cost 0.021 ms
DEBUG 04-24 07:38:32.496383.496383 cuda_h.py:27] end restore_fused_tensors cost 0.641 ms
DEBUG 04-24 07:38:32.496511.496511 cuda_h.py:27] end group_fused_tensors_mp cost 0.841 ms
DEBUG 04-24 07:38:32.496900.496900 cuda_h.py:27] end restore_fused_tensors cost 0.557 ms
DEBUG 04-24 07:38:32.496592.496592 cuda_h.py:27] end group_fused_tensors_mp cost 0.711 ms
DEBUG 04-24 07:38:32.496014.496014 cuda_h.py:27] end restore2model cost 1.399 ms
DEBUG 04-24 07:38:32.496146.496146 cuda_h.py:27] end sllm_worker_task cost 12.752 ms
DEBUG 04-24 07:38:32.496251.496251 cuda_h.py:27] end load_into_gpu_async_fused_experts_dual cost 4.181 ms
DEBUG 04-24 07:38:32.496434.496434 cuda_h.py:27] end restore_tensors2_fused_experts_packed cost 0.070 ms
DEBUG 04-24 07:38:32.497895.497895 cuda_h.py:27] end restore_tensors2_fused_experts_slices cost 0.327 ms
DEBUG 04-24 07:38:32.497898.497898 cuda_h.py:27] end allocate_experts_cuda_memory_and_restore_model_multi_device_fused cost 7.467 ms
DEBUG 04-24 07:38:32.497913.497913 cuda_h.py:27] end gpu_sexperts cost 0.006 ms
DEBUG 04-24 07:38:32.497841.497841 cuda_h.py:27] end wait_load_qkvogn_s_weight cost 0.044 ms
DEBUG 04-24 07:38:32.518691.518691 mlpmodule.py:3373] [fused_group_bmm][steps] bmm1=13.599 ms split=0.098 ms act_mul=0.493 ms bmm2=8.450 ms
DEBUG 04-24 07:38:32.518527.518527 mlpmodule.py:3373] [fused_group_bmm][steps] bmm1=14.054 ms split=0.111 ms act_mul=0.506 ms bmm2=8.499 ms
DEBUG 04-24 07:38:32.519494.519494 cuda_h.py:27] end fused_group_bmm cost 22.917 ms
DEBUG 04-24 07:38:32.519190.519190 cuda_h.py:27] end fused_group_bmm cost 23.402 ms
DEBUG 04-24 07:38:32.519864.519864 mlpmodule.py:3373] [fused_group_bmm][steps] bmm1=14.078 ms split=0.072 ms act_mul=0.399 ms bmm2=8.254 ms
DEBUG 04-24 07:38:32.519486.519486 cuda_h.py:27] end fused_group_bmm cost 23.008 ms
DEBUG 04-24 07:38:32.519781.519781 cuda_h.py:27] end gather_outputs_group_fused_mp cost 0.416 ms
DEBUG 04-24 07:38:32.519698.519698 cuda_h.py:27] end gather_outputs_group_fused_mp cost 0.484 ms
DEBUG 04-24 07:38:32.520142.520142 cuda_h.py:27] end cpu_experts_worker_bmm_or_einsum cost 27.690 ms
DEBUG 04-24 07:38:32.520044.520044 cuda_h.py:27] end gather_outputs_group_fused_mp cost 0.605 ms
DEBUG 04-24 07:38:32.520614.520614 cuda_h.py:27] end cpu_experts_worker_bmm_or_einsum cost 28.971 ms
DEBUG 04-24 07:38:32.520475.520475 cuda_h.py:27] end cpu_experts_worker_bmm_or_einsum cost 29.136 ms
DEBUG 04-24 07:38:32.523625.523625 cuda_h.py:27] end wait_experts_multi_device cost 2.189 ms
DEBUG 04-24 07:38:32.529075.529075 cuda_h.py:27] end gpu_experts_multi_device_fused cost 5.799 ms
DEBUG 04-24 07:38:32.531142.531142 cuda_h.py:27] end cpu_thread_manager_mp_wait_fused cost 1.699 ms
DEBUG 04-24 07:38:32.531351.531351 cuda_h.py:27] end layer_moe_generate_mp_multi_device_fused_l_25 cost 43.808 ms
DEBUG 04-24 07:38:32.533341.533341 cuda_h.py:27] end *mlp cost 45.873 ms
DEBUG 04-24 07:38:32.533815.533815 cuda_h.py:27] end prefill_layer cost 50.212 ms
DEBUG 04-24 07:38:32.533385.533385 lmp.py:320] -------------------------------- end prefill layer 24 --------------------------------
DEBUG 04-24 07:38:32.533234.533234 lmp.py:273] -------------------------------- start prefill layer 25 --------------------------------
DEBUG 04-24 07:38:32.533745.533745 cuda_h.py:27] end start_load_qkvogn_s_weight_l_26 cost 0.051 ms
DEBUG 04-24 07:38:32.534738.534738 cuda_h.py:27] end allocate_cuda_memory cost 0.500 ms
DEBUG 04-24 07:38:32.534045.534045 sllm_store_c.py:27] get device uuid map
DEBUG 04-24 07:38:32.535576.535576 sllm_store_c.py:29] call client load into gpu
DEBUG 04-24 07:38:32.537464.537464 cuda_h.py:27] end load_into_gpu_async cost 2.233 ms
DEBUG 04-24 07:38:32.537691.537691 cuda_h.py:27] end restore_tensors2 cost 0.255 ms
DEBUG 04-24 07:38:32.537994.537994 cuda_h.py:27] end **self_attn cost 2.424 ms
DEBUG 04-24 07:38:32.537116.537116 cuda_h.py:27] end allocate_cuda_memory_and_load_into_gpu cost 3.804 ms
DEBUG 04-24 07:38:32.538599.538599 cuda_h.py:27] end *iln_self_attn_paln cost 4.579 ms
DEBUG 04-24 07:38:32.539150.539150 cuda_h.py:27] end gate cost 0.512 ms
DEBUG 04-24 07:38:32.539356.539356 cuda_h.py:27] end experts_map_get cost 0.305 ms
DEBUG 04-24 07:38:32.539384.539384 cuda_h.py:27] end **before experts start cost 0.978 ms
DEBUG 04-24 07:38:32.539795.539795 cuda_h.py:27] end cpu_experts_submit_fused_mp cost 0.170 ms
DEBUG 04-24 07:38:32.542245.542245 sllm_store_c.py:27] get device uuid map
DEBUG 04-24 07:38:32.542250.542250 sllm_store_c.py:29] call client load into gpu
DEBUG 04-24 07:38:32.544167.544167 cuda_h.py:27] end prepare_group_stack cost 0.580 ms
DEBUG 04-24 07:38:32.544069.544069 cuda_h.py:27] end prepare_group_stack cost 0.812 ms
DEBUG 04-24 07:38:32.544160.544160 cuda_h.py:27] end prepare_group_stack cost 0.610 ms
DEBUG 04-24 07:38:32.545617.545617 cuda_h.py:27] end group stack cost 1.272 ms
DEBUG 04-24 07:38:32.545528.545528 cuda_h.py:27] end move_flatidxs_group_fused_mp cost 2.095 ms
DEBUG 04-24 07:38:32.545471.545471 cuda_h.py:27] end get_fused_experts_names_w cost 0.020 ms
DEBUG 04-24 07:38:32.546327.546327 cuda_h.py:27] end restore2model cost 1.889 ms
DEBUG 04-24 07:38:32.546058.546058 cuda_h.py:27] end group stack cost 1.664 ms
DEBUG 04-24 07:38:32.546721.546721 cuda_h.py:27] end restore_fused_tensors cost 0.505 ms
DEBUG 04-24 07:38:32.546365.546365 cuda_h.py:27] end group_fused_tensors_mp cost 0.823 ms
DEBUG 04-24 07:38:32.546737.546737 cuda_h.py:27] end move_flatidxs_group_fused_mp cost 2.895 ms
DEBUG 04-24 07:38:32.546015.546015 cuda_h.py:27] end sllm_worker_task cost 12.660 ms
DEBUG 04-24 07:38:32.546730.546730 cuda_h.py:27] end get_fused_experts_names_w cost 0.024 ms
DEBUG 04-24 07:38:32.546822.546822 cuda_h.py:27] end group stack cost 1.871 ms
DEBUG 04-24 07:38:32.546591.546591 cuda_h.py:27] end load_into_gpu_async_fused_experts_dual cost 4.176 ms
DEBUG 04-24 07:38:32.547781.547781 cuda_h.py:27] end move_flatidxs_group_fused_mp cost 2.735 ms
DEBUG 04-24 07:38:32.547851.547851 cuda_h.py:27] end get_fused_experts_names_w cost 0.021 ms
DEBUG 04-24 07:38:32.547813.547813 cuda_h.py:27] end restore_tensors2_fused_experts_packed cost 0.066 ms
DEBUG 04-24 07:38:32.547434.547434 cuda_h.py:27] end restore_tensors2_fused_experts_slices cost 0.279 ms
DEBUG 04-24 07:38:32.547815.547815 cuda_h.py:27] end allocate_experts_cuda_memory_and_restore_model_multi_device_fused cost 7.179 ms
DEBUG 04-24 07:38:32.547377.547377 cuda_h.py:27] end gpu_sexperts cost 0.005 ms
DEBUG 04-24 07:38:32.548680.548680 cuda_h.py:27] end restore_fused_tensors cost 0.700 ms
DEBUG 04-24 07:38:32.548113.548113 cuda_h.py:27] end wait_load_qkvogn_s_weight cost 0.042 ms
DEBUG 04-24 07:38:32.547175.547175 cuda_h.py:27] end restore_fused_tensors cost 0.879 ms
DEBUG 04-24 07:38:32.548025.548025 cuda_h.py:27] end group_fused_tensors_mp cost 1.062 ms
DEBUG 04-24 07:38:32.548781.548781 cuda_h.py:27] end group_fused_tensors_mp cost 1.356 ms
DEBUG 04-24 07:38:32.568808.568808 mlpmodule.py:3373] [fused_group_bmm][steps] bmm1=13.277 ms split=0.177 ms act_mul=0.556 ms bmm2=7.846 ms
DEBUG 04-24 07:38:32.569342.569342 cuda_h.py:27] end fused_group_bmm cost 22.224 ms
DEBUG 04-24 07:38:32.569637.569637 cuda_h.py:27] end gather_outputs_group_fused_mp cost 0.444 ms
DEBUG 04-24 07:38:32.570442.570442 cuda_h.py:27] end cpu_experts_worker_bmm_or_einsum cost 27.350 ms
DEBUG 04-24 07:38:32.570435.570435 mlpmodule.py:3373] [fused_group_bmm][steps] bmm1=13.935 ms split=0.074 ms act_mul=0.680 ms bmm2=7.503 ms
DEBUG 04-24 07:38:32.570853.570853 mlpmodule.py:3373] [fused_group_bmm][steps] bmm1=13.886 ms split=0.112 ms act_mul=0.670 ms bmm2=7.584 ms
DEBUG 04-24 07:38:32.570309.570309 cuda_h.py:27] end fused_group_bmm cost 22.405 ms
DEBUG 04-24 07:38:32.570746.570746 cuda_h.py:27] end fused_group_bmm cost 22.439 ms
DEBUG 04-24 07:38:32.571000.571000 cuda_h.py:27] end gather_outputs_group_fused_mp cost 0.658 ms
DEBUG 04-24 07:38:32.571238.571238 cuda_h.py:27] end gather_outputs_group_fused_mp cost 0.666 ms
DEBUG 04-24 07:38:32.572609.572609 cuda_h.py:27] end wait_experts_multi_device cost 1.418 ms
DEBUG 04-24 07:38:32.572174.572174 cuda_h.py:27] end cpu_experts_worker_bmm_or_einsum cost 29.316 ms
DEBUG 04-24 07:38:32.572472.572472 cuda_h.py:27] end cpu_experts_worker_bmm_or_einsum cost 28.446 ms
DEBUG 04-24 07:38:32.577552.577552 cuda_h.py:27] end gpu_experts_multi_device_fused cost 5.320 ms
DEBUG 04-24 07:38:32.579611.579611 cuda_h.py:27] end cpu_thread_manager_mp_wait_fused cost 1.659 ms
DEBUG 04-24 07:38:32.579489.579489 cuda_h.py:27] end layer_moe_generate_mp_multi_device_fused_l_26 cost 40.920 ms
DEBUG 04-24 07:38:32.581051.581051 cuda_h.py:27] end *mlp cost 43.265 ms
DEBUG 04-24 07:38:32.581525.581525 cuda_h.py:27] end prefill_layer cost 48.246 ms
DEBUG 04-24 07:38:32.582075.582075 lmp.py:320] -------------------------------- end prefill layer 25 --------------------------------
DEBUG 04-24 07:38:32.582367.582367 lmp.py:273] -------------------------------- start prefill layer 26 --------------------------------
DEBUG 04-24 07:38:32.582490.582490 cuda_h.py:27] end start_load_qkvogn_s_weight_l_27 cost 0.048 ms
DEBUG 04-24 07:38:32.582494.582494 cuda_h.py:27] end allocate_cuda_memory cost 0.310 ms
DEBUG 04-24 07:38:32.582427.582427 sllm_store_c.py:27] get device uuid map
DEBUG 04-24 07:38:32.583287.583287 sllm_store_c.py:29] call client load into gpu
DEBUG 04-24 07:38:32.584884.584884 cuda_h.py:27] end load_into_gpu_async cost 1.593 ms
DEBUG 04-24 07:38:32.584925.584925 cuda_h.py:27] end restore_tensors2 cost 0.139 ms
DEBUG 04-24 07:38:32.584252.584252 cuda_h.py:27] end allocate_cuda_memory_and_load_into_gpu cost 2.462 ms
DEBUG 04-24 07:38:32.585793.585793 cuda_h.py:27] end **self_attn cost 2.118 ms
DEBUG 04-24 07:38:32.585531.585531 cuda_h.py:27] end *iln_self_attn_paln cost 3.668 ms
DEBUG 04-24 07:38:32.586817.586817 cuda_h.py:27] end gate cost 0.556 ms
DEBUG 04-24 07:38:32.586691.586691 cuda_h.py:27] end experts_map_get cost 0.309 ms
DEBUG 04-24 07:38:32.586336.586336 cuda_h.py:27] end **before experts start cost 1.019 ms
DEBUG 04-24 07:38:32.587473.587473 cuda_h.py:27] end cpu_experts_submit_fused_mp cost 0.368 ms
DEBUG 04-24 07:38:32.591610.591610 cuda_h.py:27] end prepare_group_stack cost 0.544 ms
DEBUG 04-24 07:38:32.591229.591229 sllm_store_c.py:27] get device uuid map
DEBUG 04-24 07:38:32.591470.591470 cuda_h.py:27] end prepare_group_stack cost 0.869 ms
DEBUG 04-24 07:38:32.591277.591277 sllm_store_c.py:29] call client load into gpu
DEBUG 04-24 07:38:32.592315.592315 cuda_h.py:27] end prepare_group_stack cost 0.762 ms
DEBUG 04-24 07:38:32.592208.592208 cuda_h.py:27] end group stack cost 1.509 ms
DEBUG 04-24 07:38:32.592702.592702 cuda_h.py:27] end move_flatidxs_group_fused_mp cost 2.333 ms
DEBUG 04-24 07:38:32.593281.593281 cuda_h.py:27] end get_fused_experts_names_w cost 0.023 ms
DEBUG 04-24 07:38:32.593697.593697 cuda_h.py:27] end group stack cost 1.450 ms
DEBUG 04-24 07:38:32.593078.593078 cuda_h.py:27] end move_flatidxs_group_fused_mp cost 2.644 ms
DEBUG 04-24 07:38:32.593780.593780 cuda_h.py:27] end restore_fused_tensors cost 0.642 ms
DEBUG 04-24 07:38:32.593387.593387 cuda_h.py:27] end group_fused_tensors_mp cost 0.842 ms
DEBUG 04-24 07:38:32.593739.593739 cuda_h.py:27] end get_fused_experts_names_w cost 0.025 ms
DEBUG 04-24 07:38:32.594677.594677 cuda_h.py:27] end group stack cost 1.814 ms
DEBUG 04-24 07:38:32.594142.594142 cuda_h.py:27] end restore_fused_tensors cost 0.541 ms
DEBUG 04-24 07:38:32.594655.594655 cuda_h.py:27] end group_fused_tensors_mp cost 0.706 ms
DEBUG 04-24 07:38:32.594341.594341 cuda_h.py:27] end move_flatidxs_group_fused_mp cost 3.274 ms
DEBUG 04-24 07:38:32.595972.595972 cuda_h.py:27] end get_fused_experts_names_w cost 0.051 ms
DEBUG 04-24 07:38:32.595733.595733 cuda_h.py:27] end restore2model cost 2.184 ms
DEBUG 04-24 07:38:32.595346.595346 cuda_h.py:27] end sllm_worker_task cost 12.999 ms
DEBUG 04-24 07:38:32.595180.595180 cuda_h.py:27] end load_into_gpu_async_fused_experts_dual cost 4.059 ms
DEBUG 04-24 07:38:32.595419.595419 cuda_h.py:27] end restore_tensors2_fused_experts_packed cost 0.109 ms
DEBUG 04-24 07:38:32.596420.596420 cuda_h.py:27] end restore_tensors2_fused_experts_slices cost 0.503 ms
DEBUG 04-24 07:38:32.596149.596149 cuda_h.py:27] end allocate_experts_cuda_memory_and_restore_model_multi_device_fused cost 8.213 ms
DEBUG 04-24 07:38:32.596897.596897 cuda_h.py:27] end restore_fused_tensors cost 1.565 ms
DEBUG 04-24 07:38:32.597315.597315 cuda_h.py:27] end gpu_sexperts cost 0.008 ms
DEBUG 04-24 07:38:32.597640.597640 cuda_h.py:27] end group_fused_tensors_mp cost 2.028 ms
DEBUG 04-24 07:38:32.597336.597336 cuda_h.py:27] end wait_load_qkvogn_s_weight cost 0.038 ms
DEBUG 04-24 07:38:32.616025.616025 mlpmodule.py:3373] [fused_group_bmm][steps] bmm1=12.004 ms split=0.103 ms act_mul=0.744 ms bmm2=9.180 ms
DEBUG 04-24 07:38:32.616208.616208 mlpmodule.py:3373] [fused_group_bmm][steps] bmm1=8.908 ms split=0.103 ms act_mul=0.492 ms bmm2=9.256 ms
DEBUG 04-24 07:38:32.616419.616419 cuda_h.py:27] end fused_group_bmm cost 22.371 ms
DEBUG 04-24 07:38:32.616679.616679 cuda_h.py:27] end fused_group_bmm cost 18.997 ms
DEBUG 04-24 07:38:32.616156.616156 cuda_h.py:27] end gather_outputs_group_fused_mp cost 0.429 ms
DEBUG 04-24 07:38:32.616908.616908 cuda_h.py:27] end gather_outputs_group_fused_mp cost 0.466 ms
DEBUG 04-24 07:38:32.617909.617909 cuda_h.py:27] end cpu_experts_worker_bmm_or_einsum cost 27.960 ms
DEBUG 04-24 07:38:32.617030.617030 mlpmodule.py:3373] [fused_group_bmm][steps] bmm1=11.690 ms split=0.078 ms act_mul=0.490 ms bmm2=10.672 ms
DEBUG 04-24 07:38:32.617963.617963 cuda_h.py:27] end fused_group_bmm cost 23.114 ms
DEBUG 04-24 07:38:32.617160.617160 cuda_h.py:27] end cpu_experts_worker_bmm_or_einsum cost 27.402 ms
DEBUG 04-24 07:38:32.618302.618302 cuda_h.py:27] end gather_outputs_group_fused_mp cost 0.401 ms
DEBUG 04-24 07:38:32.618832.618832 cuda_h.py:27] end cpu_experts_worker_bmm_or_einsum cost 29.304 ms
DEBUG 04-24 07:38:32.784235.784235 cuda_h.py:27] end wait_experts_multi_device cost 164.792 ms
DEBUG 04-24 07:38:32.795807.795807 cuda_h.py:27] end gpu_experts_multi_device_fused cost 10.546 ms
DEBUG 04-24 07:38:32.797989.797989 cuda_h.py:27] end cpu_thread_manager_mp_wait_fused cost 2.127 ms
DEBUG 04-24 07:38:32.798551.798551 cuda_h.py:27] end layer_moe_generate_mp_multi_device_fused_l_27 cost 212.160 ms
DEBUG 04-24 07:38:32.799204.799204 cuda_h.py:27] end *mlp cost 213.273 ms
DEBUG 04-24 07:38:32.799686.799686 cuda_h.py:27] end prefill_layer cost 217.189 ms
DEBUG 04-24 07:38:32.799383.799383 lmp.py:320] -------------------------------- end prefill layer 26 --------------------------------
DEBUG 04-24 07:38:32.799960.799960 lmp.py:273] -------------------------------- start prefill layer 27 --------------------------------
DEBUG 04-24 07:38:32.799137.799137 cuda_h.py:27] end start_load_qkvogn_s_weight_l_28 cost 0.060 ms
DEBUG 04-24 07:38:32.800029.800029 cuda_h.py:27] end allocate_cuda_memory cost 0.477 ms
DEBUG 04-24 07:38:32.800745.800745 sllm_store_c.py:27] get device uuid map
DEBUG 04-24 07:38:32.801181.801181 sllm_store_c.py:29] call client load into gpu
DEBUG 04-24 07:38:32.803522.803522 cuda_h.py:27] end load_into_gpu_async cost 2.254 ms
DEBUG 04-24 07:38:32.803282.803282 cuda_h.py:27] end restore_tensors2 cost 0.197 ms
DEBUG 04-24 07:38:32.803035.803035 cuda_h.py:27] end allocate_cuda_memory_and_load_into_gpu cost 3.761 ms
DEBUG 04-24 07:38:32.804809.804809 cuda_h.py:27] end **self_attn cost 2.413 ms
DEBUG 04-24 07:38:32.804925.804925 cuda_h.py:27] end *iln_self_attn_paln cost 4.837 ms
DEBUG 04-24 07:38:32.805104.805104 cuda_h.py:27] end gate cost 0.508 ms
DEBUG 04-24 07:38:32.805163.805163 cuda_h.py:27] end experts_map_get cost 0.306 ms
DEBUG 04-24 07:38:32.805477.805477 cuda_h.py:27] end **before experts start cost 0.968 ms
DEBUG 04-24 07:38:32.805786.805786 cuda_h.py:27] end cpu_experts_submit_fused_mp cost 0.129 ms
DEBUG 04-24 07:38:32.808028.808028 sllm_store_c.py:27] get device uuid map
DEBUG 04-24 07:38:32.808574.808574 sllm_store_c.py:29] call client load into gpu
DEBUG 04-24 07:38:32.810783.810783 cuda_h.py:27] end prepare_group_stack cost 0.801 ms
DEBUG 04-24 07:38:32.811257.811257 cuda_h.py:27] end prepare_group_stack cost 0.817 ms
DEBUG 04-24 07:38:32.811934.811934 cuda_h.py:27] end prepare_group_stack cost 0.910 ms
DEBUG 04-24 07:38:32.813480.813480 cuda_h.py:27] end group stack cost 2.232 ms
DEBUG 04-24 07:38:32.813778.813778 cuda_h.py:27] end move_flatidxs_group_fused_mp cost 3.432 ms
DEBUG 04-24 07:38:32.813026.813026 cuda_h.py:27] end restore2model cost 1.627 ms
DEBUG 04-24 07:38:32.813225.813225 cuda_h.py:27] end get_fused_experts_names_w cost 0.032 ms
DEBUG 04-24 07:38:32.813456.813456 cuda_h.py:27] end sllm_worker_task cost 13.770 ms
DEBUG 04-24 07:38:32.813363.813363 cuda_h.py:27] end load_into_gpu_async_fused_experts_dual cost 5.643 ms
DEBUG 04-24 07:38:32.814845.814845 cuda_h.py:27] end restore_tensors2_fused_experts_packed cost 0.070 ms
DEBUG 04-24 07:38:32.814763.814763 cuda_h.py:27] end group stack cost 2.214 ms
DEBUG 04-24 07:38:32.814744.814744 cuda_h.py:27] end move_flatidxs_group_fused_mp cost 3.533 ms
DEBUG 04-24 07:38:32.814244.814244 cuda_h.py:27] end restore_tensors2_fused_experts_slices cost 0.265 ms
DEBUG 04-24 07:38:32.814690.814690 cuda_h.py:27] end allocate_experts_cuda_memory_and_restore_model_multi_device_fused cost 8.479 ms
DEBUG 04-24 07:38:32.814153.814153 cuda_h.py:27] end restore_fused_tensors cost 0.824 ms
DEBUG 04-24 07:38:32.814764.814764 cuda_h.py:27] end get_fused_experts_names_w cost 0.039 ms
DEBUG 04-24 07:38:32.814788.814788 cuda_h.py:27] end gpu_sexperts cost 0.004 ms
DEBUG 04-24 07:38:32.814351.814351 cuda_h.py:27] end group_fused_tensors_mp cost 1.254 ms
DEBUG 04-24 07:38:32.814492.814492 cuda_h.py:27] end wait_load_qkvogn_s_weight cost 0.022 ms
DEBUG 04-24 07:38:32.815091.815091 cuda_h.py:27] end group stack cost 2.902 ms
DEBUG 04-24 07:38:32.815640.815640 cuda_h.py:27] end move_flatidxs_group_fused_mp cost 4.238 ms
DEBUG 04-24 07:38:32.815559.815559 cuda_h.py:27] end get_fused_experts_names_w cost 0.036 ms
DEBUG 04-24 07:38:32.816227.816227 cuda_h.py:27] end restore_fused_tensors cost 1.388 ms
DEBUG 04-24 07:38:32.816623.816623 cuda_h.py:27] end group_fused_tensors_mp cost 1.766 ms
DEBUG 04-24 07:38:32.816081.816081 cuda_h.py:27] end restore_fused_tensors cost 1.181 ms
DEBUG 04-24 07:38:32.816926.816926 cuda_h.py:27] end group_fused_tensors_mp cost 1.507 ms
DEBUG 04-24 07:38:32.842798.842798 cuda_h.py:27] end wait_experts_multi_device cost 3.719 ms
DEBUG 04-24 07:38:32.843368.843368 mlpmodule.py:3373] [fused_group_bmm][steps] bmm1=19.311 ms split=0.070 ms act_mul=0.414 ms bmm2=6.099 ms
DEBUG 04-24 07:38:32.843366.843366 cuda_h.py:27] end fused_group_bmm cost 26.056 ms
DEBUG 04-24 07:38:32.843316.843316 mlpmodule.py:3373] [fused_group_bmm][steps] bmm1=18.426 ms split=0.087 ms act_mul=0.652 ms bmm2=7.236 ms
DEBUG 04-24 07:38:32.843540.843540 cuda_h.py:27] end fused_group_bmm cost 26.593 ms
DEBUG 04-24 07:38:32.843768.843768 mlpmodule.py:3373] [fused_group_bmm][steps] bmm1=20.685 ms split=0.134 ms act_mul=0.536 ms bmm2=6.879 ms
DEBUG 04-24 07:38:32.843701.843701 cuda_h.py:27] end fused_group_bmm cost 28.646 ms
DEBUG 04-24 07:38:32.843444.843444 cuda_h.py:27] end gather_outputs_group_fused_mp cost 0.506 ms
DEBUG 04-24 07:38:32.843045.843045 cuda_h.py:27] end gather_outputs_group_fused_mp cost 0.395 ms
DEBUG 04-24 07:38:32.844358.844358 cuda_h.py:27] end cpu_experts_worker_bmm_or_einsum cost 33.877 ms
DEBUG 04-24 07:38:32.844917.844917 cuda_h.py:27] end gather_outputs_group_fused_mp cost 0.670 ms
DEBUG 04-24 07:38:32.844540.844540 cuda_h.py:27] end cpu_experts_worker_bmm_or_einsum cost 33.977 ms
DEBUG 04-24 07:38:32.845551.845551 cuda_h.py:27] end cpu_experts_worker_bmm_or_einsum cost 36.712 ms
DEBUG 04-24 07:38:32.847919.847919 cuda_h.py:27] end gpu_experts_multi_device_fused cost 5.404 ms
DEBUG 04-24 07:38:32.849181.849181 cuda_h.py:27] end cpu_thread_manager_mp_wait_fused cost 1.592 ms
DEBUG 04-24 07:38:32.849119.849119 cuda_h.py:27] end layer_moe_generate_mp_multi_device_fused_l_28 cost 45.084 ms
DEBUG 04-24 07:38:32.852468.852468 cuda_h.py:27] end *mlp cost 47.973 ms
DEBUG 04-24 07:38:32.852437.852437 cuda_h.py:27] end prefill_layer cost 53.022 ms
DEBUG 04-24 07:38:32.852578.852578 lmp.py:320] -------------------------------- end prefill layer 27 --------------------------------
DEBUG 04-24 07:38:32.852903.852903 lmp.py:273] -------------------------------- start prefill layer 28 --------------------------------
DEBUG 04-24 07:38:32.853520.853520 cuda_h.py:27] end start_load_qkvogn_s_weight_l_29 cost 0.049 ms
DEBUG 04-24 07:38:32.853215.853215 cuda_h.py:27] end allocate_cuda_memory cost 0.361 ms
DEBUG 04-24 07:38:32.853982.853982 sllm_store_c.py:27] get device uuid map
DEBUG 04-24 07:38:32.854804.854804 sllm_store_c.py:29] call client load into gpu
DEBUG 04-24 07:38:32.855323.855323 cuda_h.py:27] end load_into_gpu_async cost 2.073 ms
DEBUG 04-24 07:38:32.856000.856000 cuda_h.py:27] end restore_tensors2 cost 0.122 ms
DEBUG 04-24 07:38:32.856830.856830 cuda_h.py:27] end **self_attn cost 1.848 ms
DEBUG 04-24 07:38:32.856548.856548 cuda_h.py:27] end allocate_cuda_memory_and_load_into_gpu cost 3.076 ms
DEBUG 04-24 07:38:32.856389.856389 cuda_h.py:27] end *iln_self_attn_paln cost 3.848 ms
DEBUG 04-24 07:38:32.857029.857029 cuda_h.py:27] end gate cost 0.602 ms
DEBUG 04-24 07:38:32.858859.858859 cuda_h.py:27] end experts_map_get cost 0.368 ms
DEBUG 04-24 07:38:32.858325.858325 cuda_h.py:27] end **before experts start cost 1.148 ms
DEBUG 04-24 07:38:32.858517.858517 cuda_h.py:27] end cpu_experts_submit_fused_mp cost 0.180 ms
DEBUG 04-24 07:38:32.861989.861989 sllm_store_c.py:27] get device uuid map
DEBUG 04-24 07:38:32.861933.861933 sllm_store_c.py:29] call client load into gpu
DEBUG 04-24 07:38:32.862653.862653 cuda_h.py:27] end prepare_group_stack cost 0.571 ms
DEBUG 04-24 07:38:32.862637.862637 cuda_h.py:27] end prepare_group_stack cost 0.691 ms
DEBUG 04-24 07:38:32.863169.863169 cuda_h.py:27] end prepare_group_stack cost 0.896 ms
DEBUG 04-24 07:38:32.863145.863145 cuda_h.py:27] end group stack cost 1.570 ms
DEBUG 04-24 07:38:32.863043.863043 cuda_h.py:27] end move_flatidxs_group_fused_mp cost 2.353 ms
DEBUG 04-24 07:38:32.864354.864354 cuda_h.py:27] end get_fused_experts_names_w cost 0.020 ms
DEBUG 04-24 07:38:32.864734.864734 cuda_h.py:27] end restore_fused_tensors cost 0.547 ms
DEBUG 04-24 07:38:32.864809.864809 cuda_h.py:27] end group_fused_tensors_mp cost 0.746 ms
DEBUG 04-24 07:38:32.864959.864959 cuda_h.py:27] end group stack cost 1.980 ms
DEBUG 04-24 07:38:32.865115.865115 cuda_h.py:27] end move_flatidxs_group_fused_mp cost 2.927 ms
DEBUG 04-24 07:38:32.865902.865902 cuda_h.py:27] end get_fused_experts_names_w cost 0.020 ms
DEBUG 04-24 07:38:32.865248.865248 cuda_h.py:27] end group stack cost 2.183 ms
DEBUG 04-24 07:38:32.865379.865379 cuda_h.py:27] end move_flatidxs_group_fused_mp cost 3.432 ms
DEBUG 04-24 07:38:32.865695.865695 cuda_h.py:27] end get_fused_experts_names_w cost 0.026 ms
DEBUG 04-24 07:38:32.866322.866322 cuda_h.py:27] end restore_fused_tensors cost 0.710 ms
DEBUG 04-24 07:38:32.866139.866139 cuda_h.py:27] end group_fused_tensors_mp cost 0.970 ms
DEBUG 04-24 07:38:32.866144.866144 cuda_h.py:27] end restore_fused_tensors cost 0.780 ms
DEBUG 04-24 07:38:32.866100.866100 cuda_h.py:27] end group_fused_tensors_mp cost 1.032 ms
DEBUG 04-24 07:38:32.868118.868118 cuda_h.py:27] end restore2model cost 1.521 ms
DEBUG 04-24 07:38:32.869463.869463 cuda_h.py:27] end sllm_worker_task cost 15.758 ms
DEBUG 04-24 07:38:32.869229.869229 cuda_h.py:27] end load_into_gpu_async_fused_experts_dual cost 8.124 ms
DEBUG 04-24 07:38:32.870522.870522 cuda_h.py:27] end restore_tensors2_fused_experts_packed cost 0.177 ms
DEBUG 04-24 07:38:32.870345.870345 cuda_h.py:27] end restore_tensors2_fused_experts_slices cost 0.591 ms
DEBUG 04-24 07:38:32.871444.871444 cuda_h.py:27] end allocate_experts_cuda_memory_and_restore_model_multi_device_fused cost 11.680 ms
DEBUG 04-24 07:38:32.871146.871146 cuda_h.py:27] end gpu_sexperts cost 0.015 ms
DEBUG 04-24 07:38:32.871476.871476 cuda_h.py:27] end wait_load_qkvogn_s_weight cost 0.047 ms
DEBUG 04-24 07:38:32.891088.891088 mlpmodule.py:3373] [fused_group_bmm][steps] bmm1=16.046 ms split=0.076 ms act_mul=0.538 ms bmm2=8.187 ms
DEBUG 04-24 07:38:32.891565.891565 mlpmodule.py:3373] [fused_group_bmm][steps] bmm1=17.101 ms split=0.103 ms act_mul=0.463 ms bmm2=8.715 ms
DEBUG 04-24 07:38:32.891734.891734 cuda_h.py:27] end fused_group_bmm cost 25.200 ms
DEBUG 04-24 07:38:32.891987.891987 cuda_h.py:27] end fused_group_bmm cost 26.754 ms
DEBUG 04-24 07:38:32.892969.892969 cuda_h.py:27] end gather_outputs_group_fused_mp cost 0.604 ms
DEBUG 04-24 07:38:32.892267.892267 cuda_h.py:27] end gather_outputs_group_fused_mp cost 0.646 ms
DEBUG 04-24 07:38:32.892116.892116 cuda_h.py:27] end cpu_experts_worker_bmm_or_einsum cost 32.048 ms
DEBUG 04-24 07:38:32.893510.893510 cuda_h.py:27] end cpu_experts_worker_bmm_or_einsum cost 32.069 ms
DEBUG 04-24 07:38:32.894349.894349 mlpmodule.py:3373] [fused_group_bmm][steps] bmm1=15.223 ms split=0.133 ms act_mul=0.667 ms bmm2=11.440 ms
DEBUG 04-24 07:38:32.894760.894760 cuda_h.py:27] end fused_group_bmm cost 27.688 ms
DEBUG 04-24 07:38:32.895604.895604 cuda_h.py:27] end gather_outputs_group_fused_mp cost 0.464 ms
DEBUG 04-24 07:38:32.895454.895454 cuda_h.py:27] end wait_experts_multi_device cost 2.123 ms
DEBUG 04-24 07:38:32.895347.895347 cuda_h.py:27] end cpu_experts_worker_bmm_or_einsum cost 34.929 ms
DEBUG 04-24 07:38:32.900213.900213 cuda_h.py:27] end gpu_experts_multi_device_fused cost 5.023 ms
DEBUG 04-24 07:38:32.902478.902478 cuda_h.py:27] end cpu_thread_manager_mp_wait_fused cost 1.665 ms
DEBUG 04-24 07:38:32.902131.902131 cuda_h.py:27] end layer_moe_generate_mp_multi_device_fused_l_29 cost 45.595 ms
DEBUG 04-24 07:38:32.905911.905911 cuda_h.py:27] end *mlp cost 48.139 ms
DEBUG 04-24 07:38:32.905485.905485 cuda_h.py:27] end prefill_layer cost 52.569 ms
DEBUG 04-24 07:38:32.905956.905956 lmp.py:320] -------------------------------- end prefill layer 28 --------------------------------
DEBUG 04-24 07:38:32.905335.905335 lmp.py:273] -------------------------------- start prefill layer 29 --------------------------------
DEBUG 04-24 07:38:32.907531.907531 cuda_h.py:27] end **self_attn cost 1.819 ms
DEBUG 04-24 07:38:32.907725.907725 cuda_h.py:27] end *iln_self_attn_paln cost 2.330 ms
DEBUG 04-24 07:38:32.908713.908713 cuda_h.py:27] end gate cost 0.549 ms
DEBUG 04-24 07:38:32.911750.911750 cuda_h.py:27] end experts_map_get cost 2.604 ms
DEBUG 04-24 07:38:32.911494.911494 cuda_h.py:27] end **before experts start cost 3.312 ms
DEBUG 04-24 07:38:32.911169.911169 cuda_h.py:27] end cpu_experts_submit_fused_mp cost 0.154 ms
DEBUG 04-24 07:38:32.913007.913007 sllm_store_c.py:27] get device uuid map
DEBUG 04-24 07:38:32.913647.913647 sllm_store_c.py:29] call client load into gpu
DEBUG 04-24 07:38:32.913836.913836 cuda_h.py:27] end prepare_group_stack cost 0.634 ms
DEBUG 04-24 07:38:32.914074.914074 cuda_h.py:27] end prepare_group_stack cost 0.611 ms
DEBUG 04-24 07:38:32.916738.916738 cuda_h.py:27] end group stack cost 1.896 ms
DEBUG 04-24 07:38:32.916163.916163 cuda_h.py:27] end group stack cost 1.937 ms
DEBUG 04-24 07:38:32.916461.916461 cuda_h.py:27] end move_flatidxs_group_fused_mp cost 3.118 ms
DEBUG 04-24 07:38:32.916150.916150 cuda_h.py:27] end move_flatidxs_group_fused_mp cost 2.898 ms
DEBUG 04-24 07:38:32.916290.916290 cuda_h.py:27] end get_fused_experts_names_w cost 0.028 ms
DEBUG 04-24 07:38:32.916329.916329 cuda_h.py:27] end get_fused_experts_names_w cost 0.038 ms
DEBUG 04-24 07:38:32.916311.916311 cuda_h.py:27] end load_into_gpu_async_fused_experts_dual cost 3.146 ms
DEBUG 04-24 07:38:32.916431.916431 cuda_h.py:27] end prepare_group_stack cost 0.630 ms
DEBUG 04-24 07:38:32.916225.916225 cuda_h.py:27] end restore_tensors2_fused_experts_packed cost 0.065 ms
DEBUG 04-24 07:38:32.917378.917378 cuda_h.py:27] end restore_fused_tensors cost 0.528 ms
DEBUG 04-24 07:38:32.917930.917930 cuda_h.py:27] end group_fused_tensors_mp cost 0.765 ms
DEBUG 04-24 07:38:32.917680.917680 cuda_h.py:27] end restore_tensors2_fused_experts_slices cost 0.243 ms
DEBUG 04-24 07:38:32.917380.917380 cuda_h.py:27] end allocate_experts_cuda_memory_and_restore_model_multi_device_fused cost 5.080 ms
DEBUG 04-24 07:38:32.917901.917901 cuda_h.py:27] end gpu_sexperts cost 0.004 ms
DEBUG 04-24 07:38:32.917533.917533 cuda_h.py:27] end restore_fused_tensors cost 0.748 ms
DEBUG 04-24 07:38:32.917921.917921 cuda_h.py:27] end group_fused_tensors_mp cost 1.111 ms
DEBUG 04-24 07:38:32.919190.919190 cuda_h.py:27] end group stack cost 2.485 ms
DEBUG 04-24 07:38:32.919837.919837 cuda_h.py:27] end move_flatidxs_group_fused_mp cost 3.703 ms
DEBUG 04-24 07:38:32.920299.920299 cuda_h.py:27] end get_fused_experts_names_w cost 0.043 ms
DEBUG 04-24 07:38:32.922368.922368 cuda_h.py:27] end restore_fused_tensors cost 1.636 ms
DEBUG 04-24 07:38:32.922727.922727 cuda_h.py:27] end group_fused_tensors_mp cost 2.152 ms
DEBUG 04-24 07:38:32.937329.937329 mlpmodule.py:3373] [fused_group_bmm][steps] bmm1=9.904 ms split=0.254 ms act_mul=0.809 ms bmm2=8.609 ms
DEBUG 04-24 07:38:32.937347.937347 mlpmodule.py:3373] [fused_group_bmm][steps] bmm1=10.038 ms split=0.109 ms act_mul=0.673 ms bmm2=9.587 ms
DEBUG 04-24 07:38:32.937054.937054 cuda_h.py:27] end fused_group_bmm cost 19.924 ms
DEBUG 04-24 07:38:32.937725.937725 cuda_h.py:27] end fused_group_bmm cost 20.651 ms
DEBUG 04-24 07:38:32.938904.938904 cuda_h.py:27] end gather_outputs_group_fused_mp cost 0.370 ms
DEBUG 04-24 07:38:32.938223.938223 cuda_h.py:27] end gather_outputs_group_fused_mp cost 0.648 ms
DEBUG 04-24 07:38:32.939083.939083 cuda_h.py:27] end cpu_experts_worker_bmm_or_einsum cost 26.230 ms
DEBUG 04-24 07:38:32.939528.939528 cuda_h.py:27] end cpu_experts_worker_bmm_or_einsum cost 26.172 ms
DEBUG 04-24 07:38:32.943235.943235 cuda_h.py:27] end wait_experts_multi_device cost 7.548 ms
DEBUG 04-24 07:38:32.945888.945888 mlpmodule.py:3373] [fused_group_bmm][steps] bmm1=18.071 ms split=0.077 ms act_mul=0.807 ms bmm2=3.534 ms
DEBUG 04-24 07:38:32.945259.945259 cuda_h.py:27] end fused_group_bmm cost 22.722 ms
DEBUG 04-24 07:38:32.945482.945482 cuda_h.py:27] end gather_outputs_group_fused_mp cost 0.466 ms
DEBUG 04-24 07:38:32.946045.946045 cuda_h.py:27] end cpu_experts_worker_bmm_or_einsum cost 31.005 ms
DEBUG 04-24 07:38:32.949482.949482 cuda_h.py:27] end gpu_experts_multi_device_fused cost 6.025 ms
DEBUG 04-24 07:38:32.951600.951600 cuda_h.py:27] end cpu_thread_manager_mp_wait_fused cost 1.805 ms
DEBUG 04-24 07:38:32.952691.952691 cuda_h.py:27] end layer_moe_generate_mp_multi_device_fused_l_30 cost 44.010 ms
DEBUG 04-24 07:38:32.954899.954899 cuda_h.py:27] end *mlp cost 46.059 ms
DEBUG 04-24 07:38:32.954717.954717 cuda_h.py:27] end prefill_layer cost 48.594 ms
DEBUG 04-24 07:38:32.954950.954950 lmp.py:320] -------------------------------- end prefill layer 29 --------------------------------
DEBUG 04-24 07:38:32.954699.954699 cuda_h.py:27] end prefill cost 2333.502 ms
INFO 04-24 07:38:32.954601.954601 lmp.py:322] prefill time: 2.333524703979492 seconds
generate input ids cost 0.07441949844360352 s
DEBUG 04-24 07:38:37.892146.892146 cuda_h.py:27] end generate_input_ids cost 2335.065 ms
DEBUG 04-24 07:38:37.892651.892651 cuda_h.py:27] end init_cache cost 0.048 ms
DEBUG 04-24 07:38:37.892720.892720 cuda_h.py:27] end allocate_cuda_memory cost 0.397 ms
DEBUG 04-24 07:38:37.893405.893405 sllm_store_c.py:27] get device uuid map
DEBUG 04-24 07:38:37.893082.893082 sllm_store_c.py:29] call client load into gpu
DEBUG 04-24 07:38:37.896487.896487 cuda_h.py:27] end load_into_gpu_async cost 3.252 ms
DEBUG 04-24 07:38:37.896405.896405 cuda_h.py:27] end restore_tensors2 cost 0.049 ms
DEBUG 04-24 07:38:37.896168.896168 cuda_h.py:27] end allocate_cuda_memory_and_load_into_gpu cost 3.909 ms
DEBUG 04-24 07:38:37.897620.897620 cuda_h.py:27] end restore2model cost 0.627 ms
DEBUG 04-24 07:38:38.033333.033333 cuda_h.py:27] end allocate_cuda_memory cost 0.449 ms
DEBUG 04-24 07:38:38.033167.033167 sllm_store_c.py:27] get device uuid map
DEBUG 04-24 07:38:38.033529.033529 sllm_store_c.py:29] call client load into gpu
DEBUG 04-24 07:38:38.036301.036301 cuda_h.py:27] end load_into_gpu_async cost 3.004 ms
DEBUG 04-24 07:38:38.037120.037120 cuda_h.py:27] end restore_tensors2 cost 0.168 ms
DEBUG 04-24 07:38:38.037612.037612 cuda_h.py:27] end allocate_cuda_memory_and_load_into_gpu cost 4.454 ms
DEBUG 04-24 07:38:38.177220.177220 cuda_h.py:27] end restore2model cost 1.529 ms
DEBUG 04-24 07:38:38.177649.177649 cuda_h.py:27] end load_qkvogns_weight_l_0 cost 145.198 ms
DEBUG 04-24 07:38:38.177276.177276 cuda_h.py:27] end init_general_weights cost 285.421 ms
DEBUG 04-24 07:38:38.179639.179639 cuda_h.py:27] end init_inputs_tokens cost 0.922 ms
DEBUG 04-24 07:38:38.179923.179923 lmp.py:273] -------------------------------- start prefill layer 0 --------------------------------
DEBUG 04-24 07:38:38.179854.179854 cuda_h.py:27] end start_load_qkvogn_s_weight_l_1 cost 0.102 ms
DEBUG 04-24 07:38:38.180089.180089 cuda_h.py:27] end allocate_cuda_memory cost 0.341 ms
DEBUG 04-24 07:38:38.181181.181181 sllm_store_c.py:27] get device uuid map
DEBUG 04-24 07:38:38.181755.181755 sllm_store_c.py:29] call client load into gpu
DEBUG 04-24 07:38:38.183119.183119 cuda_h.py:27] end load_into_gpu_async cost 2.686 ms
DEBUG 04-24 07:38:38.184661.184661 cuda_h.py:27] end restore_tensors2 cost 0.202 ms
DEBUG 04-24 07:38:38.184561.184561 cuda_h.py:27] end allocate_cuda_memory_and_load_into_gpu cost 4.413 ms
DEBUG 04-24 07:38:38.189127.189127 cuda_h.py:27] end **self_attn cost 6.694 ms
DEBUG 04-24 07:38:38.189397.189397 cuda_h.py:27] end *iln_self_attn_paln cost 9.819 ms
DEBUG 04-24 07:38:38.191256.191256 cuda_h.py:27] end gate cost 1.522 ms
DEBUG 04-24 07:38:38.192026.192026 cuda_h.py:27] end experts_map_get cost 0.763 ms
DEBUG 04-24 07:38:38.192257.192257 cuda_h.py:27] end **before experts start cost 2.737 ms
DEBUG 04-24 07:38:38.193257.193257 cuda_h.py:27] end cpu_experts_submit_fused_mp cost 0.192 ms
DEBUG 04-24 07:38:38.194695.194695 sllm_store_c.py:27] get device uuid map
DEBUG 04-24 07:38:38.196023.196023 cuda_h.py:27] end prepare_group_stack cost 0.823 ms
DEBUG 04-24 07:38:38.196331.196331 sllm_store_c.py:29] call client load into gpu
DEBUG 04-24 07:38:38.198665.198665 cuda_h.py:27] end group stack cost 2.042 ms
DEBUG 04-24 07:38:38.198818.198818 cuda_h.py:27] end prepare_group_stack cost 1.219 ms
DEBUG 04-24 07:38:38.198728.198728 cuda_h.py:27] end move_flatidxs_group_fused_mp cost 3.126 ms
DEBUG 04-24 07:38:38.198308.198308 cuda_h.py:27] end prepare_group_stack cost 1.081 ms
DEBUG 04-24 07:38:38.198962.198962 cuda_h.py:27] end get_fused_experts_names_w cost 0.018 ms
DEBUG 04-24 07:38:38.198952.198952 cuda_h.py:27] end restore_fused_tensors cost 0.063 ms
DEBUG 04-24 07:38:38.199277.199277 cuda_h.py:27] end group_fused_tensors_mp cost 0.324 ms
DEBUG 04-24 07:38:38.199831.199831 cuda_h.py:27] end restore2model cost 6.470 ms
DEBUG 04-24 07:38:38.199863.199863 cuda_h.py:27] end sllm_worker_task cost 19.177 ms
DEBUG 04-24 07:38:38.201449.201449 cuda_h.py:27] end load_into_gpu_async_fused_experts_dual cost 7.283 ms
DEBUG 04-24 07:38:38.201095.201095 cuda_h.py:27] end restore_tensors2_fused_experts_packed cost 0.132 ms
DEBUG 04-24 07:38:38.202104.202104 cuda_h.py:27] end group stack cost 3.275 ms
DEBUG 04-24 07:38:38.202402.202402 cuda_h.py:27] end group stack cost 3.164 ms
DEBUG 04-24 07:38:38.202324.202324 cuda_h.py:27] end move_flatidxs_group_fused_mp cost 5.397 ms
DEBUG 04-24 07:38:38.202358.202358 cuda_h.py:27] end move_flatidxs_group_fused_mp cost 4.987 ms
DEBUG 04-24 07:38:38.202753.202753 cuda_h.py:27] end restore_tensors2_fused_experts_slices cost 0.611 ms
DEBUG 04-24 07:38:38.202460.202460 cuda_h.py:27] end get_fused_experts_names_w cost 0.035 ms
DEBUG 04-24 07:38:38.202964.202964 cuda_h.py:27] end get_fused_experts_names_w cost 0.039 ms
DEBUG 04-24 07:38:38.202713.202713 cuda_h.py:27] end allocate_experts_cuda_memory_and_restore_model_multi_device_fused cost 9.610 ms
DEBUG 04-24 07:38:38.202226.202226 cuda_h.py:27] end gpu_sexperts cost 0.008 ms
DEBUG 04-24 07:38:38.203049.203049 cuda_h.py:27] end restore_fused_tensors cost 0.112 ms
DEBUG 04-24 07:38:38.203328.203328 cuda_h.py:27] end restore_fused_tensors cost 0.116 ms
DEBUG 04-24 07:38:38.203864.203864 cuda_h.py:27] end group_fused_tensors_mp cost 0.458 ms
DEBUG 04-24 07:38:38.203169.203169 cuda_h.py:27] end group_fused_tensors_mp cost 0.444 ms
DEBUG 04-24 07:38:38.203720.203720 cuda_h.py:27] end wait_load_qkvogn_s_weight cost 0.033 ms
DEBUG 04-24 07:38:38.223210.223210 mlpmodule.py:3373] [fused_group_bmm][steps] bmm1=11.452 ms split=0.207 ms act_mul=1.916 ms bmm2=10.187 ms
DEBUG 04-24 07:38:38.223802.223802 cuda_h.py:27] end fused_group_bmm cost 24.091 ms
DEBUG 04-24 07:38:38.224799.224799 cuda_h.py:27] end gather_outputs_group_fused_mp cost 0.654 ms
DEBUG 04-24 07:38:38.224432.224432 cuda_h.py:27] end cpu_experts_worker_bmm_or_einsum cost 29.256 ms
DEBUG 04-24 07:38:38.226125.226125 mlpmodule.py:3373] [fused_group_bmm][steps] bmm1=15.831 ms split=0.257 ms act_mul=1.446 ms bmm2=5.235 ms
DEBUG 04-24 07:38:38.226098.226098 cuda_h.py:27] end fused_group_bmm cost 22.988 ms
DEBUG 04-24 07:38:38.227937.227937 mlpmodule.py:3373] [fused_group_bmm][steps] bmm1=18.725 ms split=0.132 ms act_mul=1.437 ms bmm2=3.424 ms
DEBUG 04-24 07:38:38.227987.227987 cuda_h.py:27] end gather_outputs_group_fused_mp cost 0.777 ms
DEBUG 04-24 07:38:38.227962.227962 cuda_h.py:27] end fused_group_bmm cost 23.898 ms
DEBUG 04-24 07:38:38.227255.227255 cuda_h.py:27] end cpu_experts_worker_bmm_or_einsum cost 30.387 ms
DEBUG 04-24 07:38:38.228431.228431 cuda_h.py:27] end gather_outputs_group_fused_mp cost 0.890 ms
DEBUG 04-24 07:38:38.228397.228397 cuda_h.py:27] end cpu_experts_worker_bmm_or_einsum cost 31.913 ms
DEBUG 04-24 07:38:38.232528.232528 cuda_h.py:27] end wait_experts_multi_device cost 1.992 ms
DEBUG 04-24 07:38:38.241918.241918 cuda_h.py:27] end gpu_experts_multi_device_fused cost 8.778 ms
DEBUG 04-24 07:38:38.243458.243458 cuda_h.py:27] end cpu_thread_manager_mp_wait_fused cost 1.779 ms
DEBUG 04-24 07:38:38.243072.243072 cuda_h.py:27] end layer_moe_generate_mp_multi_device_fused_l_1 cost 53.595 ms
DEBUG 04-24 07:38:38.244652.244652 cuda_h.py:27] end *mlp cost 54.529 ms
DEBUG 04-24 07:38:38.244960.244960 cuda_h.py:27] end prefill_layer cost 65.004 ms
DEBUG 04-24 07:38:38.244762.244762 lmp.py:320] -------------------------------- end prefill layer 0 --------------------------------
DEBUG 04-24 07:38:38.244319.244319 lmp.py:273] -------------------------------- start prefill layer 1 --------------------------------
DEBUG 04-24 07:38:38.244219.244219 cuda_h.py:27] end start_load_qkvogn_s_weight_l_2 cost 0.040 ms
DEBUG 04-24 07:38:38.245981.245981 cuda_h.py:27] end allocate_cuda_memory cost 0.131 ms
DEBUG 04-24 07:38:38.245539.245539 sllm_store_c.py:27] get device uuid map
DEBUG 04-24 07:38:38.245507.245507 sllm_store_c.py:29] call client load into gpu
DEBUG 04-24 07:38:38.247368.247368 cuda_h.py:27] end **self_attn cost 1.599 ms
DEBUG 04-24 07:38:38.247584.247584 cuda_h.py:27] end *iln_self_attn_paln cost 2.842 ms
DEBUG 04-24 07:38:38.247290.247290 cuda_h.py:27] end load_into_gpu_async cost 2.452 ms
DEBUG 04-24 07:38:38.248406.248406 cuda_h.py:27] end restore_tensors2 cost 0.090 ms
DEBUG 04-24 07:38:38.248052.248052 cuda_h.py:27] end allocate_cuda_memory_and_load_into_gpu cost 3.266 ms
DEBUG 04-24 07:38:38.248976.248976 cuda_h.py:27] end gate cost 1.057 ms
DEBUG 04-24 07:38:38.249154.249154 cuda_h.py:27] end experts_map_get cost 0.285 ms
DEBUG 04-24 07:38:38.249990.249990 cuda_h.py:27] end **before experts start cost 1.501 ms
DEBUG 04-24 07:38:38.249499.249499 cuda_h.py:27] end cpu_experts_submit_fused_mp cost 0.135 ms
DEBUG 04-24 07:38:38.252438.252438 sllm_store_c.py:27] get device uuid map
DEBUG 04-24 07:38:38.252307.252307 sllm_store_c.py:29] call client load into gpu
DEBUG 04-24 07:38:38.253702.253702 cuda_h.py:27] end prepare_group_stack cost 0.679 ms
DEBUG 04-24 07:38:38.254605.254605 cuda_h.py:27] end prepare_group_stack cost 0.846 ms
DEBUG 04-24 07:38:38.255629.255629 cuda_h.py:27] end group stack cost 1.666 ms
DEBUG 04-24 07:38:38.255768.255768 cuda_h.py:27] end move_flatidxs_group_fused_mp cost 2.843 ms
DEBUG 04-24 07:38:38.255220.255220 cuda_h.py:27] end prepare_group_stack cost 0.760 ms
DEBUG 04-24 07:38:38.256276.256276 cuda_h.py:27] end get_fused_experts_names_w cost 0.027 ms
DEBUG 04-24 07:38:38.256835.256835 cuda_h.py:27] end group stack cost 2.295 ms
DEBUG 04-24 07:38:38.256391.256391 cuda_h.py:27] end move_flatidxs_group_fused_mp cost 3.591 ms
DEBUG 04-24 07:38:38.256514.256514 cuda_h.py:27] end get_fused_experts_names_w cost 0.027 ms
DEBUG 04-24 07:38:38.257143.257143 cuda_h.py:27] end restore2model cost 1.104 ms
DEBUG 04-24 07:38:38.257147.257147 cuda_h.py:27] end sllm_worker_task cost 12.815 ms
DEBUG 04-24 07:38:38.257922.257922 cuda_h.py:27] end group stack cost 1.709 ms
DEBUG 04-24 07:38:38.258108.258108 cuda_h.py:27] end move_flatidxs_group_fused_mp cost 3.008 ms
DEBUG 04-24 07:38:38.258777.258777 cuda_h.py:27] end restore_fused_tensors cost 1.153 ms
DEBUG 04-24 07:38:38.258560.258560 cuda_h.py:27] end load_into_gpu_async_fused_experts_dual cost 6.229 ms
DEBUG 04-24 07:38:38.258606.258606 cuda_h.py:27] end get_fused_experts_names_w cost 0.039 ms
DEBUG 04-24 07:38:38.258592.258592 cuda_h.py:27] end group_fused_tensors_mp cost 1.562 ms
DEBUG 04-24 07:38:38.258813.258813 cuda_h.py:27] end restore_tensors2_fused_experts_packed cost 0.060 ms
DEBUG 04-24 07:38:38.258126.258126 cuda_h.py:27] end restore_tensors2_fused_experts_slices cost 0.322 ms
DEBUG 04-24 07:38:38.258250.258250 cuda_h.py:27] end restore_fused_tensors cost 2.376 ms
DEBUG 04-24 07:38:38.258320.258320 cuda_h.py:27] end group_fused_tensors_mp cost 2.731 ms
DEBUG 04-24 07:38:38.258612.258612 cuda_h.py:27] end allocate_experts_cuda_memory_and_restore_model_multi_device_fused cost 8.989 ms
DEBUG 04-24 07:38:38.259858.259858 cuda_h.py:27] end gpu_sexperts cost 0.004 ms
DEBUG 04-24 07:38:38.259503.259503 cuda_h.py:27] end restore_fused_tensors cost 0.728 ms
DEBUG 04-24 07:38:38.259520.259520 cuda_h.py:27] end group_fused_tensors_mp cost 1.034 ms
DEBUG 04-24 07:38:38.259811.259811 cuda_h.py:27] end wait_load_qkvogn_s_weight cost 0.014 ms
DEBUG 04-24 07:38:38.291544.291544 cuda_h.py:27] end wait_experts_multi_device cost 4.263 ms
DEBUG 04-24 07:38:38.292556.292556 mlpmodule.py:3373] [fused_group_bmm][steps] bmm1=23.821 ms split=0.125 ms act_mul=0.505 ms bmm2=8.548 ms
DEBUG 04-24 07:38:38.292186.292186 cuda_h.py:27] end fused_group_bmm cost 33.247 ms
DEBUG 04-24 07:38:38.293331.293331 cuda_h.py:27] end gather_outputs_group_fused_mp cost 0.480 ms
DEBUG 04-24 07:38:38.294084.294084 cuda_h.py:27] end cpu_experts_worker_bmm_or_einsum cost 41.129 ms
DEBUG 04-24 07:38:38.294761.294761 mlpmodule.py:3373] [fused_group_bmm][steps] bmm1=21.145 ms split=0.302 ms act_mul=0.883 ms bmm2=12.552 ms
DEBUG 04-24 07:38:38.294095.294095 cuda_h.py:27] end fused_group_bmm cost 35.185 ms
DEBUG 04-24 07:38:38.294192.294192 mlpmodule.py:3373] [fused_group_bmm][steps] bmm1=22.831 ms split=0.176 ms act_mul=1.491 ms bmm2=11.701 ms
DEBUG 04-24 07:38:38.295886.295886 cuda_h.py:27] end fused_group_bmm cost 36.383 ms
DEBUG 04-24 07:38:38.295941.295941 cuda_h.py:27] end gather_outputs_group_fused_mp cost 0.514 ms
DEBUG 04-24 07:38:38.295511.295511 cuda_h.py:27] end gather_outputs_group_fused_mp cost 0.450 ms
DEBUG 04-24 07:38:38.296471.296471 cuda_h.py:27] end cpu_experts_worker_bmm_or_einsum cost 44.893 ms
DEBUG 04-24 07:38:38.296594.296594 cuda_h.py:27] end cpu_experts_worker_bmm_or_einsum cost 45.086 ms
DEBUG 04-24 07:38:38.303290.303290 cuda_h.py:27] end gpu_experts_multi_device_fused cost 11.344 ms
DEBUG 04-24 07:38:38.305828.305828 cuda_h.py:27] end cpu_thread_manager_mp_wait_fused cost 2.090 ms
DEBUG 04-24 07:38:38.305402.305402 cuda_h.py:27] end layer_moe_generate_mp_multi_device_fused_l_2 cost 57.911 ms
DEBUG 04-24 07:38:38.306192.306192 cuda_h.py:27] end *mlp cost 58.738 ms
DEBUG 04-24 07:38:38.306427.306427 cuda_h.py:27] end prefill_layer cost 62.155 ms
DEBUG 04-24 07:38:38.306051.306051 lmp.py:320] -------------------------------- end prefill layer 1 --------------------------------
DEBUG 04-24 07:38:38.306420.306420 lmp.py:273] -------------------------------- start prefill layer 2 --------------------------------
DEBUG 04-24 07:38:38.306549.306549 cuda_h.py:27] end start_load_qkvogn_s_weight_l_3 cost 0.050 ms
DEBUG 04-24 07:38:38.307659.307659 cuda_h.py:27] end allocate_cuda_memory cost 0.182 ms
DEBUG 04-24 07:38:38.307373.307373 sllm_store_c.py:27] get device uuid map
DEBUG 04-24 07:38:38.307563.307563 sllm_store_c.py:29] call client load into gpu
DEBUG 04-24 07:38:38.309312.309312 cuda_h.py:27] end load_into_gpu_async cost 2.131 ms
DEBUG 04-24 07:38:38.309794.309794 cuda_h.py:27] end restore_tensors2 cost 0.084 ms
DEBUG 04-24 07:38:38.309105.309105 cuda_h.py:27] end allocate_cuda_memory_and_load_into_gpu cost 2.881 ms
DEBUG 04-24 07:38:38.309207.309207 cuda_h.py:27] end **self_attn cost 1.964 ms
DEBUG 04-24 07:38:38.310994.310994 cuda_h.py:27] end *iln_self_attn_paln cost 4.038 ms
DEBUG 04-24 07:38:38.311058.311058 cuda_h.py:27] end gate cost 0.639 ms
DEBUG 04-24 07:38:38.312165.312165 cuda_h.py:27] end experts_map_get cost 0.329 ms
DEBUG 04-24 07:38:38.312955.312955 cuda_h.py:27] end **before experts start cost 1.136 ms
DEBUG 04-24 07:38:38.312523.312523 cuda_h.py:27] end cpu_experts_submit_fused_mp cost 0.143 ms
DEBUG 04-24 07:38:38.315740.315740 sllm_store_c.py:27] get device uuid map
DEBUG 04-24 07:38:38.316804.316804 sllm_store_c.py:29] call client load into gpu
DEBUG 04-24 07:38:38.316244.316244 cuda_h.py:27] end prepare_group_stack cost 1.330 ms
DEBUG 04-24 07:38:38.316821.316821 cuda_h.py:27] end prepare_group_stack cost 1.803 ms
DEBUG 04-24 07:38:38.316797.316797 cuda_h.py:27] end prepare_group_stack cost 1.789 ms
DEBUG 04-24 07:38:38.317934.317934 cuda_h.py:27] end group stack cost 1.597 ms
DEBUG 04-24 07:38:38.317481.317481 cuda_h.py:27] end move_flatidxs_group_fused_mp cost 3.299 ms
DEBUG 04-24 07:38:38.318266.318266 cuda_h.py:27] end get_fused_experts_names_w cost 0.022 ms
DEBUG 04-24 07:38:38.318509.318509 cuda_h.py:27] end group stack cost 1.849 ms
DEBUG 04-24 07:38:38.318198.318198 cuda_h.py:27] end move_flatidxs_group_fused_mp cost 3.958 ms
DEBUG 04-24 07:38:38.318950.318950 cuda_h.py:27] end get_fused_experts_names_w cost 0.019 ms
DEBUG 04-24 07:38:38.318057.318057 cuda_h.py:27] end group stack cost 2.074 ms
DEBUG 04-24 07:38:38.318651.318651 cuda_h.py:27] end move_flatidxs_group_fused_mp cost 4.198 ms
DEBUG 04-24 07:38:38.319974.319974 cuda_h.py:27] end get_fused_experts_names_w cost 0.027 ms
DEBUG 04-24 07:38:38.319799.319799 cuda_h.py:27] end restore_fused_tensors cost 0.742 ms
DEBUG 04-24 07:38:38.319644.319644 cuda_h.py:27] end group_fused_tensors_mp cost 1.043 ms
DEBUG 04-24 07:38:38.319446.319446 cuda_h.py:27] end restore2model cost 0.654 ms
DEBUG 04-24 07:38:38.319874.319874 cuda_h.py:27] end restore_fused_tensors cost 0.775 ms
DEBUG 04-24 07:38:38.319677.319677 cuda_h.py:27] end sllm_worker_task cost 12.646 ms
DEBUG 04-24 07:38:38.319162.319162 cuda_h.py:27] end group_fused_tensors_mp cost 0.986 ms
DEBUG 04-24 07:38:38.319308.319308 cuda_h.py:27] end restore_fused_tensors cost 0.771 ms
DEBUG 04-24 07:38:38.320040.320040 cuda_h.py:27] end group_fused_tensors_mp cost 1.028 ms
DEBUG 04-24 07:38:38.320547.320547 cuda_h.py:27] end load_into_gpu_async_fused_experts_dual cost 4.936 ms
DEBUG 04-24 07:38:38.321212.321212 cuda_h.py:27] end restore_tensors2_fused_experts_packed cost 0.112 ms
DEBUG 04-24 07:38:38.321386.321386 cuda_h.py:27] end restore_tensors2_fused_experts_slices cost 0.678 ms
DEBUG 04-24 07:38:38.322376.322376 cuda_h.py:27] end allocate_experts_cuda_memory_and_restore_model_multi_device_fused cost 9.204 ms
DEBUG 04-24 07:38:38.322002.322002 cuda_h.py:27] end gpu_sexperts cost 0.015 ms
DEBUG 04-24 07:38:38.323114.323114 cuda_h.py:27] end wait_load_qkvogn_s_weight cost 0.064 ms
DEBUG 04-24 07:38:38.352361.352361 mlpmodule.py:3373] [fused_group_bmm][steps] bmm1=24.246 ms split=0.068 ms act_mul=0.438 ms bmm2=7.642 ms
DEBUG 04-24 07:38:38.352661.352661 cuda_h.py:27] end fused_group_bmm cost 32.684 ms
DEBUG 04-24 07:38:38.353420.353420 cuda_h.py:27] end gather_outputs_group_fused_mp cost 0.604 ms
DEBUG 04-24 07:38:38.353925.353925 mlpmodule.py:3373] [fused_group_bmm][steps] bmm1=24.970 ms split=0.065 ms act_mul=0.564 ms bmm2=8.208 ms
DEBUG 04-24 07:38:38.353775.353775 cuda_h.py:27] end fused_group_bmm cost 34.115 ms
DEBUG 04-24 07:38:38.353624.353624 cuda_h.py:27] end cpu_experts_worker_bmm_or_einsum cost 40.282 ms
DEBUG 04-24 07:38:38.354762.354762 cuda_h.py:27] end gather_outputs_group_fused_mp cost 0.416 ms
DEBUG 04-24 07:38:38.354752.354752 mlpmodule.py:3373] [fused_group_bmm][steps] bmm1=22.806 ms split=0.129 ms act_mul=0.688 ms bmm2=10.585 ms
DEBUG 04-24 07:38:38.354795.354795 cuda_h.py:27] end cpu_experts_worker_bmm_or_einsum cost 41.036 ms
DEBUG 04-24 07:38:38.354354.354354 cuda_h.py:27] end fused_group_bmm cost 34.394 ms
DEBUG 04-24 07:38:38.355050.355050 cuda_h.py:27] end gather_outputs_group_fused_mp cost 0.446 ms
DEBUG 04-24 07:38:38.355751.355751 cuda_h.py:27] end wait_experts_multi_device cost 1.539 ms
DEBUG 04-24 07:38:38.356139.356139 cuda_h.py:27] end cpu_experts_worker_bmm_or_einsum cost 42.357 ms
DEBUG 04-24 07:38:38.364062.364062 cuda_h.py:27] end gpu_experts_multi_device_fused cost 8.574 ms
DEBUG 04-24 07:38:38.366277.366277 cuda_h.py:27] end cpu_thread_manager_mp_wait_fused cost 1.943 ms
DEBUG 04-24 07:38:38.366414.366414 cuda_h.py:27] end layer_moe_generate_mp_multi_device_fused_l_3 cost 55.193 ms
DEBUG 04-24 07:38:38.366434.366434 cuda_h.py:27] end *mlp cost 55.977 ms
DEBUG 04-24 07:38:38.367861.367861 cuda_h.py:27] end prefill_layer cost 60.225 ms
DEBUG 04-24 07:38:38.367310.367310 lmp.py:320] -------------------------------- end prefill layer 2 --------------------------------
DEBUG 04-24 07:38:38.367927.367927 lmp.py:273] -------------------------------- start prefill layer 3 --------------------------------
DEBUG 04-24 07:38:38.367674.367674 cuda_h.py:27] end start_load_qkvogn_s_weight_l_4 cost 0.050 ms
DEBUG 04-24 07:38:38.367135.367135 cuda_h.py:27] end allocate_cuda_memory cost 0.199 ms
DEBUG 04-24 07:38:38.367398.367398 sllm_store_c.py:27] get device uuid map
DEBUG 04-24 07:38:38.368574.368574 sllm_store_c.py:29] call client load into gpu
DEBUG 04-24 07:38:38.369479.369479 cuda_h.py:27] end load_into_gpu_async cost 1.427 ms
DEBUG 04-24 07:38:38.369107.369107 cuda_h.py:27] end restore_tensors2 cost 0.084 ms
DEBUG 04-24 07:38:38.369761.369761 cuda_h.py:27] end allocate_cuda_memory_and_load_into_gpu cost 2.151 ms
DEBUG 04-24 07:38:38.370236.370236 cuda_h.py:27] end **self_attn cost 2.008 ms
DEBUG 04-24 07:38:38.370471.370471 cuda_h.py:27] end *iln_self_attn_paln cost 3.281 ms
DEBUG 04-24 07:38:38.371162.371162 cuda_h.py:27] end gate cost 0.614 ms
DEBUG 04-24 07:38:38.371774.371774 cuda_h.py:27] end experts_map_get cost 0.360 ms
DEBUG 04-24 07:38:38.371087.371087 cuda_h.py:27] end **before experts start cost 1.131 ms
DEBUG 04-24 07:38:38.372040.372040 cuda_h.py:27] end cpu_experts_submit_fused_mp cost 0.145 ms
DEBUG 04-24 07:38:38.374088.374088 cuda_h.py:27] end prepare_group_stack cost 0.643 ms
DEBUG 04-24 07:38:38.374952.374952 sllm_store_c.py:27] get device uuid map
DEBUG 04-24 07:38:38.374173.374173 sllm_store_c.py:29] call client load into gpu
DEBUG 04-24 07:38:38.375076.375076 cuda_h.py:27] end prepare_group_stack cost 0.693 ms
DEBUG 04-24 07:38:38.376729.376729 cuda_h.py:27] end group stack cost 1.869 ms
DEBUG 04-24 07:38:38.376767.376767 cuda_h.py:27] end move_flatidxs_group_fused_mp cost 2.735 ms
DEBUG 04-24 07:38:38.376627.376627 cuda_h.py:27] end get_fused_experts_names_w cost 0.019 ms
DEBUG 04-24 07:38:38.377778.377778 cuda_h.py:27] end group stack cost 1.617 ms
DEBUG 04-24 07:38:38.377981.377981 cuda_h.py:27] end move_flatidxs_group_fused_mp cost 2.605 ms
DEBUG 04-24 07:38:38.377054.377054 cuda_h.py:27] end get_fused_experts_names_w cost 0.023 ms
DEBUG 04-24 07:38:38.377201.377201 cuda_h.py:27] end prepare_group_stack cost 0.517 ms
DEBUG 04-24 07:38:38.377238.377238 cuda_h.py:27] end restore_fused_tensors cost 0.886 ms
DEBUG 04-24 07:38:38.377853.377853 cuda_h.py:27] end group_fused_tensors_mp cost 1.243 ms
DEBUG 04-24 07:38:38.378189.378189 cuda_h.py:27] end restore_fused_tensors cost 0.708 ms
DEBUG 04-24 07:38:38.378231.378231 cuda_h.py:27] end group_fused_tensors_mp cost 0.965 ms
DEBUG 04-24 07:38:38.378991.378991 cuda_h.py:27] end restore2model cost 0.797 ms
DEBUG 04-24 07:38:38.378253.378253 cuda_h.py:27] end sllm_worker_task cost 11.292 ms
DEBUG 04-24 07:38:38.379478.379478 cuda_h.py:27] end load_into_gpu_async_fused_experts_dual cost 4.248 ms
DEBUG 04-24 07:38:38.379158.379158 cuda_h.py:27] end restore_tensors2_fused_experts_packed cost 0.062 ms
DEBUG 04-24 07:38:38.379284.379284 cuda_h.py:27] end group stack cost 1.357 ms
DEBUG 04-24 07:38:38.379609.379609 cuda_h.py:27] end move_flatidxs_group_fused_mp cost 2.247 ms
DEBUG 04-24 07:38:38.379376.379376 cuda_h.py:27] end get_fused_experts_names_w cost 0.027 ms
DEBUG 04-24 07:38:38.379286.379286 cuda_h.py:27] end restore_tensors2_fused_experts_slices cost 0.677 ms
DEBUG 04-24 07:38:38.380610.380610 cuda_h.py:27] end allocate_experts_cuda_memory_and_restore_model_multi_device_fused cost 7.694 ms
DEBUG 04-24 07:38:38.380412.380412 cuda_h.py:27] end gpu_sexperts cost 0.007 ms
DEBUG 04-24 07:38:38.380507.380507 cuda_h.py:27] end wait_load_qkvogn_s_weight cost 0.028 ms
DEBUG 04-24 07:38:38.381816.381816 cuda_h.py:27] end restore_fused_tensors cost 1.666 ms
DEBUG 04-24 07:38:38.381706.381706 cuda_h.py:27] end group_fused_tensors_mp cost 2.164 ms
DEBUG 04-24 07:38:38.410623.410623 cuda_h.py:27] end wait_experts_multi_device cost 2.045 ms
DEBUG 04-24 07:38:38.411324.411324 mlpmodule.py:3373] [fused_group_bmm][steps] bmm1=18.011 ms split=0.102 ms act_mul=0.982 ms bmm2=14.010 ms
DEBUG 04-24 07:38:38.411013.411013 cuda_h.py:27] end fused_group_bmm cost 33.327 ms
DEBUG 04-24 07:38:38.412749.412749 mlpmodule.py:3373] [fused_group_bmm][steps] bmm1=18.323 ms split=0.219 ms act_mul=0.755 ms bmm2=14.512 ms
DEBUG 04-24 07:38:38.412958.412958 cuda_h.py:27] end fused_group_bmm cost 34.127 ms
DEBUG 04-24 07:38:38.412276.412276 mlpmodule.py:3373] [fused_group_bmm][steps] bmm1=23.600 ms split=0.209 ms act_mul=1.296 ms bmm2=5.232 ms
DEBUG 04-24 07:38:38.412387.412387 cuda_h.py:27] end fused_group_bmm cost 30.515 ms
DEBUG 04-24 07:38:38.412767.412767 cuda_h.py:27] end gather_outputs_group_fused_mp cost 0.446 ms
DEBUG 04-24 07:38:38.412613.412613 cuda_h.py:27] end cpu_experts_worker_bmm_or_einsum cost 39.113 ms
DEBUG 04-24 07:38:38.412859.412859 cuda_h.py:27] end gather_outputs_group_fused_mp cost 0.461 ms
DEBUG 04-24 07:38:38.413736.413736 cuda_h.py:27] end gather_outputs_group_fused_mp cost 0.410 ms
DEBUG 04-24 07:38:38.413827.413827 cuda_h.py:27] end cpu_experts_worker_bmm_or_einsum cost 40.503 ms
DEBUG 04-24 07:38:38.413725.413725 cuda_h.py:27] end cpu_experts_worker_bmm_or_einsum cost 36.812 ms
DEBUG 04-24 07:38:38.417550.417550 cuda_h.py:27] end gpu_experts_multi_device_fused cost 7.306 ms
DEBUG 04-24 07:38:38.419425.419425 cuda_h.py:27] end cpu_thread_manager_mp_wait_fused cost 2.060 ms
DEBUG 04-24 07:38:38.420184.420184 cuda_h.py:27] end layer_moe_generate_mp_multi_device_fused_l_4 cost 49.339 ms
DEBUG 04-24 07:38:38.421587.421587 cuda_h.py:27] end *mlp cost 51.073 ms
DEBUG 04-24 07:38:38.421656.421656 cuda_h.py:27] end prefill_layer cost 54.608 ms
DEBUG 04-24 07:38:38.421373.421373 lmp.py:320] -------------------------------- end prefill layer 3 --------------------------------
DEBUG 04-24 07:38:38.422111.422111 lmp.py:273] -------------------------------- start prefill layer 4 --------------------------------
DEBUG 04-24 07:38:38.422675.422675 cuda_h.py:27] end start_load_qkvogn_s_weight_l_5 cost 0.051 ms
DEBUG 04-24 07:38:38.422010.422010 cuda_h.py:27] end allocate_cuda_memory cost 0.208 ms
DEBUG 04-24 07:38:38.422387.422387 sllm_store_c.py:27] get device uuid map
DEBUG 04-24 07:38:38.423126.423126 sllm_store_c.py:29] call client load into gpu
DEBUG 04-24 07:38:38.424029.424029 cuda_h.py:27] end load_into_gpu_async cost 1.560 ms
DEBUG 04-24 07:38:38.424459.424459 cuda_h.py:27] end restore_tensors2 cost 0.100 ms
DEBUG 04-24 07:38:38.424939.424939 cuda_h.py:27] end allocate_cuda_memory_and_load_into_gpu cost 2.279 ms
DEBUG 04-24 07:38:38.425266.425266 cuda_h.py:27] end **self_attn cost 2.179 ms
DEBUG 04-24 07:38:38.426595.426595 cuda_h.py:27] end *iln_self_attn_paln cost 3.584 ms
DEBUG 04-24 07:38:38.426906.426906 cuda_h.py:27] end gate cost 0.714 ms
DEBUG 04-24 07:38:38.427419.427419 cuda_h.py:27] end experts_map_get cost 0.374 ms
DEBUG 04-24 07:38:38.427884.427884 cuda_h.py:27] end **before experts start cost 1.271 ms
DEBUG 04-24 07:38:38.427500.427500 cuda_h.py:27] end cpu_experts_submit_fused_mp cost 0.171 ms
DEBUG 04-24 07:38:38.429339.429339 sllm_store_c.py:27] get device uuid map
DEBUG 04-24 07:38:38.429163.429163 sllm_store_c.py:29] call client load into gpu
DEBUG 04-24 07:38:38.430264.430264 cuda_h.py:27] end prepare_group_stack cost 1.675 ms
DEBUG 04-24 07:38:38.430747.430747 cuda_h.py:27] end prepare_group_stack cost 1.659 ms
DEBUG 04-24 07:38:38.432812.432812 cuda_h.py:27] end group stack cost 1.846 ms
DEBUG 04-24 07:38:38.433314.433314 cuda_h.py:27] end move_flatidxs_group_fused_mp cost 3.780 ms
DEBUG 04-24 07:38:38.433305.433305 cuda_h.py:27] end get_fused_experts_names_w cost 0.048 ms
DEBUG 04-24 07:38:38.433236.433236 cuda_h.py:27] end prepare_group_stack cost 0.620 ms
DEBUG 04-24 07:38:38.433973.433973 cuda_h.py:27] end group stack cost 2.497 ms
DEBUG 04-24 07:38:38.433136.433136 cuda_h.py:27] end move_flatidxs_group_fused_mp cost 4.410 ms
DEBUG 04-24 07:38:38.433242.433242 cuda_h.py:27] end get_fused_experts_names_w cost 0.018 ms
DEBUG 04-24 07:38:38.434307.434307 cuda_h.py:27] end restore_fused_tensors cost 0.650 ms
DEBUG 04-24 07:38:38.434213.434213 cuda_h.py:27] end group_fused_tensors_mp cost 1.076 ms
DEBUG 04-24 07:38:38.434333.434333 cuda_h.py:27] end restore_fused_tensors cost 0.780 ms
DEBUG 04-24 07:38:38.434635.434635 cuda_h.py:27] end group_fused_tensors_mp cost 1.080 ms
DEBUG 04-24 07:38:38.435102.435102 cuda_h.py:27] end group stack cost 1.805 ms
DEBUG 04-24 07:38:38.435348.435348 cuda_h.py:27] end move_flatidxs_group_fused_mp cost 2.790 ms
DEBUG 04-24 07:38:38.435692.435692 cuda_h.py:27] end get_fused_experts_names_w cost 0.026 ms
DEBUG 04-24 07:38:38.436176.436176 cuda_h.py:27] end restore2model cost 0.642 ms
DEBUG 04-24 07:38:38.436384.436384 cuda_h.py:27] end sllm_worker_task cost 14.198 ms
DEBUG 04-24 07:38:38.436560.436560 cuda_h.py:27] end restore_fused_tensors cost 1.028 ms
DEBUG 04-24 07:38:38.437182.437182 cuda_h.py:27] end group_fused_tensors_mp cost 1.422 ms
DEBUG 04-24 07:38:38.437857.437857 cuda_h.py:27] end load_into_gpu_async_fused_experts_dual cost 8.730 ms
DEBUG 04-24 07:38:38.438993.438993 cuda_h.py:27] end restore_tensors2_fused_experts_packed cost 0.172 ms
DEBUG 04-24 07:38:38.439127.439127 cuda_h.py:27] end restore_tensors2_fused_experts_slices cost 0.660 ms
DEBUG 04-24 07:38:38.439685.439685 cuda_h.py:27] end allocate_experts_cuda_memory_and_restore_model_multi_device_fused cost 11.185 ms
DEBUG 04-24 07:38:38.439552.439552 cuda_h.py:27] end gpu_sexperts cost 0.011 ms
DEBUG 04-24 07:38:38.440835.440835 cuda_h.py:27] end wait_load_qkvogn_s_weight cost 0.044 ms
DEBUG 04-24 07:38:38.465453.465453 mlpmodule.py:3373] [fused_group_bmm][steps] bmm1=19.588 ms split=0.265 ms act_mul=0.926 ms bmm2=10.205 ms
DEBUG 04-24 07:38:38.465977.465977 cuda_h.py:27] end fused_group_bmm cost 31.218 ms
DEBUG 04-24 07:38:38.466966.466966 cuda_h.py:27] end gather_outputs_group_fused_mp cost 0.979 ms
DEBUG 04-24 07:38:38.467555.467555 cuda_h.py:27] end cpu_experts_worker_bmm_or_einsum cost 38.900 ms
DEBUG 04-24 07:38:38.469984.469984 cuda_h.py:27] end wait_experts_multi_device cost 2.906 ms
DEBUG 04-24 07:38:38.470340.470340 mlpmodule.py:3373] [fused_group_bmm][steps] bmm1=27.223 ms split=0.077 ms act_mul=0.520 ms bmm2=5.511 ms
DEBUG 04-24 07:38:38.470166.470166 cuda_h.py:27] end fused_group_bmm cost 33.507 ms
DEBUG 04-24 07:38:38.470007.470007 mlpmodule.py:3373] [fused_group_bmm][steps] bmm1=28.265 ms split=0.146 ms act_mul=0.718 ms bmm2=6.311 ms
DEBUG 04-24 07:38:38.471724.471724 cuda_h.py:27] end fused_group_bmm cost 35.919 ms
DEBUG 04-24 07:38:38.471328.471328 cuda_h.py:27] end gather_outputs_group_fused_mp cost 0.408 ms
DEBUG 04-24 07:38:38.471157.471157 cuda_h.py:27] end gather_outputs_group_fused_mp cost 0.404 ms
DEBUG 04-24 07:38:38.472192.472192 cuda_h.py:27] end cpu_experts_worker_bmm_or_einsum cost 40.519 ms
DEBUG 04-24 07:38:38.472509.472509 cuda_h.py:27] end cpu_experts_worker_bmm_or_einsum cost 43.673 ms
DEBUG 04-24 07:38:38.476629.476629 cuda_h.py:27] end gpu_experts_multi_device_fused cost 7.238 ms
DEBUG 04-24 07:38:38.478387.478387 cuda_h.py:27] end cpu_thread_manager_mp_wait_fused cost 2.156 ms
DEBUG 04-24 07:38:38.479762.479762 cuda_h.py:27] end layer_moe_generate_mp_multi_device_fused_l_5 cost 53.006 ms
DEBUG 04-24 07:38:38.480007.480007 cuda_h.py:27] end *mlp cost 53.991 ms
DEBUG 04-24 07:38:38.480388.480388 cuda_h.py:27] end prefill_layer cost 57.928 ms
DEBUG 04-24 07:38:38.480866.480866 lmp.py:320] -------------------------------- end prefill layer 4 --------------------------------
DEBUG 04-24 07:38:38.480205.480205 lmp.py:273] -------------------------------- start prefill layer 5 --------------------------------
DEBUG 04-24 07:38:38.480764.480764 cuda_h.py:27] end start_load_qkvogn_s_weight_l_6 cost 0.051 ms
DEBUG 04-24 07:38:38.480676.480676 cuda_h.py:27] end allocate_cuda_memory cost 0.214 ms
DEBUG 04-24 07:38:38.481244.481244 sllm_store_c.py:27] get device uuid map
DEBUG 04-24 07:38:38.481334.481334 sllm_store_c.py:29] call client load into gpu
DEBUG 04-24 07:38:38.483762.483762 cuda_h.py:27] end load_into_gpu_async cost 2.417 ms
DEBUG 04-24 07:38:38.484425.484425 cuda_h.py:27] end restore_tensors2 cost 0.528 ms
DEBUG 04-24 07:38:38.484539.484539 cuda_h.py:27] end allocate_cuda_memory_and_load_into_gpu cost 3.500 ms
DEBUG 04-24 07:38:38.485739.485739 cuda_h.py:27] end **self_attn cost 4.132 ms
DEBUG 04-24 07:38:38.486160.486160 cuda_h.py:27] end *iln_self_attn_paln cost 5.550 ms
DEBUG 04-24 07:38:38.486798.486798 cuda_h.py:27] end gate cost 0.699 ms
DEBUG 04-24 07:38:38.487773.487773 cuda_h.py:27] end experts_map_get cost 0.940 ms
DEBUG 04-24 07:38:38.487232.487232 cuda_h.py:27] end **before experts start cost 1.803 ms
DEBUG 04-24 07:38:38.488059.488059 cuda_h.py:27] end cpu_experts_submit_fused_mp cost 0.133 ms
DEBUG 04-24 07:38:38.489723.489723 sllm_store_c.py:27] get device uuid map
DEBUG 04-24 07:38:38.490587.490587 sllm_store_c.py:29] call client load into gpu
DEBUG 04-24 07:38:38.491102.491102 cuda_h.py:27] end restore2model cost 0.508 ms
DEBUG 04-24 07:38:38.491449.491449 cuda_h.py:27] end sllm_worker_task cost 11.092 ms
DEBUG 04-24 07:38:38.491239.491239 cuda_h.py:27] end prepare_group_stack cost 0.663 ms
DEBUG 04-24 07:38:38.492687.492687 cuda_h.py:27] end prepare_group_stack cost 0.665 ms
DEBUG 04-24 07:38:38.492922.492922 cuda_h.py:27] end prepare_group_stack cost 0.816 ms
DEBUG 04-24 07:38:38.492015.492015 cuda_h.py:27] end load_into_gpu_async_fused_experts_dual cost 2.986 ms
DEBUG 04-24 07:38:38.493583.493583 cuda_h.py:27] end restore_tensors2_fused_experts_packed cost 0.063 ms
DEBUG 04-24 07:38:38.493882.493882 cuda_h.py:27] end group stack cost 1.438 ms
DEBUG 04-24 07:38:38.493416.493416 cuda_h.py:27] end move_flatidxs_group_fused_mp cost 2.492 ms
DEBUG 04-24 07:38:38.493640.493640 cuda_h.py:27] end restore_tensors2_fused_experts_slices cost 0.347 ms
DEBUG 04-24 07:38:38.493456.493456 cuda_h.py:27] end get_fused_experts_names_w cost 0.019 ms
DEBUG 04-24 07:38:38.493761.493761 cuda_h.py:27] end allocate_experts_cuda_memory_and_restore_model_multi_device_fused cost 5.497 ms
DEBUG 04-24 07:38:38.493754.493754 cuda_h.py:27] end group stack cost 1.550 ms
DEBUG 04-24 07:38:38.494203.494203 cuda_h.py:27] end gpu_sexperts cost 0.004 ms
DEBUG 04-24 07:38:38.494317.494317 cuda_h.py:27] end wait_load_qkvogn_s_weight cost 0.014 ms
DEBUG 04-24 07:38:38.494125.494125 cuda_h.py:27] end move_flatidxs_group_fused_mp cost 2.747 ms
DEBUG 04-24 07:38:38.494357.494357 cuda_h.py:27] end group stack cost 1.758 ms
DEBUG 04-24 07:38:38.494004.494004 cuda_h.py:27] end get_fused_experts_names_w cost 0.018 ms
DEBUG 04-24 07:38:38.494416.494416 cuda_h.py:27] end move_flatidxs_group_fused_mp cost 2.874 ms
DEBUG 04-24 07:38:38.494329.494329 cuda_h.py:27] end get_fused_experts_names_w cost 0.020 ms
DEBUG 04-24 07:38:38.494673.494673 cuda_h.py:27] end restore_fused_tensors cost 0.601 ms
DEBUG 04-24 07:38:38.494125.494125 cuda_h.py:27] end group_fused_tensors_mp cost 0.832 ms
DEBUG 04-24 07:38:38.495504.495504 cuda_h.py:27] end restore_fused_tensors cost 0.709 ms
DEBUG 04-24 07:38:38.495722.495722 cuda_h.py:27] end group_fused_tensors_mp cost 1.070 ms
DEBUG 04-24 07:38:38.495481.495481 cuda_h.py:27] end restore_fused_tensors cost 0.777 ms
DEBUG 04-24 07:38:38.495291.495291 cuda_h.py:27] end group_fused_tensors_mp cost 1.208 ms
DEBUG 04-24 07:38:38.523741.523741 cuda_h.py:27] end wait_experts_multi_device cost 3.754 ms
DEBUG 04-24 07:38:38.525780.525780 mlpmodule.py:3373] [fused_group_bmm][steps] bmm1=22.698 ms split=0.110 ms act_mul=0.524 ms bmm2=6.166 ms
DEBUG 04-24 07:38:38.525780.525780 mlpmodule.py:3373] [fused_group_bmm][steps] bmm1=20.884 ms split=0.221 ms act_mul=0.809 ms bmm2=8.861 ms
DEBUG 04-24 07:38:38.525377.525377 cuda_h.py:27] end fused_group_bmm cost 29.758 ms
DEBUG 04-24 07:38:38.525927.525927 cuda_h.py:27] end fused_group_bmm cost 31.047 ms
DEBUG 04-24 07:38:38.526816.526816 cuda_h.py:27] end gather_outputs_group_fused_mp cost 0.562 ms
DEBUG 04-24 07:38:38.527408.527408 cuda_h.py:27] end cpu_experts_worker_bmm_or_einsum cost 36.562 ms
DEBUG 04-24 07:38:38.527451.527451 mlpmodule.py:3373] [fused_group_bmm][steps] bmm1=21.722 ms split=0.086 ms act_mul=2.664 ms bmm2=8.023 ms
DEBUG 04-24 07:38:38.528741.528741 cuda_h.py:27] end fused_group_bmm cost 32.662 ms
DEBUG 04-24 07:38:38.528235.528235 cuda_h.py:27] end gather_outputs_group_fused_mp cost 2.227 ms
DEBUG 04-24 07:38:38.528200.528200 cuda_h.py:27] end gather_outputs_group_fused_mp cost 0.404 ms
DEBUG 04-24 07:38:38.528034.528034 cuda_h.py:27] end cpu_experts_worker_bmm_or_einsum cost 37.827 ms
DEBUG 04-24 07:38:38.529200.529200 cuda_h.py:27] end cpu_experts_worker_bmm_or_einsum cost 38.031 ms
DEBUG 04-24 07:38:38.533702.533702 cuda_h.py:27] end gpu_experts_multi_device_fused cost 9.036 ms
DEBUG 04-24 07:38:38.535992.535992 cuda_h.py:27] end cpu_thread_manager_mp_wait_fused cost 2.209 ms
DEBUG 04-24 07:38:38.535925.535925 cuda_h.py:27] end layer_moe_generate_mp_multi_device_fused_l_6 cost 49.395 ms
DEBUG 04-24 07:38:38.536910.536910 cuda_h.py:27] end *mlp cost 50.329 ms
DEBUG 04-24 07:38:38.536788.536788 cuda_h.py:27] end prefill_layer cost 56.185 ms
DEBUG 04-24 07:38:38.536319.536319 lmp.py:320] -------------------------------- end prefill layer 5 --------------------------------
DEBUG 04-24 07:38:38.536711.536711 lmp.py:273] -------------------------------- start prefill layer 6 --------------------------------
DEBUG 04-24 07:38:38.537261.537261 cuda_h.py:27] end start_load_qkvogn_s_weight_l_7 cost 0.056 ms
DEBUG 04-24 07:38:38.537437.537437 cuda_h.py:27] end allocate_cuda_memory cost 0.183 ms
DEBUG 04-24 07:38:38.537119.537119 sllm_store_c.py:27] get device uuid map
DEBUG 04-24 07:38:38.537296.537296 sllm_store_c.py:29] call client load into gpu
DEBUG 04-24 07:38:38.539110.539110 cuda_h.py:27] end load_into_gpu_async cost 2.309 ms
DEBUG 04-24 07:38:38.540772.540772 cuda_h.py:27] end restore_tensors2 cost 0.104 ms
DEBUG 04-24 07:38:38.540418.540418 cuda_h.py:27] end allocate_cuda_memory_and_load_into_gpu cost 3.031 ms
DEBUG 04-24 07:38:38.540815.540815 cuda_h.py:27] end **self_attn cost 2.573 ms
DEBUG 04-24 07:38:38.541563.541563 cuda_h.py:27] end *iln_self_attn_paln cost 4.116 ms
DEBUG 04-24 07:38:38.542853.542853 cuda_h.py:27] end gate cost 0.856 ms
DEBUG 04-24 07:38:38.542210.542210 cuda_h.py:27] end experts_map_get cost 0.457 ms
DEBUG 04-24 07:38:38.542358.542358 cuda_h.py:27] end **before experts start cost 1.522 ms
DEBUG 04-24 07:38:38.543815.543815 cuda_h.py:27] end cpu_experts_submit_fused_mp cost 0.224 ms
DEBUG 04-24 07:38:38.546888.546888 sllm_store_c.py:27] get device uuid map
DEBUG 04-24 07:38:38.546660.546660 sllm_store_c.py:29] call client load into gpu
DEBUG 04-24 07:38:38.547236.547236 cuda_h.py:27] end prepare_group_stack cost 0.708 ms
DEBUG 04-24 07:38:38.547421.547421 cuda_h.py:27] end prepare_group_stack cost 0.679 ms
DEBUG 04-24 07:38:38.547893.547893 cuda_h.py:27] end prepare_group_stack cost 0.695 ms
DEBUG 04-24 07:38:38.548376.548376 cuda_h.py:27] end group stack cost 1.525 ms
DEBUG 04-24 07:38:38.548440.548440 cuda_h.py:27] end move_flatidxs_group_fused_mp cost 2.431 ms
DEBUG 04-24 07:38:38.548136.548136 cuda_h.py:27] end get_fused_experts_names_w cost 0.024 ms
DEBUG 04-24 07:38:38.549796.549796 cuda_h.py:27] end group stack cost 2.021 ms
DEBUG 04-24 07:38:38.549645.549645 cuda_h.py:27] end move_flatidxs_group_fused_mp cost 3.058 ms
DEBUG 04-24 07:38:38.549462.549462 cuda_h.py:27] end restore2model cost 0.660 ms
DEBUG 04-24 07:38:38.549133.549133 cuda_h.py:27] end group stack cost 1.526 ms
DEBUG 04-24 07:38:38.549201.549201 cuda_h.py:27] end sllm_worker_task cost 12.354 ms
DEBUG 04-24 07:38:38.549307.549307 cuda_h.py:27] end get_fused_experts_names_w cost 0.017 ms
DEBUG 04-24 07:38:38.549116.549116 cuda_h.py:27] end move_flatidxs_group_fused_mp cost 2.423 ms
DEBUG 04-24 07:38:38.549220.549220 cuda_h.py:27] end get_fused_experts_names_w cost 0.018 ms
DEBUG 04-24 07:38:38.549834.549834 cuda_h.py:27] end restore_fused_tensors cost 0.715 ms
DEBUG 04-24 07:38:38.550429.550429 cuda_h.py:27] end group_fused_tensors_mp cost 1.050 ms
DEBUG 04-24 07:38:38.550051.550051 cuda_h.py:27] end restore_fused_tensors cost 0.706 ms
DEBUG 04-24 07:38:38.550105.550105 cuda_h.py:27] end restore_fused_tensors cost 0.596 ms
DEBUG 04-24 07:38:38.550319.550319 cuda_h.py:27] end group_fused_tensors_mp cost 0.977 ms
DEBUG 04-24 07:38:38.550610.550610 cuda_h.py:27] end group_fused_tensors_mp cost 0.800 ms
DEBUG 04-24 07:38:38.550628.550628 cuda_h.py:27] end load_into_gpu_async_fused_experts_dual cost 4.300 ms
DEBUG 04-24 07:38:38.550773.550773 cuda_h.py:27] end restore_tensors2_fused_experts_packed cost 0.076 ms
DEBUG 04-24 07:38:38.551956.551956 cuda_h.py:27] end restore_tensors2_fused_experts_slices cost 0.458 ms
DEBUG 04-24 07:38:38.551034.551034 cuda_h.py:27] end allocate_experts_cuda_memory_and_restore_model_multi_device_fused cost 7.649 ms
DEBUG 04-24 07:38:38.551768.551768 cuda_h.py:27] end gpu_sexperts cost 0.006 ms
DEBUG 04-24 07:38:38.552936.552936 cuda_h.py:27] end wait_load_qkvogn_s_weight cost 0.029 ms
DEBUG 04-24 07:38:38.583216.583216 cuda_h.py:27] end wait_experts_multi_device cost 3.589 ms
DEBUG 04-24 07:38:38.584949.584949 mlpmodule.py:3373] [fused_group_bmm][steps] bmm1=25.662 ms split=0.073 ms act_mul=0.475 ms bmm2=7.753 ms
DEBUG 04-24 07:38:38.584301.584301 cuda_h.py:27] end fused_group_bmm cost 34.215 ms
DEBUG 04-24 07:38:38.585969.585969 cuda_h.py:27] end gather_outputs_group_fused_mp cost 0.508 ms
DEBUG 04-24 07:38:38.585803.585803 mlpmodule.py:3373] [fused_group_bmm][steps] bmm1=26.488 ms split=0.060 ms act_mul=0.458 ms bmm2=8.301 ms
DEBUG 04-24 07:38:38.586008.586008 cuda_h.py:27] end fused_group_bmm cost 35.517 ms
DEBUG 04-24 07:38:38.586182.586182 cuda_h.py:27] end cpu_experts_worker_bmm_or_einsum cost 41.122 ms
DEBUG 04-24 07:38:38.587120.587120 cuda_h.py:27] end gather_outputs_group_fused_mp cost 0.780 ms
DEBUG 04-24 07:38:38.587726.587726 mlpmodule.py:3373] [fused_group_bmm][steps] bmm1=23.846 ms split=0.260 ms act_mul=1.601 ms bmm2=11.199 ms
DEBUG 04-24 07:38:38.587588.587588 cuda_h.py:27] end fused_group_bmm cost 37.179 ms
DEBUG 04-24 07:38:38.587340.587340 cuda_h.py:27] end cpu_experts_worker_bmm_or_einsum cost 42.307 ms
DEBUG 04-24 07:38:38.588868.588868 cuda_h.py:27] end gather_outputs_group_fused_mp cost 0.396 ms
DEBUG 04-24 07:38:38.588318.588318 cuda_h.py:27] end cpu_experts_worker_bmm_or_einsum cost 43.228 ms
DEBUG 04-24 07:38:38.593838.593838 cuda_h.py:27] end gpu_experts_multi_device_fused cost 9.878 ms
DEBUG 04-24 07:38:38.596781.596781 cuda_h.py:27] end cpu_thread_manager_mp_wait_fused cost 2.301 ms
DEBUG 04-24 07:38:38.596621.596621 cuda_h.py:27] end layer_moe_generate_mp_multi_device_fused_l_7 cost 55.049 ms
DEBUG 04-24 07:38:38.597959.597959 cuda_h.py:27] end *mlp cost 56.068 ms
DEBUG 04-24 07:38:38.597275.597275 cuda_h.py:27] end prefill_layer cost 60.561 ms
DEBUG 04-24 07:38:38.597291.597291 lmp.py:320] -------------------------------- end prefill layer 6 --------------------------------
DEBUG 04-24 07:38:38.597908.597908 lmp.py:273] -------------------------------- start prefill layer 7 --------------------------------
DEBUG 04-24 07:38:38.598619.598619 cuda_h.py:27] end start_load_qkvogn_s_weight_l_8 cost 0.058 ms
DEBUG 04-24 07:38:38.598212.598212 cuda_h.py:27] end allocate_cuda_memory cost 0.175 ms
DEBUG 04-24 07:38:38.598417.598417 sllm_store_c.py:27] get device uuid map
DEBUG 04-24 07:38:38.598063.598063 sllm_store_c.py:29] call client load into gpu
DEBUG 04-24 07:38:38.600300.600300 cuda_h.py:27] end load_into_gpu_async cost 1.670 ms
DEBUG 04-24 07:38:38.600465.600465 cuda_h.py:27] end restore_tensors2 cost 0.088 ms
DEBUG 04-24 07:38:38.600067.600067 cuda_h.py:27] end allocate_cuda_memory_and_load_into_gpu cost 2.436 ms
DEBUG 04-24 07:38:38.601117.601117 cuda_h.py:27] end **self_attn cost 2.484 ms
DEBUG 04-24 07:38:38.602043.602043 cuda_h.py:27] end *iln_self_attn_paln cost 4.035 ms
DEBUG 04-24 07:38:38.603042.603042 cuda_h.py:27] end gate cost 0.851 ms
DEBUG 04-24 07:38:38.603174.603174 cuda_h.py:27] end experts_map_get cost 0.471 ms
DEBUG 04-24 07:38:38.603760.603760 cuda_h.py:27] end **before experts start cost 1.533 ms
DEBUG 04-24 07:38:38.604285.604285 cuda_h.py:27] end cpu_experts_submit_fused_mp cost 0.220 ms
DEBUG 04-24 07:38:38.607930.607930 cuda_h.py:27] end prepare_group_stack cost 0.748 ms
DEBUG 04-24 07:38:38.607599.607599 cuda_h.py:27] end prepare_group_stack cost 0.767 ms
DEBUG 04-24 07:38:38.607779.607779 sllm_store_c.py:27] get device uuid map
DEBUG 04-24 07:38:38.607915.607915 sllm_store_c.py:29] call client load into gpu
DEBUG 04-24 07:38:38.608943.608943 cuda_h.py:27] end prepare_group_stack cost 0.651 ms
DEBUG 04-24 07:38:38.608867.608867 cuda_h.py:27] end group stack cost 1.410 ms
DEBUG 04-24 07:38:38.608540.608540 cuda_h.py:27] end move_flatidxs_group_fused_mp cost 2.391 ms
DEBUG 04-24 07:38:38.609281.609281 cuda_h.py:27] end get_fused_experts_names_w cost 0.020 ms
DEBUG 04-24 07:38:38.609337.609337 cuda_h.py:27] end restore2model cost 0.672 ms
DEBUG 04-24 07:38:38.609530.609530 cuda_h.py:27] end group stack cost 1.838 ms
DEBUG 04-24 07:38:38.609756.609756 cuda_h.py:27] end sllm_worker_task cost 10.953 ms
DEBUG 04-24 07:38:38.609277.609277 cuda_h.py:27] end move_flatidxs_group_fused_mp cost 2.843 ms
DEBUG 04-24 07:38:38.609996.609996 cuda_h.py:27] end get_fused_experts_names_w cost 0.019 ms
DEBUG 04-24 07:38:38.609022.609022 cuda_h.py:27] end group stack cost 1.470 ms
DEBUG 04-24 07:38:38.609055.609055 cuda_h.py:27] end move_flatidxs_group_fused_mp cost 2.440 ms
DEBUG 04-24 07:38:38.609204.609204 cuda_h.py:27] end restore_fused_tensors cost 0.745 ms
DEBUG 04-24 07:38:38.609113.609113 cuda_h.py:27] end get_fused_experts_names_w cost 0.018 ms
DEBUG 04-24 07:38:38.609801.609801 cuda_h.py:27] end load_into_gpu_async_fused_experts_dual cost 2.612 ms
DEBUG 04-24 07:38:38.610217.610217 cuda_h.py:27] end group_fused_tensors_mp cost 1.065 ms
DEBUG 04-24 07:38:38.610823.610823 cuda_h.py:27] end restore_tensors2_fused_experts_packed cost 0.074 ms
DEBUG 04-24 07:38:38.610983.610983 cuda_h.py:27] end restore_fused_tensors cost 0.640 ms
DEBUG 04-24 07:38:38.610593.610593 cuda_h.py:27] end group_fused_tensors_mp cost 1.026 ms
DEBUG 04-24 07:38:38.610900.610900 cuda_h.py:27] end restore_fused_tensors cost 0.604 ms
DEBUG 04-24 07:38:38.610451.610451 cuda_h.py:27] end group_fused_tensors_mp cost 0.833 ms
DEBUG 04-24 07:38:38.610966.610966 cuda_h.py:27] end restore_tensors2_fused_experts_slices cost 0.459 ms
DEBUG 04-24 07:38:38.611445.611445 cuda_h.py:27] end allocate_experts_cuda_memory_and_restore_model_multi_device_fused cost 6.098 ms
DEBUG 04-24 07:38:38.611913.611913 cuda_h.py:27] end gpu_sexperts cost 0.005 ms
DEBUG 04-24 07:38:38.611926.611926 cuda_h.py:27] end wait_load_qkvogn_s_weight cost 0.018 ms
DEBUG 04-24 07:38:38.642742.642742 cuda_h.py:27] end wait_experts_multi_device cost 3.575 ms
DEBUG 04-24 07:38:38.644561.644561 mlpmodule.py:3373] [fused_group_bmm][steps] bmm1=24.625 ms split=0.069 ms act_mul=0.891 ms bmm2=8.019 ms
DEBUG 04-24 07:38:38.644668.644668 cuda_h.py:27] end fused_group_bmm cost 33.852 ms
DEBUG 04-24 07:38:38.645089.645089 mlpmodule.py:3373] [fused_group_bmm][steps] bmm1=24.436 ms split=0.065 ms act_mul=2.113 ms bmm2=7.547 ms
DEBUG 04-24 07:38:38.645392.645392 cuda_h.py:27] end fused_group_bmm cost 34.337 ms
DEBUG 04-24 07:38:38.645187.645187 cuda_h.py:27] end gather_outputs_group_fused_mp cost 0.434 ms
DEBUG 04-24 07:38:38.645740.645740 mlpmodule.py:3373] [fused_group_bmm][steps] bmm1=21.172 ms split=0.323 ms act_mul=2.562 ms bmm2=10.905 ms
DEBUG 04-24 07:38:38.645974.645974 cuda_h.py:27] end fused_group_bmm cost 35.230 ms
DEBUG 04-24 07:38:38.645312.645312 cuda_h.py:27] end cpu_experts_worker_bmm_or_einsum cost 40.389 ms
DEBUG 04-24 07:38:38.645273.645273 cuda_h.py:27] end gather_outputs_group_fused_mp cost 0.393 ms
DEBUG 04-24 07:38:38.646621.646621 cuda_h.py:27] end gather_outputs_group_fused_mp cost 0.399 ms
DEBUG 04-24 07:38:38.646100.646100 cuda_h.py:27] end cpu_experts_worker_bmm_or_einsum cost 39.913 ms
DEBUG 04-24 07:38:38.646694.646694 cuda_h.py:27] end cpu_experts_worker_bmm_or_einsum cost 41.149 ms
DEBUG 04-24 07:38:38.651802.651802 cuda_h.py:27] end gpu_experts_multi_device_fused cost 8.681 ms
DEBUG 04-24 07:38:38.654549.654549 cuda_h.py:27] end cpu_thread_manager_mp_wait_fused cost 2.549 ms
DEBUG 04-24 07:38:38.654396.654396 cuda_h.py:27] end layer_moe_generate_mp_multi_device_fused_l_8 cost 52.175 ms
DEBUG 04-24 07:38:38.655214.655214 cuda_h.py:27] end *mlp cost 53.268 ms
DEBUG 04-24 07:38:38.655953.655953 cuda_h.py:27] end prefill_layer cost 57.721 ms
DEBUG 04-24 07:38:38.655968.655968 lmp.py:320] -------------------------------- end prefill layer 7 --------------------------------
DEBUG 04-24 07:38:38.655365.655365 lmp.py:273] -------------------------------- start prefill layer 8 --------------------------------
DEBUG 04-24 07:38:38.656745.656745 cuda_h.py:27] end start_load_qkvogn_s_weight_l_9 cost 0.058 ms
DEBUG 04-24 07:38:38.656392.656392 cuda_h.py:27] end allocate_cuda_memory cost 0.217 ms
DEBUG 04-24 07:38:38.656875.656875 sllm_store_c.py:27] get device uuid map
DEBUG 04-24 07:38:38.656832.656832 sllm_store_c.py:29] call client load into gpu
DEBUG 04-24 07:38:38.658066.658066 cuda_h.py:27] end load_into_gpu_async cost 1.544 ms
DEBUG 04-24 07:38:38.658628.658628 cuda_h.py:27] end restore_tensors2 cost 0.104 ms
DEBUG 04-24 07:38:38.658486.658486 cuda_h.py:27] end allocate_cuda_memory_and_load_into_gpu cost 2.269 ms
DEBUG 04-24 07:38:38.659412.659412 cuda_h.py:27] end **self_attn cost 2.530 ms
DEBUG 04-24 07:38:38.660437.660437 cuda_h.py:27] end *iln_self_attn_paln cost 4.125 ms
DEBUG 04-24 07:38:38.661986.661986 cuda_h.py:27] end gate cost 0.862 ms
DEBUG 04-24 07:38:38.661217.661217 cuda_h.py:27] end experts_map_get cost 0.437 ms
DEBUG 04-24 07:38:38.661596.661596 cuda_h.py:27] end **before experts start cost 1.500 ms
DEBUG 04-24 07:38:38.662544.662544 cuda_h.py:27] end cpu_experts_submit_fused_mp cost 0.209 ms
DEBUG 04-24 07:38:38.664645.664645 cuda_h.py:27] end prepare_group_stack cost 0.635 ms
DEBUG 04-24 07:38:38.664663.664663 sllm_store_c.py:27] get device uuid map
DEBUG 04-24 07:38:38.665574.665574 sllm_store_c.py:29] call client load into gpu
DEBUG 04-24 07:38:38.665427.665427 cuda_h.py:27] end prepare_group_stack cost 0.605 ms
DEBUG 04-24 07:38:38.665716.665716 cuda_h.py:27] end prepare_group_stack cost 0.735 ms
DEBUG 04-24 07:38:38.666493.666493 cuda_h.py:27] end group stack cost 1.530 ms
DEBUG 04-24 07:38:38.666006.666006 cuda_h.py:27] end move_flatidxs_group_fused_mp cost 2.356 ms
DEBUG 04-24 07:38:38.666570.666570 cuda_h.py:27] end get_fused_experts_names_w cost 0.020 ms
DEBUG 04-24 07:38:38.666187.666187 cuda_h.py:27] end restore2model cost 0.644 ms
DEBUG 04-24 07:38:38.667289.667289 cuda_h.py:27] end sllm_worker_task cost 10.834 ms
DEBUG 04-24 07:38:38.667561.667561 cuda_h.py:27] end group stack cost 1.585 ms
DEBUG 04-24 07:38:38.667259.667259 cuda_h.py:27] end restore_fused_tensors cost 0.680 ms
DEBUG 04-24 07:38:38.667313.667313 cuda_h.py:27] end move_flatidxs_group_fused_mp cost 2.568 ms
DEBUG 04-24 07:38:38.667970.667970 cuda_h.py:27] end load_into_gpu_async_fused_experts_dual cost 2.647 ms
DEBUG 04-24 07:38:38.667411.667411 cuda_h.py:27] end group_fused_tensors_mp cost 1.030 ms
DEBUG 04-24 07:38:38.667545.667545 cuda_h.py:27] end get_fused_experts_names_w cost 0.019 ms
DEBUG 04-24 07:38:38.667116.667116 cuda_h.py:27] end restore_tensors2_fused_experts_packed cost 0.074 ms
DEBUG 04-24 07:38:38.667284.667284 cuda_h.py:27] end group stack cost 1.829 ms
DEBUG 04-24 07:38:38.668113.668113 cuda_h.py:27] end move_flatidxs_group_fused_mp cost 2.910 ms
DEBUG 04-24 07:38:38.668463.668463 cuda_h.py:27] end get_fused_experts_names_w cost 0.023 ms
DEBUG 04-24 07:38:38.668598.668598 cuda_h.py:27] end restore_tensors2_fused_experts_slices cost 0.449 ms
DEBUG 04-24 07:38:38.668032.668032 cuda_h.py:27] end allocate_experts_cuda_memory_and_restore_model_multi_device_fused cost 5.563 ms
DEBUG 04-24 07:38:38.668957.668957 cuda_h.py:27] end restore_fused_tensors cost 0.690 ms
DEBUG 04-24 07:38:38.668410.668410 cuda_h.py:27] end group_fused_tensors_mp cost 0.941 ms
DEBUG 04-24 07:38:38.668118.668118 cuda_h.py:27] end gpu_sexperts cost 0.004 ms
DEBUG 04-24 07:38:38.668741.668741 cuda_h.py:27] end wait_load_qkvogn_s_weight cost 0.018 ms
DEBUG 04-24 07:38:38.669777.669777 cuda_h.py:27] end restore_fused_tensors cost 0.725 ms
DEBUG 04-24 07:38:38.669448.669448 cuda_h.py:27] end group_fused_tensors_mp cost 0.964 ms
DEBUG 04-24 07:38:38.696890.696890 cuda_h.py:27] end wait_experts_multi_device cost 2.190 ms
DEBUG 04-24 07:38:38.696660.696660 mlpmodule.py:3373] [fused_group_bmm][steps] bmm1=24.238 ms split=0.094 ms act_mul=0.474 ms bmm2=4.116 ms
DEBUG 04-24 07:38:38.697463.697463 cuda_h.py:27] end fused_group_bmm cost 29.190 ms
DEBUG 04-24 07:38:38.698595.698595 cuda_h.py:27] end gather_outputs_group_fused_mp cost 0.649 ms
DEBUG 04-24 07:38:38.698810.698810 cuda_h.py:27] end cpu_experts_worker_bmm_or_einsum cost 35.719 ms
DEBUG 04-24 07:38:38.699263.699263 mlpmodule.py:3373] [fused_group_bmm][steps] bmm1=24.274 ms split=0.083 ms act_mul=0.695 ms bmm2=5.508 ms
DEBUG 04-24 07:38:38.699694.699694 cuda_h.py:27] end fused_group_bmm cost 30.798 ms
DEBUG 04-24 07:38:38.700743.700743 cuda_h.py:27] end gather_outputs_group_fused_mp cost 0.577 ms
DEBUG 04-24 07:38:38.701459.701459 cuda_h.py:27] end cpu_experts_worker_bmm_or_einsum cost 37.228 ms
DEBUG 04-24 07:38:38.701473.701473 mlpmodule.py:3373] [fused_group_bmm][steps] bmm1=23.150 ms split=0.087 ms act_mul=1.995 ms bmm2=7.021 ms
DEBUG 04-24 07:38:38.701459.701459 cuda_h.py:27] end fused_group_bmm cost 32.444 ms
DEBUG 04-24 07:38:38.702633.702633 cuda_h.py:27] end gather_outputs_group_fused_mp cost 0.454 ms
DEBUG 04-24 07:38:38.702965.702965 cuda_h.py:27] end cpu_experts_worker_bmm_or_einsum cost 37.873 ms
DEBUG 04-24 07:38:38.705066.705066 cuda_h.py:27] end gpu_experts_multi_device_fused cost 8.610 ms
DEBUG 04-24 07:38:38.707537.707537 cuda_h.py:27] end cpu_thread_manager_mp_wait_fused cost 2.439 ms
DEBUG 04-24 07:38:38.707807.707807 cuda_h.py:27] end layer_moe_generate_mp_multi_device_fused_l_9 cost 47.545 ms
DEBUG 04-24 07:38:38.708902.708902 cuda_h.py:27] end *mlp cost 48.597 ms
DEBUG 04-24 07:38:38.709257.709257 cuda_h.py:27] end prefill_layer cost 53.149 ms
DEBUG 04-24 07:38:38.709193.709193 lmp.py:320] -------------------------------- end prefill layer 8 --------------------------------
DEBUG 04-24 07:38:38.709530.709530 lmp.py:273] -------------------------------- start prefill layer 9 --------------------------------
DEBUG 04-24 07:38:38.709407.709407 cuda_h.py:27] end start_load_qkvogn_s_weight_l_10 cost 0.057 ms
DEBUG 04-24 07:38:38.710014.710014 cuda_h.py:27] end allocate_cuda_memory cost 0.220 ms
DEBUG 04-24 07:38:38.710650.710650 sllm_store_c.py:27] get device uuid map
DEBUG 04-24 07:38:38.710956.710956 sllm_store_c.py:29] call client load into gpu
DEBUG 04-24 07:38:38.712153.712153 cuda_h.py:27] end load_into_gpu_async cost 2.581 ms
DEBUG 04-24 07:38:38.713537.713537 cuda_h.py:27] end restore_tensors2 cost 0.099 ms
DEBUG 04-24 07:38:38.713762.713762 cuda_h.py:27] end allocate_cuda_memory_and_load_into_gpu cost 3.420 ms
DEBUG 04-24 07:38:38.713883.713883 cuda_h.py:27] end **self_attn cost 2.616 ms
DEBUG 04-24 07:38:38.713402.713402 cuda_h.py:27] end *iln_self_attn_paln cost 4.275 ms
DEBUG 04-24 07:38:38.714932.714932 cuda_h.py:27] end gate cost 0.887 ms
DEBUG 04-24 07:38:38.715342.715342 cuda_h.py:27] end experts_map_get cost 0.462 ms
DEBUG 04-24 07:38:38.715742.715742 cuda_h.py:27] end **before experts start cost 1.557 ms
DEBUG 04-24 07:38:38.715440.715440 cuda_h.py:27] end cpu_experts_submit_fused_mp cost 0.223 ms
DEBUG 04-24 07:38:38.718232.718232 sllm_store_c.py:27] get device uuid map
DEBUG 04-24 07:38:38.718514.718514 sllm_store_c.py:29] call client load into gpu
DEBUG 04-24 07:38:38.720698.720698 cuda_h.py:27] end prepare_group_stack cost 1.560 ms
DEBUG 04-24 07:38:38.720670.720670 cuda_h.py:27] end prepare_group_stack cost 1.812 ms
DEBUG 04-24 07:38:38.720207.720207 cuda_h.py:27] end prepare_group_stack cost 1.796 ms
DEBUG 04-24 07:38:38.721465.721465 cuda_h.py:27] end group stack cost 1.428 ms
DEBUG 04-24 07:38:38.722462.722462 cuda_h.py:27] end move_flatidxs_group_fused_mp cost 3.274 ms
DEBUG 04-24 07:38:38.722709.722709 cuda_h.py:27] end group stack cost 1.520 ms
DEBUG 04-24 07:38:38.722525.722525 cuda_h.py:27] end get_fused_experts_names_w cost 0.020 ms
DEBUG 04-24 07:38:38.722095.722095 cuda_h.py:27] end move_flatidxs_group_fused_mp cost 3.800 ms
DEBUG 04-24 07:38:38.722699.722699 cuda_h.py:27] end restore2model cost 0.674 ms
DEBUG 04-24 07:38:38.722951.722951 cuda_h.py:27] end group stack cost 1.849 ms
DEBUG 04-24 07:38:38.722159.722159 cuda_h.py:27] end sllm_worker_task cost 12.917 ms
DEBUG 04-24 07:38:38.722404.722404 cuda_h.py:27] end get_fused_experts_names_w cost 0.019 ms
DEBUG 04-24 07:38:38.722929.722929 cuda_h.py:27] end move_flatidxs_group_fused_mp cost 4.023 ms
DEBUG 04-24 07:38:38.722601.722601 cuda_h.py:27] end get_fused_experts_names_w cost 0.018 ms
DEBUG 04-24 07:38:38.723003.723003 cuda_h.py:27] end restore_fused_tensors cost 0.656 ms
DEBUG 04-24 07:38:38.723032.723032 cuda_h.py:27] end group_fused_tensors_mp cost 0.924 ms
DEBUG 04-24 07:38:38.723377.723377 cuda_h.py:27] end restore_fused_tensors cost 0.630 ms
DEBUG 04-24 07:38:38.723120.723120 cuda_h.py:27] end group_fused_tensors_mp cost 0.830 ms
DEBUG 04-24 07:38:38.723298.723298 cuda_h.py:27] end restore_fused_tensors cost 0.706 ms
DEBUG 04-24 07:38:38.723107.723107 cuda_h.py:27] end load_into_gpu_async_fused_experts_dual cost 4.962 ms
DEBUG 04-24 07:38:38.723499.723499 cuda_h.py:27] end group_fused_tensors_mp cost 0.928 ms
DEBUG 04-24 07:38:38.723192.723192 cuda_h.py:27] end restore_tensors2_fused_experts_packed cost 0.081 ms
DEBUG 04-24 07:38:38.724134.724134 cuda_h.py:27] end restore_tensors2_fused_experts_slices cost 0.460 ms
DEBUG 04-24 07:38:38.724840.724840 cuda_h.py:27] end allocate_experts_cuda_memory_and_restore_model_multi_device_fused cost 8.154 ms
DEBUG 04-24 07:38:38.724742.724742 cuda_h.py:27] end gpu_sexperts cost 0.009 ms
DEBUG 04-24 07:38:38.725109.725109 cuda_h.py:27] end wait_load_qkvogn_s_weight cost 0.032 ms
DEBUG 04-24 07:38:38.756916.756916 mlpmodule.py:3373] [fused_group_bmm][steps] bmm1=27.713 ms split=0.103 ms act_mul=0.558 ms bmm2=4.896 ms
DEBUG 04-24 07:38:38.757780.757780 cuda_h.py:27] end fused_group_bmm cost 33.587 ms
DEBUG 04-24 07:38:38.758550.758550 cuda_h.py:27] end gather_outputs_group_fused_mp cost 0.764 ms
DEBUG 04-24 07:38:38.758889.758889 mlpmodule.py:3373] [fused_group_bmm][steps] bmm1=28.556 ms split=0.108 ms act_mul=0.517 ms bmm2=5.974 ms
DEBUG 04-24 07:38:38.758669.758669 cuda_h.py:27] end fused_group_bmm cost 35.334 ms
DEBUG 04-24 07:38:38.758161.758161 cuda_h.py:27] end cpu_experts_worker_bmm_or_einsum cost 41.155 ms
DEBUG 04-24 07:38:38.758532.758532 mlpmodule.py:3373] [fused_group_bmm][steps] bmm1=28.245 ms split=0.100 ms act_mul=0.726 ms bmm2=5.729 ms
DEBUG 04-24 07:38:38.759035.759035 cuda_h.py:27] end fused_group_bmm cost 34.984 ms
DEBUG 04-24 07:38:38.759331.759331 cuda_h.py:27] end gather_outputs_group_fused_mp cost 0.404 ms
DEBUG 04-24 07:38:38.759697.759697 cuda_h.py:27] end gather_outputs_group_fused_mp cost 0.407 ms
DEBUG 04-24 07:38:38.759287.759287 cuda_h.py:27] end cpu_experts_worker_bmm_or_einsum cost 42.130 ms
DEBUG 04-24 07:38:38.760796.760796 cuda_h.py:27] end cpu_experts_worker_bmm_or_einsum cost 43.487 ms
DEBUG 04-24 07:38:38.937662.937662 cuda_h.py:27] end wait_experts_multi_device cost 185.289 ms
DEBUG 04-24 07:38:38.945471.945471 cuda_h.py:27] end gpu_experts_multi_device_fused cost 7.625 ms
DEBUG 04-24 07:38:38.947587.947587 cuda_h.py:27] end cpu_thread_manager_mp_wait_fused cost 2.343 ms
DEBUG 04-24 07:38:38.947360.947360 cuda_h.py:27] end layer_moe_generate_mp_multi_device_fused_l_10 cost 233.833 ms
DEBUG 04-24 07:38:38.948289.948289 cuda_h.py:27] end *mlp cost 234.658 ms
DEBUG 04-24 07:38:38.948061.948061 cuda_h.py:27] end prefill_layer cost 239.330 ms
DEBUG 04-24 07:38:38.948214.948214 lmp.py:320] -------------------------------- end prefill layer 9 --------------------------------
DEBUG 04-24 07:38:38.948030.948030 lmp.py:273] -------------------------------- start prefill layer 10 --------------------------------
DEBUG 04-24 07:38:38.949214.949214 cuda_h.py:27] end start_load_qkvogn_s_weight_l_11 cost 0.052 ms
DEBUG 04-24 07:38:38.949206.949206 cuda_h.py:27] end allocate_cuda_memory cost 0.365 ms
DEBUG 04-24 07:38:38.950070.950070 sllm_store_c.py:27] get device uuid map
DEBUG 04-24 07:38:38.950749.950749 sllm_store_c.py:29] call client load into gpu
DEBUG 04-24 07:38:38.952669.952669 cuda_h.py:27] end **self_attn cost 2.118 ms
DEBUG 04-24 07:38:38.953325.953325 cuda_h.py:27] end load_into_gpu_async cost 3.059 ms
DEBUG 04-24 07:38:38.953474.953474 cuda_h.py:27] end restore_tensors2 cost 0.173 ms
DEBUG 04-24 07:38:38.953949.953949 cuda_h.py:27] end allocate_cuda_memory_and_load_into_gpu cost 4.436 ms
DEBUG 04-24 07:38:38.953783.953783 cuda_h.py:27] end *iln_self_attn_paln cost 4.795 ms
DEBUG 04-24 07:38:38.955426.955426 cuda_h.py:27] end gate cost 1.005 ms
DEBUG 04-24 07:38:38.955863.955863 cuda_h.py:27] end experts_map_get cost 0.446 ms
DEBUG 04-24 07:38:38.955103.955103 cuda_h.py:27] end **before experts start cost 1.658 ms
DEBUG 04-24 07:38:38.956741.956741 cuda_h.py:27] end cpu_experts_submit_fused_mp cost 0.217 ms
DEBUG 04-24 07:38:38.958580.958580 cuda_h.py:27] end prepare_group_stack cost 0.817 ms
DEBUG 04-24 07:38:38.960998.960998 sllm_store_c.py:27] get device uuid map
DEBUG 04-24 07:38:38.960406.960406 sllm_store_c.py:29] call client load into gpu
DEBUG 04-24 07:38:38.960338.960338 cuda_h.py:27] end prepare_group_stack cost 0.949 ms
DEBUG 04-24 07:38:38.961418.961418 cuda_h.py:27] end group stack cost 2.330 ms
DEBUG 04-24 07:38:38.961403.961403 cuda_h.py:27] end move_flatidxs_group_fused_mp cost 3.486 ms
DEBUG 04-24 07:38:38.961512.961512 cuda_h.py:27] end get_fused_experts_names_w cost 0.026 ms
DEBUG 04-24 07:38:38.963417.963417 cuda_h.py:27] end restore_fused_tensors cost 1.051 ms
DEBUG 04-24 07:38:38.963532.963532 cuda_h.py:27] end group_fused_tensors_mp cost 1.369 ms
DEBUG 04-24 07:38:38.963292.963292 cuda_h.py:27] end group stack cost 2.866 ms
DEBUG 04-24 07:38:38.963130.963130 cuda_h.py:27] end prepare_group_stack cost 0.918 ms
DEBUG 04-24 07:38:38.963196.963196 cuda_h.py:27] end move_flatidxs_group_fused_mp cost 4.646 ms
DEBUG 04-24 07:38:38.963856.963856 cuda_h.py:27] end get_fused_experts_names_w cost 0.033 ms
DEBUG 04-24 07:38:38.965815.965815 cuda_h.py:27] end load_into_gpu_async_fused_experts_dual cost 5.192 ms
DEBUG 04-24 07:38:38.965645.965645 cuda_h.py:27] end restore2model cost 2.262 ms
DEBUG 04-24 07:38:38.965339.965339 cuda_h.py:27] end restore_tensors2_fused_experts_packed cost 0.077 ms
DEBUG 04-24 07:38:38.965515.965515 cuda_h.py:27] end restore_fused_tensors cost 1.672 ms
DEBUG 04-24 07:38:38.965183.965183 cuda_h.py:27] end group_fused_tensors_mp cost 2.101 ms
DEBUG 04-24 07:38:38.965901.965901 cuda_h.py:27] end sllm_worker_task cost 16.442 ms
DEBUG 04-24 07:38:38.966987.966987 cuda_h.py:27] end restore_tensors2_fused_experts_slices cost 0.469 ms
DEBUG 04-24 07:38:38.966433.966433 cuda_h.py:27] end allocate_experts_cuda_memory_and_restore_model_multi_device_fused cost 9.844 ms
DEBUG 04-24 07:38:38.967823.967823 cuda_h.py:27] end gpu_sexperts cost 0.005 ms
DEBUG 04-24 07:38:38.967872.967872 cuda_h.py:27] end wait_load_qkvogn_s_weight cost 0.020 ms
DEBUG 04-24 07:38:38.967117.967117 cuda_h.py:27] end group stack cost 3.543 ms
DEBUG 04-24 07:38:38.967845.967845 cuda_h.py:27] end move_flatidxs_group_fused_mp cost 5.090 ms
DEBUG 04-24 07:38:38.967905.967905 cuda_h.py:27] end get_fused_experts_names_w cost 0.044 ms
DEBUG 04-24 07:38:38.971490.971490 cuda_h.py:27] end restore_fused_tensors cost 3.442 ms
DEBUG 04-24 07:38:38.972308.972308 cuda_h.py:27] end group_fused_tensors_mp cost 4.548 ms
DEBUG 04-24 07:38:38.992060.992060 cuda_h.py:27] end wait_experts_multi_device cost 2.710 ms
DEBUG 04-24 07:38:38.992722.992722 mlpmodule.py:3373] [fused_group_bmm][steps] bmm1=17.010 ms split=0.202 ms act_mul=2.036 ms bmm2=9.300 ms
DEBUG 04-24 07:38:38.992292.992292 cuda_h.py:27] end fused_group_bmm cost 28.786 ms
DEBUG 04-24 07:38:38.993336.993336 cuda_h.py:27] end gather_outputs_group_fused_mp cost 0.480 ms
DEBUG 04-24 07:38:38.993046.993046 cuda_h.py:27] end cpu_experts_worker_bmm_or_einsum cost 36.196 ms
DEBUG 04-24 07:38:38.996753.996753 mlpmodule.py:3373] [fused_group_bmm][steps] bmm1=18.928 ms split=0.157 ms act_mul=0.973 ms bmm2=9.686 ms
DEBUG 04-24 07:38:38.996515.996515 cuda_h.py:27] end fused_group_bmm cost 29.983 ms
DEBUG 04-24 07:38:38.997762.997762 cuda_h.py:27] end gather_outputs_group_fused_mp cost 0.847 ms
DEBUG 04-24 07:38:38.998714.998714 cuda_h.py:27] end cpu_experts_worker_bmm_or_einsum cost 40.212 ms
DEBUG 04-24 07:38:39.001417.001417 mlpmodule.py:3373] [fused_group_bmm][steps] bmm1=16.952 ms split=0.103 ms act_mul=2.406 ms bmm2=8.396 ms
DEBUG 04-24 07:38:39.001231.001231 cuda_h.py:27] end fused_group_bmm cost 28.062 ms
DEBUG 04-24 07:38:39.001137.001137 cuda_h.py:27] end gpu_experts_multi_device_fused cost 9.008 ms
DEBUG 04-24 07:38:39.002081.002081 cuda_h.py:27] end gather_outputs_group_fused_mp cost 0.778 ms
DEBUG 04-24 07:38:39.002945.002945 cuda_h.py:27] end cpu_experts_worker_bmm_or_einsum cost 40.837 ms
DEBUG 04-24 07:38:39.005223.005223 cuda_h.py:27] end cpu_thread_manager_mp_wait_fused cost 3.388 ms
DEBUG 04-24 07:38:39.005507.005507 cuda_h.py:27] end layer_moe_generate_mp_multi_device_fused_l_11 cost 51.073 ms
DEBUG 04-24 07:38:39.006906.006906 cuda_h.py:27] end *mlp cost 52.311 ms
DEBUG 04-24 07:38:39.006420.006420 cuda_h.py:27] end prefill_layer cost 57.728 ms
DEBUG 04-24 07:38:39.006116.006116 lmp.py:320] -------------------------------- end prefill layer 10 --------------------------------
DEBUG 04-24 07:38:39.007929.007929 lmp.py:273] -------------------------------- start prefill layer 11 --------------------------------
DEBUG 04-24 07:38:39.007746.007746 cuda_h.py:27] end start_load_qkvogn_s_weight_l_12 cost 0.057 ms
DEBUG 04-24 07:38:39.007110.007110 cuda_h.py:27] end allocate_cuda_memory cost 0.288 ms
DEBUG 04-24 07:38:39.007322.007322 sllm_store_c.py:27] get device uuid map
DEBUG 04-24 07:38:39.008169.008169 sllm_store_c.py:29] call client load into gpu
DEBUG 04-24 07:38:39.010115.010115 cuda_h.py:27] end load_into_gpu_async cost 2.513 ms
DEBUG 04-24 07:38:39.010730.010730 cuda_h.py:27] end restore_tensors2 cost 0.107 ms
DEBUG 04-24 07:38:39.010894.010894 cuda_h.py:27] end allocate_cuda_memory_and_load_into_gpu cost 3.374 ms
DEBUG 04-24 07:38:39.011373.011373 cuda_h.py:27] end **self_attn cost 2.679 ms
DEBUG 04-24 07:38:39.011049.011049 cuda_h.py:27] end *iln_self_attn_paln cost 4.364 ms
DEBUG 04-24 07:38:39.012762.012762 cuda_h.py:27] end gate cost 0.844 ms
DEBUG 04-24 07:38:39.014499.014499 cuda_h.py:27] end experts_map_get cost 2.108 ms
DEBUG 04-24 07:38:39.014124.014124 cuda_h.py:27] end **before experts start cost 3.160 ms
DEBUG 04-24 07:38:39.015961.015961 cuda_h.py:27] end cpu_experts_submit_fused_mp cost 0.221 ms
DEBUG 04-24 07:38:39.019947.019947 sllm_store_c.py:27] get device uuid map
DEBUG 04-24 07:38:39.019964.019964 sllm_store_c.py:29] call client load into gpu
DEBUG 04-24 07:38:39.019430.019430 cuda_h.py:27] end prepare_group_stack cost 2.634 ms
DEBUG 04-24 07:38:39.020287.020287 cuda_h.py:27] end prepare_group_stack cost 2.666 ms
DEBUG 04-24 07:38:39.020822.020822 cuda_h.py:27] end prepare_group_stack cost 0.658 ms
DEBUG 04-24 07:38:39.022296.022296 cuda_h.py:27] end group stack cost 1.822 ms
DEBUG 04-24 07:38:39.022498.022498 cuda_h.py:27] end move_flatidxs_group_fused_mp cost 4.851 ms
DEBUG 04-24 07:38:39.022109.022109 cuda_h.py:27] end get_fused_experts_names_w cost 0.021 ms
DEBUG 04-24 07:38:39.022177.022177 cuda_h.py:27] end group stack cost 2.245 ms
DEBUG 04-24 07:38:39.022513.022513 cuda_h.py:27] end move_flatidxs_group_fused_mp cost 5.309 ms
DEBUG 04-24 07:38:39.022392.022392 cuda_h.py:27] end get_fused_experts_names_w cost 0.017 ms
DEBUG 04-24 07:38:39.022696.022696 cuda_h.py:27] end group stack cost 2.042 ms
DEBUG 04-24 07:38:39.023035.023035 cuda_h.py:27] end move_flatidxs_group_fused_mp cost 3.087 ms
DEBUG 04-24 07:38:39.023023.023023 cuda_h.py:27] end get_fused_experts_names_w cost 0.020 ms
DEBUG 04-24 07:38:39.023640.023640 cuda_h.py:27] end restore_fused_tensors cost 0.695 ms
DEBUG 04-24 07:38:39.023991.023991 cuda_h.py:27] end group_fused_tensors_mp cost 1.061 ms
DEBUG 04-24 07:38:39.023201.023201 cuda_h.py:27] end restore_fused_tensors cost 0.825 ms
DEBUG 04-24 07:38:39.023263.023263 cuda_h.py:27] end group_fused_tensors_mp cost 1.118 ms
DEBUG 04-24 07:38:39.023766.023766 cuda_h.py:27] end restore2model cost 0.685 ms
DEBUG 04-24 07:38:39.024712.024712 cuda_h.py:27] end sllm_worker_task cost 16.726 ms
DEBUG 04-24 07:38:39.024403.024403 cuda_h.py:27] end restore_fused_tensors cost 0.632 ms
DEBUG 04-24 07:38:39.024732.024732 cuda_h.py:27] end group_fused_tensors_mp cost 1.001 ms
DEBUG 04-24 07:38:39.025457.025457 cuda_h.py:27] end load_into_gpu_async_fused_experts_dual cost 5.901 ms
DEBUG 04-24 07:38:39.026600.026600 cuda_h.py:27] end restore_tensors2_fused_experts_packed cost 0.107 ms
DEBUG 04-24 07:38:39.026721.026721 cuda_h.py:27] end restore_tensors2_fused_experts_slices cost 0.550 ms
DEBUG 04-24 07:38:39.027158.027158 cuda_h.py:27] end allocate_experts_cuda_memory_and_restore_model_multi_device_fused cost 11.355 ms
DEBUG 04-24 07:38:39.027116.027116 cuda_h.py:27] end gpu_sexperts cost 0.008 ms
DEBUG 04-24 07:38:39.027674.027674 cuda_h.py:27] end wait_load_qkvogn_s_weight cost 0.029 ms
DEBUG 04-24 07:38:39.057593.057593 cuda_h.py:27] end wait_experts_multi_device cost 3.235 ms
DEBUG 04-24 07:38:39.058021.058021 mlpmodule.py:3373] [fused_group_bmm][steps] bmm1=22.016 ms split=0.273 ms act_mul=1.090 ms bmm2=11.402 ms
DEBUG 04-24 07:38:39.058968.058968 cuda_h.py:27] end fused_group_bmm cost 35.012 ms
DEBUG 04-24 07:38:39.058183.058183 mlpmodule.py:3373] [fused_group_bmm][steps] bmm1=26.824 ms split=0.148 ms act_mul=0.731 ms bmm2=6.663 ms
DEBUG 04-24 07:38:39.059103.059103 cuda_h.py:27] end fused_group_bmm cost 34.577 ms
DEBUG 04-24 07:38:39.059797.059797 mlpmodule.py:3373] [fused_group_bmm][steps] bmm1=27.322 ms split=0.068 ms act_mul=0.691 ms bmm2=6.803 ms
DEBUG 04-24 07:38:39.059620.059620 cuda_h.py:27] end fused_group_bmm cost 35.161 ms
DEBUG 04-24 07:38:39.059223.059223 cuda_h.py:27] end gather_outputs_group_fused_mp cost 0.430 ms
DEBUG 04-24 07:38:39.059557.059557 cuda_h.py:27] end gather_outputs_group_fused_mp cost 0.527 ms
DEBUG 04-24 07:38:39.060262.060262 cuda_h.py:27] end gather_outputs_group_fused_mp cost 0.592 ms
DEBUG 04-24 07:38:39.060920.060920 cuda_h.py:27] end cpu_experts_worker_bmm_or_einsum cost 42.825 ms
DEBUG 04-24 07:38:39.060175.060175 cuda_h.py:27] end cpu_experts_worker_bmm_or_einsum cost 44.058 ms
DEBUG 04-24 07:38:39.060183.060183 cuda_h.py:27] end cpu_experts_worker_bmm_or_einsum cost 44.110 ms
DEBUG 04-24 07:38:39.066734.066734 cuda_h.py:27] end gpu_experts_multi_device_fused cost 8.540 ms
DEBUG 04-24 07:38:39.069632.069632 cuda_h.py:27] end cpu_thread_manager_mp_wait_fused cost 2.947 ms
DEBUG 04-24 07:38:39.069320.069320 cuda_h.py:27] end layer_moe_generate_mp_multi_device_fused_l_12 cost 58.041 ms
DEBUG 04-24 07:38:39.070158.070158 cuda_h.py:27] end *mlp cost 59.152 ms
DEBUG 04-24 07:38:39.070472.070472 cuda_h.py:27] end prefill_layer cost 63.882 ms
DEBUG 04-24 07:38:39.071549.071549 lmp.py:320] -------------------------------- end prefill layer 11 --------------------------------
DEBUG 04-24 07:38:39.071860.071860 lmp.py:273] -------------------------------- start prefill layer 12 --------------------------------
DEBUG 04-24 07:38:39.071564.071564 cuda_h.py:27] end start_load_qkvogn_s_weight_l_13 cost 0.074 ms
DEBUG 04-24 07:38:39.071066.071066 cuda_h.py:27] end allocate_cuda_memory cost 0.218 ms
DEBUG 04-24 07:38:39.072701.072701 sllm_store_c.py:27] get device uuid map
DEBUG 04-24 07:38:39.072787.072787 sllm_store_c.py:29] call client load into gpu
DEBUG 04-24 07:38:39.074547.074547 cuda_h.py:27] end load_into_gpu_async cost 2.134 ms
DEBUG 04-24 07:38:39.074075.074075 cuda_h.py:27] end restore_tensors2 cost 0.087 ms
DEBUG 04-24 07:38:39.074722.074722 cuda_h.py:27] end allocate_cuda_memory_and_load_into_gpu cost 3.069 ms
DEBUG 04-24 07:38:39.075948.075948 cuda_h.py:27] end **self_attn cost 2.464 ms
DEBUG 04-24 07:38:39.075543.075543 cuda_h.py:27] end *iln_self_attn_paln cost 4.001 ms
DEBUG 04-24 07:38:39.076979.076979 cuda_h.py:27] end gate cost 0.842 ms
DEBUG 04-24 07:38:39.077462.077462 cuda_h.py:27] end experts_map_get cost 0.450 ms
DEBUG 04-24 07:38:39.077080.077080 cuda_h.py:27] end **before experts start cost 1.492 ms
DEBUG 04-24 07:38:39.077109.077109 cuda_h.py:27] end cpu_experts_submit_fused_mp cost 0.208 ms
DEBUG 04-24 07:38:39.080395.080395 sllm_store_c.py:27] get device uuid map
DEBUG 04-24 07:38:39.080054.080054 sllm_store_c.py:29] call client load into gpu
DEBUG 04-24 07:38:39.082010.082010 cuda_h.py:27] end prepare_group_stack cost 1.151 ms
DEBUG 04-24 07:38:39.082346.082346 cuda_h.py:27] end prepare_group_stack cost 1.337 ms
DEBUG 04-24 07:38:39.082645.082645 cuda_h.py:27] end prepare_group_stack cost 1.372 ms
DEBUG 04-24 07:38:39.083342.083342 cuda_h.py:27] end restore2model cost 0.663 ms
DEBUG 04-24 07:38:39.084198.084198 cuda_h.py:27] end sllm_worker_task cost 12.342 ms
DEBUG 04-24 07:38:39.084142.084142 cuda_h.py:27] end group stack cost 1.631 ms
DEBUG 04-24 07:38:39.084185.084185 cuda_h.py:27] end move_flatidxs_group_fused_mp cost 3.041 ms
DEBUG 04-24 07:38:39.084928.084928 cuda_h.py:27] end get_fused_experts_names_w cost 0.021 ms
DEBUG 04-24 07:38:39.085367.085367 cuda_h.py:27] end group stack cost 1.842 ms
DEBUG 04-24 07:38:39.085029.085029 cuda_h.py:27] end move_flatidxs_group_fused_mp cost 3.755 ms
DEBUG 04-24 07:38:39.085077.085077 cuda_h.py:27] end load_into_gpu_async_fused_experts_dual cost 4.749 ms
DEBUG 04-24 07:38:39.085485.085485 cuda_h.py:27] end get_fused_experts_names_w cost 0.019 ms
DEBUG 04-24 07:38:39.085196.085196 cuda_h.py:27] end restore_tensors2_fused_experts_packed cost 0.072 ms
DEBUG 04-24 07:38:39.085084.085084 cuda_h.py:27] end group stack cost 2.289 ms
DEBUG 04-24 07:38:39.085096.085096 cuda_h.py:27] end move_flatidxs_group_fused_mp cost 4.182 ms
DEBUG 04-24 07:38:39.085917.085917 cuda_h.py:27] end restore_fused_tensors cost 0.672 ms
DEBUG 04-24 07:38:39.085857.085857 cuda_h.py:27] end group_fused_tensors_mp cost 1.060 ms
DEBUG 04-24 07:38:39.085724.085724 cuda_h.py:27] end get_fused_experts_names_w cost 0.017 ms
DEBUG 04-24 07:38:39.086448.086448 cuda_h.py:27] end restore_tensors2_fused_experts_slices cost 0.465 ms
DEBUG 04-24 07:38:39.086757.086757 cuda_h.py:27] end restore_fused_tensors cost 0.605 ms
DEBUG 04-24 07:38:39.086355.086355 cuda_h.py:27] end group_fused_tensors_mp cost 0.875 ms
DEBUG 04-24 07:38:39.086554.086554 cuda_h.py:27] end allocate_experts_cuda_memory_and_restore_model_multi_device_fused cost 8.035 ms
DEBUG 04-24 07:38:39.086647.086647 cuda_h.py:27] end gpu_sexperts cost 0.007 ms
DEBUG 04-24 07:38:39.086683.086683 cuda_h.py:27] end wait_load_qkvogn_s_weight cost 0.036 ms
DEBUG 04-24 07:38:39.086834.086834 cuda_h.py:27] end restore_fused_tensors cost 0.676 ms
DEBUG 04-24 07:38:39.086385.086385 cuda_h.py:27] end group_fused_tensors_mp cost 0.964 ms
DEBUG 04-24 07:38:39.116054.116054 mlpmodule.py:3373] [fused_group_bmm][steps] bmm1=18.768 ms split=0.208 ms act_mul=0.827 ms bmm2=10.283 ms
DEBUG 04-24 07:38:39.116308.116308 cuda_h.py:27] end fused_group_bmm cost 30.412 ms
DEBUG 04-24 07:38:39.117487.117487 cuda_h.py:27] end wait_experts_multi_device cost 3.379 ms
DEBUG 04-24 07:38:39.117725.117725 cuda_h.py:27] end gather_outputs_group_fused_mp cost 0.679 ms
DEBUG 04-24 07:38:39.117147.117147 cuda_h.py:27] end cpu_experts_worker_bmm_or_einsum cost 37.252 ms
DEBUG 04-24 07:38:39.118610.118610 mlpmodule.py:3373] [fused_group_bmm][steps] bmm1=23.679 ms split=0.096 ms act_mul=1.252 ms bmm2=6.175 ms
DEBUG 04-24 07:38:39.118536.118536 cuda_h.py:27] end fused_group_bmm cost 31.379 ms
DEBUG 04-24 07:38:39.118874.118874 mlpmodule.py:3373] [fused_group_bmm][steps] bmm1=21.929 ms split=0.170 ms act_mul=0.767 ms bmm2=9.130 ms
DEBUG 04-24 07:38:39.118215.118215 cuda_h.py:27] end fused_group_bmm cost 32.303 ms
DEBUG 04-24 07:38:39.119494.119494 cuda_h.py:27] end gather_outputs_group_fused_mp cost 0.437 ms
DEBUG 04-24 07:38:39.119855.119855 cuda_h.py:27] end gather_outputs_group_fused_mp cost 0.377 ms
DEBUG 04-24 07:38:39.119785.119785 cuda_h.py:27] end cpu_experts_worker_bmm_or_einsum cost 39.962 ms
DEBUG 04-24 07:38:39.119703.119703 cuda_h.py:27] end cpu_experts_worker_bmm_or_einsum cost 40.271 ms
DEBUG 04-24 07:38:39.125529.125529 cuda_h.py:27] end gpu_experts_multi_device_fused cost 8.836 ms
DEBUG 04-24 07:38:39.128286.128286 cuda_h.py:27] end cpu_thread_manager_mp_wait_fused cost 2.287 ms
DEBUG 04-24 07:38:39.128920.128920 cuda_h.py:27] end layer_moe_generate_mp_multi_device_fused_l_13 cost 52.880 ms
DEBUG 04-24 07:38:39.129850.129850 cuda_h.py:27] end *mlp cost 53.952 ms
DEBUG 04-24 07:38:39.129548.129548 cuda_h.py:27] end prefill_layer cost 58.336 ms
DEBUG 04-24 07:38:39.129185.129185 lmp.py:320] -------------------------------- end prefill layer 12 --------------------------------
DEBUG 04-24 07:38:39.130370.130370 lmp.py:273] -------------------------------- start prefill layer 13 --------------------------------
DEBUG 04-24 07:38:39.130927.130927 cuda_h.py:27] end start_load_qkvogn_s_weight_l_14 cost 0.056 ms
DEBUG 04-24 07:38:39.130766.130766 cuda_h.py:27] end allocate_cuda_memory cost 0.215 ms
DEBUG 04-24 07:38:39.130925.130925 sllm_store_c.py:27] get device uuid map
DEBUG 04-24 07:38:39.131779.131779 sllm_store_c.py:29] call client load into gpu
DEBUG 04-24 07:38:39.133991.133991 cuda_h.py:27] end load_into_gpu_async cost 2.366 ms
DEBUG 04-24 07:38:39.133831.133831 cuda_h.py:27] end restore_tensors2 cost 0.087 ms
DEBUG 04-24 07:38:39.133160.133160 cuda_h.py:27] end allocate_cuda_memory_and_load_into_gpu cost 3.333 ms
DEBUG 04-24 07:38:39.133715.133715 cuda_h.py:27] end **self_attn cost 2.436 ms
DEBUG 04-24 07:38:39.134483.134483 cuda_h.py:27] end *iln_self_attn_paln cost 4.024 ms
DEBUG 04-24 07:38:39.135846.135846 cuda_h.py:27] end gate cost 0.839 ms
DEBUG 04-24 07:38:39.135767.135767 cuda_h.py:27] end experts_map_get cost 0.482 ms
DEBUG 04-24 07:38:39.135485.135485 cuda_h.py:27] end **before experts start cost 1.533 ms
DEBUG 04-24 07:38:39.136905.136905 cuda_h.py:27] end cpu_experts_submit_fused_mp cost 0.226 ms
DEBUG 04-24 07:38:39.138598.138598 sllm_store_c.py:27] get device uuid map
DEBUG 04-24 07:38:39.138111.138111 sllm_store_c.py:29] call client load into gpu
DEBUG 04-24 07:38:39.141159.141159 cuda_h.py:27] end prepare_group_stack cost 0.679 ms
DEBUG 04-24 07:38:39.141489.141489 cuda_h.py:27] end prepare_group_stack cost 0.761 ms
DEBUG 04-24 07:38:39.141639.141639 cuda_h.py:27] end prepare_group_stack cost 0.795 ms
DEBUG 04-24 07:38:39.141149.141149 cuda_h.py:27] end restore2model cost 0.751 ms
DEBUG 04-24 07:38:39.141186.141186 cuda_h.py:27] end sllm_worker_task cost 11.220 ms
DEBUG 04-24 07:38:39.142091.142091 cuda_h.py:27] end group stack cost 1.640 ms
DEBUG 04-24 07:38:39.142761.142761 cuda_h.py:27] end load_into_gpu_async_fused_experts_dual cost 4.085 ms
DEBUG 04-24 07:38:39.142843.142843 cuda_h.py:27] end move_flatidxs_group_fused_mp cost 2.541 ms
DEBUG 04-24 07:38:39.142985.142985 cuda_h.py:27] end restore_tensors2_fused_experts_packed cost 0.079 ms
DEBUG 04-24 07:38:39.143716.143716 cuda_h.py:27] end group stack cost 1.427 ms
DEBUG 04-24 07:38:39.143752.143752 cuda_h.py:27] end get_fused_experts_names_w cost 0.018 ms
DEBUG 04-24 07:38:39.143660.143660 cuda_h.py:27] end move_flatidxs_group_fused_mp cost 2.746 ms
DEBUG 04-24 07:38:39.143202.143202 cuda_h.py:27] end group stack cost 1.665 ms
DEBUG 04-24 07:38:39.143673.143673 cuda_h.py:27] end get_fused_experts_names_w cost 0.019 ms
DEBUG 04-24 07:38:39.143004.143004 cuda_h.py:27] end move_flatidxs_group_fused_mp cost 2.841 ms
DEBUG 04-24 07:38:39.143019.143019 cuda_h.py:27] end restore_tensors2_fused_experts_slices cost 0.482 ms
DEBUG 04-24 07:38:39.143080.143080 cuda_h.py:27] end get_fused_experts_names_w cost 0.020 ms
DEBUG 04-24 07:38:39.143683.143683 cuda_h.py:27] end allocate_experts_cuda_memory_and_restore_model_multi_device_fused cost 7.354 ms
DEBUG 04-24 07:38:39.144716.144716 cuda_h.py:27] end gpu_sexperts cost 0.005 ms
DEBUG 04-24 07:38:39.144776.144776 cuda_h.py:27] end restore_fused_tensors cost 0.733 ms
DEBUG 04-24 07:38:39.144217.144217 cuda_h.py:27] end restore_fused_tensors cost 0.639 ms
DEBUG 04-24 07:38:39.144438.144438 cuda_h.py:27] end group_fused_tensors_mp cost 1.123 ms
DEBUG 04-24 07:38:39.144312.144312 cuda_h.py:27] end group_fused_tensors_mp cost 0.915 ms
DEBUG 04-24 07:38:39.144690.144690 cuda_h.py:27] end wait_load_qkvogn_s_weight cost 0.016 ms
DEBUG 04-24 07:38:39.144794.144794 cuda_h.py:27] end restore_fused_tensors cost 0.562 ms
DEBUG 04-24 07:38:39.144637.144637 cuda_h.py:27] end group_fused_tensors_mp cost 0.856 ms
DEBUG 04-24 07:38:39.174625.174625 mlpmodule.py:3373] [fused_group_bmm][steps] bmm1=24.670 ms split=0.073 ms act_mul=0.484 ms bmm2=4.780 ms
DEBUG 04-24 07:38:39.174748.174748 cuda_h.py:27] end fused_group_bmm cost 30.338 ms
DEBUG 04-24 07:38:39.175506.175506 cuda_h.py:27] end wait_experts_multi_device cost 3.038 ms
DEBUG 04-24 07:38:39.175684.175684 cuda_h.py:27] end gather_outputs_group_fused_mp cost 0.783 ms
DEBUG 04-24 07:38:39.176928.176928 cuda_h.py:27] end cpu_experts_worker_bmm_or_einsum cost 36.264 ms
DEBUG 04-24 07:38:39.178623.178623 mlpmodule.py:3373] [fused_group_bmm][steps] bmm1=26.011 ms split=0.126 ms act_mul=0.649 ms bmm2=6.504 ms
DEBUG 04-24 07:38:39.178026.178026 cuda_h.py:27] end fused_group_bmm cost 33.471 ms
DEBUG 04-24 07:38:39.179798.179798 cuda_h.py:27] end gather_outputs_group_fused_mp cost 0.399 ms
DEBUG 04-24 07:38:39.179753.179753 mlpmodule.py:3373] [fused_group_bmm][steps] bmm1=24.182 ms split=0.135 ms act_mul=0.542 ms bmm2=9.743 ms
DEBUG 04-24 07:38:39.179927.179927 cuda_h.py:27] end fused_group_bmm cost 34.904 ms
DEBUG 04-24 07:38:39.179356.179356 cuda_h.py:27] end cpu_experts_worker_bmm_or_einsum cost 39.117 ms
DEBUG 04-24 07:38:39.180906.180906 cuda_h.py:27] end gather_outputs_group_fused_mp cost 0.597 ms
DEBUG 04-24 07:38:39.180734.180734 cuda_h.py:27] end cpu_experts_worker_bmm_or_einsum cost 40.584 ms
DEBUG 04-24 07:38:39.184953.184953 cuda_h.py:27] end gpu_experts_multi_device_fused cost 8.626 ms
DEBUG 04-24 07:38:39.186457.186457 cuda_h.py:27] end cpu_thread_manager_mp_wait_fused cost 2.434 ms
DEBUG 04-24 07:38:39.186820.186820 cuda_h.py:27] end layer_moe_generate_mp_multi_device_fused_l_14 cost 52.480 ms
DEBUG 04-24 07:38:39.187758.187758 cuda_h.py:27] end *mlp cost 53.592 ms
DEBUG 04-24 07:38:39.188741.188741 cuda_h.py:27] end prefill_layer cost 57.962 ms
DEBUG 04-24 07:38:39.188354.188354 lmp.py:320] -------------------------------- end prefill layer 13 --------------------------------
DEBUG 04-24 07:38:39.188865.188865 lmp.py:273] -------------------------------- start prefill layer 14 --------------------------------
DEBUG 04-24 07:38:39.188675.188675 cuda_h.py:27] end start_load_qkvogn_s_weight_l_15 cost 0.058 ms
DEBUG 04-24 07:38:39.189071.189071 cuda_h.py:27] end allocate_cuda_memory cost 0.231 ms
DEBUG 04-24 07:38:39.189422.189422 sllm_store_c.py:27] get device uuid map
DEBUG 04-24 07:38:39.189752.189752 sllm_store_c.py:29] call client load into gpu
DEBUG 04-24 07:38:39.191720.191720 cuda_h.py:27] end load_into_gpu_async cost 2.570 ms
DEBUG 04-24 07:38:39.192693.192693 cuda_h.py:27] end restore_tensors2 cost 0.104 ms
DEBUG 04-24 07:38:39.192553.192553 cuda_h.py:27] end allocate_cuda_memory_and_load_into_gpu cost 3.409 ms
DEBUG 04-24 07:38:39.192153.192153 cuda_h.py:27] end **self_attn cost 2.606 ms
DEBUG 04-24 07:38:39.193192.193192 cuda_h.py:27] end *iln_self_attn_paln cost 4.248 ms
DEBUG 04-24 07:38:39.193388.193388 cuda_h.py:27] end gate cost 0.825 ms
DEBUG 04-24 07:38:39.194626.194626 cuda_h.py:27] end experts_map_get cost 0.444 ms
DEBUG 04-24 07:38:39.194297.194297 cuda_h.py:27] end **before experts start cost 1.471 ms
DEBUG 04-24 07:38:39.195009.195009 cuda_h.py:27] end cpu_experts_submit_fused_mp cost 0.235 ms
DEBUG 04-24 07:38:39.198106.198106 sllm_store_c.py:27] get device uuid map
DEBUG 04-24 07:38:39.198481.198481 sllm_store_c.py:29] call client load into gpu
DEBUG 04-24 07:38:39.199754.199754 cuda_h.py:27] end prepare_group_stack cost 1.076 ms
DEBUG 04-24 07:38:39.199649.199649 cuda_h.py:27] end prepare_group_stack cost 1.154 ms
DEBUG 04-24 07:38:39.199816.199816 cuda_h.py:27] end prepare_group_stack cost 1.168 ms
DEBUG 04-24 07:38:39.200291.200291 cuda_h.py:27] end restore2model cost 0.632 ms
DEBUG 04-24 07:38:39.200148.200148 cuda_h.py:27] end sllm_worker_task cost 11.681 ms
DEBUG 04-24 07:38:39.201780.201780 cuda_h.py:27] end group stack cost 1.651 ms
DEBUG 04-24 07:38:39.201566.201566 cuda_h.py:27] end move_flatidxs_group_fused_mp cost 3.068 ms
DEBUG 04-24 07:38:39.201215.201215 cuda_h.py:27] end get_fused_experts_names_w cost 0.022 ms
DEBUG 04-24 07:38:39.201095.201095 cuda_h.py:27] end load_into_gpu_async_fused_experts_dual cost 3.220 ms
DEBUG 04-24 07:38:39.201344.201344 cuda_h.py:27] end group stack cost 1.776 ms
DEBUG 04-24 07:38:39.202387.202387 cuda_h.py:27] end restore_tensors2_fused_experts_packed cost 0.077 ms
DEBUG 04-24 07:38:39.202549.202549 cuda_h.py:27] end move_flatidxs_group_fused_mp cost 3.486 ms
DEBUG 04-24 07:38:39.202738.202738 cuda_h.py:27] end get_fused_experts_names_w cost 0.022 ms
DEBUG 04-24 07:38:39.202528.202528 cuda_h.py:27] end group stack cost 2.406 ms
DEBUG 04-24 07:38:39.202943.202943 cuda_h.py:27] end move_flatidxs_group_fused_mp cost 3.810 ms
DEBUG 04-24 07:38:39.202311.202311 cuda_h.py:27] end get_fused_experts_names_w cost 0.020 ms
DEBUG 04-24 07:38:39.202584.202584 cuda_h.py:27] end restore_tensors2_fused_experts_slices cost 0.470 ms
DEBUG 04-24 07:38:39.202748.202748 cuda_h.py:27] end allocate_experts_cuda_memory_and_restore_model_multi_device_fused cost 6.935 ms
DEBUG 04-24 07:38:39.202751.202751 cuda_h.py:27] end restore_fused_tensors cost 0.885 ms
DEBUG 04-24 07:38:39.202766.202766 cuda_h.py:27] end gpu_sexperts cost 0.004 ms
DEBUG 04-24 07:38:39.202985.202985 cuda_h.py:27] end group_fused_tensors_mp cost 1.086 ms
DEBUG 04-24 07:38:39.203932.203932 cuda_h.py:27] end wait_load_qkvogn_s_weight cost 0.018 ms
DEBUG 04-24 07:38:39.203954.203954 cuda_h.py:27] end restore_fused_tensors cost 0.787 ms
DEBUG 04-24 07:38:39.203732.203732 cuda_h.py:27] end group_fused_tensors_mp cost 1.039 ms
DEBUG 04-24 07:38:39.203387.203387 cuda_h.py:27] end restore_fused_tensors cost 0.722 ms
DEBUG 04-24 07:38:39.203254.203254 cuda_h.py:27] end group_fused_tensors_mp cost 1.068 ms
DEBUG 04-24 07:38:39.232638.232638 cuda_h.py:27] end wait_experts_multi_device cost 4.365 ms
DEBUG 04-24 07:38:39.235679.235679 mlpmodule.py:3373] [fused_group_bmm][steps] bmm1=22.018 ms split=0.069 ms act_mul=0.440 ms bmm2=9.250 ms
DEBUG 04-24 07:38:39.235280.235280 cuda_h.py:27] end fused_group_bmm cost 32.147 ms
DEBUG 04-24 07:38:39.236497.236497 cuda_h.py:27] end gather_outputs_group_fused_mp cost 0.653 ms
DEBUG 04-24 07:38:39.237898.237898 cuda_h.py:27] end cpu_experts_worker_bmm_or_einsum cost 39.576 ms
DEBUG 04-24 07:38:39.237764.237764 mlpmodule.py:3373] [fused_group_bmm][steps] bmm1=20.610 ms split=0.126 ms act_mul=0.552 ms bmm2=12.772 ms
DEBUG 04-24 07:38:39.237703.237703 cuda_h.py:27] end fused_group_bmm cost 34.252 ms
DEBUG 04-24 07:38:39.238711.238711 mlpmodule.py:3373] [fused_group_bmm][steps] bmm1=21.396 ms split=0.089 ms act_mul=0.582 ms bmm2=12.793 ms
DEBUG 04-24 07:38:39.238892.238892 cuda_h.py:27] end fused_group_bmm cost 35.160 ms
DEBUG 04-24 07:38:39.238117.238117 cuda_h.py:27] end gather_outputs_group_fused_mp cost 0.397 ms
DEBUG 04-24 07:38:39.238660.238660 cuda_h.py:27] end gather_outputs_group_fused_mp cost 0.395 ms
DEBUG 04-24 07:38:39.239848.239848 cuda_h.py:27] end cpu_experts_worker_bmm_or_einsum cost 41.468 ms
DEBUG 04-24 07:38:39.239726.239726 cuda_h.py:27] end cpu_experts_worker_bmm_or_einsum cost 41.576 ms
DEBUG 04-24 07:38:39.239396.239396 cuda_h.py:27] end gpu_experts_multi_device_fused cost 7.613 ms
DEBUG 04-24 07:38:39.242046.242046 cuda_h.py:27] end cpu_thread_manager_mp_wait_fused cost 2.065 ms
DEBUG 04-24 07:38:39.242561.242561 cuda_h.py:27] end layer_moe_generate_mp_multi_device_fused_l_15 cost 49.103 ms
DEBUG 04-24 07:38:39.245863.245863 cuda_h.py:27] end *mlp cost 52.204 ms
DEBUG 04-24 07:38:39.245476.245476 cuda_h.py:27] end prefill_layer cost 56.810 ms
DEBUG 04-24 07:38:39.245947.245947 lmp.py:320] -------------------------------- end prefill layer 14 --------------------------------
DEBUG 04-24 07:38:39.245182.245182 lmp.py:273] -------------------------------- start prefill layer 15 --------------------------------
DEBUG 04-24 07:38:39.245920.245920 cuda_h.py:27] end start_load_qkvogn_s_weight_l_16 cost 0.043 ms
DEBUG 04-24 07:38:39.246295.246295 cuda_h.py:27] end allocate_cuda_memory cost 0.242 ms
DEBUG 04-24 07:38:39.246387.246387 sllm_store_c.py:27] get device uuid map
DEBUG 04-24 07:38:39.246149.246149 sllm_store_c.py:29] call client load into gpu
DEBUG 04-24 07:38:39.248327.248327 cuda_h.py:27] end load_into_gpu_async cost 1.744 ms
DEBUG 04-24 07:38:39.248220.248220 cuda_h.py:27] end restore_tensors2 cost 0.100 ms
DEBUG 04-24 07:38:39.248117.248117 cuda_h.py:27] end allocate_cuda_memory_and_load_into_gpu cost 2.480 ms
DEBUG 04-24 07:38:39.248879.248879 cuda_h.py:27] end **self_attn cost 2.075 ms
DEBUG 04-24 07:38:39.249736.249736 cuda_h.py:27] end *iln_self_attn_paln cost 3.463 ms
DEBUG 04-24 07:38:39.249641.249641 cuda_h.py:27] end gate cost 0.630 ms
DEBUG 04-24 07:38:39.250695.250695 cuda_h.py:27] end experts_map_get cost 0.330 ms
DEBUG 04-24 07:38:39.250724.250724 cuda_h.py:27] end **before experts start cost 1.122 ms
DEBUG 04-24 07:38:39.250008.250008 cuda_h.py:27] end cpu_experts_submit_fused_mp cost 0.142 ms
DEBUG 04-24 07:38:39.253026.253026 sllm_store_c.py:27] get device uuid map
DEBUG 04-24 07:38:39.253750.253750 sllm_store_c.py:29] call client load into gpu
DEBUG 04-24 07:38:39.255049.255049 cuda_h.py:27] end prepare_group_stack cost 0.798 ms
DEBUG 04-24 07:38:39.255517.255517 cuda_h.py:27] end prepare_group_stack cost 1.002 ms
DEBUG 04-24 07:38:39.255388.255388 cuda_h.py:27] end prepare_group_stack cost 0.979 ms
DEBUG 04-24 07:38:39.256270.256270 cuda_h.py:27] end group stack cost 1.357 ms
DEBUG 04-24 07:38:39.257983.257983 cuda_h.py:27] end move_flatidxs_group_fused_mp cost 2.431 ms
DEBUG 04-24 07:38:39.257077.257077 cuda_h.py:27] end group stack cost 1.431 ms
DEBUG 04-24 07:38:39.257161.257161 cuda_h.py:27] end get_fused_experts_names_w cost 0.020 ms
DEBUG 04-24 07:38:39.257850.257850 cuda_h.py:27] end move_flatidxs_group_fused_mp cost 2.799 ms
DEBUG 04-24 07:38:39.257358.257358 cuda_h.py:27] end group stack cost 1.718 ms
DEBUG 04-24 07:38:39.257889.257889 cuda_h.py:27] end get_fused_experts_names_w cost 0.018 ms
DEBUG 04-24 07:38:39.257598.257598 cuda_h.py:27] end move_flatidxs_group_fused_mp cost 3.222 ms
DEBUG 04-24 07:38:39.257266.257266 cuda_h.py:27] end get_fused_experts_names_w cost 0.017 ms
DEBUG 04-24 07:38:39.257981.257981 cuda_h.py:27] end restore2model cost 0.641 ms
DEBUG 04-24 07:38:39.258332.258332 cuda_h.py:27] end sllm_worker_task cost 12.262 ms
DEBUG 04-24 07:38:39.258764.258764 cuda_h.py:27] end restore_fused_tensors cost 0.634 ms
DEBUG 04-24 07:38:39.258431.258431 cuda_h.py:27] end group_fused_tensors_mp cost 0.959 ms
DEBUG 04-24 07:38:39.258756.258756 cuda_h.py:27] end restore_fused_tensors cost 0.595 ms
DEBUG 04-24 07:38:39.258390.258390 cuda_h.py:27] end group_fused_tensors_mp cost 0.953 ms
DEBUG 04-24 07:38:39.258761.258761 cuda_h.py:27] end restore_fused_tensors cost 0.573 ms
DEBUG 04-24 07:38:39.258993.258993 cuda_h.py:27] end load_into_gpu_async_fused_experts_dual cost 5.346 ms
DEBUG 04-24 07:38:39.258165.258165 cuda_h.py:27] end group_fused_tensors_mp cost 0.964 ms
DEBUG 04-24 07:38:39.258876.258876 cuda_h.py:27] end restore_tensors2_fused_experts_packed cost 0.057 ms
DEBUG 04-24 07:38:39.259676.259676 cuda_h.py:27] end restore_tensors2_fused_experts_slices cost 0.236 ms
DEBUG 04-24 07:38:39.259400.259400 cuda_h.py:27] end allocate_experts_cuda_memory_and_restore_model_multi_device_fused cost 8.147 ms
DEBUG 04-24 07:38:39.259017.259017 cuda_h.py:27] end gpu_sexperts cost 0.004 ms
DEBUG 04-24 07:38:39.259210.259210 cuda_h.py:27] end wait_load_qkvogn_s_weight cost 0.019 ms
DEBUG 04-24 07:38:39.282447.282447 mlpmodule.py:3373] [fused_group_bmm][steps] bmm1=14.456 ms split=0.145 ms act_mul=0.479 ms bmm2=9.255 ms
DEBUG 04-24 07:38:39.283651.283651 cuda_h.py:27] end fused_group_bmm cost 24.741 ms
DEBUG 04-24 07:38:39.284736.284736 cuda_h.py:27] end gather_outputs_group_fused_mp cost 0.674 ms
DEBUG 04-24 07:38:39.284202.284202 mlpmodule.py:3373] [fused_group_bmm][steps] bmm1=14.754 ms split=0.065 ms act_mul=0.749 ms bmm2=9.408 ms
DEBUG 04-24 07:38:39.284018.284018 mlpmodule.py:3373] [fused_group_bmm][steps] bmm1=14.885 ms split=0.070 ms act_mul=0.373 ms bmm2=10.061 ms
DEBUG 04-24 07:38:39.284824.284824 cuda_h.py:27] end fused_group_bmm cost 25.391 ms
DEBUG 04-24 07:38:39.284905.284905 cuda_h.py:27] end fused_group_bmm cost 25.785 ms
DEBUG 04-24 07:38:39.284688.284688 cuda_h.py:27] end cpu_experts_worker_bmm_or_einsum cost 32.119 ms
DEBUG 04-24 07:38:39.285398.285398 cuda_h.py:27] end gather_outputs_group_fused_mp cost 0.364 ms
DEBUG 04-24 07:38:39.285348.285348 cuda_h.py:27] end gather_outputs_group_fused_mp cost 0.422 ms
DEBUG 04-24 07:38:39.285391.285391 cuda_h.py:27] end cpu_experts_worker_bmm_or_einsum cost 32.966 ms
DEBUG 04-24 07:38:39.285929.285929 cuda_h.py:27] end cpu_experts_worker_bmm_or_einsum cost 33.367 ms
DEBUG 04-24 07:38:39.286203.286203 cuda_h.py:27] end wait_experts_multi_device cost 1.875 ms
DEBUG 04-24 07:38:39.293802.293802 cuda_h.py:27] end gpu_experts_multi_device_fused cost 7.106 ms
DEBUG 04-24 07:38:39.295754.295754 cuda_h.py:27] end cpu_thread_manager_mp_wait_fused cost 1.601 ms
DEBUG 04-24 07:38:39.295486.295486 cuda_h.py:27] end layer_moe_generate_mp_multi_device_fused_l_16 cost 45.854 ms
DEBUG 04-24 07:38:39.296206.296206 cuda_h.py:27] end *mlp cost 47.365 ms
DEBUG 04-24 07:38:39.296261.296261 cuda_h.py:27] end prefill_layer cost 51.041 ms
DEBUG 04-24 07:38:39.296064.296064 lmp.py:320] -------------------------------- end prefill layer 15 --------------------------------
DEBUG 04-24 07:38:39.297044.297044 lmp.py:273] -------------------------------- start prefill layer 16 --------------------------------
DEBUG 04-24 07:38:39.297239.297239 cuda_h.py:27] end start_load_qkvogn_s_weight_l_17 cost 0.040 ms
DEBUG 04-24 07:38:39.297667.297667 cuda_h.py:27] end allocate_cuda_memory cost 0.208 ms
DEBUG 04-24 07:38:39.297944.297944 sllm_store_c.py:27] get device uuid map
DEBUG 04-24 07:38:39.298670.298670 sllm_store_c.py:29] call client load into gpu
DEBUG 04-24 07:38:39.299437.299437 cuda_h.py:27] end load_into_gpu_async cost 1.276 ms
DEBUG 04-24 07:38:39.299689.299689 cuda_h.py:27] end restore_tensors2 cost 0.097 ms
DEBUG 04-24 07:38:39.299331.299331 cuda_h.py:27] end allocate_cuda_memory_and_load_into_gpu cost 2.086 ms
DEBUG 04-24 07:38:39.300362.300362 cuda_h.py:27] end **self_attn cost 1.901 ms
DEBUG 04-24 07:38:39.300835.300835 cuda_h.py:27] end *iln_self_attn_paln cost 3.191 ms
DEBUG 04-24 07:38:39.301423.301423 cuda_h.py:27] end gate cost 0.621 ms
DEBUG 04-24 07:38:39.301562.301562 cuda_h.py:27] end experts_map_get cost 0.326 ms
DEBUG 04-24 07:38:39.301922.301922 cuda_h.py:27] end **before experts start cost 1.105 ms
DEBUG 04-24 07:38:39.302443.302443 cuda_h.py:27] end cpu_experts_submit_fused_mp cost 0.164 ms
DEBUG 04-24 07:38:39.305878.305878 sllm_store_c.py:27] get device uuid map
DEBUG 04-24 07:38:39.305809.305809 sllm_store_c.py:29] call client load into gpu
DEBUG 04-24 07:38:39.305431.305431 cuda_h.py:27] end prepare_group_stack cost 1.037 ms
DEBUG 04-24 07:38:39.305558.305558 cuda_h.py:27] end prepare_group_stack cost 1.037 ms
DEBUG 04-24 07:38:39.307927.307927 cuda_h.py:27] end group stack cost 1.678 ms
DEBUG 04-24 07:38:39.307234.307234 cuda_h.py:27] end move_flatidxs_group_fused_mp cost 3.083 ms
DEBUG 04-24 07:38:39.307693.307693 cuda_h.py:27] end get_fused_experts_names_w cost 0.017 ms
DEBUG 04-24 07:38:39.307657.307657 cuda_h.py:27] end group stack cost 2.134 ms
DEBUG 04-24 07:38:39.307529.307529 cuda_h.py:27] end move_flatidxs_group_fused_mp cost 3.558 ms
DEBUG 04-24 07:38:39.308124.308124 cuda_h.py:27] end get_fused_experts_names_w cost 0.018 ms
DEBUG 04-24 07:38:39.308325.308325 cuda_h.py:27] end restore_fused_tensors cost 0.649 ms
DEBUG 04-24 07:38:39.308592.308592 cuda_h.py:27] end group_fused_tensors_mp cost 0.963 ms
DEBUG 04-24 07:38:39.308605.308605 cuda_h.py:27] end restore_fused_tensors cost 0.594 ms
DEBUG 04-24 07:38:39.308587.308587 cuda_h.py:27] end group_fused_tensors_mp cost 0.820 ms
DEBUG 04-24 07:38:39.309302.309302 cuda_h.py:27] end prepare_group_stack cost 0.653 ms
DEBUG 04-24 07:38:39.311755.311755 cuda_h.py:27] end restore2model cost 0.711 ms
DEBUG 04-24 07:38:39.311011.311011 cuda_h.py:27] end sllm_worker_task cost 14.281 ms
DEBUG 04-24 07:38:39.312740.312740 cuda_h.py:27] end group stack cost 2.293 ms
DEBUG 04-24 07:38:39.312921.312921 cuda_h.py:27] end move_flatidxs_group_fused_mp cost 3.330 ms
DEBUG 04-24 07:38:39.312835.312835 cuda_h.py:27] end get_fused_experts_names_w cost 0.038 ms
DEBUG 04-24 07:38:39.312037.312037 cuda_h.py:27] end load_into_gpu_async_fused_experts_dual cost 7.531 ms
DEBUG 04-24 07:38:39.312931.312931 cuda_h.py:27] end restore_tensors2_fused_experts_packed cost 0.104 ms
DEBUG 04-24 07:38:39.313964.313964 cuda_h.py:27] end restore_tensors2_fused_experts_slices cost 0.305 ms
DEBUG 04-24 07:38:39.313020.313020 cuda_h.py:27] end allocate_experts_cuda_memory_and_restore_model_multi_device_fused cost 10.637 ms
DEBUG 04-24 07:38:39.313833.313833 cuda_h.py:27] end gpu_sexperts cost 0.018 ms
DEBUG 04-24 07:38:39.314259.314259 cuda_h.py:27] end wait_load_qkvogn_s_weight cost 0.044 ms
DEBUG 04-24 07:38:39.314408.314408 cuda_h.py:27] end restore_fused_tensors cost 1.642 ms
DEBUG 04-24 07:38:39.314746.314746 cuda_h.py:27] end group_fused_tensors_mp cost 2.152 ms
DEBUG 04-24 07:38:39.339544.339544 mlpmodule.py:3373] [fused_group_bmm][steps] bmm1=20.944 ms split=0.101 ms act_mul=0.644 ms bmm2=8.337 ms
DEBUG 04-24 07:38:39.339354.339354 cuda_h.py:27] end fused_group_bmm cost 30.296 ms
DEBUG 04-24 07:38:39.340100.340100 cuda_h.py:27] end gather_outputs_group_fused_mp cost 0.646 ms
DEBUG 04-24 07:38:39.340552.340552 cuda_h.py:27] end cpu_experts_worker_bmm_or_einsum cost 37.403 ms
DEBUG 04-24 07:38:39.340392.340392 cuda_h.py:27] end wait_experts_multi_device cost 3.371 ms
DEBUG 04-24 07:38:39.340598.340598 mlpmodule.py:3373] [fused_group_bmm][steps] bmm1=19.171 ms split=0.249 ms act_mul=0.906 ms bmm2=11.605 ms
DEBUG 04-24 07:38:39.340451.340451 cuda_h.py:27] end fused_group_bmm cost 32.131 ms
DEBUG 04-24 07:38:39.341737.341737 cuda_h.py:27] end gather_outputs_group_fused_mp cost 0.400 ms
DEBUG 04-24 07:38:39.341367.341367 cuda_h.py:27] end cpu_experts_worker_bmm_or_einsum cost 38.624 ms
DEBUG 04-24 07:38:39.344244.344244 mlpmodule.py:3373] [fused_group_bmm][steps] bmm1=23.278 ms split=0.111 ms act_mul=0.570 ms bmm2=5.260 ms
DEBUG 04-24 07:38:39.344255.344255 cuda_h.py:27] end fused_group_bmm cost 29.394 ms
DEBUG 04-24 07:38:39.345428.345428 cuda_h.py:27] end gather_outputs_group_fused_mp cost 0.386 ms
DEBUG 04-24 07:38:39.345932.345932 cuda_h.py:27] end cpu_experts_worker_bmm_or_einsum cost 37.526 ms
DEBUG 04-24 07:38:39.351510.351510 cuda_h.py:27] end gpu_experts_multi_device_fused cost 10.853 ms
DEBUG 04-24 07:38:39.353421.353421 cuda_h.py:27] end cpu_thread_manager_mp_wait_fused cost 2.149 ms
DEBUG 04-24 07:38:39.354856.354856 cuda_h.py:27] end layer_moe_generate_mp_multi_device_fused_l_17 cost 53.335 ms
DEBUG 04-24 07:38:39.355508.355508 cuda_h.py:27] end *mlp cost 54.411 ms
DEBUG 04-24 07:38:39.355862.355862 cuda_h.py:27] end prefill_layer cost 58.044 ms
DEBUG 04-24 07:38:39.355601.355601 lmp.py:320] -------------------------------- end prefill layer 16 --------------------------------
DEBUG 04-24 07:38:39.355111.355111 lmp.py:273] -------------------------------- start prefill layer 17 --------------------------------
DEBUG 04-24 07:38:39.355631.355631 cuda_h.py:27] end start_load_qkvogn_s_weight_l_18 cost 0.050 ms
DEBUG 04-24 07:38:39.356531.356531 cuda_h.py:27] end allocate_cuda_memory cost 0.217 ms
DEBUG 04-24 07:38:39.356901.356901 sllm_store_c.py:27] get device uuid map
DEBUG 04-24 07:38:39.356434.356434 sllm_store_c.py:29] call client load into gpu
DEBUG 04-24 07:38:39.358164.358164 cuda_h.py:27] end load_into_gpu_async cost 1.738 ms
DEBUG 04-24 07:38:39.358414.358414 cuda_h.py:27] end restore_tensors2 cost 0.090 ms
DEBUG 04-24 07:38:39.358719.358719 cuda_h.py:27] end allocate_cuda_memory_and_load_into_gpu cost 2.509 ms
DEBUG 04-24 07:38:39.359697.359697 cuda_h.py:27] end **self_attn cost 2.672 ms
DEBUG 04-24 07:38:39.359429.359429 cuda_h.py:27] end *iln_self_attn_paln cost 4.128 ms
DEBUG 04-24 07:38:39.360021.360021 cuda_h.py:27] end gate cost 0.611 ms
DEBUG 04-24 07:38:39.362224.362224 cuda_h.py:27] end experts_map_get cost 1.811 ms
DEBUG 04-24 07:38:39.362060.362060 cuda_h.py:27] end **before experts start cost 2.581 ms
DEBUG 04-24 07:38:39.362609.362609 cuda_h.py:27] end cpu_experts_submit_fused_mp cost 0.129 ms
DEBUG 04-24 07:38:39.365787.365787 cuda_h.py:27] end prepare_group_stack cost 0.708 ms
DEBUG 04-24 07:38:39.365880.365880 sllm_store_c.py:27] get device uuid map
DEBUG 04-24 07:38:39.365121.365121 sllm_store_c.py:29] call client load into gpu
DEBUG 04-24 07:38:39.366223.366223 cuda_h.py:27] end prepare_group_stack cost 0.675 ms
DEBUG 04-24 07:38:39.366039.366039 cuda_h.py:27] end prepare_group_stack cost 0.758 ms
DEBUG 04-24 07:38:39.367184.367184 cuda_h.py:27] end group stack cost 1.901 ms
DEBUG 04-24 07:38:39.367181.367181 cuda_h.py:27] end move_flatidxs_group_fused_mp cost 2.803 ms
DEBUG 04-24 07:38:39.367654.367654 cuda_h.py:27] end get_fused_experts_names_w cost 0.019 ms
DEBUG 04-24 07:38:39.367621.367621 cuda_h.py:27] end restore2model cost 0.873 ms
DEBUG 04-24 07:38:39.367897.367897 cuda_h.py:27] end sllm_worker_task cost 11.981 ms
DEBUG 04-24 07:38:39.368166.368166 cuda_h.py:27] end group stack cost 1.759 ms
DEBUG 04-24 07:38:39.368724.368724 cuda_h.py:27] end load_into_gpu_async_fused_experts_dual cost 2.657 ms
DEBUG 04-24 07:38:39.368481.368481 cuda_h.py:27] end move_flatidxs_group_fused_mp cost 2.675 ms
DEBUG 04-24 07:38:39.368959.368959 cuda_h.py:27] end get_fused_experts_names_w cost 0.020 ms
DEBUG 04-24 07:38:39.368569.368569 cuda_h.py:27] end restore_tensors2_fused_experts_packed cost 0.056 ms
DEBUG 04-24 07:38:39.368364.368364 cuda_h.py:27] end restore_fused_tensors cost 0.699 ms
DEBUG 04-24 07:38:39.368997.368997 cuda_h.py:27] end group_fused_tensors_mp cost 0.978 ms
DEBUG 04-24 07:38:39.368523.368523 cuda_h.py:27] end group stack cost 2.303 ms
DEBUG 04-24 07:38:39.368176.368176 cuda_h.py:27] end move_flatidxs_group_fused_mp cost 3.302 ms
DEBUG 04-24 07:38:39.368694.368694 cuda_h.py:27] end restore_tensors2_fused_experts_slices cost 0.243 ms
DEBUG 04-24 07:38:39.368944.368944 cuda_h.py:27] end get_fused_experts_names_w cost 0.018 ms
DEBUG 04-24 07:38:39.368712.368712 cuda_h.py:27] end allocate_experts_cuda_memory_and_restore_model_multi_device_fused cost 5.589 ms
DEBUG 04-24 07:38:39.369961.369961 cuda_h.py:27] end restore_fused_tensors cost 0.517 ms
DEBUG 04-24 07:38:39.369573.369573 cuda_h.py:27] end gpu_sexperts cost 0.003 ms
DEBUG 04-24 07:38:39.369394.369394 cuda_h.py:27] end group_fused_tensors_mp cost 0.766 ms
DEBUG 04-24 07:38:39.369965.369965 cuda_h.py:27] end wait_load_qkvogn_s_weight cost 0.014 ms
DEBUG 04-24 07:38:39.369864.369864 cuda_h.py:27] end restore_fused_tensors cost 0.605 ms
DEBUG 04-24 07:38:39.369205.369205 cuda_h.py:27] end group_fused_tensors_mp cost 0.881 ms
DEBUG 04-24 07:38:39.397786.397786 cuda_h.py:27] end wait_experts_multi_device cost 3.782 ms
DEBUG 04-24 07:38:39.404082.404082 mlpmodule.py:3373] [fused_group_bmm][steps] bmm1=19.616 ms split=0.107 ms act_mul=0.633 ms bmm2=15.716 ms
DEBUG 04-24 07:38:39.405296.405296 cuda_h.py:27] end fused_group_bmm cost 36.355 ms
DEBUG 04-24 07:38:39.405305.405305 cuda_h.py:27] end gpu_experts_multi_device_fused cost 7.900 ms
DEBUG 04-24 07:38:39.405837.405837 mlpmodule.py:3373] [fused_group_bmm][steps] bmm1=19.436 ms split=0.068 ms act_mul=0.590 ms bmm2=15.273 ms
DEBUG 04-24 07:38:39.405620.405620 cuda_h.py:27] end fused_group_bmm cost 35.615 ms
DEBUG 04-24 07:38:39.405851.405851 cuda_h.py:27] end gather_outputs_group_fused_mp cost 0.420 ms
DEBUG 04-24 07:38:39.405890.405890 mlpmodule.py:3373] [fused_group_bmm][steps] bmm1=19.085 ms split=0.069 ms act_mul=0.989 ms bmm2=16.362 ms
DEBUG 04-24 07:38:39.406677.406677 cuda_h.py:27] end gather_outputs_group_fused_mp cost 0.384 ms
DEBUG 04-24 07:38:39.406032.406032 cuda_h.py:27] end fused_group_bmm cost 36.808 ms
DEBUG 04-24 07:38:39.406392.406392 cuda_h.py:27] end cpu_experts_worker_bmm_or_einsum cost 43.000 ms
DEBUG 04-24 07:38:39.406998.406998 cuda_h.py:27] end cpu_experts_worker_bmm_or_einsum cost 42.023 ms
DEBUG 04-24 07:38:39.406263.406263 cuda_h.py:27] end gather_outputs_group_fused_mp cost 0.377 ms
DEBUG 04-24 07:38:39.407237.407237 cuda_h.py:27] end cpu_experts_worker_bmm_or_einsum cost 42.639 ms
DEBUG 04-24 07:38:39.412134.412134 cuda_h.py:27] end cpu_thread_manager_mp_wait_fused cost 6.437 ms
DEBUG 04-24 07:38:39.412468.412468 cuda_h.py:27] end layer_moe_generate_mp_multi_device_fused_l_18 cost 52.304 ms
DEBUG 04-24 07:38:39.413503.413503 cuda_h.py:27] end *mlp cost 53.767 ms
DEBUG 04-24 07:38:39.414895.414895 cuda_h.py:27] end prefill_layer cost 58.223 ms
DEBUG 04-24 07:38:39.414347.414347 lmp.py:320] -------------------------------- end prefill layer 17 --------------------------------
DEBUG 04-24 07:38:39.414724.414724 lmp.py:273] -------------------------------- start prefill layer 18 --------------------------------
DEBUG 04-24 07:38:39.414223.414223 cuda_h.py:27] end start_load_qkvogn_s_weight_l_19 cost 0.098 ms
DEBUG 04-24 07:38:39.415421.415421 cuda_h.py:27] end allocate_cuda_memory cost 0.372 ms
DEBUG 04-24 07:38:39.415272.415272 sllm_store_c.py:27] get device uuid map
DEBUG 04-24 07:38:39.415098.415098 sllm_store_c.py:29] call client load into gpu
DEBUG 04-24 07:38:39.417620.417620 cuda_h.py:27] end load_into_gpu_async cost 1.870 ms
DEBUG 04-24 07:38:39.417639.417639 cuda_h.py:27] end restore_tensors2 cost 0.117 ms
DEBUG 04-24 07:38:39.417550.417550 cuda_h.py:27] end allocate_cuda_memory_and_load_into_gpu cost 2.939 ms
DEBUG 04-24 07:38:39.419334.419334 cuda_h.py:27] end **self_attn cost 3.156 ms
DEBUG 04-24 07:38:39.419975.419975 cuda_h.py:27] end *iln_self_attn_paln cost 5.386 ms
DEBUG 04-24 07:38:39.420354.420354 cuda_h.py:27] end gate cost 0.741 ms
DEBUG 04-24 07:38:39.421295.421295 cuda_h.py:27] end experts_map_get cost 0.467 ms
DEBUG 04-24 07:38:39.421012.421012 cuda_h.py:27] end **before experts start cost 1.414 ms
DEBUG 04-24 07:38:39.421089.421089 cuda_h.py:27] end cpu_experts_submit_fused_mp cost 0.222 ms
DEBUG 04-24 07:38:39.424834.424834 sllm_store_c.py:27] get device uuid map
DEBUG 04-24 07:38:39.424844.424844 sllm_store_c.py:29] call client load into gpu
DEBUG 04-24 07:38:39.424522.424522 cuda_h.py:27] end prepare_group_stack cost 0.759 ms
DEBUG 04-24 07:38:39.425429.425429 cuda_h.py:27] end prepare_group_stack cost 0.694 ms
DEBUG 04-24 07:38:39.425477.425477 cuda_h.py:27] end prepare_group_stack cost 0.959 ms
DEBUG 04-24 07:38:39.426050.426050 cuda_h.py:27] end restore2model cost 0.718 ms
DEBUG 04-24 07:38:39.426114.426114 cuda_h.py:27] end sllm_worker_task cost 11.471 ms
DEBUG 04-24 07:38:39.426244.426244 cuda_h.py:27] end group stack cost 1.638 ms
DEBUG 04-24 07:38:39.426950.426950 cuda_h.py:27] end move_flatidxs_group_fused_mp cost 2.691 ms
DEBUG 04-24 07:38:39.426704.426704 cuda_h.py:27] end group stack cost 1.666 ms
DEBUG 04-24 07:38:39.426514.426514 cuda_h.py:27] end load_into_gpu_async_fused_experts_dual cost 2.501 ms
DEBUG 04-24 07:38:39.426852.426852 cuda_h.py:27] end get_fused_experts_names_w cost 0.017 ms
DEBUG 04-24 07:38:39.426455.426455 cuda_h.py:27] end move_flatidxs_group_fused_mp cost 2.755 ms
DEBUG 04-24 07:38:39.427888.427888 cuda_h.py:27] end restore_tensors2_fused_experts_packed cost 0.087 ms
DEBUG 04-24 07:38:39.427872.427872 cuda_h.py:27] end get_fused_experts_names_w cost 0.020 ms
DEBUG 04-24 07:38:39.427153.427153 cuda_h.py:27] end group stack cost 1.862 ms
DEBUG 04-24 07:38:39.427183.427183 cuda_h.py:27] end move_flatidxs_group_fused_mp cost 3.080 ms
DEBUG 04-24 07:38:39.427599.427599 cuda_h.py:27] end get_fused_experts_names_w cost 0.018 ms
DEBUG 04-24 07:38:39.427209.427209 cuda_h.py:27] end restore_tensors2_fused_experts_slices cost 0.398 ms
DEBUG 04-24 07:38:39.427216.427216 cuda_h.py:27] end allocate_experts_cuda_memory_and_restore_model_multi_device_fused cost 4.935 ms
DEBUG 04-24 07:38:39.427803.427803 cuda_h.py:27] end gpu_sexperts cost 0.005 ms
DEBUG 04-24 07:38:39.427083.427083 cuda_h.py:27] end restore_fused_tensors cost 0.816 ms
DEBUG 04-24 07:38:39.427164.427164 cuda_h.py:27] end restore_fused_tensors cost 0.656 ms
DEBUG 04-24 07:38:39.428432.428432 cuda_h.py:27] end group_fused_tensors_mp cost 1.114 ms
DEBUG 04-24 07:38:39.428022.428022 cuda_h.py:27] end group_fused_tensors_mp cost 0.941 ms
DEBUG 04-24 07:38:39.428114.428114 cuda_h.py:27] end wait_load_qkvogn_s_weight cost 0.022 ms
DEBUG 04-24 07:38:39.428982.428982 cuda_h.py:27] end restore_fused_tensors cost 0.581 ms
DEBUG 04-24 07:38:39.428562.428562 cuda_h.py:27] end group_fused_tensors_mp cost 0.907 ms
DEBUG 04-24 07:38:39.455437.455437 cuda_h.py:27] end wait_experts_multi_device cost 1.678 ms
DEBUG 04-24 07:38:39.462521.462521 mlpmodule.py:3373] [fused_group_bmm][steps] bmm1=26.048 ms split=0.070 ms act_mul=0.484 ms bmm2=7.386 ms
DEBUG 04-24 07:38:39.462449.462449 cuda_h.py:27] end fused_group_bmm cost 34.243 ms
DEBUG 04-24 07:38:39.462812.462812 mlpmodule.py:3373] [fused_group_bmm][steps] bmm1=26.149 ms split=0.054 ms act_mul=0.468 ms bmm2=7.699 ms
DEBUG 04-24 07:38:39.462111.462111 cuda_h.py:27] end fused_group_bmm cost 34.614 ms
DEBUG 04-24 07:38:39.463618.463618 cuda_h.py:27] end gather_outputs_group_fused_mp cost 0.458 ms
DEBUG 04-24 07:38:39.463950.463950 cuda_h.py:27] end gather_outputs_group_fused_mp cost 0.432 ms
DEBUG 04-24 07:38:39.463912.463912 cuda_h.py:27] end cpu_experts_worker_bmm_or_einsum cost 40.443 ms
DEBUG 04-24 07:38:39.463594.463594 mlpmodule.py:3373] [fused_group_bmm][steps] bmm1=24.038 ms split=0.130 ms act_mul=0.871 ms bmm2=9.884 ms
DEBUG 04-24 07:38:39.463301.463301 cuda_h.py:27] end fused_group_bmm cost 35.290 ms
DEBUG 04-24 07:38:39.463211.463211 cuda_h.py:27] end cpu_experts_worker_bmm_or_einsum cost 40.024 ms
DEBUG 04-24 07:38:39.464069.464069 cuda_h.py:27] end gather_outputs_group_fused_mp cost 0.399 ms
DEBUG 04-24 07:38:39.464547.464547 cuda_h.py:27] end gpu_experts_multi_device_fused cost 8.583 ms
DEBUG 04-24 07:38:39.465061.465061 cuda_h.py:27] end cpu_experts_worker_bmm_or_einsum cost 41.067 ms
DEBUG 04-24 07:38:39.467863.467863 cuda_h.py:27] end cpu_thread_manager_mp_wait_fused cost 2.794 ms
DEBUG 04-24 07:38:39.467496.467496 cuda_h.py:27] end layer_moe_generate_mp_multi_device_fused_l_19 cost 47.699 ms
DEBUG 04-24 07:38:39.471037.471037 cuda_h.py:27] end *mlp cost 51.560 ms
DEBUG 04-24 07:38:39.471967.471967 cuda_h.py:27] end prefill_layer cost 57.312 ms
DEBUG 04-24 07:38:39.471975.471975 lmp.py:320] -------------------------------- end prefill layer 18 --------------------------------
DEBUG 04-24 07:38:39.471318.471318 lmp.py:273] -------------------------------- start prefill layer 19 --------------------------------
DEBUG 04-24 07:38:39.472063.472063 cuda_h.py:27] end start_load_qkvogn_s_weight_l_20 cost 0.052 ms
DEBUG 04-24 07:38:39.472214.472214 cuda_h.py:27] end allocate_cuda_memory cost 0.248 ms
DEBUG 04-24 07:38:39.472637.472637 sllm_store_c.py:27] get device uuid map
DEBUG 04-24 07:38:39.472382.472382 sllm_store_c.py:29] call client load into gpu
DEBUG 04-24 07:38:39.474598.474598 cuda_h.py:27] end **self_attn cost 1.588 ms
DEBUG 04-24 07:38:39.474208.474208 cuda_h.py:27] end load_into_gpu_async cost 2.035 ms
DEBUG 04-24 07:38:39.474855.474855 cuda_h.py:27] end *iln_self_attn_paln cost 2.750 ms
DEBUG 04-24 07:38:39.474191.474191 cuda_h.py:27] end restore_tensors2 cost 0.102 ms
DEBUG 04-24 07:38:39.475120.475120 cuda_h.py:27] end allocate_cuda_memory_and_load_into_gpu cost 3.040 ms
DEBUG 04-24 07:38:39.475191.475191 cuda_h.py:27] end gate cost 0.725 ms
DEBUG 04-24 07:38:39.476018.476018 cuda_h.py:27] end experts_map_get cost 0.274 ms
DEBUG 04-24 07:38:39.476186.476186 cuda_h.py:27] end **before experts start cost 1.153 ms
DEBUG 04-24 07:38:39.476509.476509 cuda_h.py:27] end cpu_experts_submit_fused_mp cost 0.140 ms
DEBUG 04-24 07:38:39.478653.478653 sllm_store_c.py:27] get device uuid map
DEBUG 04-24 07:38:39.479200.479200 sllm_store_c.py:29] call client load into gpu
DEBUG 04-24 07:38:39.481017.481017 cuda_h.py:27] end prepare_group_stack cost 1.660 ms
DEBUG 04-24 07:38:39.481500.481500 cuda_h.py:27] end prepare_group_stack cost 1.638 ms
DEBUG 04-24 07:38:39.483057.483057 cuda_h.py:27] end group stack cost 1.301 ms
DEBUG 04-24 07:38:39.483285.483285 cuda_h.py:27] end move_flatidxs_group_fused_mp cost 3.176 ms
DEBUG 04-24 07:38:39.483890.483890 cuda_h.py:27] end get_fused_experts_names_w cost 0.044 ms
DEBUG 04-24 07:38:39.483780.483780 cuda_h.py:27] end prepare_group_stack cost 0.535 ms
DEBUG 04-24 07:38:39.483455.483455 cuda_h.py:27] end group stack cost 1.729 ms
DEBUG 04-24 07:38:39.483238.483238 cuda_h.py:27] end move_flatidxs_group_fused_mp cost 3.709 ms
DEBUG 04-24 07:38:39.483871.483871 cuda_h.py:27] end get_fused_experts_names_w cost 0.019 ms
DEBUG 04-24 07:38:39.484239.484239 cuda_h.py:27] end restore_fused_tensors cost 0.610 ms
DEBUG 04-24 07:38:39.484466.484466 cuda_h.py:27] end group_fused_tensors_mp cost 0.827 ms
DEBUG 04-24 07:38:39.484072.484072 cuda_h.py:27] end restore_fused_tensors cost 0.567 ms
DEBUG 04-24 07:38:39.484770.484770 cuda_h.py:27] end group_fused_tensors_mp cost 0.754 ms
DEBUG 04-24 07:38:39.484348.484348 cuda_h.py:27] end group stack cost 1.060 ms
DEBUG 04-24 07:38:39.484849.484849 cuda_h.py:27] end move_flatidxs_group_fused_mp cost 1.829 ms
DEBUG 04-24 07:38:39.484685.484685 cuda_h.py:27] end restore2model cost 0.650 ms
DEBUG 04-24 07:38:39.484489.484489 cuda_h.py:27] end sllm_worker_task cost 12.867 ms
DEBUG 04-24 07:38:39.484833.484833 cuda_h.py:27] end get_fused_experts_names_w cost 0.017 ms
DEBUG 04-24 07:38:39.485039.485039 cuda_h.py:27] end load_into_gpu_async_fused_experts_dual cost 6.389 ms
DEBUG 04-24 07:38:39.485733.485733 cuda_h.py:27] end restore_tensors2_fused_experts_packed cost 0.069 ms
DEBUG 04-24 07:38:39.485334.485334 cuda_h.py:27] end restore_fused_tensors cost 0.534 ms
DEBUG 04-24 07:38:39.485642.485642 cuda_h.py:27] end group_fused_tensors_mp cost 0.822 ms
DEBUG 04-24 07:38:39.486333.486333 cuda_h.py:27] end restore_tensors2_fused_experts_slices cost 0.266 ms
DEBUG 04-24 07:38:39.486056.486056 cuda_h.py:27] end allocate_experts_cuda_memory_and_restore_model_multi_device_fused cost 9.571 ms
DEBUG 04-24 07:38:39.486555.486555 cuda_h.py:27] end gpu_sexperts cost 0.005 ms
DEBUG 04-24 07:38:39.486934.486934 cuda_h.py:27] end wait_load_qkvogn_s_weight cost 0.024 ms
DEBUG 04-24 07:38:39.514767.514767 cuda_h.py:27] end wait_experts_multi_device cost 2.190 ms
DEBUG 04-24 07:38:39.520802.520802 mlpmodule.py:3373] [fused_group_bmm][steps] bmm1=29.250 ms split=0.133 ms act_mul=0.648 ms bmm2=5.429 ms
DEBUG 04-24 07:38:39.520830.520830 cuda_h.py:27] end fused_group_bmm cost 35.721 ms
DEBUG 04-24 07:38:39.520854.520854 cuda_h.py:27] end gather_outputs_group_fused_mp cost 0.451 ms
DEBUG 04-24 07:38:39.521603.521603 cuda_h.py:27] end cpu_experts_worker_bmm_or_einsum cost 43.460 ms
DEBUG 04-24 07:38:39.522232.522232 cuda_h.py:27] end gpu_experts_multi_device_fused cost 6.929 ms
DEBUG 04-24 07:38:39.527733.527733 mlpmodule.py:3373] [fused_group_bmm][steps] bmm1=33.347 ms split=0.069 ms act_mul=0.569 ms bmm2=7.287 ms
DEBUG 04-24 07:38:39.527852.527852 cuda_h.py:27] end fused_group_bmm cost 41.495 ms
DEBUG 04-24 07:38:39.527962.527962 mlpmodule.py:3373] [fused_group_bmm][steps] bmm1=35.235 ms split=0.106 ms act_mul=1.371 ms bmm2=6.846 ms
DEBUG 04-24 07:38:39.528667.528667 cuda_h.py:27] end gather_outputs_group_fused_mp cost 0.382 ms
DEBUG 04-24 07:38:39.528339.528339 cuda_h.py:27] end fused_group_bmm cost 43.757 ms
DEBUG 04-24 07:38:39.528571.528571 cuda_h.py:27] end gather_outputs_group_fused_mp cost 0.354 ms
DEBUG 04-24 07:38:39.528875.528875 cuda_h.py:27] end cpu_experts_worker_bmm_or_einsum cost 47.026 ms
DEBUG 04-24 07:38:39.528041.528041 cuda_h.py:27] end cpu_experts_worker_bmm_or_einsum cost 50.830 ms
DEBUG 04-24 07:38:39.530392.530392 cuda_h.py:27] end cpu_thread_manager_mp_wait_fused cost 8.333 ms
DEBUG 04-24 07:38:39.530098.530098 cuda_h.py:27] end layer_moe_generate_mp_multi_device_fused_l_20 cost 55.896 ms
DEBUG 04-24 07:38:39.531181.531181 cuda_h.py:27] end *mlp cost 56.798 ms
DEBUG 04-24 07:38:39.531568.531568 cuda_h.py:27] end prefill_layer cost 59.874 ms
DEBUG 04-24 07:38:39.531953.531953 lmp.py:320] -------------------------------- end prefill layer 19 --------------------------------
DEBUG 04-24 07:38:39.531941.531941 lmp.py:273] -------------------------------- start prefill layer 20 --------------------------------
DEBUG 04-24 07:38:39.531381.531381 cuda_h.py:27] end start_load_qkvogn_s_weight_l_21 cost 0.042 ms
DEBUG 04-24 07:38:39.532149.532149 cuda_h.py:27] end allocate_cuda_memory cost 0.235 ms
DEBUG 04-24 07:38:39.532444.532444 sllm_store_c.py:27] get device uuid map
DEBUG 04-24 07:38:39.532378.532378 sllm_store_c.py:29] call client load into gpu
DEBUG 04-24 07:38:39.534271.534271 cuda_h.py:27] end **self_attn cost 1.501 ms
DEBUG 04-24 07:38:39.534322.534322 cuda_h.py:27] end load_into_gpu_async cost 2.081 ms
DEBUG 04-24 07:38:39.534382.534382 cuda_h.py:27] end restore_tensors2 cost 0.130 ms
DEBUG 04-24 07:38:39.534146.534146 cuda_h.py:27] end *iln_self_attn_paln cost 2.929 ms
DEBUG 04-24 07:38:39.534538.534538 cuda_h.py:27] end allocate_cuda_memory_and_load_into_gpu cost 2.814 ms
DEBUG 04-24 07:38:39.535883.535883 cuda_h.py:27] end gate cost 0.704 ms
DEBUG 04-24 07:38:39.536003.536003 cuda_h.py:27] end experts_map_get cost 0.310 ms
DEBUG 04-24 07:38:39.536932.536932 cuda_h.py:27] end **before experts start cost 1.172 ms
DEBUG 04-24 07:38:39.536381.536381 cuda_h.py:27] end cpu_experts_submit_fused_mp cost 0.127 ms
DEBUG 04-24 07:38:39.539930.539930 sllm_store_c.py:27] get device uuid map
DEBUG 04-24 07:38:39.539861.539861 sllm_store_c.py:29] call client load into gpu
DEBUG 04-24 07:38:39.539405.539405 cuda_h.py:27] end prepare_group_stack cost 0.426 ms
DEBUG 04-24 07:38:39.540567.540567 cuda_h.py:27] end prepare_group_stack cost 0.420 ms
DEBUG 04-24 07:38:39.541450.541450 cuda_h.py:27] end group stack cost 1.203 ms
DEBUG 04-24 07:38:39.541523.541523 cuda_h.py:27] end prepare_group_stack cost 0.682 ms
DEBUG 04-24 07:38:39.541611.541611 cuda_h.py:27] end move_flatidxs_group_fused_mp cost 1.863 ms
DEBUG 04-24 07:38:39.541134.541134 cuda_h.py:27] end get_fused_experts_names_w cost 0.017 ms
DEBUG 04-24 07:38:39.542506.542506 cuda_h.py:27] end restore_fused_tensors cost 0.474 ms
DEBUG 04-24 07:38:39.542958.542958 cuda_h.py:27] end group_fused_tensors_mp cost 0.697 ms
DEBUG 04-24 07:38:39.542460.542460 cuda_h.py:27] end group stack cost 1.266 ms
DEBUG 04-24 07:38:39.542827.542827 cuda_h.py:27] end move_flatidxs_group_fused_mp cost 1.895 ms
DEBUG 04-24 07:38:39.542297.542297 cuda_h.py:27] end get_fused_experts_names_w cost 0.017 ms
DEBUG 04-24 07:38:39.542096.542096 cuda_h.py:27] end group stack cost 1.251 ms
DEBUG 04-24 07:38:39.542950.542950 cuda_h.py:27] end move_flatidxs_group_fused_mp cost 2.394 ms
DEBUG 04-24 07:38:39.543512.543512 cuda_h.py:27] end get_fused_experts_names_w cost 0.023 ms
DEBUG 04-24 07:38:39.543152.543152 cuda_h.py:27] end restore2model cost 0.775 ms
DEBUG 04-24 07:38:39.543447.543447 cuda_h.py:27] end sllm_worker_task cost 11.183 ms
DEBUG 04-24 07:38:39.543594.543594 cuda_h.py:27] end restore_fused_tensors cost 0.630 ms
DEBUG 04-24 07:38:39.543249.543249 cuda_h.py:27] end group_fused_tensors_mp cost 0.967 ms
DEBUG 04-24 07:38:39.543437.543437 cuda_h.py:27] end restore_fused_tensors cost 0.679 ms
DEBUG 04-24 07:38:39.543234.543234 cuda_h.py:27] end group_fused_tensors_mp cost 0.804 ms
DEBUG 04-24 07:38:39.543157.543157 cuda_h.py:27] end load_into_gpu_async_fused_experts_dual cost 4.584 ms
DEBUG 04-24 07:38:39.544711.544711 cuda_h.py:27] end restore_tensors2_fused_experts_packed cost 0.094 ms
DEBUG 04-24 07:38:39.544947.544947 cuda_h.py:27] end restore_tensors2_fused_experts_slices cost 0.536 ms
DEBUG 04-24 07:38:39.545452.545452 cuda_h.py:27] end allocate_experts_cuda_memory_and_restore_model_multi_device_fused cost 8.234 ms
DEBUG 04-24 07:38:39.545437.545437 cuda_h.py:27] end gpu_sexperts cost 0.012 ms
DEBUG 04-24 07:38:39.545990.545990 cuda_h.py:27] end wait_load_qkvogn_s_weight cost 0.044 ms
DEBUG 04-24 07:38:39.566789.566789 mlpmodule.py:3373] [fused_group_bmm][steps] bmm1=13.002 ms split=0.236 ms act_mul=0.624 ms bmm2=10.041 ms
DEBUG 04-24 07:38:39.566361.566361 cuda_h.py:27] end fused_group_bmm cost 24.216 ms
DEBUG 04-24 07:38:39.566618.566618 cuda_h.py:27] end gather_outputs_group_fused_mp cost 0.465 ms
DEBUG 04-24 07:38:39.567636.567636 cuda_h.py:27] end cpu_experts_worker_bmm_or_einsum cost 30.006 ms
DEBUG 04-24 07:38:39.567721.567721 mlpmodule.py:3373] [fused_group_bmm][steps] bmm1=14.455 ms split=0.145 ms act_mul=0.639 ms bmm2=8.597 ms
DEBUG 04-24 07:38:39.567315.567315 cuda_h.py:27] end fused_group_bmm cost 24.028 ms
DEBUG 04-24 07:38:39.567908.567908 mlpmodule.py:3373] [fused_group_bmm][steps] bmm1=16.134 ms split=0.105 ms act_mul=0.806 ms bmm2=6.531 ms
DEBUG 04-24 07:38:39.567083.567083 cuda_h.py:27] end fused_group_bmm cost 23.866 ms
DEBUG 04-24 07:38:39.568584.568584 cuda_h.py:27] end gather_outputs_group_fused_mp cost 0.360 ms
DEBUG 04-24 07:38:39.568299.568299 cuda_h.py:27] end gather_outputs_group_fused_mp cost 0.399 ms
DEBUG 04-24 07:38:39.568134.568134 cuda_h.py:27] end cpu_experts_worker_bmm_or_einsum cost 30.144 ms
DEBUG 04-24 07:38:39.568294.568294 cuda_h.py:27] end cpu_experts_worker_bmm_or_einsum cost 30.538 ms
DEBUG 04-24 07:38:39.570888.570888 cuda_h.py:27] end wait_experts_multi_device cost 1.273 ms
DEBUG 04-24 07:38:39.575031.575031 cuda_h.py:27] end gpu_experts_multi_device_fused cost 4.958 ms
DEBUG 04-24 07:38:39.577160.577160 cuda_h.py:27] end cpu_thread_manager_mp_wait_fused cost 1.406 ms
DEBUG 04-24 07:38:39.577064.577064 cuda_h.py:27] end layer_moe_generate_mp_multi_device_fused_l_21 cost 42.314 ms
DEBUG 04-24 07:38:39.580370.580370 cuda_h.py:27] end *mlp cost 45.313 ms
DEBUG 04-24 07:38:39.580016.580016 cuda_h.py:27] end prefill_layer cost 48.508 ms
DEBUG 04-24 07:38:39.580520.580520 lmp.py:320] -------------------------------- end prefill layer 20 --------------------------------
DEBUG 04-24 07:38:39.580991.580991 lmp.py:273] -------------------------------- start prefill layer 21 --------------------------------
DEBUG 04-24 07:38:39.580050.580050 cuda_h.py:27] end start_load_qkvogn_s_weight_l_22 cost 0.042 ms
DEBUG 04-24 07:38:39.581121.581121 cuda_h.py:27] end allocate_cuda_memory cost 0.219 ms
DEBUG 04-24 07:38:39.581822.581822 sllm_store_c.py:27] get device uuid map
DEBUG 04-24 07:38:39.581390.581390 sllm_store_c.py:29] call client load into gpu
DEBUG 04-24 07:38:39.582582.582582 cuda_h.py:27] end load_into_gpu_async cost 1.332 ms
DEBUG 04-24 07:38:39.582852.582852 cuda_h.py:27] end restore_tensors2 cost 0.093 ms
DEBUG 04-24 07:38:39.582199.582199 cuda_h.py:27] end allocate_cuda_memory_and_load_into_gpu cost 2.021 ms
DEBUG 04-24 07:38:39.583059.583059 cuda_h.py:27] end **self_attn cost 1.845 ms
DEBUG 04-24 07:38:39.583287.583287 cuda_h.py:27] end *iln_self_attn_paln cost 2.960 ms
DEBUG 04-24 07:38:39.584293.584293 cuda_h.py:27] end gate cost 0.497 ms
DEBUG 04-24 07:38:39.584080.584080 cuda_h.py:27] end experts_map_get cost 0.286 ms
DEBUG 04-24 07:38:39.584055.584055 cuda_h.py:27] end **before experts start cost 0.929 ms
DEBUG 04-24 07:38:39.585020.585020 cuda_h.py:27] end cpu_experts_submit_fused_mp cost 0.144 ms
DEBUG 04-24 07:38:39.588099.588099 sllm_store_c.py:27] get device uuid map
DEBUG 04-24 07:38:39.588579.588579 sllm_store_c.py:29] call client load into gpu
DEBUG 04-24 07:38:39.588073.588073 cuda_h.py:27] end prepare_group_stack cost 0.540 ms
DEBUG 04-24 07:38:39.590137.590137 cuda_h.py:27] end group stack cost 1.207 ms
DEBUG 04-24 07:38:39.590083.590083 cuda_h.py:27] end prepare_group_stack cost 0.802 ms
DEBUG 04-24 07:38:39.590190.590190 cuda_h.py:27] end prepare_group_stack cost 0.784 ms
DEBUG 04-24 07:38:39.590590.590590 cuda_h.py:27] end move_flatidxs_group_fused_mp cost 1.959 ms
DEBUG 04-24 07:38:39.590949.590949 cuda_h.py:27] end get_fused_experts_names_w cost 0.017 ms
DEBUG 04-24 07:38:39.591831.591831 cuda_h.py:27] end restore_fused_tensors cost 0.516 ms
DEBUG 04-24 07:38:39.591290.591290 cuda_h.py:27] end group_fused_tensors_mp cost 0.728 ms
DEBUG 04-24 07:38:39.591528.591528 cuda_h.py:27] end group stack cost 1.122 ms
DEBUG 04-24 07:38:39.591910.591910 cuda_h.py:27] end move_flatidxs_group_fused_mp cost 2.165 ms
DEBUG 04-24 07:38:39.591036.591036 cuda_h.py:27] end get_fused_experts_names_w cost 0.018 ms
DEBUG 04-24 07:38:39.591150.591150 cuda_h.py:27] end group stack cost 1.292 ms
DEBUG 04-24 07:38:39.591572.591572 cuda_h.py:27] end move_flatidxs_group_fused_mp cost 2.521 ms
DEBUG 04-24 07:38:39.591893.591893 cuda_h.py:27] end get_fused_experts_names_w cost 0.019 ms
DEBUG 04-24 07:38:39.592411.592411 cuda_h.py:27] end restore2model cost 0.849 ms
DEBUG 04-24 07:38:39.592353.592353 cuda_h.py:27] end restore_fused_tensors cost 0.612 ms
DEBUG 04-24 07:38:39.592527.592527 cuda_h.py:27] end group_fused_tensors_mp cost 0.839 ms
DEBUG 04-24 07:38:39.592837.592837 cuda_h.py:27] end restore_fused_tensors cost 0.601 ms
DEBUG 04-24 07:38:39.592231.592231 cuda_h.py:27] end load_into_gpu_async_fused_experts_dual cost 4.340 ms
DEBUG 04-24 07:38:39.592948.592948 cuda_h.py:27] end group_fused_tensors_mp cost 0.870 ms
DEBUG 04-24 07:38:39.592597.592597 cuda_h.py:27] end sllm_worker_task cost 11.722 ms
DEBUG 04-24 07:38:39.592634.592634 cuda_h.py:27] end restore_tensors2_fused_experts_packed cost 0.089 ms
DEBUG 04-24 07:38:39.593420.593420 cuda_h.py:27] end restore_tensors2_fused_experts_slices cost 0.484 ms
DEBUG 04-24 07:38:39.593849.593849 cuda_h.py:27] end allocate_experts_cuda_memory_and_restore_model_multi_device_fused cost 8.136 ms
DEBUG 04-24 07:38:39.594496.594496 cuda_h.py:27] end gpu_sexperts cost 0.010 ms
DEBUG 04-24 07:38:39.594302.594302 cuda_h.py:27] end wait_load_qkvogn_s_weight cost 0.070 ms
DEBUG 04-24 07:38:39.614223.614223 mlpmodule.py:3373] [fused_group_bmm][steps] bmm1=13.840 ms split=0.258 ms act_mul=0.956 ms bmm2=8.118 ms
DEBUG 04-24 07:38:39.614509.614509 cuda_h.py:27] end fused_group_bmm cost 23.449 ms
DEBUG 04-24 07:38:39.615102.615102 cuda_h.py:27] end gather_outputs_group_fused_mp cost 0.459 ms
DEBUG 04-24 07:38:39.615050.615050 cuda_h.py:27] end cpu_experts_worker_bmm_or_einsum cost 28.510 ms
DEBUG 04-24 07:38:39.619492.619492 mlpmodule.py:3373] [fused_group_bmm][steps] bmm1=21.026 ms split=0.121 ms act_mul=0.657 ms bmm2=4.414 ms
DEBUG 04-24 07:38:39.619798.619798 cuda_h.py:27] end fused_group_bmm cost 26.462 ms
DEBUG 04-24 07:38:39.620580.620580 cuda_h.py:27] end wait_experts_multi_device cost 1.591 ms
DEBUG 04-24 07:38:39.620992.620992 cuda_h.py:27] end gather_outputs_group_fused_mp cost 0.535 ms
DEBUG 04-24 07:38:39.620402.620402 mlpmodule.py:3373] [fused_group_bmm][steps] bmm1=22.022 ms split=0.083 ms act_mul=1.289 ms bmm2=4.584 ms
DEBUG 04-24 07:38:39.620850.620850 cuda_h.py:27] end fused_group_bmm cost 28.152 ms
DEBUG 04-24 07:38:39.620627.620627 cuda_h.py:27] end cpu_experts_worker_bmm_or_einsum cost 33.501 ms
DEBUG 04-24 07:38:39.621658.621658 cuda_h.py:27] end gather_outputs_group_fused_mp cost 0.400 ms
DEBUG 04-24 07:38:39.621599.621599 cuda_h.py:27] end cpu_experts_worker_bmm_or_einsum cost 34.489 ms
DEBUG 04-24 07:38:39.625524.625524 cuda_h.py:27] end gpu_experts_multi_device_fused cost 4.741 ms
DEBUG 04-24 07:38:39.626763.626763 cuda_h.py:27] end cpu_thread_manager_mp_wait_fused cost 1.314 ms
DEBUG 04-24 07:38:39.626382.626382 cuda_h.py:27] end layer_moe_generate_mp_multi_device_fused_l_22 cost 42.740 ms
DEBUG 04-24 07:38:39.630664.630664 cuda_h.py:27] end *mlp cost 46.213 ms
DEBUG 04-24 07:38:39.630786.630786 cuda_h.py:27] end prefill_layer cost 49.461 ms
DEBUG 04-24 07:38:39.630350.630350 lmp.py:320] -------------------------------- end prefill layer 21 --------------------------------
DEBUG 04-24 07:38:39.630669.630669 lmp.py:273] -------------------------------- start prefill layer 22 --------------------------------
DEBUG 04-24 07:38:39.630248.630248 cuda_h.py:27] end start_load_qkvogn_s_weight_l_23 cost 0.042 ms
DEBUG 04-24 07:38:39.630068.630068 cuda_h.py:27] end allocate_cuda_memory cost 0.249 ms
DEBUG 04-24 07:38:39.630014.630014 sllm_store_c.py:27] get device uuid map
DEBUG 04-24 07:38:39.630005.630005 sllm_store_c.py:29] call client load into gpu
DEBUG 04-24 07:38:39.632108.632108 cuda_h.py:27] end load_into_gpu_async cost 1.438 ms
DEBUG 04-24 07:38:39.632459.632459 cuda_h.py:27] end restore_tensors2 cost 0.112 ms
DEBUG 04-24 07:38:39.632642.632642 cuda_h.py:27] end allocate_cuda_memory_and_load_into_gpu cost 2.237 ms
DEBUG 04-24 07:38:39.632979.632979 cuda_h.py:27] end **self_attn cost 1.648 ms
DEBUG 04-24 07:38:39.633821.633821 cuda_h.py:27] end *iln_self_attn_paln cost 2.929 ms
DEBUG 04-24 07:38:39.633264.633264 cuda_h.py:27] end gate cost 0.505 ms
DEBUG 04-24 07:38:39.634581.634581 cuda_h.py:27] end experts_map_get cost 0.289 ms
DEBUG 04-24 07:38:39.634987.634987 cuda_h.py:27] end **before experts start cost 0.942 ms
DEBUG 04-24 07:38:39.634045.634045 cuda_h.py:27] end cpu_experts_submit_fused_mp cost 0.121 ms
DEBUG 04-24 07:38:39.637715.637715 sllm_store_c.py:27] get device uuid map
DEBUG 04-24 07:38:39.637069.637069 sllm_store_c.py:29] call client load into gpu
DEBUG 04-24 07:38:39.638733.638733 cuda_h.py:27] end prepare_group_stack cost 0.572 ms
DEBUG 04-24 07:38:39.638251.638251 cuda_h.py:27] end prepare_group_stack cost 0.606 ms
DEBUG 04-24 07:38:39.638210.638210 cuda_h.py:27] end prepare_group_stack cost 0.567 ms
DEBUG 04-24 07:38:39.639489.639489 cuda_h.py:27] end group stack cost 1.334 ms
DEBUG 04-24 07:38:39.639579.639579 cuda_h.py:27] end move_flatidxs_group_fused_mp cost 2.152 ms
DEBUG 04-24 07:38:39.639791.639791 cuda_h.py:27] end group stack cost 1.164 ms
DEBUG 04-24 07:38:39.640357.640357 cuda_h.py:27] end get_fused_experts_names_w cost 0.017 ms
DEBUG 04-24 07:38:39.640715.640715 cuda_h.py:27] end move_flatidxs_group_fused_mp cost 2.411 ms
DEBUG 04-24 07:38:39.640611.640611 cuda_h.py:27] end group stack cost 1.231 ms
DEBUG 04-24 07:38:39.640131.640131 cuda_h.py:27] end get_fused_experts_names_w cost 0.017 ms
DEBUG 04-24 07:38:39.640728.640728 cuda_h.py:27] end move_flatidxs_group_fused_mp cost 2.025 ms
DEBUG 04-24 07:38:39.640017.640017 cuda_h.py:27] end get_fused_experts_names_w cost 0.018 ms
DEBUG 04-24 07:38:39.640440.640440 cuda_h.py:27] end restore_fused_tensors cost 0.531 ms
DEBUG 04-24 07:38:39.640873.640873 cuda_h.py:27] end group_fused_tensors_mp cost 0.787 ms
DEBUG 04-24 07:38:39.641735.641735 cuda_h.py:27] end restore_fused_tensors cost 0.482 ms
DEBUG 04-24 07:38:39.641575.641575 cuda_h.py:27] end group_fused_tensors_mp cost 0.803 ms
DEBUG 04-24 07:38:39.641144.641144 cuda_h.py:27] end restore_fused_tensors cost 0.480 ms
DEBUG 04-24 07:38:39.641938.641938 cuda_h.py:27] end group_fused_tensors_mp cost 0.805 ms
DEBUG 04-24 07:38:39.646102.646102 cuda_h.py:27] end restore2model cost 1.873 ms
DEBUG 04-24 07:38:39.647941.647941 cuda_h.py:27] end sllm_worker_task cost 16.870 ms
DEBUG 04-24 07:38:39.647951.647951 cuda_h.py:27] end load_into_gpu_async_fused_experts_dual cost 10.370 ms
DEBUG 04-24 07:38:39.647934.647934 cuda_h.py:27] end restore_tensors2_fused_experts_packed cost 0.167 ms
DEBUG 04-24 07:38:39.648353.648353 cuda_h.py:27] end restore_tensors2_fused_experts_slices cost 0.505 ms
DEBUG 04-24 07:38:39.648783.648783 cuda_h.py:27] end allocate_experts_cuda_memory_and_restore_model_multi_device_fused cost 13.885 ms
DEBUG 04-24 07:38:39.648358.648358 cuda_h.py:27] end gpu_sexperts cost 0.008 ms
DEBUG 04-24 07:38:39.649836.649836 cuda_h.py:27] end wait_load_qkvogn_s_weight cost 0.029 ms
DEBUG 04-24 07:38:39.662938.662938 mlpmodule.py:3373] [fused_group_bmm][steps] bmm1=11.268 ms split=0.082 ms act_mul=0.442 ms bmm2=9.013 ms
DEBUG 04-24 07:38:39.662168.662168 cuda_h.py:27] end fused_group_bmm cost 21.198 ms
DEBUG 04-24 07:38:39.663425.663425 cuda_h.py:27] end gather_outputs_group_fused_mp cost 0.521 ms
DEBUG 04-24 07:38:39.663548.663548 mlpmodule.py:3373] [fused_group_bmm][steps] bmm1=11.637 ms split=0.081 ms act_mul=0.828 ms bmm2=9.485 ms
DEBUG 04-24 07:38:39.663349.663349 cuda_h.py:27] end fused_group_bmm cost 22.232 ms
DEBUG 04-24 07:38:39.663490.663490 cuda_h.py:27] end gather_outputs_group_fused_mp cost 0.388 ms
DEBUG 04-24 07:38:39.664049.664049 cuda_h.py:27] end cpu_experts_worker_bmm_or_einsum cost 26.880 ms
DEBUG 04-24 07:38:39.664326.664326 cuda_h.py:27] end cpu_experts_worker_bmm_or_einsum cost 28.359 ms
DEBUG 04-24 07:38:39.664960.664960 mlpmodule.py:3373] [fused_group_bmm][steps] bmm1=11.860 ms split=0.072 ms act_mul=0.416 ms bmm2=10.708 ms
DEBUG 04-24 07:38:39.664967.664967 cuda_h.py:27] end fused_group_bmm cost 23.295 ms
DEBUG 04-24 07:38:39.665912.665912 cuda_h.py:27] end gather_outputs_group_fused_mp cost 0.361 ms
DEBUG 04-24 07:38:39.665748.665748 cuda_h.py:27] end cpu_experts_worker_bmm_or_einsum cost 29.391 ms
DEBUG 04-24 07:38:39.670637.670637 cuda_h.py:27] end wait_experts_multi_device cost 1.228 ms
DEBUG 04-24 07:38:39.674944.674944 cuda_h.py:27] end gpu_experts_multi_device_fused cost 4.343 ms
DEBUG 04-24 07:38:39.676792.676792 cuda_h.py:27] end cpu_thread_manager_mp_wait_fused cost 1.691 ms
DEBUG 04-24 07:38:39.676657.676657 cuda_h.py:27] end layer_moe_generate_mp_multi_device_fused_l_23 cost 43.288 ms
DEBUG 04-24 07:38:39.679074.679074 cuda_h.py:27] end *mlp cost 46.263 ms
DEBUG 04-24 07:38:39.679342.679342 cuda_h.py:27] end prefill_layer cost 49.371 ms
DEBUG 04-24 07:38:39.679668.679668 lmp.py:320] -------------------------------- end prefill layer 22 --------------------------------
DEBUG 04-24 07:38:39.679271.679271 lmp.py:273] -------------------------------- start prefill layer 23 --------------------------------
DEBUG 04-24 07:38:39.679155.679155 cuda_h.py:27] end start_load_qkvogn_s_weight_l_24 cost 0.039 ms
DEBUG 04-24 07:38:39.680612.680612 cuda_h.py:27] end allocate_cuda_memory cost 0.262 ms
DEBUG 04-24 07:38:39.680538.680538 sllm_store_c.py:27] get device uuid map
DEBUG 04-24 07:38:39.680569.680569 sllm_store_c.py:29] call client load into gpu
DEBUG 04-24 07:38:39.681980.681980 cuda_h.py:27] end load_into_gpu_async cost 1.728 ms
DEBUG 04-24 07:38:39.682575.682575 cuda_h.py:27] end restore_tensors2 cost 0.092 ms
DEBUG 04-24 07:38:39.682964.682964 cuda_h.py:27] end **self_attn cost 1.612 ms
DEBUG 04-24 07:38:39.682490.682490 cuda_h.py:27] end allocate_cuda_memory_and_load_into_gpu cost 2.609 ms
DEBUG 04-24 07:38:39.682446.682446 cuda_h.py:27] end *iln_self_attn_paln cost 3.209 ms
DEBUG 04-24 07:38:39.683705.683705 cuda_h.py:27] end gate cost 0.500 ms
DEBUG 04-24 07:38:39.686990.686990 cuda_h.py:27] end experts_map_get cost 2.478 ms
DEBUG 04-24 07:38:39.686965.686965 cuda_h.py:27] end **before experts start cost 3.130 ms
DEBUG 04-24 07:38:39.686692.686692 cuda_h.py:27] end cpu_experts_submit_fused_mp cost 0.123 ms
DEBUG 04-24 07:38:39.688931.688931 sllm_store_c.py:27] get device uuid map
DEBUG 04-24 07:38:39.688114.688114 sllm_store_c.py:29] call client load into gpu
DEBUG 04-24 07:38:39.689779.689779 cuda_h.py:27] end prepare_group_stack cost 0.642 ms
DEBUG 04-24 07:38:39.689134.689134 cuda_h.py:27] end prepare_group_stack cost 0.661 ms
DEBUG 04-24 07:38:39.690660.690660 cuda_h.py:27] end prepare_group_stack cost 0.895 ms
DEBUG 04-24 07:38:39.690103.690103 cuda_h.py:27] end restore2model cost 0.877 ms
DEBUG 04-24 07:38:39.691131.691131 cuda_h.py:27] end group stack cost 1.302 ms
DEBUG 04-24 07:38:39.691499.691499 cuda_h.py:27] end move_flatidxs_group_fused_mp cost 2.190 ms
DEBUG 04-24 07:38:39.691525.691525 cuda_h.py:27] end load_into_gpu_async_fused_experts_dual cost 2.507 ms
DEBUG 04-24 07:38:39.691284.691284 cuda_h.py:27] end group stack cost 1.290 ms
DEBUG 04-24 07:38:39.691313.691313 cuda_h.py:27] end get_fused_experts_names_w cost 0.016 ms
DEBUG 04-24 07:38:39.691367.691367 cuda_h.py:27] end move_flatidxs_group_fused_mp cost 2.304 ms
DEBUG 04-24 07:38:39.691831.691831 cuda_h.py:27] end sllm_worker_task cost 11.392 ms
DEBUG 04-24 07:38:39.691670.691670 cuda_h.py:27] end get_fused_experts_names_w cost 0.019 ms
DEBUG 04-24 07:38:39.691646.691646 cuda_h.py:27] end restore_tensors2_fused_experts_packed cost 0.063 ms
DEBUG 04-24 07:38:39.691304.691304 cuda_h.py:27] end group stack cost 1.661 ms
DEBUG 04-24 07:38:39.691461.691461 cuda_h.py:27] end move_flatidxs_group_fused_mp cost 2.876 ms
DEBUG 04-24 07:38:39.692447.692447 cuda_h.py:27] end get_fused_experts_names_w cost 0.021 ms
DEBUG 04-24 07:38:39.692790.692790 cuda_h.py:27] end restore_tensors2_fused_experts_slices cost 0.346 ms
DEBUG 04-24 07:38:39.692873.692873 cuda_h.py:27] end restore_fused_tensors cost 0.737 ms
DEBUG 04-24 07:38:39.692725.692725 cuda_h.py:27] end group_fused_tensors_mp cost 1.059 ms
DEBUG 04-24 07:38:39.692368.692368 cuda_h.py:27] end allocate_experts_cuda_memory_and_restore_model_multi_device_fused cost 5.475 ms
DEBUG 04-24 07:38:39.692661.692661 cuda_h.py:27] end restore_fused_tensors cost 0.647 ms
DEBUG 04-24 07:38:39.692315.692315 cuda_h.py:27] end group_fused_tensors_mp cost 1.094 ms
DEBUG 04-24 07:38:39.692931.692931 cuda_h.py:27] end gpu_sexperts cost 0.004 ms
DEBUG 04-24 07:38:39.692884.692884 cuda_h.py:27] end wait_load_qkvogn_s_weight cost 0.016 ms
DEBUG 04-24 07:38:39.693350.693350 cuda_h.py:27] end restore_fused_tensors cost 0.696 ms
DEBUG 04-24 07:38:39.693525.693525 cuda_h.py:27] end group_fused_tensors_mp cost 0.994 ms
DEBUG 04-24 07:38:39.717871.717871 mlpmodule.py:3373] [fused_group_bmm][steps] bmm1=18.386 ms split=0.153 ms act_mul=0.655 ms bmm2=5.050 ms
DEBUG 04-24 07:38:39.717447.717447 cuda_h.py:27] end fused_group_bmm cost 24.486 ms
DEBUG 04-24 07:38:39.717207.717207 cuda_h.py:27] end gather_outputs_group_fused_mp cost 0.476 ms
DEBUG 04-24 07:38:39.718165.718165 cuda_h.py:27] end cpu_experts_worker_bmm_or_einsum cost 29.823 ms
DEBUG 04-24 07:38:39.720209.720209 cuda_h.py:27] end wait_experts_multi_device cost 2.428 ms
DEBUG 04-24 07:38:39.721748.721748 mlpmodule.py:3373] [fused_group_bmm][steps] bmm1=22.435 ms split=0.092 ms act_mul=0.495 ms bmm2=5.145 ms
DEBUG 04-24 07:38:39.721634.721634 cuda_h.py:27] end fused_group_bmm cost 28.351 ms
DEBUG 04-24 07:38:39.721607.721607 mlpmodule.py:3373] [fused_group_bmm][steps] bmm1=23.379 ms split=0.075 ms act_mul=0.492 ms bmm2=5.065 ms
DEBUG 04-24 07:38:39.721005.721005 cuda_h.py:27] end fused_group_bmm cost 29.254 ms
DEBUG 04-24 07:38:39.722958.722958 cuda_h.py:27] end gather_outputs_group_fused_mp cost 0.409 ms
DEBUG 04-24 07:38:39.722824.722824 cuda_h.py:27] end gather_outputs_group_fused_mp cost 0.391 ms
DEBUG 04-24 07:38:39.722220.722220 cuda_h.py:27] end cpu_experts_worker_bmm_or_einsum cost 34.080 ms
DEBUG 04-24 07:38:39.722493.722493 cuda_h.py:27] end cpu_experts_worker_bmm_or_einsum cost 34.133 ms
DEBUG 04-24 07:38:39.725699.725699 cuda_h.py:27] end gpu_experts_multi_device_fused cost 4.644 ms
DEBUG 04-24 07:38:39.726520.726520 cuda_h.py:27] end cpu_thread_manager_mp_wait_fused cost 1.467 ms
DEBUG 04-24 07:38:39.727815.727815 cuda_h.py:27] end layer_moe_generate_mp_multi_device_fused_l_24 cost 44.134 ms
DEBUG 04-24 07:38:39.730085.730085 cuda_h.py:27] end *mlp cost 47.457 ms
DEBUG 04-24 07:38:39.730611.730611 cuda_h.py:27] end prefill_layer cost 50.881 ms
DEBUG 04-24 07:38:39.730651.730651 lmp.py:320] -------------------------------- end prefill layer 23 --------------------------------
DEBUG 04-24 07:38:39.730560.730560 lmp.py:273] -------------------------------- start prefill layer 24 --------------------------------
DEBUG 04-24 07:38:39.730477.730477 cuda_h.py:27] end start_load_qkvogn_s_weight_l_25 cost 0.042 ms
DEBUG 04-24 07:38:39.731846.731846 cuda_h.py:27] end allocate_cuda_memory cost 0.234 ms
DEBUG 04-24 07:38:39.731494.731494 sllm_store_c.py:27] get device uuid map
DEBUG 04-24 07:38:39.731338.731338 sllm_store_c.py:29] call client load into gpu
DEBUG 04-24 07:38:39.732574.732574 cuda_h.py:27] end load_into_gpu_async cost 1.603 ms
DEBUG 04-24 07:38:39.733652.733652 cuda_h.py:27] end restore_tensors2 cost 0.099 ms
DEBUG 04-24 07:38:39.733291.733291 cuda_h.py:27] end allocate_cuda_memory_and_load_into_gpu cost 2.302 ms
DEBUG 04-24 07:38:39.733719.733719 cuda_h.py:27] end **self_attn cost 1.785 ms
DEBUG 04-24 07:38:39.733049.733049 cuda_h.py:27] end *iln_self_attn_paln cost 2.893 ms
DEBUG 04-24 07:38:39.734413.734413 cuda_h.py:27] end gate cost 0.514 ms
DEBUG 04-24 07:38:39.734598.734598 cuda_h.py:27] end experts_map_get cost 0.298 ms
DEBUG 04-24 07:38:39.734573.734573 cuda_h.py:27] end **before experts start cost 0.958 ms
DEBUG 04-24 07:38:39.734897.734897 cuda_h.py:27] end cpu_experts_submit_fused_mp cost 0.137 ms
DEBUG 04-24 07:38:39.737878.737878 sllm_store_c.py:27] get device uuid map
DEBUG 04-24 07:38:39.737100.737100 sllm_store_c.py:29] call client load into gpu
DEBUG 04-24 07:38:39.739030.739030 cuda_h.py:27] end prepare_group_stack cost 0.593 ms
DEBUG 04-24 07:38:39.739462.739462 cuda_h.py:27] end prepare_group_stack cost 0.583 ms
DEBUG 04-24 07:38:39.740236.740236 cuda_h.py:27] end prepare_group_stack cost 0.592 ms
DEBUG 04-24 07:38:39.740607.740607 cuda_h.py:27] end group stack cost 1.310 ms
DEBUG 04-24 07:38:39.740994.740994 cuda_h.py:27] end group stack cost 1.363 ms
DEBUG 04-24 07:38:39.740028.740028 cuda_h.py:27] end move_flatidxs_group_fused_mp cost 2.128 ms
DEBUG 04-24 07:38:39.740530.740530 cuda_h.py:27] end get_fused_experts_names_w cost 0.017 ms
DEBUG 04-24 07:38:39.740476.740476 cuda_h.py:27] end move_flatidxs_group_fused_mp cost 2.228 ms
DEBUG 04-24 07:38:39.741514.741514 cuda_h.py:27] end get_fused_experts_names_w cost 0.018 ms
DEBUG 04-24 07:38:39.741142.741142 cuda_h.py:27] end group stack cost 1.241 ms
DEBUG 04-24 07:38:39.741647.741647 cuda_h.py:27] end restore2model cost 0.620 ms
DEBUG 04-24 07:38:39.741039.741039 cuda_h.py:27] end move_flatidxs_group_fused_mp cost 2.048 ms
DEBUG 04-24 07:38:39.741113.741113 cuda_h.py:27] end sllm_worker_task cost 10.636 ms
DEBUG 04-24 07:38:39.741582.741582 cuda_h.py:27] end restore_fused_tensors cost 0.669 ms
DEBUG 04-24 07:38:39.741274.741274 cuda_h.py:27] end get_fused_experts_names_w cost 0.018 ms
DEBUG 04-24 07:38:39.741320.741320 cuda_h.py:27] end group_fused_tensors_mp cost 0.884 ms
DEBUG 04-24 07:38:39.741187.741187 cuda_h.py:27] end restore_fused_tensors cost 0.596 ms
DEBUG 04-24 07:38:39.741097.741097 cuda_h.py:27] end load_into_gpu_async_fused_experts_dual cost 4.162 ms
DEBUG 04-24 07:38:39.741690.741690 cuda_h.py:27] end group_fused_tensors_mp cost 0.918 ms
DEBUG 04-24 07:38:39.742255.742255 cuda_h.py:27] end restore_tensors2_fused_experts_packed cost 0.061 ms
DEBUG 04-24 07:38:39.742861.742861 cuda_h.py:27] end restore_fused_tensors cost 0.569 ms
DEBUG 04-24 07:38:39.742734.742734 cuda_h.py:27] end restore_tensors2_fused_experts_slices cost 0.369 ms
DEBUG 04-24 07:38:39.742512.742512 cuda_h.py:27] end group_fused_tensors_mp cost 0.794 ms
DEBUG 04-24 07:38:39.742043.742043 cuda_h.py:27] end allocate_experts_cuda_memory_and_restore_model_multi_device_fused cost 7.068 ms
DEBUG 04-24 07:38:39.742532.742532 cuda_h.py:27] end gpu_sexperts cost 0.004 ms
DEBUG 04-24 07:38:39.743196.743196 cuda_h.py:27] end wait_load_qkvogn_s_weight cost 0.053 ms
DEBUG 04-24 07:38:39.766687.766687 mlpmodule.py:3373] [fused_group_bmm][steps] bmm1=16.039 ms split=0.082 ms act_mul=0.410 ms bmm2=7.645 ms
DEBUG 04-24 07:38:39.766397.766397 cuda_h.py:27] end fused_group_bmm cost 24.450 ms
DEBUG 04-24 07:38:39.766412.766412 mlpmodule.py:3373] [fused_group_bmm][steps] bmm1=16.252 ms split=0.069 ms act_mul=0.426 ms bmm2=7.901 ms
DEBUG 04-24 07:38:39.767346.767346 cuda_h.py:27] end gather_outputs_group_fused_mp cost 0.403 ms
DEBUG 04-24 07:38:39.767441.767441 cuda_h.py:27] end fused_group_bmm cost 25.143 ms
DEBUG 04-24 07:38:39.767356.767356 cuda_h.py:27] end cpu_experts_worker_bmm_or_einsum cost 30.927 ms
DEBUG 04-24 07:38:39.767991.767991 mlpmodule.py:3373] [fused_group_bmm][steps] bmm1=15.976 ms split=0.081 ms act_mul=0.402 ms bmm2=8.418 ms
DEBUG 04-24 07:38:39.767646.767646 cuda_h.py:27] end gather_outputs_group_fused_mp cost 0.407 ms
DEBUG 04-24 07:38:39.767718.767718 cuda_h.py:27] end fused_group_bmm cost 25.262 ms
DEBUG 04-24 07:38:39.768379.768379 cuda_h.py:27] end cpu_experts_worker_bmm_or_einsum cost 31.689 ms
DEBUG 04-24 07:38:39.768155.768155 cuda_h.py:27] end gather_outputs_group_fused_mp cost 0.393 ms
DEBUG 04-24 07:38:39.769617.769617 cuda_h.py:27] end cpu_experts_worker_bmm_or_einsum cost 31.474 ms
DEBUG 04-24 07:38:39.769690.769690 cuda_h.py:27] end wait_experts_multi_device cost 1.138 ms
DEBUG 04-24 07:38:39.774417.774417 cuda_h.py:27] end gpu_experts_multi_device_fused cost 5.386 ms
DEBUG 04-24 07:38:39.776613.776613 cuda_h.py:27] end cpu_thread_manager_mp_wait_fused cost 1.420 ms
DEBUG 04-24 07:38:39.776140.776140 cuda_h.py:27] end layer_moe_generate_mp_multi_device_fused_l_25 cost 42.806 ms
DEBUG 04-24 07:38:39.779368.779368 cuda_h.py:27] end *mlp cost 45.467 ms
DEBUG 04-24 07:38:39.779875.779875 cuda_h.py:27] end prefill_layer cost 48.544 ms
DEBUG 04-24 07:38:39.779962.779962 lmp.py:320] -------------------------------- end prefill layer 24 --------------------------------
DEBUG 04-24 07:38:39.779147.779147 lmp.py:273] -------------------------------- start prefill layer 25 --------------------------------
DEBUG 04-24 07:38:39.779992.779992 cuda_h.py:27] end start_load_qkvogn_s_weight_l_26 cost 0.056 ms
DEBUG 04-24 07:38:39.779167.779167 cuda_h.py:27] end allocate_cuda_memory cost 0.201 ms
DEBUG 04-24 07:38:39.780398.780398 sllm_store_c.py:27] get device uuid map
DEBUG 04-24 07:38:39.780289.780289 sllm_store_c.py:29] call client load into gpu
DEBUG 04-24 07:38:39.781698.781698 cuda_h.py:27] end load_into_gpu_async cost 1.624 ms
DEBUG 04-24 07:38:39.781749.781749 cuda_h.py:27] end restore_tensors2 cost 0.085 ms
DEBUG 04-24 07:38:39.781824.781824 cuda_h.py:27] end **self_attn cost 1.621 ms
DEBUG 04-24 07:38:39.781063.781063 cuda_h.py:27] end allocate_cuda_memory_and_load_into_gpu cost 2.280 ms
DEBUG 04-24 07:38:39.782767.782767 cuda_h.py:27] end *iln_self_attn_paln cost 2.846 ms
DEBUG 04-24 07:38:39.782786.782786 cuda_h.py:27] end gate cost 0.505 ms
DEBUG 04-24 07:38:39.783090.783090 cuda_h.py:27] end experts_map_get cost 0.281 ms
DEBUG 04-24 07:38:39.783350.783350 cuda_h.py:27] end **before experts start cost 0.931 ms
DEBUG 04-24 07:38:39.783448.783448 cuda_h.py:27] end cpu_experts_submit_fused_mp cost 0.150 ms
DEBUG 04-24 07:38:39.786550.786550 sllm_store_c.py:27] get device uuid map
DEBUG 04-24 07:38:39.786626.786626 sllm_store_c.py:29] call client load into gpu
DEBUG 04-24 07:38:39.788527.788527 cuda_h.py:27] end prepare_group_stack cost 0.693 ms
DEBUG 04-24 07:38:39.788977.788977 cuda_h.py:27] end prepare_group_stack cost 0.932 ms
DEBUG 04-24 07:38:39.788255.788255 cuda_h.py:27] end prepare_group_stack cost 0.953 ms
DEBUG 04-24 07:38:39.789786.789786 cuda_h.py:27] end group stack cost 1.102 ms
DEBUG 04-24 07:38:39.789716.789716 cuda_h.py:27] end move_flatidxs_group_fused_mp cost 2.022 ms
DEBUG 04-24 07:38:39.789748.789748 cuda_h.py:27] end get_fused_experts_names_w cost 0.017 ms
DEBUG 04-24 07:38:39.789662.789662 cuda_h.py:27] end group stack cost 1.436 ms
DEBUG 04-24 07:38:39.790324.790324 cuda_h.py:27] end move_flatidxs_group_fused_mp cost 2.821 ms
DEBUG 04-24 07:38:39.790485.790485 cuda_h.py:27] end group stack cost 1.675 ms
DEBUG 04-24 07:38:39.790317.790317 cuda_h.py:27] end get_fused_experts_names_w cost 0.022 ms
DEBUG 04-24 07:38:39.790351.790351 cuda_h.py:27] end move_flatidxs_group_fused_mp cost 3.046 ms
DEBUG 04-24 07:38:39.790739.790739 cuda_h.py:27] end restore_fused_tensors cost 0.530 ms
DEBUG 04-24 07:38:39.790755.790755 cuda_h.py:27] end group_fused_tensors_mp cost 0.796 ms
DEBUG 04-24 07:38:39.790629.790629 cuda_h.py:27] end get_fused_experts_names_w cost 0.019 ms
DEBUG 04-24 07:38:39.791395.791395 cuda_h.py:27] end restore2model cost 0.633 ms
DEBUG 04-24 07:38:39.791020.791020 cuda_h.py:27] end sllm_worker_task cost 11.489 ms
DEBUG 04-24 07:38:39.791744.791744 cuda_h.py:27] end restore_fused_tensors cost 0.675 ms
DEBUG 04-24 07:38:39.791827.791827 cuda_h.py:27] end group_fused_tensors_mp cost 1.033 ms
DEBUG 04-24 07:38:39.791379.791379 cuda_h.py:27] end restore_fused_tensors cost 0.699 ms
DEBUG 04-24 07:38:39.791667.791667 cuda_h.py:27] end group_fused_tensors_mp cost 0.963 ms
DEBUG 04-24 07:38:39.791745.791745 cuda_h.py:27] end load_into_gpu_async_fused_experts_dual cost 5.233 ms
DEBUG 04-24 07:38:39.791587.791587 cuda_h.py:27] end restore_tensors2_fused_experts_packed cost 0.147 ms
DEBUG 04-24 07:38:39.792230.792230 cuda_h.py:27] end restore_tensors2_fused_experts_slices cost 0.509 ms
DEBUG 04-24 07:38:39.792508.792508 cuda_h.py:27] end allocate_experts_cuda_memory_and_restore_model_multi_device_fused cost 8.403 ms
DEBUG 04-24 07:38:39.793446.793446 cuda_h.py:27] end gpu_sexperts cost 0.018 ms
DEBUG 04-24 07:38:39.793980.793980 cuda_h.py:27] end wait_load_qkvogn_s_weight cost 0.058 ms
DEBUG 04-24 07:38:39.813627.813627 mlpmodule.py:3373] [fused_group_bmm][steps] bmm1=14.054 ms split=0.199 ms act_mul=0.505 ms bmm2=7.906 ms
DEBUG 04-24 07:38:39.813013.813013 cuda_h.py:27] end fused_group_bmm cost 22.953 ms
DEBUG 04-24 07:38:39.814993.814993 cuda_h.py:27] end gather_outputs_group_fused_mp cost 0.532 ms
DEBUG 04-24 07:38:39.814814.814814 mlpmodule.py:3373] [fused_group_bmm][steps] bmm1=14.760 ms split=0.066 ms act_mul=0.896 ms bmm2=7.145 ms
DEBUG 04-24 07:38:39.814001.814001 cuda_h.py:27] end fused_group_bmm cost 23.138 ms
DEBUG 04-24 07:38:39.814053.814053 mlpmodule.py:3373] [fused_group_bmm][steps] bmm1=14.545 ms split=0.062 ms act_mul=0.540 ms bmm2=7.696 ms
DEBUG 04-24 07:38:39.814857.814857 cuda_h.py:27] end cpu_experts_worker_bmm_or_einsum cost 28.419 ms
DEBUG 04-24 07:38:39.814009.814009 cuda_h.py:27] end fused_group_bmm cost 23.148 ms
DEBUG 04-24 07:38:39.815652.815652 cuda_h.py:27] end gather_outputs_group_fused_mp cost 0.427 ms
DEBUG 04-24 07:38:39.815140.815140 cuda_h.py:27] end gather_outputs_group_fused_mp cost 0.368 ms
DEBUG 04-24 07:38:39.815161.815161 cuda_h.py:27] end cpu_experts_worker_bmm_or_einsum cost 30.188 ms
DEBUG 04-24 07:38:39.815918.815918 cuda_h.py:27] end cpu_experts_worker_bmm_or_einsum cost 30.658 ms
DEBUG 04-24 07:38:39.818805.818805 cuda_h.py:27] end wait_experts_multi_device cost 1.161 ms
DEBUG 04-24 07:38:39.823507.823507 cuda_h.py:27] end gpu_experts_multi_device_fused cost 4.457 ms
DEBUG 04-24 07:38:39.824419.824419 cuda_h.py:27] end cpu_thread_manager_mp_wait_fused cost 1.417 ms
DEBUG 04-24 07:38:39.824753.824753 cuda_h.py:27] end layer_moe_generate_mp_multi_device_fused_l_26 cost 42.448 ms
DEBUG 04-24 07:38:39.828605.828605 cuda_h.py:27] end *mlp cost 45.744 ms
DEBUG 04-24 07:38:39.828834.828834 cuda_h.py:27] end prefill_layer cost 48.783 ms
DEBUG 04-24 07:38:39.828823.828823 lmp.py:320] -------------------------------- end prefill layer 25 --------------------------------
DEBUG 04-24 07:38:39.828625.828625 lmp.py:273] -------------------------------- start prefill layer 26 --------------------------------
DEBUG 04-24 07:38:39.828353.828353 cuda_h.py:27] end start_load_qkvogn_s_weight_l_27 cost 0.041 ms
DEBUG 04-24 07:38:39.829536.829536 cuda_h.py:27] end allocate_cuda_memory cost 0.217 ms
DEBUG 04-24 07:38:39.829217.829217 sllm_store_c.py:27] get device uuid map
DEBUG 04-24 07:38:39.829803.829803 sllm_store_c.py:29] call client load into gpu
DEBUG 04-24 07:38:39.830682.830682 cuda_h.py:27] end load_into_gpu_async cost 1.639 ms
DEBUG 04-24 07:38:39.831767.831767 cuda_h.py:27] end restore_tensors2 cost 0.096 ms
DEBUG 04-24 07:38:39.831685.831685 cuda_h.py:27] end **self_attn cost 1.510 ms
DEBUG 04-24 07:38:39.831849.831849 cuda_h.py:27] end allocate_cuda_memory_and_load_into_gpu cost 2.489 ms
DEBUG 04-24 07:38:39.831016.831016 cuda_h.py:27] end *iln_self_attn_paln cost 3.028 ms
DEBUG 04-24 07:38:39.832142.832142 cuda_h.py:27] end gate cost 0.508 ms
DEBUG 04-24 07:38:39.832744.832744 cuda_h.py:27] end experts_map_get cost 0.289 ms
DEBUG 04-24 07:38:39.832719.832719 cuda_h.py:27] end **before experts start cost 0.943 ms
DEBUG 04-24 07:38:39.832029.832029 cuda_h.py:27] end cpu_experts_submit_fused_mp cost 0.129 ms
DEBUG 04-24 07:38:39.835589.835589 sllm_store_c.py:27] get device uuid map
DEBUG 04-24 07:38:39.835612.835612 sllm_store_c.py:29] call client load into gpu
DEBUG 04-24 07:38:39.837421.837421 cuda_h.py:27] end prepare_group_stack cost 0.542 ms
DEBUG 04-24 07:38:39.837707.837707 cuda_h.py:27] end prepare_group_stack cost 0.537 ms
DEBUG 04-24 07:38:39.838397.838397 cuda_h.py:27] end prepare_group_stack cost 0.558 ms
DEBUG 04-24 07:38:39.838421.838421 cuda_h.py:27] end group stack cost 1.072 ms
DEBUG 04-24 07:38:39.838597.838597 cuda_h.py:27] end move_flatidxs_group_fused_mp cost 1.808 ms
DEBUG 04-24 07:38:39.838590.838590 cuda_h.py:27] end get_fused_experts_names_w cost 0.017 ms
DEBUG 04-24 07:38:39.838098.838098 cuda_h.py:27] end group stack cost 1.531 ms
DEBUG 04-24 07:38:39.839128.839128 cuda_h.py:27] end move_flatidxs_group_fused_mp cost 2.277 ms
DEBUG 04-24 07:38:39.839583.839583 cuda_h.py:27] end get_fused_experts_names_w cost 0.018 ms
DEBUG 04-24 07:38:39.839699.839699 cuda_h.py:27] end restore_fused_tensors cost 0.513 ms
DEBUG 04-24 07:38:39.839382.839382 cuda_h.py:27] end restore2model cost 0.767 ms
DEBUG 04-24 07:38:39.839390.839390 cuda_h.py:27] end group_fused_tensors_mp cost 0.750 ms
DEBUG 04-24 07:38:39.839962.839962 cuda_h.py:27] end sllm_worker_task cost 10.748 ms
DEBUG 04-24 07:38:39.839188.839188 cuda_h.py:27] end group stack cost 1.570 ms
DEBUG 04-24 07:38:39.839669.839669 cuda_h.py:27] end load_into_gpu_async_fused_experts_dual cost 4.181 ms
DEBUG 04-24 07:38:39.839284.839284 cuda_h.py:27] end move_flatidxs_group_fused_mp cost 2.357 ms
DEBUG 04-24 07:38:39.840718.840718 cuda_h.py:27] end get_fused_experts_names_w cost 0.020 ms
DEBUG 04-24 07:38:39.840574.840574 cuda_h.py:27] end restore_tensors2_fused_experts_packed cost 0.060 ms
DEBUG 04-24 07:38:39.840470.840470 cuda_h.py:27] end restore_fused_tensors cost 0.815 ms
DEBUG 04-24 07:38:39.840521.840521 cuda_h.py:27] end group_fused_tensors_mp cost 1.134 ms
DEBUG 04-24 07:38:39.840317.840317 cuda_h.py:27] end restore_tensors2_fused_experts_slices cost 0.347 ms
DEBUG 04-24 07:38:39.840811.840811 cuda_h.py:27] end allocate_experts_cuda_memory_and_restore_model_multi_device_fused cost 7.091 ms
DEBUG 04-24 07:38:39.840261.840261 cuda_h.py:27] end gpu_sexperts cost 0.008 ms
DEBUG 04-24 07:38:39.841030.841030 cuda_h.py:27] end restore_fused_tensors cost 0.867 ms
DEBUG 04-24 07:38:39.841105.841105 cuda_h.py:27] end wait_load_qkvogn_s_weight cost 0.034 ms
DEBUG 04-24 07:38:39.841761.841761 cuda_h.py:27] end group_fused_tensors_mp cost 1.279 ms
DEBUG 04-24 07:38:39.862918.862918 mlpmodule.py:3373] [fused_group_bmm][steps] bmm1=11.922 ms split=0.070 ms act_mul=1.579 ms bmm2=8.309 ms
DEBUG 04-24 07:38:39.862862.862862 cuda_h.py:27] end fused_group_bmm cost 22.228 ms
DEBUG 04-24 07:38:39.862801.862801 mlpmodule.py:3373] [fused_group_bmm][steps] bmm1=12.461 ms split=0.114 ms act_mul=1.173 ms bmm2=9.045 ms
DEBUG 04-24 07:38:39.863108.863108 cuda_h.py:27] end fused_group_bmm cost 23.295 ms
DEBUG 04-24 07:38:39.863401.863401 cuda_h.py:27] end gather_outputs_group_fused_mp cost 0.635 ms
DEBUG 04-24 07:38:39.863995.863995 cuda_h.py:27] end gather_outputs_group_fused_mp cost 0.438 ms
DEBUG 04-24 07:38:39.863339.863339 cuda_h.py:27] end cpu_experts_worker_bmm_or_einsum cost 29.247 ms
DEBUG 04-24 07:38:39.864739.864739 cuda_h.py:27] end cpu_experts_worker_bmm_or_einsum cost 29.433 ms
DEBUG 04-24 07:38:39.864484.864484 mlpmodule.py:3373] [fused_group_bmm][steps] bmm1=11.265 ms split=0.070 ms act_mul=0.472 ms bmm2=10.634 ms
DEBUG 04-24 07:38:39.864238.864238 cuda_h.py:27] end fused_group_bmm cost 22.637 ms
DEBUG 04-24 07:38:39.864092.864092 cuda_h.py:27] end gather_outputs_group_fused_mp cost 0.423 ms
DEBUG 04-24 07:38:39.865317.865317 cuda_h.py:27] end cpu_experts_worker_bmm_or_einsum cost 29.359 ms
DEBUG 04-24 07:38:39.867875.867875 cuda_h.py:27] end wait_experts_multi_device cost 2.793 ms
DEBUG 04-24 07:38:39.873286.873286 cuda_h.py:27] end gpu_experts_multi_device_fused cost 5.643 ms
DEBUG 04-24 07:38:39.875576.875576 cuda_h.py:27] end cpu_thread_manager_mp_wait_fused cost 1.449 ms
DEBUG 04-24 07:38:39.875010.875010 cuda_h.py:27] end layer_moe_generate_mp_multi_device_fused_l_27 cost 43.255 ms
DEBUG 04-24 07:38:39.877320.877320 cuda_h.py:27] end *mlp cost 45.800 ms
DEBUG 04-24 07:38:39.877032.877032 cuda_h.py:27] end prefill_layer cost 49.139 ms
DEBUG 04-24 07:38:39.878074.878074 lmp.py:320] -------------------------------- end prefill layer 26 --------------------------------
DEBUG 04-24 07:38:39.878033.878033 lmp.py:273] -------------------------------- start prefill layer 27 --------------------------------
DEBUG 04-24 07:38:39.878665.878665 cuda_h.py:27] end start_load_qkvogn_s_weight_l_28 cost 0.043 ms
DEBUG 04-24 07:38:39.878597.878597 cuda_h.py:27] end allocate_cuda_memory cost 0.199 ms
DEBUG 04-24 07:38:39.878668.878668 sllm_store_c.py:27] get device uuid map
DEBUG 04-24 07:38:39.878130.878130 sllm_store_c.py:29] call client load into gpu
DEBUG 04-24 07:38:39.880743.880743 cuda_h.py:27] end load_into_gpu_async cost 1.422 ms
DEBUG 04-24 07:38:39.880708.880708 cuda_h.py:27] end restore_tensors2 cost 0.091 ms
DEBUG 04-24 07:38:39.880936.880936 cuda_h.py:27] end allocate_cuda_memory_and_load_into_gpu cost 2.079 ms
DEBUG 04-24 07:38:39.880538.880538 cuda_h.py:27] end **self_attn cost 1.625 ms
DEBUG 04-24 07:38:39.881513.881513 cuda_h.py:27] end *iln_self_attn_paln cost 2.818 ms
DEBUG 04-24 07:38:39.881618.881618 cuda_h.py:27] end gate cost 0.502 ms
DEBUG 04-24 07:38:39.881928.881928 cuda_h.py:27] end experts_map_get cost 0.287 ms
DEBUG 04-24 07:38:39.882281.882281 cuda_h.py:27] end **before experts start cost 0.931 ms
DEBUG 04-24 07:38:39.882564.882564 cuda_h.py:27] end cpu_experts_submit_fused_mp cost 0.113 ms
DEBUG 04-24 07:38:39.884682.884682 sllm_store_c.py:27] get device uuid map
DEBUG 04-24 07:38:39.884818.884818 sllm_store_c.py:29] call client load into gpu
DEBUG 04-24 07:38:39.886839.886839 cuda_h.py:27] end prepare_group_stack cost 0.556 ms
DEBUG 04-24 07:38:39.887434.887434 cuda_h.py:27] end prepare_group_stack cost 0.914 ms
DEBUG 04-24 07:38:39.887487.887487 cuda_h.py:27] end prepare_group_stack cost 0.873 ms
DEBUG 04-24 07:38:39.888985.888985 cuda_h.py:27] end group stack cost 1.493 ms
DEBUG 04-24 07:38:39.888253.888253 cuda_h.py:27] end move_flatidxs_group_fused_mp cost 2.250 ms
DEBUG 04-24 07:38:39.888156.888156 cuda_h.py:27] end get_fused_experts_names_w cost 0.017 ms
DEBUG 04-24 07:38:39.888199.888199 cuda_h.py:27] end group stack cost 1.376 ms
DEBUG 04-24 07:38:39.888078.888078 cuda_h.py:27] end move_flatidxs_group_fused_mp cost 2.575 ms
DEBUG 04-24 07:38:39.888170.888170 cuda_h.py:27] end get_fused_experts_names_w cost 0.017 ms
DEBUG 04-24 07:38:39.889671.889671 cuda_h.py:27] end restore_fused_tensors cost 0.548 ms
DEBUG 04-24 07:38:39.889244.889244 cuda_h.py:27] end group stack cost 1.717 ms
DEBUG 04-24 07:38:39.889820.889820 cuda_h.py:27] end restore2model cost 1.016 ms
DEBUG 04-24 07:38:39.889250.889250 cuda_h.py:27] end group_fused_tensors_mp cost 0.823 ms
DEBUG 04-24 07:38:39.889482.889482 cuda_h.py:27] end move_flatidxs_group_fused_mp cost 2.934 ms
DEBUG 04-24 07:38:39.889468.889468 cuda_h.py:27] end load_into_gpu_async_fused_experts_dual cost 4.474 ms
DEBUG 04-24 07:38:39.889243.889243 cuda_h.py:27] end get_fused_experts_names_w cost 0.019 ms
DEBUG 04-24 07:38:39.889635.889635 cuda_h.py:27] end sllm_worker_task cost 10.877 ms
DEBUG 04-24 07:38:39.889656.889656 cuda_h.py:27] end restore_tensors2_fused_experts_packed cost 0.060 ms
DEBUG 04-24 07:38:39.889453.889453 cuda_h.py:27] end restore_fused_tensors cost 0.550 ms
DEBUG 04-24 07:38:39.889612.889612 cuda_h.py:27] end group_fused_tensors_mp cost 0.941 ms
DEBUG 04-24 07:38:39.890537.890537 cuda_h.py:27] end restore_tensors2_fused_experts_slices cost 0.328 ms
DEBUG 04-24 07:38:39.890983.890983 cuda_h.py:27] end restore_fused_tensors cost 0.555 ms
DEBUG 04-24 07:38:39.890481.890481 cuda_h.py:27] end group_fused_tensors_mp cost 0.794 ms
DEBUG 04-24 07:38:39.890170.890170 cuda_h.py:27] end allocate_experts_cuda_memory_and_restore_model_multi_device_fused cost 7.400 ms
DEBUG 04-24 07:38:39.890739.890739 cuda_h.py:27] end gpu_sexperts cost 0.008 ms
DEBUG 04-24 07:38:39.890846.890846 cuda_h.py:27] end wait_load_qkvogn_s_weight cost 0.022 ms
DEBUG 04-24 07:38:39.921580.921580 cuda_h.py:27] end wait_experts_multi_device cost 2.762 ms
DEBUG 04-24 07:38:39.921475.921475 mlpmodule.py:3373] [fused_group_bmm][steps] bmm1=26.087 ms split=0.097 ms act_mul=0.560 ms bmm2=4.423 ms
DEBUG 04-24 07:38:39.921192.921192 cuda_h.py:27] end fused_group_bmm cost 31.444 ms
DEBUG 04-24 07:38:39.922937.922937 mlpmodule.py:3373] [fused_group_bmm][steps] bmm1=26.900 ms split=0.078 ms act_mul=0.542 ms bmm2=5.182 ms
DEBUG 04-24 07:38:39.922698.922698 cuda_h.py:27] end fused_group_bmm cost 32.898 ms
DEBUG 04-24 07:38:39.922240.922240 cuda_h.py:27] end gather_outputs_group_fused_mp cost 0.482 ms
DEBUG 04-24 07:38:39.923628.923628 cuda_h.py:27] end gather_outputs_group_fused_mp cost 0.504 ms
DEBUG 04-24 07:38:39.923990.923990 cuda_h.py:27] end cpu_experts_worker_bmm_or_einsum cost 38.353 ms
DEBUG 04-24 07:38:39.923131.923131 cuda_h.py:27] end cpu_experts_worker_bmm_or_einsum cost 38.741 ms
DEBUG 04-24 07:38:39.926941.926941 cuda_h.py:27] end gpu_experts_multi_device_fused cost 5.238 ms
DEBUG 04-24 07:38:39.927267.927267 mlpmodule.py:3373] [fused_group_bmm][steps] bmm1=31.553 ms split=0.083 ms act_mul=0.459 ms bmm2=5.339 ms
DEBUG 04-24 07:38:39.927173.927173 cuda_h.py:27] end fused_group_bmm cost 37.635 ms
DEBUG 04-24 07:38:39.928423.928423 cuda_h.py:27] end gather_outputs_group_fused_mp cost 0.357 ms
DEBUG 04-24 07:38:39.928542.928542 cuda_h.py:27] end cpu_experts_worker_bmm_or_einsum cost 43.821 ms
DEBUG 04-24 07:38:39.929850.929850 cuda_h.py:27] end cpu_thread_manager_mp_wait_fused cost 2.704 ms
DEBUG 04-24 07:38:39.929682.929682 cuda_h.py:27] end layer_moe_generate_mp_multi_device_fused_l_28 cost 48.520 ms
DEBUG 04-24 07:38:39.932481.932481 cuda_h.py:27] end *mlp cost 51.002 ms
DEBUG 04-24 07:38:39.932728.932728 cuda_h.py:27] end prefill_layer cost 53.988 ms
DEBUG 04-24 07:38:39.932577.932577 lmp.py:320] -------------------------------- end prefill layer 27 --------------------------------
DEBUG 04-24 07:38:39.932998.932998 lmp.py:273] -------------------------------- start prefill layer 28 --------------------------------
DEBUG 04-24 07:38:39.932422.932422 cuda_h.py:27] end start_load_qkvogn_s_weight_l_29 cost 0.045 ms
DEBUG 04-24 07:38:39.933482.933482 cuda_h.py:27] end allocate_cuda_memory cost 0.286 ms
DEBUG 04-24 07:38:39.933752.933752 sllm_store_c.py:27] get device uuid map
DEBUG 04-24 07:38:39.933441.933441 sllm_store_c.py:29] call client load into gpu
DEBUG 04-24 07:38:39.935997.935997 cuda_h.py:27] end load_into_gpu_async cost 1.759 ms
DEBUG 04-24 07:38:39.935505.935505 cuda_h.py:27] end restore_tensors2 cost 0.098 ms
DEBUG 04-24 07:38:39.935911.935911 cuda_h.py:27] end **self_attn cost 1.714 ms
DEBUG 04-24 07:38:39.935393.935393 cuda_h.py:27] end allocate_cuda_memory_and_load_into_gpu cost 2.624 ms
DEBUG 04-24 07:38:39.935071.935071 cuda_h.py:27] end *iln_self_attn_paln cost 3.197 ms
DEBUG 04-24 07:38:39.936971.936971 cuda_h.py:27] end gate cost 0.521 ms
DEBUG 04-24 07:38:39.936534.936534 cuda_h.py:27] end experts_map_get cost 0.294 ms
DEBUG 04-24 07:38:39.936509.936509 cuda_h.py:27] end **before experts start cost 0.961 ms
DEBUG 04-24 07:38:39.937051.937051 cuda_h.py:27] end cpu_experts_submit_fused_mp cost 0.126 ms
DEBUG 04-24 07:38:39.939950.939950 sllm_store_c.py:27] get device uuid map
DEBUG 04-24 07:38:39.939955.939955 sllm_store_c.py:29] call client load into gpu
DEBUG 04-24 07:38:39.941714.941714 cuda_h.py:27] end prepare_group_stack cost 0.704 ms
DEBUG 04-24 07:38:39.941377.941377 cuda_h.py:27] end prepare_group_stack cost 0.791 ms
DEBUG 04-24 07:38:39.941242.941242 cuda_h.py:27] end prepare_group_stack cost 0.933 ms
DEBUG 04-24 07:38:39.942960.942960 cuda_h.py:27] end group stack cost 1.503 ms
DEBUG 04-24 07:38:39.942566.942566 cuda_h.py:27] end move_flatidxs_group_fused_mp cost 2.495 ms
DEBUG 04-24 07:38:39.943795.943795 cuda_h.py:27] end group stack cost 1.754 ms
DEBUG 04-24 07:38:39.943823.943823 cuda_h.py:27] end get_fused_experts_names_w cost 0.018 ms
DEBUG 04-24 07:38:39.943704.943704 cuda_h.py:27] end move_flatidxs_group_fused_mp cost 2.829 ms
DEBUG 04-24 07:38:39.943484.943484 cuda_h.py:27] end get_fused_experts_names_w cost 0.017 ms
DEBUG 04-24 07:38:39.943143.943143 cuda_h.py:27] end group stack cost 1.946 ms
DEBUG 04-24 07:38:39.943565.943565 cuda_h.py:27] end move_flatidxs_group_fused_mp cost 3.306 ms
DEBUG 04-24 07:38:39.943980.943980 cuda_h.py:27] end get_fused_experts_names_w cost 0.018 ms
DEBUG 04-24 07:38:39.944583.944583 cuda_h.py:27] end restore_fused_tensors cost 0.587 ms
DEBUG 04-24 07:38:39.944533.944533 cuda_h.py:27] end restore_fused_tensors cost 0.501 ms
DEBUG 04-24 07:38:39.944044.944044 cuda_h.py:27] end group_fused_tensors_mp cost 0.885 ms
DEBUG 04-24 07:38:39.944016.944016 cuda_h.py:27] end group_fused_tensors_mp cost 0.868 ms
DEBUG 04-24 07:38:39.944991.944991 cuda_h.py:27] end restore_fused_tensors cost 0.544 ms
DEBUG 04-24 07:38:39.944856.944856 cuda_h.py:27] end group_fused_tensors_mp cost 0.877 ms
DEBUG 04-24 07:38:39.947988.947988 cuda_h.py:27] end restore2model cost 1.680 ms
DEBUG 04-24 07:38:39.948054.948054 cuda_h.py:27] end sllm_worker_task cost 15.430 ms
DEBUG 04-24 07:38:39.948637.948637 cuda_h.py:27] end load_into_gpu_async_fused_experts_dual cost 9.011 ms
DEBUG 04-24 07:38:39.949516.949516 cuda_h.py:27] end restore_tensors2_fused_experts_packed cost 0.236 ms
DEBUG 04-24 07:38:39.950049.950049 cuda_h.py:27] end restore_tensors2_fused_experts_slices cost 0.667 ms
DEBUG 04-24 07:38:39.950251.950251 cuda_h.py:27] end allocate_experts_cuda_memory_and_restore_model_multi_device_fused cost 13.079 ms
DEBUG 04-24 07:38:39.951841.951841 cuda_h.py:27] end gpu_sexperts cost 0.012 ms
DEBUG 04-24 07:38:39.951193.951193 cuda_h.py:27] end wait_load_qkvogn_s_weight cost 0.044 ms
DEBUG 04-24 07:38:39.972714.972714 mlpmodule.py:3373] [fused_group_bmm][steps] bmm1=21.364 ms split=0.106 ms act_mul=0.702 ms bmm2=5.922 ms
DEBUG 04-24 07:38:39.972974.972974 cuda_h.py:27] end fused_group_bmm cost 28.386 ms
DEBUG 04-24 07:38:39.973261.973261 cuda_h.py:27] end gather_outputs_group_fused_mp cost 0.406 ms
DEBUG 04-24 07:38:39.973146.973146 cuda_h.py:27] end cpu_experts_worker_bmm_or_einsum cost 34.627 ms
DEBUG 04-24 07:38:39.974561.974561 mlpmodule.py:3373] [fused_group_bmm][steps] bmm1=22.373 ms split=0.085 ms act_mul=0.751 ms bmm2=6.355 ms
DEBUG 04-24 07:38:39.974884.974884 cuda_h.py:27] end fused_group_bmm cost 29.754 ms
DEBUG 04-24 07:38:39.974353.974353 mlpmodule.py:3373] [fused_group_bmm][steps] bmm1=23.205 ms split=0.087 ms act_mul=0.564 ms bmm2=6.285 ms
DEBUG 04-24 07:38:39.974846.974846 cuda_h.py:27] end fused_group_bmm cost 30.458 ms
DEBUG 04-24 07:38:39.975018.975018 cuda_h.py:27] end gather_outputs_group_fused_mp cost 0.394 ms
DEBUG 04-24 07:38:39.975990.975990 cuda_h.py:27] end cpu_experts_worker_bmm_or_einsum cost 36.138 ms
DEBUG 04-24 07:38:39.975175.975175 cuda_h.py:27] end gather_outputs_group_fused_mp cost 0.362 ms
DEBUG 04-24 07:38:39.975608.975608 cuda_h.py:27] end cpu_experts_worker_bmm_or_einsum cost 36.621 ms
DEBUG 04-24 07:38:39.975576.975576 cuda_h.py:27] end wait_experts_multi_device cost 1.209 ms
DEBUG 04-24 07:38:39.981169.981169 cuda_h.py:27] end gpu_experts_multi_device_fused cost 5.296 ms
DEBUG 04-24 07:38:39.983713.983713 cuda_h.py:27] end cpu_thread_manager_mp_wait_fused cost 1.686 ms
DEBUG 04-24 07:38:39.983737.983737 cuda_h.py:27] end layer_moe_generate_mp_multi_device_fused_l_29 cost 47.510 ms
DEBUG 04-24 07:38:39.986154.986154 cuda_h.py:27] end *mlp cost 50.098 ms
DEBUG 04-24 07:38:39.986170.986170 cuda_h.py:27] end prefill_layer cost 53.602 ms
DEBUG 04-24 07:38:39.986549.986549 lmp.py:320] -------------------------------- end prefill layer 28 --------------------------------
DEBUG 04-24 07:38:39.986977.986977 lmp.py:273] -------------------------------- start prefill layer 29 --------------------------------
DEBUG 04-24 07:38:39.988609.988609 cuda_h.py:27] end **self_attn cost 1.766 ms
DEBUG 04-24 07:38:39.988281.988281 cuda_h.py:27] end *iln_self_attn_paln cost 2.325 ms
DEBUG 04-24 07:38:39.989236.989236 cuda_h.py:27] end gate cost 0.559 ms
DEBUG 04-24 07:38:39.992684.992684 cuda_h.py:27] end experts_map_get cost 2.587 ms
DEBUG 04-24 07:38:39.992281.992281 cuda_h.py:27] end **before experts start cost 3.308 ms
DEBUG 04-24 07:38:39.992260.992260 cuda_h.py:27] end cpu_experts_submit_fused_mp cost 0.132 ms
DEBUG 04-24 07:38:39.998626.998626 cuda_h.py:27] end prepare_group_stack cost 0.664 ms
DEBUG 04-24 07:38:39.998236.998236 cuda_h.py:27] end prepare_group_stack cost 0.636 ms
DEBUG 04-24 07:38:39.998064.998064 cuda_h.py:27] end prepare_group_stack cost 0.513 ms
DEBUG 04-24 07:38:39.998813.998813 sllm_store_c.py:27] get device uuid map
DEBUG 04-24 07:38:39.998373.998373 sllm_store_c.py:29] call client load into gpu
DEBUG 04-24 07:38:39.999807.999807 cuda_h.py:27] end group stack cost 1.382 ms
DEBUG 04-24 07:38:40.000658.000658 cuda_h.py:27] end move_flatidxs_group_fused_mp cost 2.254 ms
DEBUG 04-24 07:38:40.000957.000957 cuda_h.py:27] end group stack cost 1.685 ms
DEBUG 04-24 07:38:40.000501.000501 cuda_h.py:27] end group stack cost 1.660 ms
DEBUG 04-24 07:38:40.000970.000970 cuda_h.py:27] end get_fused_experts_names_w cost 0.019 ms
DEBUG 04-24 07:38:40.000520.000520 cuda_h.py:27] end move_flatidxs_group_fused_mp cost 2.616 ms
DEBUG 04-24 07:38:40.000024.000024 cuda_h.py:27] end move_flatidxs_group_fused_mp cost 2.507 ms
DEBUG 04-24 07:38:40.000427.000427 cuda_h.py:27] end get_fused_experts_names_w cost 0.017 ms
DEBUG 04-24 07:38:40.000871.000871 cuda_h.py:27] end get_fused_experts_names_w cost 0.021 ms
DEBUG 04-24 07:38:40.001634.001634 cuda_h.py:27] end load_into_gpu_async_fused_experts_dual cost 2.364 ms
DEBUG 04-24 07:38:40.001711.001711 cuda_h.py:27] end restore_tensors2_fused_experts_packed cost 0.065 ms
DEBUG 04-24 07:38:40.001221.001221 cuda_h.py:27] end restore_fused_tensors cost 0.611 ms
DEBUG 04-24 07:38:40.001352.001352 cuda_h.py:27] end restore_fused_tensors cost 0.617 ms
DEBUG 04-24 07:38:40.001764.001764 cuda_h.py:27] end restore_fused_tensors cost 0.665 ms
DEBUG 04-24 07:38:40.001741.001741 cuda_h.py:27] end group_fused_tensors_mp cost 1.081 ms
DEBUG 04-24 07:38:40.001516.001516 cuda_h.py:27] end group_fused_tensors_mp cost 0.894 ms
DEBUG 04-24 07:38:40.001013.001013 cuda_h.py:27] end group_fused_tensors_mp cost 0.899 ms
DEBUG 04-24 07:38:40.001081.001081 cuda_h.py:27] end restore_tensors2_fused_experts_slices cost 0.298 ms
DEBUG 04-24 07:38:40.001627.001627 cuda_h.py:27] end allocate_experts_cuda_memory_and_restore_model_multi_device_fused cost 8.972 ms
DEBUG 04-24 07:38:40.002606.002606 cuda_h.py:27] end gpu_sexperts cost 0.004 ms
DEBUG 04-24 07:38:40.018294.018294 mlpmodule.py:3373] [fused_group_bmm][steps] bmm1=10.721 ms split=0.072 ms act_mul=0.397 ms bmm2=5.452 ms
DEBUG 04-24 07:38:40.018090.018090 cuda_h.py:27] end fused_group_bmm cost 16.915 ms
DEBUG 04-24 07:38:40.018865.018865 mlpmodule.py:3373] [fused_group_bmm][steps] bmm1=10.848 ms split=0.070 ms act_mul=0.443 ms bmm2=5.767 ms
DEBUG 04-24 07:38:40.019364.019364 cuda_h.py:27] end fused_group_bmm cost 17.411 ms
DEBUG 04-24 07:38:40.019650.019650 cuda_h.py:27] end gather_outputs_group_fused_mp cost 0.478 ms
DEBUG 04-24 07:38:40.019153.019153 cuda_h.py:27] end cpu_experts_worker_bmm_or_einsum cost 22.129 ms
DEBUG 04-24 07:38:40.019309.019309 cuda_h.py:27] end gather_outputs_group_fused_mp cost 0.580 ms
DEBUG 04-24 07:38:40.020782.020782 mlpmodule.py:3373] [fused_group_bmm][steps] bmm1=10.901 ms split=0.078 ms act_mul=1.151 ms bmm2=6.657 ms
DEBUG 04-24 07:38:40.020807.020807 cuda_h.py:27] end fused_group_bmm cost 18.969 ms
DEBUG 04-24 07:38:40.020549.020549 cuda_h.py:27] end cpu_experts_worker_bmm_or_einsum cost 23.239 ms
DEBUG 04-24 07:38:40.021281.021281 cuda_h.py:27] end gather_outputs_group_fused_mp cost 0.395 ms
DEBUG 04-24 07:38:40.021426.021426 cuda_h.py:27] end cpu_experts_worker_bmm_or_einsum cost 24.257 ms
DEBUG 04-24 07:38:40.203932.203932 cuda_h.py:27] end wait_experts_multi_device cost 190.317 ms
DEBUG 04-24 07:38:40.213223.213223 cuda_h.py:27] end gpu_experts_multi_device_fused cost 9.290 ms
DEBUG 04-24 07:38:40.215825.215825 cuda_h.py:27] end cpu_thread_manager_mp_wait_fused cost 2.194 ms
DEBUG 04-24 07:38:40.215665.215665 cuda_h.py:27] end layer_moe_generate_mp_multi_device_fused_l_30 cost 226.968 ms
DEBUG 04-24 07:38:40.217803.217803 cuda_h.py:27] end *mlp cost 228.120 ms
DEBUG 04-24 07:38:40.217470.217470 cuda_h.py:27] end prefill_layer cost 230.695 ms
DEBUG 04-24 07:38:40.217875.217875 lmp.py:320] -------------------------------- end prefill layer 29 --------------------------------
DEBUG 04-24 07:38:40.217528.217528 cuda_h.py:27] end prefill cost 2038.092 ms
INFO 04-24 07:38:40.217966.217966 lmp.py:322] prefill time: 2.038297414779663 seconds
