here pin
INFO 04-24 11:10:42.355205.355205 pinpool.py:28] Initializing PinnedMemoryPool with 2GB total, allocating in 1024MB chunks...
INFO 04-24 11:10:42.908647.908647 pinpool.py:40] Allocated chunk 1: 536870912 elements (1024.0 MB)
INFO 04-24 11:10:43.352028.352028 pinpool.py:40] Allocated chunk 2: 536870912 elements (1024.0 MB)
INFO 04-24 11:10:43.353896.353896 pinpool.py:52] Successfully allocated 2 chunks, total 1073741824 elements (2048.0 MB) in 0.998s
Warming up 4 GPU(s)...
GPU 0 warmed up
GPU 1 warmed up
GPU 2 warmed up
GPU 3 warmed up
GPU warmup completed
Warming up 4 GPU(s)...
GPU 0 warmed up
GPU 1 warmed up
GPU 2 warmed up
GPU 3 warmed up
GPU warmup completed
Warming up 4 GPU(s)...
GPU 0 warmed up
GPU 1 warmed up
GPU 2 warmed up
GPU 3 warmed up
GPU warmup completed
DEBUG 04-24 11:10:49.957529.957529 cuda_memory_view.py:1180] 
DEBUG 04-24 11:10:49.957529.957529 cuda_memory_view.py:1180] restore_tensors_from_shared_memory_names time: 0.003143310546875
DEBUG 04-24 11:10:49.962976.962976 mlpmodule.py:929] restore_hm_state_dict2model loaded 150 expert tensors for Gemma4 model
DEBUG 04-24 11:10:49.962111.962111 cuda_h.py:27] end init_cmv_hmv cost 616.322 ms
here pin
INFO 04-24 11:10:51.414288.414288 pinpool.py:28] Initializing PinnedMemoryPool with 2GB total, allocating in 1024MB chunks...
here pin
INFO 04-24 11:10:51.415931.415931 pinpool.py:28] Initializing PinnedMemoryPool with 2GB total, allocating in 1024MB chunks...
here pin
INFO 04-24 11:10:51.415532.415532 pinpool.py:28] Initializing PinnedMemoryPool with 2GB total, allocating in 1024MB chunks...
here pin
INFO 04-24 11:10:51.428377.428377 pinpool.py:28] Initializing PinnedMemoryPool with 2GB total, allocating in 1024MB chunks...
INFO 04-24 11:10:52.135387.135387 pinpool.py:40] Allocated chunk 1: 536870912 elements (1024.0 MB)
INFO 04-24 11:10:52.136622.136622 pinpool.py:40] Allocated chunk 1: 536870912 elements (1024.0 MB)
INFO 04-24 11:10:52.136912.136912 pinpool.py:40] Allocated chunk 1: 536870912 elements (1024.0 MB)
INFO 04-24 11:10:52.137925.137925 pinpool.py:40] Allocated chunk 1: 536870912 elements (1024.0 MB)
INFO 04-24 11:10:52.668558.668558 pinpool.py:40] Allocated chunk 2: 536870912 elements (1024.0 MB)
INFO 04-24 11:10:52.669029.669029 pinpool.py:52] Successfully allocated 2 chunks, total 1073741824 elements (2048.0 MB) in 1.255s
INFO 04-24 11:10:52.909145.909145 pinpool.py:40] Allocated chunk 2: 536870912 elements (1024.0 MB)
INFO 04-24 11:10:52.909748.909748 pinpool.py:40] Allocated chunk 2: 536870912 elements (1024.0 MB)
INFO 04-24 11:10:52.909694.909694 pinpool.py:52] Successfully allocated 2 chunks, total 1073741824 elements (2048.0 MB) in 1.495s
INFO 04-24 11:10:52.909231.909231 pinpool.py:52] Successfully allocated 2 chunks, total 1073741824 elements (2048.0 MB) in 1.481s
INFO 04-24 11:10:52.909071.909071 pinpool.py:40] Allocated chunk 2: 536870912 elements (1024.0 MB)
INFO 04-24 11:10:52.910382.910382 pinpool.py:52] Successfully allocated 2 chunks, total 1073741824 elements (2048.0 MB) in 1.495s
[cpu_experts_worker pid=568202] worker_id=2/4 entered (model_path='gemma4-26B-A4B' type='Gemma4') sched_getaffinity=[96, 97, 98, 99, 100, 101, 102, 103, 104, 105, 106, 107, 108, 109, 110, 111, 112, 113, 114, 115, 116, 117, 118, 119, 120, 121, 122, 123, 124, 125, 126, 127, 128, 129, 130, 131, 132, 133, 134, 135, 136, 137, 138, 139, 140, 141, 142, 143]
DEBUG 04-24 11:10:57.783033.783033 cpu_thread_manager_mp.py:394] 初始化
[cpu_experts_worker pid=568201] worker_id=1/4 entered (model_path='gemma4-26B-A4B' type='Gemma4') sched_getaffinity=[48, 49, 50, 51, 52, 53, 54, 55, 56, 57, 58, 59, 60, 61, 62, 63, 64, 65, 66, 67, 68, 69, 70, 71, 72, 73, 74, 75, 76, 77, 78, 79, 80, 81, 82, 83, 84, 85, 86, 87, 88, 89, 90, 91, 92, 93, 94, 95]
DEBUG 04-24 11:10:57.783412.783412 cpu_thread_manager_mp.py:394] 初始化
[cpu_experts_worker pid=568200] worker_id=0/4 entered (model_path='gemma4-26B-A4B' type='Gemma4') sched_getaffinity=[0, 1, 2, 3, 4, 5, 6, 7, 8, 9, 10, 11, 12, 13, 14, 15, 16, 17, 18, 19, 20, 21, 22, 23, 24, 25, 26, 27, 28, 29, 30, 31, 32, 33, 34, 35, 36, 37, 38, 39, 40, 41, 42, 43, 44, 45, 46, 47]
DEBUG 04-24 11:10:57.791838.791838 cpu_thread_manager_mp.py:394] 初始化
[cpu_experts_worker pid=568203] worker_id=3/4 entered (model_path='gemma4-26B-A4B' type='Gemma4') sched_getaffinity=[144, 145, 146, 147, 148, 149, 150, 151, 152, 153, 154, 155, 156, 157, 158, 159, 160, 161, 162, 163, 164, 165, 166, 167, 168, 169, 170, 171, 172, 173, 174, 175, 176, 177, 178, 179, 180, 181, 182, 183, 184, 185, 186, 187, 188, 189, 190, 191]
DEBUG 04-24 11:10:57.796553.796553 cpu_thread_manager_mp.py:394] 初始化
DEBUG 04-24 11:10:57.837931.837931 cpu_thread_manager_mp.py:400] CPU experts MP worker: torch.set_num_threads(32) (LMP_MP_CPU_INTRAOP_THREADS / OMP_NUM_THREADS / default cap 32)
[cpu_experts_worker pid=568201] torch.set_num_threads(32) done
[cpu_experts_worker pid=568201] importing MLPModuleWrapper / HostMemoryView ...
[cpu_experts_worker pid=568201] imports done
[cpu_experts_worker pid=568201] MLPModuleWrapper(...) ...
[cpu_experts_worker pid=568201] init_chmv_meta_model(...) ...
DEBUG 04-24 11:10:57.855379.855379 cpu_thread_manager_mp.py:400] CPU experts MP worker: torch.set_num_threads(32) (LMP_MP_CPU_INTRAOP_THREADS / OMP_NUM_THREADS / default cap 32)
[cpu_experts_worker pid=568202] torch.set_num_threads(32) done
[cpu_experts_worker pid=568202] importing MLPModuleWrapper / HostMemoryView ...
[cpu_experts_worker pid=568202] imports done
[cpu_experts_worker pid=568202] MLPModuleWrapper(...) ...
DEBUG 04-24 11:10:57.856972.856972 cpu_thread_manager_mp.py:400] CPU experts MP worker: torch.set_num_threads(32) (LMP_MP_CPU_INTRAOP_THREADS / OMP_NUM_THREADS / default cap 32)
[cpu_experts_worker pid=568203] torch.set_num_threads(32) done
[cpu_experts_worker pid=568203] importing MLPModuleWrapper / HostMemoryView ...
[cpu_experts_worker pid=568203] imports done
[cpu_experts_worker pid=568203] MLPModuleWrapper(...) ...
[cpu_experts_worker pid=568202] init_chmv_meta_model(...) ...
[cpu_experts_worker pid=568203] init_chmv_meta_model(...) ...
DEBUG 04-24 11:10:57.863752.863752 cpu_thread_manager_mp.py:400] CPU experts MP worker: torch.set_num_threads(32) (LMP_MP_CPU_INTRAOP_THREADS / OMP_NUM_THREADS / default cap 32)
[cpu_experts_worker pid=568200] torch.set_num_threads(32) done
[cpu_experts_worker pid=568200] importing MLPModuleWrapper / HostMemoryView ...
[cpu_experts_worker pid=568200] imports done
[cpu_experts_worker pid=568200] MLPModuleWrapper(...) ...
[cpu_experts_worker pid=568200] init_chmv_meta_model(...) ...
[cpu_experts_worker pid=568200] HostMemoryView(...) ...
DEBUG 04-24 11:10:58.499301.499301 cuda_memory_view.py:1180] 
DEBUG 04-24 11:10:58.499301.499301 cuda_memory_view.py:1180] restore_tensors_from_shared_memory_names time: 0.0028252601623535156
DEBUG 04-24 11:10:58.504901.504901 mlpmodule.py:929] restore_hm_state_dict2model loaded 150 expert tensors for Gemma4 model
[cpu_experts_worker pid=568200] HostMemoryView ready
[cpu_experts_worker pid=568200] begin _test_group_bmm_fused_experts()
[test_group_bmm_fused_experts] start (print+flush; bypasses logging).
[cpu_experts_worker pid=568202] HostMemoryView(...) ...
[cpu_experts_worker pid=568201] HostMemoryView(...) ...
[test_group_bmm_fused_experts][half=noncontiguous] input_gen: 34.315 ms
DEBUG 04-24 11:10:58.553772.553772 cuda_memory_view.py:1180] 
DEBUG 04-24 11:10:58.553772.553772 cuda_memory_view.py:1180] restore_tensors_from_shared_memory_names time: 0.0029070377349853516
DEBUG 04-24 11:10:58.559076.559076 mlpmodule.py:929] restore_hm_state_dict2model loaded 150 expert tensors for Gemma4 model
[cpu_experts_worker pid=568201] HostMemoryView ready
[cpu_experts_worker pid=568201] begin _test_group_bmm_fused_experts()
[test_group_bmm_fused_experts] start (print+flush; bypasses logging).
[cpu_experts_worker pid=568203] HostMemoryView(...) ...
DEBUG 04-24 11:10:58.560539.560539 cuda_memory_view.py:1180] 
DEBUG 04-24 11:10:58.560539.560539 cuda_memory_view.py:1180] restore_tensors_from_shared_memory_names time: 0.007584095001220703
[test_group_bmm_fused_experts][half=noncontiguous] gate_func: 26.196 ms
[test_group_bmm_fused_experts][half=noncontiguous] activated_experts_unique=128, routed_slots=4096 total experts = 128 (T=512, K=8)
[test_group_bmm_fused_experts][half=noncontiguous] choose_half_experts: 0.708 ms (E_total=128, E_half=64, experts=[3, 79, 103, 120, 45, 111, 114, 32, 54, 85, 108, 63, 112, 123, 1, 17, 22, 23, 26, 81, 101, 110, 121, 29, 37, 65, 82, 89, 102, 15, 73, 77, 25, 33, 58, 60, 64, 68, 69, 18, 48, 56, 84, 100, 30, 43, 78, 87, 107, 118, 4, 6, 13, 14, 28, 31, 36, 44, 57, 67, 74, 92, 124, 19], total_tokens=1723, max_tokens=32)
[test_group_bmm_fused_experts][half=noncontiguous] filter_slots_in_half: 0.449 ms (slots_in_half=1723, T=512, K=8)
[test_group_bmm_fused_experts][half=noncontiguous] gather_half_tokens: 0.653 ms
[test_group_bmm_fused_experts][half=noncontiguous] sort_by_expert: 0.706 ms
DEBUG 04-24 11:10:58.568016.568016 cuda_h.py:27] end get_fused_experts_names_w cost 0.028 ms
DEBUG 04-24 11:10:58.570522.570522 cuda_h.py:27] end restore_fused_tensors cost 1.103 ms
[test_group_bmm_fused_experts][half=noncontiguous] restore_group_fused_weights: 1.589 ms
[test_group_bmm_fused_experts][half=noncontiguous] transpose_contig: 0.022 ms
DEBUG 04-24 11:10:58.570958.570958 mlpmodule.py:929] restore_hm_state_dict2model loaded 150 expert tensors for Gemma4 model
[cpu_experts_worker pid=568202] HostMemoryView ready
[cpu_experts_worker pid=568202] begin _test_group_bmm_fused_experts()
[test_group_bmm_fused_experts] start (print+flush; bypasses logging).
[test_group_bmm_fused_experts][half=noncontiguous] pad_pack: 2.882 ms
DEBUG 04-24 11:10:58.574790.574790 cuda_memory_view.py:1180] 
DEBUG 04-24 11:10:58.574790.574790 cuda_memory_view.py:1180] restore_tensors_from_shared_memory_names time: 0.002775907516479492
DEBUG 04-24 11:10:58.579081.579081 mlpmodule.py:929] restore_hm_state_dict2model loaded 150 expert tensors for Gemma4 model
[cpu_experts_worker pid=568203] HostMemoryView ready
[cpu_experts_worker pid=568203] begin _test_group_bmm_fused_experts()
[test_group_bmm_fused_experts] start (print+flush; bypasses logging).
[test_group_bmm_fused_experts][half=noncontiguous] fused_group_bmm: 17.262 ms (bmm1=7.568 act+split=0.681 bmm2=5.005 unpad=4.008)
[test_group_bmm_fused_experts][half=noncontiguous] input_gen: 44.369 ms
[test_group_bmm_fused_experts][half=noncontiguous] input_gen: 36.235 ms
[test_group_bmm_fused_experts][half=noncontiguous] gate_func: 10.390 ms
[test_group_bmm_fused_experts][half=noncontiguous] gate_func: 7.605 ms
[test_group_bmm_fused_experts][half=noncontiguous] activated_experts_unique=128, routed_slots=4096 total experts = 128 (T=512, K=8)
[test_group_bmm_fused_experts][half=noncontiguous] choose_half_experts: 0.816 ms (E_total=128, E_half=64, experts=[38, 79, 84, 28, 18, 44, 62, 69, 102, 7, 36, 46, 58, 73, 124, 32, 114, 56, 71, 91, 3, 14, 17, 29, 63, 81, 101, 110, 30, 33, 45, 52, 53, 95, 103, 108, 111, 120, 1, 8, 15, 40, 48, 54, 64, 74, 123, 2, 5, 6, 43, 105, 121, 23, 47, 66, 67, 70, 86, 94, 99, 100, 106, 119], total_tokens=1736, max_tokens=31)
[test_group_bmm_fused_experts][half=noncontiguous] filter_slots_in_half: 0.533 ms (slots_in_half=1736, T=512, K=8)
[test_group_bmm_fused_experts][half=noncontiguous] activated_experts_unique=128, routed_slots=4096 total experts = 128 (T=512, K=8)
[test_group_bmm_fused_experts][half=noncontiguous] gather_half_tokens: 0.699 ms
[test_group_bmm_fused_experts][half=noncontiguous] choose_half_experts: 2.164 ms (E_total=128, E_half=64, experts=[114, 23, 26, 1, 6, 28, 73, 92, 101, 120, 17, 24, 45, 56, 90, 121, 15, 63, 102, 108, 116, 33, 55, 58, 68, 69, 78, 123, 2, 30, 84, 89, 11, 46, 51, 53, 83, 87, 103, 106, 113, 115, 18, 19, 40, 35, 54, 67, 107, 112, 5, 8, 37, 38, 43, 50, 76, 85, 88, 91, 104, 127, 3, 9], total_tokens=1720, max_tokens=32)
[test_group_bmm_fused_experts][half=noncontiguous] sort_by_expert: 0.825 ms
DEBUG 04-24 11:10:58.618048.618048 cuda_h.py:27] end get_fused_experts_names_w cost 0.038 ms
[test_group_bmm_fused_experts][half=noncontiguous] filter_slots_in_half: 1.543 ms (slots_in_half=1720, T=512, K=8)
DEBUG 04-24 11:10:58.620043.620043 cuda_h.py:27] end restore_fused_tensors cost 1.208 ms
[test_group_bmm_fused_experts][half=noncontiguous] restore_group_fused_weights: 1.610 ms
[test_group_bmm_fused_experts][half=noncontiguous] transpose_contig: 0.028 ms
[test_group_bmm_fused_experts][half=noncontiguous] gather_half_tokens: 0.884 ms
[test_group_bmm_fused_experts][half=noncontiguous] sort_by_expert: 1.019 ms
DEBUG 04-24 11:10:58.622548.622548 cuda_h.py:27] end get_fused_experts_names_w cost 0.055 ms
[test_group_bmm_fused_experts][half=noncontiguous] pad_pack: 3.022 ms
DEBUG 04-24 11:10:58.625555.625555 cuda_h.py:27] end restore_fused_tensors cost 2.860 ms
[test_group_bmm_fused_experts][half=noncontiguous] restore_group_fused_weights: 3.459 ms
[test_group_bmm_fused_experts][half=noncontiguous] transpose_contig: 0.049 ms
[test_group_bmm_fused_experts][half=noncontiguous] input_gen: 45.592 ms
[test_group_bmm_fused_experts][half=noncontiguous] pad_pack: 4.494 ms
[test_group_bmm_fused_experts][half=noncontiguous] gate_func: 7.306 ms
[test_group_bmm_fused_experts][half=noncontiguous] activated_experts_unique=128, routed_slots=4096 total experts = 128 (T=512, K=8)
[test_group_bmm_fused_experts][half=noncontiguous] choose_half_experts: 2.216 ms (E_total=128, E_half=64, experts=[64, 1, 89, 109, 10, 58, 69, 70, 103, 108, 31, 44, 79, 5, 16, 22, 38, 45, 53, 13, 15, 23, 24, 54, 114, 116, 19, 32, 68, 121, 28, 39, 41, 47, 67, 73, 91, 120, 33, 40, 59, 107, 111, 125, 127, 3, 48, 55, 77, 90, 92, 123, 2, 17, 21, 30, 49, 52, 75, 118, 126, 12, 14, 43], total_tokens=1749, max_tokens=32)
[test_group_bmm_fused_experts][half=noncontiguous] filter_slots_in_half: 1.146 ms (slots_in_half=1749, T=512, K=8)
[test_group_bmm_fused_experts][half=noncontiguous] gather_half_tokens: 1.674 ms
[test_group_bmm_fused_experts][half=noncontiguous] sort_by_expert: 1.065 ms
DEBUG 04-24 11:10:58.641371.641371 cuda_h.py:27] end get_fused_experts_names_w cost 0.054 ms
DEBUG 04-24 11:10:58.643391.643391 cuda_h.py:27] end restore_fused_tensors cost 1.445 ms
[test_group_bmm_fused_experts][half=noncontiguous] restore_group_fused_weights: 1.996 ms
[test_group_bmm_fused_experts][half=noncontiguous] transpose_contig: 0.043 ms
[test_group_bmm_fused_experts][half=noncontiguous] pad_pack: 4.199 ms
[test_group_bmm_fused_experts][half=noncontiguous] fused_group_bmm: 31.687 ms (bmm1=16.498 act+split=0.752 bmm2=9.008 unpad=5.429)
[test_group_bmm_fused_experts][half=noncontiguous] fused_group_bmm: 28.180 ms (bmm1=11.444 act+split=1.015 bmm2=8.555 unpad=7.165)
[test_group_bmm_fused_experts][half=noncontiguous] fused_group_bmm: 25.808 ms (bmm1=12.904 act+split=0.926 bmm2=7.477 unpad=4.502)
[test_group_bmm_fused_experts][half=noncontiguous] ref_mm_and_assert: 104.149 ms
[test_group_bmm_fused_experts][half=noncontiguous] unsort_and_weight: 0.650 ms
[test_group_bmm_fused_experts][half=noncontiguous] total: 190.739 ms (T=512, K=8, slots_in_half=1723, E_half=64)
[cpu_experts_worker pid=568200] end _test_group_bmm_fused_experts()
INFO 04-24 11:10:58.696486.696486 cpu_thread_manager_mp.py:438] CPU experts worker: _test_group_bmm_fused_experts() finished.
[test_group_bmm_fused_experts][half=noncontiguous] ref_mm_and_assert: 104.070 ms
[test_group_bmm_fused_experts][half=noncontiguous] unsort_and_weight: 0.662 ms
[test_group_bmm_fused_experts][half=noncontiguous] total: 189.128 ms (T=512, K=8, slots_in_half=1736, E_half=64)
[cpu_experts_worker pid=568202] end _test_group_bmm_fused_experts()
INFO 04-24 11:10:58.760742.760742 cpu_thread_manager_mp.py:438] CPU experts worker: _test_group_bmm_fused_experts() finished.
[test_group_bmm_fused_experts][half=noncontiguous] ref_mm_and_assert: 100.029 ms
[test_group_bmm_fused_experts][half=noncontiguous] ref_mm_and_assert: 115.367 ms
[test_group_bmm_fused_experts][half=noncontiguous] unsort_and_weight: 0.842 ms
[test_group_bmm_fused_experts][half=noncontiguous] unsort_and_weight: 0.816 ms
[test_group_bmm_fused_experts][half=noncontiguous] total: 194.632 ms (T=512, K=8, slots_in_half=1749, E_half=64)
[test_group_bmm_fused_experts][half=noncontiguous] total: 214.821 ms (T=512, K=8, slots_in_half=1720, E_half=64)
[cpu_experts_worker pid=568203] end _test_group_bmm_fused_experts()
[cpu_experts_worker pid=568201] end _test_group_bmm_fused_experts()
INFO 04-24 11:10:58.775410.775410 cpu_thread_manager_mp.py:438] CPU experts worker: _test_group_bmm_fused_experts() finished.
INFO 04-24 11:10:58.775198.775198 cpu_thread_manager_mp.py:438] CPU experts worker: _test_group_bmm_fused_experts() finished.
DEBUG 04-24 11:10:58.776260.776260 cuda_h.py:27] end init_mp_process cost 8810.579 ms
generate input ids cost 0.06432461738586426 s
DEBUG 04-24 11:11:04.837434.837434 cuda_h.py:27] end generate_input_ids cost 3701.758 ms
DEBUG 04-24 11:11:04.837830.837830 cuda_h.py:27] end init_cache cost 0.032 ms
DEBUG 04-24 11:11:04.837508.837508 cuda_h.py:27] end allocate_cuda_memory cost 0.230 ms
DEBUG 04-24 11:11:04.838929.838929 sllm_store_c.py:27] get device uuid map
DEBUG 04-24 11:11:04.838004.838004 sllm_store_c.py:29] call client load into gpu
DEBUG 04-24 11:11:04.840310.840310 cuda_h.py:27] end load_into_gpu_async cost 2.458 ms
DEBUG 04-24 11:11:04.840280.840280 cuda_h.py:27] end restore_tensors2 cost 0.060 ms
DEBUG 04-24 11:11:04.840136.840136 cuda_h.py:27] end allocate_cuda_memory_and_load_into_gpu cost 3.166 ms
DEBUG 04-24 11:11:04.841785.841785 cuda_h.py:27] end restore2model cost 0.169 ms
DEBUG 04-24 11:11:04.984645.984645 cuda_h.py:27] end allocate_cuda_memory cost 0.497 ms
DEBUG 04-24 11:11:04.984155.984155 sllm_store_c.py:27] get device uuid map
DEBUG 04-24 11:11:04.984047.984047 sllm_store_c.py:29] call client load into gpu
DEBUG 04-24 11:11:04.987172.987172 cuda_h.py:27] end load_into_gpu_async cost 3.058 ms
DEBUG 04-24 11:11:04.987601.987601 cuda_h.py:27] end restore_tensors2 cost 0.198 ms
DEBUG 04-24 11:11:04.988982.988982 cuda_h.py:27] end allocate_cuda_memory_and_load_into_gpu cost 4.652 ms
DEBUG 04-24 11:11:05.135562.135562 cuda_h.py:27] end restore2model cost 1.611 ms
DEBUG 04-24 11:11:05.135940.135940 cuda_h.py:27] end load_qkvogns_weight_l_0 cost 152.343 ms
DEBUG 04-24 11:11:05.135396.135396 cuda_h.py:27] end init_general_weights cost 297.864 ms
DEBUG 04-24 11:11:05.153470.153470 cuda_h.py:27] end init_inputs_tokens cost 17.790 ms
DEBUG 04-24 11:11:05.153646.153646 lmp.py:294] -------------------------------- start prefill layer 0 --------------------------------
DEBUG 04-24 11:11:05.154682.154682 cuda_h.py:27] end start_load_qkvogn_s_weight_l_1 cost 0.044 ms
DEBUG 04-24 11:11:05.163435.163435 cuda_h.py:27] end allocate_cuda_memory cost 9.001 ms
DEBUG 04-24 11:11:05.163528.163528 sllm_store_c.py:27] get device uuid map
DEBUG 04-24 11:11:05.163208.163208 sllm_store_c.py:29] call client load into gpu
DEBUG 04-24 11:11:05.166420.166420 cuda_h.py:27] end load_into_gpu_async cost 2.897 ms
DEBUG 04-24 11:11:05.166245.166245 cuda_h.py:27] end restore_tensors2 cost 0.175 ms
DEBUG 04-24 11:11:05.167753.167753 cuda_h.py:27] end allocate_cuda_memory_and_load_into_gpu cost 12.867 ms
DEBUG 04-24 11:11:05.176011.176011 cuda_h.py:27] end restore2model cost 1.417 ms
DEBUG 04-24 11:11:05.176281.176281 cuda_h.py:27] end sllm_worker_task cost 22.109 ms
DEBUG 04-24 11:11:05.319229.319229 cuda_h.py:27] end **self_attn cost 101.333 ms
DEBUG 04-24 11:11:05.319975.319975 cuda_h.py:27] end *iln_self_attn_paln cost 165.639 ms
DEBUG 04-24 11:11:05.473429.473429 cuda_h.py:27] end gate cost 153.673 ms
DEBUG 04-24 11:11:05.515345.515345 cuda_h.py:27] end experts_map_get cost 34.372 ms
DEBUG 04-24 11:11:05.515580.515580 cuda_h.py:27] end *before experts start* cost 195.423 ms
DEBUG 04-24 11:11:05.515788.515788 cuda_h.py:27] end cpu_experts_submit_fused_mp cost 0.228 ms
DEBUG 04-24 11:11:05.518242.518242 cuda_h.py:27] end *single cpu experts* cost 3.500 ms
DEBUG 04-24 11:11:05.520721.520721 sllm_store_c.py:27] get device uuid map
DEBUG 04-24 11:11:05.520175.520175 sllm_store_c.py:29] call client load into gpu
DEBUG 04-24 11:11:05.523677.523677 cuda_h.py:27] end load_into_gpu_async_fused_experts_dual cost 3.621 ms
DEBUG 04-24 11:11:05.524317.524317 cuda_h.py:27] end restore_tensors2_fused_experts_packed cost 0.057 ms
DEBUG 04-24 11:11:05.524498.524498 cuda_h.py:27] end restore_tensors2_fused_experts_slices cost 0.237 ms
DEBUG 04-24 11:11:05.524810.524810 cuda_h.py:27] end allocate_experts_cuda_memory_and_restore_model_multi_device_fused cost 5.813 ms
DEBUG 04-24 11:11:05.524865.524865 cuda_h.py:27] end gpu_sexperts cost 0.005 ms
DEBUG 04-24 11:11:05.524449.524449 cuda_h.py:27] end wait_load_qkvogn_s_weight cost 0.016 ms
DEBUG 04-24 11:11:05.547945.547945 cuda_h.py:27] end prepare_group_stack cost 29.177 ms
DEBUG 04-24 11:11:05.549689.549689 cuda_h.py:27] end prepare_group_stack cost 26.799 ms
DEBUG 04-24 11:11:05.549082.549082 cuda_h.py:27] end prepare_group_stack cost 28.498 ms
DEBUG 04-24 11:11:05.549367.549367 cuda_h.py:27] end prepare_group_stack cost 29.437 ms
DEBUG 04-24 11:11:05.564059.564059 cuda_h.py:27] end group stack cost 16.151 ms
DEBUG 04-24 11:11:05.564642.564642 cuda_h.py:27] end group stack cost 14.839 ms
DEBUG 04-24 11:11:05.564753.564753 cuda_h.py:27] end move_flatidxs_group_fused_mp cost 45.648 ms
DEBUG 04-24 11:11:05.564529.564529 cuda_h.py:27] end move_flatidxs_group_fused_mp cost 42.056 ms
DEBUG 04-24 11:11:05.564378.564378 cuda_h.py:27] end get_fused_experts_names_w cost 0.027 ms
DEBUG 04-24 11:11:05.564341.564341 cuda_h.py:27] end get_fused_experts_names_w cost 0.095 ms
DEBUG 04-24 11:11:05.564113.564113 cuda_h.py:27] end restore_fused_tensors cost 0.539 ms
DEBUG 04-24 11:11:05.564287.564287 cuda_h.py:27] end group_fused_tensors_mp cost 0.667 ms
DEBUG 04-24 11:11:05.565971.565971 cuda_h.py:27] end restore_fused_tensors cost 0.567 ms
DEBUG 04-24 11:11:05.565543.565543 cuda_h.py:27] end group_fused_tensors_mp cost 0.986 ms
DEBUG 04-24 11:11:05.569344.569344 cuda_h.py:27] end group stack cost 19.531 ms
DEBUG 04-24 11:11:05.569991.569991 cuda_h.py:27] end move_flatidxs_group_fused_mp cost 49.743 ms
DEBUG 04-24 11:11:05.570227.570227 cuda_h.py:27] end get_fused_experts_names_w cost 0.040 ms
DEBUG 04-24 11:11:05.570133.570133 cuda_h.py:27] end group stack cost 20.587 ms
DEBUG 04-24 11:11:05.570530.570530 cuda_h.py:27] end move_flatidxs_group_fused_mp cost 49.652 ms
DEBUG 04-24 11:11:05.570532.570532 cuda_h.py:27] end get_fused_experts_names_w cost 0.028 ms
DEBUG 04-24 11:11:05.570944.570944 cuda_h.py:27] end restore_fused_tensors cost 0.589 ms
DEBUG 04-24 11:11:05.571631.571631 cuda_h.py:27] end group_fused_tensors_mp cost 1.045 ms
DEBUG 04-24 11:11:05.571216.571216 cuda_h.py:27] end restore_fused_tensors cost 0.483 ms
DEBUG 04-24 11:11:05.571901.571901 cuda_h.py:27] end group_fused_tensors_mp cost 0.759 ms
DEBUG 04-24 11:11:05.573009.573009 cuda_h.py:27] end prepare_per_device_parameters cost 48.683 ms
DEBUG 04-24 11:11:05.577275.577275 mlpmodule.py:3373] [fused_group_bmm][steps] bmm1=5.979 ms split=0.160 ms act_mul=0.826 ms bmm2=4.981 ms
DEBUG 04-24 11:11:05.577493.577493 mlpmodule.py:3373] [fused_group_bmm][steps] bmm1=6.436 ms split=0.119 ms act_mul=0.577 ms bmm2=5.575 ms
DEBUG 04-24 11:11:05.577649.577649 cuda_h.py:27] end fused_group_bmm cost 12.269 ms
DEBUG 04-24 11:11:05.578413.578413 cuda_h.py:27] end fused_group_bmm cost 12.927 ms
DEBUG 04-24 11:11:05.579802.579802 cuda_h.py:27] end gather_outputs_group_fused_mp cost 1.118 ms
DEBUG 04-24 11:11:05.579014.579014 cuda_h.py:27] end gather_outputs_group_fused_mp cost 1.092 ms
DEBUG 04-24 11:11:05.579155.579155 cuda_h.py:27] end cpu_experts_worker_bmm_or_einsum_2 cost 57.368 ms
DEBUG 04-24 11:11:05.580355.580355 cuda_h.py:27] end cpu_experts_worker_bmm_or_einsum_0 cost 61.696 ms
DEBUG 04-24 11:11:05.583059.583059 mlpmodule.py:3373] [fused_group_bmm][steps] bmm1=7.931 ms split=0.110 ms act_mul=0.739 ms bmm2=3.409 ms
DEBUG 04-24 11:11:05.583656.583656 cuda_h.py:27] end fused_group_bmm cost 12.463 ms
DEBUG 04-24 11:11:05.583784.583784 mlpmodule.py:3373] [fused_group_bmm][steps] bmm1=7.680 ms split=0.104 ms act_mul=0.655 ms bmm2=3.508 ms
DEBUG 04-24 11:11:05.584425.584425 cuda_h.py:27] end fused_group_bmm cost 12.538 ms
DEBUG 04-24 11:11:05.584488.584488 cuda_h.py:27] end gather_outputs_group_fused_mp cost 0.839 ms
DEBUG 04-24 11:11:05.584322.584322 cuda_h.py:27] end gather_outputs_group_fused_mp cost 0.647 ms
DEBUG 04-24 11:11:05.586419.586419 cuda_h.py:27] end cpu_experts_worker_bmm_or_einsum_3 cost 66.123 ms
DEBUG 04-24 11:11:05.586578.586578 cuda_h.py:27] end cpu_experts_worker_bmm_or_einsum_1 cost 65.185 ms
DEBUG 04-24 11:11:05.609982.609982 cuda_h.py:27] end cpu_experts_scatter_reduce cost 20.908 ms
DEBUG 04-24 11:11:05.609788.609788 cuda_h.py:27] end cpu_thread_manager_mp_wait_fused cost 35.523 ms
DEBUG 04-24 11:11:05.611965.611965 cuda_h.py:27] end wait_experts_multi_device cost 2.451 ms
DEBUG 04-24 11:11:05.611527.611527 cuda_h.py:27] end *before fused experts* cost 93.065 ms
DEBUG 04-24 11:11:05.644571.644571 cuda_h.py:27] end gpu_experts_multi_device_fused cost 32.663 ms
DEBUG 04-24 11:11:05.644878.644878 cuda_h.py:27] end *gpu experts* cost 125.918 ms
DEBUG 04-24 11:11:05.644834.644834 cuda_h.py:27] end layer_moe_generate_mp_multi_device_fused_l_1 cost 325.035 ms
DEBUG 04-24 11:11:05.645947.645947 cuda_h.py:27] end *mlp cost 326.241 ms
DEBUG 04-24 11:11:05.646116.646116 cuda_h.py:27] end prefill_layer cost 492.106 ms
DEBUG 04-24 11:11:05.646203.646203 lmp.py:341] -------------------------------- end prefill layer 0 --------------------------------
DEBUG 04-24 11:11:05.646237.646237 lmp.py:294] -------------------------------- start prefill layer 1 --------------------------------
DEBUG 04-24 11:11:05.646419.646419 cuda_h.py:27] end start_load_qkvogn_s_weight_l_2 cost 0.061 ms
DEBUG 04-24 11:11:05.646223.646223 cuda_h.py:27] end allocate_cuda_memory cost 0.399 ms
DEBUG 04-24 11:11:05.647948.647948 sllm_store_c.py:27] get device uuid map
DEBUG 04-24 11:11:05.647247.647247 sllm_store_c.py:29] call client load into gpu
DEBUG 04-24 11:11:05.649609.649609 cuda_h.py:27] end **self_attn cost 1.871 ms
DEBUG 04-24 11:11:05.649710.649710 cuda_h.py:27] end *iln_self_attn_paln cost 3.410 ms
DEBUG 04-24 11:11:05.650172.650172 cuda_h.py:27] end load_into_gpu_async cost 3.312 ms
DEBUG 04-24 11:11:05.650661.650661 cuda_h.py:27] end restore_tensors2 cost 0.183 ms
DEBUG 04-24 11:11:05.651629.651629 cuda_h.py:27] end allocate_cuda_memory_and_load_into_gpu cost 4.736 ms
DEBUG 04-24 11:11:05.651311.651311 cuda_h.py:27] end gate cost 1.640 ms
DEBUG 04-24 11:11:05.652107.652107 cuda_h.py:27] end experts_map_get cost 0.335 ms
DEBUG 04-24 11:11:05.652712.652712 cuda_h.py:27] end *before experts start* cost 2.162 ms
DEBUG 04-24 11:11:05.652456.652456 cuda_h.py:27] end cpu_experts_submit_fused_mp cost 0.240 ms
DEBUG 04-24 11:11:05.654810.654810 cuda_h.py:27] end *single cpu experts* cost 2.481 ms
DEBUG 04-24 11:11:05.655440.655440 cuda_h.py:27] end prepare_group_stack cost 0.621 ms
DEBUG 04-24 11:11:05.656822.656822 cuda_h.py:27] end prepare_group_stack cost 0.741 ms
DEBUG 04-24 11:11:05.657072.657072 cuda_h.py:27] end group stack cost 1.278 ms
DEBUG 04-24 11:11:05.657423.657423 cuda_h.py:27] end move_flatidxs_group_fused_mp cost 2.325 ms
DEBUG 04-24 11:11:05.657852.657852 cuda_h.py:27] end get_fused_experts_names_w cost 0.037 ms
DEBUG 04-24 11:11:05.657811.657811 sllm_store_c.py:27] get device uuid map
DEBUG 04-24 11:11:05.657735.657735 sllm_store_c.py:29] call client load into gpu
DEBUG 04-24 11:11:05.657437.657437 cuda_h.py:27] end prepare_group_stack cost 0.782 ms
DEBUG 04-24 11:11:05.658257.658257 cuda_h.py:27] end prepare_group_stack cost 0.781 ms
DEBUG 04-24 11:11:05.658762.658762 cuda_h.py:27] end restore_fused_tensors cost 1.270 ms
DEBUG 04-24 11:11:05.658966.658966 cuda_h.py:27] end group_fused_tensors_mp cost 1.669 ms
DEBUG 04-24 11:11:05.659237.659237 cuda_h.py:27] end group stack cost 2.073 ms
DEBUG 04-24 11:11:05.659451.659451 cuda_h.py:27] end move_flatidxs_group_fused_mp cost 3.361 ms
DEBUG 04-24 11:11:05.659801.659801 cuda_h.py:27] end get_fused_experts_names_w cost 0.052 ms
DEBUG 04-24 11:11:05.660439.660439 cuda_h.py:27] end group stack cost 2.576 ms
DEBUG 04-24 11:11:05.660600.660600 cuda_h.py:27] end move_flatidxs_group_fused_mp cost 3.938 ms
DEBUG 04-24 11:11:05.660344.660344 cuda_h.py:27] end group stack cost 2.551 ms
DEBUG 04-24 11:11:05.661438.661438 cuda_h.py:27] end restore2model cost 1.773 ms
DEBUG 04-24 11:11:05.661291.661291 cuda_h.py:27] end restore_fused_tensors cost 1.024 ms
DEBUG 04-24 11:11:05.661790.661790 cuda_h.py:27] end move_flatidxs_group_fused_mp cost 4.285 ms
DEBUG 04-24 11:11:05.661008.661008 cuda_h.py:27] end get_fused_experts_names_w cost 0.059 ms
DEBUG 04-24 11:11:05.661314.661314 cuda_h.py:27] end group_fused_tensors_mp cost 1.752 ms
DEBUG 04-24 11:11:05.661181.661181 cuda_h.py:27] end sllm_worker_task cost 15.076 ms
DEBUG 04-24 11:11:05.661120.661120 cuda_h.py:27] end get_fused_experts_names_w cost 0.043 ms
DEBUG 04-24 11:11:05.661840.661840 cuda_h.py:27] end load_into_gpu_async_fused_experts_dual cost 4.231 ms
DEBUG 04-24 11:11:05.662127.662127 cuda_h.py:27] end restore_tensors2_fused_experts_packed cost 0.199 ms
DEBUG 04-24 11:11:05.662510.662510 cuda_h.py:27] end restore_fused_tensors cost 1.067 ms
DEBUG 04-24 11:11:05.662654.662654 cuda_h.py:27] end group_fused_tensors_mp cost 1.355 ms
DEBUG 04-24 11:11:05.663977.663977 cuda_h.py:27] end restore_fused_tensors cost 1.637 ms
DEBUG 04-24 11:11:05.663455.663455 cuda_h.py:27] end group_fused_tensors_mp cost 2.156 ms
DEBUG 04-24 11:11:05.663598.663598 cuda_h.py:27] end restore_tensors2_fused_experts_slices cost 1.051 ms
DEBUG 04-24 11:11:05.664529.664529 cuda_h.py:27] end allocate_experts_cuda_memory_and_restore_model_multi_device_fused cost 9.251 ms
DEBUG 04-24 11:11:05.664911.664911 cuda_h.py:27] end gpu_sexperts cost 0.016 ms
DEBUG 04-24 11:11:05.664605.664605 cuda_h.py:27] end wait_load_qkvogn_s_weight cost 0.047 ms
DEBUG 04-24 11:11:05.673366.673366 mlpmodule.py:3373] [fused_group_bmm][steps] bmm1=6.492 ms split=0.123 ms act_mul=1.272 ms bmm2=5.776 ms
DEBUG 04-24 11:11:05.673600.673600 cuda_h.py:27] end fused_group_bmm cost 13.995 ms
DEBUG 04-24 11:11:05.674429.674429 cuda_h.py:27] end gather_outputs_group_fused_mp cost 0.545 ms
DEBUG 04-24 11:11:05.675361.675361 cuda_h.py:27] end cpu_experts_worker_bmm_or_einsum_0 cost 21.198 ms
DEBUG 04-24 11:11:05.676208.676208 mlpmodule.py:3373] [fused_group_bmm][steps] bmm1=8.404 ms split=0.186 ms act_mul=0.539 ms bmm2=3.456 ms
DEBUG 04-24 11:11:05.677832.677832 cuda_h.py:27] end fused_group_bmm cost 12.872 ms
DEBUG 04-24 11:11:05.677757.677757 cuda_h.py:27] end gather_outputs_group_fused_mp cost 0.661 ms
DEBUG 04-24 11:11:05.678359.678359 cuda_h.py:27] end cpu_experts_worker_bmm_or_einsum_2 cost 22.476 ms
DEBUG 04-24 11:11:05.684977.684977 cuda_h.py:27] end prepare_per_device_parameters cost 19.402 ms
DEBUG 04-24 11:11:05.683847.683847 mlpmodule.py:3373] [fused_group_bmm][steps] bmm1=16.470 ms split=0.294 ms act_mul=0.463 ms bmm2=4.297 ms
DEBUG 04-24 11:11:05.684072.684072 cuda_h.py:27] end fused_group_bmm cost 22.747 ms
DEBUG 04-24 11:11:05.685303.685303 cuda_h.py:27] end gather_outputs_group_fused_mp cost 0.614 ms
DEBUG 04-24 11:11:05.686612.686612 cuda_h.py:27] end cpu_experts_worker_bmm_or_einsum_1 cost 31.648 ms
DEBUG 04-24 11:11:05.686426.686426 mlpmodule.py:3373] [fused_group_bmm][steps] bmm1=13.682 ms split=0.153 ms act_mul=0.384 ms bmm2=8.840 ms
DEBUG 04-24 11:11:05.688696.688696 cuda_h.py:27] end fused_group_bmm cost 25.024 ms
DEBUG 04-24 11:11:05.689283.689283 cuda_h.py:27] end gather_outputs_group_fused_mp cost 1.058 ms
DEBUG 04-24 11:11:05.691861.691861 cuda_h.py:27] end cpu_experts_worker_bmm_or_einsum_3 cost 35.104 ms
DEBUG 04-24 11:11:05.692568.692568 cuda_h.py:27] end cpu_experts_scatter_reduce cost 0.902 ms
DEBUG 04-24 11:11:05.692415.692415 cuda_h.py:27] end cpu_thread_manager_mp_wait_fused cost 7.797 ms
DEBUG 04-24 11:11:05.694111.694111 cuda_h.py:27] end wait_experts_multi_device cost 1.602 ms
DEBUG 04-24 11:11:05.694061.694061 cuda_h.py:27] end *before fused experts* cost 39.199 ms
DEBUG 04-24 11:11:05.701153.701153 cuda_h.py:27] end gpu_experts_multi_device_fused cost 7.456 ms
DEBUG 04-24 11:11:05.701515.701515 cuda_h.py:27] end *gpu experts* cost 46.836 ms
DEBUG 04-24 11:11:05.701452.701452 cuda_h.py:27] end layer_moe_generate_mp_multi_device_fused_l_2 cost 51.758 ms
DEBUG 04-24 11:11:05.702108.702108 cuda_h.py:27] end *mlp cost 52.937 ms
DEBUG 04-24 11:11:05.703562.703562 cuda_h.py:27] end prefill_layer cost 56.979 ms
DEBUG 04-24 11:11:05.703570.703570 lmp.py:341] -------------------------------- end prefill layer 1 --------------------------------
DEBUG 04-24 11:11:05.703565.703565 lmp.py:294] -------------------------------- start prefill layer 2 --------------------------------
DEBUG 04-24 11:11:05.703198.703198 cuda_h.py:27] end start_load_qkvogn_s_weight_l_3 cost 0.072 ms
DEBUG 04-24 11:11:05.704614.704614 cuda_h.py:27] end allocate_cuda_memory cost 0.519 ms
DEBUG 04-24 11:11:05.704885.704885 sllm_store_c.py:27] get device uuid map
DEBUG 04-24 11:11:05.704926.704926 sllm_store_c.py:29] call client load into gpu
DEBUG 04-24 11:11:05.707409.707409 cuda_h.py:27] end **self_attn cost 2.284 ms
DEBUG 04-24 11:11:05.707962.707962 cuda_h.py:27] end load_into_gpu_async cost 2.892 ms
DEBUG 04-24 11:11:05.707257.707257 cuda_h.py:27] end restore_tensors2 cost 0.227 ms
DEBUG 04-24 11:11:05.708028.708028 cuda_h.py:27] end *iln_self_attn_paln cost 4.902 ms
DEBUG 04-24 11:11:05.708322.708322 cuda_h.py:27] end allocate_cuda_memory_and_load_into_gpu cost 4.760 ms
DEBUG 04-24 11:11:05.709364.709364 cuda_h.py:27] end gate cost 1.008 ms
DEBUG 04-24 11:11:05.709990.709990 cuda_h.py:27] end experts_map_get cost 0.377 ms
DEBUG 04-24 11:11:05.710608.710608 cuda_h.py:27] end *before experts start* cost 1.592 ms
DEBUG 04-24 11:11:05.710128.710128 cuda_h.py:27] end cpu_experts_submit_fused_mp cost 0.248 ms
DEBUG 04-24 11:11:05.711044.711044 cuda_h.py:27] end *single cpu experts* cost 1.893 ms
DEBUG 04-24 11:11:05.713531.713531 cuda_h.py:27] end prepare_group_stack cost 0.628 ms
DEBUG 04-24 11:11:05.714088.714088 cuda_h.py:27] end prepare_group_stack cost 0.453 ms
DEBUG 04-24 11:11:05.714954.714954 sllm_store_c.py:27] get device uuid map
DEBUG 04-24 11:11:05.714771.714771 cuda_h.py:27] end prepare_group_stack cost 0.701 ms
DEBUG 04-24 11:11:05.714458.714458 sllm_store_c.py:29] call client load into gpu
DEBUG 04-24 11:11:05.715046.715046 cuda_h.py:27] end group stack cost 1.555 ms
DEBUG 04-24 11:11:05.715074.715074 cuda_h.py:27] end move_flatidxs_group_fused_mp cost 2.641 ms
DEBUG 04-24 11:11:05.715338.715338 cuda_h.py:27] end prepare_group_stack cost 0.757 ms
DEBUG 04-24 11:11:05.715508.715508 cuda_h.py:27] end group stack cost 1.561 ms
DEBUG 04-24 11:11:05.715221.715221 cuda_h.py:27] end move_flatidxs_group_fused_mp cost 2.267 ms
DEBUG 04-24 11:11:05.715124.715124 cuda_h.py:27] end get_fused_experts_names_w cost 0.022 ms
DEBUG 04-24 11:11:05.715910.715910 cuda_h.py:27] end get_fused_experts_names_w cost 0.044 ms
DEBUG 04-24 11:11:05.716697.716697 cuda_h.py:27] end restore_fused_tensors cost 0.398 ms
DEBUG 04-24 11:11:05.716771.716771 cuda_h.py:27] end group_fused_tensors_mp cost 0.784 ms
DEBUG 04-24 11:11:05.717624.717624 cuda_h.py:27] end group stack cost 2.334 ms
DEBUG 04-24 11:11:05.717180.717180 cuda_h.py:27] end move_flatidxs_group_fused_mp cost 3.485 ms
DEBUG 04-24 11:11:05.717425.717425 cuda_h.py:27] end get_fused_experts_names_w cost 0.155 ms
DEBUG 04-24 11:11:05.717522.717522 cuda_h.py:27] end group stack cost 2.075 ms
DEBUG 04-24 11:11:05.718418.718418 cuda_h.py:27] end restore_fused_tensors cost 1.701 ms
DEBUG 04-24 11:11:05.718742.718742 cuda_h.py:27] end move_flatidxs_group_fused_mp cost 3.578 ms
DEBUG 04-24 11:11:05.718942.718942 cuda_h.py:27] end group_fused_tensors_mp cost 2.391 ms
DEBUG 04-24 11:11:05.718861.718861 cuda_h.py:27] end restore_fused_tensors cost 0.842 ms
DEBUG 04-24 11:11:05.718303.718303 cuda_h.py:27] end get_fused_experts_names_w cost 0.187 ms
DEBUG 04-24 11:11:05.718327.718327 cuda_h.py:27] end group_fused_tensors_mp cost 1.388 ms
DEBUG 04-24 11:11:05.719081.719081 cuda_h.py:27] end restore2model cost 3.291 ms
DEBUG 04-24 11:11:05.719107.719107 cuda_h.py:27] end restore_fused_tensors cost 1.103 ms
DEBUG 04-24 11:11:05.720582.720582 cuda_h.py:27] end group_fused_tensors_mp cost 1.595 ms
DEBUG 04-24 11:11:05.719065.719065 cuda_h.py:27] end load_into_gpu_async_fused_experts_dual cost 5.468 ms
DEBUG 04-24 11:11:05.720350.720350 cuda_h.py:27] end sllm_worker_task cost 16.687 ms
DEBUG 04-24 11:11:05.720498.720498 cuda_h.py:27] end restore_tensors2_fused_experts_packed cost 0.144 ms
DEBUG 04-24 11:11:05.722507.722507 cuda_h.py:27] end restore_tensors2_fused_experts_slices cost 0.666 ms
DEBUG 04-24 11:11:05.722055.722055 cuda_h.py:27] end allocate_experts_cuda_memory_and_restore_model_multi_device_fused cost 10.293 ms
DEBUG 04-24 11:11:05.722312.722312 cuda_h.py:27] end gpu_sexperts cost 0.032 ms
DEBUG 04-24 11:11:05.722041.722041 cuda_h.py:27] end wait_load_qkvogn_s_weight cost 0.116 ms
DEBUG 04-24 11:11:05.728212.728212 mlpmodule.py:3373] [fused_group_bmm][steps] bmm1=4.529 ms split=0.254 ms act_mul=1.341 ms bmm2=5.106 ms
DEBUG 04-24 11:11:05.728387.728387 cuda_h.py:27] end fused_group_bmm cost 11.538 ms
DEBUG 04-24 11:11:05.729946.729946 cuda_h.py:27] end gather_outputs_group_fused_mp cost 0.630 ms
DEBUG 04-24 11:11:05.730751.730751 cuda_h.py:27] end cpu_experts_worker_bmm_or_einsum_2 cost 17.758 ms
DEBUG 04-24 11:11:05.731433.731433 mlpmodule.py:3373] [fused_group_bmm][steps] bmm1=8.011 ms split=0.211 ms act_mul=0.904 ms bmm2=3.563 ms
DEBUG 04-24 11:11:05.731230.731230 cuda_h.py:27] end fused_group_bmm cost 12.989 ms
DEBUG 04-24 11:11:05.732336.732336 cuda_h.py:27] end gather_outputs_group_fused_mp cost 0.500 ms
DEBUG 04-24 11:11:05.733712.733712 cuda_h.py:27] end cpu_experts_worker_bmm_or_einsum_0 cost 21.171 ms
DEBUG 04-24 11:11:05.741568.741568 mlpmodule.py:3373] [fused_group_bmm][steps] bmm1=14.905 ms split=0.265 ms act_mul=0.591 ms bmm2=5.959 ms
DEBUG 04-24 11:11:05.741803.741803 cuda_h.py:27] end fused_group_bmm cost 22.051 ms
DEBUG 04-24 11:11:05.741571.741571 mlpmodule.py:3373] [fused_group_bmm][steps] bmm1=14.396 ms split=0.125 ms act_mul=0.585 ms bmm2=5.540 ms
DEBUG 04-24 11:11:05.741058.741058 cuda_h.py:27] end prepare_per_device_parameters cost 18.332 ms
DEBUG 04-24 11:11:05.741191.741191 cuda_h.py:27] end fused_group_bmm cost 21.009 ms
DEBUG 04-24 11:11:05.742521.742521 cuda_h.py:27] end gather_outputs_group_fused_mp cost 0.593 ms
DEBUG 04-24 11:11:05.742267.742267 cuda_h.py:27] end gather_outputs_group_fused_mp cost 0.521 ms
DEBUG 04-24 11:11:05.742980.742980 cuda_h.py:27] end cpu_experts_worker_bmm_or_einsum_3 cost 30.111 ms
DEBUG 04-24 11:11:05.743090.743090 cuda_h.py:27] end cpu_experts_worker_bmm_or_einsum_1 cost 29.090 ms
DEBUG 04-24 11:11:05.744876.744876 cuda_h.py:27] end cpu_experts_scatter_reduce cost 0.960 ms
DEBUG 04-24 11:11:05.745369.745369 cuda_h.py:27] end cpu_thread_manager_mp_wait_fused cost 3.322 ms
DEBUG 04-24 11:11:05.746907.746907 cuda_h.py:27] end wait_experts_multi_device cost 1.411 ms
DEBUG 04-24 11:11:05.746605.746605 cuda_h.py:27] end *before fused experts* cost 34.448 ms
DEBUG 04-24 11:11:05.752966.752966 cuda_h.py:27] end gpu_experts_multi_device_fused cost 6.408 ms
DEBUG 04-24 11:11:05.753545.753545 cuda_h.py:27] end *gpu experts* cost 40.970 ms
DEBUG 04-24 11:11:05.753177.753177 cuda_h.py:27] end layer_moe_generate_mp_multi_device_fused_l_3 cost 44.671 ms
DEBUG 04-24 11:11:05.754593.754593 cuda_h.py:27] end *mlp cost 45.820 ms
DEBUG 04-24 11:11:05.754828.754828 cuda_h.py:27] end prefill_layer cost 51.177 ms
DEBUG 04-24 11:11:05.754345.754345 lmp.py:341] -------------------------------- end prefill layer 2 --------------------------------
DEBUG 04-24 11:11:05.754618.754618 lmp.py:294] -------------------------------- start prefill layer 3 --------------------------------
DEBUG 04-24 11:11:05.754224.754224 cuda_h.py:27] end start_load_qkvogn_s_weight_l_4 cost 0.057 ms
DEBUG 04-24 11:11:05.755632.755632 cuda_h.py:27] end allocate_cuda_memory cost 0.311 ms
DEBUG 04-24 11:11:05.755900.755900 sllm_store_c.py:27] get device uuid map
DEBUG 04-24 11:11:05.755287.755287 sllm_store_c.py:29] call client load into gpu
DEBUG 04-24 11:11:05.757940.757940 cuda_h.py:27] end load_into_gpu_async cost 1.978 ms
DEBUG 04-24 11:11:05.757714.757714 cuda_h.py:27] end restore_tensors2 cost 0.192 ms
DEBUG 04-24 11:11:05.757179.757179 cuda_h.py:27] end allocate_cuda_memory_and_load_into_gpu cost 3.289 ms
DEBUG 04-24 11:11:05.758704.758704 cuda_h.py:27] end **self_attn cost 2.786 ms
DEBUG 04-24 11:11:05.759204.759204 cuda_h.py:27] end *iln_self_attn_paln cost 4.617 ms
DEBUG 04-24 11:11:05.759368.759368 cuda_h.py:27] end gate cost 0.671 ms
DEBUG 04-24 11:11:05.760363.760363 cuda_h.py:27] end experts_map_get cost 0.352 ms
DEBUG 04-24 11:11:05.760922.760922 cuda_h.py:27] end *before experts start* cost 1.197 ms
DEBUG 04-24 11:11:05.760673.760673 cuda_h.py:27] end cpu_experts_submit_fused_mp cost 0.243 ms
DEBUG 04-24 11:11:05.762700.762700 cuda_h.py:27] end *single cpu experts* cost 1.659 ms
DEBUG 04-24 11:11:05.762086.762086 cuda_h.py:27] end prepare_group_stack cost 0.419 ms
DEBUG 04-24 11:11:05.763007.763007 cuda_h.py:27] end group stack cost 0.532 ms
DEBUG 04-24 11:11:05.763600.763600 cuda_h.py:27] end move_flatidxs_group_fused_mp cost 1.130 ms
DEBUG 04-24 11:11:05.763198.763198 cuda_h.py:27] end get_fused_experts_names_w cost 0.021 ms
DEBUG 04-24 11:11:05.764155.764155 cuda_h.py:27] end prepare_group_stack cost 0.430 ms
DEBUG 04-24 11:11:05.764700.764700 sllm_store_c.py:27] get device uuid map
DEBUG 04-24 11:11:05.764461.764461 cuda_h.py:27] end prepare_group_stack cost 0.568 ms
DEBUG 04-24 11:11:05.764322.764322 cuda_h.py:27] end prepare_group_stack cost 0.561 ms
DEBUG 04-24 11:11:05.764669.764669 cuda_h.py:27] end restore_fused_tensors cost 0.591 ms
DEBUG 04-24 11:11:05.764290.764290 sllm_store_c.py:29] call client load into gpu
DEBUG 04-24 11:11:05.764947.764947 cuda_h.py:27] end group_fused_tensors_mp cost 0.821 ms
DEBUG 04-24 11:11:05.765072.765072 cuda_h.py:27] end group stack cost 0.852 ms
DEBUG 04-24 11:11:05.765221.765221 cuda_h.py:27] end move_flatidxs_group_fused_mp cost 1.653 ms
DEBUG 04-24 11:11:05.765231.765231 cuda_h.py:27] end get_fused_experts_names_w cost 0.024 ms
DEBUG 04-24 11:11:05.766851.766851 cuda_h.py:27] end restore_fused_tensors cost 0.580 ms
DEBUG 04-24 11:11:05.766324.766324 cuda_h.py:27] end group_fused_tensors_mp cost 0.834 ms
DEBUG 04-24 11:11:05.766176.766176 cuda_h.py:27] end group stack cost 1.720 ms
DEBUG 04-24 11:11:05.766842.766842 cuda_h.py:27] end group stack cost 1.839 ms
DEBUG 04-24 11:11:05.766502.766502 cuda_h.py:27] end move_flatidxs_group_fused_mp cost 2.796 ms
DEBUG 04-24 11:11:05.766874.766874 cuda_h.py:27] end move_flatidxs_group_fused_mp cost 2.822 ms
DEBUG 04-24 11:11:05.766736.766736 cuda_h.py:27] end get_fused_experts_names_w cost 0.022 ms
DEBUG 04-24 11:11:05.766183.766183 cuda_h.py:27] end get_fused_experts_names_w cost 0.031 ms
DEBUG 04-24 11:11:05.767754.767754 cuda_h.py:27] end restore_fused_tensors cost 0.654 ms
DEBUG 04-24 11:11:05.767287.767287 cuda_h.py:27] end group_fused_tensors_mp cost 1.060 ms
DEBUG 04-24 11:11:05.768982.768982 cuda_h.py:27] end restore_fused_tensors cost 1.052 ms
DEBUG 04-24 11:11:05.768427.768427 cuda_h.py:27] end group_fused_tensors_mp cost 1.362 ms
DEBUG 04-24 11:11:05.769389.769389 cuda_h.py:27] end load_into_gpu_async_fused_experts_dual cost 5.493 ms
DEBUG 04-24 11:11:05.770215.770215 cuda_h.py:27] end restore2model cost 4.777 ms
DEBUG 04-24 11:11:05.771710.771710 cuda_h.py:27] end restore_tensors2_fused_experts_packed cost 0.436 ms
DEBUG 04-24 11:11:05.772827.772827 cuda_h.py:27] end sllm_worker_task cost 17.460 ms
DEBUG 04-24 11:11:05.773766.773766 cuda_h.py:27] end restore_tensors2_fused_experts_slices cost 0.907 ms
DEBUG 04-24 11:11:05.774578.774578 cuda_h.py:27] end allocate_experts_cuda_memory_and_restore_model_multi_device_fused cost 12.043 ms
DEBUG 04-24 11:11:05.774035.774035 cuda_h.py:27] end gpu_sexperts cost 0.031 ms
DEBUG 04-24 11:11:05.774757.774757 cuda_h.py:27] end wait_load_qkvogn_s_weight cost 0.085 ms
DEBUG 04-24 11:11:05.776991.776991 mlpmodule.py:3373] [fused_group_bmm][steps] bmm1=6.875 ms split=0.201 ms act_mul=0.575 ms bmm2=3.838 ms
DEBUG 04-24 11:11:05.776846.776846 cuda_h.py:27] end fused_group_bmm cost 11.759 ms
DEBUG 04-24 11:11:05.777202.777202 cuda_h.py:27] end gather_outputs_group_fused_mp cost 0.786 ms
DEBUG 04-24 11:11:05.779085.779085 cuda_h.py:27] end cpu_experts_worker_bmm_or_einsum_0 cost 17.558 ms
DEBUG 04-24 11:11:05.779287.779287 mlpmodule.py:3373] [fused_group_bmm][steps] bmm1=6.924 ms split=0.212 ms act_mul=0.918 ms bmm2=3.799 ms
DEBUG 04-24 11:11:05.779500.779500 cuda_h.py:27] end fused_group_bmm cost 12.114 ms
DEBUG 04-24 11:11:05.780270.780270 cuda_h.py:27] end gather_outputs_group_fused_mp cost 0.592 ms
DEBUG 04-24 11:11:05.781635.781635 cuda_h.py:27] end cpu_experts_worker_bmm_or_einsum_2 cost 18.897 ms
DEBUG 04-24 11:11:05.786699.786699 mlpmodule.py:3373] [fused_group_bmm][steps] bmm1=13.622 ms split=0.315 ms act_mul=0.470 ms bmm2=5.474 ms
DEBUG 04-24 11:11:05.786766.786766 cuda_h.py:27] end fused_group_bmm cost 20.372 ms
DEBUG 04-24 11:11:05.786981.786981 mlpmodule.py:3373] [fused_group_bmm][steps] bmm1=12.198 ms split=0.132 ms act_mul=0.362 ms bmm2=5.372 ms
DEBUG 04-24 11:11:05.787158.787158 cuda_h.py:27] end fused_group_bmm cost 18.458 ms
DEBUG 04-24 11:11:05.787555.787555 cuda_h.py:27] end gather_outputs_group_fused_mp cost 0.562 ms
DEBUG 04-24 11:11:05.787131.787131 cuda_h.py:27] end gather_outputs_group_fused_mp cost 0.665 ms
DEBUG 04-24 11:11:05.788020.788020 cuda_h.py:27] end cpu_experts_worker_bmm_or_einsum_1 cost 25.730 ms
DEBUG 04-24 11:11:05.788444.788444 cuda_h.py:27] end cpu_experts_worker_bmm_or_einsum_3 cost 26.257 ms
DEBUG 04-24 11:11:05.790431.790431 cuda_h.py:27] end prepare_per_device_parameters cost 15.263 ms
DEBUG 04-24 11:11:05.793911.793911 cuda_h.py:27] end cpu_experts_scatter_reduce cost 1.217 ms
DEBUG 04-24 11:11:05.793020.793020 cuda_h.py:27] end cpu_thread_manager_mp_wait_fused cost 2.878 ms
DEBUG 04-24 11:11:05.794403.794403 cuda_h.py:27] end wait_experts_multi_device cost 1.491 ms
DEBUG 04-24 11:11:05.794593.794593 cuda_h.py:27] end *before fused experts* cost 32.697 ms
DEBUG 04-24 11:11:05.800589.800589 cuda_h.py:27] end gpu_experts_multi_device_fused cost 5.735 ms
DEBUG 04-24 11:11:05.800744.800744 cuda_h.py:27] end *gpu experts* cost 38.611 ms
DEBUG 04-24 11:11:05.800966.800966 cuda_h.py:27] end layer_moe_generate_mp_multi_device_fused_l_4 cost 41.678 ms
DEBUG 04-24 11:11:05.802818.802818 cuda_h.py:27] end *mlp cost 43.007 ms
DEBUG 04-24 11:11:05.802152.802152 cuda_h.py:27] end prefill_layer cost 47.794 ms
DEBUG 04-24 11:11:05.802716.802716 lmp.py:341] -------------------------------- end prefill layer 3 --------------------------------
DEBUG 04-24 11:11:05.802550.802550 lmp.py:294] -------------------------------- start prefill layer 4 --------------------------------
DEBUG 04-24 11:11:05.802301.802301 cuda_h.py:27] end start_load_qkvogn_s_weight_l_5 cost 0.054 ms
DEBUG 04-24 11:11:05.803701.803701 cuda_h.py:27] end allocate_cuda_memory cost 0.321 ms
DEBUG 04-24 11:11:05.803379.803379 sllm_store_c.py:27] get device uuid map
DEBUG 04-24 11:11:05.803723.803723 sllm_store_c.py:29] call client load into gpu
DEBUG 04-24 11:11:05.805722.805722 cuda_h.py:27] end load_into_gpu_async cost 1.934 ms
DEBUG 04-24 11:11:05.805233.805233 cuda_h.py:27] end restore_tensors2 cost 0.112 ms
DEBUG 04-24 11:11:05.805305.805305 cuda_h.py:27] end allocate_cuda_memory_and_load_into_gpu cost 3.017 ms
DEBUG 04-24 11:11:05.806742.806742 cuda_h.py:27] end **self_attn cost 2.027 ms
DEBUG 04-24 11:11:05.806712.806712 cuda_h.py:27] end *iln_self_attn_paln cost 3.843 ms
DEBUG 04-24 11:11:05.807915.807915 cuda_h.py:27] end gate cost 0.633 ms
DEBUG 04-24 11:11:05.807884.807884 cuda_h.py:27] end experts_map_get cost 0.371 ms
DEBUG 04-24 11:11:05.807204.807204 cuda_h.py:27] end *before experts start* cost 1.174 ms
DEBUG 04-24 11:11:05.808717.808717 cuda_h.py:27] end cpu_experts_submit_fused_mp cost 0.242 ms
DEBUG 04-24 11:11:05.809329.809329 cuda_h.py:27] end *single cpu experts* cost 1.705 ms
DEBUG 04-24 11:11:05.810352.810352 cuda_h.py:27] end prepare_group_stack cost 0.669 ms
DEBUG 04-24 11:11:05.811063.811063 cuda_h.py:27] end prepare_group_stack cost 0.589 ms
DEBUG 04-24 11:11:05.811435.811435 cuda_h.py:27] end prepare_group_stack cost 0.558 ms
DEBUG 04-24 11:11:05.811335.811335 cuda_h.py:27] end prepare_group_stack cost 0.801 ms
DEBUG 04-24 11:11:05.812477.812477 sllm_store_c.py:27] get device uuid map
DEBUG 04-24 11:11:05.812472.812472 cuda_h.py:27] end group stack cost 1.246 ms
DEBUG 04-24 11:11:05.812448.812448 sllm_store_c.py:29] call client load into gpu
DEBUG 04-24 11:11:05.813622.813622 cuda_h.py:27] end move_flatidxs_group_fused_mp cost 2.287 ms
DEBUG 04-24 11:11:05.813313.813313 cuda_h.py:27] end group stack cost 1.583 ms
DEBUG 04-24 11:11:05.813791.813791 cuda_h.py:27] end group stack cost 2.038 ms
DEBUG 04-24 11:11:05.813105.813105 cuda_h.py:27] end get_fused_experts_names_w cost 0.026 ms
DEBUG 04-24 11:11:05.813324.813324 cuda_h.py:27] end move_flatidxs_group_fused_mp cost 2.435 ms
DEBUG 04-24 11:11:05.813283.813283 cuda_h.py:27] end get_fused_experts_names_w cost 0.025 ms
DEBUG 04-24 11:11:05.813243.813243 cuda_h.py:27] end move_flatidxs_group_fused_mp cost 3.185 ms
DEBUG 04-24 11:11:05.813870.813870 cuda_h.py:27] end get_fused_experts_names_w cost 0.030 ms
DEBUG 04-24 11:11:05.814276.814276 cuda_h.py:27] end restore_fused_tensors cost 0.528 ms
DEBUG 04-24 11:11:05.814225.814225 cuda_h.py:27] end group_fused_tensors_mp cost 0.693 ms
DEBUG 04-24 11:11:05.814742.814742 cuda_h.py:27] end restore_fused_tensors cost 0.698 ms
DEBUG 04-24 11:11:05.814039.814039 cuda_h.py:27] end restore_fused_tensors cost 0.632 ms
DEBUG 04-24 11:11:05.814668.814668 cuda_h.py:27] end group_fused_tensors_mp cost 0.940 ms
DEBUG 04-24 11:11:05.814416.814416 cuda_h.py:27] end group_fused_tensors_mp cost 1.205 ms
DEBUG 04-24 11:11:05.814562.814562 cuda_h.py:27] end group stack cost 2.638 ms
DEBUG 04-24 11:11:05.814080.814080 cuda_h.py:27] end move_flatidxs_group_fused_mp cost 3.915 ms
DEBUG 04-24 11:11:05.815828.815828 cuda_h.py:27] end get_fused_experts_names_w cost 0.043 ms
DEBUG 04-24 11:11:05.816696.816696 cuda_h.py:27] end restore_fused_tensors cost 1.444 ms
DEBUG 04-24 11:11:05.816670.816670 cuda_h.py:27] end group_fused_tensors_mp cost 1.859 ms
DEBUG 04-24 11:11:05.816917.816917 cuda_h.py:27] end restore2model cost 1.321 ms
DEBUG 04-24 11:11:05.817431.817431 cuda_h.py:27] end sllm_worker_task cost 14.875 ms
DEBUG 04-24 11:11:05.818630.818630 cuda_h.py:27] end load_into_gpu_async_fused_experts_dual cost 6.007 ms
DEBUG 04-24 11:11:05.820007.820007 cuda_h.py:27] end restore_tensors2_fused_experts_packed cost 0.324 ms
DEBUG 04-24 11:11:05.821932.821932 cuda_h.py:27] end restore_tensors2_fused_experts_slices cost 0.525 ms
DEBUG 04-24 11:11:05.821661.821661 cuda_h.py:27] end allocate_experts_cuda_memory_and_restore_model_multi_device_fused cost 11.812 ms
DEBUG 04-24 11:11:05.821189.821189 cuda_h.py:27] end gpu_sexperts cost 0.019 ms
DEBUG 04-24 11:11:05.821106.821106 cuda_h.py:27] end wait_load_qkvogn_s_weight cost 0.056 ms
DEBUG 04-24 11:11:05.825980.825980 mlpmodule.py:3373] [fused_group_bmm][steps] bmm1=6.666 ms split=0.194 ms act_mul=0.651 ms bmm2=3.393 ms
DEBUG 04-24 11:11:05.825036.825036 cuda_h.py:27] end fused_group_bmm cost 11.219 ms
DEBUG 04-24 11:11:05.826924.826924 cuda_h.py:27] end gather_outputs_group_fused_mp cost 0.750 ms
DEBUG 04-24 11:11:05.827846.827846 cuda_h.py:27] end cpu_experts_worker_bmm_or_einsum_2 cost 17.177 ms
DEBUG 04-24 11:11:05.827832.827832 mlpmodule.py:3373] [fused_group_bmm][steps] bmm1=7.733 ms split=0.219 ms act_mul=0.805 ms bmm2=4.092 ms
DEBUG 04-24 11:11:05.827363.827363 cuda_h.py:27] end fused_group_bmm cost 13.092 ms
DEBUG 04-24 11:11:05.828646.828646 cuda_h.py:27] end gather_outputs_group_fused_mp cost 0.426 ms
DEBUG 04-24 11:11:05.829502.829502 cuda_h.py:27] end cpu_experts_worker_bmm_or_einsum_0 cost 19.012 ms
DEBUG 04-24 11:11:05.833183.833183 mlpmodule.py:3373] [fused_group_bmm][steps] bmm1=11.206 ms split=0.112 ms act_mul=0.515 ms bmm2=4.633 ms
DEBUG 04-24 11:11:05.834949.834949 cuda_h.py:27] end fused_group_bmm cost 16.871 ms
DEBUG 04-24 11:11:05.834069.834069 mlpmodule.py:3373] [fused_group_bmm][steps] bmm1=13.257 ms split=0.135 ms act_mul=0.561 ms bmm2=5.565 ms
DEBUG 04-24 11:11:05.834092.834092 cuda_h.py:27] end fused_group_bmm cost 19.855 ms
DEBUG 04-24 11:11:05.835359.835359 cuda_h.py:27] end gather_outputs_group_fused_mp cost 0.640 ms
DEBUG 04-24 11:11:05.835576.835576 cuda_h.py:27] end gather_outputs_group_fused_mp cost 0.436 ms
DEBUG 04-24 11:11:05.835964.835964 cuda_h.py:27] end cpu_experts_worker_bmm_or_einsum_1 cost 26.391 ms
DEBUG 04-24 11:11:05.836649.836649 cuda_h.py:27] end cpu_experts_worker_bmm_or_einsum_3 cost 25.808 ms
DEBUG 04-24 11:11:05.838599.838599 cuda_h.py:27] end prepare_per_device_parameters cost 16.354 ms
DEBUG 04-24 11:11:05.840857.840857 cuda_h.py:27] end cpu_experts_scatter_reduce cost 0.982 ms
DEBUG 04-24 11:11:05.840389.840389 cuda_h.py:27] end cpu_thread_manager_mp_wait_fused cost 2.124 ms
DEBUG 04-24 11:11:05.841742.841742 cuda_h.py:27] end wait_experts_multi_device cost 1.380 ms
DEBUG 04-24 11:11:05.842578.842578 cuda_h.py:27] end *before fused experts* cost 32.479 ms
DEBUG 04-24 11:11:05.847999.847999 cuda_h.py:27] end gpu_experts_multi_device_fused cost 5.608 ms
DEBUG 04-24 11:11:05.847538.847538 cuda_h.py:27] end *gpu experts* cost 38.207 ms
DEBUG 04-24 11:11:05.847892.847892 cuda_h.py:27] end layer_moe_generate_mp_multi_device_fused_l_5 cost 41.287 ms
DEBUG 04-24 11:11:05.849328.849328 cuda_h.py:27] end *mlp cost 42.450 ms
DEBUG 04-24 11:11:05.849318.849318 cuda_h.py:27] end prefill_layer cost 46.675 ms
DEBUG 04-24 11:11:05.849028.849028 lmp.py:341] -------------------------------- end prefill layer 4 --------------------------------
DEBUG 04-24 11:11:05.849777.849777 lmp.py:294] -------------------------------- start prefill layer 5 --------------------------------
DEBUG 04-24 11:11:05.849482.849482 cuda_h.py:27] end start_load_qkvogn_s_weight_l_6 cost 0.059 ms
DEBUG 04-24 11:11:05.850183.850183 cuda_h.py:27] end allocate_cuda_memory cost 0.484 ms
DEBUG 04-24 11:11:05.850621.850621 sllm_store_c.py:27] get device uuid map
DEBUG 04-24 11:11:05.850438.850438 sllm_store_c.py:29] call client load into gpu
DEBUG 04-24 11:11:05.852737.852737 cuda_h.py:27] end load_into_gpu_async cost 1.875 ms
DEBUG 04-24 11:11:05.852077.852077 cuda_h.py:27] end restore_tensors2 cost 0.132 ms
DEBUG 04-24 11:11:05.852646.852646 cuda_h.py:27] end allocate_cuda_memory_and_load_into_gpu cost 3.562 ms
DEBUG 04-24 11:11:05.862260.862260 cuda_h.py:27] end restore2model cost 1.724 ms
DEBUG 04-24 11:11:05.862923.862923 cuda_h.py:27] end sllm_worker_task cost 12.825 ms
DEBUG 04-24 11:11:05.887516.887516 cuda_h.py:27] end **self_attn cost 35.876 ms
DEBUG 04-24 11:11:05.887336.887336 cuda_h.py:27] end *iln_self_attn_paln cost 38.228 ms
DEBUG 04-24 11:11:05.888253.888253 cuda_h.py:27] end gate cost 0.687 ms
DEBUG 04-24 11:11:05.888964.888964 cuda_h.py:27] end experts_map_get cost 0.373 ms
DEBUG 04-24 11:11:05.889099.889099 cuda_h.py:27] end *before experts start* cost 1.257 ms
DEBUG 04-24 11:11:05.889306.889306 cuda_h.py:27] end cpu_experts_submit_fused_mp cost 0.228 ms
DEBUG 04-24 11:11:05.891730.891730 cuda_h.py:27] end *single cpu experts* cost 2.391 ms
DEBUG 04-24 11:11:06.047533.047533 cuda_h.py:27] end prepare_group_stack cost 0.506 ms
DEBUG 04-24 11:11:06.048548.048548 sllm_store_c.py:27] get device uuid map
DEBUG 04-24 11:11:06.048710.048710 cuda_h.py:27] end prepare_group_stack cost 0.480 ms
DEBUG 04-24 11:11:06.048055.048055 cuda_h.py:27] end prepare_group_stack cost 0.517 ms
DEBUG 04-24 11:11:06.048357.048357 sllm_store_c.py:29] call client load into gpu
DEBUG 04-24 11:11:06.048477.048477 cuda_h.py:27] end group stack cost 0.803 ms
DEBUG 04-24 11:11:06.048560.048560 cuda_h.py:27] end move_flatidxs_group_fused_mp cost 1.535 ms
DEBUG 04-24 11:11:06.049264.049264 cuda_h.py:27] end get_fused_experts_names_w cost 0.021 ms
DEBUG 04-24 11:11:06.049115.049115 cuda_h.py:27] end group stack cost 0.515 ms
DEBUG 04-24 11:11:06.049603.049603 cuda_h.py:27] end move_flatidxs_group_fused_mp cost 1.262 ms
DEBUG 04-24 11:11:06.049970.049970 cuda_h.py:27] end get_fused_experts_names_w cost 0.021 ms
DEBUG 04-24 11:11:06.049959.049959 cuda_h.py:27] end restore_fused_tensors cost 0.368 ms
DEBUG 04-24 11:11:06.049881.049881 cuda_h.py:27] end group_fused_tensors_mp cost 0.656 ms
DEBUG 04-24 11:11:06.049163.049163 cuda_h.py:27] end prepare_group_stack cost 0.517 ms
DEBUG 04-24 11:11:06.049206.049206 cuda_h.py:27] end restore_fused_tensors cost 0.493 ms
DEBUG 04-24 11:11:06.049565.049565 cuda_h.py:27] end group_fused_tensors_mp cost 0.604 ms
DEBUG 04-24 11:11:06.050412.050412 cuda_h.py:27] end group stack cost 1.622 ms
DEBUG 04-24 11:11:06.050390.050390 cuda_h.py:27] end move_flatidxs_group_fused_mp cost 2.453 ms
DEBUG 04-24 11:11:06.050725.050725 cuda_h.py:27] end get_fused_experts_names_w cost 0.052 ms
DEBUG 04-24 11:11:06.051364.051364 cuda_h.py:27] end group stack cost 1.316 ms
DEBUG 04-24 11:11:06.051918.051918 cuda_h.py:27] end move_flatidxs_group_fused_mp cost 2.132 ms
DEBUG 04-24 11:11:06.051126.051126 cuda_h.py:27] end get_fused_experts_names_w cost 0.032 ms
DEBUG 04-24 11:11:06.051372.051372 cuda_h.py:27] end restore_fused_tensors cost 0.853 ms
DEBUG 04-24 11:11:06.051251.051251 cuda_h.py:27] end group_fused_tensors_mp cost 1.321 ms
DEBUG 04-24 11:11:06.051564.051564 cuda_h.py:27] end restore_fused_tensors cost 0.569 ms
DEBUG 04-24 11:11:06.051036.051036 cuda_h.py:27] end group_fused_tensors_mp cost 0.709 ms
DEBUG 04-24 11:11:06.054641.054641 cuda_h.py:27] end load_into_gpu_async_fused_experts_dual cost 6.632 ms
DEBUG 04-24 11:11:06.055747.055747 cuda_h.py:27] end restore_tensors2_fused_experts_packed cost 0.544 ms
DEBUG 04-24 11:11:06.056680.056680 cuda_h.py:27] end restore_tensors2_fused_experts_slices cost 0.776 ms
DEBUG 04-24 11:11:06.057071.057071 cuda_h.py:27] end allocate_experts_cuda_memory_and_restore_model_multi_device_fused cost 165.720 ms
DEBUG 04-24 11:11:06.057257.057257 cuda_h.py:27] end gpu_sexperts cost 0.039 ms
DEBUG 04-24 11:11:06.057358.057358 cuda_h.py:27] end wait_load_qkvogn_s_weight cost 0.085 ms
DEBUG 04-24 11:11:06.066210.066210 mlpmodule.py:3373] [fused_group_bmm][steps] bmm1=8.673 ms split=0.093 ms act_mul=0.730 ms bmm2=7.037 ms
DEBUG 04-24 11:11:06.066914.066914 cuda_h.py:27] end fused_group_bmm cost 16.812 ms
DEBUG 04-24 11:11:06.066334.066334 mlpmodule.py:3373] [fused_group_bmm][steps] bmm1=7.771 ms split=0.152 ms act_mul=0.849 ms bmm2=5.873 ms
DEBUG 04-24 11:11:06.067562.067562 cuda_h.py:27] end fused_group_bmm cost 14.961 ms
DEBUG 04-24 11:11:06.067950.067950 cuda_h.py:27] end gather_outputs_group_fused_mp cost 0.432 ms
DEBUG 04-24 11:11:06.067914.067914 cuda_h.py:27] end cpu_experts_worker_bmm_or_einsum_0 cost 20.316 ms
DEBUG 04-24 11:11:06.067951.067951 mlpmodule.py:3373] [fused_group_bmm][steps] bmm1=9.108 ms split=0.114 ms act_mul=0.956 ms bmm2=7.769 ms
DEBUG 04-24 11:11:06.067236.067236 cuda_h.py:27] end fused_group_bmm cost 18.198 ms
DEBUG 04-24 11:11:06.068027.068027 cuda_h.py:27] end gather_outputs_group_fused_mp cost 0.629 ms
DEBUG 04-24 11:11:06.068130.068130 cuda_h.py:27] end gather_outputs_group_fused_mp cost 0.396 ms
DEBUG 04-24 11:11:06.068685.068685 cuda_h.py:27] end cpu_experts_worker_bmm_or_einsum_2 cost 20.002 ms
DEBUG 04-24 11:11:06.069688.069688 cuda_h.py:27] end cpu_experts_worker_bmm_or_einsum_1 cost 22.047 ms
DEBUG 04-24 11:11:06.074792.074792 mlpmodule.py:3373] [fused_group_bmm][steps] bmm1=8.568 ms split=1.651 ms act_mul=7.596 ms bmm2=4.073 ms
DEBUG 04-24 11:11:06.074361.074361 cuda_h.py:27] end fused_group_bmm cost 22.427 ms
DEBUG 04-24 11:11:06.075402.075402 cuda_h.py:27] end gather_outputs_group_fused_mp cost 0.939 ms
DEBUG 04-24 11:11:06.076166.076166 cuda_h.py:27] end prepare_per_device_parameters cost 18.025 ms
DEBUG 04-24 11:11:06.076634.076634 cuda_h.py:27] end cpu_experts_worker_bmm_or_einsum_3 cost 29.375 ms
DEBUG 04-24 11:11:06.078599.078599 cuda_h.py:27] end cpu_experts_scatter_reduce cost 0.910 ms
DEBUG 04-24 11:11:06.078861.078861 cuda_h.py:27] end cpu_thread_manager_mp_wait_fused cost 2.397 ms
DEBUG 04-24 11:11:06.080148.080148 cuda_h.py:27] end wait_experts_multi_device cost 1.437 ms
DEBUG 04-24 11:11:06.080468.080468 cuda_h.py:27] end *before fused experts* cost 188.697 ms
DEBUG 04-24 11:11:06.086282.086282 cuda_h.py:27] end gpu_experts_multi_device_fused cost 6.459 ms
DEBUG 04-24 11:11:06.086615.086615 cuda_h.py:27] end *gpu experts* cost 195.267 ms
DEBUG 04-24 11:11:06.086148.086148 cuda_h.py:27] end layer_moe_generate_mp_multi_device_fused_l_6 cost 199.116 ms
DEBUG 04-24 11:11:06.088144.088144 cuda_h.py:27] end *mlp cost 200.377 ms
DEBUG 04-24 11:11:06.088273.088273 cuda_h.py:27] end prefill_layer cost 239.092 ms
DEBUG 04-24 11:11:06.088413.088413 lmp.py:341] -------------------------------- end prefill layer 5 --------------------------------
DEBUG 04-24 11:11:06.088831.088831 lmp.py:294] -------------------------------- start prefill layer 6 --------------------------------
DEBUG 04-24 11:11:06.088543.088543 cuda_h.py:27] end start_load_qkvogn_s_weight_l_7 cost 0.062 ms
DEBUG 04-24 11:11:06.088925.088925 cuda_h.py:27] end allocate_cuda_memory cost 0.309 ms
DEBUG 04-24 11:11:06.089328.089328 sllm_store_c.py:27] get device uuid map
DEBUG 04-24 11:11:06.089701.089701 sllm_store_c.py:29] call client load into gpu
DEBUG 04-24 11:11:06.090499.090499 cuda_h.py:27] end load_into_gpu_async cost 1.724 ms
DEBUG 04-24 11:11:06.091338.091338 cuda_h.py:27] end restore_tensors2 cost 0.191 ms
DEBUG 04-24 11:11:06.091302.091302 cuda_h.py:27] end allocate_cuda_memory_and_load_into_gpu cost 2.723 ms
DEBUG 04-24 11:11:06.091415.091415 cuda_h.py:27] end **self_attn cost 2.496 ms
DEBUG 04-24 11:11:06.092074.092074 cuda_h.py:27] end *iln_self_attn_paln cost 3.869 ms
DEBUG 04-24 11:11:06.093154.093154 cuda_h.py:27] end gate cost 0.676 ms
DEBUG 04-24 11:11:06.093189.093189 cuda_h.py:27] end experts_map_get cost 0.351 ms
DEBUG 04-24 11:11:06.093601.093601 cuda_h.py:27] end *before experts start* cost 1.193 ms
DEBUG 04-24 11:11:06.093232.093232 cuda_h.py:27] end cpu_experts_submit_fused_mp cost 0.226 ms
DEBUG 04-24 11:11:06.095805.095805 cuda_h.py:27] end *single cpu experts* cost 2.061 ms
DEBUG 04-24 11:11:06.097444.097444 cuda_h.py:27] end prepare_group_stack cost 0.495 ms
DEBUG 04-24 11:11:06.097502.097502 sllm_store_c.py:27] get device uuid map
DEBUG 04-24 11:11:06.097253.097253 cuda_h.py:27] end prepare_group_stack cost 0.779 ms
DEBUG 04-24 11:11:06.097071.097071 sllm_store_c.py:29] call client load into gpu
DEBUG 04-24 11:11:06.098528.098528 cuda_h.py:27] end group stack cost 0.813 ms
DEBUG 04-24 11:11:06.098288.098288 cuda_h.py:27] end move_flatidxs_group_fused_mp cost 1.596 ms
DEBUG 04-24 11:11:06.098867.098867 cuda_h.py:27] end get_fused_experts_names_w cost 0.029 ms
DEBUG 04-24 11:11:06.098662.098662 cuda_h.py:27] end prepare_group_stack cost 0.710 ms
DEBUG 04-24 11:11:06.098075.098075 cuda_h.py:27] end prepare_group_stack cost 0.827 ms
DEBUG 04-24 11:11:06.098850.098850 cuda_h.py:27] end restore_fused_tensors cost 0.446 ms
DEBUG 04-24 11:11:06.098110.098110 cuda_h.py:27] end group_fused_tensors_mp cost 0.565 ms
DEBUG 04-24 11:11:06.099704.099704 cuda_h.py:27] end group stack cost 1.626 ms
DEBUG 04-24 11:11:06.099395.099395 cuda_h.py:27] end move_flatidxs_group_fused_mp cost 2.867 ms
DEBUG 04-24 11:11:06.099329.099329 cuda_h.py:27] end get_fused_experts_names_w cost 0.095 ms
DEBUG 04-24 11:11:06.100319.100319 cuda_h.py:27] end load_into_gpu_async_fused_experts_dual cost 2.642 ms
DEBUG 04-24 11:11:06.100956.100956 cuda_h.py:27] end group stack cost 1.558 ms
DEBUG 04-24 11:11:06.100940.100940 cuda_h.py:27] end restore2model cost 1.243 ms
DEBUG 04-24 11:11:06.100783.100783 cuda_h.py:27] end move_flatidxs_group_fused_mp cost 2.971 ms
DEBUG 04-24 11:11:06.100668.100668 cuda_h.py:27] end restore_tensors2_fused_experts_packed cost 0.067 ms
DEBUG 04-24 11:11:06.100082.100082 cuda_h.py:27] end get_fused_experts_names_w cost 0.039 ms
DEBUG 04-24 11:11:06.101546.101546 cuda_h.py:27] end restore_fused_tensors cost 1.104 ms
DEBUG 04-24 11:11:06.100921.100921 cuda_h.py:27] end sllm_worker_task cost 12.135 ms
DEBUG 04-24 11:11:06.101002.101002 cuda_h.py:27] end group_fused_tensors_mp cost 1.642 ms
DEBUG 04-24 11:11:06.101457.101457 cuda_h.py:27] end group stack cost 2.433 ms
DEBUG 04-24 11:11:06.101628.101628 cuda_h.py:27] end restore_tensors2_fused_experts_slices cost 0.233 ms
DEBUG 04-24 11:11:06.101258.101258 cuda_h.py:27] end allocate_experts_cuda_memory_and_restore_model_multi_device_fused cost 5.922 ms
DEBUG 04-24 11:11:06.101551.101551 cuda_h.py:27] end gpu_sexperts cost 0.006 ms
DEBUG 04-24 11:11:06.101803.101803 cuda_h.py:27] end move_flatidxs_group_fused_mp cost 4.220 ms
DEBUG 04-24 11:11:06.101671.101671 cuda_h.py:27] end wait_load_qkvogn_s_weight cost 0.022 ms
DEBUG 04-24 11:11:06.102349.102349 cuda_h.py:27] end get_fused_experts_names_w cost 0.045 ms
DEBUG 04-24 11:11:06.102611.102611 cuda_h.py:27] end restore_fused_tensors cost 1.115 ms
DEBUG 04-24 11:11:06.102364.102364 cuda_h.py:27] end group_fused_tensors_mp cost 1.553 ms
DEBUG 04-24 11:11:06.103968.103968 cuda_h.py:27] end restore_fused_tensors cost 1.427 ms
DEBUG 04-24 11:11:06.103583.103583 cuda_h.py:27] end group_fused_tensors_mp cost 1.910 ms
DEBUG 04-24 11:11:06.114679.114679 mlpmodule.py:3373] [fused_group_bmm][steps] bmm1=5.922 ms split=0.899 ms act_mul=1.735 ms bmm2=6.509 ms
DEBUG 04-24 11:11:06.114712.114712 cuda_h.py:27] end fused_group_bmm cost 15.482 ms
DEBUG 04-24 11:11:06.115871.115871 cuda_h.py:27] end gather_outputs_group_fused_mp cost 0.921 ms
DEBUG 04-24 11:11:06.117421.117421 cuda_h.py:27] end cpu_experts_worker_bmm_or_einsum_1 cost 22.106 ms
DEBUG 04-24 11:11:06.118305.118305 mlpmodule.py:3373] [fused_group_bmm][steps] bmm1=11.737 ms split=0.385 ms act_mul=0.429 ms bmm2=3.727 ms
DEBUG 04-24 11:11:06.118800.118800 cuda_h.py:27] end fused_group_bmm cost 16.698 ms
DEBUG 04-24 11:11:06.119216.119216 cuda_h.py:27] end gather_outputs_group_fused_mp cost 0.996 ms
DEBUG 04-24 11:11:06.120040.120040 mlpmodule.py:3373] [fused_group_bmm][steps] bmm1=11.454 ms split=0.274 ms act_mul=0.418 ms bmm2=4.119 ms
DEBUG 04-24 11:11:06.120379.120379 cuda_h.py:27] end cpu_experts_worker_bmm_or_einsum_3 cost 25.017 ms
DEBUG 04-24 11:11:06.120647.120647 cuda_h.py:27] end fused_group_bmm cost 16.677 ms
DEBUG 04-24 11:11:06.121876.121876 cuda_h.py:27] end gather_outputs_group_fused_mp cost 0.626 ms
DEBUG 04-24 11:11:06.121001.121001 mlpmodule.py:3373] [fused_group_bmm][steps] bmm1=13.952 ms split=0.119 ms act_mul=0.759 ms bmm2=4.139 ms
DEBUG 04-24 11:11:06.121742.121742 cuda_h.py:27] end fused_group_bmm cost 19.165 ms
DEBUG 04-24 11:11:06.121004.121004 cuda_h.py:27] end prepare_per_device_parameters cost 19.981 ms
DEBUG 04-24 11:11:06.122693.122693 cuda_h.py:27] end gather_outputs_group_fused_mp cost 0.367 ms
DEBUG 04-24 11:11:06.122606.122606 cuda_h.py:27] end cpu_experts_worker_bmm_or_einsum_2 cost 25.544 ms
DEBUG 04-24 11:11:06.122291.122291 cuda_h.py:27] end cpu_experts_worker_bmm_or_einsum_0 cost 26.139 ms
DEBUG 04-24 11:11:06.124598.124598 cuda_h.py:27] end cpu_experts_scatter_reduce cost 0.946 ms
DEBUG 04-24 11:11:06.124521.124521 cuda_h.py:27] end cpu_thread_manager_mp_wait_fused cost 2.602 ms
DEBUG 04-24 11:11:06.126194.126194 cuda_h.py:27] end wait_experts_multi_device cost 1.263 ms
DEBUG 04-24 11:11:06.126467.126467 cuda_h.py:27] end *before fused experts* cost 30.384 ms
DEBUG 04-24 11:11:06.132638.132638 cuda_h.py:27] end gpu_experts_multi_device_fused cost 6.439 ms
DEBUG 04-24 11:11:06.132191.132191 cuda_h.py:27] end *gpu experts* cost 36.955 ms
DEBUG 04-24 11:11:06.132095.132095 cuda_h.py:27] end layer_moe_generate_mp_multi_device_fused_l_7 cost 40.452 ms
DEBUG 04-24 11:11:06.133100.133100 cuda_h.py:27] end *mlp cost 41.586 ms
DEBUG 04-24 11:11:06.134361.134361 cuda_h.py:27] end prefill_layer cost 45.683 ms
DEBUG 04-24 11:11:06.134547.134547 lmp.py:341] -------------------------------- end prefill layer 6 --------------------------------
DEBUG 04-24 11:11:06.134850.134850 lmp.py:294] -------------------------------- start prefill layer 7 --------------------------------
DEBUG 04-24 11:11:06.134800.134800 cuda_h.py:27] end start_load_qkvogn_s_weight_l_8 cost 0.058 ms
DEBUG 04-24 11:11:06.135518.135518 cuda_h.py:27] end allocate_cuda_memory cost 0.439 ms
DEBUG 04-24 11:11:06.135421.135421 sllm_store_c.py:27] get device uuid map
DEBUG 04-24 11:11:06.135389.135389 sllm_store_c.py:29] call client load into gpu
DEBUG 04-24 11:11:06.137224.137224 cuda_h.py:27] end load_into_gpu_async cost 1.816 ms
DEBUG 04-24 11:11:06.137556.137556 cuda_h.py:27] end restore_tensors2 cost 0.120 ms
DEBUG 04-24 11:11:06.137154.137154 cuda_h.py:27] end allocate_cuda_memory_and_load_into_gpu cost 3.124 ms
DEBUG 04-24 11:11:06.138955.138955 cuda_h.py:27] end **self_attn cost 2.219 ms
DEBUG 04-24 11:11:06.138158.138158 cuda_h.py:27] end *iln_self_attn_paln cost 4.228 ms
DEBUG 04-24 11:11:06.139335.139335 cuda_h.py:27] end gate cost 0.640 ms
DEBUG 04-24 11:11:06.139271.139271 cuda_h.py:27] end experts_map_get cost 0.382 ms
DEBUG 04-24 11:11:06.139253.139253 cuda_h.py:27] end *before experts start* cost 1.190 ms
DEBUG 04-24 11:11:06.140719.140719 cuda_h.py:27] end cpu_experts_submit_fused_mp cost 0.243 ms
DEBUG 04-24 11:11:06.141395.141395 cuda_h.py:27] end *single cpu experts* cost 1.612 ms
DEBUG 04-24 11:11:06.143064.143064 sllm_store_c.py:27] get device uuid map
DEBUG 04-24 11:11:06.144334.144334 sllm_store_c.py:29] call client load into gpu
DEBUG 04-24 11:11:06.144260.144260 cuda_h.py:27] end prepare_group_stack cost 0.516 ms
DEBUG 04-24 11:11:06.144669.144669 cuda_h.py:27] end prepare_group_stack cost 0.653 ms
DEBUG 04-24 11:11:06.144207.144207 cuda_h.py:27] end prepare_group_stack cost 0.623 ms
DEBUG 04-24 11:11:06.144846.144846 cuda_h.py:27] end prepare_group_stack cost 0.720 ms
DEBUG 04-24 11:11:06.145215.145215 cuda_h.py:27] end group stack cost 1.184 ms
DEBUG 04-24 11:11:06.145894.145894 cuda_h.py:27] end move_flatidxs_group_fused_mp cost 2.360 ms
DEBUG 04-24 11:11:06.145221.145221 cuda_h.py:27] end get_fused_experts_names_w cost 0.023 ms
DEBUG 04-24 11:11:06.145422.145422 cuda_h.py:27] end group stack cost 1.402 ms
DEBUG 04-24 11:11:06.146100.146100 cuda_h.py:27] end restore2model cost 1.030 ms
DEBUG 04-24 11:11:06.146921.146921 cuda_h.py:27] end sllm_worker_task cost 11.595 ms
DEBUG 04-24 11:11:06.146609.146609 cuda_h.py:27] end group stack cost 1.636 ms
DEBUG 04-24 11:11:06.146207.146207 cuda_h.py:27] end move_flatidxs_group_fused_mp cost 2.700 ms
DEBUG 04-24 11:11:06.146676.146676 cuda_h.py:27] end restore_fused_tensors cost 0.512 ms
DEBUG 04-24 11:11:06.146970.146970 cuda_h.py:27] end group stack cost 1.551 ms
DEBUG 04-24 11:11:06.146864.146864 cuda_h.py:27] end group_fused_tensors_mp cost 0.641 ms
DEBUG 04-24 11:11:06.146336.146336 cuda_h.py:27] end load_into_gpu_async_fused_experts_dual cost 2.377 ms
DEBUG 04-24 11:11:06.146692.146692 cuda_h.py:27] end move_flatidxs_group_fused_mp cost 2.903 ms
DEBUG 04-24 11:11:06.146978.146978 cuda_h.py:27] end get_fused_experts_names_w cost 0.037 ms
DEBUG 04-24 11:11:06.146217.146217 cuda_h.py:27] end get_fused_experts_names_w cost 0.028 ms
DEBUG 04-24 11:11:06.146529.146529 cuda_h.py:27] end restore_tensors2_fused_experts_packed cost 0.060 ms
DEBUG 04-24 11:11:06.146455.146455 cuda_h.py:27] end move_flatidxs_group_fused_mp cost 3.149 ms
DEBUG 04-24 11:11:06.146780.146780 cuda_h.py:27] end get_fused_experts_names_w cost 0.036 ms
DEBUG 04-24 11:11:06.147997.147997 cuda_h.py:27] end restore_tensors2_fused_experts_slices cost 0.232 ms
DEBUG 04-24 11:11:06.147467.147467 cuda_h.py:27] end allocate_experts_cuda_memory_and_restore_model_multi_device_fused cost 5.632 ms
DEBUG 04-24 11:11:06.147274.147274 cuda_h.py:27] end gpu_sexperts cost 0.005 ms
DEBUG 04-24 11:11:06.147342.147342 cuda_h.py:27] end wait_load_qkvogn_s_weight cost 0.019 ms
DEBUG 04-24 11:11:06.147746.147746 cuda_h.py:27] end restore_fused_tensors cost 0.648 ms
DEBUG 04-24 11:11:06.147448.147448 cuda_h.py:27] end group_fused_tensors_mp cost 1.010 ms
DEBUG 04-24 11:11:06.148395.148395 cuda_h.py:27] end restore_fused_tensors cost 1.230 ms
DEBUG 04-24 11:11:06.148863.148863 cuda_h.py:27] end group_fused_tensors_mp cost 1.747 ms
DEBUG 04-24 11:11:06.148254.148254 cuda_h.py:27] end restore_fused_tensors cost 1.171 ms
DEBUG 04-24 11:11:06.148521.148521 cuda_h.py:27] end group_fused_tensors_mp cost 1.606 ms
DEBUG 04-24 11:11:06.161421.161421 mlpmodule.py:3373] [fused_group_bmm][steps] bmm1=9.185 ms split=0.202 ms act_mul=0.737 ms bmm2=4.770 ms
DEBUG 04-24 11:11:06.162576.162576 cuda_h.py:27] end fused_group_bmm cost 15.413 ms
DEBUG 04-24 11:11:06.163681.163681 cuda_h.py:27] end gather_outputs_group_fused_mp cost 0.826 ms
DEBUG 04-24 11:11:06.163743.163743 mlpmodule.py:3373] [fused_group_bmm][steps] bmm1=9.984 ms split=0.139 ms act_mul=0.654 ms bmm2=4.069 ms
DEBUG 04-24 11:11:06.163414.163414 cuda_h.py:27] end fused_group_bmm cost 15.335 ms
DEBUG 04-24 11:11:06.164538.164538 cuda_h.py:27] end cpu_experts_worker_bmm_or_einsum_2 cost 21.842 ms
DEBUG 04-24 11:11:06.164223.164223 cuda_h.py:27] end gather_outputs_group_fused_mp cost 0.347 ms
DEBUG 04-24 11:11:06.164725.164725 cuda_h.py:27] end cpu_experts_worker_bmm_or_einsum_0 cost 22.628 ms
DEBUG 04-24 11:11:06.170460.170460 mlpmodule.py:3373] [fused_group_bmm][steps] bmm1=17.211 ms split=0.324 ms act_mul=0.882 ms bmm2=3.777 ms
DEBUG 04-24 11:11:06.170058.170058 cuda_h.py:27] end fused_group_bmm cost 22.457 ms
DEBUG 04-24 11:11:06.170826.170826 cuda_h.py:27] end prepare_per_device_parameters cost 22.725 ms
DEBUG 04-24 11:11:06.171182.171182 cuda_h.py:27] end gather_outputs_group_fused_mp cost 0.831 ms
DEBUG 04-24 11:11:06.172334.172334 cuda_h.py:27] end cpu_experts_worker_bmm_or_einsum_3 cost 30.289 ms
DEBUG 04-24 11:11:06.176024.176024 mlpmodule.py:3373] [fused_group_bmm][steps] bmm1=19.239 ms split=0.328 ms act_mul=1.107 ms bmm2=7.127 ms
DEBUG 04-24 11:11:06.177893.177893 cuda_h.py:27] end fused_group_bmm cost 28.427 ms
DEBUG 04-24 11:11:06.178425.178425 cuda_h.py:27] end gather_outputs_group_fused_mp cost 0.959 ms
DEBUG 04-24 11:11:06.179063.179063 cuda_h.py:27] end cpu_experts_worker_bmm_or_einsum_1 cost 37.259 ms
DEBUG 04-24 11:11:06.180078.180078 cuda_h.py:27] end cpu_experts_scatter_reduce cost 0.867 ms
DEBUG 04-24 11:11:06.180520.180520 cuda_h.py:27] end cpu_thread_manager_mp_wait_fused cost 9.920 ms
DEBUG 04-24 11:11:06.182119.182119 cuda_h.py:27] end wait_experts_multi_device cost 1.419 ms
DEBUG 04-24 11:11:06.182167.182167 cuda_h.py:27] end *before fused experts* cost 40.811 ms
DEBUG 04-24 11:11:06.188273.188273 cuda_h.py:27] end gpu_experts_multi_device_fused cost 6.053 ms
DEBUG 04-24 11:11:06.188622.188622 cuda_h.py:27] end *gpu experts* cost 47.079 ms
DEBUG 04-24 11:11:06.188182.188182 cuda_h.py:27] end layer_moe_generate_mp_multi_device_fused_l_8 cost 50.083 ms
DEBUG 04-24 11:11:06.189174.189174 cuda_h.py:27] end *mlp cost 51.231 ms
DEBUG 04-24 11:11:06.190264.190264 cuda_h.py:27] end prefill_layer cost 55.676 ms
DEBUG 04-24 11:11:06.190496.190496 lmp.py:341] -------------------------------- end prefill layer 7 --------------------------------
DEBUG 04-24 11:11:06.190860.190860 lmp.py:294] -------------------------------- start prefill layer 8 --------------------------------
DEBUG 04-24 11:11:06.190526.190526 cuda_h.py:27] end start_load_qkvogn_s_weight_l_9 cost 0.063 ms
DEBUG 04-24 11:11:06.191426.191426 cuda_h.py:27] end allocate_cuda_memory cost 0.370 ms
DEBUG 04-24 11:11:06.191627.191627 sllm_store_c.py:27] get device uuid map
DEBUG 04-24 11:11:06.191758.191758 sllm_store_c.py:29] call client load into gpu
DEBUG 04-24 11:11:06.193818.193818 cuda_h.py:27] end load_into_gpu_async cost 1.930 ms
DEBUG 04-24 11:11:06.193367.193367 cuda_h.py:27] end restore_tensors2 cost 0.192 ms
DEBUG 04-24 11:11:06.194261.194261 cuda_h.py:27] end allocate_cuda_memory_and_load_into_gpu cost 3.247 ms
DEBUG 04-24 11:11:06.194755.194755 cuda_h.py:27] end **self_attn cost 2.374 ms
DEBUG 04-24 11:11:06.194023.194023 cuda_h.py:27] end *iln_self_attn_paln cost 4.230 ms
DEBUG 04-24 11:11:06.195022.195022 cuda_h.py:27] end gate cost 0.689 ms
DEBUG 04-24 11:11:06.196727.196727 cuda_h.py:27] end experts_map_get cost 0.379 ms
DEBUG 04-24 11:11:06.196623.196623 cuda_h.py:27] end *before experts start* cost 1.249 ms
DEBUG 04-24 11:11:06.196997.196997 cuda_h.py:27] end cpu_experts_submit_fused_mp cost 0.245 ms
DEBUG 04-24 11:11:06.198399.198399 cuda_h.py:27] end *single cpu experts* cost 1.974 ms
DEBUG 04-24 11:11:06.199187.199187 cuda_h.py:27] end prepare_group_stack cost 0.573 ms
DEBUG 04-24 11:11:06.199125.199125 sllm_store_c.py:27] get device uuid map
DEBUG 04-24 11:11:06.200333.200333 sllm_store_c.py:29] call client load into gpu
DEBUG 04-24 11:11:06.200174.200174 cuda_h.py:27] end prepare_group_stack cost 0.677 ms
DEBUG 04-24 11:11:06.200572.200572 cuda_h.py:27] end prepare_group_stack cost 0.624 ms
DEBUG 04-24 11:11:06.201285.201285 cuda_h.py:27] end group stack cost 1.158 ms
DEBUG 04-24 11:11:06.201297.201297 cuda_h.py:27] end prepare_group_stack cost 0.766 ms
DEBUG 04-24 11:11:06.201690.201690 cuda_h.py:27] end move_flatidxs_group_fused_mp cost 2.168 ms
DEBUG 04-24 11:11:06.201540.201540 cuda_h.py:27] end get_fused_experts_names_w cost 0.035 ms
DEBUG 04-24 11:11:06.202111.202111 cuda_h.py:27] end group stack cost 1.529 ms
DEBUG 04-24 11:11:06.202830.202830 cuda_h.py:27] end group stack cost 1.010 ms
DEBUG 04-24 11:11:06.202215.202215 cuda_h.py:27] end move_flatidxs_group_fused_mp cost 2.663 ms
DEBUG 04-24 11:11:06.202387.202387 cuda_h.py:27] end load_into_gpu_async_fused_experts_dual cost 2.685 ms
DEBUG 04-24 11:11:06.202212.202212 cuda_h.py:27] end restore_fused_tensors cost 0.996 ms
DEBUG 04-24 11:11:06.202165.202165 cuda_h.py:27] end move_flatidxs_group_fused_mp cost 2.397 ms
DEBUG 04-24 11:11:06.202239.202239 cuda_h.py:27] end get_fused_experts_names_w cost 0.029 ms
DEBUG 04-24 11:11:06.202981.202981 cuda_h.py:27] end group_fused_tensors_mp cost 1.349 ms
DEBUG 04-24 11:11:06.202948.202948 cuda_h.py:27] end restore2model cost 1.832 ms
DEBUG 04-24 11:11:06.203557.203557 cuda_h.py:27] end get_fused_experts_names_w cost 0.058 ms
DEBUG 04-24 11:11:06.203727.203727 cuda_h.py:27] end group stack cost 2.067 ms
DEBUG 04-24 11:11:06.203454.203454 cuda_h.py:27] end restore_tensors2_fused_experts_packed cost 0.090 ms
DEBUG 04-24 11:11:06.203949.203949 cuda_h.py:27] end move_flatidxs_group_fused_mp cost 3.219 ms
DEBUG 04-24 11:11:06.203551.203551 cuda_h.py:27] end get_fused_experts_names_w cost 0.039 ms
DEBUG 04-24 11:11:06.203782.203782 cuda_h.py:27] end restore_fused_tensors cost 0.638 ms
DEBUG 04-24 11:11:06.203296.203296 cuda_h.py:27] end restore_fused_tensors cost 0.580 ms
DEBUG 04-24 11:11:06.203913.203913 cuda_h.py:27] end sllm_worker_task cost 12.427 ms
DEBUG 04-24 11:11:06.203357.203357 cuda_h.py:27] end group_fused_tensors_mp cost 0.999 ms
DEBUG 04-24 11:11:06.203060.203060 cuda_h.py:27] end group_fused_tensors_mp cost 0.866 ms
DEBUG 04-24 11:11:06.203665.203665 cuda_h.py:27] end restore_tensors2_fused_experts_slices cost 0.347 ms
DEBUG 04-24 11:11:06.204314.204314 cuda_h.py:27] end allocate_experts_cuda_memory_and_restore_model_multi_device_fused cost 5.862 ms
DEBUG 04-24 11:11:06.204009.204009 cuda_h.py:27] end gpu_sexperts cost 0.008 ms
DEBUG 04-24 11:11:06.204548.204548 cuda_h.py:27] end wait_load_qkvogn_s_weight cost 0.042 ms
DEBUG 04-24 11:11:06.205134.205134 cuda_h.py:27] end restore_fused_tensors cost 1.410 ms
DEBUG 04-24 11:11:06.205217.205217 cuda_h.py:27] end group_fused_tensors_mp cost 1.924 ms
DEBUG 04-24 11:11:06.216037.216037 mlpmodule.py:3373] [fused_group_bmm][steps] bmm1=6.521 ms split=0.174 ms act_mul=0.607 ms bmm2=6.128 ms
DEBUG 04-24 11:11:06.216349.216349 cuda_h.py:27] end fused_group_bmm cost 13.700 ms
DEBUG 04-24 11:11:06.217531.217531 cuda_h.py:27] end gather_outputs_group_fused_mp cost 0.428 ms
DEBUG 04-24 11:11:06.218411.218411 cuda_h.py:27] end cpu_experts_worker_bmm_or_einsum_0 cost 19.872 ms
DEBUG 04-24 11:11:06.221679.221679 mlpmodule.py:3373] [fused_group_bmm][steps] bmm1=10.689 ms split=0.099 ms act_mul=0.541 ms bmm2=3.995 ms
DEBUG 04-24 11:11:06.221838.221838 cuda_h.py:27] end fused_group_bmm cost 15.550 ms
DEBUG 04-24 11:11:06.222242.222242 cuda_h.py:27] end gather_outputs_group_fused_mp cost 0.363 ms
DEBUG 04-24 11:11:06.222311.222311 cuda_h.py:27] end cpu_experts_worker_bmm_or_einsum_2 cost 23.544 ms
DEBUG 04-24 11:11:06.222619.222619 cuda_h.py:27] end prepare_per_device_parameters cost 18.206 ms
DEBUG 04-24 11:11:06.226309.226309 mlpmodule.py:3373] [fused_group_bmm][steps] bmm1=16.877 ms split=0.181 ms act_mul=0.344 ms bmm2=4.733 ms
DEBUG 04-24 11:11:06.226199.226199 mlpmodule.py:3373] [fused_group_bmm][steps] bmm1=16.942 ms split=0.208 ms act_mul=0.586 ms bmm2=4.345 ms
DEBUG 04-24 11:11:06.226257.226257 cuda_h.py:27] end fused_group_bmm cost 22.377 ms
DEBUG 04-24 11:11:06.226549.226549 cuda_h.py:27] end fused_group_bmm cost 22.306 ms
DEBUG 04-24 11:11:06.227471.227471 cuda_h.py:27] end gather_outputs_group_fused_mp cost 0.430 ms
DEBUG 04-24 11:11:06.227344.227344 cuda_h.py:27] end gather_outputs_group_fused_mp cost 0.406 ms
DEBUG 04-24 11:11:06.227295.227295 cuda_h.py:27] end cpu_experts_worker_bmm_or_einsum_3 cost 28.702 ms
DEBUG 04-24 11:11:06.228886.228886 cuda_h.py:27] end cpu_experts_worker_bmm_or_einsum_1 cost 27.853 ms
DEBUG 04-24 11:11:06.229403.229403 cuda_h.py:27] end cpu_experts_scatter_reduce cost 0.886 ms
DEBUG 04-24 11:11:06.229050.229050 cuda_h.py:27] end cpu_thread_manager_mp_wait_fused cost 6.425 ms
DEBUG 04-24 11:11:06.231572.231572 cuda_h.py:27] end wait_experts_multi_device cost 1.494 ms
DEBUG 04-24 11:11:06.231429.231429 cuda_h.py:27] end *before fused experts* cost 32.853 ms
DEBUG 04-24 11:11:06.236168.236168 cuda_h.py:27] end gpu_experts_multi_device_fused cost 5.026 ms
DEBUG 04-24 11:11:06.236781.236781 cuda_h.py:27] end *gpu experts* cost 38.028 ms
DEBUG 04-24 11:11:06.236910.236910 cuda_h.py:27] end layer_moe_generate_mp_multi_device_fused_l_9 cost 41.453 ms
DEBUG 04-24 11:11:06.237819.237819 cuda_h.py:27] end *mlp cost 42.892 ms
DEBUG 04-24 11:11:06.238869.238869 cuda_h.py:27] end prefill_layer cost 47.548 ms
DEBUG 04-24 11:11:06.238241.238241 lmp.py:341] -------------------------------- end prefill layer 8 --------------------------------
DEBUG 04-24 11:11:06.238337.238337 lmp.py:294] -------------------------------- start prefill layer 9 --------------------------------
DEBUG 04-24 11:11:06.238813.238813 cuda_h.py:27] end start_load_qkvogn_s_weight_l_10 cost 0.048 ms
DEBUG 04-24 11:11:06.238917.238917 cuda_h.py:27] end allocate_cuda_memory cost 0.227 ms
DEBUG 04-24 11:11:06.238783.238783 sllm_store_c.py:27] get device uuid map
DEBUG 04-24 11:11:06.239267.239267 sllm_store_c.py:29] call client load into gpu
DEBUG 04-24 11:11:06.240735.240735 cuda_h.py:27] end load_into_gpu_async cost 1.717 ms
DEBUG 04-24 11:11:06.240389.240389 cuda_h.py:27] end restore_tensors2 cost 0.098 ms
DEBUG 04-24 11:11:06.240762.240762 cuda_h.py:27] end **self_attn cost 1.663 ms
DEBUG 04-24 11:11:06.241251.241251 cuda_h.py:27] end allocate_cuda_memory_and_load_into_gpu cost 2.514 ms
DEBUG 04-24 11:11:06.241745.241745 cuda_h.py:27] end *iln_self_attn_paln cost 3.165 ms
DEBUG 04-24 11:11:06.242202.242202 cuda_h.py:27] end gate cost 0.546 ms
DEBUG 04-24 11:11:06.242030.242030 cuda_h.py:27] end experts_map_get cost 0.313 ms
DEBUG 04-24 11:11:06.242721.242721 cuda_h.py:27] end *before experts start* cost 1.009 ms
DEBUG 04-24 11:11:06.242995.242995 cuda_h.py:27] end cpu_experts_submit_fused_mp cost 0.243 ms
DEBUG 04-24 11:11:06.244259.244259 cuda_h.py:27] end *single cpu experts* cost 1.591 ms
DEBUG 04-24 11:11:06.245029.245029 cuda_h.py:27] end prepare_group_stack cost 0.448 ms
DEBUG 04-24 11:11:06.245209.245209 cuda_h.py:27] end prepare_group_stack cost 0.569 ms
DEBUG 04-24 11:11:06.246285.246285 cuda_h.py:27] end group stack cost 0.748 ms
DEBUG 04-24 11:11:06.246646.246646 cuda_h.py:27] end move_flatidxs_group_fused_mp cost 1.480 ms
DEBUG 04-24 11:11:06.247041.247041 cuda_h.py:27] end get_fused_experts_names_w cost 0.029 ms
DEBUG 04-24 11:11:06.247009.247009 sllm_store_c.py:27] get device uuid map
DEBUG 04-24 11:11:06.247558.247558 sllm_store_c.py:29] call client load into gpu
DEBUG 04-24 11:11:06.247787.247787 cuda_h.py:27] end prepare_group_stack cost 0.736 ms
DEBUG 04-24 11:11:06.247341.247341 cuda_h.py:27] end restore_fused_tensors cost 0.433 ms
DEBUG 04-24 11:11:06.247677.247677 cuda_h.py:27] end group_fused_tensors_mp cost 0.645 ms
DEBUG 04-24 11:11:06.247687.247687 cuda_h.py:27] end group stack cost 1.726 ms
DEBUG 04-24 11:11:06.248989.248989 cuda_h.py:27] end move_flatidxs_group_fused_mp cost 2.737 ms
DEBUG 04-24 11:11:06.248992.248992 cuda_h.py:27] end get_fused_experts_names_w cost 0.025 ms
DEBUG 04-24 11:11:06.248685.248685 cuda_h.py:27] end restore2model cost 0.819 ms
DEBUG 04-24 11:11:06.249178.249178 cuda_h.py:27] end sllm_worker_task cost 10.436 ms
DEBUG 04-24 11:11:06.249549.249549 cuda_h.py:27] end restore_fused_tensors cost 0.779 ms
DEBUG 04-24 11:11:06.249399.249399 cuda_h.py:27] end load_into_gpu_async_fused_experts_dual cost 2.145 ms
DEBUG 04-24 11:11:06.249517.249517 cuda_h.py:27] end group_fused_tensors_mp cost 1.073 ms
DEBUG 04-24 11:11:06.249691.249691 cuda_h.py:27] end restore_tensors2_fused_experts_packed cost 0.058 ms
DEBUG 04-24 11:11:06.249535.249535 cuda_h.py:27] end group stack cost 2.246 ms
DEBUG 04-24 11:11:06.249414.249414 cuda_h.py:27] end restore_tensors2_fused_experts_slices cost 0.233 ms
DEBUG 04-24 11:11:06.249277.249277 cuda_h.py:27] end allocate_experts_cuda_memory_and_restore_model_multi_device_fused cost 5.639 ms
DEBUG 04-24 11:11:06.249357.249357 cuda_h.py:27] end move_flatidxs_group_fused_mp cost 3.543 ms
DEBUG 04-24 11:11:06.250504.250504 cuda_h.py:27] end gpu_sexperts cost 0.005 ms
DEBUG 04-24 11:11:06.250472.250472 cuda_h.py:27] end wait_load_qkvogn_s_weight cost 0.013 ms
DEBUG 04-24 11:11:06.250685.250685 cuda_h.py:27] end get_fused_experts_names_w cost 0.033 ms
DEBUG 04-24 11:11:06.251582.251582 cuda_h.py:27] end restore_fused_tensors cost 0.927 ms
DEBUG 04-24 11:11:06.251970.251970 cuda_h.py:27] end group_fused_tensors_mp cost 1.233 ms
DEBUG 04-24 11:11:06.260281.260281 mlpmodule.py:3373] [fused_group_bmm][steps] bmm1=4.924 ms split=0.158 ms act_mul=0.874 ms bmm2=6.561 ms
DEBUG 04-24 11:11:06.260514.260514 cuda_h.py:27] end fused_group_bmm cost 12.798 ms
DEBUG 04-24 11:11:06.261913.261913 cuda_h.py:27] end gather_outputs_group_fused_mp cost 0.538 ms
DEBUG 04-24 11:11:06.261850.261850 cuda_h.py:27] end cpu_experts_worker_bmm_or_einsum_1 cost 17.492 ms
DEBUG 04-24 11:11:06.263141.263141 mlpmodule.py:3373] [fused_group_bmm][steps] bmm1=7.536 ms split=0.075 ms act_mul=0.419 ms bmm2=4.138 ms
DEBUG 04-24 11:11:06.264993.264993 cuda_h.py:27] end fused_group_bmm cost 12.322 ms
DEBUG 04-24 11:11:06.264236.264236 cuda_h.py:27] end gather_outputs_group_fused_mp cost 0.317 ms
DEBUG 04-24 11:11:06.264877.264877 cuda_h.py:27] end cpu_experts_worker_bmm_or_einsum_2 cost 19.216 ms
DEBUG 04-24 11:11:06.265882.265882 mlpmodule.py:3373] [fused_group_bmm][steps] bmm1=10.006 ms split=0.212 ms act_mul=0.386 ms bmm2=4.556 ms
DEBUG 04-24 11:11:06.265081.265081 cuda_h.py:27] end fused_group_bmm cost 15.412 ms
DEBUG 04-24 11:11:06.265602.265602 cuda_h.py:27] end prepare_per_device_parameters cost 15.386 ms
DEBUG 04-24 11:11:06.265950.265950 cuda_h.py:27] end gather_outputs_group_fused_mp cost 0.413 ms
DEBUG 04-24 11:11:06.266552.266552 cuda_h.py:27] end cpu_experts_worker_bmm_or_einsum_3 cost 21.853 ms
DEBUG 04-24 11:11:06.274204.274204 cuda_h.py:27] end prepare_group_stack cost 27.581 ms
DEBUG 04-24 11:11:06.274431.274431 cuda_h.py:27] end group stack cost 0.548 ms
DEBUG 04-24 11:11:06.274965.274965 cuda_h.py:27] end move_flatidxs_group_fused_mp cost 28.390 ms
DEBUG 04-24 11:11:06.275014.275014 cuda_h.py:27] end get_fused_experts_names_w cost 0.022 ms
DEBUG 04-24 11:11:06.275617.275617 cuda_h.py:27] end restore_fused_tensors cost 0.437 ms
DEBUG 04-24 11:11:06.275606.275606 cuda_h.py:27] end group_fused_tensors_mp cost 0.709 ms
DEBUG 04-24 11:11:06.282090.282090 mlpmodule.py:3373] [fused_group_bmm][steps] bmm1=3.082 ms split=0.071 ms act_mul=0.315 ms bmm2=2.944 ms
DEBUG 04-24 11:11:06.282029.282029 cuda_h.py:27] end fused_group_bmm cost 6.598 ms
DEBUG 04-24 11:11:06.282513.282513 cuda_h.py:27] end gather_outputs_group_fused_mp cost 0.345 ms
DEBUG 04-24 11:11:06.283123.283123 cuda_h.py:27] end cpu_experts_worker_bmm_or_einsum_0 cost 37.998 ms
DEBUG 04-24 11:11:06.284926.284926 cuda_h.py:27] end cpu_experts_scatter_reduce cost 0.795 ms
DEBUG 04-24 11:11:06.284082.284082 cuda_h.py:27] end cpu_thread_manager_mp_wait_fused cost 18.808 ms
DEBUG 04-24 11:11:06.286295.286295 cuda_h.py:27] end wait_experts_multi_device cost 1.938 ms
DEBUG 04-24 11:11:06.286045.286045 cuda_h.py:27] end *before fused experts* cost 42.410 ms
DEBUG 04-24 11:11:06.291971.291971 cuda_h.py:27] end gpu_experts_multi_device_fused cost 5.063 ms
DEBUG 04-24 11:11:06.291716.291716 cuda_h.py:27] end *gpu experts* cost 47.607 ms
DEBUG 04-24 11:11:06.292308.292308 cuda_h.py:27] end layer_moe_generate_mp_multi_device_fused_l_10 cost 50.386 ms
DEBUG 04-24 11:11:06.293932.293932 cuda_h.py:27] end *mlp cost 51.617 ms
DEBUG 04-24 11:11:06.293764.293764 cuda_h.py:27] end prefill_layer cost 55.089 ms
DEBUG 04-24 11:11:06.293335.293335 lmp.py:341] -------------------------------- end prefill layer 9 --------------------------------
DEBUG 04-24 11:11:06.293764.293764 lmp.py:294] -------------------------------- start prefill layer 10 --------------------------------
DEBUG 04-24 11:11:06.293695.293695 cuda_h.py:27] end start_load_qkvogn_s_weight_l_11 cost 0.047 ms
DEBUG 04-24 11:11:06.294302.294302 cuda_h.py:27] end allocate_cuda_memory cost 0.232 ms
DEBUG 04-24 11:11:06.294294.294294 sllm_store_c.py:27] get device uuid map
DEBUG 04-24 11:11:06.294192.294192 sllm_store_c.py:29] call client load into gpu
DEBUG 04-24 11:11:06.296030.296030 cuda_h.py:27] end **self_attn cost 1.389 ms
DEBUG 04-24 11:11:06.296052.296052 cuda_h.py:27] end *iln_self_attn_paln cost 2.637 ms
DEBUG 04-24 11:11:06.296961.296961 cuda_h.py:27] end load_into_gpu_async cost 2.314 ms
DEBUG 04-24 11:11:06.296265.296265 cuda_h.py:27] end restore_tensors2 cost 0.086 ms
DEBUG 04-24 11:11:06.296081.296081 cuda_h.py:27] end allocate_cuda_memory_and_load_into_gpu cost 2.965 ms
DEBUG 04-24 11:11:06.297007.297007 cuda_h.py:27] end gate cost 0.948 ms
DEBUG 04-24 11:11:06.297260.297260 cuda_h.py:27] end experts_map_get cost 0.335 ms
DEBUG 04-24 11:11:06.297288.297288 cuda_h.py:27] end *before experts start* cost 1.448 ms
DEBUG 04-24 11:11:06.298681.298681 cuda_h.py:27] end cpu_experts_submit_fused_mp cost 0.223 ms
DEBUG 04-24 11:11:06.298208.298208 cuda_h.py:27] end *single cpu experts* cost 1.135 ms
DEBUG 04-24 11:11:06.301002.301002 sllm_store_c.py:27] get device uuid map
DEBUG 04-24 11:11:06.301998.301998 sllm_store_c.py:29] call client load into gpu
DEBUG 04-24 11:11:06.301189.301189 cuda_h.py:27] end prepare_group_stack cost 0.464 ms
DEBUG 04-24 11:11:06.302326.302326 cuda_h.py:27] end prepare_group_stack cost 0.675 ms
DEBUG 04-24 11:11:06.302999.302999 cuda_h.py:27] end prepare_group_stack cost 0.706 ms
DEBUG 04-24 11:11:06.302871.302871 cuda_h.py:27] end group stack cost 0.853 ms
DEBUG 04-24 11:11:06.303039.303039 cuda_h.py:27] end move_flatidxs_group_fused_mp cost 1.565 ms
DEBUG 04-24 11:11:06.303178.303178 cuda_h.py:27] end get_fused_experts_names_w cost 0.022 ms
DEBUG 04-24 11:11:06.304252.304252 cuda_h.py:27] end restore_fused_tensors cost 0.538 ms
DEBUG 04-24 11:11:06.304486.304486 cuda_h.py:27] end group_fused_tensors_mp cost 0.921 ms
DEBUG 04-24 11:11:06.304205.304205 cuda_h.py:27] end group stack cost 2.207 ms
DEBUG 04-24 11:11:06.305324.305324 cuda_h.py:27] end move_flatidxs_group_fused_mp cost 3.556 ms
DEBUG 04-24 11:11:06.305172.305172 cuda_h.py:27] end group stack cost 2.702 ms
DEBUG 04-24 11:11:06.305408.305408 cuda_h.py:27] end get_fused_experts_names_w cost 0.036 ms
DEBUG 04-24 11:11:06.305921.305921 cuda_h.py:27] end move_flatidxs_group_fused_mp cost 4.034 ms
DEBUG 04-24 11:11:06.305991.305991 cuda_h.py:27] end get_fused_experts_names_w cost 0.037 ms
DEBUG 04-24 11:11:06.306731.306731 cuda_h.py:27] end restore_fused_tensors cost 1.079 ms
DEBUG 04-24 11:11:06.306079.306079 cuda_h.py:27] end group_fused_tensors_mp cost 1.486 ms
DEBUG 04-24 11:11:06.307082.307082 cuda_h.py:27] end restore_fused_tensors cost 0.911 ms
DEBUG 04-24 11:11:06.307470.307470 cuda_h.py:27] end group_fused_tensors_mp cost 1.274 ms
DEBUG 04-24 11:11:06.309209.309209 cuda_h.py:27] end restore2model cost 0.993 ms
DEBUG 04-24 11:11:06.309158.309158 cuda_h.py:27] end sllm_worker_task cost 16.130 ms
DEBUG 04-24 11:11:06.310095.310095 cuda_h.py:27] end load_into_gpu_async_fused_experts_dual cost 8.850 ms
DEBUG 04-24 11:11:06.311728.311728 cuda_h.py:27] end restore_tensors2_fused_experts_packed cost 0.272 ms
DEBUG 04-24 11:11:06.311457.311457 cuda_h.py:27] end restore_tensors2_fused_experts_slices cost 0.640 ms
DEBUG 04-24 11:11:06.311875.311875 mlpmodule.py:3373] [fused_group_bmm][steps] bmm1=4.579 ms split=0.092 ms act_mul=0.375 ms bmm2=2.683 ms
DEBUG 04-24 11:11:06.312158.312158 cuda_h.py:27] end allocate_experts_cuda_memory_and_restore_model_multi_device_fused cost 13.069 ms
DEBUG 04-24 11:11:06.312001.312001 cuda_h.py:27] end fused_group_bmm cost 8.170 ms
DEBUG 04-24 11:11:06.312883.312883 cuda_h.py:27] end gpu_sexperts cost 0.010 ms
DEBUG 04-24 11:11:06.312426.312426 cuda_h.py:27] end wait_load_qkvogn_s_weight cost 0.023 ms
DEBUG 04-24 11:11:06.312189.312189 cuda_h.py:27] end gather_outputs_group_fused_mp cost 0.404 ms
DEBUG 04-24 11:11:06.313729.313729 cuda_h.py:27] end cpu_experts_worker_bmm_or_einsum_0 cost 13.080 ms
DEBUG 04-24 11:11:06.319242.319242 cuda_h.py:27] end prepare_group_stack cost 14.841 ms
DEBUG 04-24 11:11:06.323989.323989 mlpmodule.py:3373] [fused_group_bmm][steps] bmm1=10.323 ms split=0.114 ms act_mul=0.663 ms bmm2=4.944 ms
DEBUG 04-24 11:11:06.323937.323937 cuda_h.py:27] end fused_group_bmm cost 16.323 ms
DEBUG 04-24 11:11:06.323871.323871 mlpmodule.py:3373] [fused_group_bmm][steps] bmm1=9.890 ms split=0.092 ms act_mul=0.393 ms bmm2=5.649 ms
DEBUG 04-24 11:11:06.323396.323396 cuda_h.py:27] end fused_group_bmm cost 16.314 ms
DEBUG 04-24 11:11:06.323257.323257 cuda_h.py:27] end gather_outputs_group_fused_mp cost 0.494 ms
DEBUG 04-24 11:11:06.324146.324146 cuda_h.py:27] end gather_outputs_group_fused_mp cost 0.400 ms
DEBUG 04-24 11:11:06.324756.324756 cuda_h.py:27] end group stack cost 4.274 ms
DEBUG 04-24 11:11:06.324440.324440 cuda_h.py:27] end move_flatidxs_group_fused_mp cost 19.651 ms
DEBUG 04-24 11:11:06.324789.324789 cuda_h.py:27] end cpu_experts_worker_bmm_or_einsum_1 cost 24.122 ms
DEBUG 04-24 11:11:06.324512.324512 cuda_h.py:27] end get_fused_experts_names_w cost 0.023 ms
DEBUG 04-24 11:11:06.324325.324325 cuda_h.py:27] end cpu_experts_worker_bmm_or_einsum_3 cost 24.355 ms
DEBUG 04-24 11:11:06.325800.325800 cuda_h.py:27] end restore_fused_tensors cost 0.520 ms
DEBUG 04-24 11:11:06.325604.325604 cuda_h.py:27] end group_fused_tensors_mp cost 0.799 ms
DEBUG 04-24 11:11:06.327915.327915 cuda_h.py:27] end prepare_per_device_parameters cost 14.727 ms
DEBUG 04-24 11:11:06.332786.332786 mlpmodule.py:3373] [fused_group_bmm][steps] bmm1=4.498 ms split=0.050 ms act_mul=0.481 ms bmm2=2.232 ms
DEBUG 04-24 11:11:06.332995.332995 cuda_h.py:27] end fused_group_bmm cost 7.399 ms
DEBUG 04-24 11:11:06.333436.333436 cuda_h.py:27] end gather_outputs_group_fused_mp cost 0.289 ms
DEBUG 04-24 11:11:06.333998.333998 cuda_h.py:27] end cpu_experts_worker_bmm_or_einsum_2 cost 29.661 ms
DEBUG 04-24 11:11:06.334553.334553 cuda_h.py:27] end cpu_experts_scatter_reduce cost 0.873 ms
DEBUG 04-24 11:11:06.335562.335562 cuda_h.py:27] end cpu_thread_manager_mp_wait_fused cost 7.522 ms
DEBUG 04-24 11:11:06.336095.336095 cuda_h.py:27] end wait_experts_multi_device cost 1.233 ms
DEBUG 04-24 11:11:06.336070.336070 cuda_h.py:27] end *before fused experts* cost 37.345 ms
DEBUG 04-24 11:11:06.340576.340576 cuda_h.py:27] end gpu_experts_multi_device_fused cost 4.199 ms
DEBUG 04-24 11:11:06.340486.340486 cuda_h.py:27] end *gpu experts* cost 41.653 ms
DEBUG 04-24 11:11:06.340263.340263 cuda_h.py:27] end layer_moe_generate_mp_multi_device_fused_l_11 cost 44.406 ms
DEBUG 04-24 11:11:06.341947.341947 cuda_h.py:27] end *mlp cost 45.646 ms
DEBUG 04-24 11:11:06.342274.342274 cuda_h.py:27] end prefill_layer cost 48.443 ms
DEBUG 04-24 11:11:06.342123.342123 lmp.py:341] -------------------------------- end prefill layer 10 --------------------------------
DEBUG 04-24 11:11:06.342177.342177 lmp.py:294] -------------------------------- start prefill layer 11 --------------------------------
DEBUG 04-24 11:11:06.342041.342041 cuda_h.py:27] end start_load_qkvogn_s_weight_l_12 cost 0.039 ms
DEBUG 04-24 11:11:06.342509.342509 cuda_h.py:27] end allocate_cuda_memory cost 0.222 ms
DEBUG 04-24 11:11:06.342157.342157 sllm_store_c.py:27] get device uuid map
DEBUG 04-24 11:11:06.343560.343560 sllm_store_c.py:29] call client load into gpu
DEBUG 04-24 11:11:06.344125.344125 cuda_h.py:27] end load_into_gpu_async cost 1.801 ms
DEBUG 04-24 11:11:06.344508.344508 cuda_h.py:27] end restore_tensors2 cost 0.100 ms
DEBUG 04-24 11:11:06.344498.344498 cuda_h.py:27] end allocate_cuda_memory_and_load_into_gpu cost 2.510 ms
DEBUG 04-24 11:11:06.345957.345957 cuda_h.py:27] end **self_attn cost 1.883 ms
DEBUG 04-24 11:11:06.345218.345218 cuda_h.py:27] end *iln_self_attn_paln cost 3.160 ms
DEBUG 04-24 11:11:06.346423.346423 cuda_h.py:27] end gate cost 0.502 ms
DEBUG 04-24 11:11:06.346786.346786 cuda_h.py:27] end experts_map_get cost 0.289 ms
DEBUG 04-24 11:11:06.346284.346284 cuda_h.py:27] end *before experts start* cost 0.937 ms
DEBUG 04-24 11:11:06.346909.346909 cuda_h.py:27] end cpu_experts_submit_fused_mp cost 0.221 ms
DEBUG 04-24 11:11:06.347606.347606 cuda_h.py:27] end *single cpu experts* cost 1.257 ms
DEBUG 04-24 11:11:06.349451.349451 cuda_h.py:27] end prepare_group_stack cost 0.480 ms
DEBUG 04-24 11:11:06.349823.349823 cuda_h.py:27] end group stack cost 0.729 ms
DEBUG 04-24 11:11:06.350693.350693 cuda_h.py:27] end move_flatidxs_group_fused_mp cost 1.376 ms
DEBUG 04-24 11:11:06.350041.350041 cuda_h.py:27] end get_fused_experts_names_w cost 0.046 ms
DEBUG 04-24 11:11:06.350671.350671 sllm_store_c.py:27] get device uuid map
DEBUG 04-24 11:11:06.350806.350806 cuda_h.py:27] end prepare_group_stack cost 1.001 ms
DEBUG 04-24 11:11:06.350773.350773 cuda_h.py:27] end prepare_group_stack cost 1.062 ms
DEBUG 04-24 11:11:06.350952.350952 cuda_h.py:27] end prepare_group_stack cost 1.025 ms
DEBUG 04-24 11:11:06.350691.350691 sllm_store_c.py:29] call client load into gpu
DEBUG 04-24 11:11:06.351037.351037 cuda_h.py:27] end restore_fused_tensors cost 0.456 ms
DEBUG 04-24 11:11:06.351973.351973 cuda_h.py:27] end group_fused_tensors_mp cost 0.780 ms
DEBUG 04-24 11:11:06.351500.351500 cuda_h.py:27] end group stack cost 1.002 ms
DEBUG 04-24 11:11:06.352181.352181 cuda_h.py:27] end move_flatidxs_group_fused_mp cost 2.321 ms
DEBUG 04-24 11:11:06.352847.352847 cuda_h.py:27] end get_fused_experts_names_w cost 0.031 ms
DEBUG 04-24 11:11:06.352192.352192 cuda_h.py:27] end group stack cost 1.476 ms
DEBUG 04-24 11:11:06.352687.352687 cuda_h.py:27] end move_flatidxs_group_fused_mp cost 3.094 ms
DEBUG 04-24 11:11:06.353735.353735 cuda_h.py:27] end get_fused_experts_names_w cost 0.029 ms
DEBUG 04-24 11:11:06.353814.353814 cuda_h.py:27] end group stack cost 2.424 ms
DEBUG 04-24 11:11:06.353891.353891 cuda_h.py:27] end restore_fused_tensors cost 0.785 ms
DEBUG 04-24 11:11:06.353490.353490 cuda_h.py:27] end group_fused_tensors_mp cost 1.251 ms
DEBUG 04-24 11:11:06.353259.353259 cuda_h.py:27] end move_flatidxs_group_fused_mp cost 3.878 ms
DEBUG 04-24 11:11:06.353016.353016 cuda_h.py:27] end get_fused_experts_names_w cost 0.038 ms
DEBUG 04-24 11:11:06.353355.353355 cuda_h.py:27] end restore_fused_tensors cost 0.732 ms
DEBUG 04-24 11:11:06.354240.354240 cuda_h.py:27] end group_fused_tensors_mp cost 1.073 ms
DEBUG 04-24 11:11:06.354734.354734 cuda_h.py:27] end restore2model cost 1.206 ms
DEBUG 04-24 11:11:06.354686.354686 cuda_h.py:27] end load_into_gpu_async_fused_experts_dual cost 3.633 ms
DEBUG 04-24 11:11:06.354854.354854 cuda_h.py:27] end sllm_worker_task cost 11.934 ms
DEBUG 04-24 11:11:06.354693.354693 cuda_h.py:27] end restore_tensors2_fused_experts_packed cost 0.058 ms
DEBUG 04-24 11:11:06.355875.355875 cuda_h.py:27] end restore_tensors2_fused_experts_slices cost 0.295 ms
DEBUG 04-24 11:11:06.355450.355450 cuda_h.py:27] end restore_fused_tensors cost 0.929 ms
DEBUG 04-24 11:11:06.355448.355448 cuda_h.py:27] end group_fused_tensors_mp cost 1.280 ms
DEBUG 04-24 11:11:06.355186.355186 cuda_h.py:27] end allocate_experts_cuda_memory_and_restore_model_multi_device_fused cost 7.382 ms
DEBUG 04-24 11:11:06.355163.355163 cuda_h.py:27] end gpu_sexperts cost 0.006 ms
DEBUG 04-24 11:11:06.355928.355928 cuda_h.py:27] end wait_load_qkvogn_s_weight cost 0.020 ms
DEBUG 04-24 11:11:06.366173.366173 mlpmodule.py:3373] [fused_group_bmm][steps] bmm1=5.505 ms split=0.499 ms act_mul=0.979 ms bmm2=7.541 ms
DEBUG 04-24 11:11:06.366308.366308 cuda_h.py:27] end fused_group_bmm cost 14.832 ms
DEBUG 04-24 11:11:06.367243.367243 cuda_h.py:27] end gather_outputs_group_fused_mp cost 0.560 ms
DEBUG 04-24 11:11:06.368449.368449 cuda_h.py:27] end cpu_experts_worker_bmm_or_einsum_1 cost 20.741 ms
DEBUG 04-24 11:11:06.372251.372251 mlpmodule.py:3373] [fused_group_bmm][steps] bmm1=10.617 ms split=0.075 ms act_mul=0.582 ms bmm2=6.295 ms
DEBUG 04-24 11:11:06.372425.372425 cuda_h.py:27] end fused_group_bmm cost 17.891 ms
DEBUG 04-24 11:11:06.372921.372921 mlpmodule.py:3373] [fused_group_bmm][steps] bmm1=10.981 ms split=0.087 ms act_mul=0.642 ms bmm2=6.560 ms
DEBUG 04-24 11:11:06.372685.372685 cuda_h.py:27] end fused_group_bmm cost 18.544 ms
DEBUG 04-24 11:11:06.372755.372755 mlpmodule.py:3373] [fused_group_bmm][steps] bmm1=10.501 ms split=0.139 ms act_mul=0.550 ms bmm2=5.902 ms
DEBUG 04-24 11:11:06.372714.372714 cuda_h.py:27] end gather_outputs_group_fused_mp cost 0.433 ms
DEBUG 04-24 11:11:06.372769.372769 cuda_h.py:27] end fused_group_bmm cost 17.349 ms
DEBUG 04-24 11:11:06.373702.373702 cuda_h.py:27] end gather_outputs_group_fused_mp cost 0.402 ms
DEBUG 04-24 11:11:06.373561.373561 cuda_h.py:27] end cpu_experts_worker_bmm_or_einsum_2 cost 24.717 ms
DEBUG 04-24 11:11:06.373888.373888 cuda_h.py:27] end gather_outputs_group_fused_mp cost 0.452 ms
DEBUG 04-24 11:11:06.373686.373686 cuda_h.py:27] end cpu_experts_worker_bmm_or_einsum_0 cost 24.829 ms
DEBUG 04-24 11:11:06.374802.374802 cuda_h.py:27] end cpu_experts_worker_bmm_or_einsum_3 cost 25.330 ms
DEBUG 04-24 11:11:06.375364.375364 cuda_h.py:27] end prepare_per_device_parameters cost 19.275 ms
DEBUG 04-24 11:11:06.377269.377269 cuda_h.py:27] end cpu_experts_scatter_reduce cost 0.819 ms
DEBUG 04-24 11:11:06.377769.377769 cuda_h.py:27] end cpu_thread_manager_mp_wait_fused cost 2.273 ms
DEBUG 04-24 11:11:06.381098.381098 cuda_h.py:27] end wait_experts_multi_device cost 3.848 ms
DEBUG 04-24 11:11:06.381591.381591 cuda_h.py:27] end *before fused experts* cost 33.710 ms
DEBUG 04-24 11:11:06.386480.386480 cuda_h.py:27] end gpu_experts_multi_device_fused cost 5.140 ms
DEBUG 04-24 11:11:06.386840.386840 cuda_h.py:27] end *gpu experts* cost 38.983 ms
DEBUG 04-24 11:11:06.386863.386863 cuda_h.py:27] end layer_moe_generate_mp_multi_device_fused_l_12 cost 41.354 ms
DEBUG 04-24 11:11:06.388372.388372 cuda_h.py:27] end *mlp cost 42.502 ms
DEBUG 04-24 11:11:06.388137.388137 cuda_h.py:27] end prefill_layer cost 45.860 ms
DEBUG 04-24 11:11:06.388701.388701 lmp.py:341] -------------------------------- end prefill layer 11 --------------------------------
DEBUG 04-24 11:11:06.388014.388014 lmp.py:294] -------------------------------- start prefill layer 12 --------------------------------
DEBUG 04-24 11:11:06.388547.388547 cuda_h.py:27] end start_load_qkvogn_s_weight_l_13 cost 0.039 ms
DEBUG 04-24 11:11:06.388643.388643 cuda_h.py:27] end allocate_cuda_memory cost 0.191 ms
DEBUG 04-24 11:11:06.389165.389165 sllm_store_c.py:27] get device uuid map
DEBUG 04-24 11:11:06.389424.389424 sllm_store_c.py:29] call client load into gpu
DEBUG 04-24 11:11:06.390666.390666 cuda_h.py:27] end **self_attn cost 1.470 ms
DEBUG 04-24 11:11:06.390518.390518 cuda_h.py:27] end load_into_gpu_async cost 1.837 ms
DEBUG 04-24 11:11:06.391916.391916 cuda_h.py:27] end *iln_self_attn_paln cost 2.564 ms
DEBUG 04-24 11:11:06.391370.391370 cuda_h.py:27] end restore_tensors2 cost 0.089 ms
DEBUG 04-24 11:11:06.391146.391146 cuda_h.py:27] end allocate_cuda_memory_and_load_into_gpu cost 2.780 ms
DEBUG 04-24 11:11:06.392836.392836 cuda_h.py:27] end gate cost 0.782 ms
DEBUG 04-24 11:11:06.392978.392978 cuda_h.py:27] end experts_map_get cost 0.353 ms
DEBUG 04-24 11:11:06.392112.392112 cuda_h.py:27] end *before experts start* cost 1.313 ms
DEBUG 04-24 11:11:06.392838.392838 cuda_h.py:27] end cpu_experts_submit_fused_mp cost 0.286 ms
DEBUG 04-24 11:11:06.393767.393767 cuda_h.py:27] end *single cpu experts* cost 1.319 ms
DEBUG 04-24 11:11:06.395579.395579 cuda_h.py:27] end prepare_group_stack cost 0.517 ms
DEBUG 04-24 11:11:06.396781.396781 cuda_h.py:27] end prepare_group_stack cost 0.715 ms
DEBUG 04-24 11:11:06.396962.396962 sllm_store_c.py:27] get device uuid map
DEBUG 04-24 11:11:06.396216.396216 sllm_store_c.py:29] call client load into gpu
DEBUG 04-24 11:11:06.396829.396829 cuda_h.py:27] end group stack cost 0.847 ms
DEBUG 04-24 11:11:06.397935.397935 cuda_h.py:27] end move_flatidxs_group_fused_mp cost 1.682 ms
DEBUG 04-24 11:11:06.396537.396537 cuda_h.py:27] end prepare_group_stack cost 0.494 ms
DEBUG 04-24 11:11:06.397150.397150 cuda_h.py:27] end prepare_group_stack cost 0.551 ms
DEBUG 04-24 11:11:06.397193.397193 cuda_h.py:27] end get_fused_experts_names_w cost 0.026 ms
DEBUG 04-24 11:11:06.397567.397567 cuda_h.py:27] end restore_fused_tensors cost 0.524 ms
DEBUG 04-24 11:11:06.397633.397633 cuda_h.py:27] end group stack cost 1.581 ms
DEBUG 04-24 11:11:06.397656.397656 cuda_h.py:27] end group_fused_tensors_mp cost 0.793 ms
DEBUG 04-24 11:11:06.398035.398035 cuda_h.py:27] end move_flatidxs_group_fused_mp cost 2.611 ms
DEBUG 04-24 11:11:06.398109.398109 cuda_h.py:27] end get_fused_experts_names_w cost 0.038 ms
DEBUG 04-24 11:11:06.398653.398653 cuda_h.py:27] end group stack cost 1.063 ms
DEBUG 04-24 11:11:06.398800.398800 cuda_h.py:27] end move_flatidxs_group_fused_mp cost 2.054 ms
DEBUG 04-24 11:11:06.398587.398587 cuda_h.py:27] end get_fused_experts_names_w cost 0.037 ms
DEBUG 04-24 11:11:06.398252.398252 cuda_h.py:27] end restore2model cost 0.869 ms
DEBUG 04-24 11:11:06.399506.399506 cuda_h.py:27] end sllm_worker_task cost 10.385 ms
DEBUG 04-24 11:11:06.399475.399475 cuda_h.py:27] end restore_fused_tensors cost 0.949 ms
DEBUG 04-24 11:11:06.399212.399212 cuda_h.py:27] end load_into_gpu_async_fused_experts_dual cost 2.923 ms
DEBUG 04-24 11:11:06.399678.399678 cuda_h.py:27] end group_fused_tensors_mp cost 1.204 ms
DEBUG 04-24 11:11:06.399277.399277 cuda_h.py:27] end restore_tensors2_fused_experts_packed cost 0.070 ms
DEBUG 04-24 11:11:06.399264.399264 cuda_h.py:27] end restore_fused_tensors cost 0.833 ms
DEBUG 04-24 11:11:06.399816.399816 cuda_h.py:27] end group stack cost 2.194 ms
DEBUG 04-24 11:11:06.399658.399658 cuda_h.py:27] end group_fused_tensors_mp cost 1.183 ms
DEBUG 04-24 11:11:06.399319.399319 cuda_h.py:27] end move_flatidxs_group_fused_mp cost 3.448 ms
DEBUG 04-24 11:11:06.400440.400440 cuda_h.py:27] end restore_tensors2_fused_experts_slices cost 0.403 ms
DEBUG 04-24 11:11:06.400354.400354 cuda_h.py:27] end allocate_experts_cuda_memory_and_restore_model_multi_device_fused cost 6.185 ms
DEBUG 04-24 11:11:06.400819.400819 cuda_h.py:27] end get_fused_experts_names_w cost 0.041 ms
DEBUG 04-24 11:11:06.400227.400227 cuda_h.py:27] end gpu_sexperts cost 0.012 ms
DEBUG 04-24 11:11:06.400411.400411 cuda_h.py:27] end wait_load_qkvogn_s_weight cost 0.043 ms
DEBUG 04-24 11:11:06.401642.401642 cuda_h.py:27] end restore_fused_tensors cost 1.277 ms
DEBUG 04-24 11:11:06.401554.401554 cuda_h.py:27] end group_fused_tensors_mp cost 1.650 ms
DEBUG 04-24 11:11:06.413828.413828 mlpmodule.py:3373] [fused_group_bmm][steps] bmm1=8.933 ms split=0.140 ms act_mul=0.385 ms bmm2=3.359 ms
DEBUG 04-24 11:11:06.413202.413202 cuda_h.py:27] end fused_group_bmm cost 13.364 ms
DEBUG 04-24 11:11:06.414156.414156 cuda_h.py:27] end gather_outputs_group_fused_mp cost 0.621 ms
DEBUG 04-24 11:11:06.415858.415858 mlpmodule.py:3373] [fused_group_bmm][steps] bmm1=9.904 ms split=0.079 ms act_mul=0.562 ms bmm2=4.749 ms
DEBUG 04-24 11:11:06.415606.415606 cuda_h.py:27] end fused_group_bmm cost 15.521 ms
DEBUG 04-24 11:11:06.415818.415818 cuda_h.py:27] end cpu_experts_worker_bmm_or_einsum_0 cost 19.953 ms
DEBUG 04-24 11:11:06.415055.415055 mlpmodule.py:3373] [fused_group_bmm][steps] bmm1=10.025 ms split=0.415 ms act_mul=0.711 ms bmm2=6.136 ms
DEBUG 04-24 11:11:06.415628.415628 cuda_h.py:27] end fused_group_bmm cost 17.642 ms
DEBUG 04-24 11:11:06.415624.415624 cuda_h.py:27] end gather_outputs_group_fused_mp cost 0.339 ms
DEBUG 04-24 11:11:06.416167.416167 cuda_h.py:27] end cpu_experts_worker_bmm_or_einsum_2 cost 22.021 ms
DEBUG 04-24 11:11:06.416182.416182 cuda_h.py:27] end gather_outputs_group_fused_mp cost 0.674 ms
DEBUG 04-24 11:11:06.417535.417535 cuda_h.py:27] end cpu_experts_worker_bmm_or_einsum_1 cost 23.520 ms
DEBUG 04-24 11:11:06.418953.418953 mlpmodule.py:3373] [fused_group_bmm][steps] bmm1=12.633 ms split=0.249 ms act_mul=0.378 ms bmm2=3.215 ms
DEBUG 04-24 11:11:06.418697.418697 cuda_h.py:27] end fused_group_bmm cost 16.776 ms
DEBUG 04-24 11:11:06.420630.420630 cuda_h.py:27] end gather_outputs_group_fused_mp cost 0.830 ms
DEBUG 04-24 11:11:06.420085.420085 cuda_h.py:27] end prepare_per_device_parameters cost 19.364 ms
DEBUG 04-24 11:11:06.420134.420134 cuda_h.py:27] end cpu_experts_worker_bmm_or_einsum_3 cost 25.600 ms
DEBUG 04-24 11:11:06.422312.422312 cuda_h.py:27] end cpu_experts_scatter_reduce cost 0.756 ms
DEBUG 04-24 11:11:06.422275.422275 cuda_h.py:27] end cpu_thread_manager_mp_wait_fused cost 2.461 ms
DEBUG 04-24 11:11:06.424615.424615 cuda_h.py:27] end wait_experts_multi_device cost 1.405 ms
DEBUG 04-24 11:11:06.424835.424835 cuda_h.py:27] end *before fused experts* cost 30.459 ms
DEBUG 04-24 11:11:06.429207.429207 cuda_h.py:27] end gpu_experts_multi_device_fused cost 4.729 ms
DEBUG 04-24 11:11:06.429633.429633 cuda_h.py:27] end *gpu experts* cost 35.296 ms
DEBUG 04-24 11:11:06.429874.429874 cuda_h.py:27] end layer_moe_generate_mp_multi_device_fused_l_13 cost 38.112 ms
DEBUG 04-24 11:11:06.430370.430370 cuda_h.py:27] end *mlp cost 39.459 ms
DEBUG 04-24 11:11:06.430658.430658 cuda_h.py:27] end prefill_layer cost 42.362 ms
DEBUG 04-24 11:11:06.430030.430030 lmp.py:341] -------------------------------- end prefill layer 12 --------------------------------
DEBUG 04-24 11:11:06.431352.431352 lmp.py:294] -------------------------------- start prefill layer 13 --------------------------------
DEBUG 04-24 11:11:06.431653.431653 cuda_h.py:27] end start_load_qkvogn_s_weight_l_14 cost 0.044 ms
DEBUG 04-24 11:11:06.431128.431128 cuda_h.py:27] end allocate_cuda_memory cost 0.224 ms
DEBUG 04-24 11:11:06.431121.431121 sllm_store_c.py:27] get device uuid map
DEBUG 04-24 11:11:06.432441.432441 sllm_store_c.py:29] call client load into gpu
DEBUG 04-24 11:11:06.433296.433296 cuda_h.py:27] end load_into_gpu_async cost 1.458 ms
DEBUG 04-24 11:11:06.433626.433626 cuda_h.py:27] end restore_tensors2 cost 0.100 ms
DEBUG 04-24 11:11:06.433801.433801 cuda_h.py:27] end allocate_cuda_memory_and_load_into_gpu cost 2.167 ms
DEBUG 04-24 11:11:06.433835.433835 cuda_h.py:27] end **self_attn cost 1.740 ms
DEBUG 04-24 11:11:06.434737.434737 cuda_h.py:27] end *iln_self_attn_paln cost 2.747 ms
DEBUG 04-24 11:11:06.434941.434941 cuda_h.py:27] end gate cost 0.505 ms
DEBUG 04-24 11:11:06.434113.434113 cuda_h.py:27] end experts_map_get cost 0.289 ms
DEBUG 04-24 11:11:06.435134.435134 cuda_h.py:27] end *before experts start* cost 0.938 ms
DEBUG 04-24 11:11:06.435673.435673 cuda_h.py:27] end cpu_experts_submit_fused_mp cost 0.228 ms
DEBUG 04-24 11:11:06.436367.436367 cuda_h.py:27] end *single cpu experts* cost 1.192 ms
DEBUG 04-24 11:11:06.437604.437604 cuda_h.py:27] end prepare_group_stack cost 0.505 ms
DEBUG 04-24 11:11:06.438772.438772 cuda_h.py:27] end group stack cost 0.755 ms
DEBUG 04-24 11:11:06.438673.438673 cuda_h.py:27] end move_flatidxs_group_fused_mp cost 1.582 ms
DEBUG 04-24 11:11:06.438668.438668 cuda_h.py:27] end get_fused_experts_names_w cost 0.039 ms
DEBUG 04-24 11:11:06.438809.438809 sllm_store_c.py:27] get device uuid map
DEBUG 04-24 11:11:06.438274.438274 cuda_h.py:27] end prepare_group_stack cost 0.804 ms
DEBUG 04-24 11:11:06.438168.438168 cuda_h.py:27] end prepare_group_stack cost 0.780 ms
DEBUG 04-24 11:11:06.439084.439084 sllm_store_c.py:29] call client load into gpu
DEBUG 04-24 11:11:06.439482.439482 cuda_h.py:27] end prepare_group_stack cost 0.775 ms
DEBUG 04-24 11:11:06.439228.439228 cuda_h.py:27] end restore_fused_tensors cost 0.744 ms
DEBUG 04-24 11:11:06.439040.439040 cuda_h.py:27] end group_fused_tensors_mp cost 1.052 ms
DEBUG 04-24 11:11:06.440702.440702 cuda_h.py:27] end group stack cost 1.030 ms
DEBUG 04-24 11:11:06.440713.440713 cuda_h.py:27] end move_flatidxs_group_fused_mp cost 2.060 ms
DEBUG 04-24 11:11:06.440589.440589 cuda_h.py:27] end get_fused_experts_names_w cost 0.027 ms
DEBUG 04-24 11:11:06.440592.440592 cuda_h.py:27] end group stack cost 1.494 ms
DEBUG 04-24 11:11:06.440021.440021 cuda_h.py:27] end move_flatidxs_group_fused_mp cost 2.558 ms
DEBUG 04-24 11:11:06.440469.440469 cuda_h.py:27] end get_fused_experts_names_w cost 0.028 ms
DEBUG 04-24 11:11:06.441315.441315 cuda_h.py:27] end restore_fused_tensors cost 0.560 ms
DEBUG 04-24 11:11:06.441310.441310 cuda_h.py:27] end group_fused_tensors_mp cost 0.809 ms
DEBUG 04-24 11:11:06.441312.441312 cuda_h.py:27] end group stack cost 2.170 ms
DEBUG 04-24 11:11:06.441673.441673 cuda_h.py:27] end move_flatidxs_group_fused_mp cost 3.531 ms
DEBUG 04-24 11:11:06.442714.442714 cuda_h.py:27] end restore2model cost 1.101 ms
DEBUG 04-24 11:11:06.442661.442661 cuda_h.py:27] end restore_fused_tensors cost 1.026 ms
DEBUG 04-24 11:11:06.442597.442597 cuda_h.py:27] end get_fused_experts_names_w cost 0.052 ms
DEBUG 04-24 11:11:06.442268.442268 cuda_h.py:27] end group_fused_tensors_mp cost 1.557 ms
DEBUG 04-24 11:11:06.442267.442267 cuda_h.py:27] end load_into_gpu_async_fused_experts_dual cost 3.379 ms
DEBUG 04-24 11:11:06.442317.442317 cuda_h.py:27] end sllm_worker_task cost 11.027 ms
DEBUG 04-24 11:11:06.442310.442310 cuda_h.py:27] end restore_tensors2_fused_experts_packed cost 0.170 ms
DEBUG 04-24 11:11:06.443472.443472 cuda_h.py:27] end restore_fused_tensors cost 1.099 ms
DEBUG 04-24 11:11:06.443404.443404 cuda_h.py:27] end group_fused_tensors_mp cost 1.824 ms
DEBUG 04-24 11:11:06.444576.444576 cuda_h.py:27] end restore_tensors2_fused_experts_slices cost 0.920 ms
DEBUG 04-24 11:11:06.444895.444895 cuda_h.py:27] end allocate_experts_cuda_memory_and_restore_model_multi_device_fused cost 8.567 ms
DEBUG 04-24 11:11:06.445536.445536 cuda_h.py:27] end gpu_sexperts cost 0.015 ms
DEBUG 04-24 11:11:06.445414.445414 cuda_h.py:27] end wait_load_qkvogn_s_weight cost 0.074 ms
DEBUG 04-24 11:11:06.453103.453103 mlpmodule.py:3373] [fused_group_bmm][steps] bmm1=7.216 ms split=0.445 ms act_mul=0.517 ms bmm2=4.948 ms
DEBUG 04-24 11:11:06.453669.453669 cuda_h.py:27] end fused_group_bmm cost 13.429 ms
DEBUG 04-24 11:11:06.454134.454134 cuda_h.py:27] end gather_outputs_group_fused_mp cost 0.649 ms
DEBUG 04-24 11:11:06.455223.455223 cuda_h.py:27] end cpu_experts_worker_bmm_or_einsum_0 cost 19.816 ms
DEBUG 04-24 11:11:06.457334.457334 mlpmodule.py:3373] [fused_group_bmm][steps] bmm1=9.924 ms split=0.112 ms act_mul=0.368 ms bmm2=4.356 ms
DEBUG 04-24 11:11:06.457552.457552 cuda_h.py:27] end fused_group_bmm cost 14.953 ms
DEBUG 04-24 11:11:06.458994.458994 cuda_h.py:27] end gather_outputs_group_fused_mp cost 0.322 ms
DEBUG 04-24 11:11:06.458514.458514 cuda_h.py:27] end cpu_experts_worker_bmm_or_einsum_2 cost 21.574 ms
DEBUG 04-24 11:11:06.459995.459995 mlpmodule.py:3373] [fused_group_bmm][steps] bmm1=12.508 ms split=0.234 ms act_mul=0.842 ms bmm2=4.524 ms
DEBUG 04-24 11:11:06.459067.459067 cuda_h.py:27] end fused_group_bmm cost 18.493 ms
DEBUG 04-24 11:11:06.460219.460219 cuda_h.py:27] end gather_outputs_group_fused_mp cost 0.774 ms
DEBUG 04-24 11:11:06.462846.462846 cuda_h.py:27] end cpu_experts_worker_bmm_or_einsum_1 cost 25.158 ms
DEBUG 04-24 11:11:06.462236.462236 mlpmodule.py:3373] [fused_group_bmm][steps] bmm1=13.862 ms split=0.122 ms act_mul=0.345 ms bmm2=3.574 ms
DEBUG 04-24 11:11:06.462864.462864 cuda_h.py:27] end fused_group_bmm cost 18.116 ms
DEBUG 04-24 11:11:06.463671.463671 cuda_h.py:27] end gather_outputs_group_fused_mp cost 0.361 ms
DEBUG 04-24 11:11:06.463740.463740 cuda_h.py:27] end prepare_per_device_parameters cost 17.808 ms
DEBUG 04-24 11:11:06.463573.463573 cuda_h.py:27] end cpu_experts_worker_bmm_or_einsum_3 cost 26.604 ms
DEBUG 04-24 11:11:06.466811.466811 cuda_h.py:27] end cpu_experts_scatter_reduce cost 0.774 ms
DEBUG 04-24 11:11:06.466781.466781 cuda_h.py:27] end cpu_thread_manager_mp_wait_fused cost 2.447 ms
DEBUG 04-24 11:11:06.468148.468148 cuda_h.py:27] end wait_experts_multi_device cost 2.443 ms
DEBUG 04-24 11:11:06.468012.468012 cuda_h.py:27] end *before fused experts* cost 32.440 ms
DEBUG 04-24 11:11:06.472550.472550 cuda_h.py:27] end gpu_experts_multi_device_fused cost 3.975 ms
DEBUG 04-24 11:11:06.472738.472738 cuda_h.py:27] end *gpu experts* cost 36.521 ms
DEBUG 04-24 11:11:06.472349.472349 cuda_h.py:27] end layer_moe_generate_mp_multi_device_fused_l_14 cost 38.807 ms
DEBUG 04-24 11:11:06.474663.474663 cuda_h.py:27] end *mlp cost 40.264 ms
DEBUG 04-24 11:11:06.474368.474368 cuda_h.py:27] end prefill_layer cost 43.198 ms
DEBUG 04-24 11:11:06.474740.474740 lmp.py:341] -------------------------------- end prefill layer 13 --------------------------------
DEBUG 04-24 11:11:06.474992.474992 lmp.py:294] -------------------------------- start prefill layer 14 --------------------------------
DEBUG 04-24 11:11:06.474498.474498 cuda_h.py:27] end start_load_qkvogn_s_weight_l_15 cost 0.040 ms
DEBUG 04-24 11:11:06.475052.475052 cuda_h.py:27] end allocate_cuda_memory cost 0.233 ms
DEBUG 04-24 11:11:06.475768.475768 sllm_store_c.py:27] get device uuid map
DEBUG 04-24 11:11:06.475645.475645 sllm_store_c.py:29] call client load into gpu
DEBUG 04-24 11:11:06.476523.476523 cuda_h.py:27] end load_into_gpu_async cost 1.363 ms
DEBUG 04-24 11:11:06.477085.477085 cuda_h.py:27] end restore_tensors2 cost 0.101 ms
DEBUG 04-24 11:11:06.477155.477155 cuda_h.py:27] end **self_attn cost 1.742 ms
DEBUG 04-24 11:11:06.477226.477226 cuda_h.py:27] end allocate_cuda_memory_and_load_into_gpu cost 2.515 ms
DEBUG 04-24 11:11:06.477527.477527 cuda_h.py:27] end *iln_self_attn_paln cost 3.087 ms
DEBUG 04-24 11:11:06.478884.478884 cuda_h.py:27] end gate cost 0.509 ms
DEBUG 04-24 11:11:06.478963.478963 cuda_h.py:27] end experts_map_get cost 0.287 ms
DEBUG 04-24 11:11:06.478938.478938 cuda_h.py:27] end *before experts start* cost 0.945 ms
DEBUG 04-24 11:11:06.479814.479814 cuda_h.py:27] end cpu_experts_submit_fused_mp cost 0.231 ms
DEBUG 04-24 11:11:06.480761.480761 cuda_h.py:27] end *single cpu experts* cost 1.205 ms
DEBUG 04-24 11:11:06.482128.482128 cuda_h.py:27] end prepare_group_stack cost 0.660 ms
DEBUG 04-24 11:11:06.482426.482426 cuda_h.py:27] end prepare_group_stack cost 0.628 ms
DEBUG 04-24 11:11:06.482294.482294 cuda_h.py:27] end prepare_group_stack cost 0.568 ms
DEBUG 04-24 11:11:06.482626.482626 sllm_store_c.py:27] get device uuid map
DEBUG 04-24 11:11:06.482520.482520 sllm_store_c.py:29] call client load into gpu
DEBUG 04-24 11:11:06.482416.482416 cuda_h.py:27] end prepare_group_stack cost 0.490 ms
DEBUG 04-24 11:11:06.483171.483171 cuda_h.py:27] end group stack cost 1.176 ms
DEBUG 04-24 11:11:06.483391.483391 cuda_h.py:27] end group stack cost 1.234 ms
DEBUG 04-24 11:11:06.483235.483235 cuda_h.py:27] end move_flatidxs_group_fused_mp cost 2.089 ms
DEBUG 04-24 11:11:06.483010.483010 cuda_h.py:27] end move_flatidxs_group_fused_mp cost 1.991 ms
DEBUG 04-24 11:11:06.483494.483494 cuda_h.py:27] end group stack cost 1.331 ms
DEBUG 04-24 11:11:06.483190.483190 cuda_h.py:27] end get_fused_experts_names_w cost 0.022 ms
DEBUG 04-24 11:11:06.483708.483708 cuda_h.py:27] end get_fused_experts_names_w cost 0.027 ms
DEBUG 04-24 11:11:06.483642.483642 cuda_h.py:27] end move_flatidxs_group_fused_mp cost 2.346 ms
DEBUG 04-24 11:11:06.483563.483563 cuda_h.py:27] end get_fused_experts_names_w cost 0.023 ms
DEBUG 04-24 11:11:06.484200.484200 cuda_h.py:27] end restore_fused_tensors cost 0.507 ms
DEBUG 04-24 11:11:06.484228.484228 cuda_h.py:27] end group_fused_tensors_mp cost 0.758 ms
DEBUG 04-24 11:11:06.484157.484157 cuda_h.py:27] end group stack cost 1.421 ms
DEBUG 04-24 11:11:06.484799.484799 cuda_h.py:27] end restore_fused_tensors cost 0.566 ms
DEBUG 04-24 11:11:06.484509.484509 cuda_h.py:27] end restore_fused_tensors cost 0.812 ms
DEBUG 04-24 11:11:06.484056.484056 cuda_h.py:27] end group_fused_tensors_mp cost 1.135 ms
DEBUG 04-24 11:11:06.484572.484572 cuda_h.py:27] end group_fused_tensors_mp cost 0.912 ms
DEBUG 04-24 11:11:06.484030.484030 cuda_h.py:27] end move_flatidxs_group_fused_mp cost 2.441 ms
DEBUG 04-24 11:11:06.485672.485672 cuda_h.py:27] end get_fused_experts_names_w cost 0.027 ms
DEBUG 04-24 11:11:06.485090.485090 cuda_h.py:27] end restore2model cost 1.152 ms
DEBUG 04-24 11:11:06.485863.485863 cuda_h.py:27] end load_into_gpu_async_fused_experts_dual cost 3.333 ms
DEBUG 04-24 11:11:06.485984.485984 cuda_h.py:27] end sllm_worker_task cost 10.903 ms
DEBUG 04-24 11:11:06.486533.486533 cuda_h.py:27] end restore_fused_tensors cost 0.846 ms
DEBUG 04-24 11:11:06.485192.485192 cuda_h.py:27] end restore_tensors2_fused_experts_packed cost 0.063 ms
DEBUG 04-24 11:11:06.486247.486247 cuda_h.py:27] end group_fused_tensors_mp cost 1.189 ms
DEBUG 04-24 11:11:06.487040.487040 cuda_h.py:27] end restore_tensors2_fused_experts_slices cost 0.650 ms
DEBUG 04-24 11:11:06.487178.487178 cuda_h.py:27] end allocate_experts_cuda_memory_and_restore_model_multi_device_fused cost 7.619 ms
DEBUG 04-24 11:11:06.488550.488550 cuda_h.py:27] end gpu_sexperts cost 0.025 ms
DEBUG 04-24 11:11:06.488994.488994 cuda_h.py:27] end wait_load_qkvogn_s_weight cost 0.083 ms
DEBUG 04-24 11:11:06.502815.502815 mlpmodule.py:3373] [fused_group_bmm][steps] bmm1=9.336 ms split=0.105 ms act_mul=0.630 ms bmm2=5.207 ms
DEBUG 04-24 11:11:06.502921.502921 mlpmodule.py:3373] [fused_group_bmm][steps] bmm1=10.539 ms split=0.111 ms act_mul=0.390 ms bmm2=5.828 ms
DEBUG 04-24 11:11:06.502473.502473 cuda_h.py:27] end fused_group_bmm cost 15.593 ms
DEBUG 04-24 11:11:06.502440.502440 cuda_h.py:27] end fused_group_bmm cost 17.177 ms
DEBUG 04-24 11:11:06.502294.502294 cuda_h.py:27] end gather_outputs_group_fused_mp cost 0.508 ms
DEBUG 04-24 11:11:06.502969.502969 cuda_h.py:27] end gather_outputs_group_fused_mp cost 0.494 ms
DEBUG 04-24 11:11:06.503376.503376 cuda_h.py:27] end cpu_experts_worker_bmm_or_einsum_2 cost 21.769 ms
DEBUG 04-24 11:11:06.503077.503077 cuda_h.py:27] end cpu_experts_worker_bmm_or_einsum_0 cost 23.078 ms
DEBUG 04-24 11:11:06.504109.504109 mlpmodule.py:3373] [fused_group_bmm][steps] bmm1=12.761 ms split=0.333 ms act_mul=0.679 ms bmm2=5.093 ms
DEBUG 04-24 11:11:06.504310.504310 cuda_h.py:27] end fused_group_bmm cost 19.202 ms
DEBUG 04-24 11:11:06.505426.505426 cuda_h.py:27] end gather_outputs_group_fused_mp cost 0.391 ms
DEBUG 04-24 11:11:06.505825.505825 mlpmodule.py:3373] [fused_group_bmm][steps] bmm1=13.331 ms split=0.306 ms act_mul=0.679 ms bmm2=6.125 ms
DEBUG 04-24 11:11:06.505188.505188 cuda_h.py:27] end fused_group_bmm cost 20.853 ms
DEBUG 04-24 11:11:06.505944.505944 cuda_h.py:27] end cpu_experts_worker_bmm_or_einsum_3 cost 25.256 ms
DEBUG 04-24 11:11:06.505362.505362 cuda_h.py:27] end gather_outputs_group_fused_mp cost 0.399 ms
DEBUG 04-24 11:11:06.506176.506176 cuda_h.py:27] end cpu_experts_worker_bmm_or_einsum_1 cost 26.078 ms
DEBUG 04-24 11:11:06.506610.506610 cuda_h.py:27] end prepare_per_device_parameters cost 17.620 ms
DEBUG 04-24 11:11:06.509535.509535 cuda_h.py:27] end cpu_experts_scatter_reduce cost 0.748 ms
DEBUG 04-24 11:11:06.509736.509736 cuda_h.py:27] end cpu_thread_manager_mp_wait_fused cost 2.460 ms
DEBUG 04-24 11:11:06.510203.510203 cuda_h.py:27] end wait_experts_multi_device cost 1.251 ms
DEBUG 04-24 11:11:06.510669.510669 cuda_h.py:27] end *before fused experts* cost 30.807 ms
DEBUG 04-24 11:11:06.515063.515063 cuda_h.py:27] end gpu_experts_multi_device_fused cost 4.811 ms
DEBUG 04-24 11:11:06.515377.515377 cuda_h.py:27] end *gpu experts* cost 35.752 ms
DEBUG 04-24 11:11:06.515731.515731 cuda_h.py:27] end layer_moe_generate_mp_multi_device_fused_l_15 cost 38.079 ms
DEBUG 04-24 11:11:06.517379.517379 cuda_h.py:27] end *mlp cost 39.222 ms
DEBUG 04-24 11:11:06.517826.517826 cuda_h.py:27] end prefill_layer cost 42.537 ms
DEBUG 04-24 11:11:06.517728.517728 lmp.py:341] -------------------------------- end prefill layer 14 --------------------------------
DEBUG 04-24 11:11:06.517194.517194 lmp.py:294] -------------------------------- start prefill layer 15 --------------------------------
DEBUG 04-24 11:11:06.517157.517157 cuda_h.py:27] end start_load_qkvogn_s_weight_l_16 cost 0.042 ms
DEBUG 04-24 11:11:06.517327.517327 cuda_h.py:27] end allocate_cuda_memory cost 0.229 ms
DEBUG 04-24 11:11:06.518240.518240 sllm_store_c.py:27] get device uuid map
DEBUG 04-24 11:11:06.518322.518322 sllm_store_c.py:29] call client load into gpu
DEBUG 04-24 11:11:06.519190.519190 cuda_h.py:27] end load_into_gpu_async cost 1.472 ms
DEBUG 04-24 11:11:06.519724.519724 cuda_h.py:27] end restore_tensors2 cost 0.095 ms
DEBUG 04-24 11:11:06.519152.519152 cuda_h.py:27] end allocate_cuda_memory_and_load_into_gpu cost 2.147 ms
DEBUG 04-24 11:11:06.519131.519131 cuda_h.py:27] end **self_attn cost 1.692 ms
DEBUG 04-24 11:11:06.520033.520033 cuda_h.py:27] end *iln_self_attn_paln cost 2.660 ms
DEBUG 04-24 11:11:06.520820.520820 cuda_h.py:27] end gate cost 0.512 ms
DEBUG 04-24 11:11:06.521369.521369 cuda_h.py:27] end experts_map_get cost 0.288 ms
DEBUG 04-24 11:11:06.521914.521914 cuda_h.py:27] end *before experts start* cost 0.942 ms
DEBUG 04-24 11:11:06.521134.521134 cuda_h.py:27] end cpu_experts_submit_fused_mp cost 0.203 ms
DEBUG 04-24 11:11:06.522444.522444 cuda_h.py:27] end *single cpu experts* cost 1.165 ms
DEBUG 04-24 11:11:06.523859.523859 cuda_h.py:27] end prepare_group_stack cost 0.440 ms
DEBUG 04-24 11:11:06.524311.524311 cuda_h.py:27] end group stack cost 0.757 ms
DEBUG 04-24 11:11:06.524818.524818 cuda_h.py:27] end move_flatidxs_group_fused_mp cost 1.409 ms
DEBUG 04-24 11:11:06.524743.524743 cuda_h.py:27] end prepare_group_stack cost 0.430 ms
DEBUG 04-24 11:11:06.524567.524567 cuda_h.py:27] end get_fused_experts_names_w cost 0.022 ms
DEBUG 04-24 11:11:06.525806.525806 cuda_h.py:27] end prepare_group_stack cost 0.595 ms
DEBUG 04-24 11:11:06.525660.525660 cuda_h.py:27] end prepare_group_stack cost 0.644 ms
DEBUG 04-24 11:11:06.525763.525763 sllm_store_c.py:27] get device uuid map
DEBUG 04-24 11:11:06.525580.525580 sllm_store_c.py:29] call client load into gpu
DEBUG 04-24 11:11:06.525609.525609 cuda_h.py:27] end restore_fused_tensors cost 0.410 ms
DEBUG 04-24 11:11:06.525291.525291 cuda_h.py:27] end group_fused_tensors_mp cost 0.701 ms
DEBUG 04-24 11:11:06.526193.526193 cuda_h.py:27] end group stack cost 1.287 ms
DEBUG 04-24 11:11:06.526012.526012 cuda_h.py:27] end move_flatidxs_group_fused_mp cost 1.951 ms
DEBUG 04-24 11:11:06.526916.526916 cuda_h.py:27] end get_fused_experts_names_w cost 0.030 ms
DEBUG 04-24 11:11:06.526098.526098 cuda_h.py:27] end group stack cost 1.478 ms
DEBUG 04-24 11:11:06.526961.526961 cuda_h.py:27] end group stack cost 1.721 ms
DEBUG 04-24 11:11:06.526022.526022 cuda_h.py:27] end move_flatidxs_group_fused_mp cost 2.537 ms
DEBUG 04-24 11:11:06.527313.527313 cuda_h.py:27] end get_fused_experts_names_w cost 0.036 ms
DEBUG 04-24 11:11:06.527021.527021 cuda_h.py:27] end move_flatidxs_group_fused_mp cost 2.759 ms
DEBUG 04-24 11:11:06.527371.527371 cuda_h.py:27] end restore_fused_tensors cost 0.569 ms
DEBUG 04-24 11:11:06.527394.527394 cuda_h.py:27] end get_fused_experts_names_w cost 0.035 ms
DEBUG 04-24 11:11:06.527028.527028 cuda_h.py:27] end group_fused_tensors_mp cost 0.995 ms
DEBUG 04-24 11:11:06.527038.527038 cuda_h.py:27] end restore2model cost 0.722 ms
DEBUG 04-24 11:11:06.527511.527511 cuda_h.py:27] end sllm_worker_task cost 10.315 ms
DEBUG 04-24 11:11:06.528918.528918 cuda_h.py:27] end load_into_gpu_async_fused_experts_dual cost 2.850 ms
DEBUG 04-24 11:11:06.528480.528480 cuda_h.py:27] end restore_tensors2_fused_experts_packed cost 0.057 ms
DEBUG 04-24 11:11:06.528078.528078 cuda_h.py:27] end restore_fused_tensors cost 1.109 ms
DEBUG 04-24 11:11:06.528545.528545 cuda_h.py:27] end restore_tensors2_fused_experts_slices cost 0.284 ms
DEBUG 04-24 11:11:06.528963.528963 cuda_h.py:27] end group_fused_tensors_mp cost 1.470 ms
DEBUG 04-24 11:11:06.528078.528078 cuda_h.py:27] end allocate_experts_cuda_memory_and_restore_model_multi_device_fused cost 6.200 ms
DEBUG 04-24 11:11:06.528958.528958 cuda_h.py:27] end restore_fused_tensors cost 1.058 ms
DEBUG 04-24 11:11:06.528943.528943 cuda_h.py:27] end gpu_sexperts cost 0.004 ms
DEBUG 04-24 11:11:06.528554.528554 cuda_h.py:27] end group_fused_tensors_mp cost 1.457 ms
DEBUG 04-24 11:11:06.528473.528473 cuda_h.py:27] end wait_load_qkvogn_s_weight cost 0.016 ms
DEBUG 04-24 11:11:06.537027.537027 mlpmodule.py:3373] [fused_group_bmm][steps] bmm1=4.439 ms split=0.374 ms act_mul=1.102 ms bmm2=5.679 ms
DEBUG 04-24 11:11:06.537082.537082 cuda_h.py:27] end fused_group_bmm cost 11.881 ms
DEBUG 04-24 11:11:06.538656.538656 cuda_h.py:27] end gather_outputs_group_fused_mp cost 0.846 ms
DEBUG 04-24 11:11:06.540642.540642 cuda_h.py:27] end cpu_experts_worker_bmm_or_einsum_1 cost 17.861 ms
DEBUG 04-24 11:11:06.540895.540895 mlpmodule.py:3373] [fused_group_bmm][steps] bmm1=7.546 ms split=0.261 ms act_mul=0.959 ms bmm2=3.513 ms
DEBUG 04-24 11:11:06.540080.540080 cuda_h.py:27] end fused_group_bmm cost 12.481 ms
DEBUG 04-24 11:11:06.541411.541411 cuda_h.py:27] end gather_outputs_group_fused_mp cost 0.746 ms
DEBUG 04-24 11:11:06.542019.542019 cuda_h.py:27] end cpu_experts_worker_bmm_or_einsum_3 cost 19.236 ms
DEBUG 04-24 11:11:06.544141.544141 mlpmodule.py:3373] [fused_group_bmm][steps] bmm1=9.480 ms split=0.086 ms act_mul=0.779 ms bmm2=4.895 ms
DEBUG 04-24 11:11:06.544982.544982 mlpmodule.py:3373] [fused_group_bmm][steps] bmm1=9.655 ms split=0.120 ms act_mul=0.673 ms bmm2=4.979 ms
DEBUG 04-24 11:11:06.544929.544929 cuda_h.py:27] end fused_group_bmm cost 15.459 ms
DEBUG 04-24 11:11:06.544605.544605 cuda_h.py:27] end fused_group_bmm cost 15.675 ms
DEBUG 04-24 11:11:06.545229.545229 cuda_h.py:27] end gather_outputs_group_fused_mp cost 0.410 ms
DEBUG 04-24 11:11:06.545951.545951 cuda_h.py:27] end gather_outputs_group_fused_mp cost 0.416 ms
DEBUG 04-24 11:11:06.545923.545923 cuda_h.py:27] end cpu_experts_worker_bmm_or_einsum_0 cost 22.473 ms
DEBUG 04-24 11:11:06.545121.545121 cuda_h.py:27] end cpu_experts_worker_bmm_or_einsum_2 cost 22.478 ms
DEBUG 04-24 11:11:06.546861.546861 cuda_h.py:27] end prepare_per_device_parameters cost 17.349 ms
DEBUG 04-24 11:11:06.548657.548657 cuda_h.py:27] end cpu_experts_scatter_reduce cost 0.723 ms
DEBUG 04-24 11:11:06.548958.548958 cuda_h.py:27] end cpu_thread_manager_mp_wait_fused cost 2.356 ms
DEBUG 04-24 11:11:06.551771.551771 cuda_h.py:27] end wait_experts_multi_device cost 2.102 ms
DEBUG 04-24 11:11:06.551376.551376 cuda_h.py:27] end *before fused experts* cost 28.756 ms
DEBUG 04-24 11:11:06.556026.556026 cuda_h.py:27] end gpu_experts_multi_device_fused cost 4.932 ms
DEBUG 04-24 11:11:06.556771.556771 cuda_h.py:27] end *gpu experts* cost 33.820 ms
DEBUG 04-24 11:11:06.556171.556171 cuda_h.py:27] end layer_moe_generate_mp_multi_device_fused_l_16 cost 36.101 ms
DEBUG 04-24 11:11:06.557074.557074 cuda_h.py:27] end *mlp cost 37.362 ms
DEBUG 04-24 11:11:06.557899.557899 cuda_h.py:27] end prefill_layer cost 40.228 ms
DEBUG 04-24 11:11:06.557039.557039 lmp.py:341] -------------------------------- end prefill layer 15 --------------------------------
DEBUG 04-24 11:11:06.557635.557635 lmp.py:294] -------------------------------- start prefill layer 16 --------------------------------
DEBUG 04-24 11:11:06.558142.558142 cuda_h.py:27] end start_load_qkvogn_s_weight_l_17 cost 0.050 ms
DEBUG 04-24 11:11:06.558584.558584 cuda_h.py:27] end allocate_cuda_memory cost 0.253 ms
DEBUG 04-24 11:11:06.558716.558716 sllm_store_c.py:27] get device uuid map
DEBUG 04-24 11:11:06.558979.558979 sllm_store_c.py:29] call client load into gpu
DEBUG 04-24 11:11:06.560462.560462 cuda_h.py:27] end **self_attn cost 1.458 ms
DEBUG 04-24 11:11:06.560820.560820 cuda_h.py:27] end *iln_self_attn_paln cost 2.527 ms
DEBUG 04-24 11:11:06.560456.560456 cuda_h.py:27] end load_into_gpu_async cost 2.124 ms
DEBUG 04-24 11:11:06.560851.560851 cuda_h.py:27] end restore_tensors2 cost 0.086 ms
DEBUG 04-24 11:11:06.560734.560734 cuda_h.py:27] end allocate_cuda_memory_and_load_into_gpu cost 2.804 ms
DEBUG 04-24 11:11:06.561950.561950 cuda_h.py:27] end gate cost 0.836 ms
DEBUG 04-24 11:11:06.562706.562706 cuda_h.py:27] end experts_map_get cost 0.543 ms
DEBUG 04-24 11:11:06.562681.562681 cuda_h.py:27] end *before experts start* cost 1.527 ms
DEBUG 04-24 11:11:06.562968.562968 cuda_h.py:27] end cpu_experts_submit_fused_mp cost 0.217 ms
DEBUG 04-24 11:11:06.563203.563203 cuda_h.py:27] end *single cpu experts* cost 1.124 ms
DEBUG 04-24 11:11:06.565761.565761 sllm_store_c.py:27] get device uuid map
DEBUG 04-24 11:11:06.565379.565379 sllm_store_c.py:29] call client load into gpu
DEBUG 04-24 11:11:06.565062.565062 cuda_h.py:27] end prepare_group_stack cost 0.574 ms
DEBUG 04-24 11:11:06.566232.566232 cuda_h.py:27] end prepare_group_stack cost 0.997 ms
DEBUG 04-24 11:11:06.566007.566007 cuda_h.py:27] end prepare_group_stack cost 0.975 ms
DEBUG 04-24 11:11:06.566768.566768 cuda_h.py:27] end prepare_group_stack cost 0.888 ms
DEBUG 04-24 11:11:06.567115.567115 cuda_h.py:27] end group stack cost 1.149 ms
DEBUG 04-24 11:11:06.567902.567902 cuda_h.py:27] end move_flatidxs_group_fused_mp cost 2.334 ms
DEBUG 04-24 11:11:06.567731.567731 cuda_h.py:27] end group stack cost 1.111 ms
DEBUG 04-24 11:11:06.567051.567051 cuda_h.py:27] end get_fused_experts_names_w cost 0.030 ms
DEBUG 04-24 11:11:06.568887.568887 cuda_h.py:27] end move_flatidxs_group_fused_mp cost 2.566 ms
DEBUG 04-24 11:11:06.568656.568656 cuda_h.py:27] end get_fused_experts_names_w cost 0.040 ms
DEBUG 04-24 11:11:06.568989.568989 cuda_h.py:27] end group stack cost 1.707 ms
DEBUG 04-24 11:11:06.568691.568691 cuda_h.py:27] end move_flatidxs_group_fused_mp cost 3.085 ms
DEBUG 04-24 11:11:06.568881.568881 cuda_h.py:27] end get_fused_experts_names_w cost 0.033 ms
DEBUG 04-24 11:11:06.568282.568282 cuda_h.py:27] end restore_fused_tensors cost 0.668 ms
DEBUG 04-24 11:11:06.568238.568238 cuda_h.py:27] end group stack cost 2.166 ms
DEBUG 04-24 11:11:06.568028.568028 cuda_h.py:27] end group_fused_tensors_mp cost 0.931 ms
DEBUG 04-24 11:11:06.569141.569141 cuda_h.py:27] end move_flatidxs_group_fused_mp cost 3.553 ms
DEBUG 04-24 11:11:06.569434.569434 cuda_h.py:27] end restore_fused_tensors cost 0.998 ms
DEBUG 04-24 11:11:06.569312.569312 cuda_h.py:27] end group_fused_tensors_mp cost 1.272 ms
DEBUG 04-24 11:11:06.569058.569058 cuda_h.py:27] end get_fused_experts_names_w cost 0.155 ms
DEBUG 04-24 11:11:06.569223.569223 cuda_h.py:27] end restore_fused_tensors cost 0.837 ms
DEBUG 04-24 11:11:06.569653.569653 cuda_h.py:27] end group_fused_tensors_mp cost 1.133 ms
DEBUG 04-24 11:11:06.570290.570290 cuda_h.py:27] end restore_fused_tensors cost 0.831 ms
DEBUG 04-24 11:11:06.570970.570970 cuda_h.py:27] end group_fused_tensors_mp cost 1.536 ms
DEBUG 04-24 11:11:06.572827.572827 cuda_h.py:27] end restore2model cost 1.175 ms
DEBUG 04-24 11:11:06.573439.573439 cuda_h.py:27] end sllm_worker_task cost 15.145 ms
DEBUG 04-24 11:11:06.575309.575309 cuda_h.py:27] end load_into_gpu_async_fused_experts_dual cost 9.976 ms
DEBUG 04-24 11:11:06.576046.576046 cuda_h.py:27] end restore_tensors2_fused_experts_packed cost 0.361 ms
DEBUG 04-24 11:11:06.577664.577664 cuda_h.py:27] end restore_tensors2_fused_experts_slices cost 0.923 ms
DEBUG 04-24 11:11:06.578494.578494 cuda_h.py:27] end allocate_experts_cuda_memory_and_restore_model_multi_device_fused cost 14.914 ms
DEBUG 04-24 11:11:06.578275.578275 cuda_h.py:27] end gpu_sexperts cost 0.023 ms
DEBUG 04-24 11:11:06.578661.578661 cuda_h.py:27] end wait_load_qkvogn_s_weight cost 0.047 ms
DEBUG 04-24 11:11:06.589291.589291 mlpmodule.py:3373] [fused_group_bmm][steps] bmm1=9.663 ms split=0.191 ms act_mul=0.718 ms bmm2=9.159 ms
DEBUG 04-24 11:11:06.589139.589139 cuda_h.py:27] end fused_group_bmm cost 20.430 ms
DEBUG 04-24 11:11:06.589383.589383 mlpmodule.py:3373] [fused_group_bmm][steps] bmm1=10.938 ms split=0.140 ms act_mul=0.673 ms bmm2=7.994 ms
DEBUG 04-24 11:11:06.589068.589068 mlpmodule.py:3373] [fused_group_bmm][steps] bmm1=12.439 ms split=0.078 ms act_mul=0.631 ms bmm2=6.869 ms
DEBUG 04-24 11:11:06.590626.590626 cuda_h.py:27] end fused_group_bmm cost 20.104 ms
DEBUG 04-24 11:11:06.590593.590593 cuda_h.py:27] end fused_group_bmm cost 20.298 ms
DEBUG 04-24 11:11:06.590638.590638 cuda_h.py:27] end gather_outputs_group_fused_mp cost 0.967 ms
DEBUG 04-24 11:11:06.590447.590447 cuda_h.py:27] end gather_outputs_group_fused_mp cost 0.471 ms
DEBUG 04-24 11:11:06.590223.590223 cuda_h.py:27] end gather_outputs_group_fused_mp cost 0.467 ms
DEBUG 04-24 11:11:06.591347.591347 cuda_h.py:27] end cpu_experts_worker_bmm_or_einsum_0 cost 27.120 ms
DEBUG 04-24 11:11:06.591877.591877 cuda_h.py:27] end cpu_experts_worker_bmm_or_einsum_2 cost 27.152 ms
DEBUG 04-24 11:11:06.591033.591033 mlpmodule.py:3373] [fused_group_bmm][steps] bmm1=9.014 ms split=0.117 ms act_mul=0.715 ms bmm2=10.004 ms
DEBUG 04-24 11:11:06.591345.591345 cuda_h.py:27] end fused_group_bmm cost 20.122 ms
DEBUG 04-24 11:11:06.591094.591094 cuda_h.py:27] end cpu_experts_worker_bmm_or_einsum_1 cost 27.298 ms
DEBUG 04-24 11:11:06.592342.592342 cuda_h.py:27] end gather_outputs_group_fused_mp cost 0.464 ms
DEBUG 04-24 11:11:06.592286.592286 cuda_h.py:27] end cpu_experts_worker_bmm_or_einsum_3 cost 28.397 ms
DEBUG 04-24 11:11:06.596728.596728 cuda_h.py:27] end prepare_per_device_parameters cost 17.849 ms
DEBUG 04-24 11:11:06.599448.599448 cuda_h.py:27] end cpu_experts_scatter_reduce cost 0.741 ms
DEBUG 04-24 11:11:06.599471.599471 cuda_h.py:27] end cpu_thread_manager_mp_wait_fused cost 2.490 ms
DEBUG 04-24 11:11:06.600156.600156 cuda_h.py:27] end wait_experts_multi_device cost 1.236 ms
DEBUG 04-24 11:11:06.600006.600006 cuda_h.py:27] end *before fused experts* cost 37.366 ms
DEBUG 04-24 11:11:06.605958.605958 cuda_h.py:27] end gpu_experts_multi_device_fused cost 4.839 ms
DEBUG 04-24 11:11:06.605536.605536 cuda_h.py:27] end *gpu experts* cost 42.322 ms
DEBUG 04-24 11:11:06.605201.605201 cuda_h.py:27] end layer_moe_generate_mp_multi_device_fused_l_17 cost 45.132 ms
DEBUG 04-24 11:11:06.607788.607788 cuda_h.py:27] end *mlp cost 46.441 ms
DEBUG 04-24 11:11:06.607783.607783 cuda_h.py:27] end prefill_layer cost 49.125 ms
DEBUG 04-24 11:11:06.607632.607632 lmp.py:341] -------------------------------- end prefill layer 16 --------------------------------
DEBUG 04-24 11:11:06.607482.607482 lmp.py:294] -------------------------------- start prefill layer 17 --------------------------------
DEBUG 04-24 11:11:06.607605.607605 cuda_h.py:27] end start_load_qkvogn_s_weight_l_18 cost 0.055 ms
DEBUG 04-24 11:11:06.607961.607961 cuda_h.py:27] end allocate_cuda_memory cost 0.233 ms
DEBUG 04-24 11:11:06.607066.607066 sllm_store_c.py:27] get device uuid map
DEBUG 04-24 11:11:06.608420.608420 sllm_store_c.py:29] call client load into gpu
DEBUG 04-24 11:11:06.609306.609306 cuda_h.py:27] end load_into_gpu_async cost 1.437 ms
DEBUG 04-24 11:11:06.609192.609192 cuda_h.py:27] end restore_tensors2 cost 0.092 ms
DEBUG 04-24 11:11:06.609674.609674 cuda_h.py:27] end allocate_cuda_memory_and_load_into_gpu cost 2.177 ms
DEBUG 04-24 11:11:06.610675.610675 cuda_h.py:27] end **self_attn cost 1.949 ms
DEBUG 04-24 11:11:06.610471.610471 cuda_h.py:27] end *iln_self_attn_paln cost 2.982 ms
DEBUG 04-24 11:11:06.611810.611810 cuda_h.py:27] end gate cost 0.510 ms
DEBUG 04-24 11:11:06.611213.611213 cuda_h.py:27] end experts_map_get cost 0.284 ms
DEBUG 04-24 11:11:06.611426.611426 cuda_h.py:27] end *before experts start* cost 0.940 ms
DEBUG 04-24 11:11:06.611203.611203 cuda_h.py:27] end cpu_experts_submit_fused_mp cost 0.228 ms
DEBUG 04-24 11:11:06.612255.612255 cuda_h.py:27] end *single cpu experts* cost 1.175 ms
DEBUG 04-24 11:11:06.615631.615631 cuda_h.py:27] end prepare_group_stack cost 0.908 ms
DEBUG 04-24 11:11:06.615367.615367 cuda_h.py:27] end prepare_group_stack cost 0.973 ms
DEBUG 04-24 11:11:06.615128.615128 cuda_h.py:27] end prepare_group_stack cost 0.930 ms
DEBUG 04-24 11:11:06.615182.615182 sllm_store_c.py:27] get device uuid map
DEBUG 04-24 11:11:06.615006.615006 sllm_store_c.py:29] call client load into gpu
DEBUG 04-24 11:11:06.615084.615084 cuda_h.py:27] end prepare_group_stack cost 0.545 ms
DEBUG 04-24 11:11:06.616628.616628 cuda_h.py:27] end group stack cost 1.206 ms
DEBUG 04-24 11:11:06.616685.616685 cuda_h.py:27] end move_flatidxs_group_fused_mp cost 2.334 ms
DEBUG 04-24 11:11:06.616398.616398 cuda_h.py:27] end get_fused_experts_names_w cost 0.025 ms
DEBUG 04-24 11:11:06.616247.616247 cuda_h.py:27] end group stack cost 1.655 ms
DEBUG 04-24 11:11:06.617600.617600 cuda_h.py:27] end move_flatidxs_group_fused_mp cost 3.022 ms
DEBUG 04-24 11:11:06.617357.617357 cuda_h.py:27] end group stack cost 1.980 ms
DEBUG 04-24 11:11:06.617872.617872 cuda_h.py:27] end get_fused_experts_names_w cost 0.036 ms
DEBUG 04-24 11:11:06.617316.617316 cuda_h.py:27] end move_flatidxs_group_fused_mp cost 3.193 ms
DEBUG 04-24 11:11:06.617759.617759 cuda_h.py:27] end group stack cost 1.667 ms
DEBUG 04-24 11:11:06.617032.617032 cuda_h.py:27] end restore_fused_tensors cost 0.514 ms
DEBUG 04-24 11:11:06.617581.617581 cuda_h.py:27] end get_fused_experts_names_w cost 0.031 ms
DEBUG 04-24 11:11:06.617513.617513 cuda_h.py:27] end group_fused_tensors_mp cost 0.887 ms
DEBUG 04-24 11:11:06.617752.617752 cuda_h.py:27] end move_flatidxs_group_fused_mp cost 2.495 ms
DEBUG 04-24 11:11:06.617466.617466 cuda_h.py:27] end restore2model cost 0.818 ms
DEBUG 04-24 11:11:06.618263.618263 cuda_h.py:27] end get_fused_experts_names_w cost 0.025 ms
DEBUG 04-24 11:11:06.618339.618339 cuda_h.py:27] end load_into_gpu_async_fused_experts_dual cost 2.886 ms
DEBUG 04-24 11:11:06.618691.618691 cuda_h.py:27] end sllm_worker_task cost 10.615 ms
DEBUG 04-24 11:11:06.618043.618043 cuda_h.py:27] end restore_fused_tensors cost 0.802 ms
DEBUG 04-24 11:11:06.618347.618347 cuda_h.py:27] end restore_tensors2_fused_experts_packed cost 0.057 ms
DEBUG 04-24 11:11:06.618199.618199 cuda_h.py:27] end group_fused_tensors_mp cost 1.126 ms
DEBUG 04-24 11:11:06.618493.618493 cuda_h.py:27] end restore_fused_tensors cost 0.597 ms
DEBUG 04-24 11:11:06.618512.618512 cuda_h.py:27] end restore_fused_tensors cost 0.917 ms
DEBUG 04-24 11:11:06.618176.618176 cuda_h.py:27] end restore_tensors2_fused_experts_slices cost 0.284 ms
DEBUG 04-24 11:11:06.618442.618442 cuda_h.py:27] end group_fused_tensors_mp cost 0.827 ms
DEBUG 04-24 11:11:06.618417.618417 cuda_h.py:27] end allocate_experts_cuda_memory_and_restore_model_multi_device_fused cost 6.167 ms
DEBUG 04-24 11:11:06.618814.618814 cuda_h.py:27] end group_fused_tensors_mp cost 1.262 ms
DEBUG 04-24 11:11:06.619594.619594 cuda_h.py:27] end gpu_sexperts cost 0.003 ms
DEBUG 04-24 11:11:06.619609.619609 cuda_h.py:27] end wait_load_qkvogn_s_weight cost 0.013 ms
DEBUG 04-24 11:11:06.637935.637935 cuda_h.py:27] end prepare_per_device_parameters cost 18.596 ms
DEBUG 04-24 11:11:06.638634.638634 mlpmodule.py:3373] [fused_group_bmm][steps] bmm1=11.302 ms split=0.098 ms act_mul=0.413 ms bmm2=7.837 ms
DEBUG 04-24 11:11:06.638904.638904 mlpmodule.py:3373] [fused_group_bmm][steps] bmm1=10.958 ms split=0.084 ms act_mul=0.652 ms bmm2=7.673 ms
DEBUG 04-24 11:11:06.638690.638690 cuda_h.py:27] end fused_group_bmm cost 19.736 ms
DEBUG 04-24 11:11:06.638027.638027 cuda_h.py:27] end fused_group_bmm cost 20.150 ms
DEBUG 04-24 11:11:06.639421.639421 cuda_h.py:27] end gather_outputs_group_fused_mp cost 0.494 ms
DEBUG 04-24 11:11:06.639189.639189 cuda_h.py:27] end gather_outputs_group_fused_mp cost 0.489 ms
DEBUG 04-24 11:11:06.640203.640203 cuda_h.py:27] end cpu_experts_worker_bmm_or_einsum_2 cost 26.997 ms
DEBUG 04-24 11:11:06.640455.640455 cuda_h.py:27] end cpu_experts_worker_bmm_or_einsum_0 cost 27.003 ms
DEBUG 04-24 11:11:06.641782.641782 mlpmodule.py:3373] [fused_group_bmm][steps] bmm1=13.098 ms split=0.183 ms act_mul=0.481 ms bmm2=8.279 ms
DEBUG 04-24 11:11:06.641148.641148 cuda_h.py:27] end fused_group_bmm cost 22.319 ms
DEBUG 04-24 11:11:06.641687.641687 mlpmodule.py:3373] [fused_group_bmm][steps] bmm1=13.828 ms split=0.114 ms act_mul=0.416 ms bmm2=8.902 ms
DEBUG 04-24 11:11:06.641324.641324 cuda_h.py:27] end fused_group_bmm cost 23.518 ms
DEBUG 04-24 11:11:06.642788.642788 cuda_h.py:27] end gather_outputs_group_fused_mp cost 0.443 ms
DEBUG 04-24 11:11:06.642094.642094 cuda_h.py:27] end gather_outputs_group_fused_mp cost 0.434 ms
DEBUG 04-24 11:11:06.642525.642525 cuda_h.py:27] end cpu_experts_worker_bmm_or_einsum_3 cost 28.416 ms
DEBUG 04-24 11:11:06.642133.642133 cuda_h.py:27] end cpu_experts_worker_bmm_or_einsum_1 cost 29.669 ms
DEBUG 04-24 11:11:06.645220.645220 cuda_h.py:27] end cpu_experts_scatter_reduce cost 1.707 ms
DEBUG 04-24 11:11:06.645505.645505 cuda_h.py:27] end cpu_thread_manager_mp_wait_fused cost 7.529 ms
DEBUG 04-24 11:11:06.647463.647463 cuda_h.py:27] end wait_experts_multi_device cost 1.557 ms
DEBUG 04-24 11:11:06.647574.647574 cuda_h.py:27] end *before fused experts* cost 35.175 ms
DEBUG 04-24 11:11:06.655668.655668 cuda_h.py:27] end gpu_experts_multi_device_fused cost 7.286 ms
DEBUG 04-24 11:11:06.655533.655533 cuda_h.py:27] end *gpu experts* cost 42.842 ms
DEBUG 04-24 11:11:06.655735.655735 cuda_h.py:27] end layer_moe_generate_mp_multi_device_fused_l_18 cost 45.161 ms
DEBUG 04-24 11:11:06.656784.656784 cuda_h.py:27] end *mlp cost 46.424 ms
DEBUG 04-24 11:11:06.657256.657256 cuda_h.py:27] end prefill_layer cost 49.621 ms
DEBUG 04-24 11:11:06.657112.657112 lmp.py:341] -------------------------------- end prefill layer 17 --------------------------------
DEBUG 04-24 11:11:06.657862.657862 lmp.py:294] -------------------------------- start prefill layer 18 --------------------------------
DEBUG 04-24 11:11:06.657977.657977 cuda_h.py:27] end start_load_qkvogn_s_weight_l_19 cost 0.045 ms
DEBUG 04-24 11:11:06.657624.657624 cuda_h.py:27] end allocate_cuda_memory cost 0.238 ms
DEBUG 04-24 11:11:06.657543.657543 sllm_store_c.py:27] get device uuid map
DEBUG 04-24 11:11:06.658218.658218 sllm_store_c.py:29] call client load into gpu
DEBUG 04-24 11:11:06.659721.659721 cuda_h.py:27] end **self_attn cost 1.454 ms
DEBUG 04-24 11:11:06.659421.659421 cuda_h.py:27] end *iln_self_attn_paln cost 2.625 ms
DEBUG 04-24 11:11:06.660215.660215 cuda_h.py:27] end load_into_gpu_async cost 2.461 ms
DEBUG 04-24 11:11:06.660465.660465 cuda_h.py:27] end restore_tensors2 cost 0.091 ms
DEBUG 04-24 11:11:06.660473.660473 cuda_h.py:27] end allocate_cuda_memory_and_load_into_gpu cost 3.083 ms
DEBUG 04-24 11:11:06.661512.661512 cuda_h.py:27] end gate cost 0.942 ms
DEBUG 04-24 11:11:06.661626.661626 cuda_h.py:27] end experts_map_get cost 0.333 ms
DEBUG 04-24 11:11:06.661794.661794 cuda_h.py:27] end *before experts start* cost 1.443 ms
DEBUG 04-24 11:11:06.661121.661121 cuda_h.py:27] end cpu_experts_submit_fused_mp cost 0.245 ms
DEBUG 04-24 11:11:06.662696.662696 cuda_h.py:27] end *single cpu experts* cost 1.193 ms
DEBUG 04-24 11:11:06.664780.664780 cuda_h.py:27] end prepare_group_stack cost 0.614 ms
DEBUG 04-24 11:11:06.664404.664404 cuda_h.py:27] end prepare_group_stack cost 0.589 ms
DEBUG 04-24 11:11:06.664186.664186 sllm_store_c.py:27] get device uuid map
DEBUG 04-24 11:11:06.665912.665912 cuda_h.py:27] end prepare_group_stack cost 1.013 ms
DEBUG 04-24 11:11:06.665324.665324 sllm_store_c.py:29] call client load into gpu
DEBUG 04-24 11:11:06.665700.665700 cuda_h.py:27] end prepare_group_stack cost 0.459 ms
DEBUG 04-24 11:11:06.665931.665931 cuda_h.py:27] end group stack cost 0.869 ms
DEBUG 04-24 11:11:06.665168.665168 cuda_h.py:27] end move_flatidxs_group_fused_mp cost 1.726 ms
DEBUG 04-24 11:11:06.666009.666009 cuda_h.py:27] end get_fused_experts_names_w cost 0.025 ms
DEBUG 04-24 11:11:06.666643.666643 cuda_h.py:27] end group stack cost 1.514 ms
DEBUG 04-24 11:11:06.666106.666106 cuda_h.py:27] end move_flatidxs_group_fused_mp cost 2.385 ms
DEBUG 04-24 11:11:06.666943.666943 cuda_h.py:27] end group stack cost 1.253 ms
DEBUG 04-24 11:11:06.666264.666264 cuda_h.py:27] end restore_fused_tensors cost 0.549 ms
DEBUG 04-24 11:11:06.666214.666214 cuda_h.py:27] end group_fused_tensors_mp cost 0.813 ms
DEBUG 04-24 11:11:06.666970.666970 cuda_h.py:27] end get_fused_experts_names_w cost 0.035 ms
DEBUG 04-24 11:11:06.666599.666599 cuda_h.py:27] end move_flatidxs_group_fused_mp cost 2.765 ms
DEBUG 04-24 11:11:06.666669.666669 cuda_h.py:27] end group stack cost 1.364 ms
DEBUG 04-24 11:11:06.667944.667944 cuda_h.py:27] end move_flatidxs_group_fused_mp cost 2.026 ms
DEBUG 04-24 11:11:06.667480.667480 cuda_h.py:27] end get_fused_experts_names_w cost 0.033 ms
DEBUG 04-24 11:11:06.667174.667174 cuda_h.py:27] end get_fused_experts_names_w cost 0.024 ms
DEBUG 04-24 11:11:06.668674.668674 cuda_h.py:27] end restore_fused_tensors cost 0.634 ms
DEBUG 04-24 11:11:06.668604.668604 cuda_h.py:27] end group_fused_tensors_mp cost 0.994 ms
DEBUG 04-24 11:11:06.668061.668061 cuda_h.py:27] end restore_fused_tensors cost 1.168 ms
DEBUG 04-24 11:11:06.668125.668125 cuda_h.py:27] end restore_fused_tensors cost 1.119 ms
DEBUG 04-24 11:11:06.668798.668798 cuda_h.py:27] end group_fused_tensors_mp cost 1.430 ms
DEBUG 04-24 11:11:06.668076.668076 cuda_h.py:27] end group_fused_tensors_mp cost 1.629 ms
DEBUG 04-24 11:11:06.669616.669616 cuda_h.py:27] end restore2model cost 0.972 ms
DEBUG 04-24 11:11:06.669765.669765 cuda_h.py:27] end sllm_worker_task cost 11.994 ms
DEBUG 04-24 11:11:06.671039.671039 cuda_h.py:27] end load_into_gpu_async_fused_experts_dual cost 6.794 ms
DEBUG 04-24 11:11:06.672218.672218 cuda_h.py:27] end restore_tensors2_fused_experts_packed cost 0.286 ms
DEBUG 04-24 11:11:06.673804.673804 cuda_h.py:27] end restore_tensors2_fused_experts_slices cost 0.598 ms
DEBUG 04-24 11:11:06.673666.673666 cuda_h.py:27] end allocate_experts_cuda_memory_and_restore_model_multi_device_fused cost 10.898 ms
DEBUG 04-24 11:11:06.674651.674651 cuda_h.py:27] end gpu_sexperts cost 0.023 ms
DEBUG 04-24 11:11:06.674422.674422 cuda_h.py:27] end wait_load_qkvogn_s_weight cost 0.057 ms
DEBUG 04-24 11:11:06.679123.679123 mlpmodule.py:3373] [fused_group_bmm][steps] bmm1=7.725 ms split=0.088 ms act_mul=0.453 ms bmm2=2.719 ms
DEBUG 04-24 11:11:06.679053.679053 cuda_h.py:27] end fused_group_bmm cost 11.291 ms
DEBUG 04-24 11:11:06.680303.680303 cuda_h.py:27] end gather_outputs_group_fused_mp cost 0.641 ms
DEBUG 04-24 11:11:06.681860.681860 cuda_h.py:27] end cpu_experts_worker_bmm_or_einsum_0 cost 18.898 ms
DEBUG 04-24 11:11:06.683314.683314 mlpmodule.py:3373] [fused_group_bmm][steps] bmm1=9.203 ms split=0.167 ms act_mul=0.513 ms bmm2=4.623 ms
DEBUG 04-24 11:11:06.683339.683339 cuda_h.py:27] end fused_group_bmm cost 14.695 ms
DEBUG 04-24 11:11:06.683457.683457 cuda_h.py:27] end gather_outputs_group_fused_mp cost 0.326 ms
DEBUG 04-24 11:11:06.683110.683110 mlpmodule.py:3373] [fused_group_bmm][steps] bmm1=8.540 ms split=0.118 ms act_mul=0.394 ms bmm2=6.169 ms
DEBUG 04-24 11:11:06.684476.684476 cuda_h.py:27] end fused_group_bmm cost 15.740 ms
DEBUG 04-24 11:11:06.684063.684063 cuda_h.py:27] end cpu_experts_worker_bmm_or_einsum_2 cost 21.214 ms
DEBUG 04-24 11:11:06.684326.684326 mlpmodule.py:3373] [fused_group_bmm][steps] bmm1=9.691 ms split=0.115 ms act_mul=0.478 ms bmm2=6.931 ms
DEBUG 04-24 11:11:06.684171.684171 cuda_h.py:27] end fused_group_bmm cost 17.560 ms
DEBUG 04-24 11:11:06.684235.684235 cuda_h.py:27] end gather_outputs_group_fused_mp cost 0.532 ms
DEBUG 04-24 11:11:06.685549.685549 cuda_h.py:27] end gather_outputs_group_fused_mp cost 0.481 ms
DEBUG 04-24 11:11:06.685896.685896 cuda_h.py:27] end cpu_experts_worker_bmm_or_einsum_3 cost 21.438 ms
DEBUG 04-24 11:11:06.685402.685402 cuda_h.py:27] end cpu_experts_worker_bmm_or_einsum_1 cost 22.665 ms
DEBUG 04-24 11:11:06.690127.690127 cuda_h.py:27] end prepare_per_device_parameters cost 15.846 ms
DEBUG 04-24 11:11:06.692689.692689 cuda_h.py:27] end cpu_experts_scatter_reduce cost 0.758 ms
DEBUG 04-24 11:11:06.692612.692612 cuda_h.py:27] end cpu_thread_manager_mp_wait_fused cost 2.483 ms
DEBUG 04-24 11:11:06.695729.695729 cuda_h.py:27] end wait_experts_multi_device cost 2.258 ms
DEBUG 04-24 11:11:06.695419.695419 cuda_h.py:27] end *before fused experts* cost 32.425 ms
DEBUG 04-24 11:11:06.699547.699547 cuda_h.py:27] end gpu_experts_multi_device_fused cost 3.993 ms
DEBUG 04-24 11:11:06.699914.699914 cuda_h.py:27] end *gpu experts* cost 36.511 ms
DEBUG 04-24 11:11:06.699995.699995 cuda_h.py:27] end layer_moe_generate_mp_multi_device_fused_l_19 cost 39.303 ms
DEBUG 04-24 11:11:06.700734.700734 cuda_h.py:27] end *mlp cost 40.793 ms
DEBUG 04-24 11:11:06.701135.701135 cuda_h.py:27] end prefill_layer cost 43.776 ms
DEBUG 04-24 11:11:06.701243.701243 lmp.py:341] -------------------------------- end prefill layer 18 --------------------------------
DEBUG 04-24 11:11:06.701085.701085 lmp.py:294] -------------------------------- start prefill layer 19 --------------------------------
DEBUG 04-24 11:11:06.701378.701378 cuda_h.py:27] end start_load_qkvogn_s_weight_l_20 cost 0.041 ms
DEBUG 04-24 11:11:06.701087.701087 cuda_h.py:27] end allocate_cuda_memory cost 0.241 ms
DEBUG 04-24 11:11:06.701006.701006 sllm_store_c.py:27] get device uuid map
DEBUG 04-24 11:11:06.701129.701129 sllm_store_c.py:29] call client load into gpu
DEBUG 04-24 11:11:06.703734.703734 cuda_h.py:27] end **self_attn cost 1.349 ms
DEBUG 04-24 11:11:06.703855.703855 cuda_h.py:27] end *iln_self_attn_paln cost 2.401 ms
DEBUG 04-24 11:11:06.704851.704851 cuda_h.py:27] end load_into_gpu_async cost 2.306 ms
DEBUG 04-24 11:11:06.704399.704399 cuda_h.py:27] end restore_tensors2 cost 0.090 ms
DEBUG 04-24 11:11:06.704409.704409 cuda_h.py:27] end allocate_cuda_memory_and_load_into_gpu cost 2.981 ms
DEBUG 04-24 11:11:06.704037.704037 cuda_h.py:27] end gate cost 0.792 ms
DEBUG 04-24 11:11:06.704791.704791 cuda_h.py:27] end experts_map_get cost 0.260 ms
DEBUG 04-24 11:11:06.704812.704812 cuda_h.py:27] end *before experts start* cost 1.199 ms
DEBUG 04-24 11:11:06.705356.705356 cuda_h.py:27] end cpu_experts_submit_fused_mp cost 0.197 ms
DEBUG 04-24 11:11:06.705784.705784 cuda_h.py:27] end *single cpu experts* cost 1.105 ms
DEBUG 04-24 11:11:06.707103.707103 cuda_h.py:27] end prepare_group_stack cost 0.576 ms
DEBUG 04-24 11:11:06.708849.708849 cuda_h.py:27] end group stack cost 0.955 ms
DEBUG 04-24 11:11:06.708202.708202 sllm_store_c.py:27] get device uuid map
DEBUG 04-24 11:11:06.708708.708708 sllm_store_c.py:29] call client load into gpu
DEBUG 04-24 11:11:06.708880.708880 cuda_h.py:27] end prepare_group_stack cost 0.512 ms
DEBUG 04-24 11:11:06.708464.708464 cuda_h.py:27] end move_flatidxs_group_fused_mp cost 1.885 ms
DEBUG 04-24 11:11:06.708940.708940 cuda_h.py:27] end prepare_group_stack cost 0.643 ms
DEBUG 04-24 11:11:06.708272.708272 cuda_h.py:27] end prepare_group_stack cost 0.566 ms
DEBUG 04-24 11:11:06.709701.709701 cuda_h.py:27] end get_fused_experts_names_w cost 0.033 ms
DEBUG 04-24 11:11:06.709542.709542 cuda_h.py:27] end group stack cost 0.680 ms
DEBUG 04-24 11:11:06.709624.709624 cuda_h.py:27] end move_flatidxs_group_fused_mp cost 1.396 ms
DEBUG 04-24 11:11:06.709428.709428 cuda_h.py:27] end get_fused_experts_names_w cost 0.021 ms
DEBUG 04-24 11:11:06.710989.710989 cuda_h.py:27] end restore_fused_tensors cost 0.424 ms
DEBUG 04-24 11:11:06.710163.710163 cuda_h.py:27] end group_fused_tensors_mp cost 0.637 ms
DEBUG 04-24 11:11:06.710546.710546 cuda_h.py:27] end restore_fused_tensors cost 0.939 ms
DEBUG 04-24 11:11:06.710200.710200 cuda_h.py:27] end group_fused_tensors_mp cost 1.282 ms
DEBUG 04-24 11:11:06.710445.710445 cuda_h.py:27] end group stack cost 1.242 ms
DEBUG 04-24 11:11:06.710995.710995 cuda_h.py:27] end move_flatidxs_group_fused_mp cost 2.396 ms
DEBUG 04-24 11:11:06.710100.710100 cuda_h.py:27] end get_fused_experts_names_w cost 0.033 ms
DEBUG 04-24 11:11:06.711212.711212 cuda_h.py:27] end group stack cost 1.981 ms
DEBUG 04-24 11:11:06.711048.711048 cuda_h.py:27] end move_flatidxs_group_fused_mp cost 3.094 ms
DEBUG 04-24 11:11:06.711302.711302 cuda_h.py:27] end get_fused_experts_names_w cost 0.051 ms
DEBUG 04-24 11:11:06.711410.711410 cuda_h.py:27] end restore_fused_tensors cost 0.936 ms
DEBUG 04-24 11:11:06.712250.712250 cuda_h.py:27] end group_fused_tensors_mp cost 1.535 ms
DEBUG 04-24 11:11:06.712470.712470 cuda_h.py:27] end restore2model cost 1.261 ms
DEBUG 04-24 11:11:06.712800.712800 cuda_h.py:27] end sllm_worker_task cost 11.687 ms
DEBUG 04-24 11:11:06.713788.713788 cuda_h.py:27] end load_into_gpu_async_fused_experts_dual cost 4.848 ms
DEBUG 04-24 11:11:06.713908.713908 cuda_h.py:27] end restore_fused_tensors cost 1.608 ms
DEBUG 04-24 11:11:06.713148.713148 cuda_h.py:27] end group_fused_tensors_mp cost 2.190 ms
DEBUG 04-24 11:11:06.713969.713969 cuda_h.py:27] end restore_tensors2_fused_experts_packed cost 0.215 ms
DEBUG 04-24 11:11:06.714832.714832 cuda_h.py:27] end restore_tensors2_fused_experts_slices cost 0.863 ms
DEBUG 04-24 11:11:06.715821.715821 cuda_h.py:27] end allocate_experts_cuda_memory_and_restore_model_multi_device_fused cost 9.157 ms
DEBUG 04-24 11:11:06.715468.715468 cuda_h.py:27] end gpu_sexperts cost 0.012 ms
DEBUG 04-24 11:11:06.715917.715917 cuda_h.py:27] end wait_load_qkvogn_s_weight cost 0.054 ms
DEBUG 04-24 11:11:06.721580.721580 mlpmodule.py:3373] [fused_group_bmm][steps] bmm1=5.897 ms split=0.174 ms act_mul=0.604 ms bmm2=4.197 ms
DEBUG 04-24 11:11:06.721457.721457 cuda_h.py:27] end fused_group_bmm cost 11.169 ms
DEBUG 04-24 11:11:06.722269.722269 cuda_h.py:27] end gather_outputs_group_fused_mp cost 0.687 ms
DEBUG 04-24 11:11:06.724282.724282 cuda_h.py:27] end cpu_experts_worker_bmm_or_einsum_0 cost 18.084 ms
DEBUG 04-24 11:11:06.724843.724843 mlpmodule.py:3373] [fused_group_bmm][steps] bmm1=7.270 ms split=0.159 ms act_mul=0.424 ms bmm2=3.962 ms
DEBUG 04-24 11:11:06.724339.724339 cuda_h.py:27] end fused_group_bmm cost 11.999 ms
DEBUG 04-24 11:11:06.725535.725535 cuda_h.py:27] end gather_outputs_group_fused_mp cost 0.281 ms
DEBUG 04-24 11:11:06.725008.725008 cuda_h.py:27] end cpu_experts_worker_bmm_or_einsum_2 cost 18.697 ms
DEBUG 04-24 11:11:06.727936.727936 mlpmodule.py:3373] [fused_group_bmm][steps] bmm1=8.185 ms split=0.341 ms act_mul=1.945 ms bmm2=6.302 ms
DEBUG 04-24 11:11:06.727704.727704 cuda_h.py:27] end fused_group_bmm cost 17.195 ms
DEBUG 04-24 11:11:06.728946.728946 cuda_h.py:27] end gather_outputs_group_fused_mp cost 0.855 ms
DEBUG 04-24 11:11:06.729830.729830 cuda_h.py:27] end cpu_experts_worker_bmm_or_einsum_1 cost 22.740 ms
DEBUG 04-24 11:11:06.729052.729052 mlpmodule.py:3373] [fused_group_bmm][steps] bmm1=10.155 ms split=0.286 ms act_mul=0.529 ms bmm2=4.246 ms
DEBUG 04-24 11:11:06.729854.729854 cuda_h.py:27] end fused_group_bmm cost 15.498 ms
DEBUG 04-24 11:11:06.730269.730269 cuda_h.py:27] end gather_outputs_group_fused_mp cost 0.384 ms
DEBUG 04-24 11:11:06.730974.730974 cuda_h.py:27] end cpu_experts_worker_bmm_or_einsum_3 cost 24.021 ms
DEBUG 04-24 11:11:06.732188.732188 cuda_h.py:27] end prepare_per_device_parameters cost 16.269 ms
DEBUG 04-24 11:11:06.734487.734487 cuda_h.py:27] end cpu_experts_scatter_reduce cost 0.708 ms
DEBUG 04-24 11:11:06.734927.734927 cuda_h.py:27] end cpu_thread_manager_mp_wait_fused cost 1.977 ms
DEBUG 04-24 11:11:06.735330.735330 cuda_h.py:27] end wait_experts_multi_device cost 1.310 ms
DEBUG 04-24 11:11:06.735312.735312 cuda_h.py:27] end *before fused experts* cost 29.545 ms
DEBUG 04-24 11:11:06.739475.739475 cuda_h.py:27] end gpu_experts_multi_device_fused cost 4.039 ms
DEBUG 04-24 11:11:06.739100.739100 cuda_h.py:27] end *gpu experts* cost 33.707 ms
DEBUG 04-24 11:11:06.739487.739487 cuda_h.py:27] end layer_moe_generate_mp_multi_device_fused_l_20 cost 36.175 ms
DEBUG 04-24 11:11:06.741594.741594 cuda_h.py:27] end *mlp cost 37.587 ms
DEBUG 04-24 11:11:06.741604.741604 cuda_h.py:27] end prefill_layer cost 40.233 ms
DEBUG 04-24 11:11:06.741737.741737 lmp.py:341] -------------------------------- end prefill layer 19 --------------------------------
DEBUG 04-24 11:11:06.741341.741341 lmp.py:294] -------------------------------- start prefill layer 20 --------------------------------
DEBUG 04-24 11:11:06.741058.741058 cuda_h.py:27] end start_load_qkvogn_s_weight_l_21 cost 0.040 ms
DEBUG 04-24 11:11:06.741230.741230 cuda_h.py:27] end allocate_cuda_memory cost 0.219 ms
DEBUG 04-24 11:11:06.741526.741526 sllm_store_c.py:27] get device uuid map
DEBUG 04-24 11:11:06.742451.742451 sllm_store_c.py:29] call client load into gpu
DEBUG 04-24 11:11:06.743711.743711 cuda_h.py:27] end load_into_gpu_async cost 1.364 ms
DEBUG 04-24 11:11:06.743657.743657 cuda_h.py:27] end restore_tensors2 cost 0.086 ms
DEBUG 04-24 11:11:06.743169.743169 cuda_h.py:27] end allocate_cuda_memory_and_load_into_gpu cost 2.012 ms
DEBUG 04-24 11:11:06.743822.743822 cuda_h.py:27] end **self_attn cost 1.668 ms
DEBUG 04-24 11:11:06.744757.744757 cuda_h.py:27] end *iln_self_attn_paln cost 2.703 ms
DEBUG 04-24 11:11:06.744770.744770 cuda_h.py:27] end gate cost 0.511 ms
DEBUG 04-24 11:11:06.745306.745306 cuda_h.py:27] end experts_map_get cost 0.276 ms
DEBUG 04-24 11:11:06.745850.745850 cuda_h.py:27] end *before experts start* cost 0.930 ms
DEBUG 04-24 11:11:06.745779.745779 cuda_h.py:27] end cpu_experts_submit_fused_mp cost 0.199 ms
DEBUG 04-24 11:11:06.746200.746200 cuda_h.py:27] end *single cpu experts* cost 1.102 ms
DEBUG 04-24 11:11:06.747361.747361 cuda_h.py:27] end prepare_group_stack cost 0.535 ms
DEBUG 04-24 11:11:06.748156.748156 cuda_h.py:27] end prepare_group_stack cost 0.495 ms
DEBUG 04-24 11:11:06.748655.748655 cuda_h.py:27] end prepare_group_stack cost 0.498 ms
DEBUG 04-24 11:11:06.748954.748954 cuda_h.py:27] end group stack cost 0.978 ms
DEBUG 04-24 11:11:06.749538.749538 sllm_store_c.py:27] get device uuid map
DEBUG 04-24 11:11:06.748766.748766 cuda_h.py:27] end prepare_group_stack cost 0.535 ms
DEBUG 04-24 11:11:06.749646.749646 sllm_store_c.py:29] call client load into gpu
DEBUG 04-24 11:11:06.749469.749469 cuda_h.py:27] end move_flatidxs_group_fused_mp cost 2.002 ms
DEBUG 04-24 11:11:06.749892.749892 cuda_h.py:27] end get_fused_experts_names_w cost 0.034 ms
DEBUG 04-24 11:11:06.749039.749039 cuda_h.py:27] end group stack cost 0.891 ms
DEBUG 04-24 11:11:06.749128.749128 cuda_h.py:27] end move_flatidxs_group_fused_mp cost 1.605 ms
DEBUG 04-24 11:11:06.750168.750168 cuda_h.py:27] end group stack cost 1.249 ms
DEBUG 04-24 11:11:06.750978.750978 cuda_h.py:27] end get_fused_experts_names_w cost 0.021 ms
DEBUG 04-24 11:11:06.750873.750873 cuda_h.py:27] end move_flatidxs_group_fused_mp cost 1.954 ms
DEBUG 04-24 11:11:06.750080.750080 cuda_h.py:27] end restore_fused_tensors cost 0.774 ms
DEBUG 04-24 11:11:06.750145.750145 cuda_h.py:27] end get_fused_experts_names_w cost 0.026 ms
DEBUG 04-24 11:11:06.750066.750066 cuda_h.py:27] end group_fused_tensors_mp cost 1.080 ms
DEBUG 04-24 11:11:06.750512.750512 cuda_h.py:27] end group stack cost 1.329 ms
DEBUG 04-24 11:11:06.750497.750497 cuda_h.py:27] end restore_fused_tensors cost 0.407 ms
DEBUG 04-24 11:11:06.750325.750325 cuda_h.py:27] end move_flatidxs_group_fused_mp cost 2.243 ms
DEBUG 04-24 11:11:06.750466.750466 cuda_h.py:27] end group_fused_tensors_mp cost 0.561 ms
DEBUG 04-24 11:11:06.750131.750131 cuda_h.py:27] end get_fused_experts_names_w cost 0.032 ms
DEBUG 04-24 11:11:06.751055.751055 cuda_h.py:27] end restore_fused_tensors cost 0.527 ms
DEBUG 04-24 11:11:06.751435.751435 cuda_h.py:27] end group_fused_tensors_mp cost 0.769 ms
DEBUG 04-24 11:11:06.751640.751640 cuda_h.py:27] end restore2model cost 0.900 ms
DEBUG 04-24 11:11:06.751827.751827 cuda_h.py:27] end restore_fused_tensors cost 0.873 ms
DEBUG 04-24 11:11:06.751783.751783 cuda_h.py:27] end sllm_worker_task cost 10.259 ms
DEBUG 04-24 11:11:06.751083.751083 cuda_h.py:27] end group_fused_tensors_mp cost 1.158 ms
DEBUG 04-24 11:11:06.751569.751569 cuda_h.py:27] end load_into_gpu_async_fused_experts_dual cost 2.901 ms
DEBUG 04-24 11:11:06.752248.752248 cuda_h.py:27] end restore_tensors2_fused_experts_packed cost 0.161 ms
DEBUG 04-24 11:11:06.753571.753571 cuda_h.py:27] end restore_tensors2_fused_experts_slices cost 0.682 ms
DEBUG 04-24 11:11:06.754903.754903 cuda_h.py:27] end allocate_experts_cuda_memory_and_restore_model_multi_device_fused cost 7.664 ms
DEBUG 04-24 11:11:06.754061.754061 cuda_h.py:27] end gpu_sexperts cost 0.031 ms
DEBUG 04-24 11:11:06.755892.755892 cuda_h.py:27] end wait_load_qkvogn_s_weight cost 0.078 ms
DEBUG 04-24 11:11:06.761004.761004 mlpmodule.py:3373] [fused_group_bmm][steps] bmm1=6.763 ms split=0.149 ms act_mul=0.489 ms bmm2=3.318 ms
DEBUG 04-24 11:11:06.761535.761535 cuda_h.py:27] end fused_group_bmm cost 10.962 ms
DEBUG 04-24 11:11:06.762427.762427 cuda_h.py:27] end gather_outputs_group_fused_mp cost 0.454 ms
DEBUG 04-24 11:11:06.763266.763266 cuda_h.py:27] end cpu_experts_worker_bmm_or_einsum_0 cost 17.035 ms
DEBUG 04-24 11:11:06.764248.764248 mlpmodule.py:3373] [fused_group_bmm][steps] bmm1=7.505 ms split=0.141 ms act_mul=0.414 ms bmm2=4.070 ms
DEBUG 04-24 11:11:06.764565.764565 cuda_h.py:27] end fused_group_bmm cost 12.326 ms
DEBUG 04-24 11:11:06.765351.765351 cuda_h.py:27] end gather_outputs_group_fused_mp cost 0.294 ms
DEBUG 04-24 11:11:06.765493.765493 cuda_h.py:27] end cpu_experts_worker_bmm_or_einsum_2 cost 18.332 ms
DEBUG 04-24 11:11:06.767978.767978 mlpmodule.py:3373] [fused_group_bmm][steps] bmm1=10.179 ms split=0.116 ms act_mul=0.294 ms bmm2=5.261 ms
DEBUG 04-24 11:11:06.767357.767357 cuda_h.py:27] end fused_group_bmm cost 16.135 ms
DEBUG 04-24 11:11:06.767167.767167 mlpmodule.py:3373] [fused_group_bmm][steps] bmm1=10.396 ms split=0.129 ms act_mul=0.507 ms bmm2=5.355 ms
DEBUG 04-24 11:11:06.767891.767891 cuda_h.py:27] end fused_group_bmm cost 16.898 ms
DEBUG 04-24 11:11:06.768706.768706 cuda_h.py:27] end gather_outputs_group_fused_mp cost 0.463 ms
DEBUG 04-24 11:11:06.768522.768522 cuda_h.py:27] end gather_outputs_group_fused_mp cost 0.453 ms
DEBUG 04-24 11:11:06.768135.768135 cuda_h.py:27] end cpu_experts_worker_bmm_or_einsum_3 cost 21.542 ms
DEBUG 04-24 11:11:06.769365.769365 cuda_h.py:27] end cpu_experts_worker_bmm_or_einsum_1 cost 21.839 ms
DEBUG 04-24 11:11:06.772328.772328 cuda_h.py:27] end prepare_per_device_parameters cost 17.135 ms
DEBUG 04-24 11:11:06.774934.774934 cuda_h.py:27] end cpu_experts_scatter_reduce cost 0.974 ms
DEBUG 04-24 11:11:06.774850.774850 cuda_h.py:27] end cpu_thread_manager_mp_wait_fused cost 2.238 ms
DEBUG 04-24 11:11:06.776471.776471 cuda_h.py:27] end wait_experts_multi_device cost 1.293 ms
DEBUG 04-24 11:11:06.776592.776592 cuda_h.py:27] end *before fused experts* cost 29.867 ms
DEBUG 04-24 11:11:06.780424.780424 cuda_h.py:27] end gpu_experts_multi_device_fused cost 3.841 ms
DEBUG 04-24 11:11:06.780142.780142 cuda_h.py:27] end *gpu experts* cost 33.818 ms
DEBUG 04-24 11:11:06.780667.780667 cuda_h.py:27] end layer_moe_generate_mp_multi_device_fused_l_21 cost 36.012 ms
DEBUG 04-24 11:11:06.781693.781693 cuda_h.py:27] end *mlp cost 37.739 ms
DEBUG 04-24 11:11:06.782206.782206 cuda_h.py:27] end prefill_layer cost 40.665 ms
DEBUG 04-24 11:11:06.782339.782339 lmp.py:341] -------------------------------- end prefill layer 20 --------------------------------
DEBUG 04-24 11:11:06.782419.782419 lmp.py:294] -------------------------------- start prefill layer 21 --------------------------------
DEBUG 04-24 11:11:06.782290.782290 cuda_h.py:27] end start_load_qkvogn_s_weight_l_22 cost 0.039 ms
DEBUG 04-24 11:11:06.782945.782945 cuda_h.py:27] end allocate_cuda_memory cost 0.234 ms
DEBUG 04-24 11:11:06.782287.782287 sllm_store_c.py:27] get device uuid map
DEBUG 04-24 11:11:06.782636.782636 sllm_store_c.py:29] call client load into gpu
DEBUG 04-24 11:11:06.784380.784380 cuda_h.py:27] end **self_attn cost 1.333 ms
DEBUG 04-24 11:11:06.784361.784361 cuda_h.py:27] end *iln_self_attn_paln cost 2.380 ms
DEBUG 04-24 11:11:06.784827.784827 cuda_h.py:27] end load_into_gpu_async cost 2.082 ms
DEBUG 04-24 11:11:06.784998.784998 cuda_h.py:27] end restore_tensors2 cost 0.093 ms
DEBUG 04-24 11:11:06.785339.785339 cuda_h.py:27] end allocate_cuda_memory_and_load_into_gpu cost 2.748 ms
DEBUG 04-24 11:11:06.785792.785792 cuda_h.py:27] end gate cost 0.742 ms
DEBUG 04-24 11:11:06.785823.785823 cuda_h.py:27] end experts_map_get cost 0.253 ms
DEBUG 04-24 11:11:06.785560.785560 cuda_h.py:27] end *before experts start* cost 1.143 ms
DEBUG 04-24 11:11:06.785912.785912 cuda_h.py:27] end cpu_experts_submit_fused_mp cost 0.195 ms
DEBUG 04-24 11:11:06.786989.786989 cuda_h.py:27] end *single cpu experts* cost 1.089 ms
DEBUG 04-24 11:11:06.788827.788827 cuda_h.py:27] end prepare_group_stack cost 0.514 ms
DEBUG 04-24 11:11:06.789325.789325 cuda_h.py:27] end prepare_group_stack cost 0.546 ms
DEBUG 04-24 11:11:06.789287.789287 cuda_h.py:27] end prepare_group_stack cost 0.549 ms
DEBUG 04-24 11:11:06.789678.789678 cuda_h.py:27] end group stack cost 0.954 ms
DEBUG 04-24 11:11:06.789907.789907 sllm_store_c.py:27] get device uuid map
DEBUG 04-24 11:11:06.789337.789337 cuda_h.py:27] end prepare_group_stack cost 0.538 ms
DEBUG 04-24 11:11:06.789067.789067 cuda_h.py:27] end move_flatidxs_group_fused_mp cost 1.771 ms
DEBUG 04-24 11:11:06.789785.789785 sllm_store_c.py:29] call client load into gpu
DEBUG 04-24 11:11:06.789919.789919 cuda_h.py:27] end get_fused_experts_names_w cost 0.035 ms
DEBUG 04-24 11:11:06.790376.790376 cuda_h.py:27] end group stack cost 0.602 ms
DEBUG 04-24 11:11:06.790651.790651 cuda_h.py:27] end move_flatidxs_group_fused_mp cost 1.368 ms
DEBUG 04-24 11:11:06.790439.790439 cuda_h.py:27] end get_fused_experts_names_w cost 0.022 ms
DEBUG 04-24 11:11:06.790178.790178 cuda_h.py:27] end group stack cost 1.225 ms
DEBUG 04-24 11:11:06.790459.790459 cuda_h.py:27] end move_flatidxs_group_fused_mp cost 2.002 ms
DEBUG 04-24 11:11:06.791307.791307 cuda_h.py:27] end get_fused_experts_names_w cost 0.025 ms
DEBUG 04-24 11:11:06.791109.791109 cuda_h.py:27] end restore_fused_tensors cost 0.459 ms
DEBUG 04-24 11:11:06.791330.791330 cuda_h.py:27] end group stack cost 1.221 ms
DEBUG 04-24 11:11:06.791079.791079 cuda_h.py:27] end restore_fused_tensors cost 0.930 ms
DEBUG 04-24 11:11:06.791783.791783 cuda_h.py:27] end group_fused_tensors_mp cost 0.806 ms
DEBUG 04-24 11:11:06.791216.791216 cuda_h.py:27] end move_flatidxs_group_fused_mp cost 2.309 ms
DEBUG 04-24 11:11:06.791809.791809 cuda_h.py:27] end group_fused_tensors_mp cost 1.502 ms
DEBUG 04-24 11:11:06.791507.791507 cuda_h.py:27] end get_fused_experts_names_w cost 0.033 ms
DEBUG 04-24 11:11:06.791462.791462 cuda_h.py:27] end restore_fused_tensors cost 0.512 ms
DEBUG 04-24 11:11:06.791849.791849 cuda_h.py:27] end group_fused_tensors_mp cost 0.780 ms
DEBUG 04-24 11:11:06.792504.792504 cuda_h.py:27] end restore_fused_tensors cost 0.790 ms
DEBUG 04-24 11:11:06.792171.792171 cuda_h.py:27] end group_fused_tensors_mp cost 1.090 ms
DEBUG 04-24 11:11:06.793637.793637 cuda_h.py:27] end restore2model cost 0.884 ms
DEBUG 04-24 11:11:06.793218.793218 cuda_h.py:27] end sllm_worker_task cost 11.218 ms
DEBUG 04-24 11:11:06.793979.793979 cuda_h.py:27] end load_into_gpu_async_fused_experts_dual cost 4.274 ms
DEBUG 04-24 11:11:06.794726.794726 cuda_h.py:27] end restore_tensors2_fused_experts_packed cost 0.237 ms
DEBUG 04-24 11:11:06.795505.795505 cuda_h.py:27] end restore_tensors2_fused_experts_slices cost 0.838 ms
DEBUG 04-24 11:11:06.796033.796033 cuda_h.py:27] end allocate_experts_cuda_memory_and_restore_model_multi_device_fused cost 9.371 ms
DEBUG 04-24 11:11:06.796724.796724 cuda_h.py:27] end gpu_sexperts cost 0.023 ms
DEBUG 04-24 11:11:06.796276.796276 cuda_h.py:27] end wait_load_qkvogn_s_weight cost 0.065 ms
DEBUG 04-24 11:11:06.805223.805223 mlpmodule.py:3373] [fused_group_bmm][steps] bmm1=7.695 ms split=0.147 ms act_mul=0.876 ms bmm2=4.855 ms
DEBUG 04-24 11:11:06.805565.805565 cuda_h.py:27] end fused_group_bmm cost 13.953 ms
DEBUG 04-24 11:11:06.805037.805037 mlpmodule.py:3373] [fused_group_bmm][steps] bmm1=7.600 ms split=0.077 ms act_mul=0.336 ms bmm2=4.719 ms
DEBUG 04-24 11:11:06.806558.806558 cuda_h.py:27] end fused_group_bmm cost 13.076 ms
DEBUG 04-24 11:11:06.806448.806448 cuda_h.py:27] end gather_outputs_group_fused_mp cost 0.410 ms
DEBUG 04-24 11:11:06.806184.806184 cuda_h.py:27] end gather_outputs_group_fused_mp cost 0.338 ms
DEBUG 04-24 11:11:06.806450.806450 mlpmodule.py:3373] [fused_group_bmm][steps] bmm1=8.007 ms split=0.196 ms act_mul=0.395 ms bmm2=6.441 ms
DEBUG 04-24 11:11:06.806167.806167 cuda_h.py:27] end fused_group_bmm cost 15.354 ms
DEBUG 04-24 11:11:06.806216.806216 cuda_h.py:27] end cpu_experts_worker_bmm_or_einsum_0 cost 19.989 ms
DEBUG 04-24 11:11:06.806656.806656 mlpmodule.py:3373] [fused_group_bmm][steps] bmm1=8.227 ms split=0.123 ms act_mul=0.326 ms bmm2=6.174 ms
DEBUG 04-24 11:11:06.807142.807142 cuda_h.py:27] end cpu_experts_worker_bmm_or_einsum_2 cost 19.141 ms
DEBUG 04-24 11:11:06.807176.807176 cuda_h.py:27] end fused_group_bmm cost 15.166 ms
DEBUG 04-24 11:11:06.807990.807990 cuda_h.py:27] end gather_outputs_group_fused_mp cost 0.450 ms
DEBUG 04-24 11:11:06.807505.807505 cuda_h.py:27] end gather_outputs_group_fused_mp cost 0.575 ms
DEBUG 04-24 11:11:06.808251.808251 cuda_h.py:27] end cpu_experts_worker_bmm_or_einsum_1 cost 20.352 ms
DEBUG 04-24 11:11:06.808330.808330 cuda_h.py:27] end cpu_experts_worker_bmm_or_einsum_3 cost 20.571 ms
DEBUG 04-24 11:11:06.811866.811866 cuda_h.py:27] end prepare_per_device_parameters cost 14.913 ms
DEBUG 04-24 11:11:06.813207.813207 cuda_h.py:27] end cpu_experts_scatter_reduce cost 0.673 ms
DEBUG 04-24 11:11:06.813885.813885 cuda_h.py:27] end cpu_thread_manager_mp_wait_fused cost 1.838 ms
DEBUG 04-24 11:11:06.815507.815507 cuda_h.py:27] end wait_experts_multi_device cost 1.331 ms
DEBUG 04-24 11:11:06.815774.815774 cuda_h.py:27] end *before fused experts* cost 28.331 ms
DEBUG 04-24 11:11:06.819902.819902 cuda_h.py:27] end gpu_experts_multi_device_fused cost 4.581 ms
DEBUG 04-24 11:11:06.819071.819071 cuda_h.py:27] end *gpu experts* cost 33.042 ms
DEBUG 04-24 11:11:06.820520.820520 cuda_h.py:27] end layer_moe_generate_mp_multi_device_fused_l_22 cost 35.733 ms
DEBUG 04-24 11:11:06.821359.821359 cuda_h.py:27] end *mlp cost 36.666 ms
DEBUG 04-24 11:11:06.821548.821548 cuda_h.py:27] end prefill_layer cost 39.243 ms
DEBUG 04-24 11:11:06.821158.821158 lmp.py:341] -------------------------------- end prefill layer 21 --------------------------------
DEBUG 04-24 11:11:06.821340.821340 lmp.py:294] -------------------------------- start prefill layer 22 --------------------------------
DEBUG 04-24 11:11:06.821204.821204 cuda_h.py:27] end start_load_qkvogn_s_weight_l_23 cost 0.038 ms
DEBUG 04-24 11:11:06.821905.821905 cuda_h.py:27] end allocate_cuda_memory cost 0.238 ms
DEBUG 04-24 11:11:06.822465.822465 sllm_store_c.py:27] get device uuid map
DEBUG 04-24 11:11:06.822946.822946 sllm_store_c.py:29] call client load into gpu
DEBUG 04-24 11:11:06.823662.823662 cuda_h.py:27] end **self_attn cost 1.320 ms
DEBUG 04-24 11:11:06.823834.823834 cuda_h.py:27] end load_into_gpu_async cost 1.745 ms
DEBUG 04-24 11:11:06.824545.824545 cuda_h.py:27] end restore_tensors2 cost 0.088 ms
DEBUG 04-24 11:11:06.824705.824705 cuda_h.py:27] end *iln_self_attn_paln cost 2.554 ms
DEBUG 04-24 11:11:06.824991.824991 cuda_h.py:27] end allocate_cuda_memory_and_load_into_gpu cost 2.449 ms
DEBUG 04-24 11:11:06.824207.824207 cuda_h.py:27] end gate cost 0.631 ms
DEBUG 04-24 11:11:06.825789.825789 cuda_h.py:27] end experts_map_get cost 0.273 ms
DEBUG 04-24 11:11:06.825857.825857 cuda_h.py:27] end *before experts start* cost 1.050 ms
DEBUG 04-24 11:11:06.825970.825970 cuda_h.py:27] end cpu_experts_submit_fused_mp cost 0.196 ms
DEBUG 04-24 11:11:06.826914.826914 cuda_h.py:27] end *single cpu experts* cost 1.098 ms
DEBUG 04-24 11:11:06.828506.828506 sllm_store_c.py:27] get device uuid map
DEBUG 04-24 11:11:06.828661.828661 sllm_store_c.py:29] call client load into gpu
DEBUG 04-24 11:11:06.828046.828046 cuda_h.py:27] end prepare_group_stack cost 0.401 ms
DEBUG 04-24 11:11:06.828339.828339 cuda_h.py:27] end prepare_group_stack cost 0.550 ms
DEBUG 04-24 11:11:06.828995.828995 cuda_h.py:27] end prepare_group_stack cost 0.598 ms
DEBUG 04-24 11:11:06.828599.828599 cuda_h.py:27] end prepare_group_stack cost 0.543 ms
DEBUG 04-24 11:11:06.829178.829178 cuda_h.py:27] end group stack cost 0.831 ms
DEBUG 04-24 11:11:06.829089.829089 cuda_h.py:27] end move_flatidxs_group_fused_mp cost 1.619 ms
DEBUG 04-24 11:11:06.829760.829760 cuda_h.py:27] end group stack cost 1.065 ms
DEBUG 04-24 11:11:06.830348.830348 cuda_h.py:27] end get_fused_experts_names_w cost 0.022 ms
DEBUG 04-24 11:11:06.830799.830799 cuda_h.py:27] end move_flatidxs_group_fused_mp cost 1.952 ms
DEBUG 04-24 11:11:06.830339.830339 cuda_h.py:27] end group stack cost 1.153 ms
DEBUG 04-24 11:11:06.830812.830812 cuda_h.py:27] end get_fused_experts_names_w cost 0.026 ms
DEBUG 04-24 11:11:06.830306.830306 cuda_h.py:27] end group stack cost 1.336 ms
DEBUG 04-24 11:11:06.830409.830409 cuda_h.py:27] end restore_fused_tensors cost 0.389 ms
DEBUG 04-24 11:11:06.830661.830661 cuda_h.py:27] end move_flatidxs_group_fused_mp cost 2.303 ms
DEBUG 04-24 11:11:06.830165.830165 cuda_h.py:27] end move_flatidxs_group_fused_mp cost 2.248 ms
DEBUG 04-24 11:11:06.830891.830891 cuda_h.py:27] end group_fused_tensors_mp cost 0.601 ms
DEBUG 04-24 11:11:06.830403.830403 cuda_h.py:27] end get_fused_experts_names_w cost 0.033 ms
DEBUG 04-24 11:11:06.830270.830270 cuda_h.py:27] end get_fused_experts_names_w cost 0.033 ms
DEBUG 04-24 11:11:06.830502.830502 cuda_h.py:27] end restore_fused_tensors cost 0.460 ms
DEBUG 04-24 11:11:06.830215.830215 cuda_h.py:27] end group_fused_tensors_mp cost 0.782 ms
DEBUG 04-24 11:11:06.831863.831863 cuda_h.py:27] end restore_fused_tensors cost 0.746 ms
DEBUG 04-24 11:11:06.831330.831330 cuda_h.py:27] end restore_fused_tensors cost 0.784 ms
DEBUG 04-24 11:11:06.831882.831882 cuda_h.py:27] end group_fused_tensors_mp cost 1.086 ms
DEBUG 04-24 11:11:06.831599.831599 cuda_h.py:27] end group_fused_tensors_mp cost 1.168 ms
DEBUG 04-24 11:11:06.838112.838112 cuda_h.py:27] end restore2model cost 0.944 ms
DEBUG 04-24 11:11:06.838859.838859 cuda_h.py:27] end sllm_worker_task cost 17.103 ms
DEBUG 04-24 11:11:06.838845.838845 cuda_h.py:27] end load_into_gpu_async_fused_experts_dual cost 10.490 ms
DEBUG 04-24 11:11:06.839590.839590 cuda_h.py:27] end restore_tensors2_fused_experts_packed cost 0.118 ms
DEBUG 04-24 11:11:06.839023.839023 cuda_h.py:27] end restore_tensors2_fused_experts_slices cost 0.410 ms
DEBUG 04-24 11:11:06.839961.839961 cuda_h.py:27] end allocate_experts_cuda_memory_and_restore_model_multi_device_fused cost 13.385 ms
DEBUG 04-24 11:11:06.840300.840300 cuda_h.py:27] end gpu_sexperts cost 0.009 ms
DEBUG 04-24 11:11:06.840905.840905 cuda_h.py:27] end wait_load_qkvogn_s_weight cost 0.019 ms
DEBUG 04-24 11:11:06.842371.842371 mlpmodule.py:3373] [fused_group_bmm][steps] bmm1=7.389 ms split=0.101 ms act_mul=0.352 ms bmm2=3.549 ms
DEBUG 04-24 11:11:06.843624.843624 cuda_h.py:27] end fused_group_bmm cost 12.479 ms
DEBUG 04-24 11:11:06.844214.844214 mlpmodule.py:3373] [fused_group_bmm][steps] bmm1=7.243 ms split=0.116 ms act_mul=0.400 ms bmm2=5.043 ms
DEBUG 04-24 11:11:06.844813.844813 cuda_h.py:27] end gather_outputs_group_fused_mp cost 1.022 ms
DEBUG 04-24 11:11:06.844001.844001 cuda_h.py:27] end fused_group_bmm cost 13.263 ms
DEBUG 04-24 11:11:06.845575.845575 cuda_h.py:27] end cpu_experts_worker_bmm_or_einsum_1 cost 18.209 ms
DEBUG 04-24 11:11:06.845901.845901 cuda_h.py:27] end gather_outputs_group_fused_mp cost 0.607 ms
DEBUG 04-24 11:11:06.845171.845171 mlpmodule.py:3373] [fused_group_bmm][steps] bmm1=7.792 ms split=0.098 ms act_mul=0.340 ms bmm2=4.692 ms
DEBUG 04-24 11:11:06.845230.845230 mlpmodule.py:3373] [fused_group_bmm][steps] bmm1=7.995 ms split=0.084 ms act_mul=0.328 ms bmm2=4.699 ms
DEBUG 04-24 11:11:06.845904.845904 cuda_h.py:27] end fused_group_bmm cost 13.279 ms
DEBUG 04-24 11:11:06.845811.845811 cuda_h.py:27] end fused_group_bmm cost 13.282 ms
DEBUG 04-24 11:11:06.845202.845202 cuda_h.py:27] end cpu_experts_worker_bmm_or_einsum_3 cost 18.794 ms
DEBUG 04-24 11:11:06.846440.846440 cuda_h.py:27] end gather_outputs_group_fused_mp cost 0.418 ms
DEBUG 04-24 11:11:06.846024.846024 cuda_h.py:27] end gather_outputs_group_fused_mp cost 0.423 ms
DEBUG 04-24 11:11:06.846590.846590 cuda_h.py:27] end cpu_experts_worker_bmm_or_einsum_0 cost 19.625 ms
DEBUG 04-24 11:11:06.846750.846750 cuda_h.py:27] end cpu_experts_worker_bmm_or_einsum_2 cost 19.679 ms
DEBUG 04-24 11:11:06.853374.853374 cuda_h.py:27] end prepare_per_device_parameters cost 13.152 ms
DEBUG 04-24 11:11:06.855964.855964 cuda_h.py:27] end cpu_experts_scatter_reduce cost 0.679 ms
DEBUG 04-24 11:11:06.855300.855300 cuda_h.py:27] end cpu_thread_manager_mp_wait_fused cost 2.220 ms
DEBUG 04-24 11:11:06.856582.856582 cuda_h.py:27] end wait_experts_multi_device cost 1.045 ms
DEBUG 04-24 11:11:06.856656.856656 cuda_h.py:27] end *before fused experts* cost 30.405 ms
DEBUG 04-24 11:11:06.861771.861771 cuda_h.py:27] end gpu_experts_multi_device_fused cost 4.364 ms
DEBUG 04-24 11:11:06.861150.861150 cuda_h.py:27] end *gpu experts* cost 34.878 ms
DEBUG 04-24 11:11:06.861266.861266 cuda_h.py:27] end layer_moe_generate_mp_multi_device_fused_l_23 cost 37.200 ms
DEBUG 04-24 11:11:06.862067.862067 cuda_h.py:27] end *mlp cost 38.772 ms
DEBUG 04-24 11:11:06.863448.863448 cuda_h.py:27] end prefill_layer cost 41.580 ms
DEBUG 04-24 11:11:06.863581.863581 lmp.py:341] -------------------------------- end prefill layer 22 --------------------------------
DEBUG 04-24 11:11:06.863946.863946 lmp.py:294] -------------------------------- start prefill layer 23 --------------------------------
DEBUG 04-24 11:11:06.863141.863141 cuda_h.py:27] end start_load_qkvogn_s_weight_l_24 cost 0.039 ms
DEBUG 04-24 11:11:06.863598.863598 cuda_h.py:27] end allocate_cuda_memory cost 0.264 ms
DEBUG 04-24 11:11:06.863769.863769 sllm_store_c.py:27] get device uuid map
DEBUG 04-24 11:11:06.863504.863504 sllm_store_c.py:29] call client load into gpu
DEBUG 04-24 11:11:06.865242.865242 cuda_h.py:27] end **self_attn cost 1.625 ms
DEBUG 04-24 11:11:06.865109.865109 cuda_h.py:27] end load_into_gpu_async cost 2.038 ms
DEBUG 04-24 11:11:06.865525.865525 cuda_h.py:27] end *iln_self_attn_paln cost 2.819 ms
DEBUG 04-24 11:11:06.866516.866516 cuda_h.py:27] end restore_tensors2 cost 0.098 ms
DEBUG 04-24 11:11:06.866602.866602 cuda_h.py:27] end allocate_cuda_memory_and_load_into_gpu cost 2.989 ms
DEBUG 04-24 11:11:06.866309.866309 cuda_h.py:27] end gate cost 0.646 ms
DEBUG 04-24 11:11:06.867817.867817 cuda_h.py:27] end experts_map_get cost 0.253 ms
DEBUG 04-24 11:11:06.867315.867315 cuda_h.py:27] end *before experts start* cost 1.048 ms
DEBUG 04-24 11:11:06.867581.867581 cuda_h.py:27] end cpu_experts_submit_fused_mp cost 0.203 ms
DEBUG 04-24 11:11:06.868566.868566 cuda_h.py:27] end *single cpu experts* cost 1.134 ms
DEBUG 04-24 11:11:06.869363.869363 cuda_h.py:27] end prepare_group_stack cost 0.510 ms
DEBUG 04-24 11:11:06.870760.870760 cuda_h.py:27] end prepare_group_stack cost 0.483 ms
DEBUG 04-24 11:11:06.870113.870113 cuda_h.py:27] end group stack cost 0.904 ms
DEBUG 04-24 11:11:06.871051.871051 sllm_store_c.py:27] get device uuid map
DEBUG 04-24 11:11:06.871615.871615 cuda_h.py:27] end move_flatidxs_group_fused_mp cost 1.741 ms
DEBUG 04-24 11:11:06.870024.870024 cuda_h.py:27] end prepare_group_stack cost 0.521 ms
DEBUG 04-24 11:11:06.871534.871534 sllm_store_c.py:29] call client load into gpu
DEBUG 04-24 11:11:06.871313.871313 cuda_h.py:27] end prepare_group_stack cost 0.620 ms
DEBUG 04-24 11:11:06.871648.871648 cuda_h.py:27] end get_fused_experts_names_w cost 0.033 ms
DEBUG 04-24 11:11:06.871082.871082 cuda_h.py:27] end group stack cost 1.011 ms
DEBUG 04-24 11:11:06.872609.872609 cuda_h.py:27] end move_flatidxs_group_fused_mp cost 1.729 ms
DEBUG 04-24 11:11:06.872962.872962 cuda_h.py:27] end restore_fused_tensors cost 0.892 ms
DEBUG 04-24 11:11:06.872886.872886 cuda_h.py:27] end get_fused_experts_names_w cost 0.021 ms
DEBUG 04-24 11:11:06.872377.872377 cuda_h.py:27] end group_fused_tensors_mp cost 1.241 ms
DEBUG 04-24 11:11:06.872152.872152 cuda_h.py:27] end group stack cost 1.230 ms
DEBUG 04-24 11:11:06.872213.872213 cuda_h.py:27] end move_flatidxs_group_fused_mp cost 2.237 ms
DEBUG 04-24 11:11:06.872258.872258 cuda_h.py:27] end get_fused_experts_names_w cost 0.033 ms
DEBUG 04-24 11:11:06.873456.873456 cuda_h.py:27] end restore_fused_tensors cost 0.436 ms
DEBUG 04-24 11:11:06.873462.873462 cuda_h.py:27] end group_fused_tensors_mp cost 0.826 ms
DEBUG 04-24 11:11:06.873517.873517 cuda_h.py:27] end group stack cost 2.045 ms
DEBUG 04-24 11:11:06.873468.873468 cuda_h.py:27] end restore_fused_tensors cost 0.784 ms
DEBUG 04-24 11:11:06.873236.873236 cuda_h.py:27] end move_flatidxs_group_fused_mp cost 3.297 ms
DEBUG 04-24 11:11:06.873367.873367 cuda_h.py:27] end group_fused_tensors_mp cost 1.102 ms
DEBUG 04-24 11:11:06.873608.873608 cuda_h.py:27] end get_fused_experts_names_w cost 0.043 ms
DEBUG 04-24 11:11:06.875544.875544 cuda_h.py:27] end restore2model cost 1.491 ms
DEBUG 04-24 11:11:06.875506.875506 cuda_h.py:27] end sllm_worker_task cost 12.581 ms
DEBUG 04-24 11:11:06.876752.876752 cuda_h.py:27] end restore_fused_tensors cost 1.946 ms
DEBUG 04-24 11:11:06.876588.876588 cuda_h.py:27] end group_fused_tensors_mp cost 2.613 ms
DEBUG 04-24 11:11:06.876399.876399 cuda_h.py:27] end load_into_gpu_async_fused_experts_dual cost 5.823 ms
DEBUG 04-24 11:11:06.877279.877279 cuda_h.py:27] end restore_tensors2_fused_experts_packed cost 0.215 ms
DEBUG 04-24 11:11:06.877170.877170 cuda_h.py:27] end restore_tensors2_fused_experts_slices cost 0.449 ms
DEBUG 04-24 11:11:06.877996.877996 cuda_h.py:27] end allocate_experts_cuda_memory_and_restore_model_multi_device_fused cost 9.416 ms
DEBUG 04-24 11:11:06.878911.878911 cuda_h.py:27] end gpu_sexperts cost 0.015 ms
DEBUG 04-24 11:11:06.878622.878622 cuda_h.py:27] end wait_load_qkvogn_s_weight cost 0.024 ms
DEBUG 04-24 11:11:06.884152.884152 mlpmodule.py:3373] [fused_group_bmm][steps] bmm1=6.628 ms split=0.097 ms act_mul=0.314 ms bmm2=3.469 ms
DEBUG 04-24 11:11:06.885431.885431 cuda_h.py:27] end fused_group_bmm cost 10.746 ms
DEBUG 04-24 11:11:06.885442.885442 cuda_h.py:27] end gather_outputs_group_fused_mp cost 0.486 ms
DEBUG 04-24 11:11:06.886463.886463 cuda_h.py:27] end cpu_experts_worker_bmm_or_einsum_2 cost 16.961 ms
DEBUG 04-24 11:11:06.887006.887006 mlpmodule.py:3373] [fused_group_bmm][steps] bmm1=6.654 ms split=0.432 ms act_mul=0.681 ms bmm2=6.077 ms
DEBUG 04-24 11:11:06.888383.888383 cuda_h.py:27] end fused_group_bmm cost 14.468 ms
DEBUG 04-24 11:11:06.888210.888210 cuda_h.py:27] end gather_outputs_group_fused_mp cost 0.909 ms
DEBUG 04-24 11:11:06.889030.889030 mlpmodule.py:3373] [fused_group_bmm][steps] bmm1=13.266 ms split=0.116 ms act_mul=0.347 ms bmm2=2.647 ms
DEBUG 04-24 11:11:06.889841.889841 cuda_h.py:27] end fused_group_bmm cost 16.736 ms
DEBUG 04-24 11:11:06.889158.889158 cuda_h.py:27] end cpu_experts_worker_bmm_or_einsum_1 cost 20.592 ms
DEBUG 04-24 11:11:06.889042.889042 cuda_h.py:27] end gather_outputs_group_fused_mp cost 0.409 ms
DEBUG 04-24 11:11:06.890158.890158 cuda_h.py:27] end cpu_experts_worker_bmm_or_einsum_0 cost 22.438 ms
DEBUG 04-24 11:11:06.891787.891787 mlpmodule.py:3373] [fused_group_bmm][steps] bmm1=10.138 ms split=0.121 ms act_mul=0.477 ms bmm2=3.748 ms
DEBUG 04-24 11:11:06.891914.891914 cuda_h.py:27] end fused_group_bmm cost 14.752 ms
DEBUG 04-24 11:11:06.892795.892795 cuda_h.py:27] end gather_outputs_group_fused_mp cost 0.379 ms
DEBUG 04-24 11:11:06.892334.892334 cuda_h.py:27] end cpu_experts_worker_bmm_or_einsum_3 cost 23.582 ms
DEBUG 04-24 11:11:06.894564.894564 cuda_h.py:27] end prepare_per_device_parameters cost 16.308 ms
DEBUG 04-24 11:11:06.897227.897227 cuda_h.py:27] end cpu_experts_scatter_reduce cost 1.282 ms
DEBUG 04-24 11:11:06.897491.897491 cuda_h.py:27] end cpu_thread_manager_mp_wait_fused cost 3.150 ms
DEBUG 04-24 11:11:06.899367.899367 cuda_h.py:27] end wait_experts_multi_device cost 1.518 ms
DEBUG 04-24 11:11:06.899793.899793 cuda_h.py:27] end *before fused experts* cost 31.428 ms
DEBUG 04-24 11:11:06.904772.904772 cuda_h.py:27] end gpu_experts_multi_device_fused cost 4.471 ms
DEBUG 04-24 11:11:06.904272.904272 cuda_h.py:27] end *gpu experts* cost 36.029 ms
DEBUG 04-24 11:11:06.904003.904003 cuda_h.py:27] end layer_moe_generate_mp_multi_device_fused_l_24 cost 38.386 ms
DEBUG 04-24 11:11:06.905795.905795 cuda_h.py:27] end *mlp cost 39.706 ms
DEBUG 04-24 11:11:06.906826.906826 cuda_h.py:27] end prefill_layer cost 42.884 ms
DEBUG 04-24 11:11:06.906973.906973 lmp.py:341] -------------------------------- end prefill layer 23 --------------------------------
DEBUG 04-24 11:11:06.906060.906060 lmp.py:294] -------------------------------- start prefill layer 24 --------------------------------
DEBUG 04-24 11:11:06.906958.906958 cuda_h.py:27] end start_load_qkvogn_s_weight_l_25 cost 0.056 ms
DEBUG 04-24 11:11:06.906195.906195 cuda_h.py:27] end allocate_cuda_memory cost 0.350 ms
DEBUG 04-24 11:11:06.906836.906836 sllm_store_c.py:27] get device uuid map
DEBUG 04-24 11:11:06.907761.907761 sllm_store_c.py:29] call client load into gpu
DEBUG 04-24 11:11:06.908043.908043 cuda_h.py:27] end load_into_gpu_async cost 1.834 ms
DEBUG 04-24 11:11:06.908950.908950 cuda_h.py:27] end restore_tensors2 cost 0.107 ms
DEBUG 04-24 11:11:06.909964.909964 cuda_h.py:27] end allocate_cuda_memory_and_load_into_gpu cost 2.815 ms
DEBUG 04-24 11:11:06.909390.909390 cuda_h.py:27] end **self_attn cost 2.074 ms
DEBUG 04-24 11:11:06.909910.909910 cuda_h.py:27] end *iln_self_attn_paln cost 3.573 ms
DEBUG 04-24 11:11:06.910178.910178 cuda_h.py:27] end gate cost 0.590 ms
DEBUG 04-24 11:11:06.910345.910345 cuda_h.py:27] end experts_map_get cost 0.350 ms
DEBUG 04-24 11:11:06.910088.910088 cuda_h.py:27] end *before experts start* cost 1.096 ms
DEBUG 04-24 11:11:06.911356.911356 cuda_h.py:27] end cpu_experts_submit_fused_mp cost 0.238 ms
DEBUG 04-24 11:11:06.912649.912649 cuda_h.py:27] end *single cpu experts* cost 1.468 ms
DEBUG 04-24 11:11:06.913309.913309 cuda_h.py:27] end prepare_group_stack cost 0.401 ms
DEBUG 04-24 11:11:06.914260.914260 cuda_h.py:27] end prepare_group_stack cost 0.585 ms
DEBUG 04-24 11:11:06.914953.914953 cuda_h.py:27] end group stack cost 1.173 ms
DEBUG 04-24 11:11:06.914615.914615 cuda_h.py:27] end prepare_group_stack cost 0.499 ms
DEBUG 04-24 11:11:06.915705.915705 cuda_h.py:27] end move_flatidxs_group_fused_mp cost 1.761 ms
DEBUG 04-24 11:11:06.915461.915461 sllm_store_c.py:27] get device uuid map
DEBUG 04-24 11:11:06.915695.915695 cuda_h.py:27] end group stack cost 0.994 ms
DEBUG 04-24 11:11:06.915231.915231 cuda_h.py:27] end prepare_group_stack cost 0.554 ms
DEBUG 04-24 11:11:06.915687.915687 cuda_h.py:27] end get_fused_experts_names_w cost 0.022 ms
DEBUG 04-24 11:11:06.915610.915610 cuda_h.py:27] end move_flatidxs_group_fused_mp cost 1.961 ms
DEBUG 04-24 11:11:06.915648.915648 sllm_store_c.py:29] call client load into gpu
DEBUG 04-24 11:11:06.915496.915496 cuda_h.py:27] end get_fused_experts_names_w cost 0.066 ms
DEBUG 04-24 11:11:06.916712.916712 cuda_h.py:27] end restore_fused_tensors cost 0.597 ms
DEBUG 04-24 11:11:06.916950.916950 cuda_h.py:27] end group stack cost 0.971 ms
DEBUG 04-24 11:11:06.916892.916892 cuda_h.py:27] end group_fused_tensors_mp cost 0.809 ms
DEBUG 04-24 11:11:06.916729.916729 cuda_h.py:27] end move_flatidxs_group_fused_mp cost 1.732 ms
DEBUG 04-24 11:11:06.916708.916708 cuda_h.py:27] end get_fused_experts_names_w cost 0.024 ms
DEBUG 04-24 11:11:06.916809.916809 cuda_h.py:27] end restore_fused_tensors cost 0.873 ms
DEBUG 04-24 11:11:06.916078.916078 cuda_h.py:27] end group_fused_tensors_mp cost 1.238 ms
DEBUG 04-24 11:11:06.917315.917315 cuda_h.py:27] end group stack cost 1.592 ms
DEBUG 04-24 11:11:06.917413.917413 cuda_h.py:27] end move_flatidxs_group_fused_mp cost 2.694 ms
DEBUG 04-24 11:11:06.917989.917989 cuda_h.py:27] end restore2model cost 0.957 ms
DEBUG 04-24 11:11:06.917329.917329 cuda_h.py:27] end restore_fused_tensors cost 0.593 ms
DEBUG 04-24 11:11:06.917843.917843 cuda_h.py:27] end group_fused_tensors_mp cost 0.900 ms
DEBUG 04-24 11:11:06.917526.917526 cuda_h.py:27] end get_fused_experts_names_w cost 0.033 ms
DEBUG 04-24 11:11:06.917781.917781 cuda_h.py:27] end load_into_gpu_async_fused_experts_dual cost 2.441 ms
DEBUG 04-24 11:11:06.917672.917672 cuda_h.py:27] end sllm_worker_task cost 11.297 ms
DEBUG 04-24 11:11:06.917116.917116 cuda_h.py:27] end restore_tensors2_fused_experts_packed cost 0.086 ms
DEBUG 04-24 11:11:06.918162.918162 cuda_h.py:27] end restore_tensors2_fused_experts_slices cost 0.441 ms
DEBUG 04-24 11:11:06.918462.918462 cuda_h.py:27] end allocate_experts_cuda_memory_and_restore_model_multi_device_fused cost 6.425 ms
DEBUG 04-24 11:11:06.918790.918790 cuda_h.py:27] end restore_fused_tensors cost 1.135 ms
DEBUG 04-24 11:11:06.919984.919984 cuda_h.py:27] end gpu_sexperts cost 0.018 ms
DEBUG 04-24 11:11:06.919439.919439 cuda_h.py:27] end wait_load_qkvogn_s_weight cost 0.090 ms
DEBUG 04-24 11:11:06.919179.919179 cuda_h.py:27] end group_fused_tensors_mp cost 1.936 ms
DEBUG 04-24 11:11:06.928234.928234 mlpmodule.py:3373] [fused_group_bmm][steps] bmm1=6.075 ms split=0.223 ms act_mul=0.748 ms bmm2=4.615 ms
DEBUG 04-24 11:11:06.928647.928647 cuda_h.py:27] end fused_group_bmm cost 11.960 ms
DEBUG 04-24 11:11:06.929323.929323 cuda_h.py:27] end gather_outputs_group_fused_mp cost 0.508 ms
DEBUG 04-24 11:11:06.929783.929783 mlpmodule.py:3373] [fused_group_bmm][steps] bmm1=6.852 ms split=0.597 ms act_mul=0.896 ms bmm2=4.996 ms
DEBUG 04-24 11:11:06.930574.930574 cuda_h.py:27] end fused_group_bmm cost 14.067 ms
DEBUG 04-24 11:11:06.930013.930013 cuda_h.py:27] end cpu_experts_worker_bmm_or_einsum_0 cost 18.158 ms
DEBUG 04-24 11:11:06.932811.932811 cuda_h.py:27] end gather_outputs_group_fused_mp cost 1.451 ms
DEBUG 04-24 11:11:06.932946.932946 mlpmodule.py:3373] [fused_group_bmm][steps] bmm1=8.272 ms split=0.115 ms act_mul=0.372 ms bmm2=3.921 ms
DEBUG 04-24 11:11:06.932435.932435 cuda_h.py:27] end fused_group_bmm cost 12.858 ms
DEBUG 04-24 11:11:06.932324.932324 mlpmodule.py:3373] [fused_group_bmm][steps] bmm1=8.600 ms split=0.398 ms act_mul=0.702 ms bmm2=5.311 ms
DEBUG 04-24 11:11:06.932740.932740 cuda_h.py:27] end cpu_experts_worker_bmm_or_einsum_3 cost 20.645 ms
DEBUG 04-24 11:11:06.933723.933723 cuda_h.py:27] end gather_outputs_group_fused_mp cost 0.279 ms
DEBUG 04-24 11:11:06.933571.933571 cuda_h.py:27] end fused_group_bmm cost 15.301 ms
DEBUG 04-24 11:11:06.933572.933572 cuda_h.py:27] end cpu_experts_worker_bmm_or_einsum_2 cost 20.283 ms
DEBUG 04-24 11:11:06.933256.933256 cuda_h.py:27] end gather_outputs_group_fused_mp cost 0.452 ms
DEBUG 04-24 11:11:06.934805.934805 cuda_h.py:27] end cpu_experts_worker_bmm_or_einsum_1 cost 20.981 ms
DEBUG 04-24 11:11:06.938792.938792 cuda_h.py:27] end prepare_per_device_parameters cost 18.385 ms
DEBUG 04-24 11:11:06.940300.940300 cuda_h.py:27] end cpu_experts_scatter_reduce cost 0.635 ms
DEBUG 04-24 11:11:06.940124.940124 cuda_h.py:27] end cpu_thread_manager_mp_wait_fused cost 2.070 ms
DEBUG 04-24 11:11:06.941327.941327 cuda_h.py:27] end wait_experts_multi_device cost 1.269 ms
DEBUG 04-24 11:11:06.941746.941746 cuda_h.py:27] end *before fused experts* cost 29.149 ms
DEBUG 04-24 11:11:06.946518.946518 cuda_h.py:27] end gpu_experts_multi_device_fused cost 4.426 ms
DEBUG 04-24 11:11:06.946210.946210 cuda_h.py:27] end *gpu experts* cost 33.703 ms
DEBUG 04-24 11:11:06.946179.946179 cuda_h.py:27] end layer_moe_generate_mp_multi_device_fused_l_25 cost 36.451 ms
DEBUG 04-24 11:11:06.947758.947758 cuda_h.py:27] end *mlp cost 38.077 ms
DEBUG 04-24 11:11:06.948520.948520 cuda_h.py:27] end prefill_layer cost 42.015 ms
DEBUG 04-24 11:11:06.948230.948230 lmp.py:341] -------------------------------- end prefill layer 24 --------------------------------
DEBUG 04-24 11:11:06.948733.948733 lmp.py:294] -------------------------------- start prefill layer 25 --------------------------------
DEBUG 04-24 11:11:06.948948.948948 cuda_h.py:27] end start_load_qkvogn_s_weight_l_26 cost 0.049 ms
DEBUG 04-24 11:11:06.948882.948882 cuda_h.py:27] end allocate_cuda_memory cost 0.270 ms
DEBUG 04-24 11:11:06.948967.948967 sllm_store_c.py:27] get device uuid map
DEBUG 04-24 11:11:06.949470.949470 sllm_store_c.py:29] call client load into gpu
DEBUG 04-24 11:11:06.951081.951081 cuda_h.py:27] end load_into_gpu_async cost 2.011 ms
DEBUG 04-24 11:11:06.951047.951047 cuda_h.py:27] end restore_tensors2 cost 0.109 ms
DEBUG 04-24 11:11:06.951152.951152 cuda_h.py:27] end **self_attn cost 2.043 ms
DEBUG 04-24 11:11:06.951002.951002 cuda_h.py:27] end allocate_cuda_memory_and_load_into_gpu cost 2.899 ms
DEBUG 04-24 11:11:06.951735.951735 cuda_h.py:27] end *iln_self_attn_paln cost 3.585 ms
DEBUG 04-24 11:11:06.952083.952083 cuda_h.py:27] end gate cost 0.628 ms
DEBUG 04-24 11:11:06.953762.953762 cuda_h.py:27] end experts_map_get cost 0.394 ms
DEBUG 04-24 11:11:06.953612.953612 cuda_h.py:27] end *before experts start* cost 1.205 ms
DEBUG 04-24 11:11:06.953496.953496 cuda_h.py:27] end cpu_experts_submit_fused_mp cost 0.262 ms
DEBUG 04-24 11:11:06.954300.954300 cuda_h.py:27] end *single cpu experts* cost 1.308 ms
DEBUG 04-24 11:11:06.956122.956122 cuda_h.py:27] end prepare_group_stack cost 0.585 ms
DEBUG 04-24 11:11:06.956745.956745 cuda_h.py:27] end prepare_group_stack cost 0.530 ms
DEBUG 04-24 11:11:06.957792.957792 cuda_h.py:27] end prepare_group_stack cost 0.515 ms
DEBUG 04-24 11:11:06.957091.957091 cuda_h.py:27] end prepare_group_stack cost 0.476 ms
DEBUG 04-24 11:11:06.957172.957172 cuda_h.py:27] end group stack cost 0.979 ms
DEBUG 04-24 11:11:06.957727.957727 cuda_h.py:27] end group stack cost 1.132 ms
DEBUG 04-24 11:11:06.957877.957877 sllm_store_c.py:27] get device uuid map
DEBUG 04-24 11:11:06.957578.957578 sllm_store_c.py:29] call client load into gpu
DEBUG 04-24 11:11:06.957599.957599 cuda_h.py:27] end move_flatidxs_group_fused_mp cost 1.926 ms
DEBUG 04-24 11:11:06.957420.957420 cuda_h.py:27] end move_flatidxs_group_fused_mp cost 1.982 ms
DEBUG 04-24 11:11:06.957459.957459 cuda_h.py:27] end get_fused_experts_names_w cost 0.026 ms
DEBUG 04-24 11:11:06.957857.957857 cuda_h.py:27] end get_fused_experts_names_w cost 0.030 ms
DEBUG 04-24 11:11:06.958187.958187 cuda_h.py:27] end group stack cost 0.824 ms
DEBUG 04-24 11:11:06.958270.958270 cuda_h.py:27] end move_flatidxs_group_fused_mp cost 1.557 ms
DEBUG 04-24 11:11:06.958854.958854 cuda_h.py:27] end get_fused_experts_names_w cost 0.021 ms
DEBUG 04-24 11:11:06.958590.958590 cuda_h.py:27] end restore_fused_tensors cost 0.603 ms
DEBUG 04-24 11:11:06.958844.958844 cuda_h.py:27] end restore_fused_tensors cost 0.644 ms
DEBUG 04-24 11:11:06.958395.958395 cuda_h.py:27] end group_fused_tensors_mp cost 0.896 ms
DEBUG 04-24 11:11:06.958721.958721 cuda_h.py:27] end group_fused_tensors_mp cost 0.918 ms
DEBUG 04-24 11:11:06.958668.958668 cuda_h.py:27] end group stack cost 1.302 ms
DEBUG 04-24 11:11:06.958702.958702 cuda_h.py:27] end move_flatidxs_group_fused_mp cost 2.139 ms
DEBUG 04-24 11:11:06.958446.958446 cuda_h.py:27] end restore_fused_tensors cost 0.420 ms
DEBUG 04-24 11:11:06.958573.958573 cuda_h.py:27] end group_fused_tensors_mp cost 0.555 ms
DEBUG 04-24 11:11:06.959799.959799 cuda_h.py:27] end get_fused_experts_names_w cost 0.030 ms
DEBUG 04-24 11:11:06.959824.959824 cuda_h.py:27] end restore2model cost 0.810 ms
DEBUG 04-24 11:11:06.959675.959675 cuda_h.py:27] end sllm_worker_task cost 10.949 ms
DEBUG 04-24 11:11:06.959702.959702 cuda_h.py:27] end restore_fused_tensors cost 0.704 ms
DEBUG 04-24 11:11:06.959209.959209 cuda_h.py:27] end group_fused_tensors_mp cost 1.000 ms
DEBUG 04-24 11:11:06.959951.959951 cuda_h.py:27] end load_into_gpu_async_fused_experts_dual cost 2.386 ms
DEBUG 04-24 11:11:06.960989.960989 cuda_h.py:27] end restore_tensors2_fused_experts_packed cost 0.237 ms
DEBUG 04-24 11:11:06.961756.961756 cuda_h.py:27] end restore_tensors2_fused_experts_slices cost 0.972 ms
DEBUG 04-24 11:11:06.962936.962936 cuda_h.py:27] end allocate_experts_cuda_memory_and_restore_model_multi_device_fused cost 7.655 ms
DEBUG 04-24 11:11:06.962387.962387 cuda_h.py:27] end gpu_sexperts cost 0.056 ms
DEBUG 04-24 11:11:06.963161.963161 cuda_h.py:27] end wait_load_qkvogn_s_weight cost 0.136 ms
DEBUG 04-24 11:11:06.970306.970306 mlpmodule.py:3373] [fused_group_bmm][steps] bmm1=7.748 ms split=0.129 ms act_mul=0.340 ms bmm2=3.532 ms
DEBUG 04-24 11:11:06.970422.970422 cuda_h.py:27] end fused_group_bmm cost 12.109 ms
DEBUG 04-24 11:11:06.971441.971441 cuda_h.py:27] end gather_outputs_group_fused_mp cost 0.507 ms
DEBUG 04-24 11:11:06.971012.971012 mlpmodule.py:3373] [fused_group_bmm][steps] bmm1=8.139 ms split=0.084 ms act_mul=0.347 ms bmm2=4.120 ms
DEBUG 04-24 11:11:06.971725.971725 cuda_h.py:27] end fused_group_bmm cost 13.025 ms
DEBUG 04-24 11:11:06.972553.972553 cuda_h.py:27] end cpu_experts_worker_bmm_or_einsum_2 cost 17.403 ms
DEBUG 04-24 11:11:06.972365.972365 cuda_h.py:27] end gather_outputs_group_fused_mp cost 0.352 ms
DEBUG 04-24 11:11:06.972063.972063 cuda_h.py:27] end cpu_experts_worker_bmm_or_einsum_0 cost 18.206 ms
DEBUG 04-24 11:11:06.976223.976223 mlpmodule.py:3373] [fused_group_bmm][steps] bmm1=11.410 ms split=0.240 ms act_mul=0.387 ms bmm2=4.796 ms
DEBUG 04-24 11:11:06.976787.976787 cuda_h.py:27] end fused_group_bmm cost 17.132 ms
DEBUG 04-24 11:11:06.976723.976723 mlpmodule.py:3373] [fused_group_bmm][steps] bmm1=10.751 ms split=0.131 ms act_mul=0.309 ms bmm2=4.520 ms
DEBUG 04-24 11:11:06.976062.976062 cuda_h.py:27] end fused_group_bmm cost 16.177 ms
DEBUG 04-24 11:11:06.976513.976513 cuda_h.py:27] end gather_outputs_group_fused_mp cost 0.445 ms
DEBUG 04-24 11:11:06.977768.977768 cuda_h.py:27] end gather_outputs_group_fused_mp cost 0.383 ms
DEBUG 04-24 11:11:06.977906.977906 cuda_h.py:27] end cpu_experts_worker_bmm_or_einsum_1 cost 22.080 ms
DEBUG 04-24 11:11:06.977009.977009 cuda_h.py:27] end cpu_experts_worker_bmm_or_einsum_3 cost 22.191 ms
DEBUG 04-24 11:11:06.980278.980278 cuda_h.py:27] end prepare_per_device_parameters cost 16.987 ms
DEBUG 04-24 11:11:06.982782.982782 cuda_h.py:27] end cpu_experts_scatter_reduce cost 0.867 ms
DEBUG 04-24 11:11:06.982414.982414 cuda_h.py:27] end cpu_thread_manager_mp_wait_fused cost 2.119 ms
DEBUG 04-24 11:11:06.984182.984182 cuda_h.py:27] end wait_experts_multi_device cost 1.335 ms
DEBUG 04-24 11:11:06.984641.984641 cuda_h.py:27] end *before fused experts* cost 29.507 ms
DEBUG 04-24 11:11:06.989280.989280 cuda_h.py:27] end gpu_experts_multi_device_fused cost 5.590 ms
DEBUG 04-24 11:11:06.989601.989601 cuda_h.py:27] end *gpu experts* cost 35.234 ms
DEBUG 04-24 11:11:06.989975.989975 cuda_h.py:27] end layer_moe_generate_mp_multi_device_fused_l_26 cost 37.953 ms
DEBUG 04-24 11:11:06.991109.991109 cuda_h.py:27] end *mlp cost 39.175 ms
DEBUG 04-24 11:11:06.991219.991219 cuda_h.py:27] end prefill_layer cost 42.983 ms
DEBUG 04-24 11:11:06.991882.991882 lmp.py:341] -------------------------------- end prefill layer 25 --------------------------------
DEBUG 04-24 11:11:06.991585.991585 lmp.py:294] -------------------------------- start prefill layer 26 --------------------------------
DEBUG 04-24 11:11:06.991297.991297 cuda_h.py:27] end start_load_qkvogn_s_weight_l_27 cost 0.061 ms
DEBUG 04-24 11:11:06.992629.992629 cuda_h.py:27] end allocate_cuda_memory cost 0.516 ms
DEBUG 04-24 11:11:06.992147.992147 sllm_store_c.py:27] get device uuid map
DEBUG 04-24 11:11:06.992773.992773 sllm_store_c.py:29] call client load into gpu
DEBUG 04-24 11:11:06.994097.994097 cuda_h.py:27] end load_into_gpu_async cost 2.275 ms
DEBUG 04-24 11:11:06.995141.995141 cuda_h.py:27] end restore_tensors2 cost 0.155 ms
DEBUG 04-24 11:11:06.995966.995966 cuda_h.py:27] end **self_attn cost 2.288 ms
DEBUG 04-24 11:11:06.995362.995362 cuda_h.py:27] end allocate_cuda_memory_and_load_into_gpu cost 3.724 ms
DEBUG 04-24 11:11:06.996716.996716 cuda_h.py:27] end *iln_self_attn_paln cost 4.659 ms
DEBUG 04-24 11:11:06.996735.996735 cuda_h.py:27] end gate cost 0.682 ms
DEBUG 04-24 11:11:06.997089.997089 cuda_h.py:27] end experts_map_get cost 0.352 ms
DEBUG 04-24 11:11:06.997409.997409 cuda_h.py:27] end *before experts start* cost 1.230 ms
DEBUG 04-24 11:11:06.997311.997311 cuda_h.py:27] end cpu_experts_submit_fused_mp cost 0.214 ms
DEBUG 04-24 11:11:06.999143.999143 cuda_h.py:27] end *single cpu experts* cost 1.908 ms
DEBUG 04-24 11:11:07.001836.001836 cuda_h.py:27] end prepare_group_stack cost 0.490 ms
DEBUG 04-24 11:11:07.001420.001420 cuda_h.py:27] end prepare_group_stack cost 0.482 ms
DEBUG 04-24 11:11:07.001861.001861 sllm_store_c.py:27] get device uuid map
DEBUG 04-24 11:11:07.001791.001791 sllm_store_c.py:29] call client load into gpu
DEBUG 04-24 11:11:07.001910.001910 cuda_h.py:27] end prepare_group_stack cost 0.686 ms
DEBUG 04-24 11:11:07.001190.001190 cuda_h.py:27] end group stack cost 0.757 ms
DEBUG 04-24 11:11:07.002412.002412 cuda_h.py:27] end move_flatidxs_group_fused_mp cost 1.444 ms
DEBUG 04-24 11:11:07.002418.002418 cuda_h.py:27] end get_fused_experts_names_w cost 0.023 ms
DEBUG 04-24 11:11:07.002909.002909 cuda_h.py:27] end group stack cost 1.131 ms
DEBUG 04-24 11:11:07.002298.002298 cuda_h.py:27] end prepare_group_stack cost 0.698 ms
DEBUG 04-24 11:11:07.002693.002693 cuda_h.py:27] end move_flatidxs_group_fused_mp cost 1.983 ms
DEBUG 04-24 11:11:07.002808.002808 cuda_h.py:27] end get_fused_experts_names_w cost 0.025 ms
DEBUG 04-24 11:11:07.002282.002282 cuda_h.py:27] end restore_fused_tensors cost 0.458 ms
DEBUG 04-24 11:11:07.002246.002246 cuda_h.py:27] end group_fused_tensors_mp cost 0.638 ms
DEBUG 04-24 11:11:07.003693.003693 cuda_h.py:27] end restore_fused_tensors cost 0.516 ms
DEBUG 04-24 11:11:07.003312.003312 cuda_h.py:27] end group_fused_tensors_mp cost 0.821 ms
DEBUG 04-24 11:11:07.003985.003985 cuda_h.py:27] end group stack cost 1.619 ms
DEBUG 04-24 11:11:07.003438.003438 cuda_h.py:27] end move_flatidxs_group_fused_mp cost 2.835 ms
DEBUG 04-24 11:11:07.003104.003104 cuda_h.py:27] end load_into_gpu_async_fused_experts_dual cost 2.535 ms
DEBUG 04-24 11:11:07.003910.003910 cuda_h.py:27] end restore_tensors2_fused_experts_packed cost 0.073 ms
DEBUG 04-24 11:11:07.003599.003599 cuda_h.py:27] end get_fused_experts_names_w cost 0.052 ms
DEBUG 04-24 11:11:07.004570.004570 cuda_h.py:27] end restore_tensors2_fused_experts_slices cost 0.344 ms
DEBUG 04-24 11:11:07.004816.004816 cuda_h.py:27] end group stack cost 2.254 ms
DEBUG 04-24 11:11:07.005763.005763 cuda_h.py:27] end move_flatidxs_group_fused_mp cost 3.752 ms
DEBUG 04-24 11:11:07.005298.005298 cuda_h.py:27] end restore2model cost 2.773 ms
DEBUG 04-24 11:11:07.005005.005005 cuda_h.py:27] end restore_fused_tensors cost 1.531 ms
DEBUG 04-24 11:11:07.005688.005688 cuda_h.py:27] end get_fused_experts_names_w cost 0.050 ms
DEBUG 04-24 11:11:07.005594.005594 cuda_h.py:27] end group_fused_tensors_mp cost 2.095 ms
DEBUG 04-24 11:11:07.005168.005168 cuda_h.py:27] end allocate_experts_cuda_memory_and_restore_model_multi_device_fused cost 5.987 ms
DEBUG 04-24 11:11:07.005203.005203 cuda_h.py:27] end sllm_worker_task cost 14.205 ms
DEBUG 04-24 11:11:07.006164.006164 cuda_h.py:27] end gpu_sexperts cost 0.015 ms
DEBUG 04-24 11:11:07.006699.006699 cuda_h.py:27] end wait_load_qkvogn_s_weight cost 0.033 ms
DEBUG 04-24 11:11:07.007144.007144 cuda_h.py:27] end restore_fused_tensors cost 1.367 ms
DEBUG 04-24 11:11:07.007230.007230 cuda_h.py:27] end group_fused_tensors_mp cost 2.002 ms
DEBUG 04-24 11:11:07.017859.017859 mlpmodule.py:3373] [fused_group_bmm][steps] bmm1=7.185 ms split=0.614 ms act_mul=0.758 ms bmm2=5.956 ms
DEBUG 04-24 11:11:07.018467.018467 cuda_h.py:27] end fused_group_bmm cost 15.370 ms
DEBUG 04-24 11:11:07.019562.019562 mlpmodule.py:3373] [fused_group_bmm][steps] bmm1=8.079 ms split=0.315 ms act_mul=0.529 ms bmm2=6.588 ms
DEBUG 04-24 11:11:07.019461.019461 cuda_h.py:27] end gather_outputs_group_fused_mp cost 1.115 ms
DEBUG 04-24 11:11:07.019220.019220 cuda_h.py:27] end fused_group_bmm cost 16.123 ms
DEBUG 04-24 11:11:07.020357.020357 cuda_h.py:27] end gather_outputs_group_fused_mp cost 0.846 ms
DEBUG 04-24 11:11:07.020094.020094 cuda_h.py:27] end cpu_experts_worker_bmm_or_einsum_1 cost 21.270 ms
DEBUG 04-24 11:11:07.020995.020995 mlpmodule.py:3373] [fused_group_bmm][steps] bmm1=9.272 ms split=0.159 ms act_mul=0.407 ms bmm2=4.501 ms
DEBUG 04-24 11:11:07.021741.021741 cuda_h.py:27] end fused_group_bmm cost 14.748 ms
DEBUG 04-24 11:11:07.021834.021834 cuda_h.py:27] end cpu_experts_worker_bmm_or_einsum_3 cost 21.879 ms
DEBUG 04-24 11:11:07.021144.021144 mlpmodule.py:3373] [fused_group_bmm][steps] bmm1=8.960 ms split=0.094 ms act_mul=0.310 ms bmm2=4.316 ms
DEBUG 04-24 11:11:07.021548.021548 cuda_h.py:27] end fused_group_bmm cost 13.903 ms
DEBUG 04-24 11:11:07.021242.021242 cuda_h.py:27] end gather_outputs_group_fused_mp cost 0.414 ms
DEBUG 04-24 11:11:07.022141.022141 cuda_h.py:27] end gather_outputs_group_fused_mp cost 0.375 ms
DEBUG 04-24 11:11:07.022481.022481 cuda_h.py:27] end cpu_experts_worker_bmm_or_einsum_0 cost 22.981 ms
DEBUG 04-24 11:11:07.022411.022411 cuda_h.py:27] end cpu_experts_worker_bmm_or_einsum_2 cost 22.209 ms
DEBUG 04-24 11:11:07.023192.023192 cuda_h.py:27] end prepare_per_device_parameters cost 16.909 ms
DEBUG 04-24 11:11:07.025536.025536 cuda_h.py:27] end cpu_experts_scatter_reduce cost 0.742 ms
DEBUG 04-24 11:11:07.026605.026605 cuda_h.py:27] end cpu_thread_manager_mp_wait_fused cost 2.138 ms
DEBUG 04-24 11:11:07.027940.027940 cuda_h.py:27] end wait_experts_multi_device cost 1.258 ms
DEBUG 04-24 11:11:07.027022.027022 cuda_h.py:27] end *before fused experts* cost 27.965 ms
DEBUG 04-24 11:11:07.032280.032280 cuda_h.py:27] end gpu_experts_multi_device_fused cost 4.888 ms
DEBUG 04-24 11:11:07.032733.032733 cuda_h.py:27] end *gpu experts* cost 32.982 ms
DEBUG 04-24 11:11:07.032517.032517 cuda_h.py:27] end layer_moe_generate_mp_multi_device_fused_l_27 cost 36.315 ms
DEBUG 04-24 11:11:07.033167.033167 cuda_h.py:27] end *mlp cost 37.706 ms
DEBUG 04-24 11:11:07.033614.033614 cuda_h.py:27] end prefill_layer cost 42.610 ms
DEBUG 04-24 11:11:07.034947.034947 lmp.py:341] -------------------------------- end prefill layer 26 --------------------------------
DEBUG 04-24 11:11:07.034883.034883 lmp.py:294] -------------------------------- start prefill layer 27 --------------------------------
DEBUG 04-24 11:11:07.034866.034866 cuda_h.py:27] end start_load_qkvogn_s_weight_l_28 cost 0.050 ms
DEBUG 04-24 11:11:07.034819.034819 cuda_h.py:27] end allocate_cuda_memory cost 0.278 ms
DEBUG 04-24 11:11:07.034050.034050 sllm_store_c.py:27] get device uuid map
DEBUG 04-24 11:11:07.035266.035266 sllm_store_c.py:29] call client load into gpu
DEBUG 04-24 11:11:07.036168.036168 cuda_h.py:27] end **self_attn cost 1.481 ms
DEBUG 04-24 11:11:07.036825.036825 cuda_h.py:27] end *iln_self_attn_paln cost 2.593 ms
DEBUG 04-24 11:11:07.037369.037369 cuda_h.py:27] end load_into_gpu_async cost 2.410 ms
DEBUG 04-24 11:11:07.037918.037918 cuda_h.py:27] end restore_tensors2 cost 0.095 ms
DEBUG 04-24 11:11:07.037131.037131 cuda_h.py:27] end allocate_cuda_memory_and_load_into_gpu cost 3.125 ms
DEBUG 04-24 11:11:07.038266.038266 cuda_h.py:27] end gate cost 0.864 ms
DEBUG 04-24 11:11:07.038364.038364 cuda_h.py:27] end experts_map_get cost 0.268 ms
DEBUG 04-24 11:11:07.038577.038577 cuda_h.py:27] end *before experts start* cost 1.280 ms
DEBUG 04-24 11:11:07.038850.038850 cuda_h.py:27] end cpu_experts_submit_fused_mp cost 0.207 ms
DEBUG 04-24 11:11:07.039569.039569 cuda_h.py:27] end *single cpu experts* cost 1.120 ms
DEBUG 04-24 11:11:07.041853.041853 cuda_h.py:27] end prepare_group_stack cost 0.411 ms
DEBUG 04-24 11:11:07.041442.041442 cuda_h.py:27] end prepare_group_stack cost 0.507 ms
DEBUG 04-24 11:11:07.042155.042155 cuda_h.py:27] end group stack cost 1.220 ms
DEBUG 04-24 11:11:07.042408.042408 sllm_store_c.py:27] get device uuid map
DEBUG 04-24 11:11:07.042234.042234 cuda_h.py:27] end prepare_group_stack cost 0.619 ms
DEBUG 04-24 11:11:07.042469.042469 cuda_h.py:27] end move_flatidxs_group_fused_mp cost 1.828 ms
DEBUG 04-24 11:11:07.042663.042663 sllm_store_c.py:29] call client load into gpu
DEBUG 04-24 11:11:07.042119.042119 cuda_h.py:27] end group stack cost 0.987 ms
DEBUG 04-24 11:11:07.042628.042628 cuda_h.py:27] end prepare_group_stack cost 0.655 ms
DEBUG 04-24 11:11:07.042472.042472 cuda_h.py:27] end get_fused_experts_names_w cost 0.025 ms
DEBUG 04-24 11:11:07.042147.042147 cuda_h.py:27] end move_flatidxs_group_fused_mp cost 2.200 ms
DEBUG 04-24 11:11:07.043828.043828 cuda_h.py:27] end get_fused_experts_names_w cost 0.033 ms
DEBUG 04-24 11:11:07.043053.043053 cuda_h.py:27] end restore_fused_tensors cost 0.528 ms
DEBUG 04-24 11:11:07.043155.043155 cuda_h.py:27] end group_fused_tensors_mp cost 1.023 ms
DEBUG 04-24 11:11:07.044433.044433 cuda_h.py:27] end group stack cost 1.431 ms
DEBUG 04-24 11:11:07.044907.044907 cuda_h.py:27] end restore_fused_tensors cost 1.064 ms
DEBUG 04-24 11:11:07.044956.044956 cuda_h.py:27] end move_flatidxs_group_fused_mp cost 2.625 ms
DEBUG 04-24 11:11:07.044662.044662 cuda_h.py:27] end group_fused_tensors_mp cost 1.426 ms
DEBUG 04-24 11:11:07.044748.044748 cuda_h.py:27] end group stack cost 1.536 ms
DEBUG 04-24 11:11:07.044008.044008 cuda_h.py:27] end get_fused_experts_names_w cost 0.035 ms
DEBUG 04-24 11:11:07.044902.044902 cuda_h.py:27] end move_flatidxs_group_fused_mp cost 2.962 ms
DEBUG 04-24 11:11:07.044729.044729 cuda_h.py:27] end get_fused_experts_names_w cost 0.034 ms
DEBUG 04-24 11:11:07.045554.045554 cuda_h.py:27] end restore_fused_tensors cost 0.896 ms
DEBUG 04-24 11:11:07.045684.045684 cuda_h.py:27] end group_fused_tensors_mp cost 1.241 ms
DEBUG 04-24 11:11:07.045082.045082 cuda_h.py:27] end restore_fused_tensors cost 0.957 ms
DEBUG 04-24 11:11:07.046304.046304 cuda_h.py:27] end group_fused_tensors_mp cost 1.412 ms
DEBUG 04-24 11:11:07.046327.046327 cuda_h.py:27] end restore2model cost 1.205 ms
DEBUG 04-24 11:11:07.047958.047958 cuda_h.py:27] end sllm_worker_task cost 12.776 ms
DEBUG 04-24 11:11:07.049696.049696 cuda_h.py:27] end load_into_gpu_async_fused_experts_dual cost 6.550 ms
DEBUG 04-24 11:11:07.049939.049939 cuda_h.py:27] end restore_tensors2_fused_experts_packed cost 0.240 ms
DEBUG 04-24 11:11:07.050986.050986 cuda_h.py:27] end restore_tensors2_fused_experts_slices cost 0.459 ms
DEBUG 04-24 11:11:07.050654.050654 cuda_h.py:27] end allocate_experts_cuda_memory_and_restore_model_multi_device_fused cost 10.767 ms
DEBUG 04-24 11:11:07.050539.050539 cuda_h.py:27] end gpu_sexperts cost 0.019 ms
DEBUG 04-24 11:11:07.050812.050812 cuda_h.py:27] end wait_load_qkvogn_s_weight cost 0.056 ms
DEBUG 04-24 11:11:07.057243.057243 mlpmodule.py:3373] [fused_group_bmm][steps] bmm1=7.424 ms split=0.218 ms act_mul=0.449 ms bmm2=5.395 ms
DEBUG 04-24 11:11:07.057675.057675 mlpmodule.py:3373] [fused_group_bmm][steps] bmm1=7.099 ms split=0.090 ms act_mul=0.302 ms bmm2=3.973 ms
DEBUG 04-24 11:11:07.058342.058342 cuda_h.py:27] end fused_group_bmm cost 11.833 ms
DEBUG 04-24 11:11:07.058851.058851 cuda_h.py:27] end fused_group_bmm cost 14.126 ms
DEBUG 04-24 11:11:07.058282.058282 mlpmodule.py:3373] [fused_group_bmm][steps] bmm1=8.209 ms split=0.072 ms act_mul=0.442 ms bmm2=4.741 ms
DEBUG 04-24 11:11:07.058485.058485 cuda_h.py:27] end gather_outputs_group_fused_mp cost 0.474 ms
DEBUG 04-24 11:11:07.058439.058439 cuda_h.py:27] end fused_group_bmm cost 14.021 ms
DEBUG 04-24 11:11:07.059236.059236 cuda_h.py:27] end gather_outputs_group_fused_mp cost 0.332 ms
DEBUG 04-24 11:11:07.059814.059814 cuda_h.py:27] end cpu_experts_worker_bmm_or_einsum_2 cost 18.678 ms
DEBUG 04-24 11:11:07.059858.059858 mlpmodule.py:3373] [fused_group_bmm][steps] bmm1=6.319 ms split=0.131 ms act_mul=0.501 ms bmm2=5.761 ms
DEBUG 04-24 11:11:07.059082.059082 cuda_h.py:27] end gather_outputs_group_fused_mp cost 0.811 ms
DEBUG 04-24 11:11:07.059118.059118 cuda_h.py:27] end fused_group_bmm cost 13.015 ms
DEBUG 04-24 11:11:07.059346.059346 cuda_h.py:27] end cpu_experts_worker_bmm_or_einsum_0 cost 19.963 ms
DEBUG 04-24 11:11:07.060672.060672 cuda_h.py:27] end cpu_experts_worker_bmm_or_einsum_3 cost 20.455 ms
DEBUG 04-24 11:11:07.060864.060864 cuda_h.py:27] end gather_outputs_group_fused_mp cost 0.478 ms
DEBUG 04-24 11:11:07.061036.061036 cuda_h.py:27] end cpu_experts_worker_bmm_or_einsum_1 cost 20.246 ms
DEBUG 04-24 11:11:07.067532.067532 cuda_h.py:27] end prepare_per_device_parameters cost 16.248 ms
DEBUG 04-24 11:11:07.069429.069429 cuda_h.py:27] end cpu_experts_scatter_reduce cost 0.708 ms
DEBUG 04-24 11:11:07.069199.069199 cuda_h.py:27] end cpu_thread_manager_mp_wait_fused cost 2.203 ms
DEBUG 04-24 11:11:07.070050.070050 cuda_h.py:27] end wait_experts_multi_device cost 1.219 ms
DEBUG 04-24 11:11:07.070270.070270 cuda_h.py:27] end *before fused experts* cost 31.136 ms
DEBUG 04-24 11:11:07.075786.075786 cuda_h.py:27] end gpu_experts_multi_device_fused cost 4.310 ms
DEBUG 04-24 11:11:07.075796.075796 cuda_h.py:27] end *gpu experts* cost 35.562 ms
DEBUG 04-24 11:11:07.075673.075673 cuda_h.py:27] end layer_moe_generate_mp_multi_device_fused_l_28 cost 38.147 ms
DEBUG 04-24 11:11:07.076880.076880 cuda_h.py:27] end *mlp cost 39.598 ms
DEBUG 04-24 11:11:07.076970.076970 cuda_h.py:27] end prefill_layer cost 42.549 ms
DEBUG 04-24 11:11:07.076269.076269 lmp.py:341] -------------------------------- end prefill layer 27 --------------------------------
DEBUG 04-24 11:11:07.076873.076873 lmp.py:294] -------------------------------- start prefill layer 28 --------------------------------
DEBUG 04-24 11:11:07.077816.077816 cuda_h.py:27] end start_load_qkvogn_s_weight_l_29 cost 0.050 ms
DEBUG 04-24 11:11:07.077564.077564 cuda_h.py:27] end allocate_cuda_memory cost 0.235 ms
DEBUG 04-24 11:11:07.077344.077344 sllm_store_c.py:27] get device uuid map
DEBUG 04-24 11:11:07.077826.077826 sllm_store_c.py:29] call client load into gpu
DEBUG 04-24 11:11:07.079635.079635 cuda_h.py:27] end **self_attn cost 1.324 ms
DEBUG 04-24 11:11:07.079279.079279 cuda_h.py:27] end *iln_self_attn_paln cost 2.415 ms
DEBUG 04-24 11:11:07.079705.079705 cuda_h.py:27] end load_into_gpu_async cost 2.266 ms
DEBUG 04-24 11:11:07.079193.079193 cuda_h.py:27] end restore_tensors2 cost 0.090 ms
DEBUG 04-24 11:11:07.080601.080601 cuda_h.py:27] end allocate_cuda_memory_and_load_into_gpu cost 2.994 ms
DEBUG 04-24 11:11:07.080892.080892 cuda_h.py:27] end gate cost 0.798 ms
DEBUG 04-24 11:11:07.080937.080937 cuda_h.py:27] end experts_map_get cost 0.264 ms
DEBUG 04-24 11:11:07.080482.080482 cuda_h.py:27] end *before experts start* cost 1.209 ms
DEBUG 04-24 11:11:07.080636.080636 cuda_h.py:27] end cpu_experts_submit_fused_mp cost 0.227 ms
DEBUG 04-24 11:11:07.081933.081933 cuda_h.py:27] end *single cpu experts* cost 1.179 ms
DEBUG 04-24 11:11:07.084422.084422 cuda_h.py:27] end prepare_group_stack cost 0.448 ms
DEBUG 04-24 11:11:07.084730.084730 sllm_store_c.py:27] get device uuid map
DEBUG 04-24 11:11:07.084816.084816 cuda_h.py:27] end prepare_group_stack cost 0.594 ms
DEBUG 04-24 11:11:07.084262.084262 cuda_h.py:27] end prepare_group_stack cost 0.645 ms
DEBUG 04-24 11:11:07.084937.084937 sllm_store_c.py:29] call client load into gpu
DEBUG 04-24 11:11:07.084521.084521 cuda_h.py:27] end prepare_group_stack cost 0.749 ms
DEBUG 04-24 11:11:07.085506.085506 cuda_h.py:27] end group stack cost 0.792 ms
DEBUG 04-24 11:11:07.085503.085503 cuda_h.py:27] end move_flatidxs_group_fused_mp cost 1.516 ms
DEBUG 04-24 11:11:07.085487.085487 cuda_h.py:27] end get_fused_experts_names_w cost 0.027 ms
DEBUG 04-24 11:11:07.086636.086636 cuda_h.py:27] end group stack cost 1.262 ms
DEBUG 04-24 11:11:07.086308.086308 cuda_h.py:27] end move_flatidxs_group_fused_mp cost 2.304 ms
DEBUG 04-24 11:11:07.086289.086289 cuda_h.py:27] end restore_fused_tensors cost 0.498 ms
DEBUG 04-24 11:11:07.086182.086182 cuda_h.py:27] end group_fused_tensors_mp cost 0.824 ms
DEBUG 04-24 11:11:07.086156.086156 cuda_h.py:27] end get_fused_experts_names_w cost 0.027 ms
DEBUG 04-24 11:11:07.086701.086701 cuda_h.py:27] end group stack cost 1.403 ms
DEBUG 04-24 11:11:07.086934.086934 cuda_h.py:27] end group stack cost 1.632 ms
DEBUG 04-24 11:11:07.086144.086144 cuda_h.py:27] end move_flatidxs_group_fused_mp cost 2.688 ms
DEBUG 04-24 11:11:07.086475.086475 cuda_h.py:27] end move_flatidxs_group_fused_mp cost 2.786 ms
DEBUG 04-24 11:11:07.086089.086089 cuda_h.py:27] end get_fused_experts_names_w cost 0.028 ms
DEBUG 04-24 11:11:07.086329.086329 cuda_h.py:27] end get_fused_experts_names_w cost 0.036 ms
DEBUG 04-24 11:11:07.087695.087695 cuda_h.py:27] end restore_fused_tensors cost 0.519 ms
DEBUG 04-24 11:11:07.087929.087929 cuda_h.py:27] end group_fused_tensors_mp cost 0.777 ms
DEBUG 04-24 11:11:07.088438.088438 cuda_h.py:27] end restore_fused_tensors cost 0.947 ms
DEBUG 04-24 11:11:07.088249.088249 cuda_h.py:27] end restore_fused_tensors cost 1.034 ms
DEBUG 04-24 11:11:07.088018.088018 cuda_h.py:27] end group_fused_tensors_mp cost 1.254 ms
DEBUG 04-24 11:11:07.088961.088961 cuda_h.py:27] end group_fused_tensors_mp cost 1.341 ms
DEBUG 04-24 11:11:07.095234.095234 cuda_h.py:27] end restore2model cost 0.887 ms
DEBUG 04-24 11:11:07.096532.096532 cuda_h.py:27] end sllm_worker_task cost 18.917 ms
DEBUG 04-24 11:11:07.097209.097209 mlpmodule.py:3373] [fused_group_bmm][steps] bmm1=7.522 ms split=0.174 ms act_mul=0.496 ms bmm2=2.732 ms
DEBUG 04-24 11:11:07.097634.097634 cuda_h.py:27] end load_into_gpu_async_fused_experts_dual cost 12.934 ms
DEBUG 04-24 11:11:07.097089.097089 cuda_h.py:27] end fused_group_bmm cost 11.144 ms
DEBUG 04-24 11:11:07.097207.097207 cuda_h.py:27] end restore_tensors2_fused_experts_packed cost 0.148 ms
DEBUG 04-24 11:11:07.098657.098657 cuda_h.py:27] end gather_outputs_group_fused_mp cost 0.454 ms
DEBUG 04-24 11:11:07.098643.098643 cuda_h.py:27] end restore_tensors2_fused_experts_slices cost 0.479 ms
DEBUG 04-24 11:11:07.098848.098848 cuda_h.py:27] end allocate_experts_cuda_memory_and_restore_model_multi_device_fused cost 16.975 ms
DEBUG 04-24 11:11:07.099787.099787 cuda_h.py:27] end gpu_sexperts cost 0.019 ms
DEBUG 04-24 11:11:07.099943.099943 cuda_h.py:27] end wait_load_qkvogn_s_weight cost 0.056 ms
DEBUG 04-24 11:11:07.099898.099898 cuda_h.py:27] end cpu_experts_worker_bmm_or_einsum_0 cost 16.508 ms
DEBUG 04-24 11:11:07.100165.100165 mlpmodule.py:3373] [fused_group_bmm][steps] bmm1=8.156 ms split=0.135 ms act_mul=0.443 ms bmm2=3.901 ms
DEBUG 04-24 11:11:07.100157.100157 cuda_h.py:27] end fused_group_bmm cost 13.051 ms
DEBUG 04-24 11:11:07.100968.100968 mlpmodule.py:3373] [fused_group_bmm][steps] bmm1=7.864 ms split=0.103 ms act_mul=0.463 ms bmm2=3.640 ms
DEBUG 04-24 11:11:07.100013.100013 cuda_h.py:27] end fused_group_bmm cost 12.281 ms
DEBUG 04-24 11:11:07.100757.100757 mlpmodule.py:3373] [fused_group_bmm][steps] bmm1=7.880 ms split=0.130 ms act_mul=0.440 ms bmm2=4.087 ms
DEBUG 04-24 11:11:07.101642.101642 cuda_h.py:27] end fused_group_bmm cost 12.914 ms
DEBUG 04-24 11:11:07.101236.101236 cuda_h.py:27] end gather_outputs_group_fused_mp cost 0.328 ms
DEBUG 04-24 11:11:07.101725.101725 cuda_h.py:27] end gather_outputs_group_fused_mp cost 0.502 ms
DEBUG 04-24 11:11:07.101570.101570 cuda_h.py:27] end cpu_experts_worker_bmm_or_einsum_2 cost 19.206 ms
DEBUG 04-24 11:11:07.101625.101625 cuda_h.py:27] end gather_outputs_group_fused_mp cost 0.486 ms
DEBUG 04-24 11:11:07.101599.101599 cuda_h.py:27] end cpu_experts_worker_bmm_or_einsum_3 cost 19.314 ms
DEBUG 04-24 11:11:07.102081.102081 cuda_h.py:27] end cpu_experts_worker_bmm_or_einsum_1 cost 19.766 ms
DEBUG 04-24 11:11:07.112485.112485 cuda_h.py:27] end prepare_per_device_parameters cost 13.141 ms
DEBUG 04-24 11:11:07.301404.301404 cuda_h.py:27] end cpu_experts_scatter_reduce cost 1.577 ms
DEBUG 04-24 11:11:07.301450.301450 cuda_h.py:27] end cpu_thread_manager_mp_wait_fused cost 188.931 ms
DEBUG 04-24 11:11:07.303577.303577 cuda_h.py:27] end wait_experts_multi_device cost 2.304 ms
DEBUG 04-24 11:11:07.303297.303297 cuda_h.py:27] end *before fused experts* cost 222.043 ms
DEBUG 04-24 11:11:07.313667.313667 cuda_h.py:27] end gpu_experts_multi_device_fused cost 8.985 ms
DEBUG 04-24 11:11:07.313447.313447 cuda_h.py:27] end *gpu experts* cost 231.282 ms
DEBUG 04-24 11:11:07.313201.313201 cuda_h.py:27] end layer_moe_generate_mp_multi_device_fused_l_29 cost 233.926 ms
DEBUG 04-24 11:11:07.314237.314237 cuda_h.py:27] end *mlp cost 235.189 ms
DEBUG 04-24 11:11:07.314155.314155 cuda_h.py:27] end prefill_layer cost 237.844 ms
DEBUG 04-24 11:11:07.314156.314156 lmp.py:341] -------------------------------- end prefill layer 28 --------------------------------
DEBUG 04-24 11:11:07.314627.314627 lmp.py:294] -------------------------------- start prefill layer 29 --------------------------------
DEBUG 04-24 11:11:07.316577.316577 cuda_h.py:27] end **self_attn cost 1.772 ms
DEBUG 04-24 11:11:07.317626.317626 cuda_h.py:27] end *iln_self_attn_paln cost 2.317 ms
DEBUG 04-24 11:11:07.318173.318173 cuda_h.py:27] end gate cost 0.606 ms
DEBUG 04-24 11:11:07.318537.318537 cuda_h.py:27] end experts_map_get cost 0.311 ms
DEBUG 04-24 11:11:07.318049.318049 cuda_h.py:27] end *before experts start* cost 1.089 ms
DEBUG 04-24 11:11:07.318212.318212 cuda_h.py:27] end cpu_experts_submit_fused_mp cost 0.258 ms
DEBUG 04-24 11:11:07.320507.320507 cuda_h.py:27] end *single cpu experts* cost 2.157 ms
DEBUG 04-24 11:11:07.321111.321111 cuda_h.py:27] end prepare_group_stack cost 0.568 ms
DEBUG 04-24 11:11:07.321837.321837 cuda_h.py:27] end prepare_group_stack cost 0.636 ms
DEBUG 04-24 11:11:07.322192.322192 sllm_store_c.py:27] get device uuid map
DEBUG 04-24 11:11:07.322755.322755 cuda_h.py:27] end prepare_group_stack cost 0.632 ms
DEBUG 04-24 11:11:07.322713.322713 sllm_store_c.py:29] call client load into gpu
DEBUG 04-24 11:11:07.322048.322048 cuda_h.py:27] end group stack cost 1.201 ms
DEBUG 04-24 11:11:07.322012.322012 cuda_h.py:27] end prepare_group_stack cost 0.572 ms
DEBUG 04-24 11:11:07.322258.322258 cuda_h.py:27] end move_flatidxs_group_fused_mp cost 2.392 ms
DEBUG 04-24 11:11:07.323970.323970 cuda_h.py:27] end get_fused_experts_names_w cost 0.037 ms
DEBUG 04-24 11:11:07.324723.324723 cuda_h.py:27] end group stack cost 1.930 ms
DEBUG 04-24 11:11:07.324830.324830 cuda_h.py:27] end move_flatidxs_group_fused_mp cost 3.020 ms
DEBUG 04-24 11:11:07.324594.324594 cuda_h.py:27] end group stack cost 1.360 ms
DEBUG 04-24 11:11:07.324896.324896 cuda_h.py:27] end restore_fused_tensors cost 1.030 ms
DEBUG 04-24 11:11:07.324647.324647 cuda_h.py:27] end group stack cost 1.932 ms
DEBUG 04-24 11:11:07.324784.324784 cuda_h.py:27] end get_fused_experts_names_w cost 0.040 ms
DEBUG 04-24 11:11:07.324136.324136 cuda_h.py:27] end group_fused_tensors_mp cost 1.427 ms
DEBUG 04-24 11:11:07.324017.324017 cuda_h.py:27] end move_flatidxs_group_fused_mp cost 2.543 ms
DEBUG 04-24 11:11:07.324953.324953 cuda_h.py:27] end move_flatidxs_group_fused_mp cost 3.029 ms
DEBUG 04-24 11:11:07.325270.325270 cuda_h.py:27] end get_fused_experts_names_w cost 0.035 ms
DEBUG 04-24 11:11:07.325556.325556 cuda_h.py:27] end get_fused_experts_names_w cost 0.041 ms
DEBUG 04-24 11:11:07.325509.325509 cuda_h.py:27] end load_into_gpu_async_fused_experts_dual cost 3.539 ms
DEBUG 04-24 11:11:07.325527.325527 cuda_h.py:27] end restore_tensors2_fused_experts_packed cost 0.063 ms
DEBUG 04-24 11:11:07.326908.326908 cuda_h.py:27] end restore_tensors2_fused_experts_slices cost 0.273 ms
DEBUG 04-24 11:11:07.326480.326480 cuda_h.py:27] end allocate_experts_cuda_memory_and_restore_model_multi_device_fused cost 5.457 ms
DEBUG 04-24 11:11:07.326859.326859 cuda_h.py:27] end gpu_sexperts cost 0.004 ms
DEBUG 04-24 11:11:07.326952.326952 cuda_h.py:27] end restore_fused_tensors cost 1.241 ms
DEBUG 04-24 11:11:07.326182.326182 cuda_h.py:27] end restore_fused_tensors cost 1.045 ms
DEBUG 04-24 11:11:07.326429.326429 cuda_h.py:27] end group_fused_tensors_mp cost 1.890 ms
DEBUG 04-24 11:11:07.326683.326683 cuda_h.py:27] end group_fused_tensors_mp cost 1.504 ms
DEBUG 04-24 11:11:07.326499.326499 cuda_h.py:27] end restore_fused_tensors cost 1.188 ms
DEBUG 04-24 11:11:07.326399.326399 cuda_h.py:27] end group_fused_tensors_mp cost 1.687 ms
DEBUG 04-24 11:11:07.336183.336183 mlpmodule.py:3373] [fused_group_bmm][steps] bmm1=7.042 ms split=0.179 ms act_mul=0.618 ms bmm2=3.904 ms
DEBUG 04-24 11:11:07.337416.337416 cuda_h.py:27] end fused_group_bmm cost 12.017 ms
DEBUG 04-24 11:11:07.337824.337824 cuda_h.py:27] end gather_outputs_group_fused_mp cost 0.441 ms
DEBUG 04-24 11:11:07.338038.338038 cuda_h.py:27] end cpu_experts_worker_bmm_or_einsum_0 cost 18.389 ms
DEBUG 04-24 11:11:07.338073.338073 cuda_h.py:27] end prepare_per_device_parameters cost 12.402 ms
DEBUG 04-24 11:11:07.339263.339263 mlpmodule.py:3373] [fused_group_bmm][steps] bmm1=8.804 ms split=0.212 ms act_mul=0.498 ms bmm2=3.440 ms
DEBUG 04-24 11:11:07.339223.339223 cuda_h.py:27] end fused_group_bmm cost 13.166 ms
DEBUG 04-24 11:11:07.340582.340582 cuda_h.py:27] end gather_outputs_group_fused_mp cost 0.390 ms
DEBUG 04-24 11:11:07.340250.340250 cuda_h.py:27] end cpu_experts_worker_bmm_or_einsum_2 cost 20.327 ms
DEBUG 04-24 11:11:07.343911.343911 mlpmodule.py:3373] [fused_group_bmm][steps] bmm1=11.124 ms split=0.219 ms act_mul=0.469 ms bmm2=4.788 ms
DEBUG 04-24 11:11:07.343529.343529 cuda_h.py:27] end fused_group_bmm cost 16.882 ms
DEBUG 04-24 11:11:07.343162.343162 mlpmodule.py:3373] [fused_group_bmm][steps] bmm1=11.179 ms split=0.202 ms act_mul=0.474 ms bmm2=5.062 ms
DEBUG 04-24 11:11:07.344428.344428 cuda_h.py:27] end fused_group_bmm cost 17.373 ms
DEBUG 04-24 11:11:07.344056.344056 cuda_h.py:27] end gather_outputs_group_fused_mp cost 0.478 ms
DEBUG 04-24 11:11:07.344800.344800 cuda_h.py:27] end gather_outputs_group_fused_mp cost 0.463 ms
DEBUG 04-24 11:11:07.345668.345668 cuda_h.py:27] end cpu_experts_worker_bmm_or_einsum_3 cost 23.869 ms
DEBUG 04-24 11:11:07.345575.345575 cuda_h.py:27] end cpu_experts_worker_bmm_or_einsum_1 cost 23.806 ms
DEBUG 04-24 11:11:07.348154.348154 cuda_h.py:27] end cpu_experts_scatter_reduce cost 1.689 ms
DEBUG 04-24 11:11:07.348340.348340 cuda_h.py:27] end cpu_thread_manager_mp_wait_fused cost 9.701 ms
DEBUG 04-24 11:11:07.350734.350734 cuda_h.py:27] end wait_experts_multi_device cost 1.593 ms
DEBUG 04-24 11:11:07.350269.350269 cuda_h.py:27] end *before fused experts* cost 29.981 ms
DEBUG 04-24 11:11:07.356266.356266 cuda_h.py:27] end gpu_experts_multi_device_fused cost 5.564 ms
DEBUG 04-24 11:11:07.356316.356316 cuda_h.py:27] end *gpu experts* cost 35.957 ms
DEBUG 04-24 11:11:07.356100.356100 cuda_h.py:27] end layer_moe_generate_mp_multi_device_fused_l_30 cost 39.399 ms
DEBUG 04-24 11:11:07.358196.358196 cuda_h.py:27] end *mlp cost 40.872 ms
DEBUG 04-24 11:11:07.358942.358942 cuda_h.py:27] end prefill_layer cost 43.630 ms
DEBUG 04-24 11:11:07.358268.358268 lmp.py:341] -------------------------------- end prefill layer 29 --------------------------------
DEBUG 04-24 11:11:07.358134.358134 cuda_h.py:27] end prefill cost 2204.670 ms
INFO 04-24 11:11:07.358589.358589 lmp.py:343] prefill time: 2.204820394515991 seconds
generate input ids cost 0.05414605140686035 s
DEBUG 04-24 11:11:12.952372.952372 cuda_h.py:27] end generate_input_ids cost 2966.923 ms
DEBUG 04-24 11:11:12.952777.952777 cuda_h.py:27] end init_cache cost 0.051 ms
DEBUG 04-24 11:11:12.953536.953536 cuda_h.py:27] end allocate_cuda_memory cost 0.446 ms
DEBUG 04-24 11:11:12.953832.953832 sllm_store_c.py:27] get device uuid map
DEBUG 04-24 11:11:12.953490.953490 sllm_store_c.py:29] call client load into gpu
DEBUG 04-24 11:11:12.957919.957919 cuda_h.py:27] end load_into_gpu_async cost 3.959 ms
DEBUG 04-24 11:11:12.957678.957678 cuda_h.py:27] end restore_tensors2 cost 0.056 ms
DEBUG 04-24 11:11:12.957401.957401 cuda_h.py:27] end allocate_cuda_memory_and_load_into_gpu cost 4.758 ms
DEBUG 04-24 11:11:12.958861.958861 cuda_h.py:27] end restore2model cost 0.237 ms
DEBUG 04-24 11:11:13.096485.096485 cuda_h.py:27] end allocate_cuda_memory cost 0.552 ms
DEBUG 04-24 11:11:13.097923.097923 sllm_store_c.py:27] get device uuid map
DEBUG 04-24 11:11:13.097649.097649 sllm_store_c.py:29] call client load into gpu
DEBUG 04-24 11:11:13.100681.100681 cuda_h.py:27] end load_into_gpu_async cost 3.041 ms
DEBUG 04-24 11:11:13.100156.100156 cuda_h.py:27] end restore_tensors2 cost 0.205 ms
DEBUG 04-24 11:11:13.100789.100789 cuda_h.py:27] end allocate_cuda_memory_and_load_into_gpu cost 4.670 ms
DEBUG 04-24 11:11:13.247356.247356 cuda_h.py:27] end restore2model cost 2.169 ms
DEBUG 04-24 11:11:13.248903.248903 cuda_h.py:27] end load_qkvogns_weight_l_0 cost 152.052 ms
DEBUG 04-24 11:11:13.248735.248735 cuda_h.py:27] end init_general_weights cost 295.181 ms
DEBUG 04-24 11:11:13.249571.249571 cuda_h.py:27] end init_inputs_tokens cost 0.960 ms
DEBUG 04-24 11:11:13.249160.249160 lmp.py:294] -------------------------------- start prefill layer 0 --------------------------------
DEBUG 04-24 11:11:13.250352.250352 cuda_h.py:27] end start_load_qkvogn_s_weight_l_1 cost 0.101 ms
DEBUG 04-24 11:11:13.250484.250484 cuda_h.py:27] end allocate_cuda_memory cost 0.485 ms
DEBUG 04-24 11:11:13.251843.251843 sllm_store_c.py:27] get device uuid map
DEBUG 04-24 11:11:13.251419.251419 sllm_store_c.py:29] call client load into gpu
DEBUG 04-24 11:11:13.254404.254404 cuda_h.py:27] end load_into_gpu_async cost 3.286 ms
DEBUG 04-24 11:11:13.255958.255958 cuda_h.py:27] end restore_tensors2 cost 0.563 ms
DEBUG 04-24 11:11:13.255142.255142 cuda_h.py:27] end allocate_cuda_memory_and_load_into_gpu cost 5.441 ms
DEBUG 04-24 11:11:13.259932.259932 cuda_h.py:27] end **self_attn cost 6.798 ms
DEBUG 04-24 11:11:13.260320.260320 cuda_h.py:27] end *iln_self_attn_paln cost 10.406 ms
DEBUG 04-24 11:11:13.262377.262377 cuda_h.py:27] end gate cost 1.569 ms
DEBUG 04-24 11:11:13.262669.262669 cuda_h.py:27] end experts_map_get cost 0.670 ms
DEBUG 04-24 11:11:13.262957.262957 cuda_h.py:27] end *before experts start* cost 2.471 ms
DEBUG 04-24 11:11:13.263969.263969 cuda_h.py:27] end cpu_experts_submit_fused_mp cost 0.321 ms
DEBUG 04-24 11:11:13.266881.266881 cuda_h.py:27] end prepare_group_stack cost 0.758 ms
DEBUG 04-24 11:11:13.266540.266540 cuda_h.py:27] end prepare_group_stack cost 0.637 ms
DEBUG 04-24 11:11:13.267321.267321 cuda_h.py:27] end group stack cost 1.454 ms
DEBUG 04-24 11:11:13.267502.267502 cuda_h.py:27] end restore2model cost 2.436 ms
DEBUG 04-24 11:11:13.268182.268182 cuda_h.py:27] end move_flatidxs_group_fused_mp cost 2.671 ms
DEBUG 04-24 11:11:13.268482.268482 cuda_h.py:27] end *single cpu experts* cost 5.140 ms
DEBUG 04-24 11:11:13.268570.268570 cuda_h.py:27] end get_fused_experts_names_w cost 0.047 ms
DEBUG 04-24 11:11:13.268501.268501 cuda_h.py:27] end group stack cost 1.639 ms
DEBUG 04-24 11:11:13.268587.268587 cuda_h.py:27] end prepare_group_stack cost 1.697 ms
DEBUG 04-24 11:11:13.268256.268256 cuda_h.py:27] end move_flatidxs_group_fused_mp cost 2.679 ms
DEBUG 04-24 11:11:13.269981.269981 cuda_h.py:27] end restore_fused_tensors cost 0.121 ms
DEBUG 04-24 11:11:13.269835.269835 cuda_h.py:27] end get_fused_experts_names_w cost 0.025 ms
DEBUG 04-24 11:11:13.269604.269604 cuda_h.py:27] end group_fused_tensors_mp cost 0.678 ms
DEBUG 04-24 11:11:13.269238.269238 cuda_h.py:27] end restore_fused_tensors cost 0.103 ms
DEBUG 04-24 11:11:13.269733.269733 cuda_h.py:27] end group_fused_tensors_mp cost 0.342 ms
DEBUG 04-24 11:11:13.269488.269488 cuda_h.py:27] end prepare_group_stack cost 1.517 ms
DEBUG 04-24 11:11:13.268863.268863 cuda_h.py:27] end sllm_worker_task cost 18.045 ms
DEBUG 04-24 11:11:13.272236.272236 cuda_h.py:27] end group stack cost 3.851 ms
DEBUG 04-24 11:11:13.272970.272970 sllm_store_c.py:27] get device uuid map
DEBUG 04-24 11:11:13.273839.273839 sllm_store_c.py:29] call client load into gpu
DEBUG 04-24 11:11:13.273200.273200 cuda_h.py:27] end move_flatidxs_group_fused_mp cost 6.399 ms
DEBUG 04-24 11:11:13.273554.273554 cuda_h.py:27] end get_fused_experts_names_w cost 0.061 ms
DEBUG 04-24 11:11:13.274804.274804 cuda_h.py:27] end restore_fused_tensors cost 0.220 ms
DEBUG 04-24 11:11:13.274902.274902 cuda_h.py:27] end group stack cost 4.130 ms
DEBUG 04-24 11:11:13.274903.274903 cuda_h.py:27] end group_fused_tensors_mp cost 0.786 ms
DEBUG 04-24 11:11:13.274650.274650 cuda_h.py:27] end move_flatidxs_group_fused_mp cost 6.801 ms
DEBUG 04-24 11:11:13.275467.275467 cuda_h.py:27] end get_fused_experts_names_w cost 0.054 ms
DEBUG 04-24 11:11:13.275474.275474 cuda_h.py:27] end restore_fused_tensors cost 0.238 ms
DEBUG 04-24 11:11:13.275241.275241 cuda_h.py:27] end group_fused_tensors_mp cost 0.846 ms
DEBUG 04-24 11:11:13.280287.280287 mlpmodule.py:3373] [fused_group_bmm][steps] bmm1=5.216 ms split=0.113 ms act_mul=0.789 ms bmm2=5.080 ms
DEBUG 04-24 11:11:13.281965.281965 cuda_h.py:27] end fused_group_bmm cost 11.549 ms
DEBUG 04-24 11:11:13.282280.282280 cuda_h.py:27] end load_into_gpu_async_fused_experts_dual cost 9.692 ms
DEBUG 04-24 11:11:13.282998.282998 mlpmodule.py:3373] [fused_group_bmm][steps] bmm1=6.441 ms split=0.076 ms act_mul=1.188 ms bmm2=4.768 ms
DEBUG 04-24 11:11:13.282390.282390 cuda_h.py:27] end restore_tensors2_fused_experts_packed cost 0.140 ms
DEBUG 04-24 11:11:13.282953.282953 cuda_h.py:27] end fused_group_bmm cost 12.914 ms
DEBUG 04-24 11:11:13.282420.282420 cuda_h.py:27] end restore_tensors2_fused_experts_slices cost 0.310 ms
DEBUG 04-24 11:11:13.283219.283219 cuda_h.py:27] end allocate_experts_cuda_memory_and_restore_model_multi_device_fused cost 14.456 ms
DEBUG 04-24 11:11:13.282349.282349 cuda_h.py:27] end gather_outputs_group_fused_mp cost 1.878 ms
DEBUG 04-24 11:11:13.283446.283446 cuda_h.py:27] end gather_outputs_group_fused_mp cost 0.453 ms
DEBUG 04-24 11:11:13.283730.283730 cuda_h.py:27] end gpu_sexperts cost 0.021 ms
DEBUG 04-24 11:11:13.283880.283880 cuda_h.py:27] end wait_load_qkvogn_s_weight cost 0.056 ms
DEBUG 04-24 11:11:13.283937.283937 mlpmodule.py:3373] [fused_group_bmm][steps] bmm1=6.657 ms split=0.101 ms act_mul=0.534 ms bmm2=1.765 ms
DEBUG 04-24 11:11:13.284776.284776 cuda_h.py:27] end cpu_experts_worker_bmm_or_einsum_0 cost 19.106 ms
DEBUG 04-24 11:11:13.284123.284123 cuda_h.py:27] end fused_group_bmm cost 9.296 ms
DEBUG 04-24 11:11:13.284712.284712 cuda_h.py:27] end cpu_experts_worker_bmm_or_einsum_1 cost 19.582 ms
DEBUG 04-24 11:11:13.284534.284534 cuda_h.py:27] end gather_outputs_group_fused_mp cost 0.455 ms
DEBUG 04-24 11:11:13.284489.284489 mlpmodule.py:3373] [fused_group_bmm][steps] bmm1=6.217 ms split=0.102 ms act_mul=0.639 ms bmm2=1.881 ms
DEBUG 04-24 11:11:13.285764.285764 cuda_h.py:27] end fused_group_bmm cost 9.176 ms
DEBUG 04-24 11:11:13.285229.285229 cuda_h.py:27] end cpu_experts_worker_bmm_or_einsum_2 cost 19.087 ms
DEBUG 04-24 11:11:13.285568.285568 cuda_h.py:27] end gather_outputs_group_fused_mp cost 0.434 ms
DEBUG 04-24 11:11:13.286775.286775 cuda_h.py:27] end cpu_experts_worker_bmm_or_einsum_3 cost 19.445 ms
DEBUG 04-24 11:11:13.483631.483631 cuda_h.py:27] end prepare_per_device_parameters cost 200.087 ms
DEBUG 04-24 11:11:13.486391.486391 cuda_h.py:27] end cpu_experts_scatter_reduce cost 1.579 ms
DEBUG 04-24 11:11:13.487448.487448 cuda_h.py:27] end cpu_thread_manager_mp_wait_fused cost 3.250 ms
DEBUG 04-24 11:11:13.489269.489269 cuda_h.py:27] end wait_experts_multi_device cost 2.284 ms
DEBUG 04-24 11:11:13.489771.489771 cuda_h.py:27] end *before fused experts* cost 221.008 ms
DEBUG 04-24 11:11:13.499044.499044 cuda_h.py:27] end gpu_experts_multi_device_fused cost 9.835 ms
DEBUG 04-24 11:11:13.499483.499483 cuda_h.py:27] end *gpu experts* cost 231.028 ms
DEBUG 04-24 11:11:13.499215.499215 cuda_h.py:27] end layer_moe_generate_mp_multi_device_fused_l_1 cost 239.215 ms
DEBUG 04-24 11:11:13.500678.500678 cuda_h.py:27] end *mlp cost 240.404 ms
DEBUG 04-24 11:11:13.500794.500794 cuda_h.py:27] end prefill_layer cost 251.148 ms
DEBUG 04-24 11:11:13.501834.501834 lmp.py:341] -------------------------------- end prefill layer 0 --------------------------------
DEBUG 04-24 11:11:13.501676.501676 lmp.py:294] -------------------------------- start prefill layer 1 --------------------------------
DEBUG 04-24 11:11:13.501997.501997 cuda_h.py:27] end start_load_qkvogn_s_weight_l_2 cost 0.059 ms
DEBUG 04-24 11:11:13.501577.501577 cuda_h.py:27] end allocate_cuda_memory cost 0.436 ms
DEBUG 04-24 11:11:13.502077.502077 sllm_store_c.py:27] get device uuid map
DEBUG 04-24 11:11:13.502472.502472 sllm_store_c.py:29] call client load into gpu
DEBUG 04-24 11:11:13.504650.504650 cuda_h.py:27] end **self_attn cost 2.394 ms
DEBUG 04-24 11:11:13.505342.505342 cuda_h.py:27] end *iln_self_attn_paln cost 4.044 ms
DEBUG 04-24 11:11:13.505899.505899 cuda_h.py:27] end load_into_gpu_async cost 3.351 ms
DEBUG 04-24 11:11:13.506098.506098 cuda_h.py:27] end restore_tensors2 cost 0.200 ms
DEBUG 04-24 11:11:13.506739.506739 cuda_h.py:27] end allocate_cuda_memory_and_load_into_gpu cost 4.984 ms
DEBUG 04-24 11:11:13.507820.507820 cuda_h.py:27] end gate cost 1.844 ms
DEBUG 04-24 11:11:13.507530.507530 cuda_h.py:27] end experts_map_get cost 0.339 ms
DEBUG 04-24 11:11:13.508652.508652 cuda_h.py:27] end *before experts start* cost 2.412 ms
DEBUG 04-24 11:11:13.508952.508952 cuda_h.py:27] end cpu_experts_submit_fused_mp cost 0.226 ms
DEBUG 04-24 11:11:13.510304.510304 cuda_h.py:27] end *single cpu experts* cost 2.022 ms
DEBUG 04-24 11:11:13.511447.511447 cuda_h.py:27] end prepare_group_stack cost 0.703 ms
DEBUG 04-24 11:11:13.512070.512070 sllm_store_c.py:27] get device uuid map
DEBUG 04-24 11:11:13.512053.512053 sllm_store_c.py:29] call client load into gpu
DEBUG 04-24 11:11:13.512260.512260 cuda_h.py:27] end prepare_group_stack cost 0.631 ms
DEBUG 04-24 11:11:13.512768.512768 cuda_h.py:27] end prepare_group_stack cost 0.714 ms
DEBUG 04-24 11:11:13.513353.513353 cuda_h.py:27] end prepare_group_stack cost 0.692 ms
DEBUG 04-24 11:11:13.513528.513528 cuda_h.py:27] end group stack cost 1.825 ms
DEBUG 04-24 11:11:13.513508.513508 cuda_h.py:27] end move_flatidxs_group_fused_mp cost 2.967 ms
DEBUG 04-24 11:11:13.514754.514754 cuda_h.py:27] end get_fused_experts_names_w cost 0.036 ms
DEBUG 04-24 11:11:13.514055.514055 cuda_h.py:27] end group stack cost 1.821 ms
DEBUG 04-24 11:11:13.514997.514997 cuda_h.py:27] end move_flatidxs_group_fused_mp cost 3.117 ms
DEBUG 04-24 11:11:13.515881.515881 cuda_h.py:27] end group stack cost 2.115 ms
DEBUG 04-24 11:11:13.515134.515134 cuda_h.py:27] end restore_fused_tensors cost 0.986 ms
DEBUG 04-24 11:11:13.515813.515813 cuda_h.py:27] end get_fused_experts_names_w cost 0.047 ms
DEBUG 04-24 11:11:13.515827.515827 cuda_h.py:27] end group_fused_tensors_mp cost 1.430 ms
DEBUG 04-24 11:11:13.515436.515436 cuda_h.py:27] end move_flatidxs_group_fused_mp cost 3.492 ms
DEBUG 04-24 11:11:13.515597.515597 cuda_h.py:27] end group stack cost 1.904 ms
DEBUG 04-24 11:11:13.515172.515172 cuda_h.py:27] end get_fused_experts_names_w cost 0.043 ms
DEBUG 04-24 11:11:13.515451.515451 cuda_h.py:27] end restore_fused_tensors cost 0.139 ms
DEBUG 04-24 11:11:13.515086.515086 cuda_h.py:27] end restore2model cost 2.039 ms
DEBUG 04-24 11:11:13.516783.516783 cuda_h.py:27] end restore_fused_tensors cost 0.191 ms
DEBUG 04-24 11:11:13.515154.515154 cuda_h.py:27] end move_flatidxs_group_fused_mp cost 3.297 ms
DEBUG 04-24 11:11:13.516722.516722 cuda_h.py:27] end group_fused_tensors_mp cost 1.109 ms
DEBUG 04-24 11:11:13.516452.516452 cuda_h.py:27] end group_fused_tensors_mp cost 0.710 ms
DEBUG 04-24 11:11:13.516043.516043 cuda_h.py:27] end get_fused_experts_names_w cost 0.042 ms
DEBUG 04-24 11:11:13.516433.516433 cuda_h.py:27] end load_into_gpu_async_fused_experts_dual cost 3.918 ms
DEBUG 04-24 11:11:13.516512.516512 cuda_h.py:27] end sllm_worker_task cost 15.201 ms
DEBUG 04-24 11:11:13.516325.516325 cuda_h.py:27] end restore_tensors2_fused_experts_packed cost 0.060 ms
DEBUG 04-24 11:11:13.517956.517956 cuda_h.py:27] end restore_tensors2_fused_experts_slices cost 0.302 ms
DEBUG 04-24 11:11:13.518390.518390 cuda_h.py:27] end allocate_experts_cuda_memory_and_restore_model_multi_device_fused cost 8.029 ms
DEBUG 04-24 11:11:13.518736.518736 cuda_h.py:27] end gpu_sexperts cost 0.012 ms
DEBUG 04-24 11:11:13.518970.518970 cuda_h.py:27] end wait_load_qkvogn_s_weight cost 0.037 ms
DEBUG 04-24 11:11:13.518824.518824 cuda_h.py:27] end restore_fused_tensors cost 2.075 ms
DEBUG 04-24 11:11:13.519037.519037 cuda_h.py:27] end group_fused_tensors_mp cost 2.792 ms
DEBUG 04-24 11:11:13.527080.527080 mlpmodule.py:3373] [fused_group_bmm][steps] bmm1=6.276 ms split=0.212 ms act_mul=0.751 ms bmm2=3.148 ms
DEBUG 04-24 11:11:13.527500.527500 cuda_h.py:27] end fused_group_bmm cost 10.704 ms
DEBUG 04-24 11:11:13.528529.528529 cuda_h.py:27] end gather_outputs_group_fused_mp cost 0.746 ms
DEBUG 04-24 11:11:13.529575.529575 cuda_h.py:27] end cpu_experts_worker_bmm_or_einsum_0 cost 18.988 ms
DEBUG 04-24 11:11:13.530179.530179 mlpmodule.py:3373] [fused_group_bmm][steps] bmm1=7.004 ms split=0.103 ms act_mul=0.453 ms bmm2=3.013 ms
DEBUG 04-24 11:11:13.530457.530457 cuda_h.py:27] end fused_group_bmm cost 10.898 ms
DEBUG 04-24 11:11:13.531256.531256 cuda_h.py:27] end gather_outputs_group_fused_mp cost 0.425 ms
DEBUG 04-24 11:11:13.531055.531055 cuda_h.py:27] end cpu_experts_worker_bmm_or_einsum_2 cost 20.179 ms
DEBUG 04-24 11:11:13.532872.532872 mlpmodule.py:3373] [fused_group_bmm][steps] bmm1=11.106 ms split=0.178 ms act_mul=0.545 ms bmm2=4.937 ms
DEBUG 04-24 11:11:13.533265.533265 cuda_h.py:27] end fused_group_bmm cost 17.319 ms
DEBUG 04-24 11:11:13.533621.533621 mlpmodule.py:3373] [fused_group_bmm][steps] bmm1=10.543 ms split=0.141 ms act_mul=0.520 ms bmm2=5.406 ms
DEBUG 04-24 11:11:13.533517.533517 cuda_h.py:27] end fused_group_bmm cost 16.894 ms
DEBUG 04-24 11:11:13.534464.534464 cuda_h.py:27] end gather_outputs_group_fused_mp cost 0.596 ms
DEBUG 04-24 11:11:13.534624.534624 cuda_h.py:27] end gather_outputs_group_fused_mp cost 0.445 ms
DEBUG 04-24 11:11:13.534736.534736 cuda_h.py:27] end cpu_experts_worker_bmm_or_einsum_1 cost 25.144 ms
DEBUG 04-24 11:11:13.534144.534144 cuda_h.py:27] end cpu_experts_worker_bmm_or_einsum_3 cost 24.351 ms
DEBUG 04-24 11:11:13.537140.537140 cuda_h.py:27] end prepare_per_device_parameters cost 18.660 ms
DEBUG 04-24 11:11:13.539496.539496 cuda_h.py:27] end cpu_experts_scatter_reduce cost 0.924 ms
DEBUG 04-24 11:11:13.539082.539082 cuda_h.py:27] end cpu_thread_manager_mp_wait_fused cost 2.610 ms
DEBUG 04-24 11:11:13.542878.542878 cuda_h.py:27] end wait_experts_multi_device cost 2.583 ms
DEBUG 04-24 11:11:13.542483.542483 cuda_h.py:27] end *before fused experts* cost 32.366 ms
DEBUG 04-24 11:11:13.549489.549489 cuda_h.py:27] end gpu_experts_multi_device_fused cost 6.462 ms
DEBUG 04-24 11:11:13.549014.549014 cuda_h.py:27] end *gpu experts* cost 38.937 ms
DEBUG 04-24 11:11:13.549931.549931 cuda_h.py:27] end layer_moe_generate_mp_multi_device_fused_l_2 cost 43.560 ms
DEBUG 04-24 11:11:13.550089.550089 cuda_h.py:27] end *mlp cost 44.734 ms
DEBUG 04-24 11:11:13.550781.550781 cuda_h.py:27] end prefill_layer cost 49.408 ms
DEBUG 04-24 11:11:13.550537.550537 lmp.py:341] -------------------------------- end prefill layer 1 --------------------------------
DEBUG 04-24 11:11:13.550326.550326 lmp.py:294] -------------------------------- start prefill layer 2 --------------------------------
DEBUG 04-24 11:11:13.550626.550626 cuda_h.py:27] end start_load_qkvogn_s_weight_l_3 cost 0.060 ms
DEBUG 04-24 11:11:13.551160.551160 cuda_h.py:27] end allocate_cuda_memory cost 0.445 ms
DEBUG 04-24 11:11:13.552199.552199 sllm_store_c.py:27] get device uuid map
DEBUG 04-24 11:11:13.552324.552324 sllm_store_c.py:29] call client load into gpu
DEBUG 04-24 11:11:13.553794.553794 cuda_h.py:27] end load_into_gpu_async cost 1.942 ms
DEBUG 04-24 11:11:13.554938.554938 cuda_h.py:27] end restore_tensors2 cost 0.195 ms
DEBUG 04-24 11:11:13.554283.554283 cuda_h.py:27] end allocate_cuda_memory_and_load_into_gpu cost 3.482 ms
DEBUG 04-24 11:11:13.556296.556296 cuda_h.py:27] end **self_attn cost 3.043 ms
DEBUG 04-24 11:11:13.556396.556396 cuda_h.py:27] end *iln_self_attn_paln cost 5.654 ms
DEBUG 04-24 11:11:13.557986.557986 cuda_h.py:27] end gate cost 0.891 ms
DEBUG 04-24 11:11:13.558555.558555 cuda_h.py:27] end experts_map_get cost 0.468 ms
DEBUG 04-24 11:11:13.558088.558088 cuda_h.py:27] end *before experts start* cost 1.578 ms
DEBUG 04-24 11:11:13.558552.558552 cuda_h.py:27] end cpu_experts_submit_fused_mp cost 0.361 ms
DEBUG 04-24 11:11:13.560626.560626 cuda_h.py:27] end *single cpu experts* cost 2.364 ms
DEBUG 04-24 11:11:13.561907.561907 cuda_h.py:27] end prepare_group_stack cost 0.636 ms
DEBUG 04-24 11:11:13.561247.561247 cuda_h.py:27] end prepare_group_stack cost 0.608 ms
DEBUG 04-24 11:11:13.562196.562196 cuda_h.py:27] end prepare_group_stack cost 0.610 ms
DEBUG 04-24 11:11:13.562305.562305 cuda_h.py:27] end prepare_group_stack cost 0.733 ms
DEBUG 04-24 11:11:13.562327.562327 sllm_store_c.py:27] get device uuid map
DEBUG 04-24 11:11:13.562895.562895 sllm_store_c.py:29] call client load into gpu
DEBUG 04-24 11:11:13.562542.562542 cuda_h.py:27] end group stack cost 1.008 ms
DEBUG 04-24 11:11:13.562996.562996 cuda_h.py:27] end move_flatidxs_group_fused_mp cost 1.929 ms
DEBUG 04-24 11:11:13.563749.563749 cuda_h.py:27] end get_fused_experts_names_w cost 0.026 ms
DEBUG 04-24 11:11:13.563126.563126 cuda_h.py:27] end group stack cost 1.210 ms
DEBUG 04-24 11:11:13.563780.563780 cuda_h.py:27] end group stack cost 1.162 ms
DEBUG 04-24 11:11:13.563010.563010 cuda_h.py:27] end move_flatidxs_group_fused_mp cost 2.173 ms
DEBUG 04-24 11:11:13.563842.563842 cuda_h.py:27] end move_flatidxs_group_fused_mp cost 2.583 ms
DEBUG 04-24 11:11:13.563195.563195 cuda_h.py:27] end get_fused_experts_names_w cost 0.023 ms
DEBUG 04-24 11:11:13.563124.563124 cuda_h.py:27] end get_fused_experts_names_w cost 0.035 ms
DEBUG 04-24 11:11:13.564789.564789 cuda_h.py:27] end restore_fused_tensors cost 0.743 ms
DEBUG 04-24 11:11:13.564951.564951 cuda_h.py:27] end group_fused_tensors_mp cost 0.918 ms
DEBUG 04-24 11:11:13.564145.564145 cuda_h.py:27] end group stack cost 2.125 ms
DEBUG 04-24 11:11:13.564684.564684 cuda_h.py:27] end restore_fused_tensors cost 0.691 ms
DEBUG 04-24 11:11:13.564317.564317 cuda_h.py:27] end group_fused_tensors_mp cost 0.884 ms
DEBUG 04-24 11:11:13.564153.564153 cuda_h.py:27] end move_flatidxs_group_fused_mp cost 3.361 ms
DEBUG 04-24 11:11:13.565295.565295 cuda_h.py:27] end get_fused_experts_names_w cost 0.042 ms
DEBUG 04-24 11:11:13.565634.565634 cuda_h.py:27] end load_into_gpu_async_fused_experts_dual cost 2.864 ms
DEBUG 04-24 11:11:13.565528.565528 cuda_h.py:27] end restore_fused_tensors cost 1.216 ms
DEBUG 04-24 11:11:13.565904.565904 cuda_h.py:27] end group_fused_tensors_mp cost 1.562 ms
DEBUG 04-24 11:11:13.565306.565306 cuda_h.py:27] end restore2model cost 2.766 ms
DEBUG 04-24 11:11:13.565670.565670 cuda_h.py:27] end restore_tensors2_fused_experts_packed cost 0.070 ms
DEBUG 04-24 11:11:13.565760.565760 cuda_h.py:27] end sllm_worker_task cost 14.738 ms
DEBUG 04-24 11:11:13.566516.566516 cuda_h.py:27] end restore_tensors2_fused_experts_slices cost 0.245 ms
DEBUG 04-24 11:11:13.566749.566749 cuda_h.py:27] end restore_fused_tensors cost 1.336 ms
DEBUG 04-24 11:11:13.566284.566284 cuda_h.py:27] end allocate_experts_cuda_memory_and_restore_model_multi_device_fused cost 5.845 ms
DEBUG 04-24 11:11:13.566961.566961 cuda_h.py:27] end gpu_sexperts cost 0.005 ms
DEBUG 04-24 11:11:13.566138.566138 cuda_h.py:27] end group_fused_tensors_mp cost 1.690 ms
DEBUG 04-24 11:11:13.566881.566881 cuda_h.py:27] end wait_load_qkvogn_s_weight cost 0.020 ms
DEBUG 04-24 11:11:13.579810.579810 mlpmodule.py:3373] [fused_group_bmm][steps] bmm1=8.912 ms split=0.153 ms act_mul=0.481 ms bmm2=4.036 ms
DEBUG 04-24 11:11:13.579951.579951 cuda_h.py:27] end fused_group_bmm cost 14.106 ms
DEBUG 04-24 11:11:13.580719.580719 cuda_h.py:27] end gather_outputs_group_fused_mp cost 0.690 ms
DEBUG 04-24 11:11:13.581920.581920 cuda_h.py:27] end cpu_experts_worker_bmm_or_einsum_0 cost 20.832 ms
DEBUG 04-24 11:11:13.581420.581420 mlpmodule.py:3373] [fused_group_bmm][steps] bmm1=9.132 ms split=0.264 ms act_mul=0.496 ms bmm2=7.658 ms
DEBUG 04-24 11:11:13.582415.582415 cuda_h.py:27] end fused_group_bmm cost 17.853 ms
DEBUG 04-24 11:11:13.582597.582597 mlpmodule.py:3373] [fused_group_bmm][steps] bmm1=8.945 ms split=0.229 ms act_mul=0.501 ms bmm2=7.475 ms
DEBUG 04-24 11:11:13.582216.582216 cuda_h.py:27] end fused_group_bmm cost 17.679 ms
DEBUG 04-24 11:11:13.582235.582235 mlpmodule.py:3373] [fused_group_bmm][steps] bmm1=9.396 ms split=0.160 ms act_mul=0.510 ms bmm2=5.668 ms
DEBUG 04-24 11:11:13.582493.582493 cuda_h.py:27] end fused_group_bmm cost 15.955 ms
DEBUG 04-24 11:11:13.583802.583802 cuda_h.py:27] end gather_outputs_group_fused_mp cost 0.537 ms
DEBUG 04-24 11:11:13.583594.583594 cuda_h.py:27] end gather_outputs_group_fused_mp cost 0.474 ms
DEBUG 04-24 11:11:13.583427.583427 cuda_h.py:27] end gather_outputs_group_fused_mp cost 0.365 ms
DEBUG 04-24 11:11:13.583569.583569 cuda_h.py:27] end cpu_experts_worker_bmm_or_einsum_3 cost 22.841 ms
DEBUG 04-24 11:11:13.583263.583263 cuda_h.py:27] end cpu_experts_worker_bmm_or_einsum_1 cost 23.223 ms
DEBUG 04-24 11:11:13.583531.583531 cuda_h.py:27] end cpu_experts_worker_bmm_or_einsum_2 cost 23.044 ms
DEBUG 04-24 11:11:13.587362.587362 cuda_h.py:27] end prepare_per_device_parameters cost 20.215 ms
DEBUG 04-24 11:11:13.590916.590916 cuda_h.py:27] end cpu_experts_scatter_reduce cost 1.155 ms
DEBUG 04-24 11:11:13.590946.590946 cuda_h.py:27] end cpu_thread_manager_mp_wait_fused cost 2.789 ms
DEBUG 04-24 11:11:13.591238.591238 cuda_h.py:27] end wait_experts_multi_device cost 1.575 ms
DEBUG 04-24 11:11:13.591042.591042 cuda_h.py:27] end *before fused experts* cost 31.065 ms
DEBUG 04-24 11:11:13.599176.599176 cuda_h.py:27] end gpu_experts_multi_device_fused cost 7.321 ms
DEBUG 04-24 11:11:13.599291.599291 cuda_h.py:27] end *gpu experts* cost 38.518 ms
DEBUG 04-24 11:11:13.599036.599036 cuda_h.py:27] end layer_moe_generate_mp_multi_device_fused_l_3 cost 42.765 ms
DEBUG 04-24 11:11:13.600046.600046 cuda_h.py:27] end *mlp cost 43.858 ms
DEBUG 04-24 11:11:13.600818.600818 cuda_h.py:27] end prefill_layer cost 49.913 ms
DEBUG 04-24 11:11:13.600243.600243 lmp.py:341] -------------------------------- end prefill layer 2 --------------------------------
DEBUG 04-24 11:11:13.600185.600185 lmp.py:294] -------------------------------- start prefill layer 3 --------------------------------
DEBUG 04-24 11:11:13.601669.601669 cuda_h.py:27] end start_load_qkvogn_s_weight_l_4 cost 0.060 ms
DEBUG 04-24 11:11:13.601294.601294 cuda_h.py:27] end allocate_cuda_memory cost 0.286 ms
DEBUG 04-24 11:11:13.601084.601084 sllm_store_c.py:27] get device uuid map
DEBUG 04-24 11:11:13.602867.602867 sllm_store_c.py:29] call client load into gpu
DEBUG 04-24 11:11:13.603143.603143 cuda_h.py:27] end load_into_gpu_async cost 1.937 ms
DEBUG 04-24 11:11:13.603406.603406 cuda_h.py:27] end restore_tensors2 cost 0.097 ms
DEBUG 04-24 11:11:13.604092.604092 cuda_h.py:27] end allocate_cuda_memory_and_load_into_gpu cost 2.847 ms
DEBUG 04-24 11:11:13.604521.604521 cuda_h.py:27] end **self_attn cost 2.195 ms
DEBUG 04-24 11:11:13.604637.604637 cuda_h.py:27] end *iln_self_attn_paln cost 3.663 ms
DEBUG 04-24 11:11:13.605769.605769 cuda_h.py:27] end gate cost 0.640 ms
DEBUG 04-24 11:11:13.605839.605839 cuda_h.py:27] end experts_map_get cost 0.399 ms
DEBUG 04-24 11:11:13.606881.606881 cuda_h.py:27] end *before experts start* cost 1.227 ms
DEBUG 04-24 11:11:13.606567.606567 cuda_h.py:27] end cpu_experts_submit_fused_mp cost 0.293 ms
DEBUG 04-24 11:11:13.607286.607286 cuda_h.py:27] end *single cpu experts* cost 1.381 ms
DEBUG 04-24 11:11:13.608410.608410 cuda_h.py:27] end prepare_group_stack cost 0.536 ms
DEBUG 04-24 11:11:13.608669.608669 cuda_h.py:27] end prepare_group_stack cost 0.497 ms
DEBUG 04-24 11:11:13.610962.610962 cuda_h.py:27] end group stack cost 0.932 ms
DEBUG 04-24 11:11:13.610612.610612 cuda_h.py:27] end prepare_group_stack cost 0.516 ms
DEBUG 04-24 11:11:13.610391.610391 cuda_h.py:27] end move_flatidxs_group_fused_mp cost 1.721 ms
DEBUG 04-24 11:11:13.610651.610651 sllm_store_c.py:27] get device uuid map
DEBUG 04-24 11:11:13.610183.610183 cuda_h.py:27] end group stack cost 1.246 ms
DEBUG 04-24 11:11:13.610036.610036 cuda_h.py:27] end prepare_group_stack cost 0.616 ms
DEBUG 04-24 11:11:13.610211.610211 sllm_store_c.py:29] call client load into gpu
DEBUG 04-24 11:11:13.610834.610834 cuda_h.py:27] end get_fused_experts_names_w cost 0.027 ms
DEBUG 04-24 11:11:13.610927.610927 cuda_h.py:27] end move_flatidxs_group_fused_mp cost 2.166 ms
DEBUG 04-24 11:11:13.610111.610111 cuda_h.py:27] end get_fused_experts_names_w cost 0.026 ms
DEBUG 04-24 11:11:13.611211.611211 cuda_h.py:27] end group stack cost 0.946 ms
DEBUG 04-24 11:11:13.611686.611686 cuda_h.py:27] end move_flatidxs_group_fused_mp cost 1.750 ms
DEBUG 04-24 11:11:13.611339.611339 cuda_h.py:27] end restore_fused_tensors cost 0.725 ms
DEBUG 04-24 11:11:13.611258.611258 cuda_h.py:27] end get_fused_experts_names_w cost 0.025 ms
DEBUG 04-24 11:11:13.611391.611391 cuda_h.py:27] end group_fused_tensors_mp cost 1.037 ms
DEBUG 04-24 11:11:13.611941.611941 cuda_h.py:27] end restore_fused_tensors cost 0.748 ms
DEBUG 04-24 11:11:13.611570.611570 cuda_h.py:27] end group_fused_tensors_mp cost 1.248 ms
DEBUG 04-24 11:11:13.612378.612378 cuda_h.py:27] end restore_fused_tensors cost 0.706 ms
DEBUG 04-24 11:11:13.612314.612314 cuda_h.py:27] end group_fused_tensors_mp cost 0.913 ms
DEBUG 04-24 11:11:13.612490.612490 cuda_h.py:27] end restore2model cost 1.179 ms
DEBUG 04-24 11:11:13.612162.612162 cuda_h.py:27] end load_into_gpu_async_fused_experts_dual cost 2.572 ms
DEBUG 04-24 11:11:13.613635.613635 cuda_h.py:27] end group stack cost 2.907 ms
DEBUG 04-24 11:11:13.613171.613171 cuda_h.py:27] end sllm_worker_task cost 11.888 ms
DEBUG 04-24 11:11:13.614187.614187 cuda_h.py:27] end move_flatidxs_group_fused_mp cost 4.529 ms
DEBUG 04-24 11:11:13.613117.613117 cuda_h.py:27] end restore_tensors2_fused_experts_packed cost 0.244 ms
DEBUG 04-24 11:11:13.614259.614259 cuda_h.py:27] end get_fused_experts_names_w cost 0.063 ms
DEBUG 04-24 11:11:13.615000.615000 cuda_h.py:27] end restore_tensors2_fused_experts_slices cost 0.957 ms
DEBUG 04-24 11:11:13.615242.615242 cuda_h.py:27] end allocate_experts_cuda_memory_and_restore_model_multi_device_fused cost 8.314 ms
DEBUG 04-24 11:11:13.616691.616691 cuda_h.py:27] end gpu_sexperts cost 0.020 ms
DEBUG 04-24 11:11:13.616989.616989 cuda_h.py:27] end restore_fused_tensors cost 1.290 ms
DEBUG 04-24 11:11:13.616085.616085 cuda_h.py:27] end wait_load_qkvogn_s_weight cost 0.057 ms
DEBUG 04-24 11:11:13.616004.616004 cuda_h.py:27] end group_fused_tensors_mp cost 1.960 ms
DEBUG 04-24 11:11:13.622536.622536 mlpmodule.py:3373] [fused_group_bmm][steps] bmm1=6.010 ms split=0.160 ms act_mul=0.926 ms bmm2=3.708 ms
DEBUG 04-24 11:11:13.622788.622788 cuda_h.py:27] end fused_group_bmm cost 11.062 ms
DEBUG 04-24 11:11:13.623029.623029 cuda_h.py:27] end gather_outputs_group_fused_mp cost 0.407 ms
DEBUG 04-24 11:11:13.623841.623841 cuda_h.py:27] end cpu_experts_worker_bmm_or_einsum_0 cost 16.393 ms
DEBUG 04-24 11:11:13.626813.626813 mlpmodule.py:3373] [fused_group_bmm][steps] bmm1=10.088 ms split=0.108 ms act_mul=0.388 ms bmm2=4.044 ms
DEBUG 04-24 11:11:13.627601.627601 cuda_h.py:27] end fused_group_bmm cost 14.858 ms
DEBUG 04-24 11:11:13.627451.627451 cuda_h.py:27] end gather_outputs_group_fused_mp cost 0.431 ms
DEBUG 04-24 11:11:13.628893.628893 cuda_h.py:27] end cpu_experts_worker_bmm_or_einsum_2 cost 20.757 ms
DEBUG 04-24 11:11:13.629644.629644 mlpmodule.py:3373] [fused_group_bmm][steps] bmm1=10.154 ms split=0.359 ms act_mul=1.103 ms bmm2=4.749 ms
DEBUG 04-24 11:11:13.629812.629812 cuda_h.py:27] end fused_group_bmm cost 16.670 ms
DEBUG 04-24 11:11:13.630740.630740 cuda_h.py:27] end gather_outputs_group_fused_mp cost 0.571 ms
DEBUG 04-24 11:11:13.631952.631952 cuda_h.py:27] end cpu_experts_worker_bmm_or_einsum_1 cost 22.894 ms
DEBUG 04-24 11:11:13.632221.632221 mlpmodule.py:3373] [fused_group_bmm][steps] bmm1=11.070 ms split=0.281 ms act_mul=0.440 ms bmm2=3.694 ms
DEBUG 04-24 11:11:13.632996.632996 cuda_h.py:27] end fused_group_bmm cost 15.739 ms
DEBUG 04-24 11:11:13.633663.633663 cuda_h.py:27] end gather_outputs_group_fused_mp cost 0.424 ms
DEBUG 04-24 11:11:13.633660.633660 cuda_h.py:27] end cpu_experts_worker_bmm_or_einsum_3 cost 25.320 ms
DEBUG 04-24 11:11:13.635628.635628 cuda_h.py:27] end prepare_per_device_parameters cost 18.801 ms
DEBUG 04-24 11:11:13.637239.637239 cuda_h.py:27] end cpu_experts_scatter_reduce cost 0.935 ms
DEBUG 04-24 11:11:13.637645.637645 cuda_h.py:27] end cpu_thread_manager_mp_wait_fused cost 2.335 ms
DEBUG 04-24 11:11:13.639227.639227 cuda_h.py:27] end wait_experts_multi_device cost 1.511 ms
DEBUG 04-24 11:11:13.639262.639262 cuda_h.py:27] end *before fused experts* cost 31.865 ms
DEBUG 04-24 11:11:13.645481.645481 cuda_h.py:27] end gpu_experts_multi_device_fused cost 5.704 ms
DEBUG 04-24 11:11:13.645921.645921 cuda_h.py:27] end *gpu experts* cost 37.688 ms
DEBUG 04-24 11:11:13.645553.645553 cuda_h.py:27] end layer_moe_generate_mp_multi_device_fused_l_4 cost 40.487 ms
DEBUG 04-24 11:11:13.646740.646740 cuda_h.py:27] end *mlp cost 41.714 ms
DEBUG 04-24 11:11:13.646339.646339 cuda_h.py:27] end prefill_layer cost 45.934 ms
DEBUG 04-24 11:11:13.646141.646141 lmp.py:341] -------------------------------- end prefill layer 3 --------------------------------
DEBUG 04-24 11:11:13.646936.646936 lmp.py:294] -------------------------------- start prefill layer 4 --------------------------------
DEBUG 04-24 11:11:13.646112.646112 cuda_h.py:27] end start_load_qkvogn_s_weight_l_5 cost 0.055 ms
DEBUG 04-24 11:11:13.647677.647677 cuda_h.py:27] end allocate_cuda_memory cost 0.416 ms
DEBUG 04-24 11:11:13.647708.647708 sllm_store_c.py:27] get device uuid map
DEBUG 04-24 11:11:13.647519.647519 sllm_store_c.py:29] call client load into gpu
DEBUG 04-24 11:11:13.649252.649252 cuda_h.py:27] end load_into_gpu_async cost 1.592 ms
DEBUG 04-24 11:11:13.649516.649516 cuda_h.py:27] end restore_tensors2 cost 0.105 ms
DEBUG 04-24 11:11:13.649463.649463 cuda_h.py:27] end allocate_cuda_memory_and_load_into_gpu cost 2.819 ms
DEBUG 04-24 11:11:13.650639.650639 cuda_h.py:27] end **self_attn cost 2.093 ms
DEBUG 04-24 11:11:13.650292.650292 cuda_h.py:27] end *iln_self_attn_paln cost 4.061 ms
DEBUG 04-24 11:11:13.651874.651874 cuda_h.py:27] end gate cost 0.678 ms
DEBUG 04-24 11:11:13.651082.651082 cuda_h.py:27] end experts_map_get cost 0.360 ms
DEBUG 04-24 11:11:13.652448.652448 cuda_h.py:27] end *before experts start* cost 1.218 ms
DEBUG 04-24 11:11:13.652722.652722 cuda_h.py:27] end cpu_experts_submit_fused_mp cost 0.242 ms
DEBUG 04-24 11:11:13.653711.653711 cuda_h.py:27] end *single cpu experts* cost 1.491 ms
DEBUG 04-24 11:11:13.654530.654530 cuda_h.py:27] end prepare_group_stack cost 0.618 ms
DEBUG 04-24 11:11:13.656552.656552 cuda_h.py:27] end prepare_group_stack cost 1.414 ms
DEBUG 04-24 11:11:13.656956.656956 cuda_h.py:27] end prepare_group_stack cost 1.326 ms
DEBUG 04-24 11:11:13.656804.656804 cuda_h.py:27] end prepare_group_stack cost 1.365 ms
DEBUG 04-24 11:11:13.656085.656085 cuda_h.py:27] end group stack cost 1.821 ms
DEBUG 04-24 11:11:13.656692.656692 cuda_h.py:27] end move_flatidxs_group_fused_mp cost 2.734 ms
DEBUG 04-24 11:11:13.656964.656964 sllm_store_c.py:27] get device uuid map
DEBUG 04-24 11:11:13.656329.656329 sllm_store_c.py:29] call client load into gpu
DEBUG 04-24 11:11:13.656329.656329 cuda_h.py:27] end get_fused_experts_names_w cost 0.030 ms
DEBUG 04-24 11:11:13.657967.657967 cuda_h.py:27] end group stack cost 1.435 ms
DEBUG 04-24 11:11:13.657163.657163 cuda_h.py:27] end move_flatidxs_group_fused_mp cost 3.078 ms
DEBUG 04-24 11:11:13.657472.657472 cuda_h.py:27] end restore_fused_tensors cost 0.731 ms
DEBUG 04-24 11:11:13.657785.657785 cuda_h.py:27] end group stack cost 1.472 ms
DEBUG 04-24 11:11:13.657203.657203 cuda_h.py:27] end group_fused_tensors_mp cost 1.030 ms
DEBUG 04-24 11:11:13.657025.657025 cuda_h.py:27] end get_fused_experts_names_w cost 0.024 ms
DEBUG 04-24 11:11:13.658681.658681 cuda_h.py:27] end group stack cost 1.763 ms
DEBUG 04-24 11:11:13.658741.658741 cuda_h.py:27] end move_flatidxs_group_fused_mp cost 3.277 ms
DEBUG 04-24 11:11:13.658589.658589 cuda_h.py:27] end move_flatidxs_group_fused_mp cost 3.458 ms
DEBUG 04-24 11:11:13.658607.658607 cuda_h.py:27] end get_fused_experts_names_w cost 0.027 ms
DEBUG 04-24 11:11:13.658429.658429 cuda_h.py:27] end get_fused_experts_names_w cost 0.025 ms
DEBUG 04-24 11:11:13.658307.658307 cuda_h.py:27] end restore_fused_tensors cost 0.719 ms
DEBUG 04-24 11:11:13.658779.658779 cuda_h.py:27] end group_fused_tensors_mp cost 1.006 ms
DEBUG 04-24 11:11:13.659005.659005 cuda_h.py:27] end restore_fused_tensors cost 0.882 ms
DEBUG 04-24 11:11:13.659988.659988 cuda_h.py:27] end group_fused_tensors_mp cost 1.119 ms
DEBUG 04-24 11:11:13.659423.659423 cuda_h.py:27] end restore_fused_tensors cost 1.262 ms
DEBUG 04-24 11:11:13.659229.659229 cuda_h.py:27] end group_fused_tensors_mp cost 1.560 ms
DEBUG 04-24 11:11:13.664002.664002 cuda_h.py:27] end restore2model cost 1.661 ms
DEBUG 04-24 11:11:13.665326.665326 cuda_h.py:27] end sllm_worker_task cost 18.309 ms
DEBUG 04-24 11:11:13.667367.667367 cuda_h.py:27] end load_into_gpu_async_fused_experts_dual cost 10.204 ms
DEBUG 04-24 11:11:13.667996.667996 cuda_h.py:27] end restore_tensors2_fused_experts_packed cost 0.149 ms
DEBUG 04-24 11:11:13.667940.667940 cuda_h.py:27] end restore_tensors2_fused_experts_slices cost 0.405 ms
DEBUG 04-24 11:11:13.668216.668216 cuda_h.py:27] end allocate_experts_cuda_memory_and_restore_model_multi_device_fused cost 14.416 ms
DEBUG 04-24 11:11:13.668886.668886 cuda_h.py:27] end gpu_sexperts cost 0.012 ms
DEBUG 04-24 11:11:13.668253.668253 cuda_h.py:27] end wait_load_qkvogn_s_weight cost 0.034 ms
DEBUG 04-24 11:11:13.672033.672033 mlpmodule.py:3373] [fused_group_bmm][steps] bmm1=8.884 ms split=0.100 ms act_mul=0.317 ms bmm2=5.203 ms
DEBUG 04-24 11:11:13.673699.673699 cuda_h.py:27] end fused_group_bmm cost 15.094 ms
DEBUG 04-24 11:11:13.673940.673940 mlpmodule.py:3373] [fused_group_bmm][steps] bmm1=8.340 ms split=0.076 ms act_mul=0.363 ms bmm2=5.119 ms
DEBUG 04-24 11:11:13.673114.673114 mlpmodule.py:3373] [fused_group_bmm][steps] bmm1=8.757 ms split=0.106 ms act_mul=0.597 ms bmm2=5.116 ms
DEBUG 04-24 11:11:13.673026.673026 cuda_h.py:27] end fused_group_bmm cost 14.140 ms
DEBUG 04-24 11:11:13.673525.673525 cuda_h.py:27] end fused_group_bmm cost 14.810 ms
DEBUG 04-24 11:11:13.674216.674216 cuda_h.py:27] end gather_outputs_group_fused_mp cost 0.744 ms
DEBUG 04-24 11:11:13.674563.674563 mlpmodule.py:3373] [fused_group_bmm][steps] bmm1=7.517 ms split=0.139 ms act_mul=0.408 ms bmm2=5.695 ms
DEBUG 04-24 11:11:13.674644.674644 cuda_h.py:27] end fused_group_bmm cost 14.028 ms
DEBUG 04-24 11:11:13.674550.674550 cuda_h.py:27] end gather_outputs_group_fused_mp cost 0.375 ms
DEBUG 04-24 11:11:13.674014.674014 cuda_h.py:27] end gather_outputs_group_fused_mp cost 0.398 ms
DEBUG 04-24 11:11:13.674906.674906 cuda_h.py:27] end cpu_experts_worker_bmm_or_einsum_1 cost 21.399 ms
DEBUG 04-24 11:11:13.674605.674605 cuda_h.py:27] end gather_outputs_group_fused_mp cost 0.453 ms
DEBUG 04-24 11:11:13.675389.675389 cuda_h.py:27] end cpu_experts_worker_bmm_or_einsum_0 cost 21.009 ms
DEBUG 04-24 11:11:13.675464.675464 cuda_h.py:27] end cpu_experts_worker_bmm_or_einsum_2 cost 21.126 ms
DEBUG 04-24 11:11:13.675733.675733 cuda_h.py:27] end cpu_experts_worker_bmm_or_einsum_3 cost 21.525 ms
DEBUG 04-24 11:11:13.684425.684425 cuda_h.py:27] end prepare_per_device_parameters cost 15.771 ms
DEBUG 04-24 11:11:13.687057.687057 cuda_h.py:27] end cpu_experts_scatter_reduce cost 1.191 ms
DEBUG 04-24 11:11:13.687590.687590 cuda_h.py:27] end cpu_thread_manager_mp_wait_fused cost 2.638 ms
DEBUG 04-24 11:11:13.688882.688882 cuda_h.py:27] end wait_experts_multi_device cost 1.371 ms
DEBUG 04-24 11:11:13.688764.688764 cuda_h.py:27] end *before fused experts* cost 34.947 ms
DEBUG 04-24 11:11:13.694984.694984 cuda_h.py:27] end gpu_experts_multi_device_fused cost 5.531 ms
DEBUG 04-24 11:11:13.694324.694324 cuda_h.py:27] end *gpu experts* cost 40.591 ms
DEBUG 04-24 11:11:13.694671.694671 cuda_h.py:27] end layer_moe_generate_mp_multi_device_fused_l_5 cost 43.483 ms
DEBUG 04-24 11:11:13.695420.695420 cuda_h.py:27] end *mlp cost 44.665 ms
DEBUG 04-24 11:11:13.695635.695635 cuda_h.py:27] end prefill_layer cost 48.933 ms
DEBUG 04-24 11:11:13.695610.695610 lmp.py:341] -------------------------------- end prefill layer 4 --------------------------------
DEBUG 04-24 11:11:13.695121.695121 lmp.py:294] -------------------------------- start prefill layer 5 --------------------------------
DEBUG 04-24 11:11:13.695011.695011 cuda_h.py:27] end start_load_qkvogn_s_weight_l_6 cost 0.057 ms
DEBUG 04-24 11:11:13.696994.696994 cuda_h.py:27] end allocate_cuda_memory cost 0.331 ms
DEBUG 04-24 11:11:13.696898.696898 sllm_store_c.py:27] get device uuid map
DEBUG 04-24 11:11:13.696479.696479 sllm_store_c.py:29] call client load into gpu
DEBUG 04-24 11:11:13.698554.698554 cuda_h.py:27] end load_into_gpu_async cost 1.980 ms
DEBUG 04-24 11:11:13.698532.698532 cuda_h.py:27] end restore_tensors2 cost 0.123 ms
DEBUG 04-24 11:11:13.698967.698967 cuda_h.py:27] end allocate_cuda_memory_and_load_into_gpu cost 3.161 ms
DEBUG 04-24 11:11:13.699407.699407 cuda_h.py:27] end **self_attn cost 2.819 ms
DEBUG 04-24 11:11:13.700245.700245 cuda_h.py:27] end *iln_self_attn_paln cost 4.488 ms
DEBUG 04-24 11:11:13.701619.701619 cuda_h.py:27] end gate cost 0.658 ms
DEBUG 04-24 11:11:13.701774.701774 cuda_h.py:27] end experts_map_get cost 0.347 ms
DEBUG 04-24 11:11:13.701994.701994 cuda_h.py:27] end *before experts start* cost 1.194 ms
DEBUG 04-24 11:11:13.701704.701704 cuda_h.py:27] end cpu_experts_submit_fused_mp cost 0.216 ms
DEBUG 04-24 11:11:13.703019.703019 cuda_h.py:27] end *single cpu experts* cost 1.479 ms
DEBUG 04-24 11:11:13.704502.704502 cuda_h.py:27] end prepare_group_stack cost 0.476 ms
DEBUG 04-24 11:11:13.705196.705196 sllm_store_c.py:27] get device uuid map
DEBUG 04-24 11:11:13.705232.705232 sllm_store_c.py:29] call client load into gpu
DEBUG 04-24 11:11:13.705954.705954 cuda_h.py:27] end group stack cost 0.750 ms
DEBUG 04-24 11:11:13.705264.705264 cuda_h.py:27] end move_flatidxs_group_fused_mp cost 1.517 ms
DEBUG 04-24 11:11:13.705379.705379 cuda_h.py:27] end get_fused_experts_names_w cost 0.041 ms
DEBUG 04-24 11:11:13.705929.705929 cuda_h.py:27] end prepare_group_stack cost 0.881 ms
DEBUG 04-24 11:11:13.705425.705425 cuda_h.py:27] end prepare_group_stack cost 0.841 ms
DEBUG 04-24 11:11:13.705889.705889 cuda_h.py:27] end prepare_group_stack cost 0.805 ms
DEBUG 04-24 11:11:13.706388.706388 cuda_h.py:27] end restore_fused_tensors cost 0.616 ms
DEBUG 04-24 11:11:13.706921.706921 cuda_h.py:27] end group_fused_tensors_mp cost 0.797 ms
DEBUG 04-24 11:11:13.706998.706998 cuda_h.py:27] end group stack cost 0.793 ms
DEBUG 04-24 11:11:13.706559.706559 cuda_h.py:27] end move_flatidxs_group_fused_mp cost 1.933 ms
DEBUG 04-24 11:11:13.707019.707019 cuda_h.py:27] end get_fused_experts_names_w cost 0.027 ms
DEBUG 04-24 11:11:13.707145.707145 cuda_h.py:27] end load_into_gpu_async_fused_experts_dual cost 2.454 ms
DEBUG 04-24 11:11:13.707447.707447 cuda_h.py:27] end restore_fused_tensors cost 0.590 ms
DEBUG 04-24 11:11:13.708568.708568 cuda_h.py:27] end restore_tensors2_fused_experts_packed cost 0.076 ms
DEBUG 04-24 11:11:13.708464.708464 cuda_h.py:27] end group_fused_tensors_mp cost 1.061 ms
DEBUG 04-24 11:11:13.708896.708896 cuda_h.py:27] end restore_tensors2_fused_experts_slices cost 0.260 ms
DEBUG 04-24 11:11:13.708601.708601 cuda_h.py:27] end group stack cost 2.558 ms
DEBUG 04-24 11:11:13.708543.708543 cuda_h.py:27] end restore2model cost 2.414 ms
DEBUG 04-24 11:11:13.709811.709811 cuda_h.py:27] end move_flatidxs_group_fused_mp cost 4.043 ms
DEBUG 04-24 11:11:13.708748.708748 cuda_h.py:27] end allocate_experts_cuda_memory_and_restore_model_multi_device_fused cost 5.607 ms
DEBUG 04-24 11:11:13.709235.709235 cuda_h.py:27] end group stack cost 2.883 ms
DEBUG 04-24 11:11:13.709116.709116 cuda_h.py:27] end sllm_worker_task cost 13.327 ms
DEBUG 04-24 11:11:13.709546.709546 cuda_h.py:27] end get_fused_experts_names_w cost 0.046 ms
DEBUG 04-24 11:11:13.709101.709101 cuda_h.py:27] end gpu_sexperts cost 0.006 ms
DEBUG 04-24 11:11:13.709069.709069 cuda_h.py:27] end move_flatidxs_group_fused_mp cost 4.680 ms
DEBUG 04-24 11:11:13.709122.709122 cuda_h.py:27] end wait_load_qkvogn_s_weight cost 0.023 ms
DEBUG 04-24 11:11:13.710854.710854 cuda_h.py:27] end get_fused_experts_names_w cost 0.055 ms
DEBUG 04-24 11:11:13.711660.711660 cuda_h.py:27] end restore_fused_tensors cost 1.683 ms
DEBUG 04-24 11:11:13.712989.712989 cuda_h.py:27] end group_fused_tensors_mp cost 2.577 ms
DEBUG 04-24 11:11:13.712155.712155 cuda_h.py:27] end restore_fused_tensors cost 1.924 ms
DEBUG 04-24 11:11:13.712283.712283 cuda_h.py:27] end group_fused_tensors_mp cost 2.595 ms
DEBUG 04-24 11:11:13.720780.720780 mlpmodule.py:3373] [fused_group_bmm][steps] bmm1=5.713 ms split=0.096 ms act_mul=0.475 ms bmm2=6.961 ms
DEBUG 04-24 11:11:13.720606.720606 cuda_h.py:27] end fused_group_bmm cost 13.682 ms
DEBUG 04-24 11:11:13.721965.721965 cuda_h.py:27] end gather_outputs_group_fused_mp cost 0.559 ms
DEBUG 04-24 11:11:13.721547.721547 cuda_h.py:27] end cpu_experts_worker_bmm_or_einsum_0 cost 18.794 ms
DEBUG 04-24 11:11:13.725939.725939 mlpmodule.py:3373] [fused_group_bmm][steps] bmm1=8.423 ms split=0.097 ms act_mul=0.351 ms bmm2=3.592 ms
DEBUG 04-24 11:11:13.725854.725854 cuda_h.py:27] end fused_group_bmm cost 12.716 ms
DEBUG 04-24 11:11:13.726233.726233 cuda_h.py:27] end gather_outputs_group_fused_mp cost 0.413 ms
DEBUG 04-24 11:11:13.726119.726119 cuda_h.py:27] end cpu_experts_worker_bmm_or_einsum_2 cost 22.655 ms
DEBUG 04-24 11:11:13.728444.728444 cuda_h.py:27] end prepare_per_device_parameters cost 17.941 ms
DEBUG 04-24 11:11:13.729053.729053 mlpmodule.py:3373] [fused_group_bmm][steps] bmm1=10.543 ms split=0.264 ms act_mul=0.420 ms bmm2=5.116 ms
DEBUG 04-24 11:11:13.729909.729909 cuda_h.py:27] end fused_group_bmm cost 16.631 ms
DEBUG 04-24 11:11:13.729635.729635 mlpmodule.py:3373] [fused_group_bmm][steps] bmm1=13.629 ms split=0.293 ms act_mul=1.419 ms bmm2=6.201 ms
DEBUG 04-24 11:11:13.730641.730641 cuda_h.py:27] end fused_group_bmm cost 21.755 ms
DEBUG 04-24 11:11:13.730985.730985 cuda_h.py:27] end gather_outputs_group_fused_mp cost 0.471 ms
DEBUG 04-24 11:11:13.730238.730238 cuda_h.py:27] end gather_outputs_group_fused_mp cost 0.366 ms
DEBUG 04-24 11:11:13.730458.730458 cuda_h.py:27] end cpu_experts_worker_bmm_or_einsum_3 cost 26.620 ms
DEBUG 04-24 11:11:13.731881.731881 cuda_h.py:27] end cpu_experts_worker_bmm_or_einsum_1 cost 27.019 ms
DEBUG 04-24 11:11:13.732802.732802 cuda_h.py:27] end cpu_experts_scatter_reduce cost 0.899 ms
DEBUG 04-24 11:11:13.732649.732649 cuda_h.py:27] end cpu_thread_manager_mp_wait_fused cost 4.321 ms
DEBUG 04-24 11:11:13.734746.734746 cuda_h.py:27] end wait_experts_multi_device cost 1.459 ms
DEBUG 04-24 11:11:13.734649.734649 cuda_h.py:27] end *before fused experts* cost 30.942 ms
DEBUG 04-24 11:11:13.741442.741442 cuda_h.py:27] end gpu_experts_multi_device_fused cost 7.022 ms
DEBUG 04-24 11:11:13.741116.741116 cuda_h.py:27] end *gpu experts* cost 38.167 ms
DEBUG 04-24 11:11:13.741835.741835 cuda_h.py:27] end layer_moe_generate_mp_multi_device_fused_l_6 cost 41.137 ms
DEBUG 04-24 11:11:13.742275.742275 cuda_h.py:27] end *mlp cost 42.400 ms
DEBUG 04-24 11:11:13.742590.742590 cuda_h.py:27] end prefill_layer cost 47.253 ms
DEBUG 04-24 11:11:13.742976.742976 lmp.py:341] -------------------------------- end prefill layer 5 --------------------------------
DEBUG 04-24 11:11:13.742831.742831 lmp.py:294] -------------------------------- start prefill layer 6 --------------------------------
DEBUG 04-24 11:11:13.743981.743981 cuda_h.py:27] end start_load_qkvogn_s_weight_l_7 cost 0.062 ms
DEBUG 04-24 11:11:13.743244.743244 cuda_h.py:27] end allocate_cuda_memory cost 0.329 ms
DEBUG 04-24 11:11:13.743835.743835 sllm_store_c.py:27] get device uuid map
DEBUG 04-24 11:11:13.744878.744878 sllm_store_c.py:29] call client load into gpu
DEBUG 04-24 11:11:13.745591.745591 cuda_h.py:27] end load_into_gpu_async cost 1.992 ms
DEBUG 04-24 11:11:13.746347.746347 cuda_h.py:27] end restore_tensors2 cost 0.118 ms
DEBUG 04-24 11:11:13.746756.746756 cuda_h.py:27] end allocate_cuda_memory_and_load_into_gpu cost 3.267 ms
DEBUG 04-24 11:11:13.746626.746626 cuda_h.py:27] end **self_attn cost 2.446 ms
DEBUG 04-24 11:11:13.747221.747221 cuda_h.py:27] end *iln_self_attn_paln cost 4.286 ms
DEBUG 04-24 11:11:13.748208.748208 cuda_h.py:27] end gate cost 0.888 ms
DEBUG 04-24 11:11:13.748224.748224 cuda_h.py:27] end experts_map_get cost 0.367 ms
DEBUG 04-24 11:11:13.748160.748160 cuda_h.py:27] end *before experts start* cost 1.427 ms
DEBUG 04-24 11:11:13.749149.749149 cuda_h.py:27] end cpu_experts_submit_fused_mp cost 0.244 ms
DEBUG 04-24 11:11:13.750199.750199 cuda_h.py:27] end *single cpu experts* cost 1.910 ms
DEBUG 04-24 11:11:13.752945.752945 cuda_h.py:27] end prepare_group_stack cost 0.508 ms
DEBUG 04-24 11:11:13.752132.752132 cuda_h.py:27] end prepare_group_stack cost 0.543 ms
DEBUG 04-24 11:11:13.752576.752576 sllm_store_c.py:27] get device uuid map
DEBUG 04-24 11:11:13.753275.753275 sllm_store_c.py:29] call client load into gpu
DEBUG 04-24 11:11:13.753167.753167 cuda_h.py:27] end prepare_group_stack cost 0.542 ms
DEBUG 04-24 11:11:13.753579.753579 cuda_h.py:27] end prepare_group_stack cost 0.665 ms
DEBUG 04-24 11:11:13.754085.754085 cuda_h.py:27] end group stack cost 1.074 ms
DEBUG 04-24 11:11:13.754545.754545 cuda_h.py:27] end move_flatidxs_group_fused_mp cost 1.819 ms
DEBUG 04-24 11:11:13.754587.754587 cuda_h.py:27] end get_fused_experts_names_w cost 0.023 ms
DEBUG 04-24 11:11:13.754129.754129 cuda_h.py:27] end group stack cost 1.302 ms
DEBUG 04-24 11:11:13.754686.754686 cuda_h.py:27] end group stack cost 1.479 ms
DEBUG 04-24 11:11:13.754994.754994 cuda_h.py:27] end move_flatidxs_group_fused_mp cost 2.213 ms
DEBUG 04-24 11:11:13.754127.754127 cuda_h.py:27] end move_flatidxs_group_fused_mp cost 2.112 ms
DEBUG 04-24 11:11:13.754427.754427 cuda_h.py:27] end get_fused_experts_names_w cost 0.027 ms
DEBUG 04-24 11:11:13.754633.754633 cuda_h.py:27] end get_fused_experts_names_w cost 0.025 ms
DEBUG 04-24 11:11:13.754419.754419 cuda_h.py:27] end restore_fused_tensors cost 0.474 ms
DEBUG 04-24 11:11:13.754284.754284 cuda_h.py:27] end group stack cost 1.151 ms
DEBUG 04-24 11:11:13.754209.754209 cuda_h.py:27] end group_fused_tensors_mp cost 0.590 ms
DEBUG 04-24 11:11:13.754231.754231 cuda_h.py:27] end move_flatidxs_group_fused_mp cost 2.376 ms
DEBUG 04-24 11:11:13.755029.755029 cuda_h.py:27] end get_fused_experts_names_w cost 0.039 ms
DEBUG 04-24 11:11:13.755157.755157 cuda_h.py:27] end restore_fused_tensors cost 0.646 ms
DEBUG 04-24 11:11:13.755662.755662 cuda_h.py:27] end group_fused_tensors_mp cost 0.906 ms
DEBUG 04-24 11:11:13.755489.755489 cuda_h.py:27] end restore_fused_tensors cost 0.869 ms
DEBUG 04-24 11:11:13.755289.755289 cuda_h.py:27] end restore2model cost 1.382 ms
DEBUG 04-24 11:11:13.755853.755853 cuda_h.py:27] end group_fused_tensors_mp cost 1.242 ms
DEBUG 04-24 11:11:13.755689.755689 cuda_h.py:27] end load_into_gpu_async_fused_experts_dual cost 2.939 ms
DEBUG 04-24 11:11:13.756369.756369 cuda_h.py:27] end sllm_worker_task cost 12.853 ms
DEBUG 04-24 11:11:13.756326.756326 cuda_h.py:27] end restore_fused_tensors cost 1.284 ms
DEBUG 04-24 11:11:13.756807.756807 cuda_h.py:27] end group_fused_tensors_mp cost 1.744 ms
DEBUG 04-24 11:11:13.756010.756010 cuda_h.py:27] end restore_tensors2_fused_experts_packed cost 0.138 ms
DEBUG 04-24 11:11:13.757608.757608 cuda_h.py:27] end restore_tensors2_fused_experts_slices cost 0.463 ms
DEBUG 04-24 11:11:13.757047.757047 cuda_h.py:27] end allocate_experts_cuda_memory_and_restore_model_multi_device_fused cost 6.967 ms
DEBUG 04-24 11:11:13.758950.758950 cuda_h.py:27] end gpu_sexperts cost 0.019 ms
DEBUG 04-24 11:11:13.758941.758941 cuda_h.py:27] end wait_load_qkvogn_s_weight cost 0.087 ms
DEBUG 04-24 11:11:13.767295.767295 mlpmodule.py:3373] [fused_group_bmm][steps] bmm1=8.229 ms split=0.172 ms act_mul=0.414 ms bmm2=3.371 ms
DEBUG 04-24 11:11:13.768924.768924 cuda_h.py:27] end fused_group_bmm cost 12.599 ms
DEBUG 04-24 11:11:13.769626.769626 cuda_h.py:27] end gather_outputs_group_fused_mp cost 0.889 ms
DEBUG 04-24 11:11:13.770592.770592 cuda_h.py:27] end cpu_experts_worker_bmm_or_einsum_2 cost 19.179 ms
DEBUG 04-24 11:11:13.770846.770846 mlpmodule.py:3373] [fused_group_bmm][steps] bmm1=8.573 ms split=0.193 ms act_mul=0.602 ms bmm2=3.786 ms
DEBUG 04-24 11:11:13.770330.770330 cuda_h.py:27] end fused_group_bmm cost 13.392 ms
DEBUG 04-24 11:11:13.770427.770427 mlpmodule.py:3373] [fused_group_bmm][steps] bmm1=9.518 ms split=0.252 ms act_mul=0.491 ms bmm2=5.162 ms
DEBUG 04-24 11:11:13.771912.771912 cuda_h.py:27] end fused_group_bmm cost 16.117 ms
DEBUG 04-24 11:11:13.771790.771790 cuda_h.py:27] end gather_outputs_group_fused_mp cost 0.439 ms
DEBUG 04-24 11:11:13.772135.772135 cuda_h.py:27] end cpu_experts_worker_bmm_or_einsum_0 cost 20.788 ms
DEBUG 04-24 11:11:13.772341.772341 cuda_h.py:27] end gather_outputs_group_fused_mp cost 1.031 ms
DEBUG 04-24 11:11:13.772977.772977 mlpmodule.py:3373] [fused_group_bmm][steps] bmm1=10.713 ms split=0.351 ms act_mul=2.165 ms bmm2=3.484 ms
DEBUG 04-24 11:11:13.773765.773765 cuda_h.py:27] end fused_group_bmm cost 16.938 ms
DEBUG 04-24 11:11:13.773607.773607 cuda_h.py:27] end cpu_experts_worker_bmm_or_einsum_3 cost 21.993 ms
DEBUG 04-24 11:11:13.773178.773178 cuda_h.py:27] end gather_outputs_group_fused_mp cost 0.398 ms
DEBUG 04-24 11:11:13.774018.774018 cuda_h.py:27] end cpu_experts_worker_bmm_or_einsum_1 cost 22.967 ms
DEBUG 04-24 11:11:13.780584.780584 cuda_h.py:27] end prepare_per_device_parameters cost 21.967 ms
DEBUG 04-24 11:11:13.782364.782364 cuda_h.py:27] end cpu_experts_scatter_reduce cost 0.929 ms
DEBUG 04-24 11:11:13.782288.782288 cuda_h.py:27] end cpu_thread_manager_mp_wait_fused cost 2.257 ms
DEBUG 04-24 11:11:13.784238.784238 cuda_h.py:27] end wait_experts_multi_device cost 1.641 ms
DEBUG 04-24 11:11:13.784134.784134 cuda_h.py:27] end *before fused experts* cost 33.732 ms
DEBUG 04-24 11:11:13.790815.790815 cuda_h.py:27] end gpu_experts_multi_device_fused cost 6.046 ms
DEBUG 04-24 11:11:13.790625.790625 cuda_h.py:27] end *gpu experts* cost 39.889 ms
DEBUG 04-24 11:11:13.790581.790581 cuda_h.py:27] end layer_moe_generate_mp_multi_device_fused_l_7 cost 43.487 ms
DEBUG 04-24 11:11:13.792420.792420 cuda_h.py:27] end *mlp cost 44.806 ms
DEBUG 04-24 11:11:13.792311.792311 cuda_h.py:27] end prefill_layer cost 49.335 ms
DEBUG 04-24 11:11:13.792590.792590 lmp.py:341] -------------------------------- end prefill layer 6 --------------------------------
DEBUG 04-24 11:11:13.792578.792578 lmp.py:294] -------------------------------- start prefill layer 7 --------------------------------
DEBUG 04-24 11:11:13.792376.792376 cuda_h.py:27] end start_load_qkvogn_s_weight_l_8 cost 0.057 ms
DEBUG 04-24 11:11:13.792439.792439 cuda_h.py:27] end allocate_cuda_memory cost 0.311 ms
DEBUG 04-24 11:11:13.793601.793601 sllm_store_c.py:27] get device uuid map
DEBUG 04-24 11:11:13.793009.793009 sllm_store_c.py:29] call client load into gpu
DEBUG 04-24 11:11:13.795601.795601 cuda_h.py:27] end load_into_gpu_async cost 1.787 ms
DEBUG 04-24 11:11:13.795019.795019 cuda_h.py:27] end restore_tensors2 cost 0.120 ms
DEBUG 04-24 11:11:13.795907.795907 cuda_h.py:27] end allocate_cuda_memory_and_load_into_gpu cost 2.909 ms
DEBUG 04-24 11:11:13.796100.796100 cuda_h.py:27] end **self_attn cost 2.234 ms
DEBUG 04-24 11:11:13.796136.796136 cuda_h.py:27] end *iln_self_attn_paln cost 3.998 ms
DEBUG 04-24 11:11:13.797810.797810 cuda_h.py:27] end gate cost 0.664 ms
DEBUG 04-24 11:11:13.797216.797216 cuda_h.py:27] end experts_map_get cost 0.344 ms
DEBUG 04-24 11:11:13.797052.797052 cuda_h.py:27] end *before experts start* cost 1.170 ms
DEBUG 04-24 11:11:13.797153.797153 cuda_h.py:27] end cpu_experts_submit_fused_mp cost 0.221 ms
DEBUG 04-24 11:11:13.799924.799924 cuda_h.py:27] end *single cpu experts* cost 1.487 ms
DEBUG 04-24 11:11:13.801430.801430 cuda_h.py:27] end prepare_group_stack cost 0.842 ms
DEBUG 04-24 11:11:13.801026.801026 sllm_store_c.py:27] get device uuid map
DEBUG 04-24 11:11:13.801106.801106 cuda_h.py:27] end prepare_group_stack cost 0.809 ms
DEBUG 04-24 11:11:13.801551.801551 cuda_h.py:27] end prepare_group_stack cost 0.805 ms
DEBUG 04-24 11:11:13.801725.801725 sllm_store_c.py:29] call client load into gpu
DEBUG 04-24 11:11:13.801917.801917 cuda_h.py:27] end prepare_group_stack cost 0.967 ms
DEBUG 04-24 11:11:13.802382.802382 cuda_h.py:27] end group stack cost 0.626 ms
DEBUG 04-24 11:11:13.802816.802816 cuda_h.py:27] end move_flatidxs_group_fused_mp cost 1.671 ms
DEBUG 04-24 11:11:13.802014.802014 cuda_h.py:27] end get_fused_experts_names_w cost 0.023 ms
DEBUG 04-24 11:11:13.803736.803736 cuda_h.py:27] end group stack cost 1.332 ms
DEBUG 04-24 11:11:13.803650.803650 cuda_h.py:27] end group stack cost 1.258 ms
DEBUG 04-24 11:11:13.803434.803434 cuda_h.py:27] end move_flatidxs_group_fused_mp cost 2.372 ms
DEBUG 04-24 11:11:13.803734.803734 cuda_h.py:27] end move_flatidxs_group_fused_mp cost 2.330 ms
DEBUG 04-24 11:11:13.803175.803175 cuda_h.py:27] end restore_fused_tensors cost 0.528 ms
DEBUG 04-24 11:11:13.803279.803279 cuda_h.py:27] end get_fused_experts_names_w cost 0.022 ms
DEBUG 04-24 11:11:13.803623.803623 cuda_h.py:27] end group_fused_tensors_mp cost 0.827 ms
DEBUG 04-24 11:11:13.803320.803320 cuda_h.py:27] end get_fused_experts_names_w cost 0.027 ms
DEBUG 04-24 11:11:13.804859.804859 cuda_h.py:27] end group stack cost 2.171 ms
DEBUG 04-24 11:11:13.804797.804797 cuda_h.py:27] end restore_fused_tensors cost 0.902 ms
DEBUG 04-24 11:11:13.804122.804122 cuda_h.py:27] end restore_fused_tensors cost 0.886 ms
DEBUG 04-24 11:11:13.804178.804178 cuda_h.py:27] end group_fused_tensors_mp cost 1.177 ms
DEBUG 04-24 11:11:13.804873.804873 cuda_h.py:27] end move_flatidxs_group_fused_mp cost 3.632 ms
DEBUG 04-24 11:11:13.804107.804107 cuda_h.py:27] end group_fused_tensors_mp cost 1.204 ms
DEBUG 04-24 11:11:13.804099.804099 cuda_h.py:27] end get_fused_experts_names_w cost 0.042 ms
DEBUG 04-24 11:11:13.805109.805109 cuda_h.py:27] end restore2model cost 1.757 ms
DEBUG 04-24 11:11:13.806024.806024 cuda_h.py:27] end restore_fused_tensors cost 1.286 ms
DEBUG 04-24 11:11:13.806060.806060 cuda_h.py:27] end load_into_gpu_async_fused_experts_dual cost 4.513 ms
DEBUG 04-24 11:11:13.806831.806831 cuda_h.py:27] end group_fused_tensors_mp cost 1.916 ms
DEBUG 04-24 11:11:13.806618.806618 cuda_h.py:27] end sllm_worker_task cost 13.796 ms
DEBUG 04-24 11:11:13.807256.807256 cuda_h.py:27] end restore_tensors2_fused_experts_packed cost 0.319 ms
DEBUG 04-24 11:11:13.808972.808972 cuda_h.py:27] end restore_tensors2_fused_experts_slices cost 0.526 ms
DEBUG 04-24 11:11:13.808744.808744 cuda_h.py:27] end allocate_experts_cuda_memory_and_restore_model_multi_device_fused cost 9.592 ms
DEBUG 04-24 11:11:13.809162.809162 cuda_h.py:27] end gpu_sexperts cost 0.030 ms
DEBUG 04-24 11:11:13.809474.809474 cuda_h.py:27] end wait_load_qkvogn_s_weight cost 0.105 ms
DEBUG 04-24 11:11:13.815113.815113 mlpmodule.py:3373] [fused_group_bmm][steps] bmm1=6.676 ms split=0.141 ms act_mul=0.466 ms bmm2=4.073 ms
DEBUG 04-24 11:11:13.815219.815219 cuda_h.py:27] end fused_group_bmm cost 11.823 ms
DEBUG 04-24 11:11:13.816042.816042 cuda_h.py:27] end gather_outputs_group_fused_mp cost 0.582 ms
DEBUG 04-24 11:11:13.816458.816458 mlpmodule.py:3373] [fused_group_bmm][steps] bmm1=6.946 ms split=0.147 ms act_mul=0.479 ms bmm2=3.658 ms
DEBUG 04-24 11:11:13.816677.816677 cuda_h.py:27] end fused_group_bmm cost 11.461 ms
DEBUG 04-24 11:11:13.816133.816133 cuda_h.py:27] end cpu_experts_worker_bmm_or_einsum_0 cost 17.068 ms
DEBUG 04-24 11:11:13.817000.817000 cuda_h.py:27] end gather_outputs_group_fused_mp cost 0.369 ms
DEBUG 04-24 11:11:13.817269.817269 cuda_h.py:27] end cpu_experts_worker_bmm_or_einsum_2 cost 17.995 ms
DEBUG 04-24 11:11:13.823066.823066 mlpmodule.py:3373] [fused_group_bmm][steps] bmm1=12.982 ms split=0.125 ms act_mul=0.761 ms bmm2=4.787 ms
DEBUG 04-24 11:11:13.824010.824010 cuda_h.py:27] end fused_group_bmm cost 19.031 ms
DEBUG 04-24 11:11:13.824699.824699 mlpmodule.py:3373] [fused_group_bmm][steps] bmm1=11.217 ms split=0.139 ms act_mul=0.331 ms bmm2=5.188 ms
DEBUG 04-24 11:11:13.824387.824387 cuda_h.py:27] end gather_outputs_group_fused_mp cost 0.516 ms
DEBUG 04-24 11:11:13.824138.824138 cuda_h.py:27] end fused_group_bmm cost 17.169 ms
DEBUG 04-24 11:11:13.825964.825964 cuda_h.py:27] end cpu_experts_worker_bmm_or_einsum_1 cost 25.594 ms
DEBUG 04-24 11:11:13.825654.825654 cuda_h.py:27] end gather_outputs_group_fused_mp cost 0.435 ms
DEBUG 04-24 11:11:13.825431.825431 cuda_h.py:27] end cpu_experts_worker_bmm_or_einsum_3 cost 26.241 ms
DEBUG 04-24 11:11:13.827756.827756 cuda_h.py:27] end prepare_per_device_parameters cost 17.788 ms
DEBUG 04-24 11:11:13.829881.829881 cuda_h.py:27] end cpu_experts_scatter_reduce cost 0.910 ms
DEBUG 04-24 11:11:13.829797.829797 cuda_h.py:27] end cpu_thread_manager_mp_wait_fused cost 2.480 ms
DEBUG 04-24 11:11:13.831816.831816 cuda_h.py:27] end wait_experts_multi_device cost 1.682 ms
DEBUG 04-24 11:11:13.831073.831073 cuda_h.py:27] end *before fused experts* cost 32.447 ms
DEBUG 04-24 11:11:13.837149.837149 cuda_h.py:27] end gpu_experts_multi_device_fused cost 5.547 ms
DEBUG 04-24 11:11:13.837588.837588 cuda_h.py:27] end *gpu experts* cost 38.174 ms
DEBUG 04-24 11:11:13.837572.837572 cuda_h.py:27] end layer_moe_generate_mp_multi_device_fused_l_8 cost 41.019 ms
DEBUG 04-24 11:11:13.838937.838937 cuda_h.py:27] end *mlp cost 42.234 ms
DEBUG 04-24 11:11:13.838536.838536 cuda_h.py:27] end prefill_layer cost 46.421 ms
DEBUG 04-24 11:11:13.838246.838246 lmp.py:341] -------------------------------- end prefill layer 7 --------------------------------
DEBUG 04-24 11:11:13.839527.839527 lmp.py:294] -------------------------------- start prefill layer 8 --------------------------------
DEBUG 04-24 11:11:13.839338.839338 cuda_h.py:27] end start_load_qkvogn_s_weight_l_9 cost 0.054 ms
DEBUG 04-24 11:11:13.839089.839089 cuda_h.py:27] end allocate_cuda_memory cost 0.326 ms
DEBUG 04-24 11:11:13.839362.839362 sllm_store_c.py:27] get device uuid map
DEBUG 04-24 11:11:13.840964.840964 sllm_store_c.py:29] call client load into gpu
DEBUG 04-24 11:11:13.842426.842426 cuda_h.py:27] end load_into_gpu_async cost 2.116 ms
DEBUG 04-24 11:11:13.842386.842386 cuda_h.py:27] end restore_tensors2 cost 0.104 ms
DEBUG 04-24 11:11:13.842865.842865 cuda_h.py:27] end **self_attn cost 1.859 ms
DEBUG 04-24 11:11:13.842312.842312 cuda_h.py:27] end allocate_cuda_memory_and_load_into_gpu cost 3.082 ms
DEBUG 04-24 11:11:13.842415.842415 cuda_h.py:27] end *iln_self_attn_paln cost 3.741 ms
DEBUG 04-24 11:11:13.843301.843301 cuda_h.py:27] end gate cost 0.659 ms
DEBUG 04-24 11:11:13.844369.844369 cuda_h.py:27] end experts_map_get cost 0.337 ms
DEBUG 04-24 11:11:13.844496.844496 cuda_h.py:27] end *before experts start* cost 1.169 ms
DEBUG 04-24 11:11:13.844227.844227 cuda_h.py:27] end cpu_experts_submit_fused_mp cost 0.229 ms
DEBUG 04-24 11:11:13.845317.845317 cuda_h.py:27] end *single cpu experts* cost 1.716 ms
DEBUG 04-24 11:11:13.847908.847908 cuda_h.py:27] end prepare_group_stack cost 0.529 ms
DEBUG 04-24 11:11:13.847715.847715 cuda_h.py:27] end prepare_group_stack cost 0.545 ms
DEBUG 04-24 11:11:13.848246.848246 cuda_h.py:27] end prepare_group_stack cost 0.610 ms
DEBUG 04-24 11:11:13.848731.848731 cuda_h.py:27] end prepare_group_stack cost 0.687 ms
DEBUG 04-24 11:11:13.848488.848488 sllm_store_c.py:27] get device uuid map
DEBUG 04-24 11:11:13.848715.848715 cuda_h.py:27] end group stack cost 1.290 ms
DEBUG 04-24 11:11:13.848439.848439 sllm_store_c.py:29] call client load into gpu
DEBUG 04-24 11:11:13.848274.848274 cuda_h.py:27] end move_flatidxs_group_fused_mp cost 2.182 ms
DEBUG 04-24 11:11:13.849117.849117 cuda_h.py:27] end group stack cost 1.611 ms
DEBUG 04-24 11:11:13.849280.849280 cuda_h.py:27] end get_fused_experts_names_w cost 0.023 ms
DEBUG 04-24 11:11:13.849698.849698 cuda_h.py:27] end move_flatidxs_group_fused_mp cost 2.410 ms
DEBUG 04-24 11:11:13.849201.849201 cuda_h.py:27] end get_fused_experts_names_w cost 0.025 ms
DEBUG 04-24 11:11:13.849252.849252 cuda_h.py:27] end group stack cost 0.870 ms
DEBUG 04-24 11:11:13.849612.849612 cuda_h.py:27] end group stack cost 0.877 ms
DEBUG 04-24 11:11:13.849633.849633 cuda_h.py:27] end move_flatidxs_group_fused_mp cost 1.729 ms
DEBUG 04-24 11:11:13.849809.849809 cuda_h.py:27] end get_fused_experts_names_w cost 0.029 ms
DEBUG 04-24 11:11:13.849570.849570 cuda_h.py:27] end move_flatidxs_group_fused_mp cost 1.852 ms
DEBUG 04-24 11:11:13.849064.849064 cuda_h.py:27] end restore_fused_tensors cost 0.500 ms
DEBUG 04-24 11:11:13.849835.849835 cuda_h.py:27] end group_fused_tensors_mp cost 0.787 ms
DEBUG 04-24 11:11:13.849246.849246 cuda_h.py:27] end get_fused_experts_names_w cost 0.027 ms
DEBUG 04-24 11:11:13.850136.850136 cuda_h.py:27] end restore_fused_tensors cost 0.657 ms
DEBUG 04-24 11:11:13.850609.850609 cuda_h.py:27] end group_fused_tensors_mp cost 0.927 ms
DEBUG 04-24 11:11:13.850991.850991 cuda_h.py:27] end restore_fused_tensors cost 0.833 ms
DEBUG 04-24 11:11:13.850870.850870 cuda_h.py:27] end group_fused_tensors_mp cost 1.062 ms
DEBUG 04-24 11:11:13.850398.850398 cuda_h.py:27] end restore_fused_tensors cost 0.796 ms
DEBUG 04-24 11:11:13.850159.850159 cuda_h.py:27] end restore2model cost 0.948 ms
DEBUG 04-24 11:11:13.851743.851743 cuda_h.py:27] end group_fused_tensors_mp cost 1.205 ms
DEBUG 04-24 11:11:13.851664.851664 cuda_h.py:27] end sllm_worker_task cost 11.812 ms
DEBUG 04-24 11:11:13.851553.851553 cuda_h.py:27] end load_into_gpu_async_fused_experts_dual cost 2.860 ms
DEBUG 04-24 11:11:13.851774.851774 cuda_h.py:27] end restore_tensors2_fused_experts_packed cost 0.127 ms
DEBUG 04-24 11:11:13.852746.852746 cuda_h.py:27] end restore_tensors2_fused_experts_slices cost 0.397 ms
DEBUG 04-24 11:11:13.852469.852469 cuda_h.py:27] end allocate_experts_cuda_memory_and_restore_model_multi_device_fused cost 6.563 ms
DEBUG 04-24 11:11:13.852272.852272 cuda_h.py:27] end gpu_sexperts cost 0.026 ms
DEBUG 04-24 11:11:13.853979.853979 cuda_h.py:27] end wait_load_qkvogn_s_weight cost 0.116 ms
DEBUG 04-24 11:11:13.864425.864425 mlpmodule.py:3373] [fused_group_bmm][steps] bmm1=8.985 ms split=0.232 ms act_mul=0.625 ms bmm2=4.577 ms
DEBUG 04-24 11:11:13.865866.865866 cuda_h.py:27] end fused_group_bmm cost 14.807 ms
DEBUG 04-24 11:11:13.865926.865926 mlpmodule.py:3373] [fused_group_bmm][steps] bmm1=8.799 ms split=0.067 ms act_mul=0.369 ms bmm2=4.984 ms
DEBUG 04-24 11:11:13.865918.865918 cuda_h.py:27] end fused_group_bmm cost 14.430 ms
DEBUG 04-24 11:11:13.865331.865331 cuda_h.py:27] end gather_outputs_group_fused_mp cost 0.581 ms
DEBUG 04-24 11:11:13.866537.866537 mlpmodule.py:3373] [fused_group_bmm][steps] bmm1=10.436 ms split=0.394 ms act_mul=0.640 ms bmm2=4.465 ms
DEBUG 04-24 11:11:13.866571.866571 cuda_h.py:27] end fused_group_bmm cost 16.203 ms
DEBUG 04-24 11:11:13.866513.866513 cuda_h.py:27] end gather_outputs_group_fused_mp cost 0.349 ms
DEBUG 04-24 11:11:13.866146.866146 cuda_h.py:27] end cpu_experts_worker_bmm_or_einsum_2 cost 20.783 ms
DEBUG 04-24 11:11:13.866983.866983 cuda_h.py:27] end cpu_experts_worker_bmm_or_einsum_0 cost 20.266 ms
DEBUG 04-24 11:11:13.867779.867779 cuda_h.py:27] end gather_outputs_group_fused_mp cost 0.596 ms
DEBUG 04-24 11:11:13.868242.868242 cuda_h.py:27] end cpu_experts_worker_bmm_or_einsum_3 cost 22.668 ms
DEBUG 04-24 11:11:13.869254.869254 mlpmodule.py:3373] [fused_group_bmm][steps] bmm1=13.277 ms split=0.331 ms act_mul=1.465 ms bmm2=3.649 ms
DEBUG 04-24 11:11:13.869028.869028 cuda_h.py:27] end fused_group_bmm cost 18.940 ms
DEBUG 04-24 11:11:13.870110.870110 cuda_h.py:27] end gather_outputs_group_fused_mp cost 0.404 ms
DEBUG 04-24 11:11:13.870116.870116 cuda_h.py:27] end cpu_experts_worker_bmm_or_einsum_1 cost 23.814 ms
DEBUG 04-24 11:11:13.872820.872820 cuda_h.py:27] end prepare_per_device_parameters cost 19.325 ms
DEBUG 04-24 11:11:13.875450.875450 cuda_h.py:27] end cpu_experts_scatter_reduce cost 0.937 ms
DEBUG 04-24 11:11:13.875704.875704 cuda_h.py:27] end cpu_thread_manager_mp_wait_fused cost 3.081 ms
DEBUG 04-24 11:11:13.877733.877733 cuda_h.py:27] end wait_experts_multi_device cost 1.420 ms
DEBUG 04-24 11:11:13.877199.877199 cuda_h.py:27] end *before fused experts* cost 31.338 ms
DEBUG 04-24 11:11:13.883741.883741 cuda_h.py:27] end gpu_experts_multi_device_fused cost 5.656 ms
DEBUG 04-24 11:11:13.883935.883935 cuda_h.py:27] end *gpu experts* cost 37.113 ms
DEBUG 04-24 11:11:13.883176.883176 cuda_h.py:27] end layer_moe_generate_mp_multi_device_fused_l_9 cost 40.259 ms
DEBUG 04-24 11:11:13.884651.884651 cuda_h.py:27] end *mlp cost 41.589 ms
DEBUG 04-24 11:11:13.884111.884111 cuda_h.py:27] end prefill_layer cost 45.549 ms
DEBUG 04-24 11:11:13.884675.884675 lmp.py:341] -------------------------------- end prefill layer 8 --------------------------------
DEBUG 04-24 11:11:13.884471.884471 lmp.py:294] -------------------------------- start prefill layer 9 --------------------------------
DEBUG 04-24 11:11:13.884368.884368 cuda_h.py:27] end start_load_qkvogn_s_weight_l_10 cost 0.060 ms
DEBUG 04-24 11:11:13.885988.885988 cuda_h.py:27] end allocate_cuda_memory cost 0.317 ms
DEBUG 04-24 11:11:13.885392.885392 sllm_store_c.py:27] get device uuid map
DEBUG 04-24 11:11:13.885812.885812 sllm_store_c.py:29] call client load into gpu
DEBUG 04-24 11:11:13.887433.887433 cuda_h.py:27] end **self_attn cost 1.587 ms
DEBUG 04-24 11:11:13.887757.887757 cuda_h.py:27] end load_into_gpu_async cost 2.367 ms
DEBUG 04-24 11:11:13.888747.888747 cuda_h.py:27] end *iln_self_attn_paln cost 3.469 ms
DEBUG 04-24 11:11:13.888402.888402 cuda_h.py:27] end restore_tensors2 cost 0.111 ms
DEBUG 04-24 11:11:13.888037.888037 cuda_h.py:27] end allocate_cuda_memory_and_load_into_gpu cost 3.624 ms
DEBUG 04-24 11:11:13.889429.889429 cuda_h.py:27] end gate cost 0.879 ms
DEBUG 04-24 11:11:13.889146.889146 cuda_h.py:27] end experts_map_get cost 0.339 ms
DEBUG 04-24 11:11:13.889896.889896 cuda_h.py:27] end *before experts start* cost 1.422 ms
DEBUG 04-24 11:11:13.890567.890567 cuda_h.py:27] end cpu_experts_submit_fused_mp cost 0.220 ms
DEBUG 04-24 11:11:13.891617.891617 cuda_h.py:27] end *single cpu experts* cost 1.887 ms
DEBUG 04-24 11:11:13.894155.894155 sllm_store_c.py:27] get device uuid map
DEBUG 04-24 11:11:13.894956.894956 cuda_h.py:27] end prepare_group_stack cost 0.482 ms
DEBUG 04-24 11:11:13.894193.894193 sllm_store_c.py:29] call client load into gpu
DEBUG 04-24 11:11:13.894293.894293 cuda_h.py:27] end prepare_group_stack cost 0.700 ms
DEBUG 04-24 11:11:13.894321.894321 cuda_h.py:27] end prepare_group_stack cost 0.760 ms
DEBUG 04-24 11:11:13.894641.894641 cuda_h.py:27] end prepare_group_stack cost 0.734 ms
DEBUG 04-24 11:11:13.895481.895481 cuda_h.py:27] end group stack cost 1.449 ms
DEBUG 04-24 11:11:13.895020.895020 cuda_h.py:27] end group stack cost 0.854 ms
DEBUG 04-24 11:11:13.896577.896577 cuda_h.py:27] end move_flatidxs_group_fused_mp cost 2.220 ms
DEBUG 04-24 11:11:13.896056.896056 cuda_h.py:27] end get_fused_experts_names_w cost 0.023 ms
DEBUG 04-24 11:11:13.896957.896957 cuda_h.py:27] end move_flatidxs_group_fused_mp cost 2.179 ms
DEBUG 04-24 11:11:13.896059.896059 cuda_h.py:27] end get_fused_experts_names_w cost 0.020 ms
DEBUG 04-24 11:11:13.896331.896331 cuda_h.py:27] end restore_fused_tensors cost 0.451 ms
DEBUG 04-24 11:11:13.896715.896715 cuda_h.py:27] end group stack cost 1.390 ms
DEBUG 04-24 11:11:13.896321.896321 cuda_h.py:27] end restore2model cost 0.922 ms
DEBUG 04-24 11:11:13.896593.896593 cuda_h.py:27] end group_fused_tensors_mp cost 0.844 ms
DEBUG 04-24 11:11:13.896416.896416 cuda_h.py:27] end sllm_worker_task cost 11.984 ms
DEBUG 04-24 11:11:13.896165.896165 cuda_h.py:27] end restore_fused_tensors cost 0.507 ms
DEBUG 04-24 11:11:13.897154.897154 cuda_h.py:27] end group_fused_tensors_mp cost 0.902 ms
DEBUG 04-24 11:11:13.896577.896577 cuda_h.py:27] end move_flatidxs_group_fused_mp cost 3.093 ms
DEBUG 04-24 11:11:13.897304.897304 cuda_h.py:27] end get_fused_experts_names_w cost 0.043 ms
DEBUG 04-24 11:11:13.897941.897941 cuda_h.py:27] end group stack cost 2.155 ms
DEBUG 04-24 11:11:13.897582.897582 cuda_h.py:27] end load_into_gpu_async_fused_experts_dual cost 3.257 ms
DEBUG 04-24 11:11:13.897170.897170 cuda_h.py:27] end restore_tensors2_fused_experts_packed cost 0.062 ms
DEBUG 04-24 11:11:13.897918.897918 cuda_h.py:27] end move_flatidxs_group_fused_mp cost 3.706 ms
DEBUG 04-24 11:11:13.898801.898801 cuda_h.py:27] end get_fused_experts_names_w cost 0.040 ms
DEBUG 04-24 11:11:13.898037.898037 cuda_h.py:27] end restore_tensors2_fused_experts_slices cost 0.248 ms
DEBUG 04-24 11:11:13.898706.898706 cuda_h.py:27] end allocate_experts_cuda_memory_and_restore_model_multi_device_fused cost 6.523 ms
DEBUG 04-24 11:11:13.898946.898946 cuda_h.py:27] end gpu_sexperts cost 0.005 ms
DEBUG 04-24 11:11:13.898299.898299 cuda_h.py:27] end wait_load_qkvogn_s_weight cost 0.021 ms
DEBUG 04-24 11:11:13.898019.898019 cuda_h.py:27] end restore_fused_tensors cost 1.106 ms
DEBUG 04-24 11:11:13.898242.898242 cuda_h.py:27] end group_fused_tensors_mp cost 1.547 ms
DEBUG 04-24 11:11:13.899391.899391 cuda_h.py:27] end restore_fused_tensors cost 1.407 ms
DEBUG 04-24 11:11:13.900011.900011 cuda_h.py:27] end group_fused_tensors_mp cost 2.157 ms
DEBUG 04-24 11:11:13.916365.916365 mlpmodule.py:3373] [fused_group_bmm][steps] bmm1=11.051 ms split=0.091 ms act_mul=0.448 ms bmm2=5.198 ms
DEBUG 04-24 11:11:13.916853.916853 mlpmodule.py:3373] [fused_group_bmm][steps] bmm1=9.655 ms split=0.130 ms act_mul=0.520 ms bmm2=5.116 ms
DEBUG 04-24 11:11:13.916974.916974 cuda_h.py:27] end fused_group_bmm cost 17.024 ms
DEBUG 04-24 11:11:13.916518.916518 cuda_h.py:27] end fused_group_bmm cost 15.754 ms
DEBUG 04-24 11:11:13.916343.916343 cuda_h.py:27] end gather_outputs_group_fused_mp cost 0.463 ms
DEBUG 04-24 11:11:13.916429.916429 cuda_h.py:27] end gather_outputs_group_fused_mp cost 0.466 ms
DEBUG 04-24 11:11:13.916695.916695 mlpmodule.py:3373] [fused_group_bmm][steps] bmm1=11.332 ms split=0.285 ms act_mul=0.668 ms bmm2=7.332 ms
DEBUG 04-24 11:11:13.917568.917568 cuda_h.py:27] end fused_group_bmm cost 20.263 ms
DEBUG 04-24 11:11:13.917347.917347 cuda_h.py:27] end cpu_experts_worker_bmm_or_einsum_2 cost 24.841 ms
DEBUG 04-24 11:11:13.917846.917846 cuda_h.py:27] end cpu_experts_worker_bmm_or_einsum_0 cost 24.886 ms
DEBUG 04-24 11:11:13.918221.918221 cuda_h.py:27] end gather_outputs_group_fused_mp cost 0.722 ms
DEBUG 04-24 11:11:13.918730.918730 mlpmodule.py:3373] [fused_group_bmm][steps] bmm1=11.969 ms split=0.169 ms act_mul=0.482 ms bmm2=8.116 ms
DEBUG 04-24 11:11:13.918579.918579 cuda_h.py:27] end prepare_per_device_parameters cost 19.402 ms
DEBUG 04-24 11:11:13.918272.918272 cuda_h.py:27] end fused_group_bmm cost 21.139 ms
DEBUG 04-24 11:11:13.918518.918518 cuda_h.py:27] end cpu_experts_worker_bmm_or_einsum_3 cost 26.300 ms
DEBUG 04-24 11:11:13.919824.919824 cuda_h.py:27] end gather_outputs_group_fused_mp cost 0.521 ms
DEBUG 04-24 11:11:13.919845.919845 cuda_h.py:27] end cpu_experts_worker_bmm_or_einsum_1 cost 27.292 ms
DEBUG 04-24 11:11:13.921097.921097 cuda_h.py:27] end cpu_experts_scatter_reduce cost 0.915 ms
DEBUG 04-24 11:11:13.921596.921596 cuda_h.py:27] end cpu_thread_manager_mp_wait_fused cost 3.351 ms
DEBUG 04-24 11:11:13.923180.923180 cuda_h.py:27] end wait_experts_multi_device cost 1.373 ms
DEBUG 04-24 11:11:13.923407.923407 cuda_h.py:27] end *before fused experts* cost 31.413 ms
DEBUG 04-24 11:11:13.929201.929201 cuda_h.py:27] end gpu_experts_multi_device_fused cost 5.671 ms
DEBUG 04-24 11:11:13.929363.929363 cuda_h.py:27] end *gpu experts* cost 37.208 ms
DEBUG 04-24 11:11:13.929392.929392 cuda_h.py:27] end layer_moe_generate_mp_multi_device_fused_l_10 cost 40.759 ms
DEBUG 04-24 11:11:13.930559.930559 cuda_h.py:27] end *mlp cost 41.970 ms
DEBUG 04-24 11:11:13.930165.930165 cuda_h.py:27] end prefill_layer cost 45.840 ms
DEBUG 04-24 11:11:13.930397.930397 lmp.py:341] -------------------------------- end prefill layer 9 --------------------------------
DEBUG 04-24 11:11:13.930604.930604 lmp.py:294] -------------------------------- start prefill layer 10 --------------------------------
DEBUG 04-24 11:11:13.931525.931525 cuda_h.py:27] end start_load_qkvogn_s_weight_l_11 cost 0.090 ms
DEBUG 04-24 11:11:13.931417.931417 cuda_h.py:27] end allocate_cuda_memory cost 0.333 ms
DEBUG 04-24 11:11:13.932538.932538 sllm_store_c.py:27] get device uuid map
DEBUG 04-24 11:11:13.932209.932209 sllm_store_c.py:29] call client load into gpu
DEBUG 04-24 11:11:13.933379.933379 cuda_h.py:27] end load_into_gpu_async cost 1.764 ms
DEBUG 04-24 11:11:13.934742.934742 cuda_h.py:27] end restore_tensors2 cost 0.190 ms
DEBUG 04-24 11:11:13.934418.934418 cuda_h.py:27] end allocate_cuda_memory_and_load_into_gpu cost 3.003 ms
DEBUG 04-24 11:11:13.934968.934968 cuda_h.py:27] end **self_attn cost 2.626 ms
DEBUG 04-24 11:11:13.935959.935959 cuda_h.py:27] end *iln_self_attn_paln cost 4.161 ms
DEBUG 04-24 11:11:13.936635.936635 cuda_h.py:27] end gate cost 0.677 ms
DEBUG 04-24 11:11:13.936226.936226 cuda_h.py:27] end experts_map_get cost 0.336 ms
DEBUG 04-24 11:11:13.936208.936208 cuda_h.py:27] end *before experts start* cost 1.182 ms
DEBUG 04-24 11:11:13.936077.936077 cuda_h.py:27] end cpu_experts_submit_fused_mp cost 0.226 ms
DEBUG 04-24 11:11:13.938993.938993 cuda_h.py:27] end *single cpu experts* cost 1.442 ms
DEBUG 04-24 11:11:13.938066.938066 cuda_h.py:27] end prepare_group_stack cost 0.483 ms
DEBUG 04-24 11:11:13.938977.938977 cuda_h.py:27] end prepare_group_stack cost 0.469 ms
DEBUG 04-24 11:11:13.938371.938371 cuda_h.py:27] end prepare_group_stack cost 0.436 ms
DEBUG 04-24 11:11:13.939077.939077 cuda_h.py:27] end prepare_group_stack cost 0.506 ms
DEBUG 04-24 11:11:13.939567.939567 cuda_h.py:27] end group stack cost 1.276 ms
DEBUG 04-24 11:11:13.939605.939605 cuda_h.py:27] end move_flatidxs_group_fused_mp cost 2.195 ms
DEBUG 04-24 11:11:13.940950.940950 cuda_h.py:27] end group stack cost 1.585 ms
DEBUG 04-24 11:11:13.940165.940165 cuda_h.py:27] end move_flatidxs_group_fused_mp cost 2.192 ms
DEBUG 04-24 11:11:13.940573.940573 cuda_h.py:27] end group stack cost 1.837 ms
DEBUG 04-24 11:11:13.940218.940218 cuda_h.py:27] end get_fused_experts_names_w cost 0.026 ms
DEBUG 04-24 11:11:13.940702.940702 cuda_h.py:27] end get_fused_experts_names_w cost 0.023 ms
DEBUG 04-24 11:11:13.940768.940768 cuda_h.py:27] end move_flatidxs_group_fused_mp cost 2.579 ms
DEBUG 04-24 11:11:13.940133.940133 cuda_h.py:27] end get_fused_experts_names_w cost 0.024 ms
DEBUG 04-24 11:11:13.940708.940708 cuda_h.py:27] end group stack cost 1.504 ms
DEBUG 04-24 11:11:13.940305.940305 cuda_h.py:27] end move_flatidxs_group_fused_mp cost 2.383 ms
DEBUG 04-24 11:11:13.940333.940333 sllm_store_c.py:27] get device uuid map
DEBUG 04-24 11:11:13.941098.941098 sllm_store_c.py:29] call client load into gpu
DEBUG 04-24 11:11:13.941337.941337 cuda_h.py:27] end get_fused_experts_names_w cost 0.029 ms
DEBUG 04-24 11:11:13.941926.941926 cuda_h.py:27] end restore_fused_tensors cost 0.591 ms
DEBUG 04-24 11:11:13.941397.941397 cuda_h.py:27] end restore_fused_tensors cost 0.795 ms
DEBUG 04-24 11:11:13.941494.941494 cuda_h.py:27] end group_fused_tensors_mp cost 0.926 ms
DEBUG 04-24 11:11:13.941044.941044 cuda_h.py:27] end group_fused_tensors_mp cost 1.166 ms
DEBUG 04-24 11:11:13.941511.941511 cuda_h.py:27] end restore_fused_tensors cost 0.664 ms
DEBUG 04-24 11:11:13.941043.941043 cuda_h.py:27] end group_fused_tensors_mp cost 0.911 ms
DEBUG 04-24 11:11:13.941500.941500 cuda_h.py:27] end restore_fused_tensors cost 0.765 ms
DEBUG 04-24 11:11:13.942662.942662 cuda_h.py:27] end group_fused_tensors_mp cost 1.045 ms
DEBUG 04-24 11:11:13.949959.949959 cuda_h.py:27] end restore2model cost 1.150 ms
DEBUG 04-24 11:11:13.950997.950997 cuda_h.py:27] end sllm_worker_task cost 18.908 ms
DEBUG 04-24 11:11:13.950889.950889 cuda_h.py:27] end load_into_gpu_async_fused_experts_dual cost 9.648 ms
DEBUG 04-24 11:11:13.951743.951743 cuda_h.py:27] end restore_tensors2_fused_experts_packed cost 0.178 ms
DEBUG 04-24 11:11:13.951363.951363 cuda_h.py:27] end restore_tensors2_fused_experts_slices cost 0.446 ms
DEBUG 04-24 11:11:13.951574.951574 cuda_h.py:27] end allocate_experts_cuda_memory_and_restore_model_multi_device_fused cost 13.424 ms
DEBUG 04-24 11:11:13.951549.951549 cuda_h.py:27] end gpu_sexperts cost 0.012 ms
DEBUG 04-24 11:11:13.952916.952916 cuda_h.py:27] end wait_load_qkvogn_s_weight cost 0.035 ms
DEBUG 04-24 11:11:13.957453.957453 mlpmodule.py:3373] [fused_group_bmm][steps] bmm1=9.556 ms split=0.151 ms act_mul=0.575 ms bmm2=6.026 ms
DEBUG 04-24 11:11:13.958439.958439 cuda_h.py:27] end fused_group_bmm cost 17.026 ms
DEBUG 04-24 11:11:13.958775.958775 mlpmodule.py:3373] [fused_group_bmm][steps] bmm1=10.572 ms split=0.119 ms act_mul=0.391 ms bmm2=5.934 ms
DEBUG 04-24 11:11:13.959779.959779 mlpmodule.py:3373] [fused_group_bmm][steps] bmm1=11.374 ms split=0.072 ms act_mul=0.348 ms bmm2=5.525 ms
DEBUG 04-24 11:11:13.959836.959836 cuda_h.py:27] end fused_group_bmm cost 17.276 ms
DEBUG 04-24 11:11:13.959775.959775 cuda_h.py:27] end fused_group_bmm cost 17.623 ms
DEBUG 04-24 11:11:13.959435.959435 mlpmodule.py:3373] [fused_group_bmm][steps] bmm1=9.334 ms split=0.121 ms act_mul=0.570 ms bmm2=6.895 ms
DEBUG 04-24 11:11:13.959758.959758 cuda_h.py:27] end gather_outputs_group_fused_mp cost 0.737 ms
DEBUG 04-24 11:11:13.959111.959111 cuda_h.py:27] end fused_group_bmm cost 17.175 ms
DEBUG 04-24 11:11:13.959089.959089 cuda_h.py:27] end gather_outputs_group_fused_mp cost 0.475 ms
DEBUG 04-24 11:11:13.959830.959830 cuda_h.py:27] end gather_outputs_group_fused_mp cost 0.509 ms
DEBUG 04-24 11:11:13.960834.960834 cuda_h.py:27] end gather_outputs_group_fused_mp cost 0.506 ms
DEBUG 04-24 11:11:13.960889.960889 cuda_h.py:27] end cpu_experts_worker_bmm_or_einsum_3 cost 22.156 ms
DEBUG 04-24 11:11:13.960862.960862 cuda_h.py:27] end cpu_experts_worker_bmm_or_einsum_2 cost 22.502 ms
DEBUG 04-24 11:11:13.960248.960248 cuda_h.py:27] end cpu_experts_worker_bmm_or_einsum_0 cost 22.961 ms
DEBUG 04-24 11:11:13.960956.960956 cuda_h.py:27] end cpu_experts_worker_bmm_or_einsum_1 cost 22.466 ms
DEBUG 04-24 11:11:13.967036.967036 cuda_h.py:27] end prepare_per_device_parameters cost 15.456 ms
DEBUG 04-24 11:11:13.970761.970761 cuda_h.py:27] end cpu_experts_scatter_reduce cost 1.101 ms
DEBUG 04-24 11:11:13.970929.970929 cuda_h.py:27] end cpu_thread_manager_mp_wait_fused cost 2.940 ms
DEBUG 04-24 11:11:13.972733.972733 cuda_h.py:27] end wait_experts_multi_device cost 1.426 ms
DEBUG 04-24 11:11:13.972106.972106 cuda_h.py:27] end *before fused experts* cost 34.094 ms
DEBUG 04-24 11:11:13.977447.977447 cuda_h.py:27] end gpu_experts_multi_device_fused cost 5.192 ms
DEBUG 04-24 11:11:13.977371.977371 cuda_h.py:27] end *gpu experts* cost 39.417 ms
DEBUG 04-24 11:11:13.977764.977764 cuda_h.py:27] end layer_moe_generate_mp_multi_device_fused_l_11 cost 42.321 ms
DEBUG 04-24 11:11:13.978187.978187 cuda_h.py:27] end *mlp cost 43.474 ms
DEBUG 04-24 11:11:13.978839.978839 cuda_h.py:27] end prefill_layer cost 48.172 ms
DEBUG 04-24 11:11:13.979403.979403 lmp.py:341] -------------------------------- end prefill layer 10 --------------------------------
DEBUG 04-24 11:11:13.979152.979152 lmp.py:294] -------------------------------- start prefill layer 11 --------------------------------
DEBUG 04-24 11:11:13.979003.979003 cuda_h.py:27] end start_load_qkvogn_s_weight_l_12 cost 0.061 ms
DEBUG 04-24 11:11:13.980257.980257 cuda_h.py:27] end allocate_cuda_memory cost 0.583 ms
DEBUG 04-24 11:11:13.980479.980479 sllm_store_c.py:27] get device uuid map
DEBUG 04-24 11:11:13.980760.980760 sllm_store_c.py:29] call client load into gpu
DEBUG 04-24 11:11:13.982573.982573 cuda_h.py:27] end load_into_gpu_async cost 2.417 ms
DEBUG 04-24 11:11:13.983797.983797 cuda_h.py:27] end restore_tensors2 cost 0.198 ms
DEBUG 04-24 11:11:13.983939.983939 cuda_h.py:27] end allocate_cuda_memory_and_load_into_gpu cost 4.039 ms
DEBUG 04-24 11:11:13.983580.983580 cuda_h.py:27] end **self_attn cost 2.903 ms
DEBUG 04-24 11:11:13.984762.984762 cuda_h.py:27] end *iln_self_attn_paln cost 5.122 ms
DEBUG 04-24 11:11:13.984370.984370 cuda_h.py:27] end gate cost 0.676 ms
DEBUG 04-24 11:11:13.985942.985942 cuda_h.py:27] end experts_map_get cost 0.357 ms
DEBUG 04-24 11:11:13.985447.985447 cuda_h.py:27] end *before experts start* cost 1.202 ms
DEBUG 04-24 11:11:13.985707.985707 cuda_h.py:27] end cpu_experts_submit_fused_mp cost 0.234 ms
DEBUG 04-24 11:11:13.987391.987391 cuda_h.py:27] end *single cpu experts* cost 1.840 ms
DEBUG 04-24 11:11:13.989653.989653 cuda_h.py:27] end prepare_group_stack cost 0.429 ms
DEBUG 04-24 11:11:13.989336.989336 cuda_h.py:27] end prepare_group_stack cost 0.564 ms
DEBUG 04-24 11:11:13.989076.989076 sllm_store_c.py:27] get device uuid map
DEBUG 04-24 11:11:13.989568.989568 sllm_store_c.py:29] call client load into gpu
DEBUG 04-24 11:11:13.989541.989541 cuda_h.py:27] end prepare_group_stack cost 0.647 ms
DEBUG 04-24 11:11:13.990187.990187 cuda_h.py:27] end prepare_group_stack cost 0.691 ms
DEBUG 04-24 11:11:13.990009.990009 cuda_h.py:27] end group stack cost 0.964 ms
DEBUG 04-24 11:11:13.990621.990621 cuda_h.py:27] end move_flatidxs_group_fused_mp cost 1.787 ms
DEBUG 04-24 11:11:13.990836.990836 cuda_h.py:27] end group stack cost 1.338 ms
DEBUG 04-24 11:11:13.990879.990879 cuda_h.py:27] end get_fused_experts_names_w cost 0.021 ms
DEBUG 04-24 11:11:13.990469.990469 cuda_h.py:27] end move_flatidxs_group_fused_mp cost 2.061 ms
DEBUG 04-24 11:11:13.990419.990419 cuda_h.py:27] end get_fused_experts_names_w cost 0.022 ms
DEBUG 04-24 11:11:13.991188.991188 cuda_h.py:27] end group stack cost 1.321 ms
DEBUG 04-24 11:11:13.991536.991536 cuda_h.py:27] end restore_fused_tensors cost 0.579 ms
DEBUG 04-24 11:11:13.991830.991830 cuda_h.py:27] end group_fused_tensors_mp cost 0.726 ms
DEBUG 04-24 11:11:13.991519.991519 cuda_h.py:27] end move_flatidxs_group_fused_mp cost 2.590 ms
DEBUG 04-24 11:11:13.991002.991002 cuda_h.py:27] end restore_fused_tensors cost 0.603 ms
DEBUG 04-24 11:11:13.991402.991402 cuda_h.py:27] end group_fused_tensors_mp cost 0.926 ms
DEBUG 04-24 11:11:13.991085.991085 cuda_h.py:27] end get_fused_experts_names_w cost 0.066 ms
DEBUG 04-24 11:11:13.992117.992117 cuda_h.py:27] end load_into_gpu_async_fused_experts_dual cost 2.631 ms
DEBUG 04-24 11:11:13.992883.992883 cuda_h.py:27] end restore_tensors2_fused_experts_packed cost 0.082 ms
DEBUG 04-24 11:11:13.992792.992792 cuda_h.py:27] end group stack cost 2.263 ms
DEBUG 04-24 11:11:13.992500.992500 cuda_h.py:27] end move_flatidxs_group_fused_mp cost 3.552 ms
DEBUG 04-24 11:11:13.993467.993467 cuda_h.py:27] end restore_tensors2_fused_experts_slices cost 0.378 ms
DEBUG 04-24 11:11:13.993329.993329 cuda_h.py:27] end restore_fused_tensors cost 1.231 ms
DEBUG 04-24 11:11:13.993007.993007 cuda_h.py:27] end allocate_experts_cuda_memory_and_restore_model_multi_device_fused cost 5.781 ms
DEBUG 04-24 11:11:13.993410.993410 cuda_h.py:27] end get_fused_experts_names_w cost 0.040 ms
DEBUG 04-24 11:11:13.993725.993725 cuda_h.py:27] end group_fused_tensors_mp cost 1.769 ms
DEBUG 04-24 11:11:13.993204.993204 cuda_h.py:27] end restore2model cost 3.082 ms
DEBUG 04-24 11:11:13.993727.993727 cuda_h.py:27] end gpu_sexperts cost 0.006 ms
DEBUG 04-24 11:11:13.994825.994825 cuda_h.py:27] end sllm_worker_task cost 14.865 ms
DEBUG 04-24 11:11:13.994377.994377 cuda_h.py:27] end wait_load_qkvogn_s_weight cost 0.394 ms
DEBUG 04-24 11:11:13.995266.995266 cuda_h.py:27] end restore_fused_tensors cost 1.260 ms
DEBUG 04-24 11:11:13.995741.995741 cuda_h.py:27] end group_fused_tensors_mp cost 2.011 ms
DEBUG 04-24 11:11:14.008271.008271 mlpmodule.py:3373] [fused_group_bmm][steps] bmm1=11.325 ms split=0.436 ms act_mul=0.938 ms bmm2=3.903 ms
DEBUG 04-24 11:11:14.008584.008584 cuda_h.py:27] end fused_group_bmm cost 17.080 ms
DEBUG 04-24 11:11:14.009728.009728 cuda_h.py:27] end gather_outputs_group_fused_mp cost 1.041 ms
DEBUG 04-24 11:11:14.012774.012774 cuda_h.py:27] end cpu_experts_worker_bmm_or_einsum_1 cost 25.226 ms
DEBUG 04-24 11:11:14.013663.013663 mlpmodule.py:3373] [fused_group_bmm][steps] bmm1=12.937 ms split=0.286 ms act_mul=1.032 ms bmm2=7.003 ms
DEBUG 04-24 11:11:14.013170.013170 cuda_h.py:27] end fused_group_bmm cost 21.605 ms
DEBUG 04-24 11:11:14.014717.014717 cuda_h.py:27] end gather_outputs_group_fused_mp cost 0.533 ms
DEBUG 04-24 11:11:14.014906.014906 mlpmodule.py:3373] [fused_group_bmm][steps] bmm1=14.026 ms split=0.074 ms act_mul=0.589 ms bmm2=5.500 ms
DEBUG 04-24 11:11:14.014482.014482 mlpmodule.py:3373] [fused_group_bmm][steps] bmm1=12.403 ms split=0.108 ms act_mul=0.394 ms bmm2=5.697 ms
DEBUG 04-24 11:11:14.014453.014453 cuda_h.py:27] end fused_group_bmm cost 20.511 ms
DEBUG 04-24 11:11:14.014135.014135 cuda_h.py:27] end fused_group_bmm cost 18.942 ms
DEBUG 04-24 11:11:14.014535.014535 cuda_h.py:27] end cpu_experts_worker_bmm_or_einsum_3 cost 27.279 ms
DEBUG 04-24 11:11:14.015274.015274 cuda_h.py:27] end gather_outputs_group_fused_mp cost 0.384 ms
DEBUG 04-24 11:11:14.015785.015785 cuda_h.py:27] end gather_outputs_group_fused_mp cost 0.412 ms
DEBUG 04-24 11:11:14.015932.015932 cuda_h.py:27] end cpu_experts_worker_bmm_or_einsum_0 cost 28.112 ms
DEBUG 04-24 11:11:14.015503.015503 cuda_h.py:27] end cpu_experts_worker_bmm_or_einsum_2 cost 27.108 ms
DEBUG 04-24 11:11:14.016988.016988 cuda_h.py:27] end prepare_per_device_parameters cost 20.933 ms
DEBUG 04-24 11:11:14.019096.019096 cuda_h.py:27] end cpu_experts_scatter_reduce cost 1.459 ms
DEBUG 04-24 11:11:14.019225.019225 cuda_h.py:27] end cpu_thread_manager_mp_wait_fused cost 2.926 ms
DEBUG 04-24 11:11:14.026506.026506 cuda_h.py:27] end wait_experts_multi_device cost 7.358 ms
DEBUG 04-24 11:11:14.026787.026787 cuda_h.py:27] end *before fused experts* cost 39.161 ms
DEBUG 04-24 11:11:14.032024.032024 cuda_h.py:27] end gpu_experts_multi_device_fused cost 5.853 ms
DEBUG 04-24 11:11:14.032709.032709 cuda_h.py:27] end *gpu experts* cost 45.145 ms
DEBUG 04-24 11:11:14.032870.032870 cuda_h.py:27] end layer_moe_generate_mp_multi_device_fused_l_12 cost 48.458 ms
DEBUG 04-24 11:11:14.033448.033448 cuda_h.py:27] end *mlp cost 49.690 ms
DEBUG 04-24 11:11:14.034445.034445 cuda_h.py:27] end prefill_layer cost 55.025 ms
DEBUG 04-24 11:11:14.034685.034685 lmp.py:341] -------------------------------- end prefill layer 11 --------------------------------
DEBUG 04-24 11:11:14.034003.034003 lmp.py:294] -------------------------------- start prefill layer 12 --------------------------------
DEBUG 04-24 11:11:14.034658.034658 cuda_h.py:27] end start_load_qkvogn_s_weight_l_13 cost 0.058 ms
DEBUG 04-24 11:11:14.035874.035874 cuda_h.py:27] end allocate_cuda_memory cost 0.323 ms
DEBUG 04-24 11:11:14.035035.035035 sllm_store_c.py:27] get device uuid map
DEBUG 04-24 11:11:14.035379.035379 sllm_store_c.py:29] call client load into gpu
DEBUG 04-24 11:11:14.037062.037062 cuda_h.py:27] end load_into_gpu_async cost 2.193 ms
DEBUG 04-24 11:11:14.037860.037860 cuda_h.py:27] end **self_attn cost 1.978 ms
DEBUG 04-24 11:11:14.037919.037919 cuda_h.py:27] end restore_tensors2 cost 0.121 ms
DEBUG 04-24 11:11:14.038841.038841 cuda_h.py:27] end allocate_cuda_memory_and_load_into_gpu cost 3.571 ms
DEBUG 04-24 11:11:14.038634.038634 cuda_h.py:27] end *iln_self_attn_paln cost 3.870 ms
DEBUG 04-24 11:11:14.039214.039214 cuda_h.py:27] end gate cost 0.672 ms
DEBUG 04-24 11:11:14.039435.039435 cuda_h.py:27] end experts_map_get cost 0.377 ms
DEBUG 04-24 11:11:14.039994.039994 cuda_h.py:27] end *before experts start* cost 1.226 ms
DEBUG 04-24 11:11:14.040631.040631 cuda_h.py:27] end cpu_experts_submit_fused_mp cost 0.231 ms
DEBUG 04-24 11:11:14.041290.041290 cuda_h.py:27] end *single cpu experts* cost 1.680 ms
DEBUG 04-24 11:11:14.045502.045502 cuda_h.py:27] end prepare_group_stack cost 2.177 ms
DEBUG 04-24 11:11:14.045264.045264 cuda_h.py:27] end prepare_group_stack cost 2.186 ms
DEBUG 04-24 11:11:14.045953.045953 cuda_h.py:27] end prepare_group_stack cost 2.243 ms
DEBUG 04-24 11:11:14.045479.045479 cuda_h.py:27] end group stack cost 0.786 ms
DEBUG 04-24 11:11:14.046503.046503 cuda_h.py:27] end move_flatidxs_group_fused_mp cost 3.230 ms
DEBUG 04-24 11:11:14.046887.046887 sllm_store_c.py:27] get device uuid map
DEBUG 04-24 11:11:14.046018.046018 cuda_h.py:27] end get_fused_experts_names_w cost 0.027 ms
DEBUG 04-24 11:11:14.046038.046038 sllm_store_c.py:29] call client load into gpu
DEBUG 04-24 11:11:14.046793.046793 cuda_h.py:27] end group stack cost 1.632 ms
DEBUG 04-24 11:11:14.046668.046668 cuda_h.py:27] end group stack cost 1.713 ms
DEBUG 04-24 11:11:14.046956.046956 cuda_h.py:27] end move_flatidxs_group_fused_mp cost 4.134 ms
DEBUG 04-24 11:11:14.046188.046188 cuda_h.py:27] end move_flatidxs_group_fused_mp cost 4.108 ms
DEBUG 04-24 11:11:14.047706.047706 cuda_h.py:27] end get_fused_experts_names_w cost 0.028 ms
DEBUG 04-24 11:11:14.047482.047482 cuda_h.py:27] end get_fused_experts_names_w cost 0.024 ms
DEBUG 04-24 11:11:14.047149.047149 cuda_h.py:27] end restore_fused_tensors cost 0.754 ms
DEBUG 04-24 11:11:14.047342.047342 cuda_h.py:27] end group_fused_tensors_mp cost 1.202 ms
DEBUG 04-24 11:11:14.047421.047421 cuda_h.py:27] end prepare_group_stack cost 4.811 ms
DEBUG 04-24 11:11:14.048617.048617 cuda_h.py:27] end restore_fused_tensors cost 0.687 ms
DEBUG 04-24 11:11:14.048620.048620 cuda_h.py:27] end group_fused_tensors_mp cost 1.004 ms
DEBUG 04-24 11:11:14.048583.048583 cuda_h.py:27] end restore_fused_tensors cost 0.892 ms
DEBUG 04-24 11:11:14.048830.048830 cuda_h.py:27] end group_fused_tensors_mp cost 1.352 ms
DEBUG 04-24 11:11:14.048845.048845 cuda_h.py:27] end restore2model cost 1.121 ms
DEBUG 04-24 11:11:14.048178.048178 cuda_h.py:27] end sllm_worker_task cost 14.204 ms
DEBUG 04-24 11:11:14.049588.049588 cuda_h.py:27] end group stack cost 1.736 ms
DEBUG 04-24 11:11:14.049906.049906 cuda_h.py:27] end move_flatidxs_group_fused_mp cost 6.880 ms
DEBUG 04-24 11:11:14.050469.050469 cuda_h.py:27] end load_into_gpu_async_fused_experts_dual cost 4.089 ms
DEBUG 04-24 11:11:14.050507.050507 cuda_h.py:27] end get_fused_experts_names_w cost 0.053 ms
DEBUG 04-24 11:11:14.050577.050577 cuda_h.py:27] end restore_tensors2_fused_experts_packed cost 0.249 ms
DEBUG 04-24 11:11:14.051818.051818 cuda_h.py:27] end restore_fused_tensors cost 0.901 ms
DEBUG 04-24 11:11:14.051518.051518 cuda_h.py:27] end group_fused_tensors_mp cost 1.161 ms
DEBUG 04-24 11:11:14.052414.052414 cuda_h.py:27] end restore_tensors2_fused_experts_slices cost 1.355 ms
DEBUG 04-24 11:11:14.053823.053823 cuda_h.py:27] end allocate_experts_cuda_memory_and_restore_model_multi_device_fused cost 11.348 ms
DEBUG 04-24 11:11:14.053905.053905 cuda_h.py:27] end gpu_sexperts cost 0.044 ms
DEBUG 04-24 11:11:14.053251.053251 cuda_h.py:27] end wait_load_qkvogn_s_weight cost 0.156 ms
DEBUG 04-24 11:11:14.058434.058434 mlpmodule.py:3373] [fused_group_bmm][steps] bmm1=7.091 ms split=0.182 ms act_mul=0.563 ms bmm2=3.064 ms
DEBUG 04-24 11:11:14.059480.059480 cuda_h.py:27] end fused_group_bmm cost 11.147 ms
DEBUG 04-24 11:11:14.059796.059796 cuda_h.py:27] end gather_outputs_group_fused_mp cost 0.458 ms
DEBUG 04-24 11:11:14.060074.060074 cuda_h.py:27] end cpu_experts_worker_bmm_or_einsum_0 cost 18.518 ms
DEBUG 04-24 11:11:14.063928.063928 mlpmodule.py:3373] [fused_group_bmm][steps] bmm1=9.150 ms split=0.194 ms act_mul=0.696 ms bmm2=4.763 ms
DEBUG 04-24 11:11:14.063747.063747 cuda_h.py:27] end fused_group_bmm cost 15.160 ms
DEBUG 04-24 11:11:14.063409.063409 mlpmodule.py:3373] [fused_group_bmm][steps] bmm1=9.396 ms split=0.465 ms act_mul=0.599 ms bmm2=4.259 ms
DEBUG 04-24 11:11:14.064284.064284 cuda_h.py:27] end fused_group_bmm cost 15.356 ms
DEBUG 04-24 11:11:14.064427.064427 cuda_h.py:27] end gather_outputs_group_fused_mp cost 0.763 ms
DEBUG 04-24 11:11:14.065121.065121 cuda_h.py:27] end gather_outputs_group_fused_mp cost 0.950 ms
DEBUG 04-24 11:11:14.065036.065036 cuda_h.py:27] end cpu_experts_worker_bmm_or_einsum_2 cost 23.956 ms
DEBUG 04-24 11:11:14.066531.066531 cuda_h.py:27] end cpu_experts_worker_bmm_or_einsum_3 cost 24.674 ms
DEBUG 04-24 11:11:14.066903.066903 mlpmodule.py:3373] [fused_group_bmm][steps] bmm1=10.079 ms split=0.411 ms act_mul=0.696 ms bmm2=3.797 ms
DEBUG 04-24 11:11:14.067275.067275 cuda_h.py:27] end fused_group_bmm cost 15.257 ms
DEBUG 04-24 11:11:14.067901.067901 cuda_h.py:27] end gather_outputs_group_fused_mp cost 0.474 ms
DEBUG 04-24 11:11:14.068140.068140 cuda_h.py:27] end cpu_experts_worker_bmm_or_einsum_1 cost 26.751 ms
DEBUG 04-24 11:11:14.071134.071134 cuda_h.py:27] end prepare_per_device_parameters cost 17.272 ms
DEBUG 04-24 11:11:14.074104.074104 cuda_h.py:27] end cpu_experts_scatter_reduce cost 1.094 ms
DEBUG 04-24 11:11:14.074273.074273 cuda_h.py:27] end cpu_thread_manager_mp_wait_fused cost 2.786 ms
DEBUG 04-24 11:11:14.075607.075607 cuda_h.py:27] end wait_experts_multi_device cost 1.641 ms
DEBUG 04-24 11:11:14.075994.075994 cuda_h.py:27] end *before fused experts* cost 34.326 ms
DEBUG 04-24 11:11:14.081027.081027 cuda_h.py:27] end gpu_experts_multi_device_fused cost 5.703 ms
DEBUG 04-24 11:11:14.081891.081891 cuda_h.py:27] end *gpu experts* cost 40.151 ms
DEBUG 04-24 11:11:14.081608.081608 cuda_h.py:27] end layer_moe_generate_mp_multi_device_fused_l_13 cost 43.323 ms
DEBUG 04-24 11:11:14.083449.083449 cuda_h.py:27] end *mlp cost 44.678 ms
DEBUG 04-24 11:11:14.083677.083677 cuda_h.py:27] end prefill_layer cost 49.196 ms
DEBUG 04-24 11:11:14.083917.083917 lmp.py:341] -------------------------------- end prefill layer 12 --------------------------------
DEBUG 04-24 11:11:14.083620.083620 lmp.py:294] -------------------------------- start prefill layer 13 --------------------------------
DEBUG 04-24 11:11:14.083763.083763 cuda_h.py:27] end start_load_qkvogn_s_weight_l_14 cost 0.110 ms
DEBUG 04-24 11:11:14.084224.084224 cuda_h.py:27] end allocate_cuda_memory cost 0.344 ms
DEBUG 04-24 11:11:14.084716.084716 sllm_store_c.py:27] get device uuid map
DEBUG 04-24 11:11:14.084369.084369 sllm_store_c.py:29] call client load into gpu
DEBUG 04-24 11:11:14.086005.086005 cuda_h.py:27] end load_into_gpu_async cost 1.709 ms
DEBUG 04-24 11:11:14.086381.086381 cuda_h.py:27] end restore_tensors2 cost 0.199 ms
DEBUG 04-24 11:11:14.086860.086860 cuda_h.py:27] end allocate_cuda_memory_and_load_into_gpu cost 2.999 ms
DEBUG 04-24 11:11:14.087714.087714 cuda_h.py:27] end **self_attn cost 2.313 ms
DEBUG 04-24 11:11:14.087486.087486 cuda_h.py:27] end *iln_self_attn_paln cost 4.129 ms
DEBUG 04-24 11:11:14.088160.088160 cuda_h.py:27] end gate cost 0.656 ms
DEBUG 04-24 11:11:14.088963.088963 cuda_h.py:27] end experts_map_get cost 0.349 ms
DEBUG 04-24 11:11:14.088283.088283 cuda_h.py:27] end *before experts start* cost 1.181 ms
DEBUG 04-24 11:11:14.089160.089160 cuda_h.py:27] end cpu_experts_submit_fused_mp cost 0.232 ms
DEBUG 04-24 11:11:14.090812.090812 cuda_h.py:27] end *single cpu experts* cost 1.899 ms
DEBUG 04-24 11:11:14.092808.092808 cuda_h.py:27] end prepare_group_stack cost 0.507 ms
DEBUG 04-24 11:11:14.092544.092544 sllm_store_c.py:27] get device uuid map
DEBUG 04-24 11:11:14.092759.092759 sllm_store_c.py:29] call client load into gpu
DEBUG 04-24 11:11:14.093527.093527 cuda_h.py:27] end prepare_group_stack cost 0.520 ms
DEBUG 04-24 11:11:14.093807.093807 cuda_h.py:27] end prepare_group_stack cost 0.477 ms
DEBUG 04-24 11:11:14.093901.093901 cuda_h.py:27] end group stack cost 1.068 ms
DEBUG 04-24 11:11:14.093968.093968 cuda_h.py:27] end prepare_group_stack cost 0.630 ms
DEBUG 04-24 11:11:14.093926.093926 cuda_h.py:27] end move_flatidxs_group_fused_mp cost 1.878 ms
DEBUG 04-24 11:11:14.094260.094260 cuda_h.py:27] end get_fused_experts_names_w cost 0.035 ms
DEBUG 04-24 11:11:14.094401.094401 cuda_h.py:27] end group stack cost 1.042 ms
DEBUG 04-24 11:11:14.094822.094822 cuda_h.py:27] end move_flatidxs_group_fused_mp cost 1.740 ms
DEBUG 04-24 11:11:14.094986.094986 cuda_h.py:27] end restore2model cost 1.166 ms
DEBUG 04-24 11:11:14.094619.094619 cuda_h.py:27] end get_fused_experts_names_w cost 0.021 ms
DEBUG 04-24 11:11:14.094169.094169 cuda_h.py:27] end group stack cost 1.464 ms
DEBUG 04-24 11:11:14.094210.094210 cuda_h.py:27] end sllm_worker_task cost 11.089 ms
DEBUG 04-24 11:11:14.094292.094292 cuda_h.py:27] end restore_fused_tensors cost 0.796 ms
DEBUG 04-24 11:11:14.095898.095898 cuda_h.py:27] end move_flatidxs_group_fused_mp cost 2.321 ms
DEBUG 04-24 11:11:14.095965.095965 cuda_h.py:27] end group_fused_tensors_mp cost 1.121 ms
DEBUG 04-24 11:11:14.095460.095460 cuda_h.py:27] end load_into_gpu_async_fused_experts_dual cost 2.209 ms
DEBUG 04-24 11:11:14.095474.095474 cuda_h.py:27] end get_fused_experts_names_w cost 0.025 ms
DEBUG 04-24 11:11:14.095112.095112 cuda_h.py:27] end restore_tensors2_fused_experts_packed cost 0.081 ms
DEBUG 04-24 11:11:14.095981.095981 cuda_h.py:27] end restore_fused_tensors cost 0.531 ms
DEBUG 04-24 11:11:14.095646.095646 cuda_h.py:27] end group_fused_tensors_mp cost 0.852 ms
DEBUG 04-24 11:11:14.095508.095508 cuda_h.py:27] end restore_tensors2_fused_experts_slices cost 0.439 ms
DEBUG 04-24 11:11:14.095289.095289 cuda_h.py:27] end group stack cost 1.881 ms
DEBUG 04-24 11:11:14.096631.096631 cuda_h.py:27] end allocate_experts_cuda_memory_and_restore_model_multi_device_fused cost 5.022 ms
DEBUG 04-24 11:11:14.096269.096269 cuda_h.py:27] end move_flatidxs_group_fused_mp cost 3.141 ms
DEBUG 04-24 11:11:14.096950.096950 cuda_h.py:27] end gpu_sexperts cost 0.014 ms
DEBUG 04-24 11:11:14.096272.096272 cuda_h.py:27] end wait_load_qkvogn_s_weight cost 0.055 ms
DEBUG 04-24 11:11:14.096085.096085 cuda_h.py:27] end get_fused_experts_names_w cost 0.038 ms
DEBUG 04-24 11:11:14.096202.096202 cuda_h.py:27] end restore_fused_tensors cost 0.806 ms
DEBUG 04-24 11:11:14.096757.096757 cuda_h.py:27] end group_fused_tensors_mp cost 1.356 ms
DEBUG 04-24 11:11:14.097524.097524 cuda_h.py:27] end restore_fused_tensors cost 1.194 ms
DEBUG 04-24 11:11:14.097145.097145 cuda_h.py:27] end group_fused_tensors_mp cost 1.634 ms
DEBUG 04-24 11:11:14.107558.107558 mlpmodule.py:3373] [fused_group_bmm][steps] bmm1=7.265 ms split=0.208 ms act_mul=0.778 ms bmm2=3.829 ms
DEBUG 04-24 11:11:14.107402.107402 cuda_h.py:27] end fused_group_bmm cost 12.384 ms
DEBUG 04-24 11:11:14.108565.108565 cuda_h.py:27] end gather_outputs_group_fused_mp cost 0.636 ms
DEBUG 04-24 11:11:14.109246.109246 cuda_h.py:27] end cpu_experts_worker_bmm_or_einsum_0 cost 18.651 ms
DEBUG 04-24 11:11:14.110886.110886 mlpmodule.py:3373] [fused_group_bmm][steps] bmm1=8.835 ms split=0.134 ms act_mul=0.496 ms bmm2=3.311 ms
DEBUG 04-24 11:11:14.111993.111993 cuda_h.py:27] end fused_group_bmm cost 13.031 ms
DEBUG 04-24 11:11:14.111165.111165 cuda_h.py:27] end gather_outputs_group_fused_mp cost 0.534 ms
DEBUG 04-24 11:11:14.112191.112191 cuda_h.py:27] end cpu_experts_worker_bmm_or_einsum_2 cost 20.394 ms
DEBUG 04-24 11:11:14.117952.117952 mlpmodule.py:3373] [fused_group_bmm][steps] bmm1=15.481 ms split=0.122 ms act_mul=0.387 ms bmm2=4.535 ms
DEBUG 04-24 11:11:14.117957.117957 cuda_h.py:27] end prepare_per_device_parameters cost 21.033 ms
DEBUG 04-24 11:11:14.117504.117504 cuda_h.py:27] end fused_group_bmm cost 20.833 ms
DEBUG 04-24 11:11:14.117858.117858 mlpmodule.py:3373] [fused_group_bmm][steps] bmm1=16.505 ms split=0.120 ms act_mul=0.734 ms bmm2=4.596 ms
DEBUG 04-24 11:11:14.118437.118437 cuda_h.py:27] end fused_group_bmm cost 22.275 ms
DEBUG 04-24 11:11:14.118115.118115 cuda_h.py:27] end gather_outputs_group_fused_mp cost 0.488 ms
DEBUG 04-24 11:11:14.118886.118886 cuda_h.py:27] end gather_outputs_group_fused_mp cost 0.382 ms
DEBUG 04-24 11:11:14.119456.119456 cuda_h.py:27] end cpu_experts_worker_bmm_or_einsum_3 cost 27.268 ms
DEBUG 04-24 11:11:14.119200.119200 cuda_h.py:27] end cpu_experts_worker_bmm_or_einsum_1 cost 27.496 ms
DEBUG 04-24 11:11:14.121012.121012 cuda_h.py:27] end cpu_experts_scatter_reduce cost 1.118 ms
DEBUG 04-24 11:11:14.121419.121419 cuda_h.py:27] end cpu_thread_manager_mp_wait_fused cost 3.760 ms
DEBUG 04-24 11:11:14.123724.123724 cuda_h.py:27] end wait_experts_multi_device cost 1.549 ms
DEBUG 04-24 11:11:14.123905.123905 cuda_h.py:27] end *before fused experts* cost 32.196 ms
DEBUG 04-24 11:11:14.129355.129355 cuda_h.py:27] end gpu_experts_multi_device_fused cost 5.872 ms
DEBUG 04-24 11:11:14.129549.129549 cuda_h.py:27] end *gpu experts* cost 38.184 ms
DEBUG 04-24 11:11:14.129698.129698 cuda_h.py:27] end layer_moe_generate_mp_multi_device_fused_l_14 cost 41.444 ms
DEBUG 04-24 11:11:14.130689.130689 cuda_h.py:27] end *mlp cost 42.770 ms
DEBUG 04-24 11:11:14.130441.130441 cuda_h.py:27] end prefill_layer cost 47.268 ms
DEBUG 04-24 11:11:14.130289.130289 lmp.py:341] -------------------------------- end prefill layer 13 --------------------------------
DEBUG 04-24 11:11:14.131150.131150 lmp.py:294] -------------------------------- start prefill layer 14 --------------------------------
DEBUG 04-24 11:11:14.131432.131432 cuda_h.py:27] end start_load_qkvogn_s_weight_l_15 cost 0.091 ms
DEBUG 04-24 11:11:14.131675.131675 cuda_h.py:27] end allocate_cuda_memory cost 0.340 ms
DEBUG 04-24 11:11:14.132994.132994 sllm_store_c.py:27] get device uuid map
DEBUG 04-24 11:11:14.132747.132747 sllm_store_c.py:29] call client load into gpu
DEBUG 04-24 11:11:14.133710.133710 cuda_h.py:27] end load_into_gpu_async cost 1.789 ms
DEBUG 04-24 11:11:14.134392.134392 cuda_h.py:27] end restore_tensors2 cost 0.107 ms
DEBUG 04-24 11:11:14.134625.134625 cuda_h.py:27] end allocate_cuda_memory_and_load_into_gpu cost 2.869 ms
DEBUG 04-24 11:11:14.134692.134692 cuda_h.py:27] end **self_attn cost 2.133 ms
DEBUG 04-24 11:11:14.134974.134974 cuda_h.py:27] end *iln_self_attn_paln cost 3.647 ms
DEBUG 04-24 11:11:14.135959.135959 cuda_h.py:27] end gate cost 0.645 ms
DEBUG 04-24 11:11:14.136404.136404 cuda_h.py:27] end experts_map_get cost 0.340 ms
DEBUG 04-24 11:11:14.136717.136717 cuda_h.py:27] end *before experts start* cost 1.145 ms
DEBUG 04-24 11:11:14.136102.136102 cuda_h.py:27] end cpu_experts_submit_fused_mp cost 0.222 ms
DEBUG 04-24 11:11:14.137510.137510 cuda_h.py:27] end *single cpu experts* cost 1.323 ms
DEBUG 04-24 11:11:14.139363.139363 cuda_h.py:27] end prepare_group_stack cost 0.502 ms
DEBUG 04-24 11:11:14.139415.139415 cuda_h.py:27] end prepare_group_stack cost 0.552 ms
DEBUG 04-24 11:11:14.140742.140742 cuda_h.py:27] end prepare_group_stack cost 0.515 ms
DEBUG 04-24 11:11:14.140028.140028 sllm_store_c.py:27] get device uuid map
DEBUG 04-24 11:11:14.140083.140083 cuda_h.py:27] end prepare_group_stack cost 0.633 ms
DEBUG 04-24 11:11:14.140355.140355 cuda_h.py:27] end group stack cost 1.463 ms
DEBUG 04-24 11:11:14.140277.140277 sllm_store_c.py:29] call client load into gpu
DEBUG 04-24 11:11:14.140336.140336 cuda_h.py:27] end group stack cost 1.180 ms
DEBUG 04-24 11:11:14.140047.140047 cuda_h.py:27] end move_flatidxs_group_fused_mp cost 2.142 ms
DEBUG 04-24 11:11:14.140472.140472 cuda_h.py:27] end get_fused_experts_names_w cost 0.023 ms
DEBUG 04-24 11:11:14.140559.140559 cuda_h.py:27] end move_flatidxs_group_fused_mp cost 2.328 ms
DEBUG 04-24 11:11:14.141150.141150 cuda_h.py:27] end get_fused_experts_names_w cost 0.033 ms
DEBUG 04-24 11:11:14.141220.141220 cuda_h.py:27] end group stack cost 1.097 ms
DEBUG 04-24 11:11:14.141721.141721 cuda_h.py:27] end move_flatidxs_group_fused_mp cost 1.897 ms
DEBUG 04-24 11:11:14.141873.141873 cuda_h.py:27] end get_fused_experts_names_w cost 0.025 ms
DEBUG 04-24 11:11:14.141039.141039 cuda_h.py:27] end restore_fused_tensors cost 0.512 ms
DEBUG 04-24 11:11:14.141456.141456 cuda_h.py:27] end group_fused_tensors_mp cost 0.927 ms
DEBUG 04-24 11:11:14.141420.141420 cuda_h.py:27] end group stack cost 1.282 ms
DEBUG 04-24 11:11:14.142941.142941 cuda_h.py:27] end move_flatidxs_group_fused_mp cost 2.389 ms
DEBUG 04-24 11:11:14.142029.142029 cuda_h.py:27] end get_fused_experts_names_w cost 0.039 ms
DEBUG 04-24 11:11:14.142463.142463 cuda_h.py:27] end restore_fused_tensors cost 1.068 ms
DEBUG 04-24 11:11:14.142584.142584 cuda_h.py:27] end restore2model cost 0.910 ms
DEBUG 04-24 11:11:14.142434.142434 cuda_h.py:27] end restore_fused_tensors cost 0.727 ms
DEBUG 04-24 11:11:14.142117.142117 cuda_h.py:27] end group_fused_tensors_mp cost 1.420 ms
DEBUG 04-24 11:11:14.142467.142467 cuda_h.py:27] end sllm_worker_task cost 11.219 ms
DEBUG 04-24 11:11:14.142686.142686 cuda_h.py:27] end group_fused_tensors_mp cost 1.191 ms
DEBUG 04-24 11:11:14.142639.142639 cuda_h.py:27] end load_into_gpu_async_fused_experts_dual cost 2.623 ms
DEBUG 04-24 11:11:14.143692.143692 cuda_h.py:27] end restore_tensors2_fused_experts_packed cost 0.077 ms
DEBUG 04-24 11:11:14.143577.143577 cuda_h.py:27] end restore_fused_tensors cost 0.733 ms
DEBUG 04-24 11:11:14.143723.143723 cuda_h.py:27] end group_fused_tensors_mp cost 1.187 ms
DEBUG 04-24 11:11:14.144415.144415 cuda_h.py:27] end restore_tensors2_fused_experts_slices cost 0.900 ms
DEBUG 04-24 11:11:14.144068.144068 cuda_h.py:27] end allocate_experts_cuda_memory_and_restore_model_multi_device_fused cost 7.059 ms
DEBUG 04-24 11:11:14.145649.145649 cuda_h.py:27] end gpu_sexperts cost 0.044 ms
DEBUG 04-24 11:11:14.145032.145032 cuda_h.py:27] end wait_load_qkvogn_s_weight cost 0.152 ms
DEBUG 04-24 11:11:14.157787.157787 mlpmodule.py:3373] [fused_group_bmm][steps] bmm1=9.315 ms split=0.144 ms act_mul=0.442 ms bmm2=4.420 ms
DEBUG 04-24 11:11:14.157200.157200 cuda_h.py:27] end fused_group_bmm cost 14.654 ms
DEBUG 04-24 11:11:14.158336.158336 cuda_h.py:27] end gather_outputs_group_fused_mp cost 0.444 ms
DEBUG 04-24 11:11:14.158719.158719 mlpmodule.py:3373] [fused_group_bmm][steps] bmm1=8.205 ms split=0.424 ms act_mul=0.947 ms bmm2=6.599 ms
DEBUG 04-24 11:11:14.158793.158793 mlpmodule.py:3373] [fused_group_bmm][steps] bmm1=10.361 ms split=0.179 ms act_mul=0.482 ms bmm2=4.433 ms
DEBUG 04-24 11:11:14.158426.158426 cuda_h.py:27] end fused_group_bmm cost 16.562 ms
DEBUG 04-24 11:11:14.158330.158330 cuda_h.py:27] end fused_group_bmm cost 15.702 ms
DEBUG 04-24 11:11:14.158490.158490 cuda_h.py:27] end cpu_experts_worker_bmm_or_einsum_2 cost 20.370 ms
DEBUG 04-24 11:11:14.159282.159282 cuda_h.py:27] end gather_outputs_group_fused_mp cost 0.553 ms
DEBUG 04-24 11:11:14.159163.159163 cuda_h.py:27] end gather_outputs_group_fused_mp cost 0.400 ms
DEBUG 04-24 11:11:14.159754.159754 cuda_h.py:27] end cpu_experts_worker_bmm_or_einsum_3 cost 21.955 ms
DEBUG 04-24 11:11:14.159591.159591 cuda_h.py:27] end cpu_experts_worker_bmm_or_einsum_0 cost 22.161 ms
DEBUG 04-24 11:11:14.162994.162994 mlpmodule.py:3373] [fused_group_bmm][steps] bmm1=14.076 ms split=0.165 ms act_mul=0.408 ms bmm2=4.264 ms
DEBUG 04-24 11:11:14.163268.163268 cuda_h.py:27] end fused_group_bmm cost 19.220 ms
DEBUG 04-24 11:11:14.163487.163487 cuda_h.py:27] end gather_outputs_group_fused_mp cost 0.481 ms
DEBUG 04-24 11:11:14.164164.164164 cuda_h.py:27] end cpu_experts_worker_bmm_or_einsum_1 cost 26.006 ms
DEBUG 04-24 11:11:14.164087.164087 cuda_h.py:27] end prepare_per_device_parameters cost 18.718 ms
DEBUG 04-24 11:11:14.167071.167071 cuda_h.py:27] end cpu_experts_scatter_reduce cost 1.094 ms
DEBUG 04-24 11:11:14.167816.167816 cuda_h.py:27] end cpu_thread_manager_mp_wait_fused cost 2.860 ms
DEBUG 04-24 11:11:14.169449.169449 cuda_h.py:27] end wait_experts_multi_device cost 1.653 ms
DEBUG 04-24 11:11:14.169345.169345 cuda_h.py:27] end *before fused experts* cost 31.976 ms
DEBUG 04-24 11:11:14.175983.175983 cuda_h.py:27] end gpu_experts_multi_device_fused cost 5.975 ms
DEBUG 04-24 11:11:14.175431.175431 cuda_h.py:27] end *gpu experts* cost 38.113 ms
DEBUG 04-24 11:11:14.175547.175547 cuda_h.py:27] end layer_moe_generate_mp_multi_device_fused_l_15 cost 40.766 ms
DEBUG 04-24 11:11:14.176467.176467 cuda_h.py:27] end *mlp cost 41.934 ms
DEBUG 04-24 11:11:14.177815.177815 cuda_h.py:27] end prefill_layer cost 45.968 ms
DEBUG 04-24 11:11:14.177001.177001 lmp.py:341] -------------------------------- end prefill layer 14 --------------------------------
DEBUG 04-24 11:11:14.177852.177852 lmp.py:294] -------------------------------- start prefill layer 15 --------------------------------
DEBUG 04-24 11:11:14.177601.177601 cuda_h.py:27] end start_load_qkvogn_s_weight_l_16 cost 0.061 ms
DEBUG 04-24 11:11:14.178876.178876 cuda_h.py:27] end allocate_cuda_memory cost 0.337 ms
DEBUG 04-24 11:11:14.178792.178792 sllm_store_c.py:27] get device uuid map
DEBUG 04-24 11:11:14.178433.178433 sllm_store_c.py:29] call client load into gpu
DEBUG 04-24 11:11:14.180617.180617 cuda_h.py:27] end **self_attn cost 1.619 ms
DEBUG 04-24 11:11:14.180707.180707 cuda_h.py:27] end load_into_gpu_async cost 2.422 ms
DEBUG 04-24 11:11:14.180900.180900 cuda_h.py:27] end restore_tensors2 cost 0.120 ms
DEBUG 04-24 11:11:14.181043.181043 cuda_h.py:27] end allocate_cuda_memory_and_load_into_gpu cost 3.413 ms
DEBUG 04-24 11:11:14.181767.181767 cuda_h.py:27] end *iln_self_attn_paln cost 3.627 ms
DEBUG 04-24 11:11:14.182221.182221 cuda_h.py:27] end gate cost 0.695 ms
DEBUG 04-24 11:11:14.182262.182262 cuda_h.py:27] end experts_map_get cost 0.345 ms
DEBUG 04-24 11:11:14.182013.182013 cuda_h.py:27] end *before experts start* cost 1.224 ms
DEBUG 04-24 11:11:14.182829.182829 cuda_h.py:27] end cpu_experts_submit_fused_mp cost 0.211 ms
DEBUG 04-24 11:11:14.183279.183279 cuda_h.py:27] end *single cpu experts* cost 1.377 ms
DEBUG 04-24 11:11:14.186716.186716 cuda_h.py:27] end prepare_group_stack cost 0.654 ms
DEBUG 04-24 11:11:14.186545.186545 cuda_h.py:27] end prepare_group_stack cost 0.722 ms
DEBUG 04-24 11:11:14.186526.186526 cuda_h.py:27] end prepare_group_stack cost 0.673 ms
DEBUG 04-24 11:11:14.186111.186111 sllm_store_c.py:27] get device uuid map
DEBUG 04-24 11:11:14.186319.186319 sllm_store_c.py:29] call client load into gpu
DEBUG 04-24 11:11:14.186410.186410 cuda_h.py:27] end prepare_group_stack cost 0.477 ms
DEBUG 04-24 11:11:14.187141.187141 cuda_h.py:27] end group stack cost 0.896 ms
DEBUG 04-24 11:11:14.187732.187732 cuda_h.py:27] end group stack cost 0.940 ms
DEBUG 04-24 11:11:14.187632.187632 cuda_h.py:27] end move_flatidxs_group_fused_mp cost 1.915 ms
DEBUG 04-24 11:11:14.187037.187037 cuda_h.py:27] end move_flatidxs_group_fused_mp cost 1.983 ms
DEBUG 04-24 11:11:14.187167.187167 cuda_h.py:27] end get_fused_experts_names_w cost 0.029 ms
DEBUG 04-24 11:11:14.187127.187127 cuda_h.py:27] end get_fused_experts_names_w cost 0.026 ms
DEBUG 04-24 11:11:14.187028.187028 cuda_h.py:27] end group stack cost 1.439 ms
DEBUG 04-24 11:11:14.187787.187787 cuda_h.py:27] end move_flatidxs_group_fused_mp cost 2.369 ms
DEBUG 04-24 11:11:14.188460.188460 cuda_h.py:27] end get_fused_experts_names_w cost 0.024 ms
DEBUG 04-24 11:11:14.188824.188824 cuda_h.py:27] end group stack cost 1.133 ms
DEBUG 04-24 11:11:14.188669.188669 cuda_h.py:27] end restore_fused_tensors cost 0.617 ms
DEBUG 04-24 11:11:14.188167.188167 cuda_h.py:27] end move_flatidxs_group_fused_mp cost 1.979 ms
DEBUG 04-24 11:11:14.188660.188660 cuda_h.py:27] end restore_fused_tensors cost 0.762 ms
DEBUG 04-24 11:11:14.188875.188875 cuda_h.py:27] end group_fused_tensors_mp cost 1.003 ms
DEBUG 04-24 11:11:14.188492.188492 cuda_h.py:27] end group_fused_tensors_mp cost 1.044 ms
DEBUG 04-24 11:11:14.188360.188360 cuda_h.py:27] end get_fused_experts_names_w cost 0.024 ms
DEBUG 04-24 11:11:14.188249.188249 cuda_h.py:27] end restore_fused_tensors cost 0.497 ms
DEBUG 04-24 11:11:14.188961.188961 cuda_h.py:27] end group_fused_tensors_mp cost 0.748 ms
DEBUG 04-24 11:11:14.189208.189208 cuda_h.py:27] end restore2model cost 0.874 ms
DEBUG 04-24 11:11:14.189695.189695 cuda_h.py:27] end sllm_worker_task cost 11.623 ms
DEBUG 04-24 11:11:14.189234.189234 cuda_h.py:27] end restore_fused_tensors cost 0.627 ms
DEBUG 04-24 11:11:14.189801.189801 cuda_h.py:27] end group_fused_tensors_mp cost 0.951 ms
DEBUG 04-24 11:11:14.189450.189450 cuda_h.py:27] end load_into_gpu_async_fused_experts_dual cost 3.193 ms
DEBUG 04-24 11:11:14.189950.189950 cuda_h.py:27] end restore_tensors2_fused_experts_packed cost 0.083 ms
DEBUG 04-24 11:11:14.191267.191267 cuda_h.py:27] end restore_tensors2_fused_experts_slices cost 1.070 ms
DEBUG 04-24 11:11:14.195731.195731 cuda_h.py:27] end allocate_experts_cuda_memory_and_restore_model_multi_device_fused cost 10.774 ms
DEBUG 04-24 11:11:14.195872.195872 cuda_h.py:27] end gpu_sexperts cost 0.036 ms
DEBUG 04-24 11:11:14.196638.196638 cuda_h.py:27] end wait_load_qkvogn_s_weight cost 0.073 ms
DEBUG 04-24 11:11:14.202475.202475 mlpmodule.py:3373] [fused_group_bmm][steps] bmm1=8.160 ms split=0.096 ms act_mul=0.340 ms bmm2=3.809 ms
DEBUG 04-24 11:11:14.202334.202334 cuda_h.py:27] end fused_group_bmm cost 12.781 ms
DEBUG 04-24 11:11:14.203085.203085 cuda_h.py:27] end gather_outputs_group_fused_mp cost 0.653 ms
DEBUG 04-24 11:11:14.203925.203925 mlpmodule.py:3373] [fused_group_bmm][steps] bmm1=9.028 ms split=0.092 ms act_mul=0.495 ms bmm2=4.817 ms
DEBUG 04-24 11:11:14.203814.203814 cuda_h.py:27] end fused_group_bmm cost 14.707 ms
DEBUG 04-24 11:11:14.203090.203090 cuda_h.py:27] end cpu_experts_worker_bmm_or_einsum_2 cost 18.516 ms
DEBUG 04-24 11:11:14.204499.204499 cuda_h.py:27] end gather_outputs_group_fused_mp cost 0.442 ms
DEBUG 04-24 11:11:14.204702.204702 cuda_h.py:27] end cpu_experts_worker_bmm_or_einsum_0 cost 20.345 ms
DEBUG 04-24 11:11:14.205455.205455 mlpmodule.py:3373] [fused_group_bmm][steps] bmm1=9.194 ms split=0.128 ms act_mul=0.609 ms bmm2=6.704 ms
DEBUG 04-24 11:11:14.205581.205581 cuda_h.py:27] end fused_group_bmm cost 16.869 ms
DEBUG 04-24 11:11:14.206106.206106 cuda_h.py:27] end gather_outputs_group_fused_mp cost 0.408 ms
DEBUG 04-24 11:11:14.206235.206235 mlpmodule.py:3373] [fused_group_bmm][steps] bmm1=8.858 ms split=0.133 ms act_mul=0.386 ms bmm2=8.009 ms
DEBUG 04-24 11:11:14.206065.206065 cuda_h.py:27] end fused_group_bmm cost 17.684 ms
DEBUG 04-24 11:11:14.206736.206736 cuda_h.py:27] end cpu_experts_worker_bmm_or_einsum_1 cost 22.351 ms
DEBUG 04-24 11:11:14.207256.207256 cuda_h.py:27] end gather_outputs_group_fused_mp cost 0.465 ms
DEBUG 04-24 11:11:14.207300.207300 cuda_h.py:27] end cpu_experts_worker_bmm_or_einsum_3 cost 23.511 ms
DEBUG 04-24 11:11:14.212052.212052 cuda_h.py:27] end prepare_per_device_parameters cost 15.571 ms
DEBUG 04-24 11:11:14.215079.215079 cuda_h.py:27] end cpu_experts_scatter_reduce cost 1.057 ms
DEBUG 04-24 11:11:14.215805.215805 cuda_h.py:27] end cpu_thread_manager_mp_wait_fused cost 3.128 ms
DEBUG 04-24 11:11:14.216940.216940 cuda_h.py:27] end wait_experts_multi_device cost 1.635 ms
DEBUG 04-24 11:11:14.217260.217260 cuda_h.py:27] end *before fused experts* cost 32.987 ms
DEBUG 04-24 11:11:14.222736.222736 cuda_h.py:27] end gpu_experts_multi_device_fused cost 5.857 ms
DEBUG 04-24 11:11:14.223090.223090 cuda_h.py:27] end *gpu experts* cost 38.970 ms
DEBUG 04-24 11:11:14.223059.223059 cuda_h.py:27] end layer_moe_generate_mp_multi_device_fused_l_16 cost 41.777 ms
DEBUG 04-24 11:11:14.224095.224095 cuda_h.py:27] end *mlp cost 43.031 ms
DEBUG 04-24 11:11:14.224720.224720 cuda_h.py:27] end prefill_layer cost 47.092 ms
DEBUG 04-24 11:11:14.224906.224906 lmp.py:341] -------------------------------- end prefill layer 15 --------------------------------
DEBUG 04-24 11:11:14.224305.224305 lmp.py:294] -------------------------------- start prefill layer 16 --------------------------------
DEBUG 04-24 11:11:14.224895.224895 cuda_h.py:27] end start_load_qkvogn_s_weight_l_17 cost 0.059 ms
DEBUG 04-24 11:11:14.225667.225667 cuda_h.py:27] end allocate_cuda_memory cost 0.316 ms
DEBUG 04-24 11:11:14.225138.225138 sllm_store_c.py:27] get device uuid map
DEBUG 04-24 11:11:14.225421.225421 sllm_store_c.py:29] call client load into gpu
DEBUG 04-24 11:11:14.227562.227562 cuda_h.py:27] end load_into_gpu_async cost 1.786 ms
DEBUG 04-24 11:11:14.227093.227093 cuda_h.py:27] end restore_tensors2 cost 0.146 ms
DEBUG 04-24 11:11:14.227552.227552 cuda_h.py:27] end allocate_cuda_memory_and_load_into_gpu cost 2.695 ms
DEBUG 04-24 11:11:14.228075.228075 cuda_h.py:27] end **self_attn cost 2.119 ms
DEBUG 04-24 11:11:14.228820.228820 cuda_h.py:27] end *iln_self_attn_paln cost 3.770 ms
DEBUG 04-24 11:11:14.229734.229734 cuda_h.py:27] end gate cost 0.696 ms
DEBUG 04-24 11:11:14.229470.229470 cuda_h.py:27] end experts_map_get cost 0.335 ms
DEBUG 04-24 11:11:14.229029.229029 cuda_h.py:27] end *before experts start* cost 1.208 ms
DEBUG 04-24 11:11:14.230951.230951 cuda_h.py:27] end cpu_experts_submit_fused_mp cost 0.231 ms
DEBUG 04-24 11:11:14.231967.231967 cuda_h.py:27] end *single cpu experts* cost 1.500 ms
DEBUG 04-24 11:11:14.233461.233461 sllm_store_c.py:27] get device uuid map
DEBUG 04-24 11:11:14.233961.233961 sllm_store_c.py:29] call client load into gpu
DEBUG 04-24 11:11:14.233179.233179 cuda_h.py:27] end prepare_group_stack cost 0.448 ms
DEBUG 04-24 11:11:14.234845.234845 cuda_h.py:27] end prepare_group_stack cost 1.450 ms
DEBUG 04-24 11:11:14.234037.234037 cuda_h.py:27] end prepare_group_stack cost 1.412 ms
DEBUG 04-24 11:11:14.234474.234474 cuda_h.py:27] end prepare_group_stack cost 1.378 ms
DEBUG 04-24 11:11:14.236264.236264 cuda_h.py:27] end group stack cost 1.763 ms
DEBUG 04-24 11:11:14.236093.236093 cuda_h.py:27] end group stack cost 1.459 ms
DEBUG 04-24 11:11:14.236689.236689 cuda_h.py:27] end group stack cost 1.456 ms
DEBUG 04-24 11:11:14.236189.236189 cuda_h.py:27] end move_flatidxs_group_fused_mp cost 3.309 ms
DEBUG 04-24 11:11:14.236833.236833 cuda_h.py:27] end move_flatidxs_group_fused_mp cost 3.293 ms
DEBUG 04-24 11:11:14.236462.236462 cuda_h.py:27] end move_flatidxs_group_fused_mp cost 3.263 ms
DEBUG 04-24 11:11:14.236643.236643 cuda_h.py:27] end group stack cost 1.809 ms
DEBUG 04-24 11:11:14.236698.236698 cuda_h.py:27] end get_fused_experts_names_w cost 0.027 ms
DEBUG 04-24 11:11:14.240044.240044 cuda_h.py:27] end restore2model cost 0.907 ms
DEBUG 04-24 11:11:14.247955.247955 cuda_h.py:27] end get_fused_experts_names_w cost 0.024 ms
DEBUG 04-24 11:11:14.248244.248244 cuda_h.py:27] end move_flatidxs_group_fused_mp cost 14.893 ms
DEBUG 04-24 11:11:14.247432.247432 cuda_h.py:27] end get_fused_experts_names_w cost 0.063 ms
DEBUG 04-24 11:11:14.240843.240843 cuda_h.py:27] end load_into_gpu_async_fused_experts_dual cost 7.651 ms
DEBUG 04-24 11:11:14.248784.248784 cuda_h.py:27] end get_fused_experts_names_w cost 0.027 ms
DEBUG 04-24 11:11:14.248913.248913 cuda_h.py:27] end sllm_worker_task cost 22.966 ms
DEBUG 04-24 11:11:14.248142.248142 cuda_h.py:27] end restore_tensors2_fused_experts_packed cost 0.103 ms
DEBUG 04-24 11:11:14.248393.248393 cuda_h.py:27] end restore_fused_tensors cost 0.525 ms
DEBUG 04-24 11:11:14.248243.248243 cuda_h.py:27] end group_fused_tensors_mp cost 11.954 ms
DEBUG 04-24 11:11:14.248084.248084 cuda_h.py:27] end restore_fused_tensors cost 0.676 ms
DEBUG 04-24 11:11:14.248623.248623 cuda_h.py:27] end group_fused_tensors_mp cost 1.196 ms
DEBUG 04-24 11:11:14.248723.248723 cuda_h.py:27] end restore_fused_tensors cost 0.644 ms
DEBUG 04-24 11:11:14.248666.248666 cuda_h.py:27] end restore_fused_tensors cost 0.841 ms
DEBUG 04-24 11:11:14.249339.249339 cuda_h.py:27] end group_fused_tensors_mp cost 0.966 ms
DEBUG 04-24 11:11:14.249775.249775 cuda_h.py:27] end restore_tensors2_fused_experts_slices cost 0.457 ms
DEBUG 04-24 11:11:14.249134.249134 cuda_h.py:27] end group_fused_tensors_mp cost 1.289 ms
DEBUG 04-24 11:11:14.249665.249665 cuda_h.py:27] end allocate_experts_cuda_memory_and_restore_model_multi_device_fused cost 17.781 ms
DEBUG 04-24 11:11:14.249994.249994 cuda_h.py:27] end gpu_sexperts cost 0.007 ms
DEBUG 04-24 11:11:14.249351.249351 cuda_h.py:27] end wait_load_qkvogn_s_weight cost 0.027 ms
DEBUG 04-24 11:11:14.262778.262778 cuda_h.py:27] end prepare_per_device_parameters cost 12.723 ms
DEBUG 04-24 11:11:14.263328.263328 mlpmodule.py:3373] [fused_group_bmm][steps] bmm1=10.131 ms split=0.130 ms act_mul=0.440 ms bmm2=3.684 ms
DEBUG 04-24 11:11:14.265392.265392 cuda_h.py:27] end fused_group_bmm cost 16.518 ms
DEBUG 04-24 11:11:14.266741.266741 cuda_h.py:27] end gather_outputs_group_fused_mp cost 0.445 ms
DEBUG 04-24 11:11:14.266203.266203 cuda_h.py:27] end cpu_experts_worker_bmm_or_einsum_0 cost 34.601 ms
DEBUG 04-24 11:11:14.268878.268878 mlpmodule.py:3373] [fused_group_bmm][steps] bmm1=12.909 ms split=0.266 ms act_mul=0.473 ms bmm2=5.136 ms
DEBUG 04-24 11:11:14.268752.268752 cuda_h.py:27] end fused_group_bmm cost 19.011 ms
DEBUG 04-24 11:11:14.268744.268744 mlpmodule.py:3373] [fused_group_bmm][steps] bmm1=13.551 ms split=0.140 ms act_mul=0.895 ms bmm2=5.576 ms
DEBUG 04-24 11:11:14.269419.269419 cuda_h.py:27] end fused_group_bmm cost 20.377 ms
DEBUG 04-24 11:11:14.269743.269743 cuda_h.py:27] end gather_outputs_group_fused_mp cost 0.474 ms
DEBUG 04-24 11:11:14.269628.269628 cuda_h.py:27] end gather_outputs_group_fused_mp cost 0.457 ms
DEBUG 04-24 11:11:14.270661.270661 cuda_h.py:27] end cpu_experts_worker_bmm_or_einsum_3 cost 38.047 ms
DEBUG 04-24 11:11:14.270570.270570 cuda_h.py:27] end cpu_experts_worker_bmm_or_einsum_1 cost 38.221 ms
DEBUG 04-24 11:11:14.364847.364847 mlpmodule.py:3373] [fused_group_bmm][steps] bmm1=28.062 ms split=0.085 ms act_mul=56.433 ms bmm2=30.771 ms
DEBUG 04-24 11:11:14.364369.364369 cuda_h.py:27] end fused_group_bmm cost 115.551 ms
DEBUG 04-24 11:11:14.365387.365387 cuda_h.py:27] end gather_outputs_group_fused_mp cost 0.289 ms
DEBUG 04-24 11:11:14.365049.365049 cuda_h.py:27] end cpu_experts_worker_bmm_or_einsum_2 cost 133.426 ms
DEBUG 04-24 11:11:14.368087.368087 cuda_h.py:27] end cpu_experts_scatter_reduce cost 1.793 ms
DEBUG 04-24 11:11:14.368451.368451 cuda_h.py:27] end cpu_thread_manager_mp_wait_fused cost 106.019 ms
DEBUG 04-24 11:11:14.371126.371126 cuda_h.py:27] end wait_experts_multi_device cost 2.040 ms
DEBUG 04-24 11:11:14.371012.371012 cuda_h.py:27] end *before fused experts* cost 139.702 ms
DEBUG 04-24 11:11:14.380896.380896 cuda_h.py:27] end gpu_experts_multi_device_fused cost 8.908 ms
DEBUG 04-24 11:11:14.380570.380570 cuda_h.py:27] end *gpu experts* cost 148.859 ms
DEBUG 04-24 11:11:14.380781.380781 cuda_h.py:27] end layer_moe_generate_mp_multi_device_fused_l_17 cost 151.823 ms
DEBUG 04-24 11:11:14.382560.382560 cuda_h.py:27] end *mlp cost 153.550 ms
DEBUG 04-24 11:11:14.382369.382369 cuda_h.py:27] end prefill_layer cost 157.762 ms
DEBUG 04-24 11:11:14.382140.382140 lmp.py:341] -------------------------------- end prefill layer 16 --------------------------------
DEBUG 04-24 11:11:14.382645.382645 lmp.py:294] -------------------------------- start prefill layer 17 --------------------------------
DEBUG 04-24 11:11:14.383489.383489 cuda_h.py:27] end start_load_qkvogn_s_weight_l_18 cost 0.043 ms
DEBUG 04-24 11:11:14.383708.383708 cuda_h.py:27] end allocate_cuda_memory cost 0.424 ms
DEBUG 04-24 11:11:14.383234.383234 sllm_store_c.py:27] get device uuid map
DEBUG 04-24 11:11:14.384233.384233 sllm_store_c.py:29] call client load into gpu
DEBUG 04-24 11:11:14.386511.386511 cuda_h.py:27] end **self_attn cost 2.117 ms
DEBUG 04-24 11:11:14.386295.386295 cuda_h.py:27] end *iln_self_attn_paln cost 3.559 ms
DEBUG 04-24 11:11:14.387212.387212 cuda_h.py:27] end load_into_gpu_async cost 3.102 ms
DEBUG 04-24 11:11:14.387371.387371 cuda_h.py:27] end restore_tensors2 cost 0.202 ms
DEBUG 04-24 11:11:14.387534.387534 cuda_h.py:27] end allocate_cuda_memory_and_load_into_gpu cost 4.592 ms
DEBUG 04-24 11:11:14.388665.388665 cuda_h.py:27] end gate cost 1.159 ms
DEBUG 04-24 11:11:14.388527.388527 cuda_h.py:27] end experts_map_get cost 0.327 ms
DEBUG 04-24 11:11:14.388986.388986 cuda_h.py:27] end *before experts start* cost 1.654 ms
DEBUG 04-24 11:11:14.389048.389048 cuda_h.py:27] end cpu_experts_submit_fused_mp cost 0.258 ms
DEBUG 04-24 11:11:14.390799.390799 cuda_h.py:27] end *single cpu experts* cost 1.720 ms
DEBUG 04-24 11:11:14.392907.392907 cuda_h.py:27] end prepare_group_stack cost 0.699 ms
DEBUG 04-24 11:11:14.393451.393451 cuda_h.py:27] end prepare_group_stack cost 0.490 ms
DEBUG 04-24 11:11:14.393658.393658 sllm_store_c.py:27] get device uuid map
DEBUG 04-24 11:11:14.393872.393872 sllm_store_c.py:29] call client load into gpu
DEBUG 04-24 11:11:14.393500.393500 cuda_h.py:27] end prepare_group_stack cost 0.778 ms
DEBUG 04-24 11:11:14.393735.393735 cuda_h.py:27] end prepare_group_stack cost 0.810 ms
DEBUG 04-24 11:11:14.393377.393377 cuda_h.py:27] end group stack cost 1.386 ms
DEBUG 04-24 11:11:14.394420.394420 cuda_h.py:27] end move_flatidxs_group_fused_mp cost 2.617 ms
DEBUG 04-24 11:11:14.394144.394144 cuda_h.py:27] end group stack cost 1.224 ms
DEBUG 04-24 11:11:14.394326.394326 cuda_h.py:27] end move_flatidxs_group_fused_mp cost 1.926 ms
DEBUG 04-24 11:11:14.394001.394001 cuda_h.py:27] end get_fused_experts_names_w cost 0.037 ms
DEBUG 04-24 11:11:14.394800.394800 cuda_h.py:27] end get_fused_experts_names_w cost 0.024 ms
DEBUG 04-24 11:11:14.395240.395240 cuda_h.py:27] end restore_fused_tensors cost 0.629 ms
DEBUG 04-24 11:11:14.395044.395044 cuda_h.py:27] end group_fused_tensors_mp cost 0.770 ms
DEBUG 04-24 11:11:14.395258.395258 cuda_h.py:27] end restore_fused_tensors cost 1.201 ms
DEBUG 04-24 11:11:14.396110.396110 cuda_h.py:27] end group stack cost 2.130 ms
DEBUG 04-24 11:11:14.396767.396767 cuda_h.py:27] end group_fused_tensors_mp cost 1.762 ms
DEBUG 04-24 11:11:14.396712.396712 cuda_h.py:27] end move_flatidxs_group_fused_mp cost 3.592 ms
DEBUG 04-24 11:11:14.396573.396573 cuda_h.py:27] end get_fused_experts_names_w cost 0.031 ms
DEBUG 04-24 11:11:14.397334.397334 cuda_h.py:27] end restore_fused_tensors cost 0.871 ms
DEBUG 04-24 11:11:14.397636.397636 cuda_h.py:27] end group_fused_tensors_mp cost 1.099 ms
DEBUG 04-24 11:11:14.398048.398048 cuda_h.py:27] end restore2model cost 2.101 ms
DEBUG 04-24 11:11:14.398515.398515 cuda_h.py:27] end sllm_worker_task cost 15.312 ms
DEBUG 04-24 11:11:14.398453.398453 cuda_h.py:27] end load_into_gpu_async_fused_experts_dual cost 5.523 ms
DEBUG 04-24 11:11:14.399179.399179 cuda_h.py:27] end restore_tensors2_fused_experts_packed cost 0.241 ms
DEBUG 04-24 11:11:14.399938.399938 cuda_h.py:27] end group stack cost 5.309 ms
DEBUG 04-24 11:11:14.400562.400562 cuda_h.py:27] end move_flatidxs_group_fused_mp cost 7.559 ms
DEBUG 04-24 11:11:14.400768.400768 cuda_h.py:27] end restore_tensors2_fused_experts_slices cost 0.961 ms
DEBUG 04-24 11:11:14.400194.400194 cuda_h.py:27] end get_fused_experts_names_w cost 0.189 ms
DEBUG 04-24 11:11:14.401362.401362 cuda_h.py:27] end allocate_experts_cuda_memory_and_restore_model_multi_device_fused cost 10.573 ms
DEBUG 04-24 11:11:14.401906.401906 cuda_h.py:27] end gpu_sexperts cost 0.022 ms
DEBUG 04-24 11:11:14.401606.401606 cuda_h.py:27] end wait_load_qkvogn_s_weight cost 0.064 ms
DEBUG 04-24 11:11:14.401017.401017 cuda_h.py:27] end restore_fused_tensors cost 0.732 ms
DEBUG 04-24 11:11:14.401398.401398 cuda_h.py:27] end group_fused_tensors_mp cost 1.372 ms
DEBUG 04-24 11:11:14.412093.412093 mlpmodule.py:3373] [fused_group_bmm][steps] bmm1=8.559 ms split=0.103 ms act_mul=0.710 ms bmm2=7.742 ms
DEBUG 04-24 11:11:14.413665.413665 cuda_h.py:27] end fused_group_bmm cost 17.395 ms
DEBUG 04-24 11:11:14.413362.413362 cuda_h.py:27] end gather_outputs_group_fused_mp cost 0.400 ms
DEBUG 04-24 11:11:14.413557.413557 mlpmodule.py:3373] [fused_group_bmm][steps] bmm1=8.049 ms split=0.085 ms act_mul=0.429 ms bmm2=8.801 ms
DEBUG 04-24 11:11:14.413888.413888 cuda_h.py:27] end fused_group_bmm cost 17.634 ms
DEBUG 04-24 11:11:14.414989.414989 cuda_h.py:27] end cpu_experts_worker_bmm_or_einsum_2 cost 22.696 ms
DEBUG 04-24 11:11:14.414289.414289 mlpmodule.py:3373] [fused_group_bmm][steps] bmm1=7.273 ms split=0.203 ms act_mul=0.701 ms bmm2=8.333 ms
DEBUG 04-24 11:11:14.414104.414104 cuda_h.py:27] end fused_group_bmm cost 16.760 ms
DEBUG 04-24 11:11:14.414758.414758 cuda_h.py:27] end gather_outputs_group_fused_mp cost 0.445 ms
DEBUG 04-24 11:11:14.415313.415313 cuda_h.py:27] end gather_outputs_group_fused_mp cost 0.388 ms
DEBUG 04-24 11:11:14.415795.415795 cuda_h.py:27] end cpu_experts_worker_bmm_or_einsum_0 cost 24.834 ms
DEBUG 04-24 11:11:14.415333.415333 cuda_h.py:27] end prepare_per_device_parameters cost 13.657 ms
DEBUG 04-24 11:11:14.415187.415187 cuda_h.py:27] end cpu_experts_worker_bmm_or_einsum_3 cost 24.268 ms
DEBUG 04-24 11:11:14.420635.420635 mlpmodule.py:3373] [fused_group_bmm][steps] bmm1=11.889 ms split=0.189 ms act_mul=0.413 ms bmm2=5.722 ms
DEBUG 04-24 11:11:14.420047.420047 cuda_h.py:27] end fused_group_bmm cost 18.485 ms
DEBUG 04-24 11:11:14.421886.421886 cuda_h.py:27] end gather_outputs_group_fused_mp cost 0.403 ms
DEBUG 04-24 11:11:14.421733.421733 cuda_h.py:27] end cpu_experts_worker_bmm_or_einsum_1 cost 30.108 ms
DEBUG 04-24 11:11:14.423113.423113 cuda_h.py:27] end cpu_experts_scatter_reduce cost 0.881 ms
DEBUG 04-24 11:11:14.423263.423263 cuda_h.py:27] end cpu_thread_manager_mp_wait_fused cost 8.066 ms
DEBUG 04-24 11:11:14.425246.425246 cuda_h.py:27] end wait_experts_multi_device cost 1.403 ms
DEBUG 04-24 11:11:14.425481.425481 cuda_h.py:27] end *before fused experts* cost 34.742 ms
DEBUG 04-24 11:11:14.430805.430805 cuda_h.py:27] end gpu_experts_multi_device_fused cost 4.859 ms
DEBUG 04-24 11:11:14.430973.430973 cuda_h.py:27] end *gpu experts* cost 39.740 ms
DEBUG 04-24 11:11:14.430658.430658 cuda_h.py:27] end layer_moe_generate_mp_multi_device_fused_l_18 cost 43.300 ms
DEBUG 04-24 11:11:14.431847.431847 cuda_h.py:27] end *mlp cost 44.596 ms
DEBUG 04-24 11:11:14.431508.431508 cuda_h.py:27] end prefill_layer cost 48.920 ms
DEBUG 04-24 11:11:14.432132.432132 lmp.py:341] -------------------------------- end prefill layer 17 --------------------------------
DEBUG 04-24 11:11:14.432164.432164 lmp.py:294] -------------------------------- start prefill layer 18 --------------------------------
DEBUG 04-24 11:11:14.432392.432392 cuda_h.py:27] end start_load_qkvogn_s_weight_l_19 cost 0.049 ms
DEBUG 04-24 11:11:14.432919.432919 cuda_h.py:27] end allocate_cuda_memory cost 0.219 ms
DEBUG 04-24 11:11:14.432938.432938 sllm_store_c.py:27] get device uuid map
DEBUG 04-24 11:11:14.433413.433413 sllm_store_c.py:29] call client load into gpu
DEBUG 04-24 11:11:14.434888.434888 cuda_h.py:27] end load_into_gpu_async cost 1.680 ms
DEBUG 04-24 11:11:14.434571.434571 cuda_h.py:27] end restore_tensors2 cost 0.109 ms
DEBUG 04-24 11:11:14.434474.434474 cuda_h.py:27] end **self_attn cost 1.713 ms
DEBUG 04-24 11:11:14.435307.435307 cuda_h.py:27] end allocate_cuda_memory_and_load_into_gpu cost 2.545 ms
DEBUG 04-24 11:11:14.435103.435103 cuda_h.py:27] end *iln_self_attn_paln cost 3.077 ms
DEBUG 04-24 11:11:14.438556.438556 cuda_h.py:27] end gate cost 2.582 ms
DEBUG 04-24 11:11:14.438205.438205 cuda_h.py:27] end experts_map_get cost 0.312 ms
DEBUG 04-24 11:11:14.438750.438750 cuda_h.py:27] end *before experts start* cost 3.051 ms
DEBUG 04-24 11:11:14.438911.438911 cuda_h.py:27] end cpu_experts_submit_fused_mp cost 0.231 ms
DEBUG 04-24 11:11:14.439109.439109 cuda_h.py:27] end *single cpu experts* cost 1.216 ms
DEBUG 04-24 11:11:14.441000.441000 cuda_h.py:27] end prepare_group_stack cost 0.541 ms
DEBUG 04-24 11:11:14.442745.442745 cuda_h.py:27] end group stack cost 1.209 ms
DEBUG 04-24 11:11:14.442049.442049 cuda_h.py:27] end prepare_group_stack cost 0.545 ms
DEBUG 04-24 11:11:14.442675.442675 cuda_h.py:27] end move_flatidxs_group_fused_mp cost 1.932 ms
DEBUG 04-24 11:11:14.442725.442725 cuda_h.py:27] end get_fused_experts_names_w cost 0.022 ms
DEBUG 04-24 11:11:14.442897.442897 sllm_store_c.py:27] get device uuid map
DEBUG 04-24 11:11:14.442890.442890 cuda_h.py:27] end prepare_group_stack cost 0.628 ms
DEBUG 04-24 11:11:14.443462.443462 sllm_store_c.py:29] call client load into gpu
DEBUG 04-24 11:11:14.443478.443478 cuda_h.py:27] end restore_fused_tensors cost 0.534 ms
DEBUG 04-24 11:11:14.443096.443096 cuda_h.py:27] end group_fused_tensors_mp cost 0.813 ms
DEBUG 04-24 11:11:14.444948.444948 cuda_h.py:27] end group stack cost 1.404 ms
DEBUG 04-24 11:11:14.444972.444972 cuda_h.py:27] end move_flatidxs_group_fused_mp cost 2.247 ms
DEBUG 04-24 11:11:14.444002.444002 cuda_h.py:27] end get_fused_experts_names_w cost 0.025 ms
DEBUG 04-24 11:11:14.445173.445173 cuda_h.py:27] end group stack cost 2.011 ms
DEBUG 04-24 11:11:14.445803.445803 cuda_h.py:27] end restore_fused_tensors cost 0.708 ms
DEBUG 04-24 11:11:14.445458.445458 cuda_h.py:27] end move_flatidxs_group_fused_mp cost 3.199 ms
DEBUG 04-24 11:11:14.445961.445961 cuda_h.py:27] end restore2model cost 1.149 ms
DEBUG 04-24 11:11:14.445586.445586 cuda_h.py:27] end group_fused_tensors_mp cost 1.056 ms
DEBUG 04-24 11:11:14.445078.445078 cuda_h.py:27] end sllm_worker_task cost 13.296 ms
DEBUG 04-24 11:11:14.445886.445886 cuda_h.py:27] end prepare_group_stack cost 4.812 ms
DEBUG 04-24 11:11:14.445966.445966 cuda_h.py:27] end get_fused_experts_names_w cost 0.035 ms
DEBUG 04-24 11:11:14.446739.446739 cuda_h.py:27] end group stack cost 0.597 ms
DEBUG 04-24 11:11:14.446491.446491 cuda_h.py:27] end move_flatidxs_group_fused_mp cost 5.701 ms
DEBUG 04-24 11:11:14.446317.446317 cuda_h.py:27] end get_fused_experts_names_w cost 0.034 ms
DEBUG 04-24 11:11:14.447109.447109 cuda_h.py:27] end restore_fused_tensors cost 1.119 ms
DEBUG 04-24 11:11:14.447455.447455 cuda_h.py:27] end group_fused_tensors_mp cost 1.598 ms
DEBUG 04-24 11:11:14.447500.447500 cuda_h.py:27] end load_into_gpu_async_fused_experts_dual cost 4.378 ms
DEBUG 04-24 11:11:14.447733.447733 cuda_h.py:27] end restore_fused_tensors cost 0.608 ms
DEBUG 04-24 11:11:14.447099.447099 cuda_h.py:27] end group_fused_tensors_mp cost 0.864 ms
DEBUG 04-24 11:11:14.447457.447457 cuda_h.py:27] end restore_tensors2_fused_experts_packed cost 0.147 ms
DEBUG 04-24 11:11:14.448276.448276 cuda_h.py:27] end restore_tensors2_fused_experts_slices cost 0.694 ms
DEBUG 04-24 11:11:14.449956.449956 cuda_h.py:27] end allocate_experts_cuda_memory_and_restore_model_multi_device_fused cost 9.198 ms
DEBUG 04-24 11:11:14.449666.449666 cuda_h.py:27] end gpu_sexperts cost 0.028 ms
DEBUG 04-24 11:11:14.449194.449194 cuda_h.py:27] end wait_load_qkvogn_s_weight cost 0.081 ms
DEBUG 04-24 11:11:14.455175.455175 mlpmodule.py:3373] [fused_group_bmm][steps] bmm1=4.514 ms split=0.114 ms act_mul=0.387 ms bmm2=2.783 ms
DEBUG 04-24 11:11:14.456455.456455 cuda_h.py:27] end fused_group_bmm cost 8.131 ms
DEBUG 04-24 11:11:14.456502.456502 cuda_h.py:27] end gather_outputs_group_fused_mp cost 0.546 ms
DEBUG 04-24 11:11:14.457988.457988 cuda_h.py:27] end cpu_experts_worker_bmm_or_einsum_0 cost 17.323 ms
DEBUG 04-24 11:11:14.463487.463487 mlpmodule.py:3373] [fused_group_bmm][steps] bmm1=11.454 ms split=0.106 ms act_mul=0.915 ms bmm2=3.650 ms
DEBUG 04-24 11:11:14.464808.464808 cuda_h.py:27] end fused_group_bmm cost 16.496 ms
DEBUG 04-24 11:11:14.464252.464252 cuda_h.py:27] end gather_outputs_group_fused_mp cost 0.564 ms
DEBUG 04-24 11:11:14.465075.465075 cuda_h.py:27] end cpu_experts_worker_bmm_or_einsum_3 cost 23.966 ms
DEBUG 04-24 11:11:14.465019.465019 mlpmodule.py:3373] [fused_group_bmm][steps] bmm1=13.322 ms split=0.110 ms act_mul=0.612 ms bmm2=5.218 ms
DEBUG 04-24 11:11:14.465658.465658 cuda_h.py:27] end fused_group_bmm cost 19.596 ms
DEBUG 04-24 11:11:14.466751.466751 cuda_h.py:27] end gather_outputs_group_fused_mp cost 0.449 ms
DEBUG 04-24 11:11:14.466385.466385 cuda_h.py:27] end cpu_experts_worker_bmm_or_einsum_1 cost 25.554 ms
DEBUG 04-24 11:11:14.467664.467664 cuda_h.py:27] end prepare_per_device_parameters cost 16.856 ms
DEBUG 04-24 11:11:14.556093.556093 mlpmodule.py:3373] [fused_group_bmm][steps] bmm1=17.339 ms split=0.104 ms act_mul=66.358 ms bmm2=28.908 ms
DEBUG 04-24 11:11:14.556781.556781 cuda_h.py:27] end fused_group_bmm cost 112.888 ms
DEBUG 04-24 11:11:14.557772.557772 cuda_h.py:27] end gather_outputs_group_fused_mp cost 0.303 ms
DEBUG 04-24 11:11:14.557603.557603 cuda_h.py:27] end cpu_experts_worker_bmm_or_einsum_2 cost 117.453 ms
DEBUG 04-24 11:11:14.586811.586811 cuda_h.py:27] end cpu_experts_scatter_reduce cost 1.340 ms
DEBUG 04-24 11:11:14.586220.586220 cuda_h.py:27] end cpu_thread_manager_mp_wait_fused cost 119.708 ms
DEBUG 04-24 11:11:14.589193.589193 cuda_h.py:27] end wait_experts_multi_device cost 2.481 ms
DEBUG 04-24 11:11:14.589933.589933 cuda_h.py:27] end *before fused experts* cost 149.733 ms
DEBUG 04-24 11:11:14.601987.601987 cuda_h.py:27] end gpu_experts_multi_device_fused cost 11.392 ms
DEBUG 04-24 11:11:14.601155.601155 cuda_h.py:27] end *gpu experts* cost 161.318 ms
DEBUG 04-24 11:11:14.601821.601821 cuda_h.py:27] end layer_moe_generate_mp_multi_device_fused_l_19 cost 165.775 ms
DEBUG 04-24 11:11:14.723909.723909 cuda_h.py:27] end *mlp cost 287.856 ms
DEBUG 04-24 11:11:14.723375.723375 cuda_h.py:27] end prefill_layer cost 291.132 ms
DEBUG 04-24 11:11:14.723847.723847 lmp.py:341] -------------------------------- end prefill layer 18 --------------------------------
DEBUG 04-24 11:11:14.723404.723404 lmp.py:294] -------------------------------- start prefill layer 19 --------------------------------
DEBUG 04-24 11:11:14.723785.723785 cuda_h.py:27] end start_load_qkvogn_s_weight_l_20 cost 0.055 ms
DEBUG 04-24 11:11:14.724789.724789 cuda_h.py:27] end allocate_cuda_memory cost 0.430 ms
DEBUG 04-24 11:11:14.724744.724744 sllm_store_c.py:27] get device uuid map
DEBUG 04-24 11:11:14.725865.725865 sllm_store_c.py:29] call client load into gpu
DEBUG 04-24 11:11:14.727508.727508 cuda_h.py:27] end **self_attn cost 2.181 ms
DEBUG 04-24 11:11:14.727260.727260 cuda_h.py:27] end *iln_self_attn_paln cost 3.798 ms
DEBUG 04-24 11:11:14.727473.727473 cuda_h.py:27] end load_into_gpu_async cost 3.369 ms
DEBUG 04-24 11:11:14.728783.728783 cuda_h.py:27] end restore_tensors2 cost 0.193 ms
DEBUG 04-24 11:11:14.728465.728465 cuda_h.py:27] end allocate_cuda_memory_and_load_into_gpu cost 4.717 ms
DEBUG 04-24 11:11:14.729400.729400 cuda_h.py:27] end gate cost 1.646 ms
DEBUG 04-24 11:11:14.729323.729323 cuda_h.py:27] end experts_map_get cost 0.348 ms
DEBUG 04-24 11:11:14.729027.729027 cuda_h.py:27] end *before experts start* cost 2.198 ms
DEBUG 04-24 11:11:14.730168.730168 cuda_h.py:27] end cpu_experts_submit_fused_mp cost 0.214 ms
DEBUG 04-24 11:11:14.732446.732446 cuda_h.py:27] end *single cpu experts* cost 2.376 ms
DEBUG 04-24 11:11:14.733555.733555 cuda_h.py:27] end prepare_group_stack cost 0.656 ms
DEBUG 04-24 11:11:14.734617.734617 cuda_h.py:27] end prepare_group_stack cost 0.681 ms
DEBUG 04-24 11:11:14.734321.734321 sllm_store_c.py:27] get device uuid map
DEBUG 04-24 11:11:14.734411.734411 sllm_store_c.py:29] call client load into gpu
DEBUG 04-24 11:11:14.735240.735240 cuda_h.py:27] end group stack cost 1.088 ms
DEBUG 04-24 11:11:14.735238.735238 cuda_h.py:27] end move_flatidxs_group_fused_mp cost 2.327 ms
DEBUG 04-24 11:11:14.735887.735887 cuda_h.py:27] end prepare_group_stack cost 0.695 ms
DEBUG 04-24 11:11:14.735146.735146 cuda_h.py:27] end get_fused_experts_names_w cost 0.037 ms
DEBUG 04-24 11:11:14.736496.736496 cuda_h.py:27] end group stack cost 1.901 ms
DEBUG 04-24 11:11:14.736630.736630 cuda_h.py:27] end move_flatidxs_group_fused_mp cost 3.090 ms
DEBUG 04-24 11:11:14.736081.736081 cuda_h.py:27] end get_fused_experts_names_w cost 0.036 ms
DEBUG 04-24 11:11:14.737452.737452 cuda_h.py:27] end group stack cost 1.197 ms
DEBUG 04-24 11:11:14.737202.737202 cuda_h.py:27] end restore_fused_tensors cost 0.958 ms
DEBUG 04-24 11:11:14.737465.737465 cuda_h.py:27] end move_flatidxs_group_fused_mp cost 2.350 ms
DEBUG 04-24 11:11:14.737459.737459 cuda_h.py:27] end restore_fused_tensors cost 0.185 ms
DEBUG 04-24 11:11:14.737537.737537 cuda_h.py:27] end group_fused_tensors_mp cost 1.631 ms
DEBUG 04-24 11:11:14.737453.737453 cuda_h.py:27] end group_fused_tensors_mp cost 0.843 ms
DEBUG 04-24 11:11:14.737473.737473 cuda_h.py:27] end get_fused_experts_names_w cost 0.035 ms
DEBUG 04-24 11:11:14.738656.738656 cuda_h.py:27] end restore2model cost 1.922 ms
DEBUG 04-24 11:11:14.738796.738796 cuda_h.py:27] end sllm_worker_task cost 14.796 ms
DEBUG 04-24 11:11:14.738696.738696 cuda_h.py:27] end load_into_gpu_async_fused_experts_dual cost 3.854 ms
DEBUG 04-24 11:11:14.739183.739183 cuda_h.py:27] end restore_tensors2_fused_experts_packed cost 0.087 ms
DEBUG 04-24 11:11:14.739832.739832 cuda_h.py:27] end restore_fused_tensors cost 1.018 ms
DEBUG 04-24 11:11:14.739278.739278 cuda_h.py:27] end restore_tensors2_fused_experts_slices cost 0.398 ms
DEBUG 04-24 11:11:14.739920.739920 cuda_h.py:27] end allocate_experts_cuda_memory_and_restore_model_multi_device_fused cost 7.363 ms
DEBUG 04-24 11:11:14.739283.739283 cuda_h.py:27] end group_fused_tensors_mp cost 2.004 ms
DEBUG 04-24 11:11:14.739935.739935 cuda_h.py:27] end gpu_sexperts cost 0.010 ms
DEBUG 04-24 11:11:14.740878.740878 cuda_h.py:27] end wait_load_qkvogn_s_weight cost 0.048 ms
DEBUG 04-24 11:11:14.747838.747838 cuda_h.py:27] end prepare_group_stack cost 13.709 ms
DEBUG 04-24 11:11:14.748693.748693 mlpmodule.py:3373] [fused_group_bmm][steps] bmm1=5.277 ms split=0.135 ms act_mul=0.565 ms bmm2=4.977 ms
DEBUG 04-24 11:11:14.748256.748256 cuda_h.py:27] end fused_group_bmm cost 11.191 ms
DEBUG 04-24 11:11:14.749899.749899 cuda_h.py:27] end gather_outputs_group_fused_mp cost 0.354 ms
DEBUG 04-24 11:11:14.749471.749471 mlpmodule.py:3373] [fused_group_bmm][steps] bmm1=6.165 ms split=0.149 ms act_mul=0.466 ms bmm2=4.777 ms
DEBUG 04-24 11:11:14.749100.749100 cuda_h.py:27] end cpu_experts_worker_bmm_or_einsum_0 cost 17.627 ms
DEBUG 04-24 11:11:14.749823.749823 cuda_h.py:27] end fused_group_bmm cost 11.816 ms
DEBUG 04-24 11:11:14.750361.750361 cuda_h.py:27] end gather_outputs_group_fused_mp cost 0.401 ms
DEBUG 04-24 11:11:14.751448.751448 cuda_h.py:27] end cpu_experts_worker_bmm_or_einsum_3 cost 18.886 ms
DEBUG 04-24 11:11:14.751880.751880 cuda_h.py:27] end prepare_per_device_parameters cost 11.667 ms
DEBUG 04-24 11:11:14.755823.755823 mlpmodule.py:3373] [fused_group_bmm][steps] bmm1=8.850 ms split=0.228 ms act_mul=0.490 ms bmm2=5.616 ms
DEBUG 04-24 11:11:14.755823.755823 cuda_h.py:27] end fused_group_bmm cost 15.435 ms
DEBUG 04-24 11:11:14.755825.755825 cuda_h.py:27] end gather_outputs_group_fused_mp cost 0.411 ms
DEBUG 04-24 11:11:14.756785.756785 cuda_h.py:27] end cpu_experts_worker_bmm_or_einsum_1 cost 21.872 ms
DEBUG 04-24 11:11:14.824341.824341 cuda_h.py:27] end group stack cost 75.760 ms
DEBUG 04-24 11:11:14.824034.824034 cuda_h.py:27] end move_flatidxs_group_fused_mp cost 90.105 ms
DEBUG 04-24 11:11:14.824249.824249 cuda_h.py:27] end get_fused_experts_names_w cost 0.025 ms
DEBUG 04-24 11:11:14.825284.825284 cuda_h.py:27] end restore_fused_tensors cost 0.435 ms
DEBUG 04-24 11:11:14.825411.825411 cuda_h.py:27] end group_fused_tensors_mp cost 0.921 ms
DEBUG 04-24 11:11:14.831854.831854 mlpmodule.py:3373] [fused_group_bmm][steps] bmm1=3.626 ms split=0.047 ms act_mul=0.296 ms bmm2=1.815 ms
DEBUG 04-24 11:11:14.831659.831659 cuda_h.py:27] end fused_group_bmm cost 5.896 ms
DEBUG 04-24 11:11:14.831404.831404 cuda_h.py:27] end gather_outputs_group_fused_mp cost 0.268 ms
DEBUG 04-24 11:11:14.831398.831398 cuda_h.py:27] end cpu_experts_worker_bmm_or_einsum_2 cost 98.732 ms
DEBUG 04-24 11:11:14.833336.833336 cuda_h.py:27] end cpu_experts_scatter_reduce cost 0.779 ms
DEBUG 04-24 11:11:14.833777.833777 cuda_h.py:27] end cpu_thread_manager_mp_wait_fused cost 81.427 ms
DEBUG 04-24 11:11:14.835295.835295 cuda_h.py:27] end wait_experts_multi_device cost 1.773 ms
DEBUG 04-24 11:11:14.835251.835251 cuda_h.py:27] end *before fused experts* cost 103.082 ms
DEBUG 04-24 11:11:14.840749.840749 cuda_h.py:27] end gpu_experts_multi_device_fused cost 4.744 ms
DEBUG 04-24 11:11:14.840189.840189 cuda_h.py:27] end *gpu experts* cost 107.952 ms
DEBUG 04-24 11:11:14.840066.840066 cuda_h.py:27] end layer_moe_generate_mp_multi_device_fused_l_20 cost 112.723 ms
DEBUG 04-24 11:11:14.841496.841496 cuda_h.py:27] end *mlp cost 114.091 ms
DEBUG 04-24 11:11:14.841573.841573 cuda_h.py:27] end prefill_layer cost 118.379 ms
DEBUG 04-24 11:11:14.841674.841674 lmp.py:341] -------------------------------- end prefill layer 19 --------------------------------
DEBUG 04-24 11:11:14.841768.841768 lmp.py:294] -------------------------------- start prefill layer 20 --------------------------------
DEBUG 04-24 11:11:14.842685.842685 cuda_h.py:27] end start_load_qkvogn_s_weight_l_21 cost 0.049 ms
DEBUG 04-24 11:11:14.843802.843802 cuda_h.py:27] end allocate_cuda_memory cost 0.368 ms
DEBUG 04-24 11:11:14.843474.843474 sllm_store_c.py:27] get device uuid map
DEBUG 04-24 11:11:14.843522.843522 sllm_store_c.py:29] call client load into gpu
DEBUG 04-24 11:11:14.845707.845707 cuda_h.py:27] end **self_attn cost 1.818 ms
DEBUG 04-24 11:11:14.845777.845777 cuda_h.py:27] end *iln_self_attn_paln cost 3.391 ms
DEBUG 04-24 11:11:14.846094.846094 cuda_h.py:27] end load_into_gpu_async cost 2.873 ms
DEBUG 04-24 11:11:14.846509.846509 cuda_h.py:27] end restore_tensors2 cost 0.187 ms
DEBUG 04-24 11:11:14.846043.846043 cuda_h.py:27] end allocate_cuda_memory_and_load_into_gpu cost 4.069 ms
DEBUG 04-24 11:11:14.847719.847719 cuda_h.py:27] end gate cost 1.431 ms
DEBUG 04-24 11:11:14.847265.847265 cuda_h.py:27] end experts_map_get cost 0.363 ms
DEBUG 04-24 11:11:14.847591.847591 cuda_h.py:27] end *before experts start* cost 1.984 ms
DEBUG 04-24 11:11:14.848642.848642 cuda_h.py:27] end cpu_experts_submit_fused_mp cost 0.279 ms
DEBUG 04-24 11:11:14.849781.849781 cuda_h.py:27] end *single cpu experts* cost 1.678 ms
DEBUG 04-24 11:11:14.850765.850765 cuda_h.py:27] end prepare_group_stack cost 0.458 ms
DEBUG 04-24 11:11:14.851934.851934 cuda_h.py:27] end group stack cost 0.611 ms
DEBUG 04-24 11:11:14.851138.851138 cuda_h.py:27] end move_flatidxs_group_fused_mp cost 1.358 ms
DEBUG 04-24 11:11:14.851948.851948 cuda_h.py:27] end get_fused_experts_names_w cost 0.024 ms
DEBUG 04-24 11:11:14.851107.851107 cuda_h.py:27] end prepare_group_stack cost 0.491 ms
DEBUG 04-24 11:11:14.851083.851083 cuda_h.py:27] end prepare_group_stack cost 0.685 ms
DEBUG 04-24 11:11:14.852406.852406 sllm_store_c.py:27] get device uuid map
DEBUG 04-24 11:11:14.852475.852475 cuda_h.py:27] end restore_fused_tensors cost 0.460 ms
DEBUG 04-24 11:11:14.852439.852439 cuda_h.py:27] end group_fused_tensors_mp cost 0.636 ms
DEBUG 04-24 11:11:14.852777.852777 sllm_store_c.py:29] call client load into gpu
DEBUG 04-24 11:11:14.852579.852579 cuda_h.py:27] end group stack cost 0.956 ms
DEBUG 04-24 11:11:14.853020.853020 cuda_h.py:27] end move_flatidxs_group_fused_mp cost 1.889 ms
DEBUG 04-24 11:11:14.853978.853978 cuda_h.py:27] end prepare_group_stack cost 0.602 ms
DEBUG 04-24 11:11:14.853190.853190 cuda_h.py:27] end get_fused_experts_names_w cost 0.044 ms
DEBUG 04-24 11:11:14.853347.853347 cuda_h.py:27] end group stack cost 1.194 ms
DEBUG 04-24 11:11:14.853784.853784 cuda_h.py:27] end move_flatidxs_group_fused_mp cost 2.461 ms
DEBUG 04-24 11:11:14.854087.854087 cuda_h.py:27] end get_fused_experts_names_w cost 0.034 ms
DEBUG 04-24 11:11:14.854266.854266 cuda_h.py:27] end restore_fused_tensors cost 0.607 ms
DEBUG 04-24 11:11:14.854125.854125 cuda_h.py:27] end group_fused_tensors_mp cost 1.277 ms
DEBUG 04-24 11:11:14.855179.855179 cuda_h.py:27] end group stack cost 1.840 ms
DEBUG 04-24 11:11:14.855366.855366 cuda_h.py:27] end restore_fused_tensors cost 0.918 ms
DEBUG 04-24 11:11:14.855165.855165 cuda_h.py:27] end group_fused_tensors_mp cost 1.186 ms
DEBUG 04-24 11:11:14.855312.855312 cuda_h.py:27] end move_flatidxs_group_fused_mp cost 2.889 ms
DEBUG 04-24 11:11:14.855039.855039 cuda_h.py:27] end get_fused_experts_names_w cost 0.036 ms
DEBUG 04-24 11:11:14.857195.857195 cuda_h.py:27] end load_into_gpu_async_fused_experts_dual cost 5.115 ms
DEBUG 04-24 11:11:14.858149.858149 cuda_h.py:27] end restore_tensors2_fused_experts_packed cost 0.206 ms
DEBUG 04-24 11:11:14.858837.858837 cuda_h.py:27] end restore_tensors2_fused_experts_slices cost 0.475 ms
DEBUG 04-24 11:11:14.858396.858396 cuda_h.py:27] end restore2model cost 4.474 ms
DEBUG 04-24 11:11:14.859441.859441 cuda_h.py:27] end allocate_experts_cuda_memory_and_restore_model_multi_device_fused cost 9.338 ms
DEBUG 04-24 11:11:14.859276.859276 cuda_h.py:27] end sllm_worker_task cost 16.782 ms
DEBUG 04-24 11:11:14.859194.859194 cuda_h.py:27] end gpu_sexperts cost 0.011 ms
DEBUG 04-24 11:11:14.860163.860163 cuda_h.py:27] end wait_load_qkvogn_s_weight cost 0.047 ms
DEBUG 04-24 11:11:14.862008.862008 mlpmodule.py:3373] [fused_group_bmm][steps] bmm1=4.739 ms split=0.183 ms act_mul=0.967 ms bmm2=3.837 ms
DEBUG 04-24 11:11:14.862875.862875 cuda_h.py:27] end fused_group_bmm cost 9.932 ms
DEBUG 04-24 11:11:14.862074.862074 cuda_h.py:27] end gather_outputs_group_fused_mp cost 0.376 ms
DEBUG 04-24 11:11:14.865297.865297 mlpmodule.py:3373] [fused_group_bmm][steps] bmm1=6.904 ms split=0.088 ms act_mul=0.297 ms bmm2=3.551 ms
DEBUG 04-24 11:11:14.865879.865879 cuda_h.py:27] end fused_group_bmm cost 11.054 ms
DEBUG 04-24 11:11:14.866541.866541 cuda_h.py:27] end gather_outputs_group_fused_mp cost 0.342 ms
DEBUG 04-24 11:11:14.866211.866211 mlpmodule.py:3373] [fused_group_bmm][steps] bmm1=5.760 ms split=0.116 ms act_mul=1.090 ms bmm2=3.849 ms
DEBUG 04-24 11:11:14.866895.866895 cuda_h.py:27] end cpu_experts_worker_bmm_or_einsum_2 cost 16.399 ms
DEBUG 04-24 11:11:14.866411.866411 cuda_h.py:27] end fused_group_bmm cost 11.100 ms
DEBUG 04-24 11:11:14.866476.866476 cuda_h.py:27] end restore_fused_tensors cost 10.557 ms
DEBUG 04-24 11:11:14.866300.866300 cuda_h.py:27] end group_fused_tensors_mp cost 11.607 ms
DEBUG 04-24 11:11:14.867692.867692 cuda_h.py:27] end gather_outputs_group_fused_mp cost 0.497 ms
DEBUG 04-24 11:11:14.867500.867500 cuda_h.py:27] end cpu_experts_worker_bmm_or_einsum_0 cost 18.580 ms
DEBUG 04-24 11:11:14.868167.868167 cuda_h.py:27] end cpu_experts_worker_bmm_or_einsum_1 cost 17.852 ms
DEBUG 04-24 11:11:14.874455.874455 cuda_h.py:27] end prepare_per_device_parameters cost 14.429 ms
DEBUG 04-24 11:11:14.876026.876026 mlpmodule.py:3373] [fused_group_bmm][steps] bmm1=5.422 ms split=0.097 ms act_mul=0.735 ms bmm2=2.374 ms
DEBUG 04-24 11:11:14.876291.876291 cuda_h.py:27] end fused_group_bmm cost 8.858 ms
DEBUG 04-24 11:11:14.876157.876157 cuda_h.py:27] end gather_outputs_group_fused_mp cost 0.414 ms
DEBUG 04-24 11:11:14.877459.877459 cuda_h.py:27] end cpu_experts_worker_bmm_or_einsum_3 cost 26.404 ms
DEBUG 04-24 11:11:14.878257.878257 cuda_h.py:27] end cpu_experts_scatter_reduce cost 1.105 ms
DEBUG 04-24 11:11:14.879957.879957 cuda_h.py:27] end cpu_thread_manager_mp_wait_fused cost 3.862 ms
DEBUG 04-24 11:11:14.880544.880544 cuda_h.py:27] end wait_experts_multi_device cost 1.637 ms
DEBUG 04-24 11:11:14.881742.881742 cuda_h.py:27] end *before fused experts* cost 31.400 ms
DEBUG 04-24 11:11:14.885883.885883 cuda_h.py:27] end gpu_experts_multi_device_fused cost 4.123 ms
DEBUG 04-24 11:11:14.885800.885800 cuda_h.py:27] end *gpu experts* cost 35.701 ms
DEBUG 04-24 11:11:14.885346.885346 cuda_h.py:27] end layer_moe_generate_mp_multi_device_fused_l_21 cost 39.550 ms
DEBUG 04-24 11:11:14.887424.887424 cuda_h.py:27] end *mlp cost 41.292 ms
DEBUG 04-24 11:11:14.887925.887925 cuda_h.py:27] end prefill_layer cost 45.446 ms
DEBUG 04-24 11:11:14.887966.887966 lmp.py:341] -------------------------------- end prefill layer 20 --------------------------------
DEBUG 04-24 11:11:14.887761.887761 lmp.py:294] -------------------------------- start prefill layer 21 --------------------------------
DEBUG 04-24 11:11:14.887108.887108 cuda_h.py:27] end start_load_qkvogn_s_weight_l_22 cost 0.045 ms
DEBUG 04-24 11:11:14.887235.887235 cuda_h.py:27] end allocate_cuda_memory cost 0.269 ms
DEBUG 04-24 11:11:14.888239.888239 sllm_store_c.py:27] get device uuid map
DEBUG 04-24 11:11:14.888304.888304 sllm_store_c.py:29] call client load into gpu
DEBUG 04-24 11:11:14.889281.889281 cuda_h.py:27] end load_into_gpu_async cost 1.642 ms
DEBUG 04-24 11:11:14.889244.889244 cuda_h.py:27] end **self_attn cost 1.485 ms
DEBUG 04-24 11:11:14.889263.889263 cuda_h.py:27] end restore_tensors2 cost 0.112 ms
DEBUG 04-24 11:11:14.890442.890442 cuda_h.py:27] end allocate_cuda_memory_and_load_into_gpu cost 2.542 ms
DEBUG 04-24 11:11:14.890226.890226 cuda_h.py:27] end *iln_self_attn_paln cost 2.982 ms
DEBUG 04-24 11:11:14.891087.891087 cuda_h.py:27] end gate cost 0.518 ms
DEBUG 04-24 11:11:14.891598.891598 cuda_h.py:27] end experts_map_get cost 0.542 ms
DEBUG 04-24 11:11:14.891951.891951 cuda_h.py:27] end *before experts start* cost 1.199 ms
DEBUG 04-24 11:11:14.891157.891157 cuda_h.py:27] end cpu_experts_submit_fused_mp cost 0.195 ms
DEBUG 04-24 11:11:14.893293.893293 cuda_h.py:27] end *single cpu experts* cost 1.273 ms
DEBUG 04-24 11:11:14.895592.895592 cuda_h.py:27] end prepare_group_stack cost 0.443 ms
DEBUG 04-24 11:11:14.895236.895236 cuda_h.py:27] end prepare_group_stack cost 0.631 ms
DEBUG 04-24 11:11:14.895372.895372 sllm_store_c.py:27] get device uuid map
DEBUG 04-24 11:11:14.895066.895066 sllm_store_c.py:29] call client load into gpu
DEBUG 04-24 11:11:14.895351.895351 cuda_h.py:27] end prepare_group_stack cost 0.463 ms
DEBUG 04-24 11:11:14.896756.896756 cuda_h.py:27] end group stack cost 1.013 ms
DEBUG 04-24 11:11:14.896081.896081 cuda_h.py:27] end move_flatidxs_group_fused_mp cost 1.807 ms
DEBUG 04-24 11:11:14.896734.896734 cuda_h.py:27] end group stack cost 0.957 ms
DEBUG 04-24 11:11:14.896803.896803 cuda_h.py:27] end get_fused_experts_names_w cost 0.026 ms
DEBUG 04-24 11:11:14.896758.896758 cuda_h.py:27] end move_flatidxs_group_fused_mp cost 1.999 ms
DEBUG 04-24 11:11:14.896088.896088 cuda_h.py:27] end get_fused_experts_names_w cost 0.026 ms
DEBUG 04-24 11:11:14.897377.897377 cuda_h.py:27] end group stack cost 1.091 ms
DEBUG 04-24 11:11:14.897069.897069 cuda_h.py:27] end move_flatidxs_group_fused_mp cost 1.747 ms
DEBUG 04-24 11:11:14.897615.897615 cuda_h.py:27] end get_fused_experts_names_w cost 0.042 ms
DEBUG 04-24 11:11:14.897800.897800 cuda_h.py:27] end restore_fused_tensors cost 0.534 ms
DEBUG 04-24 11:11:14.897090.897090 cuda_h.py:27] end group_fused_tensors_mp cost 0.874 ms
DEBUG 04-24 11:11:14.897225.897225 cuda_h.py:27] end restore_fused_tensors cost 0.587 ms
DEBUG 04-24 11:11:14.897963.897963 cuda_h.py:27] end group_fused_tensors_mp cost 0.854 ms
DEBUG 04-24 11:11:14.898434.898434 cuda_h.py:27] end restore_fused_tensors cost 0.614 ms
DEBUG 04-24 11:11:14.898705.898705 cuda_h.py:27] end group_fused_tensors_mp cost 0.949 ms
DEBUG 04-24 11:11:14.900010.900010 cuda_h.py:27] end prepare_group_stack cost 5.984 ms
DEBUG 04-24 11:11:14.901987.901987 cuda_h.py:27] end restore2model cost 2.580 ms
DEBUG 04-24 11:11:14.901907.901907 cuda_h.py:27] end sllm_worker_task cost 14.250 ms
DEBUG 04-24 11:11:14.902069.902069 cuda_h.py:27] end group stack cost 1.115 ms
DEBUG 04-24 11:11:14.902917.902917 cuda_h.py:27] end move_flatidxs_group_fused_mp cost 7.655 ms
DEBUG 04-24 11:11:14.902976.902976 cuda_h.py:27] end load_into_gpu_async_fused_experts_dual cost 6.918 ms
DEBUG 04-24 11:11:14.902995.902995 cuda_h.py:27] end get_fused_experts_names_w cost 0.039 ms
DEBUG 04-24 11:11:14.902738.902738 cuda_h.py:27] end restore_tensors2_fused_experts_packed cost 0.087 ms
DEBUG 04-24 11:11:14.903116.903116 cuda_h.py:27] end restore_tensors2_fused_experts_slices cost 0.342 ms
DEBUG 04-24 11:11:14.903206.903206 cuda_h.py:27] end allocate_experts_cuda_memory_and_restore_model_multi_device_fused cost 10.199 ms
DEBUG 04-24 11:11:14.903445.903445 cuda_h.py:27] end gpu_sexperts cost 0.005 ms
DEBUG 04-24 11:11:14.903417.903417 cuda_h.py:27] end wait_load_qkvogn_s_weight cost 0.023 ms
DEBUG 04-24 11:11:14.903146.903146 cuda_h.py:27] end restore_fused_tensors cost 0.793 ms
DEBUG 04-24 11:11:14.903305.903305 cuda_h.py:27] end group_fused_tensors_mp cost 1.185 ms
DEBUG 04-24 11:11:14.908237.908237 mlpmodule.py:3373] [fused_group_bmm][steps] bmm1=5.090 ms split=0.047 ms act_mul=0.336 ms bmm2=4.720 ms
DEBUG 04-24 11:11:14.908900.908900 cuda_h.py:27] end fused_group_bmm cost 10.672 ms
DEBUG 04-24 11:11:14.908919.908919 mlpmodule.py:3373] [fused_group_bmm][steps] bmm1=5.746 ms split=0.090 ms act_mul=0.343 ms bmm2=5.015 ms
DEBUG 04-24 11:11:14.909706.909706 cuda_h.py:27] end gather_outputs_group_fused_mp cost 0.643 ms
DEBUG 04-24 11:11:14.909578.909578 cuda_h.py:27] end fused_group_bmm cost 11.509 ms
DEBUG 04-24 11:11:14.909357.909357 cuda_h.py:27] end cpu_experts_worker_bmm_or_einsum_2 cost 16.301 ms
DEBUG 04-24 11:11:14.910508.910508 cuda_h.py:27] end gather_outputs_group_fused_mp cost 0.703 ms
DEBUG 04-24 11:11:14.911418.911418 cuda_h.py:27] end cpu_experts_worker_bmm_or_einsum_1 cost 17.842 ms
DEBUG 04-24 11:11:14.911462.911462 mlpmodule.py:3373] [fused_group_bmm][steps] bmm1=5.851 ms split=0.397 ms act_mul=1.025 ms bmm2=5.767 ms
DEBUG 04-24 11:11:14.912281.912281 cuda_h.py:27] end fused_group_bmm cost 13.415 ms
DEBUG 04-24 11:11:14.912589.912589 cuda_h.py:27] end gather_outputs_group_fused_mp cost 0.668 ms
DEBUG 04-24 11:11:14.912563.912563 mlpmodule.py:3373] [fused_group_bmm][steps] bmm1=5.750 ms split=0.085 ms act_mul=0.321 ms bmm2=2.838 ms
DEBUG 04-24 11:11:14.913018.913018 cuda_h.py:27] end fused_group_bmm cost 9.175 ms
DEBUG 04-24 11:11:14.913976.913976 cuda_h.py:27] end cpu_experts_worker_bmm_or_einsum_3 cost 18.786 ms
DEBUG 04-24 11:11:14.913885.913885 cuda_h.py:27] end gather_outputs_group_fused_mp cost 0.311 ms
DEBUG 04-24 11:11:14.913999.913999 cuda_h.py:27] end cpu_experts_worker_bmm_or_einsum_0 cost 20.312 ms
DEBUG 04-24 11:11:14.917448.917448 cuda_h.py:27] end prepare_per_device_parameters cost 14.295 ms
DEBUG 04-24 11:11:14.919537.919537 cuda_h.py:27] end cpu_experts_scatter_reduce cost 0.702 ms
DEBUG 04-24 11:11:14.919162.919162 cuda_h.py:27] end cpu_thread_manager_mp_wait_fused cost 2.028 ms
DEBUG 04-24 11:11:14.921006.921006 cuda_h.py:27] end wait_experts_multi_device cost 1.250 ms
DEBUG 04-24 11:11:14.921796.921796 cuda_h.py:27] end *before fused experts* cost 28.231 ms
DEBUG 04-24 11:11:14.925505.925505 cuda_h.py:27] end gpu_experts_multi_device_fused cost 4.309 ms
DEBUG 04-24 11:11:14.925335.925335 cuda_h.py:27] end *gpu experts* cost 32.664 ms
DEBUG 04-24 11:11:14.925497.925497 cuda_h.py:27] end layer_moe_generate_mp_multi_device_fused_l_22 cost 35.308 ms
DEBUG 04-24 11:11:14.927167.927167 cuda_h.py:27] end *mlp cost 36.714 ms
DEBUG 04-24 11:11:14.927362.927362 cuda_h.py:27] end prefill_layer cost 39.907 ms
DEBUG 04-24 11:11:14.927026.927026 lmp.py:341] -------------------------------- end prefill layer 21 --------------------------------
DEBUG 04-24 11:11:14.927289.927289 lmp.py:294] -------------------------------- start prefill layer 22 --------------------------------
DEBUG 04-24 11:11:14.927571.927571 cuda_h.py:27] end start_load_qkvogn_s_weight_l_23 cost 0.053 ms
DEBUG 04-24 11:11:14.928404.928404 cuda_h.py:27] end allocate_cuda_memory cost 0.307 ms
DEBUG 04-24 11:11:14.928800.928800 sllm_store_c.py:27] get device uuid map
DEBUG 04-24 11:11:14.928296.928296 sllm_store_c.py:29] call client load into gpu
DEBUG 04-24 11:11:14.930247.930247 cuda_h.py:27] end **self_attn cost 1.427 ms
DEBUG 04-24 11:11:14.930949.930949 cuda_h.py:27] end load_into_gpu_async cost 1.897 ms
DEBUG 04-24 11:11:14.930430.930430 cuda_h.py:27] end restore_tensors2 cost 0.118 ms
DEBUG 04-24 11:11:14.930399.930399 cuda_h.py:27] end allocate_cuda_memory_and_load_into_gpu cost 2.813 ms
DEBUG 04-24 11:11:14.930928.930928 cuda_h.py:27] end *iln_self_attn_paln cost 3.199 ms
DEBUG 04-24 11:11:14.931466.931466 cuda_h.py:27] end gate cost 0.522 ms
DEBUG 04-24 11:11:14.931910.931910 cuda_h.py:27] end experts_map_get cost 0.305 ms
DEBUG 04-24 11:11:14.931554.931554 cuda_h.py:27] end *before experts start* cost 0.985 ms
DEBUG 04-24 11:11:14.932383.932383 cuda_h.py:27] end cpu_experts_submit_fused_mp cost 0.197 ms
DEBUG 04-24 11:11:14.933614.933614 cuda_h.py:27] end *single cpu experts* cost 1.172 ms
DEBUG 04-24 11:11:14.935295.935295 sllm_store_c.py:27] get device uuid map
DEBUG 04-24 11:11:14.935101.935101 sllm_store_c.py:29] call client load into gpu
DEBUG 04-24 11:11:14.935312.935312 cuda_h.py:27] end prepare_group_stack cost 0.562 ms
DEBUG 04-24 11:11:14.935334.935334 cuda_h.py:27] end prepare_group_stack cost 0.571 ms
DEBUG 04-24 11:11:14.935340.935340 cuda_h.py:27] end prepare_group_stack cost 0.598 ms
DEBUG 04-24 11:11:14.935362.935362 cuda_h.py:27] end prepare_group_stack cost 0.414 ms
DEBUG 04-24 11:11:14.936277.936277 cuda_h.py:27] end group stack cost 0.598 ms
DEBUG 04-24 11:11:14.936982.936982 cuda_h.py:27] end move_flatidxs_group_fused_mp cost 1.621 ms
DEBUG 04-24 11:11:14.936905.936905 cuda_h.py:27] end group stack cost 0.740 ms
DEBUG 04-24 11:11:14.936177.936177 cuda_h.py:27] end get_fused_experts_names_w cost 0.024 ms
DEBUG 04-24 11:11:14.936482.936482 cuda_h.py:27] end move_flatidxs_group_fused_mp cost 1.883 ms
DEBUG 04-24 11:11:14.936720.936720 cuda_h.py:27] end get_fused_experts_names_w cost 0.022 ms
DEBUG 04-24 11:11:14.936067.936067 cuda_h.py:27] end group stack cost 1.230 ms
DEBUG 04-24 11:11:14.936735.936735 cuda_h.py:27] end group stack cost 0.937 ms
DEBUG 04-24 11:11:14.936580.936580 cuda_h.py:27] end move_flatidxs_group_fused_mp cost 2.212 ms
DEBUG 04-24 11:11:14.936077.936077 cuda_h.py:27] end move_flatidxs_group_fused_mp cost 1.695 ms
DEBUG 04-24 11:11:14.936890.936890 cuda_h.py:27] end get_fused_experts_names_w cost 0.023 ms
DEBUG 04-24 11:11:14.937188.937188 cuda_h.py:27] end get_fused_experts_names_w cost 0.023 ms
DEBUG 04-24 11:11:14.937267.937267 cuda_h.py:27] end restore_fused_tensors cost 0.541 ms
DEBUG 04-24 11:11:14.937237.937237 cuda_h.py:27] end group_fused_tensors_mp cost 0.844 ms
DEBUG 04-24 11:11:14.937628.937628 cuda_h.py:27] end restore_fused_tensors cost 0.487 ms
DEBUG 04-24 11:11:14.937859.937859 cuda_h.py:27] end group_fused_tensors_mp cost 0.831 ms
DEBUG 04-24 11:11:14.937209.937209 cuda_h.py:27] end restore_fused_tensors cost 0.483 ms
DEBUG 04-24 11:11:14.937437.937437 cuda_h.py:27] end group_fused_tensors_mp cost 0.737 ms
DEBUG 04-24 11:11:14.937982.937982 cuda_h.py:27] end restore_fused_tensors cost 0.637 ms
DEBUG 04-24 11:11:14.938488.938488 cuda_h.py:27] end group_fused_tensors_mp cost 1.055 ms
DEBUG 04-24 11:11:14.945909.945909 cuda_h.py:27] end restore2model cost 2.062 ms
DEBUG 04-24 11:11:14.946254.946254 mlpmodule.py:3373] [fused_group_bmm][steps] bmm1=4.603 ms split=0.167 ms act_mul=0.582 ms bmm2=3.185 ms
DEBUG 04-24 11:11:14.946315.946315 cuda_h.py:27] end load_into_gpu_async_fused_experts_dual cost 11.109 ms
DEBUG 04-24 11:11:14.946128.946128 cuda_h.py:27] end fused_group_bmm cost 8.947 ms
DEBUG 04-24 11:11:14.946933.946933 cuda_h.py:27] end sllm_worker_task cost 18.366 ms
DEBUG 04-24 11:11:14.946172.946172 cuda_h.py:27] end restore_tensors2_fused_experts_packed cost 0.134 ms
DEBUG 04-24 11:11:14.947764.947764 cuda_h.py:27] end gather_outputs_group_fused_mp cost 0.410 ms
DEBUG 04-24 11:11:14.947750.947750 cuda_h.py:27] end restore_tensors2_fused_experts_slices cost 0.398 ms
DEBUG 04-24 11:11:14.947779.947779 cuda_h.py:27] end allocate_experts_cuda_memory_and_restore_model_multi_device_fused cost 14.353 ms
DEBUG 04-24 11:11:14.947214.947214 cuda_h.py:27] end gpu_sexperts cost 0.013 ms
DEBUG 04-24 11:11:14.947052.947052 cuda_h.py:27] end wait_load_qkvogn_s_weight cost 0.037 ms
DEBUG 04-24 11:11:14.947307.947307 cuda_h.py:27] end cpu_experts_worker_bmm_or_einsum_0 cost 14.465 ms
DEBUG 04-24 11:11:14.949267.949267 mlpmodule.py:3373] [fused_group_bmm][steps] bmm1=7.793 ms split=0.084 ms act_mul=0.321 ms bmm2=3.427 ms
DEBUG 04-24 11:11:14.950088.950088 cuda_h.py:27] end fused_group_bmm cost 11.841 ms
DEBUG 04-24 11:11:14.950033.950033 cuda_h.py:27] end gather_outputs_group_fused_mp cost 0.305 ms
DEBUG 04-24 11:11:14.950464.950464 mlpmodule.py:3373] [fused_group_bmm][steps] bmm1=6.994 ms split=0.112 ms act_mul=0.349 ms bmm2=4.203 ms
DEBUG 04-24 11:11:14.950732.950732 mlpmodule.py:3373] [fused_group_bmm][steps] bmm1=8.038 ms split=0.084 ms act_mul=0.341 ms bmm2=4.257 ms
DEBUG 04-24 11:11:14.950347.950347 cuda_h.py:27] end fused_group_bmm cost 11.962 ms
DEBUG 04-24 11:11:14.950288.950288 cuda_h.py:27] end fused_group_bmm cost 12.953 ms
DEBUG 04-24 11:11:14.950320.950320 cuda_h.py:27] end cpu_experts_worker_bmm_or_einsum_2 cost 16.376 ms
DEBUG 04-24 11:11:14.951333.951333 cuda_h.py:27] end gather_outputs_group_fused_mp cost 0.437 ms
DEBUG 04-24 11:11:14.951580.951580 cuda_h.py:27] end gather_outputs_group_fused_mp cost 0.491 ms
DEBUG 04-24 11:11:14.951075.951075 cuda_h.py:27] end cpu_experts_worker_bmm_or_einsum_3 cost 18.435 ms
DEBUG 04-24 11:11:14.951504.951504 cuda_h.py:27] end cpu_experts_worker_bmm_or_einsum_1 cost 18.566 ms
DEBUG 04-24 11:11:14.959488.959488 cuda_h.py:27] end prepare_per_device_parameters cost 11.794 ms
DEBUG 04-24 11:11:14.961258.961258 cuda_h.py:27] end cpu_experts_scatter_reduce cost 0.542 ms
DEBUG 04-24 11:11:14.961432.961432 cuda_h.py:27] end cpu_thread_manager_mp_wait_fused cost 1.798 ms
DEBUG 04-24 11:11:14.962436.962436 cuda_h.py:27] end wait_experts_multi_device cost 1.093 ms
DEBUG 04-24 11:11:14.962690.962690 cuda_h.py:27] end *before fused experts* cost 29.499 ms
DEBUG 04-24 11:11:14.966918.966918 cuda_h.py:27] end gpu_experts_multi_device_fused cost 3.822 ms
DEBUG 04-24 11:11:14.966430.966430 cuda_h.py:27] end *gpu experts* cost 33.415 ms
DEBUG 04-24 11:11:14.966518.966518 cuda_h.py:27] end layer_moe_generate_mp_multi_device_fused_l_23 cost 35.720 ms
DEBUG 04-24 11:11:14.968647.968647 cuda_h.py:27] end *mlp cost 37.394 ms
DEBUG 04-24 11:11:14.968114.968114 cuda_h.py:27] end prefill_layer cost 40.846 ms
DEBUG 04-24 11:11:14.968486.968486 lmp.py:341] -------------------------------- end prefill layer 22 --------------------------------
DEBUG 04-24 11:11:14.968328.968328 lmp.py:294] -------------------------------- start prefill layer 23 --------------------------------
DEBUG 04-24 11:11:14.968045.968045 cuda_h.py:27] end start_load_qkvogn_s_weight_l_24 cost 0.040 ms
DEBUG 04-24 11:11:14.968030.968030 cuda_h.py:27] end allocate_cuda_memory cost 0.239 ms
DEBUG 04-24 11:11:14.969254.969254 sllm_store_c.py:27] get device uuid map
DEBUG 04-24 11:11:14.969651.969651 sllm_store_c.py:29] call client load into gpu
DEBUG 04-24 11:11:14.970845.970845 cuda_h.py:27] end load_into_gpu_async cost 1.801 ms
DEBUG 04-24 11:11:14.971282.971282 cuda_h.py:27] end restore_tensors2 cost 0.121 ms
DEBUG 04-24 11:11:14.971308.971308 cuda_h.py:27] end **self_attn cost 1.929 ms
DEBUG 04-24 11:11:14.971084.971084 cuda_h.py:27] end allocate_cuda_memory_and_load_into_gpu cost 2.676 ms
DEBUG 04-24 11:11:14.972213.972213 cuda_h.py:27] end *iln_self_attn_paln cost 3.664 ms
DEBUG 04-24 11:11:14.973748.973748 cuda_h.py:27] end gate cost 0.764 ms
DEBUG 04-24 11:11:14.973938.973938 cuda_h.py:27] end experts_map_get cost 0.270 ms
DEBUG 04-24 11:11:14.973814.973814 cuda_h.py:27] end *before experts start* cost 1.180 ms
DEBUG 04-24 11:11:14.973921.973921 cuda_h.py:27] end cpu_experts_submit_fused_mp cost 0.192 ms
DEBUG 04-24 11:11:14.974863.974863 cuda_h.py:27] end *single cpu experts* cost 1.234 ms
DEBUG 04-24 11:11:14.977709.977709 cuda_h.py:27] end prepare_group_stack cost 0.756 ms
DEBUG 04-24 11:11:14.977724.977724 sllm_store_c.py:27] get device uuid map
DEBUG 04-24 11:11:14.977002.977002 cuda_h.py:27] end prepare_group_stack cost 0.756 ms
DEBUG 04-24 11:11:14.977872.977872 sllm_store_c.py:29] call client load into gpu
DEBUG 04-24 11:11:14.977638.977638 cuda_h.py:27] end prepare_group_stack cost 0.710 ms
DEBUG 04-24 11:11:14.977977.977977 cuda_h.py:27] end prepare_group_stack cost 0.718 ms
DEBUG 04-24 11:11:14.978898.978898 cuda_h.py:27] end group stack cost 0.693 ms
DEBUG 04-24 11:11:14.978975.978975 cuda_h.py:27] end move_flatidxs_group_fused_mp cost 1.694 ms
DEBUG 04-24 11:11:14.978914.978914 cuda_h.py:27] end get_fused_experts_names_w cost 0.026 ms
DEBUG 04-24 11:11:14.978426.978426 cuda_h.py:27] end group stack cost 1.124 ms
DEBUG 04-24 11:11:14.978807.978807 cuda_h.py:27] end move_flatidxs_group_fused_mp cost 2.117 ms
DEBUG 04-24 11:11:14.978232.978232 cuda_h.py:27] end group stack cost 0.993 ms
DEBUG 04-24 11:11:14.978838.978838 cuda_h.py:27] end get_fused_experts_names_w cost 0.024 ms
DEBUG 04-24 11:11:14.978275.978275 cuda_h.py:27] end move_flatidxs_group_fused_mp cost 2.126 ms
DEBUG 04-24 11:11:14.979386.979386 cuda_h.py:27] end get_fused_experts_names_w cost 0.018 ms
DEBUG 04-24 11:11:14.979829.979829 cuda_h.py:27] end group stack cost 1.447 ms
DEBUG 04-24 11:11:14.979248.979248 cuda_h.py:27] end move_flatidxs_group_fused_mp cost 2.587 ms
DEBUG 04-24 11:11:14.979638.979638 cuda_h.py:27] end get_fused_experts_names_w cost 0.026 ms
DEBUG 04-24 11:11:14.979203.979203 cuda_h.py:27] end restore_fused_tensors cost 0.782 ms
DEBUG 04-24 11:11:14.979638.979638 cuda_h.py:27] end restore_fused_tensors cost 0.631 ms
DEBUG 04-24 11:11:14.979003.979003 cuda_h.py:27] end restore_fused_tensors cost 0.460 ms
DEBUG 04-24 11:11:14.979739.979739 cuda_h.py:27] end group_fused_tensors_mp cost 1.124 ms
DEBUG 04-24 11:11:14.979838.979838 cuda_h.py:27] end group_fused_tensors_mp cost 1.011 ms
DEBUG 04-24 11:11:14.979805.979805 cuda_h.py:27] end group_fused_tensors_mp cost 0.857 ms
DEBUG 04-24 11:11:14.980745.980745 cuda_h.py:27] end restore_fused_tensors cost 0.599 ms
DEBUG 04-24 11:11:14.980755.980755 cuda_h.py:27] end group_fused_tensors_mp cost 0.958 ms
DEBUG 04-24 11:11:14.980004.980004 cuda_h.py:27] end restore2model cost 1.612 ms
DEBUG 04-24 11:11:14.981750.981750 cuda_h.py:27] end load_into_gpu_async_fused_experts_dual cost 3.490 ms
DEBUG 04-24 11:11:14.981835.981835 cuda_h.py:27] end sllm_worker_task cost 12.612 ms
DEBUG 04-24 11:11:14.981021.981021 cuda_h.py:27] end restore_tensors2_fused_experts_packed cost 0.163 ms
DEBUG 04-24 11:11:14.983530.983530 cuda_h.py:27] end restore_tensors2_fused_experts_slices cost 0.793 ms
DEBUG 04-24 11:11:14.983269.983269 cuda_h.py:27] end allocate_experts_cuda_memory_and_restore_model_multi_device_fused cost 8.909 ms
DEBUG 04-24 11:11:14.983994.983994 cuda_h.py:27] end gpu_sexperts cost 0.020 ms
DEBUG 04-24 11:11:14.984031.984031 cuda_h.py:27] end wait_load_qkvogn_s_weight cost 0.051 ms
DEBUG 04-24 11:11:14.990661.990661 mlpmodule.py:3373] [fused_group_bmm][steps] bmm1=7.419 ms split=0.133 ms act_mul=0.365 ms bmm2=2.451 ms
DEBUG 04-24 11:11:14.990292.990292 cuda_h.py:27] end fused_group_bmm cost 10.651 ms
DEBUG 04-24 11:11:14.991114.991114 cuda_h.py:27] end gather_outputs_group_fused_mp cost 0.544 ms
DEBUG 04-24 11:11:14.992896.992896 cuda_h.py:27] end cpu_experts_worker_bmm_or_einsum_0 cost 16.655 ms
DEBUG 04-24 11:11:14.992199.992199 mlpmodule.py:3373] [fused_group_bmm][steps] bmm1=8.332 ms split=0.156 ms act_mul=0.449 ms bmm2=3.884 ms
DEBUG 04-24 11:11:14.993729.993729 cuda_h.py:27] end fused_group_bmm cost 13.032 ms
DEBUG 04-24 11:11:14.993008.993008 cuda_h.py:27] end gather_outputs_group_fused_mp cost 0.325 ms
DEBUG 04-24 11:11:14.994416.994416 cuda_h.py:27] end cpu_experts_worker_bmm_or_einsum_2 cost 18.775 ms
DEBUG 04-24 11:11:14.996188.996188 mlpmodule.py:3373] [fused_group_bmm][steps] bmm1=11.861 ms split=0.154 ms act_mul=0.369 ms bmm2=4.220 ms
DEBUG 04-24 11:11:14.997459.997459 cuda_h.py:27] end fused_group_bmm cost 17.051 ms
DEBUG 04-24 11:11:14.997419.997419 cuda_h.py:27] end gather_outputs_group_fused_mp cost 0.419 ms
DEBUG 04-24 11:11:14.997208.997208 mlpmodule.py:3373] [fused_group_bmm][steps] bmm1=11.713 ms split=0.161 ms act_mul=0.616 ms bmm2=4.795 ms
DEBUG 04-24 11:11:14.998339.998339 cuda_h.py:27] end cpu_experts_worker_bmm_or_einsum_1 cost 22.538 ms
DEBUG 04-24 11:11:14.998676.998676 cuda_h.py:27] end fused_group_bmm cost 17.667 ms
DEBUG 04-24 11:11:14.998265.998265 cuda_h.py:27] end gather_outputs_group_fused_mp cost 0.446 ms
DEBUG 04-24 11:11:14.998877.998877 cuda_h.py:27] end prepare_per_device_parameters cost 14.643 ms
DEBUG 04-24 11:11:14.999783.999783 cuda_h.py:27] end cpu_experts_worker_bmm_or_einsum_3 cost 23.821 ms
DEBUG 04-24 11:11:15.000030.000030 cuda_h.py:27] end cpu_experts_scatter_reduce cost 0.694 ms
DEBUG 04-24 11:11:15.000370.000370 cuda_h.py:27] end cpu_thread_manager_mp_wait_fused cost 1.893 ms
DEBUG 04-24 11:11:15.002355.002355 cuda_h.py:27] end wait_experts_multi_device cost 1.277 ms
DEBUG 04-24 11:11:15.002072.002072 cuda_h.py:27] end *before fused experts* cost 27.557 ms
DEBUG 04-24 11:11:15.006970.006970 cuda_h.py:27] end gpu_experts_multi_device_fused cost 4.025 ms
DEBUG 04-24 11:11:15.006118.006118 cuda_h.py:27] end *gpu experts* cost 31.701 ms
DEBUG 04-24 11:11:15.006736.006736 cuda_h.py:27] end layer_moe_generate_mp_multi_device_fused_l_24 cost 34.269 ms
DEBUG 04-24 11:11:15.008962.008962 cuda_h.py:27] end *mlp cost 35.878 ms
DEBUG 04-24 11:11:15.008755.008755 cuda_h.py:27] end prefill_layer cost 39.849 ms
DEBUG 04-24 11:11:15.008941.008941 lmp.py:341] -------------------------------- end prefill layer 23 --------------------------------
DEBUG 04-24 11:11:15.008121.008121 lmp.py:294] -------------------------------- start prefill layer 24 --------------------------------
DEBUG 04-24 11:11:15.008521.008521 cuda_h.py:27] end start_load_qkvogn_s_weight_l_25 cost 0.045 ms
DEBUG 04-24 11:11:15.008903.008903 cuda_h.py:27] end allocate_cuda_memory cost 0.228 ms
DEBUG 04-24 11:11:15.008729.008729 sllm_store_c.py:27] get device uuid map
DEBUG 04-24 11:11:15.009693.009693 sllm_store_c.py:29] call client load into gpu
DEBUG 04-24 11:11:15.010905.010905 cuda_h.py:27] end load_into_gpu_async cost 1.498 ms
DEBUG 04-24 11:11:15.010261.010261 cuda_h.py:27] end restore_tensors2 cost 0.097 ms
DEBUG 04-24 11:11:15.010114.010114 cuda_h.py:27] end allocate_cuda_memory_and_load_into_gpu cost 2.210 ms
DEBUG 04-24 11:11:15.011137.011137 cuda_h.py:27] end **self_attn cost 1.774 ms
DEBUG 04-24 11:11:15.011072.011072 cuda_h.py:27] end *iln_self_attn_paln cost 3.060 ms
DEBUG 04-24 11:11:15.012734.012734 cuda_h.py:27] end gate cost 0.527 ms
DEBUG 04-24 11:11:15.012853.012853 cuda_h.py:27] end experts_map_get cost 0.286 ms
DEBUG 04-24 11:11:15.012682.012682 cuda_h.py:27] end *before experts start* cost 0.955 ms
DEBUG 04-24 11:11:15.012902.012902 cuda_h.py:27] end cpu_experts_submit_fused_mp cost 0.205 ms
DEBUG 04-24 11:11:15.013235.013235 cuda_h.py:27] end *single cpu experts* cost 1.250 ms
DEBUG 04-24 11:11:15.016161.016161 cuda_h.py:27] end prepare_group_stack cost 1.231 ms
DEBUG 04-24 11:11:15.016486.016486 sllm_store_c.py:27] get device uuid map
DEBUG 04-24 11:11:15.016036.016036 cuda_h.py:27] end prepare_group_stack cost 1.210 ms
DEBUG 04-24 11:11:15.016257.016257 sllm_store_c.py:29] call client load into gpu
DEBUG 04-24 11:11:15.016322.016322 cuda_h.py:27] end prepare_group_stack cost 1.287 ms
DEBUG 04-24 11:11:15.016627.016627 cuda_h.py:27] end prepare_group_stack cost 1.236 ms
DEBUG 04-24 11:11:15.017989.017989 cuda_h.py:27] end group stack cost 0.864 ms
DEBUG 04-24 11:11:15.017435.017435 cuda_h.py:27] end move_flatidxs_group_fused_mp cost 2.263 ms
DEBUG 04-24 11:11:15.017994.017994 cuda_h.py:27] end get_fused_experts_names_w cost 0.021 ms
DEBUG 04-24 11:11:15.017563.017563 cuda_h.py:27] end group stack cost 1.052 ms
DEBUG 04-24 11:11:15.017990.017990 cuda_h.py:27] end group stack cost 0.897 ms
DEBUG 04-24 11:11:15.017019.017019 cuda_h.py:27] end move_flatidxs_group_fused_mp cost 2.552 ms
DEBUG 04-24 11:11:15.017549.017549 cuda_h.py:27] end group stack cost 1.133 ms
DEBUG 04-24 11:11:15.017914.017914 cuda_h.py:27] end move_flatidxs_group_fused_mp cost 2.483 ms
DEBUG 04-24 11:11:15.017594.017594 cuda_h.py:27] end get_fused_experts_names_w cost 0.022 ms
DEBUG 04-24 11:11:15.017482.017482 cuda_h.py:27] end get_fused_experts_names_w cost 0.019 ms
DEBUG 04-24 11:11:15.017230.017230 cuda_h.py:27] end move_flatidxs_group_fused_mp cost 2.711 ms
DEBUG 04-24 11:11:15.018290.018290 cuda_h.py:27] end get_fused_experts_names_w cost 0.021 ms
DEBUG 04-24 11:11:15.018311.018311 cuda_h.py:27] end restore_fused_tensors cost 0.462 ms
DEBUG 04-24 11:11:15.018818.018818 cuda_h.py:27] end group_fused_tensors_mp cost 0.702 ms
DEBUG 04-24 11:11:15.018676.018676 cuda_h.py:27] end restore_fused_tensors cost 0.492 ms
DEBUG 04-24 11:11:15.018366.018366 cuda_h.py:27] end group_fused_tensors_mp cost 0.709 ms
DEBUG 04-24 11:11:15.018911.018911 cuda_h.py:27] end restore_fused_tensors cost 0.605 ms
DEBUG 04-24 11:11:15.018202.018202 cuda_h.py:27] end restore_fused_tensors cost 0.609 ms
DEBUG 04-24 11:11:15.019340.019340 cuda_h.py:27] end group_fused_tensors_mp cost 1.138 ms
DEBUG 04-24 11:11:15.019168.019168 cuda_h.py:27] end group_fused_tensors_mp cost 0.953 ms
DEBUG 04-24 11:11:15.019804.019804 cuda_h.py:27] end restore2model cost 0.898 ms
DEBUG 04-24 11:11:15.019135.019135 cuda_h.py:27] end sllm_worker_task cost 11.323 ms
DEBUG 04-24 11:11:15.020345.020345 cuda_h.py:27] end load_into_gpu_async_fused_experts_dual cost 3.672 ms
DEBUG 04-24 11:11:15.020331.020331 cuda_h.py:27] end restore_tensors2_fused_experts_packed cost 0.189 ms
DEBUG 04-24 11:11:15.021829.021829 cuda_h.py:27] end restore_tensors2_fused_experts_slices cost 0.973 ms
DEBUG 04-24 11:11:15.022083.022083 cuda_h.py:27] end allocate_experts_cuda_memory_and_restore_model_multi_device_fused cost 8.621 ms
DEBUG 04-24 11:11:15.022662.022662 cuda_h.py:27] end gpu_sexperts cost 0.022 ms
DEBUG 04-24 11:11:15.023315.023315 cuda_h.py:27] end wait_load_qkvogn_s_weight cost 0.065 ms
DEBUG 04-24 11:11:15.031331.031331 mlpmodule.py:3373] [fused_group_bmm][steps] bmm1=8.238 ms split=0.117 ms act_mul=0.353 ms bmm2=3.884 ms
DEBUG 04-24 11:11:15.031688.031688 cuda_h.py:27] end fused_group_bmm cost 13.035 ms
DEBUG 04-24 11:11:15.032022.032022 cuda_h.py:27] end gather_outputs_group_fused_mp cost 0.604 ms
DEBUG 04-24 11:11:15.032273.032273 mlpmodule.py:3373] [fused_group_bmm][steps] bmm1=8.309 ms split=0.083 ms act_mul=0.385 ms bmm2=4.499 ms
DEBUG 04-24 11:11:15.032340.032340 cuda_h.py:27] end fused_group_bmm cost 13.539 ms
DEBUG 04-24 11:11:15.032135.032135 cuda_h.py:27] end cpu_experts_worker_bmm_or_einsum_0 cost 18.568 ms
DEBUG 04-24 11:11:15.033786.033786 cuda_h.py:27] end gather_outputs_group_fused_mp cost 0.388 ms
DEBUG 04-24 11:11:15.033233.033233 cuda_h.py:27] end cpu_experts_worker_bmm_or_einsum_2 cost 19.764 ms
DEBUG 04-24 11:11:15.034311.034311 mlpmodule.py:3373] [fused_group_bmm][steps] bmm1=9.115 ms split=0.106 ms act_mul=0.360 ms bmm2=5.796 ms
DEBUG 04-24 11:11:15.034800.034800 cuda_h.py:27] end fused_group_bmm cost 15.803 ms
DEBUG 04-24 11:11:15.034850.034850 mlpmodule.py:3373] [fused_group_bmm][steps] bmm1=9.050 ms split=0.328 ms act_mul=0.478 ms bmm2=5.543 ms
DEBUG 04-24 11:11:15.035422.035422 cuda_h.py:27] end fused_group_bmm cost 15.723 ms
DEBUG 04-24 11:11:15.035906.035906 cuda_h.py:27] end gather_outputs_group_fused_mp cost 0.450 ms
DEBUG 04-24 11:11:15.036259.036259 cuda_h.py:27] end gather_outputs_group_fused_mp cost 0.634 ms
DEBUG 04-24 11:11:15.036394.036394 cuda_h.py:27] end cpu_experts_worker_bmm_or_einsum_1 cost 22.167 ms
DEBUG 04-24 11:11:15.036772.036772 cuda_h.py:27] end cpu_experts_worker_bmm_or_einsum_3 cost 22.391 ms
DEBUG 04-24 11:11:15.039444.039444 cuda_h.py:27] end prepare_per_device_parameters cost 16.783 ms
DEBUG 04-24 11:11:15.042419.042419 cuda_h.py:27] end cpu_experts_scatter_reduce cost 1.124 ms
DEBUG 04-24 11:11:15.042740.042740 cuda_h.py:27] end cpu_thread_manager_mp_wait_fused cost 2.598 ms
DEBUG 04-24 11:11:15.044023.044023 cuda_h.py:27] end wait_experts_multi_device cost 1.291 ms
DEBUG 04-24 11:11:15.044058.044058 cuda_h.py:27] end *before fused experts* cost 30.250 ms
DEBUG 04-24 11:11:15.048065.048065 cuda_h.py:27] end gpu_experts_multi_device_fused cost 4.320 ms
DEBUG 04-24 11:11:15.048551.048551 cuda_h.py:27] end *gpu experts* cost 34.687 ms
DEBUG 04-24 11:11:15.048315.048315 cuda_h.py:27] end layer_moe_generate_mp_multi_device_fused_l_25 cost 37.060 ms
DEBUG 04-24 11:11:15.050644.050644 cuda_h.py:27] end *mlp cost 38.555 ms
DEBUG 04-24 11:11:15.050687.050687 cuda_h.py:27] end prefill_layer cost 41.813 ms
DEBUG 04-24 11:11:15.050887.050887 lmp.py:341] -------------------------------- end prefill layer 24 --------------------------------
DEBUG 04-24 11:11:15.050305.050305 lmp.py:294] -------------------------------- start prefill layer 25 --------------------------------
DEBUG 04-24 11:11:15.050029.050029 cuda_h.py:27] end start_load_qkvogn_s_weight_l_26 cost 0.044 ms
DEBUG 04-24 11:11:15.050022.050022 cuda_h.py:27] end allocate_cuda_memory cost 0.244 ms
DEBUG 04-24 11:11:15.050325.050325 sllm_store_c.py:27] get device uuid map
DEBUG 04-24 11:11:15.050480.050480 sllm_store_c.py:29] call client load into gpu
DEBUG 04-24 11:11:15.052902.052902 cuda_h.py:27] end **self_attn cost 1.205 ms
DEBUG 04-24 11:11:15.052916.052916 cuda_h.py:27] end *iln_self_attn_paln cost 2.391 ms
DEBUG 04-24 11:11:15.052140.052140 cuda_h.py:27] end load_into_gpu_async cost 1.964 ms
DEBUG 04-24 11:11:15.053478.053478 cuda_h.py:27] end restore_tensors2 cost 0.110 ms
DEBUG 04-24 11:11:15.053851.053851 cuda_h.py:27] end allocate_cuda_memory_and_load_into_gpu cost 2.693 ms
DEBUG 04-24 11:11:15.053692.053692 cuda_h.py:27] end gate cost 0.937 ms
DEBUG 04-24 11:11:15.054552.054552 cuda_h.py:27] end experts_map_get cost 0.305 ms
DEBUG 04-24 11:11:15.054859.054859 cuda_h.py:27] end *before experts start* cost 1.387 ms
DEBUG 04-24 11:11:15.054495.054495 cuda_h.py:27] end cpu_experts_submit_fused_mp cost 0.196 ms
DEBUG 04-24 11:11:15.055998.055998 cuda_h.py:27] end *single cpu experts* cost 1.160 ms
DEBUG 04-24 11:11:15.057712.057712 cuda_h.py:27] end prepare_group_stack cost 0.507 ms
DEBUG 04-24 11:11:15.057375.057375 cuda_h.py:27] end prepare_group_stack cost 0.485 ms
DEBUG 04-24 11:11:15.057112.057112 cuda_h.py:27] end prepare_group_stack cost 0.518 ms
DEBUG 04-24 11:11:15.057268.057268 sllm_store_c.py:27] get device uuid map
DEBUG 04-24 11:11:15.057342.057342 cuda_h.py:27] end prepare_group_stack cost 0.591 ms
DEBUG 04-24 11:11:15.057528.057528 sllm_store_c.py:29] call client load into gpu
DEBUG 04-24 11:11:15.058785.058785 cuda_h.py:27] end group stack cost 0.638 ms
DEBUG 04-24 11:11:15.058868.058868 cuda_h.py:27] end group stack cost 0.791 ms
DEBUG 04-24 11:11:15.058358.058358 cuda_h.py:27] end move_flatidxs_group_fused_mp cost 1.386 ms
DEBUG 04-24 11:11:15.058867.058867 cuda_h.py:27] end group stack cost 0.881 ms
DEBUG 04-24 11:11:15.058901.058901 cuda_h.py:27] end move_flatidxs_group_fused_mp cost 1.619 ms
DEBUG 04-24 11:11:15.058252.058252 cuda_h.py:27] end get_fused_experts_names_w cost 0.025 ms
DEBUG 04-24 11:11:15.058764.058764 cuda_h.py:27] end get_fused_experts_names_w cost 0.022 ms
DEBUG 04-24 11:11:15.058088.058088 cuda_h.py:27] end move_flatidxs_group_fused_mp cost 1.784 ms
DEBUG 04-24 11:11:15.058300.058300 cuda_h.py:27] end get_fused_experts_names_w cost 0.021 ms
DEBUG 04-24 11:11:15.059171.059171 cuda_h.py:27] end restore_fused_tensors cost 0.524 ms
DEBUG 04-24 11:11:15.059498.059498 cuda_h.py:27] end group_fused_tensors_mp cost 0.842 ms
DEBUG 04-24 11:11:15.059159.059159 cuda_h.py:27] end group stack cost 1.416 ms
DEBUG 04-24 11:11:15.059221.059221 cuda_h.py:27] end restore_fused_tensors cost 0.467 ms
DEBUG 04-24 11:11:15.059425.059425 cuda_h.py:27] end group_fused_tensors_mp cost 0.795 ms
DEBUG 04-24 11:11:15.059012.059012 cuda_h.py:27] end restore_fused_tensors cost 0.509 ms
DEBUG 04-24 11:11:15.059153.059153 cuda_h.py:27] end group_fused_tensors_mp cost 0.794 ms
DEBUG 04-24 11:11:15.063183.063183 cuda_h.py:27] end load_into_gpu_async_fused_experts_dual cost 5.468 ms
DEBUG 04-24 11:11:15.063721.063721 cuda_h.py:27] end restore2model cost 3.121 ms
DEBUG 04-24 11:11:15.063579.063579 cuda_h.py:27] end restore_tensors2_fused_experts_packed cost 0.204 ms
DEBUG 04-24 11:11:15.064684.064684 cuda_h.py:27] end sllm_worker_task cost 13.906 ms
DEBUG 04-24 11:11:15.064558.064558 cuda_h.py:27] end restore_tensors2_fused_experts_slices cost 0.449 ms
DEBUG 04-24 11:11:15.065514.065514 cuda_h.py:27] end allocate_experts_cuda_memory_and_restore_model_multi_device_fused cost 10.012 ms
DEBUG 04-24 11:11:15.065843.065843 cuda_h.py:27] end gpu_sexperts cost 0.008 ms
DEBUG 04-24 11:11:15.065825.065825 cuda_h.py:27] end wait_load_qkvogn_s_weight cost 0.018 ms
DEBUG 04-24 11:11:15.066436.066436 cuda_h.py:27] end move_flatidxs_group_fused_mp cost 8.877 ms
DEBUG 04-24 11:11:15.066939.066939 cuda_h.py:27] end get_fused_experts_names_w cost 0.135 ms
DEBUG 04-24 11:11:15.067938.067938 cuda_h.py:27] end restore_fused_tensors cost 1.377 ms
DEBUG 04-24 11:11:15.068452.068452 cuda_h.py:27] end group_fused_tensors_mp cost 1.815 ms
DEBUG 04-24 11:11:15.068554.068554 mlpmodule.py:3373] [fused_group_bmm][steps] bmm1=5.689 ms split=0.078 ms act_mul=0.318 ms bmm2=2.760 ms
DEBUG 04-24 11:11:15.068998.068998 cuda_h.py:27] end fused_group_bmm cost 9.097 ms
DEBUG 04-24 11:11:15.069344.069344 cuda_h.py:27] end gather_outputs_group_fused_mp cost 0.582 ms
DEBUG 04-24 11:11:15.069944.069944 cuda_h.py:27] end cpu_experts_worker_bmm_or_einsum_1 cost 14.023 ms
DEBUG 04-24 11:11:15.073136.073136 mlpmodule.py:3373] [fused_group_bmm][steps] bmm1=8.176 ms split=0.081 ms act_mul=0.548 ms bmm2=5.000 ms
DEBUG 04-24 11:11:15.073612.073612 mlpmodule.py:3373] [fused_group_bmm][steps] bmm1=7.980 ms split=0.094 ms act_mul=0.359 ms bmm2=5.180 ms
DEBUG 04-24 11:11:15.073560.073560 cuda_h.py:27] end fused_group_bmm cost 14.044 ms
DEBUG 04-24 11:11:15.073765.073765 cuda_h.py:27] end fused_group_bmm cost 13.871 ms
DEBUG 04-24 11:11:15.074242.074242 cuda_h.py:27] end gather_outputs_group_fused_mp cost 0.351 ms
DEBUG 04-24 11:11:15.074614.074614 cuda_h.py:27] end gather_outputs_group_fused_mp cost 0.371 ms
DEBUG 04-24 11:11:15.074405.074405 cuda_h.py:27] end cpu_experts_worker_bmm_or_einsum_0 cost 18.696 ms
DEBUG 04-24 11:11:15.074644.074644 cuda_h.py:27] end cpu_experts_worker_bmm_or_einsum_2 cost 18.801 ms
DEBUG 04-24 11:11:15.080113.080113 mlpmodule.py:3373] [fused_group_bmm][steps] bmm1=7.008 ms split=0.339 ms act_mul=0.544 ms bmm2=3.319 ms
DEBUG 04-24 11:11:15.080736.080736 cuda_h.py:27] end fused_group_bmm cost 11.459 ms
DEBUG 04-24 11:11:15.080061.080061 cuda_h.py:27] end prepare_per_device_parameters cost 14.844 ms
DEBUG 04-24 11:11:15.081697.081697 cuda_h.py:27] end gather_outputs_group_fused_mp cost 0.526 ms
DEBUG 04-24 11:11:15.082734.082734 cuda_h.py:27] end cpu_experts_worker_bmm_or_einsum_3 cost 26.136 ms
DEBUG 04-24 11:11:15.082653.082653 cuda_h.py:27] end cpu_experts_scatter_reduce cost 0.708 ms
DEBUG 04-24 11:11:15.083384.083384 cuda_h.py:27] end cpu_thread_manager_mp_wait_fused cost 2.409 ms
DEBUG 04-24 11:11:15.084943.084943 cuda_h.py:27] end wait_experts_multi_device cost 1.426 ms
DEBUG 04-24 11:11:15.084216.084216 cuda_h.py:27] end *before fused experts* cost 29.215 ms
DEBUG 04-24 11:11:15.089339.089339 cuda_h.py:27] end gpu_experts_multi_device_fused cost 4.617 ms
DEBUG 04-24 11:11:15.089573.089573 cuda_h.py:27] end *gpu experts* cost 33.939 ms
DEBUG 04-24 11:11:15.089085.089085 cuda_h.py:27] end layer_moe_generate_mp_multi_device_fused_l_26 cost 36.632 ms
DEBUG 04-24 11:11:15.090783.090783 cuda_h.py:27] end *mlp cost 38.092 ms
DEBUG 04-24 11:11:15.090423.090423 cuda_h.py:27] end prefill_layer cost 40.710 ms
DEBUG 04-24 11:11:15.091080.091080 lmp.py:341] -------------------------------- end prefill layer 25 --------------------------------
DEBUG 04-24 11:11:15.091683.091683 lmp.py:294] -------------------------------- start prefill layer 26 --------------------------------
DEBUG 04-24 11:11:15.091461.091461 cuda_h.py:27] end start_load_qkvogn_s_weight_l_27 cost 0.043 ms
DEBUG 04-24 11:11:15.091500.091500 cuda_h.py:27] end allocate_cuda_memory cost 0.241 ms
DEBUG 04-24 11:11:15.091187.091187 sllm_store_c.py:27] get device uuid map
DEBUG 04-24 11:11:15.091914.091914 sllm_store_c.py:29] call client load into gpu
DEBUG 04-24 11:11:15.093194.093194 cuda_h.py:27] end **self_attn cost 1.348 ms
DEBUG 04-24 11:11:15.093046.093046 cuda_h.py:27] end load_into_gpu_async cost 1.718 ms
DEBUG 04-24 11:11:15.093477.093477 cuda_h.py:27] end *iln_self_attn_paln cost 2.517 ms
DEBUG 04-24 11:11:15.093098.093098 cuda_h.py:27] end restore_tensors2 cost 0.103 ms
DEBUG 04-24 11:11:15.093820.093820 cuda_h.py:27] end allocate_cuda_memory_and_load_into_gpu cost 2.733 ms
DEBUG 04-24 11:11:15.094329.094329 cuda_h.py:27] end gate cost 0.689 ms
DEBUG 04-24 11:11:15.094679.094679 cuda_h.py:27] end experts_map_get cost 0.281 ms
DEBUG 04-24 11:11:15.094462.094462 cuda_h.py:27] end *before experts start* cost 1.113 ms
DEBUG 04-24 11:11:15.095589.095589 cuda_h.py:27] end cpu_experts_submit_fused_mp cost 0.207 ms
DEBUG 04-24 11:11:15.096615.096615 cuda_h.py:27] end *single cpu experts* cost 1.169 ms
DEBUG 04-24 11:11:15.097546.097546 cuda_h.py:27] end prepare_group_stack cost 0.418 ms
DEBUG 04-24 11:11:15.098707.098707 cuda_h.py:27] end group stack cost 0.548 ms
DEBUG 04-24 11:11:15.098551.098551 cuda_h.py:27] end move_flatidxs_group_fused_mp cost 1.181 ms
DEBUG 04-24 11:11:15.098039.098039 cuda_h.py:27] end get_fused_experts_names_w cost 0.023 ms
DEBUG 04-24 11:11:15.098555.098555 cuda_h.py:27] end prepare_group_stack cost 0.399 ms
DEBUG 04-24 11:11:15.098149.098149 cuda_h.py:27] end prepare_group_stack cost 0.479 ms
DEBUG 04-24 11:11:15.098221.098221 cuda_h.py:27] end prepare_group_stack cost 0.581 ms
DEBUG 04-24 11:11:15.098192.098192 sllm_store_c.py:27] get device uuid map
DEBUG 04-24 11:11:15.099494.099494 sllm_store_c.py:29] call client load into gpu
DEBUG 04-24 11:11:15.099605.099605 cuda_h.py:27] end restore_fused_tensors cost 0.532 ms
DEBUG 04-24 11:11:15.099832.099832 cuda_h.py:27] end group_fused_tensors_mp cost 0.788 ms
DEBUG 04-24 11:11:15.099017.099017 cuda_h.py:27] end group stack cost 0.942 ms
DEBUG 04-24 11:11:15.099594.099594 cuda_h.py:27] end group stack cost 0.762 ms
DEBUG 04-24 11:11:15.099570.099570 cuda_h.py:27] end move_flatidxs_group_fused_mp cost 1.658 ms
DEBUG 04-24 11:11:15.099875.099875 cuda_h.py:27] end move_flatidxs_group_fused_mp cost 1.644 ms
DEBUG 04-24 11:11:15.099288.099288 cuda_h.py:27] end get_fused_experts_names_w cost 0.023 ms
DEBUG 04-24 11:11:15.099262.099262 cuda_h.py:27] end get_fused_experts_names_w cost 0.022 ms
DEBUG 04-24 11:11:15.100856.100856 cuda_h.py:27] end group stack cost 1.250 ms
DEBUG 04-24 11:11:15.100696.100696 cuda_h.py:27] end move_flatidxs_group_fused_mp cost 2.112 ms
DEBUG 04-24 11:11:15.100484.100484 cuda_h.py:27] end get_fused_experts_names_w cost 0.030 ms
DEBUG 04-24 11:11:15.100085.100085 cuda_h.py:27] end restore_fused_tensors cost 0.576 ms
DEBUG 04-24 11:11:15.100562.100562 cuda_h.py:27] end group_fused_tensors_mp cost 1.090 ms
DEBUG 04-24 11:11:15.100659.100659 cuda_h.py:27] end restore_fused_tensors cost 0.893 ms
DEBUG 04-24 11:11:15.101936.101936 cuda_h.py:27] end restore_fused_tensors cost 0.607 ms
DEBUG 04-24 11:11:15.101142.101142 cuda_h.py:27] end group_fused_tensors_mp cost 1.386 ms
DEBUG 04-24 11:11:15.101302.101302 cuda_h.py:27] end group_fused_tensors_mp cost 0.744 ms
DEBUG 04-24 11:11:15.102993.102993 cuda_h.py:27] end restore2model cost 1.590 ms
DEBUG 04-24 11:11:15.102177.102177 cuda_h.py:27] end load_into_gpu_async_fused_experts_dual cost 3.873 ms
DEBUG 04-24 11:11:15.102544.102544 cuda_h.py:27] end sllm_worker_task cost 11.686 ms
DEBUG 04-24 11:11:15.103179.103179 cuda_h.py:27] end restore_tensors2_fused_experts_packed cost 0.223 ms
DEBUG 04-24 11:11:15.104091.104091 cuda_h.py:27] end restore_tensors2_fused_experts_slices cost 0.542 ms
DEBUG 04-24 11:11:15.104337.104337 cuda_h.py:27] end allocate_experts_cuda_memory_and_restore_model_multi_device_fused cost 8.266 ms
DEBUG 04-24 11:11:15.104574.104574 cuda_h.py:27] end gpu_sexperts cost 0.020 ms
DEBUG 04-24 11:11:15.104842.104842 cuda_h.py:27] end wait_load_qkvogn_s_weight cost 0.037 ms
DEBUG 04-24 11:11:15.108644.108644 mlpmodule.py:3373] [fused_group_bmm][steps] bmm1=3.333 ms split=0.108 ms act_mul=0.902 ms bmm2=4.966 ms
DEBUG 04-24 11:11:15.108377.108377 cuda_h.py:27] end fused_group_bmm cost 9.489 ms
DEBUG 04-24 11:11:15.109455.109455 cuda_h.py:27] end gather_outputs_group_fused_mp cost 0.297 ms
DEBUG 04-24 11:11:15.109270.109270 cuda_h.py:27] end cpu_experts_worker_bmm_or_einsum_0 cost 13.705 ms
DEBUG 04-24 11:11:15.113500.113500 mlpmodule.py:3373] [fused_group_bmm][steps] bmm1=7.297 ms split=0.078 ms act_mul=0.306 ms bmm2=3.727 ms
DEBUG 04-24 11:11:15.113672.113672 cuda_h.py:27] end fused_group_bmm cost 11.640 ms
DEBUG 04-24 11:11:15.113606.113606 cuda_h.py:27] end gather_outputs_group_fused_mp cost 0.367 ms
DEBUG 04-24 11:11:15.114921.114921 cuda_h.py:27] end cpu_experts_worker_bmm_or_einsum_2 cost 17.187 ms
DEBUG 04-24 11:11:15.113762.113762 mlpmodule.py:3373] [fused_group_bmm][steps] bmm1=7.722 ms split=0.101 ms act_mul=0.311 ms bmm2=4.196 ms
DEBUG 04-24 11:11:15.114635.114635 cuda_h.py:27] end fused_group_bmm cost 12.765 ms
DEBUG 04-24 11:11:15.114989.114989 mlpmodule.py:3373] [fused_group_bmm][steps] bmm1=8.236 ms split=0.101 ms act_mul=0.310 ms bmm2=5.308 ms
DEBUG 04-24 11:11:15.115423.115423 cuda_h.py:27] end gather_outputs_group_fused_mp cost 0.589 ms
DEBUG 04-24 11:11:15.115208.115208 cuda_h.py:27] end fused_group_bmm cost 14.227 ms
DEBUG 04-24 11:11:15.115089.115089 cuda_h.py:27] end prepare_per_device_parameters cost 10.383 ms
DEBUG 04-24 11:11:15.115216.115216 cuda_h.py:27] end cpu_experts_worker_bmm_or_einsum_3 cost 18.585 ms
DEBUG 04-24 11:11:15.115565.115565 cuda_h.py:27] end gather_outputs_group_fused_mp cost 0.456 ms
DEBUG 04-24 11:11:15.116390.116390 cuda_h.py:27] end cpu_experts_worker_bmm_or_einsum_1 cost 19.669 ms
DEBUG 04-24 11:11:15.118078.118078 cuda_h.py:27] end cpu_experts_scatter_reduce cost 0.725 ms
DEBUG 04-24 11:11:15.118001.118001 cuda_h.py:27] end cpu_thread_manager_mp_wait_fused cost 3.397 ms
DEBUG 04-24 11:11:15.125644.125644 cuda_h.py:27] end wait_experts_multi_device cost 6.896 ms
DEBUG 04-24 11:11:15.125434.125434 cuda_h.py:27] end *before fused experts* cost 29.763 ms
DEBUG 04-24 11:11:15.130387.130387 cuda_h.py:27] end gpu_experts_multi_device_fused cost 4.495 ms
DEBUG 04-24 11:11:15.130906.130906 cuda_h.py:27] end *gpu experts* cost 34.359 ms
DEBUG 04-24 11:11:15.130332.130332 cuda_h.py:27] end layer_moe_generate_mp_multi_device_fused_l_27 cost 36.797 ms
DEBUG 04-24 11:11:15.132296.132296 cuda_h.py:27] end *mlp cost 38.489 ms
DEBUG 04-24 11:11:15.132909.132909 cuda_h.py:27] end prefill_layer cost 41.352 ms
DEBUG 04-24 11:11:15.132042.132042 lmp.py:341] -------------------------------- end prefill layer 26 --------------------------------
DEBUG 04-24 11:11:15.132884.132884 lmp.py:294] -------------------------------- start prefill layer 27 --------------------------------
DEBUG 04-24 11:11:15.132079.132079 cuda_h.py:27] end start_load_qkvogn_s_weight_l_28 cost 0.040 ms
DEBUG 04-24 11:11:15.132280.132280 cuda_h.py:27] end allocate_cuda_memory cost 0.194 ms
DEBUG 04-24 11:11:15.132736.132736 sllm_store_c.py:27] get device uuid map
DEBUG 04-24 11:11:15.133912.133912 sllm_store_c.py:29] call client load into gpu
DEBUG 04-24 11:11:15.134199.134199 cuda_h.py:27] end **self_attn cost 1.321 ms
DEBUG 04-24 11:11:15.134789.134789 cuda_h.py:27] end *iln_self_attn_paln cost 2.292 ms
DEBUG 04-24 11:11:15.135278.135278 cuda_h.py:27] end load_into_gpu_async cost 2.539 ms
DEBUG 04-24 11:11:15.135908.135908 cuda_h.py:27] end restore_tensors2 cost 0.147 ms
DEBUG 04-24 11:11:15.135079.135079 cuda_h.py:27] end allocate_cuda_memory_and_load_into_gpu cost 3.320 ms
DEBUG 04-24 11:11:15.135882.135882 cuda_h.py:27] end gate cost 0.883 ms
DEBUG 04-24 11:11:15.136547.136547 cuda_h.py:27] end experts_map_get cost 0.285 ms
DEBUG 04-24 11:11:15.136760.136760 cuda_h.py:27] end *before experts start* cost 1.403 ms
DEBUG 04-24 11:11:15.136788.136788 cuda_h.py:27] end cpu_experts_submit_fused_mp cost 0.198 ms
DEBUG 04-24 11:11:15.137094.137094 cuda_h.py:27] end *single cpu experts* cost 1.228 ms
DEBUG 04-24 11:11:15.139901.139901 cuda_h.py:27] end prepare_group_stack cost 0.618 ms
DEBUG 04-24 11:11:15.139550.139550 cuda_h.py:27] end prepare_group_stack cost 0.691 ms
DEBUG 04-24 11:11:15.139749.139749 cuda_h.py:27] end prepare_group_stack cost 0.625 ms
DEBUG 04-24 11:11:15.140258.140258 sllm_store_c.py:27] get device uuid map
DEBUG 04-24 11:11:15.140608.140608 sllm_store_c.py:29] call client load into gpu
DEBUG 04-24 11:11:15.140546.140546 cuda_h.py:27] end prepare_group_stack cost 0.384 ms
DEBUG 04-24 11:11:15.141135.141135 cuda_h.py:27] end group stack cost 1.172 ms
DEBUG 04-24 11:11:15.141808.141808 cuda_h.py:27] end move_flatidxs_group_fused_mp cost 2.009 ms
DEBUG 04-24 11:11:15.141483.141483 cuda_h.py:27] end group stack cost 0.597 ms
DEBUG 04-24 11:11:15.141828.141828 cuda_h.py:27] end group stack cost 1.262 ms
DEBUG 04-24 11:11:15.141723.141723 cuda_h.py:27] end group stack cost 1.279 ms
DEBUG 04-24 11:11:15.141216.141216 cuda_h.py:27] end get_fused_experts_names_w cost 0.024 ms
DEBUG 04-24 11:11:15.141422.141422 cuda_h.py:27] end move_flatidxs_group_fused_mp cost 1.438 ms
DEBUG 04-24 11:11:15.141741.141741 cuda_h.py:27] end move_flatidxs_group_fused_mp cost 2.427 ms
DEBUG 04-24 11:11:15.141946.141946 cuda_h.py:27] end move_flatidxs_group_fused_mp cost 2.371 ms
DEBUG 04-24 11:11:15.141879.141879 cuda_h.py:27] end get_fused_experts_names_w cost 0.023 ms
DEBUG 04-24 11:11:15.141575.141575 cuda_h.py:27] end get_fused_experts_names_w cost 0.023 ms
DEBUG 04-24 11:11:15.141899.141899 cuda_h.py:27] end get_fused_experts_names_w cost 0.024 ms
DEBUG 04-24 11:11:15.142827.142827 cuda_h.py:27] end restore_fused_tensors cost 0.661 ms
DEBUG 04-24 11:11:15.142776.142776 cuda_h.py:27] end group_fused_tensors_mp cost 0.932 ms
DEBUG 04-24 11:11:15.142247.142247 cuda_h.py:27] end restore_fused_tensors cost 0.571 ms
DEBUG 04-24 11:11:15.142798.142798 cuda_h.py:27] end restore_fused_tensors cost 0.599 ms
DEBUG 04-24 11:11:15.142183.142183 cuda_h.py:27] end restore_fused_tensors cost 0.616 ms
DEBUG 04-24 11:11:15.142620.142620 cuda_h.py:27] end group_fused_tensors_mp cost 0.972 ms
DEBUG 04-24 11:11:15.142117.142117 cuda_h.py:27] end group_fused_tensors_mp cost 1.010 ms
DEBUG 04-24 11:11:15.142468.142468 cuda_h.py:27] end group_fused_tensors_mp cost 1.009 ms
DEBUG 04-24 11:11:15.144809.144809 cuda_h.py:27] end restore2model cost 1.057 ms
DEBUG 04-24 11:11:15.144710.144710 cuda_h.py:27] end sllm_worker_task cost 11.666 ms
DEBUG 04-24 11:11:15.144556.144556 cuda_h.py:27] end load_into_gpu_async_fused_experts_dual cost 4.506 ms
DEBUG 04-24 11:11:15.145971.145971 cuda_h.py:27] end restore_tensors2_fused_experts_packed cost 0.252 ms
DEBUG 04-24 11:11:15.146314.146314 cuda_h.py:27] end restore_tensors2_fused_experts_slices cost 1.030 ms
DEBUG 04-24 11:11:15.147218.147218 cuda_h.py:27] end allocate_experts_cuda_memory_and_restore_model_multi_device_fused cost 9.567 ms
DEBUG 04-24 11:11:15.147308.147308 cuda_h.py:27] end gpu_sexperts cost 0.056 ms
DEBUG 04-24 11:11:15.148162.148162 cuda_h.py:27] end wait_load_qkvogn_s_weight cost 0.081 ms
DEBUG 04-24 11:11:15.157768.157768 mlpmodule.py:3373] [fused_group_bmm][steps] bmm1=8.706 ms split=0.103 ms act_mul=0.435 ms bmm2=5.180 ms
DEBUG 04-24 11:11:15.157095.157095 mlpmodule.py:3373] [fused_group_bmm][steps] bmm1=8.423 ms split=0.074 ms act_mul=0.627 ms bmm2=4.958 ms
DEBUG 04-24 11:11:15.157188.157188 cuda_h.py:27] end fused_group_bmm cost 14.743 ms
DEBUG 04-24 11:11:15.157010.157010 cuda_h.py:27] end fused_group_bmm cost 14.338 ms
DEBUG 04-24 11:11:15.157441.157441 cuda_h.py:27] end gather_outputs_group_fused_mp cost 0.388 ms
DEBUG 04-24 11:11:15.157673.157673 cuda_h.py:27] end gather_outputs_group_fused_mp cost 0.368 ms
DEBUG 04-24 11:11:15.158692.158692 cuda_h.py:27] end cpu_experts_worker_bmm_or_einsum_2 cost 20.228 ms
DEBUG 04-24 11:11:15.158627.158627 cuda_h.py:27] end cpu_experts_worker_bmm_or_einsum_0 cost 19.283 ms
DEBUG 04-24 11:11:15.158161.158161 mlpmodule.py:3373] [fused_group_bmm][steps] bmm1=9.256 ms split=0.108 ms act_mul=0.480 ms bmm2=5.767 ms
DEBUG 04-24 11:11:15.159895.159895 cuda_h.py:27] end fused_group_bmm cost 16.033 ms
DEBUG 04-24 11:11:15.159031.159031 mlpmodule.py:3373] [fused_group_bmm][steps] bmm1=9.414 ms split=0.110 ms act_mul=0.784 ms bmm2=6.160 ms
DEBUG 04-24 11:11:15.159582.159582 cuda_h.py:27] end fused_group_bmm cost 16.737 ms
DEBUG 04-24 11:11:15.159006.159006 cuda_h.py:27] end gather_outputs_group_fused_mp cost 0.507 ms
DEBUG 04-24 11:11:15.160782.160782 cuda_h.py:27] end gather_outputs_group_fused_mp cost 0.426 ms
DEBUG 04-24 11:11:15.160872.160872 cuda_h.py:27] end cpu_experts_worker_bmm_or_einsum_1 cost 22.441 ms
DEBUG 04-24 11:11:15.160155.160155 cuda_h.py:27] end cpu_experts_worker_bmm_or_einsum_3 cost 22.577 ms
DEBUG 04-24 11:11:15.163327.163327 cuda_h.py:27] end prepare_per_device_parameters cost 14.858 ms
DEBUG 04-24 11:11:15.165678.165678 cuda_h.py:27] end cpu_experts_scatter_reduce cost 0.708 ms
DEBUG 04-24 11:11:15.165694.165694 cuda_h.py:27] end cpu_thread_manager_mp_wait_fused cost 2.154 ms
DEBUG 04-24 11:11:15.166087.166087 cuda_h.py:27] end wait_experts_multi_device cost 1.407 ms
DEBUG 04-24 11:11:15.166599.166599 cuda_h.py:27] end *before fused experts* cost 29.076 ms
DEBUG 04-24 11:11:15.171081.171081 cuda_h.py:27] end gpu_experts_multi_device_fused cost 4.841 ms
DEBUG 04-24 11:11:15.171647.171647 cuda_h.py:27] end *gpu experts* cost 34.060 ms
DEBUG 04-24 11:11:15.172440.172440 cuda_h.py:27] end layer_moe_generate_mp_multi_device_fused_l_28 cost 37.121 ms
DEBUG 04-24 11:11:15.173564.173564 cuda_h.py:27] end *mlp cost 38.054 ms
DEBUG 04-24 11:11:15.173037.173037 cuda_h.py:27] end prefill_layer cost 40.771 ms
DEBUG 04-24 11:11:15.173363.173363 lmp.py:341] -------------------------------- end prefill layer 27 --------------------------------
DEBUG 04-24 11:11:15.173825.173825 lmp.py:294] -------------------------------- start prefill layer 28 --------------------------------
DEBUG 04-24 11:11:15.173550.173550 cuda_h.py:27] end start_load_qkvogn_s_weight_l_29 cost 0.042 ms
DEBUG 04-24 11:11:15.173946.173946 cuda_h.py:27] end allocate_cuda_memory cost 0.238 ms
DEBUG 04-24 11:11:15.173594.173594 sllm_store_c.py:27] get device uuid map
DEBUG 04-24 11:11:15.174557.174557 sllm_store_c.py:29] call client load into gpu
DEBUG 04-24 11:11:15.175615.175615 cuda_h.py:27] end **self_attn cost 1.426 ms
DEBUG 04-24 11:11:15.175226.175226 cuda_h.py:27] end *iln_self_attn_paln cost 2.444 ms
DEBUG 04-24 11:11:15.176748.176748 cuda_h.py:27] end load_into_gpu_async cost 2.042 ms
DEBUG 04-24 11:11:15.176498.176498 cuda_h.py:27] end restore_tensors2 cost 0.102 ms
DEBUG 04-24 11:11:15.176394.176394 cuda_h.py:27] end allocate_cuda_memory_and_load_into_gpu cost 2.789 ms
DEBUG 04-24 11:11:15.176235.176235 cuda_h.py:27] end gate cost 0.834 ms
DEBUG 04-24 11:11:15.177413.177413 cuda_h.py:27] end experts_map_get cost 0.288 ms
DEBUG 04-24 11:11:15.177627.177627 cuda_h.py:27] end *before experts start* cost 1.274 ms
DEBUG 04-24 11:11:15.177025.177025 cuda_h.py:27] end cpu_experts_submit_fused_mp cost 0.196 ms
DEBUG 04-24 11:11:15.178991.178991 cuda_h.py:27] end *single cpu experts* cost 1.151 ms
DEBUG 04-24 11:11:15.180462.180462 sllm_store_c.py:27] get device uuid map
DEBUG 04-24 11:11:15.181325.181325 sllm_store_c.py:29] call client load into gpu
DEBUG 04-24 11:11:15.181388.181388 cuda_h.py:27] end prepare_group_stack cost 1.212 ms
DEBUG 04-24 11:11:15.181455.181455 cuda_h.py:27] end prepare_group_stack cost 1.262 ms
DEBUG 04-24 11:11:15.181820.181820 cuda_h.py:27] end prepare_group_stack cost 1.193 ms
DEBUG 04-24 11:11:15.181045.181045 cuda_h.py:27] end prepare_group_stack cost 1.194 ms
DEBUG 04-24 11:11:15.182860.182860 cuda_h.py:27] end group stack cost 0.828 ms
DEBUG 04-24 11:11:15.182288.182288 cuda_h.py:27] end move_flatidxs_group_fused_mp cost 2.342 ms
DEBUG 04-24 11:11:15.182035.182035 cuda_h.py:27] end group stack cost 1.115 ms
DEBUG 04-24 11:11:15.182648.182648 cuda_h.py:27] end group stack cost 1.249 ms
DEBUG 04-24 11:11:15.182616.182616 cuda_h.py:27] end get_fused_experts_names_w cost 0.022 ms
DEBUG 04-24 11:11:15.182537.182537 cuda_h.py:27] end move_flatidxs_group_fused_mp cost 2.651 ms
DEBUG 04-24 11:11:15.183492.183492 cuda_h.py:27] end move_flatidxs_group_fused_mp cost 2.748 ms
DEBUG 04-24 11:11:15.183062.183062 cuda_h.py:27] end get_fused_experts_names_w cost 0.021 ms
DEBUG 04-24 11:11:15.183429.183429 cuda_h.py:27] end get_fused_experts_names_w cost 0.046 ms
DEBUG 04-24 11:11:15.183217.183217 cuda_h.py:27] end group stack cost 1.444 ms
DEBUG 04-24 11:11:15.183692.183692 cuda_h.py:27] end move_flatidxs_group_fused_mp cost 3.035 ms
DEBUG 04-24 11:11:15.183478.183478 cuda_h.py:27] end get_fused_experts_names_w cost 0.023 ms
DEBUG 04-24 11:11:15.183111.183111 cuda_h.py:27] end restore_fused_tensors cost 0.631 ms
DEBUG 04-24 11:11:15.183496.183496 cuda_h.py:27] end restore_fused_tensors cost 0.707 ms
DEBUG 04-24 11:11:15.183662.183662 cuda_h.py:27] end restore_fused_tensors cost 0.590 ms
DEBUG 04-24 11:11:15.183623.183623 cuda_h.py:27] end group_fused_tensors_mp cost 0.754 ms
DEBUG 04-24 11:11:15.183730.183730 cuda_h.py:27] end group_fused_tensors_mp cost 0.847 ms
DEBUG 04-24 11:11:15.183452.183452 cuda_h.py:27] end group_fused_tensors_mp cost 0.734 ms
DEBUG 04-24 11:11:15.184249.184249 cuda_h.py:27] end restore_fused_tensors cost 0.581 ms
DEBUG 04-24 11:11:15.184330.184330 cuda_h.py:27] end group_fused_tensors_mp cost 0.761 ms
DEBUG 04-24 11:11:15.191034.191034 cuda_h.py:27] end restore2model cost 0.936 ms
DEBUG 04-24 11:11:15.191184.191184 cuda_h.py:27] end sllm_worker_task cost 18.251 ms
DEBUG 04-24 11:11:15.192982.192982 cuda_h.py:27] end load_into_gpu_async_fused_experts_dual cost 11.785 ms
DEBUG 04-24 11:11:15.192493.192493 cuda_h.py:27] end restore_tensors2_fused_experts_packed cost 0.118 ms
DEBUG 04-24 11:11:15.193754.193754 cuda_h.py:27] end restore_tensors2_fused_experts_slices cost 0.752 ms
DEBUG 04-24 11:11:15.194820.194820 cuda_h.py:27] end allocate_experts_cuda_memory_and_restore_model_multi_device_fused cost 15.603 ms
DEBUG 04-24 11:11:15.194630.194630 cuda_h.py:27] end gpu_sexperts cost 0.018 ms
DEBUG 04-24 11:11:15.194353.194353 mlpmodule.py:3373] [fused_group_bmm][steps] bmm1=7.555 ms split=0.094 ms act_mul=0.555 ms bmm2=2.340 ms
DEBUG 04-24 11:11:15.194905.194905 cuda_h.py:27] end wait_load_qkvogn_s_weight cost 0.058 ms
DEBUG 04-24 11:11:15.194389.194389 cuda_h.py:27] end fused_group_bmm cost 10.864 ms
DEBUG 04-24 11:11:15.195247.195247 cuda_h.py:27] end gather_outputs_group_fused_mp cost 0.537 ms
DEBUG 04-24 11:11:15.196269.196269 cuda_h.py:27] end cpu_experts_worker_bmm_or_einsum_0 cost 17.290 ms
DEBUG 04-24 11:11:15.197778.197778 mlpmodule.py:3373] [fused_group_bmm][steps] bmm1=8.014 ms split=0.077 ms act_mul=0.608 ms bmm2=4.001 ms
DEBUG 04-24 11:11:15.197725.197725 cuda_h.py:27] end fused_group_bmm cost 12.944 ms
DEBUG 04-24 11:11:15.197362.197362 mlpmodule.py:3373] [fused_group_bmm][steps] bmm1=8.257 ms split=0.095 ms act_mul=0.818 ms bmm2=4.094 ms
DEBUG 04-24 11:11:15.197799.197799 cuda_h.py:27] end fused_group_bmm cost 13.734 ms
DEBUG 04-24 11:11:15.197488.197488 cuda_h.py:27] end gather_outputs_group_fused_mp cost 0.359 ms
DEBUG 04-24 11:11:15.198467.198467 mlpmodule.py:3373] [fused_group_bmm][steps] bmm1=8.699 ms split=0.096 ms act_mul=0.532 ms bmm2=5.215 ms
DEBUG 04-24 11:11:15.198386.198386 cuda_h.py:27] end cpu_experts_worker_bmm_or_einsum_2 cost 19.628 ms
DEBUG 04-24 11:11:15.198143.198143 cuda_h.py:27] end fused_group_bmm cost 14.799 ms
DEBUG 04-24 11:11:15.198025.198025 cuda_h.py:27] end gather_outputs_group_fused_mp cost 0.547 ms
DEBUG 04-24 11:11:15.199831.199831 cuda_h.py:27] end gather_outputs_group_fused_mp cost 0.433 ms
DEBUG 04-24 11:11:15.199375.199375 cuda_h.py:27] end cpu_experts_worker_bmm_or_einsum_3 cost 20.491 ms
DEBUG 04-24 11:11:15.200955.200955 cuda_h.py:27] end cpu_experts_worker_bmm_or_einsum_1 cost 21.176 ms
DEBUG 04-24 11:11:15.208587.208587 cuda_h.py:27] end prepare_per_device_parameters cost 13.871 ms
DEBUG 04-24 11:11:15.210841.210841 cuda_h.py:27] end cpu_experts_scatter_reduce cost 0.560 ms
DEBUG 04-24 11:11:15.210658.210658 cuda_h.py:27] end cpu_thread_manager_mp_wait_fused cost 1.871 ms
DEBUG 04-24 11:11:15.211473.211473 cuda_h.py:27] end wait_experts_multi_device cost 1.161 ms
DEBUG 04-24 11:11:15.211541.211541 cuda_h.py:27] end *before fused experts* cost 33.392 ms
DEBUG 04-24 11:11:15.216080.216080 cuda_h.py:27] end gpu_experts_multi_device_fused cost 3.980 ms
DEBUG 04-24 11:11:15.216936.216936 cuda_h.py:27] end *gpu experts* cost 37.475 ms
DEBUG 04-24 11:11:15.216939.216939 cuda_h.py:27] end layer_moe_generate_mp_multi_device_fused_l_29 cost 40.057 ms
DEBUG 04-24 11:11:15.217479.217479 cuda_h.py:27] end *mlp cost 41.543 ms
DEBUG 04-24 11:11:15.217151.217151 cuda_h.py:27] end prefill_layer cost 44.340 ms
DEBUG 04-24 11:11:15.217331.217331 lmp.py:341] -------------------------------- end prefill layer 28 --------------------------------
DEBUG 04-24 11:11:15.217981.217981 lmp.py:294] -------------------------------- start prefill layer 29 --------------------------------
DEBUG 04-24 11:11:15.219947.219947 cuda_h.py:27] end **self_attn cost 1.499 ms
DEBUG 04-24 11:11:15.219638.219638 cuda_h.py:27] end *iln_self_attn_paln cost 2.004 ms
DEBUG 04-24 11:11:15.220777.220777 cuda_h.py:27] end gate cost 0.511 ms
DEBUG 04-24 11:11:15.220723.220723 cuda_h.py:27] end experts_map_get cost 0.259 ms
DEBUG 04-24 11:11:15.221744.221744 cuda_h.py:27] end *before experts start* cost 0.919 ms
DEBUG 04-24 11:11:15.221818.221818 cuda_h.py:27] end cpu_experts_submit_fused_mp cost 0.203 ms
DEBUG 04-24 11:11:15.222824.222824 cuda_h.py:27] end *single cpu experts* cost 1.150 ms
DEBUG 04-24 11:11:15.222564.222564 cuda_h.py:27] end prepare_group_stack cost 0.449 ms
DEBUG 04-24 11:11:15.223790.223790 cuda_h.py:27] end prepare_group_stack cost 0.364 ms
DEBUG 04-24 11:11:15.223414.223414 cuda_h.py:27] end prepare_group_stack cost 0.394 ms
DEBUG 04-24 11:11:15.223429.223429 sllm_store_c.py:27] get device uuid map
DEBUG 04-24 11:11:15.223452.223452 sllm_store_c.py:29] call client load into gpu
DEBUG 04-24 11:11:15.223320.223320 cuda_h.py:27] end group stack cost 0.692 ms
DEBUG 04-24 11:11:15.223121.223121 cuda_h.py:27] end move_flatidxs_group_fused_mp cost 1.480 ms
DEBUG 04-24 11:11:15.224776.224776 cuda_h.py:27] end get_fused_experts_names_w cost 0.025 ms
DEBUG 04-24 11:11:15.224537.224537 cuda_h.py:27] end group stack cost 0.849 ms
DEBUG 04-24 11:11:15.224073.224073 cuda_h.py:27] end prepare_group_stack cost 0.626 ms
DEBUG 04-24 11:11:15.224927.224927 cuda_h.py:27] end move_flatidxs_group_fused_mp cost 1.503 ms
DEBUG 04-24 11:11:15.224051.224051 cuda_h.py:27] end get_fused_experts_names_w cost 0.023 ms
DEBUG 04-24 11:11:15.224591.224591 cuda_h.py:27] end group stack cost 1.255 ms
DEBUG 04-24 11:11:15.224375.224375 cuda_h.py:27] end move_flatidxs_group_fused_mp cost 1.817 ms
DEBUG 04-24 11:11:15.224283.224283 cuda_h.py:27] end restore_fused_tensors cost 0.561 ms
DEBUG 04-24 11:11:15.224361.224361 cuda_h.py:27] end get_fused_experts_names_w cost 0.022 ms
DEBUG 04-24 11:11:15.224189.224189 cuda_h.py:27] end group_fused_tensors_mp cost 0.893 ms
DEBUG 04-24 11:11:15.225442.225442 cuda_h.py:27] end restore_fused_tensors cost 0.639 ms
DEBUG 04-24 11:11:15.225159.225159 cuda_h.py:27] end group_fused_tensors_mp cost 0.879 ms
DEBUG 04-24 11:11:15.225679.225679 cuda_h.py:27] end restore_fused_tensors cost 0.448 ms
DEBUG 04-24 11:11:15.225751.225751 cuda_h.py:27] end group_fused_tensors_mp cost 0.806 ms
DEBUG 04-24 11:11:15.226409.226409 cuda_h.py:27] end group stack cost 1.865 ms
DEBUG 04-24 11:11:15.226021.226021 cuda_h.py:27] end move_flatidxs_group_fused_mp cost 3.036 ms
DEBUG 04-24 11:11:15.227067.227067 cuda_h.py:27] end get_fused_experts_names_w cost 0.059 ms
DEBUG 04-24 11:11:15.228966.228966 cuda_h.py:27] end load_into_gpu_async_fused_experts_dual cost 4.366 ms
DEBUG 04-24 11:11:15.228037.228037 cuda_h.py:27] end restore_tensors2_fused_experts_packed cost 0.318 ms
DEBUG 04-24 11:11:15.229028.229028 cuda_h.py:27] end restore_fused_tensors cost 1.593 ms
DEBUG 04-24 11:11:15.229307.229307 cuda_h.py:27] end group_fused_tensors_mp cost 2.283 ms
DEBUG 04-24 11:11:15.229610.229610 cuda_h.py:27] end restore_tensors2_fused_experts_slices cost 0.795 ms
DEBUG 04-24 11:11:15.230800.230800 cuda_h.py:27] end allocate_experts_cuda_memory_and_restore_model_multi_device_fused cost 7.923 ms
DEBUG 04-24 11:11:15.230075.230075 cuda_h.py:27] end gpu_sexperts cost 0.019 ms
DEBUG 04-24 11:11:15.237255.237255 mlpmodule.py:3373] [fused_group_bmm][steps] bmm1=6.252 ms split=0.167 ms act_mul=0.476 ms bmm2=4.557 ms
DEBUG 04-24 11:11:15.237921.237921 cuda_h.py:27] end fused_group_bmm cost 12.078 ms
DEBUG 04-24 11:11:15.238452.238452 mlpmodule.py:3373] [fused_group_bmm][steps] bmm1=7.860 ms split=0.092 ms act_mul=0.358 ms bmm2=4.183 ms
DEBUG 04-24 11:11:15.238138.238138 cuda_h.py:27] end fused_group_bmm cost 12.874 ms
DEBUG 04-24 11:11:15.238949.238949 mlpmodule.py:3373] [fused_group_bmm][steps] bmm1=8.491 ms split=0.086 ms act_mul=0.470 ms bmm2=4.453 ms
DEBUG 04-24 11:11:15.238763.238763 cuda_h.py:27] end fused_group_bmm cost 13.709 ms
DEBUG 04-24 11:11:15.239146.239146 cuda_h.py:27] end gather_outputs_group_fused_mp cost 0.449 ms
DEBUG 04-24 11:11:15.239613.239613 cuda_h.py:27] end gather_outputs_group_fused_mp cost 0.762 ms
DEBUG 04-24 11:11:15.239223.239223 cuda_h.py:27] end gather_outputs_group_fused_mp cost 0.304 ms
DEBUG 04-24 11:11:15.239542.239542 mlpmodule.py:3373] [fused_group_bmm][steps] bmm1=4.224 ms split=0.327 ms act_mul=0.854 ms bmm2=4.026 ms
DEBUG 04-24 11:11:15.239153.239153 cuda_h.py:27] end cpu_experts_worker_bmm_or_einsum_2 cost 17.219 ms
DEBUG 04-24 11:11:15.239760.239760 cuda_h.py:27] end fused_group_bmm cost 9.836 ms
DEBUG 04-24 11:11:15.239550.239550 cuda_h.py:27] end cpu_experts_worker_bmm_or_einsum_3 cost 17.393 ms
DEBUG 04-24 11:11:15.239525.239525 cuda_h.py:27] end cpu_experts_worker_bmm_or_einsum_0 cost 17.844 ms
DEBUG 04-24 11:11:15.240135.240135 cuda_h.py:27] end gather_outputs_group_fused_mp cost 0.521 ms
DEBUG 04-24 11:11:15.241075.241075 cuda_h.py:27] end cpu_experts_worker_bmm_or_einsum_1 cost 18.059 ms
DEBUG 04-24 11:11:15.244740.244740 cuda_h.py:27] end prepare_per_device_parameters cost 14.234 ms
DEBUG 04-24 11:11:15.246269.246269 cuda_h.py:27] end cpu_experts_scatter_reduce cost 0.728 ms
DEBUG 04-24 11:11:15.247662.247662 cuda_h.py:27] end cpu_thread_manager_mp_wait_fused cost 2.318 ms
DEBUG 04-24 11:11:15.250531.250531 cuda_h.py:27] end wait_experts_multi_device cost 3.162 ms
DEBUG 04-24 11:11:15.250566.250566 cuda_h.py:27] end *before fused experts* cost 28.054 ms
DEBUG 04-24 11:11:15.254856.254856 cuda_h.py:27] end gpu_experts_multi_device_fused cost 4.460 ms
DEBUG 04-24 11:11:15.254090.254090 cuda_h.py:27] end *gpu experts* cost 32.620 ms
DEBUG 04-24 11:11:15.254086.254086 cuda_h.py:27] end layer_moe_generate_mp_multi_device_fused_l_30 cost 34.843 ms
DEBUG 04-24 11:11:15.256371.256371 cuda_h.py:27] end *mlp cost 36.246 ms
DEBUG 04-24 11:11:15.256242.256242 cuda_h.py:27] end prefill_layer cost 38.675 ms
DEBUG 04-24 11:11:15.256091.256091 lmp.py:341] -------------------------------- end prefill layer 29 --------------------------------
DEBUG 04-24 11:11:15.256125.256125 cuda_h.py:27] end prefill cost 2006.927 ms
INFO 04-24 11:11:15.256910.256910 lmp.py:343] prefill time: 2.0070013999938965 seconds
generate input ids cost 0.047963619232177734 s
DEBUG 04-24 11:11:21.383759.383759 cuda_h.py:27] end generate_input_ids cost 3398.533 ms
DEBUG 04-24 11:11:21.383328.383328 cuda_h.py:27] end init_cache cost 0.049 ms
DEBUG 04-24 11:11:21.384091.384091 cuda_h.py:27] end allocate_cuda_memory cost 0.394 ms
DEBUG 04-24 11:11:21.384548.384548 sllm_store_c.py:27] get device uuid map
DEBUG 04-24 11:11:21.384669.384669 sllm_store_c.py:29] call client load into gpu
DEBUG 04-24 11:11:21.386727.386727 cuda_h.py:27] end load_into_gpu_async cost 2.377 ms
DEBUG 04-24 11:11:21.386559.386559 cuda_h.py:27] end restore_tensors2 cost 0.058 ms
DEBUG 04-24 11:11:21.386130.386130 cuda_h.py:27] end allocate_cuda_memory_and_load_into_gpu cost 3.144 ms
DEBUG 04-24 11:11:21.387813.387813 cuda_h.py:27] end restore2model cost 0.188 ms
DEBUG 04-24 11:11:21.524822.524822 cuda_h.py:27] end allocate_cuda_memory cost 0.505 ms
DEBUG 04-24 11:11:21.524808.524808 sllm_store_c.py:27] get device uuid map
DEBUG 04-24 11:11:21.524362.524362 sllm_store_c.py:29] call client load into gpu
DEBUG 04-24 11:11:21.527295.527295 cuda_h.py:27] end load_into_gpu_async cost 2.667 ms
DEBUG 04-24 11:11:21.527322.527322 cuda_h.py:27] end restore_tensors2 cost 0.250 ms
DEBUG 04-24 11:11:21.528132.528132 cuda_h.py:27] end allocate_cuda_memory_and_load_into_gpu cost 4.259 ms
DEBUG 04-24 11:11:21.679380.679380 cuda_h.py:27] end restore2model cost 1.839 ms
DEBUG 04-24 11:11:21.680760.680760 cuda_h.py:27] end load_qkvogns_weight_l_0 cost 156.621 ms
DEBUG 04-24 11:11:21.680335.680335 cuda_h.py:27] end init_general_weights cost 296.448 ms
DEBUG 04-24 11:11:21.681466.681466 cuda_h.py:27] end init_inputs_tokens cost 0.886 ms
DEBUG 04-24 11:11:21.681452.681452 lmp.py:294] -------------------------------- start prefill layer 0 --------------------------------
DEBUG 04-24 11:11:21.682266.682266 cuda_h.py:27] end start_load_qkvogn_s_weight_l_1 cost 0.074 ms
DEBUG 04-24 11:11:21.682241.682241 cuda_h.py:27] end allocate_cuda_memory cost 0.434 ms
DEBUG 04-24 11:11:21.683092.683092 sllm_store_c.py:27] get device uuid map
DEBUG 04-24 11:11:21.683045.683045 sllm_store_c.py:29] call client load into gpu
DEBUG 04-24 11:11:21.686405.686405 cuda_h.py:27] end load_into_gpu_async cost 3.209 ms
DEBUG 04-24 11:11:21.686762.686762 cuda_h.py:27] end restore_tensors2 cost 0.195 ms
DEBUG 04-24 11:11:21.687774.687774 cuda_h.py:27] end allocate_cuda_memory_and_load_into_gpu cost 4.953 ms
DEBUG 04-24 11:11:21.689940.689940 cuda_h.py:27] end **self_attn cost 5.110 ms
DEBUG 04-24 11:11:21.690114.690114 cuda_h.py:27] end *iln_self_attn_paln cost 8.357 ms
DEBUG 04-24 11:11:21.692096.692096 cuda_h.py:27] end gate cost 1.665 ms
DEBUG 04-24 11:11:21.692716.692716 cuda_h.py:27] end experts_map_get cost 0.557 ms
DEBUG 04-24 11:11:21.692447.692447 cuda_h.py:27] end *before experts start* cost 2.468 ms
DEBUG 04-24 11:11:21.693812.693812 cuda_h.py:27] end cpu_experts_submit_fused_mp cost 0.365 ms
DEBUG 04-24 11:11:21.696804.696804 cuda_h.py:27] end *single cpu experts* cost 3.672 ms
DEBUG 04-24 11:11:21.697146.697146 cuda_h.py:27] end prepare_group_stack cost 0.830 ms
DEBUG 04-24 11:11:21.698438.698438 cuda_h.py:27] end prepare_group_stack cost 1.084 ms
DEBUG 04-24 11:11:21.699130.699130 cuda_h.py:27] end group stack cost 1.267 ms
DEBUG 04-24 11:11:21.699283.699283 cuda_h.py:27] end move_flatidxs_group_fused_mp cost 2.598 ms
DEBUG 04-24 11:11:21.699874.699874 cuda_h.py:27] end prepare_group_stack cost 1.560 ms
DEBUG 04-24 11:11:21.699536.699536 cuda_h.py:27] end get_fused_experts_names_w cost 0.038 ms
DEBUG 04-24 11:11:21.700617.700617 cuda_h.py:27] end restore_fused_tensors cost 0.124 ms
DEBUG 04-24 11:11:21.700637.700637 cuda_h.py:27] end group_fused_tensors_mp cost 0.472 ms
DEBUG 04-24 11:11:21.700959.700959 sllm_store_c.py:27] get device uuid map
DEBUG 04-24 11:11:21.701227.701227 sllm_store_c.py:29] call client load into gpu
DEBUG 04-24 11:11:21.701087.701087 cuda_h.py:27] end group stack cost 3.155 ms
DEBUG 04-24 11:11:21.702068.702068 cuda_h.py:27] end group stack cost 2.381 ms
DEBUG 04-24 11:11:21.702850.702850 cuda_h.py:27] end move_flatidxs_group_fused_mp cost 4.478 ms
DEBUG 04-24 11:11:21.702235.702235 cuda_h.py:27] end move_flatidxs_group_fused_mp cost 5.542 ms
DEBUG 04-24 11:11:21.703452.703452 cuda_h.py:27] end get_fused_experts_names_w cost 0.042 ms
DEBUG 04-24 11:11:21.703263.703263 cuda_h.py:27] end get_fused_experts_names_w cost 0.084 ms
DEBUG 04-24 11:11:21.703586.703586 cuda_h.py:27] end restore_fused_tensors cost 0.134 ms
DEBUG 04-24 11:11:21.703058.703058 cuda_h.py:27] end group_fused_tensors_mp cost 0.742 ms
DEBUG 04-24 11:11:21.703253.703253 cuda_h.py:27] end restore_fused_tensors cost 0.259 ms
DEBUG 04-24 11:11:21.704159.704159 cuda_h.py:27] end group_fused_tensors_mp cost 1.332 ms
DEBUG 04-24 11:11:21.704596.704596 cuda_h.py:27] end restore2model cost 10.097 ms
DEBUG 04-24 11:11:21.705926.705926 cuda_h.py:27] end sllm_worker_task cost 22.928 ms
DEBUG 04-24 11:11:21.708523.708523 cuda_h.py:27] end load_into_gpu_async_fused_experts_dual cost 7.737 ms
DEBUG 04-24 11:11:21.708566.708566 mlpmodule.py:3373] [fused_group_bmm][steps] bmm1=4.227 ms split=0.095 ms act_mul=0.568 ms bmm2=2.865 ms
DEBUG 04-24 11:11:21.708277.708277 cuda_h.py:27] end fused_group_bmm cost 8.028 ms
DEBUG 04-24 11:11:21.708069.708069 cuda_h.py:27] end restore_tensors2_fused_experts_packed cost 0.234 ms
DEBUG 04-24 11:11:21.709108.709108 cuda_h.py:27] end restore_tensors2_fused_experts_slices cost 0.783 ms
DEBUG 04-24 11:11:21.710770.710770 cuda_h.py:27] end allocate_experts_cuda_memory_and_restore_model_multi_device_fused cost 12.386 ms
DEBUG 04-24 11:11:21.710696.710696 cuda_h.py:27] end gpu_sexperts cost 0.013 ms
DEBUG 04-24 11:11:21.710217.710217 cuda_h.py:27] end wait_load_qkvogn_s_weight cost 0.036 ms
DEBUG 04-24 11:11:21.710251.710251 cuda_h.py:27] end gather_outputs_group_fused_mp cost 1.535 ms
DEBUG 04-24 11:11:21.711059.711059 cuda_h.py:27] end cpu_experts_worker_bmm_or_einsum_0 cost 15.214 ms
DEBUG 04-24 11:11:21.711471.711471 cuda_h.py:27] end prepare_group_stack cost 16.175 ms
DEBUG 04-24 11:11:21.714638.714638 mlpmodule.py:3373] [fused_group_bmm][steps] bmm1=6.128 ms split=0.111 ms act_mul=1.246 ms bmm2=3.196 ms
DEBUG 04-24 11:11:21.715142.715142 cuda_h.py:27] end fused_group_bmm cost 11.156 ms
DEBUG 04-24 11:11:21.715483.715483 mlpmodule.py:3373] [fused_group_bmm][steps] bmm1=6.196 ms split=0.124 ms act_mul=0.808 ms bmm2=3.501 ms
DEBUG 04-24 11:11:21.715913.715913 cuda_h.py:27] end fused_group_bmm cost 10.875 ms
DEBUG 04-24 11:11:21.716178.716178 cuda_h.py:27] end gather_outputs_group_fused_mp cost 0.908 ms
DEBUG 04-24 11:11:21.717117.717117 cuda_h.py:27] end gather_outputs_group_fused_mp cost 1.939 ms
DEBUG 04-24 11:11:21.717836.717836 cuda_h.py:27] end cpu_experts_worker_bmm_or_einsum_1 cost 21.196 ms
DEBUG 04-24 11:11:21.718253.718253 cuda_h.py:27] end cpu_experts_worker_bmm_or_einsum_3 cost 20.769 ms
DEBUG 04-24 11:11:21.727168.727168 cuda_h.py:27] end prepare_per_device_parameters cost 16.519 ms
DEBUG 04-24 11:11:21.741135.741135 cuda_h.py:27] end group stack cost 29.682 ms
DEBUG 04-24 11:11:21.741802.741802 cuda_h.py:27] end move_flatidxs_group_fused_mp cost 46.344 ms
DEBUG 04-24 11:11:21.742116.742116 cuda_h.py:27] end get_fused_experts_names_w cost 0.030 ms
DEBUG 04-24 11:11:21.742290.742290 cuda_h.py:27] end restore_fused_tensors cost 0.103 ms
DEBUG 04-24 11:11:21.742605.742605 cuda_h.py:27] end group_fused_tensors_mp cost 0.609 ms
DEBUG 04-24 11:11:21.749833.749833 mlpmodule.py:3373] [fused_group_bmm][steps] bmm1=3.878 ms split=0.057 ms act_mul=0.445 ms bmm2=2.039 ms
DEBUG 04-24 11:11:21.749922.749922 cuda_h.py:27] end fused_group_bmm cost 6.533 ms
DEBUG 04-24 11:11:21.749080.749080 cuda_h.py:27] end gather_outputs_group_fused_mp cost 0.326 ms
DEBUG 04-24 11:11:21.749206.749206 cuda_h.py:27] end cpu_experts_worker_bmm_or_einsum_2 cost 54.736 ms
DEBUG 04-24 11:11:21.752567.752567 cuda_h.py:27] end cpu_experts_scatter_reduce cost 1.766 ms
DEBUG 04-24 11:11:21.753613.753613 cuda_h.py:27] end cpu_thread_manager_mp_wait_fused cost 25.667 ms
DEBUG 04-24 11:11:21.755195.755195 cuda_h.py:27] end wait_experts_multi_device cost 1.872 ms
DEBUG 04-24 11:11:21.755511.755511 cuda_h.py:27] end *before fused experts* cost 57.469 ms
DEBUG 04-24 11:11:21.766651.766651 cuda_h.py:27] end gpu_experts_multi_device_fused cost 11.433 ms
DEBUG 04-24 11:11:21.766098.766098 cuda_h.py:27] end *gpu experts* cost 69.076 ms
DEBUG 04-24 11:11:21.766081.766081 cuda_h.py:27] end layer_moe_generate_mp_multi_device_fused_l_1 cost 76.392 ms
DEBUG 04-24 11:11:21.768648.768648 cuda_h.py:27] end *mlp cost 77.696 ms
DEBUG 04-24 11:11:21.768473.768473 cuda_h.py:27] end prefill_layer cost 86.469 ms
DEBUG 04-24 11:11:21.768150.768150 lmp.py:341] -------------------------------- end prefill layer 0 --------------------------------
DEBUG 04-24 11:11:21.768820.768820 lmp.py:294] -------------------------------- start prefill layer 1 --------------------------------
DEBUG 04-24 11:11:21.768571.768571 cuda_h.py:27] end start_load_qkvogn_s_weight_l_2 cost 0.052 ms
DEBUG 04-24 11:11:21.768038.768038 cuda_h.py:27] end allocate_cuda_memory cost 0.200 ms
DEBUG 04-24 11:11:21.769866.769866 sllm_store_c.py:27] get device uuid map
DEBUG 04-24 11:11:21.769127.769127 sllm_store_c.py:29] call client load into gpu
DEBUG 04-24 11:11:21.771591.771591 cuda_h.py:27] end load_into_gpu_async cost 2.076 ms
DEBUG 04-24 11:11:21.771339.771339 cuda_h.py:27] end restore_tensors2 cost 0.115 ms
DEBUG 04-24 11:11:21.771870.771870 cuda_h.py:27] end allocate_cuda_memory_and_load_into_gpu cost 2.919 ms
DEBUG 04-24 11:11:21.772978.772978 cuda_h.py:27] end **self_attn cost 2.343 ms
DEBUG 04-24 11:11:21.772571.772571 cuda_h.py:27] end *iln_self_attn_paln cost 3.825 ms
DEBUG 04-24 11:11:21.772074.772074 cuda_h.py:27] end gate cost 0.517 ms
DEBUG 04-24 11:11:21.773430.773430 cuda_h.py:27] end experts_map_get cost 0.287 ms
DEBUG 04-24 11:11:21.773260.773260 cuda_h.py:27] end *before experts start* cost 0.945 ms
DEBUG 04-24 11:11:21.773944.773944 cuda_h.py:27] end cpu_experts_submit_fused_mp cost 0.231 ms
DEBUG 04-24 11:11:21.775762.775762 cuda_h.py:27] end *single cpu experts* cost 1.678 ms
DEBUG 04-24 11:11:21.776656.776656 cuda_h.py:27] end prepare_group_stack cost 1.308 ms
DEBUG 04-24 11:11:21.777651.777651 sllm_store_c.py:27] get device uuid map
DEBUG 04-24 11:11:21.777097.777097 sllm_store_c.py:29] call client load into gpu
DEBUG 04-24 11:11:21.778367.778367 cuda_h.py:27] end group stack cost 1.538 ms
DEBUG 04-24 11:11:21.778066.778066 cuda_h.py:27] end move_flatidxs_group_fused_mp cost 3.107 ms
DEBUG 04-24 11:11:21.778521.778521 cuda_h.py:27] end get_fused_experts_names_w cost 0.053 ms
DEBUG 04-24 11:11:21.779705.779705 cuda_h.py:27] end prepare_group_stack cost 4.801 ms
DEBUG 04-24 11:11:21.779274.779274 cuda_h.py:27] end restore_fused_tensors cost 0.743 ms
DEBUG 04-24 11:11:21.779851.779851 cuda_h.py:27] end group_fused_tensors_mp cost 1.215 ms
DEBUG 04-24 11:11:21.780485.780485 cuda_h.py:27] end restore2model cost 0.712 ms
DEBUG 04-24 11:11:21.780335.780335 cuda_h.py:27] end sllm_worker_task cost 11.877 ms
DEBUG 04-24 11:11:21.780923.780923 cuda_h.py:27] end group stack cost 1.037 ms
DEBUG 04-24 11:11:21.780047.780047 cuda_h.py:27] end move_flatidxs_group_fused_mp cost 6.140 ms
DEBUG 04-24 11:11:21.780697.780697 cuda_h.py:27] end get_fused_experts_names_w cost 0.026 ms
DEBUG 04-24 11:11:21.781256.781256 cuda_h.py:27] end restore_fused_tensors cost 0.810 ms
DEBUG 04-24 11:11:21.781909.781909 cuda_h.py:27] end group_fused_tensors_mp cost 1.026 ms
DEBUG 04-24 11:11:21.787865.787865 cuda_h.py:27] end prepare_group_stack cost 12.478 ms
DEBUG 04-24 11:11:21.787959.787959 cuda_h.py:27] end prepare_group_stack cost 12.998 ms
DEBUG 04-24 11:11:21.788861.788861 cuda_h.py:27] end load_into_gpu_async_fused_experts_dual cost 11.217 ms
DEBUG 04-24 11:11:21.789614.789614 cuda_h.py:27] end restore_tensors2_fused_experts_packed cost 0.056 ms
DEBUG 04-24 11:11:21.789993.789993 mlpmodule.py:3373] [fused_group_bmm][steps] bmm1=5.399 ms split=0.165 ms act_mul=0.509 ms bmm2=3.080 ms
DEBUG 04-24 11:11:21.789692.789692 cuda_h.py:27] end fused_group_bmm cost 9.485 ms
DEBUG 04-24 11:11:21.789818.789818 cuda_h.py:27] end restore_tensors2_fused_experts_slices cost 0.284 ms
DEBUG 04-24 11:11:21.789689.789689 cuda_h.py:27] end allocate_experts_cuda_memory_and_restore_model_multi_device_fused cost 14.543 ms
DEBUG 04-24 11:11:21.789461.789461 cuda_h.py:27] end gpu_sexperts cost 0.004 ms
DEBUG 04-24 11:11:21.789667.789667 cuda_h.py:27] end wait_load_qkvogn_s_weight cost 0.016 ms
DEBUG 04-24 11:11:21.790337.790337 cuda_h.py:27] end gather_outputs_group_fused_mp cost 0.427 ms
DEBUG 04-24 11:11:21.790972.790972 cuda_h.py:27] end cpu_experts_worker_bmm_or_einsum_3 cost 15.288 ms
DEBUG 04-24 11:11:21.791676.791676 mlpmodule.py:3373] [fused_group_bmm][steps] bmm1=6.193 ms split=0.115 ms act_mul=0.391 ms bmm2=2.919 ms
DEBUG 04-24 11:11:21.791709.791709 cuda_h.py:27] end fused_group_bmm cost 9.846 ms
DEBUG 04-24 11:11:21.792983.792983 cuda_h.py:27] end gather_outputs_group_fused_mp cost 0.429 ms
DEBUG 04-24 11:11:21.792387.792387 cuda_h.py:27] end cpu_experts_worker_bmm_or_einsum_1 cost 18.221 ms
DEBUG 04-24 11:11:21.801661.801661 cuda_h.py:27] end prepare_per_device_parameters cost 11.441 ms
DEBUG 04-24 11:11:21.802125.802125 cuda_h.py:27] end group stack cost 14.974 ms
DEBUG 04-24 11:11:21.802227.802227 cuda_h.py:27] end group stack cost 15.002 ms
DEBUG 04-24 11:11:21.802281.802281 cuda_h.py:27] end move_flatidxs_group_fused_mp cost 27.701 ms
DEBUG 04-24 11:11:21.803885.803885 cuda_h.py:27] end get_fused_experts_names_w cost 0.024 ms
DEBUG 04-24 11:11:21.803561.803561 cuda_h.py:27] end move_flatidxs_group_fused_mp cost 28.431 ms
DEBUG 04-24 11:11:21.803890.803890 cuda_h.py:27] end get_fused_experts_names_w cost 0.024 ms
DEBUG 04-24 11:11:21.803993.803993 cuda_h.py:27] end restore_fused_tensors cost 0.527 ms
DEBUG 04-24 11:11:21.803451.803451 cuda_h.py:27] end group_fused_tensors_mp cost 0.727 ms
DEBUG 04-24 11:11:21.803680.803680 cuda_h.py:27] end restore_fused_tensors cost 0.540 ms
DEBUG 04-24 11:11:21.804227.804227 cuda_h.py:27] end group_fused_tensors_mp cost 0.803 ms
DEBUG 04-24 11:11:21.814300.814300 mlpmodule.py:3373] [fused_group_bmm][steps] bmm1=6.250 ms split=0.065 ms act_mul=0.402 ms bmm2=3.636 ms
DEBUG 04-24 11:11:21.814874.814874 mlpmodule.py:3373] [fused_group_bmm][steps] bmm1=6.305 ms split=0.091 ms act_mul=0.346 ms bmm2=3.739 ms
DEBUG 04-24 11:11:21.814841.814841 cuda_h.py:27] end fused_group_bmm cost 10.526 ms
DEBUG 04-24 11:11:21.814623.814623 cuda_h.py:27] end fused_group_bmm cost 10.753 ms
DEBUG 04-24 11:11:21.815729.815729 cuda_h.py:27] end gather_outputs_group_fused_mp cost 0.366 ms
DEBUG 04-24 11:11:21.815863.815863 cuda_h.py:27] end gather_outputs_group_fused_mp cost 0.380 ms
DEBUG 04-24 11:11:21.815717.815717 cuda_h.py:27] end cpu_experts_worker_bmm_or_einsum_2 cost 40.321 ms
DEBUG 04-24 11:11:21.815754.815754 cuda_h.py:27] end cpu_experts_worker_bmm_or_einsum_0 cost 41.078 ms
DEBUG 04-24 11:11:21.817167.817167 cuda_h.py:27] end cpu_experts_scatter_reduce cost 0.979 ms
DEBUG 04-24 11:11:21.817276.817276 cuda_h.py:27] end cpu_thread_manager_mp_wait_fused cost 15.940 ms
DEBUG 04-24 11:11:21.819568.819568 cuda_h.py:27] end wait_experts_multi_device cost 1.750 ms
DEBUG 04-24 11:11:21.819756.819756 cuda_h.py:27] end *before fused experts* cost 44.057 ms
DEBUG 04-24 11:11:21.825532.825532 cuda_h.py:27] end gpu_experts_multi_device_fused cost 6.112 ms
DEBUG 04-24 11:11:21.825561.825561 cuda_h.py:27] end *gpu experts* cost 50.303 ms
DEBUG 04-24 11:11:21.825677.825677 cuda_h.py:27] end layer_moe_generate_mp_multi_device_fused_l_2 cost 53.146 ms
DEBUG 04-24 11:11:21.826643.826643 cuda_h.py:27] end *mlp cost 54.314 ms
DEBUG 04-24 11:11:21.826892.826892 cuda_h.py:27] end prefill_layer cost 58.515 ms
DEBUG 04-24 11:11:21.826270.826270 lmp.py:341] -------------------------------- end prefill layer 1 --------------------------------
DEBUG 04-24 11:11:21.827604.827604 lmp.py:294] -------------------------------- start prefill layer 2 --------------------------------
DEBUG 04-24 11:11:21.827111.827111 cuda_h.py:27] end start_load_qkvogn_s_weight_l_3 cost 0.051 ms
DEBUG 04-24 11:11:21.827902.827902 cuda_h.py:27] end allocate_cuda_memory cost 0.167 ms
DEBUG 04-24 11:11:21.827941.827941 sllm_store_c.py:27] get device uuid map
DEBUG 04-24 11:11:21.827775.827775 sllm_store_c.py:29] call client load into gpu
DEBUG 04-24 11:11:21.829096.829096 cuda_h.py:27] end load_into_gpu_async cost 1.657 ms
DEBUG 04-24 11:11:21.829068.829068 cuda_h.py:27] end restore_tensors2 cost 0.094 ms
DEBUG 04-24 11:11:21.829949.829949 cuda_h.py:27] end allocate_cuda_memory_and_load_into_gpu cost 2.393 ms
DEBUG 04-24 11:11:21.829590.829590 cuda_h.py:27] end **self_attn cost 1.873 ms
DEBUG 04-24 11:11:21.830466.830466 cuda_h.py:27] end *iln_self_attn_paln cost 2.956 ms
DEBUG 04-24 11:11:21.830566.830566 cuda_h.py:27] end gate cost 0.529 ms
DEBUG 04-24 11:11:21.831135.831135 cuda_h.py:27] end experts_map_get cost 0.299 ms
DEBUG 04-24 11:11:21.831633.831633 cuda_h.py:27] end *before experts start* cost 0.975 ms
DEBUG 04-24 11:11:21.831410.831410 cuda_h.py:27] end cpu_experts_submit_fused_mp cost 0.223 ms
DEBUG 04-24 11:11:21.832587.832587 cuda_h.py:27] end *single cpu experts* cost 1.159 ms
DEBUG 04-24 11:11:21.834839.834839 cuda_h.py:27] end prepare_group_stack cost 0.571 ms
DEBUG 04-24 11:11:21.834137.834137 cuda_h.py:27] end prepare_group_stack cost 0.611 ms
DEBUG 04-24 11:11:21.835957.835957 cuda_h.py:27] end prepare_group_stack cost 0.596 ms
DEBUG 04-24 11:11:21.835095.835095 sllm_store_c.py:27] get device uuid map
DEBUG 04-24 11:11:21.835056.835056 cuda_h.py:27] end group stack cost 1.247 ms
DEBUG 04-24 11:11:21.835687.835687 sllm_store_c.py:29] call client load into gpu
DEBUG 04-24 11:11:21.835699.835699 cuda_h.py:27] end prepare_group_stack cost 0.680 ms
DEBUG 04-24 11:11:21.835272.835272 cuda_h.py:27] end move_flatidxs_group_fused_mp cost 2.188 ms
DEBUG 04-24 11:11:21.835017.835017 cuda_h.py:27] end get_fused_experts_names_w cost 0.026 ms
DEBUG 04-24 11:11:21.835810.835810 cuda_h.py:27] end group stack cost 1.789 ms
DEBUG 04-24 11:11:21.836721.836721 cuda_h.py:27] end move_flatidxs_group_fused_mp cost 2.647 ms
DEBUG 04-24 11:11:21.836903.836903 cuda_h.py:27] end get_fused_experts_names_w cost 0.025 ms
DEBUG 04-24 11:11:21.836101.836101 cuda_h.py:27] end restore_fused_tensors cost 0.661 ms
DEBUG 04-24 11:11:21.836904.836904 cuda_h.py:27] end group_fused_tensors_mp cost 0.825 ms
DEBUG 04-24 11:11:21.836241.836241 cuda_h.py:27] end group stack cost 1.130 ms
DEBUG 04-24 11:11:21.836047.836047 cuda_h.py:27] end move_flatidxs_group_fused_mp cost 2.345 ms
DEBUG 04-24 11:11:21.836611.836611 cuda_h.py:27] end restore_fused_tensors cost 0.653 ms
DEBUG 04-24 11:11:21.837491.837491 cuda_h.py:27] end group_fused_tensors_mp cost 0.950 ms
DEBUG 04-24 11:11:21.837418.837418 cuda_h.py:27] end get_fused_experts_names_w cost 0.032 ms
DEBUG 04-24 11:11:21.838781.838781 cuda_h.py:27] end group stack cost 2.299 ms
DEBUG 04-24 11:11:21.838069.838069 cuda_h.py:27] end restore_fused_tensors cost 0.884 ms
DEBUG 04-24 11:11:21.838006.838006 cuda_h.py:27] end group_fused_tensors_mp cost 1.175 ms
DEBUG 04-24 11:11:21.838390.838390 cuda_h.py:27] end move_flatidxs_group_fused_mp cost 3.538 ms
DEBUG 04-24 11:11:21.838854.838854 cuda_h.py:27] end get_fused_experts_names_w cost 0.030 ms
DEBUG 04-24 11:11:21.839311.839311 cuda_h.py:27] end load_into_gpu_async_fused_experts_dual cost 3.801 ms
DEBUG 04-24 11:11:21.840706.840706 cuda_h.py:27] end restore_fused_tensors cost 1.248 ms
DEBUG 04-24 11:11:21.840646.840646 cuda_h.py:27] end group_fused_tensors_mp cost 1.917 ms
DEBUG 04-24 11:11:21.840373.840373 cuda_h.py:27] end restore_tensors2_fused_experts_packed cost 0.279 ms
DEBUG 04-24 11:11:21.840658.840658 cuda_h.py:27] end restore2model cost 3.664 ms
DEBUG 04-24 11:11:21.841768.841768 cuda_h.py:27] end restore_tensors2_fused_experts_slices cost 0.775 ms
DEBUG 04-24 11:11:21.842703.842703 cuda_h.py:27] end sllm_worker_task cost 14.633 ms
DEBUG 04-24 11:11:21.842805.842805 cuda_h.py:27] end allocate_experts_cuda_memory_and_restore_model_multi_device_fused cost 9.997 ms
DEBUG 04-24 11:11:21.842501.842501 cuda_h.py:27] end gpu_sexperts cost 0.017 ms
DEBUG 04-24 11:11:21.843516.843516 cuda_h.py:27] end wait_load_qkvogn_s_weight cost 0.033 ms
DEBUG 04-24 11:11:21.849968.849968 mlpmodule.py:3373] [fused_group_bmm][steps] bmm1=7.686 ms split=0.102 ms act_mul=0.352 ms bmm2=5.069 ms
DEBUG 04-24 11:11:21.850520.850520 cuda_h.py:27] end fused_group_bmm cost 13.525 ms
DEBUG 04-24 11:11:21.850267.850267 mlpmodule.py:3373] [fused_group_bmm][steps] bmm1=7.515 ms split=0.071 ms act_mul=0.447 ms bmm2=4.756 ms
DEBUG 04-24 11:11:21.850547.850547 cuda_h.py:27] end fused_group_bmm cost 13.275 ms
DEBUG 04-24 11:11:21.850664.850664 cuda_h.py:27] end gather_outputs_group_fused_mp cost 0.484 ms
DEBUG 04-24 11:11:21.851763.851763 cuda_h.py:27] end gather_outputs_group_fused_mp cost 0.341 ms
DEBUG 04-24 11:11:21.851863.851863 cuda_h.py:27] end cpu_experts_worker_bmm_or_einsum_2 cost 18.903 ms
DEBUG 04-24 11:11:21.851464.851464 cuda_h.py:27] end cpu_experts_worker_bmm_or_einsum_0 cost 19.281 ms
DEBUG 04-24 11:11:21.854920.854920 mlpmodule.py:3373] [fused_group_bmm][steps] bmm1=11.495 ms split=0.235 ms act_mul=0.495 ms bmm2=3.294 ms
DEBUG 04-24 11:11:21.854080.854080 cuda_h.py:27] end fused_group_bmm cost 15.771 ms
DEBUG 04-24 11:11:21.855915.855915 cuda_h.py:27] end gather_outputs_group_fused_mp cost 0.629 ms
DEBUG 04-24 11:11:21.856027.856027 cuda_h.py:27] end cpu_experts_worker_bmm_or_einsum_1 cost 22.897 ms
DEBUG 04-24 11:11:21.857078.857078 mlpmodule.py:3373] [fused_group_bmm][steps] bmm1=11.962 ms split=0.204 ms act_mul=0.956 ms bmm2=3.670 ms
DEBUG 04-24 11:11:21.857091.857091 cuda_h.py:27] end fused_group_bmm cost 17.006 ms
DEBUG 04-24 11:11:21.858811.858811 cuda_h.py:27] end gather_outputs_group_fused_mp cost 0.402 ms
DEBUG 04-24 11:11:21.858057.858057 cuda_h.py:27] end cpu_experts_worker_bmm_or_einsum_3 cost 25.363 ms
DEBUG 04-24 11:11:21.860591.860591 cuda_h.py:27] end prepare_per_device_parameters cost 17.550 ms
DEBUG 04-24 11:11:21.863924.863924 cuda_h.py:27] end cpu_experts_scatter_reduce cost 0.754 ms
DEBUG 04-24 11:11:21.863317.863317 cuda_h.py:27] end cpu_thread_manager_mp_wait_fused cost 2.176 ms
DEBUG 04-24 11:11:21.864594.864594 cuda_h.py:27] end wait_experts_multi_device cost 1.323 ms
DEBUG 04-24 11:11:21.864106.864106 cuda_h.py:27] end *before fused experts* cost 32.071 ms
DEBUG 04-24 11:11:21.869496.869496 cuda_h.py:27] end gpu_experts_multi_device_fused cost 5.059 ms
DEBUG 04-24 11:11:21.869975.869975 cuda_h.py:27] end *gpu experts* cost 37.241 ms
DEBUG 04-24 11:11:21.869044.869044 cuda_h.py:27] end layer_moe_generate_mp_multi_device_fused_l_3 cost 39.550 ms
DEBUG 04-24 11:11:21.871948.871948 cuda_h.py:27] end *mlp cost 40.847 ms
DEBUG 04-24 11:11:21.871383.871383 cuda_h.py:27] end prefill_layer cost 44.007 ms
DEBUG 04-24 11:11:21.871277.871277 lmp.py:341] -------------------------------- end prefill layer 2 --------------------------------
DEBUG 04-24 11:11:21.871217.871217 lmp.py:294] -------------------------------- start prefill layer 3 --------------------------------
DEBUG 04-24 11:11:21.871610.871610 cuda_h.py:27] end start_load_qkvogn_s_weight_l_4 cost 0.044 ms
DEBUG 04-24 11:11:21.871971.871971 cuda_h.py:27] end allocate_cuda_memory cost 0.171 ms
DEBUG 04-24 11:11:21.871744.871744 sllm_store_c.py:27] get device uuid map
DEBUG 04-24 11:11:21.872205.872205 sllm_store_c.py:29] call client load into gpu
DEBUG 04-24 11:11:21.873720.873720 cuda_h.py:27] end **self_attn cost 1.410 ms
DEBUG 04-24 11:11:21.873366.873366 cuda_h.py:27] end load_into_gpu_async cost 1.755 ms
DEBUG 04-24 11:11:21.873047.873047 cuda_h.py:27] end restore_tensors2 cost 0.094 ms
DEBUG 04-24 11:11:21.873024.873024 cuda_h.py:27] end allocate_cuda_memory_and_load_into_gpu cost 2.401 ms
DEBUG 04-24 11:11:21.874796.874796 cuda_h.py:27] end *iln_self_attn_paln cost 2.642 ms
DEBUG 04-24 11:11:21.874226.874226 cuda_h.py:27] end gate cost 0.542 ms
DEBUG 04-24 11:11:21.875226.875226 cuda_h.py:27] end experts_map_get cost 0.297 ms
DEBUG 04-24 11:11:21.875724.875724 cuda_h.py:27] end *before experts start* cost 0.991 ms
DEBUG 04-24 11:11:21.875554.875554 cuda_h.py:27] end cpu_experts_submit_fused_mp cost 0.232 ms
DEBUG 04-24 11:11:21.876773.876773 cuda_h.py:27] end *single cpu experts* cost 1.406 ms
DEBUG 04-24 11:11:21.878081.878081 cuda_h.py:27] end prepare_group_stack cost 1.184 ms
DEBUG 04-24 11:11:21.879519.879519 cuda_h.py:27] end prepare_group_stack cost 0.529 ms
DEBUG 04-24 11:11:21.879827.879827 cuda_h.py:27] end prepare_group_stack cost 0.591 ms
DEBUG 04-24 11:11:21.879311.879311 cuda_h.py:27] end prepare_group_stack cost 0.643 ms
DEBUG 04-24 11:11:21.879898.879898 sllm_store_c.py:27] get device uuid map
DEBUG 04-24 11:11:21.879016.879016 sllm_store_c.py:29] call client load into gpu
DEBUG 04-24 11:11:21.879434.879434 cuda_h.py:27] end group stack cost 0.754 ms
DEBUG 04-24 11:11:21.879560.879560 cuda_h.py:27] end move_flatidxs_group_fused_mp cost 2.263 ms
DEBUG 04-24 11:11:21.879737.879737 cuda_h.py:27] end get_fused_experts_names_w cost 0.023 ms
DEBUG 04-24 11:11:21.880777.880777 cuda_h.py:27] end group stack cost 1.046 ms
DEBUG 04-24 11:11:21.880159.880159 cuda_h.py:27] end move_flatidxs_group_fused_mp cost 1.878 ms
DEBUG 04-24 11:11:21.880182.880182 cuda_h.py:27] end group stack cost 1.041 ms
DEBUG 04-24 11:11:21.880297.880297 cuda_h.py:27] end get_fused_experts_names_w cost 0.025 ms
DEBUG 04-24 11:11:21.880298.880298 cuda_h.py:27] end move_flatidxs_group_fused_mp cost 2.013 ms
DEBUG 04-24 11:11:21.880487.880487 cuda_h.py:27] end get_fused_experts_names_w cost 0.019 ms
DEBUG 04-24 11:11:21.880779.880779 cuda_h.py:27] end restore_fused_tensors cost 0.665 ms
DEBUG 04-24 11:11:21.880789.880789 cuda_h.py:27] end group_fused_tensors_mp cost 0.977 ms
DEBUG 04-24 11:11:21.880193.880193 cuda_h.py:27] end group stack cost 1.549 ms
DEBUG 04-24 11:11:21.881985.881985 cuda_h.py:27] end move_flatidxs_group_fused_mp cost 2.603 ms
DEBUG 04-24 11:11:21.881035.881035 cuda_h.py:27] end get_fused_experts_names_w cost 0.027 ms
DEBUG 04-24 11:11:21.881595.881595 cuda_h.py:27] end restore_fused_tensors cost 0.538 ms
DEBUG 04-24 11:11:21.881459.881459 cuda_h.py:27] end group_fused_tensors_mp cost 0.775 ms
DEBUG 04-24 11:11:21.881543.881543 cuda_h.py:27] end restore_fused_tensors cost 0.901 ms
DEBUG 04-24 11:11:21.881011.881011 cuda_h.py:27] end group_fused_tensors_mp cost 1.179 ms
DEBUG 04-24 11:11:21.882871.882871 cuda_h.py:27] end restore_fused_tensors cost 0.835 ms
DEBUG 04-24 11:11:21.882173.882173 cuda_h.py:27] end group_fused_tensors_mp cost 1.187 ms
DEBUG 04-24 11:11:21.883980.883980 cuda_h.py:27] end restore2model cost 1.758 ms
DEBUG 04-24 11:11:21.883746.883746 cuda_h.py:27] end sllm_worker_task cost 12.067 ms
DEBUG 04-24 11:11:21.884593.884593 cuda_h.py:27] end load_into_gpu_async_fused_experts_dual cost 4.916 ms
DEBUG 04-24 11:11:21.884162.884162 cuda_h.py:27] end restore_tensors2_fused_experts_packed cost 0.252 ms
DEBUG 04-24 11:11:21.885230.885230 cuda_h.py:27] end restore_tensors2_fused_experts_slices cost 0.527 ms
DEBUG 04-24 11:11:21.885971.885971 cuda_h.py:27] end allocate_experts_cuda_memory_and_restore_model_multi_device_fused cost 8.805 ms
DEBUG 04-24 11:11:21.885761.885761 cuda_h.py:27] end gpu_sexperts cost 0.022 ms
DEBUG 04-24 11:11:21.886379.886379 cuda_h.py:27] end wait_load_qkvogn_s_weight cost 0.052 ms
DEBUG 04-24 11:11:21.895139.895139 mlpmodule.py:3373] [fused_group_bmm][steps] bmm1=9.044 ms split=0.145 ms act_mul=0.410 ms bmm2=4.556 ms
DEBUG 04-24 11:11:21.895739.895739 cuda_h.py:27] end fused_group_bmm cost 14.516 ms
DEBUG 04-24 11:11:21.895698.895698 mlpmodule.py:3373] [fused_group_bmm][steps] bmm1=8.547 ms split=0.090 ms act_mul=0.394 ms bmm2=4.248 ms
DEBUG 04-24 11:11:21.895271.895271 cuda_h.py:27] end fused_group_bmm cost 13.806 ms
DEBUG 04-24 11:11:21.896469.896469 cuda_h.py:27] end gather_outputs_group_fused_mp cost 0.575 ms
DEBUG 04-24 11:11:21.896812.896812 cuda_h.py:27] end gather_outputs_group_fused_mp cost 0.394 ms
DEBUG 04-24 11:11:21.896069.896069 cuda_h.py:27] end cpu_experts_worker_bmm_or_einsum_0 cost 20.424 ms
DEBUG 04-24 11:11:21.897300.897300 cuda_h.py:27] end cpu_experts_worker_bmm_or_einsum_2 cost 19.658 ms
DEBUG 04-24 11:11:21.899288.899288 mlpmodule.py:3373] [fused_group_bmm][steps] bmm1=11.448 ms split=0.148 ms act_mul=0.453 ms bmm2=4.568 ms
DEBUG 04-24 11:11:21.899916.899916 cuda_h.py:27] end fused_group_bmm cost 16.836 ms
DEBUG 04-24 11:11:21.899743.899743 mlpmodule.py:3373] [fused_group_bmm][steps] bmm1=12.297 ms split=0.174 ms act_mul=0.410 ms bmm2=4.947 ms
DEBUG 04-24 11:11:21.899107.899107 cuda_h.py:27] end fused_group_bmm cost 18.236 ms
DEBUG 04-24 11:11:21.899508.899508 cuda_h.py:27] end gather_outputs_group_fused_mp cost 0.426 ms
DEBUG 04-24 11:11:21.900017.900017 cuda_h.py:27] end cpu_experts_worker_bmm_or_einsum_3 cost 23.054 ms
DEBUG 04-24 11:11:21.900144.900144 cuda_h.py:27] end gather_outputs_group_fused_mp cost 0.465 ms
DEBUG 04-24 11:11:21.901422.901422 cuda_h.py:27] end cpu_experts_worker_bmm_or_einsum_1 cost 23.835 ms
DEBUG 04-24 11:11:21.903447.903447 cuda_h.py:27] end prepare_per_device_parameters cost 17.540 ms
DEBUG 04-24 11:11:22.083477.083477 cuda_h.py:27] end cpu_experts_scatter_reduce cost 0.615 ms
DEBUG 04-24 11:11:22.083514.083514 cuda_h.py:27] end cpu_thread_manager_mp_wait_fused cost 179.672 ms
DEBUG 04-24 11:11:22.085108.085108 cuda_h.py:27] end wait_experts_multi_device cost 1.686 ms
DEBUG 04-24 11:11:22.085859.085859 cuda_h.py:27] end *before fused experts* cost 208.588 ms
DEBUG 04-24 11:11:22.089414.089414 cuda_h.py:27] end gpu_experts_multi_device_fused cost 4.270 ms
DEBUG 04-24 11:11:22.089541.089541 cuda_h.py:27] end *gpu experts* cost 212.956 ms
DEBUG 04-24 11:11:22.089412.089412 cuda_h.py:27] end layer_moe_generate_mp_multi_device_fused_l_4 cost 215.542 ms
DEBUG 04-24 11:11:22.091808.091808 cuda_h.py:27] end *mlp cost 216.886 ms
DEBUG 04-24 11:11:22.091758.091758 cuda_h.py:27] end prefill_layer cost 219.885 ms
DEBUG 04-24 11:11:22.091845.091845 lmp.py:341] -------------------------------- end prefill layer 3 --------------------------------
DEBUG 04-24 11:11:22.091926.091926 lmp.py:294] -------------------------------- start prefill layer 4 --------------------------------
DEBUG 04-24 11:11:22.091458.091458 cuda_h.py:27] end start_load_qkvogn_s_weight_l_5 cost 0.042 ms
DEBUG 04-24 11:11:22.091252.091252 cuda_h.py:27] end allocate_cuda_memory cost 0.188 ms
DEBUG 04-24 11:11:22.091073.091073 sllm_store_c.py:27] get device uuid map
DEBUG 04-24 11:11:22.092055.092055 sllm_store_c.py:29] call client load into gpu
DEBUG 04-24 11:11:22.093483.093483 cuda_h.py:27] end **self_attn cost 1.196 ms
DEBUG 04-24 11:11:22.093352.093352 cuda_h.py:27] end *iln_self_attn_paln cost 2.430 ms
DEBUG 04-24 11:11:22.094803.094803 cuda_h.py:27] end load_into_gpu_async cost 2.045 ms
DEBUG 04-24 11:11:22.094397.094397 cuda_h.py:27] end restore_tensors2 cost 0.087 ms
DEBUG 04-24 11:11:22.094262.094262 cuda_h.py:27] end allocate_cuda_memory_and_load_into_gpu cost 2.913 ms
DEBUG 04-24 11:11:22.094723.094723 cuda_h.py:27] end gate cost 0.782 ms
DEBUG 04-24 11:11:22.095285.095285 cuda_h.py:27] end experts_map_get cost 0.293 ms
DEBUG 04-24 11:11:22.095017.095017 cuda_h.py:27] end *before experts start* cost 1.255 ms
DEBUG 04-24 11:11:22.095171.095171 cuda_h.py:27] end cpu_experts_submit_fused_mp cost 0.224 ms
DEBUG 04-24 11:11:22.097741.097741 cuda_h.py:27] end *single cpu experts* cost 2.009 ms
DEBUG 04-24 11:11:22.098154.098154 cuda_h.py:27] end prepare_group_stack cost 0.709 ms
DEBUG 04-24 11:11:22.099368.099368 sllm_store_c.py:27] get device uuid map
DEBUG 04-24 11:11:22.099888.099888 sllm_store_c.py:29] call client load into gpu
DEBUG 04-24 11:11:22.099220.099220 cuda_h.py:27] end prepare_group_stack cost 0.501 ms
DEBUG 04-24 11:11:22.099886.099886 cuda_h.py:27] end prepare_group_stack cost 0.849 ms
DEBUG 04-24 11:11:22.099794.099794 cuda_h.py:27] end prepare_group_stack cost 0.812 ms
DEBUG 04-24 11:11:22.100762.100762 cuda_h.py:27] end group stack cost 1.053 ms
DEBUG 04-24 11:11:22.100745.100745 cuda_h.py:27] end move_flatidxs_group_fused_mp cost 1.751 ms
DEBUG 04-24 11:11:22.100502.100502 cuda_h.py:27] end get_fused_experts_names_w cost 0.026 ms
DEBUG 04-24 11:11:22.101822.101822 cuda_h.py:27] end group stack cost 2.140 ms
DEBUG 04-24 11:11:22.101243.101243 cuda_h.py:27] end restore_fused_tensors cost 0.508 ms
DEBUG 04-24 11:11:22.101655.101655 cuda_h.py:27] end group_fused_tensors_mp cost 0.845 ms
DEBUG 04-24 11:11:22.101478.101478 cuda_h.py:27] end move_flatidxs_group_fused_mp cost 3.306 ms
DEBUG 04-24 11:11:22.101791.101791 cuda_h.py:27] end get_fused_experts_names_w cost 0.036 ms
DEBUG 04-24 11:11:22.102817.102817 cuda_h.py:27] end group stack cost 2.036 ms
DEBUG 04-24 11:11:22.102210.102210 cuda_h.py:27] end group stack cost 2.131 ms
DEBUG 04-24 11:11:22.102300.102300 cuda_h.py:27] end move_flatidxs_group_fused_mp cost 3.514 ms
DEBUG 04-24 11:11:22.102521.102521 cuda_h.py:27] end move_flatidxs_group_fused_mp cost 3.647 ms
DEBUG 04-24 11:11:22.102765.102765 cuda_h.py:27] end get_fused_experts_names_w cost 0.040 ms
DEBUG 04-24 11:11:22.103422.103422 cuda_h.py:27] end get_fused_experts_names_w cost 0.055 ms
DEBUG 04-24 11:11:22.103971.103971 cuda_h.py:27] end restore_fused_tensors cost 1.123 ms
DEBUG 04-24 11:11:22.103054.103054 cuda_h.py:27] end group_fused_tensors_mp cost 1.567 ms
DEBUG 04-24 11:11:22.104410.104410 cuda_h.py:27] end restore_fused_tensors cost 1.545 ms
DEBUG 04-24 11:11:22.104477.104477 cuda_h.py:27] end group_fused_tensors_mp cost 1.935 ms
DEBUG 04-24 11:11:22.105853.105853 cuda_h.py:27] end restore_fused_tensors cost 1.902 ms
DEBUG 04-24 11:11:22.105747.105747 cuda_h.py:27] end group_fused_tensors_mp cost 2.828 ms
DEBUG 04-24 11:11:22.105875.105875 cuda_h.py:27] end load_into_gpu_async_fused_experts_dual cost 6.569 ms
DEBUG 04-24 11:11:22.106634.106634 cuda_h.py:27] end restore_tensors2_fused_experts_packed cost 0.193 ms
DEBUG 04-24 11:11:22.107557.107557 cuda_h.py:27] end restore_tensors2_fused_experts_slices cost 0.485 ms
DEBUG 04-24 11:11:22.107157.107157 cuda_h.py:27] end allocate_experts_cuda_memory_and_restore_model_multi_device_fused cost 10.000 ms
DEBUG 04-24 11:11:22.107290.107290 cuda_h.py:27] end gpu_sexperts cost 0.023 ms
DEBUG 04-24 11:11:22.108566.108566 cuda_h.py:27] end restore2model cost 3.364 ms
DEBUG 04-24 11:11:22.108538.108538 cuda_h.py:27] end sllm_worker_task cost 16.704 ms
DEBUG 04-24 11:11:22.108787.108787 cuda_h.py:27] end wait_load_qkvogn_s_weight cost 0.413 ms
DEBUG 04-24 11:11:22.116799.116799 mlpmodule.py:3373] [fused_group_bmm][steps] bmm1=10.414 ms split=0.127 ms act_mul=0.460 ms bmm2=3.606 ms
DEBUG 04-24 11:11:22.116249.116249 cuda_h.py:27] end fused_group_bmm cost 15.034 ms
DEBUG 04-24 11:11:22.117515.117515 cuda_h.py:27] end gather_outputs_group_fused_mp cost 0.589 ms
DEBUG 04-24 11:11:22.117255.117255 cuda_h.py:27] end cpu_experts_worker_bmm_or_einsum_0 cost 19.921 ms
DEBUG 04-24 11:11:22.118270.118270 mlpmodule.py:3373] [fused_group_bmm][steps] bmm1=7.728 ms split=0.170 ms act_mul=0.508 ms bmm2=3.370 ms
DEBUG 04-24 11:11:22.118960.118960 cuda_h.py:27] end fused_group_bmm cost 12.247 ms
DEBUG 04-24 11:11:22.119900.119900 cuda_h.py:27] end gather_outputs_group_fused_mp cost 0.380 ms
DEBUG 04-24 11:11:22.119854.119854 cuda_h.py:27] end cpu_experts_worker_bmm_or_einsum_2 cost 21.072 ms
DEBUG 04-24 11:11:22.122399.122399 mlpmodule.py:3373] [fused_group_bmm][steps] bmm1=10.970 ms split=0.297 ms act_mul=0.813 ms bmm2=4.785 ms
DEBUG 04-24 11:11:22.122751.122751 cuda_h.py:27] end fused_group_bmm cost 17.129 ms
DEBUG 04-24 11:11:22.122171.122171 cuda_h.py:27] end gather_outputs_group_fused_mp cost 0.444 ms
DEBUG 04-24 11:11:22.123457.123457 cuda_h.py:27] end cpu_experts_worker_bmm_or_einsum_1 cost 25.208 ms
DEBUG 04-24 11:11:22.123473.123473 mlpmodule.py:3373] [fused_group_bmm][steps] bmm1=10.877 ms split=0.339 ms act_mul=0.513 ms bmm2=8.040 ms
DEBUG 04-24 11:11:22.123449.123449 cuda_h.py:27] end fused_group_bmm cost 20.065 ms
DEBUG 04-24 11:11:22.124867.124867 cuda_h.py:27] end gather_outputs_group_fused_mp cost 0.368 ms
DEBUG 04-24 11:11:22.124398.124398 cuda_h.py:27] end cpu_experts_worker_bmm_or_einsum_3 cost 27.440 ms
DEBUG 04-24 11:11:22.126508.126508 cuda_h.py:27] end prepare_per_device_parameters cost 17.632 ms
DEBUG 04-24 11:11:22.128403.128403 cuda_h.py:27] end cpu_experts_scatter_reduce cost 0.767 ms
DEBUG 04-24 11:11:22.128095.128095 cuda_h.py:27] end cpu_thread_manager_mp_wait_fused cost 2.547 ms
DEBUG 04-24 11:11:22.130383.130383 cuda_h.py:27] end wait_experts_multi_device cost 1.260 ms
DEBUG 04-24 11:11:22.130465.130465 cuda_h.py:27] end *before fused experts* cost 32.641 ms
DEBUG 04-24 11:11:22.134092.134092 cuda_h.py:27] end gpu_experts_multi_device_fused cost 4.251 ms
DEBUG 04-24 11:11:22.134883.134883 cuda_h.py:27] end *gpu experts* cost 37.023 ms
DEBUG 04-24 11:11:22.134733.134733 cuda_h.py:27] end layer_moe_generate_mp_multi_device_fused_l_5 cost 40.442 ms
DEBUG 04-24 11:11:22.136754.136754 cuda_h.py:27] end *mlp cost 41.860 ms
DEBUG 04-24 11:11:22.136227.136227 cuda_h.py:27] end prefill_layer cost 44.814 ms
DEBUG 04-24 11:11:22.136838.136838 lmp.py:341] -------------------------------- end prefill layer 4 --------------------------------
DEBUG 04-24 11:11:22.136860.136860 lmp.py:294] -------------------------------- start prefill layer 5 --------------------------------
DEBUG 04-24 11:11:22.136975.136975 cuda_h.py:27] end start_load_qkvogn_s_weight_l_6 cost 0.043 ms
DEBUG 04-24 11:11:22.136171.136171 cuda_h.py:27] end allocate_cuda_memory cost 0.212 ms
DEBUG 04-24 11:11:22.137747.137747 sllm_store_c.py:27] get device uuid map
DEBUG 04-24 11:11:22.137679.137679 sllm_store_c.py:29] call client load into gpu
DEBUG 04-24 11:11:22.138132.138132 cuda_h.py:27] end load_into_gpu_async cost 1.613 ms
DEBUG 04-24 11:11:22.138417.138417 cuda_h.py:27] end restore_tensors2 cost 0.127 ms
DEBUG 04-24 11:11:22.139465.139465 cuda_h.py:27] end allocate_cuda_memory_and_load_into_gpu cost 2.514 ms
DEBUG 04-24 11:11:22.139752.139752 cuda_h.py:27] end **self_attn cost 1.899 ms
DEBUG 04-24 11:11:22.139481.139481 cuda_h.py:27] end *iln_self_attn_paln cost 3.092 ms
DEBUG 04-24 11:11:22.140011.140011 cuda_h.py:27] end gate cost 0.515 ms
DEBUG 04-24 11:11:22.140613.140613 cuda_h.py:27] end experts_map_get cost 0.289 ms
DEBUG 04-24 11:11:22.140873.140873 cuda_h.py:27] end *before experts start* cost 0.951 ms
DEBUG 04-24 11:11:22.140808.140808 cuda_h.py:27] end cpu_experts_submit_fused_mp cost 0.205 ms
DEBUG 04-24 11:11:22.141186.141186 cuda_h.py:27] end *single cpu experts* cost 1.217 ms
DEBUG 04-24 11:11:22.144799.144799 cuda_h.py:27] end prepare_group_stack cost 0.702 ms
DEBUG 04-24 11:11:22.144523.144523 sllm_store_c.py:27] get device uuid map
DEBUG 04-24 11:11:22.144208.144208 sllm_store_c.py:29] call client load into gpu
DEBUG 04-24 11:11:22.145041.145041 cuda_h.py:27] end group stack cost 1.203 ms
DEBUG 04-24 11:11:22.145409.145409 cuda_h.py:27] end move_flatidxs_group_fused_mp cost 2.120 ms
DEBUG 04-24 11:11:22.145599.145599 cuda_h.py:27] end get_fused_experts_names_w cost 0.020 ms
DEBUG 04-24 11:11:22.146832.146832 cuda_h.py:27] end restore_fused_tensors cost 0.802 ms
DEBUG 04-24 11:11:22.146544.146544 cuda_h.py:27] end group_fused_tensors_mp cost 1.139 ms
DEBUG 04-24 11:11:22.147206.147206 cuda_h.py:27] end load_into_gpu_async_fused_experts_dual cost 3.174 ms
DEBUG 04-24 11:11:22.147770.147770 cuda_h.py:27] end prepare_group_stack cost 3.946 ms
DEBUG 04-24 11:11:22.147947.147947 cuda_h.py:27] end prepare_group_stack cost 4.020 ms
DEBUG 04-24 11:11:22.147858.147858 cuda_h.py:27] end restore2model cost 1.308 ms
DEBUG 04-24 11:11:22.147836.147836 cuda_h.py:27] end restore_tensors2_fused_experts_packed cost 0.058 ms
DEBUG 04-24 11:11:22.147390.147390 cuda_h.py:27] end sllm_worker_task cost 11.130 ms
DEBUG 04-24 11:11:22.148968.148968 cuda_h.py:27] end restore_tensors2_fused_experts_slices cost 0.287 ms
DEBUG 04-24 11:11:22.148356.148356 cuda_h.py:27] end group stack cost 0.756 ms
DEBUG 04-24 11:11:22.148723.148723 cuda_h.py:27] end group stack cost 0.674 ms
DEBUG 04-24 11:11:22.148509.148509 cuda_h.py:27] end allocate_experts_cuda_memory_and_restore_model_multi_device_fused cost 6.602 ms
DEBUG 04-24 11:11:22.148424.148424 cuda_h.py:27] end move_flatidxs_group_fused_mp cost 5.032 ms
DEBUG 04-24 11:11:22.148623.148623 cuda_h.py:27] end move_flatidxs_group_fused_mp cost 5.123 ms
DEBUG 04-24 11:11:22.148772.148772 cuda_h.py:27] end gpu_sexperts cost 0.006 ms
DEBUG 04-24 11:11:22.148972.148972 cuda_h.py:27] end get_fused_experts_names_w cost 0.031 ms
DEBUG 04-24 11:11:22.148224.148224 cuda_h.py:27] end wait_load_qkvogn_s_weight cost 0.016 ms
DEBUG 04-24 11:11:22.148536.148536 cuda_h.py:27] end get_fused_experts_names_w cost 0.029 ms
DEBUG 04-24 11:11:22.149761.149761 cuda_h.py:27] end restore_fused_tensors cost 0.631 ms
DEBUG 04-24 11:11:22.149571.149571 cuda_h.py:27] end group_fused_tensors_mp cost 0.898 ms
DEBUG 04-24 11:11:22.149906.149906 cuda_h.py:27] end restore_fused_tensors cost 0.778 ms
DEBUG 04-24 11:11:22.149375.149375 cuda_h.py:27] end group_fused_tensors_mp cost 1.143 ms
DEBUG 04-24 11:11:22.158647.158647 mlpmodule.py:3373] [fused_group_bmm][steps] bmm1=4.497 ms split=0.095 ms act_mul=0.373 ms bmm2=3.674 ms
DEBUG 04-24 11:11:22.158210.158210 cuda_h.py:27] end fused_group_bmm cost 8.876 ms
DEBUG 04-24 11:11:22.159801.159801 cuda_h.py:27] end gather_outputs_group_fused_mp cost 0.390 ms
DEBUG 04-24 11:11:22.159640.159640 cuda_h.py:27] end cpu_experts_worker_bmm_or_einsum_0 cost 17.236 ms
DEBUG 04-24 11:11:22.159561.159561 cuda_h.py:27] end prepare_group_stack cost 16.044 ms
DEBUG 04-24 11:11:22.161312.161312 mlpmodule.py:3373] [fused_group_bmm][steps] bmm1=8.265 ms split=0.519 ms act_mul=1.156 ms bmm2=4.055 ms
DEBUG 04-24 11:11:22.161140.161140 cuda_h.py:27] end fused_group_bmm cost 14.214 ms
DEBUG 04-24 11:11:22.162271.162271 cuda_h.py:27] end gather_outputs_group_fused_mp cost 0.467 ms
DEBUG 04-24 11:11:22.162000.162000 cuda_h.py:27] end cpu_experts_worker_bmm_or_einsum_3 cost 20.325 ms
DEBUG 04-24 11:11:22.164747.164747 mlpmodule.py:3373] [fused_group_bmm][steps] bmm1=9.067 ms split=0.243 ms act_mul=1.148 ms bmm2=4.004 ms
DEBUG 04-24 11:11:22.164708.164708 cuda_h.py:27] end fused_group_bmm cost 14.709 ms
DEBUG 04-24 11:11:22.165042.165042 cuda_h.py:27] end gather_outputs_group_fused_mp cost 0.428 ms
DEBUG 04-24 11:11:22.166404.166404 cuda_h.py:27] end cpu_experts_worker_bmm_or_einsum_1 cost 23.881 ms
DEBUG 04-24 11:11:22.166498.166498 cuda_h.py:27] end prepare_per_device_parameters cost 17.894 ms
DEBUG 04-24 11:11:22.186018.186018 cuda_h.py:27] end group stack cost 26.255 ms
DEBUG 04-24 11:11:22.186526.186526 cuda_h.py:27] end move_flatidxs_group_fused_mp cost 42.942 ms
DEBUG 04-24 11:11:22.186641.186641 cuda_h.py:27] end get_fused_experts_names_w cost 0.022 ms
DEBUG 04-24 11:11:22.187358.187358 cuda_h.py:27] end restore_fused_tensors cost 0.476 ms
DEBUG 04-24 11:11:22.187910.187910 cuda_h.py:27] end group_fused_tensors_mp cost 0.926 ms
DEBUG 04-24 11:11:22.193190.193190 mlpmodule.py:3373] [fused_group_bmm][steps] bmm1=3.631 ms split=0.048 ms act_mul=0.264 ms bmm2=1.932 ms
DEBUG 04-24 11:11:22.193710.193710 cuda_h.py:27] end fused_group_bmm cost 5.990 ms
DEBUG 04-24 11:11:22.193138.193138 cuda_h.py:27] end gather_outputs_group_fused_mp cost 0.280 ms
DEBUG 04-24 11:11:22.194909.194909 cuda_h.py:27] end cpu_experts_worker_bmm_or_einsum_2 cost 51.811 ms
DEBUG 04-24 11:11:22.195530.195530 cuda_h.py:27] end cpu_experts_scatter_reduce cost 0.848 ms
DEBUG 04-24 11:11:22.195779.195779 cuda_h.py:27] end cpu_thread_manager_mp_wait_fused cost 28.997 ms
DEBUG 04-24 11:11:22.197908.197908 cuda_h.py:27] end wait_experts_multi_device cost 1.451 ms
DEBUG 04-24 11:11:22.197858.197858 cuda_h.py:27] end *before fused experts* cost 55.601 ms
DEBUG 04-24 11:11:22.203361.203361 cuda_h.py:27] end gpu_experts_multi_device_fused cost 5.870 ms
DEBUG 04-24 11:11:22.203073.203073 cuda_h.py:27] end *gpu experts* cost 61.621 ms
DEBUG 04-24 11:11:22.203898.203898 cuda_h.py:27] end layer_moe_generate_mp_multi_device_fused_l_6 cost 63.991 ms
DEBUG 04-24 11:11:22.205401.205401 cuda_h.py:27] end *mlp cost 65.377 ms
DEBUG 04-24 11:11:22.205068.205068 cuda_h.py:27] end prefill_layer cost 68.723 ms
DEBUG 04-24 11:11:22.205898.205898 lmp.py:341] -------------------------------- end prefill layer 5 --------------------------------
DEBUG 04-24 11:11:22.205972.205972 lmp.py:294] -------------------------------- start prefill layer 6 --------------------------------
DEBUG 04-24 11:11:22.205267.205267 cuda_h.py:27] end start_load_qkvogn_s_weight_l_7 cost 0.054 ms
DEBUG 04-24 11:11:22.206987.206987 cuda_h.py:27] end allocate_cuda_memory cost 0.343 ms
DEBUG 04-24 11:11:22.206082.206082 sllm_store_c.py:27] get device uuid map
DEBUG 04-24 11:11:22.206031.206031 sllm_store_c.py:29] call client load into gpu
DEBUG 04-24 11:11:22.208408.208408 cuda_h.py:27] end load_into_gpu_async cost 2.026 ms
DEBUG 04-24 11:11:22.208803.208803 cuda_h.py:27] end restore_tensors2 cost 0.182 ms
DEBUG 04-24 11:11:22.209218.209218 cuda_h.py:27] end allocate_cuda_memory_and_load_into_gpu cost 3.368 ms
DEBUG 04-24 11:11:22.209816.209816 cuda_h.py:27] end **self_attn cost 2.488 ms
DEBUG 04-24 11:11:22.209142.209142 cuda_h.py:27] end *iln_self_attn_paln cost 4.260 ms
DEBUG 04-24 11:11:22.210879.210879 cuda_h.py:27] end gate cost 0.519 ms
DEBUG 04-24 11:11:22.210203.210203 cuda_h.py:27] end experts_map_get cost 0.295 ms
DEBUG 04-24 11:11:22.210708.210708 cuda_h.py:27] end *before experts start* cost 0.966 ms
DEBUG 04-24 11:11:22.211756.211756 cuda_h.py:27] end cpu_experts_submit_fused_mp cost 0.218 ms
DEBUG 04-24 11:11:22.212158.212158 cuda_h.py:27] end *single cpu experts* cost 1.316 ms
DEBUG 04-24 11:11:22.214169.214169 cuda_h.py:27] end prepare_group_stack cost 0.478 ms
DEBUG 04-24 11:11:22.214383.214383 sllm_store_c.py:27] get device uuid map
DEBUG 04-24 11:11:22.215123.215123 cuda_h.py:27] end prepare_group_stack cost 0.898 ms
DEBUG 04-24 11:11:22.214370.214370 cuda_h.py:27] end prepare_group_stack cost 0.621 ms
DEBUG 04-24 11:11:22.215930.215930 sllm_store_c.py:29] call client load into gpu
DEBUG 04-24 11:11:22.216557.216557 cuda_h.py:27] end group stack cost 1.584 ms
DEBUG 04-24 11:11:22.216481.216481 cuda_h.py:27] end move_flatidxs_group_fused_mp cost 2.310 ms
DEBUG 04-24 11:11:22.216067.216067 cuda_h.py:27] end get_fused_experts_names_w cost 0.024 ms
DEBUG 04-24 11:11:22.216766.216766 cuda_h.py:27] end group stack cost 1.370 ms
DEBUG 04-24 11:11:22.217657.217657 cuda_h.py:27] end move_flatidxs_group_fused_mp cost 2.917 ms
DEBUG 04-24 11:11:22.217114.217114 cuda_h.py:27] end get_fused_experts_names_w cost 0.033 ms
DEBUG 04-24 11:11:22.217131.217131 cuda_h.py:27] end restore_fused_tensors cost 0.646 ms
DEBUG 04-24 11:11:22.217034.217034 cuda_h.py:27] end group_fused_tensors_mp cost 1.022 ms
DEBUG 04-24 11:11:22.217321.217321 cuda_h.py:27] end group stack cost 2.145 ms
DEBUG 04-24 11:11:22.217388.217388 cuda_h.py:27] end move_flatidxs_group_fused_mp cost 3.519 ms
DEBUG 04-24 11:11:22.217714.217714 cuda_h.py:27] end get_fused_experts_names_w cost 0.041 ms
DEBUG 04-24 11:11:22.218445.218445 cuda_h.py:27] end restore_fused_tensors cost 1.020 ms
DEBUG 04-24 11:11:22.218323.218323 cuda_h.py:27] end group_fused_tensors_mp cost 1.352 ms
DEBUG 04-24 11:11:22.219745.219745 cuda_h.py:27] end restore2model cost 1.800 ms
DEBUG 04-24 11:11:22.219577.219577 cuda_h.py:27] end sllm_worker_task cost 13.508 ms
DEBUG 04-24 11:11:22.219786.219786 cuda_h.py:27] end load_into_gpu_async_fused_experts_dual cost 4.414 ms
DEBUG 04-24 11:11:22.219286.219286 cuda_h.py:27] end restore_fused_tensors cost 1.247 ms
DEBUG 04-24 11:11:22.219854.219854 cuda_h.py:27] end restore_tensors2_fused_experts_packed cost 0.071 ms
DEBUG 04-24 11:11:22.219973.219973 cuda_h.py:27] end group_fused_tensors_mp cost 1.642 ms
DEBUG 04-24 11:11:22.219018.219018 cuda_h.py:27] end prepare_group_stack cost 5.430 ms
DEBUG 04-24 11:11:22.219490.219490 cuda_h.py:27] end restore_tensors2_fused_experts_slices cost 0.335 ms
DEBUG 04-24 11:11:22.220388.220388 cuda_h.py:27] end allocate_experts_cuda_memory_and_restore_model_multi_device_fused cost 7.799 ms
DEBUG 04-24 11:11:22.220407.220407 cuda_h.py:27] end gpu_sexperts cost 0.005 ms
DEBUG 04-24 11:11:22.220952.220952 cuda_h.py:27] end wait_load_qkvogn_s_weight cost 0.017 ms
DEBUG 04-24 11:11:22.220332.220332 cuda_h.py:27] end group stack cost 0.977 ms
DEBUG 04-24 11:11:22.221298.221298 cuda_h.py:27] end move_flatidxs_group_fused_mp cost 6.910 ms
DEBUG 04-24 11:11:22.221066.221066 cuda_h.py:27] end get_fused_experts_names_w cost 0.038 ms
DEBUG 04-24 11:11:22.222712.222712 cuda_h.py:27] end restore_fused_tensors cost 1.003 ms
DEBUG 04-24 11:11:22.222708.222708 cuda_h.py:27] end group_fused_tensors_mp cost 1.220 ms
DEBUG 04-24 11:11:22.235048.235048 mlpmodule.py:3373] [fused_group_bmm][steps] bmm1=8.619 ms split=0.081 ms act_mul=0.436 ms bmm2=3.576 ms
DEBUG 04-24 11:11:22.235287.235287 cuda_h.py:27] end fused_group_bmm cost 12.971 ms
DEBUG 04-24 11:11:22.236307.236307 cuda_h.py:27] end gather_outputs_group_fused_mp cost 0.358 ms
DEBUG 04-24 11:11:22.236981.236981 cuda_h.py:27] end cpu_experts_worker_bmm_or_einsum_0 cost 23.805 ms
DEBUG 04-24 11:11:22.237849.237849 cuda_h.py:27] end prepare_per_device_parameters cost 16.645 ms
DEBUG 04-24 11:11:22.241600.241600 mlpmodule.py:3373] [fused_group_bmm][steps] bmm1=17.022 ms split=0.107 ms act_mul=0.386 ms bmm2=4.911 ms
DEBUG 04-24 11:11:22.241562.241562 cuda_h.py:27] end fused_group_bmm cost 22.754 ms
DEBUG 04-24 11:11:22.242983.242983 cuda_h.py:27] end gather_outputs_group_fused_mp cost 0.875 ms
DEBUG 04-24 11:11:22.243741.243741 cuda_h.py:27] end cpu_experts_worker_bmm_or_einsum_1 cost 30.510 ms
DEBUG 04-24 11:11:22.244497.244497 mlpmodule.py:3373] [fused_group_bmm][steps] bmm1=15.888 ms split=0.142 ms act_mul=0.822 ms bmm2=7.915 ms
DEBUG 04-24 11:11:22.245995.245995 cuda_h.py:27] end fused_group_bmm cost 25.022 ms
DEBUG 04-24 11:11:22.245952.245952 cuda_h.py:27] end gather_outputs_group_fused_mp cost 0.450 ms
DEBUG 04-24 11:11:22.246287.246287 cuda_h.py:27] end cpu_experts_worker_bmm_or_einsum_3 cost 33.146 ms
DEBUG 04-24 11:11:22.263697.263697 mlpmodule.py:3373] [fused_group_bmm][steps] bmm1=14.768 ms split=0.088 ms act_mul=27.394 ms bmm2=3.311 ms
DEBUG 04-24 11:11:22.263544.263544 cuda_h.py:27] end fused_group_bmm cost 45.754 ms
DEBUG 04-24 11:11:22.263702.263702 cuda_h.py:27] end gather_outputs_group_fused_mp cost 0.324 ms
DEBUG 04-24 11:11:22.264704.264704 cuda_h.py:27] end cpu_experts_worker_bmm_or_einsum_2 cost 51.270 ms
DEBUG 04-24 11:11:22.265029.265029 cuda_h.py:27] end cpu_experts_scatter_reduce cost 0.793 ms
DEBUG 04-24 11:11:22.265085.265085 cuda_h.py:27] end cpu_thread_manager_mp_wait_fused cost 28.391 ms
DEBUG 04-24 11:11:22.266593.266593 cuda_h.py:27] end wait_experts_multi_device cost 1.271 ms
DEBUG 04-24 11:11:22.267496.267496 cuda_h.py:27] end *before fused experts* cost 54.759 ms
DEBUG 04-24 11:11:22.273501.273501 cuda_h.py:27] end gpu_experts_multi_device_fused cost 6.030 ms
DEBUG 04-24 11:11:22.273882.273882 cuda_h.py:27] end *gpu experts* cost 60.939 ms
DEBUG 04-24 11:11:22.273495.273495 cuda_h.py:27] end layer_moe_generate_mp_multi_device_fused_l_7 cost 63.410 ms
DEBUG 04-24 11:11:22.274222.274222 cuda_h.py:27] end *mlp cost 64.750 ms
DEBUG 04-24 11:11:22.274604.274604 cuda_h.py:27] end prefill_layer cost 69.320 ms
DEBUG 04-24 11:11:22.274480.274480 lmp.py:341] -------------------------------- end prefill layer 6 --------------------------------
DEBUG 04-24 11:11:22.275527.275527 lmp.py:294] -------------------------------- start prefill layer 7 --------------------------------
DEBUG 04-24 11:11:22.275961.275961 cuda_h.py:27] end start_load_qkvogn_s_weight_l_8 cost 0.053 ms
DEBUG 04-24 11:11:22.275373.275373 cuda_h.py:27] end allocate_cuda_memory cost 0.276 ms
DEBUG 04-24 11:11:22.275211.275211 sllm_store_c.py:27] get device uuid map
DEBUG 04-24 11:11:22.276417.276417 sllm_store_c.py:29] call client load into gpu
DEBUG 04-24 11:11:22.277290.277290 cuda_h.py:27] end load_into_gpu_async cost 1.784 ms
DEBUG 04-24 11:11:22.277454.277454 cuda_h.py:27] end restore_tensors2 cost 0.094 ms
DEBUG 04-24 11:11:22.278149.278149 cuda_h.py:27] end allocate_cuda_memory_and_load_into_gpu cost 2.963 ms
DEBUG 04-24 11:11:22.278471.278471 cuda_h.py:27] end **self_attn cost 2.213 ms
DEBUG 04-24 11:11:22.279668.279668 cuda_h.py:27] end *iln_self_attn_paln cost 3.995 ms
DEBUG 04-24 11:11:22.279258.279258 cuda_h.py:27] end gate cost 0.531 ms
DEBUG 04-24 11:11:22.280390.280390 cuda_h.py:27] end experts_map_get cost 0.293 ms
DEBUG 04-24 11:11:22.280127.280127 cuda_h.py:27] end *before experts start* cost 0.972 ms
DEBUG 04-24 11:11:22.280460.280460 cuda_h.py:27] end cpu_experts_submit_fused_mp cost 0.218 ms
DEBUG 04-24 11:11:22.281557.281557 cuda_h.py:27] end *single cpu experts* cost 1.338 ms
DEBUG 04-24 11:11:22.284615.284615 cuda_h.py:27] end prepare_group_stack cost 0.570 ms
DEBUG 04-24 11:11:22.284274.284274 sllm_store_c.py:27] get device uuid map
DEBUG 04-24 11:11:22.284272.284272 sllm_store_c.py:29] call client load into gpu
DEBUG 04-24 11:11:22.284589.284589 cuda_h.py:27] end prepare_group_stack cost 0.744 ms
DEBUG 04-24 11:11:22.285473.285473 cuda_h.py:27] end group stack cost 1.163 ms
DEBUG 04-24 11:11:22.285040.285040 cuda_h.py:27] end move_flatidxs_group_fused_mp cost 2.189 ms
DEBUG 04-24 11:11:22.285421.285421 cuda_h.py:27] end get_fused_experts_names_w cost 0.028 ms
DEBUG 04-24 11:11:22.285679.285679 cuda_h.py:27] end group stack cost 1.567 ms
DEBUG 04-24 11:11:22.286542.286542 cuda_h.py:27] end move_flatidxs_group_fused_mp cost 2.754 ms
DEBUG 04-24 11:11:22.286571.286571 cuda_h.py:27] end get_fused_experts_names_w cost 0.042 ms
DEBUG 04-24 11:11:22.286488.286488 cuda_h.py:27] end restore_fused_tensors cost 0.716 ms
DEBUG 04-24 11:11:22.286517.286517 cuda_h.py:27] end group_fused_tensors_mp cost 1.122 ms
DEBUG 04-24 11:11:22.288687.288687 cuda_h.py:27] end prepare_group_stack cost 4.758 ms
DEBUG 04-24 11:11:22.288935.288935 cuda_h.py:27] end restore_fused_tensors cost 1.639 ms
DEBUG 04-24 11:11:22.288821.288821 cuda_h.py:27] end prepare_group_stack cost 4.582 ms
DEBUG 04-24 11:11:22.288888.288888 cuda_h.py:27] end group_fused_tensors_mp cost 2.008 ms
DEBUG 04-24 11:11:22.288846.288846 cuda_h.py:27] end load_into_gpu_async_fused_experts_dual cost 4.413 ms
DEBUG 04-24 11:11:22.288365.288365 cuda_h.py:27] end restore_tensors2_fused_experts_packed cost 0.119 ms
DEBUG 04-24 11:11:22.289503.289503 cuda_h.py:27] end group stack cost 1.325 ms
DEBUG 04-24 11:11:22.289677.289677 cuda_h.py:27] end group stack cost 1.548 ms
DEBUG 04-24 11:11:22.289197.289197 cuda_h.py:27] end move_flatidxs_group_fused_mp cost 6.568 ms
DEBUG 04-24 11:11:22.289177.289177 cuda_h.py:27] end move_flatidxs_group_fused_mp cost 6.376 ms
DEBUG 04-24 11:11:22.289961.289961 cuda_h.py:27] end get_fused_experts_names_w cost 0.026 ms
DEBUG 04-24 11:11:22.290121.290121 cuda_h.py:27] end get_fused_experts_names_w cost 0.029 ms
DEBUG 04-24 11:11:22.290056.290056 cuda_h.py:27] end restore_tensors2_fused_experts_slices cost 0.632 ms
DEBUG 04-24 11:11:22.290048.290048 cuda_h.py:27] end restore2model cost 3.754 ms
DEBUG 04-24 11:11:22.290231.290231 cuda_h.py:27] end allocate_experts_cuda_memory_and_restore_model_multi_device_fused cost 8.782 ms
DEBUG 04-24 11:11:22.290940.290940 cuda_h.py:27] end sllm_worker_task cost 15.299 ms
DEBUG 04-24 11:11:22.290990.290990 cuda_h.py:27] end restore_fused_tensors cost 0.618 ms
DEBUG 04-24 11:11:22.291023.291023 cuda_h.py:27] end group_fused_tensors_mp cost 1.095 ms
DEBUG 04-24 11:11:22.290928.290928 cuda_h.py:27] end gpu_sexperts cost 0.008 ms
DEBUG 04-24 11:11:22.291692.291692 cuda_h.py:27] end restore_fused_tensors cost 0.789 ms
DEBUG 04-24 11:11:22.291610.291610 cuda_h.py:27] end wait_load_qkvogn_s_weight cost 0.025 ms
DEBUG 04-24 11:11:22.291695.291695 cuda_h.py:27] end group_fused_tensors_mp cost 1.367 ms
DEBUG 04-24 11:11:22.304599.304599 mlpmodule.py:3373] [fused_group_bmm][steps] bmm1=7.960 ms split=0.342 ms act_mul=1.478 ms bmm2=7.477 ms
DEBUG 04-24 11:11:22.304882.304882 cuda_h.py:27] end fused_group_bmm cost 17.667 ms
DEBUG 04-24 11:11:22.305205.305205 cuda_h.py:27] end gather_outputs_group_fused_mp cost 0.864 ms
DEBUG 04-24 11:11:22.305150.305150 mlpmodule.py:3373] [fused_group_bmm][steps] bmm1=8.770 ms split=0.113 ms act_mul=0.483 ms bmm2=5.299 ms
DEBUG 04-24 11:11:22.306384.306384 cuda_h.py:27] end fused_group_bmm cost 15.002 ms
DEBUG 04-24 11:11:22.306291.306291 mlpmodule.py:3373] [fused_group_bmm][steps] bmm1=8.472 ms split=0.077 ms act_mul=0.386 ms bmm2=5.652 ms
DEBUG 04-24 11:11:22.306735.306735 cuda_h.py:27] end fused_group_bmm cost 14.809 ms
DEBUG 04-24 11:11:22.306452.306452 cuda_h.py:27] end gather_outputs_group_fused_mp cost 0.475 ms
DEBUG 04-24 11:11:22.306547.306547 cuda_h.py:27] end gather_outputs_group_fused_mp cost 0.353 ms
DEBUG 04-24 11:11:22.306310.306310 cuda_h.py:27] end cpu_experts_worker_bmm_or_einsum_1 cost 24.655 ms
DEBUG 04-24 11:11:22.307234.307234 cuda_h.py:27] end cpu_experts_worker_bmm_or_einsum_2 cost 25.231 ms
DEBUG 04-24 11:11:22.307867.307867 cuda_h.py:27] end cpu_experts_worker_bmm_or_einsum_0 cost 25.190 ms
DEBUG 04-24 11:11:22.308342.308342 mlpmodule.py:3373] [fused_group_bmm][steps] bmm1=12.109 ms split=0.544 ms act_mul=1.393 ms bmm2=5.250 ms
DEBUG 04-24 11:11:22.308481.308481 cuda_h.py:27] end fused_group_bmm cost 19.530 ms
DEBUG 04-24 11:11:22.308568.308568 cuda_h.py:27] end gather_outputs_group_fused_mp cost 0.371 ms
DEBUG 04-24 11:11:22.309305.309305 cuda_h.py:27] end cpu_experts_worker_bmm_or_einsum_3 cost 27.137 ms
DEBUG 04-24 11:11:22.310677.310677 cuda_h.py:27] end prepare_per_device_parameters cost 19.190 ms
DEBUG 04-24 11:11:22.313394.313394 cuda_h.py:27] end cpu_experts_scatter_reduce cost 0.748 ms
DEBUG 04-24 11:11:22.313224.313224 cuda_h.py:27] end cpu_thread_manager_mp_wait_fused cost 2.372 ms
DEBUG 04-24 11:11:22.315052.315052 cuda_h.py:27] end wait_experts_multi_device cost 1.939 ms
DEBUG 04-24 11:11:22.315611.315611 cuda_h.py:27] end *before fused experts* cost 33.587 ms
DEBUG 04-24 11:11:22.319564.319564 cuda_h.py:27] end gpu_experts_multi_device_fused cost 4.697 ms
DEBUG 04-24 11:11:22.319971.319971 cuda_h.py:27] end *gpu experts* cost 38.416 ms
DEBUG 04-24 11:11:22.320920.320920 cuda_h.py:27] end layer_moe_generate_mp_multi_device_fused_l_8 cost 40.882 ms
DEBUG 04-24 11:11:22.321127.321127 cuda_h.py:27] end *mlp cost 42.121 ms
DEBUG 04-24 11:11:22.321793.321793 cuda_h.py:27] end prefill_layer cost 46.335 ms
DEBUG 04-24 11:11:22.321072.321072 lmp.py:341] -------------------------------- end prefill layer 7 --------------------------------
DEBUG 04-24 11:11:22.321216.321216 lmp.py:294] -------------------------------- start prefill layer 8 --------------------------------
DEBUG 04-24 11:11:22.321033.321033 cuda_h.py:27] end start_load_qkvogn_s_weight_l_9 cost 0.041 ms
DEBUG 04-24 11:11:22.322993.322993 cuda_h.py:27] end allocate_cuda_memory cost 0.229 ms
DEBUG 04-24 11:11:22.322812.322812 sllm_store_c.py:27] get device uuid map
DEBUG 04-24 11:11:22.322563.322563 sllm_store_c.py:29] call client load into gpu
DEBUG 04-24 11:11:22.323647.323647 cuda_h.py:27] end load_into_gpu_async cost 1.595 ms
DEBUG 04-24 11:11:22.323044.323044 cuda_h.py:27] end restore_tensors2 cost 0.116 ms
DEBUG 04-24 11:11:22.324068.324068 cuda_h.py:27] end **self_attn cost 1.718 ms
DEBUG 04-24 11:11:22.324076.324076 cuda_h.py:27] end allocate_cuda_memory_and_load_into_gpu cost 2.338 ms
DEBUG 04-24 11:11:22.324574.324574 cuda_h.py:27] end *iln_self_attn_paln cost 2.937 ms
DEBUG 04-24 11:11:22.325905.325905 cuda_h.py:27] end gate cost 0.513 ms
DEBUG 04-24 11:11:22.325692.325692 cuda_h.py:27] end experts_map_get cost 0.286 ms
DEBUG 04-24 11:11:22.325283.325283 cuda_h.py:27] end *before experts start* cost 0.942 ms
DEBUG 04-24 11:11:22.325371.325371 cuda_h.py:27] end cpu_experts_submit_fused_mp cost 0.213 ms
DEBUG 04-24 11:11:22.326236.326236 cuda_h.py:27] end *single cpu experts* cost 1.128 ms
DEBUG 04-24 11:11:22.328686.328686 cuda_h.py:27] end prepare_group_stack cost 0.634 ms
DEBUG 04-24 11:11:22.328639.328639 cuda_h.py:27] end prepare_group_stack cost 0.593 ms
DEBUG 04-24 11:11:22.328481.328481 cuda_h.py:27] end prepare_group_stack cost 0.598 ms
DEBUG 04-24 11:11:22.329028.329028 sllm_store_c.py:27] get device uuid map
DEBUG 04-24 11:11:22.329613.329613 sllm_store_c.py:29] call client load into gpu
DEBUG 04-24 11:11:22.329821.329821 cuda_h.py:27] end group stack cost 0.781 ms
DEBUG 04-24 11:11:22.329997.329997 cuda_h.py:27] end move_flatidxs_group_fused_mp cost 1.610 ms
DEBUG 04-24 11:11:22.329472.329472 cuda_h.py:27] end group stack cost 1.036 ms
DEBUG 04-24 11:11:22.329955.329955 cuda_h.py:27] end prepare_group_stack cost 0.596 ms
DEBUG 04-24 11:11:22.330679.330679 cuda_h.py:27] end group stack cost 1.108 ms
DEBUG 04-24 11:11:22.330660.330660 cuda_h.py:27] end get_fused_experts_names_w cost 0.025 ms
DEBUG 04-24 11:11:22.330310.330310 cuda_h.py:27] end move_flatidxs_group_fused_mp cost 1.822 ms
DEBUG 04-24 11:11:22.330442.330442 cuda_h.py:27] end move_flatidxs_group_fused_mp cost 2.087 ms
DEBUG 04-24 11:11:22.330169.330169 cuda_h.py:27] end get_fused_experts_names_w cost 0.022 ms
DEBUG 04-24 11:11:22.330898.330898 cuda_h.py:27] end get_fused_experts_names_w cost 0.022 ms
DEBUG 04-24 11:11:22.331112.331112 cuda_h.py:27] end restore_fused_tensors cost 0.816 ms
DEBUG 04-24 11:11:22.331850.331850 cuda_h.py:27] end group_fused_tensors_mp cost 1.152 ms
DEBUG 04-24 11:11:22.331467.331467 cuda_h.py:27] end restore_fused_tensors cost 0.622 ms
DEBUG 04-24 11:11:22.331687.331687 cuda_h.py:27] end restore_fused_tensors cost 0.669 ms
DEBUG 04-24 11:11:22.331976.331976 cuda_h.py:27] end group_fused_tensors_mp cost 0.971 ms
DEBUG 04-24 11:11:22.331612.331612 cuda_h.py:27] end group_fused_tensors_mp cost 0.973 ms
DEBUG 04-24 11:11:22.333787.333787 cuda_h.py:27] end group stack cost 3.389 ms
DEBUG 04-24 11:11:22.333650.333650 cuda_h.py:27] end move_flatidxs_group_fused_mp cost 4.587 ms
DEBUG 04-24 11:11:22.334324.334324 cuda_h.py:27] end get_fused_experts_names_w cost 0.037 ms
DEBUG 04-24 11:11:22.335984.335984 cuda_h.py:27] end restore_fused_tensors cost 1.103 ms
DEBUG 04-24 11:11:22.335001.335001 cuda_h.py:27] end group_fused_tensors_mp cost 1.875 ms
DEBUG 04-24 11:11:22.342496.342496 mlpmodule.py:3373] [fused_group_bmm][steps] bmm1=7.167 ms split=0.211 ms act_mul=0.462 ms bmm2=2.973 ms
DEBUG 04-24 11:11:22.342268.342268 cuda_h.py:27] end fused_group_bmm cost 11.179 ms
DEBUG 04-24 11:11:22.343300.343300 cuda_h.py:27] end gather_outputs_group_fused_mp cost 0.847 ms
DEBUG 04-24 11:11:22.344245.344245 cuda_h.py:27] end cpu_experts_worker_bmm_or_einsum_1 cost 17.551 ms
DEBUG 04-24 11:11:22.344071.344071 mlpmodule.py:3373] [fused_group_bmm][steps] bmm1=9.254 ms split=0.094 ms act_mul=0.374 ms bmm2=3.828 ms
DEBUG 04-24 11:11:22.345675.345675 cuda_h.py:27] end fused_group_bmm cost 13.815 ms
DEBUG 04-24 11:11:22.345419.345419 mlpmodule.py:3373] [fused_group_bmm][steps] bmm1=8.897 ms split=0.085 ms act_mul=0.548 ms bmm2=3.717 ms
DEBUG 04-24 11:11:22.345156.345156 cuda_h.py:27] end fused_group_bmm cost 13.547 ms
DEBUG 04-24 11:11:22.345882.345882 mlpmodule.py:3373] [fused_group_bmm][steps] bmm1=5.181 ms split=0.158 ms act_mul=0.942 ms bmm2=2.988 ms
DEBUG 04-24 11:11:22.345112.345112 cuda_h.py:27] end gather_outputs_group_fused_mp cost 0.351 ms
DEBUG 04-24 11:11:22.345242.345242 cuda_h.py:27] end fused_group_bmm cost 9.560 ms
DEBUG 04-24 11:11:22.345519.345519 cuda_h.py:27] end gather_outputs_group_fused_mp cost 0.369 ms
DEBUG 04-24 11:11:22.345041.345041 cuda_h.py:27] end cpu_experts_worker_bmm_or_einsum_0 cost 18.834 ms
DEBUG 04-24 11:11:22.346632.346632 cuda_h.py:27] end gather_outputs_group_fused_mp cost 0.388 ms
DEBUG 04-24 11:11:22.346456.346456 cuda_h.py:27] end cpu_experts_worker_bmm_or_einsum_2 cost 19.156 ms
DEBUG 04-24 11:11:22.346494.346494 cuda_h.py:27] end cpu_experts_worker_bmm_or_einsum_3 cost 18.393 ms
DEBUG 04-24 11:11:22.427450.427450 cuda_h.py:27] end restore2model cost 1.744 ms
DEBUG 04-24 11:11:22.427914.427914 cuda_h.py:27] end sllm_worker_task cost 105.680 ms
DEBUG 04-24 11:11:22.428606.428606 cuda_h.py:27] end load_into_gpu_async_fused_experts_dual cost 99.543 ms
DEBUG 04-24 11:11:22.428672.428672 cuda_h.py:27] end restore_tensors2_fused_experts_packed cost 0.096 ms
DEBUG 04-24 11:11:22.429379.429379 cuda_h.py:27] end restore_tensors2_fused_experts_slices cost 0.322 ms
DEBUG 04-24 11:11:22.429515.429515 cuda_h.py:27] end allocate_experts_cuda_memory_and_restore_model_multi_device_fused cost 102.817 ms
DEBUG 04-24 11:11:22.429178.429178 cuda_h.py:27] end gpu_sexperts cost 0.006 ms
DEBUG 04-24 11:11:22.429649.429649 cuda_h.py:27] end wait_load_qkvogn_s_weight cost 0.013 ms
DEBUG 04-24 11:11:22.440094.440094 cuda_h.py:27] end prepare_per_device_parameters cost 10.901 ms
DEBUG 04-24 11:11:22.443614.443614 cuda_h.py:27] end cpu_experts_scatter_reduce cost 0.608 ms
DEBUG 04-24 11:11:22.444510.444510 cuda_h.py:27] end cpu_thread_manager_mp_wait_fused cost 3.267 ms
DEBUG 04-24 11:11:22.447940.447940 cuda_h.py:27] end wait_experts_multi_device cost 3.092 ms
DEBUG 04-24 11:11:22.447047.447047 cuda_h.py:27] end *before fused experts* cost 120.491 ms
DEBUG 04-24 11:11:22.451214.451214 cuda_h.py:27] end gpu_experts_multi_device_fused cost 3.761 ms
DEBUG 04-24 11:11:22.451011.451011 cuda_h.py:27] end *gpu experts* cost 124.361 ms
DEBUG 04-24 11:11:22.451861.451861 cuda_h.py:27] end layer_moe_generate_mp_multi_device_fused_l_9 cost 126.579 ms
DEBUG 04-24 11:11:22.452241.452241 cuda_h.py:27] end *mlp cost 128.051 ms
DEBUG 04-24 11:11:22.452933.452933 cuda_h.py:27] end prefill_layer cost 131.180 ms
DEBUG 04-24 11:11:22.452828.452828 lmp.py:341] -------------------------------- end prefill layer 8 --------------------------------
DEBUG 04-24 11:11:22.452432.452432 lmp.py:294] -------------------------------- start prefill layer 9 --------------------------------
DEBUG 04-24 11:11:22.452619.452619 cuda_h.py:27] end start_load_qkvogn_s_weight_l_10 cost 0.033 ms
DEBUG 04-24 11:11:22.453492.453492 cuda_h.py:27] end allocate_cuda_memory cost 0.352 ms
DEBUG 04-24 11:11:22.453514.453514 sllm_store_c.py:27] get device uuid map
DEBUG 04-24 11:11:22.454367.454367 sllm_store_c.py:29] call client load into gpu
DEBUG 04-24 11:11:22.455182.455182 cuda_h.py:27] end **self_attn cost 1.550 ms
DEBUG 04-24 11:11:22.455931.455931 cuda_h.py:27] end *iln_self_attn_paln cost 2.830 ms
DEBUG 04-24 11:11:22.456397.456397 cuda_h.py:27] end gate cost 0.499 ms
DEBUG 04-24 11:11:22.456932.456932 cuda_h.py:27] end experts_map_get cost 0.277 ms
DEBUG 04-24 11:11:22.456282.456282 cuda_h.py:27] end load_into_gpu_async cost 3.159 ms
DEBUG 04-24 11:11:22.456694.456694 cuda_h.py:27] end *before experts start* cost 1.074 ms
DEBUG 04-24 11:11:22.457024.457024 cuda_h.py:27] end restore_tensors2 cost 0.171 ms
DEBUG 04-24 11:11:22.457788.457788 cuda_h.py:27] end cpu_experts_submit_fused_mp cost 0.210 ms
DEBUG 04-24 11:11:22.458207.458207 cuda_h.py:27] end allocate_cuda_memory_and_load_into_gpu cost 5.752 ms
DEBUG 04-24 11:11:22.459462.459462 cuda_h.py:27] end *single cpu experts* cost 2.310 ms
DEBUG 04-24 11:11:22.461734.461734 cuda_h.py:27] end prepare_group_stack cost 0.748 ms
DEBUG 04-24 11:11:22.461748.461748 cuda_h.py:27] end prepare_group_stack cost 0.775 ms
DEBUG 04-24 11:11:22.462525.462525 cuda_h.py:27] end prepare_group_stack cost 0.602 ms
DEBUG 04-24 11:11:22.462132.462132 sllm_store_c.py:27] get device uuid map
DEBUG 04-24 11:11:22.462580.462580 sllm_store_c.py:29] call client load into gpu
DEBUG 04-24 11:11:22.464060.464060 cuda_h.py:27] end group stack cost 2.007 ms
DEBUG 04-24 11:11:22.464792.464792 cuda_h.py:27] end group stack cost 2.080 ms
DEBUG 04-24 11:11:22.464326.464326 cuda_h.py:27] end move_flatidxs_group_fused_mp cost 3.222 ms
DEBUG 04-24 11:11:22.464674.464674 cuda_h.py:27] end move_flatidxs_group_fused_mp cost 3.366 ms
DEBUG 04-24 11:11:22.464393.464393 cuda_h.py:27] end get_fused_experts_names_w cost 0.040 ms
DEBUG 04-24 11:11:22.464043.464043 cuda_h.py:27] end get_fused_experts_names_w cost 0.040 ms
DEBUG 04-24 11:11:22.464129.464129 cuda_h.py:27] end group stack cost 2.020 ms
DEBUG 04-24 11:11:22.465716.465716 cuda_h.py:27] end move_flatidxs_group_fused_mp cost 3.160 ms
DEBUG 04-24 11:11:22.465406.465406 cuda_h.py:27] end get_fused_experts_names_w cost 0.034 ms
DEBUG 04-24 11:11:22.466848.466848 cuda_h.py:27] end restore_fused_tensors cost 1.278 ms
DEBUG 04-24 11:11:22.466268.466268 cuda_h.py:27] end restore_fused_tensors cost 1.322 ms
DEBUG 04-24 11:11:22.466145.466145 cuda_h.py:27] end group_fused_tensors_mp cost 1.725 ms
DEBUG 04-24 11:11:22.466842.466842 cuda_h.py:27] end group_fused_tensors_mp cost 1.759 ms
DEBUG 04-24 11:11:22.466639.466639 cuda_h.py:27] end restore_fused_tensors cost 0.963 ms
DEBUG 04-24 11:11:22.466794.466794 cuda_h.py:27] end group_fused_tensors_mp cost 1.556 ms
DEBUG 04-24 11:11:22.466527.466527 cuda_h.py:27] end restore2model cost 1.910 ms
DEBUG 04-24 11:11:22.467308.467308 cuda_h.py:27] end sllm_worker_task cost 14.131 ms
DEBUG 04-24 11:11:22.467359.467359 cuda_h.py:27] end load_into_gpu_async_fused_experts_dual cost 4.587 ms
DEBUG 04-24 11:11:22.467897.467897 cuda_h.py:27] end restore_tensors2_fused_experts_packed cost 0.069 ms
DEBUG 04-24 11:11:22.468358.468358 cuda_h.py:27] end restore_tensors2_fused_experts_slices cost 0.289 ms
DEBUG 04-24 11:11:22.468519.468519 cuda_h.py:27] end allocate_experts_cuda_memory_and_restore_model_multi_device_fused cost 8.376 ms
DEBUG 04-24 11:11:22.468044.468044 cuda_h.py:27] end gpu_sexperts cost 0.005 ms
DEBUG 04-24 11:11:22.468496.468496 cuda_h.py:27] end wait_load_qkvogn_s_weight cost 0.021 ms
DEBUG 04-24 11:11:22.476013.476013 mlpmodule.py:3373] [fused_group_bmm][steps] bmm1=6.008 ms split=0.060 ms act_mul=0.405 ms bmm2=2.890 ms
DEBUG 04-24 11:11:22.476124.476124 cuda_h.py:27] end fused_group_bmm cost 9.532 ms
DEBUG 04-24 11:11:22.476993.476993 cuda_h.py:27] end gather_outputs_group_fused_mp cost 0.375 ms
DEBUG 04-24 11:11:22.477741.477741 cuda_h.py:27] end cpu_experts_worker_bmm_or_einsum_2 cost 17.476 ms
DEBUG 04-24 11:11:22.481467.481467 mlpmodule.py:3373] [fused_group_bmm][steps] bmm1=9.696 ms split=0.102 ms act_mul=0.364 ms bmm2=4.894 ms
DEBUG 04-24 11:11:22.482884.482884 cuda_h.py:27] end fused_group_bmm cost 15.502 ms
DEBUG 04-24 11:11:22.482432.482432 cuda_h.py:27] end prepare_per_device_parameters cost 14.107 ms
DEBUG 04-24 11:11:22.482395.482395 cuda_h.py:27] end gather_outputs_group_fused_mp cost 0.512 ms
DEBUG 04-24 11:11:22.482951.482951 mlpmodule.py:3373] [fused_group_bmm][steps] bmm1=9.985 ms split=0.092 ms act_mul=1.117 ms bmm2=4.767 ms
DEBUG 04-24 11:11:22.483364.483364 cuda_h.py:27] end fused_group_bmm cost 16.260 ms
DEBUG 04-24 11:11:22.483266.483266 cuda_h.py:27] end cpu_experts_worker_bmm_or_einsum_1 cost 23.634 ms
DEBUG 04-24 11:11:22.483012.483012 cuda_h.py:27] end gather_outputs_group_fused_mp cost 0.386 ms
DEBUG 04-24 11:11:22.484454.484454 cuda_h.py:27] end cpu_experts_worker_bmm_or_einsum_3 cost 23.432 ms
DEBUG 04-24 11:11:22.492914.492914 cuda_h.py:27] end prepare_group_stack cost 32.174 ms
DEBUG 04-24 11:11:22.507504.507504 cuda_h.py:27] end group stack cost 14.709 ms
DEBUG 04-24 11:11:22.507567.507567 cuda_h.py:27] end move_flatidxs_group_fused_mp cost 47.169 ms
DEBUG 04-24 11:11:22.507873.507873 cuda_h.py:27] end get_fused_experts_names_w cost 0.024 ms
DEBUG 04-24 11:11:22.508205.508205 cuda_h.py:27] end restore_fused_tensors cost 0.480 ms
DEBUG 04-24 11:11:22.508201.508201 cuda_h.py:27] end group_fused_tensors_mp cost 0.726 ms
DEBUG 04-24 11:11:22.609577.609577 mlpmodule.py:3373] [fused_group_bmm][steps] bmm1=19.486 ms split=0.069 ms act_mul=55.829 ms bmm2=25.327 ms
DEBUG 04-24 11:11:22.609556.609556 cuda_h.py:27] end fused_group_bmm cost 100.891 ms
DEBUG 04-24 11:11:22.609649.609649 cuda_h.py:27] end gather_outputs_group_fused_mp cost 0.341 ms
DEBUG 04-24 11:11:22.609510.609510 cuda_h.py:27] end cpu_experts_worker_bmm_or_einsum_0 cost 150.921 ms
DEBUG 04-24 11:11:22.611513.611513 cuda_h.py:27] end cpu_experts_scatter_reduce cost 0.808 ms
DEBUG 04-24 11:11:22.611775.611775 cuda_h.py:27] end cpu_thread_manager_mp_wait_fused cost 128.635 ms
DEBUG 04-24 11:11:22.613462.613462 cuda_h.py:27] end wait_experts_multi_device cost 1.864 ms
DEBUG 04-24 11:11:22.613597.613597 cuda_h.py:27] end *before fused experts* cost 153.487 ms
DEBUG 04-24 11:11:22.618562.618562 cuda_h.py:27] end gpu_experts_multi_device_fused cost 4.672 ms
DEBUG 04-24 11:11:22.618969.618969 cuda_h.py:27] end *gpu experts* cost 158.289 ms
DEBUG 04-24 11:11:22.618085.618085 cuda_h.py:27] end layer_moe_generate_mp_multi_device_fused_l_10 cost 162.460 ms
DEBUG 04-24 11:11:22.619172.619172 cuda_h.py:27] end *mlp cost 163.681 ms
DEBUG 04-24 11:11:22.619189.619189 cuda_h.py:27] end prefill_layer cost 166.813 ms
DEBUG 04-24 11:11:22.619502.619502 lmp.py:341] -------------------------------- end prefill layer 9 --------------------------------
DEBUG 04-24 11:11:22.619206.619206 lmp.py:294] -------------------------------- start prefill layer 10 --------------------------------
DEBUG 04-24 11:11:22.619182.619182 cuda_h.py:27] end start_load_qkvogn_s_weight_l_11 cost 0.046 ms
DEBUG 04-24 11:11:22.620651.620651 cuda_h.py:27] end allocate_cuda_memory cost 0.233 ms
DEBUG 04-24 11:11:22.620835.620835 sllm_store_c.py:27] get device uuid map
DEBUG 04-24 11:11:22.620998.620998 sllm_store_c.py:29] call client load into gpu
DEBUG 04-24 11:11:22.622372.622372 cuda_h.py:27] end **self_attn cost 1.521 ms
DEBUG 04-24 11:11:22.622209.622209 cuda_h.py:27] end *iln_self_attn_paln cost 2.638 ms
DEBUG 04-24 11:11:22.622607.622607 cuda_h.py:27] end load_into_gpu_async cost 2.287 ms
DEBUG 04-24 11:11:22.622090.622090 cuda_h.py:27] end restore_tensors2 cost 0.109 ms
DEBUG 04-24 11:11:22.623443.623443 cuda_h.py:27] end allocate_cuda_memory_and_load_into_gpu cost 2.981 ms
DEBUG 04-24 11:11:22.623119.623119 cuda_h.py:27] end gate cost 0.974 ms
DEBUG 04-24 11:11:22.624312.624312 cuda_h.py:27] end experts_map_get cost 0.321 ms
DEBUG 04-24 11:11:22.624976.624976 cuda_h.py:27] end *before experts start* cost 1.488 ms
DEBUG 04-24 11:11:22.624674.624674 cuda_h.py:27] end cpu_experts_submit_fused_mp cost 0.233 ms
DEBUG 04-24 11:11:22.625534.625534 cuda_h.py:27] end *single cpu experts* cost 1.180 ms
DEBUG 04-24 11:11:22.627985.627985 sllm_store_c.py:27] get device uuid map
DEBUG 04-24 11:11:22.627001.627001 sllm_store_c.py:29] call client load into gpu
DEBUG 04-24 11:11:22.628393.628393 cuda_h.py:27] end prepare_group_stack cost 0.607 ms
DEBUG 04-24 11:11:22.628140.628140 cuda_h.py:27] end prepare_group_stack cost 0.847 ms
DEBUG 04-24 11:11:22.628956.628956 cuda_h.py:27] end prepare_group_stack cost 0.828 ms
DEBUG 04-24 11:11:22.629889.629889 cuda_h.py:27] end group stack cost 1.156 ms
DEBUG 04-24 11:11:22.629853.629853 cuda_h.py:27] end move_flatidxs_group_fused_mp cost 2.107 ms
DEBUG 04-24 11:11:22.629383.629383 cuda_h.py:27] end get_fused_experts_names_w cost 0.022 ms
DEBUG 04-24 11:11:22.630904.630904 cuda_h.py:27] end restore_fused_tensors cost 0.563 ms
DEBUG 04-24 11:11:22.630932.630932 cuda_h.py:27] end group_fused_tensors_mp cost 0.781 ms
DEBUG 04-24 11:11:22.630108.630108 cuda_h.py:27] end group stack cost 2.192 ms
DEBUG 04-24 11:11:22.631002.631002 cuda_h.py:27] end move_flatidxs_group_fused_mp cost 3.487 ms
DEBUG 04-24 11:11:22.631984.631984 cuda_h.py:27] end get_fused_experts_names_w cost 0.036 ms
DEBUG 04-24 11:11:22.631666.631666 cuda_h.py:27] end group stack cost 2.586 ms
DEBUG 04-24 11:11:22.631980.631980 cuda_h.py:27] end move_flatidxs_group_fused_mp cost 3.975 ms
DEBUG 04-24 11:11:22.631776.631776 cuda_h.py:27] end get_fused_experts_names_w cost 0.040 ms
DEBUG 04-24 11:11:22.632781.632781 cuda_h.py:27] end restore_fused_tensors cost 1.264 ms
DEBUG 04-24 11:11:22.632468.632468 cuda_h.py:27] end group_fused_tensors_mp cost 1.627 ms
DEBUG 04-24 11:11:22.633532.633532 cuda_h.py:27] end restore_fused_tensors cost 1.406 ms
DEBUG 04-24 11:11:22.633974.633974 cuda_h.py:27] end group_fused_tensors_mp cost 1.809 ms
DEBUG 04-24 11:11:22.634063.634063 cuda_h.py:27] end restore2model cost 0.764 ms
DEBUG 04-24 11:11:22.634245.634245 cuda_h.py:27] end sllm_worker_task cost 14.284 ms
DEBUG 04-24 11:11:22.635543.635543 cuda_h.py:27] end load_into_gpu_async_fused_experts_dual cost 7.580 ms
DEBUG 04-24 11:11:22.635872.635872 cuda_h.py:27] end restore_tensors2_fused_experts_packed cost 0.088 ms
DEBUG 04-24 11:11:22.635438.635438 cuda_h.py:27] end restore_tensors2_fused_experts_slices cost 0.361 ms
DEBUG 04-24 11:11:22.636488.636488 cuda_h.py:27] end allocate_experts_cuda_memory_and_restore_model_multi_device_fused cost 10.655 ms
DEBUG 04-24 11:11:22.636384.636384 cuda_h.py:27] end gpu_sexperts cost 0.006 ms
DEBUG 04-24 11:11:22.636644.636644 cuda_h.py:27] end wait_load_qkvogn_s_weight cost 0.017 ms
DEBUG 04-24 11:11:22.638805.638805 mlpmodule.py:3373] [fused_group_bmm][steps] bmm1=4.573 ms split=0.058 ms act_mul=0.422 ms bmm2=3.291 ms
DEBUG 04-24 11:11:22.639438.639438 cuda_h.py:27] end fused_group_bmm cost 8.476 ms
DEBUG 04-24 11:11:22.639112.639112 cuda_h.py:27] end gather_outputs_group_fused_mp cost 0.319 ms
DEBUG 04-24 11:11:22.639021.639021 cuda_h.py:27] end prepare_group_stack cost 13.502 ms
DEBUG 04-24 11:11:22.639373.639373 cuda_h.py:27] end cpu_experts_worker_bmm_or_einsum_2 cost 13.731 ms
DEBUG 04-24 11:11:22.645465.645465 mlpmodule.py:3373] [fused_group_bmm][steps] bmm1=6.762 ms split=0.096 ms act_mul=0.390 ms bmm2=4.831 ms
DEBUG 04-24 11:11:22.645322.645322 cuda_h.py:27] end fused_group_bmm cost 12.410 ms
DEBUG 04-24 11:11:22.646657.646657 mlpmodule.py:3373] [fused_group_bmm][steps] bmm1=7.041 ms split=0.117 ms act_mul=0.503 ms bmm2=4.282 ms
DEBUG 04-24 11:11:22.646645.646645 cuda_h.py:27] end fused_group_bmm cost 12.212 ms
DEBUG 04-24 11:11:22.646087.646087 cuda_h.py:27] end gather_outputs_group_fused_mp cost 0.411 ms
DEBUG 04-24 11:11:22.646569.646569 cuda_h.py:27] end gather_outputs_group_fused_mp cost 0.429 ms
DEBUG 04-24 11:11:22.646609.646609 cuda_h.py:27] end cpu_experts_worker_bmm_or_einsum_3 cost 20.660 ms
DEBUG 04-24 11:11:22.647926.647926 cuda_h.py:27] end cpu_experts_worker_bmm_or_einsum_1 cost 20.805 ms
DEBUG 04-24 11:11:22.647405.647405 cuda_h.py:27] end prepare_per_device_parameters cost 10.743 ms
DEBUG 04-24 11:11:22.654796.654796 cuda_h.py:27] end group stack cost 14.700 ms
DEBUG 04-24 11:11:22.654184.654184 cuda_h.py:27] end move_flatidxs_group_fused_mp cost 28.475 ms
DEBUG 04-24 11:11:22.654556.654556 cuda_h.py:27] end get_fused_experts_names_w cost 0.023 ms
DEBUG 04-24 11:11:22.655405.655405 cuda_h.py:27] end restore_fused_tensors cost 0.517 ms
DEBUG 04-24 11:11:22.655447.655447 cuda_h.py:27] end group_fused_tensors_mp cost 0.719 ms
DEBUG 04-24 11:11:22.661654.661654 mlpmodule.py:3373] [fused_group_bmm][steps] bmm1=3.690 ms split=0.067 ms act_mul=0.373 ms bmm2=1.701 ms
DEBUG 04-24 11:11:22.661884.661884 cuda_h.py:27] end fused_group_bmm cost 6.024 ms
DEBUG 04-24 11:11:22.662786.662786 cuda_h.py:27] end gather_outputs_group_fused_mp cost 0.372 ms
DEBUG 04-24 11:11:22.662886.662886 cuda_h.py:27] end cpu_experts_worker_bmm_or_einsum_0 cost 37.484 ms
DEBUG 04-24 11:11:22.663280.663280 cuda_h.py:27] end cpu_experts_scatter_reduce cost 0.828 ms
DEBUG 04-24 11:11:22.663959.663959 cuda_h.py:27] end cpu_thread_manager_mp_wait_fused cost 16.668 ms
DEBUG 04-24 11:11:22.665519.665519 cuda_h.py:27] end wait_experts_multi_device cost 1.633 ms
DEBUG 04-24 11:11:22.665084.665084 cuda_h.py:27] end *before fused experts* cost 40.313 ms
DEBUG 04-24 11:11:22.670691.670691 cuda_h.py:27] end gpu_experts_multi_device_fused cost 4.652 ms
DEBUG 04-24 11:11:22.670019.670019 cuda_h.py:27] end *gpu experts* cost 45.109 ms
DEBUG 04-24 11:11:22.670042.670042 cuda_h.py:27] end layer_moe_generate_mp_multi_device_fused_l_11 cost 47.954 ms
DEBUG 04-24 11:11:22.671000.671000 cuda_h.py:27] end *mlp cost 49.082 ms
DEBUG 04-24 11:11:22.671355.671355 cuda_h.py:27] end prefill_layer cost 51.934 ms
DEBUG 04-24 11:11:22.671257.671257 lmp.py:341] -------------------------------- end prefill layer 10 --------------------------------
DEBUG 04-24 11:11:22.672994.672994 lmp.py:294] -------------------------------- start prefill layer 11 --------------------------------
DEBUG 04-24 11:11:22.672401.672401 cuda_h.py:27] end start_load_qkvogn_s_weight_l_12 cost 0.049 ms
DEBUG 04-24 11:11:22.672698.672698 cuda_h.py:27] end allocate_cuda_memory cost 0.248 ms
DEBUG 04-24 11:11:22.672598.672598 sllm_store_c.py:27] get device uuid map
DEBUG 04-24 11:11:22.672916.672916 sllm_store_c.py:29] call client load into gpu
DEBUG 04-24 11:11:22.674470.674470 cuda_h.py:27] end load_into_gpu_async cost 2.116 ms
DEBUG 04-24 11:11:22.675231.675231 cuda_h.py:27] end restore_tensors2 cost 0.112 ms
DEBUG 04-24 11:11:22.675441.675441 cuda_h.py:27] end allocate_cuda_memory_and_load_into_gpu cost 3.098 ms
DEBUG 04-24 11:11:22.675146.675146 cuda_h.py:27] end **self_attn cost 2.446 ms
DEBUG 04-24 11:11:22.675109.675109 cuda_h.py:27] end *iln_self_attn_paln cost 3.771 ms
DEBUG 04-24 11:11:22.676173.676173 cuda_h.py:27] end gate cost 0.828 ms
DEBUG 04-24 11:11:22.677777.677777 cuda_h.py:27] end experts_map_get cost 0.465 ms
DEBUG 04-24 11:11:22.677344.677344 cuda_h.py:27] end *before experts start* cost 1.602 ms
DEBUG 04-24 11:11:22.678196.678196 cuda_h.py:27] end cpu_experts_submit_fused_mp cost 0.453 ms
DEBUG 04-24 11:11:22.680452.680452 cuda_h.py:27] end *single cpu experts* cost 2.520 ms
DEBUG 04-24 11:11:22.682065.682065 sllm_store_c.py:27] get device uuid map
DEBUG 04-24 11:11:22.682372.682372 cuda_h.py:27] end prepare_group_stack cost 2.055 ms
DEBUG 04-24 11:11:22.682717.682717 sllm_store_c.py:29] call client load into gpu
DEBUG 04-24 11:11:22.683685.683685 cuda_h.py:27] end prepare_group_stack cost 0.610 ms
DEBUG 04-24 11:11:22.683843.683843 cuda_h.py:27] end prepare_group_stack cost 0.635 ms
DEBUG 04-24 11:11:22.683551.683551 cuda_h.py:27] end prepare_group_stack cost 0.568 ms
DEBUG 04-24 11:11:22.683523.683523 cuda_h.py:27] end group stack cost 0.858 ms
DEBUG 04-24 11:11:22.684901.684901 cuda_h.py:27] end move_flatidxs_group_fused_mp cost 3.453 ms
DEBUG 04-24 11:11:22.684197.684197 cuda_h.py:27] end restore2model cost 0.578 ms
DEBUG 04-24 11:11:22.684523.684523 cuda_h.py:27] end get_fused_experts_names_w cost 0.024 ms
DEBUG 04-24 11:11:22.684786.684786 cuda_h.py:27] end sllm_worker_task cost 12.240 ms
DEBUG 04-24 11:11:22.684052.684052 cuda_h.py:27] end group stack cost 1.129 ms
DEBUG 04-24 11:11:22.684030.684030 cuda_h.py:27] end move_flatidxs_group_fused_mp cost 2.061 ms
DEBUG 04-24 11:11:22.684290.684290 cuda_h.py:27] end load_into_gpu_async_fused_experts_dual cost 2.167 ms
DEBUG 04-24 11:11:22.684320.684320 cuda_h.py:27] end group stack cost 1.177 ms
DEBUG 04-24 11:11:22.684704.684704 cuda_h.py:27] end get_fused_experts_names_w cost 0.024 ms
DEBUG 04-24 11:11:22.685156.685156 cuda_h.py:27] end restore_tensors2_fused_experts_packed cost 0.072 ms
DEBUG 04-24 11:11:22.685640.685640 cuda_h.py:27] end move_flatidxs_group_fused_mp cost 2.306 ms
DEBUG 04-24 11:11:22.685024.685024 cuda_h.py:27] end restore_fused_tensors cost 0.552 ms
DEBUG 04-24 11:11:22.685769.685769 cuda_h.py:27] end group_fused_tensors_mp cost 0.842 ms
DEBUG 04-24 11:11:22.685478.685478 cuda_h.py:27] end get_fused_experts_names_w cost 0.029 ms
DEBUG 04-24 11:11:22.685979.685979 cuda_h.py:27] end group stack cost 1.372 ms
DEBUG 04-24 11:11:22.685786.685786 cuda_h.py:27] end move_flatidxs_group_fused_mp cost 2.489 ms
DEBUG 04-24 11:11:22.685972.685972 cuda_h.py:27] end restore_tensors2_fused_experts_slices cost 0.342 ms
DEBUG 04-24 11:11:22.685679.685679 cuda_h.py:27] end get_fused_experts_names_w cost 0.021 ms
DEBUG 04-24 11:11:22.685010.685010 cuda_h.py:27] end allocate_experts_cuda_memory_and_restore_model_multi_device_fused cost 5.355 ms
DEBUG 04-24 11:11:22.685807.685807 cuda_h.py:27] end restore_fused_tensors cost 0.619 ms
DEBUG 04-24 11:11:22.685554.685554 cuda_h.py:27] end restore_fused_tensors cost 0.733 ms
DEBUG 04-24 11:11:22.686454.686454 cuda_h.py:27] end group_fused_tensors_mp cost 0.900 ms
DEBUG 04-24 11:11:22.686885.686885 cuda_h.py:27] end gpu_sexperts cost 0.010 ms
DEBUG 04-24 11:11:22.686131.686131 cuda_h.py:27] end group_fused_tensors_mp cost 1.106 ms
DEBUG 04-24 11:11:22.686317.686317 cuda_h.py:27] end wait_load_qkvogn_s_weight cost 0.033 ms
DEBUG 04-24 11:11:22.686109.686109 cuda_h.py:27] end restore_fused_tensors cost 0.585 ms
DEBUG 04-24 11:11:22.686727.686727 cuda_h.py:27] end group_fused_tensors_mp cost 1.043 ms
DEBUG 04-24 11:11:22.697802.697802 mlpmodule.py:3373] [fused_group_bmm][steps] bmm1=7.336 ms split=0.153 ms act_mul=0.475 ms bmm2=3.870 ms
DEBUG 04-24 11:11:22.697810.697810 cuda_h.py:27] end fused_group_bmm cost 12.121 ms
DEBUG 04-24 11:11:22.697568.697568 cuda_h.py:27] end gather_outputs_group_fused_mp cost 0.437 ms
DEBUG 04-24 11:11:22.699442.699442 cuda_h.py:27] end cpu_experts_worker_bmm_or_einsum_0 cost 19.227 ms
DEBUG 04-24 11:11:22.701368.701368 mlpmodule.py:3373] [fused_group_bmm][steps] bmm1=10.077 ms split=0.132 ms act_mul=0.391 ms bmm2=4.056 ms
DEBUG 04-24 11:11:22.701613.701613 cuda_h.py:27] end fused_group_bmm cost 14.866 ms
DEBUG 04-24 11:11:22.701500.701500 cuda_h.py:27] end gather_outputs_group_fused_mp cost 0.368 ms
DEBUG 04-24 11:11:22.702338.702338 cuda_h.py:27] end cpu_experts_worker_bmm_or_einsum_2 cost 20.310 ms
DEBUG 04-24 11:11:22.707690.707690 mlpmodule.py:3373] [fused_group_bmm][steps] bmm1=15.523 ms split=0.102 ms act_mul=0.457 ms bmm2=4.894 ms
DEBUG 04-24 11:11:22.707817.707817 cuda_h.py:27] end prepare_per_device_parameters cost 20.929 ms
DEBUG 04-24 11:11:22.707538.707538 cuda_h.py:27] end fused_group_bmm cost 21.211 ms
DEBUG 04-24 11:11:22.707865.707865 mlpmodule.py:3373] [fused_group_bmm][steps] bmm1=15.169 ms split=0.089 ms act_mul=0.338 ms bmm2=5.143 ms
DEBUG 04-24 11:11:22.707021.707021 cuda_h.py:27] end fused_group_bmm cost 21.079 ms
DEBUG 04-24 11:11:22.708503.708503 cuda_h.py:27] end gather_outputs_group_fused_mp cost 0.483 ms
DEBUG 04-24 11:11:22.708410.708410 cuda_h.py:27] end gather_outputs_group_fused_mp cost 0.358 ms
DEBUG 04-24 11:11:22.708005.708005 cuda_h.py:27] end cpu_experts_worker_bmm_or_einsum_1 cost 27.519 ms
DEBUG 04-24 11:11:22.708589.708589 cuda_h.py:27] end cpu_experts_worker_bmm_or_einsum_3 cost 26.151 ms
DEBUG 04-24 11:11:22.711138.711138 cuda_h.py:27] end cpu_experts_scatter_reduce cost 1.089 ms
DEBUG 04-24 11:11:22.711367.711367 cuda_h.py:27] end cpu_thread_manager_mp_wait_fused cost 3.597 ms
DEBUG 04-24 11:11:22.712008.712008 cuda_h.py:27] end wait_experts_multi_device cost 1.308 ms
DEBUG 04-24 11:11:22.712897.712897 cuda_h.py:27] end *before fused experts* cost 32.081 ms
DEBUG 04-24 11:11:22.716233.716233 cuda_h.py:27] end gpu_experts_multi_device_fused cost 4.074 ms
DEBUG 04-24 11:11:22.716004.716004 cuda_h.py:27] end *gpu experts* cost 36.268 ms
DEBUG 04-24 11:11:22.716960.716960 cuda_h.py:27] end layer_moe_generate_mp_multi_device_fused_l_12 cost 40.787 ms
DEBUG 04-24 11:11:22.718472.718472 cuda_h.py:27] end *mlp cost 42.219 ms
DEBUG 04-24 11:11:22.718587.718587 cuda_h.py:27] end prefill_layer cost 46.188 ms
DEBUG 04-24 11:11:22.718959.718959 lmp.py:341] -------------------------------- end prefill layer 11 --------------------------------
DEBUG 04-24 11:11:22.718027.718027 lmp.py:294] -------------------------------- start prefill layer 12 --------------------------------
DEBUG 04-24 11:11:22.718752.718752 cuda_h.py:27] end start_load_qkvogn_s_weight_l_13 cost 0.042 ms
DEBUG 04-24 11:11:22.719346.719346 cuda_h.py:27] end allocate_cuda_memory cost 0.200 ms
DEBUG 04-24 11:11:22.719450.719450 sllm_store_c.py:27] get device uuid map
DEBUG 04-24 11:11:22.719698.719698 sllm_store_c.py:29] call client load into gpu
DEBUG 04-24 11:11:22.720571.720571 cuda_h.py:27] end load_into_gpu_async cost 1.422 ms
DEBUG 04-24 11:11:22.720033.720033 cuda_h.py:27] end restore_tensors2 cost 0.096 ms
DEBUG 04-24 11:11:22.720753.720753 cuda_h.py:27] end allocate_cuda_memory_and_load_into_gpu cost 2.131 ms
DEBUG 04-24 11:11:22.721533.721533 cuda_h.py:27] end **self_attn cost 1.672 ms
DEBUG 04-24 11:11:22.721389.721389 cuda_h.py:27] end *iln_self_attn_paln cost 2.660 ms
DEBUG 04-24 11:11:22.721316.721316 cuda_h.py:27] end gate cost 0.510 ms
DEBUG 04-24 11:11:22.722348.722348 cuda_h.py:27] end experts_map_get cost 0.292 ms
DEBUG 04-24 11:11:22.722085.722085 cuda_h.py:27] end *before experts start* cost 0.947 ms
DEBUG 04-24 11:11:22.722364.722364 cuda_h.py:27] end cpu_experts_submit_fused_mp cost 0.213 ms
DEBUG 04-24 11:11:22.723900.723900 cuda_h.py:27] end *single cpu experts* cost 1.166 ms
DEBUG 04-24 11:11:22.726576.726576 sllm_store_c.py:27] get device uuid map
DEBUG 04-24 11:11:22.726390.726390 sllm_store_c.py:29] call client load into gpu
DEBUG 04-24 11:11:22.726662.726662 cuda_h.py:27] end prepare_group_stack cost 1.582 ms
DEBUG 04-24 11:11:22.726914.726914 cuda_h.py:27] end prepare_group_stack cost 1.547 ms
DEBUG 04-24 11:11:22.726928.726928 cuda_h.py:27] end prepare_group_stack cost 1.584 ms
DEBUG 04-24 11:11:22.726227.726227 cuda_h.py:27] end prepare_group_stack cost 1.545 ms
DEBUG 04-24 11:11:22.728079.728079 cuda_h.py:27] end group stack cost 1.229 ms
DEBUG 04-24 11:11:22.728472.728472 cuda_h.py:27] end group stack cost 1.290 ms
DEBUG 04-24 11:11:22.728658.728658 cuda_h.py:27] end move_flatidxs_group_fused_mp cost 3.282 ms
DEBUG 04-24 11:11:22.728983.728983 cuda_h.py:27] end group stack cost 1.495 ms
DEBUG 04-24 11:11:22.728491.728491 cuda_h.py:27] end get_fused_experts_names_w cost 0.026 ms
DEBUG 04-24 11:11:22.728776.728776 cuda_h.py:27] end move_flatidxs_group_fused_mp cost 3.578 ms
DEBUG 04-24 11:11:22.729727.729727 cuda_h.py:27] end group stack cost 1.779 ms
DEBUG 04-24 11:11:22.728365.728365 cuda_h.py:27] end move_flatidxs_group_fused_mp cost 3.527 ms
DEBUG 04-24 11:11:22.729903.729903 cuda_h.py:27] end get_fused_experts_names_w cost 0.028 ms
DEBUG 04-24 11:11:22.729393.729393 cuda_h.py:27] end get_fused_experts_names_w cost 0.021 ms
DEBUG 04-24 11:11:22.729631.729631 cuda_h.py:27] end move_flatidxs_group_fused_mp cost 3.805 ms
DEBUG 04-24 11:11:22.729300.729300 cuda_h.py:27] end get_fused_experts_names_w cost 0.023 ms
DEBUG 04-24 11:11:22.729360.729360 cuda_h.py:27] end restore2model cost 0.852 ms
DEBUG 04-24 11:11:22.729607.729607 cuda_h.py:27] end restore_fused_tensors cost 0.701 ms
DEBUG 04-24 11:11:22.729754.729754 cuda_h.py:27] end sllm_worker_task cost 11.051 ms
DEBUG 04-24 11:11:22.729582.729582 cuda_h.py:27] end restore_fused_tensors cost 0.564 ms
DEBUG 04-24 11:11:22.729132.729132 cuda_h.py:27] end group_fused_tensors_mp cost 0.994 ms
DEBUG 04-24 11:11:22.729163.729163 cuda_h.py:27] end restore_fused_tensors cost 0.719 ms
DEBUG 04-24 11:11:22.729922.729922 cuda_h.py:27] end load_into_gpu_async_fused_experts_dual cost 3.435 ms
DEBUG 04-24 11:11:22.730224.730224 cuda_h.py:27] end group_fused_tensors_mp cost 0.918 ms
DEBUG 04-24 11:11:22.730728.730728 cuda_h.py:27] end group_fused_tensors_mp cost 0.958 ms
DEBUG 04-24 11:11:22.730319.730319 cuda_h.py:27] end restore_fused_tensors cost 0.657 ms
DEBUG 04-24 11:11:22.730717.730717 cuda_h.py:27] end restore_tensors2_fused_experts_packed cost 0.059 ms
DEBUG 04-24 11:11:22.730064.730064 cuda_h.py:27] end group_fused_tensors_mp cost 0.907 ms
DEBUG 04-24 11:11:22.730423.730423 cuda_h.py:27] end restore_tensors2_fused_experts_slices cost 0.426 ms
DEBUG 04-24 11:11:22.730634.730634 cuda_h.py:27] end allocate_experts_cuda_memory_and_restore_model_multi_device_fused cost 7.418 ms
DEBUG 04-24 11:11:22.731803.731803 cuda_h.py:27] end gpu_sexperts cost 0.010 ms
DEBUG 04-24 11:11:22.731558.731558 cuda_h.py:27] end wait_load_qkvogn_s_weight cost 0.098 ms
DEBUG 04-24 11:11:22.745118.745118 mlpmodule.py:3373] [fused_group_bmm][steps] bmm1=9.928 ms split=0.092 ms act_mul=0.531 ms bmm2=4.926 ms
DEBUG 04-24 11:11:22.745942.745942 mlpmodule.py:3373] [fused_group_bmm][steps] bmm1=9.950 ms split=0.086 ms act_mul=0.450 ms bmm2=4.949 ms
DEBUG 04-24 11:11:22.745861.745861 cuda_h.py:27] end fused_group_bmm cost 15.746 ms
DEBUG 04-24 11:11:22.745174.745174 cuda_h.py:27] end fused_group_bmm cost 15.673 ms
DEBUG 04-24 11:11:22.746670.746670 cuda_h.py:27] end gather_outputs_group_fused_mp cost 0.368 ms
DEBUG 04-24 11:11:22.746288.746288 cuda_h.py:27] end gather_outputs_group_fused_mp cost 0.389 ms
DEBUG 04-24 11:11:22.747066.747066 cuda_h.py:27] end cpu_experts_worker_bmm_or_einsum_0 cost 22.867 ms
DEBUG 04-24 11:11:22.747060.747060 cuda_h.py:27] end cpu_experts_worker_bmm_or_einsum_2 cost 22.904 ms
DEBUG 04-24 11:11:22.747020.747020 mlpmodule.py:3373] [fused_group_bmm][steps] bmm1=13.198 ms split=0.240 ms act_mul=0.453 ms bmm2=3.298 ms
DEBUG 04-24 11:11:22.747628.747628 cuda_h.py:27] end fused_group_bmm cost 17.578 ms
DEBUG 04-24 11:11:22.748730.748730 cuda_h.py:27] end gather_outputs_group_fused_mp cost 0.612 ms
DEBUG 04-24 11:11:22.748035.748035 cuda_h.py:27] end cpu_experts_worker_bmm_or_einsum_3 cost 24.526 ms
DEBUG 04-24 11:11:22.749117.749117 mlpmodule.py:3373] [fused_group_bmm][steps] bmm1=14.086 ms split=0.274 ms act_mul=0.861 ms bmm2=4.305 ms
DEBUG 04-24 11:11:22.750886.750886 cuda_h.py:27] end fused_group_bmm cost 19.775 ms
DEBUG 04-24 11:11:22.750152.750152 cuda_h.py:27] end prepare_per_device_parameters cost 18.286 ms
DEBUG 04-24 11:11:22.750710.750710 cuda_h.py:27] end gather_outputs_group_fused_mp cost 0.454 ms
DEBUG 04-24 11:11:22.751398.751398 cuda_h.py:27] end cpu_experts_worker_bmm_or_einsum_1 cost 27.042 ms
DEBUG 04-24 11:11:22.753701.753701 cuda_h.py:27] end cpu_experts_scatter_reduce cost 0.743 ms
DEBUG 04-24 11:11:22.753055.753055 cuda_h.py:27] end cpu_thread_manager_mp_wait_fused cost 2.719 ms
DEBUG 04-24 11:11:22.755798.755798 cuda_h.py:27] end wait_experts_multi_device cost 2.579 ms
DEBUG 04-24 11:11:22.755072.755072 cuda_h.py:27] end *before fused experts* cost 32.376 ms
DEBUG 04-24 11:11:22.760606.760606 cuda_h.py:27] end gpu_experts_multi_device_fused cost 4.638 ms
DEBUG 04-24 11:11:22.760423.760423 cuda_h.py:27] end *gpu experts* cost 37.129 ms
DEBUG 04-24 11:11:22.760041.760041 cuda_h.py:27] end layer_moe_generate_mp_multi_device_fused_l_13 cost 39.396 ms
DEBUG 04-24 11:11:22.762490.762490 cuda_h.py:27] end *mlp cost 40.746 ms
DEBUG 04-24 11:11:22.762209.762209 cuda_h.py:27] end prefill_layer cost 43.602 ms
DEBUG 04-24 11:11:22.762058.762058 lmp.py:341] -------------------------------- end prefill layer 12 --------------------------------
DEBUG 04-24 11:11:22.762565.762565 lmp.py:294] -------------------------------- start prefill layer 13 --------------------------------
DEBUG 04-24 11:11:22.762905.762905 cuda_h.py:27] end start_load_qkvogn_s_weight_l_14 cost 0.040 ms
DEBUG 04-24 11:11:22.762003.762003 cuda_h.py:27] end allocate_cuda_memory cost 0.218 ms
DEBUG 04-24 11:11:22.763207.763207 sllm_store_c.py:27] get device uuid map
DEBUG 04-24 11:11:22.763945.763945 sllm_store_c.py:29] call client load into gpu
DEBUG 04-24 11:11:22.764133.764133 cuda_h.py:27] end load_into_gpu_async cost 1.559 ms
DEBUG 04-24 11:11:22.764179.764179 cuda_h.py:27] end restore_tensors2 cost 0.094 ms
DEBUG 04-24 11:11:22.764591.764591 cuda_h.py:27] end **self_attn cost 1.573 ms
DEBUG 04-24 11:11:22.765082.765082 cuda_h.py:27] end allocate_cuda_memory_and_load_into_gpu cost 2.428 ms
DEBUG 04-24 11:11:22.765206.765206 cuda_h.py:27] end *iln_self_attn_paln cost 2.901 ms
DEBUG 04-24 11:11:22.766795.766795 cuda_h.py:27] end gate cost 0.503 ms
DEBUG 04-24 11:11:22.766158.766158 cuda_h.py:27] end experts_map_get cost 0.290 ms
DEBUG 04-24 11:11:22.766895.766895 cuda_h.py:27] end *before experts start* cost 0.938 ms
DEBUG 04-24 11:11:22.766651.766651 cuda_h.py:27] end cpu_experts_submit_fused_mp cost 0.213 ms
DEBUG 04-24 11:11:22.767239.767239 cuda_h.py:27] end *single cpu experts* cost 1.134 ms
DEBUG 04-24 11:11:22.770258.770258 cuda_h.py:27] end prepare_group_stack cost 1.452 ms
DEBUG 04-24 11:11:22.770286.770286 sllm_store_c.py:27] get device uuid map
DEBUG 04-24 11:11:22.770729.770729 cuda_h.py:27] end prepare_group_stack cost 1.501 ms
DEBUG 04-24 11:11:22.770882.770882 cuda_h.py:27] end prepare_group_stack cost 1.425 ms
DEBUG 04-24 11:11:22.770249.770249 sllm_store_c.py:29] call client load into gpu
DEBUG 04-24 11:11:22.771597.771597 cuda_h.py:27] end prepare_group_stack cost 0.502 ms
DEBUG 04-24 11:11:22.771060.771060 cuda_h.py:27] end group stack cost 0.933 ms
DEBUG 04-24 11:11:22.771566.771566 cuda_h.py:27] end move_flatidxs_group_fused_mp cost 2.572 ms
DEBUG 04-24 11:11:22.771516.771516 cuda_h.py:27] end group stack cost 1.029 ms
DEBUG 04-24 11:11:22.772173.772173 cuda_h.py:27] end get_fused_experts_names_w cost 0.022 ms
DEBUG 04-24 11:11:22.772591.772591 cuda_h.py:27] end move_flatidxs_group_fused_mp cost 2.929 ms
DEBUG 04-24 11:11:22.772286.772286 cuda_h.py:27] end get_fused_experts_names_w cost 0.027 ms
DEBUG 04-24 11:11:22.772072.772072 cuda_h.py:27] end group stack cost 1.290 ms
DEBUG 04-24 11:11:22.772755.772755 cuda_h.py:27] end move_flatidxs_group_fused_mp cost 3.392 ms
DEBUG 04-24 11:11:22.772740.772740 cuda_h.py:27] end get_fused_experts_names_w cost 0.022 ms
DEBUG 04-24 11:11:22.772854.772854 cuda_h.py:27] end restore_fused_tensors cost 0.597 ms
DEBUG 04-24 11:11:22.773534.773534 cuda_h.py:27] end group_fused_tensors_mp cost 0.923 ms
DEBUG 04-24 11:11:22.773348.773348 cuda_h.py:27] end group stack cost 1.557 ms
DEBUG 04-24 11:11:22.773390.773390 cuda_h.py:27] end restore_fused_tensors cost 0.610 ms
DEBUG 04-24 11:11:22.773236.773236 cuda_h.py:27] end group_fused_tensors_mp cost 0.907 ms
DEBUG 04-24 11:11:22.773117.773117 cuda_h.py:27] end move_flatidxs_group_fused_mp cost 2.418 ms
DEBUG 04-24 11:11:22.773196.773196 cuda_h.py:27] end get_fused_experts_names_w cost 0.023 ms
DEBUG 04-24 11:11:22.773929.773929 cuda_h.py:27] end restore_fused_tensors cost 0.549 ms
DEBUG 04-24 11:11:22.773594.773594 cuda_h.py:27] end group_fused_tensors_mp cost 0.797 ms
DEBUG 04-24 11:11:22.773460.773460 cuda_h.py:27] end restore2model cost 0.907 ms
DEBUG 04-24 11:11:22.774513.774513 cuda_h.py:27] end restore_fused_tensors cost 0.782 ms
DEBUG 04-24 11:11:22.774097.774097 cuda_h.py:27] end load_into_gpu_async_fused_experts_dual cost 3.433 ms
DEBUG 04-24 11:11:22.774013.774013 cuda_h.py:27] end group_fused_tensors_mp cost 1.086 ms
DEBUG 04-24 11:11:22.774359.774359 cuda_h.py:27] end sllm_worker_task cost 11.670 ms
DEBUG 04-24 11:11:22.774198.774198 cuda_h.py:27] end restore_tensors2_fused_experts_packed cost 0.156 ms
DEBUG 04-24 11:11:22.776890.776890 cuda_h.py:27] end restore_tensors2_fused_experts_slices cost 0.958 ms
DEBUG 04-24 11:11:22.776729.776729 cuda_h.py:27] end allocate_experts_cuda_memory_and_restore_model_multi_device_fused cost 9.226 ms
DEBUG 04-24 11:11:22.777367.777367 cuda_h.py:27] end gpu_sexperts cost 0.027 ms
DEBUG 04-24 11:11:22.778866.778866 cuda_h.py:27] end wait_load_qkvogn_s_weight cost 0.072 ms
DEBUG 04-24 11:11:22.789740.789740 mlpmodule.py:3373] [fused_group_bmm][steps] bmm1=9.409 ms split=0.100 ms act_mul=0.607 ms bmm2=5.338 ms
DEBUG 04-24 11:11:22.789324.789324 mlpmodule.py:3373] [fused_group_bmm][steps] bmm1=10.213 ms split=0.075 ms act_mul=0.382 ms bmm2=5.530 ms
DEBUG 04-24 11:11:22.789119.789119 cuda_h.py:27] end fused_group_bmm cost 15.740 ms
DEBUG 04-24 11:11:22.789848.789848 cuda_h.py:27] end fused_group_bmm cost 16.481 ms
DEBUG 04-24 11:11:22.790386.790386 cuda_h.py:27] end gather_outputs_group_fused_mp cost 0.398 ms
DEBUG 04-24 11:11:22.790485.790485 cuda_h.py:27] end gather_outputs_group_fused_mp cost 0.391 ms
DEBUG 04-24 11:11:22.790709.790709 mlpmodule.py:3373] [fused_group_bmm][steps] bmm1=11.250 ms split=0.247 ms act_mul=0.662 ms bmm2=4.838 ms
DEBUG 04-24 11:11:22.790549.790549 cuda_h.py:27] end fused_group_bmm cost 17.594 ms
DEBUG 04-24 11:11:22.791645.791645 cuda_h.py:27] end cpu_experts_worker_bmm_or_einsum_2 cost 22.781 ms
DEBUG 04-24 11:11:22.791634.791634 cuda_h.py:27] end cpu_experts_worker_bmm_or_einsum_0 cost 22.861 ms
DEBUG 04-24 11:11:22.791270.791270 cuda_h.py:27] end gather_outputs_group_fused_mp cost 0.817 ms
DEBUG 04-24 11:11:22.793970.793970 cuda_h.py:27] end cpu_experts_worker_bmm_or_einsum_1 cost 24.790 ms
DEBUG 04-24 11:11:22.793686.793686 mlpmodule.py:3373] [fused_group_bmm][steps] bmm1=13.013 ms split=0.271 ms act_mul=0.660 ms bmm2=4.384 ms
DEBUG 04-24 11:11:22.793225.793225 cuda_h.py:27] end fused_group_bmm cost 18.825 ms
DEBUG 04-24 11:11:22.793808.793808 cuda_h.py:27] end gather_outputs_group_fused_mp cost 0.351 ms
DEBUG 04-24 11:11:22.794961.794961 cuda_h.py:27] end cpu_experts_worker_bmm_or_einsum_3 cost 25.148 ms
DEBUG 04-24 11:11:22.795218.795218 cuda_h.py:27] end prepare_per_device_parameters cost 17.059 ms
DEBUG 04-24 11:11:22.797327.797327 cuda_h.py:27] end cpu_experts_scatter_reduce cost 0.742 ms
DEBUG 04-24 11:11:22.797449.797449 cuda_h.py:27] end cpu_thread_manager_mp_wait_fused cost 2.440 ms
DEBUG 04-24 11:11:22.799521.799521 cuda_h.py:27] end wait_experts_multi_device cost 1.310 ms
DEBUG 04-24 11:11:22.799940.799940 cuda_h.py:27] end *before fused experts* cost 31.571 ms
DEBUG 04-24 11:11:22.803125.803125 cuda_h.py:27] end gpu_experts_multi_device_fused cost 4.485 ms
DEBUG 04-24 11:11:22.803902.803902 cuda_h.py:27] end *gpu experts* cost 36.178 ms
DEBUG 04-24 11:11:22.803044.803044 cuda_h.py:27] end layer_moe_generate_mp_multi_device_fused_l_14 cost 38.407 ms
DEBUG 04-24 11:11:22.805367.805367 cuda_h.py:27] end *mlp cost 39.768 ms
DEBUG 04-24 11:11:22.805278.805278 cuda_h.py:27] end prefill_layer cost 42.870 ms
DEBUG 04-24 11:11:22.805412.805412 lmp.py:341] -------------------------------- end prefill layer 13 --------------------------------
DEBUG 04-24 11:11:22.805124.805124 lmp.py:294] -------------------------------- start prefill layer 14 --------------------------------
DEBUG 04-24 11:11:22.805326.805326 cuda_h.py:27] end start_load_qkvogn_s_weight_l_15 cost 0.043 ms
DEBUG 04-24 11:11:22.806940.806940 cuda_h.py:27] end allocate_cuda_memory cost 0.215 ms
DEBUG 04-24 11:11:22.806826.806826 sllm_store_c.py:27] get device uuid map
DEBUG 04-24 11:11:22.806513.806513 sllm_store_c.py:29] call client load into gpu
DEBUG 04-24 11:11:22.807149.807149 cuda_h.py:27] end load_into_gpu_async cost 1.536 ms
DEBUG 04-24 11:11:22.808281.808281 cuda_h.py:27] end restore_tensors2 cost 0.095 ms
DEBUG 04-24 11:11:22.808885.808885 cuda_h.py:27] end **self_attn cost 1.522 ms
DEBUG 04-24 11:11:22.808691.808691 cuda_h.py:27] end allocate_cuda_memory_and_load_into_gpu cost 2.321 ms
DEBUG 04-24 11:11:22.808987.808987 cuda_h.py:27] end *iln_self_attn_paln cost 2.783 ms
DEBUG 04-24 11:11:22.809881.809881 cuda_h.py:27] end gate cost 0.509 ms
DEBUG 04-24 11:11:22.809297.809297 cuda_h.py:27] end experts_map_get cost 0.288 ms
DEBUG 04-24 11:11:22.809809.809809 cuda_h.py:27] end *before experts start* cost 0.958 ms
DEBUG 04-24 11:11:22.809950.809950 cuda_h.py:27] end cpu_experts_submit_fused_mp cost 0.215 ms
DEBUG 04-24 11:11:22.810034.810034 cuda_h.py:27] end *single cpu experts* cost 1.151 ms
DEBUG 04-24 11:11:22.814022.814022 sllm_store_c.py:27] get device uuid map
DEBUG 04-24 11:11:22.815611.815611 sllm_store_c.py:29] call client load into gpu
DEBUG 04-24 11:11:22.815558.815558 cuda_h.py:27] end prepare_group_stack cost 2.716 ms
DEBUG 04-24 11:11:22.815943.815943 cuda_h.py:27] end prepare_group_stack cost 2.705 ms
DEBUG 04-24 11:11:22.815581.815581 cuda_h.py:27] end prepare_group_stack cost 2.790 ms
DEBUG 04-24 11:11:22.815092.815092 cuda_h.py:27] end prepare_group_stack cost 2.736 ms
DEBUG 04-24 11:11:22.816279.816279 cuda_h.py:27] end group stack cost 0.682 ms
DEBUG 04-24 11:11:22.816554.816554 cuda_h.py:27] end move_flatidxs_group_fused_mp cost 3.621 ms
DEBUG 04-24 11:11:22.816354.816354 cuda_h.py:27] end get_fused_experts_names_w cost 0.024 ms
DEBUG 04-24 11:11:22.816503.816503 cuda_h.py:27] end group stack cost 0.902 ms
DEBUG 04-24 11:11:22.816458.816458 cuda_h.py:27] end group stack cost 1.251 ms
DEBUG 04-24 11:11:22.816493.816493 cuda_h.py:27] end move_flatidxs_group_fused_mp cost 4.145 ms
DEBUG 04-24 11:11:22.816488.816488 cuda_h.py:27] end move_flatidxs_group_fused_mp cost 4.140 ms
DEBUG 04-24 11:11:22.816831.816831 cuda_h.py:27] end get_fused_experts_names_w cost 0.023 ms
DEBUG 04-24 11:11:22.816348.816348 cuda_h.py:27] end get_fused_experts_names_w cost 0.022 ms
DEBUG 04-24 11:11:22.817455.817455 cuda_h.py:27] end group stack cost 1.410 ms
DEBUG 04-24 11:11:22.817443.817443 cuda_h.py:27] end restore_fused_tensors cost 0.539 ms
DEBUG 04-24 11:11:22.817016.817016 cuda_h.py:27] end group_fused_tensors_mp cost 0.834 ms
DEBUG 04-24 11:11:22.817368.817368 cuda_h.py:27] end move_flatidxs_group_fused_mp cost 4.679 ms
DEBUG 04-24 11:11:22.817950.817950 cuda_h.py:27] end get_fused_experts_names_w cost 0.021 ms
DEBUG 04-24 11:11:22.817865.817865 cuda_h.py:27] end restore_fused_tensors cost 0.617 ms
DEBUG 04-24 11:11:22.817070.817070 cuda_h.py:27] end restore_fused_tensors cost 0.610 ms
DEBUG 04-24 11:11:22.817657.817657 cuda_h.py:27] end group_fused_tensors_mp cost 0.959 ms
DEBUG 04-24 11:11:22.818116.818116 cuda_h.py:27] end group_fused_tensors_mp cost 1.211 ms
DEBUG 04-24 11:11:22.818867.818867 cuda_h.py:27] end restore_fused_tensors cost 0.525 ms
DEBUG 04-24 11:11:22.818189.818189 cuda_h.py:27] end group_fused_tensors_mp cost 0.832 ms
DEBUG 04-24 11:11:22.819005.819005 cuda_h.py:27] end load_into_gpu_async_fused_experts_dual cost 4.295 ms
DEBUG 04-24 11:11:22.819860.819860 cuda_h.py:27] end restore_tensors2_fused_experts_packed cost 0.250 ms
DEBUG 04-24 11:11:22.820618.820618 cuda_h.py:27] end restore2model cost 2.541 ms
DEBUG 04-24 11:11:22.821648.821648 cuda_h.py:27] end restore_tensors2_fused_experts_slices cost 0.977 ms
DEBUG 04-24 11:11:22.821068.821068 cuda_h.py:27] end sllm_worker_task cost 15.539 ms
DEBUG 04-24 11:11:22.822935.822935 cuda_h.py:27] end allocate_experts_cuda_memory_and_restore_model_multi_device_fused cost 11.190 ms
DEBUG 04-24 11:11:22.822953.822953 cuda_h.py:27] end gpu_sexperts cost 0.022 ms
DEBUG 04-24 11:11:22.822851.822851 cuda_h.py:27] end wait_load_qkvogn_s_weight cost 0.038 ms
DEBUG 04-24 11:11:22.832041.832041 mlpmodule.py:3373] [fused_group_bmm][steps] bmm1=9.387 ms split=0.104 ms act_mul=0.380 ms bmm2=4.830 ms
DEBUG 04-24 11:11:22.832564.832564 mlpmodule.py:3373] [fused_group_bmm][steps] bmm1=8.727 ms split=0.115 ms act_mul=0.419 ms bmm2=4.549 ms
DEBUG 04-24 11:11:22.832295.832295 cuda_h.py:27] end fused_group_bmm cost 14.993 ms
DEBUG 04-24 11:11:22.832785.832785 cuda_h.py:27] end fused_group_bmm cost 14.119 ms
DEBUG 04-24 11:11:22.833144.833144 cuda_h.py:27] end gather_outputs_group_fused_mp cost 0.399 ms
DEBUG 04-24 11:11:22.833535.833535 cuda_h.py:27] end gather_outputs_group_fused_mp cost 0.413 ms
DEBUG 04-24 11:11:22.834880.834880 cuda_h.py:27] end cpu_experts_worker_bmm_or_einsum_2 cost 22.545 ms
DEBUG 04-24 11:11:22.834255.834255 cuda_h.py:27] end cpu_experts_worker_bmm_or_einsum_0 cost 22.690 ms
DEBUG 04-24 11:11:22.836601.836601 mlpmodule.py:3373] [fused_group_bmm][steps] bmm1=12.632 ms split=0.145 ms act_mul=0.434 ms bmm2=4.718 ms
DEBUG 04-24 11:11:22.836554.836554 cuda_h.py:27] end fused_group_bmm cost 18.146 ms
DEBUG 04-24 11:11:22.836955.836955 mlpmodule.py:3373] [fused_group_bmm][steps] bmm1=13.097 ms split=0.153 ms act_mul=0.430 ms bmm2=4.913 ms
DEBUG 04-24 11:11:22.837250.837250 cuda_h.py:27] end fused_group_bmm cost 18.950 ms
DEBUG 04-24 11:11:22.837899.837899 cuda_h.py:27] end gather_outputs_group_fused_mp cost 0.354 ms
DEBUG 04-24 11:11:22.837204.837204 cuda_h.py:27] end cpu_experts_worker_bmm_or_einsum_3 cost 26.268 ms
DEBUG 04-24 11:11:22.837476.837476 cuda_h.py:27] end gather_outputs_group_fused_mp cost 0.433 ms
DEBUG 04-24 11:11:22.838342.838342 cuda_h.py:27] end cpu_experts_worker_bmm_or_einsum_1 cost 26.839 ms
DEBUG 04-24 11:11:22.840733.840733 cuda_h.py:27] end prepare_per_device_parameters cost 17.389 ms
DEBUG 04-24 11:11:22.842304.842304 cuda_h.py:27] end cpu_experts_scatter_reduce cost 0.746 ms
DEBUG 04-24 11:11:22.842089.842089 cuda_h.py:27] end cpu_thread_manager_mp_wait_fused cost 2.006 ms
DEBUG 04-24 11:11:22.844784.844784 cuda_h.py:27] end wait_experts_multi_device cost 1.349 ms
DEBUG 04-24 11:11:22.844157.844157 cuda_h.py:27] end *before fused experts* cost 33.288 ms
DEBUG 04-24 11:11:22.848762.848762 cuda_h.py:27] end gpu_experts_multi_device_fused cost 4.374 ms
DEBUG 04-24 11:11:22.848149.848149 cuda_h.py:27] end *gpu experts* cost 37.776 ms
DEBUG 04-24 11:11:22.848244.848244 cuda_h.py:27] end layer_moe_generate_mp_multi_device_fused_l_15 cost 40.042 ms
DEBUG 04-24 11:11:22.849790.849790 cuda_h.py:27] end *mlp cost 41.321 ms
DEBUG 04-24 11:11:22.850462.850462 cuda_h.py:27] end prefill_layer cost 44.314 ms
DEBUG 04-24 11:11:22.850311.850311 lmp.py:341] -------------------------------- end prefill layer 14 --------------------------------
DEBUG 04-24 11:11:22.850085.850085 lmp.py:294] -------------------------------- start prefill layer 15 --------------------------------
DEBUG 04-24 11:11:22.850008.850008 cuda_h.py:27] end start_load_qkvogn_s_weight_l_16 cost 0.044 ms
DEBUG 04-24 11:11:22.850562.850562 cuda_h.py:27] end allocate_cuda_memory cost 0.207 ms
DEBUG 04-24 11:11:22.851905.851905 sllm_store_c.py:27] get device uuid map
DEBUG 04-24 11:11:22.851261.851261 sllm_store_c.py:29] call client load into gpu
DEBUG 04-24 11:11:22.852377.852377 cuda_h.py:27] end load_into_gpu_async cost 1.435 ms
DEBUG 04-24 11:11:22.852395.852395 cuda_h.py:27] end restore_tensors2 cost 0.098 ms
DEBUG 04-24 11:11:22.852416.852416 cuda_h.py:27] end **self_attn cost 1.573 ms
DEBUG 04-24 11:11:22.852894.852894 cuda_h.py:27] end allocate_cuda_memory_and_load_into_gpu cost 2.253 ms
DEBUG 04-24 11:11:22.853972.853972 cuda_h.py:27] end *iln_self_attn_paln cost 2.728 ms
DEBUG 04-24 11:11:22.853760.853760 cuda_h.py:27] end gate cost 0.510 ms
DEBUG 04-24 11:11:22.854693.854693 cuda_h.py:27] end experts_map_get cost 0.287 ms
DEBUG 04-24 11:11:22.854145.854145 cuda_h.py:27] end *before experts start* cost 0.944 ms
DEBUG 04-24 11:11:22.854663.854663 cuda_h.py:27] end cpu_experts_submit_fused_mp cost 0.213 ms
DEBUG 04-24 11:11:22.855449.855449 cuda_h.py:27] end *single cpu experts* cost 1.140 ms
DEBUG 04-24 11:11:22.858700.858700 sllm_store_c.py:27] get device uuid map
DEBUG 04-24 11:11:22.858015.858015 sllm_store_c.py:29] call client load into gpu
DEBUG 04-24 11:11:22.858241.858241 cuda_h.py:27] end prepare_group_stack cost 0.990 ms
DEBUG 04-24 11:11:22.858778.858778 cuda_h.py:27] end prepare_group_stack cost 1.074 ms
DEBUG 04-24 11:11:22.858534.858534 cuda_h.py:27] end prepare_group_stack cost 0.997 ms
DEBUG 04-24 11:11:22.858666.858666 cuda_h.py:27] end prepare_group_stack cost 1.059 ms
DEBUG 04-24 11:11:22.859909.859909 cuda_h.py:27] end group stack cost 1.121 ms
DEBUG 04-24 11:11:22.859129.859129 cuda_h.py:27] end group stack cost 1.193 ms
DEBUG 04-24 11:11:22.859866.859866 cuda_h.py:27] end move_flatidxs_group_fused_mp cost 2.736 ms
DEBUG 04-24 11:11:22.859396.859396 cuda_h.py:27] end group stack cost 1.217 ms
DEBUG 04-24 11:11:22.860901.860901 cuda_h.py:27] end move_flatidxs_group_fused_mp cost 2.725 ms
DEBUG 04-24 11:11:22.860478.860478 cuda_h.py:27] end get_fused_experts_names_w cost 0.027 ms
DEBUG 04-24 11:11:22.860319.860319 cuda_h.py:27] end group stack cost 1.290 ms
DEBUG 04-24 11:11:22.860399.860399 cuda_h.py:27] end move_flatidxs_group_fused_mp cost 2.916 ms
DEBUG 04-24 11:11:22.860896.860896 cuda_h.py:27] end get_fused_experts_names_w cost 0.026 ms
DEBUG 04-24 11:11:22.860060.860060 cuda_h.py:27] end get_fused_experts_names_w cost 0.021 ms
DEBUG 04-24 11:11:22.860577.860577 cuda_h.py:27] end move_flatidxs_group_fused_mp cost 3.161 ms
DEBUG 04-24 11:11:22.860853.860853 cuda_h.py:27] end get_fused_experts_names_w cost 0.023 ms
DEBUG 04-24 11:11:22.861281.861281 cuda_h.py:27] end restore_fused_tensors cost 0.703 ms
DEBUG 04-24 11:11:22.861427.861427 cuda_h.py:27] end restore_fused_tensors cost 0.667 ms
DEBUG 04-24 11:11:22.861699.861699 cuda_h.py:27] end restore_fused_tensors cost 0.585 ms
DEBUG 04-24 11:11:22.861515.861515 cuda_h.py:27] end group_fused_tensors_mp cost 0.937 ms
DEBUG 04-24 11:11:22.861045.861045 cuda_h.py:27] end group_fused_tensors_mp cost 0.912 ms
DEBUG 04-24 11:11:22.861681.861681 cuda_h.py:27] end group_fused_tensors_mp cost 0.764 ms
DEBUG 04-24 11:11:22.861557.861557 cuda_h.py:27] end restore_fused_tensors cost 0.552 ms
DEBUG 04-24 11:11:22.861668.861668 cuda_h.py:27] end load_into_gpu_async_fused_experts_dual cost 3.208 ms
DEBUG 04-24 11:11:22.861170.861170 cuda_h.py:27] end group_fused_tensors_mp cost 0.997 ms
DEBUG 04-24 11:11:22.861194.861194 cuda_h.py:27] end restore2model cost 0.994 ms
DEBUG 04-24 11:11:22.861895.861895 cuda_h.py:27] end restore_tensors2_fused_experts_packed cost 0.061 ms
DEBUG 04-24 11:11:22.861389.861389 cuda_h.py:27] end sllm_worker_task cost 11.080 ms
DEBUG 04-24 11:11:22.862317.862317 cuda_h.py:27] end restore_tensors2_fused_experts_slices cost 0.280 ms
DEBUG 04-24 11:11:22.862286.862286 cuda_h.py:27] end allocate_experts_cuda_memory_and_restore_model_multi_device_fused cost 7.301 ms
DEBUG 04-24 11:11:22.863607.863607 cuda_h.py:27] end gpu_sexperts cost 0.023 ms
DEBUG 04-24 11:11:22.863281.863281 cuda_h.py:27] end wait_load_qkvogn_s_weight cost 0.059 ms
DEBUG 04-24 11:11:22.876506.876506 mlpmodule.py:3373] [fused_group_bmm][steps] bmm1=9.435 ms split=0.098 ms act_mul=0.386 ms bmm2=5.444 ms
DEBUG 04-24 11:11:22.876687.876687 cuda_h.py:27] end fused_group_bmm cost 15.683 ms
DEBUG 04-24 11:11:22.876896.876896 mlpmodule.py:3373] [fused_group_bmm][steps] bmm1=9.597 ms split=0.077 ms act_mul=0.492 ms bmm2=5.402 ms
DEBUG 04-24 11:11:22.877658.877658 cuda_h.py:27] end fused_group_bmm cost 15.813 ms
DEBUG 04-24 11:11:22.877252.877252 cuda_h.py:27] end gather_outputs_group_fused_mp cost 0.407 ms
DEBUG 04-24 11:11:22.877189.877189 cuda_h.py:27] end gather_outputs_group_fused_mp cost 0.381 ms
DEBUG 04-24 11:11:22.878914.878914 cuda_h.py:27] end cpu_experts_worker_bmm_or_einsum_2 cost 22.300 ms
DEBUG 04-24 11:11:22.878521.878521 cuda_h.py:27] end cpu_experts_worker_bmm_or_einsum_0 cost 22.437 ms
DEBUG 04-24 11:11:22.878300.878300 mlpmodule.py:3373] [fused_group_bmm][steps] bmm1=10.246 ms split=0.094 ms act_mul=0.333 ms bmm2=6.164 ms
DEBUG 04-24 11:11:22.879459.879459 cuda_h.py:27] end fused_group_bmm cost 17.270 ms
DEBUG 04-24 11:11:22.878900.878900 mlpmodule.py:3373] [fused_group_bmm][steps] bmm1=10.536 ms split=0.089 ms act_mul=1.048 ms bmm2=5.704 ms
DEBUG 04-24 11:11:22.879387.879387 cuda_h.py:27] end fused_group_bmm cost 17.696 ms
DEBUG 04-24 11:11:22.879401.879401 cuda_h.py:27] end gather_outputs_group_fused_mp cost 0.451 ms
DEBUG 04-24 11:11:22.879703.879703 cuda_h.py:27] end gather_outputs_group_fused_mp cost 0.376 ms
DEBUG 04-24 11:11:22.880043.880043 cuda_h.py:27] end cpu_experts_worker_bmm_or_einsum_1 cost 24.157 ms
DEBUG 04-24 11:11:22.880708.880708 cuda_h.py:27] end cpu_experts_worker_bmm_or_einsum_3 cost 24.223 ms
DEBUG 04-24 11:11:22.882729.882729 cuda_h.py:27] end prepare_per_device_parameters cost 18.605 ms
DEBUG 04-24 11:11:22.884552.884552 cuda_h.py:27] end cpu_experts_scatter_reduce cost 0.724 ms
DEBUG 04-24 11:11:22.884006.884006 cuda_h.py:27] end cpu_thread_manager_mp_wait_fused cost 2.193 ms
DEBUG 04-24 11:11:22.886693.886693 cuda_h.py:27] end wait_experts_multi_device cost 1.308 ms
DEBUG 04-24 11:11:22.886728.886728 cuda_h.py:27] end *before fused experts* cost 30.840 ms
DEBUG 04-24 11:11:22.891174.891174 cuda_h.py:27] end gpu_experts_multi_device_fused cost 5.169 ms
DEBUG 04-24 11:11:22.891535.891535 cuda_h.py:27] end *gpu experts* cost 36.138 ms
DEBUG 04-24 11:11:22.891532.891532 cuda_h.py:27] end layer_moe_generate_mp_multi_device_fused_l_16 cost 38.411 ms
DEBUG 04-24 11:11:22.892248.892248 cuda_h.py:27] end *mlp cost 39.642 ms
DEBUG 04-24 11:11:22.893192.893192 cuda_h.py:27] end prefill_layer cost 42.579 ms
DEBUG 04-24 11:11:22.893279.893279 lmp.py:341] -------------------------------- end prefill layer 15 --------------------------------
DEBUG 04-24 11:11:22.893108.893108 lmp.py:294] -------------------------------- start prefill layer 16 --------------------------------
DEBUG 04-24 11:11:22.893558.893558 cuda_h.py:27] end start_load_qkvogn_s_weight_l_17 cost 0.041 ms
DEBUG 04-24 11:11:22.893899.893899 cuda_h.py:27] end allocate_cuda_memory cost 0.159 ms
DEBUG 04-24 11:11:22.893149.893149 sllm_store_c.py:27] get device uuid map
DEBUG 04-24 11:11:22.894160.894160 sllm_store_c.py:29] call client load into gpu
DEBUG 04-24 11:11:22.895075.895075 cuda_h.py:27] end **self_attn cost 1.316 ms
DEBUG 04-24 11:11:22.895866.895866 cuda_h.py:27] end load_into_gpu_async cost 1.649 ms
DEBUG 04-24 11:11:22.895905.895905 cuda_h.py:27] end restore_tensors2 cost 0.090 ms
DEBUG 04-24 11:11:22.895399.895399 cuda_h.py:27] end allocate_cuda_memory_and_load_into_gpu cost 2.294 ms
DEBUG 04-24 11:11:22.896776.896776 cuda_h.py:27] end *iln_self_attn_paln cost 2.595 ms
DEBUG 04-24 11:11:22.896392.896392 cuda_h.py:27] end gate cost 0.510 ms
DEBUG 04-24 11:11:22.896033.896033 cuda_h.py:27] end experts_map_get cost 0.283 ms
DEBUG 04-24 11:11:22.897816.897816 cuda_h.py:27] end *before experts start* cost 0.939 ms
DEBUG 04-24 11:11:22.897996.897996 cuda_h.py:27] end cpu_experts_submit_fused_mp cost 0.210 ms
DEBUG 04-24 11:11:22.898976.898976 cuda_h.py:27] end *single cpu experts* cost 1.174 ms
DEBUG 04-24 11:11:22.900905.900905 sllm_store_c.py:27] get device uuid map
DEBUG 04-24 11:11:22.900533.900533 sllm_store_c.py:29] call client load into gpu
DEBUG 04-24 11:11:22.900423.900423 cuda_h.py:27] end prepare_group_stack cost 0.838 ms
DEBUG 04-24 11:11:22.901222.901222 cuda_h.py:27] end prepare_group_stack cost 0.912 ms
DEBUG 04-24 11:11:22.901694.901694 cuda_h.py:27] end prepare_group_stack cost 0.910 ms
DEBUG 04-24 11:11:22.901085.901085 cuda_h.py:27] end prepare_group_stack cost 0.990 ms
DEBUG 04-24 11:11:22.902238.902238 cuda_h.py:27] end group stack cost 0.870 ms
DEBUG 04-24 11:11:22.902341.902341 cuda_h.py:27] end move_flatidxs_group_fused_mp cost 2.176 ms
DEBUG 04-24 11:11:22.902520.902520 cuda_h.py:27] end group stack cost 0.925 ms
DEBUG 04-24 11:11:22.902033.902033 cuda_h.py:27] end get_fused_experts_names_w cost 0.026 ms
DEBUG 04-24 11:11:22.902392.902392 cuda_h.py:27] end move_flatidxs_group_fused_mp cost 2.461 ms
DEBUG 04-24 11:11:22.902260.902260 cuda_h.py:27] end get_fused_experts_names_w cost 0.024 ms
DEBUG 04-24 11:11:22.902220.902220 cuda_h.py:27] end group stack cost 1.511 ms
DEBUG 04-24 11:11:22.902705.902705 cuda_h.py:27] end move_flatidxs_group_fused_mp cost 2.866 ms
DEBUG 04-24 11:11:22.903121.903121 cuda_h.py:27] end get_fused_experts_names_w cost 0.025 ms
DEBUG 04-24 11:11:22.903670.903670 cuda_h.py:27] end group stack cost 1.857 ms
DEBUG 04-24 11:11:22.903864.903864 cuda_h.py:27] end move_flatidxs_group_fused_mp cost 3.226 ms
DEBUG 04-24 11:11:22.903700.903700 cuda_h.py:27] end restore_fused_tensors cost 0.716 ms
DEBUG 04-24 11:11:22.903902.903902 cuda_h.py:27] end group_fused_tensors_mp cost 1.057 ms
DEBUG 04-24 11:11:22.903552.903552 cuda_h.py:27] end restore_fused_tensors cost 0.632 ms
DEBUG 04-24 11:11:22.903777.903777 cuda_h.py:27] end get_fused_experts_names_w cost 0.026 ms
DEBUG 04-24 11:11:22.903546.903546 cuda_h.py:27] end group_fused_tensors_mp cost 1.048 ms
DEBUG 04-24 11:11:22.904682.904682 cuda_h.py:27] end restore_fused_tensors cost 0.756 ms
DEBUG 04-24 11:11:22.904022.904022 cuda_h.py:27] end group_fused_tensors_mp cost 1.044 ms
DEBUG 04-24 11:11:22.904018.904018 cuda_h.py:27] end restore_fused_tensors cost 0.654 ms
DEBUG 04-24 11:11:22.904849.904849 cuda_h.py:27] end group_fused_tensors_mp cost 0.995 ms
DEBUG 04-24 11:11:22.909316.909316 cuda_h.py:27] end load_into_gpu_async_fused_experts_dual cost 8.854 ms
DEBUG 04-24 11:11:22.909192.909192 cuda_h.py:27] end restore2model cost 2.700 ms
DEBUG 04-24 11:11:22.910454.910454 cuda_h.py:27] end restore_tensors2_fused_experts_packed cost 0.207 ms
DEBUG 04-24 11:11:22.910943.910943 cuda_h.py:27] end sllm_worker_task cost 16.942 ms
DEBUG 04-24 11:11:22.911963.911963 cuda_h.py:27] end restore_tensors2_fused_experts_slices cost 0.498 ms
DEBUG 04-24 11:11:22.911626.911626 cuda_h.py:27] end allocate_experts_cuda_memory_and_restore_model_multi_device_fused cost 13.235 ms
DEBUG 04-24 11:11:22.911852.911852 cuda_h.py:27] end gpu_sexperts cost 0.015 ms
DEBUG 04-24 11:11:22.911477.911477 cuda_h.py:27] end wait_load_qkvogn_s_weight cost 0.028 ms
DEBUG 04-24 11:11:22.920012.920012 mlpmodule.py:3373] [fused_group_bmm][steps] bmm1=9.806 ms split=0.082 ms act_mul=0.402 ms bmm2=5.407 ms
DEBUG 04-24 11:11:22.920563.920563 cuda_h.py:27] end fused_group_bmm cost 16.194 ms
DEBUG 04-24 11:11:22.921415.921415 cuda_h.py:27] end gather_outputs_group_fused_mp cost 0.652 ms
DEBUG 04-24 11:11:22.922577.922577 cuda_h.py:27] end cpu_experts_worker_bmm_or_einsum_2 cost 23.320 ms
DEBUG 04-24 11:11:22.922052.922052 mlpmodule.py:3373] [fused_group_bmm][steps] bmm1=10.266 ms split=0.069 ms act_mul=0.652 ms bmm2=7.394 ms
DEBUG 04-24 11:11:22.922483.922483 cuda_h.py:27] end fused_group_bmm cost 18.628 ms
DEBUG 04-24 11:11:22.922465.922465 cuda_h.py:27] end gather_outputs_group_fused_mp cost 0.393 ms
DEBUG 04-24 11:11:22.923674.923674 cuda_h.py:27] end cpu_experts_worker_bmm_or_einsum_0 cost 24.836 ms
DEBUG 04-24 11:11:22.923747.923747 mlpmodule.py:3373] [fused_group_bmm][steps] bmm1=9.996 ms split=0.092 ms act_mul=0.809 ms bmm2=7.992 ms
DEBUG 04-24 11:11:22.924524.924524 cuda_h.py:27] end fused_group_bmm cost 19.423 ms
DEBUG 04-24 11:11:22.924933.924933 cuda_h.py:27] end gather_outputs_group_fused_mp cost 0.495 ms
DEBUG 04-24 11:11:22.924140.924140 mlpmodule.py:3373] [fused_group_bmm][steps] bmm1=10.501 ms split=0.103 ms act_mul=0.613 ms bmm2=9.392 ms
DEBUG 04-24 11:11:22.925634.925634 cuda_h.py:27] end fused_group_bmm cost 20.975 ms
DEBUG 04-24 11:11:22.925511.925511 cuda_h.py:27] end cpu_experts_worker_bmm_or_einsum_3 cost 26.248 ms
DEBUG 04-24 11:11:22.925100.925100 cuda_h.py:27] end gather_outputs_group_fused_mp cost 0.440 ms
DEBUG 04-24 11:11:22.926475.926475 cuda_h.py:27] end cpu_experts_worker_bmm_or_einsum_1 cost 27.367 ms
DEBUG 04-24 11:11:22.928277.928277 cuda_h.py:27] end prepare_per_device_parameters cost 16.848 ms
DEBUG 04-24 11:11:22.931769.931769 cuda_h.py:27] end cpu_experts_scatter_reduce cost 0.730 ms
DEBUG 04-24 11:11:22.931613.931613 cuda_h.py:27] end cpu_thread_manager_mp_wait_fused cost 2.201 ms
DEBUG 04-24 11:11:22.932357.932357 cuda_h.py:27] end wait_experts_multi_device cost 1.209 ms
DEBUG 04-24 11:11:22.932869.932869 cuda_h.py:27] end *before fused experts* cost 34.137 ms
DEBUG 04-24 11:11:22.937640.937640 cuda_h.py:27] end gpu_experts_multi_device_fused cost 4.778 ms
DEBUG 04-24 11:11:22.937940.937940 cuda_h.py:27] end *gpu experts* cost 39.035 ms
DEBUG 04-24 11:11:22.937605.937605 cuda_h.py:27] end layer_moe_generate_mp_multi_device_fused_l_17 cost 41.303 ms
DEBUG 04-24 11:11:22.938814.938814 cuda_h.py:27] end *mlp cost 42.614 ms
DEBUG 04-24 11:11:22.938426.938426 cuda_h.py:27] end prefill_layer cost 45.493 ms
DEBUG 04-24 11:11:22.938798.938798 lmp.py:341] -------------------------------- end prefill layer 16 --------------------------------
DEBUG 04-24 11:11:22.939704.939704 lmp.py:294] -------------------------------- start prefill layer 17 --------------------------------
DEBUG 04-24 11:11:22.939574.939574 cuda_h.py:27] end start_load_qkvogn_s_weight_l_18 cost 0.044 ms
DEBUG 04-24 11:11:22.939220.939220 cuda_h.py:27] end allocate_cuda_memory cost 0.202 ms
DEBUG 04-24 11:11:22.939377.939377 sllm_store_c.py:27] get device uuid map
DEBUG 04-24 11:11:22.939522.939522 sllm_store_c.py:29] call client load into gpu
DEBUG 04-24 11:11:22.941422.941422 cuda_h.py:27] end load_into_gpu_async cost 1.543 ms
DEBUG 04-24 11:11:22.941109.941109 cuda_h.py:27] end restore_tensors2 cost 0.100 ms
DEBUG 04-24 11:11:22.941349.941349 cuda_h.py:27] end allocate_cuda_memory_and_load_into_gpu cost 2.138 ms
DEBUG 04-24 11:11:22.941238.941238 cuda_h.py:27] end **self_attn cost 1.726 ms
DEBUG 04-24 11:11:22.941984.941984 cuda_h.py:27] end *iln_self_attn_paln cost 2.812 ms
DEBUG 04-24 11:11:22.942218.942218 cuda_h.py:27] end gate cost 0.508 ms
DEBUG 04-24 11:11:22.943052.943052 cuda_h.py:27] end experts_map_get cost 0.285 ms
DEBUG 04-24 11:11:22.943705.943705 cuda_h.py:27] end *before experts start* cost 1.016 ms
DEBUG 04-24 11:11:22.943547.943547 cuda_h.py:27] end cpu_experts_submit_fused_mp cost 0.205 ms
DEBUG 04-24 11:11:22.944200.944200 cuda_h.py:27] end *single cpu experts* cost 1.103 ms
DEBUG 04-24 11:11:22.945295.945295 cuda_h.py:27] end prepare_group_stack cost 0.467 ms
DEBUG 04-24 11:11:22.946712.946712 cuda_h.py:27] end group stack cost 0.881 ms
DEBUG 04-24 11:11:22.947116.947116 cuda_h.py:27] end move_flatidxs_group_fused_mp cost 2.630 ms
DEBUG 04-24 11:11:22.947171.947171 cuda_h.py:27] end get_fused_experts_names_w cost 0.026 ms
DEBUG 04-24 11:11:22.947862.947862 sllm_store_c.py:27] get device uuid map
DEBUG 04-24 11:11:22.947791.947791 cuda_h.py:27] end prepare_group_stack cost 1.705 ms
DEBUG 04-24 11:11:22.947109.947109 cuda_h.py:27] end prepare_group_stack cost 1.769 ms
DEBUG 04-24 11:11:22.947243.947243 cuda_h.py:27] end prepare_group_stack cost 1.718 ms
DEBUG 04-24 11:11:22.948065.948065 sllm_store_c.py:29] call client load into gpu
DEBUG 04-24 11:11:22.948579.948579 cuda_h.py:27] end restore_fused_tensors cost 0.478 ms
DEBUG 04-24 11:11:22.948160.948160 cuda_h.py:27] end group_fused_tensors_mp cost 0.689 ms
DEBUG 04-24 11:11:22.949128.949128 cuda_h.py:27] end group stack cost 1.435 ms
DEBUG 04-24 11:11:22.949318.949318 cuda_h.py:27] end move_flatidxs_group_fused_mp cost 3.583 ms
DEBUG 04-24 11:11:22.949706.949706 cuda_h.py:27] end get_fused_experts_names_w cost 0.034 ms
DEBUG 04-24 11:11:22.950633.950633 cuda_h.py:27] end group stack cost 2.114 ms
DEBUG 04-24 11:11:22.950912.950912 cuda_h.py:27] end group stack cost 2.159 ms
DEBUG 04-24 11:11:22.950146.950146 cuda_h.py:27] end move_flatidxs_group_fused_mp cost 4.272 ms
DEBUG 04-24 11:11:22.950293.950293 cuda_h.py:27] end move_flatidxs_group_fused_mp cost 4.269 ms
DEBUG 04-24 11:11:22.950732.950732 cuda_h.py:27] end get_fused_experts_names_w cost 0.025 ms
DEBUG 04-24 11:11:22.950296.950296 cuda_h.py:27] end get_fused_experts_names_w cost 0.024 ms
DEBUG 04-24 11:11:22.950134.950134 cuda_h.py:27] end restore_fused_tensors cost 0.851 ms
DEBUG 04-24 11:11:22.950249.950249 cuda_h.py:27] end group_fused_tensors_mp cost 1.037 ms
DEBUG 04-24 11:11:22.951736.951736 cuda_h.py:27] end restore2model cost 0.861 ms
DEBUG 04-24 11:11:22.951367.951367 cuda_h.py:27] end sllm_worker_task cost 11.983 ms
DEBUG 04-24 11:11:22.951863.951863 cuda_h.py:27] end restore_fused_tensors cost 0.665 ms
DEBUG 04-24 11:11:22.951890.951890 cuda_h.py:27] end restore_fused_tensors cost 0.700 ms
DEBUG 04-24 11:11:22.951131.951131 cuda_h.py:27] end group_fused_tensors_mp cost 1.027 ms
DEBUG 04-24 11:11:22.951098.951098 cuda_h.py:27] end group_fused_tensors_mp cost 1.071 ms
DEBUG 04-24 11:11:22.951238.951238 cuda_h.py:27] end load_into_gpu_async_fused_experts_dual cost 4.109 ms
DEBUG 04-24 11:11:22.952600.952600 cuda_h.py:27] end restore_tensors2_fused_experts_packed cost 0.057 ms
DEBUG 04-24 11:11:22.952631.952631 cuda_h.py:27] end restore_tensors2_fused_experts_slices cost 0.291 ms
DEBUG 04-24 11:11:22.952600.952600 cuda_h.py:27] end allocate_experts_cuda_memory_and_restore_model_multi_device_fused cost 8.136 ms
DEBUG 04-24 11:11:22.952217.952217 cuda_h.py:27] end gpu_sexperts cost 0.004 ms
DEBUG 04-24 11:11:22.952738.952738 cuda_h.py:27] end wait_load_qkvogn_s_weight cost 0.074 ms
DEBUG 04-24 11:11:22.962480.962480 mlpmodule.py:3373] [fused_group_bmm][steps] bmm1=5.313 ms split=0.249 ms act_mul=0.670 ms bmm2=7.504 ms
DEBUG 04-24 11:11:22.962992.962992 cuda_h.py:27] end fused_group_bmm cost 14.052 ms
DEBUG 04-24 11:11:22.963792.963792 cuda_h.py:27] end gather_outputs_group_fused_mp cost 0.659 ms
DEBUG 04-24 11:11:22.963592.963592 cuda_h.py:27] end cpu_experts_worker_bmm_or_einsum_1 cost 19.611 ms
DEBUG 04-24 11:11:22.967341.967341 mlpmodule.py:3373] [fused_group_bmm][steps] bmm1=10.078 ms split=0.164 ms act_mul=0.387 ms bmm2=5.157 ms
DEBUG 04-24 11:11:22.967570.967570 cuda_h.py:27] end fused_group_bmm cost 16.143 ms
DEBUG 04-24 11:11:22.968874.968874 cuda_h.py:27] end gather_outputs_group_fused_mp cost 0.535 ms
DEBUG 04-24 11:11:22.968296.968296 cuda_h.py:27] end prepare_per_device_parameters cost 15.424 ms
DEBUG 04-24 11:11:22.968725.968725 cuda_h.py:27] end cpu_experts_worker_bmm_or_einsum_3 cost 23.789 ms
DEBUG 04-24 11:11:22.969700.969700 mlpmodule.py:3373] [fused_group_bmm][steps] bmm1=10.833 ms split=0.074 ms act_mul=0.476 ms bmm2=7.239 ms
DEBUG 04-24 11:11:22.970461.970461 cuda_h.py:27] end fused_group_bmm cost 18.823 ms
DEBUG 04-24 11:11:22.969729.969729 mlpmodule.py:3373] [fused_group_bmm][steps] bmm1=10.430 ms split=0.078 ms act_mul=0.475 ms bmm2=7.289 ms
DEBUG 04-24 11:11:22.970203.970203 cuda_h.py:27] end fused_group_bmm cost 18.828 ms
DEBUG 04-24 11:11:22.970692.970692 cuda_h.py:27] end gather_outputs_group_fused_mp cost 0.381 ms
DEBUG 04-24 11:11:22.971520.971520 cuda_h.py:27] end gather_outputs_group_fused_mp cost 0.366 ms
DEBUG 04-24 11:11:22.971322.971322 cuda_h.py:27] end cpu_experts_worker_bmm_or_einsum_0 cost 26.390 ms
DEBUG 04-24 11:11:22.971252.971252 cuda_h.py:27] end cpu_experts_worker_bmm_or_einsum_2 cost 26.504 ms
DEBUG 04-24 11:11:22.973048.973048 cuda_h.py:27] end cpu_experts_scatter_reduce cost 0.762 ms
DEBUG 04-24 11:11:22.973455.973455 cuda_h.py:27] end cpu_thread_manager_mp_wait_fused cost 4.568 ms
DEBUG 04-24 11:11:22.976028.976028 cuda_h.py:27] end wait_experts_multi_device cost 3.435 ms
DEBUG 04-24 11:11:22.976878.976878 cuda_h.py:27] end *before fused experts* cost 32.643 ms
DEBUG 04-24 11:11:22.981024.981024 cuda_h.py:27] end gpu_experts_multi_device_fused cost 4.910 ms
DEBUG 04-24 11:11:22.982484.982484 cuda_h.py:27] end *gpu experts* cost 37.687 ms
DEBUG 04-24 11:11:22.982407.982407 cuda_h.py:27] end layer_moe_generate_mp_multi_device_fused_l_18 cost 39.981 ms
DEBUG 04-24 11:11:22.983691.983691 cuda_h.py:27] end *mlp cost 41.136 ms
DEBUG 04-24 11:11:22.983178.983178 cuda_h.py:27] end prefill_layer cost 44.239 ms
DEBUG 04-24 11:11:22.983795.983795 lmp.py:341] -------------------------------- end prefill layer 17 --------------------------------
DEBUG 04-24 11:11:22.983874.983874 lmp.py:294] -------------------------------- start prefill layer 18 --------------------------------
DEBUG 04-24 11:11:22.983392.983392 cuda_h.py:27] end start_load_qkvogn_s_weight_l_19 cost 0.052 ms
DEBUG 04-24 11:11:22.984171.984171 cuda_h.py:27] end allocate_cuda_memory cost 0.217 ms
DEBUG 04-24 11:11:22.984381.984381 sllm_store_c.py:27] get device uuid map
DEBUG 04-24 11:11:22.984353.984353 sllm_store_c.py:29] call client load into gpu
DEBUG 04-24 11:11:22.985892.985892 cuda_h.py:27] end load_into_gpu_async cost 1.605 ms
DEBUG 04-24 11:11:22.986811.986811 cuda_h.py:27] end restore_tensors2 cost 0.098 ms
DEBUG 04-24 11:11:22.986013.986013 cuda_h.py:27] end **self_attn cost 1.587 ms
DEBUG 04-24 11:11:22.986488.986488 cuda_h.py:27] end allocate_cuda_memory_and_load_into_gpu cost 2.435 ms
DEBUG 04-24 11:11:22.986086.986086 cuda_h.py:27] end *iln_self_attn_paln cost 2.995 ms
DEBUG 04-24 11:11:22.987463.987463 cuda_h.py:27] end gate cost 0.518 ms
DEBUG 04-24 11:11:22.987556.987556 cuda_h.py:27] end experts_map_get cost 0.301 ms
DEBUG 04-24 11:11:22.987100.987100 cuda_h.py:27] end *before experts start* cost 0.962 ms
DEBUG 04-24 11:11:22.988188.988188 cuda_h.py:27] end cpu_experts_submit_fused_mp cost 0.213 ms
DEBUG 04-24 11:11:22.988920.988920 cuda_h.py:27] end *single cpu experts* cost 1.099 ms
DEBUG 04-24 11:11:22.991841.991841 sllm_store_c.py:27] get device uuid map
DEBUG 04-24 11:11:22.991598.991598 cuda_h.py:27] end prepare_group_stack cost 1.203 ms
DEBUG 04-24 11:11:22.991071.991071 sllm_store_c.py:29] call client load into gpu
DEBUG 04-24 11:11:22.992660.992660 cuda_h.py:27] end prepare_group_stack cost 1.439 ms
DEBUG 04-24 11:11:22.992569.992569 cuda_h.py:27] end prepare_group_stack cost 1.465 ms
DEBUG 04-24 11:11:22.992139.992139 cuda_h.py:27] end prepare_group_stack cost 1.524 ms
DEBUG 04-24 11:11:22.992663.992663 cuda_h.py:27] end group stack cost 0.628 ms
DEBUG 04-24 11:11:22.992401.992401 cuda_h.py:27] end move_flatidxs_group_fused_mp cost 2.108 ms
DEBUG 04-24 11:11:22.992635.992635 cuda_h.py:27] end get_fused_experts_names_w cost 0.024 ms
DEBUG 04-24 11:11:22.993858.993858 cuda_h.py:27] end group stack cost 1.089 ms
DEBUG 04-24 11:11:22.993927.993927 cuda_h.py:27] end move_flatidxs_group_fused_mp cost 2.705 ms
DEBUG 04-24 11:11:22.993969.993969 cuda_h.py:27] end get_fused_experts_names_w cost 0.022 ms
DEBUG 04-24 11:11:22.993161.993161 cuda_h.py:27] end restore_fused_tensors cost 0.574 ms
DEBUG 04-24 11:11:22.993550.993550 cuda_h.py:27] end group_fused_tensors_mp cost 0.842 ms
DEBUG 04-24 11:11:22.993352.993352 cuda_h.py:27] end group stack cost 1.314 ms
DEBUG 04-24 11:11:22.993856.993856 cuda_h.py:27] end group stack cost 1.355 ms
DEBUG 04-24 11:11:22.993985.993985 cuda_h.py:27] end move_flatidxs_group_fused_mp cost 3.292 ms
DEBUG 04-24 11:11:22.993231.993231 cuda_h.py:27] end move_flatidxs_group_fused_mp cost 3.235 ms
DEBUG 04-24 11:11:22.994890.994890 cuda_h.py:27] end get_fused_experts_names_w cost 0.024 ms
DEBUG 04-24 11:11:22.994811.994811 cuda_h.py:27] end get_fused_experts_names_w cost 0.025 ms
DEBUG 04-24 11:11:22.994621.994621 cuda_h.py:27] end restore_fused_tensors cost 0.740 ms
DEBUG 04-24 11:11:22.994492.994492 cuda_h.py:27] end group_fused_tensors_mp cost 1.210 ms
DEBUG 04-24 11:11:22.995661.995661 cuda_h.py:27] end restore_fused_tensors cost 0.734 ms
DEBUG 04-24 11:11:22.995993.995993 cuda_h.py:27] end restore_fused_tensors cost 0.755 ms
DEBUG 04-24 11:11:22.995279.995279 cuda_h.py:27] end group_fused_tensors_mp cost 1.159 ms
DEBUG 04-24 11:11:22.995757.995757 cuda_h.py:27] end group_fused_tensors_mp cost 1.182 ms
DEBUG 04-24 11:11:22.995289.995289 cuda_h.py:27] end load_into_gpu_async_fused_experts_dual cost 3.635 ms
DEBUG 04-24 11:11:22.996749.996749 cuda_h.py:27] end restore_tensors2_fused_experts_packed cost 0.233 ms
DEBUG 04-24 11:11:22.997235.997235 cuda_h.py:27] end restore_tensors2_fused_experts_slices cost 0.764 ms
DEBUG 04-24 11:11:22.998018.998018 cuda_h.py:27] end allocate_experts_cuda_memory_and_restore_model_multi_device_fused cost 9.208 ms
DEBUG 04-24 11:11:22.998287.998287 cuda_h.py:27] end restore2model cost 4.095 ms
DEBUG 04-24 11:11:22.998001.998001 cuda_h.py:27] end gpu_sexperts cost 0.018 ms
DEBUG 04-24 11:11:22.998104.998104 cuda_h.py:27] end sllm_worker_task cost 14.685 ms
DEBUG 04-24 11:11:22.999305.999305 cuda_h.py:27] end wait_load_qkvogn_s_weight cost 0.173 ms
DEBUG 04-24 11:11:23.006240.006240 mlpmodule.py:3373] [fused_group_bmm][steps] bmm1=7.644 ms split=0.119 ms act_mul=0.399 ms bmm2=4.787 ms
DEBUG 04-24 11:11:23.006569.006569 cuda_h.py:27] end fused_group_bmm cost 13.317 ms
DEBUG 04-24 11:11:23.006141.006141 mlpmodule.py:3373] [fused_group_bmm][steps] bmm1=7.392 ms split=0.135 ms act_mul=0.388 ms bmm2=4.190 ms
DEBUG 04-24 11:11:23.007056.007056 cuda_h.py:27] end gather_outputs_group_fused_mp cost 0.454 ms
DEBUG 04-24 11:11:23.007468.007468 cuda_h.py:27] end fused_group_bmm cost 12.801 ms
DEBUG 04-24 11:11:23.008361.008361 cuda_h.py:27] end cpu_experts_worker_bmm_or_einsum_0 cost 18.853 ms
DEBUG 04-24 11:11:23.008191.008191 cuda_h.py:27] end gather_outputs_group_fused_mp cost 0.352 ms
DEBUG 04-24 11:11:23.008035.008035 cuda_h.py:27] end cpu_experts_worker_bmm_or_einsum_2 cost 19.385 ms
DEBUG 04-24 11:11:23.013983.013983 mlpmodule.py:3373] [fused_group_bmm][steps] bmm1=12.599 ms split=0.095 ms act_mul=0.770 ms bmm2=4.535 ms
DEBUG 04-24 11:11:23.013348.013348 mlpmodule.py:3373] [fused_group_bmm][steps] bmm1=13.157 ms split=0.125 ms act_mul=0.343 ms bmm2=4.683 ms
DEBUG 04-24 11:11:23.013149.013149 cuda_h.py:27] end fused_group_bmm cost 18.235 ms
DEBUG 04-24 11:11:23.013786.013786 cuda_h.py:27] end fused_group_bmm cost 18.561 ms
DEBUG 04-24 11:11:23.014873.014873 cuda_h.py:27] end gather_outputs_group_fused_mp cost 0.411 ms
DEBUG 04-24 11:11:23.014797.014797 cuda_h.py:27] end gather_outputs_group_fused_mp cost 0.479 ms
DEBUG 04-24 11:11:23.014511.014511 cuda_h.py:27] end cpu_experts_worker_bmm_or_einsum_3 cost 25.458 ms
DEBUG 04-24 11:11:23.015986.015986 cuda_h.py:27] end cpu_experts_worker_bmm_or_einsum_1 cost 25.805 ms
DEBUG 04-24 11:11:23.015550.015550 cuda_h.py:27] end prepare_per_device_parameters cost 16.151 ms
DEBUG 04-24 11:11:23.017982.017982 cuda_h.py:27] end cpu_experts_scatter_reduce cost 0.759 ms
DEBUG 04-24 11:11:23.017713.017713 cuda_h.py:27] end cpu_thread_manager_mp_wait_fused cost 2.407 ms
DEBUG 04-24 11:11:23.019977.019977 cuda_h.py:27] end wait_experts_multi_device cost 1.908 ms
DEBUG 04-24 11:11:23.019535.019535 cuda_h.py:27] end *before fused experts* cost 30.982 ms
DEBUG 04-24 11:11:23.024797.024797 cuda_h.py:27] end gpu_experts_multi_device_fused cost 4.016 ms
DEBUG 04-24 11:11:23.024316.024316 cuda_h.py:27] end *gpu experts* cost 35.104 ms
DEBUG 04-24 11:11:23.024020.024020 cuda_h.py:27] end layer_moe_generate_mp_multi_device_fused_l_19 cost 37.314 ms
DEBUG 04-24 11:11:23.025301.025301 cuda_h.py:27] end *mlp cost 38.995 ms
DEBUG 04-24 11:11:23.025159.025159 cuda_h.py:27] end prefill_layer cost 42.345 ms
DEBUG 04-24 11:11:23.025816.025816 lmp.py:341] -------------------------------- end prefill layer 18 --------------------------------
DEBUG 04-24 11:11:23.026123.026123 lmp.py:294] -------------------------------- start prefill layer 19 --------------------------------
DEBUG 04-24 11:11:23.026563.026563 cuda_h.py:27] end start_load_qkvogn_s_weight_l_20 cost 0.042 ms
DEBUG 04-24 11:11:23.026721.026721 cuda_h.py:27] end allocate_cuda_memory cost 0.230 ms
DEBUG 04-24 11:11:23.026124.026124 sllm_store_c.py:27] get device uuid map
DEBUG 04-24 11:11:23.027765.027765 sllm_store_c.py:29] call client load into gpu
DEBUG 04-24 11:11:23.028360.028360 cuda_h.py:27] end load_into_gpu_async cost 1.505 ms
DEBUG 04-24 11:11:23.028657.028657 cuda_h.py:27] end restore_tensors2 cost 0.107 ms
DEBUG 04-24 11:11:23.028098.028098 cuda_h.py:27] end **self_attn cost 1.566 ms
DEBUG 04-24 11:11:23.028245.028245 cuda_h.py:27] end allocate_cuda_memory_and_load_into_gpu cost 2.275 ms
DEBUG 04-24 11:11:23.029235.029235 cuda_h.py:27] end *iln_self_attn_paln cost 2.896 ms
DEBUG 04-24 11:11:23.029784.029784 cuda_h.py:27] end gate cost 0.509 ms
DEBUG 04-24 11:11:23.030604.030604 cuda_h.py:27] end experts_map_get cost 0.276 ms
DEBUG 04-24 11:11:23.030387.030387 cuda_h.py:27] end *before experts start* cost 0.928 ms
DEBUG 04-24 11:11:23.030679.030679 cuda_h.py:27] end cpu_experts_submit_fused_mp cost 0.188 ms
DEBUG 04-24 11:11:23.031314.031314 cuda_h.py:27] end *single cpu experts* cost 1.143 ms
DEBUG 04-24 11:11:23.033923.033923 sllm_store_c.py:27] get device uuid map
DEBUG 04-24 11:11:23.034973.034973 sllm_store_c.py:29] call client load into gpu
DEBUG 04-24 11:11:23.033766.033766 cuda_h.py:27] end prepare_group_stack cost 0.933 ms
DEBUG 04-24 11:11:23.034780.034780 cuda_h.py:27] end prepare_group_stack cost 0.910 ms
DEBUG 04-24 11:11:23.034888.034888 cuda_h.py:27] end prepare_group_stack cost 0.940 ms
DEBUG 04-24 11:11:23.034792.034792 cuda_h.py:27] end prepare_group_stack cost 0.989 ms
DEBUG 04-24 11:11:23.034606.034606 cuda_h.py:27] end group stack cost 0.643 ms
DEBUG 04-24 11:11:23.034331.034331 cuda_h.py:27] end move_flatidxs_group_fused_mp cost 1.833 ms
DEBUG 04-24 11:11:23.035558.035558 cuda_h.py:27] end group stack cost 0.967 ms
DEBUG 04-24 11:11:23.035261.035261 cuda_h.py:27] end get_fused_experts_names_w cost 0.025 ms
DEBUG 04-24 11:11:23.035047.035047 cuda_h.py:27] end group stack cost 0.775 ms
DEBUG 04-24 11:11:23.035320.035320 cuda_h.py:27] end move_flatidxs_group_fused_mp cost 2.208 ms
DEBUG 04-24 11:11:23.035769.035769 cuda_h.py:27] end move_flatidxs_group_fused_mp cost 2.399 ms
DEBUG 04-24 11:11:23.035120.035120 cuda_h.py:27] end get_fused_experts_names_w cost 0.025 ms
DEBUG 04-24 11:11:23.035329.035329 cuda_h.py:27] end get_fused_experts_names_w cost 0.023 ms
DEBUG 04-24 11:11:23.035809.035809 cuda_h.py:27] end restore_fused_tensors cost 0.590 ms
DEBUG 04-24 11:11:23.035812.035812 cuda_h.py:27] end group_fused_tensors_mp cost 0.858 ms
DEBUG 04-24 11:11:23.035971.035971 cuda_h.py:27] end group stack cost 1.436 ms
DEBUG 04-24 11:11:23.036150.036150 cuda_h.py:27] end move_flatidxs_group_fused_mp cost 3.001 ms
DEBUG 04-24 11:11:23.036204.036204 cuda_h.py:27] end restore_fused_tensors cost 0.624 ms
DEBUG 04-24 11:11:23.036160.036160 cuda_h.py:27] end restore_fused_tensors cost 0.555 ms
DEBUG 04-24 11:11:23.036724.036724 cuda_h.py:27] end group_fused_tensors_mp cost 0.860 ms
DEBUG 04-24 11:11:23.036314.036314 cuda_h.py:27] end get_fused_experts_names_w cost 0.024 ms
DEBUG 04-24 11:11:23.036715.036715 cuda_h.py:27] end group_fused_tensors_mp cost 0.873 ms
DEBUG 04-24 11:11:23.036540.036540 cuda_h.py:27] end restore2model cost 0.878 ms
DEBUG 04-24 11:11:23.036793.036793 cuda_h.py:27] end restore_fused_tensors cost 0.525 ms
DEBUG 04-24 11:11:23.037365.037365 cuda_h.py:27] end group_fused_tensors_mp cost 0.768 ms
DEBUG 04-24 11:11:23.037174.037174 cuda_h.py:27] end load_into_gpu_async_fused_experts_dual cost 3.174 ms
DEBUG 04-24 11:11:23.037216.037216 cuda_h.py:27] end sllm_worker_task cost 10.715 ms
DEBUG 04-24 11:11:23.037730.037730 cuda_h.py:27] end restore_tensors2_fused_experts_packed cost 0.120 ms
DEBUG 04-24 11:11:23.038261.038261 cuda_h.py:27] end restore_tensors2_fused_experts_slices cost 0.864 ms
DEBUG 04-24 11:11:23.039027.039027 cuda_h.py:27] end allocate_experts_cuda_memory_and_restore_model_multi_device_fused cost 7.952 ms
DEBUG 04-24 11:11:23.039730.039730 cuda_h.py:27] end gpu_sexperts cost 0.026 ms
DEBUG 04-24 11:11:23.040564.040564 cuda_h.py:27] end wait_load_qkvogn_s_weight cost 0.077 ms
DEBUG 04-24 11:11:23.052905.052905 mlpmodule.py:3373] [fused_group_bmm][steps] bmm1=9.624 ms split=0.089 ms act_mul=0.373 ms bmm2=6.772 ms
DEBUG 04-24 11:11:23.053312.053312 cuda_h.py:27] end fused_group_bmm cost 17.201 ms
DEBUG 04-24 11:11:23.053821.053821 mlpmodule.py:3373] [fused_group_bmm][steps] bmm1=9.344 ms split=0.111 ms act_mul=0.524 ms bmm2=6.676 ms
DEBUG 04-24 11:11:23.053987.053987 cuda_h.py:27] end fused_group_bmm cost 16.925 ms
DEBUG 04-24 11:11:23.053731.053731 cuda_h.py:27] end gather_outputs_group_fused_mp cost 0.394 ms
DEBUG 04-24 11:11:23.053988.053988 cuda_h.py:27] end gather_outputs_group_fused_mp cost 0.377 ms
DEBUG 04-24 11:11:23.054372.054372 cuda_h.py:27] end cpu_experts_worker_bmm_or_einsum_2 cost 22.703 ms
DEBUG 04-24 11:11:23.054289.054289 cuda_h.py:27] end cpu_experts_worker_bmm_or_einsum_0 cost 22.841 ms
DEBUG 04-24 11:11:23.057560.057560 mlpmodule.py:3373] [fused_group_bmm][steps] bmm1=11.899 ms split=0.308 ms act_mul=0.535 ms bmm2=6.934 ms
DEBUG 04-24 11:11:23.057175.057175 cuda_h.py:27] end fused_group_bmm cost 19.878 ms
DEBUG 04-24 11:11:23.057386.057386 cuda_h.py:27] end prepare_per_device_parameters cost 16.314 ms
DEBUG 04-24 11:11:23.057757.057757 mlpmodule.py:3373] [fused_group_bmm][steps] bmm1=11.898 ms split=0.350 ms act_mul=0.600 ms bmm2=7.646 ms
DEBUG 04-24 11:11:23.057180.057180 cuda_h.py:27] end fused_group_bmm cost 20.908 ms
DEBUG 04-24 11:11:23.057585.057585 cuda_h.py:27] end gather_outputs_group_fused_mp cost 0.327 ms
DEBUG 04-24 11:11:23.058227.058227 cuda_h.py:27] end gather_outputs_group_fused_mp cost 0.392 ms
DEBUG 04-24 11:11:23.058803.058803 cuda_h.py:27] end cpu_experts_worker_bmm_or_einsum_3 cost 26.311 ms
DEBUG 04-24 11:11:23.058139.058139 cuda_h.py:27] end cpu_experts_worker_bmm_or_einsum_1 cost 26.828 ms
DEBUG 04-24 11:11:23.059875.059875 cuda_h.py:27] end cpu_experts_scatter_reduce cost 0.747 ms
DEBUG 04-24 11:11:23.059421.059421 cuda_h.py:27] end cpu_thread_manager_mp_wait_fused cost 2.283 ms
DEBUG 04-24 11:11:23.061616.061616 cuda_h.py:27] end wait_experts_multi_device cost 1.229 ms
DEBUG 04-24 11:11:23.061167.061167 cuda_h.py:27] end *before fused experts* cost 29.788 ms
DEBUG 04-24 11:11:23.065682.065682 cuda_h.py:27] end gpu_experts_multi_device_fused cost 4.656 ms
DEBUG 04-24 11:11:23.065520.065520 cuda_h.py:27] end *gpu experts* cost 34.575 ms
DEBUG 04-24 11:11:23.066635.066635 cuda_h.py:27] end layer_moe_generate_mp_multi_device_fused_l_20 cost 36.818 ms
DEBUG 04-24 11:11:23.067571.067571 cuda_h.py:27] end *mlp cost 38.069 ms
DEBUG 04-24 11:11:23.067635.067635 cuda_h.py:27] end prefill_layer cost 41.175 ms
DEBUG 04-24 11:11:23.067298.067298 lmp.py:341] -------------------------------- end prefill layer 19 --------------------------------
DEBUG 04-24 11:11:23.067835.067835 lmp.py:294] -------------------------------- start prefill layer 20 --------------------------------
DEBUG 04-24 11:11:23.067441.067441 cuda_h.py:27] end start_load_qkvogn_s_weight_l_21 cost 0.052 ms
DEBUG 04-24 11:11:23.068591.068591 cuda_h.py:27] end allocate_cuda_memory cost 0.219 ms
DEBUG 04-24 11:11:23.068875.068875 sllm_store_c.py:27] get device uuid map
DEBUG 04-24 11:11:23.068317.068317 sllm_store_c.py:29] call client load into gpu
DEBUG 04-24 11:11:23.069774.069774 cuda_h.py:27] end load_into_gpu_async cost 1.539 ms
DEBUG 04-24 11:11:23.069614.069614 cuda_h.py:27] end restore_tensors2 cost 0.096 ms
DEBUG 04-24 11:11:23.070479.070479 cuda_h.py:27] end **self_attn cost 1.547 ms
DEBUG 04-24 11:11:23.070871.070871 cuda_h.py:27] end allocate_cuda_memory_and_load_into_gpu cost 2.297 ms
DEBUG 04-24 11:11:23.071352.071352 cuda_h.py:27] end *iln_self_attn_paln cost 3.303 ms
DEBUG 04-24 11:11:23.071729.071729 cuda_h.py:27] end gate cost 0.522 ms
DEBUG 04-24 11:11:23.072695.072695 cuda_h.py:27] end experts_map_get cost 0.278 ms
DEBUG 04-24 11:11:23.072909.072909 cuda_h.py:27] end *before experts start* cost 0.945 ms
DEBUG 04-24 11:11:23.072214.072214 cuda_h.py:27] end cpu_experts_submit_fused_mp cost 0.197 ms
DEBUG 04-24 11:11:23.073330.073330 cuda_h.py:27] end *single cpu experts* cost 1.086 ms
DEBUG 04-24 11:11:23.074668.074668 cuda_h.py:27] end prepare_group_stack cost 0.380 ms
DEBUG 04-24 11:11:23.074805.074805 cuda_h.py:27] end prepare_group_stack cost 0.471 ms
DEBUG 04-24 11:11:23.075520.075520 cuda_h.py:27] end group stack cost 0.455 ms
DEBUG 04-24 11:11:23.075814.075814 cuda_h.py:27] end move_flatidxs_group_fused_mp cost 0.992 ms
DEBUG 04-24 11:11:23.075737.075737 sllm_store_c.py:27] get device uuid map
DEBUG 04-24 11:11:23.075761.075761 cuda_h.py:27] end get_fused_experts_names_w cost 0.020 ms
DEBUG 04-24 11:11:23.075430.075430 sllm_store_c.py:29] call client load into gpu
DEBUG 04-24 11:11:23.075299.075299 cuda_h.py:27] end prepare_group_stack cost 0.544 ms
DEBUG 04-24 11:11:23.076273.076273 cuda_h.py:27] end prepare_group_stack cost 0.517 ms
DEBUG 04-24 11:11:23.076643.076643 cuda_h.py:27] end group stack cost 1.203 ms
DEBUG 04-24 11:11:23.076498.076498 cuda_h.py:27] end move_flatidxs_group_fused_mp cost 1.980 ms
DEBUG 04-24 11:11:23.076735.076735 cuda_h.py:27] end get_fused_experts_names_w cost 0.020 ms
DEBUG 04-24 11:11:23.076381.076381 cuda_h.py:27] end group stack cost 0.690 ms
DEBUG 04-24 11:11:23.076258.076258 cuda_h.py:27] end move_flatidxs_group_fused_mp cost 1.512 ms
DEBUG 04-24 11:11:23.076762.076762 cuda_h.py:27] end group stack cost 0.780 ms
DEBUG 04-24 11:11:23.077509.077509 cuda_h.py:27] end get_fused_experts_names_w cost 0.022 ms
DEBUG 04-24 11:11:23.077814.077814 cuda_h.py:27] end move_flatidxs_group_fused_mp cost 1.670 ms
DEBUG 04-24 11:11:23.077829.077829 cuda_h.py:27] end restore_fused_tensors cost 0.475 ms
DEBUG 04-24 11:11:23.077345.077345 cuda_h.py:27] end get_fused_experts_names_w cost 0.022 ms
DEBUG 04-24 11:11:23.077914.077914 cuda_h.py:27] end group_fused_tensors_mp cost 0.823 ms
DEBUG 04-24 11:11:23.077716.077716 cuda_h.py:27] end restore_fused_tensors cost 0.450 ms
DEBUG 04-24 11:11:23.077095.077095 cuda_h.py:27] end restore2model cost 0.649 ms
DEBUG 04-24 11:11:23.077983.077983 cuda_h.py:27] end group_fused_tensors_mp cost 0.727 ms
DEBUG 04-24 11:11:23.077077.077077 cuda_h.py:27] end sllm_worker_task cost 10.039 ms
DEBUG 04-24 11:11:23.078481.078481 cuda_h.py:27] end restore_fused_tensors cost 0.521 ms
DEBUG 04-24 11:11:23.078984.078984 cuda_h.py:27] end load_into_gpu_async_fused_experts_dual cost 2.602 ms
DEBUG 04-24 11:11:23.078471.078471 cuda_h.py:27] end group_fused_tensors_mp cost 0.817 ms
DEBUG 04-24 11:11:23.078915.078915 cuda_h.py:27] end restore_tensors2_fused_experts_packed cost 0.060 ms
DEBUG 04-24 11:11:23.078370.078370 cuda_h.py:27] end restore_fused_tensors cost 2.570 ms
DEBUG 04-24 11:11:23.078673.078673 cuda_h.py:27] end group_fused_tensors_mp cost 2.944 ms
DEBUG 04-24 11:11:23.078525.078525 cuda_h.py:27] end restore_tensors2_fused_experts_slices cost 0.300 ms
DEBUG 04-24 11:11:23.078542.078542 cuda_h.py:27] end allocate_experts_cuda_memory_and_restore_model_multi_device_fused cost 5.682 ms
DEBUG 04-24 11:11:23.078173.078173 cuda_h.py:27] end gpu_sexperts cost 0.009 ms
DEBUG 04-24 11:11:23.079976.079976 cuda_h.py:27] end wait_load_qkvogn_s_weight cost 0.024 ms
DEBUG 04-24 11:11:23.092185.092185 mlpmodule.py:3373] [fused_group_bmm][steps] bmm1=7.942 ms split=0.108 ms act_mul=0.782 ms bmm2=4.446 ms
DEBUG 04-24 11:11:23.092238.092238 mlpmodule.py:3373] [fused_group_bmm][steps] bmm1=8.644 ms split=0.087 ms act_mul=0.302 ms bmm2=5.150 ms
DEBUG 04-24 11:11:23.092267.092267 cuda_h.py:27] end fused_group_bmm cost 13.589 ms
DEBUG 04-24 11:11:23.092042.092042 cuda_h.py:27] end fused_group_bmm cost 14.499 ms
DEBUG 04-24 11:11:23.092924.092924 cuda_h.py:27] end gather_outputs_group_fused_mp cost 0.397 ms
DEBUG 04-24 11:11:23.092859.092859 cuda_h.py:27] end gather_outputs_group_fused_mp cost 0.424 ms
DEBUG 04-24 11:11:23.093752.093752 cuda_h.py:27] end cpu_experts_worker_bmm_or_einsum_2 cost 19.381 ms
DEBUG 04-24 11:11:23.093173.093173 mlpmodule.py:3373] [fused_group_bmm][steps] bmm1=9.701 ms split=0.090 ms act_mul=0.354 ms bmm2=5.805 ms
DEBUG 04-24 11:11:23.093468.093468 cuda_h.py:27] end cpu_experts_worker_bmm_or_einsum_0 cost 20.362 ms
DEBUG 04-24 11:11:23.093783.093783 cuda_h.py:27] end fused_group_bmm cost 16.199 ms
DEBUG 04-24 11:11:23.093879.093879 mlpmodule.py:3373] [fused_group_bmm][steps] bmm1=9.023 ms split=0.126 ms act_mul=0.382 ms bmm2=5.896 ms
DEBUG 04-24 11:11:23.094036.094036 cuda_h.py:27] end fused_group_bmm cost 15.790 ms
DEBUG 04-24 11:11:23.094292.094292 cuda_h.py:27] end gather_outputs_group_fused_mp cost 0.358 ms
DEBUG 04-24 11:11:23.094274.094274 cuda_h.py:27] end gather_outputs_group_fused_mp cost 0.404 ms
DEBUG 04-24 11:11:23.094456.094456 cuda_h.py:27] end cpu_experts_worker_bmm_or_einsum_3 cost 21.575 ms
DEBUG 04-24 11:11:23.095220.095220 cuda_h.py:27] end cpu_experts_worker_bmm_or_einsum_1 cost 21.077 ms
DEBUG 04-24 11:11:23.096535.096535 cuda_h.py:27] end prepare_per_device_parameters cost 16.995 ms
DEBUG 04-24 11:11:23.098406.098406 cuda_h.py:27] end cpu_experts_scatter_reduce cost 0.696 ms
DEBUG 04-24 11:11:23.098343.098343 cuda_h.py:27] end cpu_thread_manager_mp_wait_fused cost 2.255 ms
DEBUG 04-24 11:11:23.100609.100609 cuda_h.py:27] end wait_experts_multi_device cost 1.769 ms
DEBUG 04-24 11:11:23.100982.100982 cuda_h.py:27] end *before fused experts* cost 27.323 ms
DEBUG 04-24 11:11:23.105752.105752 cuda_h.py:27] end gpu_experts_multi_device_fused cost 4.948 ms
DEBUG 04-24 11:11:23.105325.105325 cuda_h.py:27] end *gpu experts* cost 32.419 ms
DEBUG 04-24 11:11:23.105871.105871 cuda_h.py:27] end layer_moe_generate_mp_multi_device_fused_l_21 cost 34.623 ms
DEBUG 04-24 11:11:23.107618.107618 cuda_h.py:27] end *mlp cost 35.981 ms
DEBUG 04-24 11:11:23.107476.107476 cuda_h.py:27] end prefill_layer cost 39.516 ms
DEBUG 04-24 11:11:23.107339.107339 lmp.py:341] -------------------------------- end prefill layer 20 --------------------------------
DEBUG 04-24 11:11:23.107386.107386 lmp.py:294] -------------------------------- start prefill layer 21 --------------------------------
DEBUG 04-24 11:11:23.107396.107396 cuda_h.py:27] end start_load_qkvogn_s_weight_l_22 cost 0.042 ms
DEBUG 04-24 11:11:23.107645.107645 cuda_h.py:27] end allocate_cuda_memory cost 0.184 ms
DEBUG 04-24 11:11:23.108749.108749 sllm_store_c.py:27] get device uuid map
DEBUG 04-24 11:11:23.108785.108785 sllm_store_c.py:29] call client load into gpu
DEBUG 04-24 11:11:23.109086.109086 cuda_h.py:27] end **self_attn cost 1.355 ms
DEBUG 04-24 11:11:23.109458.109458 cuda_h.py:27] end *iln_self_attn_paln cost 2.296 ms
DEBUG 04-24 11:11:23.110417.110417 cuda_h.py:27] end load_into_gpu_async cost 2.138 ms
DEBUG 04-24 11:11:23.110576.110576 cuda_h.py:27] end restore_tensors2 cost 0.104 ms
DEBUG 04-24 11:11:23.110849.110849 cuda_h.py:27] end allocate_cuda_memory_and_load_into_gpu cost 2.769 ms
DEBUG 04-24 11:11:23.110680.110680 cuda_h.py:27] end gate cost 0.820 ms
DEBUG 04-24 11:11:23.111267.111267 cuda_h.py:27] end experts_map_get cost 0.407 ms
DEBUG 04-24 11:11:23.111480.111480 cuda_h.py:27] end *before experts start* cost 1.386 ms
DEBUG 04-24 11:11:23.111295.111295 cuda_h.py:27] end cpu_experts_submit_fused_mp cost 0.187 ms
DEBUG 04-24 11:11:23.112181.112181 cuda_h.py:27] end *single cpu experts* cost 1.117 ms
DEBUG 04-24 11:11:23.114267.114267 cuda_h.py:27] end prepare_group_stack cost 0.440 ms
DEBUG 04-24 11:11:23.114124.114124 cuda_h.py:27] end prepare_group_stack cost 0.662 ms
DEBUG 04-24 11:11:23.114979.114979 cuda_h.py:27] end prepare_group_stack cost 0.757 ms
DEBUG 04-24 11:11:23.114509.114509 cuda_h.py:27] end prepare_group_stack cost 0.716 ms
DEBUG 04-24 11:11:23.114967.114967 sllm_store_c.py:27] get device uuid map
DEBUG 04-24 11:11:23.115324.115324 sllm_store_c.py:29] call client load into gpu
DEBUG 04-24 11:11:23.115265.115265 cuda_h.py:27] end group stack cost 0.561 ms
DEBUG 04-24 11:11:23.115091.115091 cuda_h.py:27] end move_flatidxs_group_fused_mp cost 1.383 ms
DEBUG 04-24 11:11:23.115444.115444 cuda_h.py:27] end get_fused_experts_names_w cost 0.024 ms
DEBUG 04-24 11:11:23.115897.115897 cuda_h.py:27] end group stack cost 0.840 ms
DEBUG 04-24 11:11:23.115399.115399 cuda_h.py:27] end move_flatidxs_group_fused_mp cost 1.759 ms
DEBUG 04-24 11:11:23.115923.115923 cuda_h.py:27] end group stack cost 0.705 ms
DEBUG 04-24 11:11:23.116008.116008 cuda_h.py:27] end get_fused_experts_names_w cost 0.022 ms
DEBUG 04-24 11:11:23.116141.116141 cuda_h.py:27] end move_flatidxs_group_fused_mp cost 2.008 ms
DEBUG 04-24 11:11:23.116804.116804 cuda_h.py:27] end restore_fused_tensors cost 0.472 ms
DEBUG 04-24 11:11:23.116488.116488 cuda_h.py:27] end get_fused_experts_names_w cost 0.023 ms
DEBUG 04-24 11:11:23.116124.116124 cuda_h.py:27] end group_fused_tensors_mp cost 0.741 ms
DEBUG 04-24 11:11:23.116203.116203 cuda_h.py:27] end group stack cost 1.176 ms
DEBUG 04-24 11:11:23.116582.116582 cuda_h.py:27] end move_flatidxs_group_fused_mp cost 2.554 ms
DEBUG 04-24 11:11:23.116276.116276 cuda_h.py:27] end get_fused_experts_names_w cost 0.023 ms
DEBUG 04-24 11:11:23.116144.116144 cuda_h.py:27] end restore_fused_tensors cost 0.459 ms
DEBUG 04-24 11:11:23.117514.117514 cuda_h.py:27] end group_fused_tensors_mp cost 0.890 ms
DEBUG 04-24 11:11:23.117174.117174 cuda_h.py:27] end restore_fused_tensors cost 0.524 ms
DEBUG 04-24 11:11:23.117507.117507 cuda_h.py:27] end group_fused_tensors_mp cost 0.815 ms
DEBUG 04-24 11:11:23.117337.117337 cuda_h.py:27] end restore_fused_tensors cost 0.476 ms
DEBUG 04-24 11:11:23.117713.117713 cuda_h.py:27] end group_fused_tensors_mp cost 0.806 ms
DEBUG 04-24 11:11:23.120252.120252 cuda_h.py:27] end load_into_gpu_async_fused_experts_dual cost 5.086 ms
DEBUG 04-24 11:11:23.120254.120254 cuda_h.py:27] end restore2model cost 2.888 ms
DEBUG 04-24 11:11:23.121571.121571 cuda_h.py:27] end restore_tensors2_fused_experts_packed cost 0.214 ms
DEBUG 04-24 11:11:23.121626.121626 cuda_h.py:27] end sllm_worker_task cost 13.903 ms
DEBUG 04-24 11:11:23.122213.122213 cuda_h.py:27] end restore_tensors2_fused_experts_slices cost 0.550 ms
DEBUG 04-24 11:11:23.122772.122772 cuda_h.py:27] end allocate_experts_cuda_memory_and_restore_model_multi_device_fused cost 10.274 ms
DEBUG 04-24 11:11:23.122352.122352 cuda_h.py:27] end gpu_sexperts cost 0.015 ms
DEBUG 04-24 11:11:23.122262.122262 cuda_h.py:27] end wait_load_qkvogn_s_weight cost 0.030 ms
DEBUG 04-24 11:11:23.130084.130084 mlpmodule.py:3373] [fused_group_bmm][steps] bmm1=8.424 ms split=0.091 ms act_mul=0.495 ms bmm2=4.917 ms
DEBUG 04-24 11:11:23.130698.130698 mlpmodule.py:3373] [fused_group_bmm][steps] bmm1=8.143 ms split=0.081 ms act_mul=0.317 ms bmm2=4.919 ms
DEBUG 04-24 11:11:23.130641.130641 cuda_h.py:27] end fused_group_bmm cost 14.198 ms
DEBUG 04-24 11:11:23.130655.130655 cuda_h.py:27] end fused_group_bmm cost 13.785 ms
DEBUG 04-24 11:11:23.131485.131485 cuda_h.py:27] end gather_outputs_group_fused_mp cost 0.430 ms
DEBUG 04-24 11:11:23.131062.131062 cuda_h.py:27] end gather_outputs_group_fused_mp cost 0.440 ms
DEBUG 04-24 11:11:23.131311.131311 cuda_h.py:27] end cpu_experts_worker_bmm_or_einsum_2 cost 18.946 ms
DEBUG 04-24 11:11:23.131041.131041 cuda_h.py:27] end cpu_experts_worker_bmm_or_einsum_0 cost 18.982 ms
DEBUG 04-24 11:11:23.132168.132168 mlpmodule.py:3373] [fused_group_bmm][steps] bmm1=8.172 ms split=0.104 ms act_mul=0.331 ms bmm2=5.760 ms
DEBUG 04-24 11:11:23.132481.132481 cuda_h.py:27] end fused_group_bmm cost 14.633 ms
DEBUG 04-24 11:11:23.132849.132849 mlpmodule.py:3373] [fused_group_bmm][steps] bmm1=8.534 ms split=0.095 ms act_mul=0.330 ms bmm2=5.882 ms
DEBUG 04-24 11:11:23.132311.132311 cuda_h.py:27] end fused_group_bmm cost 15.217 ms
DEBUG 04-24 11:11:23.133542.133542 cuda_h.py:27] end gather_outputs_group_fused_mp cost 0.423 ms
DEBUG 04-24 11:11:23.133634.133634 cuda_h.py:27] end gather_outputs_group_fused_mp cost 0.422 ms
DEBUG 04-24 11:11:23.133884.133884 cuda_h.py:27] end cpu_experts_worker_bmm_or_einsum_3 cost 20.636 ms
DEBUG 04-24 11:11:23.133853.133853 cuda_h.py:27] end cpu_experts_worker_bmm_or_einsum_1 cost 20.878 ms
DEBUG 04-24 11:11:23.137397.137397 cuda_h.py:27] end prepare_per_device_parameters cost 14.223 ms
DEBUG 04-24 11:11:23.140840.140840 cuda_h.py:27] end cpu_experts_scatter_reduce cost 0.699 ms
DEBUG 04-24 11:11:23.140241.140241 cuda_h.py:27] end cpu_thread_manager_mp_wait_fused cost 2.934 ms
DEBUG 04-24 11:11:23.141708.141708 cuda_h.py:27] end wait_experts_multi_device cost 1.463 ms
DEBUG 04-24 11:11:23.141651.141651 cuda_h.py:27] end *before fused experts* cost 29.400 ms
DEBUG 04-24 11:11:23.146076.146076 cuda_h.py:27] end gpu_experts_multi_device_fused cost 4.559 ms
DEBUG 04-24 11:11:23.146979.146979 cuda_h.py:27] end *gpu experts* cost 34.066 ms
DEBUG 04-24 11:11:23.146928.146928 cuda_h.py:27] end layer_moe_generate_mp_multi_device_fused_l_22 cost 36.723 ms
DEBUG 04-24 11:11:23.323702.323702 cuda_h.py:27] end *mlp cost 213.908 ms
DEBUG 04-24 11:11:23.323308.323308 cuda_h.py:27] end prefill_layer cost 216.408 ms
DEBUG 04-24 11:11:23.323395.323395 lmp.py:341] -------------------------------- end prefill layer 21 --------------------------------
DEBUG 04-24 11:11:23.323191.323191 lmp.py:294] -------------------------------- start prefill layer 22 --------------------------------
DEBUG 04-24 11:11:23.324339.324339 cuda_h.py:27] end start_load_qkvogn_s_weight_l_23 cost 0.040 ms
DEBUG 04-24 11:11:23.324996.324996 cuda_h.py:27] end allocate_cuda_memory cost 0.282 ms
DEBUG 04-24 11:11:23.324286.324286 sllm_store_c.py:27] get device uuid map
DEBUG 04-24 11:11:23.324951.324951 sllm_store_c.py:29] call client load into gpu
DEBUG 04-24 11:11:23.326335.326335 cuda_h.py:27] end **self_attn cost 1.458 ms
DEBUG 04-24 11:11:23.326885.326885 cuda_h.py:27] end *iln_self_attn_paln cost 2.522 ms
DEBUG 04-24 11:11:23.327429.327429 cuda_h.py:27] end load_into_gpu_async cost 2.874 ms
DEBUG 04-24 11:11:23.327120.327120 cuda_h.py:27] end gate cost 0.661 ms
DEBUG 04-24 11:11:23.327114.327114 cuda_h.py:27] end restore_tensors2 cost 0.122 ms
DEBUG 04-24 11:11:23.328420.328420 cuda_h.py:27] end allocate_cuda_memory_and_load_into_gpu cost 3.882 ms
DEBUG 04-24 11:11:23.328051.328051 cuda_h.py:27] end experts_map_get cost 0.267 ms
DEBUG 04-24 11:11:23.328839.328839 cuda_h.py:27] end *before experts start* cost 1.554 ms
DEBUG 04-24 11:11:23.328515.328515 cuda_h.py:27] end cpu_experts_submit_fused_mp cost 0.184 ms
DEBUG 04-24 11:11:23.330609.330609 cuda_h.py:27] end *single cpu experts* cost 2.005 ms
DEBUG 04-24 11:11:23.332906.332906 cuda_h.py:27] end prepare_group_stack cost 0.632 ms
DEBUG 04-24 11:11:23.332634.332634 sllm_store_c.py:27] get device uuid map
DEBUG 04-24 11:11:23.332365.332365 sllm_store_c.py:29] call client load into gpu
DEBUG 04-24 11:11:23.333242.333242 cuda_h.py:27] end prepare_group_stack cost 0.634 ms
DEBUG 04-24 11:11:23.333258.333258 cuda_h.py:27] end prepare_group_stack cost 0.660 ms
DEBUG 04-24 11:11:23.333971.333971 cuda_h.py:27] end group stack cost 1.169 ms
DEBUG 04-24 11:11:23.333338.333338 cuda_h.py:27] end move_flatidxs_group_fused_mp cost 2.278 ms
DEBUG 04-24 11:11:23.333120.333120 cuda_h.py:27] end prepare_group_stack cost 0.653 ms
DEBUG 04-24 11:11:23.333493.333493 cuda_h.py:27] end get_fused_experts_names_w cost 0.040 ms
DEBUG 04-24 11:11:23.334418.334418 cuda_h.py:27] end group stack cost 1.430 ms
DEBUG 04-24 11:11:23.334679.334679 cuda_h.py:27] end group stack cost 1.589 ms
DEBUG 04-24 11:11:23.335407.335407 cuda_h.py:27] end move_flatidxs_group_fused_mp cost 2.593 ms
DEBUG 04-24 11:11:23.335011.335011 cuda_h.py:27] end move_flatidxs_group_fused_mp cost 2.679 ms
DEBUG 04-24 11:11:23.335219.335219 cuda_h.py:27] end restore_fused_tensors cost 1.090 ms
DEBUG 04-24 11:11:23.335962.335962 cuda_h.py:27] end group_fused_tensors_mp cost 1.586 ms
DEBUG 04-24 11:11:23.335525.335525 cuda_h.py:27] end get_fused_experts_names_w cost 0.041 ms
DEBUG 04-24 11:11:23.335936.335936 cuda_h.py:27] end get_fused_experts_names_w cost 0.041 ms
DEBUG 04-24 11:11:23.335359.335359 cuda_h.py:27] end group stack cost 1.932 ms
DEBUG 04-24 11:11:23.336583.336583 cuda_h.py:27] end move_flatidxs_group_fused_mp cost 3.242 ms
DEBUG 04-24 11:11:23.336217.336217 cuda_h.py:27] end get_fused_experts_names_w cost 0.049 ms
DEBUG 04-24 11:11:23.336761.336761 cuda_h.py:27] end restore_fused_tensors cost 0.967 ms
DEBUG 04-24 11:11:23.336488.336488 cuda_h.py:27] end group_fused_tensors_mp cost 1.535 ms
DEBUG 04-24 11:11:23.337022.337022 cuda_h.py:27] end restore_fused_tensors cost 1.400 ms
DEBUG 04-24 11:11:23.337540.337540 cuda_h.py:27] end group_fused_tensors_mp cost 2.065 ms
DEBUG 04-24 11:11:23.337861.337861 cuda_h.py:27] end restore_fused_tensors cost 0.856 ms
DEBUG 04-24 11:11:23.337931.337931 cuda_h.py:27] end group_fused_tensors_mp cost 1.393 ms
DEBUG 04-24 11:11:23.340107.340107 cuda_h.py:27] end restore2model cost 1.644 ms
DEBUG 04-24 11:11:23.340998.340998 cuda_h.py:27] end sllm_worker_task cost 16.595 ms
DEBUG 04-24 11:11:23.340780.340780 cuda_h.py:27] end load_into_gpu_async_fused_experts_dual cost 8.102 ms
DEBUG 04-24 11:11:23.341434.341434 cuda_h.py:27] end restore_tensors2_fused_experts_packed cost 0.154 ms
DEBUG 04-24 11:11:23.342546.342546 cuda_h.py:27] end restore_tensors2_fused_experts_slices cost 0.477 ms
DEBUG 04-24 11:11:23.342513.342513 cuda_h.py:27] end allocate_experts_cuda_memory_and_restore_model_multi_device_fused cost 11.905 ms
DEBUG 04-24 11:11:23.342768.342768 cuda_h.py:27] end gpu_sexperts cost 0.017 ms
DEBUG 04-24 11:11:23.342129.342129 cuda_h.py:27] end wait_load_qkvogn_s_weight cost 0.031 ms
DEBUG 04-24 11:11:23.349365.349365 mlpmodule.py:3373] [fused_group_bmm][steps] bmm1=3.885 ms split=0.100 ms act_mul=5.106 ms bmm2=4.419 ms
DEBUG 04-24 11:11:23.349169.349169 cuda_h.py:27] end fused_group_bmm cost 13.835 ms
DEBUG 04-24 11:11:23.349001.349001 mlpmodule.py:3373] [fused_group_bmm][steps] bmm1=6.452 ms split=0.073 ms act_mul=0.349 ms bmm2=4.641 ms
DEBUG 04-24 11:11:23.349677.349677 cuda_h.py:27] end fused_group_bmm cost 11.778 ms
DEBUG 04-24 11:11:23.350328.350328 cuda_h.py:27] end gather_outputs_group_fused_mp cost 0.516 ms
DEBUG 04-24 11:11:23.350600.350600 cuda_h.py:27] end gather_outputs_group_fused_mp cost 0.419 ms
DEBUG 04-24 11:11:23.351428.351428 cuda_h.py:27] end cpu_experts_worker_bmm_or_einsum_0 cost 20.755 ms
DEBUG 04-24 11:11:23.351416.351416 cuda_h.py:27] end cpu_experts_worker_bmm_or_einsum_2 cost 19.701 ms
DEBUG 04-24 11:11:23.350637.350637 mlpmodule.py:3373] [fused_group_bmm][steps] bmm1=6.638 ms split=0.149 ms act_mul=0.481 ms bmm2=6.417 ms
DEBUG 04-24 11:11:23.351143.351143 cuda_h.py:27] end fused_group_bmm cost 14.009 ms
DEBUG 04-24 11:11:23.351155.351155 mlpmodule.py:3373] [fused_group_bmm][steps] bmm1=6.887 ms split=0.133 ms act_mul=0.437 ms bmm2=5.925 ms
DEBUG 04-24 11:11:23.351638.351638 cuda_h.py:27] end gather_outputs_group_fused_mp cost 0.477 ms
DEBUG 04-24 11:11:23.351289.351289 cuda_h.py:27] end fused_group_bmm cost 13.655 ms
DEBUG 04-24 11:11:23.352645.352645 cuda_h.py:27] end gather_outputs_group_fused_mp cost 0.480 ms
DEBUG 04-24 11:11:23.352063.352063 cuda_h.py:27] end cpu_experts_worker_bmm_or_einsum_1 cost 21.013 ms
DEBUG 04-24 11:11:23.352261.352261 cuda_h.py:27] end cpu_experts_worker_bmm_or_einsum_3 cost 20.434 ms
DEBUG 04-24 11:11:23.357747.357747 cuda_h.py:27] end prepare_per_device_parameters cost 14.078 ms
DEBUG 04-24 11:11:23.359727.359727 cuda_h.py:27] end cpu_experts_scatter_reduce cost 0.700 ms
DEBUG 04-24 11:11:23.359365.359365 cuda_h.py:27] end cpu_thread_manager_mp_wait_fused cost 2.512 ms
DEBUG 04-24 11:11:23.361461.361461 cuda_h.py:27] end wait_experts_multi_device cost 1.224 ms
DEBUG 04-24 11:11:23.361304.361304 cuda_h.py:27] end *before fused experts* cost 30.583 ms
DEBUG 04-24 11:11:23.365442.365442 cuda_h.py:27] end gpu_experts_multi_device_fused cost 4.487 ms
DEBUG 04-24 11:11:23.365359.365359 cuda_h.py:27] end *gpu experts* cost 35.188 ms
DEBUG 04-24 11:11:23.365851.365851 cuda_h.py:27] end layer_moe_generate_mp_multi_device_fused_l_23 cost 38.913 ms
DEBUG 04-24 11:11:23.367971.367971 cuda_h.py:27] end *mlp cost 40.309 ms
DEBUG 04-24 11:11:23.367743.367743 cuda_h.py:27] end prefill_layer cost 43.382 ms
DEBUG 04-24 11:11:23.367591.367591 lmp.py:341] -------------------------------- end prefill layer 22 --------------------------------
DEBUG 04-24 11:11:23.367433.367433 lmp.py:294] -------------------------------- start prefill layer 23 --------------------------------
DEBUG 04-24 11:11:23.367833.367833 cuda_h.py:27] end start_load_qkvogn_s_weight_l_24 cost 0.051 ms
DEBUG 04-24 11:11:23.367973.367973 cuda_h.py:27] end allocate_cuda_memory cost 0.275 ms
DEBUG 04-24 11:11:23.368860.368860 sllm_store_c.py:27] get device uuid map
DEBUG 04-24 11:11:23.368052.368052 sllm_store_c.py:29] call client load into gpu
DEBUG 04-24 11:11:23.369599.369599 cuda_h.py:27] end **self_attn cost 1.647 ms
DEBUG 04-24 11:11:23.370856.370856 cuda_h.py:27] end load_into_gpu_async cost 2.065 ms
DEBUG 04-24 11:11:23.370095.370095 cuda_h.py:27] end *iln_self_attn_paln cost 2.916 ms
DEBUG 04-24 11:11:23.370021.370021 cuda_h.py:27] end restore_tensors2 cost 0.094 ms
DEBUG 04-24 11:11:23.370778.370778 cuda_h.py:27] end allocate_cuda_memory_and_load_into_gpu cost 3.203 ms
DEBUG 04-24 11:11:23.371615.371615 cuda_h.py:27] end gate cost 0.629 ms
DEBUG 04-24 11:11:23.371370.371370 cuda_h.py:27] end experts_map_get cost 0.294 ms
DEBUG 04-24 11:11:23.371060.371060 cuda_h.py:27] end *before experts start* cost 1.073 ms
DEBUG 04-24 11:11:23.371452.371452 cuda_h.py:27] end cpu_experts_submit_fused_mp cost 0.190 ms
DEBUG 04-24 11:11:23.372727.372727 cuda_h.py:27] end *single cpu experts* cost 1.091 ms
DEBUG 04-24 11:11:23.374119.374119 cuda_h.py:27] end prepare_group_stack cost 0.461 ms
DEBUG 04-24 11:11:23.375068.375068 cuda_h.py:27] end prepare_group_stack cost 0.780 ms
DEBUG 04-24 11:11:23.375003.375003 sllm_store_c.py:27] get device uuid map
DEBUG 04-24 11:11:23.375774.375774 sllm_store_c.py:29] call client load into gpu
DEBUG 04-24 11:11:23.375224.375224 cuda_h.py:27] end prepare_group_stack cost 0.904 ms
DEBUG 04-24 11:11:23.375707.375707 cuda_h.py:27] end prepare_group_stack cost 0.882 ms
DEBUG 04-24 11:11:23.375197.375197 cuda_h.py:27] end group stack cost 1.657 ms
DEBUG 04-24 11:11:23.376753.376753 cuda_h.py:27] end move_flatidxs_group_fused_mp cost 2.420 ms
DEBUG 04-24 11:11:23.376650.376650 cuda_h.py:27] end get_fused_experts_names_w cost 0.020 ms
DEBUG 04-24 11:11:23.376828.376828 cuda_h.py:27] end group stack cost 0.677 ms
DEBUG 04-24 11:11:23.376017.376017 cuda_h.py:27] end move_flatidxs_group_fused_mp cost 1.727 ms
DEBUG 04-24 11:11:23.376288.376288 cuda_h.py:27] end restore_fused_tensors cost 0.437 ms
DEBUG 04-24 11:11:23.376401.376401 cuda_h.py:27] end get_fused_experts_names_w cost 0.026 ms
DEBUG 04-24 11:11:23.376656.376656 cuda_h.py:27] end group_fused_tensors_mp cost 0.625 ms
DEBUG 04-24 11:11:23.376790.376790 cuda_h.py:27] end group stack cost 0.749 ms
DEBUG 04-24 11:11:23.376609.376609 cuda_h.py:27] end move_flatidxs_group_fused_mp cost 2.164 ms
DEBUG 04-24 11:11:23.377898.377898 cuda_h.py:27] end group stack cost 0.976 ms
DEBUG 04-24 11:11:23.377250.377250 cuda_h.py:27] end get_fused_experts_names_w cost 0.046 ms
DEBUG 04-24 11:11:23.377886.377886 cuda_h.py:27] end move_flatidxs_group_fused_mp cost 2.474 ms
DEBUG 04-24 11:11:23.377155.377155 cuda_h.py:27] end restore_fused_tensors cost 0.636 ms
DEBUG 04-24 11:11:23.377482.377482 cuda_h.py:27] end get_fused_experts_names_w cost 0.024 ms
DEBUG 04-24 11:11:23.377356.377356 cuda_h.py:27] end group_fused_tensors_mp cost 0.876 ms
DEBUG 04-24 11:11:23.377715.377715 cuda_h.py:27] end restore_fused_tensors cost 0.637 ms
DEBUG 04-24 11:11:23.378547.378547 cuda_h.py:27] end group_fused_tensors_mp cost 1.001 ms
DEBUG 04-24 11:11:23.378078.378078 cuda_h.py:27] end restore_fused_tensors cost 0.850 ms
DEBUG 04-24 11:11:23.378039.378039 cuda_h.py:27] end group_fused_tensors_mp cost 1.243 ms
DEBUG 04-24 11:11:23.379674.379674 cuda_h.py:27] end restore2model cost 1.330 ms
DEBUG 04-24 11:11:23.379523.379523 cuda_h.py:27] end sllm_worker_task cost 11.987 ms
DEBUG 04-24 11:11:23.380501.380501 cuda_h.py:27] end load_into_gpu_async_fused_experts_dual cost 4.541 ms
DEBUG 04-24 11:11:23.381486.381486 cuda_h.py:27] end restore_tensors2_fused_experts_packed cost 0.298 ms
DEBUG 04-24 11:11:23.381141.381141 cuda_h.py:27] end restore_tensors2_fused_experts_slices cost 0.812 ms
DEBUG 04-24 11:11:23.382328.382328 cuda_h.py:27] end allocate_experts_cuda_memory_and_restore_model_multi_device_fused cost 9.369 ms
DEBUG 04-24 11:11:23.382944.382944 cuda_h.py:27] end gpu_sexperts cost 0.020 ms
DEBUG 04-24 11:11:23.382443.382443 cuda_h.py:27] end wait_load_qkvogn_s_weight cost 0.061 ms
DEBUG 04-24 11:11:23.388911.388911 mlpmodule.py:3373] [fused_group_bmm][steps] bmm1=6.446 ms split=0.216 ms act_mul=0.745 ms bmm2=4.385 ms
DEBUG 04-24 11:11:23.389415.389415 cuda_h.py:27] end fused_group_bmm cost 12.225 ms
DEBUG 04-24 11:11:23.389759.389759 mlpmodule.py:3373] [fused_group_bmm][steps] bmm1=6.932 ms split=0.081 ms act_mul=0.741 ms bmm2=4.005 ms
DEBUG 04-24 11:11:23.389363.389363 cuda_h.py:27] end fused_group_bmm cost 12.034 ms
DEBUG 04-24 11:11:23.389047.389047 mlpmodule.py:3373] [fused_group_bmm][steps] bmm1=6.066 ms split=0.089 ms act_mul=0.318 ms bmm2=3.842 ms
DEBUG 04-24 11:11:23.390857.390857 cuda_h.py:27] end fused_group_bmm cost 10.810 ms
DEBUG 04-24 11:11:23.390118.390118 cuda_h.py:27] end gather_outputs_group_fused_mp cost 0.925 ms
DEBUG 04-24 11:11:23.390601.390601 cuda_h.py:27] end gather_outputs_group_fused_mp cost 0.465 ms
DEBUG 04-24 11:11:23.390406.390406 cuda_h.py:27] end gather_outputs_group_fused_mp cost 0.387 ms
DEBUG 04-24 11:11:23.391221.391221 cuda_h.py:27] end cpu_experts_worker_bmm_or_einsum_0 cost 17.370 ms
DEBUG 04-24 11:11:23.391010.391010 cuda_h.py:27] end cpu_experts_worker_bmm_or_einsum_3 cost 18.352 ms
DEBUG 04-24 11:11:23.391069.391069 cuda_h.py:27] end cpu_experts_worker_bmm_or_einsum_2 cost 17.577 ms
DEBUG 04-24 11:11:23.391034.391034 mlpmodule.py:3373] [fused_group_bmm][steps] bmm1=6.803 ms split=0.234 ms act_mul=1.225 ms bmm2=4.328 ms
DEBUG 04-24 11:11:23.391674.391674 cuda_h.py:27] end fused_group_bmm cost 12.954 ms
DEBUG 04-24 11:11:23.392408.392408 cuda_h.py:27] end gather_outputs_group_fused_mp cost 0.402 ms
DEBUG 04-24 11:11:23.392877.392877 cuda_h.py:27] end cpu_experts_worker_bmm_or_einsum_1 cost 18.973 ms
DEBUG 04-24 11:11:23.397130.397130 cuda_h.py:27] end prepare_per_device_parameters cost 14.840 ms
DEBUG 04-24 11:11:23.400095.400095 cuda_h.py:27] end cpu_experts_scatter_reduce cost 0.705 ms
DEBUG 04-24 11:11:23.400442.400442 cuda_h.py:27] end cpu_thread_manager_mp_wait_fused cost 2.296 ms
DEBUG 04-24 11:11:23.401848.401848 cuda_h.py:27] end wait_experts_multi_device cost 1.206 ms
DEBUG 04-24 11:11:23.401645.401645 cuda_h.py:27] end *before fused experts* cost 28.536 ms
DEBUG 04-24 11:11:23.405743.405743 cuda_h.py:27] end gpu_experts_multi_device_fused cost 4.494 ms
DEBUG 04-24 11:11:23.405031.405031 cuda_h.py:27] end *gpu experts* cost 33.140 ms
DEBUG 04-24 11:11:23.406954.406954 cuda_h.py:27] end layer_moe_generate_mp_multi_device_fused_l_24 cost 35.474 ms
DEBUG 04-24 11:11:23.407452.407452 cuda_h.py:27] end *mlp cost 36.893 ms
DEBUG 04-24 11:11:23.407819.407819 cuda_h.py:27] end prefill_layer cost 40.206 ms
DEBUG 04-24 11:11:23.407007.407007 lmp.py:341] -------------------------------- end prefill layer 23 --------------------------------
DEBUG 04-24 11:11:23.407995.407995 lmp.py:294] -------------------------------- start prefill layer 24 --------------------------------
DEBUG 04-24 11:11:23.407381.407381 cuda_h.py:27] end start_load_qkvogn_s_weight_l_25 cost 0.039 ms
DEBUG 04-24 11:11:23.408756.408756 cuda_h.py:27] end allocate_cuda_memory cost 0.213 ms
DEBUG 04-24 11:11:23.408357.408357 sllm_store_c.py:27] get device uuid map
DEBUG 04-24 11:11:23.408302.408302 sllm_store_c.py:29] call client load into gpu
DEBUG 04-24 11:11:23.409111.409111 cuda_h.py:27] end **self_attn cost 1.308 ms
DEBUG 04-24 11:11:23.410284.410284 cuda_h.py:27] end *iln_self_attn_paln cost 2.294 ms
DEBUG 04-24 11:11:23.410262.410262 cuda_h.py:27] end load_into_gpu_async cost 2.280 ms
DEBUG 04-24 11:11:23.410578.410578 cuda_h.py:27] end restore_tensors2 cost 0.093 ms
DEBUG 04-24 11:11:23.410138.410138 cuda_h.py:27] end allocate_cuda_memory_and_load_into_gpu cost 2.966 ms
DEBUG 04-24 11:11:23.411600.411600 cuda_h.py:27] end gate cost 0.839 ms
DEBUG 04-24 11:11:23.411996.411996 cuda_h.py:27] end experts_map_get cost 0.279 ms
DEBUG 04-24 11:11:23.411587.411587 cuda_h.py:27] end *before experts start* cost 1.262 ms
DEBUG 04-24 11:11:23.411714.411714 cuda_h.py:27] end cpu_experts_submit_fused_mp cost 0.206 ms
DEBUG 04-24 11:11:23.412790.412790 cuda_h.py:27] end *single cpu experts* cost 1.102 ms
DEBUG 04-24 11:11:23.414684.414684 cuda_h.py:27] end prepare_group_stack cost 0.494 ms
DEBUG 04-24 11:11:23.414076.414076 cuda_h.py:27] end prepare_group_stack cost 0.553 ms
DEBUG 04-24 11:11:23.414388.414388 cuda_h.py:27] end prepare_group_stack cost 0.500 ms
DEBUG 04-24 11:11:23.415593.415593 sllm_store_c.py:27] get device uuid map
DEBUG 04-24 11:11:23.415644.415644 sllm_store_c.py:29] call client load into gpu
DEBUG 04-24 11:11:23.415638.415638 cuda_h.py:27] end prepare_group_stack cost 0.707 ms
DEBUG 04-24 11:11:23.415329.415329 cuda_h.py:27] end group stack cost 0.784 ms
DEBUG 04-24 11:11:23.415919.415919 cuda_h.py:27] end group stack cost 0.734 ms
DEBUG 04-24 11:11:23.415974.415974 cuda_h.py:27] end move_flatidxs_group_fused_mp cost 1.460 ms
DEBUG 04-24 11:11:23.415253.415253 cuda_h.py:27] end move_flatidxs_group_fused_mp cost 1.511 ms
DEBUG 04-24 11:11:23.416210.416210 cuda_h.py:27] end group stack cost 1.106 ms
DEBUG 04-24 11:11:23.416894.416894 cuda_h.py:27] end get_fused_experts_names_w cost 0.022 ms
DEBUG 04-24 11:11:23.416398.416398 cuda_h.py:27] end get_fused_experts_names_w cost 0.027 ms
DEBUG 04-24 11:11:23.416975.416975 cuda_h.py:27] end move_flatidxs_group_fused_mp cost 1.832 ms
DEBUG 04-24 11:11:23.416617.416617 cuda_h.py:27] end get_fused_experts_names_w cost 0.025 ms
DEBUG 04-24 11:11:23.416556.416556 cuda_h.py:27] end restore_fused_tensors cost 0.595 ms
DEBUG 04-24 11:11:23.417188.417188 cuda_h.py:27] end group_fused_tensors_mp cost 0.910 ms
DEBUG 04-24 11:11:23.417374.417374 cuda_h.py:27] end restore_fused_tensors cost 0.664 ms
DEBUG 04-24 11:11:23.417019.417019 cuda_h.py:27] end group_fused_tensors_mp cost 0.981 ms
DEBUG 04-24 11:11:23.417828.417828 cuda_h.py:27] end restore_fused_tensors cost 0.620 ms
DEBUG 04-24 11:11:23.417963.417963 cuda_h.py:27] end group_fused_tensors_mp cost 0.846 ms
DEBUG 04-24 11:11:23.417219.417219 cuda_h.py:27] end group stack cost 1.914 ms
DEBUG 04-24 11:11:23.417177.417177 cuda_h.py:27] end move_flatidxs_group_fused_mp cost 3.204 ms
DEBUG 04-24 11:11:23.417120.417120 cuda_h.py:27] end get_fused_experts_names_w cost 0.041 ms
DEBUG 04-24 11:11:23.419537.419537 cuda_h.py:27] end restore_fused_tensors cost 1.570 ms
DEBUG 04-24 11:11:23.419438.419438 cuda_h.py:27] end group_fused_tensors_mp cost 2.031 ms
DEBUG 04-24 11:11:23.419020.419020 cuda_h.py:27] end restore2model cost 1.775 ms
DEBUG 04-24 11:11:23.420276.420276 cuda_h.py:27] end sllm_worker_task cost 12.984 ms
DEBUG 04-24 11:11:23.421140.421140 cuda_h.py:27] end load_into_gpu_async_fused_experts_dual cost 6.216 ms
DEBUG 04-24 11:11:23.421673.421673 cuda_h.py:27] end restore_tensors2_fused_experts_packed cost 0.232 ms
DEBUG 04-24 11:11:23.422447.422447 cuda_h.py:27] end restore_tensors2_fused_experts_slices cost 0.505 ms
DEBUG 04-24 11:11:23.422438.422438 cuda_h.py:27] end allocate_experts_cuda_memory_and_restore_model_multi_device_fused cost 9.795 ms
DEBUG 04-24 11:11:23.422675.422675 cuda_h.py:27] end gpu_sexperts cost 0.008 ms
DEBUG 04-24 11:11:23.422895.422895 cuda_h.py:27] end wait_load_qkvogn_s_weight cost 0.020 ms
DEBUG 04-24 11:11:23.429439.429439 mlpmodule.py:3373] [fused_group_bmm][steps] bmm1=7.470 ms split=0.090 ms act_mul=0.368 ms bmm2=4.145 ms
DEBUG 04-24 11:11:23.429296.429296 cuda_h.py:27] end fused_group_bmm cost 12.405 ms
DEBUG 04-24 11:11:23.429172.429172 mlpmodule.py:3373] [fused_group_bmm][steps] bmm1=7.720 ms split=0.067 ms act_mul=0.470 ms bmm2=4.271 ms
DEBUG 04-24 11:11:23.430561.430561 cuda_h.py:27] end fused_group_bmm cost 12.913 ms
DEBUG 04-24 11:11:23.430219.430219 cuda_h.py:27] end gather_outputs_group_fused_mp cost 0.427 ms
DEBUG 04-24 11:11:23.430224.430224 mlpmodule.py:3373] [fused_group_bmm][steps] bmm1=7.091 ms split=0.149 ms act_mul=0.435 ms bmm2=5.289 ms
DEBUG 04-24 11:11:23.430385.430385 cuda_h.py:27] end fused_group_bmm cost 13.249 ms
DEBUG 04-24 11:11:23.430163.430163 cuda_h.py:27] end gather_outputs_group_fused_mp cost 0.344 ms
DEBUG 04-24 11:11:23.430696.430696 cuda_h.py:27] end cpu_experts_worker_bmm_or_einsum_2 cost 17.643 ms
DEBUG 04-24 11:11:23.430482.430482 cuda_h.py:27] end gather_outputs_group_fused_mp cost 0.409 ms
DEBUG 04-24 11:11:23.431888.431888 cuda_h.py:27] end cpu_experts_worker_bmm_or_einsum_0 cost 18.034 ms
DEBUG 04-24 11:11:23.432709.432709 cuda_h.py:27] end cpu_experts_worker_bmm_or_einsum_1 cost 19.187 ms
DEBUG 04-24 11:11:23.433994.433994 mlpmodule.py:3373] [fused_group_bmm][steps] bmm1=8.386 ms split=0.357 ms act_mul=0.630 ms bmm2=3.489 ms
DEBUG 04-24 11:11:23.433325.433325 cuda_h.py:27] end fused_group_bmm cost 13.103 ms
DEBUG 04-24 11:11:23.434069.434069 cuda_h.py:27] end gather_outputs_group_fused_mp cost 0.397 ms
DEBUG 04-24 11:11:23.434737.434737 cuda_h.py:27] end cpu_experts_worker_bmm_or_einsum_3 cost 20.916 ms
DEBUG 04-24 11:11:23.438249.438249 cuda_h.py:27] end prepare_per_device_parameters cost 15.551 ms
DEBUG 04-24 11:11:23.440920.440920 cuda_h.py:27] end cpu_experts_scatter_reduce cost 0.704 ms
DEBUG 04-24 11:11:23.440367.440367 cuda_h.py:27] end cpu_thread_manager_mp_wait_fused cost 2.223 ms
DEBUG 04-24 11:11:23.442418.442418 cuda_h.py:27] end wait_experts_multi_device cost 1.683 ms
DEBUG 04-24 11:11:23.442069.442069 cuda_h.py:27] end *before fused experts* cost 29.823 ms
DEBUG 04-24 11:11:23.446853.446853 cuda_h.py:27] end gpu_experts_multi_device_fused cost 4.190 ms
DEBUG 04-24 11:11:23.446286.446286 cuda_h.py:27] end *gpu experts* cost 34.126 ms
DEBUG 04-24 11:11:23.446255.446255 cuda_h.py:27] end layer_moe_generate_mp_multi_device_fused_l_25 cost 36.656 ms
DEBUG 04-24 11:11:23.448162.448162 cuda_h.py:27] end *mlp cost 38.411 ms
DEBUG 04-24 11:11:23.448457.448457 cuda_h.py:27] end prefill_layer cost 41.104 ms
DEBUG 04-24 11:11:23.448511.448511 lmp.py:341] -------------------------------- end prefill layer 24 --------------------------------
DEBUG 04-24 11:11:23.448592.448592 lmp.py:294] -------------------------------- start prefill layer 25 --------------------------------
DEBUG 04-24 11:11:23.448124.448124 cuda_h.py:27] end start_load_qkvogn_s_weight_l_26 cost 0.044 ms
DEBUG 04-24 11:11:23.449541.449541 cuda_h.py:27] end allocate_cuda_memory cost 0.238 ms
DEBUG 04-24 11:11:23.449090.449090 sllm_store_c.py:27] get device uuid map
DEBUG 04-24 11:11:23.449208.449208 sllm_store_c.py:29] call client load into gpu
DEBUG 04-24 11:11:23.451254.451254 cuda_h.py:27] end **self_attn cost 1.313 ms
DEBUG 04-24 11:11:23.451420.451420 cuda_h.py:27] end *iln_self_attn_paln cost 2.375 ms
DEBUG 04-24 11:11:23.451637.451637 cuda_h.py:27] end load_into_gpu_async cost 1.873 ms
DEBUG 04-24 11:11:23.451506.451506 cuda_h.py:27] end restore_tensors2 cost 0.110 ms
DEBUG 04-24 11:11:23.451137.451137 cuda_h.py:27] end allocate_cuda_memory_and_load_into_gpu cost 2.659 ms
DEBUG 04-24 11:11:23.452116.452116 cuda_h.py:27] end gate cost 0.830 ms
DEBUG 04-24 11:11:23.452492.452492 cuda_h.py:27] end experts_map_get cost 0.263 ms
DEBUG 04-24 11:11:23.452560.452560 cuda_h.py:27] end *before experts start* cost 1.238 ms
DEBUG 04-24 11:11:23.452813.452813 cuda_h.py:27] end cpu_experts_submit_fused_mp cost 0.194 ms
DEBUG 04-24 11:11:23.453909.453909 cuda_h.py:27] end *single cpu experts* cost 1.104 ms
DEBUG 04-24 11:11:23.455764.455764 cuda_h.py:27] end prepare_group_stack cost 0.505 ms
DEBUG 04-24 11:11:23.455539.455539 cuda_h.py:27] end prepare_group_stack cost 0.490 ms
DEBUG 04-24 11:11:23.456973.456973 cuda_h.py:27] end group stack cost 0.776 ms
DEBUG 04-24 11:11:23.456957.456957 cuda_h.py:27] end move_flatidxs_group_fused_mp cost 1.522 ms
DEBUG 04-24 11:11:23.456177.456177 cuda_h.py:27] end prepare_group_stack cost 0.471 ms
DEBUG 04-24 11:11:23.456834.456834 cuda_h.py:27] end prepare_group_stack cost 0.468 ms
DEBUG 04-24 11:11:23.456462.456462 cuda_h.py:27] end get_fused_experts_names_w cost 0.025 ms
DEBUG 04-24 11:11:23.456873.456873 cuda_h.py:27] end group stack cost 1.167 ms
DEBUG 04-24 11:11:23.456814.456814 sllm_store_c.py:27] get device uuid map
DEBUG 04-24 11:11:23.456754.456754 sllm_store_c.py:29] call client load into gpu
DEBUG 04-24 11:11:23.456675.456675 cuda_h.py:27] end move_flatidxs_group_fused_mp cost 2.005 ms
DEBUG 04-24 11:11:23.456614.456614 cuda_h.py:27] end get_fused_experts_names_w cost 0.024 ms
DEBUG 04-24 11:11:23.457236.457236 cuda_h.py:27] end restore_fused_tensors cost 0.602 ms
DEBUG 04-24 11:11:23.457914.457914 cuda_h.py:27] end group_fused_tensors_mp cost 0.890 ms
DEBUG 04-24 11:11:23.457585.457585 cuda_h.py:27] end group stack cost 0.882 ms
DEBUG 04-24 11:11:23.457102.457102 cuda_h.py:27] end group stack cost 0.932 ms
DEBUG 04-24 11:11:23.457419.457419 cuda_h.py:27] end move_flatidxs_group_fused_mp cost 1.727 ms
DEBUG 04-24 11:11:23.457525.457525 cuda_h.py:27] end move_flatidxs_group_fused_mp cost 1.799 ms
DEBUG 04-24 11:11:23.457651.457651 cuda_h.py:27] end restore_fused_tensors cost 0.535 ms
DEBUG 04-24 11:11:23.457915.457915 cuda_h.py:27] end get_fused_experts_names_w cost 0.024 ms
DEBUG 04-24 11:11:23.457121.457121 cuda_h.py:27] end get_fused_experts_names_w cost 0.024 ms
DEBUG 04-24 11:11:23.457102.457102 cuda_h.py:27] end group_fused_tensors_mp cost 0.936 ms
DEBUG 04-24 11:11:23.458894.458894 cuda_h.py:27] end restore_fused_tensors cost 0.497 ms
DEBUG 04-24 11:11:23.458689.458689 cuda_h.py:27] end restore_fused_tensors cost 0.530 ms
DEBUG 04-24 11:11:23.458922.458922 cuda_h.py:27] end group_fused_tensors_mp cost 0.619 ms
DEBUG 04-24 11:11:23.458764.458764 cuda_h.py:27] end group_fused_tensors_mp cost 0.655 ms
DEBUG 04-24 11:11:23.461490.461490 cuda_h.py:27] end load_into_gpu_async_fused_experts_dual cost 4.890 ms
DEBUG 04-24 11:11:23.462715.462715 cuda_h.py:27] end restore_tensors2_fused_experts_packed cost 0.210 ms
DEBUG 04-24 11:11:23.462615.462615 cuda_h.py:27] end restore2model cost 2.694 ms
DEBUG 04-24 11:11:23.463893.463893 cuda_h.py:27] end restore_tensors2_fused_experts_slices cost 0.520 ms
DEBUG 04-24 11:11:23.463660.463660 cuda_h.py:27] end sllm_worker_task cost 14.522 ms
DEBUG 04-24 11:11:23.463472.463472 cuda_h.py:27] end allocate_experts_cuda_memory_and_restore_model_multi_device_fused cost 10.009 ms
DEBUG 04-24 11:11:23.464806.464806 cuda_h.py:27] end gpu_sexperts cost 0.014 ms
DEBUG 04-24 11:11:23.464662.464662 cuda_h.py:27] end wait_load_qkvogn_s_weight cost 0.024 ms
DEBUG 04-24 11:11:23.466507.466507 mlpmodule.py:3373] [fused_group_bmm][steps] bmm1=6.573 ms split=0.091 ms act_mul=0.396 ms bmm2=1.971 ms
DEBUG 04-24 11:11:23.466103.466103 cuda_h.py:27] end fused_group_bmm cost 9.247 ms
DEBUG 04-24 11:11:23.467041.467041 cuda_h.py:27] end gather_outputs_group_fused_mp cost 0.634 ms
DEBUG 04-24 11:11:23.468924.468924 cuda_h.py:27] end cpu_experts_worker_bmm_or_einsum_0 cost 14.870 ms
DEBUG 04-24 11:11:23.469578.469578 mlpmodule.py:3373] [fused_group_bmm][steps] bmm1=6.934 ms split=0.133 ms act_mul=0.444 ms bmm2=3.775 ms
DEBUG 04-24 11:11:23.469327.469327 cuda_h.py:27] end fused_group_bmm cost 11.518 ms
DEBUG 04-24 11:11:23.470812.470812 cuda_h.py:27] end gather_outputs_group_fused_mp cost 0.365 ms
DEBUG 04-24 11:11:23.470968.470968 cuda_h.py:27] end cpu_experts_worker_bmm_or_einsum_2 cost 17.000 ms
DEBUG 04-24 11:11:23.471819.471819 mlpmodule.py:3373] [fused_group_bmm][steps] bmm1=7.937 ms split=0.097 ms act_mul=0.361 ms bmm2=4.526 ms
DEBUG 04-24 11:11:23.471736.471736 cuda_h.py:27] end fused_group_bmm cost 13.271 ms
DEBUG 04-24 11:11:23.472766.472766 mlpmodule.py:3373] [fused_group_bmm][steps] bmm1=7.868 ms split=0.098 ms act_mul=0.340 ms bmm2=5.266 ms
DEBUG 04-24 11:11:23.472919.472919 cuda_h.py:27] end fused_group_bmm cost 13.823 ms
DEBUG 04-24 11:11:23.472156.472156 cuda_h.py:27] end gather_outputs_group_fused_mp cost 0.473 ms
DEBUG 04-24 11:11:23.472754.472754 cuda_h.py:27] end gather_outputs_group_fused_mp cost 0.422 ms
DEBUG 04-24 11:11:23.473580.473580 cuda_h.py:27] end cpu_experts_worker_bmm_or_einsum_1 cost 18.407 ms
DEBUG 04-24 11:11:23.473183.473183 cuda_h.py:27] end cpu_experts_worker_bmm_or_einsum_3 cost 18.843 ms
DEBUG 04-24 11:11:23.479488.479488 cuda_h.py:27] end prepare_per_device_parameters cost 14.833 ms
DEBUG 04-24 11:11:23.481114.481114 cuda_h.py:27] end cpu_experts_scatter_reduce cost 0.692 ms
DEBUG 04-24 11:11:23.481514.481514 cuda_h.py:27] end cpu_thread_manager_mp_wait_fused cost 2.047 ms
DEBUG 04-24 11:11:23.482257.482257 cuda_h.py:27] end wait_experts_multi_device cost 1.175 ms
DEBUG 04-24 11:11:23.482702.482702 cuda_h.py:27] end *before fused experts* cost 28.764 ms
DEBUG 04-24 11:11:23.486399.486399 cuda_h.py:27] end gpu_experts_multi_device_fused cost 3.781 ms
DEBUG 04-24 11:11:23.486964.486964 cuda_h.py:27] end *gpu experts* cost 32.643 ms
DEBUG 04-24 11:11:23.486047.486047 cuda_h.py:27] end layer_moe_generate_mp_multi_device_fused_l_26 cost 35.164 ms
DEBUG 04-24 11:11:23.488125.488125 cuda_h.py:27] end *mlp cost 36.907 ms
DEBUG 04-24 11:11:23.488162.488162 cuda_h.py:27] end prefill_layer cost 39.568 ms
DEBUG 04-24 11:11:23.488533.488533 lmp.py:341] -------------------------------- end prefill layer 25 --------------------------------
DEBUG 04-24 11:11:23.488165.488165 lmp.py:294] -------------------------------- start prefill layer 26 --------------------------------
DEBUG 04-24 11:11:23.488594.488594 cuda_h.py:27] end start_load_qkvogn_s_weight_l_27 cost 0.077 ms
DEBUG 04-24 11:11:23.489078.489078 cuda_h.py:27] end allocate_cuda_memory cost 0.392 ms
DEBUG 04-24 11:11:23.489082.489082 sllm_store_c.py:27] get device uuid map
DEBUG 04-24 11:11:23.490593.490593 sllm_store_c.py:29] call client load into gpu
DEBUG 04-24 11:11:23.491351.491351 cuda_h.py:27] end **self_attn cost 1.353 ms
DEBUG 04-24 11:11:23.491547.491547 cuda_h.py:27] end load_into_gpu_async cost 1.823 ms
DEBUG 04-24 11:11:23.491956.491956 cuda_h.py:27] end restore_tensors2 cost 0.106 ms
DEBUG 04-24 11:11:23.492653.492653 cuda_h.py:27] end *iln_self_attn_paln cost 3.235 ms
DEBUG 04-24 11:11:23.492343.492343 cuda_h.py:27] end allocate_cuda_memory_and_load_into_gpu cost 3.068 ms
DEBUG 04-24 11:11:23.492052.492052 cuda_h.py:27] end gate cost 0.616 ms
DEBUG 04-24 11:11:23.493217.493217 cuda_h.py:27] end experts_map_get cost 0.282 ms
DEBUG 04-24 11:11:23.493570.493570 cuda_h.py:27] end *before experts start* cost 1.044 ms
DEBUG 04-24 11:11:23.493074.493074 cuda_h.py:27] end cpu_experts_submit_fused_mp cost 0.204 ms
DEBUG 04-24 11:11:23.494210.494210 cuda_h.py:27] end *single cpu experts* cost 1.108 ms
DEBUG 04-24 11:11:23.495378.495378 cuda_h.py:27] end prepare_group_stack cost 0.404 ms
DEBUG 04-24 11:11:23.496035.496035 cuda_h.py:27] end group stack cost 0.545 ms
DEBUG 04-24 11:11:23.496826.496826 cuda_h.py:27] end move_flatidxs_group_fused_mp cost 1.136 ms
DEBUG 04-24 11:11:23.496798.496798 cuda_h.py:27] end get_fused_experts_names_w cost 0.023 ms
DEBUG 04-24 11:11:23.496671.496671 cuda_h.py:27] end prepare_group_stack cost 0.524 ms
DEBUG 04-24 11:11:23.496792.496792 cuda_h.py:27] end prepare_group_stack cost 0.492 ms
DEBUG 04-24 11:11:23.496971.496971 cuda_h.py:27] end prepare_group_stack cost 0.502 ms
DEBUG 04-24 11:11:23.497739.497739 sllm_store_c.py:27] get device uuid map
DEBUG 04-24 11:11:23.497918.497918 sllm_store_c.py:29] call client load into gpu
DEBUG 04-24 11:11:23.497086.497086 cuda_h.py:27] end restore_fused_tensors cost 0.745 ms
DEBUG 04-24 11:11:23.497686.497686 cuda_h.py:27] end group_fused_tensors_mp cost 1.030 ms
DEBUG 04-24 11:11:23.497550.497550 cuda_h.py:27] end group stack cost 0.826 ms
DEBUG 04-24 11:11:23.497753.497753 cuda_h.py:27] end move_flatidxs_group_fused_mp cost 1.632 ms
DEBUG 04-24 11:11:23.498114.498114 cuda_h.py:27] end get_fused_experts_names_w cost 0.025 ms
DEBUG 04-24 11:11:23.498787.498787 cuda_h.py:27] end group stack cost 1.314 ms
DEBUG 04-24 11:11:23.498275.498275 cuda_h.py:27] end move_flatidxs_group_fused_mp cost 2.273 ms
DEBUG 04-24 11:11:23.498780.498780 cuda_h.py:27] end group stack cost 1.680 ms
DEBUG 04-24 11:11:23.499218.499218 cuda_h.py:27] end get_fused_experts_names_w cost 0.029 ms
DEBUG 04-24 11:11:23.499698.499698 cuda_h.py:27] end restore_fused_tensors cost 0.688 ms
DEBUG 04-24 11:11:23.499604.499604 cuda_h.py:27] end move_flatidxs_group_fused_mp cost 2.637 ms
DEBUG 04-24 11:11:23.499926.499926 cuda_h.py:27] end group_fused_tensors_mp cost 1.330 ms
DEBUG 04-24 11:11:23.499094.499094 cuda_h.py:27] end get_fused_experts_names_w cost 0.045 ms
DEBUG 04-24 11:11:23.500104.500104 cuda_h.py:27] end restore_fused_tensors cost 0.777 ms
DEBUG 04-24 11:11:23.500948.500948 cuda_h.py:27] end group_fused_tensors_mp cost 1.275 ms
DEBUG 04-24 11:11:23.500376.500376 cuda_h.py:27] end restore_fused_tensors cost 1.102 ms
DEBUG 04-24 11:11:23.500844.500844 cuda_h.py:27] end group_fused_tensors_mp cost 1.487 ms
DEBUG 04-24 11:11:23.500653.500653 cuda_h.py:27] end restore2model cost 1.878 ms
DEBUG 04-24 11:11:23.501531.501531 cuda_h.py:27] end load_into_gpu_async_fused_experts_dual cost 4.047 ms
DEBUG 04-24 11:11:23.501163.501163 cuda_h.py:27] end sllm_worker_task cost 12.310 ms
DEBUG 04-24 11:11:23.501220.501220 cuda_h.py:27] end restore_tensors2_fused_experts_packed cost 0.138 ms
DEBUG 04-24 11:11:23.502070.502070 cuda_h.py:27] end restore_tensors2_fused_experts_slices cost 0.812 ms
DEBUG 04-24 11:11:23.503979.503979 cuda_h.py:27] end allocate_experts_cuda_memory_and_restore_model_multi_device_fused cost 8.839 ms
DEBUG 04-24 11:11:23.503269.503269 cuda_h.py:27] end gpu_sexperts cost 0.023 ms
DEBUG 04-24 11:11:23.504634.504634 cuda_h.py:27] end wait_load_qkvogn_s_weight cost 0.065 ms
DEBUG 04-24 11:11:23.506109.506109 mlpmodule.py:3373] [fused_group_bmm][steps] bmm1=3.266 ms split=0.084 ms act_mul=0.510 ms bmm2=4.611 ms
DEBUG 04-24 11:11:23.506106.506106 cuda_h.py:27] end fused_group_bmm cost 8.848 ms
DEBUG 04-24 11:11:23.507285.507285 cuda_h.py:27] end gather_outputs_group_fused_mp cost 0.541 ms
DEBUG 04-24 11:11:23.507897.507897 cuda_h.py:27] end cpu_experts_worker_bmm_or_einsum_0 cost 13.531 ms
DEBUG 04-24 11:11:23.511731.511731 mlpmodule.py:3373] [fused_group_bmm][steps] bmm1=6.821 ms split=0.090 ms act_mul=0.314 ms bmm2=3.191 ms
DEBUG 04-24 11:11:23.511958.511958 cuda_h.py:27] end fused_group_bmm cost 10.684 ms
DEBUG 04-24 11:11:23.512945.512945 cuda_h.py:27] end gather_outputs_group_fused_mp cost 0.368 ms
DEBUG 04-24 11:11:23.512392.512392 cuda_h.py:27] end cpu_experts_worker_bmm_or_einsum_2 cost 17.418 ms
DEBUG 04-24 11:11:23.512499.512499 mlpmodule.py:3373] [fused_group_bmm][steps] bmm1=9.192 ms split=0.128 ms act_mul=0.315 ms bmm2=3.725 ms
DEBUG 04-24 11:11:23.513572.513572 cuda_h.py:27] end fused_group_bmm cost 13.788 ms
DEBUG 04-24 11:11:23.514745.514745 cuda_h.py:27] end gather_outputs_group_fused_mp cost 0.858 ms
DEBUG 04-24 11:11:23.515963.515963 mlpmodule.py:3373] [fused_group_bmm][steps] bmm1=9.488 ms split=0.197 ms act_mul=0.614 ms bmm2=4.411 ms
DEBUG 04-24 11:11:23.515864.515864 cuda_h.py:27] end fused_group_bmm cost 14.946 ms
DEBUG 04-24 11:11:23.515671.515671 cuda_h.py:27] end cpu_experts_worker_bmm_or_einsum_1 cost 20.028 ms
DEBUG 04-24 11:11:23.516807.516807 cuda_h.py:27] end gather_outputs_group_fused_mp cost 0.433 ms
DEBUG 04-24 11:11:23.516975.516975 cuda_h.py:27] end cpu_experts_worker_bmm_or_einsum_3 cost 21.187 ms
DEBUG 04-24 11:11:23.519296.519296 cuda_h.py:27] end prepare_per_device_parameters cost 14.829 ms
DEBUG 04-24 11:11:23.521922.521922 cuda_h.py:27] end cpu_experts_scatter_reduce cost 0.573 ms
DEBUG 04-24 11:11:23.521395.521395 cuda_h.py:27] end cpu_thread_manager_mp_wait_fused cost 2.654 ms
DEBUG 04-24 11:11:23.523363.523363 cuda_h.py:27] end wait_experts_multi_device cost 1.205 ms
DEBUG 04-24 11:11:23.523908.523908 cuda_h.py:27] end *before fused experts* cost 28.692 ms
DEBUG 04-24 11:11:23.527710.527710 cuda_h.py:27] end gpu_experts_multi_device_fused cost 4.351 ms
DEBUG 04-24 11:11:23.527861.527861 cuda_h.py:27] end *gpu experts* cost 33.221 ms
DEBUG 04-24 11:11:23.527486.527486 cuda_h.py:27] end layer_moe_generate_mp_multi_device_fused_l_27 cost 35.531 ms
DEBUG 04-24 11:11:23.529247.529247 cuda_h.py:27] end *mlp cost 37.286 ms
DEBUG 04-24 11:11:23.529621.529621 cuda_h.py:27] end prefill_layer cost 40.934 ms
DEBUG 04-24 11:11:23.529324.529324 lmp.py:341] -------------------------------- end prefill layer 26 --------------------------------
DEBUG 04-24 11:11:23.529258.529258 lmp.py:294] -------------------------------- start prefill layer 27 --------------------------------
DEBUG 04-24 11:11:23.529307.529307 cuda_h.py:27] end start_load_qkvogn_s_weight_l_28 cost 0.040 ms
DEBUG 04-24 11:11:23.530849.530849 cuda_h.py:27] end allocate_cuda_memory cost 0.195 ms
DEBUG 04-24 11:11:23.530324.530324 sllm_store_c.py:27] get device uuid map
DEBUG 04-24 11:11:23.530859.530859 sllm_store_c.py:29] call client load into gpu
DEBUG 04-24 11:11:23.531087.531087 cuda_h.py:27] end load_into_gpu_async cost 1.615 ms
DEBUG 04-24 11:11:23.532237.532237 cuda_h.py:27] end restore_tensors2 cost 0.093 ms
DEBUG 04-24 11:11:23.532206.532206 cuda_h.py:27] end **self_attn cost 1.543 ms
DEBUG 04-24 11:11:23.532943.532943 cuda_h.py:27] end allocate_cuda_memory_and_load_into_gpu cost 2.256 ms
DEBUG 04-24 11:11:23.532168.532168 cuda_h.py:27] end *iln_self_attn_paln cost 2.822 ms
DEBUG 04-24 11:11:23.533949.533949 cuda_h.py:27] end gate cost 0.506 ms
DEBUG 04-24 11:11:23.533961.533961 cuda_h.py:27] end experts_map_get cost 0.279 ms
DEBUG 04-24 11:11:23.533314.533314 cuda_h.py:27] end *before experts start* cost 0.925 ms
DEBUG 04-24 11:11:23.533057.533057 cuda_h.py:27] end cpu_experts_submit_fused_mp cost 0.204 ms
DEBUG 04-24 11:11:23.534624.534624 cuda_h.py:27] end *single cpu experts* cost 1.110 ms
DEBUG 04-24 11:11:23.535204.535204 cuda_h.py:27] end prepare_group_stack cost 0.428 ms
DEBUG 04-24 11:11:23.536478.536478 cuda_h.py:27] end group stack cost 0.772 ms
DEBUG 04-24 11:11:23.536635.536635 cuda_h.py:27] end move_flatidxs_group_fused_mp cost 1.467 ms
DEBUG 04-24 11:11:23.537415.537415 cuda_h.py:27] end prepare_group_stack cost 0.486 ms
DEBUG 04-24 11:11:23.537648.537648 cuda_h.py:27] end prepare_group_stack cost 0.527 ms
DEBUG 04-24 11:11:23.537623.537623 cuda_h.py:27] end get_fused_experts_names_w cost 0.025 ms
DEBUG 04-24 11:11:23.537689.537689 cuda_h.py:27] end prepare_group_stack cost 0.528 ms
DEBUG 04-24 11:11:23.537658.537658 sllm_store_c.py:27] get device uuid map
DEBUG 04-24 11:11:23.537574.537574 sllm_store_c.py:29] call client load into gpu
DEBUG 04-24 11:11:23.537931.537931 cuda_h.py:27] end restore_fused_tensors cost 0.631 ms
DEBUG 04-24 11:11:23.537556.537556 cuda_h.py:27] end group_fused_tensors_mp cost 0.788 ms
DEBUG 04-24 11:11:23.538743.538743 cuda_h.py:27] end group stack cost 1.145 ms
DEBUG 04-24 11:11:23.538310.538310 cuda_h.py:27] end move_flatidxs_group_fused_mp cost 1.881 ms
DEBUG 04-24 11:11:23.538277.538277 cuda_h.py:27] end group stack cost 1.275 ms
DEBUG 04-24 11:11:23.538551.538551 cuda_h.py:27] end get_fused_experts_names_w cost 0.024 ms
DEBUG 04-24 11:11:23.538591.538591 cuda_h.py:27] end move_flatidxs_group_fused_mp cost 2.016 ms
DEBUG 04-24 11:11:23.538255.538255 cuda_h.py:27] end group stack cost 1.423 ms
DEBUG 04-24 11:11:23.538720.538720 cuda_h.py:27] end get_fused_experts_names_w cost 0.025 ms
DEBUG 04-24 11:11:23.538715.538715 cuda_h.py:27] end move_flatidxs_group_fused_mp cost 2.348 ms
DEBUG 04-24 11:11:23.539178.539178 cuda_h.py:27] end get_fused_experts_names_w cost 0.035 ms
DEBUG 04-24 11:11:23.539943.539943 cuda_h.py:27] end restore_fused_tensors cost 0.592 ms
DEBUG 04-24 11:11:23.539641.539641 cuda_h.py:27] end group_fused_tensors_mp cost 0.937 ms
DEBUG 04-24 11:11:23.539445.539445 cuda_h.py:27] end restore_fused_tensors cost 0.527 ms
DEBUG 04-24 11:11:23.539014.539014 cuda_h.py:27] end group_fused_tensors_mp cost 0.913 ms
DEBUG 04-24 11:11:23.540353.540353 cuda_h.py:27] end restore_fused_tensors cost 1.083 ms
DEBUG 04-24 11:11:23.540194.540194 cuda_h.py:27] end group_fused_tensors_mp cost 1.527 ms
DEBUG 04-24 11:11:23.541128.541128 cuda_h.py:27] end restore2model cost 1.517 ms
DEBUG 04-24 11:11:23.541612.541612 cuda_h.py:27] end sllm_worker_task cost 11.554 ms
DEBUG 04-24 11:11:23.541693.541693 cuda_h.py:27] end load_into_gpu_async_fused_experts_dual cost 4.193 ms
DEBUG 04-24 11:11:23.542911.542911 cuda_h.py:27] end restore_tensors2_fused_experts_packed cost 0.202 ms
DEBUG 04-24 11:11:23.542152.542152 cuda_h.py:27] end restore_tensors2_fused_experts_slices cost 0.582 ms
DEBUG 04-24 11:11:23.542153.542153 cuda_h.py:27] end allocate_experts_cuda_memory_and_restore_model_multi_device_fused cost 8.228 ms
DEBUG 04-24 11:11:23.543808.543808 cuda_h.py:27] end gpu_sexperts cost 0.029 ms
DEBUG 04-24 11:11:23.543216.543216 cuda_h.py:27] end wait_load_qkvogn_s_weight cost 0.069 ms
DEBUG 04-24 11:11:23.547963.547963 mlpmodule.py:3373] [fused_group_bmm][steps] bmm1=3.164 ms split=0.110 ms act_mul=0.431 ms bmm2=5.309 ms
DEBUG 04-24 11:11:23.547804.547804 cuda_h.py:27] end fused_group_bmm cost 9.246 ms
DEBUG 04-24 11:11:23.547429.547429 cuda_h.py:27] end gather_outputs_group_fused_mp cost 0.415 ms
DEBUG 04-24 11:11:23.548237.548237 cuda_h.py:27] end cpu_experts_worker_bmm_or_einsum_0 cost 13.829 ms
DEBUG 04-24 11:11:23.550836.550836 mlpmodule.py:3373] [fused_group_bmm][steps] bmm1=6.441 ms split=0.222 ms act_mul=0.380 ms bmm2=2.711 ms
DEBUG 04-24 11:11:23.551465.551465 cuda_h.py:27] end fused_group_bmm cost 9.966 ms
DEBUG 04-24 11:11:23.551703.551703 cuda_h.py:27] end gather_outputs_group_fused_mp cost 0.347 ms
DEBUG 04-24 11:11:23.552688.552688 cuda_h.py:27] end cpu_experts_worker_bmm_or_einsum_2 cost 16.492 ms
DEBUG 04-24 11:11:23.553841.553841 mlpmodule.py:3373] [fused_group_bmm][steps] bmm1=7.886 ms split=0.255 ms act_mul=0.331 ms bmm2=5.258 ms
DEBUG 04-24 11:11:23.553580.553580 mlpmodule.py:3373] [fused_group_bmm][steps] bmm1=7.919 ms split=0.122 ms act_mul=0.829 ms bmm2=4.662 ms
DEBUG 04-24 11:11:23.553663.553663 cuda_h.py:27] end fused_group_bmm cost 13.985 ms
DEBUG 04-24 11:11:23.553983.553983 cuda_h.py:27] end fused_group_bmm cost 13.932 ms
DEBUG 04-24 11:11:23.554137.554137 cuda_h.py:27] end gather_outputs_group_fused_mp cost 0.463 ms
DEBUG 04-24 11:11:23.554101.554101 cuda_h.py:27] end gather_outputs_group_fused_mp cost 0.412 ms
DEBUG 04-24 11:11:23.554031.554031 cuda_h.py:27] end cpu_experts_worker_bmm_or_einsum_1 cost 18.998 ms
DEBUG 04-24 11:11:23.555836.555836 cuda_h.py:27] end cpu_experts_worker_bmm_or_einsum_3 cost 19.512 ms
DEBUG 04-24 11:11:23.558093.558093 cuda_h.py:27] end prepare_per_device_parameters cost 14.608 ms
DEBUG 04-24 11:11:23.560827.560827 cuda_h.py:27] end cpu_experts_scatter_reduce cost 0.700 ms
DEBUG 04-24 11:11:23.560975.560975 cuda_h.py:27] end cpu_thread_manager_mp_wait_fused cost 2.308 ms
DEBUG 04-24 11:11:23.562213.562213 cuda_h.py:27] end wait_experts_multi_device cost 1.156 ms
DEBUG 04-24 11:11:23.562666.562666 cuda_h.py:27] end *before fused experts* cost 27.507 ms
DEBUG 04-24 11:11:23.566545.566545 cuda_h.py:27] end gpu_experts_multi_device_fused cost 3.877 ms
DEBUG 04-24 11:11:23.566163.566163 cuda_h.py:27] end *gpu experts* cost 31.490 ms
DEBUG 04-24 11:11:23.566881.566881 cuda_h.py:27] end layer_moe_generate_mp_multi_device_fused_l_28 cost 33.681 ms
DEBUG 04-24 11:11:23.567457.567457 cuda_h.py:27] end *mlp cost 35.262 ms
DEBUG 04-24 11:11:23.567507.567507 cuda_h.py:27] end prefill_layer cost 38.278 ms
DEBUG 04-24 11:11:23.567879.567879 lmp.py:341] -------------------------------- end prefill layer 27 --------------------------------
DEBUG 04-24 11:11:23.568284.568284 lmp.py:294] -------------------------------- start prefill layer 28 --------------------------------
DEBUG 04-24 11:11:23.568670.568670 cuda_h.py:27] end start_load_qkvogn_s_weight_l_29 cost 0.040 ms
DEBUG 04-24 11:11:23.568259.568259 cuda_h.py:27] end allocate_cuda_memory cost 0.235 ms
DEBUG 04-24 11:11:23.568979.568979 sllm_store_c.py:27] get device uuid map
DEBUG 04-24 11:11:23.568480.568480 sllm_store_c.py:29] call client load into gpu
DEBUG 04-24 11:11:23.570401.570401 cuda_h.py:27] end **self_attn cost 1.303 ms
DEBUG 04-24 11:11:23.570197.570197 cuda_h.py:27] end *iln_self_attn_paln cost 2.331 ms
DEBUG 04-24 11:11:23.570228.570228 cuda_h.py:27] end load_into_gpu_async cost 1.900 ms
DEBUG 04-24 11:11:23.571498.571498 cuda_h.py:27] end restore_tensors2 cost 0.088 ms
DEBUG 04-24 11:11:23.571236.571236 cuda_h.py:27] end allocate_cuda_memory_and_load_into_gpu cost 2.757 ms
DEBUG 04-24 11:11:23.571799.571799 cuda_h.py:27] end gate cost 0.755 ms
DEBUG 04-24 11:11:23.571487.571487 cuda_h.py:27] end experts_map_get cost 0.277 ms
DEBUG 04-24 11:11:23.571840.571840 cuda_h.py:27] end *before experts start* cost 1.181 ms
DEBUG 04-24 11:11:23.572046.572046 cuda_h.py:27] end cpu_experts_submit_fused_mp cost 0.195 ms
DEBUG 04-24 11:11:23.573474.573474 cuda_h.py:27] end *single cpu experts* cost 1.103 ms
DEBUG 04-24 11:11:23.575020.575020 sllm_store_c.py:27] get device uuid map
DEBUG 04-24 11:11:23.575415.575415 sllm_store_c.py:29] call client load into gpu
DEBUG 04-24 11:11:23.575862.575862 cuda_h.py:27] end prepare_group_stack cost 0.629 ms
DEBUG 04-24 11:11:23.575372.575372 cuda_h.py:27] end prepare_group_stack cost 0.606 ms
DEBUG 04-24 11:11:23.575164.575164 cuda_h.py:27] end prepare_group_stack cost 0.632 ms
DEBUG 04-24 11:11:23.575703.575703 cuda_h.py:27] end prepare_group_stack cost 0.621 ms
DEBUG 04-24 11:11:23.576174.576174 cuda_h.py:27] end group stack cost 1.019 ms
DEBUG 04-24 11:11:23.576865.576865 cuda_h.py:27] end move_flatidxs_group_fused_mp cost 1.954 ms
DEBUG 04-24 11:11:23.576074.576074 cuda_h.py:27] end group stack cost 1.096 ms
DEBUG 04-24 11:11:23.576933.576933 cuda_h.py:27] end group stack cost 1.313 ms
DEBUG 04-24 11:11:23.576643.576643 cuda_h.py:27] end get_fused_experts_names_w cost 0.026 ms
DEBUG 04-24 11:11:23.576902.576902 cuda_h.py:27] end move_flatidxs_group_fused_mp cost 2.237 ms
DEBUG 04-24 11:11:23.577645.577645 cuda_h.py:27] end move_flatidxs_group_fused_mp cost 2.229 ms
DEBUG 04-24 11:11:23.577367.577367 cuda_h.py:27] end group stack cost 1.363 ms
DEBUG 04-24 11:11:23.577160.577160 cuda_h.py:27] end get_fused_experts_names_w cost 0.025 ms
DEBUG 04-24 11:11:23.577505.577505 cuda_h.py:27] end get_fused_experts_names_w cost 0.021 ms
DEBUG 04-24 11:11:23.577525.577525 cuda_h.py:27] end move_flatidxs_group_fused_mp cost 2.369 ms
DEBUG 04-24 11:11:23.577486.577486 cuda_h.py:27] end get_fused_experts_names_w cost 0.027 ms
DEBUG 04-24 11:11:23.577929.577929 cuda_h.py:27] end restore_fused_tensors cost 0.635 ms
DEBUG 04-24 11:11:23.577216.577216 cuda_h.py:27] end group_fused_tensors_mp cost 0.908 ms
DEBUG 04-24 11:11:23.577000.577000 cuda_h.py:27] end restore_fused_tensors cost 0.567 ms
DEBUG 04-24 11:11:23.578798.578798 cuda_h.py:27] end restore_fused_tensors cost 0.671 ms
DEBUG 04-24 11:11:23.578336.578336 cuda_h.py:27] end group_fused_tensors_mp cost 0.918 ms
DEBUG 04-24 11:11:23.578416.578416 cuda_h.py:27] end group_fused_tensors_mp cost 0.955 ms
DEBUG 04-24 11:11:23.578437.578437 cuda_h.py:27] end restore_fused_tensors cost 0.559 ms
DEBUG 04-24 11:11:23.578070.578070 cuda_h.py:27] end group_fused_tensors_mp cost 0.849 ms
DEBUG 04-24 11:11:23.585857.585857 cuda_h.py:27] end restore2model cost 1.044 ms
DEBUG 04-24 11:11:23.585958.585958 cuda_h.py:27] end sllm_worker_task cost 17.402 ms
DEBUG 04-24 11:11:23.585614.585614 cuda_h.py:27] end load_into_gpu_async_fused_experts_dual cost 10.801 ms
DEBUG 04-24 11:11:23.586239.586239 cuda_h.py:27] end restore_tensors2_fused_experts_packed cost 0.128 ms
DEBUG 04-24 11:11:23.587271.587271 cuda_h.py:27] end restore_tensors2_fused_experts_slices cost 0.661 ms
DEBUG 04-24 11:11:23.587650.587650 cuda_h.py:27] end allocate_experts_cuda_memory_and_restore_model_multi_device_fused cost 14.276 ms
DEBUG 04-24 11:11:23.587934.587934 cuda_h.py:27] end gpu_sexperts cost 0.022 ms
DEBUG 04-24 11:11:23.588844.588844 cuda_h.py:27] end wait_load_qkvogn_s_weight cost 0.061 ms
DEBUG 04-24 11:11:23.589665.589665 mlpmodule.py:3373] [fused_group_bmm][steps] bmm1=7.024 ms split=0.093 ms act_mul=0.545 ms bmm2=3.233 ms
DEBUG 04-24 11:11:23.589862.589862 cuda_h.py:27] end fused_group_bmm cost 11.309 ms
DEBUG 04-24 11:11:23.589494.589494 mlpmodule.py:3373] [fused_group_bmm][steps] bmm1=7.885 ms split=0.116 ms act_mul=0.363 ms bmm2=3.059 ms
DEBUG 04-24 11:11:23.590524.590524 cuda_h.py:27] end fused_group_bmm cost 12.010 ms
DEBUG 04-24 11:11:23.590611.590611 cuda_h.py:27] end gather_outputs_group_fused_mp cost 0.577 ms
DEBUG 04-24 11:11:23.590328.590328 mlpmodule.py:3373] [fused_group_bmm][steps] bmm1=8.065 ms split=0.078 ms act_mul=0.300 ms bmm2=4.041 ms
DEBUG 04-24 11:11:23.590696.590696 cuda_h.py:27] end fused_group_bmm cost 12.828 ms
DEBUG 04-24 11:11:23.591455.591455 cuda_h.py:27] end cpu_experts_worker_bmm_or_einsum_0 cost 17.587 ms
DEBUG 04-24 11:11:23.591886.591886 cuda_h.py:27] end gather_outputs_group_fused_mp cost 0.341 ms
DEBUG 04-24 11:11:23.591973.591973 cuda_h.py:27] end gather_outputs_group_fused_mp cost 0.741 ms
DEBUG 04-24 11:11:23.591950.591950 mlpmodule.py:3373] [fused_group_bmm][steps] bmm1=8.261 ms split=0.134 ms act_mul=0.530 ms bmm2=4.125 ms
DEBUG 04-24 11:11:23.591189.591189 cuda_h.py:27] end fused_group_bmm cost 13.293 ms
DEBUG 04-24 11:11:23.591328.591328 cuda_h.py:27] end cpu_experts_worker_bmm_or_einsum_2 cost 18.344 ms
DEBUG 04-24 11:11:23.592889.592889 cuda_h.py:27] end cpu_experts_worker_bmm_or_einsum_3 cost 18.384 ms
DEBUG 04-24 11:11:23.592395.592395 cuda_h.py:27] end gather_outputs_group_fused_mp cost 0.441 ms
DEBUG 04-24 11:11:23.592506.592506 cuda_h.py:27] end cpu_experts_worker_bmm_or_einsum_1 cost 19.094 ms
DEBUG 04-24 11:11:23.601838.601838 cuda_h.py:27] end prepare_per_device_parameters cost 13.545 ms
DEBUG 04-24 11:11:23.603301.603301 cuda_h.py:27] end cpu_experts_scatter_reduce cost 0.705 ms
DEBUG 04-24 11:11:23.603118.603118 cuda_h.py:27] end cpu_thread_manager_mp_wait_fused cost 1.961 ms
DEBUG 04-24 11:11:23.605602.605602 cuda_h.py:27] end wait_experts_multi_device cost 1.161 ms
DEBUG 04-24 11:11:23.605093.605093 cuda_h.py:27] end *before fused experts* cost 31.901 ms
DEBUG 04-24 11:11:23.608900.608900 cuda_h.py:27] end gpu_experts_multi_device_fused cost 3.685 ms
DEBUG 04-24 11:11:23.608969.608969 cuda_h.py:27] end *gpu experts* cost 35.706 ms
DEBUG 04-24 11:11:23.608110.608110 cuda_h.py:27] end layer_moe_generate_mp_multi_device_fused_l_29 cost 38.143 ms
DEBUG 04-24 11:11:23.610543.610543 cuda_h.py:27] end *mlp cost 39.971 ms
DEBUG 04-24 11:11:23.610334.610334 cuda_h.py:27] end prefill_layer cost 42.627 ms
DEBUG 04-24 11:11:23.610752.610752 lmp.py:341] -------------------------------- end prefill layer 28 --------------------------------
DEBUG 04-24 11:11:23.610925.610925 lmp.py:294] -------------------------------- start prefill layer 29 --------------------------------
DEBUG 04-24 11:11:23.612288.612288 cuda_h.py:27] end **self_attn cost 1.477 ms
DEBUG 04-24 11:11:23.612739.612739 cuda_h.py:27] end *iln_self_attn_paln cost 1.944 ms
DEBUG 04-24 11:11:23.614350.614350 cuda_h.py:27] end gate cost 0.919 ms
DEBUG 04-24 11:11:23.614520.614520 cuda_h.py:27] end experts_map_get cost 0.256 ms
DEBUG 04-24 11:11:23.614919.614919 cuda_h.py:27] end *before experts start* cost 1.320 ms
DEBUG 04-24 11:11:23.614939.614939 cuda_h.py:27] end cpu_experts_submit_fused_mp cost 0.199 ms
DEBUG 04-24 11:11:23.615170.615170 cuda_h.py:27] end *single cpu experts* cost 1.137 ms
DEBUG 04-24 11:11:23.616598.616598 cuda_h.py:27] end prepare_group_stack cost 0.380 ms
DEBUG 04-24 11:11:23.616275.616275 cuda_h.py:27] end group stack cost 0.568 ms
DEBUG 04-24 11:11:23.616914.616914 cuda_h.py:27] end move_flatidxs_group_fused_mp cost 1.119 ms
DEBUG 04-24 11:11:23.616449.616449 cuda_h.py:27] end prepare_group_stack cost 0.428 ms
DEBUG 04-24 11:11:23.616747.616747 cuda_h.py:27] end prepare_group_stack cost 0.480 ms
DEBUG 04-24 11:11:23.617826.617826 cuda_h.py:27] end get_fused_experts_names_w cost 0.023 ms
DEBUG 04-24 11:11:23.617132.617132 sllm_store_c.py:27] get device uuid map
DEBUG 04-24 11:11:23.617202.617202 sllm_store_c.py:29] call client load into gpu
DEBUG 04-24 11:11:23.617065.617065 cuda_h.py:27] end prepare_group_stack cost 0.645 ms
DEBUG 04-24 11:11:23.617817.617817 cuda_h.py:27] end restore_fused_tensors cost 0.585 ms
DEBUG 04-24 11:11:23.617018.617018 cuda_h.py:27] end group_fused_tensors_mp cost 0.833 ms
DEBUG 04-24 11:11:23.617352.617352 cuda_h.py:27] end group stack cost 0.864 ms
DEBUG 04-24 11:11:23.618587.618587 cuda_h.py:27] end group stack cost 0.985 ms
DEBUG 04-24 11:11:23.618281.618281 cuda_h.py:27] end move_flatidxs_group_fused_mp cost 1.806 ms
DEBUG 04-24 11:11:23.618693.618693 cuda_h.py:27] end move_flatidxs_group_fused_mp cost 1.787 ms
DEBUG 04-24 11:11:23.618136.618136 cuda_h.py:27] end get_fused_experts_names_w cost 0.025 ms
DEBUG 04-24 11:11:23.618057.618057 cuda_h.py:27] end get_fused_experts_names_w cost 0.026 ms
DEBUG 04-24 11:11:23.619104.619104 cuda_h.py:27] end restore_fused_tensors cost 0.661 ms
DEBUG 04-24 11:11:23.619967.619967 cuda_h.py:27] end group_fused_tensors_mp cost 0.922 ms
DEBUG 04-24 11:11:23.619581.619581 cuda_h.py:27] end restore_fused_tensors cost 0.858 ms
DEBUG 04-24 11:11:23.619556.619556 cuda_h.py:27] end load_into_gpu_async_fused_experts_dual cost 2.383 ms
DEBUG 04-24 11:11:23.619624.619624 cuda_h.py:27] end group_fused_tensors_mp cost 1.150 ms
DEBUG 04-24 11:11:23.619530.619530 cuda_h.py:27] end restore_tensors2_fused_experts_packed cost 0.104 ms
DEBUG 04-24 11:11:23.619786.619786 cuda_h.py:27] end group stack cost 1.951 ms
DEBUG 04-24 11:11:23.620219.620219 cuda_h.py:27] end move_flatidxs_group_fused_mp cost 3.072 ms
DEBUG 04-24 11:11:23.620425.620425 cuda_h.py:27] end get_fused_experts_names_w cost 0.041 ms
DEBUG 04-24 11:11:23.620367.620367 cuda_h.py:27] end restore_tensors2_fused_experts_slices cost 0.582 ms
DEBUG 04-24 11:11:23.620199.620199 cuda_h.py:27] end allocate_experts_cuda_memory_and_restore_model_multi_device_fused cost 4.961 ms
DEBUG 04-24 11:11:23.620265.620265 cuda_h.py:27] end gpu_sexperts cost 0.017 ms
DEBUG 04-24 11:11:23.622875.622875 cuda_h.py:27] end restore_fused_tensors cost 1.484 ms
DEBUG 04-24 11:11:23.622220.622220 cuda_h.py:27] end group_fused_tensors_mp cost 2.035 ms
DEBUG 04-24 11:11:23.627905.627905 mlpmodule.py:3373] [fused_group_bmm][steps] bmm1=5.560 ms split=0.181 ms act_mul=0.584 ms bmm2=3.576 ms
DEBUG 04-24 11:11:23.628059.628059 cuda_h.py:27] end fused_group_bmm cost 10.179 ms
DEBUG 04-24 11:11:23.628392.628392 cuda_h.py:27] end gather_outputs_group_fused_mp cost 0.412 ms
DEBUG 04-24 11:11:23.629699.629699 cuda_h.py:27] end cpu_experts_worker_bmm_or_einsum_0 cost 14.253 ms
DEBUG 04-24 11:11:23.631559.631559 mlpmodule.py:3373] [fused_group_bmm][steps] bmm1=6.940 ms split=0.190 ms act_mul=0.722 ms bmm2=3.614 ms
DEBUG 04-24 11:11:23.631149.631149 cuda_h.py:27] end fused_group_bmm cost 11.686 ms
DEBUG 04-24 11:11:23.631096.631096 cuda_h.py:27] end gather_outputs_group_fused_mp cost 0.375 ms
DEBUG 04-24 11:11:23.632749.632749 cuda_h.py:27] end cpu_experts_worker_bmm_or_einsum_2 cost 16.386 ms
DEBUG 04-24 11:11:23.634368.634368 mlpmodule.py:3373] [fused_group_bmm][steps] bmm1=8.176 ms split=0.391 ms act_mul=0.583 ms bmm2=5.404 ms
DEBUG 04-24 11:11:23.634196.634196 cuda_h.py:27] end fused_group_bmm cost 14.820 ms
DEBUG 04-24 11:11:23.634762.634762 cuda_h.py:27] end gather_outputs_group_fused_mp cost 0.442 ms
DEBUG 04-24 11:11:23.636192.636192 cuda_h.py:27] end cpu_experts_worker_bmm_or_einsum_1 cost 20.188 ms
DEBUG 04-24 11:11:23.637071.637071 mlpmodule.py:3373] [fused_group_bmm][steps] bmm1=10.882 ms split=0.151 ms act_mul=0.281 ms bmm2=3.282 ms
DEBUG 04-24 11:11:23.637164.637164 cuda_h.py:27] end fused_group_bmm cost 14.838 ms
DEBUG 04-24 11:11:23.638951.638951 cuda_h.py:27] end gather_outputs_group_fused_mp cost 0.427 ms
DEBUG 04-24 11:11:23.638536.638536 cuda_h.py:27] end prepare_per_device_parameters cost 17.273 ms
DEBUG 04-24 11:11:23.638185.638185 cuda_h.py:27] end cpu_experts_worker_bmm_or_einsum_3 cost 22.203 ms
DEBUG 04-24 11:11:23.641992.641992 cuda_h.py:27] end cpu_experts_scatter_reduce cost 0.705 ms
DEBUG 04-24 11:11:23.641393.641393 cuda_h.py:27] end cpu_thread_manager_mp_wait_fused cost 2.511 ms
DEBUG 04-24 11:11:23.642112.642112 cuda_h.py:27] end wait_experts_multi_device cost 1.862 ms
DEBUG 04-24 11:11:23.643557.643557 cuda_h.py:27] end *before fused experts* cost 27.334 ms
DEBUG 04-24 11:11:23.647402.647402 cuda_h.py:27] end gpu_experts_multi_device_fused cost 4.030 ms
DEBUG 04-24 11:11:23.647709.647709 cuda_h.py:27] end *gpu experts* cost 31.484 ms
DEBUG 04-24 11:11:23.647698.647698 cuda_h.py:27] end layer_moe_generate_mp_multi_device_fused_l_30 cost 34.094 ms
DEBUG 04-24 11:11:23.648965.648965 cuda_h.py:27] end *mlp cost 35.734 ms
DEBUG 04-24 11:11:23.648829.648829 cuda_h.py:27] end prefill_layer cost 38.095 ms
DEBUG 04-24 11:11:23.649506.649506 lmp.py:341] -------------------------------- end prefill layer 29 --------------------------------
DEBUG 04-24 11:11:23.649348.649348 cuda_h.py:27] end prefill cost 1967.268 ms
INFO 04-24 11:11:23.649005.649005 lmp.py:343] prefill time: 1.967287302017212 seconds
generate input ids cost 0.04762125015258789 s
DEBUG 04-24 11:11:29.124789.124789 cuda_h.py:27] end generate_input_ids cost 2851.769 ms
DEBUG 04-24 11:11:29.125339.125339 cuda_h.py:27] end init_cache cost 0.047 ms
DEBUG 04-24 11:11:29.125841.125841 cuda_h.py:27] end allocate_cuda_memory cost 0.675 ms
DEBUG 04-24 11:11:29.125539.125539 sllm_store_c.py:27] get device uuid map
DEBUG 04-24 11:11:29.125276.125276 sllm_store_c.py:29] call client load into gpu
DEBUG 04-24 11:11:29.128736.128736 cuda_h.py:27] end load_into_gpu_async cost 2.709 ms
DEBUG 04-24 11:11:29.128422.128422 cuda_h.py:27] end restore_tensors2 cost 0.058 ms
DEBUG 04-24 11:11:29.128946.128946 cuda_h.py:27] end allocate_cuda_memory_and_load_into_gpu cost 3.655 ms
DEBUG 04-24 11:11:29.129147.129147 cuda_h.py:27] end restore2model cost 0.221 ms
DEBUG 04-24 11:11:29.376194.376194 cuda_h.py:27] end allocate_cuda_memory cost 71.057 ms
DEBUG 04-24 11:11:29.414479.414479 sllm_store_c.py:27] get device uuid map
DEBUG 04-24 11:11:29.414514.414514 sllm_store_c.py:29] call client load into gpu
DEBUG 04-24 11:11:29.417890.417890 cuda_h.py:27] end load_into_gpu_async cost 2.373 ms
DEBUG 04-24 11:11:29.417749.417749 cuda_h.py:27] end restore_tensors2 cost 0.082 ms
DEBUG 04-24 11:11:29.417850.417850 cuda_h.py:27] end allocate_cuda_memory_and_load_into_gpu cost 112.222 ms
DEBUG 04-24 11:11:29.564993.564993 cuda_h.py:27] end restore2model cost 1.213 ms
DEBUG 04-24 11:11:29.564176.564176 cuda_h.py:27] end load_qkvogns_weight_l_0 cost 260.023 ms
DEBUG 04-24 11:11:29.564391.564391 cuda_h.py:27] end init_general_weights cost 439.815 ms
DEBUG 04-24 11:11:29.565128.565128 cuda_h.py:27] end init_inputs_tokens cost 0.965 ms
DEBUG 04-24 11:11:29.566695.566695 lmp.py:294] -------------------------------- start prefill layer 0 --------------------------------
DEBUG 04-24 11:11:29.566906.566906 cuda_h.py:27] end start_load_qkvogn_s_weight_l_1 cost 0.073 ms
DEBUG 04-24 11:11:29.567132.567132 cuda_h.py:27] end allocate_cuda_memory cost 0.588 ms
DEBUG 04-24 11:11:29.567307.567307 sllm_store_c.py:27] get device uuid map
DEBUG 04-24 11:11:29.567934.567934 sllm_store_c.py:29] call client load into gpu
DEBUG 04-24 11:11:29.570321.570321 cuda_h.py:27] end load_into_gpu_async cost 2.989 ms
DEBUG 04-24 11:11:29.570333.570333 cuda_h.py:27] end restore_tensors2 cost 0.194 ms
DEBUG 04-24 11:11:29.571930.571930 cuda_h.py:27] end allocate_cuda_memory_and_load_into_gpu cost 4.933 ms
DEBUG 04-24 11:11:29.573011.573011 cuda_h.py:27] end **self_attn cost 4.604 ms
DEBUG 04-24 11:11:29.573722.573722 cuda_h.py:27] end *iln_self_attn_paln cost 7.846 ms
DEBUG 04-24 11:11:29.575990.575990 cuda_h.py:27] end gate cost 1.641 ms
DEBUG 04-24 11:11:29.576349.576349 cuda_h.py:27] end experts_map_get cost 0.824 ms
DEBUG 04-24 11:11:29.577624.577624 cuda_h.py:27] end *before experts start* cost 2.792 ms
DEBUG 04-24 11:11:29.577358.577358 cuda_h.py:27] end cpu_experts_submit_fused_mp cost 0.479 ms
DEBUG 04-24 11:11:29.580432.580432 cuda_h.py:27] end prepare_group_stack cost 1.206 ms
DEBUG 04-24 11:11:29.580278.580278 cuda_h.py:27] end prepare_group_stack cost 0.913 ms
DEBUG 04-24 11:11:29.581536.581536 cuda_h.py:27] end restore2model cost 1.457 ms
DEBUG 04-24 11:11:29.581432.581432 cuda_h.py:27] end group stack cost 1.336 ms
DEBUG 04-24 11:11:29.582820.582820 cuda_h.py:27] end sllm_worker_task cost 15.711 ms
DEBUG 04-24 11:11:29.582926.582926 cuda_h.py:27] end prepare_group_stack cost 1.383 ms
DEBUG 04-24 11:11:29.582676.582676 cuda_h.py:27] end *single cpu experts* cost 5.223 ms
DEBUG 04-24 11:11:29.582573.582573 cuda_h.py:27] end move_flatidxs_group_fused_mp cost 3.058 ms
DEBUG 04-24 11:11:29.582692.582692 cuda_h.py:27] end prepare_group_stack cost 1.305 ms
DEBUG 04-24 11:11:29.582890.582890 cuda_h.py:27] end get_fused_experts_names_w cost 0.042 ms
DEBUG 04-24 11:11:29.582871.582871 cuda_h.py:27] end restore_fused_tensors cost 0.171 ms
DEBUG 04-24 11:11:29.582831.582831 cuda_h.py:27] end group stack cost 2.270 ms
DEBUG 04-24 11:11:29.583941.583941 cuda_h.py:27] end group_fused_tensors_mp cost 0.581 ms
DEBUG 04-24 11:11:29.583051.583051 cuda_h.py:27] end move_flatidxs_group_fused_mp cost 3.667 ms
DEBUG 04-24 11:11:29.583893.583893 cuda_h.py:27] end get_fused_experts_names_w cost 0.039 ms
DEBUG 04-24 11:11:29.584581.584581 cuda_h.py:27] end restore_fused_tensors cost 0.183 ms
DEBUG 04-24 11:11:29.584953.584953 cuda_h.py:27] end group_fused_tensors_mp cost 1.038 ms
DEBUG 04-24 11:11:29.585181.585181 cuda_h.py:27] end group stack cost 2.611 ms
DEBUG 04-24 11:11:29.585095.585095 cuda_h.py:27] end move_flatidxs_group_fused_mp cost 4.888 ms
DEBUG 04-24 11:11:29.586368.586368 cuda_h.py:27] end get_fused_experts_names_w cost 0.055 ms
DEBUG 04-24 11:11:29.586054.586054 sllm_store_c.py:27] get device uuid map
DEBUG 04-24 11:11:29.586634.586634 sllm_store_c.py:29] call client load into gpu
DEBUG 04-24 11:11:29.586236.586236 cuda_h.py:27] end restore_fused_tensors cost 0.233 ms
DEBUG 04-24 11:11:29.587670.587670 cuda_h.py:27] end group_fused_tensors_mp cost 0.993 ms
DEBUG 04-24 11:11:29.588667.588667 cuda_h.py:27] end group stack cost 5.337 ms
DEBUG 04-24 11:11:29.588989.588989 cuda_h.py:27] end move_flatidxs_group_fused_mp cost 7.652 ms
DEBUG 04-24 11:11:29.589969.589969 cuda_h.py:27] end get_fused_experts_names_w cost 0.051 ms
DEBUG 04-24 11:11:29.589624.589624 cuda_h.py:27] end restore_fused_tensors cost 0.338 ms
DEBUG 04-24 11:11:29.590855.590855 cuda_h.py:27] end group_fused_tensors_mp cost 1.018 ms
DEBUG 04-24 11:11:29.592298.592298 cuda_h.py:27] end load_into_gpu_async_fused_experts_dual cost 6.070 ms
DEBUG 04-24 11:11:29.593767.593767 cuda_h.py:27] end restore_tensors2_fused_experts_packed cost 0.362 ms
DEBUG 04-24 11:11:29.594574.594574 cuda_h.py:27] end restore_tensors2_fused_experts_slices cost 1.066 ms
DEBUG 04-24 11:11:29.594238.594238 cuda_h.py:27] end allocate_experts_cuda_memory_and_restore_model_multi_device_fused cost 12.413 ms
DEBUG 04-24 11:11:29.594828.594828 mlpmodule.py:3373] [fused_group_bmm][steps] bmm1=4.710 ms split=0.117 ms act_mul=1.970 ms bmm2=4.535 ms
DEBUG 04-24 11:11:29.595266.595266 cuda_h.py:27] end gpu_sexperts cost 0.026 ms
DEBUG 04-24 11:11:29.595406.595406 cuda_h.py:27] end fused_group_bmm cost 11.866 ms
DEBUG 04-24 11:11:29.595150.595150 cuda_h.py:27] end wait_load_qkvogn_s_weight cost 0.065 ms
DEBUG 04-24 11:11:29.596698.596698 cuda_h.py:27] end gather_outputs_group_fused_mp cost 1.005 ms
DEBUG 04-24 11:11:29.597488.597488 cuda_h.py:27] end cpu_experts_worker_bmm_or_einsum_0 cost 18.153 ms
DEBUG 04-24 11:11:29.597961.597961 mlpmodule.py:3373] [fused_group_bmm][steps] bmm1=5.053 ms split=0.128 ms act_mul=0.640 ms bmm2=3.753 ms
DEBUG 04-24 11:11:29.597888.597888 mlpmodule.py:3373] [fused_group_bmm][steps] bmm1=7.585 ms split=0.130 ms act_mul=0.756 ms bmm2=4.138 ms
DEBUG 04-24 11:11:29.597578.597578 cuda_h.py:27] end fused_group_bmm cost 9.856 ms
DEBUG 04-24 11:11:29.597566.597566 cuda_h.py:27] end fused_group_bmm cost 12.896 ms
DEBUG 04-24 11:11:29.598219.598219 cuda_h.py:27] end gather_outputs_group_fused_mp cost 0.671 ms
DEBUG 04-24 11:11:29.598262.598262 cuda_h.py:27] end gather_outputs_group_fused_mp cost 0.756 ms
DEBUG 04-24 11:11:29.599580.599580 cuda_h.py:27] end cpu_experts_worker_bmm_or_einsum_3 cost 18.825 ms
DEBUG 04-24 11:11:29.599524.599524 cuda_h.py:27] end cpu_experts_worker_bmm_or_einsum_1 cost 20.380 ms
DEBUG 04-24 11:11:29.600335.600335 mlpmodule.py:3373] [fused_group_bmm][steps] bmm1=6.115 ms split=0.090 ms act_mul=0.872 ms bmm2=2.609 ms
DEBUG 04-24 11:11:29.600050.600050 cuda_h.py:27] end fused_group_bmm cost 9.926 ms
DEBUG 04-24 11:11:29.600770.600770 cuda_h.py:27] end gather_outputs_group_fused_mp cost 0.472 ms
DEBUG 04-24 11:11:29.601002.601002 cuda_h.py:27] end cpu_experts_worker_bmm_or_einsum_2 cost 20.544 ms
DEBUG 04-24 11:11:29.611482.611482 cuda_h.py:27] end prepare_per_device_parameters cost 15.936 ms
DEBUG 04-24 11:11:29.613250.613250 cuda_h.py:27] end cpu_experts_scatter_reduce cost 0.750 ms
DEBUG 04-24 11:11:29.613259.613259 cuda_h.py:27] end cpu_thread_manager_mp_wait_fused cost 1.918 ms
DEBUG 04-24 11:11:29.615261.615261 cuda_h.py:27] end wait_experts_multi_device cost 1.788 ms
DEBUG 04-24 11:11:29.615773.615773 cuda_h.py:27] end *before fused experts* cost 32.956 ms
DEBUG 04-24 11:11:29.621883.621883 cuda_h.py:27] end gpu_experts_multi_device_fused cost 6.017 ms
DEBUG 04-24 11:11:29.621010.621010 cuda_h.py:27] end *gpu experts* cost 39.066 ms
DEBUG 04-24 11:11:29.621476.621476 cuda_h.py:27] end layer_moe_generate_mp_multi_device_fused_l_1 cost 47.422 ms
DEBUG 04-24 11:11:29.622576.622576 cuda_h.py:27] end *mlp cost 48.625 ms
DEBUG 04-24 11:11:29.622439.622439 cuda_h.py:27] end prefill_layer cost 56.847 ms
DEBUG 04-24 11:11:29.622380.622380 lmp.py:341] -------------------------------- end prefill layer 0 --------------------------------
DEBUG 04-24 11:11:29.622030.622030 lmp.py:294] -------------------------------- start prefill layer 1 --------------------------------
DEBUG 04-24 11:11:29.623384.623384 cuda_h.py:27] end start_load_qkvogn_s_weight_l_2 cost 0.051 ms
DEBUG 04-24 11:11:29.623766.623766 cuda_h.py:27] end allocate_cuda_memory cost 0.164 ms
DEBUG 04-24 11:11:29.623793.623793 sllm_store_c.py:27] get device uuid map
DEBUG 04-24 11:11:29.623545.623545 sllm_store_c.py:29] call client load into gpu
DEBUG 04-24 11:11:29.625689.625689 cuda_h.py:27] end **self_attn cost 1.425 ms
DEBUG 04-24 11:11:29.625432.625432 cuda_h.py:27] end *iln_self_attn_paln cost 2.473 ms
DEBUG 04-24 11:11:29.626740.626740 cuda_h.py:27] end load_into_gpu_async cost 2.558 ms
DEBUG 04-24 11:11:29.626189.626189 cuda_h.py:27] end restore_tensors2 cost 0.091 ms
DEBUG 04-24 11:11:29.626055.626055 cuda_h.py:27] end allocate_cuda_memory_and_load_into_gpu cost 3.314 ms
DEBUG 04-24 11:11:29.626705.626705 cuda_h.py:27] end gate cost 0.802 ms
DEBUG 04-24 11:11:29.626225.626225 cuda_h.py:27] end experts_map_get cost 0.271 ms
DEBUG 04-24 11:11:29.627724.627724 cuda_h.py:27] end *before experts start* cost 1.355 ms
DEBUG 04-24 11:11:29.627255.627255 cuda_h.py:27] end cpu_experts_submit_fused_mp cost 0.223 ms
DEBUG 04-24 11:11:29.628439.628439 cuda_h.py:27] end prepare_group_stack cost 0.442 ms
DEBUG 04-24 11:11:29.628593.628593 cuda_h.py:27] end *single cpu experts* cost 1.802 ms
DEBUG 04-24 11:11:29.628755.628755 cuda_h.py:27] end prepare_group_stack cost 0.462 ms
DEBUG 04-24 11:11:29.629161.629161 cuda_h.py:27] end prepare_group_stack cost 0.392 ms
DEBUG 04-24 11:11:29.629431.629431 cuda_h.py:27] end prepare_group_stack cost 0.441 ms
DEBUG 04-24 11:11:29.629287.629287 cuda_h.py:27] end group stack cost 0.918 ms
DEBUG 04-24 11:11:29.629927.629927 cuda_h.py:27] end move_flatidxs_group_fused_mp cost 1.595 ms
DEBUG 04-24 11:11:29.630618.630618 cuda_h.py:27] end get_fused_experts_names_w cost 0.025 ms
DEBUG 04-24 11:11:29.630699.630699 cuda_h.py:27] end group stack cost 1.000 ms
DEBUG 04-24 11:11:29.630062.630062 cuda_h.py:27] end move_flatidxs_group_fused_mp cost 1.755 ms
DEBUG 04-24 11:11:29.630367.630367 cuda_h.py:27] end get_fused_experts_names_w cost 0.024 ms
DEBUG 04-24 11:11:29.630891.630891 cuda_h.py:27] end group stack cost 1.157 ms
DEBUG 04-24 11:11:29.630858.630858 cuda_h.py:27] end move_flatidxs_group_fused_mp cost 1.834 ms
DEBUG 04-24 11:11:29.630688.630688 cuda_h.py:27] end restore_fused_tensors cost 0.676 ms
DEBUG 04-24 11:11:29.630684.630684 cuda_h.py:27] end group_fused_tensors_mp cost 0.817 ms
DEBUG 04-24 11:11:29.630360.630360 cuda_h.py:27] end get_fused_experts_names_w cost 0.024 ms
DEBUG 04-24 11:11:29.631464.631464 cuda_h.py:27] end group stack cost 1.506 ms
DEBUG 04-24 11:11:29.631095.631095 sllm_store_c.py:27] get device uuid map
DEBUG 04-24 11:11:29.631495.631495 sllm_store_c.py:29] call client load into gpu
DEBUG 04-24 11:11:29.631900.631900 cuda_h.py:27] end move_flatidxs_group_fused_mp cost 2.206 ms
DEBUG 04-24 11:11:29.631598.631598 cuda_h.py:27] end restore_fused_tensors cost 0.806 ms
DEBUG 04-24 11:11:29.631978.631978 cuda_h.py:27] end restore_fused_tensors cost 0.625 ms
DEBUG 04-24 11:11:29.631516.631516 cuda_h.py:27] end group_fused_tensors_mp cost 1.132 ms
DEBUG 04-24 11:11:29.631728.631728 cuda_h.py:27] end group_fused_tensors_mp cost 0.755 ms
DEBUG 04-24 11:11:29.631682.631682 cuda_h.py:27] end get_fused_experts_names_w cost 0.029 ms
DEBUG 04-24 11:11:29.632092.632092 cuda_h.py:27] end restore_fused_tensors cost 0.775 ms
DEBUG 04-24 11:11:29.632844.632844 cuda_h.py:27] end group_fused_tensors_mp cost 1.100 ms
DEBUG 04-24 11:11:29.639782.639782 cuda_h.py:27] end restore2model cost 2.333 ms
DEBUG 04-24 11:11:29.639587.639587 cuda_h.py:27] end sllm_worker_task cost 16.229 ms
DEBUG 04-24 11:11:29.639165.639165 cuda_h.py:27] end load_into_gpu_async_fused_experts_dual cost 8.376 ms
DEBUG 04-24 11:11:29.639838.639838 cuda_h.py:27] end restore_tensors2_fused_experts_packed cost 0.147 ms
DEBUG 04-24 11:11:29.640931.640931 cuda_h.py:27] end restore_tensors2_fused_experts_slices cost 0.314 ms
DEBUG 04-24 11:11:29.640948.640948 cuda_h.py:27] end allocate_experts_cuda_memory_and_restore_model_multi_device_fused cost 11.422 ms
DEBUG 04-24 11:11:29.640063.640063 cuda_h.py:27] end gpu_sexperts cost 0.009 ms
DEBUG 04-24 11:11:29.640510.640510 cuda_h.py:27] end wait_load_qkvogn_s_weight cost 0.022 ms
DEBUG 04-24 11:11:29.646590.646590 mlpmodule.py:3373] [fused_group_bmm][steps] bmm1=9.208 ms split=0.099 ms act_mul=0.422 ms bmm2=5.690 ms
DEBUG 04-24 11:11:29.646420.646420 mlpmodule.py:3373] [fused_group_bmm][steps] bmm1=8.617 ms split=0.093 ms act_mul=0.458 ms bmm2=5.449 ms
DEBUG 04-24 11:11:29.646049.646049 cuda_h.py:27] end fused_group_bmm cost 15.731 ms
DEBUG 04-24 11:11:29.646056.646056 cuda_h.py:27] end fused_group_bmm cost 14.877 ms
DEBUG 04-24 11:11:29.647085.647085 cuda_h.py:27] end gather_outputs_group_fused_mp cost 0.422 ms
DEBUG 04-24 11:11:29.647186.647186 cuda_h.py:27] end gather_outputs_group_fused_mp cost 0.475 ms
DEBUG 04-24 11:11:29.647741.647741 cuda_h.py:27] end cpu_experts_worker_bmm_or_einsum_2 cost 19.023 ms
DEBUG 04-24 11:11:29.647060.647060 cuda_h.py:27] end cpu_experts_worker_bmm_or_einsum_0 cost 19.718 ms
DEBUG 04-24 11:11:29.647031.647031 mlpmodule.py:3373] [fused_group_bmm][steps] bmm1=8.674 ms split=0.112 ms act_mul=0.319 ms bmm2=5.930 ms
DEBUG 04-24 11:11:29.648694.648694 cuda_h.py:27] end fused_group_bmm cost 15.523 ms
DEBUG 04-24 11:11:29.649086.649086 cuda_h.py:27] end gather_outputs_group_fused_mp cost 0.665 ms
DEBUG 04-24 11:11:29.649727.649727 mlpmodule.py:3373] [fused_group_bmm][steps] bmm1=10.062 ms split=0.128 ms act_mul=0.749 ms bmm2=6.332 ms
DEBUG 04-24 11:11:29.649820.649820 cuda_h.py:27] end fused_group_bmm cost 17.516 ms
DEBUG 04-24 11:11:29.649377.649377 cuda_h.py:27] end cpu_experts_worker_bmm_or_einsum_3 cost 20.807 ms
DEBUG 04-24 11:11:29.649376.649376 cuda_h.py:27] end gather_outputs_group_fused_mp cost 0.453 ms
DEBUG 04-24 11:11:29.650532.650532 cuda_h.py:27] end cpu_experts_worker_bmm_or_einsum_1 cost 22.282 ms
DEBUG 04-24 11:11:29.656960.656960 cuda_h.py:27] end prepare_per_device_parameters cost 15.586 ms
DEBUG 04-24 11:11:29.659994.659994 cuda_h.py:27] end cpu_experts_scatter_reduce cost 0.925 ms
DEBUG 04-24 11:11:29.659533.659533 cuda_h.py:27] end cpu_thread_manager_mp_wait_fused cost 2.359 ms
DEBUG 04-24 11:11:29.660345.660345 cuda_h.py:27] end wait_experts_multi_device cost 1.646 ms
DEBUG 04-24 11:11:29.660903.660903 cuda_h.py:27] end *before fused experts* cost 31.830 ms
DEBUG 04-24 11:11:29.665931.665931 cuda_h.py:27] end gpu_experts_multi_device_fused cost 4.547 ms
DEBUG 04-24 11:11:29.665112.665112 cuda_h.py:27] end *gpu experts* cost 36.479 ms
DEBUG 04-24 11:11:29.665915.665915 cuda_h.py:27] end layer_moe_generate_mp_multi_device_fused_l_2 cost 39.909 ms
DEBUG 04-24 11:11:29.666328.666328 cuda_h.py:27] end *mlp cost 41.160 ms
DEBUG 04-24 11:11:29.666529.666529 cuda_h.py:27] end prefill_layer cost 43.976 ms
DEBUG 04-24 11:11:29.666517.666517 lmp.py:341] -------------------------------- end prefill layer 1 --------------------------------
DEBUG 04-24 11:11:29.666213.666213 lmp.py:294] -------------------------------- start prefill layer 2 --------------------------------
DEBUG 04-24 11:11:29.667044.667044 cuda_h.py:27] end start_load_qkvogn_s_weight_l_3 cost 0.050 ms
DEBUG 04-24 11:11:29.667492.667492 cuda_h.py:27] end allocate_cuda_memory cost 0.157 ms
DEBUG 04-24 11:11:29.667343.667343 sllm_store_c.py:27] get device uuid map
DEBUG 04-24 11:11:29.667795.667795 sllm_store_c.py:29] call client load into gpu
DEBUG 04-24 11:11:29.669753.669753 cuda_h.py:27] end load_into_gpu_async cost 1.566 ms
DEBUG 04-24 11:11:29.669989.669989 cuda_h.py:27] end restore_tensors2 cost 0.087 ms
DEBUG 04-24 11:11:29.669362.669362 cuda_h.py:27] end allocate_cuda_memory_and_load_into_gpu cost 2.083 ms
DEBUG 04-24 11:11:29.669953.669953 cuda_h.py:27] end **self_attn cost 1.431 ms
DEBUG 04-24 11:11:29.669363.669363 cuda_h.py:27] end *iln_self_attn_paln cost 2.858 ms
DEBUG 04-24 11:11:29.670243.670243 cuda_h.py:27] end gate cost 0.511 ms
DEBUG 04-24 11:11:29.670831.670831 cuda_h.py:27] end experts_map_get cost 0.283 ms
DEBUG 04-24 11:11:29.670137.670137 cuda_h.py:27] end *before experts start* cost 0.934 ms
DEBUG 04-24 11:11:29.671715.671715 cuda_h.py:27] end cpu_experts_submit_fused_mp cost 0.224 ms
DEBUG 04-24 11:11:29.672769.672769 cuda_h.py:27] end *single cpu experts* cost 1.626 ms
DEBUG 04-24 11:11:29.674635.674635 cuda_h.py:27] end prepare_group_stack cost 0.482 ms
DEBUG 04-24 11:11:29.674358.674358 cuda_h.py:27] end prepare_group_stack cost 0.482 ms
DEBUG 04-24 11:11:29.674744.674744 cuda_h.py:27] end group stack cost 0.632 ms
DEBUG 04-24 11:11:29.674489.674489 cuda_h.py:27] end move_flatidxs_group_fused_mp cost 1.303 ms
DEBUG 04-24 11:11:29.674869.674869 cuda_h.py:27] end get_fused_experts_names_w cost 0.022 ms
DEBUG 04-24 11:11:29.674365.674365 cuda_h.py:27] end group stack cost 0.731 ms
DEBUG 04-24 11:11:29.675951.675951 cuda_h.py:27] end prepare_group_stack cost 0.497 ms
DEBUG 04-24 11:11:29.675105.675105 cuda_h.py:27] end prepare_group_stack cost 0.479 ms
DEBUG 04-24 11:11:29.675060.675060 cuda_h.py:27] end move_flatidxs_group_fused_mp cost 1.682 ms
DEBUG 04-24 11:11:29.675844.675844 sllm_store_c.py:27] get device uuid map
DEBUG 04-24 11:11:29.675772.675772 cuda_h.py:27] end get_fused_experts_names_w cost 0.021 ms
DEBUG 04-24 11:11:29.675825.675825 sllm_store_c.py:29] call client load into gpu
DEBUG 04-24 11:11:29.675997.675997 cuda_h.py:27] end restore_fused_tensors cost 0.743 ms
DEBUG 04-24 11:11:29.676721.676721 cuda_h.py:27] end group_fused_tensors_mp cost 1.144 ms
DEBUG 04-24 11:11:29.676943.676943 cuda_h.py:27] end restore_fused_tensors cost 0.630 ms
DEBUG 04-24 11:11:29.676318.676318 cuda_h.py:27] end group_fused_tensors_mp cost 0.873 ms
DEBUG 04-24 11:11:29.676657.676657 cuda_h.py:27] end group stack cost 1.423 ms
DEBUG 04-24 11:11:29.676024.676024 cuda_h.py:27] end move_flatidxs_group_fused_mp cost 2.115 ms
DEBUG 04-24 11:11:29.676318.676318 cuda_h.py:27] end get_fused_experts_names_w cost 0.028 ms
DEBUG 04-24 11:11:29.676351.676351 cuda_h.py:27] end group stack cost 1.294 ms
DEBUG 04-24 11:11:29.677294.677294 cuda_h.py:27] end move_flatidxs_group_fused_mp cost 2.394 ms
DEBUG 04-24 11:11:29.677508.677508 cuda_h.py:27] end get_fused_experts_names_w cost 0.028 ms
DEBUG 04-24 11:11:29.677271.677271 cuda_h.py:27] end restore2model cost 1.097 ms
DEBUG 04-24 11:11:29.677985.677985 cuda_h.py:27] end load_into_gpu_async_fused_experts_dual cost 2.420 ms
DEBUG 04-24 11:11:29.677920.677920 cuda_h.py:27] end sllm_worker_task cost 10.633 ms
DEBUG 04-24 11:11:29.678367.678367 cuda_h.py:27] end restore_fused_tensors cost 1.047 ms
DEBUG 04-24 11:11:29.678459.678459 cuda_h.py:27] end restore_tensors2_fused_experts_packed cost 0.058 ms
DEBUG 04-24 11:11:29.678092.678092 cuda_h.py:27] end group_fused_tensors_mp cost 1.577 ms
DEBUG 04-24 11:11:29.678039.678039 cuda_h.py:27] end restore_fused_tensors cost 0.959 ms
DEBUG 04-24 11:11:29.678169.678169 cuda_h.py:27] end restore_tensors2_fused_experts_slices cost 0.271 ms
DEBUG 04-24 11:11:29.678976.678976 cuda_h.py:27] end allocate_experts_cuda_memory_and_restore_model_multi_device_fused cost 6.298 ms
DEBUG 04-24 11:11:29.678942.678942 cuda_h.py:27] end group_fused_tensors_mp cost 1.505 ms
DEBUG 04-24 11:11:29.678037.678037 cuda_h.py:27] end gpu_sexperts cost 0.010 ms
DEBUG 04-24 11:11:29.679664.679664 cuda_h.py:27] end wait_load_qkvogn_s_weight cost 0.028 ms
DEBUG 04-24 11:11:29.692888.692888 mlpmodule.py:3373] [fused_group_bmm][steps] bmm1=7.718 ms split=0.085 ms act_mul=0.599 ms bmm2=5.151 ms
DEBUG 04-24 11:11:29.692571.692571 mlpmodule.py:3373] [fused_group_bmm][steps] bmm1=9.346 ms split=0.175 ms act_mul=0.814 ms bmm2=6.155 ms
DEBUG 04-24 11:11:29.692506.692506 cuda_h.py:27] end fused_group_bmm cost 13.839 ms
DEBUG 04-24 11:11:29.692288.692288 cuda_h.py:27] end fused_group_bmm cost 16.788 ms
DEBUG 04-24 11:11:29.693623.693623 cuda_h.py:27] end gather_outputs_group_fused_mp cost 0.501 ms
DEBUG 04-24 11:11:29.693584.693584 cuda_h.py:27] end gather_outputs_group_fused_mp cost 0.487 ms
DEBUG 04-24 11:11:29.693323.693323 cuda_h.py:27] end cpu_experts_worker_bmm_or_einsum_0 cost 21.450 ms
DEBUG 04-24 11:11:29.694675.694675 cuda_h.py:27] end cpu_experts_worker_bmm_or_einsum_2 cost 20.519 ms
DEBUG 04-24 11:11:29.694828.694828 mlpmodule.py:3373] [fused_group_bmm][steps] bmm1=11.655 ms split=0.343 ms act_mul=1.351 ms bmm2=4.259 ms
DEBUG 04-24 11:11:29.694598.694598 cuda_h.py:27] end fused_group_bmm cost 18.098 ms
DEBUG 04-24 11:11:29.695833.695833 cuda_h.py:27] end gather_outputs_group_fused_mp cost 0.868 ms
DEBUG 04-24 11:11:29.696823.696823 mlpmodule.py:3373] [fused_group_bmm][steps] bmm1=11.905 ms split=0.335 ms act_mul=0.713 ms bmm2=4.462 ms
DEBUG 04-24 11:11:29.696570.696570 cuda_h.py:27] end cpu_experts_worker_bmm_or_einsum_1 cost 24.040 ms
DEBUG 04-24 11:11:29.696254.696254 cuda_h.py:27] end fused_group_bmm cost 17.657 ms
DEBUG 04-24 11:11:29.697941.697941 cuda_h.py:27] end gather_outputs_group_fused_mp cost 0.416 ms
DEBUG 04-24 11:11:29.697386.697386 cuda_h.py:27] end cpu_experts_worker_bmm_or_einsum_3 cost 24.371 ms
DEBUG 04-24 11:11:29.697886.697886 cuda_h.py:27] end prepare_per_device_parameters cost 18.640 ms
DEBUG 04-24 11:11:29.700808.700808 cuda_h.py:27] end cpu_experts_scatter_reduce cost 0.792 ms
DEBUG 04-24 11:11:29.700446.700446 cuda_h.py:27] end cpu_thread_manager_mp_wait_fused cost 2.470 ms
DEBUG 04-24 11:11:29.703549.703549 cuda_h.py:27] end wait_experts_multi_device cost 3.227 ms
DEBUG 04-24 11:11:29.703982.703982 cuda_h.py:27] end *before fused experts* cost 31.414 ms
DEBUG 04-24 11:11:29.709734.709734 cuda_h.py:27] end gpu_experts_multi_device_fused cost 5.396 ms
DEBUG 04-24 11:11:29.709306.709306 cuda_h.py:27] end *gpu experts* cost 36.919 ms
DEBUG 04-24 11:11:29.709401.709401 cuda_h.py:27] end layer_moe_generate_mp_multi_device_fused_l_3 cost 39.645 ms
DEBUG 04-24 11:11:29.710470.710470 cuda_h.py:27] end *mlp cost 40.924 ms
DEBUG 04-24 11:11:29.710009.710009 cuda_h.py:27] end prefill_layer cost 43.949 ms
DEBUG 04-24 11:11:29.710335.710335 lmp.py:341] -------------------------------- end prefill layer 2 --------------------------------
DEBUG 04-24 11:11:29.711331.711331 lmp.py:294] -------------------------------- start prefill layer 3 --------------------------------
DEBUG 04-24 11:11:29.711830.711830 cuda_h.py:27] end start_load_qkvogn_s_weight_l_4 cost 0.050 ms
DEBUG 04-24 11:11:29.711788.711788 cuda_h.py:27] end allocate_cuda_memory cost 0.153 ms
DEBUG 04-24 11:11:29.711039.711039 sllm_store_c.py:27] get device uuid map
DEBUG 04-24 11:11:29.712943.712943 sllm_store_c.py:29] call client load into gpu
DEBUG 04-24 11:11:29.713161.713161 cuda_h.py:27] end load_into_gpu_async cost 1.670 ms
DEBUG 04-24 11:11:29.713773.713773 cuda_h.py:27] end **self_attn cost 1.549 ms
DEBUG 04-24 11:11:29.713558.713558 cuda_h.py:27] end restore_tensors2 cost 0.087 ms
DEBUG 04-24 11:11:29.713436.713436 cuda_h.py:27] end allocate_cuda_memory_and_load_into_gpu cost 2.569 ms
DEBUG 04-24 11:11:29.714544.714544 cuda_h.py:27] end *iln_self_attn_paln cost 2.970 ms
DEBUG 04-24 11:11:29.714412.714412 cuda_h.py:27] end gate cost 0.527 ms
DEBUG 04-24 11:11:29.715914.715914 cuda_h.py:27] end experts_map_get cost 0.289 ms
DEBUG 04-24 11:11:29.715936.715936 cuda_h.py:27] end *before experts start* cost 0.958 ms
DEBUG 04-24 11:11:29.715037.715037 cuda_h.py:27] end cpu_experts_submit_fused_mp cost 0.223 ms
DEBUG 04-24 11:11:29.716229.716229 cuda_h.py:27] end *single cpu experts* cost 1.412 ms
DEBUG 04-24 11:11:29.719683.719683 sllm_store_c.py:27] get device uuid map
DEBUG 04-24 11:11:29.719289.719289 sllm_store_c.py:29] call client load into gpu
DEBUG 04-24 11:11:29.719142.719142 cuda_h.py:27] end prepare_group_stack cost 1.540 ms
DEBUG 04-24 11:11:29.719706.719706 cuda_h.py:27] end prepare_group_stack cost 1.545 ms
DEBUG 04-24 11:11:29.719959.719959 cuda_h.py:27] end prepare_group_stack cost 1.560 ms
DEBUG 04-24 11:11:29.719609.719609 cuda_h.py:27] end prepare_group_stack cost 1.603 ms
DEBUG 04-24 11:11:29.720663.720663 cuda_h.py:27] end group stack cost 0.624 ms
DEBUG 04-24 11:11:29.720223.720223 cuda_h.py:27] end move_flatidxs_group_fused_mp cost 2.419 ms
DEBUG 04-24 11:11:29.720596.720596 cuda_h.py:27] end get_fused_experts_names_w cost 0.025 ms
DEBUG 04-24 11:11:29.721007.721007 cuda_h.py:27] end group stack cost 1.070 ms
DEBUG 04-24 11:11:29.721693.721693 cuda_h.py:27] end move_flatidxs_group_fused_mp cost 3.159 ms
DEBUG 04-24 11:11:29.721552.721552 cuda_h.py:27] end group stack cost 1.363 ms
DEBUG 04-24 11:11:29.721066.721066 cuda_h.py:27] end restore_fused_tensors cost 0.557 ms
DEBUG 04-24 11:11:29.721577.721577 cuda_h.py:27] end group stack cost 1.295 ms
DEBUG 04-24 11:11:29.721767.721767 cuda_h.py:27] end group_fused_tensors_mp cost 0.787 ms
DEBUG 04-24 11:11:29.721066.721066 cuda_h.py:27] end get_fused_experts_names_w cost 0.022 ms
DEBUG 04-24 11:11:29.721139.721139 cuda_h.py:27] end move_flatidxs_group_fused_mp cost 3.441 ms
DEBUG 04-24 11:11:29.721345.721345 cuda_h.py:27] end move_flatidxs_group_fused_mp cost 3.407 ms
DEBUG 04-24 11:11:29.721298.721298 cuda_h.py:27] end get_fused_experts_names_w cost 0.022 ms
DEBUG 04-24 11:11:29.721404.721404 cuda_h.py:27] end get_fused_experts_names_w cost 0.021 ms
DEBUG 04-24 11:11:29.722536.722536 cuda_h.py:27] end restore_fused_tensors cost 0.552 ms
DEBUG 04-24 11:11:29.722015.722015 cuda_h.py:27] end group_fused_tensors_mp cost 0.691 ms
DEBUG 04-24 11:11:29.722287.722287 cuda_h.py:27] end restore_fused_tensors cost 0.654 ms
DEBUG 04-24 11:11:29.722244.722244 cuda_h.py:27] end group_fused_tensors_mp cost 0.989 ms
DEBUG 04-24 11:11:29.723804.723804 cuda_h.py:27] end restore2model cost 1.245 ms
DEBUG 04-24 11:11:29.723035.723035 cuda_h.py:27] end restore_fused_tensors cost 1.220 ms
DEBUG 04-24 11:11:29.723056.723056 cuda_h.py:27] end load_into_gpu_async_fused_experts_dual cost 3.641 ms
DEBUG 04-24 11:11:29.723130.723130 cuda_h.py:27] end sllm_worker_task cost 12.028 ms
DEBUG 04-24 11:11:29.723517.723517 cuda_h.py:27] end group_fused_tensors_mp cost 1.980 ms
DEBUG 04-24 11:11:29.723386.723386 cuda_h.py:27] end restore_tensors2_fused_experts_packed cost 0.087 ms
DEBUG 04-24 11:11:29.724263.724263 cuda_h.py:27] end restore_tensors2_fused_experts_slices cost 0.296 ms
DEBUG 04-24 11:11:29.724817.724817 cuda_h.py:27] end allocate_experts_cuda_memory_and_restore_model_multi_device_fused cost 7.985 ms
DEBUG 04-24 11:11:29.725962.725962 cuda_h.py:27] end gpu_sexperts cost 0.014 ms
DEBUG 04-24 11:11:29.725673.725673 cuda_h.py:27] end wait_load_qkvogn_s_weight cost 0.027 ms
DEBUG 04-24 11:11:29.733238.733238 mlpmodule.py:3373] [fused_group_bmm][steps] bmm1=4.360 ms split=0.191 ms act_mul=1.107 ms bmm2=5.848 ms
DEBUG 04-24 11:11:29.733293.733293 cuda_h.py:27] end fused_group_bmm cost 11.820 ms
DEBUG 04-24 11:11:29.734947.734947 cuda_h.py:27] end gather_outputs_group_fused_mp cost 0.504 ms
DEBUG 04-24 11:11:29.734899.734899 cuda_h.py:27] end cpu_experts_worker_bmm_or_einsum_0 cost 17.575 ms
DEBUG 04-24 11:11:29.738753.738753 mlpmodule.py:3373] [fused_group_bmm][steps] bmm1=9.130 ms split=0.091 ms act_mul=0.554 ms bmm2=4.298 ms
DEBUG 04-24 11:11:29.738641.738641 cuda_h.py:27] end fused_group_bmm cost 14.309 ms
DEBUG 04-24 11:11:29.739478.739478 cuda_h.py:27] end gather_outputs_group_fused_mp cost 0.434 ms
DEBUG 04-24 11:11:29.739621.739621 cuda_h.py:27] end cpu_experts_worker_bmm_or_einsum_2 cost 22.733 ms
DEBUG 04-24 11:11:29.740353.740353 mlpmodule.py:3373] [fused_group_bmm][steps] bmm1=11.648 ms split=0.112 ms act_mul=1.178 ms bmm2=4.683 ms
DEBUG 04-24 11:11:29.740730.740730 cuda_h.py:27] end fused_group_bmm cost 18.063 ms
DEBUG 04-24 11:11:29.741625.741625 cuda_h.py:27] end gather_outputs_group_fused_mp cost 0.754 ms
DEBUG 04-24 11:11:29.741353.741353 mlpmodule.py:3373] [fused_group_bmm][steps] bmm1=12.046 ms split=0.115 ms act_mul=1.302 ms bmm2=5.292 ms
DEBUG 04-24 11:11:29.742076.742076 cuda_h.py:27] end fused_group_bmm cost 19.002 ms
DEBUG 04-24 11:11:29.742530.742530 cuda_h.py:27] end cpu_experts_worker_bmm_or_einsum_1 cost 25.163 ms
DEBUG 04-24 11:11:29.742306.742306 cuda_h.py:27] end gather_outputs_group_fused_mp cost 0.454 ms
DEBUG 04-24 11:11:29.743116.743116 cuda_h.py:27] end cpu_experts_worker_bmm_or_einsum_3 cost 26.234 ms
DEBUG 04-24 11:11:29.745191.745191 cuda_h.py:27] end prepare_per_device_parameters cost 19.738 ms
DEBUG 04-24 11:11:29.748585.748585 cuda_h.py:27] end cpu_experts_scatter_reduce cost 0.777 ms
DEBUG 04-24 11:11:29.748654.748654 cuda_h.py:27] end cpu_thread_manager_mp_wait_fused cost 2.996 ms
DEBUG 04-24 11:11:29.749499.749499 cuda_h.py:27] end wait_experts_multi_device cost 1.461 ms
DEBUG 04-24 11:11:29.749103.749103 cuda_h.py:27] end *before fused experts* cost 33.166 ms
DEBUG 04-24 11:11:29.755972.755972 cuda_h.py:27] end gpu_experts_multi_device_fused cost 5.130 ms
DEBUG 04-24 11:11:29.755789.755789 cuda_h.py:27] end *gpu experts* cost 38.411 ms
DEBUG 04-24 11:11:29.755977.755977 cuda_h.py:27] end layer_moe_generate_mp_multi_device_fused_l_4 cost 40.945 ms
DEBUG 04-24 11:11:29.756505.756505 cuda_h.py:27] end *mlp cost 42.280 ms
DEBUG 04-24 11:11:29.756289.756289 cuda_h.py:27] end prefill_layer cost 45.438 ms
DEBUG 04-24 11:11:29.756138.756138 lmp.py:341] -------------------------------- end prefill layer 3 --------------------------------
DEBUG 04-24 11:11:29.756218.756218 lmp.py:294] -------------------------------- start prefill layer 4 --------------------------------
DEBUG 04-24 11:11:29.756002.756002 cuda_h.py:27] end start_load_qkvogn_s_weight_l_5 cost 0.050 ms
DEBUG 04-24 11:11:29.757078.757078 cuda_h.py:27] end allocate_cuda_memory cost 0.272 ms
DEBUG 04-24 11:11:29.757264.757264 sllm_store_c.py:27] get device uuid map
DEBUG 04-24 11:11:29.757360.757360 sllm_store_c.py:29] call client load into gpu
DEBUG 04-24 11:11:29.759320.759320 cuda_h.py:27] end **self_attn cost 1.228 ms
DEBUG 04-24 11:11:29.759053.759053 cuda_h.py:27] end load_into_gpu_async cost 1.809 ms
DEBUG 04-24 11:11:29.759439.759439 cuda_h.py:27] end *iln_self_attn_paln cost 2.802 ms
DEBUG 04-24 11:11:29.759021.759021 cuda_h.py:27] end restore_tensors2 cost 0.133 ms
DEBUG 04-24 11:11:29.759234.759234 cuda_h.py:27] end allocate_cuda_memory_and_load_into_gpu cost 3.016 ms
DEBUG 04-24 11:11:29.760121.760121 cuda_h.py:27] end gate cost 0.726 ms
DEBUG 04-24 11:11:29.760697.760697 cuda_h.py:27] end experts_map_get cost 0.304 ms
DEBUG 04-24 11:11:29.760957.760957 cuda_h.py:27] end *before experts start* cost 1.177 ms
DEBUG 04-24 11:11:29.761628.761628 cuda_h.py:27] end cpu_experts_submit_fused_mp cost 0.222 ms
DEBUG 04-24 11:11:29.762595.762595 cuda_h.py:27] end *single cpu experts* cost 1.420 ms
DEBUG 04-24 11:11:29.763084.763084 cuda_h.py:27] end prepare_group_stack cost 0.513 ms
DEBUG 04-24 11:11:29.764963.764963 sllm_store_c.py:27] get device uuid map
DEBUG 04-24 11:11:29.764067.764067 sllm_store_c.py:29] call client load into gpu
DEBUG 04-24 11:11:29.764759.764759 cuda_h.py:27] end prepare_group_stack cost 0.584 ms
DEBUG 04-24 11:11:29.764522.764522 cuda_h.py:27] end prepare_group_stack cost 0.575 ms
DEBUG 04-24 11:11:29.764317.764317 cuda_h.py:27] end prepare_group_stack cost 0.552 ms
DEBUG 04-24 11:11:29.765496.765496 cuda_h.py:27] end group stack cost 1.339 ms
DEBUG 04-24 11:11:29.765566.765566 cuda_h.py:27] end move_flatidxs_group_fused_mp cost 2.079 ms
DEBUG 04-24 11:11:29.765481.765481 cuda_h.py:27] end get_fused_experts_names_w cost 0.024 ms
DEBUG 04-24 11:11:29.766129.766129 cuda_h.py:27] end group stack cost 1.342 ms
DEBUG 04-24 11:11:29.766895.766895 cuda_h.py:27] end move_flatidxs_group_fused_mp cost 2.287 ms
DEBUG 04-24 11:11:29.766195.766195 cuda_h.py:27] end group stack cost 1.478 ms
DEBUG 04-24 11:11:29.766180.766180 cuda_h.py:27] end group stack cost 1.643 ms
DEBUG 04-24 11:11:29.766427.766427 cuda_h.py:27] end get_fused_experts_names_w cost 0.025 ms
DEBUG 04-24 11:11:29.766600.766600 cuda_h.py:27] end move_flatidxs_group_fused_mp cost 2.548 ms
DEBUG 04-24 11:11:29.766083.766083 cuda_h.py:27] end restore_fused_tensors cost 0.795 ms
DEBUG 04-24 11:11:29.766581.766581 cuda_h.py:27] end move_flatidxs_group_fused_mp cost 2.527 ms
DEBUG 04-24 11:11:29.766441.766441 cuda_h.py:27] end get_fused_experts_names_w cost 0.021 ms
DEBUG 04-24 11:11:29.766918.766918 cuda_h.py:27] end group_fused_tensors_mp cost 1.227 ms
DEBUG 04-24 11:11:29.766556.766556 cuda_h.py:27] end get_fused_experts_names_w cost 0.032 ms
DEBUG 04-24 11:11:29.767283.767283 cuda_h.py:27] end restore_fused_tensors cost 0.828 ms
DEBUG 04-24 11:11:29.767425.767425 cuda_h.py:27] end group_fused_tensors_mp cost 1.150 ms
DEBUG 04-24 11:11:29.767371.767371 cuda_h.py:27] end restore_fused_tensors cost 0.904 ms
DEBUG 04-24 11:11:29.767376.767376 cuda_h.py:27] end restore_fused_tensors cost 1.029 ms
DEBUG 04-24 11:11:29.768928.768928 cuda_h.py:27] end group_fused_tensors_mp cost 1.290 ms
DEBUG 04-24 11:11:29.768537.768537 cuda_h.py:27] end group_fused_tensors_mp cost 1.461 ms
DEBUG 04-24 11:11:29.774724.774724 cuda_h.py:27] end load_into_gpu_async_fused_experts_dual cost 9.803 ms
DEBUG 04-24 11:11:29.774109.774109 cuda_h.py:27] end restore_tensors2_fused_experts_packed cost 0.213 ms
DEBUG 04-24 11:11:29.775564.775564 cuda_h.py:27] end restore_tensors2_fused_experts_slices cost 0.428 ms
DEBUG 04-24 11:11:29.776031.776031 cuda_h.py:27] end allocate_experts_cuda_memory_and_restore_model_multi_device_fused cost 13.946 ms
DEBUG 04-24 11:11:29.776171.776171 cuda_h.py:27] end restore2model cost 3.759 ms
DEBUG 04-24 11:11:29.776643.776643 cuda_h.py:27] end gpu_sexperts cost 0.008 ms
DEBUG 04-24 11:11:29.776554.776554 cuda_h.py:27] end sllm_worker_task cost 19.897 ms
DEBUG 04-24 11:11:29.777276.777276 cuda_h.py:27] end wait_load_qkvogn_s_weight cost 0.243 ms
DEBUG 04-24 11:11:29.782384.782384 mlpmodule.py:3373] [fused_group_bmm][steps] bmm1=8.812 ms split=0.113 ms act_mul=1.097 ms bmm2=5.537 ms
DEBUG 04-24 11:11:29.783795.783795 cuda_h.py:27] end fused_group_bmm cost 16.041 ms
DEBUG 04-24 11:11:29.782110.782110 mlpmodule.py:3373] [fused_group_bmm][steps] bmm1=8.971 ms split=0.087 ms act_mul=0.657 ms bmm2=5.423 ms
DEBUG 04-24 11:11:29.783860.783860 mlpmodule.py:3373] [fused_group_bmm][steps] bmm1=8.311 ms split=0.065 ms act_mul=0.597 ms bmm2=5.390 ms
DEBUG 04-24 11:11:29.783342.783342 cuda_h.py:27] end fused_group_bmm cost 15.773 ms
DEBUG 04-24 11:11:29.783939.783939 cuda_h.py:27] end fused_group_bmm cost 14.987 ms
DEBUG 04-24 11:11:29.784542.784542 cuda_h.py:27] end gather_outputs_group_fused_mp cost 0.844 ms
DEBUG 04-24 11:11:29.784038.784038 cuda_h.py:27] end gather_outputs_group_fused_mp cost 0.484 ms
DEBUG 04-24 11:11:29.784661.784661 cuda_h.py:27] end gather_outputs_group_fused_mp cost 0.477 ms
DEBUG 04-24 11:11:29.784291.784291 mlpmodule.py:3373] [fused_group_bmm][steps] bmm1=8.084 ms split=0.115 ms act_mul=1.039 ms bmm2=6.937 ms
DEBUG 04-24 11:11:29.784913.784913 cuda_h.py:27] end cpu_experts_worker_bmm_or_einsum_2 cost 21.605 ms
DEBUG 04-24 11:11:29.784398.784398 cuda_h.py:27] end fused_group_bmm cost 16.423 ms
DEBUG 04-24 11:11:29.784822.784822 cuda_h.py:27] end cpu_experts_worker_bmm_or_einsum_1 cost 22.657 ms
DEBUG 04-24 11:11:29.784194.784194 cuda_h.py:27] end cpu_experts_worker_bmm_or_einsum_0 cost 21.627 ms
DEBUG 04-24 11:11:29.785298.785298 cuda_h.py:27] end gather_outputs_group_fused_mp cost 0.418 ms
DEBUG 04-24 11:11:29.786710.786710 cuda_h.py:27] end cpu_experts_worker_bmm_or_einsum_3 cost 22.790 ms
DEBUG 04-24 11:11:29.794538.794538 cuda_h.py:27] end prepare_per_device_parameters cost 16.789 ms
DEBUG 04-24 11:11:29.796294.796294 cuda_h.py:27] end cpu_experts_scatter_reduce cost 0.899 ms
DEBUG 04-24 11:11:29.796078.796078 cuda_h.py:27] end cpu_thread_manager_mp_wait_fused cost 1.940 ms
DEBUG 04-24 11:11:29.797429.797429 cuda_h.py:27] end wait_experts_multi_device cost 1.343 ms
DEBUG 04-24 11:11:29.797928.797928 cuda_h.py:27] end *before fused experts* cost 35.190 ms
DEBUG 04-24 11:11:29.801765.801765 cuda_h.py:27] end gpu_experts_multi_device_fused cost 4.199 ms
DEBUG 04-24 11:11:29.802244.802244 cuda_h.py:27] end *gpu experts* cost 39.496 ms
DEBUG 04-24 11:11:29.802624.802624 cuda_h.py:27] end layer_moe_generate_mp_multi_device_fused_l_5 cost 42.259 ms
DEBUG 04-24 11:11:29.803099.803099 cuda_h.py:27] end *mlp cost 43.591 ms
DEBUG 04-24 11:11:29.803565.803565 cuda_h.py:27] end prefill_layer cost 46.743 ms
DEBUG 04-24 11:11:29.803851.803851 lmp.py:341] -------------------------------- end prefill layer 4 --------------------------------
DEBUG 04-24 11:11:29.803693.803693 lmp.py:294] -------------------------------- start prefill layer 5 --------------------------------
DEBUG 04-24 11:11:29.803401.803401 cuda_h.py:27] end start_load_qkvogn_s_weight_l_6 cost 0.049 ms
DEBUG 04-24 11:11:29.804365.804365 cuda_h.py:27] end allocate_cuda_memory cost 0.186 ms
DEBUG 04-24 11:11:29.804735.804735 sllm_store_c.py:27] get device uuid map
DEBUG 04-24 11:11:29.804501.804501 sllm_store_c.py:29] call client load into gpu
DEBUG 04-24 11:11:29.806276.806276 cuda_h.py:27] end load_into_gpu_async cost 1.909 ms
DEBUG 04-24 11:11:29.806910.806910 cuda_h.py:27] end restore_tensors2 cost 0.088 ms
DEBUG 04-24 11:11:29.806345.806345 cuda_h.py:27] end **self_attn cost 2.012 ms
DEBUG 04-24 11:11:29.806722.806722 cuda_h.py:27] end allocate_cuda_memory_and_load_into_gpu cost 2.781 ms
DEBUG 04-24 11:11:29.807945.807945 cuda_h.py:27] end *iln_self_attn_paln cost 3.267 ms
DEBUG 04-24 11:11:29.807535.807535 cuda_h.py:27] end gate cost 0.542 ms
DEBUG 04-24 11:11:29.808846.808846 cuda_h.py:27] end experts_map_get cost 0.287 ms
DEBUG 04-24 11:11:29.808390.808390 cuda_h.py:27] end *before experts start* cost 0.972 ms
DEBUG 04-24 11:11:29.808737.808737 cuda_h.py:27] end cpu_experts_submit_fused_mp cost 0.228 ms
DEBUG 04-24 11:11:29.809161.809161 cuda_h.py:27] end *single cpu experts* cost 1.623 ms
DEBUG 04-24 11:11:29.811530.811530 cuda_h.py:27] end prepare_group_stack cost 0.547 ms
DEBUG 04-24 11:11:29.811834.811834 cuda_h.py:27] end prepare_group_stack cost 0.663 ms
DEBUG 04-24 11:11:29.811066.811066 cuda_h.py:27] end prepare_group_stack cost 0.684 ms
DEBUG 04-24 11:11:29.812208.812208 cuda_h.py:27] end prepare_group_stack cost 0.443 ms
DEBUG 04-24 11:11:29.812342.812342 cuda_h.py:27] end group stack cost 0.834 ms
DEBUG 04-24 11:11:29.812584.812584 cuda_h.py:27] end move_flatidxs_group_fused_mp cost 1.586 ms
DEBUG 04-24 11:11:29.812934.812934 sllm_store_c.py:27] get device uuid map
DEBUG 04-24 11:11:29.812036.812036 cuda_h.py:27] end group stack cost 0.797 ms
DEBUG 04-24 11:11:29.812383.812383 cuda_h.py:27] end get_fused_experts_names_w cost 0.024 ms
DEBUG 04-24 11:11:29.812337.812337 sllm_store_c.py:29] call client load into gpu
DEBUG 04-24 11:11:29.812093.812093 cuda_h.py:27] end move_flatidxs_group_fused_mp cost 1.891 ms
DEBUG 04-24 11:11:29.813652.813652 cuda_h.py:27] end get_fused_experts_names_w cost 0.025 ms
DEBUG 04-24 11:11:29.813189.813189 cuda_h.py:27] end group stack cost 1.178 ms
DEBUG 04-24 11:11:29.813295.813295 cuda_h.py:27] end move_flatidxs_group_fused_mp cost 2.418 ms
DEBUG 04-24 11:11:29.813534.813534 cuda_h.py:27] end get_fused_experts_names_w cost 0.024 ms
DEBUG 04-24 11:11:29.813370.813370 cuda_h.py:27] end group stack cost 1.357 ms
DEBUG 04-24 11:11:29.813113.813113 cuda_h.py:27] end restore_fused_tensors cost 0.770 ms
DEBUG 04-24 11:11:29.814847.814847 cuda_h.py:27] end restore_fused_tensors cost 0.698 ms
DEBUG 04-24 11:11:29.814781.814781 cuda_h.py:27] end group_fused_tensors_mp cost 1.233 ms
DEBUG 04-24 11:11:29.814702.814702 cuda_h.py:27] end move_flatidxs_group_fused_mp cost 2.159 ms
DEBUG 04-24 11:11:29.814750.814750 cuda_h.py:27] end group_fused_tensors_mp cost 1.190 ms
DEBUG 04-24 11:11:29.814587.814587 cuda_h.py:27] end get_fused_experts_names_w cost 0.028 ms
DEBUG 04-24 11:11:29.814517.814517 cuda_h.py:27] end restore_fused_tensors cost 0.663 ms
DEBUG 04-24 11:11:29.814552.814552 cuda_h.py:27] end restore2model cost 0.881 ms
DEBUG 04-24 11:11:29.814328.814328 cuda_h.py:27] end group_fused_tensors_mp cost 1.000 ms
DEBUG 04-24 11:11:29.814906.814906 cuda_h.py:27] end sllm_worker_task cost 10.645 ms
DEBUG 04-24 11:11:29.814326.814326 cuda_h.py:27] end load_into_gpu_async_fused_experts_dual cost 2.011 ms
DEBUG 04-24 11:11:29.815582.815582 cuda_h.py:27] end restore_tensors2_fused_experts_packed cost 0.058 ms
DEBUG 04-24 11:11:29.815872.815872 cuda_h.py:27] end restore_fused_tensors cost 0.829 ms
DEBUG 04-24 11:11:29.815869.815869 cuda_h.py:27] end group_fused_tensors_mp cost 1.150 ms
DEBUG 04-24 11:11:29.815573.815573 cuda_h.py:27] end restore_tensors2_fused_experts_slices cost 0.664 ms
DEBUG 04-24 11:11:29.816907.816907 cuda_h.py:27] end allocate_experts_cuda_memory_and_restore_model_multi_device_fused cost 6.565 ms
DEBUG 04-24 11:11:29.816313.816313 cuda_h.py:27] end gpu_sexperts cost 0.024 ms
DEBUG 04-24 11:11:29.817404.817404 cuda_h.py:27] end wait_load_qkvogn_s_weight cost 0.063 ms
DEBUG 04-24 11:11:29.830805.830805 mlpmodule.py:3373] [fused_group_bmm][steps] bmm1=10.419 ms split=0.171 ms act_mul=0.762 ms bmm2=4.339 ms
DEBUG 04-24 11:11:29.830139.830139 cuda_h.py:27] end fused_group_bmm cost 16.009 ms
DEBUG 04-24 11:11:29.831592.831592 mlpmodule.py:3373] [fused_group_bmm][steps] bmm1=11.852 ms split=0.079 ms act_mul=0.714 ms bmm2=4.032 ms
DEBUG 04-24 11:11:29.831296.831296 cuda_h.py:27] end gather_outputs_group_fused_mp cost 0.495 ms
DEBUG 04-24 11:11:29.831098.831098 cuda_h.py:27] end fused_group_bmm cost 16.979 ms
DEBUG 04-24 11:11:29.831386.831386 cuda_h.py:27] end gather_outputs_group_fused_mp cost 0.443 ms
DEBUG 04-24 11:11:29.832615.832615 cuda_h.py:27] end cpu_experts_worker_bmm_or_einsum_2 cost 22.152 ms
DEBUG 04-24 11:11:29.832668.832668 cuda_h.py:27] end cpu_experts_worker_bmm_or_einsum_0 cost 22.752 ms
DEBUG 04-24 11:11:29.836013.836013 mlpmodule.py:3373] [fused_group_bmm][steps] bmm1=14.034 ms split=0.195 ms act_mul=0.331 ms bmm2=5.650 ms
DEBUG 04-24 11:11:29.836645.836645 cuda_h.py:27] end fused_group_bmm cost 20.552 ms
DEBUG 04-24 11:11:29.836608.836608 mlpmodule.py:3373] [fused_group_bmm][steps] bmm1=14.207 ms split=0.351 ms act_mul=1.439 ms bmm2=5.920 ms
DEBUG 04-24 11:11:29.836780.836780 cuda_h.py:27] end fused_group_bmm cost 22.151 ms
DEBUG 04-24 11:11:29.836434.836434 cuda_h.py:27] end prepare_per_device_parameters cost 19.343 ms
DEBUG 04-24 11:11:29.837397.837397 cuda_h.py:27] end gather_outputs_group_fused_mp cost 0.459 ms
DEBUG 04-24 11:11:29.837903.837903 cuda_h.py:27] end gather_outputs_group_fused_mp cost 0.408 ms
DEBUG 04-24 11:11:29.837208.837208 cuda_h.py:27] end cpu_experts_worker_bmm_or_einsum_3 cost 26.533 ms
DEBUG 04-24 11:11:29.837795.837795 cuda_h.py:27] end cpu_experts_worker_bmm_or_einsum_1 cost 27.954 ms
DEBUG 04-24 11:11:29.839363.839363 cuda_h.py:27] end cpu_experts_scatter_reduce cost 0.753 ms
DEBUG 04-24 11:11:29.839055.839055 cuda_h.py:27] end cpu_thread_manager_mp_wait_fused cost 2.378 ms
DEBUG 04-24 11:11:29.840208.840208 cuda_h.py:27] end wait_experts_multi_device cost 1.370 ms
DEBUG 04-24 11:11:29.840813.840813 cuda_h.py:27] end *before fused experts* cost 31.071 ms
DEBUG 04-24 11:11:29.846430.846430 cuda_h.py:27] end gpu_experts_multi_device_fused cost 5.155 ms
DEBUG 04-24 11:11:29.846585.846585 cuda_h.py:27] end *gpu experts* cost 36.345 ms
DEBUG 04-24 11:11:29.846561.846561 cuda_h.py:27] end layer_moe_generate_mp_multi_device_fused_l_6 cost 39.299 ms
DEBUG 04-24 11:11:29.847750.847750 cuda_h.py:27] end *mlp cost 40.385 ms
DEBUG 04-24 11:11:29.847257.847257 cuda_h.py:27] end prefill_layer cost 44.164 ms
DEBUG 04-24 11:11:29.847345.847345 lmp.py:341] -------------------------------- end prefill layer 5 --------------------------------
DEBUG 04-24 11:11:29.847902.847902 lmp.py:294] -------------------------------- start prefill layer 6 --------------------------------
DEBUG 04-24 11:11:29.847593.847593 cuda_h.py:27] end start_load_qkvogn_s_weight_l_7 cost 0.052 ms
DEBUG 04-24 11:11:29.848200.848200 cuda_h.py:27] end allocate_cuda_memory cost 0.199 ms
DEBUG 04-24 11:11:29.848765.848765 sllm_store_c.py:27] get device uuid map
DEBUG 04-24 11:11:29.848469.848469 sllm_store_c.py:29] call client load into gpu
DEBUG 04-24 11:11:29.849873.849873 cuda_h.py:27] end load_into_gpu_async cost 1.449 ms
DEBUG 04-24 11:11:29.850315.850315 cuda_h.py:27] end restore_tensors2 cost 0.087 ms
DEBUG 04-24 11:11:29.850696.850696 cuda_h.py:27] end **self_attn cost 1.557 ms
DEBUG 04-24 11:11:29.850725.850725 cuda_h.py:27] end allocate_cuda_memory_and_load_into_gpu cost 2.289 ms
DEBUG 04-24 11:11:29.850041.850041 cuda_h.py:27] end *iln_self_attn_paln cost 2.955 ms
DEBUG 04-24 11:11:29.851398.851398 cuda_h.py:27] end gate cost 0.509 ms
DEBUG 04-24 11:11:29.851936.851936 cuda_h.py:27] end experts_map_get cost 0.350 ms
DEBUG 04-24 11:11:29.851196.851196 cuda_h.py:27] end *before experts start* cost 1.002 ms
DEBUG 04-24 11:11:29.852827.852827 cuda_h.py:27] end cpu_experts_submit_fused_mp cost 0.227 ms
DEBUG 04-24 11:11:29.853188.853188 cuda_h.py:27] end *single cpu experts* cost 1.507 ms
DEBUG 04-24 11:11:29.855106.855106 cuda_h.py:27] end prepare_group_stack cost 0.593 ms
DEBUG 04-24 11:11:29.855364.855364 cuda_h.py:27] end prepare_group_stack cost 0.583 ms
DEBUG 04-24 11:11:29.855517.855517 cuda_h.py:27] end prepare_group_stack cost 0.566 ms
DEBUG 04-24 11:11:29.855839.855839 sllm_store_c.py:27] get device uuid map
DEBUG 04-24 11:11:29.855139.855139 sllm_store_c.py:29] call client load into gpu
DEBUG 04-24 11:11:29.855772.855772 cuda_h.py:27] end prepare_group_stack cost 0.515 ms
DEBUG 04-24 11:11:29.855461.855461 cuda_h.py:27] end group stack cost 0.848 ms
DEBUG 04-24 11:11:29.856220.856220 cuda_h.py:27] end move_flatidxs_group_fused_mp cost 1.643 ms
DEBUG 04-24 11:11:29.856268.856268 cuda_h.py:27] end group stack cost 1.002 ms
DEBUG 04-24 11:11:29.856937.856937 cuda_h.py:27] end get_fused_experts_names_w cost 0.021 ms
DEBUG 04-24 11:11:29.856586.856586 cuda_h.py:27] end move_flatidxs_group_fused_mp cost 1.862 ms
DEBUG 04-24 11:11:29.856101.856101 cuda_h.py:27] end get_fused_experts_names_w cost 0.024 ms
DEBUG 04-24 11:11:29.856849.856849 cuda_h.py:27] end group stack cost 1.333 ms
DEBUG 04-24 11:11:29.856629.856629 cuda_h.py:27] end move_flatidxs_group_fused_mp cost 2.160 ms
DEBUG 04-24 11:11:29.856937.856937 cuda_h.py:27] end get_fused_experts_names_w cost 0.024 ms
DEBUG 04-24 11:11:29.857560.857560 cuda_h.py:27] end restore_fused_tensors cost 0.685 ms
DEBUG 04-24 11:11:29.857311.857311 cuda_h.py:27] end group_fused_tensors_mp cost 0.932 ms
DEBUG 04-24 11:11:29.857107.857107 cuda_h.py:27] end restore_fused_tensors cost 0.675 ms
DEBUG 04-24 11:11:29.857915.857915 cuda_h.py:27] end group stack cost 1.207 ms
DEBUG 04-24 11:11:29.857774.857774 cuda_h.py:27] end group_fused_tensors_mp cost 0.945 ms
DEBUG 04-24 11:11:29.857875.857875 cuda_h.py:27] end move_flatidxs_group_fused_mp cost 2.014 ms
DEBUG 04-24 11:11:29.857652.857652 cuda_h.py:27] end restore_fused_tensors cost 0.662 ms
DEBUG 04-24 11:11:29.857848.857848 cuda_h.py:27] end group_fused_tensors_mp cost 0.909 ms
DEBUG 04-24 11:11:29.857815.857815 cuda_h.py:27] end get_fused_experts_names_w cost 0.024 ms
DEBUG 04-24 11:11:29.858891.858891 cuda_h.py:27] end restore2model cost 1.010 ms
DEBUG 04-24 11:11:29.858215.858215 cuda_h.py:27] end sllm_worker_task cost 10.578 ms
DEBUG 04-24 11:11:29.858979.858979 cuda_h.py:27] end restore_fused_tensors cost 1.128 ms
DEBUG 04-24 11:11:29.858419.858419 cuda_h.py:27] end load_into_gpu_async_fused_experts_dual cost 3.470 ms
DEBUG 04-24 11:11:29.859365.859365 cuda_h.py:27] end group_fused_tensors_mp cost 1.623 ms
DEBUG 04-24 11:11:29.859235.859235 cuda_h.py:27] end restore_tensors2_fused_experts_packed cost 0.157 ms
DEBUG 04-24 11:11:29.860893.860893 cuda_h.py:27] end restore_tensors2_fused_experts_slices cost 0.630 ms
DEBUG 04-24 11:11:29.860436.860436 cuda_h.py:27] end allocate_experts_cuda_memory_and_restore_model_multi_device_fused cost 7.491 ms
DEBUG 04-24 11:11:29.861253.861253 cuda_h.py:27] end gpu_sexperts cost 0.023 ms
DEBUG 04-24 11:11:29.861208.861208 cuda_h.py:27] end wait_load_qkvogn_s_weight cost 0.109 ms
DEBUG 04-24 11:11:29.873102.873102 mlpmodule.py:3373] [fused_group_bmm][steps] bmm1=10.312 ms split=0.165 ms act_mul=0.431 ms bmm2=4.081 ms
DEBUG 04-24 11:11:29.873047.873047 cuda_h.py:27] end fused_group_bmm cost 15.390 ms
DEBUG 04-24 11:11:29.874939.874939 cuda_h.py:27] end gather_outputs_group_fused_mp cost 0.668 ms
DEBUG 04-24 11:11:29.874372.874372 mlpmodule.py:3373] [fused_group_bmm][steps] bmm1=11.740 ms split=0.104 ms act_mul=0.935 ms bmm2=4.149 ms
DEBUG 04-24 11:11:29.874333.874333 cuda_h.py:27] end fused_group_bmm cost 17.180 ms
DEBUG 04-24 11:11:29.874092.874092 cuda_h.py:27] end cpu_experts_worker_bmm_or_einsum_2 cost 21.445 ms
DEBUG 04-24 11:11:29.875970.875970 cuda_h.py:27] end gather_outputs_group_fused_mp cost 0.418 ms
DEBUG 04-24 11:11:29.876823.876823 cuda_h.py:27] end cpu_experts_worker_bmm_or_einsum_0 cost 22.715 ms
DEBUG 04-24 11:11:29.876330.876330 mlpmodule.py:3373] [fused_group_bmm][steps] bmm1=13.528 ms split=0.183 ms act_mul=0.619 ms bmm2=4.850 ms
DEBUG 04-24 11:11:29.876456.876456 cuda_h.py:27] end fused_group_bmm cost 19.608 ms
DEBUG 04-24 11:11:29.877333.877333 cuda_h.py:27] end gather_outputs_group_fused_mp cost 0.689 ms
DEBUG 04-24 11:11:29.878536.878536 mlpmodule.py:3373] [fused_group_bmm][steps] bmm1=12.351 ms split=0.327 ms act_mul=1.759 ms bmm2=4.196 ms
DEBUG 04-24 11:11:29.878325.878325 cuda_h.py:27] end fused_group_bmm cost 18.895 ms
DEBUG 04-24 11:11:29.878045.878045 cuda_h.py:27] end cpu_experts_worker_bmm_or_einsum_1 cost 25.189 ms
DEBUG 04-24 11:11:29.879547.879547 cuda_h.py:27] end gather_outputs_group_fused_mp cost 0.428 ms
DEBUG 04-24 11:11:29.879980.879980 cuda_h.py:27] end cpu_experts_worker_bmm_or_einsum_3 cost 25.232 ms
DEBUG 04-24 11:11:29.879838.879838 cuda_h.py:27] end prepare_per_device_parameters cost 18.279 ms
DEBUG 04-24 11:11:29.882646.882646 cuda_h.py:27] end cpu_experts_scatter_reduce cost 0.755 ms
DEBUG 04-24 11:11:29.882431.882431 cuda_h.py:27] end cpu_thread_manager_mp_wait_fused cost 2.319 ms
DEBUG 04-24 11:11:29.883576.883576 cuda_h.py:27] end wait_experts_multi_device cost 1.541 ms
DEBUG 04-24 11:11:29.883711.883711 cuda_h.py:27] end *before fused experts* cost 30.597 ms
DEBUG 04-24 11:11:29.889500.889500 cuda_h.py:27] end gpu_experts_multi_device_fused cost 5.142 ms
DEBUG 04-24 11:11:29.889695.889695 cuda_h.py:27] end *gpu experts* cost 35.852 ms
DEBUG 04-24 11:11:29.889028.889028 cuda_h.py:27] end layer_moe_generate_mp_multi_device_fused_l_7 cost 38.518 ms
DEBUG 04-24 11:11:29.890809.890809 cuda_h.py:27] end *mlp cost 39.863 ms
DEBUG 04-24 11:11:29.890315.890315 cuda_h.py:27] end prefill_layer cost 43.000 ms
DEBUG 04-24 11:11:29.890495.890495 lmp.py:341] -------------------------------- end prefill layer 6 --------------------------------
DEBUG 04-24 11:11:29.890191.890191 lmp.py:294] -------------------------------- start prefill layer 7 --------------------------------
DEBUG 04-24 11:11:29.890353.890353 cuda_h.py:27] end start_load_qkvogn_s_weight_l_8 cost 0.051 ms
DEBUG 04-24 11:11:29.891840.891840 cuda_h.py:27] end allocate_cuda_memory cost 0.158 ms
DEBUG 04-24 11:11:29.891268.891268 sllm_store_c.py:27] get device uuid map
DEBUG 04-24 11:11:29.891197.891197 sllm_store_c.py:29] call client load into gpu
DEBUG 04-24 11:11:29.892793.892793 cuda_h.py:27] end load_into_gpu_async cost 1.440 ms
DEBUG 04-24 11:11:29.892844.892844 cuda_h.py:27] end restore_tensors2 cost 0.089 ms
DEBUG 04-24 11:11:29.893012.893012 cuda_h.py:27] end **self_attn cost 1.452 ms
DEBUG 04-24 11:11:29.893656.893656 cuda_h.py:27] end allocate_cuda_memory_and_load_into_gpu cost 2.211 ms
DEBUG 04-24 11:11:29.893784.893784 cuda_h.py:27] end *iln_self_attn_paln cost 2.869 ms
DEBUG 04-24 11:11:29.894579.894579 cuda_h.py:27] end gate cost 0.517 ms
DEBUG 04-24 11:11:29.894366.894366 cuda_h.py:27] end experts_map_get cost 0.289 ms
DEBUG 04-24 11:11:29.894196.894196 cuda_h.py:27] end *before experts start* cost 0.946 ms
DEBUG 04-24 11:11:29.894913.894913 cuda_h.py:27] end cpu_experts_submit_fused_mp cost 0.220 ms
DEBUG 04-24 11:11:29.896792.896792 cuda_h.py:27] end *single cpu experts* cost 1.555 ms
DEBUG 04-24 11:11:29.898473.898473 cuda_h.py:27] end prepare_group_stack cost 0.565 ms
DEBUG 04-24 11:11:29.898576.898576 cuda_h.py:27] end prepare_group_stack cost 0.599 ms
DEBUG 04-24 11:11:29.898629.898629 cuda_h.py:27] end prepare_group_stack cost 0.635 ms
DEBUG 04-24 11:11:29.898196.898196 sllm_store_c.py:27] get device uuid map
DEBUG 04-24 11:11:29.898199.898199 sllm_store_c.py:29] call client load into gpu
DEBUG 04-24 11:11:29.898403.898403 cuda_h.py:27] end prepare_group_stack cost 0.430 ms
DEBUG 04-24 11:11:29.899139.899139 cuda_h.py:27] end group stack cost 0.765 ms
DEBUG 04-24 11:11:29.899302.899302 cuda_h.py:27] end move_flatidxs_group_fused_mp cost 1.782 ms
DEBUG 04-24 11:11:29.899712.899712 cuda_h.py:27] end get_fused_experts_names_w cost 0.026 ms
DEBUG 04-24 11:11:29.899279.899279 cuda_h.py:27] end group stack cost 1.197 ms
DEBUG 04-24 11:11:29.899116.899116 cuda_h.py:27] end move_flatidxs_group_fused_mp cost 2.314 ms
DEBUG 04-24 11:11:29.900916.900916 cuda_h.py:27] end get_fused_experts_names_w cost 0.026 ms
DEBUG 04-24 11:11:29.900523.900523 cuda_h.py:27] end group stack cost 2.034 ms
DEBUG 04-24 11:11:29.900845.900845 cuda_h.py:27] end move_flatidxs_group_fused_mp cost 2.784 ms
DEBUG 04-24 11:11:29.900978.900978 cuda_h.py:27] end restore_fused_tensors cost 0.672 ms
DEBUG 04-24 11:11:29.900875.900875 cuda_h.py:27] end group_fused_tensors_mp cost 0.958 ms
DEBUG 04-24 11:11:29.900697.900697 cuda_h.py:27] end get_fused_experts_names_w cost 0.024 ms
DEBUG 04-24 11:11:29.900884.900884 cuda_h.py:27] end group stack cost 1.418 ms
DEBUG 04-24 11:11:29.900253.900253 cuda_h.py:27] end move_flatidxs_group_fused_mp cost 2.092 ms
DEBUG 04-24 11:11:29.900390.900390 cuda_h.py:27] end get_fused_experts_names_w cost 0.022 ms
DEBUG 04-24 11:11:29.900223.900223 cuda_h.py:27] end restore_fused_tensors cost 0.708 ms
DEBUG 04-24 11:11:29.901865.901865 cuda_h.py:27] end group_fused_tensors_mp cost 1.071 ms
DEBUG 04-24 11:11:29.901266.901266 cuda_h.py:27] end restore_fused_tensors cost 0.615 ms
DEBUG 04-24 11:11:29.901619.901619 cuda_h.py:27] end group_fused_tensors_mp cost 0.885 ms
DEBUG 04-24 11:11:29.901024.901024 cuda_h.py:27] end restore2model cost 0.982 ms
DEBUG 04-24 11:11:29.901673.901673 cuda_h.py:27] end restore_fused_tensors cost 0.587 ms
DEBUG 04-24 11:11:29.901402.901402 cuda_h.py:27] end load_into_gpu_async_fused_experts_dual cost 2.996 ms
DEBUG 04-24 11:11:29.901157.901157 cuda_h.py:27] end group_fused_tensors_mp cost 0.977 ms
DEBUG 04-24 11:11:29.901622.901622 cuda_h.py:27] end sllm_worker_task cost 10.501 ms
DEBUG 04-24 11:11:29.901828.901828 cuda_h.py:27] end restore_tensors2_fused_experts_packed cost 0.059 ms
DEBUG 04-24 11:11:29.902638.902638 cuda_h.py:27] end restore_tensors2_fused_experts_slices cost 0.297 ms
DEBUG 04-24 11:11:29.902841.902841 cuda_h.py:27] end allocate_experts_cuda_memory_and_restore_model_multi_device_fused cost 6.151 ms
DEBUG 04-24 11:11:29.902091.902091 cuda_h.py:27] end gpu_sexperts cost 0.017 ms
DEBUG 04-24 11:11:29.902040.902040 cuda_h.py:27] end wait_load_qkvogn_s_weight cost 0.029 ms
DEBUG 04-24 11:11:29.918632.918632 mlpmodule.py:3373] [fused_group_bmm][steps] bmm1=9.944 ms split=0.123 ms act_mul=0.442 ms bmm2=6.706 ms
DEBUG 04-24 11:11:29.918866.918866 mlpmodule.py:3373] [fused_group_bmm][steps] bmm1=12.367 ms split=0.081 ms act_mul=0.621 ms bmm2=4.971 ms
DEBUG 04-24 11:11:29.918707.918707 cuda_h.py:27] end fused_group_bmm cost 17.522 ms
DEBUG 04-24 11:11:29.918609.918609 cuda_h.py:27] end fused_group_bmm cost 18.311 ms
DEBUG 04-24 11:11:29.919833.919833 cuda_h.py:27] end gather_outputs_group_fused_mp cost 0.508 ms
DEBUG 04-24 11:11:29.919118.919118 cuda_h.py:27] end gather_outputs_group_fused_mp cost 0.538 ms
DEBUG 04-24 11:11:29.920695.920695 cuda_h.py:27] end cpu_experts_worker_bmm_or_einsum_2 cost 23.699 ms
DEBUG 04-24 11:11:29.920591.920591 cuda_h.py:27] end cpu_experts_worker_bmm_or_einsum_0 cost 23.940 ms
DEBUG 04-24 11:11:29.921279.921279 mlpmodule.py:3373] [fused_group_bmm][steps] bmm1=13.914 ms split=0.411 ms act_mul=0.852 ms bmm2=4.276 ms
DEBUG 04-24 11:11:29.921213.921213 cuda_h.py:27] end fused_group_bmm cost 19.922 ms
DEBUG 04-24 11:11:29.922702.922702 cuda_h.py:27] end prepare_per_device_parameters cost 19.450 ms
DEBUG 04-24 11:11:29.922146.922146 cuda_h.py:27] end gather_outputs_group_fused_mp cost 0.845 ms
DEBUG 04-24 11:11:29.923860.923860 mlpmodule.py:3373] [fused_group_bmm][steps] bmm1=14.397 ms split=0.372 ms act_mul=0.572 ms bmm2=6.530 ms
DEBUG 04-24 11:11:29.923140.923140 cuda_h.py:27] end fused_group_bmm cost 22.144 ms
DEBUG 04-24 11:11:29.923487.923487 cuda_h.py:27] end cpu_experts_worker_bmm_or_einsum_3 cost 26.237 ms
DEBUG 04-24 11:11:29.923712.923712 cuda_h.py:27] end gather_outputs_group_fused_mp cost 0.447 ms
DEBUG 04-24 11:11:29.924480.924480 cuda_h.py:27] end cpu_experts_worker_bmm_or_einsum_1 cost 28.149 ms
DEBUG 04-24 11:11:29.925236.925236 cuda_h.py:27] end cpu_experts_scatter_reduce cost 0.756 ms
DEBUG 04-24 11:11:29.925358.925358 cuda_h.py:27] end cpu_thread_manager_mp_wait_fused cost 3.030 ms
DEBUG 04-24 11:11:29.927283.927283 cuda_h.py:27] end wait_experts_multi_device cost 1.484 ms
DEBUG 04-24 11:11:29.927180.927180 cuda_h.py:27] end *before fused experts* cost 31.089 ms
DEBUG 04-24 11:11:29.932945.932945 cuda_h.py:27] end gpu_experts_multi_device_fused cost 5.015 ms
DEBUG 04-24 11:11:29.932067.932067 cuda_h.py:27] end *gpu experts* cost 36.236 ms
DEBUG 04-24 11:11:29.932183.932183 cuda_h.py:27] end layer_moe_generate_mp_multi_device_fused_l_8 cost 38.926 ms
DEBUG 04-24 11:11:29.933254.933254 cuda_h.py:27] end *mlp cost 40.066 ms
DEBUG 04-24 11:11:29.933119.933119 cuda_h.py:27] end prefill_layer cost 43.132 ms
DEBUG 04-24 11:11:29.933305.933305 lmp.py:341] -------------------------------- end prefill layer 7 --------------------------------
DEBUG 04-24 11:11:29.933147.933147 lmp.py:294] -------------------------------- start prefill layer 8 --------------------------------
DEBUG 04-24 11:11:29.934832.934832 cuda_h.py:27] end start_load_qkvogn_s_weight_l_9 cost 0.047 ms
DEBUG 04-24 11:11:29.934182.934182 cuda_h.py:27] end allocate_cuda_memory cost 0.217 ms
DEBUG 04-24 11:11:29.934366.934366 sllm_store_c.py:27] get device uuid map
DEBUG 04-24 11:11:29.934600.934600 sllm_store_c.py:29] call client load into gpu
DEBUG 04-24 11:11:29.936075.936075 cuda_h.py:27] end load_into_gpu_async cost 1.574 ms
DEBUG 04-24 11:11:29.936485.936485 cuda_h.py:27] end restore_tensors2 cost 0.105 ms
DEBUG 04-24 11:11:29.936097.936097 cuda_h.py:27] end **self_attn cost 1.593 ms
DEBUG 04-24 11:11:29.936006.936006 cuda_h.py:27] end allocate_cuda_memory_and_load_into_gpu cost 2.351 ms
DEBUG 04-24 11:11:29.936621.936621 cuda_h.py:27] end *iln_self_attn_paln cost 2.850 ms
DEBUG 04-24 11:11:29.937892.937892 cuda_h.py:27] end gate cost 0.516 ms
DEBUG 04-24 11:11:29.937865.937865 cuda_h.py:27] end experts_map_get cost 0.285 ms
DEBUG 04-24 11:11:29.937125.937125 cuda_h.py:27] end *before experts start* cost 0.943 ms
DEBUG 04-24 11:11:29.938703.938703 cuda_h.py:27] end cpu_experts_submit_fused_mp cost 0.223 ms
DEBUG 04-24 11:11:29.939558.939558 cuda_h.py:27] end *single cpu experts* cost 2.041 ms
DEBUG 04-24 11:11:29.941936.941936 cuda_h.py:27] end prepare_group_stack cost 0.450 ms
DEBUG 04-24 11:11:29.941740.941740 cuda_h.py:27] end prepare_group_stack cost 0.459 ms
DEBUG 04-24 11:11:29.942074.942074 cuda_h.py:27] end group stack cost 0.669 ms
DEBUG 04-24 11:11:29.942488.942488 cuda_h.py:27] end move_flatidxs_group_fused_mp cost 1.448 ms
DEBUG 04-24 11:11:29.942887.942887 cuda_h.py:27] end prepare_group_stack cost 0.470 ms
DEBUG 04-24 11:11:29.942231.942231 cuda_h.py:27] end get_fused_experts_names_w cost 0.052 ms
DEBUG 04-24 11:11:29.942200.942200 sllm_store_c.py:27] get device uuid map
DEBUG 04-24 11:11:29.942539.942539 cuda_h.py:27] end group stack cost 1.322 ms
DEBUG 04-24 11:11:29.942629.942629 sllm_store_c.py:29] call client load into gpu
DEBUG 04-24 11:11:29.942175.942175 cuda_h.py:27] end prepare_group_stack cost 0.628 ms
DEBUG 04-24 11:11:29.942947.942947 cuda_h.py:27] end move_flatidxs_group_fused_mp cost 1.980 ms
DEBUG 04-24 11:11:29.943788.943788 cuda_h.py:27] end get_fused_experts_names_w cost 0.020 ms
DEBUG 04-24 11:11:29.943906.943906 cuda_h.py:27] end group stack cost 0.818 ms
DEBUG 04-24 11:11:29.943232.943232 cuda_h.py:27] end restore_fused_tensors cost 0.645 ms
DEBUG 04-24 11:11:29.943631.943631 cuda_h.py:27] end group_fused_tensors_mp cost 1.131 ms
DEBUG 04-24 11:11:29.943022.943022 cuda_h.py:27] end move_flatidxs_group_fused_mp cost 1.746 ms
DEBUG 04-24 11:11:29.943074.943074 cuda_h.py:27] end get_fused_experts_names_w cost 0.021 ms
DEBUG 04-24 11:11:29.943865.943865 cuda_h.py:27] end restore_fused_tensors cost 0.562 ms
DEBUG 04-24 11:11:29.944437.944437 cuda_h.py:27] end group_fused_tensors_mp cost 0.820 ms
DEBUG 04-24 11:11:29.944944.944944 cuda_h.py:27] end restore2model cost 0.970 ms
DEBUG 04-24 11:11:29.944291.944291 cuda_h.py:27] end restore_fused_tensors cost 0.612 ms
DEBUG 04-24 11:11:29.944381.944381 cuda_h.py:27] end group_fused_tensors_mp cost 0.879 ms
DEBUG 04-24 11:11:29.944220.944220 cuda_h.py:27] end load_into_gpu_async_fused_experts_dual cost 1.981 ms
DEBUG 04-24 11:11:29.944341.944341 cuda_h.py:27] end sllm_worker_task cost 10.568 ms
DEBUG 04-24 11:11:29.945301.945301 cuda_h.py:27] end restore_tensors2_fused_experts_packed cost 0.070 ms
DEBUG 04-24 11:11:29.945751.945751 cuda_h.py:27] end group stack cost 2.590 ms
DEBUG 04-24 11:11:29.946649.946649 cuda_h.py:27] end restore_tensors2_fused_experts_slices cost 0.302 ms
DEBUG 04-24 11:11:29.946636.946636 cuda_h.py:27] end allocate_experts_cuda_memory_and_restore_model_multi_device_fused cost 6.202 ms
DEBUG 04-24 11:11:29.946505.946505 cuda_h.py:27] end gpu_sexperts cost 0.008 ms
DEBUG 04-24 11:11:29.946156.946156 cuda_h.py:27] end wait_load_qkvogn_s_weight cost 0.024 ms
DEBUG 04-24 11:11:29.946925.946925 cuda_h.py:27] end move_flatidxs_group_fused_mp cost 4.238 ms
DEBUG 04-24 11:11:29.946682.946682 cuda_h.py:27] end get_fused_experts_names_w cost 0.073 ms
DEBUG 04-24 11:11:29.948535.948535 cuda_h.py:27] end restore_fused_tensors cost 1.655 ms
DEBUG 04-24 11:11:29.949687.949687 cuda_h.py:27] end group_fused_tensors_mp cost 2.251 ms
DEBUG 04-24 11:11:29.955817.955817 mlpmodule.py:3373] [fused_group_bmm][steps] bmm1=5.519 ms split=0.092 ms act_mul=0.643 ms bmm2=5.696 ms
DEBUG 04-24 11:11:29.956684.956684 cuda_h.py:27] end fused_group_bmm cost 12.427 ms
DEBUG 04-24 11:11:29.957721.957721 cuda_h.py:27] end gather_outputs_group_fused_mp cost 0.638 ms
DEBUG 04-24 11:11:29.957127.957127 cuda_h.py:27] end cpu_experts_worker_bmm_or_einsum_0 cost 17.455 ms
DEBUG 04-24 11:11:29.962821.962821 mlpmodule.py:3373] [fused_group_bmm][steps] bmm1=8.061 ms split=0.096 ms act_mul=0.438 ms bmm2=4.008 ms
DEBUG 04-24 11:11:29.962377.962377 cuda_h.py:27] end fused_group_bmm cost 12.836 ms
DEBUG 04-24 11:11:29.962717.962717 cuda_h.py:27] end gather_outputs_group_fused_mp cost 0.418 ms
DEBUG 04-24 11:11:29.963039.963039 cuda_h.py:27] end cpu_experts_worker_bmm_or_einsum_2 cost 22.504 ms
DEBUG 04-24 11:11:29.963157.963157 mlpmodule.py:3373] [fused_group_bmm][steps] bmm1=13.256 ms split=0.156 ms act_mul=0.336 ms bmm2=5.836 ms
DEBUG 04-24 11:11:29.964037.964037 cuda_h.py:27] end fused_group_bmm cost 20.012 ms
DEBUG 04-24 11:11:29.964688.964688 mlpmodule.py:3373] [fused_group_bmm][steps] bmm1=12.657 ms split=0.146 ms act_mul=1.035 ms bmm2=5.519 ms
DEBUG 04-24 11:11:29.964146.964146 cuda_h.py:27] end fused_group_bmm cost 19.624 ms
DEBUG 04-24 11:11:29.965994.965994 cuda_h.py:27] end gather_outputs_group_fused_mp cost 0.503 ms
DEBUG 04-24 11:11:29.965036.965036 cuda_h.py:27] end gather_outputs_group_fused_mp cost 0.469 ms
DEBUG 04-24 11:11:29.965948.965948 cuda_h.py:27] end cpu_experts_worker_bmm_or_einsum_3 cost 25.800 ms
DEBUG 04-24 11:11:29.966232.966232 cuda_h.py:27] end cpu_experts_worker_bmm_or_einsum_1 cost 25.233 ms
DEBUG 04-24 11:11:29.966758.966758 cuda_h.py:27] end prepare_per_device_parameters cost 19.248 ms
DEBUG 04-24 11:11:29.968948.968948 cuda_h.py:27] end cpu_experts_scatter_reduce cost 0.755 ms
DEBUG 04-24 11:11:29.969593.969593 cuda_h.py:27] end cpu_thread_manager_mp_wait_fused cost 2.808 ms
DEBUG 04-24 11:11:29.970519.970519 cuda_h.py:27] end wait_experts_multi_device cost 1.483 ms
DEBUG 04-24 11:11:29.970415.970415 cuda_h.py:27] end *before fused experts* cost 30.658 ms
DEBUG 04-24 11:11:29.975556.975556 cuda_h.py:27] end gpu_experts_multi_device_fused cost 4.768 ms
DEBUG 04-24 11:11:29.975148.975148 cuda_h.py:27] end *gpu experts* cost 35.551 ms
DEBUG 04-24 11:11:29.975661.975661 cuda_h.py:27] end layer_moe_generate_mp_multi_device_fused_l_9 cost 38.730 ms
DEBUG 04-24 11:11:29.976245.976245 cuda_h.py:27] end *mlp cost 39.933 ms
DEBUG 04-24 11:11:29.976235.976235 cuda_h.py:27] end prefill_layer cost 42.970 ms
DEBUG 04-24 11:11:29.976898.976898 lmp.py:341] -------------------------------- end prefill layer 8 --------------------------------
DEBUG 04-24 11:11:29.977270.977270 lmp.py:294] -------------------------------- start prefill layer 9 --------------------------------
DEBUG 04-24 11:11:29.977498.977498 cuda_h.py:27] end start_load_qkvogn_s_weight_l_10 cost 0.057 ms
DEBUG 04-24 11:11:29.977312.977312 cuda_h.py:27] end allocate_cuda_memory cost 0.209 ms
DEBUG 04-24 11:11:29.977028.977028 sllm_store_c.py:27] get device uuid map
DEBUG 04-24 11:11:29.977825.977825 sllm_store_c.py:29] call client load into gpu
DEBUG 04-24 11:11:29.979876.979876 cuda_h.py:27] end **self_attn cost 1.364 ms
DEBUG 04-24 11:11:29.979774.979774 cuda_h.py:27] end load_into_gpu_async cost 1.708 ms
DEBUG 04-24 11:11:29.979587.979587 cuda_h.py:27] end restore_tensors2 cost 0.090 ms
DEBUG 04-24 11:11:29.979481.979481 cuda_h.py:27] end *iln_self_attn_paln cost 2.721 ms
DEBUG 04-24 11:11:29.979962.979962 cuda_h.py:27] end allocate_cuda_memory_and_load_into_gpu cost 2.673 ms
DEBUG 04-24 11:11:29.980395.980395 cuda_h.py:27] end gate cost 0.599 ms
DEBUG 04-24 11:11:29.980758.980758 cuda_h.py:27] end experts_map_get cost 0.290 ms
DEBUG 04-24 11:11:29.980018.980018 cuda_h.py:27] end *before experts start* cost 1.033 ms
DEBUG 04-24 11:11:29.981689.981689 cuda_h.py:27] end cpu_experts_submit_fused_mp cost 0.221 ms
DEBUG 04-24 11:11:29.983025.983025 cuda_h.py:27] end *single cpu experts* cost 2.147 ms
DEBUG 04-24 11:11:29.984750.984750 cuda_h.py:27] end prepare_group_stack cost 0.437 ms
DEBUG 04-24 11:11:29.984854.984854 cuda_h.py:27] end prepare_group_stack cost 0.512 ms
DEBUG 04-24 11:11:29.985423.985423 cuda_h.py:27] end group stack cost 0.675 ms
DEBUG 04-24 11:11:29.985003.985003 cuda_h.py:27] end prepare_group_stack cost 0.563 ms
DEBUG 04-24 11:11:29.985529.985529 cuda_h.py:27] end move_flatidxs_group_fused_mp cost 1.702 ms
DEBUG 04-24 11:11:29.985702.985702 sllm_store_c.py:27] get device uuid map
DEBUG 04-24 11:11:29.985622.985622 cuda_h.py:27] end prepare_group_stack cost 0.560 ms
DEBUG 04-24 11:11:29.985466.985466 cuda_h.py:27] end get_fused_experts_names_w cost 0.027 ms
DEBUG 04-24 11:11:29.985049.985049 sllm_store_c.py:29] call client load into gpu
DEBUG 04-24 11:11:29.985420.985420 cuda_h.py:27] end group stack cost 1.332 ms
DEBUG 04-24 11:11:29.986802.986802 cuda_h.py:27] end move_flatidxs_group_fused_mp cost 2.207 ms
DEBUG 04-24 11:11:29.986798.986798 cuda_h.py:27] end get_fused_experts_names_w cost 0.022 ms
DEBUG 04-24 11:11:29.986891.986891 cuda_h.py:27] end group stack cost 0.890 ms
DEBUG 04-24 11:11:29.986286.986286 cuda_h.py:27] end move_flatidxs_group_fused_mp cost 1.709 ms
DEBUG 04-24 11:11:29.986945.986945 cuda_h.py:27] end get_fused_experts_names_w cost 0.041 ms
DEBUG 04-24 11:11:29.986998.986998 cuda_h.py:27] end restore_fused_tensors cost 0.758 ms
DEBUG 04-24 11:11:29.987910.987910 cuda_h.py:27] end restore_fused_tensors cost 0.623 ms
DEBUG 04-24 11:11:29.987752.987752 cuda_h.py:27] end group_fused_tensors_mp cost 1.259 ms
DEBUG 04-24 11:11:29.987628.987628 cuda_h.py:27] end group_fused_tensors_mp cost 0.883 ms
DEBUG 04-24 11:11:29.987481.987481 cuda_h.py:27] end load_into_gpu_async_fused_experts_dual cost 1.912 ms
DEBUG 04-24 11:11:29.987758.987758 cuda_h.py:27] end group stack cost 1.700 ms
DEBUG 04-24 11:11:29.987311.987311 cuda_h.py:27] end restore_fused_tensors cost 0.870 ms
DEBUG 04-24 11:11:29.987450.987450 cuda_h.py:27] end move_flatidxs_group_fused_mp cost 2.759 ms
DEBUG 04-24 11:11:29.987299.987299 cuda_h.py:27] end restore2model cost 1.257 ms
DEBUG 04-24 11:11:29.988718.988718 cuda_h.py:27] end group_fused_tensors_mp cost 1.548 ms
DEBUG 04-24 11:11:29.988521.988521 cuda_h.py:27] end restore_tensors2_fused_experts_packed cost 0.075 ms
DEBUG 04-24 11:11:29.988092.988092 cuda_h.py:27] end get_fused_experts_names_w cost 0.050 ms
DEBUG 04-24 11:11:29.988044.988044 cuda_h.py:27] end sllm_worker_task cost 11.260 ms
DEBUG 04-24 11:11:29.988991.988991 cuda_h.py:27] end restore_tensors2_fused_experts_slices cost 0.302 ms
DEBUG 04-24 11:11:29.989608.989608 cuda_h.py:27] end allocate_experts_cuda_memory_and_restore_model_multi_device_fused cost 5.875 ms
DEBUG 04-24 11:11:29.989077.989077 cuda_h.py:27] end gpu_sexperts cost 0.010 ms
DEBUG 04-24 11:11:29.989350.989350 cuda_h.py:27] end wait_load_qkvogn_s_weight cost 0.028 ms
DEBUG 04-24 11:11:29.990123.990123 cuda_h.py:27] end restore_fused_tensors cost 1.596 ms
DEBUG 04-24 11:11:29.991274.991274 cuda_h.py:27] end group_fused_tensors_mp cost 2.538 ms
DEBUG 04-24 11:11:30.001636.001636 mlpmodule.py:3373] [fused_group_bmm][steps] bmm1=10.225 ms split=0.156 ms act_mul=0.573 ms bmm2=2.998 ms
DEBUG 04-24 11:11:30.001307.001307 cuda_h.py:27] end fused_group_bmm cost 14.235 ms
DEBUG 04-24 11:11:30.002948.002948 cuda_h.py:27] end gather_outputs_group_fused_mp cost 0.527 ms
DEBUG 04-24 11:11:30.002044.002044 cuda_h.py:27] end cpu_experts_worker_bmm_or_einsum_0 cost 19.892 ms
DEBUG 04-24 11:11:30.005052.005052 mlpmodule.py:3373] [fused_group_bmm][steps] bmm1=10.091 ms split=0.111 ms act_mul=0.575 ms bmm2=3.241 ms
DEBUG 04-24 11:11:30.005575.005575 cuda_h.py:27] end fused_group_bmm cost 14.265 ms
DEBUG 04-24 11:11:30.005714.005714 mlpmodule.py:3373] [fused_group_bmm][steps] bmm1=13.346 ms split=0.289 ms act_mul=0.490 ms bmm2=4.336 ms
DEBUG 04-24 11:11:30.006931.006931 cuda_h.py:27] end fused_group_bmm cost 18.807 ms
DEBUG 04-24 11:11:30.006629.006629 cuda_h.py:27] end gather_outputs_group_fused_mp cost 0.381 ms
DEBUG 04-24 11:11:30.006868.006868 cuda_h.py:27] end cpu_experts_worker_bmm_or_einsum_2 cost 22.970 ms
DEBUG 04-24 11:11:30.006206.006206 cuda_h.py:27] end gather_outputs_group_fused_mp cost 0.801 ms
DEBUG 04-24 11:11:30.007554.007554 cuda_h.py:27] end cpu_experts_worker_bmm_or_einsum_3 cost 24.908 ms
DEBUG 04-24 11:11:30.008290.008290 mlpmodule.py:3373] [fused_group_bmm][steps] bmm1=14.078 ms split=0.326 ms act_mul=1.446 ms bmm2=4.141 ms
DEBUG 04-24 11:11:30.008052.008052 cuda_h.py:27] end fused_group_bmm cost 20.232 ms
DEBUG 04-24 11:11:30.009739.009739 cuda_h.py:27] end gather_outputs_group_fused_mp cost 0.491 ms
DEBUG 04-24 11:11:30.009275.009275 cuda_h.py:27] end prepare_per_device_parameters cost 20.038 ms
DEBUG 04-24 11:11:30.009147.009147 cuda_h.py:27] end cpu_experts_worker_bmm_or_einsum_1 cost 26.010 ms
DEBUG 04-24 11:11:30.011119.011119 cuda_h.py:27] end cpu_experts_scatter_reduce cost 0.776 ms
DEBUG 04-24 11:11:30.011195.011195 cuda_h.py:27] end cpu_thread_manager_mp_wait_fused cost 1.998 ms
DEBUG 04-24 11:11:30.013368.013368 cuda_h.py:27] end wait_experts_multi_device cost 1.386 ms
DEBUG 04-24 11:11:30.013450.013450 cuda_h.py:27] end *before fused experts* cost 30.026 ms
DEBUG 04-24 11:11:30.018677.018677 cuda_h.py:27] end gpu_experts_multi_device_fused cost 4.761 ms
DEBUG 04-24 11:11:30.018408.018408 cuda_h.py:27] end *gpu experts* cost 34.911 ms
DEBUG 04-24 11:11:30.018026.018026 cuda_h.py:27] end layer_moe_generate_mp_multi_device_fused_l_10 cost 38.258 ms
DEBUG 04-24 11:11:30.019123.019123 cuda_h.py:27] end *mlp cost 39.555 ms
DEBUG 04-24 11:11:30.019412.019412 cuda_h.py:27] end prefill_layer cost 42.576 ms
DEBUG 04-24 11:11:30.019036.019036 lmp.py:341] -------------------------------- end prefill layer 9 --------------------------------
DEBUG 04-24 11:11:30.019030.019030 lmp.py:294] -------------------------------- start prefill layer 10 --------------------------------
DEBUG 04-24 11:11:30.020878.020878 cuda_h.py:27] end start_load_qkvogn_s_weight_l_11 cost 0.056 ms
DEBUG 04-24 11:11:30.020307.020307 cuda_h.py:27] end allocate_cuda_memory cost 0.236 ms
DEBUG 04-24 11:11:30.020346.020346 sllm_store_c.py:27] get device uuid map
DEBUG 04-24 11:11:30.020232.020232 sllm_store_c.py:29] call client load into gpu
DEBUG 04-24 11:11:30.022707.022707 cuda_h.py:27] end load_into_gpu_async cost 1.704 ms
DEBUG 04-24 11:11:30.022948.022948 cuda_h.py:27] end **self_attn cost 1.494 ms
DEBUG 04-24 11:11:30.022211.022211 cuda_h.py:27] end restore_tensors2 cost 0.086 ms
DEBUG 04-24 11:11:30.022376.022376 cuda_h.py:27] end allocate_cuda_memory_and_load_into_gpu cost 2.554 ms
DEBUG 04-24 11:11:30.022967.022967 cuda_h.py:27] end *iln_self_attn_paln cost 2.941 ms
DEBUG 04-24 11:11:30.023968.023968 cuda_h.py:27] end gate cost 0.520 ms
DEBUG 04-24 11:11:30.023252.023252 cuda_h.py:27] end experts_map_get cost 0.292 ms
DEBUG 04-24 11:11:30.024619.024619 cuda_h.py:27] end *before experts start* cost 1.010 ms
DEBUG 04-24 11:11:30.024866.024866 cuda_h.py:27] end cpu_experts_submit_fused_mp cost 0.223 ms
DEBUG 04-24 11:11:30.025355.025355 cuda_h.py:27] end *single cpu experts* cost 1.561 ms
DEBUG 04-24 11:11:30.027976.027976 sllm_store_c.py:27] get device uuid map
DEBUG 04-24 11:11:30.027430.027430 sllm_store_c.py:29] call client load into gpu
DEBUG 04-24 11:11:30.028698.028698 cuda_h.py:27] end prepare_group_stack cost 1.538 ms
DEBUG 04-24 11:11:30.028120.028120 cuda_h.py:27] end prepare_group_stack cost 1.627 ms
DEBUG 04-24 11:11:30.028842.028842 cuda_h.py:27] end prepare_group_stack cost 1.596 ms
DEBUG 04-24 11:11:30.028113.028113 cuda_h.py:27] end prepare_group_stack cost 1.584 ms
DEBUG 04-24 11:11:30.029088.029088 cuda_h.py:27] end group stack cost 0.727 ms
DEBUG 04-24 11:11:30.029476.029476 cuda_h.py:27] end move_flatidxs_group_fused_mp cost 2.817 ms
DEBUG 04-24 11:11:30.029857.029857 cuda_h.py:27] end group stack cost 1.290 ms
DEBUG 04-24 11:11:30.030372.030372 cuda_h.py:27] end get_fused_experts_names_w cost 0.042 ms
DEBUG 04-24 11:11:30.030034.030034 cuda_h.py:27] end move_flatidxs_group_fused_mp cost 3.106 ms
DEBUG 04-24 11:11:30.030073.030073 cuda_h.py:27] end get_fused_experts_names_w cost 0.027 ms
DEBUG 04-24 11:11:30.030610.030610 cuda_h.py:27] end group stack cost 1.306 ms
DEBUG 04-24 11:11:30.030861.030861 cuda_h.py:27] end move_flatidxs_group_fused_mp cost 3.384 ms
DEBUG 04-24 11:11:30.030249.030249 cuda_h.py:27] end get_fused_experts_names_w cost 0.023 ms
DEBUG 04-24 11:11:30.030176.030176 cuda_h.py:27] end group stack cost 1.815 ms
DEBUG 04-24 11:11:30.030832.030832 cuda_h.py:27] end restore_fused_tensors cost 0.565 ms
DEBUG 04-24 11:11:30.030955.030955 cuda_h.py:27] end group_fused_tensors_mp cost 0.827 ms
DEBUG 04-24 11:11:30.030743.030743 cuda_h.py:27] end move_flatidxs_group_fused_mp cost 3.860 ms
DEBUG 04-24 11:11:30.031132.031132 cuda_h.py:27] end restore_fused_tensors cost 0.648 ms
DEBUG 04-24 11:11:30.031252.031252 cuda_h.py:27] end get_fused_experts_names_w cost 0.025 ms
DEBUG 04-24 11:11:30.031390.031390 cuda_h.py:27] end group_fused_tensors_mp cost 1.006 ms
DEBUG 04-24 11:11:30.031872.031872 cuda_h.py:27] end restore_fused_tensors cost 0.682 ms
DEBUG 04-24 11:11:30.031358.031358 cuda_h.py:27] end group_fused_tensors_mp cost 0.916 ms
DEBUG 04-24 11:11:30.032409.032409 cuda_h.py:27] end restore_fused_tensors cost 0.940 ms
DEBUG 04-24 11:11:30.032640.032640 cuda_h.py:27] end group_fused_tensors_mp cost 1.324 ms
DEBUG 04-24 11:11:30.038634.038634 cuda_h.py:27] end restore2model cost 2.227 ms
DEBUG 04-24 11:11:30.038460.038460 cuda_h.py:27] end sllm_worker_task cost 18.508 ms
DEBUG 04-24 11:11:30.038112.038112 cuda_h.py:27] end load_into_gpu_async_fused_experts_dual cost 11.746 ms
DEBUG 04-24 11:11:30.039336.039336 cuda_h.py:27] end restore_tensors2_fused_experts_packed cost 0.168 ms
DEBUG 04-24 11:11:30.039121.039121 cuda_h.py:27] end restore_tensors2_fused_experts_slices cost 0.447 ms
DEBUG 04-24 11:11:30.039193.039193 cuda_h.py:27] end allocate_experts_cuda_memory_and_restore_model_multi_device_fused cost 14.280 ms
DEBUG 04-24 11:11:30.040458.040458 cuda_h.py:27] end gpu_sexperts cost 0.013 ms
DEBUG 04-24 11:11:30.040124.040124 cuda_h.py:27] end wait_load_qkvogn_s_weight cost 0.038 ms
DEBUG 04-24 11:11:30.046182.046182 mlpmodule.py:3373] [fused_group_bmm][steps] bmm1=9.630 ms split=0.123 ms act_mul=0.513 ms bmm2=4.909 ms
DEBUG 04-24 11:11:30.047850.047850 cuda_h.py:27] end fused_group_bmm cost 15.586 ms
DEBUG 04-24 11:11:30.047864.047864 mlpmodule.py:3373] [fused_group_bmm][steps] bmm1=10.641 ms split=0.116 ms act_mul=0.490 ms bmm2=4.919 ms
DEBUG 04-24 11:11:30.047045.047045 cuda_h.py:27] end fused_group_bmm cost 16.477 ms
DEBUG 04-24 11:11:30.047910.047910 cuda_h.py:27] end gather_outputs_group_fused_mp cost 0.556 ms
DEBUG 04-24 11:11:30.048711.048711 cuda_h.py:27] end gather_outputs_group_fused_mp cost 0.438 ms
DEBUG 04-24 11:11:30.048745.048745 cuda_h.py:27] end cpu_experts_worker_bmm_or_einsum_0 cost 22.055 ms
DEBUG 04-24 11:11:30.048239.048239 cuda_h.py:27] end cpu_experts_worker_bmm_or_einsum_2 cost 22.290 ms
DEBUG 04-24 11:11:30.049223.049223 mlpmodule.py:3373] [fused_group_bmm][steps] bmm1=9.035 ms split=0.117 ms act_mul=0.362 ms bmm2=7.094 ms
DEBUG 04-24 11:11:30.049575.049575 cuda_h.py:27] end fused_group_bmm cost 16.871 ms
DEBUG 04-24 11:11:30.049997.049997 mlpmodule.py:3373] [fused_group_bmm][steps] bmm1=9.829 ms split=0.108 ms act_mul=0.503 ms bmm2=7.328 ms
DEBUG 04-24 11:11:30.049790.049790 cuda_h.py:27] end fused_group_bmm cost 18.140 ms
DEBUG 04-24 11:11:30.050221.050221 cuda_h.py:27] end gather_outputs_group_fused_mp cost 0.455 ms
DEBUG 04-24 11:11:30.050644.050644 cuda_h.py:27] end gather_outputs_group_fused_mp cost 0.453 ms
DEBUG 04-24 11:11:30.050741.050741 cuda_h.py:27] end cpu_experts_worker_bmm_or_einsum_3 cost 24.613 ms
DEBUG 04-24 11:11:30.051685.051685 cuda_h.py:27] end cpu_experts_worker_bmm_or_einsum_1 cost 24.923 ms
DEBUG 04-24 11:11:30.055070.055070 cuda_h.py:27] end prepare_per_device_parameters cost 15.028 ms
DEBUG 04-24 11:11:30.058370.058370 cuda_h.py:27] end cpu_experts_scatter_reduce cost 0.758 ms
DEBUG 04-24 11:11:30.058148.058148 cuda_h.py:27] end cpu_thread_manager_mp_wait_fused cost 2.364 ms
DEBUG 04-24 11:11:30.059798.059798 cuda_h.py:27] end wait_experts_multi_device cost 1.387 ms
DEBUG 04-24 11:11:30.059834.059834 cuda_h.py:27] end *before fused experts* cost 34.212 ms
DEBUG 04-24 11:11:30.064211.064211 cuda_h.py:27] end gpu_experts_multi_device_fused cost 4.100 ms
DEBUG 04-24 11:11:30.064690.064690 cuda_h.py:27] end *gpu experts* cost 38.425 ms
DEBUG 04-24 11:11:30.064739.064739 cuda_h.py:27] end layer_moe_generate_mp_multi_device_fused_l_11 cost 41.161 ms
DEBUG 04-24 11:11:30.065218.065218 cuda_h.py:27] end *mlp cost 42.426 ms
DEBUG 04-24 11:11:30.065737.065737 cuda_h.py:27] end prefill_layer cost 45.640 ms
DEBUG 04-24 11:11:30.065347.065347 lmp.py:341] -------------------------------- end prefill layer 10 --------------------------------
DEBUG 04-24 11:11:30.065427.065427 lmp.py:294] -------------------------------- start prefill layer 11 --------------------------------
DEBUG 04-24 11:11:30.065491.065491 cuda_h.py:27] end start_load_qkvogn_s_weight_l_12 cost 0.092 ms
DEBUG 04-24 11:11:30.066351.066351 cuda_h.py:27] end allocate_cuda_memory cost 0.205 ms
DEBUG 04-24 11:11:30.066853.066853 sllm_store_c.py:27] get device uuid map
DEBUG 04-24 11:11:30.066109.066109 sllm_store_c.py:29] call client load into gpu
DEBUG 04-24 11:11:30.068682.068682 cuda_h.py:27] end load_into_gpu_async cost 1.802 ms
DEBUG 04-24 11:11:30.068257.068257 cuda_h.py:27] end restore_tensors2 cost 0.098 ms
DEBUG 04-24 11:11:30.068810.068810 cuda_h.py:27] end allocate_cuda_memory_and_load_into_gpu cost 2.495 ms
DEBUG 04-24 11:11:30.068600.068600 cuda_h.py:27] end **self_attn cost 1.898 ms
DEBUG 04-24 11:11:30.069827.069827 cuda_h.py:27] end *iln_self_attn_paln cost 3.192 ms
DEBUG 04-24 11:11:30.069045.069045 cuda_h.py:27] end gate cost 0.514 ms
DEBUG 04-24 11:11:30.069561.069561 cuda_h.py:27] end experts_map_get cost 0.297 ms
DEBUG 04-24 11:11:30.070311.070311 cuda_h.py:27] end *before experts start* cost 0.966 ms
DEBUG 04-24 11:11:30.070757.070757 cuda_h.py:27] end cpu_experts_submit_fused_mp cost 0.231 ms
DEBUG 04-24 11:11:30.071845.071845 cuda_h.py:27] end *single cpu experts* cost 1.658 ms
DEBUG 04-24 11:11:30.072968.072968 cuda_h.py:27] end prepare_group_stack cost 0.486 ms
DEBUG 04-24 11:11:30.074975.074975 cuda_h.py:27] end prepare_group_stack cost 0.608 ms
DEBUG 04-24 11:11:30.074697.074697 cuda_h.py:27] end group stack cost 1.102 ms
DEBUG 04-24 11:11:30.074540.074540 cuda_h.py:27] end prepare_group_stack cost 0.635 ms
DEBUG 04-24 11:11:30.074269.074269 cuda_h.py:27] end prepare_group_stack cost 0.618 ms
DEBUG 04-24 11:11:30.074138.074138 cuda_h.py:27] end move_flatidxs_group_fused_mp cost 1.837 ms
DEBUG 04-24 11:11:30.074041.074041 sllm_store_c.py:27] get device uuid map
DEBUG 04-24 11:11:30.074075.074075 cuda_h.py:27] end get_fused_experts_names_w cost 0.022 ms
DEBUG 04-24 11:11:30.074890.074890 sllm_store_c.py:29] call client load into gpu
DEBUG 04-24 11:11:30.075677.075677 cuda_h.py:27] end restore_fused_tensors cost 0.612 ms
DEBUG 04-24 11:11:30.075547.075547 cuda_h.py:27] end group_fused_tensors_mp cost 0.865 ms
DEBUG 04-24 11:11:30.075185.075185 cuda_h.py:27] end group stack cost 0.929 ms
DEBUG 04-24 11:11:30.075646.075646 cuda_h.py:27] end group stack cost 1.042 ms
DEBUG 04-24 11:11:30.075687.075687 cuda_h.py:27] end group stack cost 1.383 ms
DEBUG 04-24 11:11:30.075774.075774 cuda_h.py:27] end move_flatidxs_group_fused_mp cost 2.093 ms
DEBUG 04-24 11:11:30.075908.075908 cuda_h.py:27] end move_flatidxs_group_fused_mp cost 2.365 ms
DEBUG 04-24 11:11:30.075417.075417 cuda_h.py:27] end move_flatidxs_group_fused_mp cost 2.294 ms
DEBUG 04-24 11:11:30.075319.075319 cuda_h.py:27] end get_fused_experts_names_w cost 0.025 ms
DEBUG 04-24 11:11:30.075754.075754 cuda_h.py:27] end get_fused_experts_names_w cost 0.021 ms
DEBUG 04-24 11:11:30.075212.075212 cuda_h.py:27] end get_fused_experts_names_w cost 0.025 ms
DEBUG 04-24 11:11:30.076649.076649 cuda_h.py:27] end restore_fused_tensors cost 0.797 ms
DEBUG 04-24 11:11:30.076605.076605 cuda_h.py:27] end group_fused_tensors_mp cost 1.048 ms
DEBUG 04-24 11:11:30.076781.076781 cuda_h.py:27] end restore_fused_tensors cost 0.795 ms
DEBUG 04-24 11:11:30.076411.076411 cuda_h.py:27] end restore2model cost 0.835 ms
DEBUG 04-24 11:11:30.077969.077969 cuda_h.py:27] end group_fused_tensors_mp cost 1.079 ms
DEBUG 04-24 11:11:30.077109.077109 cuda_h.py:27] end sllm_worker_task cost 11.041 ms
DEBUG 04-24 11:11:30.077885.077885 cuda_h.py:27] end restore_fused_tensors cost 0.946 ms
DEBUG 04-24 11:11:30.077562.077562 cuda_h.py:27] end load_into_gpu_async_fused_experts_dual cost 2.912 ms
DEBUG 04-24 11:11:30.077426.077426 cuda_h.py:27] end group_fused_tensors_mp cost 1.288 ms
DEBUG 04-24 11:11:30.077154.077154 cuda_h.py:27] end restore_tensors2_fused_experts_packed cost 0.077 ms
DEBUG 04-24 11:11:30.078404.078404 cuda_h.py:27] end restore_tensors2_fused_experts_slices cost 0.649 ms
DEBUG 04-24 11:11:30.078317.078317 cuda_h.py:27] end allocate_experts_cuda_memory_and_restore_model_multi_device_fused cost 6.524 ms
DEBUG 04-24 11:11:30.078079.078079 cuda_h.py:27] end gpu_sexperts cost 0.030 ms
DEBUG 04-24 11:11:30.079282.079282 cuda_h.py:27] end wait_load_qkvogn_s_weight cost 0.055 ms
DEBUG 04-24 11:11:30.093494.093494 mlpmodule.py:3373] [fused_group_bmm][steps] bmm1=10.042 ms split=0.110 ms act_mul=0.856 ms bmm2=4.885 ms
DEBUG 04-24 11:11:30.093797.093797 cuda_h.py:27] end fused_group_bmm cost 16.270 ms
DEBUG 04-24 11:11:30.094608.094608 cuda_h.py:27] end gather_outputs_group_fused_mp cost 0.663 ms
DEBUG 04-24 11:11:30.094964.094964 mlpmodule.py:3373] [fused_group_bmm][steps] bmm1=10.445 ms split=0.078 ms act_mul=0.547 ms bmm2=6.018 ms
DEBUG 04-24 11:11:30.094141.094141 cuda_h.py:27] end fused_group_bmm cost 17.470 ms
DEBUG 04-24 11:11:30.094217.094217 cuda_h.py:27] end cpu_experts_worker_bmm_or_einsum_2 cost 22.407 ms
DEBUG 04-24 11:11:30.095055.095055 cuda_h.py:27] end gather_outputs_group_fused_mp cost 0.431 ms
DEBUG 04-24 11:11:30.095888.095888 cuda_h.py:27] end cpu_experts_worker_bmm_or_einsum_0 cost 23.245 ms
DEBUG 04-24 11:11:30.096661.096661 mlpmodule.py:3373] [fused_group_bmm][steps] bmm1=11.133 ms split=0.156 ms act_mul=0.700 ms bmm2=6.811 ms
DEBUG 04-24 11:11:30.096029.096029 cuda_h.py:27] end fused_group_bmm cost 19.167 ms
DEBUG 04-24 11:11:30.096869.096869 mlpmodule.py:3373] [fused_group_bmm][steps] bmm1=12.638 ms split=0.106 ms act_mul=0.572 ms bmm2=8.004 ms
DEBUG 04-24 11:11:30.096022.096022 cuda_h.py:27] end fused_group_bmm cost 21.576 ms
DEBUG 04-24 11:11:30.097966.097966 cuda_h.py:27] end gather_outputs_group_fused_mp cost 0.507 ms
DEBUG 04-24 11:11:30.097277.097277 cuda_h.py:27] end gather_outputs_group_fused_mp cost 0.460 ms
DEBUG 04-24 11:11:30.097174.097174 cuda_h.py:27] end cpu_experts_worker_bmm_or_einsum_3 cost 25.485 ms
DEBUG 04-24 11:11:30.098097.098097 cuda_h.py:27] end cpu_experts_worker_bmm_or_einsum_1 cost 26.677 ms
DEBUG 04-24 11:11:30.099451.099451 cuda_h.py:27] end prepare_per_device_parameters cost 20.645 ms
DEBUG 04-24 11:11:30.102347.102347 cuda_h.py:27] end cpu_experts_scatter_reduce cost 0.767 ms
DEBUG 04-24 11:11:30.102993.102993 cuda_h.py:27] end cpu_thread_manager_mp_wait_fused cost 2.774 ms
DEBUG 04-24 11:11:30.105797.105797 cuda_h.py:27] end wait_experts_multi_device cost 2.237 ms
DEBUG 04-24 11:11:30.105217.105217 cuda_h.py:27] end *before fused experts* cost 33.391 ms
DEBUG 04-24 11:11:30.109191.109191 cuda_h.py:27] end gpu_experts_multi_device_fused cost 4.714 ms
DEBUG 04-24 11:11:30.110531.110531 cuda_h.py:27] end *gpu experts* cost 38.222 ms
DEBUG 04-24 11:11:30.110871.110871 cuda_h.py:27] end layer_moe_generate_mp_multi_device_fused_l_12 cost 41.020 ms
DEBUG 04-24 11:11:30.111903.111903 cuda_h.py:27] end *mlp cost 42.376 ms
DEBUG 04-24 11:11:30.111787.111787 cuda_h.py:27] end prefill_layer cost 45.945 ms
DEBUG 04-24 11:11:30.111252.111252 lmp.py:341] -------------------------------- end prefill layer 11 --------------------------------
DEBUG 04-24 11:11:30.111663.111663 lmp.py:294] -------------------------------- start prefill layer 12 --------------------------------
DEBUG 04-24 11:11:30.111766.111766 cuda_h.py:27] end start_load_qkvogn_s_weight_l_13 cost 0.070 ms
DEBUG 04-24 11:11:30.112239.112239 cuda_h.py:27] end allocate_cuda_memory cost 0.332 ms
DEBUG 04-24 11:11:30.112016.112016 sllm_store_c.py:27] get device uuid map
DEBUG 04-24 11:11:30.112417.112417 sllm_store_c.py:29] call client load into gpu
DEBUG 04-24 11:11:30.114798.114798 cuda_h.py:27] end load_into_gpu_async cost 1.803 ms
DEBUG 04-24 11:11:30.114205.114205 cuda_h.py:27] end restore_tensors2 cost 0.151 ms
DEBUG 04-24 11:11:30.114744.114744 cuda_h.py:27] end **self_attn cost 1.611 ms
DEBUG 04-24 11:11:30.114719.114719 cuda_h.py:27] end allocate_cuda_memory_and_load_into_gpu cost 2.872 ms
DEBUG 04-24 11:11:30.115184.115184 cuda_h.py:27] end *iln_self_attn_paln cost 3.476 ms
DEBUG 04-24 11:11:30.115073.115073 cuda_h.py:27] end gate cost 0.531 ms
DEBUG 04-24 11:11:30.116344.116344 cuda_h.py:27] end experts_map_get cost 0.294 ms
DEBUG 04-24 11:11:30.116604.116604 cuda_h.py:27] end *before experts start* cost 0.967 ms
DEBUG 04-24 11:11:30.116850.116850 cuda_h.py:27] end cpu_experts_submit_fused_mp cost 0.225 ms
DEBUG 04-24 11:11:30.117835.117835 cuda_h.py:27] end *single cpu experts* cost 1.332 ms
DEBUG 04-24 11:11:30.119559.119559 cuda_h.py:27] end prepare_group_stack cost 0.440 ms
DEBUG 04-24 11:11:30.119648.119648 cuda_h.py:27] end prepare_group_stack cost 0.500 ms
DEBUG 04-24 11:11:30.119190.119190 cuda_h.py:27] end group stack cost 0.554 ms
DEBUG 04-24 11:11:30.119587.119587 sllm_store_c.py:27] get device uuid map
DEBUG 04-24 11:11:30.119490.119490 sllm_store_c.py:29] call client load into gpu
DEBUG 04-24 11:11:30.119113.119113 cuda_h.py:27] end move_flatidxs_group_fused_mp cost 1.180 ms
DEBUG 04-24 11:11:30.120492.120492 cuda_h.py:27] end get_fused_experts_names_w cost 0.031 ms
DEBUG 04-24 11:11:30.120688.120688 cuda_h.py:27] end prepare_group_stack cost 0.414 ms
DEBUG 04-24 11:11:30.120483.120483 cuda_h.py:27] end prepare_group_stack cost 0.506 ms
DEBUG 04-24 11:11:30.120951.120951 cuda_h.py:27] end group stack cost 1.295 ms
DEBUG 04-24 11:11:30.120094.120094 cuda_h.py:27] end move_flatidxs_group_fused_mp cost 2.142 ms
DEBUG 04-24 11:11:30.120816.120816 cuda_h.py:27] end restore_fused_tensors cost 0.655 ms
DEBUG 04-24 11:11:30.121189.121189 cuda_h.py:27] end get_fused_experts_names_w cost 0.026 ms
DEBUG 04-24 11:11:30.121831.121831 cuda_h.py:27] end group_fused_tensors_mp cost 1.265 ms
DEBUG 04-24 11:11:30.121972.121972 cuda_h.py:27] end group stack cost 1.191 ms
DEBUG 04-24 11:11:30.121368.121368 cuda_h.py:27] end move_flatidxs_group_fused_mp cost 1.947 ms
DEBUG 04-24 11:11:30.121063.121063 cuda_h.py:27] end get_fused_experts_names_w cost 0.019 ms
DEBUG 04-24 11:11:30.122583.122583 cuda_h.py:27] end restore_fused_tensors cost 0.671 ms
DEBUG 04-24 11:11:30.122153.122153 cuda_h.py:27] end group stack cost 1.440 ms
DEBUG 04-24 11:11:30.122803.122803 cuda_h.py:27] end group_fused_tensors_mp cost 1.152 ms
DEBUG 04-24 11:11:30.122375.122375 cuda_h.py:27] end move_flatidxs_group_fused_mp cost 2.463 ms
DEBUG 04-24 11:11:30.122651.122651 cuda_h.py:27] end restore_fused_tensors cost 0.507 ms
DEBUG 04-24 11:11:30.122824.122824 cuda_h.py:27] end get_fused_experts_names_w cost 0.028 ms
DEBUG 04-24 11:11:30.122728.122728 cuda_h.py:27] end load_into_gpu_async_fused_experts_dual cost 2.807 ms
DEBUG 04-24 11:11:30.122372.122372 cuda_h.py:27] end group_fused_tensors_mp cost 0.742 ms
DEBUG 04-24 11:11:30.122342.122342 cuda_h.py:27] end restore_tensors2_fused_experts_packed cost 0.066 ms
DEBUG 04-24 11:11:30.123208.123208 cuda_h.py:27] end restore_fused_tensors cost 1.010 ms
DEBUG 04-24 11:11:30.123915.123915 cuda_h.py:27] end group_fused_tensors_mp cost 1.364 ms
DEBUG 04-24 11:11:30.123934.123934 cuda_h.py:27] end restore2model cost 2.056 ms
DEBUG 04-24 11:11:30.124024.124024 cuda_h.py:27] end restore_tensors2_fused_experts_slices cost 0.357 ms
DEBUG 04-24 11:11:30.124464.124464 cuda_h.py:27] end sllm_worker_task cost 13.004 ms
DEBUG 04-24 11:11:30.125429.125429 cuda_h.py:27] end allocate_experts_cuda_memory_and_restore_model_multi_device_fused cost 7.971 ms
DEBUG 04-24 11:11:30.126986.126986 cuda_h.py:27] end gpu_sexperts cost 0.027 ms
DEBUG 04-24 11:11:30.126440.126440 cuda_h.py:27] end wait_load_qkvogn_s_weight cost 0.072 ms
DEBUG 04-24 11:11:30.135121.135121 mlpmodule.py:3373] [fused_group_bmm][steps] bmm1=9.066 ms split=0.152 ms act_mul=0.440 ms bmm2=4.173 ms
DEBUG 04-24 11:11:30.135103.135103 cuda_h.py:27] end fused_group_bmm cost 14.346 ms
DEBUG 04-24 11:11:30.136860.136860 cuda_h.py:27] end gather_outputs_group_fused_mp cost 0.612 ms
DEBUG 04-24 11:11:30.136352.136352 mlpmodule.py:3373] [fused_group_bmm][steps] bmm1=7.850 ms split=0.195 ms act_mul=0.773 ms bmm2=3.791 ms
DEBUG 04-24 11:11:30.136552.136552 cuda_h.py:27] end fused_group_bmm cost 12.897 ms
DEBUG 04-24 11:11:30.137837.137837 cuda_h.py:27] end cpu_experts_worker_bmm_or_einsum_0 cost 19.483 ms
DEBUG 04-24 11:11:30.137563.137563 cuda_h.py:27] end gather_outputs_group_fused_mp cost 0.570 ms
DEBUG 04-24 11:11:30.138113.138113 cuda_h.py:27] end cpu_experts_worker_bmm_or_einsum_2 cost 19.492 ms
DEBUG 04-24 11:11:30.142302.142302 mlpmodule.py:3373] [fused_group_bmm][steps] bmm1=14.719 ms split=0.099 ms act_mul=0.359 ms bmm2=4.480 ms
DEBUG 04-24 11:11:30.142907.142907 cuda_h.py:27] end fused_group_bmm cost 19.987 ms
DEBUG 04-24 11:11:30.142124.142124 mlpmodule.py:3373] [fused_group_bmm][steps] bmm1=15.138 ms split=0.109 ms act_mul=0.536 ms bmm2=4.722 ms
DEBUG 04-24 11:11:30.143682.143682 cuda_h.py:27] end fused_group_bmm cost 20.777 ms
DEBUG 04-24 11:11:30.143260.143260 cuda_h.py:27] end gather_outputs_group_fused_mp cost 0.421 ms
DEBUG 04-24 11:11:30.143369.143369 cuda_h.py:27] end gather_outputs_group_fused_mp cost 0.499 ms
DEBUG 04-24 11:11:30.143073.143073 cuda_h.py:27] end cpu_experts_worker_bmm_or_einsum_3 cost 25.155 ms
DEBUG 04-24 11:11:30.143766.143766 cuda_h.py:27] end cpu_experts_worker_bmm_or_einsum_1 cost 26.213 ms
DEBUG 04-24 11:11:30.144661.144661 cuda_h.py:27] end prepare_per_device_parameters cost 17.565 ms
DEBUG 04-24 11:11:30.146166.146166 cuda_h.py:27] end cpu_experts_scatter_reduce cost 0.753 ms
DEBUG 04-24 11:11:30.146175.146175 cuda_h.py:27] end cpu_thread_manager_mp_wait_fused cost 2.356 ms
DEBUG 04-24 11:11:30.148794.148794 cuda_h.py:27] end wait_experts_multi_device cost 1.432 ms
DEBUG 04-24 11:11:30.148352.148352 cuda_h.py:27] end *before fused experts* cost 30.624 ms
DEBUG 04-24 11:11:30.153163.153163 cuda_h.py:27] end gpu_experts_multi_device_fused cost 4.807 ms
DEBUG 04-24 11:11:30.153066.153066 cuda_h.py:27] end *gpu experts* cost 35.540 ms
DEBUG 04-24 11:11:30.153254.153254 cuda_h.py:27] end layer_moe_generate_mp_multi_device_fused_l_13 cost 37.998 ms
DEBUG 04-24 11:11:30.154755.154755 cuda_h.py:27] end *mlp cost 39.315 ms
DEBUG 04-24 11:11:30.154639.154639 cuda_h.py:27] end prefill_layer cost 42.994 ms
DEBUG 04-24 11:11:30.154342.154342 lmp.py:341] -------------------------------- end prefill layer 12 --------------------------------
DEBUG 04-24 11:11:30.154276.154276 lmp.py:294] -------------------------------- start prefill layer 13 --------------------------------
DEBUG 04-24 11:11:30.154107.154107 cuda_h.py:27] end start_load_qkvogn_s_weight_l_14 cost 0.051 ms
DEBUG 04-24 11:11:30.155228.155228 cuda_h.py:27] end allocate_cuda_memory cost 0.385 ms
DEBUG 04-24 11:11:30.155772.155772 sllm_store_c.py:27] get device uuid map
DEBUG 04-24 11:11:30.155664.155664 sllm_store_c.py:29] call client load into gpu
DEBUG 04-24 11:11:30.156935.156935 cuda_h.py:27] end load_into_gpu_async cost 1.313 ms
DEBUG 04-24 11:11:30.157161.157161 cuda_h.py:27] end restore_tensors2 cost 0.119 ms
DEBUG 04-24 11:11:30.157886.157886 cuda_h.py:27] end allocate_cuda_memory_and_load_into_gpu cost 2.522 ms
DEBUG 04-24 11:11:30.157969.157969 cuda_h.py:27] end **self_attn cost 1.803 ms
DEBUG 04-24 11:11:30.158051.158051 cuda_h.py:27] end *iln_self_attn_paln cost 3.530 ms
DEBUG 04-24 11:11:30.158487.158487 cuda_h.py:27] end gate cost 0.501 ms
DEBUG 04-24 11:11:30.159328.159328 cuda_h.py:27] end experts_map_get cost 0.295 ms
DEBUG 04-24 11:11:30.159872.159872 cuda_h.py:27] end *before experts start* cost 0.934 ms
DEBUG 04-24 11:11:30.159159.159159 cuda_h.py:27] end cpu_experts_submit_fused_mp cost 0.219 ms
DEBUG 04-24 11:11:30.160627.160627 cuda_h.py:27] end *single cpu experts* cost 1.332 ms
DEBUG 04-24 11:11:30.162381.162381 cuda_h.py:27] end prepare_group_stack cost 0.509 ms
DEBUG 04-24 11:11:30.162083.162083 cuda_h.py:27] end prepare_group_stack cost 0.519 ms
DEBUG 04-24 11:11:30.162615.162615 cuda_h.py:27] end group stack cost 0.730 ms
DEBUG 04-24 11:11:30.163878.163878 cuda_h.py:27] end move_flatidxs_group_fused_mp cost 1.523 ms
DEBUG 04-24 11:11:30.163659.163659 cuda_h.py:27] end group stack cost 0.885 ms
DEBUG 04-24 11:11:30.163423.163423 cuda_h.py:27] end prepare_group_stack cost 0.523 ms
DEBUG 04-24 11:11:30.163729.163729 cuda_h.py:27] end prepare_group_stack cost 0.508 ms
DEBUG 04-24 11:11:30.163112.163112 cuda_h.py:27] end get_fused_experts_names_w cost 0.021 ms
DEBUG 04-24 11:11:30.163291.163291 cuda_h.py:27] end move_flatidxs_group_fused_mp cost 1.812 ms
DEBUG 04-24 11:11:30.163259.163259 sllm_store_c.py:27] get device uuid map
DEBUG 04-24 11:11:30.163476.163476 cuda_h.py:27] end get_fused_experts_names_w cost 0.026 ms
DEBUG 04-24 11:11:30.163489.163489 sllm_store_c.py:29] call client load into gpu
DEBUG 04-24 11:11:30.163881.163881 cuda_h.py:27] end restore_fused_tensors cost 0.600 ms
DEBUG 04-24 11:11:30.164678.164678 cuda_h.py:27] end group_fused_tensors_mp cost 0.721 ms
DEBUG 04-24 11:11:30.164874.164874 cuda_h.py:27] end restore_fused_tensors cost 0.663 ms
DEBUG 04-24 11:11:30.164492.164492 cuda_h.py:27] end group_fused_tensors_mp cost 0.919 ms
DEBUG 04-24 11:11:30.165356.165356 cuda_h.py:27] end group stack cost 1.738 ms
DEBUG 04-24 11:11:30.165148.165148 cuda_h.py:27] end move_flatidxs_group_fused_mp cost 2.627 ms
DEBUG 04-24 11:11:30.165032.165032 cuda_h.py:27] end get_fused_experts_names_w cost 0.035 ms
DEBUG 04-24 11:11:30.165931.165931 cuda_h.py:27] end group stack cost 2.068 ms
DEBUG 04-24 11:11:30.165832.165832 cuda_h.py:27] end move_flatidxs_group_fused_mp cost 2.989 ms
DEBUG 04-24 11:11:30.165531.165531 cuda_h.py:27] end get_fused_experts_names_w cost 0.033 ms
DEBUG 04-24 11:11:30.166886.166886 cuda_h.py:27] end restore_fused_tensors cost 0.716 ms
DEBUG 04-24 11:11:30.166134.166134 cuda_h.py:27] end group_fused_tensors_mp cost 1.098 ms
DEBUG 04-24 11:11:30.166685.166685 cuda_h.py:27] end restore2model cost 1.849 ms
DEBUG 04-24 11:11:30.167298.167298 cuda_h.py:27] end sllm_worker_task cost 12.269 ms
DEBUG 04-24 11:11:30.167677.167677 cuda_h.py:27] end restore_fused_tensors cost 0.813 ms
DEBUG 04-24 11:11:30.167116.167116 cuda_h.py:27] end group_fused_tensors_mp cost 1.487 ms
DEBUG 04-24 11:11:30.167061.167061 cuda_h.py:27] end load_into_gpu_async_fused_experts_dual cost 3.987 ms
DEBUG 04-24 11:11:30.167900.167900 cuda_h.py:27] end restore_tensors2_fused_experts_packed cost 0.115 ms
DEBUG 04-24 11:11:30.168405.168405 cuda_h.py:27] end restore_tensors2_fused_experts_slices cost 0.622 ms
DEBUG 04-24 11:11:30.169309.169309 cuda_h.py:27] end allocate_experts_cuda_memory_and_restore_model_multi_device_fused cost 8.644 ms
DEBUG 04-24 11:11:30.169342.169342 cuda_h.py:27] end gpu_sexperts cost 0.015 ms
DEBUG 04-24 11:11:30.169570.169570 cuda_h.py:27] end wait_load_qkvogn_s_weight cost 0.070 ms
DEBUG 04-24 11:11:30.176340.176340 mlpmodule.py:3373] [fused_group_bmm][steps] bmm1=8.204 ms split=0.202 ms act_mul=0.512 ms bmm2=3.280 ms
DEBUG 04-24 11:11:30.177217.177217 cuda_h.py:27] end fused_group_bmm cost 12.725 ms
DEBUG 04-24 11:11:30.178036.178036 cuda_h.py:27] end gather_outputs_group_fused_mp cost 0.912 ms
DEBUG 04-24 11:11:30.179535.179535 cuda_h.py:27] end cpu_experts_worker_bmm_or_einsum_0 cost 19.055 ms
DEBUG 04-24 11:11:30.179335.179335 mlpmodule.py:3373] [fused_group_bmm][steps] bmm1=7.564 ms split=0.235 ms act_mul=0.459 ms bmm2=3.473 ms
DEBUG 04-24 11:11:30.179231.179231 cuda_h.py:27] end fused_group_bmm cost 12.043 ms
DEBUG 04-24 11:11:30.180971.180971 cuda_h.py:27] end gather_outputs_group_fused_mp cost 0.579 ms
DEBUG 04-24 11:11:30.181297.181297 cuda_h.py:27] end cpu_experts_worker_bmm_or_einsum_2 cost 19.774 ms
DEBUG 04-24 11:11:30.182497.182497 mlpmodule.py:3373] [fused_group_bmm][steps] bmm1=11.882 ms split=0.169 ms act_mul=0.882 ms bmm2=5.843 ms
DEBUG 04-24 11:11:30.183094.183094 cuda_h.py:27] end fused_group_bmm cost 19.041 ms
DEBUG 04-24 11:11:30.183632.183632 mlpmodule.py:3373] [fused_group_bmm][steps] bmm1=10.764 ms split=0.252 ms act_mul=0.724 ms bmm2=4.683 ms
DEBUG 04-24 11:11:30.183539.183539 cuda_h.py:27] end fused_group_bmm cost 16.631 ms
DEBUG 04-24 11:11:30.183673.183673 cuda_h.py:27] end gather_outputs_group_fused_mp cost 0.470 ms
DEBUG 04-24 11:11:30.183172.183172 cuda_h.py:27] end gather_outputs_group_fused_mp cost 0.389 ms
DEBUG 04-24 11:11:30.184028.184028 cuda_h.py:27] end cpu_experts_worker_bmm_or_einsum_3 cost 22.901 ms
DEBUG 04-24 11:11:30.184838.184838 cuda_h.py:27] end cpu_experts_worker_bmm_or_einsum_1 cost 23.943 ms
DEBUG 04-24 11:11:30.186259.186259 cuda_h.py:27] end prepare_per_device_parameters cost 16.857 ms
DEBUG 04-24 11:11:30.188864.188864 cuda_h.py:27] end cpu_experts_scatter_reduce cost 0.756 ms
DEBUG 04-24 11:11:30.189019.189019 cuda_h.py:27] end cpu_thread_manager_mp_wait_fused cost 2.184 ms
DEBUG 04-24 11:11:30.190068.190068 cuda_h.py:27] end wait_experts_multi_device cost 1.436 ms
DEBUG 04-24 11:11:30.190335.190335 cuda_h.py:27] end *before fused experts* cost 29.993 ms
DEBUG 04-24 11:11:30.195005.195005 cuda_h.py:27] end gpu_experts_multi_device_fused cost 4.566 ms
DEBUG 04-24 11:11:30.195637.195637 cuda_h.py:27] end *gpu experts* cost 34.676 ms
DEBUG 04-24 11:11:30.195832.195832 cuda_h.py:27] end layer_moe_generate_mp_multi_device_fused_l_14 cost 37.105 ms
DEBUG 04-24 11:11:30.196771.196771 cuda_h.py:27] end *mlp cost 38.462 ms
DEBUG 04-24 11:11:30.196986.196986 cuda_h.py:27] end prefill_layer cost 42.165 ms
DEBUG 04-24 11:11:30.196087.196087 lmp.py:341] -------------------------------- end prefill layer 13 --------------------------------
DEBUG 04-24 11:11:30.196975.196975 lmp.py:294] -------------------------------- start prefill layer 14 --------------------------------
DEBUG 04-24 11:11:30.196898.196898 cuda_h.py:27] end start_load_qkvogn_s_weight_l_15 cost 0.050 ms
DEBUG 04-24 11:11:30.197123.197123 cuda_h.py:27] end allocate_cuda_memory cost 0.512 ms
DEBUG 04-24 11:11:30.197707.197707 sllm_store_c.py:27] get device uuid map
DEBUG 04-24 11:11:30.198123.198123 sllm_store_c.py:29] call client load into gpu
DEBUG 04-24 11:11:30.199293.199293 cuda_h.py:27] end **self_attn cost 1.390 ms
DEBUG 04-24 11:11:30.199569.199569 cuda_h.py:27] end load_into_gpu_async cost 1.989 ms
DEBUG 04-24 11:11:30.200561.200561 cuda_h.py:27] end restore_tensors2 cost 0.198 ms
DEBUG 04-24 11:11:30.200603.200603 cuda_h.py:27] end allocate_cuda_memory_and_load_into_gpu cost 3.305 ms
DEBUG 04-24 11:11:30.200646.200646 cuda_h.py:27] end *iln_self_attn_paln cost 3.584 ms
DEBUG 04-24 11:11:30.201023.201023 cuda_h.py:27] end gate cost 0.537 ms
DEBUG 04-24 11:11:30.201691.201691 cuda_h.py:27] end experts_map_get cost 0.300 ms
DEBUG 04-24 11:11:30.201190.201190 cuda_h.py:27] end *before experts start* cost 0.988 ms
DEBUG 04-24 11:11:30.201522.201522 cuda_h.py:27] end cpu_experts_submit_fused_mp cost 0.219 ms
DEBUG 04-24 11:11:30.203045.203045 cuda_h.py:27] end *single cpu experts* cost 1.581 ms
DEBUG 04-24 11:11:30.205175.205175 cuda_h.py:27] end prepare_group_stack cost 0.553 ms
DEBUG 04-24 11:11:30.205414.205414 cuda_h.py:27] end prepare_group_stack cost 0.506 ms
DEBUG 04-24 11:11:30.205545.205545 sllm_store_c.py:27] get device uuid map
DEBUG 04-24 11:11:30.205461.205461 sllm_store_c.py:29] call client load into gpu
DEBUG 04-24 11:11:30.205094.205094 cuda_h.py:27] end group stack cost 0.677 ms
DEBUG 04-24 11:11:30.205750.205750 cuda_h.py:27] end move_flatidxs_group_fused_mp cost 1.516 ms
DEBUG 04-24 11:11:30.206481.206481 cuda_h.py:27] end get_fused_experts_names_w cost 0.028 ms
DEBUG 04-24 11:11:30.206762.206762 cuda_h.py:27] end prepare_group_stack cost 0.530 ms
DEBUG 04-24 11:11:30.206974.206974 cuda_h.py:27] end prepare_group_stack cost 0.485 ms
DEBUG 04-24 11:11:30.206727.206727 cuda_h.py:27] end restore_fused_tensors cost 0.509 ms
DEBUG 04-24 11:11:30.206040.206040 cuda_h.py:27] end group_fused_tensors_mp cost 0.690 ms
DEBUG 04-24 11:11:30.206735.206735 cuda_h.py:27] end group stack cost 1.804 ms
DEBUG 04-24 11:11:30.207408.207408 cuda_h.py:27] end move_flatidxs_group_fused_mp cost 2.518 ms
DEBUG 04-24 11:11:30.207512.207512 cuda_h.py:27] end get_fused_experts_names_w cost 0.029 ms
DEBUG 04-24 11:11:30.207114.207114 cuda_h.py:27] end group stack cost 1.330 ms
DEBUG 04-24 11:11:30.207925.207925 cuda_h.py:27] end move_flatidxs_group_fused_mp cost 2.074 ms
DEBUG 04-24 11:11:30.207351.207351 cuda_h.py:27] end get_fused_experts_names_w cost 0.021 ms
DEBUG 04-24 11:11:30.207956.207956 cuda_h.py:27] end group stack cost 1.479 ms
DEBUG 04-24 11:11:30.207504.207504 cuda_h.py:27] end move_flatidxs_group_fused_mp cost 2.306 ms
DEBUG 04-24 11:11:30.207034.207034 cuda_h.py:27] end restore_fused_tensors cost 0.660 ms
DEBUG 04-24 11:11:30.208881.208881 cuda_h.py:27] end group_fused_tensors_mp cost 0.972 ms
DEBUG 04-24 11:11:30.208517.208517 cuda_h.py:27] end get_fused_experts_names_w cost 0.030 ms
DEBUG 04-24 11:11:30.208100.208100 cuda_h.py:27] end restore_fused_tensors cost 0.550 ms
DEBUG 04-24 11:11:30.208025.208025 cuda_h.py:27] end group_fused_tensors_mp cost 0.766 ms
DEBUG 04-24 11:11:30.208975.208975 cuda_h.py:27] end restore2model cost 0.934 ms
DEBUG 04-24 11:11:30.208193.208193 cuda_h.py:27] end sllm_worker_task cost 11.636 ms
DEBUG 04-24 11:11:30.209389.209389 cuda_h.py:27] end restore_fused_tensors cost 0.753 ms
DEBUG 04-24 11:11:30.209551.209551 cuda_h.py:27] end load_into_gpu_async_fused_experts_dual cost 3.539 ms
DEBUG 04-24 11:11:30.209676.209676 cuda_h.py:27] end group_fused_tensors_mp cost 1.194 ms
DEBUG 04-24 11:11:30.209469.209469 cuda_h.py:27] end restore_tensors2_fused_experts_packed cost 0.091 ms
DEBUG 04-24 11:11:30.209992.209992 cuda_h.py:27] end restore_tensors2_fused_experts_slices cost 0.301 ms
DEBUG 04-24 11:11:30.209195.209195 cuda_h.py:27] end allocate_experts_cuda_memory_and_restore_model_multi_device_fused cost 6.573 ms
DEBUG 04-24 11:11:30.210393.210393 cuda_h.py:27] end gpu_sexperts cost 0.012 ms
DEBUG 04-24 11:11:30.210681.210681 cuda_h.py:27] end wait_load_qkvogn_s_weight cost 0.048 ms
DEBUG 04-24 11:11:30.223339.223339 mlpmodule.py:3373] [fused_group_bmm][steps] bmm1=9.500 ms split=0.112 ms act_mul=0.655 ms bmm2=5.292 ms
DEBUG 04-24 11:11:30.223625.223625 mlpmodule.py:3373] [fused_group_bmm][steps] bmm1=8.490 ms split=0.126 ms act_mul=0.432 ms bmm2=5.233 ms
DEBUG 04-24 11:11:30.224289.224289 cuda_h.py:27] end fused_group_bmm cost 15.876 ms
DEBUG 04-24 11:11:30.224661.224661 cuda_h.py:27] end fused_group_bmm cost 14.597 ms
DEBUG 04-24 11:11:30.224754.224754 cuda_h.py:27] end gather_outputs_group_fused_mp cost 0.567 ms
DEBUG 04-24 11:11:30.224406.224406 cuda_h.py:27] end gather_outputs_group_fused_mp cost 0.638 ms
DEBUG 04-24 11:11:30.225175.225175 mlpmodule.py:3373] [fused_group_bmm][steps] bmm1=11.281 ms split=0.134 ms act_mul=0.359 ms bmm2=6.505 ms
DEBUG 04-24 11:11:30.225994.225994 cuda_h.py:27] end fused_group_bmm cost 18.695 ms
DEBUG 04-24 11:11:30.225272.225272 cuda_h.py:27] end cpu_experts_worker_bmm_or_einsum_0 cost 22.071 ms
DEBUG 04-24 11:11:30.225100.225100 cuda_h.py:27] end cpu_experts_worker_bmm_or_einsum_2 cost 21.262 ms
DEBUG 04-24 11:11:30.226601.226601 cuda_h.py:27] end gather_outputs_group_fused_mp cost 0.688 ms
DEBUG 04-24 11:11:30.226377.226377 mlpmodule.py:3373] [fused_group_bmm][steps] bmm1=11.282 ms split=0.329 ms act_mul=0.830 ms bmm2=5.608 ms
DEBUG 04-24 11:11:30.226993.226993 cuda_h.py:27] end fused_group_bmm cost 18.289 ms
DEBUG 04-24 11:11:30.227007.227007 cuda_h.py:27] end cpu_experts_worker_bmm_or_einsum_1 cost 23.633 ms
DEBUG 04-24 11:11:30.227318.227318 cuda_h.py:27] end gather_outputs_group_fused_mp cost 0.374 ms
DEBUG 04-24 11:11:30.227174.227174 cuda_h.py:27] end cpu_experts_worker_bmm_or_einsum_3 cost 23.344 ms
DEBUG 04-24 11:11:30.229059.229059 cuda_h.py:27] end prepare_per_device_parameters cost 19.389 ms
DEBUG 04-24 11:11:30.232443.232443 cuda_h.py:27] end cpu_experts_scatter_reduce cost 0.756 ms
DEBUG 04-24 11:11:30.232406.232406 cuda_h.py:27] end cpu_thread_manager_mp_wait_fused cost 2.504 ms
DEBUG 04-24 11:11:30.233587.233587 cuda_h.py:27] end wait_experts_multi_device cost 1.429 ms
DEBUG 04-24 11:11:30.233424.233424 cuda_h.py:27] end *before fused experts* cost 30.623 ms
DEBUG 04-24 11:11:30.239249.239249 cuda_h.py:27] end gpu_experts_multi_device_fused cost 5.026 ms
DEBUG 04-24 11:11:30.239755.239755 cuda_h.py:27] end *gpu experts* cost 35.781 ms
DEBUG 04-24 11:11:30.239944.239944 cuda_h.py:27] end layer_moe_generate_mp_multi_device_fused_l_15 cost 38.551 ms
DEBUG 04-24 11:11:30.240995.240995 cuda_h.py:27] end *mlp cost 39.677 ms
DEBUG 04-24 11:11:30.240786.240786 cuda_h.py:27] end prefill_layer cost 43.609 ms
DEBUG 04-24 11:11:30.240158.240158 lmp.py:341] -------------------------------- end prefill layer 14 --------------------------------
DEBUG 04-24 11:11:30.240799.240799 lmp.py:294] -------------------------------- start prefill layer 15 --------------------------------
DEBUG 04-24 11:11:30.240206.240206 cuda_h.py:27] end start_load_qkvogn_s_weight_l_16 cost 0.050 ms
DEBUG 04-24 11:11:30.241905.241905 cuda_h.py:27] end allocate_cuda_memory cost 0.324 ms
DEBUG 04-24 11:11:30.241695.241695 sllm_store_c.py:27] get device uuid map
DEBUG 04-24 11:11:30.241707.241707 sllm_store_c.py:29] call client load into gpu
DEBUG 04-24 11:11:30.243320.243320 cuda_h.py:27] end **self_attn cost 1.390 ms
DEBUG 04-24 11:11:30.243544.243544 cuda_h.py:27] end load_into_gpu_async cost 2.016 ms
DEBUG 04-24 11:11:30.243330.243330 cuda_h.py:27] end restore_tensors2 cost 0.166 ms
DEBUG 04-24 11:11:30.243346.243346 cuda_h.py:27] end *iln_self_attn_paln cost 3.241 ms
DEBUG 04-24 11:11:30.243097.243097 cuda_h.py:27] end allocate_cuda_memory_and_load_into_gpu cost 3.137 ms
DEBUG 04-24 11:11:30.244319.244319 cuda_h.py:27] end gate cost 0.750 ms
DEBUG 04-24 11:11:30.245286.245286 cuda_h.py:27] end experts_map_get cost 0.295 ms
DEBUG 04-24 11:11:30.245499.245499 cuda_h.py:27] end *before experts start* cost 1.217 ms
DEBUG 04-24 11:11:30.245818.245818 cuda_h.py:27] end cpu_experts_submit_fused_mp cost 0.208 ms
DEBUG 04-24 11:11:30.246526.246526 cuda_h.py:27] end *single cpu experts* cost 1.354 ms
DEBUG 04-24 11:11:30.248475.248475 cuda_h.py:27] end prepare_group_stack cost 0.430 ms
DEBUG 04-24 11:11:30.248106.248106 cuda_h.py:27] end prepare_group_stack cost 0.442 ms
DEBUG 04-24 11:11:30.248727.248727 cuda_h.py:27] end group stack cost 0.543 ms
DEBUG 04-24 11:11:30.249689.249689 sllm_store_c.py:27] get device uuid map
DEBUG 04-24 11:11:30.249399.249399 cuda_h.py:27] end move_flatidxs_group_fused_mp cost 1.126 ms
DEBUG 04-24 11:11:30.249698.249698 sllm_store_c.py:29] call client load into gpu
DEBUG 04-24 11:11:30.249341.249341 cuda_h.py:27] end get_fused_experts_names_w cost 0.021 ms
DEBUG 04-24 11:11:30.249243.249243 cuda_h.py:27] end group stack cost 0.862 ms
DEBUG 04-24 11:11:30.249618.249618 cuda_h.py:27] end move_flatidxs_group_fused_mp cost 1.501 ms
DEBUG 04-24 11:11:30.249765.249765 cuda_h.py:27] end prepare_group_stack cost 0.460 ms
DEBUG 04-24 11:11:30.249774.249774 cuda_h.py:27] end prepare_group_stack cost 0.478 ms
DEBUG 04-24 11:11:30.249154.249154 cuda_h.py:27] end get_fused_experts_names_w cost 0.025 ms
DEBUG 04-24 11:11:30.249239.249239 cuda_h.py:27] end restore_fused_tensors cost 0.562 ms
DEBUG 04-24 11:11:30.249019.249019 cuda_h.py:27] end group_fused_tensors_mp cost 0.874 ms
DEBUG 04-24 11:11:30.250833.250833 cuda_h.py:27] end restore_fused_tensors cost 0.565 ms
DEBUG 04-24 11:11:30.250981.250981 cuda_h.py:27] end group_fused_tensors_mp cost 0.815 ms
DEBUG 04-24 11:11:30.251671.251671 cuda_h.py:27] end group stack cost 1.399 ms
DEBUG 04-24 11:11:30.251907.251907 cuda_h.py:27] end move_flatidxs_group_fused_mp cost 2.159 ms
DEBUG 04-24 11:11:30.251314.251314 cuda_h.py:27] end get_fused_experts_names_w cost 0.026 ms
DEBUG 04-24 11:11:30.251027.251027 cuda_h.py:27] end group stack cost 1.742 ms
DEBUG 04-24 11:11:30.251357.251357 cuda_h.py:27] end move_flatidxs_group_fused_mp cost 2.676 ms
DEBUG 04-24 11:11:30.251971.251971 cuda_h.py:27] end get_fused_experts_names_w cost 0.036 ms
DEBUG 04-24 11:11:30.252728.252728 cuda_h.py:27] end load_into_gpu_async_fused_experts_dual cost 3.153 ms
DEBUG 04-24 11:11:30.252540.252540 cuda_h.py:27] end restore_fused_tensors cost 0.834 ms
DEBUG 04-24 11:11:30.252556.252556 cuda_h.py:27] end group_fused_tensors_mp cost 1.122 ms
DEBUG 04-24 11:11:30.252906.252906 cuda_h.py:27] end restore2model cost 1.772 ms
DEBUG 04-24 11:11:30.253344.253344 cuda_h.py:27] end restore_fused_tensors cost 1.024 ms
DEBUG 04-24 11:11:30.253713.253713 cuda_h.py:27] end group_fused_tensors_mp cost 1.429 ms
DEBUG 04-24 11:11:30.252086.252086 cuda_h.py:27] end restore_tensors2_fused_experts_packed cost 0.109 ms
DEBUG 04-24 11:11:30.253435.253435 cuda_h.py:27] end sllm_worker_task cost 12.419 ms
DEBUG 04-24 11:11:30.254234.254234 cuda_h.py:27] end restore_tensors2_fused_experts_slices cost 0.352 ms
DEBUG 04-24 11:11:30.255739.255739 cuda_h.py:27] end allocate_experts_cuda_memory_and_restore_model_multi_device_fused cost 8.258 ms
DEBUG 04-24 11:11:30.255279.255279 cuda_h.py:27] end gpu_sexperts cost 0.014 ms
DEBUG 04-24 11:11:30.255024.255024 cuda_h.py:27] end wait_load_qkvogn_s_weight cost 0.041 ms
DEBUG 04-24 11:11:30.264875.264875 mlpmodule.py:3373] [fused_group_bmm][steps] bmm1=7.721 ms split=0.198 ms act_mul=0.520 ms bmm2=5.493 ms
DEBUG 04-24 11:11:30.264887.264887 cuda_h.py:27] end fused_group_bmm cost 14.359 ms
DEBUG 04-24 11:11:30.264885.264885 mlpmodule.py:3373] [fused_group_bmm][steps] bmm1=6.245 ms split=0.119 ms act_mul=0.492 ms bmm2=4.150 ms
DEBUG 04-24 11:11:30.264060.264060 cuda_h.py:27] end fused_group_bmm cost 11.318 ms
DEBUG 04-24 11:11:30.265965.265965 cuda_h.py:27] end gather_outputs_group_fused_mp cost 0.502 ms
DEBUG 04-24 11:11:30.265885.265885 cuda_h.py:27] end gather_outputs_group_fused_mp cost 0.587 ms
DEBUG 04-24 11:11:30.265584.265584 cuda_h.py:27] end cpu_experts_worker_bmm_or_einsum_0 cost 18.750 ms
DEBUG 04-24 11:11:30.266342.266342 cuda_h.py:27] end cpu_experts_worker_bmm_or_einsum_2 cost 18.182 ms
DEBUG 04-24 11:11:30.266199.266199 mlpmodule.py:3373] [fused_group_bmm][steps] bmm1=8.827 ms split=0.114 ms act_mul=0.769 ms bmm2=5.886 ms
DEBUG 04-24 11:11:30.266313.266313 cuda_h.py:27] end fused_group_bmm cost 15.917 ms
DEBUG 04-24 11:11:30.266560.266560 mlpmodule.py:3373] [fused_group_bmm][steps] bmm1=7.690 ms split=0.223 ms act_mul=1.836 ms bmm2=4.481 ms
DEBUG 04-24 11:11:30.267971.267971 cuda_h.py:27] end fused_group_bmm cost 14.462 ms
DEBUG 04-24 11:11:30.267317.267317 cuda_h.py:27] end gather_outputs_group_fused_mp cost 0.495 ms
DEBUG 04-24 11:11:30.267648.267648 cuda_h.py:27] end gather_outputs_group_fused_mp cost 0.386 ms
DEBUG 04-24 11:11:30.267342.267342 cuda_h.py:27] end cpu_experts_worker_bmm_or_einsum_1 cost 21.020 ms
DEBUG 04-24 11:11:30.268590.268590 cuda_h.py:27] end cpu_experts_worker_bmm_or_einsum_3 cost 20.127 ms
DEBUG 04-24 11:11:30.272065.272065 cuda_h.py:27] end prepare_per_device_parameters cost 16.656 ms
DEBUG 04-24 11:11:30.274076.274076 cuda_h.py:27] end cpu_experts_scatter_reduce cost 0.722 ms
DEBUG 04-24 11:11:30.274469.274469 cuda_h.py:27] end cpu_thread_manager_mp_wait_fused cost 2.240 ms
DEBUG 04-24 11:11:30.275709.275709 cuda_h.py:27] end wait_experts_multi_device cost 1.401 ms
DEBUG 04-24 11:11:30.276552.276552 cuda_h.py:27] end *before fused experts* cost 29.205 ms
DEBUG 04-24 11:11:30.280215.280215 cuda_h.py:27] end gpu_experts_multi_device_fused cost 4.734 ms
DEBUG 04-24 11:11:30.280701.280701 cuda_h.py:27] end *gpu experts* cost 34.056 ms
DEBUG 04-24 11:11:30.280843.280843 cuda_h.py:27] end layer_moe_generate_mp_multi_device_fused_l_16 cost 36.793 ms
DEBUG 04-24 11:11:30.282759.282759 cuda_h.py:27] end *mlp cost 38.241 ms
DEBUG 04-24 11:11:30.282590.282590 cuda_h.py:27] end prefill_layer cost 41.803 ms
DEBUG 04-24 11:11:30.282246.282246 lmp.py:341] -------------------------------- end prefill layer 15 --------------------------------
DEBUG 04-24 11:11:30.282134.282134 lmp.py:294] -------------------------------- start prefill layer 16 --------------------------------
DEBUG 04-24 11:11:30.282058.282058 cuda_h.py:27] end start_load_qkvogn_s_weight_l_17 cost 0.049 ms
DEBUG 04-24 11:11:30.283241.283241 cuda_h.py:27] end allocate_cuda_memory cost 0.311 ms
DEBUG 04-24 11:11:30.283467.283467 sllm_store_c.py:27] get device uuid map
DEBUG 04-24 11:11:30.283476.283476 sllm_store_c.py:29] call client load into gpu
DEBUG 04-24 11:11:30.285128.285128 cuda_h.py:27] end load_into_gpu_async cost 1.735 ms
DEBUG 04-24 11:11:30.285889.285889 cuda_h.py:27] end restore_tensors2 cost 0.193 ms
DEBUG 04-24 11:11:30.285504.285504 cuda_h.py:27] end allocate_cuda_memory_and_load_into_gpu cost 2.892 ms
DEBUG 04-24 11:11:30.285348.285348 cuda_h.py:27] end **self_attn cost 1.870 ms
DEBUG 04-24 11:11:30.286695.286695 cuda_h.py:27] end *iln_self_attn_paln cost 3.650 ms
DEBUG 04-24 11:11:30.286846.286846 cuda_h.py:27] end gate cost 0.496 ms
DEBUG 04-24 11:11:30.287478.287478 cuda_h.py:27] end experts_map_get cost 0.384 ms
DEBUG 04-24 11:11:30.287307.287307 cuda_h.py:27] end *before experts start* cost 1.021 ms
DEBUG 04-24 11:11:30.287348.287348 cuda_h.py:27] end cpu_experts_submit_fused_mp cost 0.214 ms
DEBUG 04-24 11:11:30.288563.288563 cuda_h.py:27] end *single cpu experts* cost 1.665 ms
DEBUG 04-24 11:11:30.290460.290460 cuda_h.py:27] end prepare_group_stack cost 0.508 ms
DEBUG 04-24 11:11:30.290641.290641 cuda_h.py:27] end prepare_group_stack cost 0.589 ms
DEBUG 04-24 11:11:30.290954.290954 sllm_store_c.py:27] get device uuid map
DEBUG 04-24 11:11:30.291103.291103 sllm_store_c.py:29] call client load into gpu
DEBUG 04-24 11:11:30.291621.291621 cuda_h.py:27] end prepare_group_stack cost 0.662 ms
DEBUG 04-24 11:11:30.291080.291080 cuda_h.py:27] end group stack cost 0.845 ms
DEBUG 04-24 11:11:30.291087.291087 cuda_h.py:27] end prepare_group_stack cost 0.604 ms
DEBUG 04-24 11:11:30.291302.291302 cuda_h.py:27] end move_flatidxs_group_fused_mp cost 1.531 ms
DEBUG 04-24 11:11:30.291351.291351 cuda_h.py:27] end get_fused_experts_names_w cost 0.024 ms
DEBUG 04-24 11:11:30.292665.292665 cuda_h.py:27] end group stack cost 1.235 ms
DEBUG 04-24 11:11:30.292738.292738 cuda_h.py:27] end move_flatidxs_group_fused_mp cost 2.117 ms
DEBUG 04-24 11:11:30.292277.292277 cuda_h.py:27] end get_fused_experts_names_w cost 0.024 ms
DEBUG 04-24 11:11:30.292813.292813 cuda_h.py:27] end restore_fused_tensors cost 0.575 ms
DEBUG 04-24 11:11:30.292432.292432 cuda_h.py:27] end group_fused_tensors_mp cost 0.859 ms
DEBUG 04-24 11:11:30.293972.293972 cuda_h.py:27] end restore_fused_tensors cost 0.701 ms
DEBUG 04-24 11:11:30.293796.293796 cuda_h.py:27] end group_fused_tensors_mp cost 0.867 ms
DEBUG 04-24 11:11:30.293538.293538 cuda_h.py:27] end group stack cost 1.546 ms
DEBUG 04-24 11:11:30.293118.293118 cuda_h.py:27] end move_flatidxs_group_fused_mp cost 2.454 ms
DEBUG 04-24 11:11:30.293842.293842 cuda_h.py:27] end group stack cost 1.690 ms
DEBUG 04-24 11:11:30.293436.293436 cuda_h.py:27] end get_fused_experts_names_w cost 0.025 ms
DEBUG 04-24 11:11:30.293847.293847 cuda_h.py:27] end move_flatidxs_group_fused_mp cost 2.723 ms
DEBUG 04-24 11:11:30.293400.293400 cuda_h.py:27] end get_fused_experts_names_w cost 0.027 ms
DEBUG 04-24 11:11:30.293864.293864 cuda_h.py:27] end restore_fused_tensors cost 0.090 ms
DEBUG 04-24 11:11:30.293928.293928 cuda_h.py:27] end group_fused_tensors_mp cost 0.287 ms
DEBUG 04-24 11:11:30.294848.294848 cuda_h.py:27] end restore_fused_tensors cost 0.788 ms
DEBUG 04-24 11:11:30.294130.294130 cuda_h.py:27] end group_fused_tensors_mp cost 1.059 ms
DEBUG 04-24 11:11:30.301437.301437 cuda_h.py:27] end restore2model cost 1.211 ms
DEBUG 04-24 11:11:30.301493.301493 cuda_h.py:27] end sllm_worker_task cost 18.801 ms
DEBUG 04-24 11:11:30.303671.303671 cuda_h.py:27] end load_into_gpu_async_fused_experts_dual cost 12.082 ms
DEBUG 04-24 11:11:30.303320.303320 cuda_h.py:27] end restore_tensors2_fused_experts_packed cost 0.145 ms
DEBUG 04-24 11:11:30.303627.303627 cuda_h.py:27] end restore_tensors2_fused_experts_slices cost 0.422 ms
DEBUG 04-24 11:11:30.304035.304035 cuda_h.py:27] end allocate_experts_cuda_memory_and_restore_model_multi_device_fused cost 15.028 ms
DEBUG 04-24 11:11:30.304048.304048 cuda_h.py:27] end gpu_sexperts cost 0.011 ms
DEBUG 04-24 11:11:30.304428.304428 cuda_h.py:27] end wait_load_qkvogn_s_weight cost 0.027 ms
DEBUG 04-24 11:11:30.311846.311846 mlpmodule.py:3373] [fused_group_bmm][steps] bmm1=9.658 ms split=0.105 ms act_mul=0.565 ms bmm2=5.651 ms
DEBUG 04-24 11:11:30.311583.311583 cuda_h.py:27] end fused_group_bmm cost 16.481 ms
DEBUG 04-24 11:11:30.312117.312117 mlpmodule.py:3373] [fused_group_bmm][steps] bmm1=11.890 ms split=0.075 ms act_mul=0.938 ms bmm2=6.220 ms
DEBUG 04-24 11:11:30.312013.312013 cuda_h.py:27] end fused_group_bmm cost 19.401 ms
DEBUG 04-24 11:11:30.312949.312949 cuda_h.py:27] end gather_outputs_group_fused_mp cost 0.952 ms
DEBUG 04-24 11:11:30.312627.312627 cuda_h.py:27] end gather_outputs_group_fused_mp cost 0.514 ms
DEBUG 04-24 11:11:30.313123.313123 cuda_h.py:27] end cpu_experts_worker_bmm_or_einsum_2 cost 22.939 ms
DEBUG 04-24 11:11:30.313784.313784 cuda_h.py:27] end cpu_experts_worker_bmm_or_einsum_0 cost 24.229 ms
DEBUG 04-24 11:11:30.314406.314406 mlpmodule.py:3373] [fused_group_bmm][steps] bmm1=10.401 ms split=0.096 ms act_mul=0.632 ms bmm2=9.520 ms
DEBUG 04-24 11:11:30.314846.314846 mlpmodule.py:3373] [fused_group_bmm][steps] bmm1=9.816 ms split=0.094 ms act_mul=0.710 ms bmm2=9.527 ms
DEBUG 04-24 11:11:30.314566.314566 cuda_h.py:27] end fused_group_bmm cost 20.910 ms
DEBUG 04-24 11:11:30.314176.314176 cuda_h.py:27] end fused_group_bmm cost 20.354 ms
DEBUG 04-24 11:11:30.315070.315070 cuda_h.py:27] end gather_outputs_group_fused_mp cost 0.407 ms
DEBUG 04-24 11:11:30.315244.315244 cuda_h.py:27] end gather_outputs_group_fused_mp cost 0.477 ms
DEBUG 04-24 11:11:30.315980.315980 cuda_h.py:27] end cpu_experts_worker_bmm_or_einsum_3 cost 25.217 ms
DEBUG 04-24 11:11:30.315098.315098 cuda_h.py:27] end cpu_experts_worker_bmm_or_einsum_1 cost 26.434 ms
DEBUG 04-24 11:11:30.321624.321624 cuda_h.py:27] end prepare_per_device_parameters cost 16.602 ms
DEBUG 04-24 11:11:30.323931.323931 cuda_h.py:27] end cpu_experts_scatter_reduce cost 0.744 ms
DEBUG 04-24 11:11:30.323463.323463 cuda_h.py:27] end cpu_thread_manager_mp_wait_fused cost 2.378 ms
DEBUG 04-24 11:11:30.325963.325963 cuda_h.py:27] end wait_experts_multi_device cost 1.397 ms
DEBUG 04-24 11:11:30.325514.325514 cuda_h.py:27] end *before fused experts* cost 36.068 ms
DEBUG 04-24 11:11:30.329380.329380 cuda_h.py:27] end gpu_experts_multi_device_fused cost 4.253 ms
DEBUG 04-24 11:11:30.329607.329607 cuda_h.py:27] end *gpu experts* cost 40.421 ms
DEBUG 04-24 11:11:30.329165.329165 cuda_h.py:27] end layer_moe_generate_mp_multi_device_fused_l_17 cost 43.262 ms
DEBUG 04-24 11:11:30.330284.330284 cuda_h.py:27] end *mlp cost 44.647 ms
DEBUG 04-24 11:11:30.330273.330273 cuda_h.py:27] end prefill_layer cost 48.451 ms
DEBUG 04-24 11:11:30.330499.330499 lmp.py:341] -------------------------------- end prefill layer 16 --------------------------------
DEBUG 04-24 11:11:30.331434.331434 lmp.py:294] -------------------------------- start prefill layer 17 --------------------------------
DEBUG 04-24 11:11:30.331549.331549 cuda_h.py:27] end start_load_qkvogn_s_weight_l_18 cost 0.051 ms
DEBUG 04-24 11:11:30.331945.331945 cuda_h.py:27] end allocate_cuda_memory cost 0.499 ms
DEBUG 04-24 11:11:30.332417.332417 sllm_store_c.py:27] get device uuid map
DEBUG 04-24 11:11:30.332734.332734 sllm_store_c.py:29] call client load into gpu
DEBUG 04-24 11:11:30.333452.333452 cuda_h.py:27] end load_into_gpu_async cost 1.849 ms
DEBUG 04-24 11:11:30.334815.334815 cuda_h.py:27] end restore_tensors2 cost 0.199 ms
DEBUG 04-24 11:11:30.334887.334887 cuda_h.py:27] end **self_attn cost 2.104 ms
DEBUG 04-24 11:11:30.334950.334950 cuda_h.py:27] end allocate_cuda_memory_and_load_into_gpu cost 3.313 ms
DEBUG 04-24 11:11:30.335036.335036 cuda_h.py:27] end *iln_self_attn_paln cost 4.096 ms
DEBUG 04-24 11:11:30.335435.335435 cuda_h.py:27] end gate cost 0.543 ms
DEBUG 04-24 11:11:30.336527.336527 cuda_h.py:27] end experts_map_get cost 0.298 ms
DEBUG 04-24 11:11:30.336456.336456 cuda_h.py:27] end *before experts start* cost 0.991 ms
DEBUG 04-24 11:11:30.336597.336597 cuda_h.py:27] end cpu_experts_submit_fused_mp cost 0.217 ms
DEBUG 04-24 11:11:30.338737.338737 cuda_h.py:27] end *single cpu experts* cost 2.035 ms
DEBUG 04-24 11:11:30.339715.339715 cuda_h.py:27] end prepare_group_stack cost 0.454 ms
DEBUG 04-24 11:11:30.339431.339431 cuda_h.py:27] end group stack cost 0.723 ms
DEBUG 04-24 11:11:30.339845.339845 cuda_h.py:27] end move_flatidxs_group_fused_mp cost 1.375 ms
DEBUG 04-24 11:11:30.339370.339370 cuda_h.py:27] end get_fused_experts_names_w cost 0.023 ms
DEBUG 04-24 11:11:30.340648.340648 cuda_h.py:27] end prepare_group_stack cost 0.543 ms
DEBUG 04-24 11:11:30.340754.340754 cuda_h.py:27] end prepare_group_stack cost 0.515 ms
DEBUG 04-24 11:11:30.340225.340225 sllm_store_c.py:27] get device uuid map
DEBUG 04-24 11:11:30.340373.340373 sllm_store_c.py:29] call client load into gpu
DEBUG 04-24 11:11:30.340290.340290 cuda_h.py:27] end restore_fused_tensors cost 0.536 ms
DEBUG 04-24 11:11:30.340743.340743 cuda_h.py:27] end group_fused_tensors_mp cost 0.840 ms
DEBUG 04-24 11:11:30.341033.341033 cuda_h.py:27] end prepare_group_stack cost 0.487 ms
DEBUG 04-24 11:11:30.341897.341897 cuda_h.py:27] end group stack cost 1.423 ms
DEBUG 04-24 11:11:30.342180.342180 cuda_h.py:27] end move_flatidxs_group_fused_mp cost 2.179 ms
DEBUG 04-24 11:11:30.342316.342316 cuda_h.py:27] end get_fused_experts_names_w cost 0.033 ms
DEBUG 04-24 11:11:30.342973.342973 cuda_h.py:27] end group stack cost 2.122 ms
DEBUG 04-24 11:11:30.342461.342461 cuda_h.py:27] end move_flatidxs_group_fused_mp cost 2.876 ms
DEBUG 04-24 11:11:30.342192.342192 cuda_h.py:27] end get_fused_experts_names_w cost 0.024 ms
DEBUG 04-24 11:11:30.342262.342262 cuda_h.py:27] end restore_fused_tensors cost 0.712 ms
DEBUG 04-24 11:11:30.343598.343598 cuda_h.py:27] end group stack cost 1.935 ms
DEBUG 04-24 11:11:30.343938.343938 cuda_h.py:27] end group_fused_tensors_mp cost 1.024 ms
DEBUG 04-24 11:11:30.343471.343471 cuda_h.py:27] end move_flatidxs_group_fused_mp cost 2.682 ms
DEBUG 04-24 11:11:30.343223.343223 cuda_h.py:27] end get_fused_experts_names_w cost 0.036 ms
DEBUG 04-24 11:11:30.343834.343834 cuda_h.py:27] end restore_fused_tensors cost 0.738 ms
DEBUG 04-24 11:11:30.343984.343984 cuda_h.py:27] end load_into_gpu_async_fused_experts_dual cost 3.261 ms
DEBUG 04-24 11:11:30.343425.343425 cuda_h.py:27] end group_fused_tensors_mp cost 1.249 ms
DEBUG 04-24 11:11:30.344189.344189 cuda_h.py:27] end restore_fused_tensors cost 1.147 ms
DEBUG 04-24 11:11:30.344114.344114 cuda_h.py:27] end group_fused_tensors_mp cost 1.506 ms
DEBUG 04-24 11:11:30.345600.345600 cuda_h.py:27] end restore2model cost 3.365 ms
DEBUG 04-24 11:11:30.345258.345258 cuda_h.py:27] end restore_tensors2_fused_experts_packed cost 0.106 ms
DEBUG 04-24 11:11:30.345196.345196 cuda_h.py:27] end sllm_worker_task cost 14.408 ms
DEBUG 04-24 11:11:30.346072.346072 cuda_h.py:27] end restore_tensors2_fused_experts_slices cost 0.329 ms
DEBUG 04-24 11:11:30.347156.347156 cuda_h.py:27] end allocate_experts_cuda_memory_and_restore_model_multi_device_fused cost 8.859 ms
DEBUG 04-24 11:11:30.347281.347281 cuda_h.py:27] end gpu_sexperts cost 0.018 ms
DEBUG 04-24 11:11:30.347843.347843 cuda_h.py:27] end wait_load_qkvogn_s_weight cost 0.066 ms
DEBUG 04-24 11:11:30.354777.354777 mlpmodule.py:3373] [fused_group_bmm][steps] bmm1=5.413 ms split=0.197 ms act_mul=1.181 ms bmm2=6.672 ms
DEBUG 04-24 11:11:30.354573.354573 cuda_h.py:27] end fused_group_bmm cost 13.729 ms
DEBUG 04-24 11:11:30.355579.355579 cuda_h.py:27] end gather_outputs_group_fused_mp cost 0.506 ms
DEBUG 04-24 11:11:30.356068.356068 cuda_h.py:27] end cpu_experts_worker_bmm_or_einsum_0 cost 18.641 ms
DEBUG 04-24 11:11:30.358038.358038 mlpmodule.py:3373] [fused_group_bmm][steps] bmm1=8.826 ms split=0.148 ms act_mul=0.447 ms bmm2=4.268 ms
DEBUG 04-24 11:11:30.358106.358106 cuda_h.py:27] end fused_group_bmm cost 13.986 ms
DEBUG 04-24 11:11:30.359268.359268 cuda_h.py:27] end gather_outputs_group_fused_mp cost 0.582 ms
DEBUG 04-24 11:11:30.360004.360004 cuda_h.py:27] end cpu_experts_worker_bmm_or_einsum_2 cost 20.830 ms
DEBUG 04-24 11:11:30.361969.361969 mlpmodule.py:3373] [fused_group_bmm][steps] bmm1=9.876 ms split=0.123 ms act_mul=0.336 ms bmm2=6.494 ms
DEBUG 04-24 11:11:30.361023.361023 cuda_h.py:27] end fused_group_bmm cost 17.095 ms
DEBUG 04-24 11:11:30.361329.361329 mlpmodule.py:3373] [fused_group_bmm][steps] bmm1=10.531 ms split=0.159 ms act_mul=0.406 ms bmm2=7.139 ms
DEBUG 04-24 11:11:30.361500.361500 cuda_h.py:27] end gather_outputs_group_fused_mp cost 0.384 ms
DEBUG 04-24 11:11:30.361131.361131 cuda_h.py:27] end fused_group_bmm cost 18.476 ms
DEBUG 04-24 11:11:30.362582.362582 cuda_h.py:27] end cpu_experts_worker_bmm_or_einsum_3 cost 23.588 ms
DEBUG 04-24 11:11:30.362498.362498 cuda_h.py:27] end gather_outputs_group_fused_mp cost 0.438 ms
DEBUG 04-24 11:11:30.362648.362648 cuda_h.py:27] end cpu_experts_worker_bmm_or_einsum_1 cost 24.388 ms
DEBUG 04-24 11:11:30.363418.363418 cuda_h.py:27] end prepare_per_device_parameters cost 16.208 ms
DEBUG 04-24 11:11:30.367692.367692 cuda_h.py:27] end cpu_experts_scatter_reduce cost 0.729 ms
DEBUG 04-24 11:11:30.367893.367893 cuda_h.py:27] end cpu_thread_manager_mp_wait_fused cost 3.166 ms
DEBUG 04-24 11:11:30.368312.368312 cuda_h.py:27] end wait_experts_multi_device cost 1.393 ms
DEBUG 04-24 11:11:30.368009.368009 cuda_h.py:27] end *before fused experts* cost 30.406 ms
DEBUG 04-24 11:11:30.373301.373301 cuda_h.py:27] end gpu_experts_multi_device_fused cost 4.913 ms
DEBUG 04-24 11:11:30.373231.373231 cuda_h.py:27] end *gpu experts* cost 35.449 ms
DEBUG 04-24 11:11:30.373869.373869 cuda_h.py:27] end layer_moe_generate_mp_multi_device_fused_l_18 cost 38.654 ms
DEBUG 04-24 11:11:30.374038.374038 cuda_h.py:27] end *mlp cost 39.727 ms
DEBUG 04-24 11:11:30.375114.375114 cuda_h.py:27] end prefill_layer cost 44.039 ms
DEBUG 04-24 11:11:30.375293.375293 lmp.py:341] -------------------------------- end prefill layer 17 --------------------------------
DEBUG 04-24 11:11:30.375025.375025 lmp.py:294] -------------------------------- start prefill layer 18 --------------------------------
DEBUG 04-24 11:11:30.375094.375094 cuda_h.py:27] end start_load_qkvogn_s_weight_l_19 cost 0.050 ms
DEBUG 04-24 11:11:30.375397.375397 cuda_h.py:27] end allocate_cuda_memory cost 0.346 ms
DEBUG 04-24 11:11:30.376411.376411 sllm_store_c.py:27] get device uuid map
DEBUG 04-24 11:11:30.376203.376203 sllm_store_c.py:29] call client load into gpu
DEBUG 04-24 11:11:30.377566.377566 cuda_h.py:27] end load_into_gpu_async cost 1.656 ms
DEBUG 04-24 11:11:30.378441.378441 cuda_h.py:27] end restore_tensors2 cost 0.113 ms
DEBUG 04-24 11:11:30.378781.378781 cuda_h.py:27] end **self_attn cost 1.480 ms
DEBUG 04-24 11:11:30.378955.378955 cuda_h.py:27] end allocate_cuda_memory_and_load_into_gpu cost 2.842 ms
DEBUG 04-24 11:11:30.378322.378322 cuda_h.py:27] end *iln_self_attn_paln cost 3.482 ms
DEBUG 04-24 11:11:30.379124.379124 cuda_h.py:27] end gate cost 0.510 ms
DEBUG 04-24 11:11:30.379940.379940 cuda_h.py:27] end experts_map_get cost 0.339 ms
DEBUG 04-24 11:11:30.379584.379584 cuda_h.py:27] end *before experts start* cost 1.000 ms
DEBUG 04-24 11:11:30.380301.380301 cuda_h.py:27] end cpu_experts_submit_fused_mp cost 0.216 ms
DEBUG 04-24 11:11:30.381932.381932 cuda_h.py:27] end *single cpu experts* cost 1.447 ms
DEBUG 04-24 11:11:30.382053.382053 cuda_h.py:27] end prepare_group_stack cost 0.463 ms
DEBUG 04-24 11:11:30.383953.383953 cuda_h.py:27] end group stack cost 0.679 ms
DEBUG 04-24 11:11:30.383851.383851 cuda_h.py:27] end move_flatidxs_group_fused_mp cost 1.351 ms
DEBUG 04-24 11:11:30.384987.384987 cuda_h.py:27] end get_fused_experts_names_w cost 0.029 ms
DEBUG 04-24 11:11:30.384870.384870 cuda_h.py:27] end prepare_group_stack cost 0.532 ms
DEBUG 04-24 11:11:30.384978.384978 cuda_h.py:27] end prepare_group_stack cost 0.540 ms
DEBUG 04-24 11:11:30.384629.384629 sllm_store_c.py:27] get device uuid map
DEBUG 04-24 11:11:30.384372.384372 cuda_h.py:27] end prepare_group_stack cost 0.532 ms
DEBUG 04-24 11:11:30.384588.384588 sllm_store_c.py:29] call client load into gpu
DEBUG 04-24 11:11:30.385378.385378 cuda_h.py:27] end restore_fused_tensors cost 0.834 ms
DEBUG 04-24 11:11:30.385593.385593 cuda_h.py:27] end group_fused_tensors_mp cost 1.110 ms
DEBUG 04-24 11:11:30.385023.385023 cuda_h.py:27] end group stack cost 0.904 ms
DEBUG 04-24 11:11:30.385226.385226 cuda_h.py:27] end move_flatidxs_group_fused_mp cost 1.890 ms
DEBUG 04-24 11:11:30.385411.385411 cuda_h.py:27] end get_fused_experts_names_w cost 0.025 ms
DEBUG 04-24 11:11:30.385579.385579 cuda_h.py:27] end group stack cost 1.348 ms
DEBUG 04-24 11:11:30.385536.385536 cuda_h.py:27] end move_flatidxs_group_fused_mp cost 2.200 ms
DEBUG 04-24 11:11:30.385943.385943 cuda_h.py:27] end get_fused_experts_names_w cost 0.024 ms
DEBUG 04-24 11:11:30.386574.386574 cuda_h.py:27] end load_into_gpu_async_fused_experts_dual cost 1.930 ms
DEBUG 04-24 11:11:30.386667.386667 cuda_h.py:27] end group stack cost 1.764 ms
DEBUG 04-24 11:11:30.386803.386803 cuda_h.py:27] end restore_fused_tensors cost 0.529 ms
DEBUG 04-24 11:11:30.386102.386102 cuda_h.py:27] end move_flatidxs_group_fused_mp cost 2.611 ms
DEBUG 04-24 11:11:30.386670.386670 cuda_h.py:27] end group_fused_tensors_mp cost 0.854 ms
DEBUG 04-24 11:11:30.386319.386319 cuda_h.py:27] end restore_tensors2_fused_experts_packed cost 0.069 ms
DEBUG 04-24 11:11:30.386606.386606 cuda_h.py:27] end get_fused_experts_names_w cost 0.031 ms
DEBUG 04-24 11:11:30.386289.386289 cuda_h.py:27] end restore_fused_tensors cost 0.665 ms
DEBUG 04-24 11:11:30.387698.387698 cuda_h.py:27] end group_fused_tensors_mp cost 1.214 ms
DEBUG 04-24 11:11:30.386142.386142 cuda_h.py:27] end restore2model cost 1.268 ms
DEBUG 04-24 11:11:30.387218.387218 cuda_h.py:27] end restore_tensors2_fused_experts_slices cost 0.354 ms
DEBUG 04-24 11:11:30.387405.387405 cuda_h.py:27] end sllm_worker_task cost 11.941 ms
DEBUG 04-24 11:11:30.387446.387446 cuda_h.py:27] end restore_fused_tensors cost 1.176 ms
DEBUG 04-24 11:11:30.387494.387494 cuda_h.py:27] end allocate_experts_cuda_memory_and_restore_model_multi_device_fused cost 6.235 ms
DEBUG 04-24 11:11:30.388053.388053 cuda_h.py:27] end group_fused_tensors_mp cost 1.522 ms
DEBUG 04-24 11:11:30.388153.388153 cuda_h.py:27] end gpu_sexperts cost 0.012 ms
DEBUG 04-24 11:11:30.388109.388109 cuda_h.py:27] end wait_load_qkvogn_s_weight cost 0.033 ms
DEBUG 04-24 11:11:30.400942.400942 mlpmodule.py:3373] [fused_group_bmm][steps] bmm1=9.064 ms split=0.190 ms act_mul=0.441 ms bmm2=5.495 ms
DEBUG 04-24 11:11:30.400540.400540 cuda_h.py:27] end fused_group_bmm cost 15.461 ms
DEBUG 04-24 11:11:30.400875.400875 mlpmodule.py:3373] [fused_group_bmm][steps] bmm1=7.363 ms split=0.134 ms act_mul=0.360 ms bmm2=4.403 ms
DEBUG 04-24 11:11:30.401907.401907 cuda_h.py:27] end fused_group_bmm cost 12.848 ms
DEBUG 04-24 11:11:30.401947.401947 cuda_h.py:27] end gather_outputs_group_fused_mp cost 0.461 ms
DEBUG 04-24 11:11:30.401849.401849 cuda_h.py:27] end cpu_experts_worker_bmm_or_einsum_0 cost 20.471 ms
DEBUG 04-24 11:11:30.402699.402699 cuda_h.py:27] end gather_outputs_group_fused_mp cost 0.558 ms
DEBUG 04-24 11:11:30.402049.402049 cuda_h.py:27] end cpu_experts_worker_bmm_or_einsum_2 cost 20.083 ms
DEBUG 04-24 11:11:30.405651.405651 mlpmodule.py:3373] [fused_group_bmm][steps] bmm1=14.141 ms split=0.120 ms act_mul=0.349 ms bmm2=4.630 ms
DEBUG 04-24 11:11:30.406745.406745 cuda_h.py:27] end fused_group_bmm cost 19.522 ms
DEBUG 04-24 11:11:30.406162.406162 mlpmodule.py:3373] [fused_group_bmm][steps] bmm1=13.596 ms split=0.101 ms act_mul=0.326 ms bmm2=4.694 ms
DEBUG 04-24 11:11:30.406012.406012 cuda_h.py:27] end fused_group_bmm cost 19.025 ms
DEBUG 04-24 11:11:30.406106.406106 cuda_h.py:27] end gather_outputs_group_fused_mp cost 0.452 ms
DEBUG 04-24 11:11:30.406832.406832 cuda_h.py:27] end prepare_per_device_parameters cost 18.169 ms
DEBUG 04-24 11:11:30.406633.406633 cuda_h.py:27] end gather_outputs_group_fused_mp cost 0.373 ms
DEBUG 04-24 11:11:30.407197.407197 cuda_h.py:27] end cpu_experts_worker_bmm_or_einsum_1 cost 24.997 ms
DEBUG 04-24 11:11:30.407989.407989 cuda_h.py:27] end cpu_experts_worker_bmm_or_einsum_3 cost 25.048 ms
DEBUG 04-24 11:11:30.409989.409989 cuda_h.py:27] end cpu_experts_scatter_reduce cost 0.730 ms
DEBUG 04-24 11:11:30.409767.409767 cuda_h.py:27] end cpu_thread_manager_mp_wait_fused cost 2.447 ms
DEBUG 04-24 11:11:30.410719.410719 cuda_h.py:27] end wait_experts_multi_device cost 1.507 ms
DEBUG 04-24 11:11:30.410125.410125 cuda_h.py:27] end *before fused experts* cost 29.435 ms
DEBUG 04-24 11:11:30.415443.415443 cuda_h.py:27] end gpu_experts_multi_device_fused cost 4.722 ms
DEBUG 04-24 11:11:30.415181.415181 cuda_h.py:27] end *gpu experts* cost 34.285 ms
DEBUG 04-24 11:11:30.416628.416628 cuda_h.py:27] end layer_moe_generate_mp_multi_device_fused_l_19 cost 37.127 ms
DEBUG 04-24 11:11:30.417123.417123 cuda_h.py:27] end *mlp cost 38.053 ms
DEBUG 04-24 11:11:30.417530.417530 cuda_h.py:27] end prefill_layer cost 41.768 ms
DEBUG 04-24 11:11:30.417709.417709 lmp.py:341] -------------------------------- end prefill layer 18 --------------------------------
DEBUG 04-24 11:11:30.417598.417598 lmp.py:294] -------------------------------- start prefill layer 19 --------------------------------
DEBUG 04-24 11:11:30.417620.417620 cuda_h.py:27] end start_load_qkvogn_s_weight_l_20 cost 0.052 ms
DEBUG 04-24 11:11:30.418473.418473 cuda_h.py:27] end allocate_cuda_memory cost 0.495 ms
DEBUG 04-24 11:11:30.418785.418785 sllm_store_c.py:27] get device uuid map
DEBUG 04-24 11:11:30.418033.418033 sllm_store_c.py:29] call client load into gpu
DEBUG 04-24 11:11:30.419426.419426 cuda_h.py:27] end **self_attn cost 1.540 ms
DEBUG 04-24 11:11:30.420533.420533 cuda_h.py:27] end load_into_gpu_async cost 1.927 ms
DEBUG 04-24 11:11:30.420677.420677 cuda_h.py:27] end restore_tensors2 cost 0.112 ms
DEBUG 04-24 11:11:30.420367.420367 cuda_h.py:27] end allocate_cuda_memory_and_load_into_gpu cost 3.195 ms
DEBUG 04-24 11:11:30.420992.420992 cuda_h.py:27] end *iln_self_attn_paln cost 3.450 ms
DEBUG 04-24 11:11:30.421673.421673 cuda_h.py:27] end gate cost 0.639 ms
DEBUG 04-24 11:11:30.421898.421898 cuda_h.py:27] end experts_map_get cost 0.290 ms
DEBUG 04-24 11:11:30.421065.421065 cuda_h.py:27] end *before experts start* cost 1.080 ms
DEBUG 04-24 11:11:30.422119.422119 cuda_h.py:27] end cpu_experts_submit_fused_mp cost 0.189 ms
DEBUG 04-24 11:11:30.423148.423148 cuda_h.py:27] end *single cpu experts* cost 1.258 ms
DEBUG 04-24 11:11:30.425949.425949 cuda_h.py:27] end prepare_group_stack cost 0.513 ms
DEBUG 04-24 11:11:30.425191.425191 cuda_h.py:27] end prepare_group_stack cost 0.602 ms
DEBUG 04-24 11:11:30.425482.425482 cuda_h.py:27] end prepare_group_stack cost 0.556 ms
DEBUG 04-24 11:11:30.425165.425165 sllm_store_c.py:27] get device uuid map
DEBUG 04-24 11:11:30.425936.425936 sllm_store_c.py:29] call client load into gpu
DEBUG 04-24 11:11:30.425487.425487 cuda_h.py:27] end group stack cost 0.562 ms
DEBUG 04-24 11:11:30.425273.425273 cuda_h.py:27] end move_flatidxs_group_fused_mp cost 1.334 ms
DEBUG 04-24 11:11:30.426377.426377 cuda_h.py:27] end prepare_group_stack cost 0.456 ms
DEBUG 04-24 11:11:30.426801.426801 cuda_h.py:27] end get_fused_experts_names_w cost 0.026 ms
DEBUG 04-24 11:11:30.426913.426913 cuda_h.py:27] end group stack cost 0.746 ms
DEBUG 04-24 11:11:30.426079.426079 cuda_h.py:27] end move_flatidxs_group_fused_mp cost 1.834 ms
DEBUG 04-24 11:11:30.426330.426330 cuda_h.py:27] end get_fused_experts_names_w cost 0.029 ms
DEBUG 04-24 11:11:30.426086.426086 cuda_h.py:27] end group stack cost 1.169 ms
DEBUG 04-24 11:11:30.426898.426898 cuda_h.py:27] end restore_fused_tensors cost 0.519 ms
DEBUG 04-24 11:11:30.426112.426112 cuda_h.py:27] end move_flatidxs_group_fused_mp cost 2.164 ms
DEBUG 04-24 11:11:30.426755.426755 cuda_h.py:27] end group_fused_tensors_mp cost 0.804 ms
DEBUG 04-24 11:11:30.426829.426829 cuda_h.py:27] end get_fused_experts_names_w cost 0.020 ms
DEBUG 04-24 11:11:30.427928.427928 cuda_h.py:27] end restore_fused_tensors cost 0.504 ms
DEBUG 04-24 11:11:30.427241.427241 cuda_h.py:27] end group_fused_tensors_mp cost 0.741 ms
DEBUG 04-24 11:11:30.427453.427453 cuda_h.py:27] end group stack cost 1.073 ms
DEBUG 04-24 11:11:30.427496.427496 cuda_h.py:27] end move_flatidxs_group_fused_mp cost 1.862 ms
DEBUG 04-24 11:11:30.427218.427218 cuda_h.py:27] end restore_fused_tensors cost 0.493 ms
DEBUG 04-24 11:11:30.427619.427619 cuda_h.py:27] end group_fused_tensors_mp cost 0.676 ms
DEBUG 04-24 11:11:30.427116.427116 cuda_h.py:27] end get_fused_experts_names_w cost 0.025 ms
DEBUG 04-24 11:11:30.428796.428796 cuda_h.py:27] end restore_fused_tensors cost 0.519 ms
DEBUG 04-24 11:11:30.428494.428494 cuda_h.py:27] end group_fused_tensors_mp cost 0.833 ms
DEBUG 04-24 11:11:30.428451.428451 cuda_h.py:27] end restore2model cost 1.046 ms
DEBUG 04-24 11:11:30.428733.428733 cuda_h.py:27] end sllm_worker_task cost 11.306 ms
DEBUG 04-24 11:11:30.429444.429444 cuda_h.py:27] end load_into_gpu_async_fused_experts_dual cost 3.563 ms
DEBUG 04-24 11:11:30.429085.429085 cuda_h.py:27] end restore_tensors2_fused_experts_packed cost 0.092 ms
DEBUG 04-24 11:11:30.430994.430994 cuda_h.py:27] end restore_tensors2_fused_experts_slices cost 0.309 ms
DEBUG 04-24 11:11:30.430378.430378 cuda_h.py:27] end allocate_experts_cuda_memory_and_restore_model_multi_device_fused cost 7.183 ms
DEBUG 04-24 11:11:30.430342.430342 cuda_h.py:27] end gpu_sexperts cost 0.009 ms
DEBUG 04-24 11:11:30.430159.430159 cuda_h.py:27] end wait_load_qkvogn_s_weight cost 0.042 ms
DEBUG 04-24 11:11:30.441889.441889 mlpmodule.py:3373] [fused_group_bmm][steps] bmm1=8.368 ms split=0.209 ms act_mul=0.577 ms bmm2=5.118 ms
DEBUG 04-24 11:11:30.441926.441926 cuda_h.py:27] end fused_group_bmm cost 14.855 ms
DEBUG 04-24 11:11:30.443895.443895 cuda_h.py:27] end gather_outputs_group_fused_mp cost 0.640 ms
DEBUG 04-24 11:11:30.443469.443469 mlpmodule.py:3373] [fused_group_bmm][steps] bmm1=9.320 ms split=0.128 ms act_mul=0.659 ms bmm2=4.330 ms
DEBUG 04-24 11:11:30.443570.443570 cuda_h.py:27] end fused_group_bmm cost 14.934 ms
DEBUG 04-24 11:11:30.443196.443196 cuda_h.py:27] end cpu_experts_worker_bmm_or_einsum_0 cost 20.271 ms
DEBUG 04-24 11:11:30.444650.444650 cuda_h.py:27] end gather_outputs_group_fused_mp cost 0.677 ms
DEBUG 04-24 11:11:30.444406.444406 mlpmodule.py:3373] [fused_group_bmm][steps] bmm1=11.508 ms split=0.222 ms act_mul=0.510 ms bmm2=4.804 ms
DEBUG 04-24 11:11:30.445194.445194 cuda_h.py:27] end cpu_experts_worker_bmm_or_einsum_2 cost 20.582 ms
DEBUG 04-24 11:11:30.445031.445031 cuda_h.py:27] end fused_group_bmm cost 17.377 ms
DEBUG 04-24 11:11:30.445569.445569 cuda_h.py:27] end gather_outputs_group_fused_mp cost 0.594 ms
DEBUG 04-24 11:11:30.446322.446322 cuda_h.py:27] end cpu_experts_worker_bmm_or_einsum_3 cost 23.049 ms
DEBUG 04-24 11:11:30.446316.446316 mlpmodule.py:3373] [fused_group_bmm][steps] bmm1=11.862 ms split=0.257 ms act_mul=0.821 ms bmm2=6.352 ms
DEBUG 04-24 11:11:30.446860.446860 cuda_h.py:27] end fused_group_bmm cost 19.552 ms
DEBUG 04-24 11:11:30.447173.447173 cuda_h.py:27] end gather_outputs_group_fused_mp cost 0.468 ms
DEBUG 04-24 11:11:30.447857.447857 cuda_h.py:27] end prepare_per_device_parameters cost 16.733 ms
DEBUG 04-24 11:11:30.448217.448217 cuda_h.py:27] end cpu_experts_worker_bmm_or_einsum_1 cost 24.677 ms
DEBUG 04-24 11:11:30.449218.449218 cuda_h.py:27] end cpu_experts_scatter_reduce cost 0.677 ms
DEBUG 04-24 11:11:30.450942.450942 cuda_h.py:27] end cpu_thread_manager_mp_wait_fused cost 1.968 ms
DEBUG 04-24 11:11:30.451936.451936 cuda_h.py:27] end wait_experts_multi_device cost 1.360 ms
DEBUG 04-24 11:11:30.451534.451534 cuda_h.py:27] end *before fused experts* cost 28.265 ms
DEBUG 04-24 11:11:30.456436.456436 cuda_h.py:27] end gpu_experts_multi_device_fused cost 4.559 ms
DEBUG 04-24 11:11:30.456306.456306 cuda_h.py:27] end *gpu experts* cost 32.943 ms
DEBUG 04-24 11:11:30.456594.456594 cuda_h.py:27] end layer_moe_generate_mp_multi_device_fused_l_20 cost 35.457 ms
DEBUG 04-24 11:11:30.457923.457923 cuda_h.py:27] end *mlp cost 36.786 ms
DEBUG 04-24 11:11:30.457151.457151 cuda_h.py:27] end prefill_layer cost 40.469 ms
DEBUG 04-24 11:11:30.457292.457292 lmp.py:341] -------------------------------- end prefill layer 19 --------------------------------
DEBUG 04-24 11:11:30.457099.457099 lmp.py:294] -------------------------------- start prefill layer 20 --------------------------------
DEBUG 04-24 11:11:30.458583.458583 cuda_h.py:27] end start_load_qkvogn_s_weight_l_21 cost 0.056 ms
DEBUG 04-24 11:11:30.458646.458646 cuda_h.py:27] end allocate_cuda_memory cost 0.320 ms
DEBUG 04-24 11:11:30.458919.458919 sllm_store_c.py:27] get device uuid map
DEBUG 04-24 11:11:30.459158.459158 sllm_store_c.py:29] call client load into gpu
DEBUG 04-24 11:11:30.460616.460616 cuda_h.py:27] end load_into_gpu_async cost 1.423 ms
DEBUG 04-24 11:11:30.460980.460980 cuda_h.py:27] end restore_tensors2 cost 0.115 ms
DEBUG 04-24 11:11:30.460055.460055 cuda_h.py:27] end allocate_cuda_memory_and_load_into_gpu cost 2.317 ms
DEBUG 04-24 11:11:30.461181.461181 cuda_h.py:27] end **self_attn cost 2.021 ms
DEBUG 04-24 11:11:30.461104.461104 cuda_h.py:27] end *iln_self_attn_paln cost 3.365 ms
DEBUG 04-24 11:11:30.462232.462232 cuda_h.py:27] end gate cost 0.506 ms
DEBUG 04-24 11:11:30.462125.462125 cuda_h.py:27] end experts_map_get cost 0.294 ms
DEBUG 04-24 11:11:30.462908.462908 cuda_h.py:27] end *before experts start* cost 0.946 ms
DEBUG 04-24 11:11:30.462545.462545 cuda_h.py:27] end cpu_experts_submit_fused_mp cost 0.197 ms
DEBUG 04-24 11:11:30.463542.463542 cuda_h.py:27] end *single cpu experts* cost 1.275 ms
DEBUG 04-24 11:11:30.466793.466793 cuda_h.py:27] end prepare_group_stack cost 0.511 ms
DEBUG 04-24 11:11:30.466483.466483 cuda_h.py:27] end prepare_group_stack cost 0.545 ms
DEBUG 04-24 11:11:30.466450.466450 cuda_h.py:27] end prepare_group_stack cost 0.513 ms
DEBUG 04-24 11:11:30.467309.467309 sllm_store_c.py:27] get device uuid map
DEBUG 04-24 11:11:30.467749.467749 sllm_store_c.py:29] call client load into gpu
DEBUG 04-24 11:11:30.467775.467775 cuda_h.py:27] end group stack cost 0.573 ms
DEBUG 04-24 11:11:30.467605.467605 cuda_h.py:27] end move_flatidxs_group_fused_mp cost 1.268 ms
DEBUG 04-24 11:11:30.467594.467594 cuda_h.py:27] end group stack cost 0.664 ms
DEBUG 04-24 11:11:30.467453.467453 cuda_h.py:27] end prepare_group_stack cost 0.443 ms
DEBUG 04-24 11:11:30.467919.467919 cuda_h.py:27] end get_fused_experts_names_w cost 0.026 ms
DEBUG 04-24 11:11:30.467118.467118 cuda_h.py:27] end move_flatidxs_group_fused_mp cost 1.520 ms
DEBUG 04-24 11:11:30.467862.467862 cuda_h.py:27] end get_fused_experts_names_w cost 0.022 ms
DEBUG 04-24 11:11:30.467465.467465 cuda_h.py:27] end group stack cost 1.157 ms
DEBUG 04-24 11:11:30.467139.467139 cuda_h.py:27] end move_flatidxs_group_fused_mp cost 1.914 ms
DEBUG 04-24 11:11:30.468840.468840 cuda_h.py:27] end get_fused_experts_names_w cost 0.021 ms
DEBUG 04-24 11:11:30.468139.468139 cuda_h.py:27] end restore_fused_tensors cost 0.590 ms
DEBUG 04-24 11:11:30.468942.468942 cuda_h.py:27] end restore_fused_tensors cost 0.489 ms
DEBUG 04-24 11:11:30.468383.468383 cuda_h.py:27] end group_fused_tensors_mp cost 1.040 ms
DEBUG 04-24 11:11:30.468443.468443 cuda_h.py:27] end group_fused_tensors_mp cost 0.771 ms
DEBUG 04-24 11:11:30.468106.468106 cuda_h.py:27] end restore_fused_tensors cost 0.437 ms
DEBUG 04-24 11:11:30.468359.468359 cuda_h.py:27] end group stack cost 1.036 ms
DEBUG 04-24 11:11:30.468899.468899 cuda_h.py:27] end group_fused_tensors_mp cost 0.805 ms
DEBUG 04-24 11:11:30.468828.468828 cuda_h.py:27] end move_flatidxs_group_fused_mp cost 1.970 ms
DEBUG 04-24 11:11:30.469690.469690 cuda_h.py:27] end get_fused_experts_names_w cost 0.033 ms
DEBUG 04-24 11:11:30.469593.469593 cuda_h.py:27] end load_into_gpu_async_fused_experts_dual cost 2.349 ms
DEBUG 04-24 11:11:30.469153.469153 cuda_h.py:27] end restore2model cost 1.385 ms
DEBUG 04-24 11:11:30.470347.470347 cuda_h.py:27] end restore_fused_tensors cost 0.849 ms
DEBUG 04-24 11:11:30.470589.470589 cuda_h.py:27] end group_fused_tensors_mp cost 1.196 ms
DEBUG 04-24 11:11:30.470366.470366 cuda_h.py:27] end restore_tensors2_fused_experts_packed cost 0.099 ms
DEBUG 04-24 11:11:30.470859.470859 cuda_h.py:27] end sllm_worker_task cost 12.083 ms
DEBUG 04-24 11:11:30.470841.470841 cuda_h.py:27] end restore_tensors2_fused_experts_slices cost 0.337 ms
DEBUG 04-24 11:11:30.471472.471472 cuda_h.py:27] end allocate_experts_cuda_memory_and_restore_model_multi_device_fused cost 8.074 ms
DEBUG 04-24 11:11:30.472298.472298 cuda_h.py:27] end gpu_sexperts cost 0.016 ms
DEBUG 04-24 11:11:30.472864.472864 cuda_h.py:27] end wait_load_qkvogn_s_weight cost 0.047 ms
DEBUG 04-24 11:11:30.479882.479882 mlpmodule.py:3373] [fused_group_bmm][steps] bmm1=7.184 ms split=0.136 ms act_mul=0.349 ms bmm2=2.666 ms
DEBUG 04-24 11:11:30.479184.479184 cuda_h.py:27] end fused_group_bmm cost 10.900 ms
DEBUG 04-24 11:11:30.479173.479173 mlpmodule.py:3373] [fused_group_bmm][steps] bmm1=7.796 ms split=0.103 ms act_mul=0.287 ms bmm2=2.597 ms
DEBUG 04-24 11:11:30.480918.480918 cuda_h.py:27] end fused_group_bmm cost 11.139 ms
DEBUG 04-24 11:11:30.480585.480585 mlpmodule.py:3373] [fused_group_bmm][steps] bmm1=6.243 ms split=0.160 ms act_mul=0.370 ms bmm2=2.945 ms
DEBUG 04-24 11:11:30.480710.480710 cuda_h.py:27] end gather_outputs_group_fused_mp cost 0.554 ms
DEBUG 04-24 11:11:30.480083.480083 cuda_h.py:27] end fused_group_bmm cost 10.017 ms
DEBUG 04-24 11:11:30.480187.480187 cuda_h.py:27] end prepare_per_device_parameters cost 8.309 ms
DEBUG 04-24 11:11:30.480849.480849 cuda_h.py:27] end gather_outputs_group_fused_mp cost 0.449 ms
DEBUG 04-24 11:11:30.481543.481543 cuda_h.py:27] end cpu_experts_worker_bmm_or_einsum_0 cost 17.002 ms
DEBUG 04-24 11:11:30.481173.481173 mlpmodule.py:3373] [fused_group_bmm][steps] bmm1=8.301 ms split=0.158 ms act_mul=0.366 ms bmm2=3.589 ms
DEBUG 04-24 11:11:30.481406.481406 cuda_h.py:27] end gather_outputs_group_fused_mp cost 0.491 ms
DEBUG 04-24 11:11:30.481840.481840 cuda_h.py:27] end cpu_experts_worker_bmm_or_einsum_3 cost 17.342 ms
DEBUG 04-24 11:11:30.481047.481047 cuda_h.py:27] end fused_group_bmm cost 12.842 ms
DEBUG 04-24 11:11:30.482380.482380 cuda_h.py:27] end cpu_experts_worker_bmm_or_einsum_2 cost 16.827 ms
DEBUG 04-24 11:11:30.482033.482033 cuda_h.py:27] end gather_outputs_group_fused_mp cost 0.431 ms
DEBUG 04-24 11:11:30.482915.482915 cuda_h.py:27] end cpu_experts_worker_bmm_or_einsum_1 cost 18.607 ms
DEBUG 04-24 11:11:30.662285.662285 cuda_h.py:27] end cpu_experts_scatter_reduce cost 0.649 ms
DEBUG 04-24 11:11:30.662495.662495 cuda_h.py:27] end cpu_thread_manager_mp_wait_fused cost 181.326 ms
DEBUG 04-24 11:11:30.674774.674774 cuda_h.py:27] end wait_experts_multi_device cost 12.244 ms
DEBUG 04-24 11:11:30.674716.674716 cuda_h.py:27] end *before fused experts* cost 210.845 ms
DEBUG 04-24 11:11:30.683363.683363 cuda_h.py:27] end gpu_experts_multi_device_fused cost 9.151 ms
DEBUG 04-24 11:11:30.684125.684125 cuda_h.py:27] end *gpu experts* cost 220.263 ms
DEBUG 04-24 11:11:30.684820.684820 cuda_h.py:27] end layer_moe_generate_mp_multi_device_fused_l_21 cost 222.777 ms
DEBUG 04-24 11:11:30.686964.686964 cuda_h.py:27] end *mlp cost 224.700 ms
DEBUG 04-24 11:11:30.686163.686163 cuda_h.py:27] end prefill_layer cost 228.582 ms
DEBUG 04-24 11:11:30.686809.686809 lmp.py:341] -------------------------------- end prefill layer 20 --------------------------------
DEBUG 04-24 11:11:30.686679.686679 lmp.py:294] -------------------------------- start prefill layer 21 --------------------------------
DEBUG 04-24 11:11:30.687549.687549 cuda_h.py:27] end start_load_qkvogn_s_weight_l_22 cost 0.065 ms
DEBUG 04-24 11:11:30.687934.687934 cuda_h.py:27] end allocate_cuda_memory cost 0.428 ms
DEBUG 04-24 11:11:30.688960.688960 sllm_store_c.py:27] get device uuid map
DEBUG 04-24 11:11:30.688633.688633 sllm_store_c.py:29] call client load into gpu
DEBUG 04-24 11:11:30.691858.691858 cuda_h.py:27] end load_into_gpu_async cost 3.077 ms
DEBUG 04-24 11:11:30.691294.691294 cuda_h.py:27] end restore_tensors2 cost 0.189 ms
DEBUG 04-24 11:11:30.691544.691544 cuda_h.py:27] end allocate_cuda_memory_and_load_into_gpu cost 4.693 ms
DEBUG 04-24 11:11:30.692181.692181 cuda_h.py:27] end **self_attn cost 3.435 ms
DEBUG 04-24 11:11:30.692754.692754 cuda_h.py:27] end *iln_self_attn_paln cost 5.806 ms
DEBUG 04-24 11:11:30.693164.693164 cuda_h.py:27] end gate cost 0.858 ms
DEBUG 04-24 11:11:30.694276.694276 cuda_h.py:27] end experts_map_get cost 0.445 ms
DEBUG 04-24 11:11:30.694193.694193 cuda_h.py:27] end *before experts start* cost 1.526 ms
DEBUG 04-24 11:11:30.694111.694111 cuda_h.py:27] end cpu_experts_submit_fused_mp cost 0.283 ms
DEBUG 04-24 11:11:30.696664.696664 cuda_h.py:27] end *single cpu experts* cost 2.359 ms
DEBUG 04-24 11:11:30.698634.698634 cuda_h.py:27] end prepare_group_stack cost 0.625 ms
DEBUG 04-24 11:11:30.698240.698240 sllm_store_c.py:27] get device uuid map
DEBUG 04-24 11:11:30.699372.699372 sllm_store_c.py:29] call client load into gpu
DEBUG 04-24 11:11:30.699870.699870 cuda_h.py:27] end prepare_group_stack cost 0.451 ms
DEBUG 04-24 11:11:30.699192.699192 cuda_h.py:27] end group stack cost 1.245 ms
DEBUG 04-24 11:11:30.699487.699487 cuda_h.py:27] end prepare_group_stack cost 0.645 ms
DEBUG 04-24 11:11:30.699976.699976 cuda_h.py:27] end move_flatidxs_group_fused_mp cost 2.352 ms
DEBUG 04-24 11:11:30.700127.700127 cuda_h.py:27] end get_fused_experts_names_w cost 0.039 ms
DEBUG 04-24 11:11:30.700225.700225 cuda_h.py:27] end group stack cost 1.026 ms
DEBUG 04-24 11:11:30.700342.700342 cuda_h.py:27] end move_flatidxs_group_fused_mp cost 1.924 ms
DEBUG 04-24 11:11:30.700384.700384 cuda_h.py:27] end get_fused_experts_names_w cost 0.019 ms
DEBUG 04-24 11:11:30.701444.701444 cuda_h.py:27] end restore_fused_tensors cost 0.417 ms
DEBUG 04-24 11:11:30.701757.701757 cuda_h.py:27] end group_fused_tensors_mp cost 0.683 ms
DEBUG 04-24 11:11:30.701450.701450 cuda_h.py:27] end restore_fused_tensors cost 1.089 ms
DEBUG 04-24 11:11:30.701383.701383 cuda_h.py:27] end group_fused_tensors_mp cost 1.567 ms
DEBUG 04-24 11:11:30.701245.701245 cuda_h.py:27] end restore2model cost 1.881 ms
DEBUG 04-24 11:11:30.702486.702486 cuda_h.py:27] end sllm_worker_task cost 15.011 ms
DEBUG 04-24 11:11:30.702195.702195 cuda_h.py:27] end group stack cost 2.413 ms
DEBUG 04-24 11:11:30.702415.702415 cuda_h.py:27] end move_flatidxs_group_fused_mp cost 3.938 ms
DEBUG 04-24 11:11:30.702555.702555 cuda_h.py:27] end load_into_gpu_async_fused_experts_dual cost 3.820 ms
DEBUG 04-24 11:11:30.703025.703025 cuda_h.py:27] end get_fused_experts_names_w cost 0.052 ms
DEBUG 04-24 11:11:30.703052.703052 cuda_h.py:27] end restore_tensors2_fused_experts_packed cost 0.166 ms
DEBUG 04-24 11:11:30.704482.704482 cuda_h.py:27] end restore_tensors2_fused_experts_slices cost 0.819 ms
DEBUG 04-24 11:11:30.704882.704882 cuda_h.py:27] end restore_fused_tensors cost 1.012 ms
DEBUG 04-24 11:11:30.704582.704582 cuda_h.py:27] end group_fused_tensors_mp cost 1.457 ms
DEBUG 04-24 11:11:30.704743.704743 cuda_h.py:27] end allocate_experts_cuda_memory_and_restore_model_multi_device_fused cost 7.545 ms
DEBUG 04-24 11:11:30.704461.704461 cuda_h.py:27] end gpu_sexperts cost 0.014 ms
DEBUG 04-24 11:11:30.704200.704200 cuda_h.py:27] end wait_load_qkvogn_s_weight cost 0.035 ms
DEBUG 04-24 11:11:30.708564.708564 mlpmodule.py:3373] [fused_group_bmm][steps] bmm1=4.090 ms split=0.098 ms act_mul=0.410 ms bmm2=2.733 ms
DEBUG 04-24 11:11:30.708631.708631 cuda_h.py:27] end fused_group_bmm cost 7.589 ms
DEBUG 04-24 11:11:30.709785.709785 cuda_h.py:27] end gather_outputs_group_fused_mp cost 0.579 ms
DEBUG 04-24 11:11:30.710858.710858 cuda_h.py:27] end cpu_experts_worker_bmm_or_einsum_2 cost 12.664 ms
DEBUG 04-24 11:11:30.712187.712187 mlpmodule.py:3373] [fused_group_bmm][steps] bmm1=4.435 ms split=0.386 ms act_mul=1.135 ms bmm2=4.904 ms
DEBUG 04-24 11:11:30.713553.713553 cuda_h.py:27] end fused_group_bmm cost 11.139 ms
DEBUG 04-24 11:11:30.713178.713178 cuda_h.py:27] end gather_outputs_group_fused_mp cost 0.603 ms
DEBUG 04-24 11:11:30.714154.714154 cuda_h.py:27] end cpu_experts_worker_bmm_or_einsum_1 cost 18.182 ms
DEBUG 04-24 11:11:30.715382.715382 cuda_h.py:27] end prepare_group_stack cost 16.956 ms
DEBUG 04-24 11:11:30.717491.717491 mlpmodule.py:3373] [fused_group_bmm][steps] bmm1=8.119 ms split=0.128 ms act_mul=0.631 ms bmm2=3.502 ms
DEBUG 04-24 11:11:30.717020.717020 cuda_h.py:27] end fused_group_bmm cost 12.588 ms
DEBUG 04-24 11:11:30.717877.717877 cuda_h.py:27] end gather_outputs_group_fused_mp cost 0.408 ms
DEBUG 04-24 11:11:30.718073.718073 cuda_h.py:27] end cpu_experts_worker_bmm_or_einsum_3 cost 20.847 ms
DEBUG 04-24 11:11:30.719766.719766 cuda_h.py:27] end prepare_per_device_parameters cost 13.970 ms
DEBUG 04-24 11:11:30.743102.743102 cuda_h.py:27] end group stack cost 27.808 ms
DEBUG 04-24 11:11:30.743483.743483 cuda_h.py:27] end move_flatidxs_group_fused_mp cost 45.160 ms
DEBUG 04-24 11:11:30.744149.744149 cuda_h.py:27] end get_fused_experts_names_w cost 0.033 ms
DEBUG 04-24 11:11:30.744307.744307 cuda_h.py:27] end restore_fused_tensors cost 0.470 ms
DEBUG 04-24 11:11:30.744534.744534 cuda_h.py:27] end group_fused_tensors_mp cost 0.675 ms
DEBUG 04-24 11:11:30.856016.856016 mlpmodule.py:3373] [fused_group_bmm][steps] bmm1=27.890 ms split=0.073 ms act_mul=54.736 ms bmm2=28.619 ms
DEBUG 04-24 11:11:30.856365.856365 cuda_h.py:27] end fused_group_bmm cost 111.490 ms
DEBUG 04-24 11:11:30.856576.856576 cuda_h.py:27] end gather_outputs_group_fused_mp cost 0.327 ms
DEBUG 04-24 11:11:30.857618.857618 cuda_h.py:27] end cpu_experts_worker_bmm_or_einsum_0 cost 159.587 ms
DEBUG 04-24 11:11:30.860961.860961 cuda_h.py:27] end cpu_experts_scatter_reduce cost 2.501 ms
DEBUG 04-24 11:11:30.860326.860326 cuda_h.py:27] end cpu_thread_manager_mp_wait_fused cost 141.616 ms
DEBUG 04-24 11:11:30.863912.863912 cuda_h.py:27] end wait_experts_multi_device cost 2.803 ms
DEBUG 04-24 11:11:30.864361.864361 cuda_h.py:27] end *before fused experts* cost 167.034 ms
DEBUG 04-24 11:11:30.873292.873292 cuda_h.py:27] end gpu_experts_multi_device_fused cost 8.912 ms
DEBUG 04-24 11:11:30.873328.873328 cuda_h.py:27] end *gpu experts* cost 176.359 ms
DEBUG 04-24 11:11:30.873922.873922 cuda_h.py:27] end layer_moe_generate_mp_multi_device_fused_l_22 cost 180.539 ms
DEBUG 04-24 11:11:30.874657.874657 cuda_h.py:27] end *mlp cost 181.921 ms
DEBUG 04-24 11:11:30.874489.874489 cuda_h.py:27] end prefill_layer cost 188.346 ms
DEBUG 04-24 11:11:30.875889.875889 lmp.py:341] -------------------------------- end prefill layer 21 --------------------------------
DEBUG 04-24 11:11:30.875564.875564 lmp.py:294] -------------------------------- start prefill layer 22 --------------------------------
DEBUG 04-24 11:11:30.875468.875468 cuda_h.py:27] end start_load_qkvogn_s_weight_l_23 cost 0.061 ms
DEBUG 04-24 11:11:30.876817.876817 cuda_h.py:27] end allocate_cuda_memory cost 0.334 ms
DEBUG 04-24 11:11:30.876017.876017 sllm_store_c.py:27] get device uuid map
DEBUG 04-24 11:11:30.876729.876729 sllm_store_c.py:29] call client load into gpu
DEBUG 04-24 11:11:30.878423.878423 cuda_h.py:27] end load_into_gpu_async cost 2.227 ms
DEBUG 04-24 11:11:30.878913.878913 cuda_h.py:27] end restore_tensors2 cost 0.108 ms
DEBUG 04-24 11:11:30.879607.879607 cuda_h.py:27] end allocate_cuda_memory_and_load_into_gpu cost 3.268 ms
DEBUG 04-24 11:11:30.879189.879189 cuda_h.py:27] end **self_attn cost 2.718 ms
DEBUG 04-24 11:11:30.880471.880471 cuda_h.py:27] end *iln_self_attn_paln cost 4.539 ms
DEBUG 04-24 11:11:30.880125.880125 cuda_h.py:27] end gate cost 0.651 ms
DEBUG 04-24 11:11:30.881272.881272 cuda_h.py:27] end experts_map_get cost 0.329 ms
DEBUG 04-24 11:11:30.881062.881062 cuda_h.py:27] end *before experts start* cost 1.143 ms
DEBUG 04-24 11:11:30.881540.881540 cuda_h.py:27] end cpu_experts_submit_fused_mp cost 0.218 ms
DEBUG 04-24 11:11:30.882158.882158 cuda_h.py:27] end *single cpu experts* cost 1.476 ms
DEBUG 04-24 11:11:30.884835.884835 sllm_store_c.py:27] get device uuid map
DEBUG 04-24 11:11:30.884996.884996 sllm_store_c.py:29] call client load into gpu
DEBUG 04-24 11:11:30.884863.884863 cuda_h.py:27] end prepare_group_stack cost 0.465 ms
DEBUG 04-24 11:11:30.885468.885468 cuda_h.py:27] end prepare_group_stack cost 0.675 ms
DEBUG 04-24 11:11:30.886627.886627 cuda_h.py:27] end group stack cost 0.865 ms
DEBUG 04-24 11:11:30.886730.886730 cuda_h.py:27] end move_flatidxs_group_fused_mp cost 1.865 ms
DEBUG 04-24 11:11:30.886603.886603 cuda_h.py:27] end get_fused_experts_names_w cost 0.024 ms
DEBUG 04-24 11:11:30.886962.886962 cuda_h.py:27] end restore_fused_tensors cost 0.605 ms
DEBUG 04-24 11:11:30.886384.886384 cuda_h.py:27] end prepare_group_stack cost 0.802 ms
DEBUG 04-24 11:11:30.887409.887409 cuda_h.py:27] end group_fused_tensors_mp cost 0.762 ms
DEBUG 04-24 11:11:30.887988.887988 cuda_h.py:27] end group stack cost 1.700 ms
DEBUG 04-24 11:11:30.887964.887964 cuda_h.py:27] end move_flatidxs_group_fused_mp cost 2.863 ms
DEBUG 04-24 11:11:30.888529.888529 cuda_h.py:27] end get_fused_experts_names_w cost 0.034 ms
DEBUG 04-24 11:11:30.888241.888241 cuda_h.py:27] end group stack cost 1.451 ms
DEBUG 04-24 11:11:30.888805.888805 cuda_h.py:27] end move_flatidxs_group_fused_mp cost 2.758 ms
DEBUG 04-24 11:11:30.889903.889903 cuda_h.py:27] end get_fused_experts_names_w cost 0.049 ms
DEBUG 04-24 11:11:30.889472.889472 cuda_h.py:27] end restore_fused_tensors cost 0.919 ms
DEBUG 04-24 11:11:30.889790.889790 cuda_h.py:27] end group_fused_tensors_mp cost 1.321 ms
DEBUG 04-24 11:11:30.890280.890280 cuda_h.py:27] end restore_fused_tensors cost 0.833 ms
DEBUG 04-24 11:11:30.890614.890614 cuda_h.py:27] end group_fused_tensors_mp cost 1.149 ms
DEBUG 04-24 11:11:30.890734.890734 cuda_h.py:27] end restore2model cost 0.853 ms
DEBUG 04-24 11:11:30.890446.890446 cuda_h.py:27] end sllm_worker_task cost 15.092 ms
DEBUG 04-24 11:11:30.891771.891771 cuda_h.py:27] end load_into_gpu_async_fused_experts_dual cost 6.785 ms
DEBUG 04-24 11:11:30.891618.891618 cuda_h.py:27] end restore_tensors2_fused_experts_packed cost 0.217 ms
DEBUG 04-24 11:11:30.892447.892447 cuda_h.py:27] end restore_tensors2_fused_experts_slices cost 0.811 ms
DEBUG 04-24 11:11:30.893774.893774 cuda_h.py:27] end allocate_experts_cuda_memory_and_restore_model_multi_device_fused cost 10.378 ms
DEBUG 04-24 11:11:30.893567.893567 cuda_h.py:27] end gpu_sexperts cost 0.022 ms
DEBUG 04-24 11:11:30.893996.893996 cuda_h.py:27] end wait_load_qkvogn_s_weight cost 0.072 ms
DEBUG 04-24 11:11:30.896897.896897 mlpmodule.py:3373] [fused_group_bmm][steps] bmm1=3.861 ms split=0.108 ms act_mul=0.394 ms bmm2=4.687 ms
DEBUG 04-24 11:11:30.896932.896932 cuda_h.py:27] end fused_group_bmm cost 9.318 ms
DEBUG 04-24 11:11:30.897083.897083 cuda_h.py:27] end gather_outputs_group_fused_mp cost 0.707 ms
DEBUG 04-24 11:11:30.898474.898474 cuda_h.py:27] end cpu_experts_worker_bmm_or_einsum_1 cost 14.541 ms
DEBUG 04-24 11:11:30.898226.898226 mlpmodule.py:3373] [fused_group_bmm][steps] bmm1=4.853 ms split=0.150 ms act_mul=0.481 ms bmm2=2.434 ms
DEBUG 04-24 11:11:30.898764.898764 cuda_h.py:27] end fused_group_bmm cost 8.163 ms
DEBUG 04-24 11:11:30.899402.899402 cuda_h.py:27] end gather_outputs_group_fused_mp cost 0.620 ms
DEBUG 04-24 11:11:30.900201.900201 cuda_h.py:27] end cpu_experts_worker_bmm_or_einsum_2 cost 15.720 ms
DEBUG 04-24 11:11:30.901827.901827 mlpmodule.py:3373] [fused_group_bmm][steps] bmm1=7.407 ms split=0.212 ms act_mul=0.411 ms bmm2=3.442 ms
DEBUG 04-24 11:11:30.901933.901933 cuda_h.py:27] end fused_group_bmm cost 11.685 ms
DEBUG 04-24 11:11:30.901152.901152 cuda_h.py:27] end gather_outputs_group_fused_mp cost 0.424 ms
DEBUG 04-24 11:11:30.902004.902004 cuda_h.py:27] end cpu_experts_worker_bmm_or_einsum_3 cost 18.465 ms
DEBUG 04-24 11:11:30.907114.907114 cuda_h.py:27] end prepare_per_device_parameters cost 13.081 ms
DEBUG 04-24 11:11:30.907417.907417 cuda_h.py:27] end prepare_group_stack cost 23.883 ms
DEBUG 04-24 11:11:30.922594.922594 cuda_h.py:27] end group stack cost 14.657 ms
DEBUG 04-24 11:11:30.922750.922750 cuda_h.py:27] end move_flatidxs_group_fused_mp cost 38.801 ms
DEBUG 04-24 11:11:30.922912.922912 cuda_h.py:27] end get_fused_experts_names_w cost 0.023 ms
DEBUG 04-24 11:11:30.923925.923925 cuda_h.py:27] end restore_fused_tensors cost 0.415 ms
DEBUG 04-24 11:11:30.923099.923099 cuda_h.py:27] end group_fused_tensors_mp cost 0.656 ms
DEBUG 04-24 11:11:31.036924.036924 mlpmodule.py:3373] [fused_group_bmm][steps] bmm1=29.147 ms split=0.064 ms act_mul=54.880 ms bmm2=28.614 ms
DEBUG 04-24 11:11:31.036360.036360 cuda_h.py:27] end fused_group_bmm cost 112.870 ms
DEBUG 04-24 11:11:31.036921.036921 cuda_h.py:27] end gather_outputs_group_fused_mp cost 0.305 ms
DEBUG 04-24 11:11:31.037908.037908 cuda_h.py:27] end cpu_experts_worker_bmm_or_einsum_0 cost 154.625 ms
DEBUG 04-24 11:11:31.040783.040783 cuda_h.py:27] end cpu_experts_scatter_reduce cost 2.523 ms
DEBUG 04-24 11:11:31.040684.040684 cuda_h.py:27] end cpu_thread_manager_mp_wait_fused cost 133.591 ms
DEBUG 04-24 11:11:31.043755.043755 cuda_h.py:27] end wait_experts_multi_device cost 2.246 ms
DEBUG 04-24 11:11:31.043111.043111 cuda_h.py:27] end *before fused experts* cost 160.494 ms
DEBUG 04-24 11:11:31.054774.054774 cuda_h.py:27] end gpu_experts_multi_device_fused cost 10.388 ms
DEBUG 04-24 11:11:31.054857.054857 cuda_h.py:27] end *gpu experts* cost 171.306 ms
DEBUG 04-24 11:11:31.054543.054543 cuda_h.py:27] end layer_moe_generate_mp_multi_device_fused_l_23 cost 174.141 ms
DEBUG 04-24 11:11:31.055953.055953 cuda_h.py:27] end *mlp cost 175.493 ms
DEBUG 04-24 11:11:31.055784.055784 cuda_h.py:27] end prefill_layer cost 180.427 ms
DEBUG 04-24 11:11:31.056603.056603 lmp.py:341] -------------------------------- end prefill layer 22 --------------------------------
DEBUG 04-24 11:11:31.056901.056901 lmp.py:294] -------------------------------- start prefill layer 23 --------------------------------
DEBUG 04-24 11:11:31.056043.056043 cuda_h.py:27] end start_load_qkvogn_s_weight_l_24 cost 0.089 ms
DEBUG 04-24 11:11:31.057922.057922 cuda_h.py:27] end allocate_cuda_memory cost 0.342 ms
DEBUG 04-24 11:11:31.057492.057492 sllm_store_c.py:27] get device uuid map
DEBUG 04-24 11:11:31.057106.057106 sllm_store_c.py:29] call client load into gpu
DEBUG 04-24 11:11:31.059328.059328 cuda_h.py:27] end load_into_gpu_async cost 2.228 ms
DEBUG 04-24 11:11:31.060739.060739 cuda_h.py:27] end restore_tensors2 cost 0.116 ms
DEBUG 04-24 11:11:31.060604.060604 cuda_h.py:27] end allocate_cuda_memory_and_load_into_gpu cost 3.387 ms
DEBUG 04-24 11:11:31.061497.061497 cuda_h.py:27] end **self_attn cost 3.237 ms
DEBUG 04-24 11:11:31.062342.062342 cuda_h.py:27] end *iln_self_attn_paln cost 5.503 ms
DEBUG 04-24 11:11:31.062268.062268 cuda_h.py:27] end gate cost 0.619 ms
DEBUG 04-24 11:11:31.063792.063792 cuda_h.py:27] end experts_map_get cost 0.329 ms
DEBUG 04-24 11:11:31.063820.063820 cuda_h.py:27] end *before experts start* cost 1.109 ms
DEBUG 04-24 11:11:31.063894.063894 cuda_h.py:27] end cpu_experts_submit_fused_mp cost 0.202 ms
DEBUG 04-24 11:11:31.065192.065192 cuda_h.py:27] end *single cpu experts* cost 1.936 ms
DEBUG 04-24 11:11:31.066449.066449 cuda_h.py:27] end prepare_group_stack cost 0.489 ms
DEBUG 04-24 11:11:31.067221.067221 sllm_store_c.py:27] get device uuid map
DEBUG 04-24 11:11:31.067926.067926 sllm_store_c.py:29] call client load into gpu
DEBUG 04-24 11:11:31.067901.067901 cuda_h.py:27] end prepare_group_stack cost 0.560 ms
DEBUG 04-24 11:11:31.067267.067267 cuda_h.py:27] end prepare_group_stack cost 0.563 ms
DEBUG 04-24 11:11:31.068771.068771 cuda_h.py:27] end prepare_group_stack cost 0.672 ms
DEBUG 04-24 11:11:31.068325.068325 cuda_h.py:27] end group stack cost 1.724 ms
DEBUG 04-24 11:11:31.068373.068373 cuda_h.py:27] end group stack cost 0.726 ms
DEBUG 04-24 11:11:31.068819.068819 cuda_h.py:27] end move_flatidxs_group_fused_mp cost 2.473 ms
DEBUG 04-24 11:11:31.068529.068529 cuda_h.py:27] end move_flatidxs_group_fused_mp cost 1.541 ms
DEBUG 04-24 11:11:31.069158.069158 cuda_h.py:27] end get_fused_experts_names_w cost 0.025 ms
DEBUG 04-24 11:11:31.069370.069370 cuda_h.py:27] end get_fused_experts_names_w cost 0.027 ms
DEBUG 04-24 11:11:31.069825.069825 cuda_h.py:27] end group stack cost 0.959 ms
DEBUG 04-24 11:11:31.069054.069054 cuda_h.py:27] end restore2model cost 0.888 ms
DEBUG 04-24 11:11:31.069223.069223 cuda_h.py:27] end move_flatidxs_group_fused_mp cost 2.043 ms
DEBUG 04-24 11:11:31.069190.069190 cuda_h.py:27] end sllm_worker_task cost 12.600 ms
DEBUG 04-24 11:11:31.069553.069553 cuda_h.py:27] end get_fused_experts_names_w cost 0.020 ms
DEBUG 04-24 11:11:31.069631.069631 cuda_h.py:27] end restore_fused_tensors cost 0.710 ms
DEBUG 04-24 11:11:31.069659.069659 cuda_h.py:27] end restore_fused_tensors cost 0.759 ms
DEBUG 04-24 11:11:31.069813.069813 cuda_h.py:27] end group_fused_tensors_mp cost 1.005 ms
DEBUG 04-24 11:11:31.070251.070251 cuda_h.py:27] end group_fused_tensors_mp cost 1.032 ms
DEBUG 04-24 11:11:31.070706.070706 cuda_h.py:27] end load_into_gpu_async_fused_experts_dual cost 2.807 ms
DEBUG 04-24 11:11:31.070493.070493 cuda_h.py:27] end restore_fused_tensors cost 0.471 ms
DEBUG 04-24 11:11:31.070359.070359 cuda_h.py:27] end group_fused_tensors_mp cost 0.756 ms
DEBUG 04-24 11:11:31.070708.070708 cuda_h.py:27] end group stack cost 1.753 ms
DEBUG 04-24 11:11:31.070978.070978 cuda_h.py:27] end restore_tensors2_fused_experts_packed cost 0.076 ms
DEBUG 04-24 11:11:31.070565.070565 cuda_h.py:27] end move_flatidxs_group_fused_mp cost 3.078 ms
DEBUG 04-24 11:11:31.070857.070857 cuda_h.py:27] end get_fused_experts_names_w cost 0.066 ms
DEBUG 04-24 11:11:31.070641.070641 cuda_h.py:27] end restore_tensors2_fused_experts_slices cost 0.502 ms
DEBUG 04-24 11:11:31.071315.071315 cuda_h.py:27] end allocate_experts_cuda_memory_and_restore_model_multi_device_fused cost 5.858 ms
DEBUG 04-24 11:11:31.071637.071637 cuda_h.py:27] end gpu_sexperts cost 0.007 ms
DEBUG 04-24 11:11:31.072378.072378 cuda_h.py:27] end wait_load_qkvogn_s_weight cost 0.072 ms
DEBUG 04-24 11:11:31.072531.072531 cuda_h.py:27] end restore_fused_tensors cost 1.137 ms
DEBUG 04-24 11:11:31.072703.072703 cuda_h.py:27] end group_fused_tensors_mp cost 1.783 ms
DEBUG 04-24 11:11:31.084754.084754 mlpmodule.py:3373] [fused_group_bmm][steps] bmm1=8.263 ms split=0.114 ms act_mul=0.439 ms bmm2=4.674 ms
DEBUG 04-24 11:11:31.084228.084228 mlpmodule.py:3373] [fused_group_bmm][steps] bmm1=8.465 ms split=0.092 ms act_mul=0.556 ms bmm2=4.650 ms
DEBUG 04-24 11:11:31.084824.084824 cuda_h.py:27] end fused_group_bmm cost 13.843 ms
DEBUG 04-24 11:11:31.084619.084619 cuda_h.py:27] end fused_group_bmm cost 14.016 ms
DEBUG 04-24 11:11:31.084350.084350 mlpmodule.py:3373] [fused_group_bmm][steps] bmm1=7.882 ms split=0.141 ms act_mul=0.698 ms bmm2=5.327 ms
DEBUG 04-24 11:11:31.084510.084510 cuda_h.py:27] end fused_group_bmm cost 14.715 ms
DEBUG 04-24 11:11:31.084902.084902 cuda_h.py:27] end gather_outputs_group_fused_mp cost 0.471 ms
DEBUG 04-24 11:11:31.085807.085807 cuda_h.py:27] end gather_outputs_group_fused_mp cost 0.625 ms
DEBUG 04-24 11:11:31.085356.085356 cuda_h.py:27] end cpu_experts_worker_bmm_or_einsum_0 cost 19.094 ms
DEBUG 04-24 11:11:31.085334.085334 mlpmodule.py:3373] [fused_group_bmm][steps] bmm1=6.592 ms split=0.224 ms act_mul=1.239 ms bmm2=4.340 ms
DEBUG 04-24 11:11:31.085831.085831 cuda_h.py:27] end fused_group_bmm cost 12.618 ms
DEBUG 04-24 11:11:31.085896.085896 cuda_h.py:27] end gather_outputs_group_fused_mp cost 0.553 ms
DEBUG 04-24 11:11:31.085413.085413 cuda_h.py:27] end cpu_experts_worker_bmm_or_einsum_2 cost 19.355 ms
DEBUG 04-24 11:11:31.086388.086388 cuda_h.py:27] end gather_outputs_group_fused_mp cost 0.449 ms
DEBUG 04-24 11:11:31.086950.086950 cuda_h.py:27] end cpu_experts_worker_bmm_or_einsum_1 cost 21.102 ms
DEBUG 04-24 11:11:31.086272.086272 cuda_h.py:27] end cpu_experts_worker_bmm_or_einsum_3 cost 20.233 ms
DEBUG 04-24 11:11:31.089728.089728 cuda_h.py:27] end prepare_per_device_parameters cost 16.994 ms
DEBUG 04-24 11:11:31.092717.092717 cuda_h.py:27] end cpu_experts_scatter_reduce cost 0.875 ms
DEBUG 04-24 11:11:31.092057.092057 cuda_h.py:27] end cpu_thread_manager_mp_wait_fused cost 2.577 ms
DEBUG 04-24 11:11:31.093696.093696 cuda_h.py:27] end wait_experts_multi_device cost 1.626 ms
DEBUG 04-24 11:11:31.093393.093393 cuda_h.py:27] end *before fused experts* cost 28.370 ms
DEBUG 04-24 11:11:31.099947.099947 cuda_h.py:27] end gpu_experts_multi_device_fused cost 5.630 ms
DEBUG 04-24 11:11:31.099917.099917 cuda_h.py:27] end *gpu experts* cost 34.128 ms
DEBUG 04-24 11:11:31.099543.099543 cuda_h.py:27] end layer_moe_generate_mp_multi_device_fused_l_24 cost 37.524 ms
DEBUG 04-24 11:11:31.100241.100241 cuda_h.py:27] end *mlp cost 38.776 ms
DEBUG 04-24 11:11:31.101509.101509 cuda_h.py:27] end prefill_layer cost 44.661 ms
DEBUG 04-24 11:11:31.101788.101788 lmp.py:341] -------------------------------- end prefill layer 23 --------------------------------
DEBUG 04-24 11:11:31.101775.101775 lmp.py:294] -------------------------------- start prefill layer 24 --------------------------------
DEBUG 04-24 11:11:31.101434.101434 cuda_h.py:27] end start_load_qkvogn_s_weight_l_25 cost 0.051 ms
DEBUG 04-24 11:11:31.101178.101178 cuda_h.py:27] end allocate_cuda_memory cost 0.407 ms
DEBUG 04-24 11:11:31.102877.102877 sllm_store_c.py:27] get device uuid map
DEBUG 04-24 11:11:31.102637.102637 sllm_store_c.py:29] call client load into gpu
DEBUG 04-24 11:11:31.103049.103049 cuda_h.py:27] end load_into_gpu_async cost 1.772 ms
DEBUG 04-24 11:11:31.104024.104024 cuda_h.py:27] end restore_tensors2 cost 0.134 ms
DEBUG 04-24 11:11:31.104067.104067 cuda_h.py:27] end allocate_cuda_memory_and_load_into_gpu cost 3.134 ms
DEBUG 04-24 11:11:31.105890.105890 cuda_h.py:27] end **self_attn cost 2.877 ms
DEBUG 04-24 11:11:31.106421.106421 cuda_h.py:27] end *iln_self_attn_paln cost 5.005 ms
DEBUG 04-24 11:11:31.107665.107665 cuda_h.py:27] end gate cost 0.845 ms
DEBUG 04-24 11:11:31.107161.107161 cuda_h.py:27] end experts_map_get cost 0.449 ms
DEBUG 04-24 11:11:31.107647.107647 cuda_h.py:27] end *before experts start* cost 1.514 ms
DEBUG 04-24 11:11:31.108367.108367 cuda_h.py:27] end cpu_experts_submit_fused_mp cost 0.311 ms
DEBUG 04-24 11:11:31.109626.109626 cuda_h.py:27] end *single cpu experts* cost 1.895 ms
DEBUG 04-24 11:11:31.110618.110618 cuda_h.py:27] end prepare_group_stack cost 0.468 ms
DEBUG 04-24 11:11:31.111647.111647 cuda_h.py:27] end prepare_group_stack cost 0.440 ms
DEBUG 04-24 11:11:31.111260.111260 cuda_h.py:27] end prepare_group_stack cost 0.471 ms
DEBUG 04-24 11:11:31.111681.111681 cuda_h.py:27] end group stack cost 0.790 ms
DEBUG 04-24 11:11:31.111390.111390 sllm_store_c.py:27] get device uuid map
DEBUG 04-24 11:11:31.111824.111824 cuda_h.py:27] end move_flatidxs_group_fused_mp cost 1.486 ms
DEBUG 04-24 11:11:31.111514.111514 sllm_store_c.py:29] call client load into gpu
DEBUG 04-24 11:11:31.112420.112420 cuda_h.py:27] end get_fused_experts_names_w cost 0.025 ms
DEBUG 04-24 11:11:31.112186.112186 cuda_h.py:27] end group stack cost 0.878 ms
DEBUG 04-24 11:11:31.112320.112320 cuda_h.py:27] end move_flatidxs_group_fused_mp cost 1.755 ms
DEBUG 04-24 11:11:31.112717.112717 cuda_h.py:27] end get_fused_experts_names_w cost 0.024 ms
DEBUG 04-24 11:11:31.112926.112926 cuda_h.py:27] end restore_fused_tensors cost 0.541 ms
DEBUG 04-24 11:11:31.112013.112013 cuda_h.py:27] end group stack cost 1.218 ms
DEBUG 04-24 11:11:31.112730.112730 cuda_h.py:27] end group_fused_tensors_mp cost 0.785 ms
DEBUG 04-24 11:11:31.112909.112909 cuda_h.py:27] end move_flatidxs_group_fused_mp cost 2.057 ms
DEBUG 04-24 11:11:31.113852.113852 cuda_h.py:27] end prepare_group_stack cost 2.164 ms
DEBUG 04-24 11:11:31.113584.113584 cuda_h.py:27] end get_fused_experts_names_w cost 0.024 ms
DEBUG 04-24 11:11:31.113643.113643 cuda_h.py:27] end restore_fused_tensors cost 0.582 ms
DEBUG 04-24 11:11:31.113302.113302 cuda_h.py:27] end restore2model cost 1.426 ms
DEBUG 04-24 11:11:31.113113.113113 cuda_h.py:27] end group_fused_tensors_mp cost 0.988 ms
DEBUG 04-24 11:11:31.113803.113803 cuda_h.py:27] end sllm_worker_task cost 12.262 ms
DEBUG 04-24 11:11:31.113086.113086 cuda_h.py:27] end restore_fused_tensors cost 0.557 ms
DEBUG 04-24 11:11:31.114923.114923 cuda_h.py:27] end group_fused_tensors_mp cost 0.876 ms
DEBUG 04-24 11:11:31.114407.114407 cuda_h.py:27] end group stack cost 1.228 ms
DEBUG 04-24 11:11:31.114163.114163 cuda_h.py:27] end load_into_gpu_async_fused_experts_dual cost 2.708 ms
DEBUG 04-24 11:11:31.114106.114106 cuda_h.py:27] end move_flatidxs_group_fused_mp cost 3.638 ms
DEBUG 04-24 11:11:31.114765.114765 cuda_h.py:27] end get_fused_experts_names_w cost 0.034 ms
DEBUG 04-24 11:11:31.114185.114185 cuda_h.py:27] end restore_tensors2_fused_experts_packed cost 0.134 ms
DEBUG 04-24 11:11:31.115603.115603 cuda_h.py:27] end restore_tensors2_fused_experts_slices cost 0.551 ms
DEBUG 04-24 11:11:31.115649.115649 cuda_h.py:27] end restore_fused_tensors cost 0.734 ms
DEBUG 04-24 11:11:31.115007.115007 cuda_h.py:27] end allocate_experts_cuda_memory_and_restore_model_multi_device_fused cost 5.926 ms
DEBUG 04-24 11:11:31.115665.115665 cuda_h.py:27] end group_fused_tensors_mp cost 1.192 ms
DEBUG 04-24 11:11:31.115778.115778 cuda_h.py:27] end gpu_sexperts cost 0.014 ms
DEBUG 04-24 11:11:31.116990.116990 cuda_h.py:27] end wait_load_qkvogn_s_weight cost 0.040 ms
DEBUG 04-24 11:11:31.123447.123447 mlpmodule.py:3373] [fused_group_bmm][steps] bmm1=5.972 ms split=0.208 ms act_mul=0.583 ms bmm2=3.751 ms
DEBUG 04-24 11:11:31.124069.124069 cuda_h.py:27] end fused_group_bmm cost 11.038 ms
DEBUG 04-24 11:11:31.124586.124586 cuda_h.py:27] end gather_outputs_group_fused_mp cost 0.736 ms
DEBUG 04-24 11:11:31.125405.125405 cuda_h.py:27] end cpu_experts_worker_bmm_or_einsum_0 cost 16.108 ms
DEBUG 04-24 11:11:31.125764.125764 mlpmodule.py:3373] [fused_group_bmm][steps] bmm1=5.870 ms split=0.191 ms act_mul=0.587 ms bmm2=2.696 ms
DEBUG 04-24 11:11:31.126590.126590 cuda_h.py:27] end fused_group_bmm cost 9.742 ms
DEBUG 04-24 11:11:31.126516.126516 cuda_h.py:27] end gather_outputs_group_fused_mp cost 0.581 ms
DEBUG 04-24 11:11:31.127259.127259 cuda_h.py:27] end cpu_experts_worker_bmm_or_einsum_2 cost 16.955 ms
DEBUG 04-24 11:11:31.128007.128007 mlpmodule.py:3373] [fused_group_bmm][steps] bmm1=10.376 ms split=0.188 ms act_mul=0.367 ms bmm2=3.402 ms
DEBUG 04-24 11:11:31.128170.128170 cuda_h.py:27] end fused_group_bmm cost 14.738 ms
DEBUG 04-24 11:11:31.129601.129601 cuda_h.py:27] end gather_outputs_group_fused_mp cost 0.547 ms
DEBUG 04-24 11:11:31.129651.129651 mlpmodule.py:3373] [fused_group_bmm][steps] bmm1=11.059 ms split=0.197 ms act_mul=0.387 ms bmm2=4.247 ms
DEBUG 04-24 11:11:31.129661.129661 cuda_h.py:27] end fused_group_bmm cost 16.215 ms
DEBUG 04-24 11:11:31.129193.129193 cuda_h.py:27] end cpu_experts_worker_bmm_or_einsum_3 cost 19.624 ms
DEBUG 04-24 11:11:31.130664.130664 cuda_h.py:27] end gather_outputs_group_fused_mp cost 0.433 ms
DEBUG 04-24 11:11:31.131828.131828 cuda_h.py:27] end cpu_experts_worker_bmm_or_einsum_1 cost 20.809 ms
DEBUG 04-24 11:11:31.132321.132321 cuda_h.py:27] end prepare_per_device_parameters cost 16.318 ms
DEBUG 04-24 11:11:31.135448.135448 cuda_h.py:27] end cpu_experts_scatter_reduce cost 0.863 ms
DEBUG 04-24 11:11:31.135881.135881 cuda_h.py:27] end cpu_thread_manager_mp_wait_fused cost 2.574 ms
DEBUG 04-24 11:11:31.136032.136032 cuda_h.py:27] end wait_experts_multi_device cost 1.301 ms
DEBUG 04-24 11:11:31.136444.136444 cuda_h.py:27] end *before fused experts* cost 26.907 ms
DEBUG 04-24 11:11:31.142175.142175 cuda_h.py:27] end gpu_experts_multi_device_fused cost 5.555 ms
DEBUG 04-24 11:11:31.142323.142323 cuda_h.py:27] end *gpu experts* cost 32.577 ms
DEBUG 04-24 11:11:31.142378.142378 cuda_h.py:27] end layer_moe_generate_mp_multi_device_fused_l_25 cost 36.220 ms
DEBUG 04-24 11:11:31.143830.143830 cuda_h.py:27] end *mlp cost 37.640 ms
DEBUG 04-24 11:11:31.143151.143151 cuda_h.py:27] end prefill_layer cost 42.867 ms
DEBUG 04-24 11:11:31.143000.143000 lmp.py:341] -------------------------------- end prefill layer 24 --------------------------------
DEBUG 04-24 11:11:31.144795.144795 lmp.py:294] -------------------------------- start prefill layer 25 --------------------------------
DEBUG 04-24 11:11:31.144580.144580 cuda_h.py:27] end start_load_qkvogn_s_weight_l_26 cost 0.050 ms
DEBUG 04-24 11:11:31.144835.144835 cuda_h.py:27] end allocate_cuda_memory cost 0.483 ms
DEBUG 04-24 11:11:31.145879.145879 sllm_store_c.py:27] get device uuid map
DEBUG 04-24 11:11:31.145738.145738 sllm_store_c.py:29] call client load into gpu
DEBUG 04-24 11:11:31.147166.147166 cuda_h.py:27] end load_into_gpu_async cost 2.024 ms
DEBUG 04-24 11:11:31.147913.147913 cuda_h.py:27] end restore_tensors2 cost 0.207 ms
DEBUG 04-24 11:11:31.147377.147377 cuda_h.py:27] end allocate_cuda_memory_and_load_into_gpu cost 3.547 ms
DEBUG 04-24 11:11:31.148916.148916 cuda_h.py:27] end **self_attn cost 2.767 ms
DEBUG 04-24 11:11:31.148184.148184 cuda_h.py:27] end *iln_self_attn_paln cost 4.858 ms
DEBUG 04-24 11:11:31.149870.149870 cuda_h.py:27] end gate cost 0.614 ms
DEBUG 04-24 11:11:31.150732.150732 cuda_h.py:27] end experts_map_get cost 0.334 ms
DEBUG 04-24 11:11:31.150615.150615 cuda_h.py:27] end *before experts start* cost 1.104 ms
DEBUG 04-24 11:11:31.150305.150305 cuda_h.py:27] end cpu_experts_submit_fused_mp cost 0.200 ms
DEBUG 04-24 11:11:31.151340.151340 cuda_h.py:27] end *single cpu experts* cost 1.657 ms
DEBUG 04-24 11:11:31.153412.153412 cuda_h.py:27] end prepare_group_stack cost 0.467 ms
DEBUG 04-24 11:11:31.153231.153231 sllm_store_c.py:27] get device uuid map
DEBUG 04-24 11:11:31.153175.153175 sllm_store_c.py:29] call client load into gpu
DEBUG 04-24 11:11:31.153389.153389 cuda_h.py:27] end group stack cost 0.607 ms
DEBUG 04-24 11:11:31.154099.154099 cuda_h.py:27] end move_flatidxs_group_fused_mp cost 1.412 ms
DEBUG 04-24 11:11:31.154023.154023 cuda_h.py:27] end prepare_group_stack cost 0.496 ms
DEBUG 04-24 11:11:31.154105.154105 cuda_h.py:27] end get_fused_experts_names_w cost 0.037 ms
DEBUG 04-24 11:11:31.154229.154229 cuda_h.py:27] end prepare_group_stack cost 0.539 ms
DEBUG 04-24 11:11:31.154983.154983 cuda_h.py:27] end prepare_group_stack cost 0.576 ms
DEBUG 04-24 11:11:31.154383.154383 cuda_h.py:27] end restore_fused_tensors cost 0.440 ms
DEBUG 04-24 11:11:31.154419.154419 cuda_h.py:27] end group_fused_tensors_mp cost 0.732 ms
DEBUG 04-24 11:11:31.155532.155532 cuda_h.py:27] end group stack cost 0.936 ms
DEBUG 04-24 11:11:31.155913.155913 cuda_h.py:27] end move_flatidxs_group_fused_mp cost 1.776 ms
DEBUG 04-24 11:11:31.155677.155677 cuda_h.py:27] end get_fused_experts_names_w cost 0.020 ms
DEBUG 04-24 11:11:31.155511.155511 cuda_h.py:27] end group stack cost 1.049 ms
DEBUG 04-24 11:11:31.155560.155560 cuda_h.py:27] end move_flatidxs_group_fused_mp cost 2.136 ms
DEBUG 04-24 11:11:31.155267.155267 cuda_h.py:27] end load_into_gpu_async_fused_experts_dual cost 2.239 ms
DEBUG 04-24 11:11:31.155494.155494 cuda_h.py:27] end get_fused_experts_names_w cost 0.035 ms
DEBUG 04-24 11:11:31.156694.156694 cuda_h.py:27] end restore_fused_tensors cost 0.523 ms
DEBUG 04-24 11:11:31.156668.156668 cuda_h.py:27] end restore_tensors2_fused_experts_packed cost 0.082 ms
DEBUG 04-24 11:11:31.156620.156620 cuda_h.py:27] end group_fused_tensors_mp cost 0.891 ms
DEBUG 04-24 11:11:31.156069.156069 cuda_h.py:27] end group stack cost 2.038 ms
DEBUG 04-24 11:11:31.156135.156135 cuda_h.py:27] end restore2model cost 1.669 ms
DEBUG 04-24 11:11:31.156142.156142 cuda_h.py:27] end move_flatidxs_group_fused_mp cost 3.178 ms
DEBUG 04-24 11:11:31.157833.157833 cuda_h.py:27] end restore_fused_tensors cost 1.052 ms
DEBUG 04-24 11:11:31.157525.157525 cuda_h.py:27] end get_fused_experts_names_w cost 0.038 ms
DEBUG 04-24 11:11:31.156365.156365 cuda_h.py:27] end restore_tensors2_fused_experts_slices cost 0.421 ms
DEBUG 04-24 11:11:31.157968.157968 cuda_h.py:27] end group_fused_tensors_mp cost 1.548 ms
DEBUG 04-24 11:11:31.157450.157450 cuda_h.py:27] end sllm_worker_task cost 13.044 ms
DEBUG 04-24 11:11:31.157009.157009 cuda_h.py:27] end allocate_experts_cuda_memory_and_restore_model_multi_device_fused cost 5.761 ms
DEBUG 04-24 11:11:31.158120.158120 cuda_h.py:27] end gpu_sexperts cost 0.014 ms
DEBUG 04-24 11:11:31.158195.158195 cuda_h.py:27] end restore_fused_tensors cost 1.012 ms
DEBUG 04-24 11:11:31.158650.158650 cuda_h.py:27] end group_fused_tensors_mp cost 1.400 ms
DEBUG 04-24 11:11:31.158623.158623 cuda_h.py:27] end wait_load_qkvogn_s_weight cost 0.066 ms
DEBUG 04-24 11:11:31.167740.167740 mlpmodule.py:3373] [fused_group_bmm][steps] bmm1=3.665 ms split=0.122 ms act_mul=0.377 ms bmm2=8.569 ms
DEBUG 04-24 11:11:31.168456.168456 cuda_h.py:27] end fused_group_bmm cost 13.255 ms
DEBUG 04-24 11:11:31.169563.169563 cuda_h.py:27] end gather_outputs_group_fused_mp cost 0.772 ms
DEBUG 04-24 11:11:31.169519.169519 mlpmodule.py:3373] [fused_group_bmm][steps] bmm1=7.093 ms split=0.112 ms act_mul=0.333 ms bmm2=3.899 ms
DEBUG 04-24 11:11:31.169135.169135 cuda_h.py:27] end fused_group_bmm cost 11.688 ms
DEBUG 04-24 11:11:31.169384.169384 mlpmodule.py:3373] [fused_group_bmm][steps] bmm1=8.054 ms split=0.134 ms act_mul=0.337 ms bmm2=4.606 ms
DEBUG 04-24 11:11:31.169237.169237 cuda_h.py:27] end cpu_experts_worker_bmm_or_einsum_1 cost 18.331 ms
DEBUG 04-24 11:11:31.169174.169174 cuda_h.py:27] end fused_group_bmm cost 13.433 ms
DEBUG 04-24 11:11:31.170111.170111 cuda_h.py:27] end gather_outputs_group_fused_mp cost 0.426 ms
DEBUG 04-24 11:11:31.170236.170236 cuda_h.py:27] end cpu_experts_worker_bmm_or_einsum_0 cost 17.978 ms
DEBUG 04-24 11:11:31.170570.170570 cuda_h.py:27] end gather_outputs_group_fused_mp cost 0.600 ms
DEBUG 04-24 11:11:31.171307.171307 cuda_h.py:27] end cpu_experts_worker_bmm_or_einsum_2 cost 18.898 ms
DEBUG 04-24 11:11:31.172596.172596 mlpmodule.py:3373] [fused_group_bmm][steps] bmm1=10.181 ms split=0.121 ms act_mul=0.354 ms bmm2=2.631 ms
DEBUG 04-24 11:11:31.172463.172463 cuda_h.py:27] end fused_group_bmm cost 13.502 ms
DEBUG 04-24 11:11:31.173285.173285 cuda_h.py:27] end gather_outputs_group_fused_mp cost 0.364 ms
DEBUG 04-24 11:11:31.173850.173850 cuda_h.py:27] end cpu_experts_worker_bmm_or_einsum_3 cost 20.987 ms
DEBUG 04-24 11:11:31.175941.175941 cuda_h.py:27] end prepare_per_device_parameters cost 16.784 ms
DEBUG 04-24 11:11:31.178482.178482 cuda_h.py:27] end cpu_experts_scatter_reduce cost 0.841 ms
DEBUG 04-24 11:11:31.178299.178299 cuda_h.py:27] end cpu_thread_manager_mp_wait_fused cost 2.467 ms
DEBUG 04-24 11:11:31.179270.179270 cuda_h.py:27] end wait_experts_multi_device cost 1.450 ms
DEBUG 04-24 11:11:31.179152.179152 cuda_h.py:27] end *before fused experts* cost 28.118 ms
DEBUG 04-24 11:11:31.185067.185067 cuda_h.py:27] end gpu_experts_multi_device_fused cost 5.517 ms
DEBUG 04-24 11:11:31.185930.185930 cuda_h.py:27] end *gpu experts* cost 33.748 ms
DEBUG 04-24 11:11:31.185416.185416 cuda_h.py:27] end layer_moe_generate_mp_multi_device_fused_l_26 cost 36.701 ms
DEBUG 04-24 11:11:31.187845.187845 cuda_h.py:27] end *mlp cost 38.034 ms
DEBUG 04-24 11:11:31.187729.187729 cuda_h.py:27] end prefill_layer cost 43.103 ms
DEBUG 04-24 11:11:31.187624.187624 lmp.py:341] -------------------------------- end prefill layer 25 --------------------------------
DEBUG 04-24 11:11:31.187942.187942 lmp.py:294] -------------------------------- start prefill layer 26 --------------------------------
DEBUG 04-24 11:11:31.187535.187535 cuda_h.py:27] end start_load_qkvogn_s_weight_l_27 cost 0.049 ms
DEBUG 04-24 11:11:31.188599.188599 cuda_h.py:27] end allocate_cuda_memory cost 0.506 ms
DEBUG 04-24 11:11:31.188548.188548 sllm_store_c.py:27] get device uuid map
DEBUG 04-24 11:11:31.188049.188049 sllm_store_c.py:29] call client load into gpu
DEBUG 04-24 11:11:31.190587.190587 cuda_h.py:27] end load_into_gpu_async cost 1.956 ms
DEBUG 04-24 11:11:31.190084.190084 cuda_h.py:27] end restore_tensors2 cost 0.111 ms
DEBUG 04-24 11:11:31.190505.190505 cuda_h.py:27] end allocate_cuda_memory_and_load_into_gpu cost 3.153 ms
DEBUG 04-24 11:11:31.190833.190833 cuda_h.py:27] end **self_attn cost 2.141 ms
DEBUG 04-24 11:11:31.191536.191536 cuda_h.py:27] end *iln_self_attn_paln cost 3.848 ms
DEBUG 04-24 11:11:31.191368.191368 cuda_h.py:27] end gate cost 0.641 ms
DEBUG 04-24 11:11:31.192839.192839 cuda_h.py:27] end experts_map_get cost 0.323 ms
DEBUG 04-24 11:11:31.192675.192675 cuda_h.py:27] end *before experts start* cost 1.125 ms
DEBUG 04-24 11:11:31.192279.192279 cuda_h.py:27] end cpu_experts_submit_fused_mp cost 0.206 ms
DEBUG 04-24 11:11:31.193847.193847 cuda_h.py:27] end *single cpu experts* cost 1.520 ms
DEBUG 04-24 11:11:31.195576.195576 cuda_h.py:27] end prepare_group_stack cost 0.465 ms
DEBUG 04-24 11:11:31.195853.195853 cuda_h.py:27] end prepare_group_stack cost 0.544 ms
DEBUG 04-24 11:11:31.195140.195140 cuda_h.py:27] end prepare_group_stack cost 0.569 ms
DEBUG 04-24 11:11:31.196429.196429 cuda_h.py:27] end group stack cost 0.666 ms
DEBUG 04-24 11:11:31.196505.196505 cuda_h.py:27] end move_flatidxs_group_fused_mp cost 1.366 ms
DEBUG 04-24 11:11:31.196097.196097 cuda_h.py:27] end get_fused_experts_names_w cost 0.022 ms
DEBUG 04-24 11:11:31.196944.196944 cuda_h.py:27] end prepare_group_stack cost 0.563 ms
DEBUG 04-24 11:11:31.196887.196887 sllm_store_c.py:27] get device uuid map
DEBUG 04-24 11:11:31.197470.197470 sllm_store_c.py:29] call client load into gpu
DEBUG 04-24 11:11:31.197490.197490 cuda_h.py:27] end restore_fused_tensors cost 0.428 ms
DEBUG 04-24 11:11:31.197234.197234 cuda_h.py:27] end group_fused_tensors_mp cost 0.548 ms
DEBUG 04-24 11:11:31.197434.197434 cuda_h.py:27] end group stack cost 1.114 ms
DEBUG 04-24 11:11:31.197201.197201 cuda_h.py:27] end move_flatidxs_group_fused_mp cost 2.225 ms
DEBUG 04-24 11:11:31.197180.197180 cuda_h.py:27] end get_fused_experts_names_w cost 0.035 ms
DEBUG 04-24 11:11:31.197412.197412 cuda_h.py:27] end group stack cost 1.481 ms
DEBUG 04-24 11:11:31.197847.197847 cuda_h.py:27] end move_flatidxs_group_fused_mp cost 2.567 ms
DEBUG 04-24 11:11:31.197746.197746 cuda_h.py:27] end get_fused_experts_names_w cost 0.026 ms
DEBUG 04-24 11:11:31.198720.198720 cuda_h.py:27] end restore_fused_tensors cost 0.671 ms
DEBUG 04-24 11:11:31.198776.198776 cuda_h.py:27] end group_fused_tensors_mp cost 0.930 ms
DEBUG 04-24 11:11:31.198199.198199 cuda_h.py:27] end restore2model cost 0.912 ms
DEBUG 04-24 11:11:31.198797.198797 cuda_h.py:27] end restore_fused_tensors cost 1.137 ms
DEBUG 04-24 11:11:31.199385.199385 cuda_h.py:27] end sllm_worker_task cost 11.639 ms
DEBUG 04-24 11:11:31.199572.199572 cuda_h.py:27] end group_fused_tensors_mp cost 1.453 ms
DEBUG 04-24 11:11:31.199901.199901 cuda_h.py:27] end group stack cost 2.216 ms
DEBUG 04-24 11:11:31.199300.199300 cuda_h.py:27] end move_flatidxs_group_fused_mp cost 3.317 ms
DEBUG 04-24 11:11:31.199493.199493 cuda_h.py:27] end get_fused_experts_names_w cost 0.066 ms
DEBUG 04-24 11:11:31.200903.200903 cuda_h.py:27] end load_into_gpu_async_fused_experts_dual cost 3.234 ms
DEBUG 04-24 11:11:31.200348.200348 cuda_h.py:27] end restore_tensors2_fused_experts_packed cost 0.226 ms
DEBUG 04-24 11:11:31.200282.200282 cuda_h.py:27] end restore_fused_tensors cost 1.008 ms
DEBUG 04-24 11:11:31.200544.200544 cuda_h.py:27] end group_fused_tensors_mp cost 1.413 ms
DEBUG 04-24 11:11:31.201577.201577 cuda_h.py:27] end restore_tensors2_fused_experts_slices cost 0.748 ms
DEBUG 04-24 11:11:31.202661.202661 cuda_h.py:27] end allocate_experts_cuda_memory_and_restore_model_multi_device_fused cost 8.339 ms
DEBUG 04-24 11:11:31.202430.202430 cuda_h.py:27] end gpu_sexperts cost 0.052 ms
DEBUG 04-24 11:11:31.203261.203261 cuda_h.py:27] end wait_load_qkvogn_s_weight cost 0.152 ms
DEBUG 04-24 11:11:31.207822.207822 mlpmodule.py:3373] [fused_group_bmm][steps] bmm1=3.711 ms split=0.099 ms act_mul=0.800 ms bmm2=5.485 ms
DEBUG 04-24 11:11:31.207761.207761 cuda_h.py:27] end fused_group_bmm cost 10.489 ms
DEBUG 04-24 11:11:31.208793.208793 cuda_h.py:27] end gather_outputs_group_fused_mp cost 0.498 ms
DEBUG 04-24 11:11:31.210568.210568 cuda_h.py:27] end cpu_experts_worker_bmm_or_einsum_1 cost 15.989 ms
DEBUG 04-24 11:11:31.212317.212317 mlpmodule.py:3373] [fused_group_bmm][steps] bmm1=7.760 ms split=0.127 ms act_mul=0.308 ms bmm2=4.641 ms
DEBUG 04-24 11:11:31.212576.212576 cuda_h.py:27] end fused_group_bmm cost 13.097 ms
DEBUG 04-24 11:11:31.212479.212479 mlpmodule.py:3373] [fused_group_bmm][steps] bmm1=7.957 ms split=0.118 ms act_mul=0.346 ms bmm2=4.871 ms
DEBUG 04-24 11:11:31.212197.212197 cuda_h.py:27] end fused_group_bmm cost 13.825 ms
DEBUG 04-24 11:11:31.213939.213939 cuda_h.py:27] end gather_outputs_group_fused_mp cost 0.456 ms
DEBUG 04-24 11:11:31.213055.213055 cuda_h.py:27] end gather_outputs_group_fused_mp cost 0.561 ms
DEBUG 04-24 11:11:31.213937.213937 cuda_h.py:27] end cpu_experts_worker_bmm_or_einsum_0 cost 19.667 ms
DEBUG 04-24 11:11:31.213233.213233 mlpmodule.py:3373] [fused_group_bmm][steps] bmm1=7.701 ms split=0.335 ms act_mul=0.616 ms bmm2=4.022 ms
DEBUG 04-24 11:11:31.214380.214380 cuda_h.py:27] end cpu_experts_worker_bmm_or_einsum_2 cost 20.006 ms
DEBUG 04-24 11:11:31.214626.214626 cuda_h.py:27] end fused_group_bmm cost 12.954 ms
DEBUG 04-24 11:11:31.214445.214445 cuda_h.py:27] end gather_outputs_group_fused_mp cost 0.370 ms
DEBUG 04-24 11:11:31.215420.215420 cuda_h.py:27] end cpu_experts_worker_bmm_or_einsum_3 cost 20.050 ms
DEBUG 04-24 11:11:31.219498.219498 cuda_h.py:27] end prepare_per_device_parameters cost 15.811 ms
DEBUG 04-24 11:11:31.221167.221167 cuda_h.py:27] end cpu_experts_scatter_reduce cost 0.860 ms
DEBUG 04-24 11:11:31.222130.222130 cuda_h.py:27] end cpu_thread_manager_mp_wait_fused cost 2.526 ms
DEBUG 04-24 11:11:31.223025.223025 cuda_h.py:27] end wait_experts_multi_device cost 1.395 ms
DEBUG 04-24 11:11:31.223484.223484 cuda_h.py:27] end *before fused experts* cost 29.606 ms
DEBUG 04-24 11:11:31.228413.228413 cuda_h.py:27] end gpu_experts_multi_device_fused cost 5.351 ms
DEBUG 04-24 11:11:31.228945.228945 cuda_h.py:27] end *gpu experts* cost 35.072 ms
DEBUG 04-24 11:11:31.229478.229478 cuda_h.py:27] end layer_moe_generate_mp_multi_device_fused_l_27 cost 37.952 ms
DEBUG 04-24 11:11:31.230728.230728 cuda_h.py:27] end *mlp cost 39.293 ms
DEBUG 04-24 11:11:31.230533.230533 cuda_h.py:27] end prefill_layer cost 43.341 ms
DEBUG 04-24 11:11:31.230189.230189 lmp.py:341] -------------------------------- end prefill layer 26 --------------------------------
DEBUG 04-24 11:11:31.230073.230073 lmp.py:294] -------------------------------- start prefill layer 27 --------------------------------
DEBUG 04-24 11:11:31.230004.230004 cuda_h.py:27] end start_load_qkvogn_s_weight_l_28 cost 0.050 ms
DEBUG 04-24 11:11:31.231379.231379 cuda_h.py:27] end allocate_cuda_memory cost 0.338 ms
DEBUG 04-24 11:11:31.231717.231717 sllm_store_c.py:27] get device uuid map
DEBUG 04-24 11:11:31.232119.232119 sllm_store_c.py:29] call client load into gpu
DEBUG 04-24 11:11:31.233716.233716 cuda_h.py:27] end **self_attn cost 1.737 ms
DEBUG 04-24 11:11:31.234878.234878 cuda_h.py:27] end *iln_self_attn_paln cost 3.231 ms
DEBUG 04-24 11:11:31.234572.234572 cuda_h.py:27] end load_into_gpu_async cost 2.594 ms
DEBUG 04-24 11:11:31.234279.234279 cuda_h.py:27] end restore_tensors2 cost 0.107 ms
DEBUG 04-24 11:11:31.234652.234652 cuda_h.py:27] end allocate_cuda_memory_and_load_into_gpu cost 3.642 ms
DEBUG 04-24 11:11:31.235621.235621 cuda_h.py:27] end gate cost 0.970 ms
DEBUG 04-24 11:11:31.235365.235365 cuda_h.py:27] end experts_map_get cost 0.356 ms
DEBUG 04-24 11:11:31.235539.235539 cuda_h.py:27] end *before experts start* cost 1.528 ms
DEBUG 04-24 11:11:31.236409.236409 cuda_h.py:27] end cpu_experts_submit_fused_mp cost 0.219 ms
DEBUG 04-24 11:11:31.237286.237286 cuda_h.py:27] end *single cpu experts* cost 1.488 ms
DEBUG 04-24 11:11:31.239136.239136 cuda_h.py:27] end prepare_group_stack cost 0.574 ms
DEBUG 04-24 11:11:31.239072.239072 cuda_h.py:27] end prepare_group_stack cost 0.571 ms
DEBUG 04-24 11:11:31.239695.239695 cuda_h.py:27] end prepare_group_stack cost 0.625 ms
DEBUG 04-24 11:11:31.240105.240105 cuda_h.py:27] end group stack cost 0.913 ms
DEBUG 04-24 11:11:31.240899.240899 cuda_h.py:27] end prepare_group_stack cost 0.568 ms
DEBUG 04-24 11:11:31.240314.240314 cuda_h.py:27] end move_flatidxs_group_fused_mp cost 1.775 ms
DEBUG 04-24 11:11:31.240850.240850 sllm_store_c.py:27] get device uuid map
DEBUG 04-24 11:11:31.240516.240516 cuda_h.py:27] end group stack cost 1.261 ms
DEBUG 04-24 11:11:31.240328.240328 cuda_h.py:27] end get_fused_experts_names_w cost 0.027 ms
DEBUG 04-24 11:11:31.240447.240447 sllm_store_c.py:29] call client load into gpu
DEBUG 04-24 11:11:31.240289.240289 cuda_h.py:27] end group stack cost 1.428 ms
DEBUG 04-24 11:11:31.240574.240574 cuda_h.py:27] end move_flatidxs_group_fused_mp cost 2.176 ms
DEBUG 04-24 11:11:31.240499.240499 cuda_h.py:27] end move_flatidxs_group_fused_mp cost 2.277 ms
DEBUG 04-24 11:11:31.241619.241619 cuda_h.py:27] end get_fused_experts_names_w cost 0.028 ms
DEBUG 04-24 11:11:31.241903.241903 cuda_h.py:27] end get_fused_experts_names_w cost 0.026 ms
DEBUG 04-24 11:11:31.241767.241767 cuda_h.py:27] end restore_fused_tensors cost 0.666 ms
DEBUG 04-24 11:11:31.241555.241555 cuda_h.py:27] end group_fused_tensors_mp cost 1.075 ms
DEBUG 04-24 11:11:31.241995.241995 cuda_h.py:27] end restore_fused_tensors cost 0.471 ms
DEBUG 04-24 11:11:31.242706.242706 cuda_h.py:27] end group_fused_tensors_mp cost 0.872 ms
DEBUG 04-24 11:11:31.242138.242138 cuda_h.py:27] end restore_fused_tensors cost 0.883 ms
DEBUG 04-24 11:11:31.242932.242932 cuda_h.py:27] end group stack cost 1.624 ms
DEBUG 04-24 11:11:31.242415.242415 cuda_h.py:27] end group_fused_tensors_mp cost 1.251 ms
DEBUG 04-24 11:11:31.242662.242662 cuda_h.py:27] end move_flatidxs_group_fused_mp cost 2.630 ms
DEBUG 04-24 11:11:31.242329.242329 cuda_h.py:27] end get_fused_experts_names_w cost 0.034 ms
DEBUG 04-24 11:11:31.243162.243162 cuda_h.py:27] end restore_fused_tensors cost 1.222 ms
DEBUG 04-24 11:11:31.243729.243729 cuda_h.py:27] end group_fused_tensors_mp cost 1.491 ms
DEBUG 04-24 11:11:31.243958.243958 cuda_h.py:27] end restore2model cost 1.367 ms
DEBUG 04-24 11:11:31.244014.244014 cuda_h.py:27] end sllm_worker_task cost 13.624 ms
DEBUG 04-24 11:11:31.246039.246039 cuda_h.py:27] end load_into_gpu_async_fused_experts_dual cost 5.377 ms
DEBUG 04-24 11:11:31.246727.246727 cuda_h.py:27] end restore_tensors2_fused_experts_packed cost 0.350 ms
DEBUG 04-24 11:11:31.248498.248498 cuda_h.py:27] end restore_tensors2_fused_experts_slices cost 1.011 ms
DEBUG 04-24 11:11:31.248216.248216 cuda_h.py:27] end allocate_experts_cuda_memory_and_restore_model_multi_device_fused cost 10.874 ms
DEBUG 04-24 11:11:31.248634.248634 cuda_h.py:27] end gpu_sexperts cost 0.016 ms
DEBUG 04-24 11:11:31.248120.248120 cuda_h.py:27] end wait_load_qkvogn_s_weight cost 0.046 ms
DEBUG 04-24 11:11:31.256888.256888 mlpmodule.py:3373] [fused_group_bmm][steps] bmm1=8.613 ms split=0.069 ms act_mul=0.361 ms bmm2=5.209 ms
DEBUG 04-24 11:11:31.256304.256304 mlpmodule.py:3373] [fused_group_bmm][steps] bmm1=7.369 ms split=0.154 ms act_mul=0.467 ms bmm2=5.599 ms
DEBUG 04-24 11:11:31.256935.256935 cuda_h.py:27] end fused_group_bmm cost 14.502 ms
DEBUG 04-24 11:11:31.256645.256645 cuda_h.py:27] end fused_group_bmm cost 13.945 ms
DEBUG 04-24 11:11:31.256613.256613 mlpmodule.py:3373] [fused_group_bmm][steps] bmm1=8.375 ms split=0.091 ms act_mul=0.329 ms bmm2=5.274 ms
DEBUG 04-24 11:11:31.256177.256177 cuda_h.py:27] end fused_group_bmm cost 14.560 ms
DEBUG 04-24 11:11:31.256956.256956 cuda_h.py:27] end gather_outputs_group_fused_mp cost 0.378 ms
DEBUG 04-24 11:11:31.256132.256132 mlpmodule.py:3373] [fused_group_bmm][steps] bmm1=6.374 ms split=0.116 ms act_mul=0.421 ms bmm2=5.637 ms
DEBUG 04-24 11:11:31.257658.257658 cuda_h.py:27] end fused_group_bmm cost 12.861 ms
DEBUG 04-24 11:11:31.257351.257351 cuda_h.py:27] end gather_outputs_group_fused_mp cost 0.484 ms
DEBUG 04-24 11:11:31.257142.257142 cuda_h.py:27] end gather_outputs_group_fused_mp cost 0.588 ms
DEBUG 04-24 11:11:31.257862.257862 cuda_h.py:27] end gather_outputs_group_fused_mp cost 0.388 ms
DEBUG 04-24 11:11:31.257936.257936 cuda_h.py:27] end cpu_experts_worker_bmm_or_einsum_0 cost 19.860 ms
DEBUG 04-24 11:11:31.257656.257656 cuda_h.py:27] end cpu_experts_worker_bmm_or_einsum_1 cost 20.387 ms
DEBUG 04-24 11:11:31.258639.258639 cuda_h.py:27] end cpu_experts_worker_bmm_or_einsum_3 cost 19.437 ms
DEBUG 04-24 11:11:31.258266.258266 cuda_h.py:27] end cpu_experts_worker_bmm_or_einsum_2 cost 20.607 ms
DEBUG 04-24 11:11:31.264641.264641 cuda_h.py:27] end prepare_per_device_parameters cost 15.615 ms
DEBUG 04-24 11:11:31.267722.267722 cuda_h.py:27] end cpu_experts_scatter_reduce cost 0.848 ms
DEBUG 04-24 11:11:31.267870.267870 cuda_h.py:27] end cpu_thread_manager_mp_wait_fused cost 2.372 ms
DEBUG 04-24 11:11:31.272385.272385 cuda_h.py:27] end wait_experts_multi_device cost 5.428 ms
DEBUG 04-24 11:11:31.272579.272579 cuda_h.py:27] end *before fused experts* cost 35.174 ms
DEBUG 04-24 11:11:31.277179.277179 cuda_h.py:27] end gpu_experts_multi_device_fused cost 4.611 ms
DEBUG 04-24 11:11:31.277704.277704 cuda_h.py:27] end *gpu experts* cost 39.902 ms
DEBUG 04-24 11:11:31.277753.277753 cuda_h.py:27] end layer_moe_generate_mp_multi_device_fused_l_28 cost 43.118 ms
DEBUG 04-24 11:11:31.278453.278453 cuda_h.py:27] end *mlp cost 44.439 ms
DEBUG 04-24 11:11:31.278774.278774 cuda_h.py:27] end prefill_layer cost 48.023 ms
DEBUG 04-24 11:11:31.278669.278669 lmp.py:341] -------------------------------- end prefill layer 27 --------------------------------
DEBUG 04-24 11:11:31.278273.278273 lmp.py:294] -------------------------------- start prefill layer 28 --------------------------------
DEBUG 04-24 11:11:31.279434.279434 cuda_h.py:27] end start_load_qkvogn_s_weight_l_29 cost 0.048 ms
DEBUG 04-24 11:11:31.279897.279897 cuda_h.py:27] end allocate_cuda_memory cost 0.361 ms
DEBUG 04-24 11:11:31.279277.279277 sllm_store_c.py:27] get device uuid map
DEBUG 04-24 11:11:31.279770.279770 sllm_store_c.py:29] call client load into gpu
DEBUG 04-24 11:11:31.281974.281974 cuda_h.py:27] end **self_attn cost 1.490 ms
DEBUG 04-24 11:11:31.282694.282694 cuda_h.py:27] end load_into_gpu_async cost 2.164 ms
DEBUG 04-24 11:11:31.282771.282771 cuda_h.py:27] end restore_tensors2 cost 0.111 ms
DEBUG 04-24 11:11:31.282038.282038 cuda_h.py:27] end allocate_cuda_memory_and_load_into_gpu cost 3.288 ms
DEBUG 04-24 11:11:31.282237.282237 cuda_h.py:27] end *iln_self_attn_paln cost 3.656 ms
DEBUG 04-24 11:11:31.283827.283827 cuda_h.py:27] end gate cost 0.663 ms
DEBUG 04-24 11:11:31.283359.283359 cuda_h.py:27] end experts_map_get cost 0.364 ms
DEBUG 04-24 11:11:31.283672.283672 cuda_h.py:27] end *before experts start* cost 1.194 ms
DEBUG 04-24 11:11:31.284739.284739 cuda_h.py:27] end cpu_experts_submit_fused_mp cost 0.197 ms
DEBUG 04-24 11:11:31.285053.285053 cuda_h.py:27] end *single cpu experts* cost 1.474 ms
DEBUG 04-24 11:11:31.287414.287414 cuda_h.py:27] end prepare_group_stack cost 0.535 ms
DEBUG 04-24 11:11:31.287149.287149 cuda_h.py:27] end prepare_group_stack cost 0.639 ms
DEBUG 04-24 11:11:31.288955.288955 sllm_store_c.py:27] get device uuid map
DEBUG 04-24 11:11:31.288684.288684 cuda_h.py:27] end prepare_group_stack cost 0.481 ms
DEBUG 04-24 11:11:31.288151.288151 sllm_store_c.py:29] call client load into gpu
DEBUG 04-24 11:11:31.288516.288516 cuda_h.py:27] end group stack cost 0.927 ms
DEBUG 04-24 11:11:31.288261.288261 cuda_h.py:27] end prepare_group_stack cost 0.575 ms
DEBUG 04-24 11:11:31.288431.288431 cuda_h.py:27] end move_flatidxs_group_fused_mp cost 1.873 ms
DEBUG 04-24 11:11:31.288874.288874 cuda_h.py:27] end get_fused_experts_names_w cost 0.029 ms
DEBUG 04-24 11:11:31.289021.289021 cuda_h.py:27] end group stack cost 1.544 ms
DEBUG 04-24 11:11:31.289922.289922 cuda_h.py:27] end move_flatidxs_group_fused_mp cost 2.605 ms
DEBUG 04-24 11:11:31.289899.289899 cuda_h.py:27] end group stack cost 1.186 ms
DEBUG 04-24 11:11:31.289777.289777 cuda_h.py:27] end move_flatidxs_group_fused_mp cost 1.907 ms
DEBUG 04-24 11:11:31.289647.289647 cuda_h.py:27] end restore_fused_tensors cost 0.810 ms
DEBUG 04-24 11:11:31.289818.289818 cuda_h.py:27] end get_fused_experts_names_w cost 0.048 ms
DEBUG 04-24 11:11:31.289274.289274 cuda_h.py:27] end get_fused_experts_names_w cost 0.019 ms
DEBUG 04-24 11:11:31.289174.289174 cuda_h.py:27] end group_fused_tensors_mp cost 1.098 ms
DEBUG 04-24 11:11:31.290042.290042 cuda_h.py:27] end restore_fused_tensors cost 0.442 ms
DEBUG 04-24 11:11:31.290839.290839 cuda_h.py:27] end group_fused_tensors_mp cost 0.685 ms
DEBUG 04-24 11:11:31.290639.290639 cuda_h.py:27] end group stack cost 1.837 ms
DEBUG 04-24 11:11:31.290638.290638 cuda_h.py:27] end move_flatidxs_group_fused_mp cost 2.779 ms
DEBUG 04-24 11:11:31.290101.290101 cuda_h.py:27] end get_fused_experts_names_w cost 0.037 ms
DEBUG 04-24 11:11:31.290459.290459 cuda_h.py:27] end restore_fused_tensors cost 1.164 ms
DEBUG 04-24 11:11:31.291607.291607 cuda_h.py:27] end group_fused_tensors_mp cost 1.654 ms
DEBUG 04-24 11:11:31.292392.292392 cuda_h.py:27] end restore_fused_tensors cost 1.131 ms
DEBUG 04-24 11:11:31.292775.292775 cuda_h.py:27] end group_fused_tensors_mp cost 1.591 ms
DEBUG 04-24 11:11:31.297672.297672 cuda_h.py:27] end restore2model cost 1.104 ms
DEBUG 04-24 11:11:31.297880.297880 cuda_h.py:27] end sllm_worker_task cost 18.325 ms
DEBUG 04-24 11:11:31.299973.299973 mlpmodule.py:3373] [fused_group_bmm][steps] bmm1=6.257 ms split=0.152 ms act_mul=0.462 ms bmm2=2.426 ms
DEBUG 04-24 11:11:31.299689.299689 cuda_h.py:27] end fused_group_bmm cost 9.538 ms
DEBUG 04-24 11:11:31.300833.300833 cuda_h.py:27] end gather_outputs_group_fused_mp cost 0.506 ms
DEBUG 04-24 11:11:31.300997.300997 cuda_h.py:27] end load_into_gpu_async_fused_experts_dual cost 12.267 ms
DEBUG 04-24 11:11:31.300293.300293 cuda_h.py:27] end cpu_experts_worker_bmm_or_einsum_0 cost 15.167 ms
DEBUG 04-24 11:11:31.300807.300807 cuda_h.py:27] end restore_tensors2_fused_experts_packed cost 0.177 ms
DEBUG 04-24 11:11:31.300061.300061 mlpmodule.py:3373] [fused_group_bmm][steps] bmm1=6.562 ms split=0.113 ms act_mul=0.699 ms bmm2=3.055 ms
DEBUG 04-24 11:11:31.301029.301029 cuda_h.py:27] end fused_group_bmm cost 10.681 ms
DEBUG 04-24 11:11:31.301808.301808 cuda_h.py:27] end restore_tensors2_fused_experts_slices cost 0.528 ms
DEBUG 04-24 11:11:31.301125.301125 cuda_h.py:27] end allocate_experts_cuda_memory_and_restore_model_multi_device_fused cost 16.082 ms
DEBUG 04-24 11:11:31.301131.301131 cuda_h.py:27] end gpu_sexperts cost 0.011 ms
DEBUG 04-24 11:11:31.301664.301664 cuda_h.py:27] end gather_outputs_group_fused_mp cost 0.621 ms
DEBUG 04-24 11:11:31.301138.301138 cuda_h.py:27] end wait_load_qkvogn_s_weight cost 0.029 ms
DEBUG 04-24 11:11:31.302546.302546 cuda_h.py:27] end cpu_experts_worker_bmm_or_einsum_2 cost 16.097 ms
DEBUG 04-24 11:11:31.303464.303464 mlpmodule.py:3373] [fused_group_bmm][steps] bmm1=7.779 ms split=0.139 ms act_mul=0.794 ms bmm2=3.220 ms
DEBUG 04-24 11:11:31.303076.303076 cuda_h.py:27] end fused_group_bmm cost 12.246 ms
DEBUG 04-24 11:11:31.304893.304893 mlpmodule.py:3373] [fused_group_bmm][steps] bmm1=7.756 ms split=0.105 ms act_mul=0.527 ms bmm2=3.110 ms
DEBUG 04-24 11:11:31.304482.304482 cuda_h.py:27] end fused_group_bmm cost 11.714 ms
DEBUG 04-24 11:11:31.304327.304327 cuda_h.py:27] end gather_outputs_group_fused_mp cost 0.479 ms
DEBUG 04-24 11:11:31.304473.304473 cuda_h.py:27] end gather_outputs_group_fused_mp cost 0.336 ms
DEBUG 04-24 11:11:31.305268.305268 cuda_h.py:27] end cpu_experts_worker_bmm_or_einsum_1 cost 19.658 ms
DEBUG 04-24 11:11:31.305335.305335 cuda_h.py:27] end cpu_experts_worker_bmm_or_einsum_3 cost 18.822 ms
DEBUG 04-24 11:11:31.313360.313360 cuda_h.py:27] end prepare_per_device_parameters cost 11.796 ms
DEBUG 04-24 11:11:31.316934.316934 cuda_h.py:27] end cpu_experts_scatter_reduce cost 0.837 ms
DEBUG 04-24 11:11:31.316580.316580 cuda_h.py:27] end cpu_thread_manager_mp_wait_fused cost 2.551 ms
DEBUG 04-24 11:11:31.319282.319282 cuda_h.py:27] end wait_experts_multi_device cost 2.727 ms
DEBUG 04-24 11:11:31.319655.319655 cuda_h.py:27] end *before fused experts* cost 33.899 ms
DEBUG 04-24 11:11:31.324267.324267 cuda_h.py:27] end gpu_experts_multi_device_fused cost 4.804 ms
DEBUG 04-24 11:11:31.324117.324117 cuda_h.py:27] end *gpu experts* cost 38.806 ms
DEBUG 04-24 11:11:31.324689.324689 cuda_h.py:27] end layer_moe_generate_mp_multi_device_fused_l_29 cost 41.656 ms
DEBUG 04-24 11:11:31.325866.325866 cuda_h.py:27] end *mlp cost 42.978 ms
DEBUG 04-24 11:11:31.325749.325749 cuda_h.py:27] end prefill_layer cost 46.873 ms
DEBUG 04-24 11:11:31.325360.325360 lmp.py:341] -------------------------------- end prefill layer 28 --------------------------------
DEBUG 04-24 11:11:31.326038.326038 lmp.py:294] -------------------------------- start prefill layer 29 --------------------------------
DEBUG 04-24 11:11:31.328428.328428 cuda_h.py:27] end **self_attn cost 1.841 ms
DEBUG 04-24 11:11:31.328894.328894 cuda_h.py:27] end *iln_self_attn_paln cost 2.391 ms
DEBUG 04-24 11:11:31.329175.329175 cuda_h.py:27] end gate cost 0.594 ms
DEBUG 04-24 11:11:31.329836.329836 cuda_h.py:27] end experts_map_get cost 0.288 ms
DEBUG 04-24 11:11:31.329957.329957 cuda_h.py:27] end *before experts start* cost 1.041 ms
DEBUG 04-24 11:11:31.329647.329647 cuda_h.py:27] end cpu_experts_submit_fused_mp cost 0.201 ms
DEBUG 04-24 11:11:31.331940.331940 cuda_h.py:27] end prepare_group_stack cost 0.390 ms
DEBUG 04-24 11:11:31.331748.331748 cuda_h.py:27] end *single cpu experts* cost 1.811 ms
DEBUG 04-24 11:11:31.332904.332904 cuda_h.py:27] end prepare_group_stack cost 0.444 ms
DEBUG 04-24 11:11:31.332509.332509 cuda_h.py:27] end group stack cost 0.697 ms
DEBUG 04-24 11:11:31.332068.332068 cuda_h.py:27] end move_flatidxs_group_fused_mp cost 1.267 ms
DEBUG 04-24 11:11:31.332811.332811 cuda_h.py:27] end prepare_group_stack cost 0.507 ms
DEBUG 04-24 11:11:31.332563.332563 cuda_h.py:27] end get_fused_experts_names_w cost 0.025 ms
DEBUG 04-24 11:11:31.332841.332841 cuda_h.py:27] end prepare_group_stack cost 0.461 ms
DEBUG 04-24 11:11:31.332101.332101 sllm_store_c.py:27] get device uuid map
DEBUG 04-24 11:11:31.333369.333369 sllm_store_c.py:29] call client load into gpu
DEBUG 04-24 11:11:31.333289.333289 cuda_h.py:27] end group stack cost 0.711 ms
DEBUG 04-24 11:11:31.333774.333774 cuda_h.py:27] end restore_fused_tensors cost 0.627 ms
DEBUG 04-24 11:11:31.333631.333631 cuda_h.py:27] end move_flatidxs_group_fused_mp cost 1.485 ms
DEBUG 04-24 11:11:31.333725.333725 cuda_h.py:27] end group stack cost 1.066 ms
DEBUG 04-24 11:11:31.333786.333786 cuda_h.py:27] end group_fused_tensors_mp cost 0.930 ms
DEBUG 04-24 11:11:31.333555.333555 cuda_h.py:27] end get_fused_experts_names_w cost 0.027 ms
DEBUG 04-24 11:11:31.333735.333735 cuda_h.py:27] end move_flatidxs_group_fused_mp cost 1.739 ms
DEBUG 04-24 11:11:31.333383.333383 cuda_h.py:27] end get_fused_experts_names_w cost 0.023 ms
DEBUG 04-24 11:11:31.334552.334552 cuda_h.py:27] end group stack cost 1.155 ms
DEBUG 04-24 11:11:31.334589.334589 cuda_h.py:27] end move_flatidxs_group_fused_mp cost 1.849 ms
DEBUG 04-24 11:11:31.334480.334480 cuda_h.py:27] end restore_fused_tensors cost 0.773 ms
DEBUG 04-24 11:11:31.334423.334423 cuda_h.py:27] end restore_fused_tensors cost 0.672 ms
DEBUG 04-24 11:11:31.334903.334903 cuda_h.py:27] end get_fused_experts_names_w cost 0.021 ms
DEBUG 04-24 11:11:31.334334.334334 cuda_h.py:27] end group_fused_tensors_mp cost 1.130 ms
DEBUG 04-24 11:11:31.334208.334208 cuda_h.py:27] end group_fused_tensors_mp cost 0.953 ms
DEBUG 04-24 11:11:31.335563.335563 cuda_h.py:27] end restore_fused_tensors cost 0.485 ms
DEBUG 04-24 11:11:31.335367.335367 cuda_h.py:27] end group_fused_tensors_mp cost 0.612 ms
DEBUG 04-24 11:11:31.336468.336468 cuda_h.py:27] end load_into_gpu_async_fused_experts_dual cost 3.637 ms
DEBUG 04-24 11:11:31.337298.337298 cuda_h.py:27] end restore_tensors2_fused_experts_packed cost 0.340 ms
DEBUG 04-24 11:11:31.338500.338500 cuda_h.py:27] end restore_tensors2_fused_experts_slices cost 0.952 ms
DEBUG 04-24 11:11:31.339898.339898 cuda_h.py:27] end allocate_experts_cuda_memory_and_restore_model_multi_device_fused cost 7.544 ms
DEBUG 04-24 11:11:31.339117.339117 cuda_h.py:27] end gpu_sexperts cost 0.021 ms
DEBUG 04-24 11:11:31.348544.348544 mlpmodule.py:3373] [fused_group_bmm][steps] bmm1=8.283 ms split=0.112 ms act_mul=0.371 ms bmm2=4.707 ms
DEBUG 04-24 11:11:31.348703.348703 cuda_h.py:27] end fused_group_bmm cost 13.734 ms
DEBUG 04-24 11:11:31.348395.348395 mlpmodule.py:3373] [fused_group_bmm][steps] bmm1=7.802 ms split=0.121 ms act_mul=0.607 ms bmm2=4.594 ms
DEBUG 04-24 11:11:31.348419.348419 mlpmodule.py:3373] [fused_group_bmm][steps] bmm1=8.375 ms split=0.129 ms act_mul=0.531 ms bmm2=5.598 ms
DEBUG 04-24 11:11:31.348121.348121 cuda_h.py:27] end fused_group_bmm cost 13.693 ms
DEBUG 04-24 11:11:31.348486.348486 cuda_h.py:27] end fused_group_bmm cost 15.310 ms
DEBUG 04-24 11:11:31.349520.349520 cuda_h.py:27] end gather_outputs_group_fused_mp cost 0.412 ms
DEBUG 04-24 11:11:31.349912.349912 mlpmodule.py:3373] [fused_group_bmm][steps] bmm1=7.706 ms split=0.144 ms act_mul=0.323 ms bmm2=6.193 ms
DEBUG 04-24 11:11:31.349528.349528 cuda_h.py:27] end fused_group_bmm cost 14.608 ms
DEBUG 04-24 11:11:31.349850.349850 cuda_h.py:27] end cpu_experts_worker_bmm_or_einsum_0 cost 18.345 ms
DEBUG 04-24 11:11:31.349302.349302 cuda_h.py:27] end gather_outputs_group_fused_mp cost 0.496 ms
DEBUG 04-24 11:11:31.349119.349119 cuda_h.py:27] end gather_outputs_group_fused_mp cost 0.573 ms
DEBUG 04-24 11:11:31.349839.349839 cuda_h.py:27] end gather_outputs_group_fused_mp cost 0.364 ms
DEBUG 04-24 11:11:31.350150.350150 cuda_h.py:27] end cpu_experts_worker_bmm_or_einsum_1 cost 19.526 ms
DEBUG 04-24 11:11:31.350284.350284 cuda_h.py:27] end cpu_experts_worker_bmm_or_einsum_3 cost 19.000 ms
DEBUG 04-24 11:11:31.350332.350332 cuda_h.py:27] end cpu_experts_worker_bmm_or_einsum_2 cost 18.241 ms
DEBUG 04-24 11:11:31.356218.356218 cuda_h.py:27] end prepare_per_device_parameters cost 17.171 ms
DEBUG 04-24 11:11:31.358793.358793 cuda_h.py:27] end cpu_experts_scatter_reduce cost 0.860 ms
DEBUG 04-24 11:11:31.359180.359180 cuda_h.py:27] end cpu_thread_manager_mp_wait_fused cost 2.102 ms
DEBUG 04-24 11:11:31.360275.360275 cuda_h.py:27] end wait_experts_multi_device cost 1.436 ms
DEBUG 04-24 11:11:31.360688.360688 cuda_h.py:27] end *before fused experts* cost 28.987 ms
DEBUG 04-24 11:11:31.365850.365850 cuda_h.py:27] end gpu_experts_multi_device_fused cost 4.997 ms
DEBUG 04-24 11:11:31.365435.365435 cuda_h.py:27] end *gpu experts* cost 34.103 ms
DEBUG 04-24 11:11:31.365398.365398 cuda_h.py:27] end layer_moe_generate_mp_multi_device_fused_l_30 cost 37.144 ms
DEBUG 04-24 11:11:31.367525.367525 cuda_h.py:27] end *mlp cost 38.572 ms
DEBUG 04-24 11:11:31.367694.367694 cuda_h.py:27] end prefill_layer cost 41.142 ms
DEBUG 04-24 11:11:31.367543.367543 lmp.py:341] -------------------------------- end prefill layer 29 --------------------------------
DEBUG 04-24 11:11:31.367844.367844 cuda_h.py:27] end prefill cost 1801.543 ms
INFO 04-24 11:11:31.367222.367222 lmp.py:343] prefill time: 1.8017354011535645 seconds
