here pin
INFO 04-24 11:15:14.036482.036482 pinpool.py:28] Initializing PinnedMemoryPool with 2GB total, allocating in 1024MB chunks...
INFO 04-24 11:15:14.591962.591962 pinpool.py:40] Allocated chunk 1: 536870912 elements (1024.0 MB)
INFO 04-24 11:15:15.029276.029276 pinpool.py:40] Allocated chunk 2: 536870912 elements (1024.0 MB)
INFO 04-24 11:15:15.029951.029951 pinpool.py:52] Successfully allocated 2 chunks, total 1073741824 elements (2048.0 MB) in 0.993s
Warming up 4 GPU(s)...
GPU 0 warmed up
GPU 1 warmed up
GPU 2 warmed up
GPU 3 warmed up
GPU warmup completed
Warming up 4 GPU(s)...
GPU 0 warmed up
GPU 1 warmed up
GPU 2 warmed up
GPU 3 warmed up
GPU warmup completed
Warming up 4 GPU(s)...
GPU 0 warmed up
GPU 1 warmed up
GPU 2 warmed up
GPU 3 warmed up
GPU warmup completed
DEBUG 04-24 11:15:21.467089.467089 cuda_memory_view.py:1180] 
DEBUG 04-24 11:15:21.467089.467089 cuda_memory_view.py:1180] restore_tensors_from_shared_memory_names time: 0.002652883529663086
DEBUG 04-24 11:15:21.472174.472174 mlpmodule.py:929] restore_hm_state_dict2model loaded 150 expert tensors for Gemma4 model
DEBUG 04-24 11:15:21.473830.473830 cuda_h.py:27] end init_cmv_hmv cost 616.317 ms
here pin
INFO 04-24 11:15:22.993791.993791 pinpool.py:28] Initializing PinnedMemoryPool with 2GB total, allocating in 1024MB chunks...
here pin
INFO 04-24 11:15:22.998531.998531 pinpool.py:28] Initializing PinnedMemoryPool with 2GB total, allocating in 1024MB chunks...
here pin
INFO 04-24 11:15:23.029063.029063 pinpool.py:28] Initializing PinnedMemoryPool with 2GB total, allocating in 1024MB chunks...
here pin
INFO 04-24 11:15:23.044900.044900 pinpool.py:28] Initializing PinnedMemoryPool with 2GB total, allocating in 1024MB chunks...
INFO 04-24 11:15:23.588318.588318 pinpool.py:40] Allocated chunk 1: 536870912 elements (1024.0 MB)
INFO 04-24 11:15:23.717340.717340 pinpool.py:40] Allocated chunk 1: 536870912 elements (1024.0 MB)
INFO 04-24 11:15:23.718699.718699 pinpool.py:40] Allocated chunk 1: 536870912 elements (1024.0 MB)
INFO 04-24 11:15:23.720576.720576 pinpool.py:40] Allocated chunk 1: 536870912 elements (1024.0 MB)
INFO 04-24 11:15:24.175185.175185 pinpool.py:40] Allocated chunk 2: 536870912 elements (1024.0 MB)
INFO 04-24 11:15:24.175378.175378 pinpool.py:52] Successfully allocated 2 chunks, total 1073741824 elements (2048.0 MB) in 1.182s
INFO 04-24 11:15:24.193779.193779 pinpool.py:40] Allocated chunk 2: 536870912 elements (1024.0 MB)
INFO 04-24 11:15:24.193337.193337 pinpool.py:52] Successfully allocated 2 chunks, total 1073741824 elements (2048.0 MB) in 1.195s
INFO 04-24 11:15:24.407510.407510 pinpool.py:40] Allocated chunk 2: 536870912 elements (1024.0 MB)
INFO 04-24 11:15:24.408206.408206 pinpool.py:52] Successfully allocated 2 chunks, total 1073741824 elements (2048.0 MB) in 1.363s
INFO 04-24 11:15:24.408977.408977 pinpool.py:40] Allocated chunk 2: 536870912 elements (1024.0 MB)
INFO 04-24 11:15:24.409765.409765 pinpool.py:52] Successfully allocated 2 chunks, total 1073741824 elements (2048.0 MB) in 1.380s
[cpu_experts_worker pid=576198] worker_id=3/4 entered (model_path='gemma4-26B-A4B' type='Gemma4') sched_getaffinity=[72, 73, 74, 75, 76, 77, 78, 79, 80, 81, 82, 83, 84, 85, 86, 87, 88, 89, 90, 91, 92, 93, 94, 95, 168, 169, 170, 171, 172, 173, 174, 175, 176, 177, 178, 179, 180, 181, 182, 183, 184, 185, 186, 187, 188, 189, 190, 191]
DEBUG 04-24 11:15:28.980576.980576 cpu_thread_manager_mp.py:394] 初始化
DEBUG 04-24 11:15:29.019472.019472 cpu_thread_manager_mp.py:400] CPU experts MP worker: torch.set_num_threads(32) (LMP_MP_CPU_INTRAOP_THREADS / OMP_NUM_THREADS / default cap 32)
[cpu_experts_worker pid=576198] torch.set_num_threads(32) done
[cpu_experts_worker pid=576198] importing MLPModuleWrapper / HostMemoryView ...
[cpu_experts_worker pid=576198] imports done
[cpu_experts_worker pid=576198] MLPModuleWrapper(...) ...
[cpu_experts_worker pid=576198] init_chmv_meta_model(...) ...
[cpu_experts_worker pid=576196] worker_id=1/4 entered (model_path='gemma4-26B-A4B' type='Gemma4') sched_getaffinity=[24, 25, 26, 27, 28, 29, 30, 31, 32, 33, 34, 35, 36, 37, 38, 39, 40, 41, 42, 43, 44, 45, 46, 47, 120, 121, 122, 123, 124, 125, 126, 127, 128, 129, 130, 131, 132, 133, 134, 135, 136, 137, 138, 139, 140, 141, 142, 143]
DEBUG 04-24 11:15:29.276021.276021 cpu_thread_manager_mp.py:394] 初始化
[cpu_experts_worker pid=576197] worker_id=2/4 entered (model_path='gemma4-26B-A4B' type='Gemma4') sched_getaffinity=[48, 49, 50, 51, 52, 53, 54, 55, 56, 57, 58, 59, 60, 61, 62, 63, 64, 65, 66, 67, 68, 69, 70, 71, 144, 145, 146, 147, 148, 149, 150, 151, 152, 153, 154, 155, 156, 157, 158, 159, 160, 161, 162, 163, 164, 165, 166, 167]
DEBUG 04-24 11:15:29.308309.308309 cpu_thread_manager_mp.py:394] 初始化
DEBUG 04-24 11:15:29.318708.318708 cpu_thread_manager_mp.py:400] CPU experts MP worker: torch.set_num_threads(32) (LMP_MP_CPU_INTRAOP_THREADS / OMP_NUM_THREADS / default cap 32)
[cpu_experts_worker pid=576196] torch.set_num_threads(32) done
[cpu_experts_worker pid=576196] importing MLPModuleWrapper / HostMemoryView ...
[cpu_experts_worker pid=576196] imports done
[cpu_experts_worker pid=576196] MLPModuleWrapper(...) ...
[cpu_experts_worker pid=576196] init_chmv_meta_model(...) ...
[cpu_experts_worker pid=576195] worker_id=0/4 entered (model_path='gemma4-26B-A4B' type='Gemma4') sched_getaffinity=[0, 1, 2, 3, 4, 5, 6, 7, 8, 9, 10, 11, 12, 13, 14, 15, 16, 17, 18, 19, 20, 21, 22, 23, 96, 97, 98, 99, 100, 101, 102, 103, 104, 105, 106, 107, 108, 109, 110, 111, 112, 113, 114, 115, 116, 117, 118, 119]
DEBUG 04-24 11:15:29.344094.344094 cpu_thread_manager_mp.py:394] 初始化
DEBUG 04-24 11:15:29.353113.353113 cpu_thread_manager_mp.py:400] CPU experts MP worker: torch.set_num_threads(32) (LMP_MP_CPU_INTRAOP_THREADS / OMP_NUM_THREADS / default cap 32)
[cpu_experts_worker pid=576197] torch.set_num_threads(32) done
[cpu_experts_worker pid=576197] importing MLPModuleWrapper / HostMemoryView ...
[cpu_experts_worker pid=576197] imports done
[cpu_experts_worker pid=576197] MLPModuleWrapper(...) ...
[cpu_experts_worker pid=576197] init_chmv_meta_model(...) ...
DEBUG 04-24 11:15:29.386094.386094 cpu_thread_manager_mp.py:400] CPU experts MP worker: torch.set_num_threads(32) (LMP_MP_CPU_INTRAOP_THREADS / OMP_NUM_THREADS / default cap 32)
[cpu_experts_worker pid=576195] torch.set_num_threads(32) done
[cpu_experts_worker pid=576195] importing MLPModuleWrapper / HostMemoryView ...
[cpu_experts_worker pid=576195] imports done
[cpu_experts_worker pid=576195] MLPModuleWrapper(...) ...
[cpu_experts_worker pid=576195] init_chmv_meta_model(...) ...
[cpu_experts_worker pid=576198] HostMemoryView(...) ...
DEBUG 04-24 11:15:29.710443.710443 cuda_memory_view.py:1180] 
DEBUG 04-24 11:15:29.710443.710443 cuda_memory_view.py:1180] restore_tensors_from_shared_memory_names time: 0.003072500228881836
DEBUG 04-24 11:15:29.716210.716210 mlpmodule.py:929] restore_hm_state_dict2model loaded 150 expert tensors for Gemma4 model
[cpu_experts_worker pid=576198] HostMemoryView ready
[cpu_experts_worker pid=576198] begin _test_group_bmm_fused_experts()
[test_group_bmm_fused_experts] start (print+flush; bypasses logging).
[test_group_bmm_fused_experts][half=noncontiguous] input_gen: 35.630 ms
[test_group_bmm_fused_experts][half=noncontiguous] gate_func: 7.775 ms
[test_group_bmm_fused_experts][half=noncontiguous] activated_experts_unique=128, routed_slots=4096 total experts = 128 (T=512, K=8)
[test_group_bmm_fused_experts][half=noncontiguous] choose_half_experts: 1.364 ms (E_total=128, E_half=64, experts=[79, 17, 1, 69, 22, 23, 28, 70, 54, 64, 120, 18, 19, 91, 121, 8, 45, 94, 103, 114, 123, 15, 24, 43, 58, 116, 52, 55, 77, 81, 83, 51, 60, 102, 111, 117, 125, 31, 32, 38, 61, 73, 92, 108, 7, 13, 29, 47, 53, 65, 76, 89, 96, 12, 50, 63, 67, 95, 118, 127, 14, 27, 35, 44], total_tokens=1724, max_tokens=32)
[test_group_bmm_fused_experts][half=noncontiguous] filter_slots_in_half: 0.656 ms (slots_in_half=1724, T=512, K=8)
[test_group_bmm_fused_experts][half=noncontiguous] gather_half_tokens: 0.902 ms
[test_group_bmm_fused_experts][half=noncontiguous] sort_by_expert: 0.944 ms
DEBUG 04-24 11:15:29.764590.764590 cuda_h.py:27] end get_fused_experts_names_w cost 0.041 ms
DEBUG 04-24 11:15:29.766066.766066 cuda_h.py:27] end restore_fused_tensors cost 1.270 ms
[test_group_bmm_fused_experts][half=noncontiguous] restore_group_fused_weights: 1.719 ms
[test_group_bmm_fused_experts][half=noncontiguous] transpose_contig: 0.032 ms
[test_group_bmm_fused_experts][half=noncontiguous] pad_pack: 3.599 ms
[test_group_bmm_fused_experts][half=noncontiguous] fused_group_bmm: 31.689 ms (bmm1=17.612 act+split=0.994 bmm2=9.174 unpad=3.909)
[test_group_bmm_fused_experts][half=noncontiguous] ref_mm_and_assert: 94.892 ms
[test_group_bmm_fused_experts][half=noncontiguous] unsort_and_weight: 0.621 ms
[test_group_bmm_fused_experts][half=noncontiguous] total: 180.974 ms (T=512, K=8, slots_in_half=1724, E_half=64)
[cpu_experts_worker pid=576198] end _test_group_bmm_fused_experts()
INFO 04-24 11:15:29.897428.897428 cpu_thread_manager_mp.py:438] CPU experts worker: _test_group_bmm_fused_experts() finished.
[cpu_experts_worker pid=576196] HostMemoryView(...) ...
[cpu_experts_worker pid=576195] HostMemoryView(...) ...
DEBUG 04-24 11:15:30.025111.025111 cuda_memory_view.py:1180] 
DEBUG 04-24 11:15:30.025111.025111 cuda_memory_view.py:1180] restore_tensors_from_shared_memory_names time: 0.002691030502319336
DEBUG 04-24 11:15:30.026284.026284 cuda_memory_view.py:1180] 
DEBUG 04-24 11:15:30.026284.026284 cuda_memory_view.py:1180] restore_tensors_from_shared_memory_names time: 0.002839326858520508
DEBUG 04-24 11:15:30.031194.031194 mlpmodule.py:929] restore_hm_state_dict2model loaded 150 expert tensors for Gemma4 model
[cpu_experts_worker pid=576196] HostMemoryView ready
[cpu_experts_worker pid=576196] begin _test_group_bmm_fused_experts()
[test_group_bmm_fused_experts] start (print+flush; bypasses logging).
DEBUG 04-24 11:15:30.032270.032270 mlpmodule.py:929] restore_hm_state_dict2model loaded 150 expert tensors for Gemma4 model
[cpu_experts_worker pid=576195] HostMemoryView ready
[cpu_experts_worker pid=576195] begin _test_group_bmm_fused_experts()
[test_group_bmm_fused_experts] start (print+flush; bypasses logging).
[cpu_experts_worker pid=576197] HostMemoryView(...) ...
DEBUG 04-24 11:15:30.058348.058348 cuda_memory_view.py:1180] 
DEBUG 04-24 11:15:30.058348.058348 cuda_memory_view.py:1180] restore_tensors_from_shared_memory_names time: 0.0028104782104492188
DEBUG 04-24 11:15:30.064571.064571 mlpmodule.py:929] restore_hm_state_dict2model loaded 150 expert tensors for Gemma4 model
[cpu_experts_worker pid=576197] HostMemoryView ready
[cpu_experts_worker pid=576197] begin _test_group_bmm_fused_experts()
[test_group_bmm_fused_experts] start (print+flush; bypasses logging).
[test_group_bmm_fused_experts][half=noncontiguous] input_gen: 34.779 ms
[test_group_bmm_fused_experts][half=noncontiguous] input_gen: 34.782 ms
[test_group_bmm_fused_experts][half=noncontiguous] gate_func: 7.925 ms
[test_group_bmm_fused_experts][half=noncontiguous] gate_func: 8.684 ms
[test_group_bmm_fused_experts][half=noncontiguous] activated_experts_unique=128, routed_slots=4096 total experts = 128 (T=512, K=8)
[test_group_bmm_fused_experts][half=noncontiguous] choose_half_experts: 0.910 ms (E_total=128, E_half=64, experts=[83, 34, 1, 121, 58, 91, 88, 46, 78, 87, 108, 122, 6, 16, 32, 52, 81, 114, 3, 11, 14, 44, 102, 127, 2, 8, 18, 48, 89, 99, 123, 124, 28, 77, 109, 116, 7, 15, 79, 94, 110, 22, 23, 38, 41, 45, 54, 56, 63, 70, 92, 103, 126, 47, 71, 90, 98, 111, 9, 17, 29, 31, 35, 61], total_tokens=1685, max_tokens=31)
[test_group_bmm_fused_experts][half=noncontiguous] filter_slots_in_half: 0.569 ms (slots_in_half=1685, T=512, K=8)
[test_group_bmm_fused_experts][half=noncontiguous] gather_half_tokens: 0.177 ms
[test_group_bmm_fused_experts][half=noncontiguous] sort_by_expert: 1.186 ms
[test_group_bmm_fused_experts][half=noncontiguous] activated_experts_unique=128, routed_slots=4096 total experts = 128 (T=512, K=8)
DEBUG 04-24 11:15:30.078597.078597 cuda_h.py:27] end get_fused_experts_names_w cost 0.037 ms
[test_group_bmm_fused_experts][half=noncontiguous] choose_half_experts: 2.829 ms (E_total=128, E_half=64, experts=[44, 117, 16, 19, 72, 91, 90, 123, 8, 22, 30, 52, 71, 103, 116, 3, 66, 80, 122, 126, 39, 47, 76, 102, 36, 49, 69, 106, 111, 114, 5, 45, 46, 54, 55, 73, 87, 105, 120, 127, 21, 23, 29, 94, 108, 121, 2, 11, 18, 40, 41, 43, 48, 56, 109, 0, 14, 15, 34, 60, 84, 4, 12, 13], total_tokens=1724, max_tokens=32)
DEBUG 04-24 11:15:30.080565.080565 cuda_h.py:27] end restore_fused_tensors cost 1.364 ms
[test_group_bmm_fused_experts][half=noncontiguous] restore_group_fused_weights: 1.818 ms
[test_group_bmm_fused_experts][half=noncontiguous] transpose_contig: 0.026 ms
[test_group_bmm_fused_experts][half=noncontiguous] filter_slots_in_half: 0.816 ms (slots_in_half=1724, T=512, K=8)
[test_group_bmm_fused_experts][half=noncontiguous] gather_half_tokens: 1.078 ms
[test_group_bmm_fused_experts][half=noncontiguous] sort_by_expert: 0.652 ms
DEBUG 04-24 11:15:30.082063.082063 cuda_h.py:27] end get_fused_experts_names_w cost 0.048 ms
[test_group_bmm_fused_experts][half=noncontiguous] pad_pack: 3.511 ms
DEBUG 04-24 11:15:30.084772.084772 cuda_h.py:27] end restore_fused_tensors cost 1.622 ms
[test_group_bmm_fused_experts][half=noncontiguous] restore_group_fused_weights: 1.987 ms
[test_group_bmm_fused_experts][half=noncontiguous] transpose_contig: 0.038 ms
[test_group_bmm_fused_experts][half=noncontiguous] pad_pack: 3.046 ms
[test_group_bmm_fused_experts][half=noncontiguous] input_gen: 38.222 ms
[test_group_bmm_fused_experts][half=noncontiguous] fused_group_bmm: 24.895 ms (bmm1=12.033 act+split=0.837 bmm2=7.186 unpad=4.838)
[test_group_bmm_fused_experts][half=noncontiguous] gate_func: 6.917 ms
[test_group_bmm_fused_experts][half=noncontiguous] activated_experts_unique=128, routed_slots=4096 total experts = 128 (T=512, K=8)
[test_group_bmm_fused_experts][half=noncontiguous] choose_half_experts: 1.435 ms (E_total=128, E_half=64, experts=[20, 73, 1, 23, 28, 122, 126, 90, 125, 5, 6, 57, 63, 68, 91, 106, 55, 114, 121, 18, 24, 38, 65, 72, 102, 109, 111, 17, 39, 54, 70, 76, 92, 99, 100, 15, 33, 37, 58, 96, 108, 123, 124, 13, 41, 48, 51, 79, 87, 94, 104, 0, 7, 27, 31, 32, 35, 36, 46, 53, 59, 71, 84, 103], total_tokens=1765, max_tokens=31)
[test_group_bmm_fused_experts][half=noncontiguous] filter_slots_in_half: 0.649 ms (slots_in_half=1765, T=512, K=8)
[test_group_bmm_fused_experts][half=noncontiguous] gather_half_tokens: 0.682 ms
[test_group_bmm_fused_experts][half=noncontiguous] sort_by_expert: 0.711 ms
DEBUG 04-24 11:15:30.114276.114276 cuda_h.py:27] end get_fused_experts_names_w cost 0.044 ms
DEBUG 04-24 11:15:30.115546.115546 cuda_h.py:27] end restore_fused_tensors cost 1.574 ms
[test_group_bmm_fused_experts][half=noncontiguous] restore_group_fused_weights: 1.944 ms
[test_group_bmm_fused_experts][half=noncontiguous] transpose_contig: 0.033 ms
[test_group_bmm_fused_experts][half=noncontiguous] pad_pack: 3.103 ms
[test_group_bmm_fused_experts][half=noncontiguous] fused_group_bmm: 33.421 ms (bmm1=18.909 act+split=1.077 bmm2=9.705 unpad=3.731)
[test_group_bmm_fused_experts][half=noncontiguous] fused_group_bmm: 31.940 ms (bmm1=17.831 act+split=0.897 bmm2=9.449 unpad=3.763)
[test_group_bmm_fused_experts][half=noncontiguous] ref_mm_and_assert: 81.976 ms
[test_group_bmm_fused_experts][half=noncontiguous] unsort_and_weight: 0.905 ms
[test_group_bmm_fused_experts][half=noncontiguous] total: 160.009 ms (T=512, K=8, slots_in_half=1685, E_half=64)
[cpu_experts_worker pid=576195] end _test_group_bmm_fused_experts()
INFO 04-24 11:15:30.192491.192491 cpu_thread_manager_mp.py:438] CPU experts worker: _test_group_bmm_fused_experts() finished.
[test_group_bmm_fused_experts][half=noncontiguous] ref_mm_and_assert: 94.326 ms
[test_group_bmm_fused_experts][half=noncontiguous] unsort_and_weight: 0.543 ms
[test_group_bmm_fused_experts][half=noncontiguous] total: 184.861 ms (T=512, K=8, slots_in_half=1724, E_half=64)
[cpu_experts_worker pid=576196] end _test_group_bmm_fused_experts()
INFO 04-24 11:15:30.217077.217077 cpu_thread_manager_mp.py:438] CPU experts worker: _test_group_bmm_fused_experts() finished.
[test_group_bmm_fused_experts][half=noncontiguous] ref_mm_and_assert: 87.718 ms
[test_group_bmm_fused_experts][half=noncontiguous] unsort_and_weight: 0.962 ms
[test_group_bmm_fused_experts][half=noncontiguous] total: 175.774 ms (T=512, K=8, slots_in_half=1765, E_half=64)
[cpu_experts_worker pid=576197] end _test_group_bmm_fused_experts()
INFO 04-24 11:15:30.240354.240354 cpu_thread_manager_mp.py:438] CPU experts worker: _test_group_bmm_fused_experts() finished.
DEBUG 04-24 11:15:30.241055.241055 cuda_h.py:27] end init_mp_process cost 8729.711 ms
generate input ids cost 0.06961941719055176 s
DEBUG 04-24 11:15:36.852846.852846 cuda_h.py:27] end generate_input_ids cost 4248.588 ms
DEBUG 04-24 11:15:36.852839.852839 cuda_h.py:27] end init_cache cost 0.043 ms
DEBUG 04-24 11:15:36.852294.852294 cuda_h.py:27] end allocate_cuda_memory cost 0.271 ms
DEBUG 04-24 11:15:36.852353.852353 sllm_store_c.py:27] get device uuid map
DEBUG 04-24 11:15:36.852951.852951 sllm_store_c.py:29] call client load into gpu
DEBUG 04-24 11:15:36.855650.855650 cuda_h.py:27] end load_into_gpu_async cost 2.751 ms
DEBUG 04-24 11:15:36.855031.855031 cuda_h.py:27] end restore_tensors2 cost 0.053 ms
DEBUG 04-24 11:15:36.855708.855708 cuda_h.py:27] end allocate_cuda_memory_and_load_into_gpu cost 3.367 ms
DEBUG 04-24 11:15:36.855948.855948 cuda_h.py:27] end restore2model cost 0.216 ms
DEBUG 04-24 11:15:36.998776.998776 cuda_h.py:27] end allocate_cuda_memory cost 0.441 ms
DEBUG 04-24 11:15:36.998987.998987 sllm_store_c.py:27] get device uuid map
DEBUG 04-24 11:15:36.998342.998342 sllm_store_c.py:29] call client load into gpu
DEBUG 04-24 11:15:37.001462.001462 cuda_h.py:27] end load_into_gpu_async cost 3.290 ms
DEBUG 04-24 11:15:37.002010.002010 cuda_h.py:27] end restore_tensors2 cost 0.182 ms
DEBUG 04-24 11:15:37.002193.002193 cuda_h.py:27] end allocate_cuda_memory_and_load_into_gpu cost 4.826 ms
DEBUG 04-24 11:15:37.256502.256502 cuda_h.py:27] end restore2model cost 1.638 ms
DEBUG 04-24 11:15:37.256077.256077 cuda_h.py:27] end load_qkvogns_weight_l_0 cost 259.496 ms
DEBUG 04-24 11:15:37.256319.256319 cuda_h.py:27] end init_general_weights cost 404.735 ms
DEBUG 04-24 11:15:37.299955.299955 cuda_h.py:27] end init_inputs_tokens cost 42.447 ms
DEBUG 04-24 11:15:37.299882.299882 lmp.py:294] -------------------------------- start prefill layer 0 --------------------------------
DEBUG 04-24 11:15:37.299729.299729 cuda_h.py:27] end start_load_qkvogn_s_weight_l_1 cost 0.074 ms
DEBUG 04-24 11:15:37.300317.300317 cuda_h.py:27] end allocate_cuda_memory cost 0.332 ms
DEBUG 04-24 11:15:37.300077.300077 sllm_store_c.py:27] get device uuid map
DEBUG 04-24 11:15:37.301871.301871 sllm_store_c.py:29] call client load into gpu
DEBUG 04-24 11:15:37.304591.304591 cuda_h.py:27] end load_into_gpu_async cost 3.287 ms
DEBUG 04-24 11:15:37.304886.304886 cuda_h.py:27] end restore_tensors2 cost 0.176 ms
DEBUG 04-24 11:15:37.304427.304427 cuda_h.py:27] end allocate_cuda_memory_and_load_into_gpu cost 4.722 ms
DEBUG 04-24 11:15:37.313026.313026 cuda_h.py:27] end restore2model cost 1.369 ms
DEBUG 04-24 11:15:37.313713.313713 cuda_h.py:27] end sllm_worker_task cost 13.855 ms
DEBUG 04-24 11:15:37.488988.488988 cuda_h.py:27] end **self_attn cost 116.858 ms
DEBUG 04-24 11:15:37.488125.488125 cuda_h.py:27] end *iln_self_attn_paln cost 188.716 ms
DEBUG 04-24 11:15:37.646940.646940 cuda_h.py:27] end gate cost 157.172 ms
DEBUG 04-24 11:15:37.683418.683418 cuda_h.py:27] end experts_map_get cost 30.862 ms
DEBUG 04-24 11:15:37.683568.683568 cuda_h.py:27] end *before experts start* cost 194.744 ms
DEBUG 04-24 11:15:37.684452.684452 cuda_h.py:27] end cpu_experts_submit_fused_mp cost 0.253 ms
DEBUG 04-24 11:15:37.687865.687865 cuda_h.py:27] end *single cpu experts* cost 3.283 ms
DEBUG 04-24 11:15:37.688208.688208 sllm_store_c.py:27] get device uuid map
DEBUG 04-24 11:15:37.689775.689775 sllm_store_c.py:29] call client load into gpu
DEBUG 04-24 11:15:37.692566.692566 cuda_h.py:27] end load_into_gpu_async_fused_experts_dual cost 3.357 ms
DEBUG 04-24 11:15:37.692391.692391 cuda_h.py:27] end restore_tensors2_fused_experts_packed cost 0.060 ms
DEBUG 04-24 11:15:37.692565.692565 cuda_h.py:27] end restore_tensors2_fused_experts_slices cost 0.233 ms
DEBUG 04-24 11:15:37.692262.692262 cuda_h.py:27] end allocate_experts_cuda_memory_and_restore_model_multi_device_fused cost 5.813 ms
DEBUG 04-24 11:15:37.692886.692886 cuda_h.py:27] end gpu_sexperts cost 0.005 ms
DEBUG 04-24 11:15:37.693139.693139 cuda_h.py:27] end wait_load_qkvogn_s_weight cost 0.019 ms
DEBUG 04-24 11:15:37.725440.725440 cuda_h.py:27] end prepare_group_stack cost 38.195 ms
DEBUG 04-24 11:15:37.725315.725315 cuda_h.py:27] end prepare_group_stack cost 35.175 ms
DEBUG 04-24 11:15:37.725470.725470 cuda_h.py:27] end prepare_group_stack cost 36.163 ms
DEBUG 04-24 11:15:37.725384.725384 cuda_h.py:27] end prepare_group_stack cost 36.737 ms
DEBUG 04-24 11:15:37.737217.737217 cuda_h.py:27] end group stack cost 12.167 ms
DEBUG 04-24 11:15:37.737838.737838 cuda_h.py:27] end move_flatidxs_group_fused_mp cost 50.722 ms
DEBUG 04-24 11:15:37.737264.737264 cuda_h.py:27] end get_fused_experts_names_w cost 0.026 ms
DEBUG 04-24 11:15:37.738721.738721 cuda_h.py:27] end restore_fused_tensors cost 0.548 ms
DEBUG 04-24 11:15:37.738511.738511 cuda_h.py:27] end group_fused_tensors_mp cost 0.669 ms
DEBUG 04-24 11:15:37.741438.741438 cuda_h.py:27] end group stack cost 14.794 ms
DEBUG 04-24 11:15:37.741431.741431 cuda_h.py:27] end move_flatidxs_group_fused_mp cost 53.390 ms
DEBUG 04-24 11:15:37.741630.741630 cuda_h.py:27] end get_fused_experts_names_w cost 0.126 ms
DEBUG 04-24 11:15:37.741263.741263 cuda_h.py:27] end group stack cost 16.435 ms
DEBUG 04-24 11:15:37.742369.742369 cuda_h.py:27] end move_flatidxs_group_fused_mp cost 52.407 ms
DEBUG 04-24 11:15:37.742348.742348 cuda_h.py:27] end get_fused_experts_names_w cost 0.074 ms
DEBUG 04-24 11:15:37.742815.742815 cuda_h.py:27] end group stack cost 16.173 ms
DEBUG 04-24 11:15:37.742218.742218 cuda_h.py:27] end restore_fused_tensors cost 0.548 ms
DEBUG 04-24 11:15:37.742975.742975 cuda_h.py:27] end group_fused_tensors_mp cost 0.947 ms
DEBUG 04-24 11:15:37.742525.742525 cuda_h.py:27] end move_flatidxs_group_fused_mp cost 52.922 ms
DEBUG 04-24 11:15:37.742837.742837 cuda_h.py:27] end get_fused_experts_names_w cost 0.031 ms
DEBUG 04-24 11:15:37.742981.742981 cuda_h.py:27] end restore_fused_tensors cost 0.604 ms
DEBUG 04-24 11:15:37.742838.742838 cuda_h.py:27] end group_fused_tensors_mp cost 0.873 ms
DEBUG 04-24 11:15:37.743237.743237 cuda_h.py:27] end restore_fused_tensors cost 0.479 ms
DEBUG 04-24 11:15:37.743040.743040 cuda_h.py:27] end group_fused_tensors_mp cost 0.747 ms
DEBUG 04-24 11:15:37.747361.747361 mlpmodule.py:3373] [fused_group_bmm][steps] bmm1=4.351 ms split=0.081 ms act_mul=0.333 ms bmm2=4.000 ms
DEBUG 04-24 11:15:37.747073.747073 cuda_h.py:27] end fused_group_bmm cost 9.345 ms
DEBUG 04-24 11:15:37.749410.749410 cuda_h.py:27] end gather_outputs_group_fused_mp cost 1.306 ms
DEBUG 04-24 11:15:37.750700.750700 cuda_h.py:27] end cpu_experts_worker_bmm_or_einsum_0 cost 63.661 ms
DEBUG 04-24 11:15:37.755329.755329 mlpmodule.py:3373] [fused_group_bmm][steps] bmm1=7.934 ms split=0.209 ms act_mul=0.668 ms bmm2=3.899 ms
DEBUG 04-24 11:15:37.755715.755715 cuda_h.py:27] end fused_group_bmm cost 13.004 ms
DEBUG 04-24 11:15:37.755166.755166 mlpmodule.py:3373] [fused_group_bmm][steps] bmm1=7.522 ms split=0.118 ms act_mul=0.642 ms bmm2=3.961 ms
DEBUG 04-24 11:15:37.756732.756732 cuda_h.py:27] end fused_group_bmm cost 12.597 ms
DEBUG 04-24 11:15:37.756232.756232 mlpmodule.py:3373] [fused_group_bmm][steps] bmm1=8.186 ms split=0.226 ms act_mul=0.576 ms bmm2=3.913 ms
DEBUG 04-24 11:15:37.756879.756879 cuda_h.py:27] end prepare_per_device_parameters cost 63.184 ms
DEBUG 04-24 11:15:37.756822.756822 cuda_h.py:27] end fused_group_bmm cost 13.162 ms
DEBUG 04-24 11:15:37.757370.757370 cuda_h.py:27] end gather_outputs_group_fused_mp cost 0.719 ms
DEBUG 04-24 11:15:37.757599.757599 cuda_h.py:27] end gather_outputs_group_fused_mp cost 0.995 ms
DEBUG 04-24 11:15:37.757320.757320 cuda_h.py:27] end gather_outputs_group_fused_mp cost 0.647 ms
DEBUG 04-24 11:15:37.757954.757954 cuda_h.py:27] end cpu_experts_worker_bmm_or_einsum_1 cost 68.131 ms
DEBUG 04-24 11:15:37.758952.758952 cuda_h.py:27] end cpu_experts_worker_bmm_or_einsum_3 cost 68.885 ms
DEBUG 04-24 11:15:37.759475.759475 cuda_h.py:27] end cpu_experts_worker_bmm_or_einsum_2 cost 71.560 ms
DEBUG 04-24 11:15:37.780783.780783 cuda_h.py:27] end cpu_experts_scatter_reduce cost 19.618 ms
DEBUG 04-24 11:15:37.780378.780378 cuda_h.py:27] end cpu_thread_manager_mp_wait_fused cost 24.158 ms
DEBUG 04-24 11:15:37.783817.783817 cuda_h.py:27] end wait_experts_multi_device cost 2.109 ms
DEBUG 04-24 11:15:37.783220.783220 cuda_h.py:27] end *before fused experts* cost 96.122 ms
DEBUG 04-24 11:15:37.828572.828572 cuda_h.py:27] end gpu_experts_multi_device_fused cost 45.253 ms
DEBUG 04-24 11:15:37.828058.828058 cuda_h.py:27] end *gpu experts* cost 141.556 ms
DEBUG 04-24 11:15:37.828505.828505 cuda_h.py:27] end layer_moe_generate_mp_multi_device_fused_l_1 cost 339.817 ms
DEBUG 04-24 11:15:37.829102.829102 cuda_h.py:27] end *mlp cost 341.035 ms
DEBUG 04-24 11:15:37.830960.830960 cuda_h.py:27] end prefill_layer cost 530.413 ms
DEBUG 04-24 11:15:37.830047.830047 lmp.py:341] -------------------------------- end prefill layer 0 --------------------------------
DEBUG 04-24 11:15:37.830081.830081 lmp.py:294] -------------------------------- start prefill layer 1 --------------------------------
DEBUG 04-24 11:15:37.830474.830474 cuda_h.py:27] end start_load_qkvogn_s_weight_l_2 cost 0.043 ms
DEBUG 04-24 11:15:37.830458.830458 cuda_h.py:27] end allocate_cuda_memory cost 0.319 ms
DEBUG 04-24 11:15:37.831421.831421 sllm_store_c.py:27] get device uuid map
DEBUG 04-24 11:15:37.831797.831797 sllm_store_c.py:29] call client load into gpu
DEBUG 04-24 11:15:37.833289.833289 cuda_h.py:27] end **self_attn cost 1.744 ms
DEBUG 04-24 11:15:37.833707.833707 cuda_h.py:27] end *iln_self_attn_paln cost 3.069 ms
DEBUG 04-24 11:15:37.834833.834833 cuda_h.py:27] end gate cost 0.569 ms
DEBUG 04-24 11:15:37.834120.834120 cuda_h.py:27] end load_into_gpu_async cost 3.246 ms
DEBUG 04-24 11:15:37.834636.834636 cuda_h.py:27] end restore_tensors2 cost 0.173 ms
DEBUG 04-24 11:15:37.834077.834077 cuda_h.py:27] end allocate_cuda_memory_and_load_into_gpu cost 4.438 ms
DEBUG 04-24 11:15:37.835026.835026 cuda_h.py:27] end experts_map_get cost 0.650 ms
DEBUG 04-24 11:15:37.835513.835513 cuda_h.py:27] end *before experts start* cost 1.885 ms
DEBUG 04-24 11:15:37.835828.835828 cuda_h.py:27] end cpu_experts_submit_fused_mp cost 0.264 ms
DEBUG 04-24 11:15:37.837787.837787 cuda_h.py:27] end *single cpu experts* cost 2.193 ms
DEBUG 04-24 11:15:37.839570.839570 cuda_h.py:27] end prepare_group_stack cost 0.638 ms
DEBUG 04-24 11:15:37.840629.840629 sllm_store_c.py:27] get device uuid map
DEBUG 04-24 11:15:37.840873.840873 cuda_h.py:27] end prepare_group_stack cost 0.730 ms
DEBUG 04-24 11:15:37.840492.840492 sllm_store_c.py:29] call client load into gpu
DEBUG 04-24 11:15:37.840625.840625 cuda_h.py:27] end prepare_group_stack cost 0.745 ms
DEBUG 04-24 11:15:37.840264.840264 cuda_h.py:27] end group stack cost 1.522 ms
DEBUG 04-24 11:15:37.841850.841850 cuda_h.py:27] end move_flatidxs_group_fused_mp cost 2.711 ms
DEBUG 04-24 11:15:37.841323.841323 cuda_h.py:27] end get_fused_experts_names_w cost 0.041 ms
DEBUG 04-24 11:15:37.841420.841420 cuda_h.py:27] end prepare_group_stack cost 0.800 ms
DEBUG 04-24 11:15:37.842504.842504 cuda_h.py:27] end group stack cost 1.861 ms
DEBUG 04-24 11:15:37.842842.842842 cuda_h.py:27] end move_flatidxs_group_fused_mp cost 3.022 ms
DEBUG 04-24 11:15:37.842232.842232 cuda_h.py:27] end get_fused_experts_names_w cost 0.042 ms
DEBUG 04-24 11:15:37.842458.842458 cuda_h.py:27] end restore_fused_tensors cost 1.208 ms
DEBUG 04-24 11:15:37.843607.843607 cuda_h.py:27] end restore2model cost 0.524 ms
DEBUG 04-24 11:15:37.843128.843128 cuda_h.py:27] end sllm_worker_task cost 12.916 ms
DEBUG 04-24 11:15:37.843096.843096 cuda_h.py:27] end group_fused_tensors_mp cost 1.776 ms
DEBUG 04-24 11:15:37.843543.843543 cuda_h.py:27] end group stack cost 2.531 ms
DEBUG 04-24 11:15:37.843415.843415 cuda_h.py:27] end move_flatidxs_group_fused_mp cost 3.898 ms
DEBUG 04-24 11:15:37.843226.843226 cuda_h.py:27] end get_fused_experts_names_w cost 0.045 ms
DEBUG 04-24 11:15:37.844762.844762 cuda_h.py:27] end restore_fused_tensors cost 1.301 ms
DEBUG 04-24 11:15:37.844460.844460 cuda_h.py:27] end group stack cost 2.598 ms
DEBUG 04-24 11:15:37.844955.844955 cuda_h.py:27] end group_fused_tensors_mp cost 1.668 ms
DEBUG 04-24 11:15:37.844408.844408 cuda_h.py:27] end load_into_gpu_async_fused_experts_dual cost 4.301 ms
DEBUG 04-24 11:15:37.844633.844633 cuda_h.py:27] end move_flatidxs_group_fused_mp cost 4.058 ms
DEBUG 04-24 11:15:37.844197.844197 cuda_h.py:27] end restore_tensors2_fused_experts_packed cost 0.052 ms
DEBUG 04-24 11:15:37.844259.844259 cuda_h.py:27] end get_fused_experts_names_w cost 0.044 ms
DEBUG 04-24 11:15:37.845771.845771 cuda_h.py:27] end restore_tensors2_fused_experts_slices cost 0.273 ms
DEBUG 04-24 11:15:37.845509.845509 cuda_h.py:27] end allocate_experts_cuda_memory_and_restore_model_multi_device_fused cost 7.609 ms
DEBUG 04-24 11:15:37.845457.845457 cuda_h.py:27] end gpu_sexperts cost 0.004 ms
DEBUG 04-24 11:15:37.845624.845624 cuda_h.py:27] end restore_fused_tensors cost 1.148 ms
DEBUG 04-24 11:15:37.845434.845434 cuda_h.py:27] end wait_load_qkvogn_s_weight cost 0.018 ms
DEBUG 04-24 11:15:37.845044.845044 cuda_h.py:27] end group_fused_tensors_mp cost 1.745 ms
DEBUG 04-24 11:15:37.846871.846871 cuda_h.py:27] end restore_fused_tensors cost 1.234 ms
DEBUG 04-24 11:15:37.846558.846558 cuda_h.py:27] end group_fused_tensors_mp cost 1.675 ms
DEBUG 04-24 11:15:37.856395.856395 mlpmodule.py:3373] [fused_group_bmm][steps] bmm1=8.111 ms split=0.112 ms act_mul=0.622 ms bmm2=3.988 ms
DEBUG 04-24 11:15:37.856888.856888 cuda_h.py:27] end fused_group_bmm cost 13.125 ms
DEBUG 04-24 11:15:37.857748.857748 cuda_h.py:27] end gather_outputs_group_fused_mp cost 0.704 ms
DEBUG 04-24 11:15:37.858399.858399 cuda_h.py:27] end cpu_experts_worker_bmm_or_einsum_0 cost 20.693 ms
DEBUG 04-24 11:15:37.859007.859007 mlpmodule.py:3373] [fused_group_bmm][steps] bmm1=10.015 ms split=0.211 ms act_mul=0.428 ms bmm2=4.061 ms
DEBUG 04-24 11:15:37.859195.859195 cuda_h.py:27] end fused_group_bmm cost 15.031 ms
DEBUG 04-24 11:15:37.860709.860709 cuda_h.py:27] end gather_outputs_group_fused_mp cost 0.467 ms
DEBUG 04-24 11:15:37.860164.860164 cuda_h.py:27] end cpu_experts_worker_bmm_or_einsum_1 cost 22.382 ms
DEBUG 04-24 11:15:37.861753.861753 cuda_h.py:27] end prepare_per_device_parameters cost 15.403 ms
DEBUG 04-24 11:15:37.862417.862417 mlpmodule.py:3373] [fused_group_bmm][steps] bmm1=10.798 ms split=0.255 ms act_mul=0.512 ms bmm2=5.367 ms
DEBUG 04-24 11:15:37.863718.863718 cuda_h.py:27] end fused_group_bmm cost 17.276 ms
DEBUG 04-24 11:15:37.864623.864623 cuda_h.py:27] end gather_outputs_group_fused_mp cost 0.624 ms
DEBUG 04-24 11:15:37.864775.864775 cuda_h.py:27] end cpu_experts_worker_bmm_or_einsum_3 cost 26.375 ms
DEBUG 04-24 11:15:37.864442.864442 mlpmodule.py:3373] [fused_group_bmm][steps] bmm1=11.943 ms split=0.155 ms act_mul=0.543 ms bmm2=5.303 ms
DEBUG 04-24 11:15:37.865388.865388 cuda_h.py:27] end fused_group_bmm cost 18.372 ms
DEBUG 04-24 11:15:37.866980.866980 cuda_h.py:27] end gather_outputs_group_fused_mp cost 0.687 ms
DEBUG 04-24 11:15:37.866685.866685 cuda_h.py:27] end cpu_experts_worker_bmm_or_einsum_2 cost 27.073 ms
DEBUG 04-24 11:15:37.869248.869248 cuda_h.py:27] end cpu_experts_scatter_reduce cost 1.838 ms
DEBUG 04-24 11:15:37.869634.869634 cuda_h.py:27] end cpu_thread_manager_mp_wait_fused cost 8.498 ms
DEBUG 04-24 11:15:37.872696.872696 cuda_h.py:27] end wait_experts_multi_device cost 1.966 ms
DEBUG 04-24 11:15:37.872138.872138 cuda_h.py:27] end *before fused experts* cost 34.508 ms
DEBUG 04-24 11:15:37.879075.879075 cuda_h.py:27] end gpu_experts_multi_device_fused cost 6.718 ms
DEBUG 04-24 11:15:37.879224.879224 cuda_h.py:27] end *gpu experts* cost 41.638 ms
DEBUG 04-24 11:15:37.879710.879710 cuda_h.py:27] end layer_moe_generate_mp_multi_device_fused_l_2 cost 45.957 ms
DEBUG 04-24 11:15:37.880164.880164 cuda_h.py:27] end *mlp cost 47.237 ms
DEBUG 04-24 11:15:37.880936.880936 cuda_h.py:27] end prefill_layer cost 50.663 ms
DEBUG 04-24 11:15:37.880845.880845 lmp.py:341] -------------------------------- end prefill layer 1 --------------------------------
DEBUG 04-24 11:15:37.880184.880184 lmp.py:294] -------------------------------- start prefill layer 2 --------------------------------
DEBUG 04-24 11:15:37.880928.880928 cuda_h.py:27] end start_load_qkvogn_s_weight_l_3 cost 0.053 ms
DEBUG 04-24 11:15:37.881887.881887 cuda_h.py:27] end allocate_cuda_memory cost 0.214 ms
DEBUG 04-24 11:15:37.881315.881315 sllm_store_c.py:27] get device uuid map
DEBUG 04-24 11:15:37.881300.881300 sllm_store_c.py:29] call client load into gpu
DEBUG 04-24 11:15:37.883906.883906 cuda_h.py:27] end **self_attn cost 1.261 ms
DEBUG 04-24 11:15:37.883047.883047 cuda_h.py:27] end *iln_self_attn_paln cost 2.609 ms
DEBUG 04-24 11:15:37.883484.883484 cuda_h.py:27] end load_into_gpu_async cost 2.480 ms
DEBUG 04-24 11:15:37.884104.884104 cuda_h.py:27] end restore_tensors2 cost 0.085 ms
DEBUG 04-24 11:15:37.884994.884994 cuda_h.py:27] end allocate_cuda_memory_and_load_into_gpu cost 3.035 ms
DEBUG 04-24 11:15:37.884771.884771 cuda_h.py:27] end gate cost 1.034 ms
DEBUG 04-24 11:15:37.885613.885613 cuda_h.py:27] end experts_map_get cost 0.322 ms
DEBUG 04-24 11:15:37.885588.885588 cuda_h.py:27] end *before experts start* cost 1.507 ms
DEBUG 04-24 11:15:37.885054.885054 cuda_h.py:27] end cpu_experts_submit_fused_mp cost 0.245 ms
DEBUG 04-24 11:15:37.886404.886404 cuda_h.py:27] end *single cpu experts* cost 1.374 ms
DEBUG 04-24 11:15:37.888927.888927 cuda_h.py:27] end prepare_group_stack cost 0.410 ms
DEBUG 04-24 11:15:37.889515.889515 sllm_store_c.py:27] get device uuid map
DEBUG 04-24 11:15:37.889517.889517 sllm_store_c.py:29] call client load into gpu
DEBUG 04-24 11:15:37.889483.889483 cuda_h.py:27] end group stack cost 0.705 ms
DEBUG 04-24 11:15:37.889718.889718 cuda_h.py:27] end move_flatidxs_group_fused_mp cost 1.328 ms
DEBUG 04-24 11:15:37.889823.889823 cuda_h.py:27] end get_fused_experts_names_w cost 0.025 ms
DEBUG 04-24 11:15:37.889068.889068 cuda_h.py:27] end prepare_group_stack cost 0.552 ms
DEBUG 04-24 11:15:37.889112.889112 cuda_h.py:27] end prepare_group_stack cost 0.602 ms
DEBUG 04-24 11:15:37.889951.889951 cuda_h.py:27] end prepare_group_stack cost 0.648 ms
DEBUG 04-24 11:15:37.890126.890126 cuda_h.py:27] end restore_fused_tensors cost 0.593 ms
DEBUG 04-24 11:15:37.890115.890115 cuda_h.py:27] end group_fused_tensors_mp cost 0.842 ms
DEBUG 04-24 11:15:37.891250.891250 cuda_h.py:27] end group stack cost 1.340 ms
DEBUG 04-24 11:15:37.891656.891656 cuda_h.py:27] end group stack cost 1.590 ms
DEBUG 04-24 11:15:37.891698.891698 cuda_h.py:27] end move_flatidxs_group_fused_mp cost 2.320 ms
DEBUG 04-24 11:15:37.891627.891627 cuda_h.py:27] end move_flatidxs_group_fused_mp cost 2.423 ms
DEBUG 04-24 11:15:37.891258.891258 cuda_h.py:27] end get_fused_experts_names_w cost 0.033 ms
DEBUG 04-24 11:15:37.891796.891796 cuda_h.py:27] end get_fused_experts_names_w cost 0.031 ms
DEBUG 04-24 11:15:37.891111.891111 cuda_h.py:27] end group stack cost 1.853 ms
DEBUG 04-24 11:15:37.892886.892886 cuda_h.py:27] end move_flatidxs_group_fused_mp cost 3.091 ms
DEBUG 04-24 11:15:37.892477.892477 cuda_h.py:27] end restore_fused_tensors cost 0.706 ms
DEBUG 04-24 11:15:37.892380.892380 cuda_h.py:27] end restore2model cost 0.591 ms
DEBUG 04-24 11:15:37.892629.892629 cuda_h.py:27] end restore_fused_tensors cost 0.726 ms
DEBUG 04-24 11:15:37.892923.892923 cuda_h.py:27] end group_fused_tensors_mp cost 1.078 ms
DEBUG 04-24 11:15:37.892420.892420 cuda_h.py:27] end sllm_worker_task cost 11.422 ms
DEBUG 04-24 11:15:37.892281.892281 cuda_h.py:27] end group_fused_tensors_mp cost 1.143 ms
DEBUG 04-24 11:15:37.892653.892653 cuda_h.py:27] end get_fused_experts_names_w cost 0.041 ms
DEBUG 04-24 11:15:37.894141.894141 cuda_h.py:27] end restore_fused_tensors cost 1.246 ms
DEBUG 04-24 11:15:37.894384.894384 cuda_h.py:27] end group_fused_tensors_mp cost 1.710 ms
DEBUG 04-24 11:15:37.894350.894350 cuda_h.py:27] end load_into_gpu_async_fused_experts_dual cost 5.163 ms
DEBUG 04-24 11:15:37.894640.894640 cuda_h.py:27] end restore_tensors2_fused_experts_packed cost 0.219 ms
DEBUG 04-24 11:15:37.895625.895625 cuda_h.py:27] end restore_tensors2_fused_experts_slices cost 0.403 ms
DEBUG 04-24 11:15:37.895099.895099 cuda_h.py:27] end allocate_experts_cuda_memory_and_restore_model_multi_device_fused cost 8.449 ms
DEBUG 04-24 11:15:37.895097.895097 cuda_h.py:27] end gpu_sexperts cost 0.014 ms
DEBUG 04-24 11:15:37.895682.895682 cuda_h.py:27] end wait_load_qkvogn_s_weight cost 0.029 ms
DEBUG 04-24 11:15:37.901923.901923 mlpmodule.py:3373] [fused_group_bmm][steps] bmm1=6.184 ms split=0.161 ms act_mul=0.497 ms bmm2=4.719 ms
DEBUG 04-24 11:15:37.902097.902097 cuda_h.py:27] end fused_group_bmm cost 11.873 ms
DEBUG 04-24 11:15:37.902937.902937 cuda_h.py:27] end gather_outputs_group_fused_mp cost 0.493 ms
DEBUG 04-24 11:15:37.903335.903335 cuda_h.py:27] end cpu_experts_worker_bmm_or_einsum_0 cost 16.512 ms
DEBUG 04-24 11:15:37.908320.908320 mlpmodule.py:3373] [fused_group_bmm][steps] bmm1=8.524 ms split=0.258 ms act_mul=0.607 ms bmm2=5.913 ms
DEBUG 04-24 11:15:37.908496.908496 cuda_h.py:27] end fused_group_bmm cost 15.941 ms
DEBUG 04-24 11:15:37.908540.908540 mlpmodule.py:3373] [fused_group_bmm][steps] bmm1=9.207 ms split=0.197 ms act_mul=0.595 ms bmm2=6.182 ms
DEBUG 04-24 11:15:37.909794.909794 cuda_h.py:27] end fused_group_bmm cost 16.539 ms
DEBUG 04-24 11:15:37.909072.909072 cuda_h.py:27] end gather_outputs_group_fused_mp cost 0.661 ms
DEBUG 04-24 11:15:37.909291.909291 mlpmodule.py:3373] [fused_group_bmm][steps] bmm1=9.946 ms split=0.134 ms act_mul=0.690 ms bmm2=4.530 ms
DEBUG 04-24 11:15:37.910749.910749 cuda_h.py:27] end fused_group_bmm cost 15.568 ms
DEBUG 04-24 11:15:37.910823.910823 cuda_h.py:27] end gather_outputs_group_fused_mp cost 0.640 ms
DEBUG 04-24 11:15:37.910033.910033 cuda_h.py:27] end cpu_experts_worker_bmm_or_einsum_3 cost 22.366 ms
DEBUG 04-24 11:15:37.910592.910592 cuda_h.py:27] end gather_outputs_group_fused_mp cost 0.460 ms
DEBUG 04-24 11:15:37.910187.910187 cuda_h.py:27] end cpu_experts_worker_bmm_or_einsum_2 cost 22.960 ms
DEBUG 04-24 11:15:37.911482.911482 cuda_h.py:27] end cpu_experts_worker_bmm_or_einsum_1 cost 23.191 ms
DEBUG 04-24 11:15:37.912307.912307 cuda_h.py:27] end prepare_per_device_parameters cost 16.326 ms
DEBUG 04-24 11:15:37.914134.914134 cuda_h.py:27] end cpu_experts_scatter_reduce cost 0.652 ms
DEBUG 04-24 11:15:37.914189.914189 cuda_h.py:27] end cpu_thread_manager_mp_wait_fused cost 2.116 ms
DEBUG 04-24 11:15:37.918470.918470 cuda_h.py:27] end wait_experts_multi_device cost 3.998 ms
DEBUG 04-24 11:15:37.918929.918929 cuda_h.py:27] end *before fused experts* cost 31.643 ms
DEBUG 04-24 11:15:37.923414.923414 cuda_h.py:27] end gpu_experts_multi_device_fused cost 4.956 ms
DEBUG 04-24 11:15:37.923277.923277 cuda_h.py:27] end *gpu experts* cost 36.710 ms
DEBUG 04-24 11:15:37.923757.923757 cuda_h.py:27] end layer_moe_generate_mp_multi_device_fused_l_3 cost 39.762 ms
DEBUG 04-24 11:15:37.924416.924416 cuda_h.py:27] end *mlp cost 41.055 ms
DEBUG 04-24 11:15:37.924406.924406 cuda_h.py:27] end prefill_layer cost 44.018 ms
DEBUG 04-24 11:15:37.924493.924493 lmp.py:341] -------------------------------- end prefill layer 2 --------------------------------
DEBUG 04-24 11:15:37.925604.925604 lmp.py:294] -------------------------------- start prefill layer 3 --------------------------------
DEBUG 04-24 11:15:37.925912.925912 cuda_h.py:27] end start_load_qkvogn_s_weight_l_4 cost 0.045 ms
DEBUG 04-24 11:15:37.925889.925889 cuda_h.py:27] end allocate_cuda_memory cost 0.198 ms
DEBUG 04-24 11:15:37.925808.925808 sllm_store_c.py:27] get device uuid map
DEBUG 04-24 11:15:37.925574.925574 sllm_store_c.py:29] call client load into gpu
DEBUG 04-24 11:15:37.927673.927673 cuda_h.py:27] end **self_attn cost 1.348 ms
DEBUG 04-24 11:15:37.927853.927853 cuda_h.py:27] end *iln_self_attn_paln cost 2.644 ms
DEBUG 04-24 11:15:37.928011.928011 cuda_h.py:27] end load_into_gpu_async cost 2.709 ms
DEBUG 04-24 11:15:37.928746.928746 cuda_h.py:27] end restore_tensors2 cost 0.089 ms
DEBUG 04-24 11:15:37.928834.928834 cuda_h.py:27] end gate cost 0.745 ms
DEBUG 04-24 11:15:37.928902.928902 cuda_h.py:27] end allocate_cuda_memory_and_load_into_gpu cost 3.422 ms
DEBUG 04-24 11:15:37.929446.929446 cuda_h.py:27] end experts_map_get cost 0.366 ms
DEBUG 04-24 11:15:37.929886.929886 cuda_h.py:27] end *before experts start* cost 1.492 ms
DEBUG 04-24 11:15:37.929908.929908 cuda_h.py:27] end cpu_experts_submit_fused_mp cost 0.229 ms
DEBUG 04-24 11:15:37.931250.931250 cuda_h.py:27] end *single cpu experts* cost 1.950 ms
DEBUG 04-24 11:15:37.932630.932630 cuda_h.py:27] end prepare_group_stack cost 0.472 ms
DEBUG 04-24 11:15:37.932154.932154 cuda_h.py:27] end prepare_group_stack cost 0.445 ms
DEBUG 04-24 11:15:37.933744.933744 cuda_h.py:27] end group stack cost 1.088 ms
DEBUG 04-24 11:15:37.933070.933070 cuda_h.py:27] end prepare_group_stack cost 0.711 ms
DEBUG 04-24 11:15:37.933497.933497 cuda_h.py:27] end move_flatidxs_group_fused_mp cost 1.808 ms
DEBUG 04-24 11:15:37.933703.933703 sllm_store_c.py:27] get device uuid map
DEBUG 04-24 11:15:37.934415.934415 cuda_h.py:27] end group stack cost 1.404 ms
DEBUG 04-24 11:15:37.934188.934188 sllm_store_c.py:29] call client load into gpu
DEBUG 04-24 11:15:37.934063.934063 cuda_h.py:27] end get_fused_experts_names_w cost 0.029 ms
DEBUG 04-24 11:15:37.934891.934891 cuda_h.py:27] end move_flatidxs_group_fused_mp cost 2.156 ms
DEBUG 04-24 11:15:37.934115.934115 cuda_h.py:27] end get_fused_experts_names_w cost 0.026 ms
DEBUG 04-24 11:15:37.934416.934416 cuda_h.py:27] end prepare_group_stack cost 0.462 ms
DEBUG 04-24 11:15:37.935517.935517 cuda_h.py:27] end restore_fused_tensors cost 0.532 ms
DEBUG 04-24 11:15:37.935883.935883 cuda_h.py:27] end group_fused_tensors_mp cost 0.807 ms
DEBUG 04-24 11:15:37.935433.935433 cuda_h.py:27] end restore_fused_tensors cost 0.830 ms
DEBUG 04-24 11:15:37.935872.935872 cuda_h.py:27] end group stack cost 0.836 ms
DEBUG 04-24 11:15:37.935027.935027 cuda_h.py:27] end group_fused_tensors_mp cost 1.341 ms
DEBUG 04-24 11:15:37.935505.935505 cuda_h.py:27] end move_flatidxs_group_fused_mp cost 1.563 ms
DEBUG 04-24 11:15:37.936953.936953 cuda_h.py:27] end get_fused_experts_names_w cost 0.028 ms
DEBUG 04-24 11:15:37.936395.936395 cuda_h.py:27] end group stack cost 2.399 ms
DEBUG 04-24 11:15:37.936840.936840 cuda_h.py:27] end move_flatidxs_group_fused_mp cost 3.558 ms
DEBUG 04-24 11:15:37.936410.936410 cuda_h.py:27] end get_fused_experts_names_w cost 0.049 ms
DEBUG 04-24 11:15:37.937978.937978 cuda_h.py:27] end restore_fused_tensors cost 0.706 ms
DEBUG 04-24 11:15:37.937160.937160 cuda_h.py:27] end group_fused_tensors_mp cost 0.889 ms
DEBUG 04-24 11:15:37.937725.937725 cuda_h.py:27] end restore2model cost 0.604 ms
DEBUG 04-24 11:15:37.937411.937411 cuda_h.py:27] end sllm_worker_task cost 12.085 ms
DEBUG 04-24 11:15:37.938249.938249 cuda_h.py:27] end load_into_gpu_async_fused_experts_dual cost 4.056 ms
DEBUG 04-24 11:15:37.938449.938449 cuda_h.py:27] end restore_fused_tensors cost 1.099 ms
DEBUG 04-24 11:15:37.938284.938284 cuda_h.py:27] end restore_tensors2_fused_experts_packed cost 0.131 ms
DEBUG 04-24 11:15:37.938564.938564 cuda_h.py:27] end group_fused_tensors_mp cost 1.722 ms
DEBUG 04-24 11:15:37.939065.939065 cuda_h.py:27] end restore_tensors2_fused_experts_slices cost 0.473 ms
DEBUG 04-24 11:15:37.939039.939039 cuda_h.py:27] end allocate_experts_cuda_memory_and_restore_model_multi_device_fused cost 7.656 ms
DEBUG 04-24 11:15:37.939432.939432 cuda_h.py:27] end gpu_sexperts cost 0.020 ms
DEBUG 04-24 11:15:37.939721.939721 cuda_h.py:27] end wait_load_qkvogn_s_weight cost 0.043 ms
DEBUG 04-24 11:15:37.947896.947896 mlpmodule.py:3373] [fused_group_bmm][steps] bmm1=7.009 ms split=0.125 ms act_mul=0.402 ms bmm2=3.926 ms
DEBUG 04-24 11:15:37.947739.947739 cuda_h.py:27] end fused_group_bmm cost 11.777 ms
DEBUG 04-24 11:15:37.948970.948970 cuda_h.py:27] end gather_outputs_group_fused_mp cost 0.501 ms
DEBUG 04-24 11:15:37.948237.948237 cuda_h.py:27] end cpu_experts_worker_bmm_or_einsum_0 cost 17.753 ms
DEBUG 04-24 11:15:37.950430.950430 mlpmodule.py:3373] [fused_group_bmm][steps] bmm1=8.180 ms split=0.190 ms act_mul=0.364 ms bmm2=6.426 ms
DEBUG 04-24 11:15:37.950250.950250 cuda_h.py:27] end fused_group_bmm cost 15.583 ms
DEBUG 04-24 11:15:37.951831.951831 mlpmodule.py:3373] [fused_group_bmm][steps] bmm1=8.909 ms split=0.202 ms act_mul=0.569 ms bmm2=4.215 ms
DEBUG 04-24 11:15:37.951066.951066 cuda_h.py:27] end prepare_per_device_parameters cost 11.272 ms
DEBUG 04-24 11:15:37.951541.951541 cuda_h.py:27] end fused_group_bmm cost 14.171 ms
DEBUG 04-24 11:15:37.951359.951359 cuda_h.py:27] end gather_outputs_group_fused_mp cost 0.647 ms
DEBUG 04-24 11:15:37.952878.952878 cuda_h.py:27] end gather_outputs_group_fused_mp cost 0.457 ms
DEBUG 04-24 11:15:37.952919.952919 cuda_h.py:27] end cpu_experts_worker_bmm_or_einsum_3 cost 21.312 ms
DEBUG 04-24 11:15:37.952134.952134 cuda_h.py:27] end cpu_experts_worker_bmm_or_einsum_1 cost 19.824 ms
DEBUG 04-24 11:15:37.955076.955076 mlpmodule.py:3373] [fused_group_bmm][steps] bmm1=10.274 ms split=0.264 ms act_mul=0.498 ms bmm2=5.144 ms
DEBUG 04-24 11:15:37.955561.955561 cuda_h.py:27] end fused_group_bmm cost 16.480 ms
DEBUG 04-24 11:15:37.956917.956917 cuda_h.py:27] end gather_outputs_group_fused_mp cost 0.638 ms
DEBUG 04-24 11:15:37.956202.956202 cuda_h.py:27] end cpu_experts_worker_bmm_or_einsum_2 cost 24.603 ms
DEBUG 04-24 11:15:37.958108.958108 cuda_h.py:27] end cpu_experts_scatter_reduce cost 0.925 ms
DEBUG 04-24 11:15:37.958703.958703 cuda_h.py:27] end cpu_thread_manager_mp_wait_fused cost 7.423 ms
DEBUG 04-24 11:15:37.963281.963281 cuda_h.py:27] end wait_experts_multi_device cost 4.550 ms
DEBUG 04-24 11:15:37.963045.963045 cuda_h.py:27] end *before fused experts* cost 31.968 ms
DEBUG 04-24 11:15:37.968280.968280 cuda_h.py:27] end gpu_experts_multi_device_fused cost 4.709 ms
DEBUG 04-24 11:15:37.968668.968668 cuda_h.py:27] end *gpu experts* cost 36.920 ms
DEBUG 04-24 11:15:37.968353.968353 cuda_h.py:27] end layer_moe_generate_mp_multi_device_fused_l_4 cost 40.560 ms
DEBUG 04-24 11:15:37.970273.970273 cuda_h.py:27] end *mlp cost 41.944 ms
DEBUG 04-24 11:15:37.970543.970543 cuda_h.py:27] end prefill_layer cost 44.827 ms
DEBUG 04-24 11:15:37.970405.970405 lmp.py:341] -------------------------------- end prefill layer 3 --------------------------------
DEBUG 04-24 11:15:37.970008.970008 lmp.py:294] -------------------------------- start prefill layer 4 --------------------------------
DEBUG 04-24 11:15:37.970290.970290 cuda_h.py:27] end start_load_qkvogn_s_weight_l_5 cost 0.046 ms
DEBUG 04-24 11:15:37.970459.970459 cuda_h.py:27] end allocate_cuda_memory cost 0.214 ms
DEBUG 04-24 11:15:37.970405.970405 sllm_store_c.py:27] get device uuid map
DEBUG 04-24 11:15:37.970940.970940 sllm_store_c.py:29] call client load into gpu
DEBUG 04-24 11:15:37.972786.972786 cuda_h.py:27] end **self_attn cost 1.532 ms
DEBUG 04-24 11:15:37.972073.972073 cuda_h.py:27] end *iln_self_attn_paln cost 2.685 ms
DEBUG 04-24 11:15:37.973436.973436 cuda_h.py:27] end load_into_gpu_async cost 2.306 ms
DEBUG 04-24 11:15:37.973385.973385 cuda_h.py:27] end restore_tensors2 cost 0.091 ms
DEBUG 04-24 11:15:37.973256.973256 cuda_h.py:27] end allocate_cuda_memory_and_load_into_gpu cost 3.085 ms
DEBUG 04-24 11:15:37.974941.974941 cuda_h.py:27] end gate cost 0.989 ms
DEBUG 04-24 11:15:37.974882.974882 cuda_h.py:27] end experts_map_get cost 0.325 ms
DEBUG 04-24 11:15:37.974572.974572 cuda_h.py:27] end *before experts start* cost 1.465 ms
DEBUG 04-24 11:15:37.974078.974078 cuda_h.py:27] end cpu_experts_submit_fused_mp cost 0.239 ms
DEBUG 04-24 11:15:37.976834.976834 cuda_h.py:27] end *single cpu experts* cost 1.842 ms
DEBUG 04-24 11:15:37.977906.977906 cuda_h.py:27] end prepare_group_stack cost 0.399 ms
DEBUG 04-24 11:15:37.978249.978249 cuda_h.py:27] end prepare_group_stack cost 0.523 ms
DEBUG 04-24 11:15:37.978291.978291 cuda_h.py:27] end group stack cost 0.713 ms
DEBUG 04-24 11:15:37.978049.978049 cuda_h.py:27] end move_flatidxs_group_fused_mp cost 1.332 ms
DEBUG 04-24 11:15:37.978813.978813 cuda_h.py:27] end prepare_group_stack cost 0.632 ms
DEBUG 04-24 11:15:37.978605.978605 cuda_h.py:27] end get_fused_experts_names_w cost 0.024 ms
DEBUG 04-24 11:15:37.978548.978548 cuda_h.py:27] end prepare_group_stack cost 0.599 ms
DEBUG 04-24 11:15:37.979411.979411 sllm_store_c.py:27] get device uuid map
DEBUG 04-24 11:15:37.979036.979036 sllm_store_c.py:29] call client load into gpu
DEBUG 04-24 11:15:37.979192.979192 cuda_h.py:27] end restore_fused_tensors cost 0.549 ms
DEBUG 04-24 11:15:37.979419.979419 cuda_h.py:27] end group_fused_tensors_mp cost 0.804 ms
DEBUG 04-24 11:15:37.979137.979137 cuda_h.py:27] end group stack cost 1.515 ms
DEBUG 04-24 11:15:37.979392.979392 cuda_h.py:27] end move_flatidxs_group_fused_mp cost 2.259 ms
DEBUG 04-24 11:15:37.980986.980986 cuda_h.py:27] end get_fused_experts_names_w cost 0.029 ms
DEBUG 04-24 11:15:37.980813.980813 cuda_h.py:27] end group stack cost 1.781 ms
DEBUG 04-24 11:15:37.980393.980393 cuda_h.py:27] end move_flatidxs_group_fused_mp cost 2.948 ms
DEBUG 04-24 11:15:37.980513.980513 cuda_h.py:27] end get_fused_experts_names_w cost 0.042 ms
DEBUG 04-24 11:15:37.980336.980336 cuda_h.py:27] end restore_fused_tensors cost 0.606 ms
DEBUG 04-24 11:15:37.981054.981054 cuda_h.py:27] end group stack cost 2.084 ms
DEBUG 04-24 11:15:37.981620.981620 cuda_h.py:27] end group_fused_tensors_mp cost 0.955 ms
DEBUG 04-24 11:15:37.981351.981351 cuda_h.py:27] end move_flatidxs_group_fused_mp cost 3.039 ms
DEBUG 04-24 11:15:37.981166.981166 cuda_h.py:27] end get_fused_experts_names_w cost 0.044 ms
DEBUG 04-24 11:15:37.982125.982125 cuda_h.py:27] end restore_fused_tensors cost 1.259 ms
DEBUG 04-24 11:15:37.982746.982746 cuda_h.py:27] end group_fused_tensors_mp cost 1.660 ms
DEBUG 04-24 11:15:37.982439.982439 cuda_h.py:27] end restore_fused_tensors cost 1.007 ms
DEBUG 04-24 11:15:37.982270.982270 cuda_h.py:27] end group_fused_tensors_mp cost 1.564 ms
DEBUG 04-24 11:15:37.983151.983151 cuda_h.py:27] end restore2model cost 0.672 ms
DEBUG 04-24 11:15:37.984513.984513 cuda_h.py:27] end sllm_worker_task cost 13.741 ms
DEBUG 04-24 11:15:37.985552.985552 cuda_h.py:27] end load_into_gpu_async_fused_experts_dual cost 6.766 ms
DEBUG 04-24 11:15:37.986785.986785 cuda_h.py:27] end restore_tensors2_fused_experts_packed cost 0.294 ms
DEBUG 04-24 11:15:37.987007.987007 cuda_h.py:27] end restore_tensors2_fused_experts_slices cost 0.855 ms
DEBUG 04-24 11:15:37.987874.987874 cuda_h.py:27] end allocate_experts_cuda_memory_and_restore_model_multi_device_fused cost 11.390 ms
DEBUG 04-24 11:15:37.988011.988011 cuda_h.py:27] end gpu_sexperts cost 0.019 ms
DEBUG 04-24 11:15:37.988126.988126 cuda_h.py:27] end wait_load_qkvogn_s_weight cost 0.049 ms
DEBUG 04-24 11:15:37.989560.989560 mlpmodule.py:3373] [fused_group_bmm][steps] bmm1=4.853 ms split=0.082 ms act_mul=0.363 ms bmm2=4.213 ms
DEBUG 04-24 11:15:37.989553.989553 cuda_h.py:27] end fused_group_bmm cost 9.754 ms
DEBUG 04-24 11:15:37.989001.989001 cuda_h.py:27] end gather_outputs_group_fused_mp cost 0.451 ms
DEBUG 04-24 11:15:37.990727.990727 cuda_h.py:27] end cpu_experts_worker_bmm_or_einsum_0 cost 14.438 ms
DEBUG 04-24 11:15:37.995599.995599 mlpmodule.py:3373] [fused_group_bmm][steps] bmm1=7.830 ms split=0.147 ms act_mul=0.553 ms bmm2=5.986 ms
DEBUG 04-24 11:15:37.996961.996961 cuda_h.py:27] end fused_group_bmm cost 14.949 ms
DEBUG 04-24 11:15:37.997180.997180 mlpmodule.py:3373] [fused_group_bmm][steps] bmm1=9.036 ms split=0.111 ms act_mul=0.356 ms bmm2=4.461 ms
DEBUG 04-24 11:15:37.997304.997304 cuda_h.py:27] end gather_outputs_group_fused_mp cost 0.677 ms
DEBUG 04-24 11:15:37.997168.997168 cuda_h.py:27] end fused_group_bmm cost 14.235 ms
DEBUG 04-24 11:15:37.997922.997922 cuda_h.py:27] end cpu_experts_worker_bmm_or_einsum_2 cost 20.955 ms
DEBUG 04-24 11:15:37.998565.998565 cuda_h.py:27] end gather_outputs_group_fused_mp cost 0.520 ms
DEBUG 04-24 11:15:37.998138.998138 cuda_h.py:27] end cpu_experts_worker_bmm_or_einsum_1 cost 21.552 ms
DEBUG 04-24 11:15:37.998224.998224 mlpmodule.py:3373] [fused_group_bmm][steps] bmm1=8.999 ms split=0.139 ms act_mul=0.550 ms bmm2=5.751 ms
DEBUG 04-24 11:15:37.999903.999903 cuda_h.py:27] end fused_group_bmm cost 15.779 ms
DEBUG 04-24 11:15:37.999900.999900 cuda_h.py:27] end gather_outputs_group_fused_mp cost 0.717 ms
DEBUG 04-24 11:15:38.000524.000524 cuda_h.py:27] end cpu_experts_worker_bmm_or_einsum_3 cost 23.002 ms
DEBUG 04-24 11:15:38.002965.002965 cuda_h.py:27] end prepare_per_device_parameters cost 14.241 ms
DEBUG 04-24 11:15:38.005025.005025 cuda_h.py:27] end cpu_experts_scatter_reduce cost 0.707 ms
DEBUG 04-24 11:15:38.005896.005896 cuda_h.py:27] end cpu_thread_manager_mp_wait_fused cost 2.401 ms
DEBUG 04-24 11:15:38.007312.007312 cuda_h.py:27] end wait_experts_multi_device cost 2.517 ms
DEBUG 04-24 11:15:38.008864.008864 cuda_h.py:27] end *before fused experts* cost 31.487 ms
DEBUG 04-24 11:15:38.012226.012226 cuda_h.py:27] end gpu_experts_multi_device_fused cost 4.059 ms
DEBUG 04-24 11:15:38.012752.012752 cuda_h.py:27] end *gpu experts* cost 35.653 ms
DEBUG 04-24 11:15:38.012509.012509 cuda_h.py:27] end layer_moe_generate_mp_multi_device_fused_l_5 cost 39.129 ms
DEBUG 04-24 11:15:38.013891.013891 cuda_h.py:27] end *mlp cost 40.464 ms
DEBUG 04-24 11:15:38.013888.013888 cuda_h.py:27] end prefill_layer cost 43.484 ms
DEBUG 04-24 11:15:38.013498.013498 lmp.py:341] -------------------------------- end prefill layer 4 --------------------------------
DEBUG 04-24 11:15:38.014782.014782 lmp.py:294] -------------------------------- start prefill layer 5 --------------------------------
DEBUG 04-24 11:15:38.014883.014883 cuda_h.py:27] end start_load_qkvogn_s_weight_l_6 cost 0.039 ms
DEBUG 04-24 11:15:38.014019.014019 cuda_h.py:27] end allocate_cuda_memory cost 0.330 ms
DEBUG 04-24 11:15:38.014835.014835 sllm_store_c.py:27] get device uuid map
DEBUG 04-24 11:15:38.015899.015899 sllm_store_c.py:29] call client load into gpu
DEBUG 04-24 11:15:38.017732.017732 cuda_h.py:27] end load_into_gpu_async cost 2.455 ms
DEBUG 04-24 11:15:38.017112.017112 cuda_h.py:27] end restore_tensors2 cost 0.166 ms
DEBUG 04-24 11:15:38.017167.017167 cuda_h.py:27] end allocate_cuda_memory_and_load_into_gpu cost 3.648 ms
DEBUG 04-24 11:15:38.025229.025229 cuda_h.py:27] end restore2model cost 1.395 ms
DEBUG 04-24 11:15:38.025002.025002 cuda_h.py:27] end sllm_worker_task cost 11.780 ms
DEBUG 04-24 11:15:38.063433.063433 cuda_h.py:27] end **self_attn cost 48.690 ms
DEBUG 04-24 11:15:38.064720.064720 cuda_h.py:27] end *iln_self_attn_paln cost 49.959 ms
DEBUG 04-24 11:15:38.064873.064873 cuda_h.py:27] end gate cost 0.540 ms
DEBUG 04-24 11:15:38.065696.065696 cuda_h.py:27] end experts_map_get cost 0.343 ms
DEBUG 04-24 11:15:38.065062.065062 cuda_h.py:27] end *before experts start* cost 1.041 ms
DEBUG 04-24 11:15:38.065398.065398 cuda_h.py:27] end cpu_experts_submit_fused_mp cost 0.318 ms
DEBUG 04-24 11:15:38.067903.067903 cuda_h.py:27] end *single cpu experts* cost 2.130 ms
DEBUG 04-24 11:15:38.068565.068565 cuda_h.py:27] end prepare_group_stack cost 0.647 ms
DEBUG 04-24 11:15:38.068913.068913 sllm_store_c.py:27] get device uuid map
DEBUG 04-24 11:15:38.069095.069095 cuda_h.py:27] end prepare_group_stack cost 0.642 ms
DEBUG 04-24 11:15:38.069474.069474 cuda_h.py:27] end prepare_group_stack cost 0.819 ms
DEBUG 04-24 11:15:38.069581.069581 sllm_store_c.py:29] call client load into gpu
DEBUG 04-24 11:15:38.069640.069640 cuda_h.py:27] end prepare_group_stack cost 0.885 ms
DEBUG 04-24 11:15:38.070166.070166 cuda_h.py:27] end group stack cost 1.549 ms
DEBUG 04-24 11:15:38.070690.070690 cuda_h.py:27] end move_flatidxs_group_fused_mp cost 2.629 ms
DEBUG 04-24 11:15:38.070814.070814 cuda_h.py:27] end get_fused_experts_names_w cost 0.041 ms
DEBUG 04-24 11:15:38.070099.070099 cuda_h.py:27] end group stack cost 1.117 ms
DEBUG 04-24 11:15:38.070220.070220 cuda_h.py:27] end move_flatidxs_group_fused_mp cost 2.261 ms
DEBUG 04-24 11:15:38.071145.071145 cuda_h.py:27] end get_fused_experts_names_w cost 0.034 ms
DEBUG 04-24 11:15:38.071852.071852 cuda_h.py:27] end restore_fused_tensors cost 1.131 ms
DEBUG 04-24 11:15:38.072148.072148 cuda_h.py:27] end group_fused_tensors_mp cost 1.522 ms
DEBUG 04-24 11:15:38.072440.072440 cuda_h.py:27] end restore_fused_tensors cost 1.010 ms
DEBUG 04-24 11:15:38.072770.072770 cuda_h.py:27] end group stack cost 2.514 ms
DEBUG 04-24 11:15:38.072125.072125 cuda_h.py:27] end group_fused_tensors_mp cost 1.393 ms
DEBUG 04-24 11:15:38.072825.072825 cuda_h.py:27] end group stack cost 2.702 ms
DEBUG 04-24 11:15:38.072420.072420 cuda_h.py:27] end move_flatidxs_group_fused_mp cost 4.190 ms
DEBUG 04-24 11:15:38.072621.072621 cuda_h.py:27] end move_flatidxs_group_fused_mp cost 4.328 ms
DEBUG 04-24 11:15:38.073960.073960 cuda_h.py:27] end get_fused_experts_names_w cost 0.046 ms
DEBUG 04-24 11:15:38.073119.073119 cuda_h.py:27] end get_fused_experts_names_w cost 0.046 ms
DEBUG 04-24 11:15:38.073962.073962 cuda_h.py:27] end load_into_gpu_async_fused_experts_dual cost 4.797 ms
DEBUG 04-24 11:15:38.073978.073978 cuda_h.py:27] end restore_tensors2_fused_experts_packed cost 0.135 ms
DEBUG 04-24 11:15:38.074628.074628 cuda_h.py:27] end restore_fused_tensors cost 1.174 ms
DEBUG 04-24 11:15:38.074623.074623 cuda_h.py:27] end restore_fused_tensors cost 1.190 ms
DEBUG 04-24 11:15:38.074878.074878 cuda_h.py:27] end group_fused_tensors_mp cost 1.572 ms
DEBUG 04-24 11:15:38.074926.074926 cuda_h.py:27] end group_fused_tensors_mp cost 1.613 ms
DEBUG 04-24 11:15:38.075374.075374 cuda_h.py:27] end restore_tensors2_fused_experts_slices cost 1.194 ms
DEBUG 04-24 11:15:38.075964.075964 cuda_h.py:27] end allocate_experts_cuda_memory_and_restore_model_multi_device_fused cost 8.069 ms
DEBUG 04-24 11:15:38.075637.075637 cuda_h.py:27] end gpu_sexperts cost 0.018 ms
DEBUG 04-24 11:15:38.076855.076855 cuda_h.py:27] end wait_load_qkvogn_s_weight cost 0.060 ms
DEBUG 04-24 11:15:38.087271.087271 mlpmodule.py:3373] [fused_group_bmm][steps] bmm1=8.514 ms split=0.132 ms act_mul=0.611 ms bmm2=4.954 ms
DEBUG 04-24 11:15:38.087421.087421 cuda_h.py:27] end fused_group_bmm cost 14.583 ms
DEBUG 04-24 11:15:38.087232.087232 cuda_h.py:27] end gather_outputs_group_fused_mp cost 0.446 ms
DEBUG 04-24 11:15:38.088042.088042 mlpmodule.py:3373] [fused_group_bmm][steps] bmm1=8.971 ms split=0.119 ms act_mul=0.574 ms bmm2=6.063 ms
DEBUG 04-24 11:15:38.088766.088766 cuda_h.py:27] end fused_group_bmm cost 16.020 ms
DEBUG 04-24 11:15:38.088915.088915 cuda_h.py:27] end cpu_experts_worker_bmm_or_einsum_0 cost 20.222 ms
DEBUG 04-24 11:15:38.088484.088484 cuda_h.py:27] end gather_outputs_group_fused_mp cost 0.441 ms
DEBUG 04-24 11:15:38.089964.089964 cuda_h.py:27] end cpu_experts_worker_bmm_or_einsum_1 cost 22.053 ms
DEBUG 04-24 11:15:38.091416.091416 mlpmodule.py:3373] [fused_group_bmm][steps] bmm1=10.133 ms split=0.423 ms act_mul=0.703 ms bmm2=5.216 ms
DEBUG 04-24 11:15:38.092154.092154 cuda_h.py:27] end fused_group_bmm cost 16.825 ms
DEBUG 04-24 11:15:38.092186.092186 cuda_h.py:27] end gather_outputs_group_fused_mp cost 0.496 ms
DEBUG 04-24 11:15:38.093815.093815 cuda_h.py:27] end cpu_experts_worker_bmm_or_einsum_3 cost 25.310 ms
DEBUG 04-24 11:15:38.094790.094790 cuda_h.py:27] end prepare_per_device_parameters cost 17.454 ms
DEBUG 04-24 11:15:38.093006.093006 mlpmodule.py:3373] [fused_group_bmm][steps] bmm1=11.883 ms split=0.197 ms act_mul=0.638 ms bmm2=5.968 ms
DEBUG 04-24 11:15:38.094789.094789 cuda_h.py:27] end fused_group_bmm cost 18.993 ms
DEBUG 04-24 11:15:38.094466.094466 cuda_h.py:27] end gather_outputs_group_fused_mp cost 0.588 ms
DEBUG 04-24 11:15:38.095281.095281 cuda_h.py:27] end cpu_experts_worker_bmm_or_einsum_2 cost 27.600 ms
DEBUG 04-24 11:15:38.096252.096252 cuda_h.py:27] end cpu_experts_scatter_reduce cost 0.761 ms
DEBUG 04-24 11:15:38.096321.096321 cuda_h.py:27] end cpu_thread_manager_mp_wait_fused cost 2.675 ms
DEBUG 04-24 11:15:38.099447.099447 cuda_h.py:27] end wait_experts_multi_device cost 2.929 ms
DEBUG 04-24 11:15:38.099529.099529 cuda_h.py:27] end *before fused experts* cost 32.285 ms
DEBUG 04-24 11:15:38.104177.104177 cuda_h.py:27] end gpu_experts_multi_device_fused cost 5.075 ms
DEBUG 04-24 11:15:38.105550.105550 cuda_h.py:27] end *gpu experts* cost 37.462 ms
DEBUG 04-24 11:15:38.105904.105904 cuda_h.py:27] end layer_moe_generate_mp_multi_device_fused_l_6 cost 40.811 ms
DEBUG 04-24 11:15:38.106052.106052 cuda_h.py:27] end *mlp cost 42.080 ms
DEBUG 04-24 11:15:38.106929.106929 cuda_h.py:27] end prefill_layer cost 92.418 ms
DEBUG 04-24 11:15:38.106500.106500 lmp.py:341] -------------------------------- end prefill layer 5 --------------------------------
DEBUG 04-24 11:15:38.106057.106057 lmp.py:294] -------------------------------- start prefill layer 6 --------------------------------
DEBUG 04-24 11:15:38.106159.106159 cuda_h.py:27] end start_load_qkvogn_s_weight_l_7 cost 0.040 ms
DEBUG 04-24 11:15:38.106830.106830 cuda_h.py:27] end allocate_cuda_memory cost 0.186 ms
DEBUG 04-24 11:15:38.107380.107380 sllm_store_c.py:27] get device uuid map
DEBUG 04-24 11:15:38.107813.107813 sllm_store_c.py:29] call client load into gpu
DEBUG 04-24 11:15:38.108067.108067 cuda_h.py:27] end load_into_gpu_async cost 1.522 ms
DEBUG 04-24 11:15:38.108317.108317 cuda_h.py:27] end restore_tensors2 cost 0.092 ms
DEBUG 04-24 11:15:38.108380.108380 cuda_h.py:27] end **self_attn cost 1.431 ms
DEBUG 04-24 11:15:38.109738.109738 cuda_h.py:27] end allocate_cuda_memory_and_load_into_gpu cost 2.408 ms
DEBUG 04-24 11:15:38.109623.109623 cuda_h.py:27] end *iln_self_attn_paln cost 2.848 ms
DEBUG 04-24 11:15:38.109795.109795 cuda_h.py:27] end gate cost 0.515 ms
DEBUG 04-24 11:15:38.110304.110304 cuda_h.py:27] end experts_map_get cost 0.293 ms
DEBUG 04-24 11:15:38.110564.110564 cuda_h.py:27] end *before experts start* cost 0.951 ms
DEBUG 04-24 11:15:38.110520.110520 cuda_h.py:27] end cpu_experts_submit_fused_mp cost 0.221 ms
DEBUG 04-24 11:15:38.112469.112469 cuda_h.py:27] end *single cpu experts* cost 1.650 ms
DEBUG 04-24 11:15:38.113503.113503 cuda_h.py:27] end prepare_group_stack cost 0.407 ms
DEBUG 04-24 11:15:38.114571.114571 cuda_h.py:27] end group stack cost 0.557 ms
DEBUG 04-24 11:15:38.114309.114309 cuda_h.py:27] end move_flatidxs_group_fused_mp cost 1.162 ms
DEBUG 04-24 11:15:38.114418.114418 cuda_h.py:27] end get_fused_experts_names_w cost 0.024 ms
DEBUG 04-24 11:15:38.114464.114464 sllm_store_c.py:27] get device uuid map
DEBUG 04-24 11:15:38.114638.114638 sllm_store_c.py:29] call client load into gpu
DEBUG 04-24 11:15:38.114120.114120 cuda_h.py:27] end prepare_group_stack cost 0.445 ms
DEBUG 04-24 11:15:38.114000.114000 cuda_h.py:27] end prepare_group_stack cost 0.556 ms
DEBUG 04-24 11:15:38.114557.114557 cuda_h.py:27] end prepare_group_stack cost 0.536 ms
DEBUG 04-24 11:15:38.115557.115557 cuda_h.py:27] end restore_fused_tensors cost 0.593 ms
DEBUG 04-24 11:15:38.115245.115245 cuda_h.py:27] end group_fused_tensors_mp cost 0.988 ms
DEBUG 04-24 11:15:38.115922.115922 cuda_h.py:27] end group stack cost 0.724 ms
DEBUG 04-24 11:15:38.115403.115403 cuda_h.py:27] end move_flatidxs_group_fused_mp cost 1.368 ms
DEBUG 04-24 11:15:38.115522.115522 cuda_h.py:27] end get_fused_experts_names_w cost 0.023 ms
DEBUG 04-24 11:15:38.116153.116153 cuda_h.py:27] end group stack cost 1.281 ms
DEBUG 04-24 11:15:38.116718.116718 cuda_h.py:27] end restore_fused_tensors cost 0.492 ms
DEBUG 04-24 11:15:38.116719.116719 cuda_h.py:27] end move_flatidxs_group_fused_mp cost 2.089 ms
DEBUG 04-24 11:15:38.116747.116747 cuda_h.py:27] end group_fused_tensors_mp cost 0.615 ms
DEBUG 04-24 11:15:38.116985.116985 cuda_h.py:27] end group stack cost 1.382 ms
DEBUG 04-24 11:15:38.116729.116729 cuda_h.py:27] end get_fused_experts_names_w cost 0.028 ms
DEBUG 04-24 11:15:38.116046.116046 cuda_h.py:27] end move_flatidxs_group_fused_mp cost 2.493 ms
DEBUG 04-24 11:15:38.116314.116314 cuda_h.py:27] end get_fused_experts_names_w cost 0.034 ms
DEBUG 04-24 11:15:38.117117.117117 cuda_h.py:27] end restore_fused_tensors cost 0.560 ms
DEBUG 04-24 11:15:38.117008.117008 cuda_h.py:27] end group_fused_tensors_mp cost 1.045 ms
DEBUG 04-24 11:15:38.117340.117340 cuda_h.py:27] end restore_fused_tensors cost 0.590 ms
DEBUG 04-24 11:15:38.117304.117304 cuda_h.py:27] end group_fused_tensors_mp cost 0.945 ms
DEBUG 04-24 11:15:38.118710.118710 cuda_h.py:27] end restore2model cost 1.893 ms
DEBUG 04-24 11:15:38.118198.118198 cuda_h.py:27] end sllm_worker_task cost 12.182 ms
DEBUG 04-24 11:15:38.119628.119628 cuda_h.py:27] end load_into_gpu_async_fused_experts_dual cost 4.871 ms
DEBUG 04-24 11:15:38.120269.120269 cuda_h.py:27] end restore_tensors2_fused_experts_packed cost 0.219 ms
DEBUG 04-24 11:15:38.120779.120779 cuda_h.py:27] end restore_tensors2_fused_experts_slices cost 0.536 ms
DEBUG 04-24 11:15:38.121483.121483 cuda_h.py:27] end allocate_experts_cuda_memory_and_restore_model_multi_device_fused cost 8.852 ms
DEBUG 04-24 11:15:38.121334.121334 cuda_h.py:27] end gpu_sexperts cost 0.014 ms
DEBUG 04-24 11:15:38.121272.121272 cuda_h.py:27] end wait_load_qkvogn_s_weight cost 0.051 ms
DEBUG 04-24 11:15:38.126562.126562 mlpmodule.py:3373] [fused_group_bmm][steps] bmm1=5.885 ms split=0.168 ms act_mul=0.452 ms bmm2=4.200 ms
DEBUG 04-24 11:15:38.126108.126108 cuda_h.py:27] end fused_group_bmm cost 11.007 ms
DEBUG 04-24 11:15:38.127669.127669 cuda_h.py:27] end gather_outputs_group_fused_mp cost 0.498 ms
DEBUG 04-24 11:15:38.127557.127557 cuda_h.py:27] end cpu_experts_worker_bmm_or_einsum_0 cost 15.622 ms
DEBUG 04-24 11:15:38.130694.130694 mlpmodule.py:3373] [fused_group_bmm][steps] bmm1=8.919 ms split=0.183 ms act_mul=0.610 ms bmm2=3.782 ms
DEBUG 04-24 11:15:38.130199.130199 cuda_h.py:27] end fused_group_bmm cost 13.798 ms
DEBUG 04-24 11:15:38.130827.130827 cuda_h.py:27] end gather_outputs_group_fused_mp cost 0.488 ms
DEBUG 04-24 11:15:38.131387.131387 cuda_h.py:27] end cpu_experts_worker_bmm_or_einsum_1 cost 18.321 ms
DEBUG 04-24 11:15:38.133139.133139 mlpmodule.py:3373] [fused_group_bmm][steps] bmm1=9.451 ms split=0.219 ms act_mul=0.426 ms bmm2=5.317 ms
DEBUG 04-24 11:15:38.133024.133024 cuda_h.py:27] end fused_group_bmm cost 15.760 ms
DEBUG 04-24 11:15:38.134918.134918 mlpmodule.py:3373] [fused_group_bmm][steps] bmm1=10.080 ms split=0.210 ms act_mul=0.412 ms bmm2=5.591 ms
DEBUG 04-24 11:15:38.134894.134894 cuda_h.py:27] end fused_group_bmm cost 16.604 ms
DEBUG 04-24 11:15:38.134704.134704 cuda_h.py:27] end gather_outputs_group_fused_mp cost 0.482 ms
DEBUG 04-24 11:15:38.135621.135621 cuda_h.py:27] end gather_outputs_group_fused_mp cost 0.691 ms
DEBUG 04-24 11:15:38.135716.135716 cuda_h.py:27] end cpu_experts_worker_bmm_or_einsum_3 cost 21.956 ms
DEBUG 04-24 11:15:38.135251.135251 cuda_h.py:27] end cpu_experts_worker_bmm_or_einsum_2 cost 22.536 ms
DEBUG 04-24 11:15:38.138489.138489 cuda_h.py:27] end prepare_per_device_parameters cost 16.786 ms
DEBUG 04-24 11:15:38.140706.140706 cuda_h.py:27] end cpu_experts_scatter_reduce cost 0.798 ms
DEBUG 04-24 11:15:38.140338.140338 cuda_h.py:27] end cpu_thread_manager_mp_wait_fused cost 2.282 ms
DEBUG 04-24 11:15:38.142783.142783 cuda_h.py:27] end wait_experts_multi_device cost 1.377 ms
DEBUG 04-24 11:15:38.142712.142712 cuda_h.py:27] end *before fused experts* cost 30.138 ms
DEBUG 04-24 11:15:38.146119.146119 cuda_h.py:27] end gpu_experts_multi_device_fused cost 4.619 ms
DEBUG 04-24 11:15:38.147976.147976 cuda_h.py:27] end *gpu experts* cost 34.862 ms
DEBUG 04-24 11:15:38.147309.147309 cuda_h.py:27] end layer_moe_generate_mp_multi_device_fused_l_7 cost 37.630 ms
DEBUG 04-24 11:15:38.148844.148844 cuda_h.py:27] end *mlp cost 38.971 ms
DEBUG 04-24 11:15:38.148071.148071 cuda_h.py:27] end prefill_layer cost 41.969 ms
DEBUG 04-24 11:15:38.148682.148682 lmp.py:341] -------------------------------- end prefill layer 6 --------------------------------
DEBUG 04-24 11:15:38.148285.148285 lmp.py:294] -------------------------------- start prefill layer 7 --------------------------------
DEBUG 04-24 11:15:38.148102.148102 cuda_h.py:27] end start_load_qkvogn_s_weight_l_8 cost 0.042 ms
DEBUG 04-24 11:15:38.148059.148059 cuda_h.py:27] end allocate_cuda_memory cost 0.188 ms
DEBUG 04-24 11:15:38.149790.149790 sllm_store_c.py:27] get device uuid map
DEBUG 04-24 11:15:38.149494.149494 sllm_store_c.py:29] call client load into gpu
DEBUG 04-24 11:15:38.150866.150866 cuda_h.py:27] end **self_attn cost 1.321 ms
DEBUG 04-24 11:15:38.150218.150218 cuda_h.py:27] end *iln_self_attn_paln cost 2.312 ms
DEBUG 04-24 11:15:38.151581.151581 cuda_h.py:27] end load_into_gpu_async cost 2.057 ms
DEBUG 04-24 11:15:38.151217.151217 cuda_h.py:27] end restore_tensors2 cost 0.102 ms
DEBUG 04-24 11:15:38.151158.151158 cuda_h.py:27] end allocate_cuda_memory_and_load_into_gpu cost 3.183 ms
DEBUG 04-24 11:15:38.151908.151908 cuda_h.py:27] end gate cost 0.793 ms
DEBUG 04-24 11:15:38.152775.152775 cuda_h.py:27] end experts_map_get cost 0.320 ms
DEBUG 04-24 11:15:38.152227.152227 cuda_h.py:27] end *before experts start* cost 1.426 ms
DEBUG 04-24 11:15:38.152837.152837 cuda_h.py:27] end cpu_experts_submit_fused_mp cost 0.211 ms
DEBUG 04-24 11:15:38.154996.154996 cuda_h.py:27] end *single cpu experts* cost 1.762 ms
DEBUG 04-24 11:15:38.155555.155555 cuda_h.py:27] end prepare_group_stack cost 0.482 ms
DEBUG 04-24 11:15:38.156264.156264 cuda_h.py:27] end prepare_group_stack cost 0.484 ms
DEBUG 04-24 11:15:38.156213.156213 cuda_h.py:27] end group stack cost 0.908 ms
DEBUG 04-24 11:15:38.156396.156396 cuda_h.py:27] end move_flatidxs_group_fused_mp cost 1.715 ms
DEBUG 04-24 11:15:38.156413.156413 cuda_h.py:27] end prepare_group_stack cost 0.688 ms
DEBUG 04-24 11:15:38.157781.157781 sllm_store_c.py:27] get device uuid map
DEBUG 04-24 11:15:38.157617.157617 cuda_h.py:27] end get_fused_experts_names_w cost 0.029 ms
DEBUG 04-24 11:15:38.157857.157857 sllm_store_c.py:29] call client load into gpu
DEBUG 04-24 11:15:38.157285.157285 cuda_h.py:27] end prepare_group_stack cost 0.557 ms
DEBUG 04-24 11:15:38.157240.157240 cuda_h.py:27] end restore_fused_tensors cost 0.752 ms
DEBUG 04-24 11:15:38.158876.158876 cuda_h.py:27] end group_fused_tensors_mp cost 1.033 ms
DEBUG 04-24 11:15:38.158783.158783 cuda_h.py:27] end group stack cost 1.363 ms
DEBUG 04-24 11:15:38.158787.158787 cuda_h.py:27] end move_flatidxs_group_fused_mp cost 2.083 ms
DEBUG 04-24 11:15:38.158057.158057 cuda_h.py:27] end get_fused_experts_names_w cost 0.028 ms
DEBUG 04-24 11:15:38.158586.158586 cuda_h.py:27] end restore_fused_tensors cost 0.521 ms
DEBUG 04-24 11:15:38.158049.158049 cuda_h.py:27] end group stack cost 1.156 ms
DEBUG 04-24 11:15:38.158151.158151 cuda_h.py:27] end group_fused_tensors_mp cost 0.663 ms
DEBUG 04-24 11:15:38.159437.159437 cuda_h.py:27] end move_flatidxs_group_fused_mp cost 1.955 ms
DEBUG 04-24 11:15:38.159824.159824 cuda_h.py:27] end get_fused_experts_names_w cost 0.025 ms
DEBUG 04-24 11:15:38.159736.159736 cuda_h.py:27] end group stack cost 1.944 ms
DEBUG 04-24 11:15:38.159225.159225 cuda_h.py:27] end move_flatidxs_group_fused_mp cost 3.217 ms
DEBUG 04-24 11:15:38.159301.159301 cuda_h.py:27] end get_fused_experts_names_w cost 0.042 ms
DEBUG 04-24 11:15:38.159733.159733 cuda_h.py:27] end restore_fused_tensors cost 0.429 ms
DEBUG 04-24 11:15:38.159685.159685 cuda_h.py:27] end group_fused_tensors_mp cost 0.840 ms
DEBUG 04-24 11:15:38.159568.159568 cuda_h.py:27] end restore2model cost 1.039 ms
DEBUG 04-24 11:15:38.160581.160581 cuda_h.py:27] end load_into_gpu_async_fused_experts_dual cost 3.105 ms
DEBUG 04-24 11:15:38.160060.160060 cuda_h.py:27] end sllm_worker_task cost 11.534 ms
DEBUG 04-24 11:15:38.160389.160389 cuda_h.py:27] end restore_tensors2_fused_experts_packed cost 0.115 ms
DEBUG 04-24 11:15:38.161729.161729 cuda_h.py:27] end restore_fused_tensors cost 1.118 ms
DEBUG 04-24 11:15:38.161351.161351 cuda_h.py:27] end group_fused_tensors_mp cost 1.561 ms
DEBUG 04-24 11:15:38.162544.162544 cuda_h.py:27] end restore_tensors2_fused_experts_slices cost 0.934 ms
DEBUG 04-24 11:15:38.163492.163492 cuda_h.py:27] end allocate_experts_cuda_memory_and_restore_model_multi_device_fused cost 8.555 ms
DEBUG 04-24 11:15:38.163700.163700 cuda_h.py:27] end gpu_sexperts cost 0.022 ms
DEBUG 04-24 11:15:38.163663.163663 cuda_h.py:27] end wait_load_qkvogn_s_weight cost 0.058 ms
DEBUG 04-24 11:15:38.171446.171446 mlpmodule.py:3373] [fused_group_bmm][steps] bmm1=7.988 ms split=0.166 ms act_mul=0.503 ms bmm2=4.381 ms
DEBUG 04-24 11:15:38.171053.171053 cuda_h.py:27] end fused_group_bmm cost 13.452 ms
DEBUG 04-24 11:15:38.172352.172352 cuda_h.py:27] end gather_outputs_group_fused_mp cost 0.545 ms
DEBUG 04-24 11:15:38.172484.172484 cuda_h.py:27] end cpu_experts_worker_bmm_or_einsum_0 cost 18.791 ms
DEBUG 04-24 11:15:38.177556.177556 mlpmodule.py:3373] [fused_group_bmm][steps] bmm1=9.999 ms split=0.147 ms act_mul=0.507 ms bmm2=4.978 ms
DEBUG 04-24 11:15:38.177809.177809 cuda_h.py:27] end fused_group_bmm cost 15.925 ms
DEBUG 04-24 11:15:38.178973.178973 cuda_h.py:27] end gather_outputs_group_fused_mp cost 0.489 ms
DEBUG 04-24 11:15:38.178681.178681 cuda_h.py:27] end cpu_experts_worker_bmm_or_einsum_1 cost 23.595 ms
DEBUG 04-24 11:15:38.180998.180998 cuda_h.py:27] end prepare_per_device_parameters cost 16.050 ms
DEBUG 04-24 11:15:38.180056.180056 mlpmodule.py:3373] [fused_group_bmm][steps] bmm1=13.701 ms split=0.157 ms act_mul=0.520 ms bmm2=5.612 ms
DEBUG 04-24 11:15:38.180356.180356 cuda_h.py:27] end fused_group_bmm cost 20.295 ms
DEBUG 04-24 11:15:38.181320.181320 cuda_h.py:27] end gather_outputs_group_fused_mp cost 0.585 ms
DEBUG 04-24 11:15:38.181388.181388 cuda_h.py:27] end cpu_experts_worker_bmm_or_einsum_2 cost 25.877 ms
DEBUG 04-24 11:15:38.182573.182573 mlpmodule.py:3373] [fused_group_bmm][steps] bmm1=17.932 ms split=0.342 ms act_mul=0.431 ms bmm2=3.912 ms
DEBUG 04-24 11:15:38.182419.182419 cuda_h.py:27] end fused_group_bmm cost 23.672 ms
DEBUG 04-24 11:15:38.183233.183233 cuda_h.py:27] end gather_outputs_group_fused_mp cost 0.513 ms
DEBUG 04-24 11:15:38.184008.184008 cuda_h.py:27] end cpu_experts_worker_bmm_or_einsum_3 cost 29.321 ms
DEBUG 04-24 11:15:38.185854.185854 cuda_h.py:27] end cpu_experts_scatter_reduce cost 0.720 ms
DEBUG 04-24 11:15:38.185593.185593 cuda_h.py:27] end cpu_thread_manager_mp_wait_fused cost 5.377 ms
DEBUG 04-24 11:15:38.187297.187297 cuda_h.py:27] end wait_experts_multi_device cost 1.387 ms
DEBUG 04-24 11:15:38.187359.187359 cuda_h.py:27] end *before fused experts* cost 32.753 ms
DEBUG 04-24 11:15:38.192297.192297 cuda_h.py:27] end gpu_experts_multi_device_fused cost 4.821 ms
DEBUG 04-24 11:15:38.192923.192923 cuda_h.py:27] end *gpu experts* cost 37.733 ms
DEBUG 04-24 11:15:38.192502.192502 cuda_h.py:27] end layer_moe_generate_mp_multi_device_fused_l_8 cost 41.093 ms
DEBUG 04-24 11:15:38.193654.193654 cuda_h.py:27] end *mlp cost 42.466 ms
DEBUG 04-24 11:15:38.193917.193917 cuda_h.py:27] end prefill_layer cost 45.162 ms
DEBUG 04-24 11:15:38.193050.193050 lmp.py:341] -------------------------------- end prefill layer 7 --------------------------------
DEBUG 04-24 11:15:38.193322.193322 lmp.py:294] -------------------------------- start prefill layer 8 --------------------------------
DEBUG 04-24 11:15:38.193815.193815 cuda_h.py:27] end start_load_qkvogn_s_weight_l_9 cost 0.046 ms
DEBUG 04-24 11:15:38.194158.194158 cuda_h.py:27] end allocate_cuda_memory cost 0.271 ms
DEBUG 04-24 11:15:38.194351.194351 sllm_store_c.py:27] get device uuid map
DEBUG 04-24 11:15:38.194128.194128 sllm_store_c.py:29] call client load into gpu
DEBUG 04-24 11:15:38.196446.196446 cuda_h.py:27] end load_into_gpu_async cost 1.862 ms
DEBUG 04-24 11:15:38.196174.196174 cuda_h.py:27] end restore_tensors2 cost 0.105 ms
DEBUG 04-24 11:15:38.196124.196124 cuda_h.py:27] end **self_attn cost 1.544 ms
DEBUG 04-24 11:15:38.196112.196112 cuda_h.py:27] end allocate_cuda_memory_and_load_into_gpu cost 2.875 ms
DEBUG 04-24 11:15:38.197715.197715 cuda_h.py:27] end *iln_self_attn_paln cost 3.386 ms
DEBUG 04-24 11:15:38.197318.197318 cuda_h.py:27] end gate cost 0.549 ms
DEBUG 04-24 11:15:38.198564.198564 cuda_h.py:27] end experts_map_get cost 0.334 ms
DEBUG 04-24 11:15:38.198493.198493 cuda_h.py:27] end *before experts start* cost 1.039 ms
DEBUG 04-24 11:15:38.198522.198522 cuda_h.py:27] end cpu_experts_submit_fused_mp cost 0.237 ms
DEBUG 04-24 11:15:38.199221.199221 cuda_h.py:27] end *single cpu experts* cost 1.520 ms
DEBUG 04-24 11:15:38.201884.201884 cuda_h.py:27] end prepare_group_stack cost 0.419 ms
DEBUG 04-24 11:15:38.201268.201268 cuda_h.py:27] end group stack cost 0.676 ms
DEBUG 04-24 11:15:38.201503.201503 cuda_h.py:27] end move_flatidxs_group_fused_mp cost 1.316 ms
DEBUG 04-24 11:15:38.202175.202175 cuda_h.py:27] end get_fused_experts_names_w cost 0.023 ms
DEBUG 04-24 11:15:38.202643.202643 cuda_h.py:27] end prepare_group_stack cost 0.470 ms
DEBUG 04-24 11:15:38.202173.202173 cuda_h.py:27] end prepare_group_stack cost 0.528 ms
DEBUG 04-24 11:15:38.202975.202975 cuda_h.py:27] end prepare_group_stack cost 0.521 ms
DEBUG 04-24 11:15:38.202674.202674 sllm_store_c.py:27] get device uuid map
DEBUG 04-24 11:15:38.202676.202676 sllm_store_c.py:29] call client load into gpu
DEBUG 04-24 11:15:38.202534.202534 cuda_h.py:27] end restore_fused_tensors cost 0.609 ms
DEBUG 04-24 11:15:38.202852.202852 cuda_h.py:27] end group_fused_tensors_mp cost 0.878 ms
DEBUG 04-24 11:15:38.203237.203237 cuda_h.py:27] end group stack cost 0.848 ms
DEBUG 04-24 11:15:38.203459.203459 cuda_h.py:27] end move_flatidxs_group_fused_mp cost 1.507 ms
DEBUG 04-24 11:15:38.203653.203653 cuda_h.py:27] end get_fused_experts_names_w cost 0.023 ms
DEBUG 04-24 11:15:38.203922.203922 cuda_h.py:27] end group stack cost 1.281 ms
DEBUG 04-24 11:15:38.203867.203867 cuda_h.py:27] end move_flatidxs_group_fused_mp cost 2.071 ms
DEBUG 04-24 11:15:38.203274.203274 cuda_h.py:27] end get_fused_experts_names_w cost 0.030 ms
DEBUG 04-24 11:15:38.204652.204652 cuda_h.py:27] end group stack cost 1.532 ms
DEBUG 04-24 11:15:38.204561.204561 cuda_h.py:27] end restore_fused_tensors cost 0.565 ms
DEBUG 04-24 11:15:38.204595.204595 cuda_h.py:27] end group_fused_tensors_mp cost 0.861 ms
DEBUG 04-24 11:15:38.204178.204178 cuda_h.py:27] end move_flatidxs_group_fused_mp cost 2.448 ms
DEBUG 04-24 11:15:38.204097.204097 cuda_h.py:27] end get_fused_experts_names_w cost 0.102 ms
DEBUG 04-24 11:15:38.204338.204338 cuda_h.py:27] end restore2model cost 0.720 ms
DEBUG 04-24 11:15:38.204415.204415 cuda_h.py:27] end restore_fused_tensors cost 0.622 ms
DEBUG 04-24 11:15:38.204518.204518 cuda_h.py:27] end group_fused_tensors_mp cost 0.812 ms
DEBUG 04-24 11:15:38.204366.204366 cuda_h.py:27] end sllm_worker_task cost 10.856 ms
DEBUG 04-24 11:15:38.205261.205261 cuda_h.py:27] end load_into_gpu_async_fused_experts_dual cost 2.488 ms
DEBUG 04-24 11:15:38.205368.205368 cuda_h.py:27] end restore_fused_tensors cost 0.488 ms
DEBUG 04-24 11:15:38.205727.205727 cuda_h.py:27] end group_fused_tensors_mp cost 0.921 ms
DEBUG 04-24 11:15:38.205284.205284 cuda_h.py:27] end restore_tensors2_fused_experts_packed cost 0.146 ms
DEBUG 04-24 11:15:38.206778.206778 cuda_h.py:27] end restore_tensors2_fused_experts_slices cost 0.560 ms
DEBUG 04-24 11:15:38.206575.206575 cuda_h.py:27] end allocate_experts_cuda_memory_and_restore_model_multi_device_fused cost 6.540 ms
DEBUG 04-24 11:15:38.206498.206498 cuda_h.py:27] end gpu_sexperts cost 0.017 ms
DEBUG 04-24 11:15:38.206449.206449 cuda_h.py:27] end wait_load_qkvogn_s_weight cost 0.049 ms
DEBUG 04-24 11:15:38.211187.211187 mlpmodule.py:3373] [fused_group_bmm][steps] bmm1=4.485 ms split=0.195 ms act_mul=0.520 ms bmm2=3.437 ms
DEBUG 04-24 11:15:38.212890.212890 cuda_h.py:27] end fused_group_bmm cost 9.084 ms
DEBUG 04-24 11:15:38.212667.212667 cuda_h.py:27] end gather_outputs_group_fused_mp cost 0.613 ms
DEBUG 04-24 11:15:38.213838.213838 cuda_h.py:27] end cpu_experts_worker_bmm_or_einsum_0 cost 13.830 ms
DEBUG 04-24 11:15:38.219329.219329 mlpmodule.py:3373] [fused_group_bmm][steps] bmm1=9.476 ms split=0.138 ms act_mul=0.549 ms bmm2=4.474 ms
DEBUG 04-24 11:15:38.219900.219900 cuda_h.py:27] end fused_group_bmm cost 14.919 ms
DEBUG 04-24 11:15:38.220658.220658 cuda_h.py:27] end gather_outputs_group_fused_mp cost 0.606 ms
DEBUG 04-24 11:15:38.220080.220080 cuda_h.py:27] end cpu_experts_worker_bmm_or_einsum_1 cost 19.267 ms
DEBUG 04-24 11:15:38.224915.224915 mlpmodule.py:3373] [fused_group_bmm][steps] bmm1=13.353 ms split=0.179 ms act_mul=0.399 ms bmm2=5.434 ms
DEBUG 04-24 11:15:38.224798.224798 cuda_h.py:27] end fused_group_bmm cost 19.677 ms
DEBUG 04-24 11:15:38.224696.224696 mlpmodule.py:3373] [fused_group_bmm][steps] bmm1=13.023 ms split=0.136 ms act_mul=0.341 ms bmm2=5.259 ms
DEBUG 04-24 11:15:38.224014.224014 cuda_h.py:27] end fused_group_bmm cost 19.176 ms
DEBUG 04-24 11:15:38.224993.224993 cuda_h.py:27] end prepare_per_device_parameters cost 17.944 ms
DEBUG 04-24 11:15:38.225502.225502 cuda_h.py:27] end gather_outputs_group_fused_mp cost 0.603 ms
DEBUG 04-24 11:15:38.225621.225621 cuda_h.py:27] end cpu_experts_worker_bmm_or_einsum_2 cost 24.816 ms
DEBUG 04-24 11:15:38.225631.225631 cuda_h.py:27] end gather_outputs_group_fused_mp cost 0.468 ms
DEBUG 04-24 11:15:38.226785.226785 cuda_h.py:27] end cpu_experts_worker_bmm_or_einsum_3 cost 25.327 ms
DEBUG 04-24 11:15:38.228444.228444 cuda_h.py:27] end cpu_experts_scatter_reduce cost 0.703 ms
DEBUG 04-24 11:15:38.228328.228328 cuda_h.py:27] end cpu_thread_manager_mp_wait_fused cost 3.286 ms
DEBUG 04-24 11:15:38.229676.229676 cuda_h.py:27] end wait_experts_multi_device cost 1.065 ms
DEBUG 04-24 11:15:38.229413.229413 cuda_h.py:27] end *before fused experts* cost 29.609 ms
DEBUG 04-24 11:15:38.233828.233828 cuda_h.py:27] end gpu_experts_multi_device_fused cost 4.065 ms
DEBUG 04-24 11:15:38.233294.233294 cuda_h.py:27] end *gpu experts* cost 33.770 ms
DEBUG 04-24 11:15:38.233574.233574 cuda_h.py:27] end layer_moe_generate_mp_multi_device_fused_l_9 cost 36.492 ms
DEBUG 04-24 11:15:38.235051.235051 cuda_h.py:27] end *mlp cost 37.861 ms
DEBUG 04-24 11:15:38.235226.235226 cuda_h.py:27] end prefill_layer cost 41.430 ms
DEBUG 04-24 11:15:38.235075.235075 lmp.py:341] -------------------------------- end prefill layer 8 --------------------------------
DEBUG 04-24 11:15:38.235659.235659 lmp.py:294] -------------------------------- start prefill layer 9 --------------------------------
DEBUG 04-24 11:15:38.235732.235732 cuda_h.py:27] end start_load_qkvogn_s_weight_l_10 cost 0.092 ms
DEBUG 04-24 11:15:38.236230.236230 cuda_h.py:27] end allocate_cuda_memory cost 0.370 ms
DEBUG 04-24 11:15:38.236961.236961 sllm_store_c.py:27] get device uuid map
DEBUG 04-24 11:15:38.236897.236897 sllm_store_c.py:29] call client load into gpu
DEBUG 04-24 11:15:38.238945.238945 cuda_h.py:27] end load_into_gpu_async cost 2.091 ms
DEBUG 04-24 11:15:38.238776.238776 cuda_h.py:27] end restore_tensors2 cost 0.170 ms
DEBUG 04-24 11:15:38.239585.239585 cuda_h.py:27] end allocate_cuda_memory_and_load_into_gpu cost 3.358 ms
DEBUG 04-24 11:15:38.240919.240919 cuda_h.py:27] end **self_attn cost 3.893 ms
DEBUG 04-24 11:15:38.241658.241658 cuda_h.py:27] end *iln_self_attn_paln cost 5.814 ms
DEBUG 04-24 11:15:38.242287.242287 cuda_h.py:27] end gate cost 1.021 ms
DEBUG 04-24 11:15:38.243233.243233 cuda_h.py:27] end experts_map_get cost 0.596 ms
DEBUG 04-24 11:15:38.243906.243906 cuda_h.py:27] end *before experts start* cost 1.916 ms
DEBUG 04-24 11:15:38.244853.244853 cuda_h.py:27] end cpu_experts_submit_fused_mp cost 0.530 ms
DEBUG 04-24 11:15:38.245231.245231 cuda_h.py:27] end *single cpu experts* cost 1.928 ms
DEBUG 04-24 11:15:38.245731.245731 cuda_h.py:27] end prepare_group_stack cost 0.405 ms
DEBUG 04-24 11:15:38.246160.246160 cuda_h.py:27] end prepare_group_stack cost 0.475 ms
DEBUG 04-24 11:15:38.246099.246099 cuda_h.py:27] end prepare_group_stack cost 0.468 ms
DEBUG 04-24 11:15:38.246248.246248 cuda_h.py:27] end prepare_group_stack cost 0.563 ms
DEBUG 04-24 11:15:38.247077.247077 sllm_store_c.py:27] get device uuid map
DEBUG 04-24 11:15:38.247112.247112 cuda_h.py:27] end group stack cost 0.690 ms
DEBUG 04-24 11:15:38.247274.247274 cuda_h.py:27] end move_flatidxs_group_fused_mp cost 1.353 ms
DEBUG 04-24 11:15:38.247314.247314 sllm_store_c.py:29] call client load into gpu
DEBUG 04-24 11:15:38.247804.247804 cuda_h.py:27] end group stack cost 1.188 ms
DEBUG 04-24 11:15:38.247556.247556 cuda_h.py:27] end group stack cost 1.250 ms
DEBUG 04-24 11:15:38.247108.247108 cuda_h.py:27] end get_fused_experts_names_w cost 0.024 ms
DEBUG 04-24 11:15:38.247652.247652 cuda_h.py:27] end move_flatidxs_group_fused_mp cost 2.438 ms
DEBUG 04-24 11:15:38.247474.247474 cuda_h.py:27] end move_flatidxs_group_fused_mp cost 2.162 ms
DEBUG 04-24 11:15:38.247905.247905 cuda_h.py:27] end get_fused_experts_names_w cost 0.025 ms
DEBUG 04-24 11:15:38.247898.247898 cuda_h.py:27] end get_fused_experts_names_w cost 0.027 ms
DEBUG 04-24 11:15:38.248597.248597 cuda_h.py:27] end group stack cost 1.134 ms
DEBUG 04-24 11:15:38.248276.248276 cuda_h.py:27] end restore_fused_tensors cost 0.436 ms
DEBUG 04-24 11:15:38.248793.248793 cuda_h.py:27] end move_flatidxs_group_fused_mp cost 2.037 ms
DEBUG 04-24 11:15:38.248547.248547 cuda_h.py:27] end group_fused_tensors_mp cost 0.704 ms
DEBUG 04-24 11:15:38.248655.248655 cuda_h.py:27] end get_fused_experts_names_w cost 0.025 ms
DEBUG 04-24 11:15:38.248256.248256 cuda_h.py:27] end restore_fused_tensors cost 0.603 ms
DEBUG 04-24 11:15:38.248821.248821 cuda_h.py:27] end group_fused_tensors_mp cost 0.880 ms
DEBUG 04-24 11:15:38.248202.248202 cuda_h.py:27] end restore_fused_tensors cost 0.758 ms
DEBUG 04-24 11:15:38.248780.248780 cuda_h.py:27] end group_fused_tensors_mp cost 1.069 ms
DEBUG 04-24 11:15:38.249863.249863 cuda_h.py:27] end restore_fused_tensors cost 0.451 ms
DEBUG 04-24 11:15:38.248068.248068 cuda_h.py:27] end restore2model cost 1.247 ms
DEBUG 04-24 11:15:38.249098.249098 cuda_h.py:27] end group_fused_tensors_mp cost 0.812 ms
DEBUG 04-24 11:15:38.249987.249987 cuda_h.py:27] end sllm_worker_task cost 13.391 ms
DEBUG 04-24 11:15:38.253118.253118 cuda_h.py:27] end load_into_gpu_async_fused_experts_dual cost 6.124 ms
DEBUG 04-24 11:15:38.253222.253222 cuda_h.py:27] end restore_tensors2_fused_experts_packed cost 0.242 ms
DEBUG 04-24 11:15:38.254928.254928 cuda_h.py:27] end restore_tensors2_fused_experts_slices cost 0.517 ms
DEBUG 04-24 11:15:38.254404.254404 cuda_h.py:27] end allocate_experts_cuda_memory_and_restore_model_multi_device_fused cost 9.204 ms
DEBUG 04-24 11:15:38.255804.255804 cuda_h.py:27] end gpu_sexperts cost 0.015 ms
DEBUG 04-24 11:15:38.255761.255761 cuda_h.py:27] end wait_load_qkvogn_s_weight cost 0.040 ms
DEBUG 04-24 11:15:38.261206.261206 mlpmodule.py:3373] [fused_group_bmm][steps] bmm1=6.989 ms split=0.110 ms act_mul=0.391 ms bmm2=4.587 ms
DEBUG 04-24 11:15:38.261678.261678 cuda_h.py:27] end fused_group_bmm cost 12.625 ms
DEBUG 04-24 11:15:38.262949.262949 cuda_h.py:27] end gather_outputs_group_fused_mp cost 0.703 ms
DEBUG 04-24 11:15:38.263420.263420 cuda_h.py:27] end cpu_experts_worker_bmm_or_einsum_0 cost 18.283 ms
DEBUG 04-24 11:15:38.264701.264701 mlpmodule.py:3373] [fused_group_bmm][steps] bmm1=8.794 ms split=0.107 ms act_mul=0.462 ms bmm2=6.146 ms
DEBUG 04-24 11:15:38.264955.264955 cuda_h.py:27] end fused_group_bmm cost 15.805 ms
DEBUG 04-24 11:15:38.264602.264602 mlpmodule.py:3373] [fused_group_bmm][steps] bmm1=8.167 ms split=0.105 ms act_mul=0.457 ms bmm2=6.521 ms
DEBUG 04-24 11:15:38.264793.264793 cuda_h.py:27] end fused_group_bmm cost 15.643 ms
DEBUG 04-24 11:15:38.264998.264998 cuda_h.py:27] end gather_outputs_group_fused_mp cost 0.443 ms
DEBUG 04-24 11:15:38.265290.265290 cuda_h.py:27] end gather_outputs_group_fused_mp cost 0.471 ms
DEBUG 04-24 11:15:38.265606.265606 cuda_h.py:27] end cpu_experts_worker_bmm_or_einsum_1 cost 19.741 ms
DEBUG 04-24 11:15:38.265639.265639 cuda_h.py:27] end cpu_experts_worker_bmm_or_einsum_3 cost 20.510 ms
DEBUG 04-24 11:15:38.265178.265178 mlpmodule.py:3373] [fused_group_bmm][steps] bmm1=8.477 ms split=0.191 ms act_mul=0.538 ms bmm2=7.033 ms
DEBUG 04-24 11:15:38.265272.265272 cuda_h.py:27] end fused_group_bmm cost 16.525 ms
DEBUG 04-24 11:15:38.266661.266661 cuda_h.py:27] end gather_outputs_group_fused_mp cost 0.606 ms
DEBUG 04-24 11:15:38.266993.266993 cuda_h.py:27] end cpu_experts_worker_bmm_or_einsum_2 cost 20.932 ms
DEBUG 04-24 11:15:38.271436.271436 cuda_h.py:27] end prepare_per_device_parameters cost 15.652 ms
DEBUG 04-24 11:15:38.273801.273801 cuda_h.py:27] end cpu_experts_scatter_reduce cost 0.611 ms
DEBUG 04-24 11:15:38.273850.273850 cuda_h.py:27] end cpu_thread_manager_mp_wait_fused cost 2.363 ms
DEBUG 04-24 11:15:38.274551.274551 cuda_h.py:27] end wait_experts_multi_device cost 1.323 ms
DEBUG 04-24 11:15:38.275626.275626 cuda_h.py:27] end *before fused experts* cost 29.287 ms
DEBUG 04-24 11:15:38.279743.279743 cuda_h.py:27] end gpu_experts_multi_device_fused cost 4.053 ms
DEBUG 04-24 11:15:38.279083.279083 cuda_h.py:27] end *gpu experts* cost 33.452 ms
DEBUG 04-24 11:15:38.279106.279106 cuda_h.py:27] end layer_moe_generate_mp_multi_device_fused_l_10 cost 37.780 ms
DEBUG 04-24 11:15:38.280670.280670 cuda_h.py:27] end *mlp cost 39.181 ms
DEBUG 04-24 11:15:38.280620.280620 cuda_h.py:27] end prefill_layer cost 45.307 ms
DEBUG 04-24 11:15:38.280661.280661 lmp.py:341] -------------------------------- end prefill layer 9 --------------------------------
DEBUG 04-24 11:15:38.281976.281976 lmp.py:294] -------------------------------- start prefill layer 10 --------------------------------
DEBUG 04-24 11:15:38.281750.281750 cuda_h.py:27] end start_load_qkvogn_s_weight_l_11 cost 0.042 ms
DEBUG 04-24 11:15:38.281608.281608 cuda_h.py:27] end allocate_cuda_memory cost 0.227 ms
DEBUG 04-24 11:15:38.281573.281573 sllm_store_c.py:27] get device uuid map
DEBUG 04-24 11:15:38.281157.281157 sllm_store_c.py:29] call client load into gpu
DEBUG 04-24 11:15:38.283156.283156 cuda_h.py:27] end **self_attn cost 1.241 ms
DEBUG 04-24 11:15:38.283579.283579 cuda_h.py:27] end load_into_gpu_async cost 1.934 ms
DEBUG 04-24 11:15:38.283819.283819 cuda_h.py:27] end restore_tensors2 cost 0.090 ms
DEBUG 04-24 11:15:38.284252.284252 cuda_h.py:27] end allocate_cuda_memory_and_load_into_gpu cost 2.667 ms
DEBUG 04-24 11:15:38.284699.284699 cuda_h.py:27] end *iln_self_attn_paln cost 3.068 ms
DEBUG 04-24 11:15:38.284759.284759 cuda_h.py:27] end gate cost 0.536 ms
DEBUG 04-24 11:15:38.285281.285281 cuda_h.py:27] end experts_map_get cost 0.302 ms
DEBUG 04-24 11:15:38.285495.285495 cuda_h.py:27] end *before experts start* cost 0.984 ms
DEBUG 04-24 11:15:38.285279.285279 cuda_h.py:27] end cpu_experts_submit_fused_mp cost 0.234 ms
DEBUG 04-24 11:15:38.287994.287994 cuda_h.py:27] end *single cpu experts* cost 1.807 ms
DEBUG 04-24 11:15:38.288313.288313 cuda_h.py:27] end prepare_group_stack cost 0.411 ms
DEBUG 04-24 11:15:38.288194.288194 cuda_h.py:27] end prepare_group_stack cost 0.503 ms
DEBUG 04-24 11:15:38.289558.289558 cuda_h.py:27] end group stack cost 0.885 ms
DEBUG 04-24 11:15:38.289026.289026 cuda_h.py:27] end move_flatidxs_group_fused_mp cost 1.555 ms
DEBUG 04-24 11:15:38.289773.289773 cuda_h.py:27] end prepare_group_stack cost 0.667 ms
DEBUG 04-24 11:15:38.289685.289685 cuda_h.py:27] end prepare_group_stack cost 0.559 ms
DEBUG 04-24 11:15:38.289339.289339 cuda_h.py:27] end get_fused_experts_names_w cost 0.024 ms
DEBUG 04-24 11:15:38.289764.289764 sllm_store_c.py:27] get device uuid map
DEBUG 04-24 11:15:38.289008.289008 sllm_store_c.py:29] call client load into gpu
DEBUG 04-24 11:15:38.290101.290101 cuda_h.py:27] end restore_fused_tensors cost 0.617 ms
DEBUG 04-24 11:15:38.290786.290786 cuda_h.py:27] end group_fused_tensors_mp cost 0.920 ms
DEBUG 04-24 11:15:38.290338.290338 cuda_h.py:27] end group stack cost 1.450 ms
DEBUG 04-24 11:15:38.290052.290052 cuda_h.py:27] end move_flatidxs_group_fused_mp cost 2.204 ms
DEBUG 04-24 11:15:38.290893.290893 cuda_h.py:27] end get_fused_experts_names_w cost 0.028 ms
DEBUG 04-24 11:15:38.290874.290874 cuda_h.py:27] end group stack cost 1.314 ms
DEBUG 04-24 11:15:38.290859.290859 cuda_h.py:27] end move_flatidxs_group_fused_mp cost 2.215 ms
DEBUG 04-24 11:15:38.291800.291800 cuda_h.py:27] end get_fused_experts_names_w cost 0.025 ms
DEBUG 04-24 11:15:38.291775.291775 cuda_h.py:27] end group stack cost 1.726 ms
DEBUG 04-24 11:15:38.291571.291571 cuda_h.py:27] end restore_fused_tensors cost 0.525 ms
DEBUG 04-24 11:15:38.291484.291484 cuda_h.py:27] end move_flatidxs_group_fused_mp cost 2.939 ms
DEBUG 04-24 11:15:38.291462.291462 cuda_h.py:27] end group_fused_tensors_mp cost 0.802 ms
DEBUG 04-24 11:15:38.291140.291140 cuda_h.py:27] end get_fused_experts_names_w cost 0.040 ms
DEBUG 04-24 11:15:38.291590.291590 cuda_h.py:27] end restore_fused_tensors cost 0.482 ms
DEBUG 04-24 11:15:38.291994.291994 cuda_h.py:27] end group_fused_tensors_mp cost 0.873 ms
DEBUG 04-24 11:15:38.293351.293351 cuda_h.py:27] end restore_fused_tensors cost 1.407 ms
DEBUG 04-24 11:15:38.293985.293985 cuda_h.py:27] end group_fused_tensors_mp cost 1.758 ms
DEBUG 04-24 11:15:38.295754.295754 cuda_h.py:27] end restore2model cost 0.971 ms
DEBUG 04-24 11:15:38.296922.296922 cuda_h.py:27] end sllm_worker_task cost 14.782 ms
DEBUG 04-24 11:15:38.296075.296075 cuda_h.py:27] end load_into_gpu_async_fused_experts_dual cost 6.890 ms
DEBUG 04-24 11:15:38.296245.296245 cuda_h.py:27] end restore_tensors2_fused_experts_packed cost 0.191 ms
DEBUG 04-24 11:15:38.297756.297756 cuda_h.py:27] end restore_tensors2_fused_experts_slices cost 0.379 ms
DEBUG 04-24 11:15:38.297576.297576 cuda_h.py:27] end allocate_experts_cuda_memory_and_restore_model_multi_device_fused cost 10.190 ms
DEBUG 04-24 11:15:38.297749.297749 cuda_h.py:27] end gpu_sexperts cost 0.017 ms
DEBUG 04-24 11:15:38.297551.297551 cuda_h.py:27] end wait_load_qkvogn_s_weight cost 0.046 ms
DEBUG 04-24 11:15:38.303928.303928 mlpmodule.py:3373] [fused_group_bmm][steps] bmm1=8.419 ms split=0.126 ms act_mul=0.443 ms bmm2=4.348 ms
DEBUG 04-24 11:15:38.304392.304392 cuda_h.py:27] end fused_group_bmm cost 13.829 ms
DEBUG 04-24 11:15:38.304575.304575 cuda_h.py:27] end gather_outputs_group_fused_mp cost 0.637 ms
DEBUG 04-24 11:15:38.305357.305357 cuda_h.py:27] end cpu_experts_worker_bmm_or_einsum_0 cost 19.257 ms
DEBUG 04-24 11:15:38.308715.308715 mlpmodule.py:3373] [fused_group_bmm][steps] bmm1=8.224 ms split=0.192 ms act_mul=0.618 ms bmm2=6.953 ms
DEBUG 04-24 11:15:38.308451.308451 mlpmodule.py:3373] [fused_group_bmm][steps] bmm1=8.889 ms split=0.190 ms act_mul=0.795 ms bmm2=6.628 ms
DEBUG 04-24 11:15:38.308690.308690 cuda_h.py:27] end fused_group_bmm cost 16.295 ms
DEBUG 04-24 11:15:38.308599.308599 cuda_h.py:27] end fused_group_bmm cost 16.789 ms
DEBUG 04-24 11:15:38.309953.309953 cuda_h.py:27] end gather_outputs_group_fused_mp cost 0.550 ms
DEBUG 04-24 11:15:38.309807.309807 cuda_h.py:27] end gather_outputs_group_fused_mp cost 0.734 ms
DEBUG 04-24 11:15:38.309464.309464 cuda_h.py:27] end cpu_experts_worker_bmm_or_einsum_2 cost 21.765 ms
DEBUG 04-24 11:15:38.310079.310079 cuda_h.py:27] end cpu_experts_worker_bmm_or_einsum_3 cost 22.553 ms
DEBUG 04-24 11:15:38.311820.311820 mlpmodule.py:3373] [fused_group_bmm][steps] bmm1=13.013 ms split=0.126 ms act_mul=0.514 ms bmm2=4.056 ms
DEBUG 04-24 11:15:38.311722.311722 cuda_h.py:27] end fused_group_bmm cost 17.989 ms
DEBUG 04-24 11:15:38.312826.312826 cuda_h.py:27] end gather_outputs_group_fused_mp cost 0.449 ms
DEBUG 04-24 11:15:38.312214.312214 cuda_h.py:27] end cpu_experts_worker_bmm_or_einsum_1 cost 25.048 ms
DEBUG 04-24 11:15:38.313871.313871 cuda_h.py:27] end prepare_per_device_parameters cost 15.580 ms
DEBUG 04-24 11:15:38.316856.316856 cuda_h.py:27] end cpu_experts_scatter_reduce cost 0.900 ms
DEBUG 04-24 11:15:38.316872.316872 cuda_h.py:27] end cpu_thread_manager_mp_wait_fused cost 2.466 ms
DEBUG 04-24 11:15:38.318544.318544 cuda_h.py:27] end wait_experts_multi_device cost 2.035 ms
DEBUG 04-24 11:15:38.318533.318533 cuda_h.py:27] end *before fused experts* cost 31.055 ms
DEBUG 04-24 11:15:38.322769.322769 cuda_h.py:27] end gpu_experts_multi_device_fused cost 4.246 ms
DEBUG 04-24 11:15:38.322725.322725 cuda_h.py:27] end *gpu experts* cost 35.411 ms
DEBUG 04-24 11:15:38.322727.322727 cuda_h.py:27] end layer_moe_generate_mp_multi_device_fused_l_11 cost 38.373 ms
DEBUG 04-24 11:15:38.324603.324603 cuda_h.py:27] end *mlp cost 39.615 ms
DEBUG 04-24 11:15:38.324130.324130 cuda_h.py:27] end prefill_layer cost 42.985 ms
DEBUG 04-24 11:15:38.324932.324932 lmp.py:341] -------------------------------- end prefill layer 10 --------------------------------
DEBUG 04-24 11:15:38.324953.324953 lmp.py:294] -------------------------------- start prefill layer 11 --------------------------------
DEBUG 04-24 11:15:38.324976.324976 cuda_h.py:27] end start_load_qkvogn_s_weight_l_12 cost 0.042 ms
DEBUG 04-24 11:15:38.324669.324669 cuda_h.py:27] end allocate_cuda_memory cost 0.224 ms
DEBUG 04-24 11:15:38.324542.324542 sllm_store_c.py:27] get device uuid map
DEBUG 04-24 11:15:38.325282.325282 sllm_store_c.py:29] call client load into gpu
DEBUG 04-24 11:15:38.326404.326404 cuda_h.py:27] end load_into_gpu_async cost 1.617 ms
DEBUG 04-24 11:15:38.326006.326006 cuda_h.py:27] end restore_tensors2 cost 0.089 ms
DEBUG 04-24 11:15:38.327286.327286 cuda_h.py:27] end allocate_cuda_memory_and_load_into_gpu cost 2.474 ms
DEBUG 04-24 11:15:38.327761.327761 cuda_h.py:27] end **self_attn cost 2.019 ms
DEBUG 04-24 11:15:38.327790.327790 cuda_h.py:27] end *iln_self_attn_paln cost 3.390 ms
DEBUG 04-24 11:15:38.328534.328534 cuda_h.py:27] end gate cost 0.523 ms
DEBUG 04-24 11:15:38.328871.328871 cuda_h.py:27] end experts_map_get cost 0.305 ms
DEBUG 04-24 11:15:38.328085.328085 cuda_h.py:27] end *before experts start* cost 0.975 ms
DEBUG 04-24 11:15:38.329100.329100 cuda_h.py:27] end cpu_experts_submit_fused_mp cost 0.228 ms
DEBUG 04-24 11:15:38.330890.330890 cuda_h.py:27] end *single cpu experts* cost 1.470 ms
DEBUG 04-24 11:15:38.331902.331902 cuda_h.py:27] end prepare_group_stack cost 0.468 ms
DEBUG 04-24 11:15:38.332104.332104 cuda_h.py:27] end prepare_group_stack cost 0.533 ms
DEBUG 04-24 11:15:38.332779.332779 cuda_h.py:27] end group stack cost 0.712 ms
DEBUG 04-24 11:15:38.332942.332942 cuda_h.py:27] end move_flatidxs_group_fused_mp cost 1.489 ms
DEBUG 04-24 11:15:38.333992.333992 cuda_h.py:27] end prepare_group_stack cost 0.574 ms
DEBUG 04-24 11:15:38.333750.333750 cuda_h.py:27] end get_fused_experts_names_w cost 0.025 ms
DEBUG 04-24 11:15:38.333385.333385 cuda_h.py:27] end prepare_group_stack cost 0.622 ms
DEBUG 04-24 11:15:38.333703.333703 sllm_store_c.py:27] get device uuid map
DEBUG 04-24 11:15:38.333493.333493 cuda_h.py:27] end group stack cost 1.231 ms
DEBUG 04-24 11:15:38.333422.333422 sllm_store_c.py:29] call client load into gpu
DEBUG 04-24 11:15:38.333768.333768 cuda_h.py:27] end move_flatidxs_group_fused_mp cost 1.995 ms
DEBUG 04-24 11:15:38.333899.333899 cuda_h.py:27] end get_fused_experts_names_w cost 0.022 ms
DEBUG 04-24 11:15:38.333992.333992 cuda_h.py:27] end restore_fused_tensors cost 0.576 ms
DEBUG 04-24 11:15:38.334442.334442 cuda_h.py:27] end group_fused_tensors_mp cost 0.925 ms
DEBUG 04-24 11:15:38.334867.334867 cuda_h.py:27] end group stack cost 0.892 ms
DEBUG 04-24 11:15:38.334973.334973 cuda_h.py:27] end move_flatidxs_group_fused_mp cost 1.817 ms
DEBUG 04-24 11:15:38.334940.334940 cuda_h.py:27] end restore_fused_tensors cost 0.425 ms
DEBUG 04-24 11:15:38.334283.334283 cuda_h.py:27] end group_fused_tensors_mp cost 0.800 ms
DEBUG 04-24 11:15:38.334257.334257 cuda_h.py:27] end get_fused_experts_names_w cost 0.025 ms
DEBUG 04-24 11:15:38.334426.334426 cuda_h.py:27] end group stack cost 1.426 ms
DEBUG 04-24 11:15:38.334880.334880 cuda_h.py:27] end move_flatidxs_group_fused_mp cost 2.384 ms
DEBUG 04-24 11:15:38.334633.334633 cuda_h.py:27] end get_fused_experts_names_w cost 0.028 ms
DEBUG 04-24 11:15:38.335586.335586 cuda_h.py:27] end restore_fused_tensors cost 0.572 ms
DEBUG 04-24 11:15:38.335845.335845 cuda_h.py:27] end group_fused_tensors_mp cost 0.991 ms
DEBUG 04-24 11:15:38.335965.335965 cuda_h.py:27] end restore2model cost 0.741 ms
DEBUG 04-24 11:15:38.335331.335331 cuda_h.py:27] end restore_fused_tensors cost 0.709 ms
DEBUG 04-24 11:15:38.335565.335565 cuda_h.py:27] end sllm_worker_task cost 11.393 ms
DEBUG 04-24 11:15:38.335910.335910 cuda_h.py:27] end group_fused_tensors_mp cost 0.974 ms
DEBUG 04-24 11:15:38.338015.338015 cuda_h.py:27] end load_into_gpu_async_fused_experts_dual cost 4.732 ms
DEBUG 04-24 11:15:38.338751.338751 cuda_h.py:27] end restore_tensors2_fused_experts_packed cost 0.232 ms
DEBUG 04-24 11:15:38.339325.339325 cuda_h.py:27] end restore_tensors2_fused_experts_slices cost 0.451 ms
DEBUG 04-24 11:15:38.339392.339392 cuda_h.py:27] end allocate_experts_cuda_memory_and_restore_model_multi_device_fused cost 9.173 ms
DEBUG 04-24 11:15:38.339474.339474 cuda_h.py:27] end gpu_sexperts cost 0.017 ms
DEBUG 04-24 11:15:38.340762.340762 cuda_h.py:27] end wait_load_qkvogn_s_weight cost 0.052 ms
DEBUG 04-24 11:15:38.348148.348148 mlpmodule.py:3373] [fused_group_bmm][steps] bmm1=9.008 ms split=0.162 ms act_mul=0.568 ms bmm2=4.412 ms
DEBUG 04-24 11:15:38.348877.348877 cuda_h.py:27] end fused_group_bmm cost 14.614 ms
DEBUG 04-24 11:15:38.349419.349419 cuda_h.py:27] end gather_outputs_group_fused_mp cost 0.507 ms
DEBUG 04-24 11:15:38.349107.349107 cuda_h.py:27] end cpu_experts_worker_bmm_or_einsum_0 cost 19.472 ms
DEBUG 04-24 11:15:38.353491.353491 mlpmodule.py:3373] [fused_group_bmm][steps] bmm1=10.739 ms split=0.338 ms act_mul=0.796 ms bmm2=6.607 ms
DEBUG 04-24 11:15:38.353107.353107 cuda_h.py:27] end fused_group_bmm cost 18.949 ms
DEBUG 04-24 11:15:38.354496.354496 cuda_h.py:27] end gather_outputs_group_fused_mp cost 0.554 ms
DEBUG 04-24 11:15:38.354658.354658 mlpmodule.py:3373] [fused_group_bmm][steps] bmm1=13.851 ms split=0.117 ms act_mul=0.543 ms bmm2=4.445 ms
DEBUG 04-24 11:15:38.354993.354993 cuda_h.py:27] end fused_group_bmm cost 19.308 ms
DEBUG 04-24 11:15:38.355363.355363 cuda_h.py:27] end cpu_experts_worker_bmm_or_einsum_3 cost 24.549 ms
DEBUG 04-24 11:15:38.355067.355067 cuda_h.py:27] end gather_outputs_group_fused_mp cost 0.468 ms
DEBUG 04-24 11:15:38.355654.355654 cuda_h.py:27] end prepare_per_device_parameters cost 15.639 ms
DEBUG 04-24 11:15:38.355634.355634 cuda_h.py:27] end cpu_experts_worker_bmm_or_einsum_1 cost 24.576 ms
DEBUG 04-24 11:15:38.356796.356796 mlpmodule.py:3373] [fused_group_bmm][steps] bmm1=13.719 ms split=0.146 ms act_mul=0.558 ms bmm2=6.087 ms
DEBUG 04-24 11:15:38.356911.356911 cuda_h.py:27] end fused_group_bmm cost 20.813 ms
DEBUG 04-24 11:15:38.357184.357184 cuda_h.py:27] end gather_outputs_group_fused_mp cost 0.624 ms
DEBUG 04-24 11:15:38.358989.358989 cuda_h.py:27] end cpu_experts_worker_bmm_or_einsum_2 cost 26.841 ms
DEBUG 04-24 11:15:38.541261.541261 cuda_h.py:27] end cpu_experts_scatter_reduce cost 1.852 ms
DEBUG 04-24 11:15:38.541168.541168 cuda_h.py:27] end cpu_thread_manager_mp_wait_fused cost 185.304 ms
DEBUG 04-24 11:15:38.543453.543453 cuda_h.py:27] end wait_experts_multi_device cost 2.243 ms
DEBUG 04-24 11:15:38.543836.543836 cuda_h.py:27] end *before fused experts* cost 213.289 ms
DEBUG 04-24 11:15:38.551877.551877 cuda_h.py:27] end gpu_experts_multi_device_fused cost 8.049 ms
DEBUG 04-24 11:15:38.551807.551807 cuda_h.py:27] end *gpu experts* cost 221.529 ms
DEBUG 04-24 11:15:38.552836.552836 cuda_h.py:27] end layer_moe_generate_mp_multi_device_fused_l_12 cost 224.173 ms
DEBUG 04-24 11:15:38.553798.553798 cuda_h.py:27] end *mlp cost 225.406 ms
DEBUG 04-24 11:15:38.553160.553160 cuda_h.py:27] end prefill_layer cost 229.081 ms
DEBUG 04-24 11:15:38.553983.553983 lmp.py:341] -------------------------------- end prefill layer 11 --------------------------------
DEBUG 04-24 11:15:38.553130.553130 lmp.py:294] -------------------------------- start prefill layer 12 --------------------------------
DEBUG 04-24 11:15:38.553372.553372 cuda_h.py:27] end start_load_qkvogn_s_weight_l_13 cost 0.054 ms
DEBUG 04-24 11:15:38.554505.554505 cuda_h.py:27] end allocate_cuda_memory cost 0.301 ms
DEBUG 04-24 11:15:38.554307.554307 sllm_store_c.py:27] get device uuid map
DEBUG 04-24 11:15:38.554301.554301 sllm_store_c.py:29] call client load into gpu
DEBUG 04-24 11:15:38.556285.556285 cuda_h.py:27] end **self_attn cost 2.036 ms
DEBUG 04-24 11:15:38.557320.557320 cuda_h.py:27] end load_into_gpu_async cost 2.783 ms
DEBUG 04-24 11:15:38.557521.557521 cuda_h.py:27] end *iln_self_attn_paln cost 3.719 ms
DEBUG 04-24 11:15:38.557130.557130 cuda_h.py:27] end restore_tensors2 cost 0.119 ms
DEBUG 04-24 11:15:38.557015.557015 cuda_h.py:27] end allocate_cuda_memory_and_load_into_gpu cost 4.091 ms
DEBUG 04-24 11:15:38.558035.558035 cuda_h.py:27] end gate cost 1.072 ms
DEBUG 04-24 11:15:38.559099.559099 cuda_h.py:27] end experts_map_get cost 0.423 ms
DEBUG 04-24 11:15:38.559055.559055 cuda_h.py:27] end *before experts start* cost 1.698 ms
DEBUG 04-24 11:15:38.559485.559485 cuda_h.py:27] end cpu_experts_submit_fused_mp cost 0.345 ms
DEBUG 04-24 11:15:38.561526.561526 cuda_h.py:27] end *single cpu experts* cost 2.334 ms
DEBUG 04-24 11:15:38.563139.563139 sllm_store_c.py:27] get device uuid map
DEBUG 04-24 11:15:38.563142.563142 sllm_store_c.py:29] call client load into gpu
DEBUG 04-24 11:15:38.563846.563846 cuda_h.py:27] end prepare_group_stack cost 0.704 ms
DEBUG 04-24 11:15:38.564816.564816 cuda_h.py:27] end prepare_group_stack cost 0.715 ms
DEBUG 04-24 11:15:38.565768.565768 cuda_h.py:27] end restore2model cost 0.544 ms
DEBUG 04-24 11:15:38.565564.565564 cuda_h.py:27] end sllm_worker_task cost 11.420 ms
DEBUG 04-24 11:15:38.564539.564539 cuda_h.py:27] end prepare_group_stack cost 0.734 ms
DEBUG 04-24 11:15:38.565831.565831 cuda_h.py:27] end prepare_group_stack cost 1.423 ms
DEBUG 04-24 11:15:38.565371.565371 cuda_h.py:27] end group stack cost 1.751 ms
DEBUG 04-24 11:15:38.565259.565259 cuda_h.py:27] end move_flatidxs_group_fused_mp cost 3.024 ms
DEBUG 04-24 11:15:38.565921.565921 cuda_h.py:27] end get_fused_experts_names_w cost 0.041 ms
DEBUG 04-24 11:15:38.565578.565578 cuda_h.py:27] end group stack cost 1.390 ms
DEBUG 04-24 11:15:38.566162.566162 cuda_h.py:27] end move_flatidxs_group_fused_mp cost 2.600 ms
DEBUG 04-24 11:15:38.566746.566746 cuda_h.py:27] end get_fused_experts_names_w cost 0.040 ms
DEBUG 04-24 11:15:38.566834.566834 cuda_h.py:27] end load_into_gpu_async_fused_experts_dual cost 3.149 ms
DEBUG 04-24 11:15:38.566023.566023 cuda_h.py:27] end restore_tensors2_fused_experts_packed cost 0.056 ms
DEBUG 04-24 11:15:38.567828.567828 cuda_h.py:27] end restore_tensors2_fused_experts_slices cost 0.246 ms
DEBUG 04-24 11:15:38.567659.567659 cuda_h.py:27] end allocate_experts_cuda_memory_and_restore_model_multi_device_fused cost 5.297 ms
DEBUG 04-24 11:15:38.567799.567799 cuda_h.py:27] end gpu_sexperts cost 0.004 ms
DEBUG 04-24 11:15:38.567854.567854 cuda_h.py:27] end wait_load_qkvogn_s_weight cost 0.013 ms
DEBUG 04-24 11:15:38.567627.567627 cuda_h.py:27] end restore_fused_tensors cost 1.153 ms
DEBUG 04-24 11:15:38.567464.567464 cuda_h.py:27] end group_fused_tensors_mp cost 1.640 ms
DEBUG 04-24 11:15:38.567865.567865 cuda_h.py:27] end group stack cost 2.188 ms
DEBUG 04-24 11:15:38.567949.567949 cuda_h.py:27] end group stack cost 2.680 ms
DEBUG 04-24 11:15:38.567380.567380 cuda_h.py:27] end restore_fused_tensors cost 1.332 ms
DEBUG 04-24 11:15:38.568707.568707 cuda_h.py:27] end move_flatidxs_group_fused_mp cost 4.293 ms
DEBUG 04-24 11:15:38.568670.568670 cuda_h.py:27] end group_fused_tensors_mp cost 1.746 ms
DEBUG 04-24 11:15:38.568028.568028 cuda_h.py:27] end move_flatidxs_group_fused_mp cost 3.926 ms
DEBUG 04-24 11:15:38.568585.568585 cuda_h.py:27] end get_fused_experts_names_w cost 0.032 ms
DEBUG 04-24 11:15:38.568428.568428 cuda_h.py:27] end get_fused_experts_names_w cost 0.038 ms
DEBUG 04-24 11:15:38.569113.569113 cuda_h.py:27] end restore_fused_tensors cost 0.879 ms
DEBUG 04-24 11:15:38.569964.569964 cuda_h.py:27] end group_fused_tensors_mp cost 1.089 ms
DEBUG 04-24 11:15:38.569926.569926 cuda_h.py:27] end restore_fused_tensors cost 1.028 ms
DEBUG 04-24 11:15:38.569015.569015 cuda_h.py:27] end group_fused_tensors_mp cost 1.565 ms
DEBUG 04-24 11:15:38.580800.580800 mlpmodule.py:3373] [fused_group_bmm][steps] bmm1=7.612 ms split=0.157 ms act_mul=0.498 ms bmm2=3.930 ms
DEBUG 04-24 11:15:38.580425.580425 cuda_h.py:27] end fused_group_bmm cost 12.491 ms
DEBUG 04-24 11:15:38.581070.581070 cuda_h.py:27] end gather_outputs_group_fused_mp cost 0.432 ms
DEBUG 04-24 11:15:38.581029.581029 cuda_h.py:27] end cpu_experts_worker_bmm_or_einsum_0 cost 19.306 ms
DEBUG 04-24 11:15:38.586442.586442 cuda_h.py:27] end prepare_per_device_parameters cost 18.893 ms
DEBUG 04-24 11:15:38.587174.587174 mlpmodule.py:3373] [fused_group_bmm][steps] bmm1=11.592 ms split=0.206 ms act_mul=2.710 ms bmm2=4.792 ms
DEBUG 04-24 11:15:38.587428.587428 cuda_h.py:27] end fused_group_bmm cost 19.596 ms
DEBUG 04-24 11:15:38.588083.588083 cuda_h.py:27] end gather_outputs_group_fused_mp cost 0.469 ms
DEBUG 04-24 11:15:38.588139.588139 cuda_h.py:27] end cpu_experts_worker_bmm_or_einsum_1 cost 26.981 ms
DEBUG 04-24 11:15:38.588304.588304 mlpmodule.py:3373] [fused_group_bmm][steps] bmm1=13.310 ms split=0.129 ms act_mul=0.350 ms bmm2=5.355 ms
DEBUG 04-24 11:15:38.589159.589159 cuda_h.py:27] end fused_group_bmm cost 19.391 ms
DEBUG 04-24 11:15:38.588646.588646 mlpmodule.py:3373] [fused_group_bmm][steps] bmm1=13.033 ms split=0.139 ms act_mul=0.511 ms bmm2=4.916 ms
DEBUG 04-24 11:15:38.589120.589120 cuda_h.py:27] end fused_group_bmm cost 18.952 ms
DEBUG 04-24 11:15:38.589233.589233 cuda_h.py:27] end gather_outputs_group_fused_mp cost 0.438 ms
DEBUG 04-24 11:15:38.589210.589210 cuda_h.py:27] end gather_outputs_group_fused_mp cost 0.553 ms
DEBUG 04-24 11:15:38.590838.590838 cuda_h.py:27] end cpu_experts_worker_bmm_or_einsum_3 cost 27.414 ms
DEBUG 04-24 11:15:38.590041.590041 cuda_h.py:27] end cpu_experts_worker_bmm_or_einsum_2 cost 26.845 ms
DEBUG 04-24 11:15:38.591576.591576 cuda_h.py:27] end cpu_experts_scatter_reduce cost 0.757 ms
DEBUG 04-24 11:15:38.591587.591587 cuda_h.py:27] end cpu_thread_manager_mp_wait_fused cost 5.452 ms
DEBUG 04-24 11:15:38.593559.593559 cuda_h.py:27] end wait_experts_multi_device cost 1.310 ms
DEBUG 04-24 11:15:38.593448.593448 cuda_h.py:27] end *before fused experts* cost 31.446 ms
DEBUG 04-24 11:15:38.598198.598198 cuda_h.py:27] end gpu_experts_multi_device_fused cost 4.765 ms
DEBUG 04-24 11:15:38.598930.598930 cuda_h.py:27] end *gpu experts* cost 36.328 ms
DEBUG 04-24 11:15:38.598284.598284 cuda_h.py:27] end layer_moe_generate_mp_multi_device_fused_l_13 cost 40.561 ms
DEBUG 04-24 11:15:38.599559.599559 cuda_h.py:27] end *mlp cost 41.855 ms
DEBUG 04-24 11:15:38.599928.599928 cuda_h.py:27] end prefill_layer cost 46.199 ms
DEBUG 04-24 11:15:38.599592.599592 lmp.py:341] -------------------------------- end prefill layer 12 --------------------------------
DEBUG 04-24 11:15:38.599295.599295 lmp.py:294] -------------------------------- start prefill layer 13 --------------------------------
DEBUG 04-24 11:15:38.599708.599708 cuda_h.py:27] end start_load_qkvogn_s_weight_l_14 cost 0.056 ms
DEBUG 04-24 11:15:38.600231.600231 cuda_h.py:27] end allocate_cuda_memory cost 0.329 ms
DEBUG 04-24 11:15:38.600553.600553 sllm_store_c.py:27] get device uuid map
DEBUG 04-24 11:15:38.601064.601064 sllm_store_c.py:29] call client load into gpu
DEBUG 04-24 11:15:38.603246.603246 cuda_h.py:27] end load_into_gpu_async cost 2.297 ms
DEBUG 04-24 11:15:38.603637.603637 cuda_h.py:27] end restore_tensors2 cost 0.203 ms
DEBUG 04-24 11:15:38.603983.603983 cuda_h.py:27] end allocate_cuda_memory_and_load_into_gpu cost 3.745 ms
DEBUG 04-24 11:15:38.604945.604945 cuda_h.py:27] end **self_attn cost 3.123 ms
DEBUG 04-24 11:15:38.604868.604868 cuda_h.py:27] end *iln_self_attn_paln cost 4.639 ms
DEBUG 04-24 11:15:38.605650.605650 cuda_h.py:27] end gate cost 0.584 ms
DEBUG 04-24 11:15:38.605764.605764 cuda_h.py:27] end experts_map_get cost 0.343 ms
DEBUG 04-24 11:15:38.605759.605759 cuda_h.py:27] end *before experts start* cost 1.097 ms
DEBUG 04-24 11:15:38.606265.606265 cuda_h.py:27] end cpu_experts_submit_fused_mp cost 0.240 ms
DEBUG 04-24 11:15:38.607148.607148 cuda_h.py:27] end *single cpu experts* cost 1.693 ms
DEBUG 04-24 11:15:38.609601.609601 cuda_h.py:27] end prepare_group_stack cost 0.479 ms
DEBUG 04-24 11:15:38.609412.609412 sllm_store_c.py:27] get device uuid map
DEBUG 04-24 11:15:38.609092.609092 cuda_h.py:27] end prepare_group_stack cost 0.579 ms
DEBUG 04-24 11:15:38.609493.609493 sllm_store_c.py:29] call client load into gpu
DEBUG 04-24 11:15:38.609917.609917 cuda_h.py:27] end prepare_group_stack cost 0.424 ms
DEBUG 04-24 11:15:38.610093.610093 cuda_h.py:27] end prepare_group_stack cost 0.509 ms
DEBUG 04-24 11:15:38.610183.610183 cuda_h.py:27] end group stack cost 0.859 ms
DEBUG 04-24 11:15:38.610041.610041 cuda_h.py:27] end move_flatidxs_group_fused_mp cost 1.559 ms
DEBUG 04-24 11:15:38.610242.610242 cuda_h.py:27] end get_fused_experts_names_w cost 0.024 ms
DEBUG 04-24 11:15:38.611684.611684 cuda_h.py:27] end restore_fused_tensors cost 0.540 ms
DEBUG 04-24 11:15:38.611110.611110 cuda_h.py:27] end group_fused_tensors_mp cost 0.844 ms
DEBUG 04-24 11:15:38.611227.611227 cuda_h.py:27] end group stack cost 1.262 ms
DEBUG 04-24 11:15:38.611131.611131 cuda_h.py:27] end group stack cost 1.323 ms
DEBUG 04-24 11:15:38.611311.611311 cuda_h.py:27] end move_flatidxs_group_fused_mp cost 2.137 ms
DEBUG 04-24 11:15:38.611487.611487 cuda_h.py:27] end move_flatidxs_group_fused_mp cost 2.186 ms
DEBUG 04-24 11:15:38.611885.611885 cuda_h.py:27] end get_fused_experts_names_w cost 0.025 ms
DEBUG 04-24 11:15:38.611555.611555 cuda_h.py:27] end group stack cost 1.704 ms
DEBUG 04-24 11:15:38.611643.611643 cuda_h.py:27] end get_fused_experts_names_w cost 0.029 ms
DEBUG 04-24 11:15:38.612647.612647 cuda_h.py:27] end move_flatidxs_group_fused_mp cost 3.331 ms
DEBUG 04-24 11:15:38.612264.612264 cuda_h.py:27] end get_fused_experts_names_w cost 0.040 ms
DEBUG 04-24 11:15:38.612465.612465 cuda_h.py:27] end restore_fused_tensors cost 0.622 ms
DEBUG 04-24 11:15:38.612745.612745 cuda_h.py:27] end group_fused_tensors_mp cost 1.016 ms
DEBUG 04-24 11:15:38.612501.612501 cuda_h.py:27] end restore_fused_tensors cost 0.651 ms
DEBUG 04-24 11:15:38.612122.612122 cuda_h.py:27] end group_fused_tensors_mp cost 0.878 ms
DEBUG 04-24 11:15:38.613205.613205 cuda_h.py:27] end restore2model cost 2.360 ms
DEBUG 04-24 11:15:38.613689.613689 cuda_h.py:27] end sllm_worker_task cost 13.371 ms
DEBUG 04-24 11:15:38.613026.613026 cuda_h.py:27] end load_into_gpu_async_fused_experts_dual cost 4.099 ms
DEBUG 04-24 11:15:38.613691.613691 cuda_h.py:27] end restore_fused_tensors cost 1.238 ms
DEBUG 04-24 11:15:38.614196.614196 cuda_h.py:27] end group_fused_tensors_mp cost 1.752 ms
DEBUG 04-24 11:15:38.614704.614704 cuda_h.py:27] end restore_tensors2_fused_experts_packed cost 0.193 ms
DEBUG 04-24 11:15:38.615442.615442 cuda_h.py:27] end restore_tensors2_fused_experts_slices cost 1.120 ms
DEBUG 04-24 11:15:38.616571.616571 cuda_h.py:27] end allocate_experts_cuda_memory_and_restore_model_multi_device_fused cost 9.305 ms
DEBUG 04-24 11:15:38.617799.617799 cuda_h.py:27] end gpu_sexperts cost 0.094 ms
DEBUG 04-24 11:15:38.618148.618148 cuda_h.py:27] end wait_load_qkvogn_s_weight cost 0.283 ms
DEBUG 04-24 11:15:38.624502.624502 mlpmodule.py:3373] [fused_group_bmm][steps] bmm1=7.749 ms split=0.218 ms act_mul=0.658 ms bmm2=4.483 ms
DEBUG 04-24 11:15:38.624220.624220 cuda_h.py:27] end fused_group_bmm cost 13.428 ms
DEBUG 04-24 11:15:38.625976.625976 cuda_h.py:27] end gather_outputs_group_fused_mp cost 0.577 ms
DEBUG 04-24 11:15:38.625659.625659 cuda_h.py:27] end cpu_experts_worker_bmm_or_einsum_1 cost 18.450 ms
DEBUG 04-24 11:15:38.628147.628147 mlpmodule.py:3373] [fused_group_bmm][steps] bmm1=9.021 ms split=0.189 ms act_mul=0.479 ms bmm2=3.954 ms
DEBUG 04-24 11:15:38.628400.628400 cuda_h.py:27] end fused_group_bmm cost 13.897 ms
DEBUG 04-24 11:15:38.628551.628551 cuda_h.py:27] end gather_outputs_group_fused_mp cost 0.514 ms
DEBUG 04-24 11:15:38.629749.629749 cuda_h.py:27] end cpu_experts_worker_bmm_or_einsum_0 cost 21.806 ms
DEBUG 04-24 11:15:38.632386.632386 mlpmodule.py:3373] [fused_group_bmm][steps] bmm1=14.553 ms split=0.166 ms act_mul=0.350 ms bmm2=4.955 ms
DEBUG 04-24 11:15:38.633638.633638 cuda_h.py:27] end fused_group_bmm cost 20.280 ms
DEBUG 04-24 11:15:38.633735.633735 mlpmodule.py:3373] [fused_group_bmm][steps] bmm1=14.943 ms split=0.157 ms act_mul=0.363 ms bmm2=5.026 ms
DEBUG 04-24 11:15:38.633114.633114 cuda_h.py:27] end fused_group_bmm cost 20.768 ms
DEBUG 04-24 11:15:38.633725.633725 cuda_h.py:27] end gather_outputs_group_fused_mp cost 0.389 ms
DEBUG 04-24 11:15:38.634911.634911 cuda_h.py:27] end cpu_experts_worker_bmm_or_einsum_3 cost 25.911 ms
DEBUG 04-24 11:15:38.634312.634312 cuda_h.py:27] end gather_outputs_group_fused_mp cost 0.591 ms
DEBUG 04-24 11:15:38.634663.634663 cuda_h.py:27] end prepare_per_device_parameters cost 15.580 ms
DEBUG 04-24 11:15:38.635630.635630 cuda_h.py:27] end cpu_experts_worker_bmm_or_einsum_2 cost 26.567 ms
DEBUG 04-24 11:15:38.636780.636780 cuda_h.py:27] end cpu_experts_scatter_reduce cost 0.818 ms
DEBUG 04-24 11:15:38.636923.636923 cuda_h.py:27] end cpu_thread_manager_mp_wait_fused cost 2.068 ms
DEBUG 04-24 11:15:38.638891.638891 cuda_h.py:27] end wait_experts_multi_device cost 1.373 ms
DEBUG 04-24 11:15:38.638502.638502 cuda_h.py:27] end *before fused experts* cost 30.885 ms
DEBUG 04-24 11:15:38.643948.643948 cuda_h.py:27] end gpu_experts_multi_device_fused cost 4.958 ms
DEBUG 04-24 11:15:38.643010.643010 cuda_h.py:27] end *gpu experts* cost 35.965 ms
DEBUG 04-24 11:15:38.643403.643403 cuda_h.py:27] end layer_moe_generate_mp_multi_device_fused_l_14 cost 38.931 ms
DEBUG 04-24 11:15:38.644581.644581 cuda_h.py:27] end *mlp cost 40.290 ms
DEBUG 04-24 11:15:38.645333.645333 cuda_h.py:27] end prefill_layer cost 45.251 ms
DEBUG 04-24 11:15:38.645242.645242 lmp.py:341] -------------------------------- end prefill layer 13 --------------------------------
DEBUG 04-24 11:15:38.645716.645716 lmp.py:294] -------------------------------- start prefill layer 14 --------------------------------
DEBUG 04-24 11:15:38.645002.645002 cuda_h.py:27] end start_load_qkvogn_s_weight_l_15 cost 0.076 ms
DEBUG 04-24 11:15:38.646802.646802 cuda_h.py:27] end allocate_cuda_memory cost 0.517 ms
DEBUG 04-24 11:15:38.646642.646642 sllm_store_c.py:27] get device uuid map
DEBUG 04-24 11:15:38.646304.646304 sllm_store_c.py:29] call client load into gpu
DEBUG 04-24 11:15:38.648255.648255 cuda_h.py:27] end load_into_gpu_async cost 1.920 ms
DEBUG 04-24 11:15:38.648592.648592 cuda_h.py:27] end restore_tensors2 cost 0.206 ms
DEBUG 04-24 11:15:38.649526.649526 cuda_h.py:27] end allocate_cuda_memory_and_load_into_gpu cost 3.463 ms
DEBUG 04-24 11:15:38.650798.650798 cuda_h.py:27] end **self_attn cost 2.548 ms
DEBUG 04-24 11:15:38.650979.650979 cuda_h.py:27] end *iln_self_attn_paln cost 4.951 ms
DEBUG 04-24 11:15:38.650366.650366 cuda_h.py:27] end gate cost 0.587 ms
DEBUG 04-24 11:15:38.651215.651215 cuda_h.py:27] end experts_map_get cost 0.353 ms
DEBUG 04-24 11:15:38.651336.651336 cuda_h.py:27] end *before experts start* cost 1.103 ms
DEBUG 04-24 11:15:38.651526.651526 cuda_h.py:27] end cpu_experts_submit_fused_mp cost 0.277 ms
DEBUG 04-24 11:15:38.653681.653681 cuda_h.py:27] end *single cpu experts* cost 1.755 ms
DEBUG 04-24 11:15:38.654878.654878 cuda_h.py:27] end prepare_group_stack cost 0.424 ms
DEBUG 04-24 11:15:38.654941.654941 sllm_store_c.py:27] get device uuid map
DEBUG 04-24 11:15:38.654812.654812 sllm_store_c.py:29] call client load into gpu
DEBUG 04-24 11:15:38.655231.655231 cuda_h.py:27] end group stack cost 0.768 ms
DEBUG 04-24 11:15:38.655551.655551 cuda_h.py:27] end prepare_group_stack cost 0.444 ms
DEBUG 04-24 11:15:38.655858.655858 cuda_h.py:27] end move_flatidxs_group_fused_mp cost 1.408 ms
DEBUG 04-24 11:15:38.655639.655639 cuda_h.py:27] end prepare_group_stack cost 0.471 ms
DEBUG 04-24 11:15:38.655450.655450 cuda_h.py:27] end prepare_group_stack cost 0.500 ms
DEBUG 04-24 11:15:38.655579.655579 cuda_h.py:27] end get_fused_experts_names_w cost 0.164 ms
DEBUG 04-24 11:15:38.656250.656250 cuda_h.py:27] end restore_fused_tensors cost 0.553 ms
DEBUG 04-24 11:15:38.656669.656669 cuda_h.py:27] end group_fused_tensors_mp cost 0.867 ms
DEBUG 04-24 11:15:38.656861.656861 cuda_h.py:27] end group stack cost 1.061 ms
DEBUG 04-24 11:15:38.656294.656294 cuda_h.py:27] end group stack cost 0.887 ms
DEBUG 04-24 11:15:38.656879.656879 cuda_h.py:27] end move_flatidxs_group_fused_mp cost 1.926 ms
DEBUG 04-24 11:15:38.656561.656561 cuda_h.py:27] end move_flatidxs_group_fused_mp cost 1.904 ms
DEBUG 04-24 11:15:38.656686.656686 cuda_h.py:27] end group stack cost 1.126 ms
DEBUG 04-24 11:15:38.657502.657502 cuda_h.py:27] end get_fused_experts_names_w cost 0.025 ms
DEBUG 04-24 11:15:38.657462.657462 cuda_h.py:27] end get_fused_experts_names_w cost 0.024 ms
DEBUG 04-24 11:15:38.657806.657806 cuda_h.py:27] end move_flatidxs_group_fused_mp cost 2.258 ms
DEBUG 04-24 11:15:38.657429.657429 cuda_h.py:27] end get_fused_experts_names_w cost 0.034 ms
DEBUG 04-24 11:15:38.657864.657864 cuda_h.py:27] end restore_fused_tensors cost 0.540 ms
DEBUG 04-24 11:15:38.657508.657508 cuda_h.py:27] end group_fused_tensors_mp cost 0.799 ms
DEBUG 04-24 11:15:38.657325.657325 cuda_h.py:27] end restore_fused_tensors cost 0.676 ms
DEBUG 04-24 11:15:38.657476.657476 cuda_h.py:27] end restore2model cost 1.929 ms
DEBUG 04-24 11:15:38.657752.657752 cuda_h.py:27] end restore_fused_tensors cost 0.519 ms
DEBUG 04-24 11:15:38.658250.658250 cuda_h.py:27] end group_fused_tensors_mp cost 1.212 ms
DEBUG 04-24 11:15:38.658503.658503 cuda_h.py:27] end group_fused_tensors_mp cost 0.866 ms
DEBUG 04-24 11:15:38.658162.658162 cuda_h.py:27] end load_into_gpu_async_fused_experts_dual cost 3.210 ms
DEBUG 04-24 11:15:38.658948.658948 cuda_h.py:27] end sllm_worker_task cost 12.722 ms
DEBUG 04-24 11:15:38.658960.658960 cuda_h.py:27] end restore_tensors2_fused_experts_packed cost 0.086 ms
DEBUG 04-24 11:15:38.659273.659273 cuda_h.py:27] end restore_tensors2_fused_experts_slices cost 0.352 ms
DEBUG 04-24 11:15:38.659764.659764 cuda_h.py:27] end allocate_experts_cuda_memory_and_restore_model_multi_device_fused cost 6.342 ms
DEBUG 04-24 11:15:38.660270.660270 cuda_h.py:27] end gpu_sexperts cost 0.040 ms
DEBUG 04-24 11:15:38.660413.660413 cuda_h.py:27] end wait_load_qkvogn_s_weight cost 0.128 ms
DEBUG 04-24 11:15:38.669421.669421 mlpmodule.py:3373] [fused_group_bmm][steps] bmm1=7.937 ms split=0.176 ms act_mul=0.512 ms bmm2=4.362 ms
DEBUG 04-24 11:15:38.669790.669790 cuda_h.py:27] end fused_group_bmm cost 13.371 ms
DEBUG 04-24 11:15:38.670996.670996 cuda_h.py:27] end gather_outputs_group_fused_mp cost 0.758 ms
DEBUG 04-24 11:15:38.671662.671662 cuda_h.py:27] end cpu_experts_worker_bmm_or_einsum_0 cost 18.820 ms
DEBUG 04-24 11:15:38.672915.672915 mlpmodule.py:3373] [fused_group_bmm][steps] bmm1=9.406 ms split=0.221 ms act_mul=0.490 ms bmm2=4.404 ms
DEBUG 04-24 11:15:38.673433.673433 cuda_h.py:27] end fused_group_bmm cost 14.801 ms
DEBUG 04-24 11:15:38.673628.673628 cuda_h.py:27] end gather_outputs_group_fused_mp cost 0.459 ms
DEBUG 04-24 11:15:38.674930.674930 cuda_h.py:27] end cpu_experts_worker_bmm_or_einsum_1 cost 20.435 ms
DEBUG 04-24 11:15:38.675418.675418 mlpmodule.py:3373] [fused_group_bmm][steps] bmm1=12.067 ms split=0.238 ms act_mul=0.509 ms bmm2=4.719 ms
DEBUG 04-24 11:15:38.675131.675131 cuda_h.py:27] end fused_group_bmm cost 17.890 ms
DEBUG 04-24 11:15:38.676390.676390 cuda_h.py:27] end gather_outputs_group_fused_mp cost 0.466 ms
DEBUG 04-24 11:15:38.677070.677070 cuda_h.py:27] end cpu_experts_worker_bmm_or_einsum_2 cost 23.230 ms
DEBUG 04-24 11:15:38.677520.677520 mlpmodule.py:3373] [fused_group_bmm][steps] bmm1=13.942 ms split=0.145 ms act_mul=0.437 ms bmm2=4.711 ms
DEBUG 04-24 11:15:38.678189.678189 cuda_h.py:27] end fused_group_bmm cost 19.479 ms
DEBUG 04-24 11:15:38.678959.678959 cuda_h.py:27] end gather_outputs_group_fused_mp cost 0.397 ms
DEBUG 04-24 11:15:38.679770.679770 cuda_h.py:27] end cpu_experts_worker_bmm_or_einsum_3 cost 25.318 ms
DEBUG 04-24 11:15:38.679501.679501 cuda_h.py:27] end prepare_per_device_parameters cost 18.478 ms
DEBUG 04-24 11:15:38.681711.681711 cuda_h.py:27] end cpu_experts_scatter_reduce cost 0.794 ms
DEBUG 04-24 11:15:38.681595.681595 cuda_h.py:27] end cpu_thread_manager_mp_wait_fused cost 1.926 ms
DEBUG 04-24 11:15:38.682953.682953 cuda_h.py:27] end wait_experts_multi_device cost 1.345 ms
DEBUG 04-24 11:15:38.683041.683041 cuda_h.py:27] end *before fused experts* cost 29.659 ms
DEBUG 04-24 11:15:38.688183.688183 cuda_h.py:27] end gpu_experts_multi_device_fused cost 4.977 ms
DEBUG 04-24 11:15:38.688504.688504 cuda_h.py:27] end *gpu experts* cost 34.774 ms
DEBUG 04-24 11:15:38.688056.688056 cuda_h.py:27] end layer_moe_generate_mp_multi_device_fused_l_15 cost 37.833 ms
DEBUG 04-24 11:15:38.689531.689531 cuda_h.py:27] end *mlp cost 38.955 ms
DEBUG 04-24 11:15:38.689979.689979 cuda_h.py:27] end prefill_layer cost 44.222 ms
DEBUG 04-24 11:15:38.689742.689742 lmp.py:341] -------------------------------- end prefill layer 14 --------------------------------
DEBUG 04-24 11:15:38.689190.689190 lmp.py:294] -------------------------------- start prefill layer 15 --------------------------------
DEBUG 04-24 11:15:38.690790.690790 cuda_h.py:27] end start_load_qkvogn_s_weight_l_16 cost 0.063 ms
DEBUG 04-24 11:15:38.690181.690181 cuda_h.py:27] end allocate_cuda_memory cost 0.522 ms
DEBUG 04-24 11:15:38.691644.691644 sllm_store_c.py:27] get device uuid map
DEBUG 04-24 11:15:38.691519.691519 sllm_store_c.py:29] call client load into gpu
DEBUG 04-24 11:15:38.693842.693842 cuda_h.py:27] end load_into_gpu_async cost 2.357 ms
DEBUG 04-24 11:15:38.694101.694101 cuda_h.py:27] end restore_tensors2 cost 0.211 ms
DEBUG 04-24 11:15:38.694544.694544 cuda_h.py:27] end **self_attn cost 2.685 ms
DEBUG 04-24 11:15:38.694560.694560 cuda_h.py:27] end allocate_cuda_memory_and_load_into_gpu cost 4.038 ms
DEBUG 04-24 11:15:38.694811.694811 cuda_h.py:27] end *iln_self_attn_paln cost 4.649 ms
DEBUG 04-24 11:15:38.695515.695515 cuda_h.py:27] end gate cost 0.858 ms
DEBUG 04-24 11:15:38.696305.696305 cuda_h.py:27] end experts_map_get cost 0.337 ms
DEBUG 04-24 11:15:38.696187.696187 cuda_h.py:27] end *before experts start* cost 1.370 ms
DEBUG 04-24 11:15:38.696520.696520 cuda_h.py:27] end cpu_experts_submit_fused_mp cost 0.216 ms
DEBUG 04-24 11:15:38.697553.697553 cuda_h.py:27] end *single cpu experts* cost 1.184 ms
DEBUG 04-24 11:15:38.699046.699046 cuda_h.py:27] end prepare_group_stack cost 0.441 ms
DEBUG 04-24 11:15:38.699530.699530 cuda_h.py:27] end prepare_group_stack cost 0.443 ms
DEBUG 04-24 11:15:38.699665.699665 cuda_h.py:27] end prepare_group_stack cost 0.467 ms
DEBUG 04-24 11:15:38.699787.699787 sllm_store_c.py:27] get device uuid map
DEBUG 04-24 11:15:38.700431.700431 sllm_store_c.py:29] call client load into gpu
DEBUG 04-24 11:15:38.700961.700961 cuda_h.py:27] end prepare_group_stack cost 0.393 ms
DEBUG 04-24 11:15:38.700685.700685 cuda_h.py:27] end group stack cost 0.807 ms
DEBUG 04-24 11:15:38.700522.700522 cuda_h.py:27] end move_flatidxs_group_fused_mp cost 1.442 ms
DEBUG 04-24 11:15:38.700085.700085 cuda_h.py:27] end group stack cost 0.847 ms
DEBUG 04-24 11:15:38.700099.700099 cuda_h.py:27] end get_fused_experts_names_w cost 0.022 ms
DEBUG 04-24 11:15:38.700503.700503 cuda_h.py:27] end move_flatidxs_group_fused_mp cost 1.633 ms
DEBUG 04-24 11:15:38.701557.701557 cuda_h.py:27] end get_fused_experts_names_w cost 0.025 ms
DEBUG 04-24 11:15:38.701206.701206 cuda_h.py:27] end group stack cost 1.014 ms
DEBUG 04-24 11:15:38.701226.701226 cuda_h.py:27] end move_flatidxs_group_fused_mp cost 2.022 ms
DEBUG 04-24 11:15:38.701740.701740 cuda_h.py:27] end group stack cost 1.017 ms
DEBUG 04-24 11:15:38.701716.701716 cuda_h.py:27] end get_fused_experts_names_w cost 0.028 ms
DEBUG 04-24 11:15:38.701922.701922 cuda_h.py:27] end move_flatidxs_group_fused_mp cost 1.608 ms
DEBUG 04-24 11:15:38.701201.701201 cuda_h.py:27] end restore_fused_tensors cost 0.478 ms
DEBUG 04-24 11:15:38.701080.701080 cuda_h.py:27] end group_fused_tensors_mp cost 0.856 ms
DEBUG 04-24 11:15:38.701862.701862 cuda_h.py:27] end get_fused_experts_names_w cost 0.023 ms
DEBUG 04-24 11:15:38.701482.701482 cuda_h.py:27] end restore_fused_tensors cost 0.545 ms
DEBUG 04-24 11:15:38.701100.701100 cuda_h.py:27] end group_fused_tensors_mp cost 0.816 ms
DEBUG 04-24 11:15:38.702574.702574 cuda_h.py:27] end restore_fused_tensors cost 0.529 ms
DEBUG 04-24 11:15:38.702616.702616 cuda_h.py:27] end group_fused_tensors_mp cost 0.800 ms
DEBUG 04-24 11:15:38.702170.702170 cuda_h.py:27] end restore_fused_tensors cost 0.515 ms
DEBUG 04-24 11:15:38.702799.702799 cuda_h.py:27] end group_fused_tensors_mp cost 0.893 ms
DEBUG 04-24 11:15:38.703455.703455 cuda_h.py:27] end restore2model cost 1.917 ms
DEBUG 04-24 11:15:38.703086.703086 cuda_h.py:27] end sllm_worker_task cost 13.261 ms
DEBUG 04-24 11:15:38.704433.704433 cuda_h.py:27] end load_into_gpu_async_fused_experts_dual cost 4.263 ms
DEBUG 04-24 11:15:38.705817.705817 cuda_h.py:27] end restore_tensors2_fused_experts_packed cost 0.329 ms
DEBUG 04-24 11:15:38.706305.706305 cuda_h.py:27] end restore_tensors2_fused_experts_slices cost 0.943 ms
DEBUG 04-24 11:15:38.708017.708017 cuda_h.py:27] end allocate_experts_cuda_memory_and_restore_model_multi_device_fused cost 10.145 ms
DEBUG 04-24 11:15:38.708263.708263 cuda_h.py:27] end gpu_sexperts cost 0.070 ms
DEBUG 04-24 11:15:38.709712.709712 cuda_h.py:27] end wait_load_qkvogn_s_weight cost 0.168 ms
DEBUG 04-24 11:15:38.714864.714864 mlpmodule.py:3373] [fused_group_bmm][steps] bmm1=7.256 ms split=0.184 ms act_mul=0.565 ms bmm2=3.977 ms
DEBUG 04-24 11:15:38.714376.714376 cuda_h.py:27] end fused_group_bmm cost 12.518 ms
DEBUG 04-24 11:15:38.715159.715159 cuda_h.py:27] end gather_outputs_group_fused_mp cost 0.592 ms
DEBUG 04-24 11:15:38.715541.715541 mlpmodule.py:3373] [fused_group_bmm][steps] bmm1=8.623 ms split=0.114 ms act_mul=0.265 ms bmm2=4.397 ms
DEBUG 04-24 11:15:38.715457.715457 cuda_h.py:27] end cpu_experts_worker_bmm_or_einsum_0 cost 17.710 ms
DEBUG 04-24 11:15:38.715206.715206 cuda_h.py:27] end fused_group_bmm cost 13.713 ms
DEBUG 04-24 11:15:38.716449.716449 cuda_h.py:27] end gather_outputs_group_fused_mp cost 0.467 ms
DEBUG 04-24 11:15:38.717195.717195 cuda_h.py:27] end cpu_experts_worker_bmm_or_einsum_1 cost 18.981 ms
DEBUG 04-24 11:15:38.719106.719106 mlpmodule.py:3373] [fused_group_bmm][steps] bmm1=11.911 ms split=0.159 ms act_mul=0.336 ms bmm2=4.712 ms
DEBUG 04-24 11:15:38.720267.720267 mlpmodule.py:3373] [fused_group_bmm][steps] bmm1=12.000 ms split=0.223 ms act_mul=0.437 ms bmm2=4.811 ms
DEBUG 04-24 11:15:38.720922.720922 cuda_h.py:27] end fused_group_bmm cost 17.408 ms
DEBUG 04-24 11:15:38.720308.720308 cuda_h.py:27] end fused_group_bmm cost 17.755 ms
DEBUG 04-24 11:15:38.720732.720732 cuda_h.py:27] end gather_outputs_group_fused_mp cost 0.432 ms
DEBUG 04-24 11:15:38.720720.720720 cuda_h.py:27] end gather_outputs_group_fused_mp cost 0.480 ms
DEBUG 04-24 11:15:38.721445.721445 cuda_h.py:27] end cpu_experts_worker_bmm_or_einsum_3 cost 22.178 ms
DEBUG 04-24 11:15:38.721784.721784 cuda_h.py:27] end cpu_experts_worker_bmm_or_einsum_2 cost 23.311 ms
DEBUG 04-24 11:15:38.724198.724198 cuda_h.py:27] end prepare_per_device_parameters cost 14.493 ms
DEBUG 04-24 11:15:38.726059.726059 cuda_h.py:27] end cpu_experts_scatter_reduce cost 0.765 ms
DEBUG 04-24 11:15:38.726373.726373 cuda_h.py:27] end cpu_thread_manager_mp_wait_fused cost 1.908 ms
DEBUG 04-24 11:15:38.727739.727739 cuda_h.py:27] end wait_experts_multi_device cost 1.385 ms
DEBUG 04-24 11:15:38.728204.728204 cuda_h.py:27] end *before fused experts* cost 30.054 ms
DEBUG 04-24 11:15:38.733807.733807 cuda_h.py:27] end gpu_experts_multi_device_fused cost 5.494 ms
DEBUG 04-24 11:15:38.733651.733651 cuda_h.py:27] end *gpu experts* cost 35.684 ms
DEBUG 04-24 11:15:38.733350.733350 cuda_h.py:27] end layer_moe_generate_mp_multi_device_fused_l_16 cost 38.846 ms
DEBUG 04-24 11:15:38.734921.734921 cuda_h.py:27] end *mlp cost 40.075 ms
DEBUG 04-24 11:15:38.735560.735560 cuda_h.py:27] end prefill_layer cost 45.286 ms
DEBUG 04-24 11:15:38.735654.735654 lmp.py:341] -------------------------------- end prefill layer 15 --------------------------------
DEBUG 04-24 11:15:38.735741.735741 lmp.py:294] -------------------------------- start prefill layer 16 --------------------------------
DEBUG 04-24 11:15:38.735335.735335 cuda_h.py:27] end start_load_qkvogn_s_weight_l_17 cost 0.063 ms
DEBUG 04-24 11:15:38.736391.736391 cuda_h.py:27] end allocate_cuda_memory cost 0.659 ms
DEBUG 04-24 11:15:38.736847.736847 sllm_store_c.py:27] get device uuid map
DEBUG 04-24 11:15:38.736477.736477 sllm_store_c.py:29] call client load into gpu
DEBUG 04-24 11:15:38.739246.739246 cuda_h.py:27] end load_into_gpu_async cost 2.606 ms
DEBUG 04-24 11:15:38.739597.739597 cuda_h.py:27] end restore_tensors2 cost 0.209 ms
DEBUG 04-24 11:15:38.739136.739136 cuda_h.py:27] end allocate_cuda_memory_and_load_into_gpu cost 4.448 ms
DEBUG 04-24 11:15:38.740119.740119 cuda_h.py:27] end **self_attn cost 2.845 ms
DEBUG 04-24 11:15:38.740135.740135 cuda_h.py:27] end *iln_self_attn_paln cost 5.579 ms
DEBUG 04-24 11:15:38.741529.741529 cuda_h.py:27] end gate cost 0.561 ms
DEBUG 04-24 11:15:38.741881.741881 cuda_h.py:27] end experts_map_get cost 0.344 ms
DEBUG 04-24 11:15:38.741479.741479 cuda_h.py:27] end *before experts start* cost 1.063 ms
DEBUG 04-24 11:15:38.742063.742063 cuda_h.py:27] end cpu_experts_submit_fused_mp cost 0.227 ms
DEBUG 04-24 11:15:38.743776.743776 cuda_h.py:27] end *single cpu experts* cost 1.731 ms
DEBUG 04-24 11:15:38.744342.744342 cuda_h.py:27] end prepare_group_stack cost 0.436 ms
DEBUG 04-24 11:15:38.744618.744618 cuda_h.py:27] end prepare_group_stack cost 0.533 ms
DEBUG 04-24 11:15:38.746186.746186 cuda_h.py:27] end prepare_group_stack cost 0.626 ms
DEBUG 04-24 11:15:38.746015.746015 cuda_h.py:27] end group stack cost 0.955 ms
DEBUG 04-24 11:15:38.746458.746458 cuda_h.py:27] end prepare_group_stack cost 0.580 ms
DEBUG 04-24 11:15:38.746575.746575 cuda_h.py:27] end move_flatidxs_group_fused_mp cost 1.816 ms
DEBUG 04-24 11:15:38.746919.746919 cuda_h.py:27] end group stack cost 1.314 ms
DEBUG 04-24 11:15:38.746770.746770 sllm_store_c.py:27] get device uuid map
DEBUG 04-24 11:15:38.746889.746889 cuda_h.py:27] end get_fused_experts_names_w cost 0.024 ms
DEBUG 04-24 11:15:38.746241.746241 cuda_h.py:27] end move_flatidxs_group_fused_mp cost 2.170 ms
DEBUG 04-24 11:15:38.746347.746347 sllm_store_c.py:29] call client load into gpu
DEBUG 04-24 11:15:38.746037.746037 cuda_h.py:27] end get_fused_experts_names_w cost 0.082 ms
DEBUG 04-24 11:15:38.747797.747797 cuda_h.py:27] end group stack cost 0.949 ms
DEBUG 04-24 11:15:38.747891.747891 cuda_h.py:27] end group stack cost 0.925 ms
DEBUG 04-24 11:15:38.747588.747588 cuda_h.py:27] end move_flatidxs_group_fused_mp cost 1.788 ms
DEBUG 04-24 11:15:38.747114.747114 cuda_h.py:27] end get_fused_experts_names_w cost 0.023 ms
DEBUG 04-24 11:15:38.747941.747941 cuda_h.py:27] end restore_fused_tensors cost 0.581 ms
DEBUG 04-24 11:15:38.747868.747868 cuda_h.py:27] end move_flatidxs_group_fused_mp cost 1.782 ms
DEBUG 04-24 11:15:38.747380.747380 cuda_h.py:27] end restore_fused_tensors cost 0.491 ms
DEBUG 04-24 11:15:38.747166.747166 cuda_h.py:27] end group_fused_tensors_mp cost 0.967 ms
DEBUG 04-24 11:15:38.747485.747485 cuda_h.py:27] end group_fused_tensors_mp cost 0.802 ms
DEBUG 04-24 11:15:38.747134.747134 cuda_h.py:27] end get_fused_experts_names_w cost 0.028 ms
DEBUG 04-24 11:15:38.747544.747544 cuda_h.py:27] end restore_fused_tensors cost 0.441 ms
DEBUG 04-24 11:15:38.747950.747950 cuda_h.py:27] end group_fused_tensors_mp cost 0.679 ms
DEBUG 04-24 11:15:38.748245.748245 cuda_h.py:27] end restore_fused_tensors cost 0.716 ms
DEBUG 04-24 11:15:38.748168.748168 cuda_h.py:27] end group_fused_tensors_mp cost 1.040 ms
DEBUG 04-24 11:15:38.751967.751967 cuda_h.py:27] end restore2model cost 1.695 ms
DEBUG 04-24 11:15:38.752631.752631 cuda_h.py:27] end sllm_worker_task cost 16.617 ms
DEBUG 04-24 11:15:38.753156.753156 cuda_h.py:27] end load_into_gpu_async_fused_experts_dual cost 6.705 ms
DEBUG 04-24 11:15:38.754718.754718 cuda_h.py:27] end restore_tensors2_fused_experts_packed cost 0.365 ms
DEBUG 04-24 11:15:38.755388.755388 cuda_h.py:27] end restore_tensors2_fused_experts_slices cost 0.610 ms
DEBUG 04-24 11:15:38.755492.755492 cuda_h.py:27] end allocate_experts_cuda_memory_and_restore_model_multi_device_fused cost 12.009 ms
DEBUG 04-24 11:15:38.755153.755153 cuda_h.py:27] end gpu_sexperts cost 0.022 ms
DEBUG 04-24 11:15:38.756616.756616 cuda_h.py:27] end wait_load_qkvogn_s_weight cost 0.105 ms
DEBUG 04-24 11:15:38.763755.763755 mlpmodule.py:3373] [fused_group_bmm][steps] bmm1=9.212 ms split=0.107 ms act_mul=0.433 ms bmm2=4.751 ms
DEBUG 04-24 11:15:38.763546.763546 cuda_h.py:27] end fused_group_bmm cost 15.072 ms
DEBUG 04-24 11:15:38.764188.764188 cuda_h.py:27] end gather_outputs_group_fused_mp cost 0.728 ms
DEBUG 04-24 11:15:38.764229.764229 mlpmodule.py:3373] [fused_group_bmm][steps] bmm1=9.922 ms split=0.130 ms act_mul=0.596 ms bmm2=6.306 ms
DEBUG 04-24 11:15:38.765311.765311 cuda_h.py:27] end fused_group_bmm cost 17.266 ms
DEBUG 04-24 11:15:38.765282.765282 cuda_h.py:27] end cpu_experts_worker_bmm_or_einsum_0 cost 20.872 ms
DEBUG 04-24 11:15:38.765976.765976 cuda_h.py:27] end gather_outputs_group_fused_mp cost 0.470 ms
DEBUG 04-24 11:15:38.766456.766456 cuda_h.py:27] end cpu_experts_worker_bmm_or_einsum_1 cost 22.426 ms
DEBUG 04-24 11:15:38.766473.766473 mlpmodule.py:3373] [fused_group_bmm][steps] bmm1=9.817 ms split=0.110 ms act_mul=0.552 ms bmm2=8.415 ms
DEBUG 04-24 11:15:38.766905.766905 cuda_h.py:27] end fused_group_bmm cost 19.185 ms
DEBUG 04-24 11:15:38.767773.767773 mlpmodule.py:3373] [fused_group_bmm][steps] bmm1=10.443 ms split=0.127 ms act_mul=0.549 ms bmm2=8.005 ms
DEBUG 04-24 11:15:38.767861.767861 cuda_h.py:27] end fused_group_bmm cost 19.426 ms
DEBUG 04-24 11:15:38.767067.767067 cuda_h.py:27] end gather_outputs_group_fused_mp cost 0.438 ms
DEBUG 04-24 11:15:38.768766.768766 cuda_h.py:27] end gather_outputs_group_fused_mp cost 0.486 ms
DEBUG 04-24 11:15:38.768879.768879 cuda_h.py:27] end cpu_experts_worker_bmm_or_einsum_3 cost 24.566 ms
DEBUG 04-24 11:15:38.768665.768665 cuda_h.py:27] end cpu_experts_worker_bmm_or_einsum_2 cost 24.618 ms
DEBUG 04-24 11:15:38.772047.772047 cuda_h.py:27] end prepare_per_device_parameters cost 15.735 ms
DEBUG 04-24 11:15:38.774693.774693 cuda_h.py:27] end cpu_experts_scatter_reduce cost 0.805 ms
DEBUG 04-24 11:15:38.774299.774299 cuda_h.py:27] end cpu_thread_manager_mp_wait_fused cost 2.029 ms
DEBUG 04-24 11:15:38.775277.775277 cuda_h.py:27] end wait_experts_multi_device cost 1.274 ms
DEBUG 04-24 11:15:38.775942.775942 cuda_h.py:27] end *before fused experts* cost 31.976 ms
DEBUG 04-24 11:15:38.780684.780684 cuda_h.py:27] end gpu_experts_multi_device_fused cost 4.926 ms
DEBUG 04-24 11:15:38.780403.780403 cuda_h.py:27] end *gpu experts* cost 37.054 ms
DEBUG 04-24 11:15:38.780102.780102 cuda_h.py:27] end layer_moe_generate_mp_multi_device_fused_l_17 cost 40.038 ms
DEBUG 04-24 11:15:38.782683.782683 cuda_h.py:27] end *mlp cost 41.170 ms
DEBUG 04-24 11:15:38.782201.782201 cuda_h.py:27] end prefill_layer cost 46.968 ms
DEBUG 04-24 11:15:38.782481.782481 lmp.py:341] -------------------------------- end prefill layer 16 --------------------------------
DEBUG 04-24 11:15:38.782230.782230 lmp.py:294] -------------------------------- start prefill layer 17 --------------------------------
DEBUG 04-24 11:15:38.782882.782882 cuda_h.py:27] end start_load_qkvogn_s_weight_l_18 cost 0.057 ms
DEBUG 04-24 11:15:38.783618.783618 cuda_h.py:27] end allocate_cuda_memory cost 0.550 ms
DEBUG 04-24 11:15:38.783791.783791 sllm_store_c.py:27] get device uuid map
DEBUG 04-24 11:15:38.783283.783283 sllm_store_c.py:29] call client load into gpu
DEBUG 04-24 11:15:38.785057.785057 cuda_h.py:27] end load_into_gpu_async cost 2.402 ms
DEBUG 04-24 11:15:38.786150.786150 cuda_h.py:27] end restore_tensors2 cost 0.221 ms
DEBUG 04-24 11:15:38.786308.786308 cuda_h.py:27] end allocate_cuda_memory_and_load_into_gpu cost 4.091 ms
DEBUG 04-24 11:15:38.786076.786076 cuda_h.py:27] end **self_attn cost 2.344 ms
DEBUG 04-24 11:15:38.787277.787277 cuda_h.py:27] end *iln_self_attn_paln cost 4.955 ms
DEBUG 04-24 11:15:38.787420.787420 cuda_h.py:27] end gate cost 0.586 ms
DEBUG 04-24 11:15:38.788130.788130 cuda_h.py:27] end experts_map_get cost 0.323 ms
DEBUG 04-24 11:15:38.788781.788781 cuda_h.py:27] end *before experts start* cost 1.073 ms
DEBUG 04-24 11:15:38.788928.788928 cuda_h.py:27] end cpu_experts_submit_fused_mp cost 0.220 ms
DEBUG 04-24 11:15:38.789337.789337 cuda_h.py:27] end prepare_group_stack cost 0.423 ms
DEBUG 04-24 11:15:38.790260.790260 cuda_h.py:27] end *single cpu experts* cost 1.617 ms
DEBUG 04-24 11:15:38.790390.790390 cuda_h.py:27] end prepare_group_stack cost 0.514 ms
DEBUG 04-24 11:15:38.790973.790973 cuda_h.py:27] end group stack cost 0.709 ms
DEBUG 04-24 11:15:38.790704.790704 cuda_h.py:27] end move_flatidxs_group_fused_mp cost 1.304 ms
DEBUG 04-24 11:15:38.790955.790955 cuda_h.py:27] end prepare_group_stack cost 0.517 ms
DEBUG 04-24 11:15:38.790799.790799 cuda_h.py:27] end get_fused_experts_names_w cost 0.028 ms
DEBUG 04-24 11:15:38.790352.790352 cuda_h.py:27] end prepare_group_stack cost 0.456 ms
DEBUG 04-24 11:15:38.791683.791683 cuda_h.py:27] end restore_fused_tensors cost 0.492 ms
DEBUG 04-24 11:15:38.791704.791704 cuda_h.py:27] end group_fused_tensors_mp cost 0.770 ms
DEBUG 04-24 11:15:38.791447.791447 cuda_h.py:27] end group stack cost 1.217 ms
DEBUG 04-24 11:15:38.791060.791060 cuda_h.py:27] end move_flatidxs_group_fused_mp cost 1.936 ms
DEBUG 04-24 11:15:38.791037.791037 cuda_h.py:27] end group stack cost 0.988 ms
DEBUG 04-24 11:15:38.791005.791005 cuda_h.py:27] end get_fused_experts_names_w cost 0.030 ms
DEBUG 04-24 11:15:38.791350.791350 cuda_h.py:27] end move_flatidxs_group_fused_mp cost 1.841 ms
DEBUG 04-24 11:15:38.791081.791081 cuda_h.py:27] end get_fused_experts_names_w cost 0.026 ms
DEBUG 04-24 11:15:38.792649.792649 sllm_store_c.py:27] get device uuid map
DEBUG 04-24 11:15:38.792836.792836 cuda_h.py:27] end group stack cost 1.286 ms
DEBUG 04-24 11:15:38.792070.792070 sllm_store_c.py:29] call client load into gpu
DEBUG 04-24 11:15:38.792759.792759 cuda_h.py:27] end move_flatidxs_group_fused_mp cost 1.966 ms
DEBUG 04-24 11:15:38.792093.792093 cuda_h.py:27] end get_fused_experts_names_w cost 0.029 ms
DEBUG 04-24 11:15:38.792610.792610 cuda_h.py:27] end restore_fused_tensors cost 0.605 ms
DEBUG 04-24 11:15:38.792884.792884 cuda_h.py:27] end group_fused_tensors_mp cost 0.788 ms
DEBUG 04-24 11:15:38.792736.792736 cuda_h.py:27] end restore_fused_tensors cost 0.760 ms
DEBUG 04-24 11:15:38.793658.793658 cuda_h.py:27] end restore_fused_tensors cost 0.624 ms
DEBUG 04-24 11:15:38.793789.793789 cuda_h.py:27] end group_fused_tensors_mp cost 1.219 ms
DEBUG 04-24 11:15:38.793379.793379 cuda_h.py:27] end group_fused_tensors_mp cost 0.875 ms
DEBUG 04-24 11:15:38.795016.795016 cuda_h.py:27] end load_into_gpu_async_fused_experts_dual cost 3.604 ms
DEBUG 04-24 11:15:38.796194.796194 cuda_h.py:27] end restore2model cost 2.970 ms
DEBUG 04-24 11:15:38.797044.797044 cuda_h.py:27] end restore_tensors2_fused_experts_packed cost 0.326 ms
DEBUG 04-24 11:15:38.797297.797297 cuda_h.py:27] end sllm_worker_task cost 15.028 ms
DEBUG 04-24 11:15:38.799137.799137 cuda_h.py:27] end restore_tensors2_fused_experts_slices cost 0.995 ms
DEBUG 04-24 11:15:38.799071.799071 cuda_h.py:27] end allocate_experts_cuda_memory_and_restore_model_multi_device_fused cost 9.608 ms
DEBUG 04-24 11:15:38.800612.800612 cuda_h.py:27] end gpu_sexperts cost 0.027 ms
DEBUG 04-24 11:15:38.800797.800797 cuda_h.py:27] end wait_load_qkvogn_s_weight cost 0.086 ms
DEBUG 04-24 11:15:38.803579.803579 mlpmodule.py:3373] [fused_group_bmm][steps] bmm1=6.117 ms split=0.201 ms act_mul=0.614 ms bmm2=5.398 ms
DEBUG 04-24 11:15:38.804468.804468 cuda_h.py:27] end fused_group_bmm cost 12.599 ms
DEBUG 04-24 11:15:38.804533.804533 cuda_h.py:27] end gather_outputs_group_fused_mp cost 0.517 ms
DEBUG 04-24 11:15:38.805721.805721 cuda_h.py:27] end cpu_experts_worker_bmm_or_einsum_0 cost 16.339 ms
DEBUG 04-24 11:15:38.809502.809502 mlpmodule.py:3373] [fused_group_bmm][steps] bmm1=9.338 ms split=0.160 ms act_mul=0.402 ms bmm2=6.048 ms
DEBUG 04-24 11:15:38.809511.809511 cuda_h.py:27] end fused_group_bmm cost 16.241 ms
DEBUG 04-24 11:15:38.809025.809025 mlpmodule.py:3373] [fused_group_bmm][steps] bmm1=9.006 ms split=0.195 ms act_mul=0.563 ms bmm2=6.770 ms
DEBUG 04-24 11:15:38.810210.810210 cuda_h.py:27] end fused_group_bmm cost 16.950 ms
DEBUG 04-24 11:15:38.810126.810126 cuda_h.py:27] end gather_outputs_group_fused_mp cost 0.397 ms
DEBUG 04-24 11:15:38.810821.810821 cuda_h.py:27] end gather_outputs_group_fused_mp cost 0.461 ms
DEBUG 04-24 11:15:38.810274.810274 mlpmodule.py:3373] [fused_group_bmm][steps] bmm1=9.859 ms split=0.220 ms act_mul=0.577 ms bmm2=7.321 ms
DEBUG 04-24 11:15:38.810133.810133 cuda_h.py:27] end cpu_experts_worker_bmm_or_einsum_3 cost 20.725 ms
DEBUG 04-24 11:15:38.811302.811302 cuda_h.py:27] end fused_group_bmm cost 18.247 ms
DEBUG 04-24 11:15:38.811377.811377 cuda_h.py:27] end cpu_experts_worker_bmm_or_einsum_1 cost 21.349 ms
DEBUG 04-24 11:15:38.811477.811477 cuda_h.py:27] end gather_outputs_group_fused_mp cost 0.510 ms
DEBUG 04-24 11:15:38.812555.812555 cuda_h.py:27] end cpu_experts_worker_bmm_or_einsum_2 cost 22.814 ms
DEBUG 04-24 11:15:38.815838.815838 cuda_h.py:27] end prepare_per_device_parameters cost 14.685 ms
DEBUG 04-24 11:15:38.817318.817318 cuda_h.py:27] end cpu_experts_scatter_reduce cost 0.778 ms
DEBUG 04-24 11:15:38.817116.817116 cuda_h.py:27] end cpu_thread_manager_mp_wait_fused cost 2.631 ms
DEBUG 04-24 11:15:38.819015.819015 cuda_h.py:27] end wait_experts_multi_device cost 1.288 ms
DEBUG 04-24 11:15:38.819626.819626 cuda_h.py:27] end *before fused experts* cost 29.177 ms
DEBUG 04-24 11:15:38.824692.824692 cuda_h.py:27] end gpu_experts_multi_device_fused cost 4.885 ms
DEBUG 04-24 11:15:38.824344.824344 cuda_h.py:27] end *gpu experts* cost 34.200 ms
DEBUG 04-24 11:15:38.824466.824466 cuda_h.py:27] end layer_moe_generate_mp_multi_device_fused_l_18 cost 37.181 ms
DEBUG 04-24 11:15:38.825428.825428 cuda_h.py:27] end *mlp cost 38.207 ms
DEBUG 04-24 11:15:38.825511.825511 cuda_h.py:27] end prefill_layer cost 43.394 ms
DEBUG 04-24 11:15:38.825843.825843 lmp.py:341] -------------------------------- end prefill layer 17 --------------------------------
DEBUG 04-24 11:15:38.825208.825208 lmp.py:294] -------------------------------- start prefill layer 18 --------------------------------
DEBUG 04-24 11:15:38.826639.826639 cuda_h.py:27] end start_load_qkvogn_s_weight_l_19 cost 0.054 ms
DEBUG 04-24 11:15:38.826486.826486 cuda_h.py:27] end allocate_cuda_memory cost 0.547 ms
DEBUG 04-24 11:15:38.827300.827300 sllm_store_c.py:27] get device uuid map
DEBUG 04-24 11:15:38.827373.827373 sllm_store_c.py:29] call client load into gpu
DEBUG 04-24 11:15:38.829807.829807 cuda_h.py:27] end load_into_gpu_async cost 2.265 ms
DEBUG 04-24 11:15:38.829865.829865 cuda_h.py:27] end **self_attn cost 1.547 ms
DEBUG 04-24 11:15:38.829795.829795 cuda_h.py:27] end restore_tensors2 cost 0.219 ms
DEBUG 04-24 11:15:38.830829.830829 cuda_h.py:27] end allocate_cuda_memory_and_load_into_gpu cost 4.175 ms
DEBUG 04-24 11:15:38.830274.830274 cuda_h.py:27] end *iln_self_attn_paln cost 4.773 ms
DEBUG 04-24 11:15:38.831496.831496 cuda_h.py:27] end gate cost 0.595 ms
DEBUG 04-24 11:15:38.831133.831133 cuda_h.py:27] end experts_map_get cost 0.336 ms
DEBUG 04-24 11:15:38.831823.831823 cuda_h.py:27] end *before experts start* cost 1.095 ms
DEBUG 04-24 11:15:38.832315.832315 cuda_h.py:27] end cpu_experts_submit_fused_mp cost 0.229 ms
DEBUG 04-24 11:15:38.833880.833880 cuda_h.py:27] end *single cpu experts* cost 1.448 ms
DEBUG 04-24 11:15:38.835698.835698 cuda_h.py:27] end prepare_group_stack cost 0.494 ms
DEBUG 04-24 11:15:38.835820.835820 cuda_h.py:27] end prepare_group_stack cost 0.483 ms
DEBUG 04-24 11:15:38.835801.835801 sllm_store_c.py:27] get device uuid map
DEBUG 04-24 11:15:38.835914.835914 cuda_h.py:27] end prepare_group_stack cost 0.537 ms
DEBUG 04-24 11:15:38.835741.835741 cuda_h.py:27] end prepare_group_stack cost 0.566 ms
DEBUG 04-24 11:15:38.835208.835208 sllm_store_c.py:29] call client load into gpu
DEBUG 04-24 11:15:38.836406.836406 cuda_h.py:27] end group stack cost 0.867 ms
DEBUG 04-24 11:15:38.836759.836759 cuda_h.py:27] end group stack cost 0.825 ms
DEBUG 04-24 11:15:38.836595.836595 cuda_h.py:27] end move_flatidxs_group_fused_mp cost 1.603 ms
DEBUG 04-24 11:15:38.836205.836205 cuda_h.py:27] end move_flatidxs_group_fused_mp cost 1.541 ms
DEBUG 04-24 11:15:38.837874.837874 cuda_h.py:27] end group stack cost 1.110 ms
DEBUG 04-24 11:15:38.837566.837566 cuda_h.py:27] end get_fused_experts_names_w cost 0.024 ms
DEBUG 04-24 11:15:38.837441.837441 cuda_h.py:27] end get_fused_experts_names_w cost 0.024 ms
DEBUG 04-24 11:15:38.837084.837084 cuda_h.py:27] end move_flatidxs_group_fused_mp cost 1.893 ms
DEBUG 04-24 11:15:38.837388.837388 cuda_h.py:27] end get_fused_experts_names_w cost 0.025 ms
DEBUG 04-24 11:15:38.837753.837753 cuda_h.py:27] end group stack cost 1.175 ms
DEBUG 04-24 11:15:38.837945.837945 cuda_h.py:27] end move_flatidxs_group_fused_mp cost 2.317 ms
DEBUG 04-24 11:15:38.837626.837626 cuda_h.py:27] end get_fused_experts_names_w cost 0.024 ms
DEBUG 04-24 11:15:38.837107.837107 cuda_h.py:27] end restore_fused_tensors cost 0.534 ms
DEBUG 04-24 11:15:38.837938.837938 cuda_h.py:27] end group_fused_tensors_mp cost 0.815 ms
DEBUG 04-24 11:15:38.838165.838165 cuda_h.py:27] end restore_fused_tensors cost 0.690 ms
DEBUG 04-24 11:15:38.838261.838261 cuda_h.py:27] end restore_fused_tensors cost 0.594 ms
DEBUG 04-24 11:15:38.838170.838170 cuda_h.py:27] end group_fused_tensors_mp cost 1.034 ms
DEBUG 04-24 11:15:38.838965.838965 cuda_h.py:27] end group_fused_tensors_mp cost 0.840 ms
DEBUG 04-24 11:15:38.838822.838822 cuda_h.py:27] end restore_fused_tensors cost 0.522 ms
DEBUG 04-24 11:15:38.838819.838819 cuda_h.py:27] end group_fused_tensors_mp cost 0.838 ms
DEBUG 04-24 11:15:38.838399.838399 cuda_h.py:27] end restore2model cost 2.035 ms
DEBUG 04-24 11:15:38.839297.839297 cuda_h.py:27] end sllm_worker_task cost 13.015 ms
DEBUG 04-24 11:15:38.839202.839202 cuda_h.py:27] end load_into_gpu_async_fused_experts_dual cost 3.843 ms
DEBUG 04-24 11:15:38.840640.840640 cuda_h.py:27] end restore_tensors2_fused_experts_packed cost 0.362 ms
DEBUG 04-24 11:15:38.842615.842615 cuda_h.py:27] end restore_tensors2_fused_experts_slices cost 0.979 ms
DEBUG 04-24 11:15:38.843058.843058 cuda_h.py:27] end allocate_experts_cuda_memory_and_restore_model_multi_device_fused cost 10.055 ms
DEBUG 04-24 11:15:38.844268.844268 cuda_h.py:27] end gpu_sexperts cost 0.095 ms
DEBUG 04-24 11:15:38.844092.844092 cuda_h.py:27] end wait_load_qkvogn_s_weight cost 0.152 ms
DEBUG 04-24 11:15:38.849523.849523 mlpmodule.py:3373] [fused_group_bmm][steps] bmm1=6.720 ms split=0.195 ms act_mul=0.474 ms bmm2=3.962 ms
DEBUG 04-24 11:15:38.849373.849373 cuda_h.py:27] end fused_group_bmm cost 11.673 ms
DEBUG 04-24 11:15:38.850599.850599 cuda_h.py:27] end gather_outputs_group_fused_mp cost 0.568 ms
DEBUG 04-24 11:15:38.851791.851791 cuda_h.py:27] end cpu_experts_worker_bmm_or_einsum_0 cost 17.397 ms
DEBUG 04-24 11:15:38.853057.853057 mlpmodule.py:3373] [fused_group_bmm][steps] bmm1=10.116 ms split=0.218 ms act_mul=0.513 ms bmm2=4.054 ms
DEBUG 04-24 11:15:38.853834.853834 cuda_h.py:27] end fused_group_bmm cost 15.197 ms
DEBUG 04-24 11:15:38.854923.854923 cuda_h.py:27] end gather_outputs_group_fused_mp cost 0.499 ms
DEBUG 04-24 11:15:38.855456.855456 cuda_h.py:27] end cpu_experts_worker_bmm_or_einsum_1 cost 21.048 ms
DEBUG 04-24 11:15:38.856341.856341 mlpmodule.py:3373] [fused_group_bmm][steps] bmm1=11.997 ms split=0.161 ms act_mul=0.403 ms bmm2=4.818 ms
DEBUG 04-24 11:15:38.856680.856680 cuda_h.py:27] end fused_group_bmm cost 17.668 ms
DEBUG 04-24 11:15:38.857252.857252 cuda_h.py:27] end gather_outputs_group_fused_mp cost 0.420 ms
DEBUG 04-24 11:15:38.856487.856487 mlpmodule.py:3373] [fused_group_bmm][steps] bmm1=12.915 ms split=0.183 ms act_mul=0.431 ms bmm2=5.285 ms
DEBUG 04-24 11:15:38.857336.857336 cuda_h.py:27] end fused_group_bmm cost 19.100 ms
DEBUG 04-24 11:15:38.857020.857020 cuda_h.py:27] end cpu_experts_worker_bmm_or_einsum_3 cost 23.635 ms
DEBUG 04-24 11:15:38.857305.857305 cuda_h.py:27] end gather_outputs_group_fused_mp cost 0.490 ms
DEBUG 04-24 11:15:38.858570.858570 cuda_h.py:27] end cpu_experts_worker_bmm_or_einsum_2 cost 24.475 ms
DEBUG 04-24 11:15:38.860195.860195 cuda_h.py:27] end prepare_per_device_parameters cost 15.351 ms
DEBUG 04-24 11:15:38.862517.862517 cuda_h.py:27] end cpu_experts_scatter_reduce cost 0.786 ms
DEBUG 04-24 11:15:38.862361.862361 cuda_h.py:27] end cpu_thread_manager_mp_wait_fused cost 2.037 ms
DEBUG 04-24 11:15:38.864025.864025 cuda_h.py:27] end wait_experts_multi_device cost 1.393 ms
DEBUG 04-24 11:15:38.864259.864259 cuda_h.py:27] end *before fused experts* cost 30.664 ms
DEBUG 04-24 11:15:38.869114.869114 cuda_h.py:27] end gpu_experts_multi_device_fused cost 4.908 ms
DEBUG 04-24 11:15:38.869150.869150 cuda_h.py:27] end *gpu experts* cost 35.709 ms
DEBUG 04-24 11:15:38.869703.869703 cuda_h.py:27] end layer_moe_generate_mp_multi_device_fused_l_19 cost 38.433 ms
DEBUG 04-24 11:15:38.870330.870330 cuda_h.py:27] end *mlp cost 39.562 ms
DEBUG 04-24 11:15:38.870387.870387 cuda_h.py:27] end prefill_layer cost 44.898 ms
DEBUG 04-24 11:15:38.870196.870196 lmp.py:341] -------------------------------- end prefill layer 18 --------------------------------
DEBUG 04-24 11:15:38.870713.870713 lmp.py:294] -------------------------------- start prefill layer 19 --------------------------------
DEBUG 04-24 11:15:38.870909.870909 cuda_h.py:27] end start_load_qkvogn_s_weight_l_20 cost 0.065 ms
DEBUG 04-24 11:15:38.871976.871976 cuda_h.py:27] end allocate_cuda_memory cost 0.565 ms
DEBUG 04-24 11:15:38.871877.871877 sllm_store_c.py:27] get device uuid map
DEBUG 04-24 11:15:38.872432.872432 sllm_store_c.py:29] call client load into gpu
DEBUG 04-24 11:15:38.874177.874177 cuda_h.py:27] end load_into_gpu_async cost 2.431 ms
DEBUG 04-24 11:15:38.874811.874811 cuda_h.py:27] end restore_tensors2 cost 0.214 ms
DEBUG 04-24 11:15:38.874283.874283 cuda_h.py:27] end allocate_cuda_memory_and_load_into_gpu cost 4.126 ms
DEBUG 04-24 11:15:38.875960.875960 cuda_h.py:27] end **self_attn cost 3.222 ms
DEBUG 04-24 11:15:38.875820.875820 cuda_h.py:27] end *iln_self_attn_paln cost 5.133 ms
DEBUG 04-24 11:15:38.876125.876125 cuda_h.py:27] end gate cost 0.686 ms
DEBUG 04-24 11:15:38.877890.877890 cuda_h.py:27] end experts_map_get cost 0.383 ms
DEBUG 04-24 11:15:38.877077.877077 cuda_h.py:27] end *before experts start* cost 1.259 ms
DEBUG 04-24 11:15:38.877783.877783 cuda_h.py:27] end cpu_experts_submit_fused_mp cost 0.269 ms
DEBUG 04-24 11:15:38.879687.879687 cuda_h.py:27] end *single cpu experts* cost 1.949 ms
DEBUG 04-24 11:15:38.881013.881013 cuda_h.py:27] end prepare_group_stack cost 0.488 ms
DEBUG 04-24 11:15:38.881135.881135 cuda_h.py:27] end prepare_group_stack cost 0.501 ms
DEBUG 04-24 11:15:38.881580.881580 cuda_h.py:27] end prepare_group_stack cost 0.603 ms
DEBUG 04-24 11:15:38.881184.881184 cuda_h.py:27] end prepare_group_stack cost 0.539 ms
DEBUG 04-24 11:15:38.881906.881906 sllm_store_c.py:27] get device uuid map
DEBUG 04-24 11:15:38.881595.881595 sllm_store_c.py:29] call client load into gpu
DEBUG 04-24 11:15:38.882851.882851 cuda_h.py:27] end group stack cost 0.709 ms
DEBUG 04-24 11:15:38.882640.882640 cuda_h.py:27] end group stack cost 0.813 ms
DEBUG 04-24 11:15:38.882179.882179 cuda_h.py:27] end move_flatidxs_group_fused_mp cost 1.441 ms
DEBUG 04-24 11:15:38.882391.882391 cuda_h.py:27] end move_flatidxs_group_fused_mp cost 1.524 ms
DEBUG 04-24 11:15:38.882844.882844 cuda_h.py:27] end get_fused_experts_names_w cost 0.026 ms
DEBUG 04-24 11:15:38.882573.882573 cuda_h.py:27] end get_fused_experts_names_w cost 0.025 ms
DEBUG 04-24 11:15:38.882088.882088 cuda_h.py:27] end group stack cost 0.943 ms
DEBUG 04-24 11:15:38.882307.882307 cuda_h.py:27] end move_flatidxs_group_fused_mp cost 2.136 ms
DEBUG 04-24 11:15:38.883843.883843 cuda_h.py:27] end get_fused_experts_names_w cost 0.025 ms
DEBUG 04-24 11:15:38.883717.883717 cuda_h.py:27] end group stack cost 1.311 ms
DEBUG 04-24 11:15:38.883783.883783 cuda_h.py:27] end restore_fused_tensors cost 0.607 ms
DEBUG 04-24 11:15:38.883778.883778 cuda_h.py:27] end restore_fused_tensors cost 0.627 ms
DEBUG 04-24 11:15:38.883632.883632 cuda_h.py:27] end move_flatidxs_group_fused_mp cost 2.467 ms
DEBUG 04-24 11:15:38.883776.883776 cuda_h.py:27] end group_fused_tensors_mp cost 0.963 ms
DEBUG 04-24 11:15:38.883796.883796 cuda_h.py:27] end group_fused_tensors_mp cost 0.966 ms
DEBUG 04-24 11:15:38.883514.883514 cuda_h.py:27] end get_fused_experts_names_w cost 0.028 ms
DEBUG 04-24 11:15:38.883846.883846 cuda_h.py:27] end restore_fused_tensors cost 0.528 ms
DEBUG 04-24 11:15:38.883114.883114 cuda_h.py:27] end group_fused_tensors_mp cost 0.826 ms
DEBUG 04-24 11:15:38.884670.884670 cuda_h.py:27] end restore_fused_tensors cost 0.587 ms
DEBUG 04-24 11:15:38.884362.884362 cuda_h.py:27] end group_fused_tensors_mp cost 0.859 ms
DEBUG 04-24 11:15:38.885378.885378 cuda_h.py:27] end restore2model cost 1.935 ms
DEBUG 04-24 11:15:38.885474.885474 cuda_h.py:27] end sllm_worker_task cost 14.773 ms
DEBUG 04-24 11:15:38.886308.886308 cuda_h.py:27] end load_into_gpu_async_fused_experts_dual cost 4.565 ms
DEBUG 04-24 11:15:38.887349.887349 cuda_h.py:27] end restore_tensors2_fused_experts_packed cost 0.268 ms
DEBUG 04-24 11:15:38.888037.888037 cuda_h.py:27] end restore_tensors2_fused_experts_slices cost 0.707 ms
DEBUG 04-24 11:15:38.888386.888386 cuda_h.py:27] end allocate_experts_cuda_memory_and_restore_model_multi_device_fused cost 9.479 ms
DEBUG 04-24 11:15:38.889773.889773 cuda_h.py:27] end gpu_sexperts cost 0.101 ms
DEBUG 04-24 11:15:38.889895.889895 cuda_h.py:27] end wait_load_qkvogn_s_weight cost 0.189 ms
DEBUG 04-24 11:15:38.896366.896366 mlpmodule.py:3373] [fused_group_bmm][steps] bmm1=6.473 ms split=0.184 ms act_mul=0.506 ms bmm2=5.097 ms
DEBUG 04-24 11:15:38.896379.896379 cuda_h.py:27] end fused_group_bmm cost 12.724 ms
DEBUG 04-24 11:15:38.897315.897315 cuda_h.py:27] end gather_outputs_group_fused_mp cost 0.610 ms
DEBUG 04-24 11:15:38.897601.897601 cuda_h.py:27] end cpu_experts_worker_bmm_or_einsum_0 cost 18.147 ms
DEBUG 04-24 11:15:38.897249.897249 mlpmodule.py:3373] [fused_group_bmm][steps] bmm1=8.453 ms split=0.109 ms act_mul=0.350 ms bmm2=4.914 ms
DEBUG 04-24 11:15:38.898211.898211 cuda_h.py:27] end fused_group_bmm cost 14.292 ms
DEBUG 04-24 11:15:38.898026.898026 cuda_h.py:27] end gather_outputs_group_fused_mp cost 0.450 ms
DEBUG 04-24 11:15:38.899433.899433 cuda_h.py:27] end cpu_experts_worker_bmm_or_einsum_1 cost 19.681 ms
DEBUG 04-24 11:15:38.900650.900650 mlpmodule.py:3373] [fused_group_bmm][steps] bmm1=10.117 ms split=0.201 ms act_mul=0.433 ms bmm2=4.776 ms
DEBUG 04-24 11:15:38.900274.900274 cuda_h.py:27] end fused_group_bmm cost 15.815 ms
DEBUG 04-24 11:15:38.901083.901083 cuda_h.py:27] end gather_outputs_group_fused_mp cost 0.390 ms
DEBUG 04-24 11:15:38.901437.901437 mlpmodule.py:3373] [fused_group_bmm][steps] bmm1=10.436 ms split=0.327 ms act_mul=0.675 ms bmm2=5.715 ms
DEBUG 04-24 11:15:38.901114.901114 cuda_h.py:27] end fused_group_bmm cost 17.453 ms
DEBUG 04-24 11:15:38.901599.901599 cuda_h.py:27] end cpu_experts_worker_bmm_or_einsum_3 cost 22.032 ms
DEBUG 04-24 11:15:38.902276.902276 cuda_h.py:27] end gather_outputs_group_fused_mp cost 0.438 ms
DEBUG 04-24 11:15:38.902418.902418 cuda_h.py:27] end cpu_experts_worker_bmm_or_einsum_2 cost 23.184 ms
DEBUG 04-24 11:15:38.904410.904410 cuda_h.py:27] end prepare_per_device_parameters cost 14.399 ms
DEBUG 04-24 11:15:38.906568.906568 cuda_h.py:27] end cpu_experts_scatter_reduce cost 0.721 ms
DEBUG 04-24 11:15:38.906452.906452 cuda_h.py:27] end cpu_thread_manager_mp_wait_fused cost 1.873 ms
DEBUG 04-24 11:15:38.907764.907764 cuda_h.py:27] end wait_experts_multi_device cost 1.381 ms
DEBUG 04-24 11:15:38.907760.907760 cuda_h.py:27] end *before fused experts* cost 28.596 ms
DEBUG 04-24 11:15:38.912658.912658 cuda_h.py:27] end gpu_experts_multi_device_fused cost 4.833 ms
DEBUG 04-24 11:15:38.912979.912979 cuda_h.py:27] end *gpu experts* cost 33.567 ms
DEBUG 04-24 11:15:38.912724.912724 cuda_h.py:27] end layer_moe_generate_mp_multi_device_fused_l_20 cost 36.988 ms
DEBUG 04-24 11:15:38.914823.914823 cuda_h.py:27] end *mlp cost 38.151 ms
DEBUG 04-24 11:15:38.914826.914826 cuda_h.py:27] end prefill_layer cost 43.516 ms
DEBUG 04-24 11:15:38.914112.914112 lmp.py:341] -------------------------------- end prefill layer 19 --------------------------------
DEBUG 04-24 11:15:38.914383.914383 lmp.py:294] -------------------------------- start prefill layer 20 --------------------------------
DEBUG 04-24 11:15:38.914755.914755 cuda_h.py:27] end start_load_qkvogn_s_weight_l_21 cost 0.067 ms
DEBUG 04-24 11:15:38.915524.915524 cuda_h.py:27] end allocate_cuda_memory cost 0.573 ms
DEBUG 04-24 11:15:38.915491.915491 sllm_store_c.py:27] get device uuid map
DEBUG 04-24 11:15:38.916327.916327 sllm_store_c.py:29] call client load into gpu
DEBUG 04-24 11:15:38.918564.918564 cuda_h.py:27] end load_into_gpu_async cost 2.583 ms
DEBUG 04-24 11:15:38.918444.918444 cuda_h.py:27] end restore_tensors2 cost 0.211 ms
DEBUG 04-24 11:15:38.918165.918165 cuda_h.py:27] end **self_attn cost 2.736 ms
DEBUG 04-24 11:15:38.918035.918035 cuda_h.py:27] end allocate_cuda_memory_and_load_into_gpu cost 4.287 ms
DEBUG 04-24 11:15:38.919923.919923 cuda_h.py:27] end *iln_self_attn_paln cost 4.903 ms
DEBUG 04-24 11:15:38.920808.920808 cuda_h.py:27] end gate cost 0.615 ms
DEBUG 04-24 11:15:38.920193.920193 cuda_h.py:27] end experts_map_get cost 0.320 ms
DEBUG 04-24 11:15:38.920552.920552 cuda_h.py:27] end *before experts start* cost 1.107 ms
DEBUG 04-24 11:15:38.921547.921547 cuda_h.py:27] end cpu_experts_submit_fused_mp cost 0.213 ms
DEBUG 04-24 11:15:38.922476.922476 cuda_h.py:27] end *single cpu experts* cost 1.629 ms
DEBUG 04-24 11:15:38.924236.924236 cuda_h.py:27] end prepare_group_stack cost 0.465 ms
DEBUG 04-24 11:15:38.924776.924776 cuda_h.py:27] end prepare_group_stack cost 0.473 ms
DEBUG 04-24 11:15:38.924260.924260 sllm_store_c.py:27] get device uuid map
DEBUG 04-24 11:15:38.924933.924933 sllm_store_c.py:29] call client load into gpu
DEBUG 04-24 11:15:38.925533.925533 cuda_h.py:27] end group stack cost 0.657 ms
DEBUG 04-24 11:15:38.925732.925732 cuda_h.py:27] end prepare_group_stack cost 0.441 ms
DEBUG 04-24 11:15:38.925905.925905 cuda_h.py:27] end prepare_group_stack cost 0.416 ms
DEBUG 04-24 11:15:38.925092.925092 cuda_h.py:27] end move_flatidxs_group_fused_mp cost 1.322 ms
DEBUG 04-24 11:15:38.925049.925049 cuda_h.py:27] end get_fused_experts_names_w cost 0.023 ms
DEBUG 04-24 11:15:38.925895.925895 cuda_h.py:27] end restore_fused_tensors cost 0.514 ms
DEBUG 04-24 11:15:38.925930.925930 cuda_h.py:27] end group_fused_tensors_mp cost 0.642 ms
DEBUG 04-24 11:15:38.925614.925614 cuda_h.py:27] end group stack cost 1.152 ms
DEBUG 04-24 11:15:38.926326.926326 cuda_h.py:27] end group stack cost 0.846 ms
DEBUG 04-24 11:15:38.926437.926437 cuda_h.py:27] end move_flatidxs_group_fused_mp cost 1.537 ms
DEBUG 04-24 11:15:38.926617.926617 cuda_h.py:27] end move_flatidxs_group_fused_mp cost 2.269 ms
DEBUG 04-24 11:15:38.926088.926088 cuda_h.py:27] end group stack cost 1.028 ms
DEBUG 04-24 11:15:38.926496.926496 cuda_h.py:27] end get_fused_experts_names_w cost 0.024 ms
DEBUG 04-24 11:15:38.926789.926789 cuda_h.py:27] end move_flatidxs_group_fused_mp cost 1.717 ms
DEBUG 04-24 11:15:38.926180.926180 cuda_h.py:27] end get_fused_experts_names_w cost 0.035 ms
DEBUG 04-24 11:15:38.926702.926702 cuda_h.py:27] end get_fused_experts_names_w cost 0.025 ms
DEBUG 04-24 11:15:38.926704.926704 cuda_h.py:27] end restore_fused_tensors cost 0.431 ms
DEBUG 04-24 11:15:38.927962.927962 cuda_h.py:27] end group_fused_tensors_mp cost 0.687 ms
DEBUG 04-24 11:15:38.927126.927126 cuda_h.py:27] end restore_fused_tensors cost 0.591 ms
DEBUG 04-24 11:15:38.927837.927837 cuda_h.py:27] end group_fused_tensors_mp cost 0.901 ms
DEBUG 04-24 11:15:38.927781.927781 cuda_h.py:27] end restore_fused_tensors cost 1.180 ms
DEBUG 04-24 11:15:38.927759.927759 cuda_h.py:27] end group_fused_tensors_mp cost 1.522 ms
DEBUG 04-24 11:15:38.928565.928565 cuda_h.py:27] end restore2model cost 2.256 ms
DEBUG 04-24 11:15:38.928050.928050 cuda_h.py:27] end load_into_gpu_async_fused_experts_dual cost 4.201 ms
DEBUG 04-24 11:15:38.929447.929447 cuda_h.py:27] end sllm_worker_task cost 14.420 ms
DEBUG 04-24 11:15:38.929162.929162 cuda_h.py:27] end restore_tensors2_fused_experts_packed cost 0.189 ms
DEBUG 04-24 11:15:38.931041.931041 cuda_h.py:27] end restore_tensors2_fused_experts_slices cost 1.077 ms
DEBUG 04-24 11:15:38.933699.933699 cuda_h.py:27] end allocate_experts_cuda_memory_and_restore_model_multi_device_fused cost 10.208 ms
DEBUG 04-24 11:15:38.933302.933302 cuda_h.py:27] end gpu_sexperts cost 0.041 ms
DEBUG 04-24 11:15:38.934944.934944 cuda_h.py:27] end wait_load_qkvogn_s_weight cost 0.129 ms
DEBUG 04-24 11:15:38.938500.938500 mlpmodule.py:3373] [fused_group_bmm][steps] bmm1=7.554 ms split=0.221 ms act_mul=0.410 ms bmm2=4.296 ms
DEBUG 04-24 11:15:38.938056.938056 cuda_h.py:27] end fused_group_bmm cost 12.919 ms
DEBUG 04-24 11:15:38.939960.939960 cuda_h.py:27] end gather_outputs_group_fused_mp cost 0.646 ms
DEBUG 04-24 11:15:38.940469.940469 mlpmodule.py:3373] [fused_group_bmm][steps] bmm1=7.294 ms split=0.221 ms act_mul=0.469 ms bmm2=3.789 ms
DEBUG 04-24 11:15:38.940005.940005 cuda_h.py:27] end cpu_experts_worker_bmm_or_einsum_1 cost 17.500 ms
DEBUG 04-24 11:15:38.940591.940591 cuda_h.py:27] end fused_group_bmm cost 12.084 ms
DEBUG 04-24 11:15:38.941061.941061 cuda_h.py:27] end gather_outputs_group_fused_mp cost 0.562 ms
DEBUG 04-24 11:15:38.941863.941863 cuda_h.py:27] end cpu_experts_worker_bmm_or_einsum_0 cost 18.929 ms
DEBUG 04-24 11:15:38.943072.943072 mlpmodule.py:3373] [fused_group_bmm][steps] bmm1=10.036 ms split=0.203 ms act_mul=0.457 ms bmm2=5.090 ms
DEBUG 04-24 11:15:38.943730.943730 mlpmodule.py:3373] [fused_group_bmm][steps] bmm1=9.902 ms split=0.198 ms act_mul=0.506 ms bmm2=4.772 ms
DEBUG 04-24 11:15:38.943220.943220 cuda_h.py:27] end fused_group_bmm cost 16.075 ms
DEBUG 04-24 11:15:38.943473.943473 cuda_h.py:27] end fused_group_bmm cost 15.649 ms
DEBUG 04-24 11:15:38.944026.944026 cuda_h.py:27] end gather_outputs_group_fused_mp cost 0.425 ms
DEBUG 04-24 11:15:38.944596.944596 cuda_h.py:27] end gather_outputs_group_fused_mp cost 0.471 ms
DEBUG 04-24 11:15:38.944435.944435 cuda_h.py:27] end cpu_experts_worker_bmm_or_einsum_2 cost 20.757 ms
DEBUG 04-24 11:15:38.944554.944554 cuda_h.py:27] end cpu_experts_worker_bmm_or_einsum_3 cost 20.715 ms
DEBUG 04-24 11:15:38.948337.948337 cuda_h.py:27] end prepare_per_device_parameters cost 13.928 ms
DEBUG 04-24 11:15:38.950091.950091 cuda_h.py:27] end cpu_experts_scatter_reduce cost 1.122 ms
DEBUG 04-24 11:15:38.950982.950982 cuda_h.py:27] end cpu_thread_manager_mp_wait_fused cost 2.291 ms
DEBUG 04-24 11:15:38.952429.952429 cuda_h.py:27] end wait_experts_multi_device cost 1.445 ms
DEBUG 04-24 11:15:38.952656.952656 cuda_h.py:27] end *before fused experts* cost 29.459 ms
DEBUG 04-24 11:15:38.957153.957153 cuda_h.py:27] end gpu_experts_multi_device_fused cost 5.307 ms
DEBUG 04-24 11:15:38.957726.957726 cuda_h.py:27] end *gpu experts* cost 34.916 ms
DEBUG 04-24 11:15:38.957187.957187 cuda_h.py:27] end layer_moe_generate_mp_multi_device_fused_l_21 cost 37.843 ms
DEBUG 04-24 11:15:38.959071.959071 cuda_h.py:27] end *mlp cost 39.129 ms
DEBUG 04-24 11:15:38.959531.959531 cuda_h.py:27] end prefill_layer cost 44.772 ms
DEBUG 04-24 11:15:38.959902.959902 lmp.py:341] -------------------------------- end prefill layer 20 --------------------------------
DEBUG 04-24 11:15:38.959791.959791 lmp.py:294] -------------------------------- start prefill layer 21 --------------------------------
DEBUG 04-24 11:15:38.959820.959820 cuda_h.py:27] end start_load_qkvogn_s_weight_l_22 cost 0.054 ms
DEBUG 04-24 11:15:38.960452.960452 cuda_h.py:27] end allocate_cuda_memory cost 0.744 ms
DEBUG 04-24 11:15:38.960281.960281 sllm_store_c.py:27] get device uuid map
DEBUG 04-24 11:15:38.960561.960561 sllm_store_c.py:29] call client load into gpu
DEBUG 04-24 11:15:38.962341.962341 cuda_h.py:27] end **self_attn cost 1.306 ms
DEBUG 04-24 11:15:38.963381.963381 cuda_h.py:27] end load_into_gpu_async cost 2.384 ms
DEBUG 04-24 11:15:38.963387.963387 cuda_h.py:27] end restore_tensors2 cost 0.283 ms
DEBUG 04-24 11:15:38.963471.963471 cuda_h.py:27] end allocate_cuda_memory_and_load_into_gpu cost 4.396 ms
DEBUG 04-24 11:15:38.964344.964344 cuda_h.py:27] end *iln_self_attn_paln cost 4.832 ms
DEBUG 04-24 11:15:38.965570.965570 cuda_h.py:27] end gate cost 0.606 ms
DEBUG 04-24 11:15:38.965504.965504 cuda_h.py:27] end experts_map_get cost 0.311 ms
DEBUG 04-24 11:15:38.965764.965764 cuda_h.py:27] end *before experts start* cost 1.079 ms
DEBUG 04-24 11:15:38.965812.965812 cuda_h.py:27] end cpu_experts_submit_fused_mp cost 0.217 ms
DEBUG 04-24 11:15:38.967353.967353 cuda_h.py:27] end *single cpu experts* cost 1.523 ms
DEBUG 04-24 11:15:38.968419.968419 cuda_h.py:27] end prepare_group_stack cost 0.461 ms
DEBUG 04-24 11:15:38.968986.968986 cuda_h.py:27] end group stack cost 0.643 ms
DEBUG 04-24 11:15:38.969261.969261 cuda_h.py:27] end move_flatidxs_group_fused_mp cost 1.309 ms
DEBUG 04-24 11:15:38.969357.969357 cuda_h.py:27] end get_fused_experts_names_w cost 0.028 ms
DEBUG 04-24 11:15:38.969066.969066 cuda_h.py:27] end prepare_group_stack cost 0.464 ms
DEBUG 04-24 11:15:38.969373.969373 cuda_h.py:27] end prepare_group_stack cost 0.508 ms
DEBUG 04-24 11:15:38.969697.969697 cuda_h.py:27] end prepare_group_stack cost 0.461 ms
DEBUG 04-24 11:15:38.969503.969503 sllm_store_c.py:27] get device uuid map
DEBUG 04-24 11:15:38.969014.969014 sllm_store_c.py:29] call client load into gpu
DEBUG 04-24 11:15:38.970724.970724 cuda_h.py:27] end restore_fused_tensors cost 0.477 ms
DEBUG 04-24 11:15:38.970967.970967 cuda_h.py:27] end group_fused_tensors_mp cost 0.868 ms
DEBUG 04-24 11:15:38.970959.970959 cuda_h.py:27] end group stack cost 0.909 ms
DEBUG 04-24 11:15:38.970556.970556 cuda_h.py:27] end group stack cost 0.947 ms
DEBUG 04-24 11:15:38.970981.970981 cuda_h.py:27] end group stack cost 0.993 ms
DEBUG 04-24 11:15:38.970572.970572 cuda_h.py:27] end move_flatidxs_group_fused_mp cost 1.723 ms
DEBUG 04-24 11:15:38.970757.970757 cuda_h.py:27] end move_flatidxs_group_fused_mp cost 1.680 ms
DEBUG 04-24 11:15:38.970355.970355 cuda_h.py:27] end move_flatidxs_group_fused_mp cost 1.794 ms
DEBUG 04-24 11:15:38.970241.970241 cuda_h.py:27] end get_fused_experts_names_w cost 0.023 ms
DEBUG 04-24 11:15:38.970467.970467 cuda_h.py:27] end get_fused_experts_names_w cost 0.024 ms
DEBUG 04-24 11:15:38.970819.970819 cuda_h.py:27] end get_fused_experts_names_w cost 0.025 ms
DEBUG 04-24 11:15:38.971306.971306 cuda_h.py:27] end restore_fused_tensors cost 0.519 ms
DEBUG 04-24 11:15:38.971713.971713 cuda_h.py:27] end group_fused_tensors_mp cost 0.866 ms
DEBUG 04-24 11:15:38.971298.971298 cuda_h.py:27] end restore_fused_tensors cost 0.663 ms
DEBUG 04-24 11:15:38.971440.971440 cuda_h.py:27] end restore_fused_tensors cost 0.743 ms
DEBUG 04-24 11:15:38.972255.972255 cuda_h.py:27] end group_fused_tensors_mp cost 1.193 ms
DEBUG 04-24 11:15:38.972368.972368 cuda_h.py:27] end group_fused_tensors_mp cost 1.219 ms
DEBUG 04-24 11:15:38.972592.972592 cuda_h.py:27] end restore2model cost 2.045 ms
DEBUG 04-24 11:15:38.972547.972547 cuda_h.py:27] end load_into_gpu_async_fused_experts_dual cost 3.292 ms
DEBUG 04-24 11:15:38.972206.972206 cuda_h.py:27] end sllm_worker_task cost 13.519 ms
DEBUG 04-24 11:15:38.973757.973757 cuda_h.py:27] end restore_tensors2_fused_experts_packed cost 0.065 ms
DEBUG 04-24 11:15:38.975814.975814 cuda_h.py:27] end restore_tensors2_fused_experts_slices cost 1.478 ms
DEBUG 04-24 11:15:38.976280.976280 cuda_h.py:27] end allocate_experts_cuda_memory_and_restore_model_multi_device_fused cost 9.723 ms
DEBUG 04-24 11:15:38.977483.977483 cuda_h.py:27] end gpu_sexperts cost 0.043 ms
DEBUG 04-24 11:15:38.977771.977771 cuda_h.py:27] end wait_load_qkvogn_s_weight cost 0.108 ms
DEBUG 04-24 11:15:38.983959.983959 mlpmodule.py:3373] [fused_group_bmm][steps] bmm1=7.611 ms split=0.222 ms act_mul=0.400 ms bmm2=4.788 ms
DEBUG 04-24 11:15:38.983963.983963 cuda_h.py:27] end fused_group_bmm cost 13.382 ms
DEBUG 04-24 11:15:38.983164.983164 mlpmodule.py:3373] [fused_group_bmm][steps] bmm1=6.723 ms split=0.116 ms act_mul=0.483 ms bmm2=4.077 ms
DEBUG 04-24 11:15:38.984330.984330 cuda_h.py:27] end fused_group_bmm cost 11.840 ms
DEBUG 04-24 11:15:38.984545.984545 cuda_h.py:27] end gather_outputs_group_fused_mp cost 0.514 ms
DEBUG 04-24 11:15:38.984225.984225 cuda_h.py:27] end gather_outputs_group_fused_mp cost 0.451 ms
DEBUG 04-24 11:15:38.984391.984391 cuda_h.py:27] end cpu_experts_worker_bmm_or_einsum_1 cost 18.080 ms
DEBUG 04-24 11:15:38.985850.985850 cuda_h.py:27] end cpu_experts_worker_bmm_or_einsum_0 cost 17.734 ms
DEBUG 04-24 11:15:38.987673.987673 mlpmodule.py:3373] [fused_group_bmm][steps] bmm1=10.798 ms split=0.327 ms act_mul=0.446 ms bmm2=4.272 ms
DEBUG 04-24 11:15:38.987728.987728 cuda_h.py:27] end fused_group_bmm cost 16.138 ms
DEBUG 04-24 11:15:38.988083.988083 mlpmodule.py:3373] [fused_group_bmm][steps] bmm1=11.435 ms split=0.115 ms act_mul=0.302 ms bmm2=4.227 ms
DEBUG 04-24 11:15:38.988962.988962 cuda_h.py:27] end gather_outputs_group_fused_mp cost 0.443 ms
DEBUG 04-24 11:15:38.988323.988323 cuda_h.py:27] end fused_group_bmm cost 16.369 ms
DEBUG 04-24 11:15:38.989544.989544 cuda_h.py:27] end cpu_experts_worker_bmm_or_einsum_2 cost 21.457 ms
DEBUG 04-24 11:15:38.989026.989026 cuda_h.py:27] end gather_outputs_group_fused_mp cost 0.375 ms
DEBUG 04-24 11:15:38.989395.989395 cuda_h.py:27] end cpu_experts_worker_bmm_or_einsum_3 cost 22.149 ms
DEBUG 04-24 11:15:38.991137.991137 cuda_h.py:27] end prepare_per_device_parameters cost 13.620 ms
DEBUG 04-24 11:15:38.993810.993810 cuda_h.py:27] end cpu_experts_scatter_reduce cost 0.714 ms
DEBUG 04-24 11:15:38.993601.993601 cuda_h.py:27] end cpu_thread_manager_mp_wait_fused cost 1.834 ms
DEBUG 04-24 11:15:38.995342.995342 cuda_h.py:27] end wait_experts_multi_device cost 1.310 ms
DEBUG 04-24 11:15:38.995145.995145 cuda_h.py:27] end *before fused experts* cost 28.154 ms
DEBUG 04-24 11:15:39.000819.000819 cuda_h.py:27] end gpu_experts_multi_device_fused cost 4.843 ms
DEBUG 04-24 11:15:39.000624.000624 cuda_h.py:27] end *gpu experts* cost 33.139 ms
DEBUG 04-24 11:15:39.000236.000236 cuda_h.py:27] end layer_moe_generate_mp_multi_device_fused_l_22 cost 35.940 ms
DEBUG 04-24 11:15:39.001371.001371 cuda_h.py:27] end *mlp cost 37.198 ms
DEBUG 04-24 11:15:39.001752.001752 cuda_h.py:27] end prefill_layer cost 42.561 ms
DEBUG 04-24 11:15:39.001131.001131 lmp.py:341] -------------------------------- end prefill layer 21 --------------------------------
DEBUG 04-24 11:15:39.001933.001933 lmp.py:294] -------------------------------- start prefill layer 22 --------------------------------
DEBUG 04-24 11:15:39.001553.001553 cuda_h.py:27] end start_load_qkvogn_s_weight_l_23 cost 0.063 ms
DEBUG 04-24 11:15:39.002396.002396 cuda_h.py:27] end allocate_cuda_memory cost 0.551 ms
DEBUG 04-24 11:15:39.003197.003197 sllm_store_c.py:27] get device uuid map
DEBUG 04-24 11:15:39.003086.003086 sllm_store_c.py:29] call client load into gpu
DEBUG 04-24 11:15:39.005602.005602 cuda_h.py:27] end **self_attn cost 1.354 ms
DEBUG 04-24 11:15:39.005527.005527 cuda_h.py:27] end load_into_gpu_async cost 2.517 ms
DEBUG 04-24 11:15:39.005463.005463 cuda_h.py:27] end *iln_self_attn_paln cost 4.110 ms
DEBUG 04-24 11:15:39.006239.006239 cuda_h.py:27] end restore_tensors2 cost 0.207 ms
DEBUG 04-24 11:15:39.006973.006973 cuda_h.py:27] end allocate_cuda_memory_and_load_into_gpu cost 4.887 ms
DEBUG 04-24 11:15:39.007416.007416 cuda_h.py:27] end gate cost 1.049 ms
DEBUG 04-24 11:15:39.008867.008867 cuda_h.py:27] end experts_map_get cost 0.326 ms
DEBUG 04-24 11:15:39.008101.008101 cuda_h.py:27] end *before experts start* cost 1.570 ms
DEBUG 04-24 11:15:39.008182.008182 cuda_h.py:27] end cpu_experts_submit_fused_mp cost 0.205 ms
DEBUG 04-24 11:15:39.010657.010657 cuda_h.py:27] end *single cpu experts* cost 1.915 ms
DEBUG 04-24 11:15:39.011792.011792 cuda_h.py:27] end prepare_group_stack cost 0.454 ms
DEBUG 04-24 11:15:39.011329.011329 cuda_h.py:27] end prepare_group_stack cost 0.543 ms
DEBUG 04-24 11:15:39.011887.011887 cuda_h.py:27] end group stack cost 0.742 ms
DEBUG 04-24 11:15:39.011818.011818 cuda_h.py:27] end move_flatidxs_group_fused_mp cost 1.435 ms
DEBUG 04-24 11:15:39.011964.011964 cuda_h.py:27] end prepare_group_stack cost 0.496 ms
DEBUG 04-24 11:15:39.012708.012708 cuda_h.py:27] end get_fused_experts_names_w cost 0.028 ms
DEBUG 04-24 11:15:39.012456.012456 sllm_store_c.py:27] get device uuid map
DEBUG 04-24 11:15:39.012495.012495 sllm_store_c.py:29] call client load into gpu
DEBUG 04-24 11:15:39.012926.012926 cuda_h.py:27] end group stack cost 0.763 ms
DEBUG 04-24 11:15:39.012438.012438 cuda_h.py:27] end restore_fused_tensors cost 0.574 ms
DEBUG 04-24 11:15:39.012516.012516 cuda_h.py:27] end group stack cost 1.281 ms
DEBUG 04-24 11:15:39.012777.012777 cuda_h.py:27] end move_flatidxs_group_fused_mp cost 1.462 ms
DEBUG 04-24 11:15:39.012161.012161 cuda_h.py:27] end prepare_group_stack cost 0.405 ms
DEBUG 04-24 11:15:39.012831.012831 cuda_h.py:27] end group_fused_tensors_mp cost 0.930 ms
DEBUG 04-24 11:15:39.013654.013654 cuda_h.py:27] end get_fused_experts_names_w cost 0.026 ms
DEBUG 04-24 11:15:39.013178.013178 cuda_h.py:27] end move_flatidxs_group_fused_mp cost 2.392 ms
DEBUG 04-24 11:15:39.013252.013252 cuda_h.py:27] end get_fused_experts_names_w cost 0.040 ms
DEBUG 04-24 11:15:39.013364.013364 cuda_h.py:27] end restore_fused_tensors cost 0.445 ms
DEBUG 04-24 11:15:39.013713.013713 cuda_h.py:27] end group_fused_tensors_mp cost 0.811 ms
DEBUG 04-24 11:15:39.013420.013420 cuda_h.py:27] end group stack cost 0.922 ms
DEBUG 04-24 11:15:39.014353.014353 cuda_h.py:27] end move_flatidxs_group_fused_mp cost 1.614 ms
DEBUG 04-24 11:15:39.014117.014117 cuda_h.py:27] end get_fused_experts_names_w cost 0.023 ms
DEBUG 04-24 11:15:39.014590.014590 cuda_h.py:27] end restore_fused_tensors cost 0.420 ms
DEBUG 04-24 11:15:39.014903.014903 cuda_h.py:27] end group_fused_tensors_mp cost 0.536 ms
DEBUG 04-24 11:15:39.014372.014372 cuda_h.py:27] end restore_fused_tensors cost 1.147 ms
DEBUG 04-24 11:15:39.014555.014555 cuda_h.py:27] end group_fused_tensors_mp cost 1.569 ms
DEBUG 04-24 11:15:39.017560.017560 cuda_h.py:27] end restore2model cost 1.660 ms
DEBUG 04-24 11:15:39.017242.017242 cuda_h.py:27] end sllm_worker_task cost 15.479 ms
DEBUG 04-24 11:15:39.018575.018575 cuda_h.py:27] end load_into_gpu_async_fused_experts_dual cost 5.774 ms
DEBUG 04-24 11:15:39.019062.019062 cuda_h.py:27] end restore_tensors2_fused_experts_packed cost 0.416 ms
DEBUG 04-24 11:15:39.020195.020195 cuda_h.py:27] end restore_tensors2_fused_experts_slices cost 0.739 ms
DEBUG 04-24 11:15:39.021612.021612 cuda_h.py:27] end allocate_experts_cuda_memory_and_restore_model_multi_device_fused cost 10.836 ms
DEBUG 04-24 11:15:39.021170.021170 cuda_h.py:27] end gpu_sexperts cost 0.028 ms
DEBUG 04-24 11:15:39.021368.021368 cuda_h.py:27] end wait_load_qkvogn_s_weight cost 0.087 ms
DEBUG 04-24 11:15:39.025422.025422 mlpmodule.py:3373] [fused_group_bmm][steps] bmm1=7.484 ms split=0.198 ms act_mul=0.389 ms bmm2=3.829 ms
DEBUG 04-24 11:15:39.025306.025306 cuda_h.py:27] end fused_group_bmm cost 12.241 ms
DEBUG 04-24 11:15:39.026747.026747 cuda_h.py:27] end gather_outputs_group_fused_mp cost 0.659 ms
DEBUG 04-24 11:15:39.026993.026993 cuda_h.py:27] end cpu_experts_worker_bmm_or_einsum_1 cost 16.789 ms
DEBUG 04-24 11:15:39.028915.028915 mlpmodule.py:3373] [fused_group_bmm][steps] bmm1=7.426 ms split=0.221 ms act_mul=0.554 ms bmm2=4.492 ms
DEBUG 04-24 11:15:39.028182.028182 cuda_h.py:27] end fused_group_bmm cost 13.007 ms
DEBUG 04-24 11:15:39.028890.028890 mlpmodule.py:3373] [fused_group_bmm][steps] bmm1=8.167 ms split=0.177 ms act_mul=0.382 ms bmm2=6.072 ms
DEBUG 04-24 11:15:39.028528.028528 mlpmodule.py:3373] [fused_group_bmm][steps] bmm1=7.827 ms split=0.168 ms act_mul=0.393 ms bmm2=5.573 ms
DEBUG 04-24 11:15:39.029507.029507 cuda_h.py:27] end fused_group_bmm cost 15.267 ms
DEBUG 04-24 11:15:39.029634.029634 cuda_h.py:27] end fused_group_bmm cost 14.393 ms
DEBUG 04-24 11:15:39.029045.029045 cuda_h.py:27] end gather_outputs_group_fused_mp cost 0.413 ms
DEBUG 04-24 11:15:39.029978.029978 cuda_h.py:27] end gather_outputs_group_fused_mp cost 0.415 ms
DEBUG 04-24 11:15:39.029747.029747 cuda_h.py:27] end gather_outputs_group_fused_mp cost 0.446 ms
DEBUG 04-24 11:15:39.029847.029847 cuda_h.py:27] end cpu_experts_worker_bmm_or_einsum_0 cost 19.833 ms
DEBUG 04-24 11:15:39.030937.030937 cuda_h.py:27] end cpu_experts_worker_bmm_or_einsum_2 cost 19.974 ms
DEBUG 04-24 11:15:39.030334.030334 cuda_h.py:27] end cpu_experts_worker_bmm_or_einsum_3 cost 18.923 ms
DEBUG 04-24 11:15:39.034457.034457 cuda_h.py:27] end prepare_per_device_parameters cost 13.233 ms
DEBUG 04-24 11:15:39.036574.036574 cuda_h.py:27] end cpu_experts_scatter_reduce cost 0.718 ms
DEBUG 04-24 11:15:39.036358.036358 cuda_h.py:27] end cpu_thread_manager_mp_wait_fused cost 1.866 ms
DEBUG 04-24 11:15:39.038723.038723 cuda_h.py:27] end wait_experts_multi_device cost 1.350 ms
DEBUG 04-24 11:15:39.038526.038526 cuda_h.py:27] end *before fused experts* cost 28.059 ms
DEBUG 04-24 11:15:39.043484.043484 cuda_h.py:27] end gpu_experts_multi_device_fused cost 4.840 ms
DEBUG 04-24 11:15:39.043250.043250 cuda_h.py:27] end *gpu experts* cost 33.050 ms
DEBUG 04-24 11:15:39.043948.043948 cuda_h.py:27] end layer_moe_generate_mp_multi_device_fused_l_23 cost 36.744 ms
DEBUG 04-24 11:15:39.044003.044003 cuda_h.py:27] end *mlp cost 37.979 ms
DEBUG 04-24 11:15:39.044185.044185 cuda_h.py:27] end prefill_layer cost 42.916 ms
DEBUG 04-24 11:15:39.044418.044418 lmp.py:341] -------------------------------- end prefill layer 22 --------------------------------
DEBUG 04-24 11:15:39.044882.044882 lmp.py:294] -------------------------------- start prefill layer 23 --------------------------------
DEBUG 04-24 11:15:39.044786.044786 cuda_h.py:27] end start_load_qkvogn_s_weight_l_24 cost 0.057 ms
DEBUG 04-24 11:15:39.045794.045794 cuda_h.py:27] end allocate_cuda_memory cost 0.562 ms
DEBUG 04-24 11:15:39.046819.046819 sllm_store_c.py:27] get device uuid map
DEBUG 04-24 11:15:39.046787.046787 sllm_store_c.py:29] call client load into gpu
DEBUG 04-24 11:15:39.048362.048362 cuda_h.py:27] end load_into_gpu_async cost 2.746 ms
DEBUG 04-24 11:15:39.049183.049183 cuda_h.py:27] end restore_tensors2 cost 0.208 ms
DEBUG 04-24 11:15:39.049064.049064 cuda_h.py:27] end allocate_cuda_memory_and_load_into_gpu cost 4.415 ms
DEBUG 04-24 11:15:39.050430.050430 cuda_h.py:27] end **self_attn cost 3.277 ms
DEBUG 04-24 11:15:39.050743.050743 cuda_h.py:27] end *iln_self_attn_paln cost 5.907 ms
DEBUG 04-24 11:15:39.051841.051841 cuda_h.py:27] end gate cost 0.568 ms
DEBUG 04-24 11:15:39.051941.051941 cuda_h.py:27] end experts_map_get cost 0.335 ms
DEBUG 04-24 11:15:39.051300.051300 cuda_h.py:27] end *before experts start* cost 1.058 ms
DEBUG 04-24 11:15:39.052004.052004 cuda_h.py:27] end cpu_experts_submit_fused_mp cost 0.209 ms
DEBUG 04-24 11:15:39.053538.053538 cuda_h.py:27] end *single cpu experts* cost 1.511 ms
DEBUG 04-24 11:15:39.054912.054912 cuda_h.py:27] end prepare_group_stack cost 0.398 ms
DEBUG 04-24 11:15:39.055742.055742 sllm_store_c.py:27] get device uuid map
DEBUG 04-24 11:15:39.055155.055155 sllm_store_c.py:29] call client load into gpu
DEBUG 04-24 11:15:39.055026.055026 cuda_h.py:27] end prepare_group_stack cost 0.410 ms
DEBUG 04-24 11:15:39.055213.055213 cuda_h.py:27] end group stack cost 0.985 ms
DEBUG 04-24 11:15:39.055542.055542 cuda_h.py:27] end move_flatidxs_group_fused_mp cost 1.614 ms
DEBUG 04-24 11:15:39.055832.055832 cuda_h.py:27] end prepare_group_stack cost 0.466 ms
DEBUG 04-24 11:15:39.055250.055250 cuda_h.py:27] end prepare_group_stack cost 0.536 ms
DEBUG 04-24 11:15:39.056335.056335 cuda_h.py:27] end get_fused_experts_names_w cost 0.023 ms
DEBUG 04-24 11:15:39.056549.056549 cuda_h.py:27] end group stack cost 0.630 ms
DEBUG 04-24 11:15:39.056254.056254 cuda_h.py:27] end move_flatidxs_group_fused_mp cost 1.296 ms
DEBUG 04-24 11:15:39.056350.056350 cuda_h.py:27] end restore_fused_tensors cost 0.477 ms
DEBUG 04-24 11:15:39.056288.056288 cuda_h.py:27] end group_fused_tensors_mp cost 0.797 ms
DEBUG 04-24 11:15:39.056448.056448 cuda_h.py:27] end get_fused_experts_names_w cost 0.024 ms
DEBUG 04-24 11:15:39.056370.056370 cuda_h.py:27] end group stack cost 0.827 ms
DEBUG 04-24 11:15:39.057327.057327 cuda_h.py:27] end group stack cost 0.917 ms
DEBUG 04-24 11:15:39.057641.057641 cuda_h.py:27] end move_flatidxs_group_fused_mp cost 1.713 ms
DEBUG 04-24 11:15:39.057331.057331 cuda_h.py:27] end move_flatidxs_group_fused_mp cost 1.775 ms
DEBUG 04-24 11:15:39.057740.057740 cuda_h.py:27] end get_fused_experts_names_w cost 0.026 ms
DEBUG 04-24 11:15:39.057754.057754 cuda_h.py:27] end get_fused_experts_names_w cost 0.025 ms
DEBUG 04-24 11:15:39.057248.057248 cuda_h.py:27] end restore_fused_tensors cost 0.569 ms
DEBUG 04-24 11:15:39.057336.057336 cuda_h.py:27] end group_fused_tensors_mp cost 0.859 ms
DEBUG 04-24 11:15:39.058726.058726 cuda_h.py:27] end restore_fused_tensors cost 0.598 ms
DEBUG 04-24 11:15:39.058919.058919 cuda_h.py:27] end restore_fused_tensors cost 0.625 ms
DEBUG 04-24 11:15:39.058576.058576 cuda_h.py:27] end group_fused_tensors_mp cost 0.858 ms
DEBUG 04-24 11:15:39.058623.058623 cuda_h.py:27] end group_fused_tensors_mp cost 0.881 ms
DEBUG 04-24 11:15:39.058378.058378 cuda_h.py:27] end restore2model cost 2.024 ms
DEBUG 04-24 11:15:39.058196.058196 cuda_h.py:27] end sllm_worker_task cost 13.718 ms
DEBUG 04-24 11:15:39.059234.059234 cuda_h.py:27] end load_into_gpu_async_fused_experts_dual cost 3.778 ms
DEBUG 04-24 11:15:39.061341.061341 cuda_h.py:27] end restore_tensors2_fused_experts_packed cost 0.628 ms
DEBUG 04-24 11:15:39.062883.062883 cuda_h.py:27] end restore_tensors2_fused_experts_slices cost 0.890 ms
DEBUG 04-24 11:15:39.063660.063660 cuda_h.py:27] end allocate_experts_cuda_memory_and_restore_model_multi_device_fused cost 9.704 ms
DEBUG 04-24 11:15:39.063030.063030 cuda_h.py:27] end gpu_sexperts cost 0.031 ms
DEBUG 04-24 11:15:39.063693.063693 cuda_h.py:27] end wait_load_qkvogn_s_weight cost 0.090 ms
DEBUG 04-24 11:15:39.069028.069028 mlpmodule.py:3373] [fused_group_bmm][steps] bmm1=6.515 ms split=0.199 ms act_mul=0.524 ms bmm2=3.774 ms
DEBUG 04-24 11:15:39.069023.069023 cuda_h.py:27] end fused_group_bmm cost 11.550 ms
DEBUG 04-24 11:15:39.070765.070765 cuda_h.py:27] end gather_outputs_group_fused_mp cost 0.727 ms
DEBUG 04-24 11:15:39.071076.071076 cuda_h.py:27] end cpu_experts_worker_bmm_or_einsum_0 cost 16.753 ms
DEBUG 04-24 11:15:39.071751.071751 mlpmodule.py:3373] [fused_group_bmm][steps] bmm1=7.954 ms split=0.149 ms act_mul=0.483 ms bmm2=4.205 ms
DEBUG 04-24 11:15:39.071859.071859 cuda_h.py:27] end fused_group_bmm cost 13.085 ms
DEBUG 04-24 11:15:39.072652.072652 cuda_h.py:27] end gather_outputs_group_fused_mp cost 0.466 ms
DEBUG 04-24 11:15:39.072234.072234 mlpmodule.py:3373] [fused_group_bmm][steps] bmm1=8.313 ms split=0.148 ms act_mul=0.361 ms bmm2=6.047 ms
DEBUG 04-24 11:15:39.072224.072224 cuda_h.py:27] end fused_group_bmm cost 15.394 ms
DEBUG 04-24 11:15:39.072100.072100 cuda_h.py:27] end cpu_experts_worker_bmm_or_einsum_1 cost 18.234 ms
DEBUG 04-24 11:15:39.073471.073471 cuda_h.py:27] end gather_outputs_group_fused_mp cost 0.408 ms
DEBUG 04-24 11:15:39.073404.073404 cuda_h.py:27] end cpu_experts_worker_bmm_or_einsum_3 cost 20.261 ms
DEBUG 04-24 11:15:39.074205.074205 mlpmodule.py:3373] [fused_group_bmm][steps] bmm1=9.995 ms split=0.348 ms act_mul=0.520 ms bmm2=4.965 ms
DEBUG 04-24 11:15:39.074597.074597 cuda_h.py:27] end fused_group_bmm cost 16.126 ms
DEBUG 04-24 11:15:39.074410.074410 cuda_h.py:27] end gather_outputs_group_fused_mp cost 0.477 ms
DEBUG 04-24 11:15:39.075236.075236 cuda_h.py:27] end cpu_experts_worker_bmm_or_einsum_2 cost 21.107 ms
DEBUG 04-24 11:15:39.077837.077837 cuda_h.py:27] end prepare_per_device_parameters cost 13.822 ms
DEBUG 04-24 11:15:39.079857.079857 cuda_h.py:27] end cpu_experts_scatter_reduce cost 0.754 ms
DEBUG 04-24 11:15:39.079986.079986 cuda_h.py:27] end cpu_thread_manager_mp_wait_fused cost 1.930 ms
DEBUG 04-24 11:15:39.081907.081907 cuda_h.py:27] end wait_experts_multi_device cost 1.338 ms
DEBUG 04-24 11:15:39.081902.081902 cuda_h.py:27] end *before fused experts* cost 27.842 ms
DEBUG 04-24 11:15:39.086310.086310 cuda_h.py:27] end gpu_experts_multi_device_fused cost 4.824 ms
DEBUG 04-24 11:15:39.086532.086532 cuda_h.py:27] end *gpu experts* cost 32.800 ms
DEBUG 04-24 11:15:39.086925.086925 cuda_h.py:27] end layer_moe_generate_mp_multi_device_fused_l_24 cost 35.541 ms
DEBUG 04-24 11:15:39.087660.087660 cuda_h.py:27] end *mlp cost 36.926 ms
DEBUG 04-24 11:15:39.087889.087889 cuda_h.py:27] end prefill_layer cost 43.121 ms
DEBUG 04-24 11:15:39.087883.087883 lmp.py:341] -------------------------------- end prefill layer 23 --------------------------------
DEBUG 04-24 11:15:39.087109.087109 lmp.py:294] -------------------------------- start prefill layer 24 --------------------------------
DEBUG 04-24 11:15:39.088907.088907 cuda_h.py:27] end start_load_qkvogn_s_weight_l_25 cost 0.058 ms
DEBUG 04-24 11:15:39.088756.088756 cuda_h.py:27] end allocate_cuda_memory cost 0.579 ms
DEBUG 04-24 11:15:39.089537.089537 sllm_store_c.py:27] get device uuid map
DEBUG 04-24 11:15:39.089021.089021 sllm_store_c.py:29] call client load into gpu
DEBUG 04-24 11:15:39.091114.091114 cuda_h.py:27] end load_into_gpu_async cost 2.370 ms
DEBUG 04-24 11:15:39.092398.092398 cuda_h.py:27] end restore_tensors2 cost 0.212 ms
DEBUG 04-24 11:15:39.092921.092921 cuda_h.py:27] end allocate_cuda_memory_and_load_into_gpu cost 4.011 ms
DEBUG 04-24 11:15:39.092475.092475 cuda_h.py:27] end **self_attn cost 2.644 ms
DEBUG 04-24 11:15:39.093450.093450 cuda_h.py:27] end *iln_self_attn_paln cost 5.208 ms
DEBUG 04-24 11:15:39.093870.093870 cuda_h.py:27] end gate cost 0.568 ms
DEBUG 04-24 11:15:39.094996.094996 cuda_h.py:27] end experts_map_get cost 0.318 ms
DEBUG 04-24 11:15:39.094309.094309 cuda_h.py:27] end *before experts start* cost 1.044 ms
DEBUG 04-24 11:15:39.094635.094635 cuda_h.py:27] end cpu_experts_submit_fused_mp cost 0.211 ms
DEBUG 04-24 11:15:39.095632.095632 cuda_h.py:27] end *single cpu experts* cost 1.504 ms
DEBUG 04-24 11:15:39.097364.097364 cuda_h.py:27] end prepare_group_stack cost 0.484 ms
DEBUG 04-24 11:15:39.097545.097545 cuda_h.py:27] end prepare_group_stack cost 0.480 ms
DEBUG 04-24 11:15:39.097254.097254 cuda_h.py:27] end prepare_group_stack cost 0.508 ms
DEBUG 04-24 11:15:39.097426.097426 cuda_h.py:27] end prepare_group_stack cost 0.479 ms
DEBUG 04-24 11:15:39.098176.098176 sllm_store_c.py:27] get device uuid map
DEBUG 04-24 11:15:39.098639.098639 sllm_store_c.py:29] call client load into gpu
DEBUG 04-24 11:15:39.099600.099600 cuda_h.py:27] end group stack cost 0.967 ms
DEBUG 04-24 11:15:39.099582.099582 cuda_h.py:27] end group stack cost 0.995 ms
DEBUG 04-24 11:15:39.099689.099689 cuda_h.py:27] end group stack cost 1.094 ms
DEBUG 04-24 11:15:39.099836.099836 cuda_h.py:27] end move_flatidxs_group_fused_mp cost 1.660 ms
DEBUG 04-24 11:15:39.099611.099611 cuda_h.py:27] end group stack cost 0.782 ms
DEBUG 04-24 11:15:39.099480.099480 cuda_h.py:27] end move_flatidxs_group_fused_mp cost 1.747 ms
DEBUG 04-24 11:15:39.099493.099493 cuda_h.py:27] end move_flatidxs_group_fused_mp cost 1.794 ms
DEBUG 04-24 11:15:39.099147.099147 cuda_h.py:27] end get_fused_experts_names_w cost 0.024 ms
DEBUG 04-24 11:15:39.099207.099207 cuda_h.py:27] end move_flatidxs_group_fused_mp cost 1.842 ms
DEBUG 04-24 11:15:39.099810.099810 cuda_h.py:27] end get_fused_experts_names_w cost 0.026 ms
DEBUG 04-24 11:15:39.099870.099870 cuda_h.py:27] end get_fused_experts_names_w cost 0.023 ms
DEBUG 04-24 11:15:39.099549.099549 cuda_h.py:27] end get_fused_experts_names_w cost 0.024 ms
DEBUG 04-24 11:15:39.100486.100486 cuda_h.py:27] end restore_fused_tensors cost 0.701 ms
DEBUG 04-24 11:15:39.100613.100613 cuda_h.py:27] end restore_fused_tensors cost 0.746 ms
DEBUG 04-24 11:15:39.100727.100727 cuda_h.py:27] end group_fused_tensors_mp cost 0.916 ms
DEBUG 04-24 11:15:39.100609.100609 cuda_h.py:27] end group_fused_tensors_mp cost 0.966 ms
DEBUG 04-24 11:15:39.100722.100722 cuda_h.py:27] end restore_fused_tensors cost 0.796 ms
DEBUG 04-24 11:15:39.100119.100119 cuda_h.py:27] end restore_fused_tensors cost 0.570 ms
DEBUG 04-24 11:15:39.100856.100856 cuda_h.py:27] end group_fused_tensors_mp cost 1.175 ms
DEBUG 04-24 11:15:39.100869.100869 cuda_h.py:27] end group_fused_tensors_mp cost 1.071 ms
DEBUG 04-24 11:15:39.101297.101297 cuda_h.py:27] end restore2model cost 2.027 ms
DEBUG 04-24 11:15:39.101879.101879 cuda_h.py:27] end sllm_worker_task cost 13.636 ms
DEBUG 04-24 11:15:39.102305.102305 cuda_h.py:27] end load_into_gpu_async_fused_experts_dual cost 4.542 ms
DEBUG 04-24 11:15:39.104625.104625 cuda_h.py:27] end restore_tensors2_fused_experts_packed cost 0.462 ms
DEBUG 04-24 11:15:39.105110.105110 cuda_h.py:27] end restore_tensors2_fused_experts_slices cost 0.965 ms
DEBUG 04-24 11:15:39.106168.106168 cuda_h.py:27] end allocate_experts_cuda_memory_and_restore_model_multi_device_fused cost 10.378 ms
DEBUG 04-24 11:15:39.106100.106100 cuda_h.py:27] end gpu_sexperts cost 0.045 ms
DEBUG 04-24 11:15:39.107043.107043 cuda_h.py:27] end wait_load_qkvogn_s_weight cost 0.099 ms
DEBUG 04-24 11:15:39.111814.111814 mlpmodule.py:3373] [fused_group_bmm][steps] bmm1=6.142 ms split=0.191 ms act_mul=0.454 ms bmm2=3.797 ms
DEBUG 04-24 11:15:39.111048.111048 cuda_h.py:27] end fused_group_bmm cost 11.126 ms
DEBUG 04-24 11:15:39.112268.112268 cuda_h.py:27] end gather_outputs_group_fused_mp cost 0.604 ms
DEBUG 04-24 11:15:39.112870.112870 mlpmodule.py:3373] [fused_group_bmm][steps] bmm1=7.848 ms split=0.102 ms act_mul=0.433 ms bmm2=3.787 ms
DEBUG 04-24 11:15:39.112725.112725 cuda_h.py:27] end fused_group_bmm cost 12.451 ms
DEBUG 04-24 11:15:39.113061.113061 cuda_h.py:27] end cpu_experts_worker_bmm_or_einsum_0 cost 16.874 ms
DEBUG 04-24 11:15:39.113417.113417 cuda_h.py:27] end gather_outputs_group_fused_mp cost 0.447 ms
DEBUG 04-24 11:15:39.114143.114143 cuda_h.py:27] end cpu_experts_worker_bmm_or_einsum_1 cost 17.899 ms
DEBUG 04-24 11:15:39.116699.116699 mlpmodule.py:3373] [fused_group_bmm][steps] bmm1=10.395 ms split=0.243 ms act_mul=0.429 ms bmm2=4.535 ms
DEBUG 04-24 11:15:39.116794.116794 cuda_h.py:27] end fused_group_bmm cost 15.888 ms
DEBUG 04-24 11:15:39.116127.116127 cuda_h.py:27] end gather_outputs_group_fused_mp cost 0.412 ms
DEBUG 04-24 11:15:39.117595.117595 cuda_h.py:27] end cpu_experts_worker_bmm_or_einsum_3 cost 21.343 ms
DEBUG 04-24 11:15:39.117516.117516 mlpmodule.py:3373] [fused_group_bmm][steps] bmm1=11.517 ms split=0.158 ms act_mul=0.338 ms bmm2=4.627 ms
DEBUG 04-24 11:15:39.117935.117935 cuda_h.py:27] end fused_group_bmm cost 17.132 ms
DEBUG 04-24 11:15:39.118988.118988 cuda_h.py:27] end gather_outputs_group_fused_mp cost 0.460 ms
DEBUG 04-24 11:15:39.119682.119682 cuda_h.py:27] end cpu_experts_worker_bmm_or_einsum_2 cost 22.945 ms
DEBUG 04-24 11:15:39.121581.121581 cuda_h.py:27] end prepare_per_device_parameters cost 13.889 ms
DEBUG 04-24 11:15:39.123100.123100 cuda_h.py:27] end cpu_experts_scatter_reduce cost 0.749 ms
DEBUG 04-24 11:15:39.123997.123997 cuda_h.py:27] end cpu_thread_manager_mp_wait_fused cost 1.976 ms
DEBUG 04-24 11:15:39.124309.124309 cuda_h.py:27] end wait_experts_multi_device cost 1.344 ms
DEBUG 04-24 11:15:39.124543.124543 cuda_h.py:27] end *before fused experts* cost 28.912 ms
DEBUG 04-24 11:15:39.129758.129758 cuda_h.py:27] end gpu_experts_multi_device_fused cost 4.995 ms
DEBUG 04-24 11:15:39.129039.129039 cuda_h.py:27] end *gpu experts* cost 34.052 ms
DEBUG 04-24 11:15:39.130784.130784 cuda_h.py:27] end layer_moe_generate_mp_multi_device_fused_l_25 cost 36.787 ms
DEBUG 04-24 11:15:39.131034.131034 cuda_h.py:27] end *mlp cost 38.129 ms
DEBUG 04-24 11:15:39.131899.131899 cuda_h.py:27] end prefill_layer cost 43.558 ms
DEBUG 04-24 11:15:39.131085.131085 lmp.py:341] -------------------------------- end prefill layer 24 --------------------------------
DEBUG 04-24 11:15:39.131596.131596 lmp.py:294] -------------------------------- start prefill layer 25 --------------------------------
DEBUG 04-24 11:15:39.131454.131454 cuda_h.py:27] end start_load_qkvogn_s_weight_l_26 cost 0.067 ms
DEBUG 04-24 11:15:39.132660.132660 cuda_h.py:27] end allocate_cuda_memory cost 0.563 ms
DEBUG 04-24 11:15:39.132058.132058 sllm_store_c.py:27] get device uuid map
DEBUG 04-24 11:15:39.133119.133119 sllm_store_c.py:29] call client load into gpu
DEBUG 04-24 11:15:39.135812.135812 cuda_h.py:27] end load_into_gpu_async cost 2.351 ms
DEBUG 04-24 11:15:39.135270.135270 cuda_h.py:27] end restore_tensors2 cost 0.218 ms
DEBUG 04-24 11:15:39.135414.135414 cuda_h.py:27] end **self_attn cost 2.016 ms
DEBUG 04-24 11:15:39.135437.135437 cuda_h.py:27] end allocate_cuda_memory_and_load_into_gpu cost 4.113 ms
DEBUG 04-24 11:15:39.136335.136335 cuda_h.py:27] end *iln_self_attn_paln cost 5.004 ms
DEBUG 04-24 11:15:39.137424.137424 cuda_h.py:27] end gate cost 0.600 ms
DEBUG 04-24 11:15:39.137518.137518 cuda_h.py:27] end experts_map_get cost 0.319 ms
DEBUG 04-24 11:15:39.137592.137592 cuda_h.py:27] end *before experts start* cost 1.089 ms
DEBUG 04-24 11:15:39.138309.138309 cuda_h.py:27] end cpu_experts_submit_fused_mp cost 0.220 ms
DEBUG 04-24 11:15:39.139071.139071 cuda_h.py:27] end *single cpu experts* cost 1.410 ms
DEBUG 04-24 11:15:39.141087.141087 cuda_h.py:27] end prepare_group_stack cost 0.453 ms
DEBUG 04-24 11:15:39.141274.141274 cuda_h.py:27] end prepare_group_stack cost 0.542 ms
DEBUG 04-24 11:15:39.141951.141951 cuda_h.py:27] end prepare_group_stack cost 0.473 ms
DEBUG 04-24 11:15:39.141566.141566 cuda_h.py:27] end prepare_group_stack cost 0.498 ms
DEBUG 04-24 11:15:39.141322.141322 sllm_store_c.py:27] get device uuid map
DEBUG 04-24 11:15:39.141352.141352 sllm_store_c.py:29] call client load into gpu
DEBUG 04-24 11:15:39.142562.142562 cuda_h.py:27] end group stack cost 0.629 ms
DEBUG 04-24 11:15:39.142175.142175 cuda_h.py:27] end move_flatidxs_group_fused_mp cost 1.319 ms
DEBUG 04-24 11:15:39.142605.142605 cuda_h.py:27] end group stack cost 0.839 ms
DEBUG 04-24 11:15:39.142834.142834 cuda_h.py:27] end get_fused_experts_names_w cost 0.024 ms
DEBUG 04-24 11:15:39.142331.142331 cuda_h.py:27] end move_flatidxs_group_fused_mp cost 1.608 ms
DEBUG 04-24 11:15:39.142179.142179 cuda_h.py:27] end group stack cost 0.993 ms
DEBUG 04-24 11:15:39.142161.142161 cuda_h.py:27] end group stack cost 1.098 ms
DEBUG 04-24 11:15:39.142994.142994 cuda_h.py:27] end get_fused_experts_names_w cost 0.024 ms
DEBUG 04-24 11:15:39.142875.142875 cuda_h.py:27] end move_flatidxs_group_fused_mp cost 1.804 ms
DEBUG 04-24 11:15:39.142458.142458 cuda_h.py:27] end move_flatidxs_group_fused_mp cost 1.922 ms
DEBUG 04-24 11:15:39.143141.143141 cuda_h.py:27] end get_fused_experts_names_w cost 0.024 ms
DEBUG 04-24 11:15:39.143810.143810 cuda_h.py:27] end get_fused_experts_names_w cost 0.029 ms
DEBUG 04-24 11:15:39.143163.143163 cuda_h.py:27] end restore_fused_tensors cost 0.550 ms
DEBUG 04-24 11:15:39.143391.143391 cuda_h.py:27] end group_fused_tensors_mp cost 0.825 ms
DEBUG 04-24 11:15:39.143681.143681 cuda_h.py:27] end restore_fused_tensors cost 0.559 ms
DEBUG 04-24 11:15:39.143850.143850 cuda_h.py:27] end group_fused_tensors_mp cost 0.870 ms
DEBUG 04-24 11:15:39.143435.143435 cuda_h.py:27] end restore_fused_tensors cost 0.526 ms
DEBUG 04-24 11:15:39.143896.143896 cuda_h.py:27] end group_fused_tensors_mp cost 0.794 ms
DEBUG 04-24 11:15:39.143846.143846 cuda_h.py:27] end restore_fused_tensors cost 0.705 ms
DEBUG 04-24 11:15:39.144008.144008 cuda_h.py:27] end group_fused_tensors_mp cost 0.987 ms
DEBUG 04-24 11:15:39.144933.144933 cuda_h.py:27] end restore2model cost 2.062 ms
DEBUG 04-24 11:15:39.145203.145203 cuda_h.py:27] end load_into_gpu_async_fused_experts_dual cost 3.724 ms
DEBUG 04-24 11:15:39.145435.145435 cuda_h.py:27] end sllm_worker_task cost 13.721 ms
DEBUG 04-24 11:15:39.146706.146706 cuda_h.py:27] end restore_tensors2_fused_experts_packed cost 0.422 ms
DEBUG 04-24 11:15:39.149560.149560 cuda_h.py:27] end restore_tensors2_fused_experts_slices cost 1.679 ms
DEBUG 04-24 11:15:39.150592.150592 cuda_h.py:27] end allocate_experts_cuda_memory_and_restore_model_multi_device_fused cost 11.695 ms
DEBUG 04-24 11:15:39.151021.151021 cuda_h.py:27] end gpu_sexperts cost 0.051 ms
DEBUG 04-24 11:15:39.152138.152138 cuda_h.py:27] end wait_load_qkvogn_s_weight cost 0.218 ms
DEBUG 04-24 11:15:39.153868.153868 mlpmodule.py:3373] [fused_group_bmm][steps] bmm1=5.915 ms split=0.185 ms act_mul=0.441 ms bmm2=3.679 ms
DEBUG 04-24 11:15:39.154617.154617 cuda_h.py:27] end fused_group_bmm cost 10.707 ms
DEBUG 04-24 11:15:39.155266.155266 cuda_h.py:27] end gather_outputs_group_fused_mp cost 0.730 ms
DEBUG 04-24 11:15:39.155249.155249 cuda_h.py:27] end cpu_experts_worker_bmm_or_einsum_0 cost 16.277 ms
DEBUG 04-24 11:15:39.156515.156515 mlpmodule.py:3373] [fused_group_bmm][steps] bmm1=8.219 ms split=0.223 ms act_mul=0.439 ms bmm2=3.244 ms
DEBUG 04-24 11:15:39.156748.156748 cuda_h.py:27] end fused_group_bmm cost 12.398 ms
DEBUG 04-24 11:15:39.157301.157301 cuda_h.py:27] end gather_outputs_group_fused_mp cost 0.441 ms
DEBUG 04-24 11:15:39.157557.157557 cuda_h.py:27] end cpu_experts_worker_bmm_or_einsum_1 cost 18.161 ms
DEBUG 04-24 11:15:39.161477.161477 mlpmodule.py:3373] [fused_group_bmm][steps] bmm1=12.463 ms split=0.107 ms act_mul=0.310 ms bmm2=4.468 ms
DEBUG 04-24 11:15:39.161955.161955 cuda_h.py:27] end fused_group_bmm cost 17.638 ms
DEBUG 04-24 11:15:39.161570.161570 mlpmodule.py:3373] [fused_group_bmm][steps] bmm1=12.377 ms split=0.126 ms act_mul=0.316 ms bmm2=4.577 ms
DEBUG 04-24 11:15:39.161173.161173 cuda_h.py:27] end fused_group_bmm cost 17.850 ms
DEBUG 04-24 11:15:39.162979.162979 cuda_h.py:27] end gather_outputs_group_fused_mp cost 0.394 ms
DEBUG 04-24 11:15:39.162384.162384 cuda_h.py:27] end gather_outputs_group_fused_mp cost 0.431 ms
DEBUG 04-24 11:15:39.162454.162454 cuda_h.py:27] end cpu_experts_worker_bmm_or_einsum_3 cost 22.995 ms
DEBUG 04-24 11:15:39.162798.162798 cuda_h.py:27] end cpu_experts_worker_bmm_or_einsum_2 cost 23.195 ms
DEBUG 04-24 11:15:39.164009.164009 cuda_h.py:27] end prepare_per_device_parameters cost 11.788 ms
DEBUG 04-24 11:15:39.165298.165298 cuda_h.py:27] end cpu_experts_scatter_reduce cost 0.726 ms
DEBUG 04-24 11:15:39.166235.166235 cuda_h.py:27] end cpu_thread_manager_mp_wait_fused cost 1.847 ms
DEBUG 04-24 11:15:39.167074.167074 cuda_h.py:27] end wait_experts_multi_device cost 1.489 ms
DEBUG 04-24 11:15:39.167388.167388 cuda_h.py:27] end *before fused experts* cost 28.407 ms
DEBUG 04-24 11:15:39.172441.172441 cuda_h.py:27] end gpu_experts_multi_device_fused cost 4.877 ms
DEBUG 04-24 11:15:39.172060.172060 cuda_h.py:27] end *gpu experts* cost 33.430 ms
DEBUG 04-24 11:15:39.172997.172997 cuda_h.py:27] end layer_moe_generate_mp_multi_device_fused_l_26 cost 36.110 ms
DEBUG 04-24 11:15:39.174424.174424 cuda_h.py:27] end *mlp cost 37.409 ms
DEBUG 04-24 11:15:39.174620.174620 cuda_h.py:27] end prefill_layer cost 42.642 ms
DEBUG 04-24 11:15:39.174668.174668 lmp.py:341] -------------------------------- end prefill layer 25 --------------------------------
DEBUG 04-24 11:15:39.174993.174993 lmp.py:294] -------------------------------- start prefill layer 26 --------------------------------
DEBUG 04-24 11:15:39.174474.174474 cuda_h.py:27] end start_load_qkvogn_s_weight_l_27 cost 0.066 ms
DEBUG 04-24 11:15:39.175993.175993 cuda_h.py:27] end allocate_cuda_memory cost 0.565 ms
DEBUG 04-24 11:15:39.175231.175231 sllm_store_c.py:27] get device uuid map
DEBUG 04-24 11:15:39.175632.175632 sllm_store_c.py:29] call client load into gpu
DEBUG 04-24 11:15:39.177457.177457 cuda_h.py:27] end **self_attn cost 1.787 ms
DEBUG 04-24 11:15:39.178212.178212 cuda_h.py:27] end load_into_gpu_async cost 2.423 ms
DEBUG 04-24 11:15:39.178197.178197 cuda_h.py:27] end restore_tensors2 cost 0.236 ms
DEBUG 04-24 11:15:39.178466.178466 cuda_h.py:27] end allocate_cuda_memory_and_load_into_gpu cost 4.169 ms
DEBUG 04-24 11:15:39.178286.178286 cuda_h.py:27] end *iln_self_attn_paln cost 4.569 ms
DEBUG 04-24 11:15:39.179971.179971 cuda_h.py:27] end gate cost 0.627 ms
DEBUG 04-24 11:15:39.180893.180893 cuda_h.py:27] end experts_map_get cost 0.327 ms
DEBUG 04-24 11:15:39.180266.180266 cuda_h.py:27] end *before experts start* cost 1.141 ms
DEBUG 04-24 11:15:39.180745.180745 cuda_h.py:27] end cpu_experts_submit_fused_mp cost 0.219 ms
DEBUG 04-24 11:15:39.181329.181329 cuda_h.py:27] end *single cpu experts* cost 1.451 ms
DEBUG 04-24 11:15:39.184187.184187 cuda_h.py:27] end prepare_group_stack cost 0.403 ms
DEBUG 04-24 11:15:39.184593.184593 sllm_store_c.py:27] get device uuid map
DEBUG 04-24 11:15:39.184927.184927 sllm_store_c.py:29] call client load into gpu
DEBUG 04-24 11:15:39.184003.184003 cuda_h.py:27] end prepare_group_stack cost 0.480 ms
DEBUG 04-24 11:15:39.184116.184116 cuda_h.py:27] end prepare_group_stack cost 0.447 ms
DEBUG 04-24 11:15:39.184078.184078 cuda_h.py:27] end prepare_group_stack cost 0.512 ms
DEBUG 04-24 11:15:39.185025.185025 cuda_h.py:27] end group stack cost 0.816 ms
DEBUG 04-24 11:15:39.185856.185856 cuda_h.py:27] end move_flatidxs_group_fused_mp cost 1.405 ms
DEBUG 04-24 11:15:39.185090.185090 cuda_h.py:27] end get_fused_experts_names_w cost 0.022 ms
DEBUG 04-24 11:15:39.185009.185009 cuda_h.py:27] end group stack cost 0.639 ms
DEBUG 04-24 11:15:39.185354.185354 cuda_h.py:27] end move_flatidxs_group_fused_mp cost 1.622 ms
DEBUG 04-24 11:15:39.185768.185768 cuda_h.py:27] end group stack cost 0.971 ms
DEBUG 04-24 11:15:39.185095.185095 cuda_h.py:27] end get_fused_experts_names_w cost 0.024 ms
DEBUG 04-24 11:15:39.185665.185665 cuda_h.py:27] end restore_fused_tensors cost 0.412 ms
DEBUG 04-24 11:15:39.185208.185208 cuda_h.py:27] end move_flatidxs_group_fused_mp cost 1.874 ms
DEBUG 04-24 11:15:39.185155.185155 cuda_h.py:27] end group stack cost 1.042 ms
DEBUG 04-24 11:15:39.186043.186043 cuda_h.py:27] end group_fused_tensors_mp cost 0.799 ms
DEBUG 04-24 11:15:39.186620.186620 cuda_h.py:27] end get_fused_experts_names_w cost 0.024 ms
DEBUG 04-24 11:15:39.186694.186694 cuda_h.py:27] end move_flatidxs_group_fused_mp cost 2.106 ms
DEBUG 04-24 11:15:39.186772.186772 cuda_h.py:27] end get_fused_experts_names_w cost 0.027 ms
DEBUG 04-24 11:15:39.186108.186108 cuda_h.py:27] end restore_fused_tensors cost 0.587 ms
DEBUG 04-24 11:15:39.186289.186289 cuda_h.py:27] end group_fused_tensors_mp cost 0.873 ms
DEBUG 04-24 11:15:39.186207.186207 cuda_h.py:27] end restore_fused_tensors cost 0.572 ms
DEBUG 04-24 11:15:39.186904.186904 cuda_h.py:27] end group_fused_tensors_mp cost 0.799 ms
DEBUG 04-24 11:15:39.187612.187612 cuda_h.py:27] end restore_fused_tensors cost 0.571 ms
DEBUG 04-24 11:15:39.187911.187911 cuda_h.py:27] end group_fused_tensors_mp cost 1.011 ms
DEBUG 04-24 11:15:39.187794.187794 cuda_h.py:27] end load_into_gpu_async_fused_experts_dual cost 3.438 ms
DEBUG 04-24 11:15:39.187935.187935 cuda_h.py:27] end restore2model cost 2.552 ms
DEBUG 04-24 11:15:39.188849.188849 cuda_h.py:27] end restore_tensors2_fused_experts_packed cost 0.207 ms
DEBUG 04-24 11:15:39.188474.188474 cuda_h.py:27] end sllm_worker_task cost 14.096 ms
DEBUG 04-24 11:15:39.189140.189140 cuda_h.py:27] end restore_tensors2_fused_experts_slices cost 0.922 ms
DEBUG 04-24 11:15:39.190933.190933 cuda_h.py:27] end allocate_experts_cuda_memory_and_restore_model_multi_device_fused cost 8.828 ms
DEBUG 04-24 11:15:39.191552.191552 cuda_h.py:27] end gpu_sexperts cost 0.051 ms
DEBUG 04-24 11:15:39.191144.191144 cuda_h.py:27] end wait_load_qkvogn_s_weight cost 0.102 ms
DEBUG 04-24 11:15:39.200467.200467 mlpmodule.py:3373] [fused_group_bmm][steps] bmm1=7.176 ms split=0.117 ms act_mul=0.297 ms bmm2=5.339 ms
DEBUG 04-24 11:15:39.200425.200425 cuda_h.py:27] end fused_group_bmm cost 13.291 ms
DEBUG 04-24 11:15:39.201406.201406 mlpmodule.py:3373] [fused_group_bmm][steps] bmm1=7.701 ms split=0.135 ms act_mul=0.288 ms bmm2=6.901 ms
DEBUG 04-24 11:15:39.201839.201839 cuda_h.py:27] end fused_group_bmm cost 15.350 ms
DEBUG 04-24 11:15:39.201383.201383 cuda_h.py:27] end gather_outputs_group_fused_mp cost 0.651 ms
DEBUG 04-24 11:15:39.201703.201703 cuda_h.py:27] end gather_outputs_group_fused_mp cost 0.444 ms
DEBUG 04-24 11:15:39.202521.202521 cuda_h.py:27] end cpu_experts_worker_bmm_or_einsum_1 cost 19.871 ms
DEBUG 04-24 11:15:39.202861.202861 cuda_h.py:27] end cpu_experts_worker_bmm_or_einsum_3 cost 20.331 ms
DEBUG 04-24 11:15:39.204174.204174 mlpmodule.py:3373] [fused_group_bmm][steps] bmm1=10.357 ms split=0.474 ms act_mul=0.640 ms bmm2=5.953 ms
DEBUG 04-24 11:15:39.204025.204025 cuda_h.py:27] end fused_group_bmm cost 17.774 ms
DEBUG 04-24 11:15:39.204464.204464 mlpmodule.py:3373] [fused_group_bmm][steps] bmm1=13.232 ms split=0.226 ms act_mul=0.755 ms bmm2=3.571 ms
DEBUG 04-24 11:15:39.205752.205752 cuda_h.py:27] end fused_group_bmm cost 18.330 ms
DEBUG 04-24 11:15:39.205976.205976 cuda_h.py:27] end gather_outputs_group_fused_mp cost 0.474 ms
DEBUG 04-24 11:15:39.205403.205403 cuda_h.py:27] end gather_outputs_group_fused_mp cost 0.506 ms
DEBUG 04-24 11:15:39.206289.206289 cuda_h.py:27] end cpu_experts_worker_bmm_or_einsum_2 cost 23.624 ms
DEBUG 04-24 11:15:39.206658.206658 cuda_h.py:27] end cpu_experts_worker_bmm_or_einsum_0 cost 24.132 ms
DEBUG 04-24 11:15:39.206336.206336 cuda_h.py:27] end prepare_per_device_parameters cost 15.063 ms
DEBUG 04-24 11:15:39.209431.209431 cuda_h.py:27] end cpu_experts_scatter_reduce cost 0.753 ms
DEBUG 04-24 11:15:39.209375.209375 cuda_h.py:27] end cpu_thread_manager_mp_wait_fused cost 2.358 ms
DEBUG 04-24 11:15:39.210209.210209 cuda_h.py:27] end wait_experts_multi_device cost 1.343 ms
DEBUG 04-24 11:15:39.210112.210112 cuda_h.py:27] end *before fused experts* cost 28.673 ms
DEBUG 04-24 11:15:39.216452.216452 cuda_h.py:27] end gpu_experts_multi_device_fused cost 5.543 ms
DEBUG 04-24 11:15:39.216217.216217 cuda_h.py:27] end *gpu experts* cost 34.366 ms
DEBUG 04-24 11:15:39.216406.216406 cuda_h.py:27] end layer_moe_generate_mp_multi_device_fused_l_27 cost 37.150 ms
DEBUG 04-24 11:15:39.217050.217050 cuda_h.py:27] end *mlp cost 38.411 ms
DEBUG 04-24 11:15:39.217624.217624 cuda_h.py:27] end prefill_layer cost 43.547 ms
DEBUG 04-24 11:15:39.217995.217995 lmp.py:341] -------------------------------- end prefill layer 26 --------------------------------
DEBUG 04-24 11:15:39.218500.218500 lmp.py:294] -------------------------------- start prefill layer 27 --------------------------------
DEBUG 04-24 11:15:39.218390.218390 cuda_h.py:27] end start_load_qkvogn_s_weight_l_28 cost 0.057 ms
DEBUG 04-24 11:15:39.219393.219393 cuda_h.py:27] end allocate_cuda_memory cost 0.584 ms
DEBUG 04-24 11:15:39.219741.219741 sllm_store_c.py:27] get device uuid map
DEBUG 04-24 11:15:39.219206.219206 sllm_store_c.py:29] call client load into gpu
DEBUG 04-24 11:15:39.221921.221921 cuda_h.py:27] end load_into_gpu_async cost 2.412 ms
DEBUG 04-24 11:15:39.222865.222865 cuda_h.py:27] end restore_tensors2 cost 0.278 ms
DEBUG 04-24 11:15:39.222327.222327 cuda_h.py:27] end **self_attn cost 2.066 ms
DEBUG 04-24 11:15:39.222450.222450 cuda_h.py:27] end allocate_cuda_memory_and_load_into_gpu cost 4.395 ms
DEBUG 04-24 11:15:39.223313.223313 cuda_h.py:27] end *iln_self_attn_paln cost 5.271 ms
DEBUG 04-24 11:15:39.224735.224735 cuda_h.py:27] end gate cost 0.603 ms
DEBUG 04-24 11:15:39.224014.224014 cuda_h.py:27] end experts_map_get cost 0.318 ms
DEBUG 04-24 11:15:39.224811.224811 cuda_h.py:27] end *before experts start* cost 1.092 ms
DEBUG 04-24 11:15:39.224435.224435 cuda_h.py:27] end cpu_experts_submit_fused_mp cost 0.220 ms
DEBUG 04-24 11:15:39.226900.226900 cuda_h.py:27] end *single cpu experts* cost 1.436 ms
DEBUG 04-24 11:15:39.227790.227790 sllm_store_c.py:27] get device uuid map
DEBUG 04-24 11:15:39.227521.227521 sllm_store_c.py:29] call client load into gpu
DEBUG 04-24 11:15:39.228557.228557 cuda_h.py:27] end prepare_group_stack cost 0.496 ms
DEBUG 04-24 11:15:39.228047.228047 cuda_h.py:27] end prepare_group_stack cost 0.547 ms
DEBUG 04-24 11:15:39.228791.228791 cuda_h.py:27] end prepare_group_stack cost 0.508 ms
DEBUG 04-24 11:15:39.228131.228131 cuda_h.py:27] end prepare_group_stack cost 0.439 ms
DEBUG 04-24 11:15:39.228206.228206 cuda_h.py:27] end group stack cost 0.718 ms
DEBUG 04-24 11:15:39.228368.228368 cuda_h.py:27] end move_flatidxs_group_fused_mp cost 1.392 ms
DEBUG 04-24 11:15:39.228409.228409 cuda_h.py:27] end group stack cost 0.813 ms
DEBUG 04-24 11:15:39.229609.229609 cuda_h.py:27] end get_fused_experts_names_w cost 0.031 ms
DEBUG 04-24 11:15:39.229417.229417 cuda_h.py:27] end move_flatidxs_group_fused_mp cost 1.714 ms
DEBUG 04-24 11:15:39.229218.229218 cuda_h.py:27] end group stack cost 0.897 ms
DEBUG 04-24 11:15:39.229457.229457 cuda_h.py:27] end get_fused_experts_names_w cost 0.024 ms
DEBUG 04-24 11:15:39.229484.229484 cuda_h.py:27] end move_flatidxs_group_fused_mp cost 1.700 ms
DEBUG 04-24 11:15:39.229793.229793 cuda_h.py:27] end group stack cost 1.262 ms
DEBUG 04-24 11:15:39.229384.229384 cuda_h.py:27] end get_fused_experts_names_w cost 0.026 ms
DEBUG 04-24 11:15:39.229920.229920 cuda_h.py:27] end move_flatidxs_group_fused_mp cost 2.202 ms
DEBUG 04-24 11:15:39.229727.229727 cuda_h.py:27] end get_fused_experts_names_w cost 0.026 ms
DEBUG 04-24 11:15:39.230509.230509 cuda_h.py:27] end restore_fused_tensors cost 0.603 ms
DEBUG 04-24 11:15:39.230698.230698 cuda_h.py:27] end restore_fused_tensors cost 0.518 ms
DEBUG 04-24 11:15:39.230289.230289 cuda_h.py:27] end group_fused_tensors_mp cost 0.960 ms
DEBUG 04-24 11:15:39.230726.230726 cuda_h.py:27] end group_fused_tensors_mp cost 0.754 ms
DEBUG 04-24 11:15:39.230798.230798 cuda_h.py:27] end restore_fused_tensors cost 0.526 ms
DEBUG 04-24 11:15:39.230409.230409 cuda_h.py:27] end group_fused_tensors_mp cost 0.785 ms
DEBUG 04-24 11:15:39.230002.230002 cuda_h.py:27] end restore_fused_tensors cost 0.534 ms
DEBUG 04-24 11:15:39.230597.230597 cuda_h.py:27] end group_fused_tensors_mp cost 0.881 ms
DEBUG 04-24 11:15:39.231820.231820 cuda_h.py:27] end restore2model cost 1.385 ms
DEBUG 04-24 11:15:39.231255.231255 cuda_h.py:27] end sllm_worker_task cost 13.204 ms
DEBUG 04-24 11:15:39.232137.232137 cuda_h.py:27] end load_into_gpu_async_fused_experts_dual cost 4.375 ms
DEBUG 04-24 11:15:39.233782.233782 cuda_h.py:27] end restore_tensors2_fused_experts_packed cost 0.264 ms
DEBUG 04-24 11:15:39.234063.234063 cuda_h.py:27] end restore_tensors2_fused_experts_slices cost 0.855 ms
DEBUG 04-24 11:15:39.235992.235992 cuda_h.py:27] end allocate_experts_cuda_memory_and_restore_model_multi_device_fused cost 8.995 ms
DEBUG 04-24 11:15:39.235859.235859 cuda_h.py:27] end gpu_sexperts cost 0.023 ms
DEBUG 04-24 11:15:39.235856.235856 cuda_h.py:27] end wait_load_qkvogn_s_weight cost 0.066 ms
DEBUG 04-24 11:15:39.239423.239423 mlpmodule.py:3373] [fused_group_bmm][steps] bmm1=4.879 ms split=0.202 ms act_mul=0.739 ms bmm2=3.157 ms
DEBUG 04-24 11:15:39.239108.239108 cuda_h.py:27] end fused_group_bmm cost 9.266 ms
DEBUG 04-24 11:15:39.240885.240885 cuda_h.py:27] end gather_outputs_group_fused_mp cost 0.451 ms
DEBUG 04-24 11:15:39.240877.240877 cuda_h.py:27] end cpu_experts_worker_bmm_or_einsum_0 cost 14.636 ms
DEBUG 04-24 11:15:39.243723.243723 mlpmodule.py:3373] [fused_group_bmm][steps] bmm1=8.209 ms split=0.137 ms act_mul=0.493 ms bmm2=4.055 ms
DEBUG 04-24 11:15:39.244805.244805 cuda_h.py:27] end fused_group_bmm cost 13.204 ms
DEBUG 04-24 11:15:39.244573.244573 cuda_h.py:27] end gather_outputs_group_fused_mp cost 0.549 ms
DEBUG 04-24 11:15:39.245531.245531 cuda_h.py:27] end cpu_experts_worker_bmm_or_einsum_1 cost 19.158 ms
DEBUG 04-24 11:15:39.245387.245387 mlpmodule.py:3373] [fused_group_bmm][steps] bmm1=9.003 ms split=0.166 ms act_mul=0.413 ms bmm2=5.484 ms
DEBUG 04-24 11:15:39.245993.245993 cuda_h.py:27] end fused_group_bmm cost 15.415 ms
DEBUG 04-24 11:15:39.245791.245791 mlpmodule.py:3373] [fused_group_bmm][steps] bmm1=9.171 ms split=0.113 ms act_mul=0.392 ms bmm2=5.357 ms
DEBUG 04-24 11:15:39.246039.246039 cuda_h.py:27] end fused_group_bmm cost 15.359 ms
DEBUG 04-24 11:15:39.246708.246708 cuda_h.py:27] end gather_outputs_group_fused_mp cost 0.466 ms
DEBUG 04-24 11:15:39.246585.246585 cuda_h.py:27] end gather_outputs_group_fused_mp cost 0.407 ms
DEBUG 04-24 11:15:39.246195.246195 cuda_h.py:27] end cpu_experts_worker_bmm_or_einsum_3 cost 19.574 ms
DEBUG 04-24 11:15:39.247992.247992 cuda_h.py:27] end cpu_experts_worker_bmm_or_einsum_2 cost 20.701 ms
DEBUG 04-24 11:15:39.250168.250168 cuda_h.py:27] end prepare_per_device_parameters cost 14.516 ms
DEBUG 04-24 11:15:39.252139.252139 cuda_h.py:27] end cpu_experts_scatter_reduce cost 0.726 ms
DEBUG 04-24 11:15:39.252692.252692 cuda_h.py:27] end cpu_thread_manager_mp_wait_fused cost 2.237 ms
DEBUG 04-24 11:15:39.254207.254207 cuda_h.py:27] end wait_experts_multi_device cost 1.496 ms
DEBUG 04-24 11:15:39.254918.254918 cuda_h.py:27] end *before fused experts* cost 28.178 ms
DEBUG 04-24 11:15:39.259785.259785 cuda_h.py:27] end gpu_experts_multi_device_fused cost 4.882 ms
DEBUG 04-24 11:15:39.259490.259490 cuda_h.py:27] end *gpu experts* cost 33.198 ms
DEBUG 04-24 11:15:39.259712.259712 cuda_h.py:27] end layer_moe_generate_mp_multi_device_fused_l_28 cost 35.919 ms
DEBUG 04-24 11:15:39.260197.260197 cuda_h.py:27] end *mlp cost 37.155 ms
DEBUG 04-24 11:15:39.260677.260677 cuda_h.py:27] end prefill_layer cost 42.685 ms
DEBUG 04-24 11:15:39.260294.260294 lmp.py:341] -------------------------------- end prefill layer 27 --------------------------------
DEBUG 04-24 11:15:39.260143.260143 lmp.py:294] -------------------------------- start prefill layer 28 --------------------------------
DEBUG 04-24 11:15:39.260915.260915 cuda_h.py:27] end start_load_qkvogn_s_weight_l_29 cost 0.068 ms
DEBUG 04-24 11:15:39.261055.261055 cuda_h.py:27] end allocate_cuda_memory cost 0.529 ms
DEBUG 04-24 11:15:39.262522.262522 sllm_store_c.py:27] get device uuid map
DEBUG 04-24 11:15:39.262411.262411 sllm_store_c.py:29] call client load into gpu
DEBUG 04-24 11:15:39.264250.264250 cuda_h.py:27] end **self_attn cost 1.652 ms
DEBUG 04-24 11:15:39.264068.264068 cuda_h.py:27] end load_into_gpu_async cost 2.256 ms
DEBUG 04-24 11:15:39.264340.264340 cuda_h.py:27] end restore_tensors2 cost 0.165 ms
DEBUG 04-24 11:15:39.264139.264139 cuda_h.py:27] end allocate_cuda_memory_and_load_into_gpu cost 3.780 ms
DEBUG 04-24 11:15:39.264791.264791 cuda_h.py:27] end *iln_self_attn_paln cost 4.090 ms
DEBUG 04-24 11:15:39.265493.265493 cuda_h.py:27] end gate cost 0.571 ms
DEBUG 04-24 11:15:39.266765.266765 cuda_h.py:27] end experts_map_get cost 0.314 ms
DEBUG 04-24 11:15:39.266548.266548 cuda_h.py:27] end *before experts start* cost 1.047 ms
DEBUG 04-24 11:15:39.266860.266860 cuda_h.py:27] end cpu_experts_submit_fused_mp cost 0.204 ms
DEBUG 04-24 11:15:39.268027.268027 cuda_h.py:27] end *single cpu experts* cost 1.622 ms
DEBUG 04-24 11:15:39.269820.269820 cuda_h.py:27] end prepare_group_stack cost 0.556 ms
DEBUG 04-24 11:15:39.269447.269447 cuda_h.py:27] end prepare_group_stack cost 0.476 ms
DEBUG 04-24 11:15:39.269760.269760 cuda_h.py:27] end prepare_group_stack cost 0.505 ms
DEBUG 04-24 11:15:39.270796.270796 sllm_store_c.py:27] get device uuid map
DEBUG 04-24 11:15:39.270960.270960 cuda_h.py:27] end prepare_group_stack cost 0.621 ms
DEBUG 04-24 11:15:39.270787.270787 sllm_store_c.py:29] call client load into gpu
DEBUG 04-24 11:15:39.270031.270031 cuda_h.py:27] end group stack cost 1.073 ms
DEBUG 04-24 11:15:39.270141.270141 cuda_h.py:27] end move_flatidxs_group_fused_mp cost 1.865 ms
DEBUG 04-24 11:15:39.270210.270210 cuda_h.py:27] end get_fused_experts_names_w cost 0.026 ms
DEBUG 04-24 11:15:39.271530.271530 cuda_h.py:27] end group stack cost 1.196 ms
DEBUG 04-24 11:15:39.271273.271273 cuda_h.py:27] end group stack cost 1.204 ms
DEBUG 04-24 11:15:39.271666.271666 cuda_h.py:27] end move_flatidxs_group_fused_mp cost 1.885 ms
DEBUG 04-24 11:15:39.271674.271674 cuda_h.py:27] end move_flatidxs_group_fused_mp cost 1.897 ms
DEBUG 04-24 11:15:39.271436.271436 cuda_h.py:27] end get_fused_experts_names_w cost 0.024 ms
DEBUG 04-24 11:15:39.271908.271908 cuda_h.py:27] end get_fused_experts_names_w cost 0.023 ms
DEBUG 04-24 11:15:39.271816.271816 cuda_h.py:27] end restore_fused_tensors cost 0.521 ms
DEBUG 04-24 11:15:39.271867.271867 cuda_h.py:27] end group_fused_tensors_mp cost 0.866 ms
DEBUG 04-24 11:15:39.272406.272406 cuda_h.py:27] end restore_fused_tensors cost 0.485 ms
DEBUG 04-24 11:15:39.272289.272289 cuda_h.py:27] end group_fused_tensors_mp cost 0.729 ms
DEBUG 04-24 11:15:39.272242.272242 cuda_h.py:27] end restore_fused_tensors cost 0.550 ms
DEBUG 04-24 11:15:39.272587.272587 cuda_h.py:27] end group stack cost 1.500 ms
DEBUG 04-24 11:15:39.272600.272600 cuda_h.py:27] end group_fused_tensors_mp cost 0.955 ms
DEBUG 04-24 11:15:39.272590.272590 cuda_h.py:27] end move_flatidxs_group_fused_mp cost 2.834 ms
DEBUG 04-24 11:15:39.272559.272559 cuda_h.py:27] end get_fused_experts_names_w cost 0.041 ms
DEBUG 04-24 11:15:39.274683.274683 cuda_h.py:27] end restore_fused_tensors cost 1.497 ms
DEBUG 04-24 11:15:39.274113.274113 cuda_h.py:27] end group_fused_tensors_mp cost 1.967 ms
DEBUG 04-24 11:15:39.278171.278171 cuda_h.py:27] end restore2model cost 2.383 ms
DEBUG 04-24 11:15:39.278553.278553 cuda_h.py:27] end sllm_worker_task cost 17.502 ms
DEBUG 04-24 11:15:39.279781.279781 cuda_h.py:27] end load_into_gpu_async_fused_experts_dual cost 8.851 ms
DEBUG 04-24 11:15:39.279789.279789 cuda_h.py:27] end restore_tensors2_fused_experts_packed cost 0.188 ms
DEBUG 04-24 11:15:39.280171.280171 cuda_h.py:27] end restore_tensors2_fused_experts_slices cost 0.418 ms
DEBUG 04-24 11:15:39.280441.280441 cuda_h.py:27] end allocate_experts_cuda_memory_and_restore_model_multi_device_fused cost 12.487 ms
DEBUG 04-24 11:15:39.280252.280252 cuda_h.py:27] end gpu_sexperts cost 0.026 ms
DEBUG 04-24 11:15:39.280368.280368 cuda_h.py:27] end wait_load_qkvogn_s_weight cost 0.055 ms
DEBUG 04-24 11:15:39.284899.284899 mlpmodule.py:3373] [fused_group_bmm][steps] bmm1=7.440 ms split=0.113 ms act_mul=0.625 ms bmm2=4.235 ms
DEBUG 04-24 11:15:39.284455.284455 cuda_h.py:27] end fused_group_bmm cost 12.838 ms
DEBUG 04-24 11:15:39.285842.285842 cuda_h.py:27] end gather_outputs_group_fused_mp cost 0.826 ms
DEBUG 04-24 11:15:39.286592.286592 cuda_h.py:27] end cpu_experts_worker_bmm_or_einsum_1 cost 17.904 ms
DEBUG 04-24 11:15:39.286272.286272 mlpmodule.py:3373] [fused_group_bmm][steps] bmm1=6.827 ms split=0.130 ms act_mul=0.423 ms bmm2=6.211 ms
DEBUG 04-24 11:15:39.286360.286360 cuda_h.py:27] end fused_group_bmm cost 14.115 ms
DEBUG 04-24 11:15:39.286973.286973 mlpmodule.py:3373] [fused_group_bmm][steps] bmm1=6.214 ms split=0.221 ms act_mul=0.827 ms bmm2=4.453 ms
DEBUG 04-24 11:15:39.286213.286213 mlpmodule.py:3373] [fused_group_bmm][steps] bmm1=6.993 ms split=0.125 ms act_mul=0.549 ms bmm2=6.514 ms
DEBUG 04-24 11:15:39.286418.286418 cuda_h.py:27] end fused_group_bmm cost 11.971 ms
DEBUG 04-24 11:15:39.286995.286995 cuda_h.py:27] end fused_group_bmm cost 14.447 ms
DEBUG 04-24 11:15:39.287425.287425 cuda_h.py:27] end gather_outputs_group_fused_mp cost 0.518 ms
DEBUG 04-24 11:15:39.287158.287158 cuda_h.py:27] end gather_outputs_group_fused_mp cost 0.488 ms
DEBUG 04-24 11:15:39.287488.287488 cuda_h.py:27] end gather_outputs_group_fused_mp cost 0.408 ms
DEBUG 04-24 11:15:39.287837.287837 cuda_h.py:27] end cpu_experts_worker_bmm_or_einsum_2 cost 18.919 ms
DEBUG 04-24 11:15:39.287469.287469 cuda_h.py:27] end cpu_experts_worker_bmm_or_einsum_0 cost 19.127 ms
DEBUG 04-24 11:15:39.288598.288598 cuda_h.py:27] end cpu_experts_worker_bmm_or_einsum_3 cost 19.524 ms
DEBUG 04-24 11:15:39.294829.294829 cuda_h.py:27] end prepare_per_device_parameters cost 13.648 ms
DEBUG 04-24 11:15:39.296707.296707 cuda_h.py:27] end cpu_experts_scatter_reduce cost 0.731 ms
DEBUG 04-24 11:15:39.296359.296359 cuda_h.py:27] end cpu_thread_manager_mp_wait_fused cost 2.034 ms
DEBUG 04-24 11:15:39.298688.298688 cuda_h.py:27] end wait_experts_multi_device cost 1.464 ms
DEBUG 04-24 11:15:39.298392.298392 cuda_h.py:27] end *before fused experts* cost 30.401 ms
DEBUG 04-24 11:15:39.303487.303487 cuda_h.py:27] end gpu_experts_multi_device_fused cost 4.595 ms
DEBUG 04-24 11:15:39.303364.303364 cuda_h.py:27] end *gpu experts* cost 35.121 ms
DEBUG 04-24 11:15:39.303175.303175 cuda_h.py:27] end layer_moe_generate_mp_multi_device_fused_l_29 cost 37.954 ms
DEBUG 04-24 11:15:39.304078.304078 cuda_h.py:27] end *mlp cost 39.426 ms
DEBUG 04-24 11:15:39.304969.304969 cuda_h.py:27] end prefill_layer cost 44.042 ms
DEBUG 04-24 11:15:39.304354.304354 lmp.py:341] -------------------------------- end prefill layer 28 --------------------------------
DEBUG 04-24 11:15:39.304242.304242 lmp.py:294] -------------------------------- start prefill layer 29 --------------------------------
DEBUG 04-24 11:15:39.306444.306444 cuda_h.py:27] end **self_attn cost 1.591 ms
DEBUG 04-24 11:15:39.307041.307041 cuda_h.py:27] end *iln_self_attn_paln cost 2.074 ms
DEBUG 04-24 11:15:39.307262.307262 cuda_h.py:27] end gate cost 0.575 ms
DEBUG 04-24 11:15:39.308255.308255 cuda_h.py:27] end experts_map_get cost 0.295 ms
DEBUG 04-24 11:15:39.308753.308753 cuda_h.py:27] end *before experts start* cost 1.017 ms
DEBUG 04-24 11:15:39.308424.308424 cuda_h.py:27] end cpu_experts_submit_fused_mp cost 0.220 ms
DEBUG 04-24 11:15:39.309797.309797 cuda_h.py:27] end *single cpu experts* cost 1.473 ms
DEBUG 04-24 11:15:39.310371.310371 cuda_h.py:27] end prepare_group_stack cost 0.498 ms
DEBUG 04-24 11:15:39.310884.310884 cuda_h.py:27] end prepare_group_stack cost 0.447 ms
DEBUG 04-24 11:15:39.310929.310929 cuda_h.py:27] end prepare_group_stack cost 0.387 ms
DEBUG 04-24 11:15:39.310914.310914 cuda_h.py:27] end prepare_group_stack cost 0.405 ms
DEBUG 04-24 11:15:39.311539.311539 sllm_store_c.py:27] get device uuid map
DEBUG 04-24 11:15:39.311668.311668 sllm_store_c.py:29] call client load into gpu
DEBUG 04-24 11:15:39.311454.311454 cuda_h.py:27] end group stack cost 0.975 ms
DEBUG 04-24 11:15:39.311795.311795 cuda_h.py:27] end move_flatidxs_group_fused_mp cost 1.706 ms
DEBUG 04-24 11:15:39.311691.311691 cuda_h.py:27] end group stack cost 0.976 ms
DEBUG 04-24 11:15:39.311528.311528 cuda_h.py:27] end move_flatidxs_group_fused_mp cost 1.886 ms
DEBUG 04-24 11:15:39.311058.311058 cuda_h.py:27] end get_fused_experts_names_w cost 0.027 ms
DEBUG 04-24 11:15:39.311506.311506 cuda_h.py:27] end group stack cost 0.961 ms
DEBUG 04-24 11:15:39.312721.312721 cuda_h.py:27] end group stack cost 1.033 ms
DEBUG 04-24 11:15:39.312789.312789 cuda_h.py:27] end get_fused_experts_names_w cost 0.025 ms
DEBUG 04-24 11:15:39.312545.312545 cuda_h.py:27] end move_flatidxs_group_fused_mp cost 1.771 ms
DEBUG 04-24 11:15:39.312371.312371 cuda_h.py:27] end move_flatidxs_group_fused_mp cost 1.813 ms
DEBUG 04-24 11:15:39.312544.312544 cuda_h.py:27] end get_fused_experts_names_w cost 0.024 ms
DEBUG 04-24 11:15:39.312648.312648 cuda_h.py:27] end get_fused_experts_names_w cost 0.025 ms
DEBUG 04-24 11:15:39.312926.312926 cuda_h.py:27] end restore_fused_tensors cost 0.565 ms
DEBUG 04-24 11:15:39.312857.312857 cuda_h.py:27] end restore_fused_tensors cost 0.481 ms
DEBUG 04-24 11:15:39.312508.312508 cuda_h.py:27] end group_fused_tensors_mp cost 0.734 ms
DEBUG 04-24 11:15:39.312600.312600 cuda_h.py:27] end group_fused_tensors_mp cost 0.993 ms
DEBUG 04-24 11:15:39.313843.313843 cuda_h.py:27] end restore_fused_tensors cost 0.686 ms
DEBUG 04-24 11:15:39.313407.313407 cuda_h.py:27] end restore_fused_tensors cost 0.546 ms
DEBUG 04-24 11:15:39.313368.313368 cuda_h.py:27] end group_fused_tensors_mp cost 0.917 ms
DEBUG 04-24 11:15:39.313355.313355 cuda_h.py:27] end load_into_gpu_async_fused_experts_dual cost 2.222 ms
DEBUG 04-24 11:15:39.313588.313588 cuda_h.py:27] end group_fused_tensors_mp cost 0.791 ms
DEBUG 04-24 11:15:39.313624.313624 cuda_h.py:27] end restore_tensors2_fused_experts_packed cost 0.063 ms
DEBUG 04-24 11:15:39.313019.313019 cuda_h.py:27] end restore_tensors2_fused_experts_slices cost 0.286 ms
DEBUG 04-24 11:15:39.313611.313611 cuda_h.py:27] end allocate_experts_cuda_memory_and_restore_model_multi_device_fused cost 3.871 ms
DEBUG 04-24 11:15:39.313426.313426 cuda_h.py:27] end gpu_sexperts cost 0.006 ms
DEBUG 04-24 11:15:39.323714.323714 mlpmodule.py:3373] [fused_group_bmm][steps] bmm1=6.337 ms split=0.144 ms act_mul=0.428 ms bmm2=3.641 ms
DEBUG 04-24 11:15:39.324378.324378 cuda_h.py:27] end fused_group_bmm cost 10.829 ms
DEBUG 04-24 11:15:39.324787.324787 cuda_h.py:27] end gather_outputs_group_fused_mp cost 0.495 ms
DEBUG 04-24 11:15:39.325251.325251 cuda_h.py:27] end cpu_experts_worker_bmm_or_einsum_0 cost 15.554 ms
DEBUG 04-24 11:15:39.328648.328648 mlpmodule.py:3373] [fused_group_bmm][steps] bmm1=9.978 ms split=0.324 ms act_mul=0.476 ms bmm2=4.240 ms
DEBUG 04-24 11:15:39.328389.328389 cuda_h.py:27] end fused_group_bmm cost 15.485 ms
DEBUG 04-24 11:15:39.328277.328277 mlpmodule.py:3373] [fused_group_bmm][steps] bmm1=8.587 ms split=0.228 ms act_mul=0.453 ms bmm2=5.718 ms
DEBUG 04-24 11:15:39.328726.328726 cuda_h.py:27] end fused_group_bmm cost 15.396 ms
DEBUG 04-24 11:15:39.329751.329751 cuda_h.py:27] end gather_outputs_group_fused_mp cost 0.584 ms
DEBUG 04-24 11:15:39.329708.329708 mlpmodule.py:3373] [fused_group_bmm][steps] bmm1=9.844 ms split=0.334 ms act_mul=0.393 ms bmm2=5.728 ms
DEBUG 04-24 11:15:39.329164.329164 cuda_h.py:27] end gather_outputs_group_fused_mp cost 0.405 ms
DEBUG 04-24 11:15:39.329564.329564 cuda_h.py:27] end fused_group_bmm cost 16.590 ms
DEBUG 04-24 11:15:39.329297.329297 cuda_h.py:27] end cpu_experts_worker_bmm_or_einsum_3 cost 19.551 ms
DEBUG 04-24 11:15:39.330667.330667 cuda_h.py:27] end gather_outputs_group_fused_mp cost 0.468 ms
DEBUG 04-24 11:15:39.330423.330423 cuda_h.py:27] end cpu_experts_worker_bmm_or_einsum_1 cost 20.998 ms
DEBUG 04-24 11:15:39.330236.330236 cuda_h.py:27] end cpu_experts_worker_bmm_or_einsum_2 cost 21.234 ms
DEBUG 04-24 11:15:39.331840.331840 cuda_h.py:27] end prepare_per_device_parameters cost 17.816 ms
DEBUG 04-24 11:15:39.334095.334095 cuda_h.py:27] end cpu_experts_scatter_reduce cost 0.757 ms
DEBUG 04-24 11:15:39.334893.334893 cuda_h.py:27] end cpu_thread_manager_mp_wait_fused cost 2.578 ms
DEBUG 04-24 11:15:39.336273.336273 cuda_h.py:27] end wait_experts_multi_device cost 1.992 ms
DEBUG 04-24 11:15:39.336745.336745 cuda_h.py:27] end *before fused experts* cost 26.868 ms
DEBUG 04-24 11:15:39.341995.341995 cuda_h.py:27] end gpu_experts_multi_device_fused cost 4.847 ms
DEBUG 04-24 11:15:39.341091.341091 cuda_h.py:27] end *gpu experts* cost 31.862 ms
DEBUG 04-24 11:15:39.341790.341790 cuda_h.py:27] end layer_moe_generate_mp_multi_device_fused_l_30 cost 34.538 ms
DEBUG 04-24 11:15:39.343467.343467 cuda_h.py:27] end *mlp cost 35.777 ms
DEBUG 04-24 11:15:39.343623.343623 cuda_h.py:27] end prefill_layer cost 38.270 ms
DEBUG 04-24 11:15:39.343763.343763 lmp.py:341] -------------------------------- end prefill layer 29 --------------------------------
DEBUG 04-24 11:15:39.343043.343043 cuda_h.py:27] end prefill cost 2043.602 ms
INFO 04-24 11:15:39.343104.343104 lmp.py:343] prefill time: 2.0436270236968994 seconds
generate input ids cost 0.05132031440734863 s
DEBUG 04-24 11:15:45.690756.690756 cuda_h.py:27] end generate_input_ids cost 3496.093 ms
DEBUG 04-24 11:15:45.691240.691240 cuda_h.py:27] end init_cache cost 0.047 ms
DEBUG 04-24 11:15:45.691709.691709 cuda_h.py:27] end allocate_cuda_memory cost 0.473 ms
DEBUG 04-24 11:15:45.691599.691599 sllm_store_c.py:27] get device uuid map
DEBUG 04-24 11:15:45.691463.691463 sllm_store_c.py:29] call client load into gpu
DEBUG 04-24 11:15:45.694089.694089 cuda_h.py:27] end load_into_gpu_async cost 2.749 ms
DEBUG 04-24 11:15:45.694092.694092 cuda_h.py:27] end restore_tensors2 cost 0.050 ms
DEBUG 04-24 11:15:45.694279.694279 cuda_h.py:27] end allocate_cuda_memory_and_load_into_gpu cost 3.486 ms
DEBUG 04-24 11:15:45.694508.694508 cuda_h.py:27] end restore2model cost 0.274 ms
DEBUG 04-24 11:15:45.910500.910500 cuda_h.py:27] end allocate_cuda_memory cost 35.196 ms
DEBUG 04-24 11:15:45.910550.910550 sllm_store_c.py:27] get device uuid map
DEBUG 04-24 11:15:45.910380.910380 sllm_store_c.py:29] call client load into gpu
DEBUG 04-24 11:15:45.912934.912934 cuda_h.py:27] end load_into_gpu_async cost 2.175 ms
DEBUG 04-24 11:15:45.912860.912860 cuda_h.py:27] end restore_tensors2 cost 0.101 ms
DEBUG 04-24 11:15:45.912623.912623 cuda_h.py:27] end allocate_cuda_memory_and_load_into_gpu cost 37.894 ms
DEBUG 04-24 11:15:46.060512.060512 cuda_h.py:27] end restore2model cost 1.717 ms
DEBUG 04-24 11:15:46.060121.060121 cuda_h.py:27] end load_qkvogns_weight_l_0 cost 186.470 ms
DEBUG 04-24 11:15:46.061409.061409 cuda_h.py:27] end init_general_weights cost 369.916 ms
DEBUG 04-24 11:15:46.062738.062738 cuda_h.py:27] end init_inputs_tokens cost 1.032 ms
DEBUG 04-24 11:15:46.062366.062366 lmp.py:294] -------------------------------- start prefill layer 0 --------------------------------
DEBUG 04-24 11:15:46.062413.062413 cuda_h.py:27] end start_load_qkvogn_s_weight_l_1 cost 0.106 ms
DEBUG 04-24 11:15:46.063439.063439 cuda_h.py:27] end allocate_cuda_memory cost 0.483 ms
DEBUG 04-24 11:15:46.063743.063743 sllm_store_c.py:27] get device uuid map
DEBUG 04-24 11:15:46.064271.064271 sllm_store_c.py:29] call client load into gpu
DEBUG 04-24 11:15:46.066220.066220 cuda_h.py:27] end load_into_gpu_async cost 2.981 ms
DEBUG 04-24 11:15:46.067199.067199 cuda_h.py:27] end restore_tensors2 cost 0.220 ms
DEBUG 04-24 11:15:46.067228.067228 cuda_h.py:27] end allocate_cuda_memory_and_load_into_gpu cost 4.817 ms
DEBUG 04-24 11:15:46.070661.070661 cuda_h.py:27] end **self_attn cost 5.349 ms
DEBUG 04-24 11:15:46.071133.071133 cuda_h.py:27] end *iln_self_attn_paln cost 8.543 ms
DEBUG 04-24 11:15:46.072522.072522 cuda_h.py:27] end gate cost 1.736 ms
DEBUG 04-24 11:15:46.074502.074502 cuda_h.py:27] end experts_map_get cost 0.929 ms
DEBUG 04-24 11:15:46.074016.074016 cuda_h.py:27] end *before experts start* cost 3.073 ms
DEBUG 04-24 11:15:46.075175.075175 cuda_h.py:27] end cpu_experts_submit_fused_mp cost 0.667 ms
DEBUG 04-24 11:15:46.078585.078585 cuda_h.py:27] end prepare_group_stack cost 0.840 ms
DEBUG 04-24 11:15:46.079245.079245 cuda_h.py:27] end prepare_group_stack cost 0.909 ms
DEBUG 04-24 11:15:46.080142.080142 cuda_h.py:27] end *single cpu experts* cost 5.644 ms
DEBUG 04-24 11:15:46.080651.080651 cuda_h.py:27] end group stack cost 1.539 ms
DEBUG 04-24 11:15:46.080161.080161 cuda_h.py:27] end prepare_group_stack cost 1.184 ms
DEBUG 04-24 11:15:46.080855.080855 cuda_h.py:27] end move_flatidxs_group_fused_mp cost 3.013 ms
DEBUG 04-24 11:15:46.081001.081001 cuda_h.py:27] end get_fused_experts_names_w cost 0.040 ms
DEBUG 04-24 11:15:46.081984.081984 cuda_h.py:27] end restore_fused_tensors cost 0.151 ms
DEBUG 04-24 11:15:46.081017.081017 cuda_h.py:27] end group_fused_tensors_mp cost 0.727 ms
DEBUG 04-24 11:15:46.081567.081567 cuda_h.py:27] end prepare_group_stack cost 1.182 ms
DEBUG 04-24 11:15:46.082843.082843 cuda_h.py:27] end group stack cost 2.698 ms
DEBUG 04-24 11:15:46.082426.082426 sllm_store_c.py:27] get device uuid map
DEBUG 04-24 11:15:46.082652.082652 cuda_h.py:27] end move_flatidxs_group_fused_mp cost 4.209 ms
DEBUG 04-24 11:15:46.082288.082288 cuda_h.py:27] end group stack cost 2.058 ms
DEBUG 04-24 11:15:46.082360.082360 sllm_store_c.py:29] call client load into gpu
DEBUG 04-24 11:15:46.083627.083627 cuda_h.py:27] end get_fused_experts_names_w cost 0.065 ms
DEBUG 04-24 11:15:46.083862.083862 cuda_h.py:27] end move_flatidxs_group_fused_mp cost 4.176 ms
DEBUG 04-24 11:15:46.083085.083085 cuda_h.py:27] end restore_fused_tensors cost 0.134 ms
DEBUG 04-24 11:15:46.083061.083061 cuda_h.py:27] end get_fused_experts_names_w cost 0.044 ms
DEBUG 04-24 11:15:46.083215.083215 cuda_h.py:27] end group_fused_tensors_mp cost 0.843 ms
DEBUG 04-24 11:15:46.083008.083008 cuda_h.py:27] end restore_fused_tensors cost 0.143 ms
DEBUG 04-24 11:15:46.084414.084414 cuda_h.py:27] end group_fused_tensors_mp cost 0.734 ms
DEBUG 04-24 11:15:46.084254.084254 cuda_h.py:27] end group stack cost 2.180 ms
DEBUG 04-24 11:15:46.084534.084534 cuda_h.py:27] end move_flatidxs_group_fused_mp cost 4.229 ms
DEBUG 04-24 11:15:46.085726.085726 cuda_h.py:27] end get_fused_experts_names_w cost 0.048 ms
DEBUG 04-24 11:15:46.085729.085729 cuda_h.py:27] end restore_fused_tensors cost 0.140 ms
DEBUG 04-24 11:15:46.085732.085732 cuda_h.py:27] end group_fused_tensors_mp cost 0.833 ms
DEBUG 04-24 11:15:46.085181.085181 cuda_h.py:27] end restore2model cost 6.577 ms
DEBUG 04-24 11:15:46.086489.086489 cuda_h.py:27] end sllm_worker_task cost 23.691 ms
DEBUG 04-24 11:15:46.089639.089639 cuda_h.py:27] end load_into_gpu_async_fused_experts_dual cost 6.750 ms
DEBUG 04-24 11:15:46.090054.090054 cuda_h.py:27] end restore_tensors2_fused_experts_packed cost 0.245 ms
DEBUG 04-24 11:15:46.090182.090182 cuda_h.py:27] end restore_tensors2_fused_experts_slices cost 0.572 ms
DEBUG 04-24 11:15:46.091422.091422 cuda_h.py:27] end allocate_experts_cuda_memory_and_restore_model_multi_device_fused cost 10.763 ms
DEBUG 04-24 11:15:46.091457.091457 cuda_h.py:27] end gpu_sexperts cost 0.011 ms
DEBUG 04-24 11:15:46.091230.091230 cuda_h.py:27] end wait_load_qkvogn_s_weight cost 0.031 ms
DEBUG 04-24 11:15:46.092430.092430 mlpmodule.py:3373] [fused_group_bmm][steps] bmm1=5.271 ms split=0.210 ms act_mul=0.928 ms bmm2=3.680 ms
DEBUG 04-24 11:15:46.092397.092397 cuda_h.py:27] end fused_group_bmm cost 10.299 ms
DEBUG 04-24 11:15:46.093704.093704 cuda_h.py:27] end gather_outputs_group_fused_mp cost 0.988 ms
DEBUG 04-24 11:15:46.094357.094357 cuda_h.py:27] end cpu_experts_worker_bmm_or_einsum_0 cost 17.347 ms
DEBUG 04-24 11:15:46.096102.096102 mlpmodule.py:3373] [fused_group_bmm][steps] bmm1=7.439 ms split=0.163 ms act_mul=0.836 ms bmm2=3.489 ms
DEBUG 04-24 11:15:46.096428.096428 cuda_h.py:27] end fused_group_bmm cost 12.208 ms
DEBUG 04-24 11:15:46.096968.096968 mlpmodule.py:3373] [fused_group_bmm][steps] bmm1=7.064 ms split=0.151 ms act_mul=0.903 ms bmm2=4.348 ms
DEBUG 04-24 11:15:46.097725.097725 cuda_h.py:27] end fused_group_bmm cost 12.798 ms
DEBUG 04-24 11:15:46.097042.097042 cuda_h.py:27] end gather_outputs_group_fused_mp cost 0.625 ms
DEBUG 04-24 11:15:46.097167.097167 mlpmodule.py:3373] [fused_group_bmm][steps] bmm1=6.438 ms split=0.102 ms act_mul=0.745 ms bmm2=4.190 ms
DEBUG 04-24 11:15:46.097319.097319 cuda_h.py:27] end gather_outputs_group_fused_mp cost 0.478 ms
DEBUG 04-24 11:15:46.098155.098155 cuda_h.py:27] end fused_group_bmm cost 11.748 ms
DEBUG 04-24 11:15:46.098872.098872 cuda_h.py:27] end cpu_experts_worker_bmm_or_einsum_1 cost 20.104 ms
DEBUG 04-24 11:15:46.098484.098484 cuda_h.py:27] end cpu_experts_worker_bmm_or_einsum_2 cost 19.855 ms
DEBUG 04-24 11:15:46.098888.098888 cuda_h.py:27] end gather_outputs_group_fused_mp cost 0.523 ms
DEBUG 04-24 11:15:46.104296.104296 cuda_h.py:27] end cpu_experts_worker_bmm_or_einsum_3 cost 23.956 ms
DEBUG 04-24 11:15:46.109518.109518 cuda_h.py:27] end prepare_per_device_parameters cost 17.650 ms
DEBUG 04-24 11:15:46.110143.110143 cuda_h.py:27] end cpu_experts_scatter_reduce cost 0.613 ms
DEBUG 04-24 11:15:46.110555.110555 cuda_h.py:27] end cpu_thread_manager_mp_wait_fused cost 1.649 ms
DEBUG 04-24 11:15:46.112139.112139 cuda_h.py:27] end wait_experts_multi_device cost 1.380 ms
DEBUG 04-24 11:15:46.112061.112061 cuda_h.py:27] end *before fused experts* cost 32.047 ms
DEBUG 04-24 11:15:46.118142.118142 cuda_h.py:27] end gpu_experts_multi_device_fused cost 5.925 ms
DEBUG 04-24 11:15:46.118991.118991 cuda_h.py:27] end *gpu experts* cost 38.072 ms
DEBUG 04-24 11:15:46.118795.118795 cuda_h.py:27] end layer_moe_generate_mp_multi_device_fused_l_1 cost 47.302 ms
DEBUG 04-24 11:15:46.119272.119272 cuda_h.py:27] end *mlp cost 48.518 ms
DEBUG 04-24 11:15:46.119950.119950 cuda_h.py:27] end prefill_layer cost 57.404 ms
DEBUG 04-24 11:15:46.119368.119368 lmp.py:341] -------------------------------- end prefill layer 0 --------------------------------
DEBUG 04-24 11:15:46.120610.120610 lmp.py:294] -------------------------------- start prefill layer 1 --------------------------------
DEBUG 04-24 11:15:46.120235.120235 cuda_h.py:27] end start_load_qkvogn_s_weight_l_2 cost 0.040 ms
DEBUG 04-24 11:15:46.120807.120807 cuda_h.py:27] end allocate_cuda_memory cost 0.171 ms
DEBUG 04-24 11:15:46.120911.120911 sllm_store_c.py:27] get device uuid map
DEBUG 04-24 11:15:46.120206.120206 sllm_store_c.py:29] call client load into gpu
DEBUG 04-24 11:15:46.122576.122576 cuda_h.py:27] end load_into_gpu_async cost 1.472 ms
DEBUG 04-24 11:15:46.122482.122482 cuda_h.py:27] end restore_tensors2 cost 0.084 ms
DEBUG 04-24 11:15:46.122889.122889 cuda_h.py:27] end allocate_cuda_memory_and_load_into_gpu cost 2.067 ms
DEBUG 04-24 11:15:46.122674.122674 cuda_h.py:27] end **self_attn cost 1.425 ms
DEBUG 04-24 11:15:46.122037.122037 cuda_h.py:27] end *iln_self_attn_paln cost 2.639 ms
DEBUG 04-24 11:15:46.123056.123056 cuda_h.py:27] end gate cost 0.510 ms
DEBUG 04-24 11:15:46.123671.123671 cuda_h.py:27] end experts_map_get cost 0.301 ms
DEBUG 04-24 11:15:46.123070.123070 cuda_h.py:27] end *before experts start* cost 0.952 ms
DEBUG 04-24 11:15:46.123211.123211 cuda_h.py:27] end cpu_experts_submit_fused_mp cost 0.217 ms
DEBUG 04-24 11:15:46.125540.125540 cuda_h.py:27] end *single cpu experts* cost 1.538 ms
DEBUG 04-24 11:15:46.126528.126528 cuda_h.py:27] end prepare_group_stack cost 0.416 ms
DEBUG 04-24 11:15:46.127061.127061 cuda_h.py:27] end group stack cost 0.764 ms
DEBUG 04-24 11:15:46.127854.127854 cuda_h.py:27] end move_flatidxs_group_fused_mp cost 1.454 ms
DEBUG 04-24 11:15:46.127461.127461 cuda_h.py:27] end prepare_group_stack cost 0.514 ms
DEBUG 04-24 11:15:46.127549.127549 cuda_h.py:27] end get_fused_experts_names_w cost 0.024 ms
DEBUG 04-24 11:15:46.127304.127304 cuda_h.py:27] end prepare_group_stack cost 0.530 ms
DEBUG 04-24 11:15:46.127475.127475 sllm_store_c.py:27] get device uuid map
DEBUG 04-24 11:15:46.127796.127796 sllm_store_c.py:29] call client load into gpu
DEBUG 04-24 11:15:46.128241.128241 cuda_h.py:27] end restore_fused_tensors cost 0.715 ms
DEBUG 04-24 11:15:46.128628.128628 cuda_h.py:27] end group_fused_tensors_mp cost 0.999 ms
DEBUG 04-24 11:15:46.128948.128948 cuda_h.py:27] end group stack cost 1.191 ms
DEBUG 04-24 11:15:46.128859.128859 cuda_h.py:27] end move_flatidxs_group_fused_mp cost 1.956 ms
DEBUG 04-24 11:15:46.128371.128371 cuda_h.py:27] end prepare_group_stack cost 0.799 ms
DEBUG 04-24 11:15:46.128089.128089 cuda_h.py:27] end group stack cost 1.278 ms
DEBUG 04-24 11:15:46.128700.128700 cuda_h.py:27] end get_fused_experts_names_w cost 0.024 ms
DEBUG 04-24 11:15:46.128351.128351 cuda_h.py:27] end move_flatidxs_group_fused_mp cost 2.168 ms
DEBUG 04-24 11:15:46.129059.129059 cuda_h.py:27] end get_fused_experts_names_w cost 0.027 ms
DEBUG 04-24 11:15:46.129599.129599 cuda_h.py:27] end restore_fused_tensors cost 0.480 ms
DEBUG 04-24 11:15:46.129508.129508 cuda_h.py:27] end group_fused_tensors_mp cost 0.624 ms
DEBUG 04-24 11:15:46.129794.129794 cuda_h.py:27] end restore_fused_tensors cost 0.634 ms
DEBUG 04-24 11:15:46.130174.130174 cuda_h.py:27] end group_fused_tensors_mp cost 0.888 ms
DEBUG 04-24 11:15:46.130005.130005 cuda_h.py:27] end group stack cost 1.374 ms
DEBUG 04-24 11:15:46.130669.130669 cuda_h.py:27] end move_flatidxs_group_fused_mp cost 2.594 ms
DEBUG 04-24 11:15:46.130192.130192 cuda_h.py:27] end get_fused_experts_names_w cost 0.095 ms
DEBUG 04-24 11:15:46.131282.131282 cuda_h.py:27] end restore_fused_tensors cost 0.772 ms
DEBUG 04-24 11:15:46.131835.131835 cuda_h.py:27] end load_into_gpu_async_fused_experts_dual cost 3.716 ms
DEBUG 04-24 11:15:46.131689.131689 cuda_h.py:27] end group_fused_tensors_mp cost 1.117 ms
DEBUG 04-24 11:15:46.132414.132414 cuda_h.py:27] end restore_tensors2_fused_experts_packed cost 0.208 ms
DEBUG 04-24 11:15:46.133314.133314 cuda_h.py:27] end restore_tensors2_fused_experts_slices cost 0.498 ms
DEBUG 04-24 11:15:46.133799.133799 cuda_h.py:27] end allocate_experts_cuda_memory_and_restore_model_multi_device_fused cost 8.035 ms
DEBUG 04-24 11:15:46.133290.133290 cuda_h.py:27] end restore2model cost 4.256 ms
DEBUG 04-24 11:15:46.133600.133600 cuda_h.py:27] end gpu_sexperts cost 0.020 ms
DEBUG 04-24 11:15:46.134274.134274 cuda_h.py:27] end sllm_worker_task cost 13.964 ms
DEBUG 04-24 11:15:46.134518.134518 cuda_h.py:27] end wait_load_qkvogn_s_weight cost 0.237 ms
DEBUG 04-24 11:15:46.139923.139923 mlpmodule.py:3373] [fused_group_bmm][steps] bmm1=6.032 ms split=0.190 ms act_mul=0.486 ms bmm2=4.291 ms
DEBUG 04-24 11:15:46.139939.139939 cuda_h.py:27] end fused_group_bmm cost 11.329 ms
DEBUG 04-24 11:15:46.140057.140057 cuda_h.py:27] end gather_outputs_group_fused_mp cost 0.489 ms
DEBUG 04-24 11:15:46.140659.140659 cuda_h.py:27] end cpu_experts_worker_bmm_or_einsum_0 cost 16.154 ms
DEBUG 04-24 11:15:46.144593.144593 mlpmodule.py:3373] [fused_group_bmm][steps] bmm1=8.921 ms split=0.211 ms act_mul=0.461 ms bmm2=4.336 ms
DEBUG 04-24 11:15:46.144754.144754 cuda_h.py:27] end fused_group_bmm cost 14.225 ms
DEBUG 04-24 11:15:46.145274.145274 cuda_h.py:27] end gather_outputs_group_fused_mp cost 0.643 ms
DEBUG 04-24 11:15:46.145173.145173 cuda_h.py:27] end cpu_experts_worker_bmm_or_einsum_1 cost 19.829 ms
DEBUG 04-24 11:15:46.146391.146391 mlpmodule.py:3373] [fused_group_bmm][steps] bmm1=10.334 ms split=0.148 ms act_mul=0.385 ms bmm2=5.610 ms
DEBUG 04-24 11:15:46.146962.146962 cuda_h.py:27] end fused_group_bmm cost 16.769 ms
DEBUG 04-24 11:15:46.147769.147769 cuda_h.py:27] end gather_outputs_group_fused_mp cost 0.453 ms
DEBUG 04-24 11:15:46.147956.147956 cuda_h.py:27] end cpu_experts_worker_bmm_or_einsum_2 cost 22.072 ms
DEBUG 04-24 11:15:46.150192.150192 mlpmodule.py:3373] [fused_group_bmm][steps] bmm1=12.491 ms split=0.184 ms act_mul=0.412 ms bmm2=4.692 ms
DEBUG 04-24 11:15:46.150384.150384 cuda_h.py:27] end fused_group_bmm cost 17.988 ms
DEBUG 04-24 11:15:46.150871.150871 cuda_h.py:27] end gather_outputs_group_fused_mp cost 0.456 ms
DEBUG 04-24 11:15:46.151381.151381 cuda_h.py:27] end cpu_experts_worker_bmm_or_einsum_3 cost 24.501 ms
DEBUG 04-24 11:15:46.152057.152057 cuda_h.py:27] end prepare_per_device_parameters cost 17.310 ms
DEBUG 04-24 11:15:46.153817.153817 cuda_h.py:27] end cpu_experts_scatter_reduce cost 0.762 ms
DEBUG 04-24 11:15:46.154495.154495 cuda_h.py:27] end cpu_thread_manager_mp_wait_fused cost 1.886 ms
DEBUG 04-24 11:15:46.155106.155106 cuda_h.py:27] end wait_experts_multi_device cost 1.394 ms
DEBUG 04-24 11:15:46.155704.155704 cuda_h.py:27] end *before fused experts* cost 30.129 ms
DEBUG 04-24 11:15:46.160581.160581 cuda_h.py:27] end gpu_experts_multi_device_fused cost 4.791 ms
DEBUG 04-24 11:15:46.160285.160285 cuda_h.py:27] end *gpu experts* cost 35.018 ms
DEBUG 04-24 11:15:46.160704.160704 cuda_h.py:27] end layer_moe_generate_mp_multi_device_fused_l_2 cost 37.691 ms
DEBUG 04-24 11:15:46.161068.161068 cuda_h.py:27] end *mlp cost 39.044 ms
DEBUG 04-24 11:15:46.161382.161382 cuda_h.py:27] end prefill_layer cost 41.860 ms
DEBUG 04-24 11:15:46.161277.161277 lmp.py:341] -------------------------------- end prefill layer 1 --------------------------------
DEBUG 04-24 11:15:46.162905.162905 lmp.py:294] -------------------------------- start prefill layer 2 --------------------------------
DEBUG 04-24 11:15:46.162345.162345 cuda_h.py:27] end start_load_qkvogn_s_weight_l_3 cost 0.042 ms
DEBUG 04-24 11:15:46.162646.162646 cuda_h.py:27] end allocate_cuda_memory cost 0.193 ms
DEBUG 04-24 11:15:46.162215.162215 sllm_store_c.py:27] get device uuid map
DEBUG 04-24 11:15:46.162435.162435 sllm_store_c.py:29] call client load into gpu
DEBUG 04-24 11:15:46.164116.164116 cuda_h.py:27] end **self_attn cost 1.240 ms
DEBUG 04-24 11:15:46.164190.164190 cuda_h.py:27] end *iln_self_attn_paln cost 2.359 ms
DEBUG 04-24 11:15:46.165532.165532 cuda_h.py:27] end load_into_gpu_async cost 2.164 ms
DEBUG 04-24 11:15:46.165471.165471 cuda_h.py:27] end restore_tensors2 cost 0.099 ms
DEBUG 04-24 11:15:46.165185.165185 cuda_h.py:27] end allocate_cuda_memory_and_load_into_gpu cost 2.887 ms
DEBUG 04-24 11:15:46.165791.165791 cuda_h.py:27] end gate cost 0.871 ms
DEBUG 04-24 11:15:46.165505.165505 cuda_h.py:27] end experts_map_get cost 0.266 ms
DEBUG 04-24 11:15:46.166957.166957 cuda_h.py:27] end *before experts start* cost 1.284 ms
DEBUG 04-24 11:15:46.166674.166674 cuda_h.py:27] end cpu_experts_submit_fused_mp cost 0.220 ms
DEBUG 04-24 11:15:46.167185.167185 cuda_h.py:27] end *single cpu experts* cost 1.432 ms
DEBUG 04-24 11:15:46.168171.168171 cuda_h.py:27] end prepare_group_stack cost 0.417 ms
DEBUG 04-24 11:15:46.169664.169664 sllm_store_c.py:27] get device uuid map
DEBUG 04-24 11:15:46.169654.169654 sllm_store_c.py:29] call client load into gpu
DEBUG 04-24 11:15:46.169561.169561 cuda_h.py:27] end group stack cost 0.683 ms
DEBUG 04-24 11:15:46.169843.169843 cuda_h.py:27] end move_flatidxs_group_fused_mp cost 1.319 ms
DEBUG 04-24 11:15:46.169152.169152 cuda_h.py:27] end get_fused_experts_names_w cost 0.040 ms
DEBUG 04-24 11:15:46.169562.169562 cuda_h.py:27] end prepare_group_stack cost 0.475 ms
DEBUG 04-24 11:15:46.169973.169973 cuda_h.py:27] end prepare_group_stack cost 0.559 ms
DEBUG 04-24 11:15:46.169815.169815 cuda_h.py:27] end prepare_group_stack cost 0.546 ms
DEBUG 04-24 11:15:46.170088.170088 cuda_h.py:27] end restore_fused_tensors cost 0.611 ms
DEBUG 04-24 11:15:46.170461.170461 cuda_h.py:27] end group_fused_tensors_mp cost 0.767 ms
DEBUG 04-24 11:15:46.170615.170615 cuda_h.py:27] end group stack cost 0.900 ms
DEBUG 04-24 11:15:46.170930.170930 cuda_h.py:27] end move_flatidxs_group_fused_mp cost 1.780 ms
DEBUG 04-24 11:15:46.171032.171032 cuda_h.py:27] end get_fused_experts_names_w cost 0.025 ms
DEBUG 04-24 11:15:46.171354.171354 cuda_h.py:27] end group stack cost 1.379 ms
DEBUG 04-24 11:15:46.171603.171603 cuda_h.py:27] end group stack cost 1.514 ms
DEBUG 04-24 11:15:46.171596.171596 cuda_h.py:27] end move_flatidxs_group_fused_mp cost 2.507 ms
DEBUG 04-24 11:15:46.171510.171510 cuda_h.py:27] end move_flatidxs_group_fused_mp cost 2.553 ms
DEBUG 04-24 11:15:46.171917.171917 cuda_h.py:27] end get_fused_experts_names_w cost 0.026 ms
DEBUG 04-24 11:15:46.171599.171599 cuda_h.py:27] end get_fused_experts_names_w cost 0.031 ms
DEBUG 04-24 11:15:46.171714.171714 cuda_h.py:27] end restore_fused_tensors cost 0.542 ms
DEBUG 04-24 11:15:46.172702.172702 cuda_h.py:27] end group_fused_tensors_mp cost 1.049 ms
DEBUG 04-24 11:15:46.172990.172990 cuda_h.py:27] end restore_fused_tensors cost 0.718 ms
DEBUG 04-24 11:15:46.172370.172370 cuda_h.py:27] end group_fused_tensors_mp cost 1.096 ms
DEBUG 04-24 11:15:46.172577.172577 cuda_h.py:27] end restore_fused_tensors cost 0.842 ms
DEBUG 04-24 11:15:46.172407.172407 cuda_h.py:27] end group_fused_tensors_mp cost 1.233 ms
DEBUG 04-24 11:15:46.175710.175710 cuda_h.py:27] end restore2model cost 1.434 ms
DEBUG 04-24 11:15:46.175425.175425 cuda_h.py:27] end sllm_worker_task cost 13.031 ms
DEBUG 04-24 11:15:46.177186.177186 cuda_h.py:27] end load_into_gpu_async_fused_experts_dual cost 8.412 ms
DEBUG 04-24 11:15:46.178053.178053 cuda_h.py:27] end restore_tensors2_fused_experts_packed cost 0.292 ms
DEBUG 04-24 11:15:46.179307.179307 cuda_h.py:27] end restore_tensors2_fused_experts_slices cost 0.580 ms
DEBUG 04-24 11:15:46.179446.179446 cuda_h.py:27] end allocate_experts_cuda_memory_and_restore_model_multi_device_fused cost 11.871 ms
DEBUG 04-24 11:15:46.179382.179382 cuda_h.py:27] end gpu_sexperts cost 0.011 ms
DEBUG 04-24 11:15:46.179055.179055 cuda_h.py:27] end wait_load_qkvogn_s_weight cost 0.029 ms
DEBUG 04-24 11:15:46.179490.179490 mlpmodule.py:3373] [fused_group_bmm][steps] bmm1=4.967 ms split=0.195 ms act_mul=0.550 ms bmm2=3.355 ms
DEBUG 04-24 11:15:46.179125.179125 cuda_h.py:27] end fused_group_bmm cost 9.288 ms
DEBUG 04-24 11:15:46.180365.180365 cuda_h.py:27] end gather_outputs_group_fused_mp cost 0.432 ms
DEBUG 04-24 11:15:46.181832.181832 cuda_h.py:27] end cpu_experts_worker_bmm_or_einsum_0 cost 13.933 ms
DEBUG 04-24 11:15:46.184266.184266 mlpmodule.py:3373] [fused_group_bmm][steps] bmm1=8.273 ms split=0.118 ms act_mul=0.441 ms bmm2=3.706 ms
DEBUG 04-24 11:15:46.185003.185003 cuda_h.py:27] end fused_group_bmm cost 12.841 ms
DEBUG 04-24 11:15:46.185006.185006 cuda_h.py:27] end gather_outputs_group_fused_mp cost 0.606 ms
DEBUG 04-24 11:15:46.186951.186951 cuda_h.py:27] end cpu_experts_worker_bmm_or_einsum_1 cost 18.201 ms
DEBUG 04-24 11:15:46.186116.186116 mlpmodule.py:3373] [fused_group_bmm][steps] bmm1=7.956 ms split=0.130 ms act_mul=0.497 ms bmm2=5.175 ms
DEBUG 04-24 11:15:46.187740.187740 cuda_h.py:27] end fused_group_bmm cost 14.051 ms
DEBUG 04-24 11:15:46.187209.187209 cuda_h.py:27] end gather_outputs_group_fused_mp cost 0.485 ms
DEBUG 04-24 11:15:46.188171.188171 mlpmodule.py:3373] [fused_group_bmm][steps] bmm1=8.570 ms split=0.158 ms act_mul=0.517 ms bmm2=5.670 ms
DEBUG 04-24 11:15:46.188625.188625 cuda_h.py:27] end cpu_experts_worker_bmm_or_einsum_2 cost 20.141 ms
DEBUG 04-24 11:15:46.188793.188793 cuda_h.py:27] end fused_group_bmm cost 15.126 ms
DEBUG 04-24 11:15:46.188053.188053 cuda_h.py:27] end gather_outputs_group_fused_mp cost 0.393 ms
DEBUG 04-24 11:15:46.189891.189891 cuda_h.py:27] end cpu_experts_worker_bmm_or_einsum_3 cost 21.160 ms
DEBUG 04-24 11:15:46.196729.196729 cuda_h.py:27] end prepare_per_device_parameters cost 16.323 ms
DEBUG 04-24 11:15:46.197518.197518 cuda_h.py:27] end cpu_experts_scatter_reduce cost 0.613 ms
DEBUG 04-24 11:15:46.197183.197183 cuda_h.py:27] end cpu_thread_manager_mp_wait_fused cost 1.635 ms
DEBUG 04-24 11:15:46.199194.199194 cuda_h.py:27] end wait_experts_multi_device cost 1.473 ms
DEBUG 04-24 11:15:46.199788.199788 cuda_h.py:27] end *before fused experts* cost 31.961 ms
DEBUG 04-24 11:15:46.204238.204238 cuda_h.py:27] end gpu_experts_multi_device_fused cost 4.763 ms
DEBUG 04-24 11:15:46.204757.204757 cuda_h.py:27] end *gpu experts* cost 37.178 ms
DEBUG 04-24 11:15:46.204402.204402 cuda_h.py:27] end layer_moe_generate_mp_multi_device_fused_l_3 cost 40.095 ms
DEBUG 04-24 11:15:46.206399.206399 cuda_h.py:27] end *mlp cost 41.391 ms
DEBUG 04-24 11:15:46.206190.206190 cuda_h.py:27] end prefill_layer cost 43.923 ms
DEBUG 04-24 11:15:46.206370.206370 lmp.py:341] -------------------------------- end prefill layer 2 --------------------------------
DEBUG 04-24 11:15:46.206793.206793 lmp.py:294] -------------------------------- start prefill layer 3 --------------------------------
DEBUG 04-24 11:15:46.206988.206988 cuda_h.py:27] end start_load_qkvogn_s_weight_l_4 cost 0.040 ms
DEBUG 04-24 11:15:46.207508.207508 cuda_h.py:27] end allocate_cuda_memory cost 0.195 ms
DEBUG 04-24 11:15:46.207772.207772 sllm_store_c.py:27] get device uuid map
DEBUG 04-24 11:15:46.207890.207890 sllm_store_c.py:29] call client load into gpu
DEBUG 04-24 11:15:46.208220.208220 cuda_h.py:27] end load_into_gpu_async cost 1.699 ms
DEBUG 04-24 11:15:46.208646.208646 cuda_h.py:27] end **self_attn cost 1.488 ms
DEBUG 04-24 11:15:46.209597.209597 cuda_h.py:27] end restore_tensors2 cost 0.098 ms
DEBUG 04-24 11:15:46.209056.209056 cuda_h.py:27] end *iln_self_attn_paln cost 2.868 ms
DEBUG 04-24 11:15:46.209865.209865 cuda_h.py:27] end allocate_cuda_memory_and_load_into_gpu cost 2.792 ms
DEBUG 04-24 11:15:46.210775.210775 cuda_h.py:27] end gate cost 0.695 ms
DEBUG 04-24 11:15:46.210516.210516 cuda_h.py:27] end experts_map_get cost 0.283 ms
DEBUG 04-24 11:15:46.210776.210776 cuda_h.py:27] end *before experts start* cost 1.128 ms
DEBUG 04-24 11:15:46.211063.211063 cuda_h.py:27] end cpu_experts_submit_fused_mp cost 0.219 ms
DEBUG 04-24 11:15:46.212042.212042 cuda_h.py:27] end *single cpu experts* cost 1.568 ms
DEBUG 04-24 11:15:46.213104.213104 cuda_h.py:27] end prepare_group_stack cost 0.515 ms
DEBUG 04-24 11:15:46.213634.213634 cuda_h.py:27] end prepare_group_stack cost 0.454 ms
DEBUG 04-24 11:15:46.214006.214006 cuda_h.py:27] end group stack cost 0.927 ms
DEBUG 04-24 11:15:46.214053.214053 cuda_h.py:27] end prepare_group_stack cost 0.529 ms
DEBUG 04-24 11:15:46.215440.215440 cuda_h.py:27] end group stack cost 1.061 ms
DEBUG 04-24 11:15:46.215025.215025 cuda_h.py:27] end move_flatidxs_group_fused_mp cost 1.677 ms
DEBUG 04-24 11:15:46.215714.215714 cuda_h.py:27] end prepare_group_stack cost 0.626 ms
DEBUG 04-24 11:15:46.215042.215042 sllm_store_c.py:27] get device uuid map
DEBUG 04-24 11:15:46.215353.215353 cuda_h.py:27] end move_flatidxs_group_fused_mp cost 2.051 ms
DEBUG 04-24 11:15:46.215049.215049 cuda_h.py:27] end get_fused_experts_names_w cost 0.028 ms
DEBUG 04-24 11:15:46.215437.215437 sllm_store_c.py:29] call client load into gpu
DEBUG 04-24 11:15:46.215074.215074 cuda_h.py:27] end get_fused_experts_names_w cost 0.042 ms
DEBUG 04-24 11:15:46.216226.216226 cuda_h.py:27] end restore_fused_tensors cost 0.627 ms
DEBUG 04-24 11:15:46.216229.216229 cuda_h.py:27] end group_fused_tensors_mp cost 0.897 ms
DEBUG 04-24 11:15:46.216182.216182 cuda_h.py:27] end group stack cost 1.368 ms
DEBUG 04-24 11:15:46.216535.216535 cuda_h.py:27] end restore_fused_tensors cost 0.869 ms
DEBUG 04-24 11:15:46.216662.216662 cuda_h.py:27] end group_fused_tensors_mp cost 1.327 ms
DEBUG 04-24 11:15:46.216921.216921 cuda_h.py:27] end move_flatidxs_group_fused_mp cost 2.353 ms
DEBUG 04-24 11:15:46.217166.217166 cuda_h.py:27] end get_fused_experts_names_w cost 0.024 ms
DEBUG 04-24 11:15:46.217365.217365 cuda_h.py:27] end group stack cost 1.688 ms
DEBUG 04-24 11:15:46.217207.217207 cuda_h.py:27] end move_flatidxs_group_fused_mp cost 2.913 ms
DEBUG 04-24 11:15:46.217131.217131 cuda_h.py:27] end get_fused_experts_names_w cost 0.047 ms
DEBUG 04-24 11:15:46.218639.218639 cuda_h.py:27] end restore_fused_tensors cost 0.718 ms
DEBUG 04-24 11:15:46.218223.218223 cuda_h.py:27] end group_fused_tensors_mp cost 1.334 ms
DEBUG 04-24 11:15:46.218219.218219 cuda_h.py:27] end restore_fused_tensors cost 0.979 ms
DEBUG 04-24 11:15:46.219938.219938 cuda_h.py:27] end group_fused_tensors_mp cost 1.424 ms
DEBUG 04-24 11:15:46.220817.220817 cuda_h.py:27] end restore2model cost 2.647 ms
DEBUG 04-24 11:15:46.220304.220304 cuda_h.py:27] end sllm_worker_task cost 13.905 ms
DEBUG 04-24 11:15:46.221540.221540 cuda_h.py:27] end load_into_gpu_async_fused_experts_dual cost 6.361 ms
DEBUG 04-24 11:15:46.221671.221671 cuda_h.py:27] end restore_tensors2_fused_experts_packed cost 0.211 ms
DEBUG 04-24 11:15:46.222652.222652 cuda_h.py:27] end restore_tensors2_fused_experts_slices cost 0.414 ms
DEBUG 04-24 11:15:46.222677.222677 cuda_h.py:27] end allocate_experts_cuda_memory_and_restore_model_multi_device_fused cost 10.202 ms
DEBUG 04-24 11:15:46.222658.222658 cuda_h.py:27] end gpu_sexperts cost 0.016 ms
DEBUG 04-24 11:15:46.223827.223827 cuda_h.py:27] end wait_load_qkvogn_s_weight cost 0.038 ms
DEBUG 04-24 11:15:46.227011.227011 mlpmodule.py:3373] [fused_group_bmm][steps] bmm1=6.209 ms split=0.164 ms act_mul=0.511 ms bmm2=3.351 ms
DEBUG 04-24 11:15:46.227603.227603 cuda_h.py:27] end fused_group_bmm cost 10.784 ms
DEBUG 04-24 11:15:46.228490.228490 cuda_h.py:27] end gather_outputs_group_fused_mp cost 0.528 ms
DEBUG 04-24 11:15:46.229689.229689 cuda_h.py:27] end cpu_experts_worker_bmm_or_einsum_0 cost 16.608 ms
DEBUG 04-24 11:15:46.229237.229237 mlpmodule.py:3373] [fused_group_bmm][steps] bmm1=7.783 ms split=0.133 ms act_mul=0.405 ms bmm2=4.012 ms
DEBUG 04-24 11:15:46.229074.229074 cuda_h.py:27] end fused_group_bmm cost 12.845 ms
DEBUG 04-24 11:15:46.230617.230617 cuda_h.py:27] end gather_outputs_group_fused_mp cost 0.573 ms
DEBUG 04-24 11:15:46.230111.230111 cuda_h.py:27] end cpu_experts_worker_bmm_or_einsum_1 cost 18.352 ms
DEBUG 04-24 11:15:46.232512.232512 mlpmodule.py:3373] [fused_group_bmm][steps] bmm1=8.908 ms split=0.200 ms act_mul=0.454 ms bmm2=4.394 ms
DEBUG 04-24 11:15:46.232571.232571 cuda_h.py:27] end fused_group_bmm cost 14.168 ms
DEBUG 04-24 11:15:46.233831.233831 cuda_h.py:27] end gather_outputs_group_fused_mp cost 0.395 ms
DEBUG 04-24 11:15:46.233013.233013 cuda_h.py:27] end cpu_experts_worker_bmm_or_einsum_3 cost 20.169 ms
DEBUG 04-24 11:15:46.237555.237555 cuda_h.py:27] end prepare_per_device_parameters cost 14.660 ms
DEBUG 04-24 11:15:46.239970.239970 mlpmodule.py:3373] [fused_group_bmm][steps] bmm1=14.184 ms split=0.411 ms act_mul=0.536 ms bmm2=4.596 ms
DEBUG 04-24 11:15:46.239178.239178 cuda_h.py:27] end fused_group_bmm cost 20.350 ms
DEBUG 04-24 11:15:46.240226.240226 cuda_h.py:27] end gather_outputs_group_fused_mp cost 0.802 ms
DEBUG 04-24 11:15:46.241026.241026 cuda_h.py:27] end cpu_experts_worker_bmm_or_einsum_2 cost 28.236 ms
DEBUG 04-24 11:15:46.244280.244280 cuda_h.py:27] end cpu_experts_scatter_reduce cost 1.847 ms
DEBUG 04-24 11:15:46.244228.244228 cuda_h.py:27] end cpu_thread_manager_mp_wait_fused cost 6.476 ms
DEBUG 04-24 11:15:46.246829.246829 cuda_h.py:27] end wait_experts_multi_device cost 1.709 ms
DEBUG 04-24 11:15:46.246026.246026 cuda_h.py:27] end *before fused experts* cost 34.087 ms
DEBUG 04-24 11:15:46.252439.252439 cuda_h.py:27] end gpu_experts_multi_device_fused cost 5.900 ms
DEBUG 04-24 11:15:46.252350.252350 cuda_h.py:27] end *gpu experts* cost 40.198 ms
DEBUG 04-24 11:15:46.252472.252472 cuda_h.py:27] end layer_moe_generate_mp_multi_device_fused_l_4 cost 43.062 ms
DEBUG 04-24 11:15:46.254684.254684 cuda_h.py:27] end *mlp cost 44.453 ms
DEBUG 04-24 11:15:46.254900.254900 cuda_h.py:27] end prefill_layer cost 47.689 ms
DEBUG 04-24 11:15:46.254080.254080 lmp.py:341] -------------------------------- end prefill layer 3 --------------------------------
DEBUG 04-24 11:15:46.254206.254206 lmp.py:294] -------------------------------- start prefill layer 4 --------------------------------
DEBUG 04-24 11:15:46.254838.254838 cuda_h.py:27] end start_load_qkvogn_s_weight_l_5 cost 0.044 ms
DEBUG 04-24 11:15:46.254671.254671 cuda_h.py:27] end allocate_cuda_memory cost 0.238 ms
DEBUG 04-24 11:15:46.255764.255764 sllm_store_c.py:27] get device uuid map
DEBUG 04-24 11:15:46.255632.255632 sllm_store_c.py:29] call client load into gpu
DEBUG 04-24 11:15:46.256431.256431 cuda_h.py:27] end **self_attn cost 1.230 ms
DEBUG 04-24 11:15:46.257445.257445 cuda_h.py:27] end *iln_self_attn_paln cost 2.749 ms
DEBUG 04-24 11:15:46.257072.257072 cuda_h.py:27] end load_into_gpu_async cost 2.476 ms
DEBUG 04-24 11:15:46.257791.257791 cuda_h.py:27] end restore_tensors2 cost 0.100 ms
DEBUG 04-24 11:15:46.258046.258046 cuda_h.py:27] end allocate_cuda_memory_and_load_into_gpu cost 3.579 ms
DEBUG 04-24 11:15:46.258294.258294 cuda_h.py:27] end gate cost 0.945 ms
DEBUG 04-24 11:15:46.259467.259467 cuda_h.py:27] end experts_map_get cost 0.322 ms
DEBUG 04-24 11:15:46.259065.259065 cuda_h.py:27] end *before experts start* cost 1.418 ms
DEBUG 04-24 11:15:46.259795.259795 cuda_h.py:27] end cpu_experts_submit_fused_mp cost 0.229 ms
DEBUG 04-24 11:15:46.261744.261744 cuda_h.py:27] end *single cpu experts* cost 2.029 ms
DEBUG 04-24 11:15:46.262632.262632 cuda_h.py:27] end prepare_group_stack cost 0.767 ms
DEBUG 04-24 11:15:46.262606.262606 cuda_h.py:27] end prepare_group_stack cost 0.692 ms
DEBUG 04-24 11:15:46.263554.263554 cuda_h.py:27] end prepare_group_stack cost 0.658 ms
DEBUG 04-24 11:15:46.263702.263702 cuda_h.py:27] end prepare_group_stack cost 0.723 ms
DEBUG 04-24 11:15:46.264497.264497 cuda_h.py:27] end group stack cost 1.221 ms
DEBUG 04-24 11:15:46.264679.264679 cuda_h.py:27] end move_flatidxs_group_fused_mp cost 2.195 ms
DEBUG 04-24 11:15:46.264836.264836 cuda_h.py:27] end get_fused_experts_names_w cost 0.061 ms
DEBUG 04-24 11:15:46.264523.264523 sllm_store_c.py:27] get device uuid map
DEBUG 04-24 11:15:46.264104.264104 cuda_h.py:27] end group stack cost 1.653 ms
DEBUG 04-24 11:15:46.264365.264365 sllm_store_c.py:29] call client load into gpu
DEBUG 04-24 11:15:46.264689.264689 cuda_h.py:27] end group stack cost 1.664 ms
DEBUG 04-24 11:15:46.264321.264321 cuda_h.py:27] end move_flatidxs_group_fused_mp cost 2.693 ms
DEBUG 04-24 11:15:46.265358.265358 cuda_h.py:27] end get_fused_experts_names_w cost 0.030 ms
DEBUG 04-24 11:15:46.265054.265054 cuda_h.py:27] end move_flatidxs_group_fused_mp cost 2.951 ms
DEBUG 04-24 11:15:46.265157.265157 cuda_h.py:27] end restore_fused_tensors cost 0.567 ms
DEBUG 04-24 11:15:46.265918.265918 cuda_h.py:27] end group_fused_tensors_mp cost 1.154 ms
DEBUG 04-24 11:15:46.265171.265171 cuda_h.py:27] end get_fused_experts_names_w cost 0.040 ms
DEBUG 04-24 11:15:46.266477.266477 cuda_h.py:27] end restore_fused_tensors cost 0.719 ms
DEBUG 04-24 11:15:46.266903.266903 cuda_h.py:27] end group stack cost 2.279 ms
DEBUG 04-24 11:15:46.266606.266606 cuda_h.py:27] end restore_fused_tensors cost 0.573 ms
DEBUG 04-24 11:15:46.268141.268141 cuda_h.py:27] end group_fused_tensors_mp cost 2.858 ms
DEBUG 04-24 11:15:46.268302.268302 cuda_h.py:27] end group_fused_tensors_mp cost 2.570 ms
DEBUG 04-24 11:15:46.268411.268411 cuda_h.py:27] end move_flatidxs_group_fused_mp cost 5.477 ms
DEBUG 04-24 11:15:46.268463.268463 cuda_h.py:27] end get_fused_experts_names_w cost 0.049 ms
DEBUG 04-24 11:15:46.269965.269965 cuda_h.py:27] end restore2model cost 1.586 ms
DEBUG 04-24 11:15:46.270386.270386 cuda_h.py:27] end sllm_worker_task cost 15.520 ms
DEBUG 04-24 11:15:46.270032.270032 cuda_h.py:27] end restore_fused_tensors cost 1.275 ms
DEBUG 04-24 11:15:46.270983.270983 cuda_h.py:27] end group_fused_tensors_mp cost 2.124 ms
DEBUG 04-24 11:15:46.271367.271367 cuda_h.py:27] end load_into_gpu_async_fused_experts_dual cost 6.835 ms
DEBUG 04-24 11:15:46.273819.273819 cuda_h.py:27] end restore_tensors2_fused_experts_packed cost 0.280 ms
DEBUG 04-24 11:15:46.274311.274311 cuda_h.py:27] end restore_tensors2_fused_experts_slices cost 0.959 ms
DEBUG 04-24 11:15:46.274279.274279 cuda_h.py:27] end allocate_experts_cuda_memory_and_restore_model_multi_device_fused cost 13.661 ms
DEBUG 04-24 11:15:46.275910.275910 cuda_h.py:27] end gpu_sexperts cost 0.017 ms
DEBUG 04-24 11:15:46.275975.275975 cuda_h.py:27] end wait_load_qkvogn_s_weight cost 0.068 ms
DEBUG 04-24 11:15:46.282629.282629 mlpmodule.py:3373] [fused_group_bmm][steps] bmm1=7.321 ms split=0.179 ms act_mul=0.475 ms bmm2=8.423 ms
DEBUG 04-24 11:15:46.282533.282533 cuda_h.py:27] end fused_group_bmm cost 16.769 ms
DEBUG 04-24 11:15:46.282481.282481 mlpmodule.py:3373] [fused_group_bmm][steps] bmm1=7.103 ms split=0.277 ms act_mul=0.463 ms bmm2=6.626 ms
DEBUG 04-24 11:15:46.282778.282778 mlpmodule.py:3373] [fused_group_bmm][steps] bmm1=8.896 ms split=0.162 ms act_mul=0.562 ms bmm2=4.806 ms
DEBUG 04-24 11:15:46.283034.283034 cuda_h.py:27] end fused_group_bmm cost 14.802 ms
DEBUG 04-24 11:15:46.283208.283208 cuda_h.py:27] end fused_group_bmm cost 14.828 ms
DEBUG 04-24 11:15:46.283494.283494 cuda_h.py:27] end gather_outputs_group_fused_mp cost 0.550 ms
DEBUG 04-24 11:15:46.283205.283205 cuda_h.py:27] end gather_outputs_group_fused_mp cost 0.550 ms
DEBUG 04-24 11:15:46.283597.283597 cuda_h.py:27] end cpu_experts_worker_bmm_or_einsum_2 cost 22.382 ms
DEBUG 04-24 11:15:46.283057.283057 cuda_h.py:27] end gather_outputs_group_fused_mp cost 0.640 ms
DEBUG 04-24 11:15:46.284636.284636 cuda_h.py:27] end cpu_experts_worker_bmm_or_einsum_3 cost 22.640 ms
DEBUG 04-24 11:15:46.284831.284831 cuda_h.py:27] end cpu_experts_worker_bmm_or_einsum_0 cost 23.444 ms
DEBUG 04-24 11:15:46.286829.286829 mlpmodule.py:3373] [fused_group_bmm][steps] bmm1=10.047 ms split=0.246 ms act_mul=0.508 ms bmm2=4.268 ms
DEBUG 04-24 11:15:46.286307.286307 cuda_h.py:27] end fused_group_bmm cost 15.354 ms
DEBUG 04-24 11:15:46.287847.287847 cuda_h.py:27] end gather_outputs_group_fused_mp cost 0.556 ms
DEBUG 04-24 11:15:46.287315.287315 cuda_h.py:27] end cpu_experts_worker_bmm_or_einsum_1 cost 25.560 ms
DEBUG 04-24 11:15:46.290256.290256 cuda_h.py:27] end prepare_per_device_parameters cost 14.939 ms
DEBUG 04-24 11:15:46.292298.292298 cuda_h.py:27] end cpu_experts_scatter_reduce cost 0.783 ms
DEBUG 04-24 11:15:46.292500.292500 cuda_h.py:27] end cpu_thread_manager_mp_wait_fused cost 1.810 ms
DEBUG 04-24 11:15:46.293731.293731 cuda_h.py:27] end wait_experts_multi_device cost 1.325 ms
DEBUG 04-24 11:15:46.293282.293282 cuda_h.py:27] end *before fused experts* cost 32.570 ms
DEBUG 04-24 11:15:46.298950.298950 cuda_h.py:27] end gpu_experts_multi_device_fused cost 4.667 ms
DEBUG 04-24 11:15:46.298059.298059 cuda_h.py:27] end *gpu experts* cost 37.356 ms
DEBUG 04-24 11:15:46.298061.298061 cuda_h.py:27] end layer_moe_generate_mp_multi_device_fused_l_5 cost 41.057 ms
DEBUG 04-24 11:15:46.299792.299792 cuda_h.py:27] end *mlp cost 42.335 ms
DEBUG 04-24 11:15:46.300398.300398 cuda_h.py:27] end prefill_layer cost 45.680 ms
DEBUG 04-24 11:15:46.300293.300293 lmp.py:341] -------------------------------- end prefill layer 4 --------------------------------
DEBUG 04-24 11:15:46.300089.300089 lmp.py:294] -------------------------------- start prefill layer 5 --------------------------------
DEBUG 04-24 11:15:46.300105.300105 cuda_h.py:27] end start_load_qkvogn_s_weight_l_6 cost 0.046 ms
DEBUG 04-24 11:15:46.300861.300861 cuda_h.py:27] end allocate_cuda_memory cost 0.263 ms
DEBUG 04-24 11:15:46.301113.301113 sllm_store_c.py:27] get device uuid map
DEBUG 04-24 11:15:46.301220.301220 sllm_store_c.py:29] call client load into gpu
DEBUG 04-24 11:15:46.302117.302117 cuda_h.py:27] end load_into_gpu_async cost 1.895 ms
DEBUG 04-24 11:15:46.303031.303031 cuda_h.py:27] end restore_tensors2 cost 0.110 ms
DEBUG 04-24 11:15:46.303857.303857 cuda_h.py:27] end allocate_cuda_memory_and_load_into_gpu cost 2.800 ms
DEBUG 04-24 11:15:46.303911.303911 cuda_h.py:27] end **self_attn cost 2.158 ms
DEBUG 04-24 11:15:46.303311.303311 cuda_h.py:27] end *iln_self_attn_paln cost 3.435 ms
DEBUG 04-24 11:15:46.304668.304668 cuda_h.py:27] end gate cost 0.505 ms
DEBUG 04-24 11:15:46.304569.304569 cuda_h.py:27] end experts_map_get cost 0.300 ms
DEBUG 04-24 11:15:46.304637.304637 cuda_h.py:27] end *before experts start* cost 0.948 ms
DEBUG 04-24 11:15:46.305492.305492 cuda_h.py:27] end cpu_experts_submit_fused_mp cost 0.218 ms
DEBUG 04-24 11:15:46.306297.306297 cuda_h.py:27] end *single cpu experts* cost 1.508 ms
DEBUG 04-24 11:15:46.308261.308261 cuda_h.py:27] end prepare_group_stack cost 0.422 ms
DEBUG 04-24 11:15:46.308710.308710 cuda_h.py:27] end prepare_group_stack cost 0.543 ms
DEBUG 04-24 11:15:46.308619.308619 cuda_h.py:27] end prepare_group_stack cost 0.533 ms
DEBUG 04-24 11:15:46.308913.308913 sllm_store_c.py:27] get device uuid map
DEBUG 04-24 11:15:46.308189.308189 sllm_store_c.py:29] call client load into gpu
DEBUG 04-24 11:15:46.308898.308898 cuda_h.py:27] end group stack cost 0.718 ms
DEBUG 04-24 11:15:46.309290.309290 cuda_h.py:27] end move_flatidxs_group_fused_mp cost 1.478 ms
DEBUG 04-24 11:15:46.309409.309409 cuda_h.py:27] end get_fused_experts_names_w cost 0.036 ms
DEBUG 04-24 11:15:46.309492.309492 cuda_h.py:27] end group stack cost 0.957 ms
DEBUG 04-24 11:15:46.309320.309320 cuda_h.py:27] end prepare_group_stack cost 0.663 ms
DEBUG 04-24 11:15:46.309642.309642 cuda_h.py:27] end move_flatidxs_group_fused_mp cost 1.880 ms
DEBUG 04-24 11:15:46.309416.309416 cuda_h.py:27] end get_fused_experts_names_w cost 0.027 ms
DEBUG 04-24 11:15:46.309881.309881 cuda_h.py:27] end group stack cost 1.251 ms
DEBUG 04-24 11:15:46.309846.309846 cuda_h.py:27] end move_flatidxs_group_fused_mp cost 2.193 ms
DEBUG 04-24 11:15:46.310787.310787 cuda_h.py:27] end get_fused_experts_names_w cost 0.032 ms
DEBUG 04-24 11:15:46.310240.310240 cuda_h.py:27] end restore_fused_tensors cost 0.722 ms
DEBUG 04-24 11:15:46.310746.310746 cuda_h.py:27] end group_fused_tensors_mp cost 1.026 ms
DEBUG 04-24 11:15:46.310162.310162 cuda_h.py:27] end restore_fused_tensors cost 0.603 ms
DEBUG 04-24 11:15:46.310535.310535 cuda_h.py:27] end group_fused_tensors_mp cost 0.996 ms
DEBUG 04-24 11:15:46.311502.311502 cuda_h.py:27] end restore_fused_tensors cost 0.821 ms
DEBUG 04-24 11:15:46.311505.311505 cuda_h.py:27] end group_fused_tensors_mp cost 1.128 ms
DEBUG 04-24 11:15:46.311258.311258 cuda_h.py:27] end group stack cost 1.618 ms
DEBUG 04-24 11:15:46.311715.311715 cuda_h.py:27] end move_flatidxs_group_fused_mp cost 3.028 ms
DEBUG 04-24 11:15:46.312829.312829 cuda_h.py:27] end get_fused_experts_names_w cost 0.135 ms
DEBUG 04-24 11:15:46.312868.312868 cuda_h.py:27] end load_into_gpu_async_fused_experts_dual cost 4.114 ms
DEBUG 04-24 11:15:46.313863.313863 cuda_h.py:27] end restore_fused_tensors cost 0.938 ms
DEBUG 04-24 11:15:46.313629.313629 cuda_h.py:27] end group_fused_tensors_mp cost 1.682 ms
DEBUG 04-24 11:15:46.313921.313921 cuda_h.py:27] end restore_tensors2_fused_experts_packed cost 0.240 ms
DEBUG 04-24 11:15:46.313511.313511 cuda_h.py:27] end restore2model cost 3.611 ms
DEBUG 04-24 11:15:46.314500.314500 cuda_h.py:27] end restore_tensors2_fused_experts_slices cost 0.564 ms
DEBUG 04-24 11:15:46.314161.314161 cuda_h.py:27] end sllm_worker_task cost 14.256 ms
DEBUG 04-24 11:15:46.315010.315010 cuda_h.py:27] end allocate_experts_cuda_memory_and_restore_model_multi_device_fused cost 8.738 ms
DEBUG 04-24 11:15:46.315154.315154 cuda_h.py:27] end gpu_sexperts cost 0.019 ms
DEBUG 04-24 11:15:46.315681.315681 cuda_h.py:27] end wait_load_qkvogn_s_weight cost 0.037 ms
DEBUG 04-24 11:15:46.321765.321765 mlpmodule.py:3373] [fused_group_bmm][steps] bmm1=5.767 ms split=0.146 ms act_mul=0.673 ms bmm2=4.121 ms
DEBUG 04-24 11:15:46.321037.321037 cuda_h.py:27] end fused_group_bmm cost 11.170 ms
DEBUG 04-24 11:15:46.322845.322845 cuda_h.py:27] end gather_outputs_group_fused_mp cost 0.739 ms
DEBUG 04-24 11:15:46.323131.323131 cuda_h.py:27] end cpu_experts_worker_bmm_or_einsum_0 cost 16.801 ms
DEBUG 04-24 11:15:46.323352.323352 mlpmodule.py:3373] [fused_group_bmm][steps] bmm1=7.752 ms split=0.215 ms act_mul=0.457 ms bmm2=4.511 ms
DEBUG 04-24 11:15:46.324745.324745 cuda_h.py:27] end fused_group_bmm cost 13.228 ms
DEBUG 04-24 11:15:46.324846.324846 cuda_h.py:27] end gather_outputs_group_fused_mp cost 0.566 ms
DEBUG 04-24 11:15:46.325161.325161 cuda_h.py:27] end cpu_experts_worker_bmm_or_einsum_1 cost 18.871 ms
DEBUG 04-24 11:15:46.326108.326108 mlpmodule.py:3373] [fused_group_bmm][steps] bmm1=9.515 ms split=0.270 ms act_mul=0.513 ms bmm2=4.701 ms
DEBUG 04-24 11:15:46.326413.326413 cuda_h.py:27] end fused_group_bmm cost 15.258 ms
DEBUG 04-24 11:15:46.327790.327790 cuda_h.py:27] end gather_outputs_group_fused_mp cost 0.443 ms
DEBUG 04-24 11:15:46.327556.327556 cuda_h.py:27] end cpu_experts_worker_bmm_or_einsum_2 cost 21.351 ms
DEBUG 04-24 11:15:46.329852.329852 mlpmodule.py:3373] [fused_group_bmm][steps] bmm1=11.038 ms split=0.103 ms act_mul=0.270 ms bmm2=4.481 ms
DEBUG 04-24 11:15:46.330871.330871 cuda_h.py:27] end fused_group_bmm cost 16.116 ms
DEBUG 04-24 11:15:46.330455.330455 cuda_h.py:27] end gather_outputs_group_fused_mp cost 0.385 ms
DEBUG 04-24 11:15:46.331665.331665 cuda_h.py:27] end cpu_experts_worker_bmm_or_einsum_3 cost 23.362 ms
DEBUG 04-24 11:15:46.332090.332090 cuda_h.py:27] end prepare_per_device_parameters cost 16.650 ms
DEBUG 04-24 11:15:46.334949.334949 cuda_h.py:27] end cpu_experts_scatter_reduce cost 0.743 ms
DEBUG 04-24 11:15:46.334727.334727 cuda_h.py:27] end cpu_thread_manager_mp_wait_fused cost 1.893 ms
DEBUG 04-24 11:15:46.335586.335586 cuda_h.py:27] end wait_experts_multi_device cost 1.293 ms
DEBUG 04-24 11:15:46.335489.335489 cuda_h.py:27] end *before fused experts* cost 29.397 ms
DEBUG 04-24 11:15:46.339765.339765 cuda_h.py:27] end gpu_experts_multi_device_fused cost 4.064 ms
DEBUG 04-24 11:15:46.340629.340629 cuda_h.py:27] end *gpu experts* cost 33.574 ms
DEBUG 04-24 11:15:46.340154.340154 cuda_h.py:27] end layer_moe_generate_mp_multi_device_fused_l_6 cost 36.195 ms
DEBUG 04-24 11:15:46.341386.341386 cuda_h.py:27] end *mlp cost 37.770 ms
DEBUG 04-24 11:15:46.341257.341257 cuda_h.py:27] end prefill_layer cost 41.415 ms
DEBUG 04-24 11:15:46.341722.341722 lmp.py:341] -------------------------------- end prefill layer 5 --------------------------------
DEBUG 04-24 11:15:46.341372.341372 lmp.py:294] -------------------------------- start prefill layer 6 --------------------------------
DEBUG 04-24 11:15:46.341666.341666 cuda_h.py:27] end start_load_qkvogn_s_weight_l_7 cost 0.043 ms
DEBUG 04-24 11:15:46.342088.342088 cuda_h.py:27] end allocate_cuda_memory cost 0.196 ms
DEBUG 04-24 11:15:46.342071.342071 sllm_store_c.py:27] get device uuid map
DEBUG 04-24 11:15:46.342185.342185 sllm_store_c.py:29] call client load into gpu
DEBUG 04-24 11:15:46.343859.343859 cuda_h.py:27] end load_into_gpu_async cost 1.561 ms
DEBUG 04-24 11:15:46.344115.344115 cuda_h.py:27] end restore_tensors2 cost 0.090 ms
DEBUG 04-24 11:15:46.344800.344800 cuda_h.py:27] end allocate_cuda_memory_and_load_into_gpu cost 2.150 ms
DEBUG 04-24 11:15:46.344863.344863 cuda_h.py:27] end **self_attn cost 1.620 ms
DEBUG 04-24 11:15:46.344205.344205 cuda_h.py:27] end *iln_self_attn_paln cost 2.694 ms
DEBUG 04-24 11:15:46.345536.345536 cuda_h.py:27] end gate cost 0.525 ms
DEBUG 04-24 11:15:46.345165.345165 cuda_h.py:27] end experts_map_get cost 0.309 ms
DEBUG 04-24 11:15:46.345001.345001 cuda_h.py:27] end *before experts start* cost 0.982 ms
DEBUG 04-24 11:15:46.345956.345956 cuda_h.py:27] end cpu_experts_submit_fused_mp cost 0.220 ms
DEBUG 04-24 11:15:46.347705.347705 cuda_h.py:27] end *single cpu experts* cost 1.603 ms
DEBUG 04-24 11:15:46.348610.348610 cuda_h.py:27] end prepare_group_stack cost 0.476 ms
DEBUG 04-24 11:15:46.348239.348239 cuda_h.py:27] end group stack cost 0.659 ms
DEBUG 04-24 11:15:46.349534.349534 cuda_h.py:27] end move_flatidxs_group_fused_mp cost 1.397 ms
DEBUG 04-24 11:15:46.349104.349104 cuda_h.py:27] end prepare_group_stack cost 0.509 ms
DEBUG 04-24 11:15:46.349092.349092 cuda_h.py:27] end prepare_group_stack cost 0.495 ms
DEBUG 04-24 11:15:46.349279.349279 cuda_h.py:27] end get_fused_experts_names_w cost 0.027 ms
DEBUG 04-24 11:15:46.350041.350041 cuda_h.py:27] end prepare_group_stack cost 0.554 ms
DEBUG 04-24 11:15:46.350759.350759 cuda_h.py:27] end restore_fused_tensors cost 0.700 ms
DEBUG 04-24 11:15:46.350376.350376 cuda_h.py:27] end group stack cost 0.924 ms
DEBUG 04-24 11:15:46.350530.350530 cuda_h.py:27] end group_fused_tensors_mp cost 0.989 ms
DEBUG 04-24 11:15:46.350318.350318 cuda_h.py:27] end group stack cost 0.969 ms
DEBUG 04-24 11:15:46.350108.350108 sllm_store_c.py:27] get device uuid map
DEBUG 04-24 11:15:46.350120.350120 cuda_h.py:27] end move_flatidxs_group_fused_mp cost 1.975 ms
DEBUG 04-24 11:15:46.350691.350691 cuda_h.py:27] end move_flatidxs_group_fused_mp cost 1.970 ms
DEBUG 04-24 11:15:46.350697.350697 sllm_store_c.py:29] call client load into gpu
DEBUG 04-24 11:15:46.350545.350545 cuda_h.py:27] end get_fused_experts_names_w cost 0.023 ms
DEBUG 04-24 11:15:46.350466.350466 cuda_h.py:27] end get_fused_experts_names_w cost 0.024 ms
DEBUG 04-24 11:15:46.351565.351565 cuda_h.py:27] end group stack cost 1.094 ms
DEBUG 04-24 11:15:46.351177.351177 cuda_h.py:27] end move_flatidxs_group_fused_mp cost 1.868 ms
DEBUG 04-24 11:15:46.351941.351941 cuda_h.py:27] end get_fused_experts_names_w cost 0.022 ms
DEBUG 04-24 11:15:46.351333.351333 cuda_h.py:27] end restore_fused_tensors cost 0.573 ms
DEBUG 04-24 11:15:46.351712.351712 cuda_h.py:27] end restore_fused_tensors cost 0.597 ms
DEBUG 04-24 11:15:46.351182.351182 cuda_h.py:27] end group_fused_tensors_mp cost 1.058 ms
DEBUG 04-24 11:15:46.351772.351772 cuda_h.py:27] end group_fused_tensors_mp cost 1.060 ms
DEBUG 04-24 11:15:46.352895.352895 cuda_h.py:27] end restore_fused_tensors cost 0.540 ms
DEBUG 04-24 11:15:46.352222.352222 cuda_h.py:27] end group_fused_tensors_mp cost 0.899 ms
DEBUG 04-24 11:15:46.352711.352711 cuda_h.py:27] end restore2model cost 1.479 ms
DEBUG 04-24 11:15:46.353441.353441 cuda_h.py:27] end sllm_worker_task cost 11.374 ms
DEBUG 04-24 11:15:46.353175.353175 cuda_h.py:27] end load_into_gpu_async_fused_experts_dual cost 3.529 ms
DEBUG 04-24 11:15:46.354628.354628 cuda_h.py:27] end restore_tensors2_fused_experts_packed cost 0.359 ms
DEBUG 04-24 11:15:46.356383.356383 cuda_h.py:27] end restore_tensors2_fused_experts_slices cost 1.492 ms
DEBUG 04-24 11:15:46.357395.357395 cuda_h.py:27] end allocate_experts_cuda_memory_and_restore_model_multi_device_fused cost 9.821 ms
DEBUG 04-24 11:15:46.357488.357488 cuda_h.py:27] end gpu_sexperts cost 0.020 ms
DEBUG 04-24 11:15:46.357387.357387 cuda_h.py:27] end wait_load_qkvogn_s_weight cost 0.063 ms
DEBUG 04-24 11:15:46.364605.364605 mlpmodule.py:3373] [fused_group_bmm][steps] bmm1=8.550 ms split=0.161 ms act_mul=0.857 ms bmm2=4.597 ms
DEBUG 04-24 11:15:46.365131.365131 cuda_h.py:27] end fused_group_bmm cost 14.495 ms
DEBUG 04-24 11:15:46.365635.365635 cuda_h.py:27] end gather_outputs_group_fused_mp cost 0.555 ms
DEBUG 04-24 11:15:46.366164.366164 cuda_h.py:27] end cpu_experts_worker_bmm_or_einsum_0 cost 19.730 ms
DEBUG 04-24 11:15:46.371833.371833 mlpmodule.py:3373] [fused_group_bmm][steps] bmm1=13.820 ms split=0.118 ms act_mul=0.496 ms bmm2=4.807 ms
DEBUG 04-24 11:15:46.371034.371034 cuda_h.py:27] end fused_group_bmm cost 19.533 ms
DEBUG 04-24 11:15:46.371513.371513 mlpmodule.py:3373] [fused_group_bmm][steps] bmm1=12.673 ms split=0.163 ms act_mul=0.427 ms bmm2=6.339 ms
DEBUG 04-24 11:15:46.371008.371008 cuda_h.py:27] end fused_group_bmm cost 19.964 ms
DEBUG 04-24 11:15:46.372783.372783 mlpmodule.py:3373] [fused_group_bmm][steps] bmm1=12.736 ms split=0.109 ms act_mul=0.306 ms bmm2=6.418 ms
DEBUG 04-24 11:15:46.372505.372505 cuda_h.py:27] end fused_group_bmm cost 19.779 ms
DEBUG 04-24 11:15:46.372133.372133 cuda_h.py:27] end gather_outputs_group_fused_mp cost 0.620 ms
DEBUG 04-24 11:15:46.372273.372273 cuda_h.py:27] end gather_outputs_group_fused_mp cost 0.441 ms
DEBUG 04-24 11:15:46.372148.372148 cuda_h.py:27] end gather_outputs_group_fused_mp cost 0.393 ms
DEBUG 04-24 11:15:46.372116.372116 cuda_h.py:27] end cpu_experts_worker_bmm_or_einsum_1 cost 25.431 ms
DEBUG 04-24 11:15:46.373728.373728 cuda_h.py:27] end cpu_experts_worker_bmm_or_einsum_2 cost 25.513 ms
DEBUG 04-24 11:15:46.373629.373629 cuda_h.py:27] end cpu_experts_worker_bmm_or_einsum_3 cost 24.746 ms
DEBUG 04-24 11:15:46.374096.374096 cuda_h.py:27] end prepare_per_device_parameters cost 16.804 ms
DEBUG 04-24 11:15:46.377769.377769 cuda_h.py:27] end cpu_experts_scatter_reduce cost 0.625 ms
DEBUG 04-24 11:15:46.377148.377148 cuda_h.py:27] end cpu_thread_manager_mp_wait_fused cost 2.254 ms
DEBUG 04-24 11:15:46.378081.378081 cuda_h.py:27] end wait_experts_multi_device cost 1.319 ms
DEBUG 04-24 11:15:46.378156.378156 cuda_h.py:27] end *before fused experts* cost 31.177 ms
DEBUG 04-24 11:15:46.382865.382865 cuda_h.py:27] end gpu_experts_multi_device_fused cost 4.316 ms
DEBUG 04-24 11:15:46.382045.382045 cuda_h.py:27] end *gpu experts* cost 35.590 ms
DEBUG 04-24 11:15:46.382724.382724 cuda_h.py:27] end layer_moe_generate_mp_multi_device_fused_l_7 cost 38.383 ms
DEBUG 04-24 11:15:46.384200.384200 cuda_h.py:27] end *mlp cost 40.136 ms
DEBUG 04-24 11:15:46.384812.384812 cuda_h.py:27] end prefill_layer cost 43.020 ms
DEBUG 04-24 11:15:46.384184.384184 lmp.py:341] -------------------------------- end prefill layer 6 --------------------------------
DEBUG 04-24 11:15:46.384026.384026 lmp.py:294] -------------------------------- start prefill layer 7 --------------------------------
DEBUG 04-24 11:15:46.384704.384704 cuda_h.py:27] end start_load_qkvogn_s_weight_l_8 cost 0.043 ms
DEBUG 04-24 11:15:46.385125.385125 cuda_h.py:27] end allocate_cuda_memory cost 0.157 ms
DEBUG 04-24 11:15:46.385410.385410 sllm_store_c.py:27] get device uuid map
DEBUG 04-24 11:15:46.385482.385482 sllm_store_c.py:29] call client load into gpu
DEBUG 04-24 11:15:46.386648.386648 cuda_h.py:27] end load_into_gpu_async cost 1.368 ms
DEBUG 04-24 11:15:46.387276.387276 cuda_h.py:27] end restore_tensors2 cost 0.096 ms
DEBUG 04-24 11:15:46.387275.387275 cuda_h.py:27] end allocate_cuda_memory_and_load_into_gpu cost 2.106 ms
DEBUG 04-24 11:15:46.387778.387778 cuda_h.py:27] end **self_attn cost 1.662 ms
DEBUG 04-24 11:15:46.387675.387675 cuda_h.py:27] end *iln_self_attn_paln cost 2.731 ms
DEBUG 04-24 11:15:46.388192.388192 cuda_h.py:27] end gate cost 0.546 ms
DEBUG 04-24 11:15:46.388775.388775 cuda_h.py:27] end experts_map_get cost 0.309 ms
DEBUG 04-24 11:15:46.388227.388227 cuda_h.py:27] end *before experts start* cost 1.004 ms
DEBUG 04-24 11:15:46.388349.388349 cuda_h.py:27] end cpu_experts_submit_fused_mp cost 0.237 ms
DEBUG 04-24 11:15:46.390881.390881 cuda_h.py:27] end *single cpu experts* cost 1.497 ms
DEBUG 04-24 11:15:46.391037.391037 cuda_h.py:27] end prepare_group_stack cost 0.459 ms
DEBUG 04-24 11:15:46.392227.392227 cuda_h.py:27] end group stack cost 0.804 ms
DEBUG 04-24 11:15:46.392019.392019 cuda_h.py:27] end move_flatidxs_group_fused_mp cost 1.530 ms
DEBUG 04-24 11:15:46.392280.392280 cuda_h.py:27] end prepare_group_stack cost 0.564 ms
DEBUG 04-24 11:15:46.392963.392963 cuda_h.py:27] end prepare_group_stack cost 0.512 ms
DEBUG 04-24 11:15:46.392871.392871 cuda_h.py:27] end prepare_group_stack cost 0.567 ms
DEBUG 04-24 11:15:46.392579.392579 sllm_store_c.py:27] get device uuid map
DEBUG 04-24 11:15:46.392298.392298 cuda_h.py:27] end get_fused_experts_names_w cost 0.020 ms
DEBUG 04-24 11:15:46.392297.392297 sllm_store_c.py:29] call client load into gpu
DEBUG 04-24 11:15:46.393775.393775 cuda_h.py:27] end restore_fused_tensors cost 0.642 ms
DEBUG 04-24 11:15:46.393259.393259 cuda_h.py:27] end group stack cost 0.816 ms
DEBUG 04-24 11:15:46.393671.393671 cuda_h.py:27] end group_fused_tensors_mp cost 0.899 ms
DEBUG 04-24 11:15:46.393633.393633 cuda_h.py:27] end move_flatidxs_group_fused_mp cost 1.827 ms
DEBUG 04-24 11:15:46.394765.394765 cuda_h.py:27] end get_fused_experts_names_w cost 0.024 ms
DEBUG 04-24 11:15:46.394765.394765 cuda_h.py:27] end group stack cost 1.276 ms
DEBUG 04-24 11:15:46.394090.394090 cuda_h.py:27] end group stack cost 1.280 ms
DEBUG 04-24 11:15:46.394727.394727 cuda_h.py:27] end move_flatidxs_group_fused_mp cost 2.396 ms
DEBUG 04-24 11:15:46.394583.394583 cuda_h.py:27] end move_flatidxs_group_fused_mp cost 2.442 ms
DEBUG 04-24 11:15:46.394427.394427 cuda_h.py:27] end get_fused_experts_names_w cost 0.023 ms
DEBUG 04-24 11:15:46.394077.394077 cuda_h.py:27] end get_fused_experts_names_w cost 0.023 ms
DEBUG 04-24 11:15:46.394136.394136 cuda_h.py:27] end restore_fused_tensors cost 0.590 ms
DEBUG 04-24 11:15:46.394768.394768 cuda_h.py:27] end group_fused_tensors_mp cost 0.907 ms
DEBUG 04-24 11:15:46.395090.395090 cuda_h.py:27] end restore_fused_tensors cost 0.621 ms
DEBUG 04-24 11:15:46.395107.395107 cuda_h.py:27] end group_fused_tensors_mp cost 0.950 ms
DEBUG 04-24 11:15:46.395832.395832 cuda_h.py:27] end restore_fused_tensors cost 0.833 ms
DEBUG 04-24 11:15:46.395155.395155 cuda_h.py:27] end group_fused_tensors_mp cost 1.382 ms
DEBUG 04-24 11:15:46.396487.396487 cuda_h.py:27] end restore2model cost 1.774 ms
DEBUG 04-24 11:15:46.397764.397764 cuda_h.py:27] end load_into_gpu_async_fused_experts_dual cost 4.447 ms
DEBUG 04-24 11:15:46.397324.397324 cuda_h.py:27] end sllm_worker_task cost 12.429 ms
DEBUG 04-24 11:15:46.398897.398897 cuda_h.py:27] end restore_tensors2_fused_experts_packed cost 0.411 ms
DEBUG 04-24 11:15:46.399530.399530 cuda_h.py:27] end restore_tensors2_fused_experts_slices cost 0.698 ms
DEBUG 04-24 11:15:46.400572.400572 cuda_h.py:27] end allocate_experts_cuda_memory_and_restore_model_multi_device_fused cost 9.868 ms
DEBUG 04-24 11:15:46.400178.400178 cuda_h.py:27] end gpu_sexperts cost 0.020 ms
DEBUG 04-24 11:15:46.400036.400036 cuda_h.py:27] end wait_load_qkvogn_s_weight cost 0.063 ms
DEBUG 04-24 11:15:46.407351.407351 mlpmodule.py:3373] [fused_group_bmm][steps] bmm1=8.289 ms split=0.150 ms act_mul=0.646 ms bmm2=4.532 ms
DEBUG 04-24 11:15:46.407520.407520 cuda_h.py:27] end fused_group_bmm cost 13.958 ms
DEBUG 04-24 11:15:46.408641.408641 cuda_h.py:27] end gather_outputs_group_fused_mp cost 0.586 ms
DEBUG 04-24 11:15:46.409929.409929 cuda_h.py:27] end cpu_experts_worker_bmm_or_einsum_0 cost 19.234 ms
DEBUG 04-24 11:15:46.412446.412446 mlpmodule.py:3373] [fused_group_bmm][steps] bmm1=12.628 ms split=0.133 ms act_mul=0.533 ms bmm2=3.995 ms
DEBUG 04-24 11:15:46.413223.413223 cuda_h.py:27] end fused_group_bmm cost 17.584 ms
DEBUG 04-24 11:15:46.413421.413421 mlpmodule.py:3373] [fused_group_bmm][steps] bmm1=11.320 ms split=0.129 ms act_mul=0.415 ms bmm2=5.750 ms
DEBUG 04-24 11:15:46.413857.413857 cuda_h.py:27] end fused_group_bmm cost 17.822 ms
DEBUG 04-24 11:15:46.413835.413835 mlpmodule.py:3373] [fused_group_bmm][steps] bmm1=11.263 ms split=0.259 ms act_mul=0.548 ms bmm2=6.415 ms
DEBUG 04-24 11:15:46.413800.413800 cuda_h.py:27] end gather_outputs_group_fused_mp cost 0.594 ms
DEBUG 04-24 11:15:46.414296.414296 cuda_h.py:27] end fused_group_bmm cost 18.862 ms
DEBUG 04-24 11:15:46.414024.414024 cuda_h.py:27] end gather_outputs_group_fused_mp cost 0.392 ms
DEBUG 04-24 11:15:46.414093.414093 cuda_h.py:27] end cpu_experts_worker_bmm_or_einsum_1 cost 23.770 ms
DEBUG 04-24 11:15:46.414919.414919 cuda_h.py:27] end gather_outputs_group_fused_mp cost 0.449 ms
DEBUG 04-24 11:15:46.414619.414619 cuda_h.py:27] end cpu_experts_worker_bmm_or_einsum_3 cost 24.058 ms
DEBUG 04-24 11:15:46.415836.415836 cuda_h.py:27] end cpu_experts_worker_bmm_or_einsum_2 cost 24.461 ms
DEBUG 04-24 11:15:46.418333.418333 cuda_h.py:27] end prepare_per_device_parameters cost 17.269 ms
DEBUG 04-24 11:15:46.420331.420331 cuda_h.py:27] end cpu_experts_scatter_reduce cost 0.624 ms
DEBUG 04-24 11:15:46.420095.420095 cuda_h.py:27] end cpu_thread_manager_mp_wait_fused cost 2.283 ms
DEBUG 04-24 11:15:46.421259.421259 cuda_h.py:27] end wait_experts_multi_device cost 1.314 ms
DEBUG 04-24 11:15:46.421619.421619 cuda_h.py:27] end *before fused experts* cost 31.646 ms
DEBUG 04-24 11:15:46.426415.426415 cuda_h.py:27] end gpu_experts_multi_device_fused cost 4.169 ms
DEBUG 04-24 11:15:46.426987.426987 cuda_h.py:27] end *gpu experts* cost 35.921 ms
DEBUG 04-24 11:15:46.426341.426341 cuda_h.py:27] end layer_moe_generate_mp_multi_device_fused_l_8 cost 38.623 ms
DEBUG 04-24 11:15:46.427511.427511 cuda_h.py:27] end *mlp cost 39.940 ms
DEBUG 04-24 11:15:46.427038.427038 cuda_h.py:27] end prefill_layer cost 42.879 ms
DEBUG 04-24 11:15:46.427410.427410 lmp.py:341] -------------------------------- end prefill layer 7 --------------------------------
DEBUG 04-24 11:15:46.428291.428291 lmp.py:294] -------------------------------- start prefill layer 8 --------------------------------
DEBUG 04-24 11:15:46.428738.428738 cuda_h.py:27] end start_load_qkvogn_s_weight_l_9 cost 0.041 ms
DEBUG 04-24 11:15:46.428723.428723 cuda_h.py:27] end allocate_cuda_memory cost 0.211 ms
DEBUG 04-24 11:15:46.428033.428033 sllm_store_c.py:27] get device uuid map
DEBUG 04-24 11:15:46.428243.428243 sllm_store_c.py:29] call client load into gpu
DEBUG 04-24 11:15:46.430027.430027 cuda_h.py:27] end **self_attn cost 1.413 ms
DEBUG 04-24 11:15:46.430556.430556 cuda_h.py:27] end load_into_gpu_async cost 1.789 ms
DEBUG 04-24 11:15:46.430291.430291 cuda_h.py:27] end restore_tensors2 cost 0.095 ms
DEBUG 04-24 11:15:46.430227.430227 cuda_h.py:27] end allocate_cuda_memory_and_load_into_gpu cost 2.456 ms
DEBUG 04-24 11:15:46.430564.430564 cuda_h.py:27] end *iln_self_attn_paln cost 2.765 ms
DEBUG 04-24 11:15:46.431082.431082 cuda_h.py:27] end gate cost 0.543 ms
DEBUG 04-24 11:15:46.431857.431857 cuda_h.py:27] end experts_map_get cost 0.311 ms
DEBUG 04-24 11:15:46.431117.431117 cuda_h.py:27] end *before experts start* cost 1.000 ms
DEBUG 04-24 11:15:46.432893.432893 cuda_h.py:27] end cpu_experts_submit_fused_mp cost 0.229 ms
DEBUG 04-24 11:15:46.433684.433684 cuda_h.py:27] end *single cpu experts* cost 1.467 ms
DEBUG 04-24 11:15:46.434663.434663 cuda_h.py:27] end prepare_group_stack cost 0.488 ms
DEBUG 04-24 11:15:46.434860.434860 cuda_h.py:27] end prepare_group_stack cost 0.433 ms
DEBUG 04-24 11:15:46.435333.435333 cuda_h.py:27] end prepare_group_stack cost 0.528 ms
DEBUG 04-24 11:15:46.435426.435426 cuda_h.py:27] end prepare_group_stack cost 0.554 ms
DEBUG 04-24 11:15:46.435627.435627 cuda_h.py:27] end group stack cost 1.013 ms
DEBUG 04-24 11:15:46.435425.435425 cuda_h.py:27] end move_flatidxs_group_fused_mp cost 1.697 ms
DEBUG 04-24 11:15:46.435603.435603 cuda_h.py:27] end group stack cost 1.090 ms
DEBUG 04-24 11:15:46.436608.436608 sllm_store_c.py:27] get device uuid map
DEBUG 04-24 11:15:46.436302.436302 cuda_h.py:27] end get_fused_experts_names_w cost 0.024 ms
DEBUG 04-24 11:15:46.436077.436077 sllm_store_c.py:29] call client load into gpu
DEBUG 04-24 11:15:46.436296.436296 cuda_h.py:27] end move_flatidxs_group_fused_mp cost 2.006 ms
DEBUG 04-24 11:15:46.436157.436157 cuda_h.py:27] end get_fused_experts_names_w cost 0.025 ms
DEBUG 04-24 11:15:46.436717.436717 cuda_h.py:27] end group stack cost 0.909 ms
DEBUG 04-24 11:15:46.436832.436832 cuda_h.py:27] end move_flatidxs_group_fused_mp cost 1.614 ms
DEBUG 04-24 11:15:46.436829.436829 cuda_h.py:27] end restore_fused_tensors cost 0.543 ms
DEBUG 04-24 11:15:46.437395.437395 cuda_h.py:27] end group_fused_tensors_mp cost 0.834 ms
DEBUG 04-24 11:15:46.437170.437170 cuda_h.py:27] end get_fused_experts_names_w cost 0.022 ms
DEBUG 04-24 11:15:46.437587.437587 cuda_h.py:27] end restore_fused_tensors cost 0.622 ms
DEBUG 04-24 11:15:46.437291.437291 cuda_h.py:27] end group_fused_tensors_mp cost 0.870 ms
DEBUG 04-24 11:15:46.437754.437754 cuda_h.py:27] end group stack cost 1.352 ms
DEBUG 04-24 11:15:46.437461.437461 cuda_h.py:27] end move_flatidxs_group_fused_mp cost 2.382 ms
DEBUG 04-24 11:15:46.437083.437083 cuda_h.py:27] end restore_fused_tensors cost 0.546 ms
DEBUG 04-24 11:15:46.437016.437016 cuda_h.py:27] end get_fused_experts_names_w cost 0.039 ms
DEBUG 04-24 11:15:46.437115.437115 cuda_h.py:27] end group_fused_tensors_mp cost 0.932 ms
DEBUG 04-24 11:15:46.438661.438661 cuda_h.py:27] end restore_fused_tensors cost 0.660 ms
DEBUG 04-24 11:15:46.438114.438114 cuda_h.py:27] end group_fused_tensors_mp cost 1.002 ms
DEBUG 04-24 11:15:46.440744.440744 cuda_h.py:27] end restore2model cost 2.138 ms
DEBUG 04-24 11:15:46.440309.440309 cuda_h.py:27] end sllm_worker_task cost 12.779 ms
DEBUG 04-24 11:15:46.442430.442430 cuda_h.py:27] end load_into_gpu_async_fused_experts_dual cost 6.727 ms
DEBUG 04-24 11:15:46.443126.443126 cuda_h.py:27] end restore_tensors2_fused_experts_packed cost 0.226 ms
DEBUG 04-24 11:15:46.443352.443352 cuda_h.py:27] end restore_tensors2_fused_experts_slices cost 0.543 ms
DEBUG 04-24 11:15:46.444302.444302 cuda_h.py:27] end allocate_experts_cuda_memory_and_restore_model_multi_device_fused cost 10.628 ms
DEBUG 04-24 11:15:46.444185.444185 cuda_h.py:27] end gpu_sexperts cost 0.016 ms
DEBUG 04-24 11:15:46.444652.444652 cuda_h.py:27] end wait_load_qkvogn_s_weight cost 0.085 ms
DEBUG 04-24 11:15:46.447272.447272 mlpmodule.py:3373] [fused_group_bmm][steps] bmm1=6.098 ms split=0.181 ms act_mul=0.431 ms bmm2=3.194 ms
DEBUG 04-24 11:15:46.447342.447342 cuda_h.py:27] end fused_group_bmm cost 10.458 ms
DEBUG 04-24 11:15:46.448199.448199 cuda_h.py:27] end gather_outputs_group_fused_mp cost 0.632 ms
DEBUG 04-24 11:15:46.449605.449605 cuda_h.py:27] end cpu_experts_worker_bmm_or_einsum_0 cost 16.633 ms
DEBUG 04-24 11:15:46.450077.450077 mlpmodule.py:3373] [fused_group_bmm][steps] bmm1=8.558 ms split=0.190 ms act_mul=0.430 ms bmm2=3.751 ms
DEBUG 04-24 11:15:46.450914.450914 cuda_h.py:27] end fused_group_bmm cost 13.233 ms
DEBUG 04-24 11:15:46.451845.451845 cuda_h.py:27] end gather_outputs_group_fused_mp cost 0.625 ms
DEBUG 04-24 11:15:46.451127.451127 cuda_h.py:27] end cpu_experts_worker_bmm_or_einsum_1 cost 18.777 ms
DEBUG 04-24 11:15:46.452899.452899 mlpmodule.py:3373] [fused_group_bmm][steps] bmm1=8.622 ms split=0.181 ms act_mul=0.476 ms bmm2=5.071 ms
DEBUG 04-24 11:15:46.452588.452588 cuda_h.py:27] end fused_group_bmm cost 14.611 ms
DEBUG 04-24 11:15:46.453051.453051 mlpmodule.py:3373] [fused_group_bmm][steps] bmm1=8.642 ms split=0.262 ms act_mul=0.392 ms bmm2=4.849 ms
DEBUG 04-24 11:15:46.453200.453200 cuda_h.py:27] end fused_group_bmm cost 14.459 ms
DEBUG 04-24 11:15:46.453107.453107 cuda_h.py:27] end gather_outputs_group_fused_mp cost 0.456 ms
DEBUG 04-24 11:15:46.453036.453036 cuda_h.py:27] end gather_outputs_group_fused_mp cost 0.389 ms
DEBUG 04-24 11:15:46.454403.454403 cuda_h.py:27] end cpu_experts_worker_bmm_or_einsum_2 cost 19.947 ms
DEBUG 04-24 11:15:46.454404.454404 cuda_h.py:27] end cpu_experts_worker_bmm_or_einsum_3 cost 20.165 ms
DEBUG 04-24 11:15:46.460552.460552 cuda_h.py:27] end prepare_per_device_parameters cost 15.824 ms
DEBUG 04-24 11:15:46.462263.462263 cuda_h.py:27] end cpu_experts_scatter_reduce cost 0.662 ms
DEBUG 04-24 11:15:46.462305.462305 cuda_h.py:27] end cpu_thread_manager_mp_wait_fused cost 2.006 ms
DEBUG 04-24 11:15:46.464461.464461 cuda_h.py:27] end wait_experts_multi_device cost 1.472 ms
DEBUG 04-24 11:15:46.464969.464969 cuda_h.py:27] end *before fused experts* cost 30.987 ms
DEBUG 04-24 11:15:46.468055.468055 cuda_h.py:27] end gpu_experts_multi_device_fused cost 3.874 ms
DEBUG 04-24 11:15:46.468813.468813 cuda_h.py:27] end *gpu experts* cost 35.024 ms
DEBUG 04-24 11:15:46.468901.468901 cuda_h.py:27] end layer_moe_generate_mp_multi_device_fused_l_9 cost 37.674 ms
DEBUG 04-24 11:15:46.470355.470355 cuda_h.py:27] end *mlp cost 39.165 ms
DEBUG 04-24 11:15:46.470729.470729 cuda_h.py:27] end prefill_layer cost 42.141 ms
DEBUG 04-24 11:15:46.470101.470101 lmp.py:341] -------------------------------- end prefill layer 8 --------------------------------
DEBUG 04-24 11:15:46.470466.470466 lmp.py:294] -------------------------------- start prefill layer 9 --------------------------------
DEBUG 04-24 11:15:46.470521.470521 cuda_h.py:27] end start_load_qkvogn_s_weight_l_10 cost 0.043 ms
DEBUG 04-24 11:15:46.470962.470962 cuda_h.py:27] end allocate_cuda_memory cost 0.196 ms
DEBUG 04-24 11:15:46.470412.470412 sllm_store_c.py:27] get device uuid map
DEBUG 04-24 11:15:46.470647.470647 sllm_store_c.py:29] call client load into gpu
DEBUG 04-24 11:15:46.472354.472354 cuda_h.py:27] end **self_attn cost 1.422 ms
DEBUG 04-24 11:15:46.472193.472193 cuda_h.py:27] end load_into_gpu_async cost 1.767 ms
DEBUG 04-24 11:15:46.472758.472758 cuda_h.py:27] end restore_tensors2 cost 0.107 ms
DEBUG 04-24 11:15:46.472601.472601 cuda_h.py:27] end allocate_cuda_memory_and_load_into_gpu cost 2.537 ms
DEBUG 04-24 11:15:46.473885.473885 cuda_h.py:27] end *iln_self_attn_paln cost 2.807 ms
DEBUG 04-24 11:15:46.473979.473979 cuda_h.py:27] end gate cost 0.546 ms
DEBUG 04-24 11:15:46.474025.474025 cuda_h.py:27] end experts_map_get cost 0.301 ms
DEBUG 04-24 11:15:46.474762.474762 cuda_h.py:27] end *before experts start* cost 0.993 ms
DEBUG 04-24 11:15:46.474718.474718 cuda_h.py:27] end cpu_experts_submit_fused_mp cost 0.220 ms
DEBUG 04-24 11:15:46.475735.475735 cuda_h.py:27] end *single cpu experts* cost 1.523 ms
DEBUG 04-24 11:15:46.476279.476279 cuda_h.py:27] end prepare_group_stack cost 0.549 ms
DEBUG 04-24 11:15:46.477510.477510 cuda_h.py:27] end prepare_group_stack cost 0.482 ms
DEBUG 04-24 11:15:46.477175.477175 cuda_h.py:27] end prepare_group_stack cost 0.469 ms
DEBUG 04-24 11:15:46.478661.478661 sllm_store_c.py:27] get device uuid map
DEBUG 04-24 11:15:46.478022.478022 sllm_store_c.py:29] call client load into gpu
DEBUG 04-24 11:15:46.478035.478035 cuda_h.py:27] end group stack cost 1.319 ms
DEBUG 04-24 11:15:46.478931.478931 cuda_h.py:27] end move_flatidxs_group_fused_mp cost 2.240 ms
DEBUG 04-24 11:15:46.478616.478616 cuda_h.py:27] end group stack cost 0.909 ms
DEBUG 04-24 11:15:46.478877.478877 cuda_h.py:27] end move_flatidxs_group_fused_mp cost 1.575 ms
DEBUG 04-24 11:15:46.478400.478400 cuda_h.py:27] end get_fused_experts_names_w cost 0.034 ms
DEBUG 04-24 11:15:46.478131.478131 cuda_h.py:27] end group stack cost 0.736 ms
DEBUG 04-24 11:15:46.478339.478339 cuda_h.py:27] end get_fused_experts_names_w cost 0.025 ms
DEBUG 04-24 11:15:46.478653.478653 cuda_h.py:27] end move_flatidxs_group_fused_mp cost 1.685 ms
DEBUG 04-24 11:15:46.478501.478501 cuda_h.py:27] end prepare_group_stack cost 0.639 ms
DEBUG 04-24 11:15:46.479638.479638 cuda_h.py:27] end get_fused_experts_names_w cost 0.019 ms
DEBUG 04-24 11:15:46.479525.479525 cuda_h.py:27] end restore_fused_tensors cost 0.615 ms
DEBUG 04-24 11:15:46.479607.479607 cuda_h.py:27] end group_fused_tensors_mp cost 0.893 ms
DEBUG 04-24 11:15:46.479172.479172 cuda_h.py:27] end restore_fused_tensors cost 0.562 ms
DEBUG 04-24 11:15:46.479114.479114 cuda_h.py:27] end restore_fused_tensors cost 0.991 ms
DEBUG 04-24 11:15:46.480419.480419 cuda_h.py:27] end group_fused_tensors_mp cost 0.984 ms
DEBUG 04-24 11:15:46.480459.480459 cuda_h.py:27] end group_fused_tensors_mp cost 1.416 ms
DEBUG 04-24 11:15:46.480783.480783 cuda_h.py:27] end restore2model cost 0.879 ms
DEBUG 04-24 11:15:46.480508.480508 cuda_h.py:27] end sllm_worker_task cost 10.615 ms
DEBUG 04-24 11:15:46.481502.481502 cuda_h.py:27] end group stack cost 2.212 ms
DEBUG 04-24 11:15:46.481451.481451 cuda_h.py:27] end move_flatidxs_group_fused_mp cost 3.326 ms
DEBUG 04-24 11:15:46.482632.482632 cuda_h.py:27] end get_fused_experts_names_w cost 0.049 ms
DEBUG 04-24 11:15:46.483685.483685 cuda_h.py:27] end load_into_gpu_async_fused_experts_dual cost 5.005 ms
DEBUG 04-24 11:15:46.483371.483371 cuda_h.py:27] end restore_fused_tensors cost 1.088 ms
DEBUG 04-24 11:15:46.483423.483423 cuda_h.py:27] end group_fused_tensors_mp cost 1.740 ms
DEBUG 04-24 11:15:46.484506.484506 cuda_h.py:27] end restore_tensors2_fused_experts_packed cost 0.310 ms
DEBUG 04-24 11:15:46.485175.485175 cuda_h.py:27] end restore_tensors2_fused_experts_slices cost 0.762 ms
DEBUG 04-24 11:15:46.485382.485382 cuda_h.py:27] end allocate_experts_cuda_memory_and_restore_model_multi_device_fused cost 9.553 ms
DEBUG 04-24 11:15:46.485913.485913 cuda_h.py:27] end gpu_sexperts cost 0.020 ms
DEBUG 04-24 11:15:46.485513.485513 cuda_h.py:27] end wait_load_qkvogn_s_weight cost 0.054 ms
DEBUG 04-24 11:15:46.493378.493378 mlpmodule.py:3373] [fused_group_bmm][steps] bmm1=6.942 ms split=0.119 ms act_mul=0.510 ms bmm2=5.428 ms
DEBUG 04-24 11:15:46.493475.493475 cuda_h.py:27] end fused_group_bmm cost 13.433 ms
DEBUG 04-24 11:15:46.493918.493918 mlpmodule.py:3373] [fused_group_bmm][steps] bmm1=7.877 ms split=0.129 ms act_mul=0.384 ms bmm2=4.965 ms
DEBUG 04-24 11:15:46.494174.494174 cuda_h.py:27] end fused_group_bmm cost 13.726 ms
DEBUG 04-24 11:15:46.494828.494828 cuda_h.py:27] end gather_outputs_group_fused_mp cost 0.560 ms
DEBUG 04-24 11:15:46.494587.494587 mlpmodule.py:3373] [fused_group_bmm][steps] bmm1=7.486 ms split=0.172 ms act_mul=0.426 ms bmm2=6.602 ms
DEBUG 04-24 11:15:46.494323.494323 cuda_h.py:27] end fused_group_bmm cost 14.949 ms
DEBUG 04-24 11:15:46.494914.494914 cuda_h.py:27] end gather_outputs_group_fused_mp cost 0.618 ms
DEBUG 04-24 11:15:46.494042.494042 cuda_h.py:27] end cpu_experts_worker_bmm_or_einsum_0 cost 18.682 ms
DEBUG 04-24 11:15:46.495043.495043 cuda_h.py:27] end gather_outputs_group_fused_mp cost 0.438 ms
DEBUG 04-24 11:15:46.495878.495878 cuda_h.py:27] end cpu_experts_worker_bmm_or_einsum_1 cost 20.340 ms
DEBUG 04-24 11:15:46.496337.496337 cuda_h.py:27] end cpu_experts_worker_bmm_or_einsum_2 cost 20.090 ms
DEBUG 04-24 11:15:46.499733.499733 mlpmodule.py:3373] [fused_group_bmm][steps] bmm1=10.289 ms split=0.116 ms act_mul=0.592 ms bmm2=4.299 ms
DEBUG 04-24 11:15:46.499977.499977 cuda_h.py:27] end fused_group_bmm cost 15.506 ms
DEBUG 04-24 11:15:46.499648.499648 cuda_h.py:27] end gather_outputs_group_fused_mp cost 0.417 ms
DEBUG 04-24 11:15:46.500175.500175 cuda_h.py:27] end cpu_experts_worker_bmm_or_einsum_3 cost 23.231 ms
DEBUG 04-24 11:15:46.501272.501272 cuda_h.py:27] end prepare_per_device_parameters cost 15.731 ms
DEBUG 04-24 11:15:46.503618.503618 cuda_h.py:27] end cpu_experts_scatter_reduce cost 0.646 ms
DEBUG 04-24 11:15:46.503575.503575 cuda_h.py:27] end cpu_thread_manager_mp_wait_fused cost 2.008 ms
DEBUG 04-24 11:15:46.505692.505692 cuda_h.py:27] end wait_experts_multi_device cost 1.873 ms
DEBUG 04-24 11:15:46.505303.505303 cuda_h.py:27] end *before fused experts* cost 29.938 ms
DEBUG 04-24 11:15:46.509519.509519 cuda_h.py:27] end gpu_experts_multi_device_fused cost 4.055 ms
DEBUG 04-24 11:15:46.509476.509476 cuda_h.py:27] end *gpu experts* cost 34.104 ms
DEBUG 04-24 11:15:46.509425.509425 cuda_h.py:27] end layer_moe_generate_mp_multi_device_fused_l_10 cost 36.805 ms
DEBUG 04-24 11:15:46.511749.511749 cuda_h.py:27] end *mlp cost 38.164 ms
DEBUG 04-24 11:15:46.511898.511898 cuda_h.py:27] end prefill_layer cost 41.187 ms
DEBUG 04-24 11:15:46.511508.511508 lmp.py:341] -------------------------------- end prefill layer 9 --------------------------------
DEBUG 04-24 11:15:46.511179.511179 lmp.py:294] -------------------------------- start prefill layer 10 --------------------------------
DEBUG 04-24 11:15:46.511533.511533 cuda_h.py:27] end start_load_qkvogn_s_weight_l_11 cost 0.044 ms
DEBUG 04-24 11:15:46.512993.512993 cuda_h.py:27] end allocate_cuda_memory cost 0.209 ms
DEBUG 04-24 11:15:46.512389.512389 sllm_store_c.py:27] get device uuid map
DEBUG 04-24 11:15:46.512300.512300 sllm_store_c.py:29] call client load into gpu
DEBUG 04-24 11:15:46.513815.513815 cuda_h.py:27] end **self_attn cost 1.421 ms
DEBUG 04-24 11:15:46.514194.514194 cuda_h.py:27] end *iln_self_attn_paln cost 2.400 ms
DEBUG 04-24 11:15:46.514683.514683 cuda_h.py:27] end load_into_gpu_async cost 2.252 ms
DEBUG 04-24 11:15:46.514933.514933 cuda_h.py:27] end restore_tensors2 cost 0.093 ms
DEBUG 04-24 11:15:46.514269.514269 cuda_h.py:27] end allocate_cuda_memory_and_load_into_gpu cost 2.951 ms
DEBUG 04-24 11:15:46.514626.514626 cuda_h.py:27] end gate cost 0.776 ms
DEBUG 04-24 11:15:46.515738.515738 cuda_h.py:27] end experts_map_get cost 0.279 ms
DEBUG 04-24 11:15:46.515236.515236 cuda_h.py:27] end *before experts start* cost 1.202 ms
DEBUG 04-24 11:15:46.515503.515503 cuda_h.py:27] end cpu_experts_submit_fused_mp cost 0.239 ms
DEBUG 04-24 11:15:46.517193.517193 cuda_h.py:27] end *single cpu experts* cost 1.652 ms
DEBUG 04-24 11:15:46.519882.519882 sllm_store_c.py:27] get device uuid map
DEBUG 04-24 11:15:46.519988.519988 sllm_store_c.py:29] call client load into gpu
DEBUG 04-24 11:15:46.519783.519783 cuda_h.py:27] end prepare_group_stack cost 0.506 ms
DEBUG 04-24 11:15:46.519137.519137 cuda_h.py:27] end prepare_group_stack cost 0.492 ms
DEBUG 04-24 11:15:46.519952.519952 cuda_h.py:27] end prepare_group_stack cost 0.620 ms
DEBUG 04-24 11:15:46.519319.519319 cuda_h.py:27] end prepare_group_stack cost 0.655 ms
DEBUG 04-24 11:15:46.520317.520317 cuda_h.py:27] end group stack cost 1.215 ms
DEBUG 04-24 11:15:46.520559.520559 cuda_h.py:27] end move_flatidxs_group_fused_mp cost 1.938 ms
DEBUG 04-24 11:15:46.520175.520175 cuda_h.py:27] end group stack cost 1.181 ms
DEBUG 04-24 11:15:46.521769.521769 cuda_h.py:27] end get_fused_experts_names_w cost 0.025 ms
DEBUG 04-24 11:15:46.521405.521405 cuda_h.py:27] end move_flatidxs_group_fused_mp cost 2.310 ms
DEBUG 04-24 11:15:46.521928.521928 cuda_h.py:27] end group stack cost 1.333 ms
DEBUG 04-24 11:15:46.521517.521517 cuda_h.py:27] end get_fused_experts_names_w cost 0.021 ms
DEBUG 04-24 11:15:46.521915.521915 cuda_h.py:27] end move_flatidxs_group_fused_mp cost 2.386 ms
DEBUG 04-24 11:15:46.521984.521984 cuda_h.py:27] end group stack cost 1.583 ms
DEBUG 04-24 11:15:46.521803.521803 cuda_h.py:27] end get_fused_experts_names_w cost 0.024 ms
DEBUG 04-24 11:15:46.521783.521783 cuda_h.py:27] end move_flatidxs_group_fused_mp cost 2.665 ms
DEBUG 04-24 11:15:46.521717.521717 cuda_h.py:27] end get_fused_experts_names_w cost 0.025 ms
DEBUG 04-24 11:15:46.521884.521884 cuda_h.py:27] end restore_fused_tensors cost 0.687 ms
DEBUG 04-24 11:15:46.521310.521310 cuda_h.py:27] end group_fused_tensors_mp cost 0.955 ms
DEBUG 04-24 11:15:46.521503.521503 cuda_h.py:27] end restore_fused_tensors cost 0.585 ms
DEBUG 04-24 11:15:46.522654.522654 cuda_h.py:27] end restore_fused_tensors cost 0.658 ms
DEBUG 04-24 11:15:46.522384.522384 cuda_h.py:27] end group_fused_tensors_mp cost 0.979 ms
DEBUG 04-24 11:15:46.522411.522411 cuda_h.py:27] end group_fused_tensors_mp cost 0.792 ms
DEBUG 04-24 11:15:46.522296.522296 cuda_h.py:27] end restore_fused_tensors cost 0.625 ms
DEBUG 04-24 11:15:46.522907.522907 cuda_h.py:27] end group_fused_tensors_mp cost 0.766 ms
DEBUG 04-24 11:15:46.530672.530672 cuda_h.py:27] end restore2model cost 1.161 ms
DEBUG 04-24 11:15:46.530209.530209 cuda_h.py:27] end sllm_worker_task cost 18.559 ms
DEBUG 04-24 11:15:46.531634.531634 cuda_h.py:27] end load_into_gpu_async_fused_experts_dual cost 11.954 ms
DEBUG 04-24 11:15:46.531360.531360 cuda_h.py:27] end restore_tensors2_fused_experts_packed cost 0.191 ms
DEBUG 04-24 11:15:46.532889.532889 cuda_h.py:27] end restore_tensors2_fused_experts_slices cost 0.771 ms
DEBUG 04-24 11:15:46.532717.532717 cuda_h.py:27] end allocate_experts_cuda_memory_and_restore_model_multi_device_fused cost 15.537 ms
DEBUG 04-24 11:15:46.533617.533617 cuda_h.py:27] end gpu_sexperts cost 0.020 ms
DEBUG 04-24 11:15:46.533361.533361 cuda_h.py:27] end wait_load_qkvogn_s_weight cost 0.068 ms
DEBUG 04-24 11:15:46.533871.533871 mlpmodule.py:3373] [fused_group_bmm][steps] bmm1=8.057 ms split=0.100 ms act_mul=0.483 ms bmm2=2.795 ms
DEBUG 04-24 11:15:46.533230.533230 cuda_h.py:27] end fused_group_bmm cost 11.688 ms
DEBUG 04-24 11:15:46.534880.534880 cuda_h.py:27] end gather_outputs_group_fused_mp cost 0.521 ms
DEBUG 04-24 11:15:46.535180.535180 cuda_h.py:27] end cpu_experts_worker_bmm_or_einsum_0 cost 17.957 ms
DEBUG 04-24 11:15:46.535811.535811 mlpmodule.py:3373] [fused_group_bmm][steps] bmm1=9.034 ms split=0.099 ms act_mul=0.397 ms bmm2=3.663 ms
DEBUG 04-24 11:15:46.535757.535757 cuda_h.py:27] end fused_group_bmm cost 13.599 ms
DEBUG 04-24 11:15:46.536996.536996 cuda_h.py:27] end gather_outputs_group_fused_mp cost 0.546 ms
DEBUG 04-24 11:15:46.536287.536287 mlpmodule.py:3373] [fused_group_bmm][steps] bmm1=9.171 ms split=0.110 ms act_mul=0.376 ms bmm2=4.419 ms
DEBUG 04-24 11:15:46.536111.536111 cuda_h.py:27] end fused_group_bmm cost 14.427 ms
DEBUG 04-24 11:15:46.537241.537241 cuda_h.py:27] end cpu_experts_worker_bmm_or_einsum_3 cost 19.621 ms
DEBUG 04-24 11:15:46.537135.537135 cuda_h.py:27] end gather_outputs_group_fused_mp cost 0.537 ms
DEBUG 04-24 11:15:46.538980.538980 cuda_h.py:27] end cpu_experts_worker_bmm_or_einsum_2 cost 20.722 ms
DEBUG 04-24 11:15:46.538073.538073 mlpmodule.py:3373] [fused_group_bmm][steps] bmm1=12.064 ms split=0.196 ms act_mul=0.430 ms bmm2=3.917 ms
DEBUG 04-24 11:15:46.539748.539748 cuda_h.py:27] end fused_group_bmm cost 17.110 ms
DEBUG 04-24 11:15:46.540134.540134 cuda_h.py:27] end gather_outputs_group_fused_mp cost 0.630 ms
DEBUG 04-24 11:15:46.540580.540580 cuda_h.py:27] end cpu_experts_worker_bmm_or_einsum_1 cost 23.423 ms
DEBUG 04-24 11:15:46.546624.546624 cuda_h.py:27] end prepare_per_device_parameters cost 12.900 ms
DEBUG 04-24 11:15:46.548517.548517 cuda_h.py:27] end cpu_experts_scatter_reduce cost 0.612 ms
DEBUG 04-24 11:15:46.548553.548553 cuda_h.py:27] end cpu_thread_manager_mp_wait_fused cost 2.337 ms
DEBUG 04-24 11:15:46.550479.550479 cuda_h.py:27] end wait_experts_multi_device cost 1.721 ms
DEBUG 04-24 11:15:46.550723.550723 cuda_h.py:27] end *before fused experts* cost 33.525 ms
DEBUG 04-24 11:15:46.555014.555014 cuda_h.py:27] end gpu_experts_multi_device_fused cost 4.276 ms
DEBUG 04-24 11:15:46.555142.555142 cuda_h.py:27] end *gpu experts* cost 37.954 ms
DEBUG 04-24 11:15:46.555311.555311 cuda_h.py:27] end layer_moe_generate_mp_multi_device_fused_l_11 cost 41.004 ms
DEBUG 04-24 11:15:46.556512.556512 cuda_h.py:27] end *mlp cost 42.274 ms
DEBUG 04-24 11:15:46.556357.556357 cuda_h.py:27] end prefill_layer cost 44.864 ms
DEBUG 04-24 11:15:46.556682.556682 lmp.py:341] -------------------------------- end prefill layer 10 --------------------------------
DEBUG 04-24 11:15:46.556776.556776 lmp.py:294] -------------------------------- start prefill layer 11 --------------------------------
DEBUG 04-24 11:15:46.556885.556885 cuda_h.py:27] end start_load_qkvogn_s_weight_l_12 cost 0.043 ms
DEBUG 04-24 11:15:46.557896.557896 cuda_h.py:27] end allocate_cuda_memory cost 0.222 ms
DEBUG 04-24 11:15:46.557206.557206 sllm_store_c.py:27] get device uuid map
DEBUG 04-24 11:15:46.557574.557574 sllm_store_c.py:29] call client load into gpu
DEBUG 04-24 11:15:46.559671.559671 cuda_h.py:27] end load_into_gpu_async cost 1.816 ms
DEBUG 04-24 11:15:46.559623.559623 cuda_h.py:27] end restore_tensors2 cost 0.100 ms
DEBUG 04-24 11:15:46.559436.559436 cuda_h.py:27] end **self_attn cost 1.851 ms
DEBUG 04-24 11:15:46.559970.559970 cuda_h.py:27] end allocate_cuda_memory_and_load_into_gpu cost 2.676 ms
DEBUG 04-24 11:15:46.560390.560390 cuda_h.py:27] end *iln_self_attn_paln cost 3.263 ms
DEBUG 04-24 11:15:46.560205.560205 cuda_h.py:27] end gate cost 0.528 ms
DEBUG 04-24 11:15:46.561183.561183 cuda_h.py:27] end experts_map_get cost 0.462 ms
DEBUG 04-24 11:15:46.561682.561682 cuda_h.py:27] end *before experts start* cost 1.135 ms
DEBUG 04-24 11:15:46.561028.561028 cuda_h.py:27] end cpu_experts_submit_fused_mp cost 0.227 ms
DEBUG 04-24 11:15:46.563793.563793 cuda_h.py:27] end *single cpu experts* cost 1.695 ms
DEBUG 04-24 11:15:46.564843.564843 cuda_h.py:27] end prepare_group_stack cost 0.457 ms
DEBUG 04-24 11:15:46.564825.564825 cuda_h.py:27] end prepare_group_stack cost 0.635 ms
DEBUG 04-24 11:15:46.565982.565982 cuda_h.py:27] end group stack cost 0.674 ms
DEBUG 04-24 11:15:46.565124.565124 cuda_h.py:27] end move_flatidxs_group_fused_mp cost 1.351 ms
DEBUG 04-24 11:15:46.565895.565895 cuda_h.py:27] end get_fused_experts_names_w cost 0.026 ms
DEBUG 04-24 11:15:46.565973.565973 cuda_h.py:27] end prepare_group_stack cost 0.540 ms
DEBUG 04-24 11:15:46.565609.565609 cuda_h.py:27] end prepare_group_stack cost 0.635 ms
DEBUG 04-24 11:15:46.565697.565697 sllm_store_c.py:27] get device uuid map
DEBUG 04-24 11:15:46.566131.566131 sllm_store_c.py:29] call client load into gpu
DEBUG 04-24 11:15:46.566483.566483 cuda_h.py:27] end restore_fused_tensors cost 0.652 ms
DEBUG 04-24 11:15:46.566296.566296 cuda_h.py:27] end group_fused_tensors_mp cost 0.920 ms
DEBUG 04-24 11:15:46.566758.566758 cuda_h.py:27] end group stack cost 1.635 ms
DEBUG 04-24 11:15:46.566697.566697 cuda_h.py:27] end move_flatidxs_group_fused_mp cost 2.779 ms
DEBUG 04-24 11:15:46.567937.567937 cuda_h.py:27] end get_fused_experts_names_w cost 0.068 ms
DEBUG 04-24 11:15:46.567268.567268 cuda_h.py:27] end group stack cost 1.541 ms
DEBUG 04-24 11:15:46.567362.567362 cuda_h.py:27] end move_flatidxs_group_fused_mp cost 2.673 ms
DEBUG 04-24 11:15:46.568669.568669 cuda_h.py:27] end group stack cost 2.011 ms
DEBUG 04-24 11:15:46.568495.568495 cuda_h.py:27] end get_fused_experts_names_w cost 0.034 ms
DEBUG 04-24 11:15:46.568589.568589 cuda_h.py:27] end move_flatidxs_group_fused_mp cost 3.039 ms
DEBUG 04-24 11:15:46.568907.568907 cuda_h.py:27] end restore_fused_tensors cost 0.916 ms
DEBUG 04-24 11:15:46.568146.568146 cuda_h.py:27] end get_fused_experts_names_w cost 0.035 ms
DEBUG 04-24 11:15:46.569497.569497 cuda_h.py:27] end group_fused_tensors_mp cost 1.750 ms
DEBUG 04-24 11:15:46.569203.569203 cuda_h.py:27] end restore_fused_tensors cost 0.903 ms
DEBUG 04-24 11:15:46.569806.569806 cuda_h.py:27] end group_fused_tensors_mp cost 1.215 ms
DEBUG 04-24 11:15:46.569776.569776 cuda_h.py:27] end load_into_gpu_async_fused_experts_dual cost 3.492 ms
DEBUG 04-24 11:15:46.570732.570732 cuda_h.py:27] end restore_fused_tensors cost 1.060 ms
DEBUG 04-24 11:15:46.570198.570198 cuda_h.py:27] end restore_tensors2_fused_experts_packed cost 0.219 ms
DEBUG 04-24 11:15:46.570955.570955 cuda_h.py:27] end group_fused_tensors_mp cost 1.654 ms
DEBUG 04-24 11:15:46.571105.571105 cuda_h.py:27] end restore_tensors2_fused_experts_slices cost 0.504 ms
DEBUG 04-24 11:15:46.571136.571136 cuda_h.py:27] end allocate_experts_cuda_memory_and_restore_model_multi_device_fused cost 8.386 ms
DEBUG 04-24 11:15:46.571392.571392 cuda_h.py:27] end gpu_sexperts cost 0.020 ms
DEBUG 04-24 11:15:46.572255.572255 cuda_h.py:27] end restore2model cost 3.983 ms
DEBUG 04-24 11:15:46.572256.572256 cuda_h.py:27] end sllm_worker_task cost 15.391 ms
DEBUG 04-24 11:15:46.572982.572982 cuda_h.py:27] end wait_load_qkvogn_s_weight cost 0.254 ms
DEBUG 04-24 11:15:46.576165.576165 mlpmodule.py:3373] [fused_group_bmm][steps] bmm1=5.860 ms split=0.194 ms act_mul=0.557 ms bmm2=3.711 ms
DEBUG 04-24 11:15:46.577454.577454 cuda_h.py:27] end fused_group_bmm cost 10.717 ms
DEBUG 04-24 11:15:46.577579.577579 cuda_h.py:27] end gather_outputs_group_fused_mp cost 0.489 ms
DEBUG 04-24 11:15:46.578706.578706 cuda_h.py:27] end cpu_experts_worker_bmm_or_einsum_0 cost 15.412 ms
DEBUG 04-24 11:15:46.581009.581009 mlpmodule.py:3373] [fused_group_bmm][steps] bmm1=8.145 ms split=0.138 ms act_mul=0.410 ms bmm2=3.598 ms
DEBUG 04-24 11:15:46.581216.581216 cuda_h.py:27] end fused_group_bmm cost 12.585 ms
DEBUG 04-24 11:15:46.582792.582792 cuda_h.py:27] end gather_outputs_group_fused_mp cost 0.608 ms
DEBUG 04-24 11:15:46.583936.583936 cuda_h.py:27] end cpu_experts_worker_bmm_or_einsum_1 cost 20.192 ms
DEBUG 04-24 11:15:46.585508.585508 mlpmodule.py:3373] [fused_group_bmm][steps] bmm1=10.159 ms split=0.117 ms act_mul=0.332 ms bmm2=4.430 ms
DEBUG 04-24 11:15:46.585819.585819 mlpmodule.py:3373] [fused_group_bmm][steps] bmm1=10.897 ms split=0.159 ms act_mul=0.439 ms bmm2=4.687 ms
DEBUG 04-24 11:15:46.585965.585965 cuda_h.py:27] end fused_group_bmm cost 15.263 ms
DEBUG 04-24 11:15:46.586066.586066 cuda_h.py:27] end fused_group_bmm cost 16.469 ms
DEBUG 04-24 11:15:46.586746.586746 cuda_h.py:27] end gather_outputs_group_fused_mp cost 0.456 ms
DEBUG 04-24 11:15:46.586932.586932 cuda_h.py:27] end gather_outputs_group_fused_mp cost 0.458 ms
DEBUG 04-24 11:15:46.587650.587650 cuda_h.py:27] end cpu_experts_worker_bmm_or_einsum_3 cost 23.162 ms
DEBUG 04-24 11:15:46.587909.587909 cuda_h.py:27] end cpu_experts_worker_bmm_or_einsum_2 cost 23.248 ms
DEBUG 04-24 11:15:46.590066.590066 cuda_h.py:27] end prepare_per_device_parameters cost 17.435 ms
DEBUG 04-24 11:15:46.592712.592712 cuda_h.py:27] end cpu_experts_scatter_reduce cost 0.914 ms
DEBUG 04-24 11:15:46.592953.592953 cuda_h.py:27] end cpu_thread_manager_mp_wait_fused cost 2.440 ms
DEBUG 04-24 11:15:46.593576.593576 cuda_h.py:27] end wait_experts_multi_device cost 1.372 ms
DEBUG 04-24 11:15:46.594889.594889 cuda_h.py:27] end *before fused experts* cost 30.895 ms
DEBUG 04-24 11:15:46.597082.597082 cuda_h.py:27] end gpu_experts_multi_device_fused cost 3.935 ms
DEBUG 04-24 11:15:46.598508.598508 cuda_h.py:27] end *gpu experts* cost 34.934 ms
DEBUG 04-24 11:15:46.598008.598008 cuda_h.py:27] end layer_moe_generate_mp_multi_device_fused_l_12 cost 37.963 ms
DEBUG 04-24 11:15:46.599963.599963 cuda_h.py:27] end *mlp cost 39.402 ms
DEBUG 04-24 11:15:46.599087.599087 cuda_h.py:27] end prefill_layer cost 42.889 ms
DEBUG 04-24 11:15:46.599889.599889 lmp.py:341] -------------------------------- end prefill layer 11 --------------------------------
DEBUG 04-24 11:15:46.600840.600840 lmp.py:294] -------------------------------- start prefill layer 12 --------------------------------
DEBUG 04-24 11:15:46.600286.600286 cuda_h.py:27] end start_load_qkvogn_s_weight_l_13 cost 0.041 ms
DEBUG 04-24 11:15:46.600681.600681 cuda_h.py:27] end allocate_cuda_memory cost 0.217 ms
DEBUG 04-24 11:15:46.600739.600739 sllm_store_c.py:27] get device uuid map
DEBUG 04-24 11:15:46.600300.600300 sllm_store_c.py:29] call client load into gpu
DEBUG 04-24 11:15:46.602898.602898 cuda_h.py:27] end **self_attn cost 1.524 ms
DEBUG 04-24 11:15:46.602118.602118 cuda_h.py:27] end *iln_self_attn_paln cost 2.526 ms
DEBUG 04-24 11:15:46.602677.602677 cuda_h.py:27] end load_into_gpu_async cost 2.307 ms
DEBUG 04-24 11:15:46.603811.603811 cuda_h.py:27] end restore_tensors2 cost 0.094 ms
DEBUG 04-24 11:15:46.603966.603966 cuda_h.py:27] end allocate_cuda_memory_and_load_into_gpu cost 3.040 ms
DEBUG 04-24 11:15:46.603956.603956 cuda_h.py:27] end gate cost 1.073 ms
DEBUG 04-24 11:15:46.604579.604579 cuda_h.py:27] end experts_map_get cost 0.304 ms
DEBUG 04-24 11:15:46.604792.604792 cuda_h.py:27] end *before experts start* cost 1.526 ms
DEBUG 04-24 11:15:46.604324.604324 cuda_h.py:27] end cpu_experts_submit_fused_mp cost 0.224 ms
DEBUG 04-24 11:15:46.605241.605241 cuda_h.py:27] end *single cpu experts* cost 1.486 ms
DEBUG 04-24 11:15:46.607356.607356 cuda_h.py:27] end prepare_group_stack cost 0.463 ms
DEBUG 04-24 11:15:46.607761.607761 cuda_h.py:27] end prepare_group_stack cost 0.458 ms
DEBUG 04-24 11:15:46.608854.608854 cuda_h.py:27] end group stack cost 0.700 ms
DEBUG 04-24 11:15:46.608739.608739 cuda_h.py:27] end move_flatidxs_group_fused_mp cost 1.417 ms
DEBUG 04-24 11:15:46.608681.608681 cuda_h.py:27] end prepare_group_stack cost 0.462 ms
DEBUG 04-24 11:15:46.608289.608289 cuda_h.py:27] end group stack cost 1.046 ms
DEBUG 04-24 11:15:46.608877.608877 cuda_h.py:27] end prepare_group_stack cost 0.516 ms
DEBUG 04-24 11:15:46.608592.608592 cuda_h.py:27] end get_fused_experts_names_w cost 0.025 ms
DEBUG 04-24 11:15:46.608686.608686 cuda_h.py:27] end move_flatidxs_group_fused_mp cost 1.811 ms
DEBUG 04-24 11:15:46.608594.608594 sllm_store_c.py:27] get device uuid map
DEBUG 04-24 11:15:46.608964.608964 cuda_h.py:27] end get_fused_experts_names_w cost 0.024 ms
DEBUG 04-24 11:15:46.608779.608779 sllm_store_c.py:29] call client load into gpu
DEBUG 04-24 11:15:46.609419.609419 cuda_h.py:27] end restore_fused_tensors cost 0.746 ms
DEBUG 04-24 11:15:46.609664.609664 cuda_h.py:27] end restore_fused_tensors cost 0.577 ms
DEBUG 04-24 11:15:46.609460.609460 cuda_h.py:27] end group stack cost 0.998 ms
DEBUG 04-24 11:15:46.609236.609236 cuda_h.py:27] end group_fused_tensors_mp cost 1.067 ms
DEBUG 04-24 11:15:46.609011.609011 cuda_h.py:27] end group_fused_tensors_mp cost 0.833 ms
DEBUG 04-24 11:15:46.609959.609959 cuda_h.py:27] end move_flatidxs_group_fused_mp cost 1.876 ms
DEBUG 04-24 11:15:46.609208.609208 cuda_h.py:27] end get_fused_experts_names_w cost 0.022 ms
DEBUG 04-24 11:15:46.609137.609137 cuda_h.py:27] end group stack cost 1.417 ms
DEBUG 04-24 11:15:46.610819.610819 cuda_h.py:27] end move_flatidxs_group_fused_mp cost 2.355 ms
DEBUG 04-24 11:15:46.610002.610002 cuda_h.py:27] end get_fused_experts_names_w cost 0.025 ms
DEBUG 04-24 11:15:46.610875.610875 cuda_h.py:27] end restore_fused_tensors cost 0.492 ms
DEBUG 04-24 11:15:46.610897.610897 cuda_h.py:27] end group_fused_tensors_mp cost 0.604 ms
DEBUG 04-24 11:15:46.611521.611521 cuda_h.py:27] end restore_fused_tensors cost 0.686 ms
DEBUG 04-24 11:15:46.611729.611729 cuda_h.py:27] end group_fused_tensors_mp cost 0.950 ms
DEBUG 04-24 11:15:46.612271.612271 cuda_h.py:27] end restore2model cost 1.953 ms
DEBUG 04-24 11:15:46.612037.612037 cuda_h.py:27] end sllm_worker_task cost 12.638 ms
DEBUG 04-24 11:15:46.619121.619121 mlpmodule.py:3373] [fused_group_bmm][steps] bmm1=6.404 ms split=0.177 ms act_mul=0.420 ms bmm2=3.277 ms
DEBUG 04-24 11:15:46.620782.620782 cuda_h.py:27] end fused_group_bmm cost 10.473 ms
DEBUG 04-24 11:15:46.620747.620747 cuda_h.py:27] end gather_outputs_group_fused_mp cost 0.484 ms
DEBUG 04-24 11:15:46.621898.621898 cuda_h.py:27] end cpu_experts_worker_bmm_or_einsum_0 cost 15.705 ms
DEBUG 04-24 11:15:46.623145.623145 mlpmodule.py:3373] [fused_group_bmm][steps] bmm1=7.986 ms split=0.097 ms act_mul=0.460 ms bmm2=3.299 ms
DEBUG 04-24 11:15:46.623197.623197 cuda_h.py:27] end fused_group_bmm cost 12.050 ms
DEBUG 04-24 11:15:46.623830.623830 mlpmodule.py:3373] [fused_group_bmm][steps] bmm1=8.881 ms split=0.180 ms act_mul=0.427 ms bmm2=4.325 ms
DEBUG 04-24 11:15:46.623991.623991 cuda_h.py:27] end fused_group_bmm cost 14.104 ms
DEBUG 04-24 11:15:46.623240.623240 mlpmodule.py:3373] [fused_group_bmm][steps] bmm1=8.675 ms split=0.109 ms act_mul=0.365 ms bmm2=4.000 ms
DEBUG 04-24 11:15:46.623437.623437 cuda_h.py:27] end gather_outputs_group_fused_mp cost 0.379 ms
DEBUG 04-24 11:15:46.624618.624618 cuda_h.py:27] end fused_group_bmm cost 13.390 ms
DEBUG 04-24 11:15:46.624856.624856 cuda_h.py:27] end load_into_gpu_async_fused_experts_dual cost 15.524 ms
DEBUG 04-24 11:15:46.624528.624528 cuda_h.py:27] end restore_tensors2_fused_experts_packed cost 0.115 ms
DEBUG 04-24 11:15:46.624983.624983 cuda_h.py:27] end cpu_experts_worker_bmm_or_einsum_3 cost 17.866 ms
DEBUG 04-24 11:15:46.624550.624550 cuda_h.py:27] end gather_outputs_group_fused_mp cost 0.574 ms
DEBUG 04-24 11:15:46.624896.624896 cuda_h.py:27] end gather_outputs_group_fused_mp cost 0.435 ms
DEBUG 04-24 11:15:46.624827.624827 cuda_h.py:27] end restore_tensors2_fused_experts_slices cost 0.374 ms
DEBUG 04-24 11:15:46.624051.624051 cuda_h.py:27] end allocate_experts_cuda_memory_and_restore_model_multi_device_fused cost 18.980 ms
DEBUG 04-24 11:15:46.625678.625678 cuda_h.py:27] end gpu_sexperts cost 0.006 ms
DEBUG 04-24 11:15:46.625521.625521 cuda_h.py:27] end wait_load_qkvogn_s_weight cost 0.023 ms
DEBUG 04-24 11:15:46.625097.625097 cuda_h.py:27] end cpu_experts_worker_bmm_or_einsum_1 cost 19.477 ms
DEBUG 04-24 11:15:46.625158.625158 cuda_h.py:27] end cpu_experts_worker_bmm_or_einsum_2 cost 18.589 ms
DEBUG 04-24 11:15:46.637069.637069 cuda_h.py:27] end prepare_per_device_parameters cost 12.471 ms
DEBUG 04-24 11:15:46.640354.640354 cuda_h.py:27] end cpu_experts_scatter_reduce cost 0.623 ms
DEBUG 04-24 11:15:46.640780.640780 cuda_h.py:27] end cpu_thread_manager_mp_wait_fused cost 2.555 ms
DEBUG 04-24 11:15:46.642597.642597 cuda_h.py:27] end wait_experts_multi_device cost 1.830 ms
DEBUG 04-24 11:15:46.642195.642195 cuda_h.py:27] end *before fused experts* cost 36.335 ms
DEBUG 04-24 11:15:46.646614.646614 cuda_h.py:27] end gpu_experts_multi_device_fused cost 3.954 ms
DEBUG 04-24 11:15:46.646278.646278 cuda_h.py:27] end *gpu experts* cost 40.399 ms
DEBUG 04-24 11:15:46.646704.646704 cuda_h.py:27] end layer_moe_generate_mp_multi_device_fused_l_13 cost 43.596 ms
DEBUG 04-24 11:15:46.647976.647976 cuda_h.py:27] end *mlp cost 44.989 ms
DEBUG 04-24 11:15:46.647780.647780 cuda_h.py:27] end prefill_layer cost 47.848 ms
DEBUG 04-24 11:15:46.647675.647675 lmp.py:341] -------------------------------- end prefill layer 12 --------------------------------
DEBUG 04-24 11:15:46.648133.648133 lmp.py:294] -------------------------------- start prefill layer 13 --------------------------------
DEBUG 04-24 11:15:46.648573.648573 cuda_h.py:27] end start_load_qkvogn_s_weight_l_14 cost 0.041 ms
DEBUG 04-24 11:15:46.648413.648413 cuda_h.py:27] end allocate_cuda_memory cost 0.250 ms
DEBUG 04-24 11:15:46.648591.648591 sllm_store_c.py:27] get device uuid map
DEBUG 04-24 11:15:46.649607.649607 sllm_store_c.py:29] call client load into gpu
DEBUG 04-24 11:15:46.650897.650897 cuda_h.py:27] end **self_attn cost 1.431 ms
DEBUG 04-24 11:15:46.650070.650070 cuda_h.py:27] end *iln_self_attn_paln cost 2.450 ms
DEBUG 04-24 11:15:46.651710.651710 cuda_h.py:27] end gate cost 0.544 ms
DEBUG 04-24 11:15:46.651357.651357 cuda_h.py:27] end load_into_gpu_async cost 2.704 ms
DEBUG 04-24 11:15:46.651475.651475 cuda_h.py:27] end experts_map_get cost 0.306 ms
DEBUG 04-24 11:15:46.652487.652487 cuda_h.py:27] end restore_tensors2 cost 0.105 ms
DEBUG 04-24 11:15:46.652390.652390 cuda_h.py:27] end *before experts start* cost 1.264 ms
DEBUG 04-24 11:15:46.652906.652906 cuda_h.py:27] end allocate_cuda_memory_and_load_into_gpu cost 3.961 ms
DEBUG 04-24 11:15:46.652178.652178 cuda_h.py:27] end cpu_experts_submit_fused_mp cost 0.226 ms
DEBUG 04-24 11:15:46.654172.654172 cuda_h.py:27] end *single cpu experts* cost 2.010 ms
DEBUG 04-24 11:15:46.656942.656942 sllm_store_c.py:27] get device uuid map
DEBUG 04-24 11:15:46.656326.656326 cuda_h.py:27] end prepare_group_stack cost 0.433 ms
DEBUG 04-24 11:15:46.656302.656302 sllm_store_c.py:29] call client load into gpu
DEBUG 04-24 11:15:46.657263.657263 cuda_h.py:27] end prepare_group_stack cost 0.730 ms
DEBUG 04-24 11:15:46.657067.657067 cuda_h.py:27] end prepare_group_stack cost 0.705 ms
DEBUG 04-24 11:15:46.657109.657109 cuda_h.py:27] end prepare_group_stack cost 0.712 ms
DEBUG 04-24 11:15:46.657924.657924 cuda_h.py:27] end group stack cost 0.765 ms
DEBUG 04-24 11:15:46.657484.657484 cuda_h.py:27] end move_flatidxs_group_fused_mp cost 1.418 ms
DEBUG 04-24 11:15:46.657708.657708 cuda_h.py:27] end get_fused_experts_names_w cost 0.020 ms
DEBUG 04-24 11:15:46.658740.658740 cuda_h.py:27] end restore_fused_tensors cost 0.513 ms
DEBUG 04-24 11:15:46.658814.658814 cuda_h.py:27] end group_fused_tensors_mp cost 0.629 ms
DEBUG 04-24 11:15:46.659370.659370 cuda_h.py:27] end group stack cost 1.819 ms
DEBUG 04-24 11:15:46.659450.659450 cuda_h.py:27] end move_flatidxs_group_fused_mp cost 2.974 ms
DEBUG 04-24 11:15:46.659566.659566 cuda_h.py:27] end group stack cost 1.930 ms
DEBUG 04-24 11:15:46.659884.659884 cuda_h.py:27] end get_fused_experts_names_w cost 0.036 ms
DEBUG 04-24 11:15:46.659614.659614 cuda_h.py:27] end move_flatidxs_group_fused_mp cost 3.248 ms
DEBUG 04-24 11:15:46.659506.659506 cuda_h.py:27] end group stack cost 2.166 ms
DEBUG 04-24 11:15:46.659320.659320 cuda_h.py:27] end get_fused_experts_names_w cost 0.043 ms
DEBUG 04-24 11:15:46.659196.659196 cuda_h.py:27] end move_flatidxs_group_fused_mp cost 3.546 ms
DEBUG 04-24 11:15:46.660542.660542 cuda_h.py:27] end get_fused_experts_names_w cost 0.044 ms
DEBUG 04-24 11:15:46.661450.661450 cuda_h.py:27] end restore_fused_tensors cost 1.182 ms
DEBUG 04-24 11:15:46.661772.661772 cuda_h.py:27] end group_fused_tensors_mp cost 1.645 ms
DEBUG 04-24 11:15:46.661342.661342 cuda_h.py:27] end restore_fused_tensors cost 1.397 ms
DEBUG 04-24 11:15:46.661754.661754 cuda_h.py:27] end restore_fused_tensors cost 1.170 ms
DEBUG 04-24 11:15:46.661777.661777 cuda_h.py:27] end group_fused_tensors_mp cost 1.826 ms
DEBUG 04-24 11:15:46.661646.661646 cuda_h.py:27] end group_fused_tensors_mp cost 1.569 ms
DEBUG 04-24 11:15:46.661554.661554 cuda_h.py:27] end restore2model cost 1.642 ms
DEBUG 04-24 11:15:46.662614.662614 cuda_h.py:27] end sllm_worker_task cost 13.823 ms
DEBUG 04-24 11:15:46.664562.664562 cuda_h.py:27] end load_into_gpu_async_fused_experts_dual cost 7.645 ms
DEBUG 04-24 11:15:46.664273.664273 cuda_h.py:27] end restore_tensors2_fused_experts_packed cost 0.295 ms
DEBUG 04-24 11:15:46.665595.665595 cuda_h.py:27] end restore_tensors2_fused_experts_slices cost 0.867 ms
DEBUG 04-24 11:15:46.666286.666286 cuda_h.py:27] end allocate_experts_cuda_memory_and_restore_model_multi_device_fused cost 11.812 ms
DEBUG 04-24 11:15:46.666996.666996 cuda_h.py:27] end gpu_sexperts cost 0.022 ms
DEBUG 04-24 11:15:46.667766.667766 cuda_h.py:27] end wait_load_qkvogn_s_weight cost 0.060 ms
DEBUG 04-24 11:15:46.667475.667475 mlpmodule.py:3373] [fused_group_bmm][steps] bmm1=4.894 ms split=0.158 ms act_mul=0.534 ms bmm2=3.702 ms
DEBUG 04-24 11:15:46.668576.668576 cuda_h.py:27] end fused_group_bmm cost 9.574 ms
DEBUG 04-24 11:15:46.668455.668455 cuda_h.py:27] end gather_outputs_group_fused_mp cost 0.494 ms
DEBUG 04-24 11:15:46.669860.669860 cuda_h.py:27] end cpu_experts_worker_bmm_or_einsum_0 cost 14.553 ms
DEBUG 04-24 11:15:46.675592.675592 mlpmodule.py:3373] [fused_group_bmm][steps] bmm1=8.390 ms split=0.148 ms act_mul=0.358 ms bmm2=4.146 ms
DEBUG 04-24 11:15:46.675780.675780 mlpmodule.py:3373] [fused_group_bmm][steps] bmm1=7.999 ms split=0.100 ms act_mul=0.314 ms bmm2=5.602 ms
DEBUG 04-24 11:15:46.675369.675369 cuda_h.py:27] end fused_group_bmm cost 14.234 ms
DEBUG 04-24 11:15:46.675779.675779 cuda_h.py:27] end fused_group_bmm cost 13.320 ms
DEBUG 04-24 11:15:46.676037.676037 cuda_h.py:27] end gather_outputs_group_fused_mp cost 0.460 ms
DEBUG 04-24 11:15:46.676306.676306 cuda_h.py:27] end gather_outputs_group_fused_mp cost 0.575 ms
DEBUG 04-24 11:15:46.676916.676916 cuda_h.py:27] end cpu_experts_worker_bmm_or_einsum_3 cost 21.883 ms
DEBUG 04-24 11:15:46.676905.676905 mlpmodule.py:3373] [fused_group_bmm][steps] bmm1=8.116 ms split=0.118 ms act_mul=0.484 ms bmm2=5.969 ms
DEBUG 04-24 11:15:46.677626.677626 cuda_h.py:27] end cpu_experts_worker_bmm_or_einsum_1 cost 22.113 ms
DEBUG 04-24 11:15:46.677343.677343 cuda_h.py:27] end fused_group_bmm cost 14.939 ms
DEBUG 04-24 11:15:46.677200.677200 cuda_h.py:27] end gather_outputs_group_fused_mp cost 0.487 ms
DEBUG 04-24 11:15:46.678580.678580 cuda_h.py:27] end cpu_experts_worker_bmm_or_einsum_2 cost 23.336 ms
DEBUG 04-24 11:15:46.681396.681396 cuda_h.py:27] end prepare_per_device_parameters cost 14.725 ms
DEBUG 04-24 11:15:46.683677.683677 cuda_h.py:27] end cpu_experts_scatter_reduce cost 0.644 ms
DEBUG 04-24 11:15:46.684381.684381 cuda_h.py:27] end cpu_thread_manager_mp_wait_fused cost 2.066 ms
DEBUG 04-24 11:15:46.687991.687991 cuda_h.py:27] end wait_experts_multi_device cost 3.539 ms
DEBUG 04-24 11:15:46.687880.687880 cuda_h.py:27] end *before fused experts* cost 33.130 ms
DEBUG 04-24 11:15:46.691300.691300 cuda_h.py:27] end gpu_experts_multi_device_fused cost 3.995 ms
DEBUG 04-24 11:15:46.691057.691057 cuda_h.py:27] end *gpu experts* cost 37.229 ms
DEBUG 04-24 11:15:46.691344.691344 cuda_h.py:27] end layer_moe_generate_mp_multi_device_fused_l_14 cost 41.050 ms
DEBUG 04-24 11:15:46.693887.693887 cuda_h.py:27] end *mlp cost 42.434 ms
DEBUG 04-24 11:15:46.693646.693646 cuda_h.py:27] end prefill_layer cost 45.180 ms
DEBUG 04-24 11:15:46.693017.693017 lmp.py:341] -------------------------------- end prefill layer 13 --------------------------------
DEBUG 04-24 11:15:46.693363.693363 lmp.py:294] -------------------------------- start prefill layer 14 --------------------------------
DEBUG 04-24 11:15:46.693806.693806 cuda_h.py:27] end start_load_qkvogn_s_weight_l_15 cost 0.083 ms
DEBUG 04-24 11:15:46.694647.694647 cuda_h.py:27] end allocate_cuda_memory cost 0.348 ms
DEBUG 04-24 11:15:46.694162.694162 sllm_store_c.py:27] get device uuid map
DEBUG 04-24 11:15:46.694200.694200 sllm_store_c.py:29] call client load into gpu
DEBUG 04-24 11:15:46.696108.696108 cuda_h.py:27] end **self_attn cost 1.676 ms
DEBUG 04-24 11:15:46.696296.696296 cuda_h.py:27] end *iln_self_attn_paln cost 3.067 ms
DEBUG 04-24 11:15:46.697150.697150 cuda_h.py:27] end load_into_gpu_async cost 2.587 ms
DEBUG 04-24 11:15:46.697526.697526 cuda_h.py:27] end restore_tensors2 cost 0.103 ms
DEBUG 04-24 11:15:46.697381.697381 cuda_h.py:27] end allocate_cuda_memory_and_load_into_gpu cost 3.584 ms
DEBUG 04-24 11:15:46.697548.697548 cuda_h.py:27] end gate cost 1.041 ms
DEBUG 04-24 11:15:46.698497.698497 cuda_h.py:27] end experts_map_get cost 0.352 ms
DEBUG 04-24 11:15:46.698294.698294 cuda_h.py:27] end *before experts start* cost 1.568 ms
DEBUG 04-24 11:15:46.698993.698993 cuda_h.py:27] end cpu_experts_submit_fused_mp cost 0.270 ms
DEBUG 04-24 11:15:46.700328.700328 cuda_h.py:27] end *single cpu experts* cost 1.774 ms
DEBUG 04-24 11:15:46.702961.702961 cuda_h.py:27] end prepare_group_stack cost 0.469 ms
DEBUG 04-24 11:15:46.702870.702870 cuda_h.py:27] end prepare_group_stack cost 0.488 ms
DEBUG 04-24 11:15:46.702290.702290 cuda_h.py:27] end prepare_group_stack cost 0.468 ms
DEBUG 04-24 11:15:46.702170.702170 sllm_store_c.py:27] get device uuid map
DEBUG 04-24 11:15:46.702604.702604 cuda_h.py:27] end prepare_group_stack cost 0.639 ms
DEBUG 04-24 11:15:46.702489.702489 sllm_store_c.py:29] call client load into gpu
DEBUG 04-24 11:15:46.703081.703081 cuda_h.py:27] end group stack cost 0.956 ms
DEBUG 04-24 11:15:46.703349.703349 cuda_h.py:27] end move_flatidxs_group_fused_mp cost 1.613 ms
DEBUG 04-24 11:15:46.703822.703822 cuda_h.py:27] end get_fused_experts_names_w cost 0.022 ms
DEBUG 04-24 11:15:46.703014.703014 cuda_h.py:27] end group stack cost 0.951 ms
DEBUG 04-24 11:15:46.703144.703144 cuda_h.py:27] end move_flatidxs_group_fused_mp cost 1.682 ms
DEBUG 04-24 11:15:46.703701.703701 cuda_h.py:27] end group stack cost 1.182 ms
DEBUG 04-24 11:15:46.703748.703748 cuda_h.py:27] end get_fused_experts_names_w cost 0.023 ms
DEBUG 04-24 11:15:46.703683.703683 cuda_h.py:27] end move_flatidxs_group_fused_mp cost 2.017 ms
DEBUG 04-24 11:15:46.704659.704659 cuda_h.py:27] end get_fused_experts_names_w cost 0.026 ms
DEBUG 04-24 11:15:46.704078.704078 cuda_h.py:27] end restore_fused_tensors cost 0.506 ms
DEBUG 04-24 11:15:46.704323.704323 cuda_h.py:27] end group_fused_tensors_mp cost 0.746 ms
DEBUG 04-24 11:15:46.704084.704084 cuda_h.py:27] end restore_fused_tensors cost 0.692 ms
DEBUG 04-24 11:15:46.704795.704795 cuda_h.py:27] end group_fused_tensors_mp cost 0.835 ms
DEBUG 04-24 11:15:46.704670.704670 cuda_h.py:27] end restore_fused_tensors cost 0.665 ms
DEBUG 04-24 11:15:46.704529.704529 cuda_h.py:27] end group stack cost 1.736 ms
DEBUG 04-24 11:15:46.704612.704612 cuda_h.py:27] end group_fused_tensors_mp cost 0.802 ms
DEBUG 04-24 11:15:46.705850.705850 cuda_h.py:27] end move_flatidxs_group_fused_mp cost 3.111 ms
DEBUG 04-24 11:15:46.705063.705063 cuda_h.py:27] end get_fused_experts_names_w cost 0.034 ms
DEBUG 04-24 11:15:46.705296.705296 cuda_h.py:27] end restore2model cost 1.176 ms
DEBUG 04-24 11:15:46.705631.705631 cuda_h.py:27] end load_into_gpu_async_fused_experts_dual cost 3.283 ms
DEBUG 04-24 11:15:46.706330.706330 cuda_h.py:27] end sllm_worker_task cost 12.130 ms
DEBUG 04-24 11:15:46.706109.706109 cuda_h.py:27] end restore_tensors2_fused_experts_packed cost 0.125 ms
DEBUG 04-24 11:15:46.706522.706522 cuda_h.py:27] end restore_fused_tensors cost 1.055 ms
DEBUG 04-24 11:15:46.706573.706573 cuda_h.py:27] end group_fused_tensors_mp cost 1.608 ms
DEBUG 04-24 11:15:46.707867.707867 cuda_h.py:27] end restore_tensors2_fused_experts_slices cost 0.857 ms
DEBUG 04-24 11:15:46.708452.708452 cuda_h.py:27] end allocate_experts_cuda_memory_and_restore_model_multi_device_fused cost 7.945 ms
DEBUG 04-24 11:15:46.708930.708930 cuda_h.py:27] end gpu_sexperts cost 0.019 ms
DEBUG 04-24 11:15:46.709981.709981 cuda_h.py:27] end wait_load_qkvogn_s_weight cost 0.076 ms
DEBUG 04-24 11:15:46.716148.716148 mlpmodule.py:3373] [fused_group_bmm][steps] bmm1=7.039 ms split=0.137 ms act_mul=0.479 ms bmm2=4.321 ms
DEBUG 04-24 11:15:46.717003.717003 cuda_h.py:27] end fused_group_bmm cost 12.431 ms
DEBUG 04-24 11:15:46.718386.718386 cuda_h.py:27] end gather_outputs_group_fused_mp cost 0.855 ms
DEBUG 04-24 11:15:46.719083.719083 cuda_h.py:27] end cpu_experts_worker_bmm_or_einsum_0 cost 18.377 ms
DEBUG 04-24 11:15:46.720116.720116 mlpmodule.py:3373] [fused_group_bmm][steps] bmm1=8.516 ms split=0.147 ms act_mul=0.446 ms bmm2=6.525 ms
DEBUG 04-24 11:15:46.720171.720171 cuda_h.py:27] end fused_group_bmm cost 15.924 ms
DEBUG 04-24 11:15:46.720325.720325 mlpmodule.py:3373] [fused_group_bmm][steps] bmm1=9.619 ms split=0.226 ms act_mul=0.494 ms bmm2=4.954 ms
DEBUG 04-24 11:15:46.720738.720738 cuda_h.py:27] end fused_group_bmm cost 15.600 ms
DEBUG 04-24 11:15:46.721103.721103 cuda_h.py:27] end gather_outputs_group_fused_mp cost 0.471 ms
DEBUG 04-24 11:15:46.721769.721769 cuda_h.py:27] end cpu_experts_worker_bmm_or_einsum_2 cost 20.853 ms
DEBUG 04-24 11:15:46.721559.721559 cuda_h.py:27] end gather_outputs_group_fused_mp cost 0.548 ms
DEBUG 04-24 11:15:46.722748.722748 cuda_h.py:27] end cpu_experts_worker_bmm_or_einsum_1 cost 21.393 ms
DEBUG 04-24 11:15:46.725231.725231 mlpmodule.py:3373] [fused_group_bmm][steps] bmm1=13.266 ms split=0.099 ms act_mul=0.429 ms bmm2=4.822 ms
DEBUG 04-24 11:15:46.726039.726039 cuda_h.py:27] end fused_group_bmm cost 18.820 ms
DEBUG 04-24 11:15:46.726556.726556 cuda_h.py:27] end prepare_per_device_parameters cost 16.598 ms
DEBUG 04-24 11:15:46.726450.726450 cuda_h.py:27] end gather_outputs_group_fused_mp cost 0.365 ms
DEBUG 04-24 11:15:46.726002.726002 cuda_h.py:27] end cpu_experts_worker_bmm_or_einsum_3 cost 26.076 ms
DEBUG 04-24 11:15:46.728477.728477 cuda_h.py:27] end cpu_experts_scatter_reduce cost 0.686 ms
DEBUG 04-24 11:15:46.728433.728433 cuda_h.py:27] end cpu_thread_manager_mp_wait_fused cost 1.877 ms
DEBUG 04-24 11:15:46.729841.729841 cuda_h.py:27] end wait_experts_multi_device cost 1.282 ms
DEBUG 04-24 11:15:46.729777.729777 cuda_h.py:27] end *before fused experts* cost 29.147 ms
DEBUG 04-24 11:15:46.733995.733995 cuda_h.py:27] end gpu_experts_multi_device_fused cost 4.093 ms
DEBUG 04-24 11:15:46.733335.733335 cuda_h.py:27] end *gpu experts* cost 33.351 ms
DEBUG 04-24 11:15:46.733622.733622 cuda_h.py:27] end layer_moe_generate_mp_multi_device_fused_l_15 cost 36.888 ms
DEBUG 04-24 11:15:46.735400.735400 cuda_h.py:27] end *mlp cost 38.163 ms
DEBUG 04-24 11:15:46.735125.735125 cuda_h.py:27] end prefill_layer cost 41.580 ms
DEBUG 04-24 11:15:46.735511.735511 lmp.py:341] -------------------------------- end prefill layer 14 --------------------------------
DEBUG 04-24 11:15:46.735088.735088 lmp.py:294] -------------------------------- start prefill layer 15 --------------------------------
DEBUG 04-24 11:15:46.735516.735516 cuda_h.py:27] end start_load_qkvogn_s_weight_l_16 cost 0.061 ms
DEBUG 04-24 11:15:46.735137.735137 cuda_h.py:27] end allocate_cuda_memory cost 0.230 ms
DEBUG 04-24 11:15:46.735348.735348 sllm_store_c.py:27] get device uuid map
DEBUG 04-24 11:15:46.736791.736791 sllm_store_c.py:29] call client load into gpu
DEBUG 04-24 11:15:46.737799.737799 cuda_h.py:27] end **self_attn cost 1.344 ms
DEBUG 04-24 11:15:46.737400.737400 cuda_h.py:27] end load_into_gpu_async cost 1.720 ms
DEBUG 04-24 11:15:46.737550.737550 cuda_h.py:27] end restore_tensors2 cost 0.094 ms
DEBUG 04-24 11:15:46.737573.737573 cuda_h.py:27] end allocate_cuda_memory_and_load_into_gpu cost 2.425 ms
DEBUG 04-24 11:15:46.738077.738077 cuda_h.py:27] end *iln_self_attn_paln cost 2.796 ms
DEBUG 04-24 11:15:46.738283.738283 cuda_h.py:27] end gate cost 0.534 ms
DEBUG 04-24 11:15:46.739952.739952 cuda_h.py:27] end experts_map_get cost 0.303 ms
DEBUG 04-24 11:15:46.739927.739927 cuda_h.py:27] end *before experts start* cost 0.984 ms
DEBUG 04-24 11:15:46.739220.739220 cuda_h.py:27] end cpu_experts_submit_fused_mp cost 0.223 ms
DEBUG 04-24 11:15:46.740067.740067 cuda_h.py:27] end *single cpu experts* cost 1.192 ms
DEBUG 04-24 11:15:46.741752.741752 cuda_h.py:27] end prepare_group_stack cost 0.423 ms
DEBUG 04-24 11:15:46.742738.742738 cuda_h.py:27] end group stack cost 0.662 ms
DEBUG 04-24 11:15:46.742503.742503 cuda_h.py:27] end move_flatidxs_group_fused_mp cost 1.314 ms
DEBUG 04-24 11:15:46.742894.742894 cuda_h.py:27] end prepare_group_stack cost 0.443 ms
DEBUG 04-24 11:15:46.742777.742777 cuda_h.py:27] end get_fused_experts_names_w cost 0.034 ms
DEBUG 04-24 11:15:46.742327.742327 cuda_h.py:27] end prepare_group_stack cost 0.450 ms
DEBUG 04-24 11:15:46.742241.742241 cuda_h.py:27] end prepare_group_stack cost 0.484 ms
DEBUG 04-24 11:15:46.743457.743457 sllm_store_c.py:27] get device uuid map
DEBUG 04-24 11:15:46.743956.743956 sllm_store_c.py:29] call client load into gpu
DEBUG 04-24 11:15:46.743950.743950 cuda_h.py:27] end restore_fused_tensors cost 0.694 ms
DEBUG 04-24 11:15:46.743165.743165 cuda_h.py:27] end group_fused_tensors_mp cost 0.956 ms
DEBUG 04-24 11:15:46.743360.743360 cuda_h.py:27] end group stack cost 0.949 ms
DEBUG 04-24 11:15:46.744626.744626 cuda_h.py:27] end group stack cost 1.050 ms
DEBUG 04-24 11:15:46.744853.744853 cuda_h.py:27] end move_flatidxs_group_fused_mp cost 1.799 ms
DEBUG 04-24 11:15:46.744093.744093 cuda_h.py:27] end move_flatidxs_group_fused_mp cost 1.798 ms
DEBUG 04-24 11:15:46.744091.744091 cuda_h.py:27] end get_fused_experts_names_w cost 0.025 ms
DEBUG 04-24 11:15:46.744528.744528 cuda_h.py:27] end get_fused_experts_names_w cost 0.022 ms
DEBUG 04-24 11:15:46.744276.744276 cuda_h.py:27] end group stack cost 1.299 ms
DEBUG 04-24 11:15:46.744601.744601 cuda_h.py:27] end move_flatidxs_group_fused_mp cost 2.107 ms
DEBUG 04-24 11:15:46.744255.744255 cuda_h.py:27] end get_fused_experts_names_w cost 0.029 ms
DEBUG 04-24 11:15:46.745446.745446 cuda_h.py:27] end restore_fused_tensors cost 0.563 ms
DEBUG 04-24 11:15:46.745475.745475 cuda_h.py:27] end restore_fused_tensors cost 0.665 ms
DEBUG 04-24 11:15:46.745159.745159 cuda_h.py:27] end group_fused_tensors_mp cost 0.875 ms
DEBUG 04-24 11:15:46.745517.745517 cuda_h.py:27] end group_fused_tensors_mp cost 0.905 ms
DEBUG 04-24 11:15:46.745481.745481 cuda_h.py:27] end restore_fused_tensors cost 0.594 ms
DEBUG 04-24 11:15:46.745291.745291 cuda_h.py:27] end group_fused_tensors_mp cost 0.901 ms
DEBUG 04-24 11:15:46.747687.747687 cuda_h.py:27] end load_into_gpu_async_fused_experts_dual cost 4.023 ms
DEBUG 04-24 11:15:46.747580.747580 cuda_h.py:27] end restore2model cost 2.658 ms
DEBUG 04-24 11:15:46.748028.748028 cuda_h.py:27] end restore_tensors2_fused_experts_packed cost 0.240 ms
DEBUG 04-24 11:15:46.748755.748755 cuda_h.py:27] end sllm_worker_task cost 12.807 ms
DEBUG 04-24 11:15:46.749803.749803 cuda_h.py:27] end restore_tensors2_fused_experts_slices cost 0.514 ms
DEBUG 04-24 11:15:46.749317.749317 cuda_h.py:27] end allocate_experts_cuda_memory_and_restore_model_multi_device_fused cost 9.146 ms
DEBUG 04-24 11:15:46.749706.749706 cuda_h.py:27] end gpu_sexperts cost 0.019 ms
DEBUG 04-24 11:15:46.749114.749114 cuda_h.py:27] end wait_load_qkvogn_s_weight cost 0.048 ms
DEBUG 04-24 11:15:46.753654.753654 mlpmodule.py:3373] [fused_group_bmm][steps] bmm1=5.217 ms split=0.178 ms act_mul=0.522 ms bmm2=3.980 ms
DEBUG 04-24 11:15:46.754424.754424 cuda_h.py:27] end fused_group_bmm cost 10.189 ms
DEBUG 04-24 11:15:46.754528.754528 cuda_h.py:27] end gather_outputs_group_fused_mp cost 0.475 ms
DEBUG 04-24 11:15:46.755717.755717 cuda_h.py:27] end cpu_experts_worker_bmm_or_einsum_0 cost 14.982 ms
DEBUG 04-24 11:15:46.758425.758425 mlpmodule.py:3373] [fused_group_bmm][steps] bmm1=8.020 ms split=0.125 ms act_mul=0.326 ms bmm2=4.042 ms
DEBUG 04-24 11:15:46.758857.758857 cuda_h.py:27] end fused_group_bmm cost 12.801 ms
DEBUG 04-24 11:15:46.758518.758518 mlpmodule.py:3373] [fused_group_bmm][steps] bmm1=7.456 ms split=0.253 ms act_mul=0.431 ms bmm2=4.989 ms
DEBUG 04-24 11:15:46.758676.758676 cuda_h.py:27] end fused_group_bmm cost 13.521 ms
DEBUG 04-24 11:15:46.759488.759488 cuda_h.py:27] end gather_outputs_group_fused_mp cost 0.557 ms
DEBUG 04-24 11:15:46.759910.759910 cuda_h.py:27] end gather_outputs_group_fused_mp cost 0.469 ms
DEBUG 04-24 11:15:46.759268.759268 cuda_h.py:27] end cpu_experts_worker_bmm_or_einsum_1 cost 18.644 ms
DEBUG 04-24 11:15:46.760838.760838 cuda_h.py:27] end cpu_experts_worker_bmm_or_einsum_3 cost 18.858 ms
DEBUG 04-24 11:15:46.760374.760374 mlpmodule.py:3373] [fused_group_bmm][steps] bmm1=8.915 ms split=0.123 ms act_mul=0.310 ms bmm2=5.575 ms
DEBUG 04-24 11:15:46.760455.760455 cuda_h.py:27] end fused_group_bmm cost 15.193 ms
DEBUG 04-24 11:15:46.761961.761961 cuda_h.py:27] end gather_outputs_group_fused_mp cost 0.466 ms
DEBUG 04-24 11:15:46.761872.761872 cuda_h.py:27] end cpu_experts_worker_bmm_or_einsum_2 cost 20.473 ms
DEBUG 04-24 11:15:46.765317.765317 cuda_h.py:27] end prepare_per_device_parameters cost 15.911 ms
DEBUG 04-24 11:15:46.768414.768414 cuda_h.py:27] end cpu_experts_scatter_reduce cost 0.611 ms
DEBUG 04-24 11:15:46.768747.768747 cuda_h.py:27] end cpu_thread_manager_mp_wait_fused cost 2.080 ms
DEBUG 04-24 11:15:46.769881.769881 cuda_h.py:27] end wait_experts_multi_device cost 1.559 ms
DEBUG 04-24 11:15:46.769103.769103 cuda_h.py:27] end *before fused experts* cost 29.475 ms
DEBUG 04-24 11:15:46.774241.774241 cuda_h.py:27] end gpu_experts_multi_device_fused cost 4.237 ms
DEBUG 04-24 11:15:46.774621.774621 cuda_h.py:27] end *gpu experts* cost 33.868 ms
DEBUG 04-24 11:15:46.774617.774617 cuda_h.py:27] end layer_moe_generate_mp_multi_device_fused_l_16 cost 36.219 ms
DEBUG 04-24 11:15:46.776165.776165 cuda_h.py:27] end *mlp cost 37.955 ms
DEBUG 04-24 11:15:46.776234.776234 cuda_h.py:27] end prefill_layer cost 40.942 ms
DEBUG 04-24 11:15:46.776606.776606 lmp.py:341] -------------------------------- end prefill layer 15 --------------------------------
DEBUG 04-24 11:15:46.776686.776686 lmp.py:294] -------------------------------- start prefill layer 16 --------------------------------
DEBUG 04-24 11:15:46.776503.776503 cuda_h.py:27] end start_load_qkvogn_s_weight_l_17 cost 0.040 ms
DEBUG 04-24 11:15:46.776202.776202 cuda_h.py:27] end allocate_cuda_memory cost 0.203 ms
DEBUG 04-24 11:15:46.776937.776937 sllm_store_c.py:27] get device uuid map
DEBUG 04-24 11:15:46.776571.776571 sllm_store_c.py:29] call client load into gpu
DEBUG 04-24 11:15:46.778434.778434 cuda_h.py:27] end **self_attn cost 1.353 ms
DEBUG 04-24 11:15:46.778945.778945 cuda_h.py:27] end *iln_self_attn_paln cost 2.377 ms
DEBUG 04-24 11:15:46.779847.779847 cuda_h.py:27] end load_into_gpu_async cost 2.459 ms
DEBUG 04-24 11:15:46.779634.779634 cuda_h.py:27] end restore_tensors2 cost 0.090 ms
DEBUG 04-24 11:15:46.779798.779798 cuda_h.py:27] end allocate_cuda_memory_and_load_into_gpu cost 3.218 ms
DEBUG 04-24 11:15:46.779436.779436 cuda_h.py:27] end gate cost 1.036 ms
DEBUG 04-24 11:15:46.780019.780019 cuda_h.py:27] end experts_map_get cost 0.518 ms
DEBUG 04-24 11:15:46.780995.780995 cuda_h.py:27] end *before experts start* cost 1.705 ms
DEBUG 04-24 11:15:46.780128.780128 cuda_h.py:27] end cpu_experts_submit_fused_mp cost 0.212 ms
DEBUG 04-24 11:15:46.782471.782471 cuda_h.py:27] end *single cpu experts* cost 1.547 ms
DEBUG 04-24 11:15:46.783876.783876 cuda_h.py:27] end prepare_group_stack cost 0.479 ms
DEBUG 04-24 11:15:46.784948.784948 cuda_h.py:27] end group stack cost 0.849 ms
DEBUG 04-24 11:15:46.784029.784029 sllm_store_c.py:27] get device uuid map
DEBUG 04-24 11:15:46.784469.784469 sllm_store_c.py:29] call client load into gpu
DEBUG 04-24 11:15:46.784548.784548 cuda_h.py:27] end move_flatidxs_group_fused_mp cost 1.598 ms
DEBUG 04-24 11:15:46.784095.784095 cuda_h.py:27] end prepare_group_stack cost 0.516 ms
DEBUG 04-24 11:15:46.784264.784264 cuda_h.py:27] end prepare_group_stack cost 0.560 ms
DEBUG 04-24 11:15:46.784393.784393 cuda_h.py:27] end get_fused_experts_names_w cost 0.030 ms
DEBUG 04-24 11:15:46.784298.784298 cuda_h.py:27] end prepare_group_stack cost 0.683 ms
DEBUG 04-24 11:15:46.785728.785728 cuda_h.py:27] end restore_fused_tensors cost 0.559 ms
DEBUG 04-24 11:15:46.785624.785624 cuda_h.py:27] end group_fused_tensors_mp cost 0.809 ms
DEBUG 04-24 11:15:46.785257.785257 cuda_h.py:27] end group stack cost 1.108 ms
DEBUG 04-24 11:15:46.785400.785400 cuda_h.py:27] end move_flatidxs_group_fused_mp cost 1.915 ms
DEBUG 04-24 11:15:46.785542.785542 cuda_h.py:27] end group stack cost 1.286 ms
DEBUG 04-24 11:15:46.785936.785936 cuda_h.py:27] end get_fused_experts_names_w cost 0.028 ms
DEBUG 04-24 11:15:46.785030.785030 cuda_h.py:27] end move_flatidxs_group_fused_mp cost 2.093 ms
DEBUG 04-24 11:15:46.786653.786653 cuda_h.py:27] end get_fused_experts_names_w cost 0.029 ms
DEBUG 04-24 11:15:46.786896.786896 cuda_h.py:27] end group stack cost 1.785 ms
DEBUG 04-24 11:15:46.786124.786124 cuda_h.py:27] end restore_fused_tensors cost 0.672 ms
DEBUG 04-24 11:15:46.786689.786689 cuda_h.py:27] end group_fused_tensors_mp cost 0.973 ms
DEBUG 04-24 11:15:46.786186.786186 cuda_h.py:27] end restore_fused_tensors cost 0.663 ms
DEBUG 04-24 11:15:46.786253.786253 cuda_h.py:27] end move_flatidxs_group_fused_mp cost 2.926 ms
DEBUG 04-24 11:15:46.786036.786036 cuda_h.py:27] end group_fused_tensors_mp cost 0.808 ms
DEBUG 04-24 11:15:46.787891.787891 cuda_h.py:27] end get_fused_experts_names_w cost 0.037 ms
DEBUG 04-24 11:15:46.788245.788245 cuda_h.py:27] end restore_fused_tensors cost 1.039 ms
DEBUG 04-24 11:15:46.788673.788673 cuda_h.py:27] end group_fused_tensors_mp cost 1.638 ms
DEBUG 04-24 11:15:46.793199.793199 cuda_h.py:27] end restore2model cost 1.185 ms
DEBUG 04-24 11:15:46.793684.793684 cuda_h.py:27] end sllm_worker_task cost 17.214 ms
DEBUG 04-24 11:15:46.794717.794717 cuda_h.py:27] end load_into_gpu_async_fused_experts_dual cost 10.260 ms
DEBUG 04-24 11:15:46.794065.794065 cuda_h.py:27] end restore_tensors2_fused_experts_packed cost 0.165 ms
DEBUG 04-24 11:15:46.795919.795919 cuda_h.py:27] end restore_tensors2_fused_experts_slices cost 0.549 ms
DEBUG 04-24 11:15:46.795044.795044 cuda_h.py:27] end allocate_experts_cuda_memory_and_restore_model_multi_device_fused cost 13.476 ms
DEBUG 04-24 11:15:46.796992.796992 cuda_h.py:27] end gpu_sexperts cost 0.020 ms
DEBUG 04-24 11:15:46.796004.796004 cuda_h.py:27] end wait_load_qkvogn_s_weight cost 0.055 ms
DEBUG 04-24 11:15:46.799213.799213 mlpmodule.py:3373] [fused_group_bmm][steps] bmm1=8.509 ms split=0.147 ms act_mul=0.619 ms bmm2=4.807 ms
DEBUG 04-24 11:15:46.799593.799593 cuda_h.py:27] end fused_group_bmm cost 14.400 ms
DEBUG 04-24 11:15:46.799613.799613 mlpmodule.py:3373] [fused_group_bmm][steps] bmm1=7.189 ms split=0.108 ms act_mul=0.373 ms bmm2=4.483 ms
DEBUG 04-24 11:15:46.800440.800440 cuda_h.py:27] end fused_group_bmm cost 12.773 ms
DEBUG 04-24 11:15:46.800850.800850 cuda_h.py:27] end gather_outputs_group_fused_mp cost 0.474 ms
DEBUG 04-24 11:15:46.800047.800047 cuda_h.py:27] end gather_outputs_group_fused_mp cost 0.573 ms
DEBUG 04-24 11:15:46.800609.800609 mlpmodule.py:3373] [fused_group_bmm][steps] bmm1=7.782 ms split=0.098 ms act_mul=0.596 ms bmm2=5.379 ms
DEBUG 04-24 11:15:46.800396.800396 cuda_h.py:27] end cpu_experts_worker_bmm_or_einsum_0 cost 19.561 ms
DEBUG 04-24 11:15:46.801842.801842 cuda_h.py:27] end cpu_experts_worker_bmm_or_einsum_1 cost 18.547 ms
DEBUG 04-24 11:15:46.801013.801013 cuda_h.py:27] end fused_group_bmm cost 14.290 ms
DEBUG 04-24 11:15:46.801471.801471 cuda_h.py:27] end gather_outputs_group_fused_mp cost 0.434 ms
DEBUG 04-24 11:15:46.802786.802786 cuda_h.py:27] end cpu_experts_worker_bmm_or_einsum_2 cost 19.863 ms
DEBUG 04-24 11:15:46.802889.802889 mlpmodule.py:3373] [fused_group_bmm][steps] bmm1=6.981 ms split=0.159 ms act_mul=0.441 ms bmm2=5.716 ms
DEBUG 04-24 11:15:46.802573.802573 cuda_h.py:27] end fused_group_bmm cost 13.584 ms
DEBUG 04-24 11:15:46.803738.803738 cuda_h.py:27] end gather_outputs_group_fused_mp cost 0.381 ms
DEBUG 04-24 11:15:46.803805.803805 cuda_h.py:27] end cpu_experts_worker_bmm_or_einsum_3 cost 21.289 ms
DEBUG 04-24 11:15:46.811435.811435 cuda_h.py:27] end prepare_per_device_parameters cost 14.679 ms
DEBUG 04-24 11:15:46.813975.813975 cuda_h.py:27] end cpu_experts_scatter_reduce cost 0.597 ms
DEBUG 04-24 11:15:46.813686.813686 cuda_h.py:27] end cpu_thread_manager_mp_wait_fused cost 2.065 ms
DEBUG 04-24 11:15:46.814031.814031 cuda_h.py:27] end wait_experts_multi_device cost 1.165 ms
DEBUG 04-24 11:15:46.814543.814543 cuda_h.py:27] end *before fused experts* cost 32.533 ms
DEBUG 04-24 11:15:46.818246.818246 cuda_h.py:27] end gpu_experts_multi_device_fused cost 3.943 ms
DEBUG 04-24 11:15:46.818487.818487 cuda_h.py:27] end *gpu experts* cost 36.600 ms
DEBUG 04-24 11:15:46.818867.818867 cuda_h.py:27] end layer_moe_generate_mp_multi_device_fused_l_17 cost 40.022 ms
DEBUG 04-24 11:15:46.820700.820700 cuda_h.py:27] end *mlp cost 41.548 ms
DEBUG 04-24 11:15:46.820988.820988 cuda_h.py:27] end prefill_layer cost 44.216 ms
DEBUG 04-24 11:15:46.820075.820075 lmp.py:341] -------------------------------- end prefill layer 16 --------------------------------
DEBUG 04-24 11:15:46.820871.820871 lmp.py:294] -------------------------------- start prefill layer 17 --------------------------------
DEBUG 04-24 11:15:46.820164.820164 cuda_h.py:27] end start_load_qkvogn_s_weight_l_18 cost 0.042 ms
DEBUG 04-24 11:15:46.820309.820309 cuda_h.py:27] end allocate_cuda_memory cost 0.224 ms
DEBUG 04-24 11:15:46.821149.821149 sllm_store_c.py:27] get device uuid map
DEBUG 04-24 11:15:46.821410.821410 sllm_store_c.py:29] call client load into gpu
DEBUG 04-24 11:15:46.823444.823444 cuda_h.py:27] end **self_attn cost 1.504 ms
DEBUG 04-24 11:15:46.823399.823399 cuda_h.py:27] end *iln_self_attn_paln cost 2.716 ms
DEBUG 04-24 11:15:46.823507.823507 cuda_h.py:27] end load_into_gpu_async cost 2.405 ms
DEBUG 04-24 11:15:46.823771.823771 cuda_h.py:27] end restore_tensors2 cost 0.102 ms
DEBUG 04-24 11:15:46.823363.823363 cuda_h.py:27] end allocate_cuda_memory_and_load_into_gpu cost 3.084 ms
DEBUG 04-24 11:15:46.824528.824528 cuda_h.py:27] end gate cost 0.938 ms
DEBUG 04-24 11:15:46.824236.824236 cuda_h.py:27] end experts_map_get cost 0.293 ms
DEBUG 04-24 11:15:46.824450.824450 cuda_h.py:27] end *before experts start* cost 1.383 ms
DEBUG 04-24 11:15:46.825300.825300 cuda_h.py:27] end cpu_experts_submit_fused_mp cost 0.246 ms
DEBUG 04-24 11:15:46.826632.826632 cuda_h.py:27] end *single cpu experts* cost 1.259 ms
DEBUG 04-24 11:15:46.828349.828349 sllm_store_c.py:27] get device uuid map
DEBUG 04-24 11:15:46.828393.828393 cuda_h.py:27] end prepare_group_stack cost 0.521 ms
DEBUG 04-24 11:15:46.828091.828091 cuda_h.py:27] end prepare_group_stack cost 0.692 ms
DEBUG 04-24 11:15:46.828696.828696 sllm_store_c.py:29] call client load into gpu
DEBUG 04-24 11:15:46.828350.828350 cuda_h.py:27] end prepare_group_stack cost 0.626 ms
DEBUG 04-24 11:15:46.828801.828801 cuda_h.py:27] end prepare_group_stack cost 0.736 ms
DEBUG 04-24 11:15:46.829421.829421 cuda_h.py:27] end group stack cost 0.887 ms
DEBUG 04-24 11:15:46.829397.829397 cuda_h.py:27] end move_flatidxs_group_fused_mp cost 1.700 ms
DEBUG 04-24 11:15:46.829956.829956 cuda_h.py:27] end get_fused_experts_names_w cost 0.023 ms
DEBUG 04-24 11:15:46.830482.830482 cuda_h.py:27] end group stack cost 1.260 ms
DEBUG 04-24 11:15:46.830270.830270 cuda_h.py:27] end move_flatidxs_group_fused_mp cost 2.282 ms
DEBUG 04-24 11:15:46.830845.830845 cuda_h.py:27] end get_fused_experts_names_w cost 0.031 ms
DEBUG 04-24 11:15:46.830569.830569 cuda_h.py:27] end restore_fused_tensors cost 0.494 ms
DEBUG 04-24 11:15:46.830606.830606 cuda_h.py:27] end group_fused_tensors_mp cost 0.855 ms
DEBUG 04-24 11:15:46.830591.830591 cuda_h.py:27] end group stack cost 1.447 ms
DEBUG 04-24 11:15:46.830488.830488 cuda_h.py:27] end move_flatidxs_group_fused_mp cost 2.784 ms
DEBUG 04-24 11:15:46.831197.831197 cuda_h.py:27] end get_fused_experts_names_w cost 0.026 ms
DEBUG 04-24 11:15:46.831564.831564 cuda_h.py:27] end restore_fused_tensors cost 0.746 ms
DEBUG 04-24 11:15:46.831587.831587 cuda_h.py:27] end group_fused_tensors_mp cost 1.039 ms
DEBUG 04-24 11:15:46.831064.831064 cuda_h.py:27] end group stack cost 2.272 ms
DEBUG 04-24 11:15:46.831892.831892 cuda_h.py:27] end move_flatidxs_group_fused_mp cost 3.678 ms
DEBUG 04-24 11:15:46.831180.831180 cuda_h.py:27] end restore_fused_tensors cost 0.712 ms
DEBUG 04-24 11:15:46.832700.832700 cuda_h.py:27] end group_fused_tensors_mp cost 1.033 ms
DEBUG 04-24 11:15:46.832384.832384 cuda_h.py:27] end get_fused_experts_names_w cost 0.043 ms
DEBUG 04-24 11:15:46.833658.833658 cuda_h.py:27] end restore_fused_tensors cost 1.036 ms
DEBUG 04-24 11:15:46.833721.833721 cuda_h.py:27] end group_fused_tensors_mp cost 1.425 ms
DEBUG 04-24 11:15:46.833694.833694 cuda_h.py:27] end restore2model cost 1.688 ms
DEBUG 04-24 11:15:46.834879.834879 cuda_h.py:27] end sllm_worker_task cost 13.520 ms
DEBUG 04-24 11:15:46.834828.834828 cuda_h.py:27] end load_into_gpu_async_fused_experts_dual cost 6.203 ms
DEBUG 04-24 11:15:46.835733.835733 cuda_h.py:27] end restore_tensors2_fused_experts_packed cost 0.197 ms
DEBUG 04-24 11:15:46.835609.835609 cuda_h.py:27] end restore_tensors2_fused_experts_slices cost 0.550 ms
DEBUG 04-24 11:15:46.836676.836676 cuda_h.py:27] end allocate_experts_cuda_memory_and_restore_model_multi_device_fused cost 9.928 ms
DEBUG 04-24 11:15:46.836501.836501 cuda_h.py:27] end gpu_sexperts cost 0.017 ms
DEBUG 04-24 11:15:46.836782.836782 cuda_h.py:27] end wait_load_qkvogn_s_weight cost 0.043 ms
DEBUG 04-24 11:15:46.841733.841733 mlpmodule.py:3373] [fused_group_bmm][steps] bmm1=5.868 ms split=0.166 ms act_mul=0.503 ms bmm2=4.433 ms
DEBUG 04-24 11:15:46.842750.842750 cuda_h.py:27] end fused_group_bmm cost 11.299 ms
DEBUG 04-24 11:15:46.842378.842378 cuda_h.py:27] end gather_outputs_group_fused_mp cost 0.501 ms
DEBUG 04-24 11:15:46.843395.843395 cuda_h.py:27] end cpu_experts_worker_bmm_or_einsum_0 cost 16.509 ms
DEBUG 04-24 11:15:46.844305.844305 mlpmodule.py:3373] [fused_group_bmm][steps] bmm1=7.438 ms split=0.122 ms act_mul=0.392 ms bmm2=4.767 ms
DEBUG 04-24 11:15:46.845126.845126 cuda_h.py:27] end fused_group_bmm cost 12.934 ms
DEBUG 04-24 11:15:46.845210.845210 cuda_h.py:27] end gather_outputs_group_fused_mp cost 0.510 ms
DEBUG 04-24 11:15:46.846304.846304 cuda_h.py:27] end cpu_experts_worker_bmm_or_einsum_3 cost 19.550 ms
DEBUG 04-24 11:15:46.846767.846767 cuda_h.py:27] end prepare_per_device_parameters cost 10.283 ms
DEBUG 04-24 11:15:46.848170.848170 mlpmodule.py:3373] [fused_group_bmm][steps] bmm1=8.892 ms split=0.120 ms act_mul=0.405 ms bmm2=6.990 ms
DEBUG 04-24 11:15:46.848927.848927 cuda_h.py:27] end fused_group_bmm cost 16.692 ms
DEBUG 04-24 11:15:46.849659.849659 cuda_h.py:27] end gather_outputs_group_fused_mp cost 0.470 ms
DEBUG 04-24 11:15:46.848820.848820 mlpmodule.py:3373] [fused_group_bmm][steps] bmm1=9.507 ms split=0.125 ms act_mul=0.456 ms bmm2=5.071 ms
DEBUG 04-24 11:15:46.849670.849670 cuda_h.py:27] end fused_group_bmm cost 15.435 ms
DEBUG 04-24 11:15:46.849664.849664 cuda_h.py:27] end cpu_experts_worker_bmm_or_einsum_2 cost 22.793 ms
DEBUG 04-24 11:15:46.849906.849906 cuda_h.py:27] end gather_outputs_group_fused_mp cost 0.568 ms
DEBUG 04-24 11:15:46.850281.850281 cuda_h.py:27] end cpu_experts_worker_bmm_or_einsum_1 cost 23.482 ms
DEBUG 04-24 11:15:46.851484.851484 cuda_h.py:27] end cpu_experts_scatter_reduce cost 0.890 ms
DEBUG 04-24 11:15:46.852887.852887 cuda_h.py:27] end cpu_thread_manager_mp_wait_fused cost 4.983 ms
DEBUG 04-24 11:15:46.858939.858939 cuda_h.py:27] end wait_experts_multi_device cost 6.062 ms
DEBUG 04-24 11:15:46.858365.858365 cuda_h.py:27] end *before fused experts* cost 32.109 ms
DEBUG 04-24 11:15:46.863654.863654 cuda_h.py:27] end gpu_experts_multi_device_fused cost 5.220 ms
DEBUG 04-24 11:15:46.863540.863540 cuda_h.py:27] end *gpu experts* cost 37.503 ms
DEBUG 04-24 11:15:46.863231.863231 cuda_h.py:27] end layer_moe_generate_mp_multi_device_fused_l_18 cost 40.335 ms
DEBUG 04-24 11:15:46.864041.864041 cuda_h.py:27] end *mlp cost 41.561 ms
DEBUG 04-24 11:15:46.865548.865548 cuda_h.py:27] end prefill_layer cost 44.563 ms
DEBUG 04-24 11:15:46.865557.865557 lmp.py:341] -------------------------------- end prefill layer 17 --------------------------------
DEBUG 04-24 11:15:46.865512.865512 lmp.py:294] -------------------------------- start prefill layer 18 --------------------------------
DEBUG 04-24 11:15:46.865440.865440 cuda_h.py:27] end start_load_qkvogn_s_weight_l_19 cost 0.053 ms
DEBUG 04-24 11:15:46.865153.865153 cuda_h.py:27] end allocate_cuda_memory cost 0.223 ms
DEBUG 04-24 11:15:46.866377.866377 sllm_store_c.py:27] get device uuid map
DEBUG 04-24 11:15:46.866667.866667 sllm_store_c.py:29] call client load into gpu
DEBUG 04-24 11:15:46.867490.867490 cuda_h.py:27] end load_into_gpu_async cost 1.764 ms
DEBUG 04-24 11:15:46.868966.868966 cuda_h.py:27] end restore_tensors2 cost 0.109 ms
DEBUG 04-24 11:15:46.868524.868524 cuda_h.py:27] end allocate_cuda_memory_and_load_into_gpu cost 2.442 ms
DEBUG 04-24 11:15:46.868952.868952 cuda_h.py:27] end **self_attn cost 1.816 ms
DEBUG 04-24 11:15:46.868523.868523 cuda_h.py:27] end *iln_self_attn_paln cost 3.148 ms
DEBUG 04-24 11:15:46.869215.869215 cuda_h.py:27] end gate cost 0.555 ms
DEBUG 04-24 11:15:46.869295.869295 cuda_h.py:27] end experts_map_get cost 0.321 ms
DEBUG 04-24 11:15:46.869369.869369 cuda_h.py:27] end *before experts start* cost 1.030 ms
DEBUG 04-24 11:15:46.870332.870332 cuda_h.py:27] end cpu_experts_submit_fused_mp cost 0.224 ms
DEBUG 04-24 11:15:46.871855.871855 cuda_h.py:27] end *single cpu experts* cost 2.006 ms
DEBUG 04-24 11:15:46.873528.873528 cuda_h.py:27] end prepare_group_stack cost 0.437 ms
DEBUG 04-24 11:15:46.873293.873293 cuda_h.py:27] end prepare_group_stack cost 0.460 ms
DEBUG 04-24 11:15:46.873840.873840 cuda_h.py:27] end prepare_group_stack cost 0.526 ms
DEBUG 04-24 11:15:46.874066.874066 cuda_h.py:27] end group stack cost 0.940 ms
DEBUG 04-24 11:15:46.874439.874439 cuda_h.py:27] end group stack cost 0.739 ms
DEBUG 04-24 11:15:46.874572.874572 cuda_h.py:27] end move_flatidxs_group_fused_mp cost 1.575 ms
DEBUG 04-24 11:15:46.874489.874489 cuda_h.py:27] end move_flatidxs_group_fused_mp cost 1.575 ms
DEBUG 04-24 11:15:46.874254.874254 sllm_store_c.py:27] get device uuid map
DEBUG 04-24 11:15:46.874063.874063 cuda_h.py:27] end prepare_group_stack cost 0.667 ms
DEBUG 04-24 11:15:46.874470.874470 cuda_h.py:27] end group stack cost 1.057 ms
DEBUG 04-24 11:15:46.874279.874279 cuda_h.py:27] end get_fused_experts_names_w cost 0.022 ms
DEBUG 04-24 11:15:46.874438.874438 sllm_store_c.py:29] call client load into gpu
DEBUG 04-24 11:15:46.874459.874459 cuda_h.py:27] end get_fused_experts_names_w cost 0.025 ms
DEBUG 04-24 11:15:46.874585.874585 cuda_h.py:27] end move_flatidxs_group_fused_mp cost 2.026 ms
DEBUG 04-24 11:15:46.875742.875742 cuda_h.py:27] end get_fused_experts_names_w cost 0.024 ms
DEBUG 04-24 11:15:46.875157.875157 cuda_h.py:27] end restore_fused_tensors cost 0.511 ms
DEBUG 04-24 11:15:46.875563.875563 cuda_h.py:27] end group_fused_tensors_mp cost 0.797 ms
DEBUG 04-24 11:15:46.875121.875121 cuda_h.py:27] end restore_fused_tensors cost 0.868 ms
DEBUG 04-24 11:15:46.875109.875109 cuda_h.py:27] end restore_fused_tensors cost 0.712 ms
DEBUG 04-24 11:15:46.875547.875547 cuda_h.py:27] end group_fused_tensors_mp cost 1.294 ms
DEBUG 04-24 11:15:46.875813.875813 cuda_h.py:27] end group_fused_tensors_mp cost 0.958 ms
DEBUG 04-24 11:15:46.876242.876242 cuda_h.py:27] end restore2model cost 1.015 ms
DEBUG 04-24 11:15:46.876334.876334 cuda_h.py:27] end sllm_worker_task cost 11.001 ms
DEBUG 04-24 11:15:46.876841.876841 cuda_h.py:27] end group stack cost 2.137 ms
DEBUG 04-24 11:15:46.877987.877987 cuda_h.py:27] end move_flatidxs_group_fused_mp cost 3.388 ms
DEBUG 04-24 11:15:46.877430.877430 cuda_h.py:27] end load_into_gpu_async_fused_experts_dual cost 2.661 ms
DEBUG 04-24 11:15:46.877678.877678 cuda_h.py:27] end get_fused_experts_names_w cost 0.039 ms
DEBUG 04-24 11:15:46.877850.877850 cuda_h.py:27] end restore_tensors2_fused_experts_packed cost 0.161 ms
DEBUG 04-24 11:15:46.878361.878361 cuda_h.py:27] end restore_tensors2_fused_experts_slices cost 0.842 ms
DEBUG 04-24 11:15:46.878931.878931 cuda_h.py:27] end restore_fused_tensors cost 1.151 ms
DEBUG 04-24 11:15:46.879538.879538 cuda_h.py:27] end group_fused_tensors_mp cost 1.592 ms
DEBUG 04-24 11:15:46.879122.879122 cuda_h.py:27] end allocate_experts_cuda_memory_and_restore_model_multi_device_fused cost 7.094 ms
DEBUG 04-24 11:15:46.879514.879514 cuda_h.py:27] end gpu_sexperts cost 0.020 ms
DEBUG 04-24 11:15:46.879592.879592 cuda_h.py:27] end wait_load_qkvogn_s_weight cost 0.059 ms
DEBUG 04-24 11:15:46.888424.888424 mlpmodule.py:3373] [fused_group_bmm][steps] bmm1=7.809 ms split=0.125 ms act_mul=0.571 ms bmm2=3.836 ms
DEBUG 04-24 11:15:46.888910.888910 cuda_h.py:27] end fused_group_bmm cost 12.886 ms
DEBUG 04-24 11:15:46.889589.889589 cuda_h.py:27] end gather_outputs_group_fused_mp cost 0.785 ms
DEBUG 04-24 11:15:46.890141.890141 mlpmodule.py:3373] [fused_group_bmm][steps] bmm1=8.601 ms split=0.133 ms act_mul=0.392 ms bmm2=5.063 ms
DEBUG 04-24 11:15:46.890626.890626 cuda_h.py:27] end fused_group_bmm cost 14.481 ms
DEBUG 04-24 11:15:46.890284.890284 cuda_h.py:27] end cpu_experts_worker_bmm_or_einsum_0 cost 18.946 ms
DEBUG 04-24 11:15:46.890123.890123 mlpmodule.py:3373] [fused_group_bmm][steps] bmm1=8.122 ms split=0.150 ms act_mul=0.381 ms bmm2=6.504 ms
DEBUG 04-24 11:15:46.891528.891528 cuda_h.py:27] end fused_group_bmm cost 15.421 ms
DEBUG 04-24 11:15:46.891701.891701 cuda_h.py:27] end gather_outputs_group_fused_mp cost 0.569 ms
DEBUG 04-24 11:15:46.891971.891971 cuda_h.py:27] end cpu_experts_worker_bmm_or_einsum_1 cost 20.262 ms
DEBUG 04-24 11:15:46.891375.891375 cuda_h.py:27] end gather_outputs_group_fused_mp cost 0.492 ms
DEBUG 04-24 11:15:46.892577.892577 cuda_h.py:27] end cpu_experts_worker_bmm_or_einsum_2 cost 20.827 ms
DEBUG 04-24 11:15:46.895125.895125 mlpmodule.py:3373] [fused_group_bmm][steps] bmm1=11.306 ms split=0.104 ms act_mul=0.348 ms bmm2=4.179 ms
DEBUG 04-24 11:15:46.895695.895695 cuda_h.py:27] end fused_group_bmm cost 16.177 ms
DEBUG 04-24 11:15:46.896332.896332 cuda_h.py:27] end gather_outputs_group_fused_mp cost 0.391 ms
DEBUG 04-24 11:15:46.896183.896183 cuda_h.py:27] end cpu_experts_worker_bmm_or_einsum_3 cost 23.914 ms
DEBUG 04-24 11:15:46.897283.897283 cuda_h.py:27] end prepare_per_device_parameters cost 17.103 ms
DEBUG 04-24 11:15:46.898151.898151 cuda_h.py:27] end cpu_experts_scatter_reduce cost 0.622 ms
DEBUG 04-24 11:15:46.898300.898300 cuda_h.py:27] end cpu_thread_manager_mp_wait_fused cost 1.755 ms
DEBUG 04-24 11:15:46.900366.900366 cuda_h.py:27] end wait_experts_multi_device cost 1.940 ms
DEBUG 04-24 11:15:46.901970.901970 cuda_h.py:27] end *before fused experts* cost 29.083 ms
DEBUG 04-24 11:15:46.905428.905428 cuda_h.py:27] end gpu_experts_multi_device_fused cost 4.129 ms
DEBUG 04-24 11:15:46.905238.905238 cuda_h.py:27] end *gpu experts* cost 33.319 ms
DEBUG 04-24 11:15:46.905525.905525 cuda_h.py:27] end layer_moe_generate_mp_multi_device_fused_l_19 cost 36.538 ms
DEBUG 04-24 11:15:46.906085.906085 cuda_h.py:27] end *mlp cost 38.039 ms
DEBUG 04-24 11:15:46.906818.906818 cuda_h.py:27] end prefill_layer cost 41.587 ms
DEBUG 04-24 11:15:46.906428.906428 lmp.py:341] -------------------------------- end prefill layer 18 --------------------------------
DEBUG 04-24 11:15:46.907793.907793 lmp.py:294] -------------------------------- start prefill layer 19 --------------------------------
DEBUG 04-24 11:15:46.907994.907994 cuda_h.py:27] end start_load_qkvogn_s_weight_l_20 cost 0.044 ms
DEBUG 04-24 11:15:46.907185.907185 cuda_h.py:27] end allocate_cuda_memory cost 0.254 ms
DEBUG 04-24 11:15:46.907504.907504 sllm_store_c.py:27] get device uuid map
DEBUG 04-24 11:15:46.907298.907298 sllm_store_c.py:29] call client load into gpu
DEBUG 04-24 11:15:46.909639.909639 cuda_h.py:27] end **self_attn cost 1.369 ms
DEBUG 04-24 11:15:46.909574.909574 cuda_h.py:27] end *iln_self_attn_paln cost 2.515 ms
DEBUG 04-24 11:15:46.909975.909975 cuda_h.py:27] end load_into_gpu_async cost 1.994 ms
DEBUG 04-24 11:15:46.910206.910206 cuda_h.py:27] end restore_tensors2 cost 0.113 ms
DEBUG 04-24 11:15:46.910049.910049 cuda_h.py:27] end allocate_cuda_memory_and_load_into_gpu cost 2.975 ms
DEBUG 04-24 11:15:46.910438.910438 cuda_h.py:27] end gate cost 0.893 ms
DEBUG 04-24 11:15:46.911378.911378 cuda_h.py:27] end experts_map_get cost 0.289 ms
DEBUG 04-24 11:15:46.911830.911830 cuda_h.py:27] end *before experts start* cost 1.333 ms
DEBUG 04-24 11:15:46.911036.911036 cuda_h.py:27] end cpu_experts_submit_fused_mp cost 0.195 ms
DEBUG 04-24 11:15:46.912162.912162 cuda_h.py:27] end *single cpu experts* cost 1.193 ms
DEBUG 04-24 11:15:46.913539.913539 cuda_h.py:27] end prepare_group_stack cost 0.506 ms
DEBUG 04-24 11:15:46.914580.914580 cuda_h.py:27] end group stack cost 0.751 ms
DEBUG 04-24 11:15:46.914947.914947 cuda_h.py:27] end move_flatidxs_group_fused_mp cost 1.455 ms
DEBUG 04-24 11:15:46.914811.914811 cuda_h.py:27] end get_fused_experts_names_w cost 0.025 ms
DEBUG 04-24 11:15:46.914805.914805 cuda_h.py:27] end prepare_group_stack cost 0.491 ms
DEBUG 04-24 11:15:46.914027.914027 cuda_h.py:27] end prepare_group_stack cost 0.517 ms
DEBUG 04-24 11:15:46.915875.915875 cuda_h.py:27] end prepare_group_stack cost 0.535 ms
DEBUG 04-24 11:15:46.915704.915704 sllm_store_c.py:27] get device uuid map
DEBUG 04-24 11:15:46.915396.915396 sllm_store_c.py:29] call client load into gpu
DEBUG 04-24 11:15:46.915398.915398 cuda_h.py:27] end restore_fused_tensors cost 0.504 ms
DEBUG 04-24 11:15:46.915844.915844 cuda_h.py:27] end group_fused_tensors_mp cost 0.823 ms
DEBUG 04-24 11:15:46.915235.915235 cuda_h.py:27] end group stack cost 0.774 ms
DEBUG 04-24 11:15:46.915920.915920 cuda_h.py:27] end group stack cost 0.870 ms
DEBUG 04-24 11:15:46.915200.915200 cuda_h.py:27] end move_flatidxs_group_fused_mp cost 1.549 ms
DEBUG 04-24 11:15:46.916736.916736 cuda_h.py:27] end move_flatidxs_group_fused_mp cost 1.794 ms
DEBUG 04-24 11:15:46.916849.916849 cuda_h.py:27] end get_fused_experts_names_w cost 0.020 ms
DEBUG 04-24 11:15:46.916635.916635 cuda_h.py:27] end get_fused_experts_names_w cost 0.023 ms
DEBUG 04-24 11:15:46.916370.916370 cuda_h.py:27] end group stack cost 1.215 ms
DEBUG 04-24 11:15:46.916113.916113 cuda_h.py:27] end move_flatidxs_group_fused_mp cost 2.094 ms
DEBUG 04-24 11:15:46.916506.916506 cuda_h.py:27] end restore_fused_tensors cost 0.515 ms
DEBUG 04-24 11:15:46.916502.916502 cuda_h.py:27] end group_fused_tensors_mp cost 0.753 ms
DEBUG 04-24 11:15:46.916102.916102 cuda_h.py:27] end get_fused_experts_names_w cost 0.036 ms
DEBUG 04-24 11:15:46.916882.916882 cuda_h.py:27] end restore_fused_tensors cost 0.467 ms
DEBUG 04-24 11:15:46.917641.917641 cuda_h.py:27] end group_fused_tensors_mp cost 0.803 ms
DEBUG 04-24 11:15:46.917218.917218 cuda_h.py:27] end restore_fused_tensors cost 0.805 ms
DEBUG 04-24 11:15:46.918302.918302 cuda_h.py:27] end group_fused_tensors_mp cost 1.293 ms
DEBUG 04-24 11:15:46.918777.918777 cuda_h.py:27] end restore2model cost 1.127 ms
DEBUG 04-24 11:15:46.918550.918550 cuda_h.py:27] end sllm_worker_task cost 11.368 ms
DEBUG 04-24 11:15:46.920541.920541 cuda_h.py:27] end load_into_gpu_async_fused_experts_dual cost 4.788 ms
DEBUG 04-24 11:15:46.920663.920663 cuda_h.py:27] end restore_tensors2_fused_experts_packed cost 0.302 ms
DEBUG 04-24 11:15:46.921515.921515 cuda_h.py:27] end restore_tensors2_fused_experts_slices cost 0.737 ms
DEBUG 04-24 11:15:46.921650.921650 cuda_h.py:27] end allocate_experts_cuda_memory_and_restore_model_multi_device_fused cost 9.542 ms
DEBUG 04-24 11:15:46.922228.922228 cuda_h.py:27] end gpu_sexperts cost 0.020 ms
DEBUG 04-24 11:15:46.922365.922365 cuda_h.py:27] end wait_load_qkvogn_s_weight cost 0.061 ms
DEBUG 04-24 11:15:46.928707.928707 mlpmodule.py:3373] [fused_group_bmm][steps] bmm1=6.346 ms split=0.202 ms act_mul=0.464 ms bmm2=4.496 ms
DEBUG 04-24 11:15:46.929807.929807 cuda_h.py:27] end fused_group_bmm cost 12.011 ms
DEBUG 04-24 11:15:46.929290.929290 cuda_h.py:27] end gather_outputs_group_fused_mp cost 0.692 ms
DEBUG 04-24 11:15:46.930391.930391 mlpmodule.py:3373] [fused_group_bmm][steps] bmm1=9.534 ms split=0.138 ms act_mul=0.546 ms bmm2=4.162 ms
DEBUG 04-24 11:15:46.930161.930161 cuda_h.py:27] end fused_group_bmm cost 14.663 ms
DEBUG 04-24 11:15:46.930524.930524 cuda_h.py:27] end cpu_experts_worker_bmm_or_einsum_0 cost 17.254 ms
DEBUG 04-24 11:15:46.931279.931279 cuda_h.py:27] end gather_outputs_group_fused_mp cost 0.524 ms
DEBUG 04-24 11:15:46.931225.931225 cuda_h.py:27] end cpu_experts_worker_bmm_or_einsum_1 cost 19.427 ms
DEBUG 04-24 11:15:46.932849.932849 mlpmodule.py:3373] [fused_group_bmm][steps] bmm1=10.150 ms split=0.380 ms act_mul=0.515 ms bmm2=4.577 ms
DEBUG 04-24 11:15:46.933878.933878 cuda_h.py:27] end fused_group_bmm cost 15.924 ms
DEBUG 04-24 11:15:46.934566.934566 cuda_h.py:27] end gather_outputs_group_fused_mp cost 0.419 ms
DEBUG 04-24 11:15:46.934491.934491 cuda_h.py:27] end cpu_experts_worker_bmm_or_einsum_2 cost 21.285 ms
DEBUG 04-24 11:15:46.935626.935626 mlpmodule.py:3373] [fused_group_bmm][steps] bmm1=11.674 ms split=0.141 ms act_mul=0.403 ms bmm2=4.736 ms
DEBUG 04-24 11:15:46.935871.935871 cuda_h.py:27] end fused_group_bmm cost 17.165 ms
DEBUG 04-24 11:15:46.935099.935099 cuda_h.py:27] end gather_outputs_group_fused_mp cost 0.438 ms
DEBUG 04-24 11:15:46.936891.936891 cuda_h.py:27] end cpu_experts_worker_bmm_or_einsum_3 cost 23.143 ms
DEBUG 04-24 11:15:46.938613.938613 cuda_h.py:27] end prepare_per_device_parameters cost 15.819 ms
DEBUG 04-24 11:15:46.940920.940920 cuda_h.py:27] end cpu_experts_scatter_reduce cost 0.596 ms
DEBUG 04-24 11:15:46.940207.940207 cuda_h.py:27] end cpu_thread_manager_mp_wait_fused cost 1.804 ms
DEBUG 04-24 11:15:46.941894.941894 cuda_h.py:27] end wait_experts_multi_device cost 1.276 ms
DEBUG 04-24 11:15:46.941068.941068 cuda_h.py:27] end *before fused experts* cost 29.139 ms
DEBUG 04-24 11:15:46.945395.945395 cuda_h.py:27] end gpu_experts_multi_device_fused cost 3.999 ms
DEBUG 04-24 11:15:46.945967.945967 cuda_h.py:27] end *gpu experts* cost 33.243 ms
DEBUG 04-24 11:15:46.945321.945321 cuda_h.py:27] end layer_moe_generate_mp_multi_device_fused_l_20 cost 35.963 ms
DEBUG 04-24 11:15:46.947325.947325 cuda_h.py:27] end *mlp cost 37.476 ms
DEBUG 04-24 11:15:46.947468.947468 cuda_h.py:27] end prefill_layer cost 40.313 ms
DEBUG 04-24 11:15:46.947601.947601 lmp.py:341] -------------------------------- end prefill layer 19 --------------------------------
DEBUG 04-24 11:15:46.947926.947926 lmp.py:294] -------------------------------- start prefill layer 20 --------------------------------
DEBUG 04-24 11:15:46.947671.947671 cuda_h.py:27] end start_load_qkvogn_s_weight_l_21 cost 0.050 ms
DEBUG 04-24 11:15:46.947675.947675 cuda_h.py:27] end allocate_cuda_memory cost 0.213 ms
DEBUG 04-24 11:15:46.948031.948031 sllm_store_c.py:27] get device uuid map
DEBUG 04-24 11:15:46.948341.948341 sllm_store_c.py:29] call client load into gpu
DEBUG 04-24 11:15:46.949230.949230 cuda_h.py:27] end **self_attn cost 1.339 ms
DEBUG 04-24 11:15:46.949113.949113 cuda_h.py:27] end *iln_self_attn_paln cost 2.380 ms
DEBUG 04-24 11:15:46.950487.950487 cuda_h.py:27] end load_into_gpu_async cost 1.948 ms
DEBUG 04-24 11:15:46.950517.950517 cuda_h.py:27] end restore_tensors2 cost 0.098 ms
DEBUG 04-24 11:15:46.950353.950353 cuda_h.py:27] end allocate_cuda_memory_and_load_into_gpu cost 2.727 ms
DEBUG 04-24 11:15:46.950040.950040 cuda_h.py:27] end gate cost 0.850 ms
DEBUG 04-24 11:15:46.951026.951026 cuda_h.py:27] end experts_map_get cost 0.287 ms
DEBUG 04-24 11:15:46.951955.951955 cuda_h.py:27] end *before experts start* cost 1.290 ms
DEBUG 04-24 11:15:46.951712.951712 cuda_h.py:27] end cpu_experts_submit_fused_mp cost 0.213 ms
DEBUG 04-24 11:15:46.952375.952375 cuda_h.py:27] end *single cpu experts* cost 1.223 ms
DEBUG 04-24 11:15:46.954672.954672 cuda_h.py:27] end prepare_group_stack cost 0.424 ms
DEBUG 04-24 11:15:46.954527.954527 cuda_h.py:27] end prepare_group_stack cost 0.470 ms
DEBUG 04-24 11:15:46.955574.955574 cuda_h.py:27] end group stack cost 0.758 ms
DEBUG 04-24 11:15:46.955074.955074 cuda_h.py:27] end move_flatidxs_group_fused_mp cost 1.368 ms
DEBUG 04-24 11:15:46.955215.955215 cuda_h.py:27] end get_fused_experts_names_w cost 0.024 ms
DEBUG 04-24 11:15:46.955129.955129 cuda_h.py:27] end group stack cost 0.882 ms
DEBUG 04-24 11:15:46.955726.955726 cuda_h.py:27] end prepare_group_stack cost 0.443 ms
DEBUG 04-24 11:15:46.955647.955647 cuda_h.py:27] end move_flatidxs_group_fused_mp cost 1.712 ms
DEBUG 04-24 11:15:46.955728.955728 cuda_h.py:27] end prepare_group_stack cost 0.604 ms
DEBUG 04-24 11:15:46.955415.955415 cuda_h.py:27] end get_fused_experts_names_w cost 0.043 ms
DEBUG 04-24 11:15:46.955424.955424 sllm_store_c.py:27] get device uuid map
DEBUG 04-24 11:15:46.955177.955177 sllm_store_c.py:29] call client load into gpu
DEBUG 04-24 11:15:46.955530.955530 cuda_h.py:27] end restore_fused_tensors cost 0.491 ms
DEBUG 04-24 11:15:46.956984.956984 cuda_h.py:27] end group_fused_tensors_mp cost 0.839 ms
DEBUG 04-24 11:15:46.956951.956951 cuda_h.py:27] end group stack cost 0.742 ms
DEBUG 04-24 11:15:46.956175.956175 cuda_h.py:27] end restore_fused_tensors cost 0.554 ms
DEBUG 04-24 11:15:46.956693.956693 cuda_h.py:27] end group_fused_tensors_mp cost 0.851 ms
DEBUG 04-24 11:15:46.956971.956971 cuda_h.py:27] end move_flatidxs_group_fused_mp cost 1.657 ms
DEBUG 04-24 11:15:46.956494.956494 cuda_h.py:27] end get_fused_experts_names_w cost 0.020 ms
DEBUG 04-24 11:15:46.957088.957088 cuda_h.py:27] end group stack cost 1.458 ms
DEBUG 04-24 11:15:46.957886.957886 cuda_h.py:27] end restore_fused_tensors cost 0.542 ms
DEBUG 04-24 11:15:46.957491.957491 cuda_h.py:27] end group_fused_tensors_mp cost 0.724 ms
DEBUG 04-24 11:15:46.957353.957353 cuda_h.py:27] end move_flatidxs_group_fused_mp cost 2.499 ms
DEBUG 04-24 11:15:46.957330.957330 cuda_h.py:27] end get_fused_experts_names_w cost 0.038 ms
DEBUG 04-24 11:15:46.958124.958124 cuda_h.py:27] end restore_fused_tensors cost 0.993 ms
DEBUG 04-24 11:15:46.958102.958102 cuda_h.py:27] end restore2model cost 1.332 ms
DEBUG 04-24 11:15:46.958970.958970 cuda_h.py:27] end group_fused_tensors_mp cost 1.357 ms
DEBUG 04-24 11:15:46.959402.959402 cuda_h.py:27] end sllm_worker_task cost 11.278 ms
DEBUG 04-24 11:15:46.961171.961171 cuda_h.py:27] end load_into_gpu_async_fused_experts_dual cost 5.240 ms
DEBUG 04-24 11:15:46.961531.961531 cuda_h.py:27] end restore_tensors2_fused_experts_packed cost 0.220 ms
DEBUG 04-24 11:15:46.962151.962151 cuda_h.py:27] end restore_tensors2_fused_experts_slices cost 0.460 ms
DEBUG 04-24 11:15:46.962388.962388 cuda_h.py:27] end allocate_experts_cuda_memory_and_restore_model_multi_device_fused cost 9.624 ms
DEBUG 04-24 11:15:46.962783.962783 cuda_h.py:27] end gpu_sexperts cost 0.015 ms
DEBUG 04-24 11:15:46.962045.962045 cuda_h.py:27] end wait_load_qkvogn_s_weight cost 0.033 ms
DEBUG 04-24 11:15:46.966707.966707 mlpmodule.py:3373] [fused_group_bmm][steps] bmm1=5.308 ms split=0.107 ms act_mul=0.405 ms bmm2=2.806 ms
DEBUG 04-24 11:15:46.966276.966276 cuda_h.py:27] end fused_group_bmm cost 9.089 ms
DEBUG 04-24 11:15:46.967032.967032 cuda_h.py:27] end gather_outputs_group_fused_mp cost 0.567 ms
DEBUG 04-24 11:15:46.967239.967239 mlpmodule.py:3373] [fused_group_bmm][steps] bmm1=6.405 ms split=0.111 ms act_mul=0.307 ms bmm2=3.673 ms
DEBUG 04-24 11:15:46.967538.967538 cuda_h.py:27] end cpu_experts_worker_bmm_or_einsum_0 cost 14.139 ms
DEBUG 04-24 11:15:46.968660.968660 cuda_h.py:27] end fused_group_bmm cost 11.585 ms
DEBUG 04-24 11:15:46.969091.969091 cuda_h.py:27] end gather_outputs_group_fused_mp cost 0.684 ms
DEBUG 04-24 11:15:46.969062.969062 mlpmodule.py:3373] [fused_group_bmm][steps] bmm1=6.859 ms split=0.108 ms act_mul=0.267 ms bmm2=5.457 ms
DEBUG 04-24 11:15:46.969827.969827 cuda_h.py:27] end fused_group_bmm cost 13.221 ms
DEBUG 04-24 11:15:46.969277.969277 cuda_h.py:27] end cpu_experts_worker_bmm_or_einsum_1 cost 17.036 ms
DEBUG 04-24 11:15:46.970710.970710 cuda_h.py:27] end gather_outputs_group_fused_mp cost 0.443 ms
DEBUG 04-24 11:15:46.970747.970747 cuda_h.py:27] end cpu_experts_worker_bmm_or_einsum_2 cost 18.029 ms
DEBUG 04-24 11:15:46.972342.972342 mlpmodule.py:3373] [fused_group_bmm][steps] bmm1=8.036 ms split=0.112 ms act_mul=0.359 ms bmm2=4.314 ms
DEBUG 04-24 11:15:46.972660.972660 cuda_h.py:27] end fused_group_bmm cost 13.050 ms
DEBUG 04-24 11:15:46.973659.973659 cuda_h.py:27] end gather_outputs_group_fused_mp cost 0.444 ms
DEBUG 04-24 11:15:46.973578.973578 cuda_h.py:27] end cpu_experts_worker_bmm_or_einsum_3 cost 19.768 ms
DEBUG 04-24 11:15:46.978877.978877 cuda_h.py:27] end prepare_per_device_parameters cost 15.172 ms
DEBUG 04-24 11:15:47.155641.155641 cuda_h.py:27] end cpu_experts_scatter_reduce cost 0.549 ms
DEBUG 04-24 11:15:47.155226.155226 cuda_h.py:27] end cpu_thread_manager_mp_wait_fused cost 177.260 ms
DEBUG 04-24 11:15:47.157800.157800 cuda_h.py:27] end wait_experts_multi_device cost 2.058 ms
DEBUG 04-24 11:15:47.157374.157374 cuda_h.py:27] end *before fused experts* cost 205.021 ms
DEBUG 04-24 11:15:47.161053.161053 cuda_h.py:27] end gpu_experts_multi_device_fused cost 4.010 ms
DEBUG 04-24 11:15:47.161711.161711 cuda_h.py:27] end *gpu experts* cost 209.132 ms
DEBUG 04-24 11:15:47.161514.161514 cuda_h.py:27] end layer_moe_generate_mp_multi_device_fused_l_21 cost 211.814 ms
DEBUG 04-24 11:15:47.163836.163836 cuda_h.py:27] end *mlp cost 213.700 ms
DEBUG 04-24 11:15:47.163018.163018 cuda_h.py:27] end prefill_layer cost 216.359 ms
DEBUG 04-24 11:15:47.163648.163648 lmp.py:341] -------------------------------- end prefill layer 20 --------------------------------
DEBUG 04-24 11:15:47.163967.163967 lmp.py:294] -------------------------------- start prefill layer 21 --------------------------------
DEBUG 04-24 11:15:47.164877.164877 cuda_h.py:27] end start_load_qkvogn_s_weight_l_22 cost 0.040 ms
DEBUG 04-24 11:15:47.164948.164948 cuda_h.py:27] end allocate_cuda_memory cost 0.349 ms
DEBUG 04-24 11:15:47.164604.164604 sllm_store_c.py:27] get device uuid map
DEBUG 04-24 11:15:47.165918.165918 sllm_store_c.py:29] call client load into gpu
DEBUG 04-24 11:15:47.166261.166261 cuda_h.py:27] end **self_attn cost 1.584 ms
DEBUG 04-24 11:15:47.166374.166374 cuda_h.py:27] end *iln_self_attn_paln cost 2.837 ms
DEBUG 04-24 11:15:47.167330.167330 cuda_h.py:27] end gate cost 0.541 ms
DEBUG 04-24 11:15:47.168315.168315 cuda_h.py:27] end experts_map_get cost 0.260 ms
DEBUG 04-24 11:15:47.168150.168150 cuda_h.py:27] end load_into_gpu_async cost 3.449 ms
DEBUG 04-24 11:15:47.168861.168861 cuda_h.py:27] end *before experts start* cost 1.183 ms
DEBUG 04-24 11:15:47.168481.168481 cuda_h.py:27] end restore_tensors2 cost 0.181 ms
DEBUG 04-24 11:15:47.170842.170842 cuda_h.py:27] end allocate_cuda_memory_and_load_into_gpu cost 5.969 ms
DEBUG 04-24 11:15:47.168794.168794 cuda_h.py:27] end cpu_experts_submit_fused_mp cost 0.190 ms
DEBUG 04-24 11:15:47.171671.171671 cuda_h.py:27] end *single cpu experts* cost 2.450 ms
DEBUG 04-24 11:15:47.172478.172478 cuda_h.py:27] end prepare_group_stack cost 0.681 ms
DEBUG 04-24 11:15:47.173432.173432 sllm_store_c.py:27] get device uuid map
DEBUG 04-24 11:15:47.173395.173395 sllm_store_c.py:29] call client load into gpu
DEBUG 04-24 11:15:47.173782.173782 cuda_h.py:27] end prepare_group_stack cost 0.631 ms
DEBUG 04-24 11:15:47.173078.173078 cuda_h.py:27] end prepare_group_stack cost 0.852 ms
DEBUG 04-24 11:15:47.174617.174617 cuda_h.py:27] end group stack cost 1.334 ms
DEBUG 04-24 11:15:47.174879.174879 cuda_h.py:27] end prepare_group_stack cost 0.688 ms
DEBUG 04-24 11:15:47.174849.174849 cuda_h.py:27] end move_flatidxs_group_fused_mp cost 2.514 ms
DEBUG 04-24 11:15:47.174737.174737 cuda_h.py:27] end get_fused_experts_names_w cost 0.035 ms
DEBUG 04-24 11:15:47.175042.175042 cuda_h.py:27] end group stack cost 1.628 ms
DEBUG 04-24 11:15:47.175089.175089 cuda_h.py:27] end move_flatidxs_group_fused_mp cost 2.723 ms
DEBUG 04-24 11:15:47.175986.175986 cuda_h.py:27] end get_fused_experts_names_w cost 0.037 ms
DEBUG 04-24 11:15:47.175000.175000 cuda_h.py:27] end group stack cost 1.958 ms
DEBUG 04-24 11:15:47.176677.176677 cuda_h.py:27] end group stack cost 1.611 ms
DEBUG 04-24 11:15:47.175498.175498 cuda_h.py:27] end restore_fused_tensors cost 1.152 ms
DEBUG 04-24 11:15:47.176803.176803 cuda_h.py:27] end group_fused_tensors_mp cost 1.807 ms
DEBUG 04-24 11:15:47.176659.176659 cuda_h.py:27] end move_flatidxs_group_fused_mp cost 2.855 ms
DEBUG 04-24 11:15:47.176976.176976 cuda_h.py:27] end move_flatidxs_group_fused_mp cost 3.602 ms
DEBUG 04-24 11:15:47.176656.176656 cuda_h.py:27] end get_fused_experts_names_w cost 0.041 ms
DEBUG 04-24 11:15:47.176115.176115 cuda_h.py:27] end get_fused_experts_names_w cost 0.062 ms
DEBUG 04-24 11:15:47.176488.176488 cuda_h.py:27] end restore_fused_tensors cost 0.833 ms
DEBUG 04-24 11:15:47.176793.176793 cuda_h.py:27] end group_fused_tensors_mp cost 1.199 ms
DEBUG 04-24 11:15:47.177958.177958 cuda_h.py:27] end restore_fused_tensors cost 0.990 ms
DEBUG 04-24 11:15:47.178644.178644 cuda_h.py:27] end group_fused_tensors_mp cost 1.454 ms
DEBUG 04-24 11:15:47.178173.178173 cuda_h.py:27] end restore_fused_tensors cost 1.095 ms
DEBUG 04-24 11:15:47.178456.178456 cuda_h.py:27] end group_fused_tensors_mp cost 1.584 ms
DEBUG 04-24 11:15:47.179169.179169 cuda_h.py:27] end restore2model cost 3.161 ms
DEBUG 04-24 11:15:47.180633.180633 cuda_h.py:27] end load_into_gpu_async_fused_experts_dual cost 7.189 ms
DEBUG 04-24 11:15:47.180890.180890 cuda_h.py:27] end sllm_worker_task cost 16.503 ms
DEBUG 04-24 11:15:47.181522.181522 cuda_h.py:27] end restore_tensors2_fused_experts_packed cost 0.190 ms
DEBUG 04-24 11:15:47.181738.181738 cuda_h.py:27] end restore_tensors2_fused_experts_slices cost 0.433 ms
DEBUG 04-24 11:15:47.182160.182160 cuda_h.py:27] end allocate_experts_cuda_memory_and_restore_model_multi_device_fused cost 10.763 ms
DEBUG 04-24 11:15:47.182152.182152 cuda_h.py:27] end gpu_sexperts cost 0.010 ms
DEBUG 04-24 11:15:47.182287.182287 cuda_h.py:27] end wait_load_qkvogn_s_weight cost 0.023 ms
DEBUG 04-24 11:15:47.185868.185868 mlpmodule.py:3373] [fused_group_bmm][steps] bmm1=5.461 ms split=0.112 ms act_mul=0.373 ms bmm2=2.858 ms
DEBUG 04-24 11:15:47.185776.185776 cuda_h.py:27] end fused_group_bmm cost 9.062 ms
DEBUG 04-24 11:15:47.186367.186367 cuda_h.py:27] end gather_outputs_group_fused_mp cost 0.410 ms
DEBUG 04-24 11:15:47.186362.186362 cuda_h.py:27] end cpu_experts_worker_bmm_or_einsum_0 cost 15.972 ms
DEBUG 04-24 11:15:47.190656.190656 mlpmodule.py:3373] [fused_group_bmm][steps] bmm1=7.794 ms split=0.154 ms act_mul=0.510 ms bmm2=3.283 ms
DEBUG 04-24 11:15:47.190102.190102 cuda_h.py:27] end fused_group_bmm cost 12.038 ms
DEBUG 04-24 11:15:47.190598.190598 mlpmodule.py:3373] [fused_group_bmm][steps] bmm1=8.186 ms split=0.125 ms act_mul=0.313 ms bmm2=4.674 ms
DEBUG 04-24 11:15:47.190108.190108 cuda_h.py:27] end fused_group_bmm cost 13.527 ms
DEBUG 04-24 11:15:47.190301.190301 cuda_h.py:27] end gather_outputs_group_fused_mp cost 0.551 ms
DEBUG 04-24 11:15:47.191075.191075 cuda_h.py:27] end gather_outputs_group_fused_mp cost 0.422 ms
DEBUG 04-24 11:15:47.191698.191698 cuda_h.py:27] end cpu_experts_worker_bmm_or_einsum_1 cost 19.714 ms
DEBUG 04-24 11:15:47.191924.191924 cuda_h.py:27] end cpu_experts_worker_bmm_or_einsum_3 cost 20.283 ms
DEBUG 04-24 11:15:47.192733.192733 mlpmodule.py:3373] [fused_group_bmm][steps] bmm1=8.919 ms split=0.180 ms act_mul=0.485 ms bmm2=4.731 ms
DEBUG 04-24 11:15:47.193800.193800 cuda_h.py:27] end fused_group_bmm cost 14.576 ms
DEBUG 04-24 11:15:47.193372.193372 cuda_h.py:27] end gather_outputs_group_fused_mp cost 0.413 ms
DEBUG 04-24 11:15:47.194613.194613 cuda_h.py:27] end cpu_experts_worker_bmm_or_einsum_2 cost 21.556 ms
DEBUG 04-24 11:15:47.196774.196774 cuda_h.py:27] end prepare_per_device_parameters cost 14.044 ms
DEBUG 04-24 11:15:47.198404.198404 cuda_h.py:27] end cpu_experts_scatter_reduce cost 0.693 ms
DEBUG 04-24 11:15:47.198791.198791 cuda_h.py:27] end cpu_thread_manager_mp_wait_fused cost 1.978 ms
DEBUG 04-24 11:15:47.199769.199769 cuda_h.py:27] end wait_experts_multi_device cost 1.279 ms
DEBUG 04-24 11:15:47.199373.199373 cuda_h.py:27] end *before fused experts* cost 28.621 ms
DEBUG 04-24 11:15:47.203198.203198 cuda_h.py:27] end gpu_experts_multi_device_fused cost 4.010 ms
DEBUG 04-24 11:15:47.203101.203101 cuda_h.py:27] end *gpu experts* cost 32.739 ms
DEBUG 04-24 11:15:47.204288.204288 cuda_h.py:27] end layer_moe_generate_mp_multi_device_fused_l_22 cost 36.896 ms
DEBUG 04-24 11:15:47.205560.205560 cuda_h.py:27] end *mlp cost 38.464 ms
DEBUG 04-24 11:15:47.205470.205470 cuda_h.py:27] end prefill_layer cost 41.733 ms
DEBUG 04-24 11:15:47.205173.205173 lmp.py:341] -------------------------------- end prefill layer 21 --------------------------------
DEBUG 04-24 11:15:47.205108.205108 lmp.py:294] -------------------------------- start prefill layer 22 --------------------------------
DEBUG 04-24 11:15:47.205680.205680 cuda_h.py:27] end start_load_qkvogn_s_weight_l_23 cost 0.040 ms
DEBUG 04-24 11:15:47.206170.206170 cuda_h.py:27] end allocate_cuda_memory cost 0.236 ms
DEBUG 04-24 11:15:47.206474.206474 sllm_store_c.py:27] get device uuid map
DEBUG 04-24 11:15:47.206890.206890 sllm_store_c.py:29] call client load into gpu
DEBUG 04-24 11:15:47.208693.208693 cuda_h.py:27] end **self_attn cost 1.396 ms
DEBUG 04-24 11:15:47.208138.208138 cuda_h.py:27] end *iln_self_attn_paln cost 2.455 ms
DEBUG 04-24 11:15:47.208447.208447 cuda_h.py:27] end load_into_gpu_async cost 2.156 ms
DEBUG 04-24 11:15:47.208836.208836 cuda_h.py:27] end restore_tensors2 cost 0.086 ms
DEBUG 04-24 11:15:47.208442.208442 cuda_h.py:27] end allocate_cuda_memory_and_load_into_gpu cost 2.886 ms
DEBUG 04-24 11:15:47.209182.209182 cuda_h.py:27] end gate cost 0.801 ms
DEBUG 04-24 11:15:47.209750.209750 cuda_h.py:27] end experts_map_get cost 0.266 ms
DEBUG 04-24 11:15:47.209056.209056 cuda_h.py:27] end *before experts start* cost 1.211 ms
DEBUG 04-24 11:15:47.209024.209024 cuda_h.py:27] end cpu_experts_submit_fused_mp cost 0.195 ms
DEBUG 04-24 11:15:47.210406.210406 cuda_h.py:27] end *single cpu experts* cost 1.306 ms
DEBUG 04-24 11:15:47.212227.212227 cuda_h.py:27] end prepare_group_stack cost 0.457 ms
DEBUG 04-24 11:15:47.212333.212333 cuda_h.py:27] end prepare_group_stack cost 0.516 ms
DEBUG 04-24 11:15:47.213802.213802 cuda_h.py:27] end group stack cost 0.842 ms
DEBUG 04-24 11:15:47.213030.213030 cuda_h.py:27] end move_flatidxs_group_fused_mp cost 1.525 ms
DEBUG 04-24 11:15:47.213017.213017 sllm_store_c.py:27] get device uuid map
DEBUG 04-24 11:15:47.213894.213894 cuda_h.py:27] end get_fused_experts_names_w cost 0.024 ms
DEBUG 04-24 11:15:47.213343.213343 cuda_h.py:27] end prepare_group_stack cost 0.516 ms
DEBUG 04-24 11:15:47.213225.213225 cuda_h.py:27] end prepare_group_stack cost 0.503 ms
DEBUG 04-24 11:15:47.213070.213070 cuda_h.py:27] end group stack cost 0.951 ms
DEBUG 04-24 11:15:47.213076.213076 sllm_store_c.py:29] call client load into gpu
DEBUG 04-24 11:15:47.214288.214288 cuda_h.py:27] end move_flatidxs_group_fused_mp cost 1.982 ms
DEBUG 04-24 11:15:47.214704.214704 cuda_h.py:27] end get_fused_experts_names_w cost 0.034 ms
DEBUG 04-24 11:15:47.214169.214169 cuda_h.py:27] end restore_fused_tensors cost 0.428 ms
DEBUG 04-24 11:15:47.214186.214186 cuda_h.py:27] end group_fused_tensors_mp cost 0.840 ms
DEBUG 04-24 11:15:47.214653.214653 cuda_h.py:27] end group stack cost 0.826 ms
DEBUG 04-24 11:15:47.214081.214081 cuda_h.py:27] end move_flatidxs_group_fused_mp cost 1.780 ms
DEBUG 04-24 11:15:47.215166.215166 cuda_h.py:27] end group stack cost 0.950 ms
DEBUG 04-24 11:15:47.215081.215081 cuda_h.py:27] end get_fused_experts_names_w cost 0.026 ms
DEBUG 04-24 11:15:47.215707.215707 cuda_h.py:27] end restore_fused_tensors cost 0.721 ms
DEBUG 04-24 11:15:47.215855.215855 cuda_h.py:27] end move_flatidxs_group_fused_mp cost 2.142 ms
DEBUG 04-24 11:15:47.215141.215141 cuda_h.py:27] end group_fused_tensors_mp cost 1.205 ms
DEBUG 04-24 11:15:47.215506.215506 cuda_h.py:27] end get_fused_experts_names_w cost 0.022 ms
DEBUG 04-24 11:15:47.215583.215583 cuda_h.py:27] end restore_fused_tensors cost 0.581 ms
DEBUG 04-24 11:15:47.215486.215486 cuda_h.py:27] end group_fused_tensors_mp cost 0.855 ms
DEBUG 04-24 11:15:47.216164.216164 cuda_h.py:27] end restore_fused_tensors cost 0.472 ms
DEBUG 04-24 11:15:47.216897.216897 cuda_h.py:27] end group_fused_tensors_mp cost 0.841 ms
DEBUG 04-24 11:15:47.222367.222367 cuda_h.py:27] end restore2model cost 0.956 ms
DEBUG 04-24 11:15:47.223820.223820 cuda_h.py:27] end sllm_worker_task cost 17.338 ms
DEBUG 04-24 11:15:47.224487.224487 cuda_h.py:27] end load_into_gpu_async_fused_experts_dual cost 10.879 ms
DEBUG 04-24 11:15:47.224525.224525 mlpmodule.py:3373] [fused_group_bmm][steps] bmm1=5.741 ms split=0.122 ms act_mul=0.342 ms bmm2=2.557 ms
DEBUG 04-24 11:15:47.224550.224550 cuda_h.py:27] end restore_tensors2_fused_experts_packed cost 0.171 ms
DEBUG 04-24 11:15:47.224548.224548 cuda_h.py:27] end fused_group_bmm cost 9.078 ms
DEBUG 04-24 11:15:47.225232.225232 cuda_h.py:27] end restore_tensors2_fused_experts_slices cost 0.477 ms
DEBUG 04-24 11:15:47.225763.225763 cuda_h.py:27] end allocate_experts_cuda_memory_and_restore_model_multi_device_fused cost 14.514 ms
DEBUG 04-24 11:15:47.225450.225450 cuda_h.py:27] end gather_outputs_group_fused_mp cost 0.677 ms
DEBUG 04-24 11:15:47.225407.225407 cuda_h.py:27] end gpu_sexperts cost 0.015 ms
DEBUG 04-24 11:15:47.225364.225364 mlpmodule.py:3373] [fused_group_bmm][steps] bmm1=7.131 ms split=0.119 ms act_mul=0.362 ms bmm2=3.360 ms
DEBUG 04-24 11:15:47.225288.225288 cuda_h.py:27] end wait_load_qkvogn_s_weight cost 0.027 ms
DEBUG 04-24 11:15:47.225672.225672 cuda_h.py:27] end fused_group_bmm cost 11.306 ms
DEBUG 04-24 11:15:47.226098.226098 cuda_h.py:27] end cpu_experts_worker_bmm_or_einsum_0 cost 15.549 ms
DEBUG 04-24 11:15:47.226544.226544 cuda_h.py:27] end gather_outputs_group_fused_mp cost 0.573 ms
DEBUG 04-24 11:15:47.227177.227177 mlpmodule.py:3373] [fused_group_bmm][steps] bmm1=6.885 ms split=0.129 ms act_mul=0.400 ms bmm2=3.173 ms
DEBUG 04-24 11:15:47.227839.227839 cuda_h.py:27] end fused_group_bmm cost 10.783 ms
DEBUG 04-24 11:15:47.227498.227498 cuda_h.py:27] end cpu_experts_worker_bmm_or_einsum_1 cost 16.462 ms
DEBUG 04-24 11:15:47.227860.227860 mlpmodule.py:3373] [fused_group_bmm][steps] bmm1=7.404 ms split=0.146 ms act_mul=0.359 ms bmm2=3.294 ms
DEBUG 04-24 11:15:47.227229.227229 cuda_h.py:27] end gather_outputs_group_fused_mp cost 0.350 ms
DEBUG 04-24 11:15:47.227914.227914 cuda_h.py:27] end fused_group_bmm cost 11.492 ms
DEBUG 04-24 11:15:47.228640.228640 cuda_h.py:27] end cpu_experts_worker_bmm_or_einsum_3 cost 16.270 ms
DEBUG 04-24 11:15:47.228068.228068 cuda_h.py:27] end gather_outputs_group_fused_mp cost 0.444 ms
DEBUG 04-24 11:15:47.228076.228076 cuda_h.py:27] end cpu_experts_worker_bmm_or_einsum_2 cost 17.069 ms
DEBUG 04-24 11:15:47.237095.237095 cuda_h.py:27] end prepare_per_device_parameters cost 11.315 ms
DEBUG 04-24 11:15:47.239567.239567 cuda_h.py:27] end cpu_experts_scatter_reduce cost 0.543 ms
DEBUG 04-24 11:15:47.239602.239602 cuda_h.py:27] end cpu_thread_manager_mp_wait_fused cost 2.031 ms
DEBUG 04-24 11:15:47.240021.240021 cuda_h.py:27] end wait_experts_multi_device cost 1.397 ms
DEBUG 04-24 11:15:47.241473.241473 cuda_h.py:27] end *before fused experts* cost 30.008 ms
DEBUG 04-24 11:15:47.244417.244417 cuda_h.py:27] end gpu_experts_multi_device_fused cost 3.822 ms
DEBUG 04-24 11:15:47.244651.244651 cuda_h.py:27] end *gpu experts* cost 33.931 ms
DEBUG 04-24 11:15:47.245098.245098 cuda_h.py:27] end layer_moe_generate_mp_multi_device_fused_l_23 cost 36.669 ms
DEBUG 04-24 11:15:47.246125.246125 cuda_h.py:27] end *mlp cost 38.267 ms
DEBUG 04-24 11:15:47.246161.246161 cuda_h.py:27] end prefill_layer cost 40.943 ms
DEBUG 04-24 11:15:47.246785.246785 lmp.py:341] -------------------------------- end prefill layer 22 --------------------------------
DEBUG 04-24 11:15:47.246103.246103 lmp.py:294] -------------------------------- start prefill layer 23 --------------------------------
DEBUG 04-24 11:15:47.246437.246437 cuda_h.py:27] end start_load_qkvogn_s_weight_l_24 cost 0.038 ms
DEBUG 04-24 11:15:47.247581.247581 cuda_h.py:27] end allocate_cuda_memory cost 0.245 ms
DEBUG 04-24 11:15:47.247474.247474 sllm_store_c.py:27] get device uuid map
DEBUG 04-24 11:15:47.247864.247864 sllm_store_c.py:29] call client load into gpu
DEBUG 04-24 11:15:47.249009.249009 cuda_h.py:27] end **self_attn cost 1.680 ms
DEBUG 04-24 11:15:47.249135.249135 cuda_h.py:27] end load_into_gpu_async cost 2.135 ms
DEBUG 04-24 11:15:47.249538.249538 cuda_h.py:27] end *iln_self_attn_paln cost 2.854 ms
DEBUG 04-24 11:15:47.249355.249355 cuda_h.py:27] end restore_tensors2 cost 0.085 ms
DEBUG 04-24 11:15:47.250299.250299 cuda_h.py:27] end allocate_cuda_memory_and_load_into_gpu cost 3.350 ms
DEBUG 04-24 11:15:47.250066.250066 cuda_h.py:27] end gate cost 0.688 ms
DEBUG 04-24 11:15:47.251866.251866 cuda_h.py:27] end experts_map_get cost 0.294 ms
DEBUG 04-24 11:15:47.251603.251603 cuda_h.py:27] end *before experts start* cost 1.131 ms
DEBUG 04-24 11:15:47.251684.251684 cuda_h.py:27] end cpu_experts_submit_fused_mp cost 0.206 ms
DEBUG 04-24 11:15:47.252797.252797 cuda_h.py:27] end *single cpu experts* cost 1.196 ms
DEBUG 04-24 11:15:47.254735.254735 cuda_h.py:27] end prepare_group_stack cost 0.466 ms
DEBUG 04-24 11:15:47.254424.254424 cuda_h.py:27] end prepare_group_stack cost 0.530 ms
DEBUG 04-24 11:15:47.254153.254153 cuda_h.py:27] end prepare_group_stack cost 0.476 ms
DEBUG 04-24 11:15:47.254782.254782 sllm_store_c.py:27] get device uuid map
DEBUG 04-24 11:15:47.255526.255526 cuda_h.py:27] end prepare_group_stack cost 0.630 ms
DEBUG 04-24 11:15:47.255699.255699 sllm_store_c.py:29] call client load into gpu
DEBUG 04-24 11:15:47.255217.255217 cuda_h.py:27] end group stack cost 0.652 ms
DEBUG 04-24 11:15:47.255052.255052 cuda_h.py:27] end move_flatidxs_group_fused_mp cost 1.453 ms
DEBUG 04-24 11:15:47.255449.255449 cuda_h.py:27] end get_fused_experts_names_w cost 0.020 ms
DEBUG 04-24 11:15:47.255621.255621 cuda_h.py:27] end group stack cost 1.005 ms
DEBUG 04-24 11:15:47.256317.256317 cuda_h.py:27] end move_flatidxs_group_fused_mp cost 1.847 ms
DEBUG 04-24 11:15:47.256920.256920 cuda_h.py:27] end group stack cost 1.235 ms
DEBUG 04-24 11:15:47.256879.256879 cuda_h.py:27] end get_fused_experts_names_w cost 0.027 ms
DEBUG 04-24 11:15:47.256774.256774 cuda_h.py:27] end move_flatidxs_group_fused_mp cost 2.109 ms
DEBUG 04-24 11:15:47.256800.256800 cuda_h.py:27] end get_fused_experts_names_w cost 0.030 ms
DEBUG 04-24 11:15:47.256189.256189 cuda_h.py:27] end group stack cost 1.559 ms
DEBUG 04-24 11:15:47.257790.257790 cuda_h.py:27] end restore_fused_tensors cost 0.566 ms
DEBUG 04-24 11:15:47.257903.257903 cuda_h.py:27] end move_flatidxs_group_fused_mp cost 2.629 ms
DEBUG 04-24 11:15:47.257976.257976 cuda_h.py:27] end group_fused_tensors_mp cost 0.945 ms
DEBUG 04-24 11:15:47.257150.257150 cuda_h.py:27] end get_fused_experts_names_w cost 0.032 ms
DEBUG 04-24 11:15:47.257068.257068 cuda_h.py:27] end restore_fused_tensors cost 0.704 ms
DEBUG 04-24 11:15:47.257045.257045 cuda_h.py:27] end group_fused_tensors_mp cost 1.022 ms
DEBUG 04-24 11:15:47.257558.257558 cuda_h.py:27] end restore2model cost 0.837 ms
DEBUG 04-24 11:15:47.257528.257528 cuda_h.py:27] end sllm_worker_task cost 10.963 ms
DEBUG 04-24 11:15:47.258826.258826 cuda_h.py:27] end restore_fused_tensors cost 0.788 ms
DEBUG 04-24 11:15:47.258744.258744 cuda_h.py:27] end group_fused_tensors_mp cost 1.140 ms
DEBUG 04-24 11:15:47.259896.259896 cuda_h.py:27] end load_into_gpu_async_fused_experts_dual cost 4.408 ms
DEBUG 04-24 11:15:47.259483.259483 cuda_h.py:27] end restore_tensors2_fused_experts_packed cost 0.051 ms
DEBUG 04-24 11:15:47.260110.260110 cuda_h.py:27] end restore_tensors2_fused_experts_slices cost 0.251 ms
DEBUG 04-24 11:15:47.260894.260894 cuda_h.py:27] end allocate_experts_cuda_memory_and_restore_model_multi_device_fused cost 7.577 ms
DEBUG 04-24 11:15:47.260465.260465 cuda_h.py:27] end gpu_sexperts cost 0.006 ms
DEBUG 04-24 11:15:47.260148.260148 cuda_h.py:27] end wait_load_qkvogn_s_weight cost 0.014 ms
DEBUG 04-24 11:15:47.263554.263554 cuda_h.py:27] end restore_fused_tensors cost 6.924 ms
DEBUG 04-24 11:15:47.263551.263551 cuda_h.py:27] end group_fused_tensors_mp cost 7.228 ms
DEBUG 04-24 11:15:47.269173.269173 mlpmodule.py:3373] [fused_group_bmm][steps] bmm1=6.320 ms split=0.111 ms act_mul=0.377 ms bmm2=5.385 ms
DEBUG 04-24 11:15:47.269475.269475 cuda_h.py:27] end fused_group_bmm cost 12.576 ms
DEBUG 04-24 11:15:47.270511.270511 mlpmodule.py:3373] [fused_group_bmm][steps] bmm1=5.714 ms split=0.143 ms act_mul=0.393 ms bmm2=6.285 ms
DEBUG 04-24 11:15:47.270459.270459 cuda_h.py:27] end fused_group_bmm cost 12.826 ms
DEBUG 04-24 11:15:47.270729.270729 cuda_h.py:27] end gather_outputs_group_fused_mp cost 0.579 ms
DEBUG 04-24 11:15:47.271951.271951 cuda_h.py:27] end gather_outputs_group_fused_mp cost 0.490 ms
DEBUG 04-24 11:15:47.271204.271204 cuda_h.py:27] end cpu_experts_worker_bmm_or_einsum_1 cost 18.081 ms
DEBUG 04-24 11:15:47.271225.271225 cuda_h.py:27] end cpu_experts_worker_bmm_or_einsum_2 cost 18.705 ms
DEBUG 04-24 11:15:47.271786.271786 mlpmodule.py:3373] [fused_group_bmm][steps] bmm1=6.727 ms split=0.370 ms act_mul=0.811 ms bmm2=5.380 ms
DEBUG 04-24 11:15:47.272676.272676 cuda_h.py:27] end fused_group_bmm cost 13.797 ms
DEBUG 04-24 11:15:47.273768.273768 cuda_h.py:27] end gather_outputs_group_fused_mp cost 0.717 ms
DEBUG 04-24 11:15:47.273558.273558 cuda_h.py:27] end cpu_experts_worker_bmm_or_einsum_3 cost 20.616 ms
DEBUG 04-24 11:15:47.274260.274260 mlpmodule.py:3373] [fused_group_bmm][steps] bmm1=6.605 ms split=0.118 ms act_mul=0.669 ms bmm2=3.511 ms
DEBUG 04-24 11:15:47.274321.274321 cuda_h.py:27] end fused_group_bmm cost 11.155 ms
DEBUG 04-24 11:15:47.275813.275813 cuda_h.py:27] end prepare_per_device_parameters cost 14.650 ms
DEBUG 04-24 11:15:47.275718.275718 cuda_h.py:27] end gather_outputs_group_fused_mp cost 0.487 ms
DEBUG 04-24 11:15:47.275208.275208 cuda_h.py:27] end cpu_experts_worker_bmm_or_einsum_0 cost 22.907 ms
DEBUG 04-24 11:15:47.277263.277263 cuda_h.py:27] end cpu_experts_scatter_reduce cost 0.585 ms
DEBUG 04-24 11:15:47.277742.277742 cuda_h.py:27] end cpu_thread_manager_mp_wait_fused cost 2.500 ms
DEBUG 04-24 11:15:47.279476.279476 cuda_h.py:27] end wait_experts_multi_device cost 2.083 ms
DEBUG 04-24 11:15:47.279411.279411 cuda_h.py:27] end *before fused experts* cost 27.383 ms
DEBUG 04-24 11:15:47.284332.284332 cuda_h.py:27] end gpu_experts_multi_device_fused cost 4.329 ms
DEBUG 04-24 11:15:47.284388.284388 cuda_h.py:27] end *gpu experts* cost 31.823 ms
DEBUG 04-24 11:15:47.284027.284027 cuda_h.py:27] end layer_moe_generate_mp_multi_device_fused_l_24 cost 34.342 ms
DEBUG 04-24 11:15:47.285838.285838 cuda_h.py:27] end *mlp cost 35.643 ms
DEBUG 04-24 11:15:47.285994.285994 cuda_h.py:27] end prefill_layer cost 39.068 ms
DEBUG 04-24 11:15:47.285082.285082 lmp.py:341] -------------------------------- end prefill layer 23 --------------------------------
DEBUG 04-24 11:15:47.286571.286571 lmp.py:294] -------------------------------- start prefill layer 24 --------------------------------
DEBUG 04-24 11:15:47.286210.286210 cuda_h.py:27] end start_load_qkvogn_s_weight_l_25 cost 0.044 ms
DEBUG 04-24 11:15:47.286884.286884 cuda_h.py:27] end allocate_cuda_memory cost 0.247 ms
DEBUG 04-24 11:15:47.286346.286346 sllm_store_c.py:27] get device uuid map
DEBUG 04-24 11:15:47.286007.286007 sllm_store_c.py:29] call client load into gpu
DEBUG 04-24 11:15:47.288251.288251 cuda_h.py:27] end load_into_gpu_async cost 1.684 ms
DEBUG 04-24 11:15:47.288031.288031 cuda_h.py:27] end restore_tensors2 cost 0.100 ms
DEBUG 04-24 11:15:47.288019.288019 cuda_h.py:27] end **self_attn cost 1.633 ms
DEBUG 04-24 11:15:47.288166.288166 cuda_h.py:27] end allocate_cuda_memory_and_load_into_gpu cost 2.406 ms
DEBUG 04-24 11:15:47.289320.289320 cuda_h.py:27] end *iln_self_attn_paln cost 2.940 ms
DEBUG 04-24 11:15:47.289652.289652 cuda_h.py:27] end gate cost 0.557 ms
DEBUG 04-24 11:15:47.290758.290758 cuda_h.py:27] end experts_map_get cost 0.310 ms
DEBUG 04-24 11:15:47.290972.290972 cuda_h.py:27] end *before experts start* cost 1.014 ms
DEBUG 04-24 11:15:47.290781.290781 cuda_h.py:27] end cpu_experts_submit_fused_mp cost 0.218 ms
DEBUG 04-24 11:15:47.291774.291774 cuda_h.py:27] end *single cpu experts* cost 1.190 ms
DEBUG 04-24 11:15:47.293816.293816 cuda_h.py:27] end prepare_group_stack cost 0.457 ms
DEBUG 04-24 11:15:47.293861.293861 cuda_h.py:27] end prepare_group_stack cost 0.507 ms
DEBUG 04-24 11:15:47.293583.293583 cuda_h.py:27] end prepare_group_stack cost 0.516 ms
DEBUG 04-24 11:15:47.293411.293411 cuda_h.py:27] end prepare_group_stack cost 0.491 ms
DEBUG 04-24 11:15:47.293542.293542 sllm_store_c.py:27] get device uuid map
DEBUG 04-24 11:15:47.294551.294551 sllm_store_c.py:29] call client load into gpu
DEBUG 04-24 11:15:47.294765.294765 cuda_h.py:27] end group stack cost 0.742 ms
DEBUG 04-24 11:15:47.294755.294755 cuda_h.py:27] end move_flatidxs_group_fused_mp cost 1.409 ms
DEBUG 04-24 11:15:47.294720.294720 cuda_h.py:27] end get_fused_experts_names_w cost 0.024 ms
DEBUG 04-24 11:15:47.294446.294446 cuda_h.py:27] end group stack cost 0.869 ms
DEBUG 04-24 11:15:47.295679.295679 cuda_h.py:27] end group stack cost 0.928 ms
DEBUG 04-24 11:15:47.295212.295212 cuda_h.py:27] end move_flatidxs_group_fused_mp cost 1.912 ms
DEBUG 04-24 11:15:47.295100.295100 cuda_h.py:27] end move_flatidxs_group_fused_mp cost 1.931 ms
DEBUG 04-24 11:15:47.295667.295667 cuda_h.py:27] end group stack cost 1.128 ms
DEBUG 04-24 11:15:47.295126.295126 cuda_h.py:27] end get_fused_experts_names_w cost 0.019 ms
DEBUG 04-24 11:15:47.295524.295524 cuda_h.py:27] end get_fused_experts_names_w cost 0.021 ms
DEBUG 04-24 11:15:47.295393.295393 cuda_h.py:27] end move_flatidxs_group_fused_mp cost 2.147 ms
DEBUG 04-24 11:15:47.295421.295421 cuda_h.py:27] end restore_fused_tensors cost 0.566 ms
DEBUG 04-24 11:15:47.295556.295556 cuda_h.py:27] end group_fused_tensors_mp cost 0.855 ms
DEBUG 04-24 11:15:47.295815.295815 cuda_h.py:27] end get_fused_experts_names_w cost 0.026 ms
DEBUG 04-24 11:15:47.296025.296025 cuda_h.py:27] end restore_fused_tensors cost 0.582 ms
DEBUG 04-24 11:15:47.296544.296544 cuda_h.py:27] end group_fused_tensors_mp cost 0.810 ms
DEBUG 04-24 11:15:47.296127.296127 cuda_h.py:27] end restore_fused_tensors cost 0.664 ms
DEBUG 04-24 11:15:47.296245.296245 cuda_h.py:27] end restore2model cost 0.643 ms
DEBUG 04-24 11:15:47.296431.296431 cuda_h.py:27] end group_fused_tensors_mp cost 1.019 ms
DEBUG 04-24 11:15:47.296419.296419 cuda_h.py:27] end sllm_worker_task cost 10.146 ms
DEBUG 04-24 11:15:47.296822.296822 cuda_h.py:27] end restore_fused_tensors cost 0.670 ms
DEBUG 04-24 11:15:47.296304.296304 cuda_h.py:27] end group_fused_tensors_mp cost 0.987 ms
DEBUG 04-24 11:15:47.296562.296562 cuda_h.py:27] end load_into_gpu_async_fused_experts_dual cost 2.961 ms
DEBUG 04-24 11:15:47.297264.297264 cuda_h.py:27] end restore_tensors2_fused_experts_packed cost 0.099 ms
DEBUG 04-24 11:15:47.297522.297522 cuda_h.py:27] end restore_tensors2_fused_experts_slices cost 0.663 ms
DEBUG 04-24 11:15:47.298365.298365 cuda_h.py:27] end allocate_experts_cuda_memory_and_restore_model_multi_device_fused cost 6.671 ms
DEBUG 04-24 11:15:47.298549.298549 cuda_h.py:27] end gpu_sexperts cost 0.016 ms
DEBUG 04-24 11:15:47.299067.299067 cuda_h.py:27] end wait_load_qkvogn_s_weight cost 0.068 ms
DEBUG 04-24 11:15:47.306718.306718 mlpmodule.py:3373] [fused_group_bmm][steps] bmm1=5.942 ms split=0.146 ms act_mul=1.172 ms bmm2=2.845 ms
DEBUG 04-24 11:15:47.306404.306404 cuda_h.py:27] end fused_group_bmm cost 10.441 ms
DEBUG 04-24 11:15:47.307997.307997 cuda_h.py:27] end gather_outputs_group_fused_mp cost 0.776 ms
DEBUG 04-24 11:15:47.308891.308891 cuda_h.py:27] end cpu_experts_worker_bmm_or_einsum_0 cost 16.821 ms
DEBUG 04-24 11:15:47.309518.309518 mlpmodule.py:3373] [fused_group_bmm][steps] bmm1=7.573 ms split=0.143 ms act_mul=0.443 ms bmm2=5.869 ms
DEBUG 04-24 11:15:47.310732.310732 cuda_h.py:27] end fused_group_bmm cost 14.332 ms
DEBUG 04-24 11:15:47.310511.310511 mlpmodule.py:3373] [fused_group_bmm][steps] bmm1=8.511 ms split=0.225 ms act_mul=0.452 ms bmm2=4.233 ms
DEBUG 04-24 11:15:47.310416.310416 cuda_h.py:27] end fused_group_bmm cost 13.773 ms
DEBUG 04-24 11:15:47.310430.310430 cuda_h.py:27] end gather_outputs_group_fused_mp cost 0.442 ms
DEBUG 04-24 11:15:47.311347.311347 cuda_h.py:27] end cpu_experts_worker_bmm_or_einsum_2 cost 19.257 ms
DEBUG 04-24 11:15:47.311467.311467 cuda_h.py:27] end gather_outputs_group_fused_mp cost 0.547 ms
DEBUG 04-24 11:15:47.311101.311101 mlpmodule.py:3373] [fused_group_bmm][steps] bmm1=8.461 ms split=0.294 ms act_mul=0.484 ms bmm2=5.664 ms
DEBUG 04-24 11:15:47.311193.311193 cuda_h.py:27] end fused_group_bmm cost 15.105 ms
DEBUG 04-24 11:15:47.311448.311448 cuda_h.py:27] end cpu_experts_worker_bmm_or_einsum_1 cost 19.840 ms
DEBUG 04-24 11:15:47.312865.312865 cuda_h.py:27] end gather_outputs_group_fused_mp cost 0.473 ms
DEBUG 04-24 11:15:47.312074.312074 cuda_h.py:27] end cpu_experts_worker_bmm_or_einsum_3 cost 20.568 ms
DEBUG 04-24 11:15:47.316866.316866 cuda_h.py:27] end prepare_per_device_parameters cost 16.568 ms
DEBUG 04-24 11:15:47.318923.318923 cuda_h.py:27] end cpu_experts_scatter_reduce cost 0.579 ms
DEBUG 04-24 11:15:47.318263.318263 cuda_h.py:27] end cpu_thread_manager_mp_wait_fused cost 2.073 ms
DEBUG 04-24 11:15:47.319728.319728 cuda_h.py:27] end wait_experts_multi_device cost 1.177 ms
DEBUG 04-24 11:15:47.319525.319525 cuda_h.py:27] end *before fused experts* cost 28.086 ms
DEBUG 04-24 11:15:47.323465.323465 cuda_h.py:27] end gpu_experts_multi_device_fused cost 3.924 ms
DEBUG 04-24 11:15:47.323176.323176 cuda_h.py:27] end *gpu experts* cost 32.114 ms
DEBUG 04-24 11:15:47.323762.323762 cuda_h.py:27] end layer_moe_generate_mp_multi_device_fused_l_25 cost 34.497 ms
DEBUG 04-24 11:15:47.325469.325469 cuda_h.py:27] end *mlp cost 36.246 ms
DEBUG 04-24 11:15:47.325758.325758 cuda_h.py:27] end prefill_layer cost 39.393 ms
DEBUG 04-24 11:15:47.325388.325388 lmp.py:341] -------------------------------- end prefill layer 24 --------------------------------
DEBUG 04-24 11:15:47.325568.325568 lmp.py:294] -------------------------------- start prefill layer 25 --------------------------------
DEBUG 04-24 11:15:47.325598.325598 cuda_h.py:27] end start_load_qkvogn_s_weight_l_26 cost 0.059 ms
DEBUG 04-24 11:15:47.325491.325491 cuda_h.py:27] end allocate_cuda_memory cost 0.241 ms
DEBUG 04-24 11:15:47.326590.326590 sllm_store_c.py:27] get device uuid map
DEBUG 04-24 11:15:47.326070.326070 sllm_store_c.py:29] call client load into gpu
DEBUG 04-24 11:15:47.327445.327445 cuda_h.py:27] end **self_attn cost 1.235 ms
DEBUG 04-24 11:15:47.327231.327231 cuda_h.py:27] end load_into_gpu_async cost 1.734 ms
DEBUG 04-24 11:15:47.328776.328776 cuda_h.py:27] end restore_tensors2 cost 0.095 ms
DEBUG 04-24 11:15:47.328462.328462 cuda_h.py:27] end *iln_self_attn_paln cost 2.737 ms
DEBUG 04-24 11:15:47.328748.328748 cuda_h.py:27] end allocate_cuda_memory_and_load_into_gpu cost 2.617 ms
DEBUG 04-24 11:15:47.329265.329265 cuda_h.py:27] end gate cost 0.600 ms
DEBUG 04-24 11:15:47.329457.329457 cuda_h.py:27] end experts_map_get cost 0.300 ms
DEBUG 04-24 11:15:47.329670.329670 cuda_h.py:27] end *before experts start* cost 1.050 ms
DEBUG 04-24 11:15:47.329274.329274 cuda_h.py:27] end cpu_experts_submit_fused_mp cost 0.206 ms
DEBUG 04-24 11:15:47.330062.330062 cuda_h.py:27] end *single cpu experts* cost 1.168 ms
DEBUG 04-24 11:15:47.332245.332245 cuda_h.py:27] end prepare_group_stack cost 0.455 ms
DEBUG 04-24 11:15:47.332704.332704 cuda_h.py:27] end prepare_group_stack cost 0.427 ms
DEBUG 04-24 11:15:47.333386.333386 cuda_h.py:27] end group stack cost 0.692 ms
DEBUG 04-24 11:15:47.333019.333019 cuda_h.py:27] end move_flatidxs_group_fused_mp cost 1.346 ms
DEBUG 04-24 11:15:47.333550.333550 cuda_h.py:27] end group stack cost 0.903 ms
DEBUG 04-24 11:15:47.333148.333148 cuda_h.py:27] end prepare_group_stack cost 0.502 ms
DEBUG 04-24 11:15:47.333532.333532 cuda_h.py:27] end prepare_group_stack cost 0.464 ms
DEBUG 04-24 11:15:47.333375.333375 cuda_h.py:27] end get_fused_experts_names_w cost 0.024 ms
DEBUG 04-24 11:15:47.333488.333488 cuda_h.py:27] end move_flatidxs_group_fused_mp cost 1.807 ms
DEBUG 04-24 11:15:47.333365.333365 sllm_store_c.py:27] get device uuid map
DEBUG 04-24 11:15:47.334914.334914 cuda_h.py:27] end get_fused_experts_names_w cost 0.023 ms
DEBUG 04-24 11:15:47.334967.334967 sllm_store_c.py:29] call client load into gpu
DEBUG 04-24 11:15:47.334049.334049 cuda_h.py:27] end group stack cost 0.727 ms
DEBUG 04-24 11:15:47.334993.334993 cuda_h.py:27] end move_flatidxs_group_fused_mp cost 1.634 ms
DEBUG 04-24 11:15:47.334153.334153 cuda_h.py:27] end restore_fused_tensors cost 0.660 ms
DEBUG 04-24 11:15:47.334175.334175 cuda_h.py:27] end restore_fused_tensors cost 0.517 ms
DEBUG 04-24 11:15:47.334516.334516 cuda_h.py:27] end group stack cost 1.017 ms
DEBUG 04-24 11:15:47.334207.334207 cuda_h.py:27] end group_fused_tensors_mp cost 1.133 ms
DEBUG 04-24 11:15:47.334744.334744 cuda_h.py:27] end get_fused_experts_names_w cost 0.022 ms
DEBUG 04-24 11:15:47.334459.334459 cuda_h.py:27] end group_fused_tensors_mp cost 0.885 ms
DEBUG 04-24 11:15:47.334884.334884 cuda_h.py:27] end move_flatidxs_group_fused_mp cost 1.901 ms
DEBUG 04-24 11:15:47.335089.335089 cuda_h.py:27] end get_fused_experts_names_w cost 0.022 ms
DEBUG 04-24 11:15:47.335676.335676 cuda_h.py:27] end restore_fused_tensors cost 0.502 ms
DEBUG 04-24 11:15:47.335565.335565 cuda_h.py:27] end group_fused_tensors_mp cost 0.632 ms
DEBUG 04-24 11:15:47.335224.335224 cuda_h.py:27] end restore_fused_tensors cost 0.495 ms
DEBUG 04-24 11:15:47.335756.335756 cuda_h.py:27] end group_fused_tensors_mp cost 0.762 ms
DEBUG 04-24 11:15:47.336895.336895 cuda_h.py:27] end restore2model cost 0.965 ms
DEBUG 04-24 11:15:47.336804.336804 cuda_h.py:27] end sllm_worker_task cost 11.215 ms
DEBUG 04-24 11:15:47.340968.340968 cuda_h.py:27] end load_into_gpu_async_fused_experts_dual cost 6.268 ms
DEBUG 04-24 11:15:47.340914.340914 cuda_h.py:27] end restore_tensors2_fused_experts_packed cost 0.225 ms
DEBUG 04-24 11:15:47.341344.341344 cuda_h.py:27] end restore_tensors2_fused_experts_slices cost 0.443 ms
DEBUG 04-24 11:15:47.341530.341530 cuda_h.py:27] end allocate_experts_cuda_memory_and_restore_model_multi_device_fused cost 10.939 ms
DEBUG 04-24 11:15:47.342137.342137 cuda_h.py:27] end gpu_sexperts cost 0.010 ms
DEBUG 04-24 11:15:47.342662.342662 cuda_h.py:27] end wait_load_qkvogn_s_weight cost 0.030 ms
DEBUG 04-24 11:15:47.346550.346550 mlpmodule.py:3373] [fused_group_bmm][steps] bmm1=6.487 ms split=0.122 ms act_mul=0.644 ms bmm2=3.794 ms
DEBUG 04-24 11:15:47.346497.346497 cuda_h.py:27] end fused_group_bmm cost 11.504 ms
DEBUG 04-24 11:15:47.346181.346181 mlpmodule.py:3373] [fused_group_bmm][steps] bmm1=7.196 ms split=0.112 ms act_mul=0.313 ms bmm2=3.947 ms
DEBUG 04-24 11:15:47.347025.347025 cuda_h.py:27] end fused_group_bmm cost 11.874 ms
DEBUG 04-24 11:15:47.347940.347940 cuda_h.py:27] end gather_outputs_group_fused_mp cost 0.496 ms
DEBUG 04-24 11:15:47.347952.347952 cuda_h.py:27] end gather_outputs_group_fused_mp cost 0.592 ms
DEBUG 04-24 11:15:47.347336.347336 cuda_h.py:27] end cpu_experts_worker_bmm_or_einsum_0 cost 16.770 ms
DEBUG 04-24 11:15:47.348369.348369 cuda_h.py:27] end cpu_experts_worker_bmm_or_einsum_1 cost 17.031 ms
DEBUG 04-24 11:15:47.348379.348379 mlpmodule.py:3373] [fused_group_bmm][steps] bmm1=6.752 ms split=0.084 ms act_mul=0.320 ms bmm2=5.340 ms
DEBUG 04-24 11:15:47.348955.348955 cuda_h.py:27] end fused_group_bmm cost 12.703 ms
DEBUG 04-24 11:15:47.348338.348338 mlpmodule.py:3373] [fused_group_bmm][steps] bmm1=7.108 ms split=0.105 ms act_mul=0.302 ms bmm2=5.463 ms
DEBUG 04-24 11:15:47.349886.349886 cuda_h.py:27] end fused_group_bmm cost 13.378 ms
DEBUG 04-24 11:15:47.349571.349571 cuda_h.py:27] end gather_outputs_group_fused_mp cost 0.379 ms
DEBUG 04-24 11:15:47.349085.349085 cuda_h.py:27] end gather_outputs_group_fused_mp cost 0.434 ms
DEBUG 04-24 11:15:47.349701.349701 cuda_h.py:27] end cpu_experts_worker_bmm_or_einsum_3 cost 17.671 ms
DEBUG 04-24 11:15:47.350223.350223 cuda_h.py:27] end cpu_experts_worker_bmm_or_einsum_2 cost 18.260 ms
DEBUG 04-24 11:15:47.356040.356040 cuda_h.py:27] end prepare_per_device_parameters cost 13.713 ms
DEBUG 04-24 11:15:47.358302.358302 cuda_h.py:27] end cpu_experts_scatter_reduce cost 0.568 ms
DEBUG 04-24 11:15:47.358397.358397 cuda_h.py:27] end cpu_thread_manager_mp_wait_fused cost 1.849 ms
DEBUG 04-24 11:15:47.359540.359540 cuda_h.py:27] end wait_experts_multi_device cost 1.263 ms
DEBUG 04-24 11:15:47.359476.359476 cuda_h.py:27] end *before fused experts* cost 28.714 ms
DEBUG 04-24 11:15:47.363148.363148 cuda_h.py:27] end gpu_experts_multi_device_fused cost 3.833 ms
DEBUG 04-24 11:15:47.363773.363773 cuda_h.py:27] end *gpu experts* cost 32.656 ms
DEBUG 04-24 11:15:47.363796.363796 cuda_h.py:27] end layer_moe_generate_mp_multi_device_fused_l_26 cost 35.061 ms
DEBUG 04-24 11:15:47.365164.365164 cuda_h.py:27] end *mlp cost 36.771 ms
DEBUG 04-24 11:15:47.365434.365434 cuda_h.py:27] end prefill_layer cost 39.892 ms
DEBUG 04-24 11:15:47.365375.365375 lmp.py:341] -------------------------------- end prefill layer 25 --------------------------------
DEBUG 04-24 11:15:47.365786.365786 lmp.py:294] -------------------------------- start prefill layer 26 --------------------------------
DEBUG 04-24 11:15:47.365027.365027 cuda_h.py:27] end start_load_qkvogn_s_weight_l_27 cost 0.041 ms
DEBUG 04-24 11:15:47.365040.365040 cuda_h.py:27] end allocate_cuda_memory cost 0.248 ms
DEBUG 04-24 11:15:47.366933.366933 sllm_store_c.py:27] get device uuid map
DEBUG 04-24 11:15:47.366461.366461 sllm_store_c.py:29] call client load into gpu
DEBUG 04-24 11:15:47.367179.367179 cuda_h.py:27] end **self_attn cost 1.211 ms
DEBUG 04-24 11:15:47.367455.367455 cuda_h.py:27] end load_into_gpu_async cost 1.717 ms
DEBUG 04-24 11:15:47.368086.368086 cuda_h.py:27] end restore_tensors2 cost 0.096 ms
DEBUG 04-24 11:15:47.368604.368604 cuda_h.py:27] end allocate_cuda_memory_and_load_into_gpu cost 2.503 ms
DEBUG 04-24 11:15:47.368693.368693 cuda_h.py:27] end *iln_self_attn_paln cost 2.711 ms
DEBUG 04-24 11:15:47.368102.368102 cuda_h.py:27] end gate cost 0.546 ms
DEBUG 04-24 11:15:47.369009.369009 cuda_h.py:27] end experts_map_get cost 0.300 ms
DEBUG 04-24 11:15:47.369461.369461 cuda_h.py:27] end *before experts start* cost 0.998 ms
DEBUG 04-24 11:15:47.369648.369648 cuda_h.py:27] end cpu_experts_submit_fused_mp cost 0.214 ms
DEBUG 04-24 11:15:47.370603.370603 cuda_h.py:27] end *single cpu experts* cost 1.229 ms
DEBUG 04-24 11:15:47.373823.373823 cuda_h.py:27] end prepare_group_stack cost 0.454 ms
DEBUG 04-24 11:15:47.373970.373970 cuda_h.py:27] end prepare_group_stack cost 0.482 ms
DEBUG 04-24 11:15:47.373256.373256 cuda_h.py:27] end prepare_group_stack cost 0.478 ms
DEBUG 04-24 11:15:47.373282.373282 sllm_store_c.py:27] get device uuid map
DEBUG 04-24 11:15:47.373254.373254 sllm_store_c.py:29] call client load into gpu
DEBUG 04-24 11:15:47.373457.373457 cuda_h.py:27] end prepare_group_stack cost 0.655 ms
DEBUG 04-24 11:15:47.373834.373834 cuda_h.py:27] end group stack cost 0.809 ms
DEBUG 04-24 11:15:47.374903.374903 cuda_h.py:27] end group stack cost 0.873 ms
DEBUG 04-24 11:15:47.374520.374520 cuda_h.py:27] end move_flatidxs_group_fused_mp cost 1.520 ms
DEBUG 04-24 11:15:47.374546.374546 cuda_h.py:27] end group stack cost 1.042 ms
DEBUG 04-24 11:15:47.374708.374708 cuda_h.py:27] end get_fused_experts_names_w cost 0.020 ms
DEBUG 04-24 11:15:47.374277.374277 cuda_h.py:27] end move_flatidxs_group_fused_mp cost 1.781 ms
DEBUG 04-24 11:15:47.374318.374318 cuda_h.py:27] end move_flatidxs_group_fused_mp cost 1.777 ms
DEBUG 04-24 11:15:47.374271.374271 cuda_h.py:27] end get_fused_experts_names_w cost 0.026 ms
DEBUG 04-24 11:15:47.374338.374338 cuda_h.py:27] end get_fused_experts_names_w cost 0.026 ms
DEBUG 04-24 11:15:47.375633.375633 cuda_h.py:27] end restore_fused_tensors cost 0.555 ms
DEBUG 04-24 11:15:47.375913.375913 cuda_h.py:27] end group_fused_tensors_mp cost 0.808 ms
DEBUG 04-24 11:15:47.375886.375886 cuda_h.py:27] end group stack cost 1.440 ms
DEBUG 04-24 11:15:47.375160.375160 cuda_h.py:27] end restore_fused_tensors cost 0.684 ms
DEBUG 04-24 11:15:47.375629.375629 cuda_h.py:27] end restore_fused_tensors cost 0.634 ms
DEBUG 04-24 11:15:47.375454.375454 cuda_h.py:27] end group_fused_tensors_mp cost 0.937 ms
DEBUG 04-24 11:15:47.375321.375321 cuda_h.py:27] end group_fused_tensors_mp cost 0.931 ms
DEBUG 04-24 11:15:47.375800.375800 cuda_h.py:27] end move_flatidxs_group_fused_mp cost 2.798 ms
DEBUG 04-24 11:15:47.375123.375123 cuda_h.py:27] end restore2model cost 0.873 ms
DEBUG 04-24 11:15:47.375866.375866 cuda_h.py:27] end get_fused_experts_names_w cost 0.036 ms
DEBUG 04-24 11:15:47.376235.376235 cuda_h.py:27] end sllm_worker_task cost 10.447 ms
DEBUG 04-24 11:15:47.376364.376364 cuda_h.py:27] end load_into_gpu_async_fused_experts_dual cost 3.039 ms
DEBUG 04-24 11:15:47.376649.376649 cuda_h.py:27] end restore_tensors2_fused_experts_packed cost 0.092 ms
DEBUG 04-24 11:15:47.377414.377414 cuda_h.py:27] end restore_fused_tensors cost 0.978 ms
DEBUG 04-24 11:15:47.377255.377255 cuda_h.py:27] end group_fused_tensors_mp cost 1.381 ms
DEBUG 04-24 11:15:47.377307.377307 cuda_h.py:27] end restore_tensors2_fused_experts_slices cost 0.923 ms
DEBUG 04-24 11:15:47.378530.378530 cuda_h.py:27] end allocate_experts_cuda_memory_and_restore_model_multi_device_fused cost 7.609 ms
DEBUG 04-24 11:15:47.378729.378729 cuda_h.py:27] end gpu_sexperts cost 0.025 ms
DEBUG 04-24 11:15:47.379707.379707 cuda_h.py:27] end wait_load_qkvogn_s_weight cost 0.091 ms
DEBUG 04-24 11:15:47.386078.386078 mlpmodule.py:3373] [fused_group_bmm][steps] bmm1=6.441 ms split=0.122 ms act_mul=0.743 ms bmm2=3.982 ms
DEBUG 04-24 11:15:47.387788.387788 cuda_h.py:27] end fused_group_bmm cost 11.759 ms
DEBUG 04-24 11:15:47.387026.387026 cuda_h.py:27] end gather_outputs_group_fused_mp cost 0.698 ms
DEBUG 04-24 11:15:47.388934.388934 mlpmodule.py:3373] [fused_group_bmm][steps] bmm1=7.858 ms split=0.116 ms act_mul=0.257 ms bmm2=4.147 ms
DEBUG 04-24 11:15:47.388319.388319 cuda_h.py:27] end fused_group_bmm cost 12.667 ms
DEBUG 04-24 11:15:47.388797.388797 cuda_h.py:27] end cpu_experts_worker_bmm_or_einsum_0 cost 17.083 ms
DEBUG 04-24 11:15:47.389175.389175 cuda_h.py:27] end gather_outputs_group_fused_mp cost 0.555 ms
DEBUG 04-24 11:15:47.389312.389312 cuda_h.py:27] end cpu_experts_worker_bmm_or_einsum_1 cost 18.436 ms
DEBUG 04-24 11:15:47.391778.391778 mlpmodule.py:3373] [fused_group_bmm][steps] bmm1=9.505 ms split=0.443 ms act_mul=0.494 ms bmm2=4.847 ms
DEBUG 04-24 11:15:47.391898.391898 cuda_h.py:27] end fused_group_bmm cost 15.552 ms
DEBUG 04-24 11:15:47.392824.392824 cuda_h.py:27] end gather_outputs_group_fused_mp cost 0.502 ms
DEBUG 04-24 11:15:47.392510.392510 cuda_h.py:27] end cpu_experts_worker_bmm_or_einsum_2 cost 21.192 ms
DEBUG 04-24 11:15:47.392457.392457 mlpmodule.py:3373] [fused_group_bmm][steps] bmm1=10.429 ms split=0.153 ms act_mul=0.252 ms bmm2=4.420 ms
DEBUG 04-24 11:15:47.393451.393451 cuda_h.py:27] end fused_group_bmm cost 15.492 ms
DEBUG 04-24 11:15:47.393213.393213 cuda_h.py:27] end gather_outputs_group_fused_mp cost 0.372 ms
DEBUG 04-24 11:15:47.393640.393640 cuda_h.py:27] end cpu_experts_worker_bmm_or_einsum_3 cost 22.410 ms
DEBUG 04-24 11:15:47.397786.397786 cuda_h.py:27] end prepare_per_device_parameters cost 16.985 ms
DEBUG 04-24 11:15:47.399834.399834 cuda_h.py:27] end cpu_experts_scatter_reduce cost 0.599 ms
DEBUG 04-24 11:15:47.399744.399744 cuda_h.py:27] end cpu_thread_manager_mp_wait_fused cost 1.796 ms
DEBUG 04-24 11:15:47.400403.400403 cuda_h.py:27] end wait_experts_multi_device cost 1.255 ms
DEBUG 04-24 11:15:47.400392.400392 cuda_h.py:27] end *before fused experts* cost 29.834 ms
DEBUG 04-24 11:15:47.405845.405845 cuda_h.py:27] end gpu_experts_multi_device_fused cost 4.407 ms
DEBUG 04-24 11:15:47.405040.405040 cuda_h.py:27] end *gpu experts* cost 34.350 ms
DEBUG 04-24 11:15:47.405871.405871 cuda_h.py:27] end layer_moe_generate_mp_multi_device_fused_l_27 cost 36.763 ms
DEBUG 04-24 11:15:47.406923.406923 cuda_h.py:27] end *mlp cost 38.520 ms
DEBUG 04-24 11:15:47.407165.407165 cuda_h.py:27] end prefill_layer cost 41.569 ms
DEBUG 04-24 11:15:47.407537.407537 lmp.py:341] -------------------------------- end prefill layer 26 --------------------------------
DEBUG 04-24 11:15:47.407379.407379 lmp.py:294] -------------------------------- start prefill layer 27 --------------------------------
DEBUG 04-24 11:15:47.407633.407633 cuda_h.py:27] end start_load_qkvogn_s_weight_l_28 cost 0.048 ms
DEBUG 04-24 11:15:47.407982.407982 cuda_h.py:27] end allocate_cuda_memory cost 0.221 ms
DEBUG 04-24 11:15:47.407221.407221 sllm_store_c.py:27] get device uuid map
DEBUG 04-24 11:15:47.407464.407464 sllm_store_c.py:29] call client load into gpu
DEBUG 04-24 11:15:47.409456.409456 cuda_h.py:27] end **self_attn cost 1.406 ms
DEBUG 04-24 11:15:47.409537.409537 cuda_h.py:27] end *iln_self_attn_paln cost 2.508 ms
DEBUG 04-24 11:15:47.409501.409501 cuda_h.py:27] end load_into_gpu_async cost 2.241 ms
DEBUG 04-24 11:15:47.410673.410673 cuda_h.py:27] end restore_tensors2 cost 0.112 ms
DEBUG 04-24 11:15:47.410902.410902 cuda_h.py:27] end allocate_cuda_memory_and_load_into_gpu cost 3.024 ms
DEBUG 04-24 11:15:47.410292.410292 cuda_h.py:27] end gate cost 0.994 ms
DEBUG 04-24 11:15:47.411960.411960 cuda_h.py:27] end experts_map_get cost 0.300 ms
DEBUG 04-24 11:15:47.411174.411174 cuda_h.py:27] end *before experts start* cost 1.445 ms
DEBUG 04-24 11:15:47.411328.411328 cuda_h.py:27] end cpu_experts_submit_fused_mp cost 0.227 ms
DEBUG 04-24 11:15:47.412529.412529 cuda_h.py:27] end *single cpu experts* cost 1.281 ms
DEBUG 04-24 11:15:47.414726.414726 cuda_h.py:27] end prepare_group_stack cost 0.419 ms
DEBUG 04-24 11:15:47.414710.414710 cuda_h.py:27] end prepare_group_stack cost 0.464 ms
DEBUG 04-24 11:15:47.415584.415584 cuda_h.py:27] end group stack cost 0.821 ms
DEBUG 04-24 11:15:47.415322.415322 cuda_h.py:27] end move_flatidxs_group_fused_mp cost 1.436 ms
DEBUG 04-24 11:15:47.415225.415225 cuda_h.py:27] end get_fused_experts_names_w cost 0.023 ms
DEBUG 04-24 11:15:47.415661.415661 cuda_h.py:27] end prepare_group_stack cost 0.452 ms
DEBUG 04-24 11:15:47.415980.415980 cuda_h.py:27] end group stack cost 0.644 ms
DEBUG 04-24 11:15:47.415650.415650 cuda_h.py:27] end prepare_group_stack cost 0.511 ms
DEBUG 04-24 11:15:47.415437.415437 cuda_h.py:27] end move_flatidxs_group_fused_mp cost 1.615 ms
DEBUG 04-24 11:15:47.415586.415586 cuda_h.py:27] end get_fused_experts_names_w cost 0.024 ms
DEBUG 04-24 11:15:47.415098.415098 sllm_store_c.py:27] get device uuid map
DEBUG 04-24 11:15:47.415506.415506 sllm_store_c.py:29] call client load into gpu
DEBUG 04-24 11:15:47.415014.415014 cuda_h.py:27] end restore_fused_tensors cost 0.493 ms
DEBUG 04-24 11:15:47.415327.415327 cuda_h.py:27] end group_fused_tensors_mp cost 0.699 ms
DEBUG 04-24 11:15:47.416227.416227 cuda_h.py:27] end group stack cost 0.867 ms
DEBUG 04-24 11:15:47.416224.416224 cuda_h.py:27] end move_flatidxs_group_fused_mp cost 1.656 ms
DEBUG 04-24 11:15:47.416233.416233 cuda_h.py:27] end restore_fused_tensors cost 0.798 ms
DEBUG 04-24 11:15:47.416344.416344 cuda_h.py:27] end group_fused_tensors_mp cost 1.113 ms
DEBUG 04-24 11:15:47.416358.416358 cuda_h.py:27] end get_fused_experts_names_w cost 0.021 ms
DEBUG 04-24 11:15:47.416294.416294 cuda_h.py:27] end group stack cost 1.301 ms
DEBUG 04-24 11:15:47.416485.416485 cuda_h.py:27] end move_flatidxs_group_fused_mp cost 2.130 ms
DEBUG 04-24 11:15:47.416252.416252 cuda_h.py:27] end get_fused_experts_names_w cost 0.026 ms
DEBUG 04-24 11:15:47.417725.417725 cuda_h.py:27] end restore_fused_tensors cost 0.506 ms
DEBUG 04-24 11:15:47.417378.417378 cuda_h.py:27] end group_fused_tensors_mp cost 0.812 ms
DEBUG 04-24 11:15:47.417374.417374 cuda_h.py:27] end restore_fused_tensors cost 0.674 ms
DEBUG 04-24 11:15:47.417761.417761 cuda_h.py:27] end group_fused_tensors_mp cost 0.966 ms
DEBUG 04-24 11:15:47.419682.419682 cuda_h.py:27] end load_into_gpu_async_fused_experts_dual cost 3.902 ms
DEBUG 04-24 11:15:47.420954.420954 cuda_h.py:27] end restore_tensors2_fused_experts_packed cost 0.232 ms
DEBUG 04-24 11:15:47.421871.421871 cuda_h.py:27] end restore_tensors2_fused_experts_slices cost 0.615 ms
DEBUG 04-24 11:15:47.422224.422224 cuda_h.py:27] end allocate_experts_cuda_memory_and_restore_model_multi_device_fused cost 9.595 ms
DEBUG 04-24 11:15:47.422147.422147 cuda_h.py:27] end restore2model cost 4.356 ms
DEBUG 04-24 11:15:47.422395.422395 cuda_h.py:27] end gpu_sexperts cost 0.012 ms
DEBUG 04-24 11:15:47.422564.422564 cuda_h.py:27] end sllm_worker_task cost 15.472 ms
DEBUG 04-24 11:15:47.423408.423408 cuda_h.py:27] end wait_load_qkvogn_s_weight cost 0.240 ms
DEBUG 04-24 11:15:47.426192.426192 mlpmodule.py:3373] [fused_group_bmm][steps] bmm1=6.410 ms split=0.110 ms act_mul=0.314 ms bmm2=3.115 ms
DEBUG 04-24 11:15:47.426056.426056 cuda_h.py:27] end fused_group_bmm cost 10.282 ms
DEBUG 04-24 11:15:47.426352.426352 mlpmodule.py:3373] [fused_group_bmm][steps] bmm1=5.739 ms split=0.088 ms act_mul=0.534 ms bmm2=3.598 ms
DEBUG 04-24 11:15:47.426453.426453 cuda_h.py:27] end gather_outputs_group_fused_mp cost 0.520 ms
DEBUG 04-24 11:15:47.426420.426420 cuda_h.py:27] end fused_group_bmm cost 10.259 ms
DEBUG 04-24 11:15:47.427272.427272 cuda_h.py:27] end cpu_experts_worker_bmm_or_einsum_2 cost 15.252 ms
DEBUG 04-24 11:15:47.427617.427617 cuda_h.py:27] end gather_outputs_group_fused_mp cost 0.668 ms
DEBUG 04-24 11:15:47.428138.428138 cuda_h.py:27] end cpu_experts_worker_bmm_or_einsum_0 cost 16.313 ms
DEBUG 04-24 11:15:47.429994.429994 mlpmodule.py:3373] [fused_group_bmm][steps] bmm1=7.240 ms split=0.168 ms act_mul=0.391 ms bmm2=3.920 ms
DEBUG 04-24 11:15:47.430141.430141 cuda_h.py:27] end fused_group_bmm cost 12.006 ms
DEBUG 04-24 11:15:47.430439.430439 mlpmodule.py:3373] [fused_group_bmm][steps] bmm1=6.984 ms split=0.151 ms act_mul=0.362 ms bmm2=5.057 ms
DEBUG 04-24 11:15:47.430758.430758 cuda_h.py:27] end fused_group_bmm cost 12.817 ms
DEBUG 04-24 11:15:47.430158.430158 cuda_h.py:27] end gather_outputs_group_fused_mp cost 0.365 ms
DEBUG 04-24 11:15:47.430988.430988 cuda_h.py:27] end gather_outputs_group_fused_mp cost 0.551 ms
DEBUG 04-24 11:15:47.431215.431215 cuda_h.py:27] end cpu_experts_worker_bmm_or_einsum_3 cost 17.692 ms
DEBUG 04-24 11:15:47.431806.431806 cuda_h.py:27] end cpu_experts_worker_bmm_or_einsum_1 cost 17.734 ms
DEBUG 04-24 11:15:47.437036.437036 cuda_h.py:27] end prepare_per_device_parameters cost 14.244 ms
DEBUG 04-24 11:15:47.439907.439907 cuda_h.py:27] end cpu_experts_scatter_reduce cost 0.984 ms
DEBUG 04-24 11:15:47.439002.439002 cuda_h.py:27] end cpu_thread_manager_mp_wait_fused cost 2.265 ms
DEBUG 04-24 11:15:47.441351.441351 cuda_h.py:27] end wait_experts_multi_device cost 1.272 ms
DEBUG 04-24 11:15:47.441525.441525 cuda_h.py:27] end *before fused experts* cost 28.682 ms
DEBUG 04-24 11:15:47.445495.445495 cuda_h.py:27] end gpu_experts_multi_device_fused cost 3.803 ms
DEBUG 04-24 11:15:47.445073.445073 cuda_h.py:27] end *gpu experts* cost 32.597 ms
DEBUG 04-24 11:15:47.445619.445619 cuda_h.py:27] end layer_moe_generate_mp_multi_device_fused_l_28 cost 35.516 ms
DEBUG 04-24 11:15:47.446693.446693 cuda_h.py:27] end *mlp cost 37.113 ms
DEBUG 04-24 11:15:47.447578.447578 cuda_h.py:27] end prefill_layer cost 39.962 ms
DEBUG 04-24 11:15:47.447234.447234 lmp.py:341] -------------------------------- end prefill layer 27 --------------------------------
DEBUG 04-24 11:15:47.447315.447315 lmp.py:294] -------------------------------- start prefill layer 28 --------------------------------
DEBUG 04-24 11:15:47.447609.447609 cuda_h.py:27] end start_load_qkvogn_s_weight_l_29 cost 0.042 ms
DEBUG 04-24 11:15:47.447708.447708 cuda_h.py:27] end allocate_cuda_memory cost 0.261 ms
DEBUG 04-24 11:15:47.447686.447686 sllm_store_c.py:27] get device uuid map
DEBUG 04-24 11:15:47.447009.447009 sllm_store_c.py:29] call client load into gpu
DEBUG 04-24 11:15:47.449848.449848 cuda_h.py:27] end **self_attn cost 1.201 ms
DEBUG 04-24 11:15:47.449292.449292 cuda_h.py:27] end load_into_gpu_async cost 1.849 ms
DEBUG 04-24 11:15:47.449013.449013 cuda_h.py:27] end *iln_self_attn_paln cost 2.610 ms
DEBUG 04-24 11:15:47.449328.449328 cuda_h.py:27] end restore_tensors2 cost 0.091 ms
DEBUG 04-24 11:15:47.450827.450827 cuda_h.py:27] end allocate_cuda_memory_and_load_into_gpu cost 2.887 ms
DEBUG 04-24 11:15:47.450953.450953 cuda_h.py:27] end gate cost 0.730 ms
DEBUG 04-24 11:15:47.451595.451595 cuda_h.py:27] end experts_map_get cost 0.317 ms
DEBUG 04-24 11:15:47.451571.451571 cuda_h.py:27] end *before experts start* cost 1.197 ms
DEBUG 04-24 11:15:47.451361.451361 cuda_h.py:27] end cpu_experts_submit_fused_mp cost 0.238 ms
DEBUG 04-24 11:15:47.452082.452082 cuda_h.py:27] end *single cpu experts* cost 1.186 ms
DEBUG 04-24 11:15:47.454651.454651 cuda_h.py:27] end prepare_group_stack cost 0.453 ms
DEBUG 04-24 11:15:47.454320.454320 sllm_store_c.py:27] get device uuid map
DEBUG 04-24 11:15:47.454791.454791 cuda_h.py:27] end prepare_group_stack cost 0.550 ms
DEBUG 04-24 11:15:47.454106.454106 sllm_store_c.py:29] call client load into gpu
DEBUG 04-24 11:15:47.454195.454195 cuda_h.py:27] end prepare_group_stack cost 0.429 ms
DEBUG 04-24 11:15:47.455172.455172 cuda_h.py:27] end prepare_group_stack cost 0.604 ms
DEBUG 04-24 11:15:47.455668.455668 cuda_h.py:27] end group stack cost 1.011 ms
DEBUG 04-24 11:15:47.455510.455510 cuda_h.py:27] end group stack cost 0.591 ms
DEBUG 04-24 11:15:47.455957.455957 cuda_h.py:27] end move_flatidxs_group_fused_mp cost 1.888 ms
DEBUG 04-24 11:15:47.455236.455236 cuda_h.py:27] end move_flatidxs_group_fused_mp cost 1.284 ms
DEBUG 04-24 11:15:47.455013.455013 cuda_h.py:27] end get_fused_experts_names_w cost 0.023 ms
DEBUG 04-24 11:15:47.455894.455894 cuda_h.py:27] end get_fused_experts_names_w cost 0.021 ms
DEBUG 04-24 11:15:47.456024.456024 cuda_h.py:27] end group stack cost 1.311 ms
DEBUG 04-24 11:15:47.456944.456944 cuda_h.py:27] end move_flatidxs_group_fused_mp cost 2.397 ms
DEBUG 04-24 11:15:47.456287.456287 cuda_h.py:27] end get_fused_experts_names_w cost 0.037 ms
DEBUG 04-24 11:15:47.456871.456871 cuda_h.py:27] end restore_fused_tensors cost 0.520 ms
DEBUG 04-24 11:15:47.456082.456082 cuda_h.py:27] end restore_fused_tensors cost 0.511 ms
DEBUG 04-24 11:15:47.456966.456966 cuda_h.py:27] end group_fused_tensors_mp cost 0.778 ms
DEBUG 04-24 11:15:47.456357.456357 cuda_h.py:27] end group_fused_tensors_mp cost 0.807 ms
DEBUG 04-24 11:15:47.456570.456570 cuda_h.py:27] end group stack cost 1.618 ms
DEBUG 04-24 11:15:47.457159.457159 cuda_h.py:27] end move_flatidxs_group_fused_mp cost 2.626 ms
DEBUG 04-24 11:15:47.457519.457519 cuda_h.py:27] end get_fused_experts_names_w cost 0.034 ms
DEBUG 04-24 11:15:47.457720.457720 cuda_h.py:27] end restore_fused_tensors cost 0.971 ms
DEBUG 04-24 11:15:47.457075.457075 cuda_h.py:27] end group_fused_tensors_mp cost 1.256 ms
DEBUG 04-24 11:15:47.458710.458710 cuda_h.py:27] end restore_fused_tensors cost 0.974 ms
DEBUG 04-24 11:15:47.458463.458463 cuda_h.py:27] end group_fused_tensors_mp cost 1.332 ms
DEBUG 04-24 11:15:47.463939.463939 cuda_h.py:27] end restore2model cost 1.310 ms
DEBUG 04-24 11:15:47.463471.463471 cuda_h.py:27] end sllm_worker_task cost 16.172 ms
DEBUG 04-24 11:15:47.463049.463049 cuda_h.py:27] end load_into_gpu_async_fused_experts_dual cost 9.306 ms
DEBUG 04-24 11:15:47.464934.464934 cuda_h.py:27] end restore_tensors2_fused_experts_packed cost 0.139 ms
DEBUG 04-24 11:15:47.464669.464669 cuda_h.py:27] end restore_tensors2_fused_experts_slices cost 0.486 ms
DEBUG 04-24 11:15:47.464442.464442 cuda_h.py:27] end allocate_experts_cuda_memory_and_restore_model_multi_device_fused cost 12.276 ms
DEBUG 04-24 11:15:47.465258.465258 cuda_h.py:27] end gpu_sexperts cost 0.020 ms
DEBUG 04-24 11:15:47.465207.465207 cuda_h.py:27] end wait_load_qkvogn_s_weight cost 0.045 ms
DEBUG 04-24 11:15:47.466343.466343 mlpmodule.py:3373] [fused_group_bmm][steps] bmm1=6.028 ms split=0.156 ms act_mul=0.784 ms bmm2=3.356 ms
DEBUG 04-24 11:15:47.467653.467653 cuda_h.py:27] end fused_group_bmm cost 10.509 ms
DEBUG 04-24 11:15:47.467719.467719 cuda_h.py:27] end gather_outputs_group_fused_mp cost 0.354 ms
DEBUG 04-24 11:15:47.467143.467143 mlpmodule.py:3373] [fused_group_bmm][steps] bmm1=7.128 ms split=0.102 ms act_mul=0.400 ms bmm2=3.426 ms
DEBUG 04-24 11:15:47.467330.467330 cuda_h.py:27] end fused_group_bmm cost 11.334 ms
DEBUG 04-24 11:15:47.468678.468678 cuda_h.py:27] end cpu_experts_worker_bmm_or_einsum_0 cost 14.402 ms
DEBUG 04-24 11:15:47.468265.468265 cuda_h.py:27] end gather_outputs_group_fused_mp cost 0.572 ms
DEBUG 04-24 11:15:47.469349.469349 cuda_h.py:27] end cpu_experts_worker_bmm_or_einsum_1 cost 16.697 ms
DEBUG 04-24 11:15:47.470953.470953 mlpmodule.py:3373] [fused_group_bmm][steps] bmm1=6.706 ms split=0.160 ms act_mul=0.420 ms bmm2=4.126 ms
DEBUG 04-24 11:15:47.470628.470628 cuda_h.py:27] end fused_group_bmm cost 11.623 ms
DEBUG 04-24 11:15:47.470059.470059 cuda_h.py:27] end gather_outputs_group_fused_mp cost 0.376 ms
DEBUG 04-24 11:15:47.471560.471560 cuda_h.py:27] end cpu_experts_worker_bmm_or_einsum_3 cost 17.662 ms
DEBUG 04-24 11:15:47.472424.472424 mlpmodule.py:3373] [fused_group_bmm][steps] bmm1=8.870 ms split=0.106 ms act_mul=0.378 ms bmm2=4.804 ms
DEBUG 04-24 11:15:47.472160.472160 cuda_h.py:27] end fused_group_bmm cost 14.420 ms
DEBUG 04-24 11:15:47.473245.473245 cuda_h.py:27] end gather_outputs_group_fused_mp cost 0.459 ms
DEBUG 04-24 11:15:47.473739.473739 cuda_h.py:27] end cpu_experts_worker_bmm_or_einsum_2 cost 20.972 ms
DEBUG 04-24 11:15:47.478892.478892 cuda_h.py:27] end prepare_per_device_parameters cost 13.186 ms
DEBUG 04-24 11:15:47.481532.481532 cuda_h.py:27] end cpu_experts_scatter_reduce cost 0.724 ms
DEBUG 04-24 11:15:47.481872.481872 cuda_h.py:27] end cpu_thread_manager_mp_wait_fused cost 2.283 ms
DEBUG 04-24 11:15:47.483717.483717 cuda_h.py:27] end wait_experts_multi_device cost 2.430 ms
DEBUG 04-24 11:15:47.483391.483391 cuda_h.py:27] end *before fused experts* cost 31.511 ms
DEBUG 04-24 11:15:47.488726.488726 cuda_h.py:27] end gpu_experts_multi_device_fused cost 3.988 ms
DEBUG 04-24 11:15:47.488722.488722 cuda_h.py:27] end *gpu experts* cost 35.663 ms
DEBUG 04-24 11:15:47.488863.488863 cuda_h.py:27] end layer_moe_generate_mp_multi_device_fused_l_29 cost 38.210 ms
DEBUG 04-24 11:15:47.489102.489102 cuda_h.py:27] end *mlp cost 40.001 ms
DEBUG 04-24 11:15:47.490628.490628 cuda_h.py:27] end prefill_layer cost 42.996 ms
DEBUG 04-24 11:15:47.490285.490285 lmp.py:341] -------------------------------- end prefill layer 28 --------------------------------
DEBUG 04-24 11:15:47.490935.490935 lmp.py:294] -------------------------------- start prefill layer 29 --------------------------------
DEBUG 04-24 11:15:47.491423.491423 cuda_h.py:27] end **self_attn cost 1.461 ms
DEBUG 04-24 11:15:47.492351.492351 cuda_h.py:27] end *iln_self_attn_paln cost 1.932 ms
DEBUG 04-24 11:15:47.492631.492631 cuda_h.py:27] end gate cost 0.497 ms
DEBUG 04-24 11:15:47.493629.493629 cuda_h.py:27] end experts_map_get cost 0.271 ms
DEBUG 04-24 11:15:47.493505.493505 cuda_h.py:27] end *before experts start* cost 0.905 ms
DEBUG 04-24 11:15:47.493632.493632 cuda_h.py:27] end cpu_experts_submit_fused_mp cost 0.207 ms
DEBUG 04-24 11:15:47.494888.494888 cuda_h.py:27] end *single cpu experts* cost 1.129 ms
DEBUG 04-24 11:15:47.495716.495716 cuda_h.py:27] end prepare_group_stack cost 0.418 ms
DEBUG 04-24 11:15:47.495779.495779 sllm_store_c.py:27] get device uuid map
DEBUG 04-24 11:15:47.495186.495186 sllm_store_c.py:29] call client load into gpu
DEBUG 04-24 11:15:47.495113.495113 cuda_h.py:27] end group stack cost 0.683 ms
DEBUG 04-24 11:15:47.495182.495182 cuda_h.py:27] end prepare_group_stack cost 0.478 ms
DEBUG 04-24 11:15:47.496639.496639 cuda_h.py:27] end prepare_group_stack cost 0.498 ms
DEBUG 04-24 11:15:47.496482.496482 cuda_h.py:27] end move_flatidxs_group_fused_mp cost 1.565 ms
DEBUG 04-24 11:15:47.496020.496020 cuda_h.py:27] end prepare_group_stack cost 0.607 ms
DEBUG 04-24 11:15:47.496349.496349 cuda_h.py:27] end get_fused_experts_names_w cost 0.023 ms
DEBUG 04-24 11:15:47.497675.497675 cuda_h.py:27] end group stack cost 0.817 ms
DEBUG 04-24 11:15:47.497062.497062 cuda_h.py:27] end move_flatidxs_group_fused_mp cost 1.666 ms
DEBUG 04-24 11:15:47.497766.497766 cuda_h.py:27] end restore_fused_tensors cost 0.814 ms
DEBUG 04-24 11:15:47.497812.497812 cuda_h.py:27] end group stack cost 1.001 ms
DEBUG 04-24 11:15:47.497531.497531 cuda_h.py:27] end group_fused_tensors_mp cost 1.108 ms
DEBUG 04-24 11:15:47.497306.497306 cuda_h.py:27] end get_fused_experts_names_w cost 0.026 ms
DEBUG 04-24 11:15:47.497148.497148 cuda_h.py:27] end move_flatidxs_group_fused_mp cost 1.880 ms
DEBUG 04-24 11:15:47.497885.497885 cuda_h.py:27] end get_fused_experts_names_w cost 0.021 ms
DEBUG 04-24 11:15:47.498088.498088 cuda_h.py:27] end load_into_gpu_async_fused_experts_dual cost 2.303 ms
DEBUG 04-24 11:15:47.498351.498351 cuda_h.py:27] end restore_tensors2_fused_experts_packed cost 0.067 ms
DEBUG 04-24 11:15:47.498992.498992 cuda_h.py:27] end restore_fused_tensors cost 0.641 ms
DEBUG 04-24 11:15:47.498767.498767 cuda_h.py:27] end group stack cost 1.823 ms
DEBUG 04-24 11:15:47.498924.498924 cuda_h.py:27] end restore_fused_tensors cost 0.627 ms
DEBUG 04-24 11:15:47.498833.498833 cuda_h.py:27] end group_fused_tensors_mp cost 1.120 ms
DEBUG 04-24 11:15:47.498503.498503 cuda_h.py:27] end group_fused_tensors_mp cost 0.867 ms
DEBUG 04-24 11:15:47.498684.498684 cuda_h.py:27] end restore_tensors2_fused_experts_slices cost 0.314 ms
DEBUG 04-24 11:15:47.498114.498114 cuda_h.py:27] end move_flatidxs_group_fused_mp cost 3.080 ms
DEBUG 04-24 11:15:47.498744.498744 cuda_h.py:27] end allocate_experts_cuda_memory_and_restore_model_multi_device_fused cost 4.542 ms
DEBUG 04-24 11:15:47.498488.498488 cuda_h.py:27] end get_fused_experts_names_w cost 0.043 ms
DEBUG 04-24 11:15:47.499989.499989 cuda_h.py:27] end gpu_sexperts cost 0.004 ms
DEBUG 04-24 11:15:47.500277.500277 cuda_h.py:27] end restore_fused_tensors cost 1.244 ms
DEBUG 04-24 11:15:47.500302.500302 cuda_h.py:27] end group_fused_tensors_mp cost 1.632 ms
DEBUG 04-24 11:15:47.508615.508615 mlpmodule.py:3373] [fused_group_bmm][steps] bmm1=6.285 ms split=0.158 ms act_mul=0.597 ms bmm2=3.981 ms
DEBUG 04-24 11:15:47.509032.509032 cuda_h.py:27] end fused_group_bmm cost 11.257 ms
DEBUG 04-24 11:15:47.509181.509181 cuda_h.py:27] end gather_outputs_group_fused_mp cost 0.442 ms
DEBUG 04-24 11:15:47.510451.510451 cuda_h.py:27] end cpu_experts_worker_bmm_or_einsum_0 cost 16.027 ms
DEBUG 04-24 11:15:47.513890.513890 cuda_h.py:27] end prepare_per_device_parameters cost 14.578 ms
DEBUG 04-24 11:15:47.514450.514450 mlpmodule.py:3373] [fused_group_bmm][steps] bmm1=8.748 ms split=0.468 ms act_mul=0.569 ms bmm2=5.701 ms
DEBUG 04-24 11:15:47.514888.514888 mlpmodule.py:3373] [fused_group_bmm][steps] bmm1=8.672 ms split=0.133 ms act_mul=0.368 ms bmm2=4.269 ms
DEBUG 04-24 11:15:47.514246.514246 cuda_h.py:27] end fused_group_bmm cost 15.755 ms
DEBUG 04-24 11:15:47.514545.514545 cuda_h.py:27] end fused_group_bmm cost 13.717 ms
DEBUG 04-24 11:15:47.514693.514693 mlpmodule.py:3373] [fused_group_bmm][steps] bmm1=8.998 ms split=0.327 ms act_mul=0.545 ms bmm2=6.041 ms
DEBUG 04-24 11:15:47.515428.515428 cuda_h.py:27] end fused_group_bmm cost 16.135 ms
DEBUG 04-24 11:15:47.515595.515595 cuda_h.py:27] end gather_outputs_group_fused_mp cost 0.453 ms
DEBUG 04-24 11:15:47.515566.515566 cuda_h.py:27] end gather_outputs_group_fused_mp cost 0.549 ms
DEBUG 04-24 11:15:47.515125.515125 cuda_h.py:27] end gather_outputs_group_fused_mp cost 0.435 ms
DEBUG 04-24 11:15:47.515556.515556 cuda_h.py:27] end cpu_experts_worker_bmm_or_einsum_1 cost 20.833 ms
DEBUG 04-24 11:15:47.515563.515563 cuda_h.py:27] end cpu_experts_worker_bmm_or_einsum_2 cost 20.819 ms
DEBUG 04-24 11:15:47.516276.516276 cuda_h.py:27] end cpu_experts_worker_bmm_or_einsum_3 cost 21.309 ms
DEBUG 04-24 11:15:47.518651.518651 cuda_h.py:27] end cpu_experts_scatter_reduce cost 0.855 ms
DEBUG 04-24 11:15:47.518961.518961 cuda_h.py:27] end cpu_thread_manager_mp_wait_fused cost 4.827 ms
DEBUG 04-24 11:15:47.523903.523903 cuda_h.py:27] end wait_experts_multi_device cost 4.149 ms
DEBUG 04-24 11:15:47.523343.523343 cuda_h.py:27] end *before fused experts* cost 28.759 ms
DEBUG 04-24 11:15:47.528003.528003 cuda_h.py:27] end gpu_experts_multi_device_fused cost 5.040 ms
DEBUG 04-24 11:15:47.528153.528153 cuda_h.py:27] end *gpu experts* cost 33.954 ms
DEBUG 04-24 11:15:47.528513.528513 cuda_h.py:27] end layer_moe_generate_mp_multi_device_fused_l_30 cost 36.162 ms
DEBUG 04-24 11:15:47.529956.529956 cuda_h.py:27] end *mlp cost 37.507 ms
DEBUG 04-24 11:15:47.529801.529801 cuda_h.py:27] end prefill_layer cost 39.717 ms
DEBUG 04-24 11:15:47.529365.529365 lmp.py:341] -------------------------------- end prefill layer 29 --------------------------------
DEBUG 04-24 11:15:47.529637.529637 cuda_h.py:27] end prefill cost 1467.606 ms
INFO 04-24 11:15:47.530491.530491 lmp.py:343] prefill time: 1.4676258563995361 seconds
generate input ids cost 0.04791378974914551 s
DEBUG 04-24 11:15:54.014166.014166 cuda_h.py:27] end generate_input_ids cost 3820.722 ms
DEBUG 04-24 11:15:54.014323.014323 cuda_h.py:27] end init_cache cost 0.033 ms
DEBUG 04-24 11:15:54.015231.015231 cuda_h.py:27] end allocate_cuda_memory cost 0.364 ms
DEBUG 04-24 11:15:54.015998.015998 sllm_store_c.py:27] get device uuid map
DEBUG 04-24 11:15:54.015980.015980 sllm_store_c.py:29] call client load into gpu
DEBUG 04-24 11:15:54.018451.018451 cuda_h.py:27] end load_into_gpu_async cost 2.846 ms
DEBUG 04-24 11:15:54.018413.018413 cuda_h.py:27] end restore_tensors2 cost 0.095 ms
DEBUG 04-24 11:15:54.018135.018135 cuda_h.py:27] end allocate_cuda_memory_and_load_into_gpu cost 4.031 ms
DEBUG 04-24 11:15:54.019275.019275 cuda_h.py:27] end restore2model cost 0.170 ms
DEBUG 04-24 11:15:54.156665.156665 cuda_h.py:27] end allocate_cuda_memory cost 0.446 ms
DEBUG 04-24 11:15:54.157460.157460 sllm_store_c.py:27] get device uuid map
DEBUG 04-24 11:15:54.157107.157107 sllm_store_c.py:29] call client load into gpu
DEBUG 04-24 11:15:54.160984.160984 cuda_h.py:27] end load_into_gpu_async cost 2.974 ms
DEBUG 04-24 11:15:54.160995.160995 cuda_h.py:27] end restore_tensors2 cost 0.176 ms
DEBUG 04-24 11:15:54.160763.160763 cuda_h.py:27] end allocate_cuda_memory_and_load_into_gpu cost 4.562 ms
DEBUG 04-24 11:15:54.308799.308799 cuda_h.py:27] end restore2model cost 1.676 ms
DEBUG 04-24 11:15:54.308859.308859 cuda_h.py:27] end load_qkvogns_weight_l_0 cost 152.419 ms
DEBUG 04-24 11:15:54.308147.308147 cuda_h.py:27] end init_general_weights cost 293.755 ms
DEBUG 04-24 11:15:54.309916.309916 cuda_h.py:27] end init_inputs_tokens cost 0.718 ms
DEBUG 04-24 11:15:54.309915.309915 lmp.py:294] -------------------------------- start prefill layer 0 --------------------------------
DEBUG 04-24 11:15:54.310102.310102 cuda_h.py:27] end start_load_qkvogn_s_weight_l_1 cost 0.083 ms
DEBUG 04-24 11:15:54.310468.310468 cuda_h.py:27] end allocate_cuda_memory cost 0.419 ms
DEBUG 04-24 11:15:54.311220.311220 sllm_store_c.py:27] get device uuid map
DEBUG 04-24 11:15:54.311729.311729 sllm_store_c.py:29] call client load into gpu
DEBUG 04-24 11:15:54.314206.314206 cuda_h.py:27] end load_into_gpu_async cost 2.933 ms
DEBUG 04-24 11:15:54.314073.314073 cuda_h.py:27] end restore_tensors2 cost 0.206 ms
DEBUG 04-24 11:15:54.314120.314120 cuda_h.py:27] end allocate_cuda_memory_and_load_into_gpu cost 4.537 ms
DEBUG 04-24 11:15:54.317449.317449 cuda_h.py:27] end **self_attn cost 4.624 ms
DEBUG 04-24 11:15:54.317336.317336 cuda_h.py:27] end *iln_self_attn_paln cost 7.471 ms
DEBUG 04-24 11:15:54.318876.318876 cuda_h.py:27] end gate cost 1.038 ms
DEBUG 04-24 11:15:54.319147.319147 cuda_h.py:27] end experts_map_get cost 0.607 ms
DEBUG 04-24 11:15:54.319130.319130 cuda_h.py:27] end *before experts start* cost 1.907 ms
DEBUG 04-24 11:15:54.320358.320358 cuda_h.py:27] end cpu_experts_submit_fused_mp cost 0.431 ms
DEBUG 04-24 11:15:54.322255.322255 cuda_h.py:27] end prepare_group_stack cost 0.560 ms
DEBUG 04-24 11:15:54.323814.323814 cuda_h.py:27] end group stack cost 1.134 ms
DEBUG 04-24 11:15:54.323284.323284 cuda_h.py:27] end move_flatidxs_group_fused_mp cost 2.049 ms
DEBUG 04-24 11:15:54.323630.323630 cuda_h.py:27] end prepare_group_stack cost 1.198 ms
DEBUG 04-24 11:15:54.323505.323505 cuda_h.py:27] end prepare_group_stack cost 0.849 ms
DEBUG 04-24 11:15:54.323415.323415 cuda_h.py:27] end get_fused_experts_names_w cost 0.035 ms
DEBUG 04-24 11:15:54.324535.324535 cuda_h.py:27] end restore_fused_tensors cost 0.113 ms
DEBUG 04-24 11:15:54.324730.324730 cuda_h.py:27] end group_fused_tensors_mp cost 0.725 ms
DEBUG 04-24 11:15:54.324020.324020 cuda_h.py:27] end prepare_group_stack cost 1.355 ms
DEBUG 04-24 11:15:54.324890.324890 cuda_h.py:27] end restore2model cost 2.156 ms
DEBUG 04-24 11:15:54.325263.325263 cuda_h.py:27] end *single cpu experts* cost 5.282 ms
DEBUG 04-24 11:15:54.325060.325060 cuda_h.py:27] end group stack cost 2.044 ms
DEBUG 04-24 11:15:54.326313.326313 cuda_h.py:27] end move_flatidxs_group_fused_mp cost 4.031 ms
DEBUG 04-24 11:15:54.326855.326855 cuda_h.py:27] end group stack cost 2.807 ms
DEBUG 04-24 11:15:54.326785.326785 cuda_h.py:27] end group stack cost 1.822 ms
DEBUG 04-24 11:15:54.326277.326277 cuda_h.py:27] end get_fused_experts_names_w cost 0.072 ms
DEBUG 04-24 11:15:54.326731.326731 cuda_h.py:27] end move_flatidxs_group_fused_mp cost 4.298 ms
DEBUG 04-24 11:15:54.327022.327022 cuda_h.py:27] end restore_fused_tensors cost 0.175 ms
DEBUG 04-24 11:15:54.326792.326792 cuda_h.py:27] end move_flatidxs_group_fused_mp cost 3.899 ms
DEBUG 04-24 11:15:54.327662.327662 cuda_h.py:27] end group_fused_tensors_mp cost 0.506 ms
DEBUG 04-24 11:15:54.327061.327061 cuda_h.py:27] end get_fused_experts_names_w cost 0.037 ms
DEBUG 04-24 11:15:54.327624.327624 cuda_h.py:27] end get_fused_experts_names_w cost 0.045 ms
DEBUG 04-24 11:15:54.327387.327387 cuda_h.py:27] end restore_fused_tensors cost 0.147 ms
DEBUG 04-24 11:15:54.327844.327844 cuda_h.py:27] end restore_fused_tensors cost 0.154 ms
DEBUG 04-24 11:15:54.327634.327634 cuda_h.py:27] end group_fused_tensors_mp cost 0.535 ms
DEBUG 04-24 11:15:54.327304.327304 cuda_h.py:27] end group_fused_tensors_mp cost 0.589 ms
DEBUG 04-24 11:15:54.325241.325241 cuda_h.py:27] end sllm_worker_task cost 14.871 ms
DEBUG 04-24 11:15:54.328773.328773 sllm_store_c.py:27] get device uuid map
DEBUG 04-24 11:15:54.329979.329979 sllm_store_c.py:29] call client load into gpu
DEBUG 04-24 11:15:54.335239.335239 mlpmodule.py:3373] [fused_group_bmm][steps] bmm1=5.651 ms split=0.200 ms act_mul=0.697 ms bmm2=3.896 ms
DEBUG 04-24 11:15:54.335516.335516 cuda_h.py:27] end fused_group_bmm cost 10.640 ms
DEBUG 04-24 11:15:54.336094.336094 cuda_h.py:27] end gather_outputs_group_fused_mp cost 0.785 ms
DEBUG 04-24 11:15:54.336811.336811 cuda_h.py:27] end load_into_gpu_async_fused_experts_dual cost 7.919 ms
DEBUG 04-24 11:15:54.336324.336324 cuda_h.py:27] end restore_tensors2_fused_experts_packed cost 0.168 ms
DEBUG 04-24 11:15:54.336037.336037 cuda_h.py:27] end restore_tensors2_fused_experts_slices cost 0.320 ms
DEBUG 04-24 11:15:54.337726.337726 cuda_h.py:27] end allocate_experts_cuda_memory_and_restore_model_multi_device_fused cost 11.458 ms
DEBUG 04-24 11:15:54.337272.337272 cuda_h.py:27] end gpu_sexperts cost 0.025 ms
DEBUG 04-24 11:15:54.337021.337021 cuda_h.py:27] end cpu_experts_worker_bmm_or_einsum_0 cost 15.883 ms
DEBUG 04-24 11:15:54.337034.337034 cuda_h.py:27] end wait_load_qkvogn_s_weight cost 0.063 ms
DEBUG 04-24 11:15:54.339499.339499 mlpmodule.py:3373] [fused_group_bmm][steps] bmm1=7.295 ms split=0.124 ms act_mul=0.694 ms bmm2=3.050 ms
DEBUG 04-24 11:15:54.339227.339227 cuda_h.py:27] end fused_group_bmm cost 11.376 ms
DEBUG 04-24 11:15:54.339065.339065 mlpmodule.py:3373] [fused_group_bmm][steps] bmm1=6.982 ms split=0.137 ms act_mul=1.030 ms bmm2=3.812 ms
DEBUG 04-24 11:15:54.339696.339696 cuda_h.py:27] end fused_group_bmm cost 12.249 ms
DEBUG 04-24 11:15:54.339910.339910 mlpmodule.py:3373] [fused_group_bmm][steps] bmm1=7.591 ms split=0.122 ms act_mul=0.625 ms bmm2=3.159 ms
DEBUG 04-24 11:15:54.339543.339543 cuda_h.py:27] end gather_outputs_group_fused_mp cost 0.461 ms
DEBUG 04-24 11:15:54.339896.339896 cuda_h.py:27] end fused_group_bmm cost 11.905 ms
DEBUG 04-24 11:15:54.340552.340552 cuda_h.py:27] end gather_outputs_group_fused_mp cost 0.420 ms
DEBUG 04-24 11:15:54.340991.340991 cuda_h.py:27] end cpu_experts_worker_bmm_or_einsum_3 cost 17.564 ms
DEBUG 04-24 11:15:54.340424.340424 cuda_h.py:27] end gather_outputs_group_fused_mp cost 0.660 ms
DEBUG 04-24 11:15:54.340484.340484 cuda_h.py:27] end cpu_experts_worker_bmm_or_einsum_2 cost 18.850 ms
DEBUG 04-24 11:15:54.341331.341331 cuda_h.py:27] end cpu_experts_worker_bmm_or_einsum_1 cost 19.080 ms
DEBUG 04-24 11:15:54.354343.354343 cuda_h.py:27] end prepare_per_device_parameters cost 17.380 ms
DEBUG 04-24 11:15:54.357989.357989 cuda_h.py:27] end cpu_experts_scatter_reduce cost 0.620 ms
DEBUG 04-24 11:15:54.357885.357885 cuda_h.py:27] end cpu_thread_manager_mp_wait_fused cost 2.684 ms
DEBUG 04-24 11:15:54.359636.359636 cuda_h.py:27] end wait_experts_multi_device cost 1.607 ms
DEBUG 04-24 11:15:54.359419.359419 cuda_h.py:27] end *before fused experts* cost 33.759 ms
DEBUG 04-24 11:15:54.554313.554313 cuda_h.py:27] end gpu_experts_multi_device_fused cost 194.586 ms
DEBUG 04-24 11:15:54.554832.554832 cuda_h.py:27] end *gpu experts* cost 228.448 ms
DEBUG 04-24 11:15:54.554132.554132 cuda_h.py:27] end layer_moe_generate_mp_multi_device_fused_l_1 cost 236.358 ms
DEBUG 04-24 11:15:54.555649.555649 cuda_h.py:27] end *mlp cost 237.547 ms
DEBUG 04-24 11:15:54.555209.555209 cuda_h.py:27] end prefill_layer cost 245.907 ms
DEBUG 04-24 11:15:54.555408.555408 lmp.py:341] -------------------------------- end prefill layer 0 --------------------------------
DEBUG 04-24 11:15:54.555595.555595 lmp.py:294] -------------------------------- start prefill layer 1 --------------------------------
DEBUG 04-24 11:15:54.556227.556227 cuda_h.py:27] end start_load_qkvogn_s_weight_l_2 cost 0.043 ms
DEBUG 04-24 11:15:54.556211.556211 cuda_h.py:27] end allocate_cuda_memory cost 0.316 ms
DEBUG 04-24 11:15:54.556551.556551 sllm_store_c.py:27] get device uuid map
DEBUG 04-24 11:15:54.557298.557298 sllm_store_c.py:29] call client load into gpu
DEBUG 04-24 11:15:54.558998.558998 cuda_h.py:27] end **self_attn cost 1.660 ms
DEBUG 04-24 11:15:54.558510.558510 cuda_h.py:27] end *iln_self_attn_paln cost 2.964 ms
DEBUG 04-24 11:15:54.559831.559831 cuda_h.py:27] end gate cost 0.556 ms
DEBUG 04-24 11:15:54.560420.560420 cuda_h.py:27] end experts_map_get cost 0.312 ms
DEBUG 04-24 11:15:54.560154.560154 cuda_h.py:27] end load_into_gpu_async cost 3.354 ms
DEBUG 04-24 11:15:54.560712.560712 cuda_h.py:27] end *before experts start* cost 1.177 ms
DEBUG 04-24 11:15:54.560858.560858 cuda_h.py:27] end restore_tensors2 cost 0.183 ms
DEBUG 04-24 11:15:54.560067.560067 cuda_h.py:27] end cpu_experts_submit_fused_mp cost 0.224 ms
DEBUG 04-24 11:15:54.561624.561624 cuda_h.py:27] end allocate_cuda_memory_and_load_into_gpu cost 5.828 ms
DEBUG 04-24 11:15:54.562451.562451 cuda_h.py:27] end *single cpu experts* cost 1.974 ms
DEBUG 04-24 11:15:54.563175.563175 cuda_h.py:27] end prepare_group_stack cost 0.506 ms
DEBUG 04-24 11:15:54.564124.564124 cuda_h.py:27] end prepare_group_stack cost 0.820 ms
DEBUG 04-24 11:15:54.564638.564638 cuda_h.py:27] end prepare_group_stack cost 0.458 ms
DEBUG 04-24 11:15:54.565238.565238 sllm_store_c.py:27] get device uuid map
DEBUG 04-24 11:15:54.565193.565193 cuda_h.py:27] end prepare_group_stack cost 0.695 ms
DEBUG 04-24 11:15:54.565249.565249 cuda_h.py:27] end group stack cost 1.308 ms
DEBUG 04-24 11:15:54.565651.565651 cuda_h.py:27] end move_flatidxs_group_fused_mp cost 2.073 ms
DEBUG 04-24 11:15:54.565294.565294 sllm_store_c.py:29] call client load into gpu
DEBUG 04-24 11:15:54.565214.565214 cuda_h.py:27] end get_fused_experts_names_w cost 0.027 ms
DEBUG 04-24 11:15:54.565812.565812 cuda_h.py:27] end group stack cost 0.924 ms
DEBUG 04-24 11:15:54.565711.565711 cuda_h.py:27] end move_flatidxs_group_fused_mp cost 1.666 ms
DEBUG 04-24 11:15:54.566639.566639 cuda_h.py:27] end get_fused_experts_names_w cost 0.022 ms
DEBUG 04-24 11:15:54.566652.566652 cuda_h.py:27] end restore_fused_tensors cost 0.589 ms
DEBUG 04-24 11:15:54.566218.566218 cuda_h.py:27] end group_fused_tensors_mp cost 0.736 ms
DEBUG 04-24 11:15:54.566917.566917 cuda_h.py:27] end restore_fused_tensors cost 0.540 ms
DEBUG 04-24 11:15:54.566244.566244 cuda_h.py:27] end group_fused_tensors_mp cost 0.686 ms
DEBUG 04-24 11:15:54.566620.566620 cuda_h.py:27] end group stack cost 2.319 ms
DEBUG 04-24 11:15:54.567552.567552 cuda_h.py:27] end group stack cost 1.821 ms
DEBUG 04-24 11:15:54.567821.567821 cuda_h.py:27] end move_flatidxs_group_fused_mp cost 3.863 ms
DEBUG 04-24 11:15:54.567883.567883 cuda_h.py:27] end move_flatidxs_group_fused_mp cost 2.961 ms
DEBUG 04-24 11:15:54.567580.567580 cuda_h.py:27] end get_fused_experts_names_w cost 0.036 ms
DEBUG 04-24 11:15:54.567481.567481 cuda_h.py:27] end get_fused_experts_names_w cost 0.048 ms
DEBUG 04-24 11:15:54.568911.568911 cuda_h.py:27] end restore_fused_tensors cost 1.099 ms
DEBUG 04-24 11:15:54.569968.569968 cuda_h.py:27] end group_fused_tensors_mp cost 1.349 ms
DEBUG 04-24 11:15:54.569285.569285 cuda_h.py:27] end restore_fused_tensors cost 1.348 ms
DEBUG 04-24 11:15:54.569863.569863 cuda_h.py:27] end group_fused_tensors_mp cost 1.986 ms
DEBUG 04-24 11:15:54.572117.572117 cuda_h.py:27] end restore2model cost 3.039 ms
DEBUG 04-24 11:15:54.573453.573453 cuda_h.py:27] end sllm_worker_task cost 16.940 ms
DEBUG 04-24 11:15:54.573251.573251 cuda_h.py:27] end load_into_gpu_async_fused_experts_dual cost 8.281 ms
DEBUG 04-24 11:15:54.573846.573846 cuda_h.py:27] end restore_tensors2_fused_experts_packed cost 0.149 ms
DEBUG 04-24 11:15:54.574749.574749 cuda_h.py:27] end restore_tensors2_fused_experts_slices cost 0.580 ms
DEBUG 04-24 11:15:54.574199.574199 cuda_h.py:27] end allocate_experts_cuda_memory_and_restore_model_multi_device_fused cost 11.624 ms
DEBUG 04-24 11:15:54.574451.574451 cuda_h.py:27] end gpu_sexperts cost 0.023 ms
DEBUG 04-24 11:15:54.575457.575457 cuda_h.py:27] end wait_load_qkvogn_s_weight cost 0.042 ms
DEBUG 04-24 11:15:54.578849.578849 mlpmodule.py:3373] [fused_group_bmm][steps] bmm1=6.716 ms split=0.125 ms act_mul=0.500 ms bmm2=3.886 ms
DEBUG 04-24 11:15:54.578133.578133 cuda_h.py:27] end fused_group_bmm cost 11.425 ms
DEBUG 04-24 11:15:54.578938.578938 cuda_h.py:27] end gather_outputs_group_fused_mp cost 0.430 ms
DEBUG 04-24 11:15:54.578696.578696 mlpmodule.py:3373] [fused_group_bmm][steps] bmm1=7.417 ms split=0.117 ms act_mul=0.563 ms bmm2=4.304 ms
DEBUG 04-24 11:15:54.579485.579485 cuda_h.py:27] end fused_group_bmm cost 12.664 ms
DEBUG 04-24 11:15:54.579912.579912 cuda_h.py:27] end cpu_experts_worker_bmm_or_einsum_0 cost 16.197 ms
DEBUG 04-24 11:15:54.580407.580407 cuda_h.py:27] end gather_outputs_group_fused_mp cost 1.256 ms
DEBUG 04-24 11:15:54.581095.581095 cuda_h.py:27] end cpu_experts_worker_bmm_or_einsum_1 cost 18.814 ms
DEBUG 04-24 11:15:54.583389.583389 mlpmodule.py:3373] [fused_group_bmm][steps] bmm1=8.347 ms split=0.117 ms act_mul=0.459 ms bmm2=4.810 ms
DEBUG 04-24 11:15:54.583316.583316 cuda_h.py:27] end fused_group_bmm cost 13.956 ms
DEBUG 04-24 11:15:54.583530.583530 mlpmodule.py:3373] [fused_group_bmm][steps] bmm1=7.742 ms split=0.115 ms act_mul=0.396 ms bmm2=5.025 ms
DEBUG 04-24 11:15:54.583571.583571 cuda_h.py:27] end fused_group_bmm cost 13.557 ms
DEBUG 04-24 11:15:54.583107.583107 cuda_h.py:27] end gather_outputs_group_fused_mp cost 0.433 ms
DEBUG 04-24 11:15:54.584456.584456 cuda_h.py:27] end gather_outputs_group_fused_mp cost 0.586 ms
DEBUG 04-24 11:15:54.584762.584762 cuda_h.py:27] end cpu_experts_worker_bmm_or_einsum_3 cost 20.944 ms
DEBUG 04-24 11:15:54.584302.584302 cuda_h.py:27] end cpu_experts_worker_bmm_or_einsum_2 cost 22.260 ms
DEBUG 04-24 11:15:54.592207.592207 cuda_h.py:27] end prepare_per_device_parameters cost 17.257 ms
DEBUG 04-24 11:15:54.594040.594040 cuda_h.py:27] end cpu_experts_scatter_reduce cost 0.758 ms
DEBUG 04-24 11:15:54.594844.594844 cuda_h.py:27] end cpu_thread_manager_mp_wait_fused cost 1.721 ms
DEBUG 04-24 11:15:54.595033.595033 cuda_h.py:27] end wait_experts_multi_device cost 1.475 ms
DEBUG 04-24 11:15:54.596962.596962 cuda_h.py:27] end *before fused experts* cost 33.055 ms
DEBUG 04-24 11:15:54.600542.600542 cuda_h.py:27] end gpu_experts_multi_device_fused cost 4.011 ms
DEBUG 04-24 11:15:54.600961.600961 cuda_h.py:27] end *gpu experts* cost 37.162 ms
DEBUG 04-24 11:15:54.600857.600857 cuda_h.py:27] end layer_moe_generate_mp_multi_device_fused_l_2 cost 41.106 ms
DEBUG 04-24 11:15:54.601033.601033 cuda_h.py:27] end *mlp cost 42.603 ms
DEBUG 04-24 11:15:54.601202.601202 cuda_h.py:27] end prefill_layer cost 45.811 ms
DEBUG 04-24 11:15:54.601904.601904 lmp.py:341] -------------------------------- end prefill layer 1 --------------------------------
DEBUG 04-24 11:15:54.601031.601031 lmp.py:294] -------------------------------- start prefill layer 2 --------------------------------
DEBUG 04-24 11:15:54.601371.601371 cuda_h.py:27] end start_load_qkvogn_s_weight_l_3 cost 0.043 ms
DEBUG 04-24 11:15:54.602893.602893 cuda_h.py:27] end allocate_cuda_memory cost 0.207 ms
DEBUG 04-24 11:15:54.602985.602985 sllm_store_c.py:27] get device uuid map
DEBUG 04-24 11:15:54.602706.602706 sllm_store_c.py:29] call client load into gpu
DEBUG 04-24 11:15:54.604331.604331 cuda_h.py:27] end **self_attn cost 1.377 ms
DEBUG 04-24 11:15:54.604557.604557 cuda_h.py:27] end *iln_self_attn_paln cost 2.434 ms
DEBUG 04-24 11:15:54.604485.604485 cuda_h.py:27] end load_into_gpu_async cost 2.089 ms
DEBUG 04-24 11:15:54.604391.604391 cuda_h.py:27] end restore_tensors2 cost 0.088 ms
DEBUG 04-24 11:15:54.604909.604909 cuda_h.py:27] end allocate_cuda_memory_and_load_into_gpu cost 2.724 ms
DEBUG 04-24 11:15:54.605253.605253 cuda_h.py:27] end gate cost 0.874 ms
DEBUG 04-24 11:15:54.605075.605075 cuda_h.py:27] end experts_map_get cost 0.341 ms
DEBUG 04-24 11:15:54.605766.605766 cuda_h.py:27] end *before experts start* cost 1.369 ms
DEBUG 04-24 11:15:54.606934.606934 cuda_h.py:27] end cpu_experts_submit_fused_mp cost 0.236 ms
DEBUG 04-24 11:15:54.607179.607179 cuda_h.py:27] end *single cpu experts* cost 1.216 ms
DEBUG 04-24 11:15:54.608562.608562 cuda_h.py:27] end prepare_group_stack cost 0.339 ms
DEBUG 04-24 11:15:54.609489.609489 sllm_store_c.py:27] get device uuid map
DEBUG 04-24 11:15:54.609026.609026 cuda_h.py:27] end group stack cost 0.695 ms
DEBUG 04-24 11:15:54.609949.609949 sllm_store_c.py:29] call client load into gpu
DEBUG 04-24 11:15:54.609844.609844 cuda_h.py:27] end move_flatidxs_group_fused_mp cost 1.273 ms
DEBUG 04-24 11:15:54.610709.610709 cuda_h.py:27] end get_fused_experts_names_w cost 0.031 ms
DEBUG 04-24 11:15:54.610008.610008 cuda_h.py:27] end prepare_group_stack cost 0.493 ms
DEBUG 04-24 11:15:54.610999.610999 cuda_h.py:27] end prepare_group_stack cost 0.519 ms
DEBUG 04-24 11:15:54.610360.610360 cuda_h.py:27] end prepare_group_stack cost 0.631 ms
DEBUG 04-24 11:15:54.610870.610870 cuda_h.py:27] end restore_fused_tensors cost 0.529 ms
DEBUG 04-24 11:15:54.610998.610998 cuda_h.py:27] end group_fused_tensors_mp cost 0.748 ms
DEBUG 04-24 11:15:54.611650.611650 cuda_h.py:27] end group stack cost 1.043 ms
DEBUG 04-24 11:15:54.611627.611627 cuda_h.py:27] end move_flatidxs_group_fused_mp cost 1.814 ms
DEBUG 04-24 11:15:54.611781.611781 cuda_h.py:27] end group stack cost 1.294 ms
DEBUG 04-24 11:15:54.611917.611917 cuda_h.py:27] end get_fused_experts_names_w cost 0.027 ms
DEBUG 04-24 11:15:54.611416.611416 cuda_h.py:27] end move_flatidxs_group_fused_mp cost 2.116 ms
DEBUG 04-24 11:15:54.611761.611761 cuda_h.py:27] end get_fused_experts_names_w cost 0.024 ms
DEBUG 04-24 11:15:54.612542.612542 cuda_h.py:27] end restore_fused_tensors cost 0.617 ms
DEBUG 04-24 11:15:54.612744.612744 cuda_h.py:27] end group_fused_tensors_mp cost 0.781 ms
DEBUG 04-24 11:15:54.612558.612558 cuda_h.py:27] end group stack cost 1.987 ms
DEBUG 04-24 11:15:54.612761.612761 cuda_h.py:27] end restore_fused_tensors cost 0.645 ms
DEBUG 04-24 11:15:54.612539.612539 cuda_h.py:27] end group_fused_tensors_mp cost 0.919 ms
DEBUG 04-24 11:15:54.612836.612836 cuda_h.py:27] end move_flatidxs_group_fused_mp cost 3.218 ms
DEBUG 04-24 11:15:54.613075.613075 cuda_h.py:27] end get_fused_experts_names_w cost 0.059 ms
DEBUG 04-24 11:15:54.614479.614479 cuda_h.py:27] end restore_fused_tensors cost 0.844 ms
DEBUG 04-24 11:15:54.614078.614078 cuda_h.py:27] end group_fused_tensors_mp cost 1.331 ms
DEBUG 04-24 11:15:54.614294.614294 cuda_h.py:27] end restore2model cost 1.898 ms
DEBUG 04-24 11:15:54.614291.614291 cuda_h.py:27] end sllm_worker_task cost 12.910 ms
DEBUG 04-24 11:15:54.615952.615952 cuda_h.py:27] end load_into_gpu_async_fused_experts_dual cost 5.920 ms
DEBUG 04-24 11:15:54.615897.615897 cuda_h.py:27] end restore_tensors2_fused_experts_packed cost 0.165 ms
DEBUG 04-24 11:15:54.616298.616298 cuda_h.py:27] end restore_tensors2_fused_experts_slices cost 0.400 ms
DEBUG 04-24 11:15:54.616614.616614 cuda_h.py:27] end allocate_experts_cuda_memory_and_restore_model_multi_device_fused cost 9.373 ms
DEBUG 04-24 11:15:54.616275.616275 cuda_h.py:27] end gpu_sexperts cost 0.012 ms
DEBUG 04-24 11:15:54.616350.616350 cuda_h.py:27] end wait_load_qkvogn_s_weight cost 0.029 ms
DEBUG 04-24 11:15:54.620048.620048 mlpmodule.py:3373] [fused_group_bmm][steps] bmm1=5.853 ms split=0.184 ms act_mul=0.777 ms bmm2=3.062 ms
DEBUG 04-24 11:15:54.620585.620585 cuda_h.py:27] end fused_group_bmm cost 10.118 ms
DEBUG 04-24 11:15:54.621750.621750 cuda_h.py:27] end gather_outputs_group_fused_mp cost 0.482 ms
DEBUG 04-24 11:15:54.622621.622621 cuda_h.py:27] end cpu_experts_worker_bmm_or_einsum_0 cost 14.922 ms
DEBUG 04-24 11:15:54.624078.624078 mlpmodule.py:3373] [fused_group_bmm][steps] bmm1=7.894 ms split=0.116 ms act_mul=0.383 ms bmm2=3.196 ms
DEBUG 04-24 11:15:54.624556.624556 cuda_h.py:27] end fused_group_bmm cost 11.871 ms
DEBUG 04-24 11:15:54.624259.624259 mlpmodule.py:3373] [fused_group_bmm][steps] bmm1=7.744 ms split=0.089 ms act_mul=0.419 ms bmm2=3.304 ms
DEBUG 04-24 11:15:54.625172.625172 cuda_h.py:27] end fused_group_bmm cost 11.766 ms
DEBUG 04-24 11:15:54.625038.625038 cuda_h.py:27] end gather_outputs_group_fused_mp cost 0.599 ms
DEBUG 04-24 11:15:54.625730.625730 cuda_h.py:27] end gather_outputs_group_fused_mp cost 0.387 ms
DEBUG 04-24 11:15:54.625816.625816 cuda_h.py:27] end cpu_experts_worker_bmm_or_einsum_1 cost 17.469 ms
DEBUG 04-24 11:15:54.626585.626585 cuda_h.py:27] end cpu_experts_worker_bmm_or_einsum_3 cost 17.659 ms
DEBUG 04-24 11:15:54.626970.626970 cuda_h.py:27] end prepare_per_device_parameters cost 9.301 ms
DEBUG 04-24 11:15:54.629600.629600 mlpmodule.py:3373] [fused_group_bmm][steps] bmm1=9.256 ms split=0.116 ms act_mul=0.493 ms bmm2=4.888 ms
DEBUG 04-24 11:15:54.629965.629965 cuda_h.py:27] end fused_group_bmm cost 15.021 ms
DEBUG 04-24 11:15:54.630125.630125 cuda_h.py:27] end gather_outputs_group_fused_mp cost 0.570 ms
DEBUG 04-24 11:15:54.631740.631740 cuda_h.py:27] end cpu_experts_worker_bmm_or_einsum_2 cost 22.616 ms
DEBUG 04-24 11:15:54.636912.636912 cuda_h.py:27] end cpu_experts_scatter_reduce cost 0.779 ms
DEBUG 04-24 11:15:54.636962.636962 cuda_h.py:27] end cpu_thread_manager_mp_wait_fused cost 9.846 ms
DEBUG 04-24 11:15:54.640648.640648 cuda_h.py:27] end wait_experts_multi_device cost 3.838 ms
DEBUG 04-24 11:15:54.640259.640259 cuda_h.py:27] end *before fused experts* cost 32.992 ms
DEBUG 04-24 11:15:54.646745.646745 cuda_h.py:27] end gpu_experts_multi_device_fused cost 6.148 ms
DEBUG 04-24 11:15:54.646522.646522 cuda_h.py:27] end *gpu experts* cost 39.260 ms
DEBUG 04-24 11:15:54.646406.646406 cuda_h.py:27] end layer_moe_generate_mp_multi_device_fused_l_3 cost 42.042 ms
DEBUG 04-24 11:15:54.647698.647698 cuda_h.py:27] end *mlp cost 43.449 ms
DEBUG 04-24 11:15:54.647225.647225 cuda_h.py:27] end prefill_layer cost 46.136 ms
DEBUG 04-24 11:15:54.647942.647942 lmp.py:341] -------------------------------- end prefill layer 2 --------------------------------
DEBUG 04-24 11:15:54.648174.648174 lmp.py:294] -------------------------------- start prefill layer 3 --------------------------------
DEBUG 04-24 11:15:54.648286.648286 cuda_h.py:27] end start_load_qkvogn_s_weight_l_4 cost 0.103 ms
DEBUG 04-24 11:15:54.648048.648048 cuda_h.py:27] end allocate_cuda_memory cost 0.347 ms
DEBUG 04-24 11:15:54.649746.649746 sllm_store_c.py:27] get device uuid map
DEBUG 04-24 11:15:54.649727.649727 sllm_store_c.py:29] call client load into gpu
DEBUG 04-24 11:15:54.651586.651586 cuda_h.py:27] end load_into_gpu_async cost 1.915 ms
DEBUG 04-24 11:15:54.651733.651733 cuda_h.py:27] end restore_tensors2 cost 0.137 ms
DEBUG 04-24 11:15:54.651888.651888 cuda_h.py:27] end **self_attn cost 1.684 ms
DEBUG 04-24 11:15:54.651432.651432 cuda_h.py:27] end allocate_cuda_memory_and_load_into_gpu cost 3.219 ms
DEBUG 04-24 11:15:54.652150.652150 cuda_h.py:27] end *iln_self_attn_paln cost 3.817 ms
DEBUG 04-24 11:15:54.652199.652199 cuda_h.py:27] end gate cost 0.733 ms
DEBUG 04-24 11:15:54.653471.653471 cuda_h.py:27] end experts_map_get cost 0.323 ms
DEBUG 04-24 11:15:54.653162.653162 cuda_h.py:27] end *before experts start* cost 1.208 ms
DEBUG 04-24 11:15:54.653760.653760 cuda_h.py:27] end cpu_experts_submit_fused_mp cost 0.237 ms
DEBUG 04-24 11:15:54.655725.655725 cuda_h.py:27] end *single cpu experts* cost 1.745 ms
DEBUG 04-24 11:15:54.656184.656184 cuda_h.py:27] end prepare_group_stack cost 0.411 ms
DEBUG 04-24 11:15:54.656209.656209 cuda_h.py:27] end group stack cost 0.648 ms
DEBUG 04-24 11:15:54.657550.657550 cuda_h.py:27] end move_flatidxs_group_fused_mp cost 1.303 ms
DEBUG 04-24 11:15:54.657506.657506 cuda_h.py:27] end get_fused_experts_names_w cost 0.024 ms
DEBUG 04-24 11:15:54.657783.657783 cuda_h.py:27] end prepare_group_stack cost 0.525 ms
DEBUG 04-24 11:15:54.657512.657512 cuda_h.py:27] end prepare_group_stack cost 0.500 ms
DEBUG 04-24 11:15:54.657116.657116 sllm_store_c.py:27] get device uuid map
DEBUG 04-24 11:15:54.657996.657996 sllm_store_c.py:29] call client load into gpu
DEBUG 04-24 11:15:54.657647.657647 cuda_h.py:27] end prepare_group_stack cost 0.655 ms
DEBUG 04-24 11:15:54.658775.658775 cuda_h.py:27] end restore_fused_tensors cost 0.690 ms
DEBUG 04-24 11:15:54.658014.658014 cuda_h.py:27] end group_fused_tensors_mp cost 1.135 ms
DEBUG 04-24 11:15:54.658966.658966 cuda_h.py:27] end group stack cost 1.125 ms
DEBUG 04-24 11:15:54.658553.658553 cuda_h.py:27] end move_flatidxs_group_fused_mp cost 1.954 ms
DEBUG 04-24 11:15:54.658488.658488 cuda_h.py:27] end group stack cost 1.283 ms
DEBUG 04-24 11:15:54.659530.659530 cuda_h.py:27] end get_fused_experts_names_w cost 0.028 ms
DEBUG 04-24 11:15:54.659313.659313 cuda_h.py:27] end move_flatidxs_group_fused_mp cost 2.130 ms
DEBUG 04-24 11:15:54.659088.659088 cuda_h.py:27] end get_fused_experts_names_w cost 0.027 ms
DEBUG 04-24 11:15:54.659517.659517 cuda_h.py:27] end restore_fused_tensors cost 0.747 ms
DEBUG 04-24 11:15:54.659387.659387 cuda_h.py:27] end group_fused_tensors_mp cost 0.909 ms
DEBUG 04-24 11:15:54.659190.659190 cuda_h.py:27] end group stack cost 1.958 ms
DEBUG 04-24 11:15:54.660175.660175 cuda_h.py:27] end restore_fused_tensors cost 0.752 ms
DEBUG 04-24 11:15:54.660462.660462 cuda_h.py:27] end group_fused_tensors_mp cost 0.904 ms
DEBUG 04-24 11:15:54.660602.660602 cuda_h.py:27] end move_flatidxs_group_fused_mp cost 3.112 ms
DEBUG 04-24 11:15:54.660700.660700 cuda_h.py:27] end get_fused_experts_names_w cost 0.035 ms
DEBUG 04-24 11:15:54.660132.660132 cuda_h.py:27] end restore2model cost 2.043 ms
DEBUG 04-24 11:15:54.661966.661966 cuda_h.py:27] end load_into_gpu_async_fused_experts_dual cost 3.774 ms
DEBUG 04-24 11:15:54.661354.661354 cuda_h.py:27] end restore_fused_tensors cost 1.095 ms
DEBUG 04-24 11:15:54.661332.661332 cuda_h.py:27] end group_fused_tensors_mp cost 1.523 ms
DEBUG 04-24 11:15:54.661660.661660 cuda_h.py:27] end sllm_worker_task cost 12.997 ms
DEBUG 04-24 11:15:54.661886.661886 cuda_h.py:27] end restore_tensors2_fused_experts_packed cost 0.203 ms
DEBUG 04-24 11:15:54.662542.662542 cuda_h.py:27] end restore_tensors2_fused_experts_slices cost 0.443 ms
DEBUG 04-24 11:15:54.662436.662436 cuda_h.py:27] end allocate_experts_cuda_memory_and_restore_model_multi_device_fused cost 7.693 ms
DEBUG 04-24 11:15:54.663379.663379 cuda_h.py:27] end gpu_sexperts cost 0.012 ms
DEBUG 04-24 11:15:54.663846.663846 cuda_h.py:27] end wait_load_qkvogn_s_weight cost 0.031 ms
DEBUG 04-24 11:15:54.668911.668911 mlpmodule.py:3373] [fused_group_bmm][steps] bmm1=5.082 ms split=0.210 ms act_mul=0.629 ms bmm2=3.679 ms
DEBUG 04-24 11:15:54.668809.668809 cuda_h.py:27] end fused_group_bmm cost 9.971 ms
DEBUG 04-24 11:15:54.668346.668346 cuda_h.py:27] end gather_outputs_group_fused_mp cost 0.547 ms
DEBUG 04-24 11:15:54.669335.669335 cuda_h.py:27] end cpu_experts_worker_bmm_or_einsum_0 cost 14.886 ms
DEBUG 04-24 11:15:54.673567.673567 mlpmodule.py:3373] [fused_group_bmm][steps] bmm1=9.233 ms split=0.128 ms act_mul=0.522 ms bmm2=3.658 ms
DEBUG 04-24 11:15:54.674835.674835 cuda_h.py:27] end fused_group_bmm cost 13.845 ms
DEBUG 04-24 11:15:54.674281.674281 cuda_h.py:27] end gather_outputs_group_fused_mp cost 0.625 ms
DEBUG 04-24 11:15:54.675245.675245 cuda_h.py:27] end cpu_experts_worker_bmm_or_einsum_1 cost 19.530 ms
DEBUG 04-24 11:15:54.676461.676461 mlpmodule.py:3373] [fused_group_bmm][steps] bmm1=10.980 ms split=0.204 ms act_mul=0.599 ms bmm2=4.813 ms
DEBUG 04-24 11:15:54.677456.677456 cuda_h.py:27] end fused_group_bmm cost 16.877 ms
DEBUG 04-24 11:15:54.677723.677723 cuda_h.py:27] end gather_outputs_group_fused_mp cost 0.601 ms
DEBUG 04-24 11:15:54.678158.678158 cuda_h.py:27] end cpu_experts_worker_bmm_or_einsum_2 cost 22.663 ms
DEBUG 04-24 11:15:54.679746.679746 cuda_h.py:27] end prepare_per_device_parameters cost 16.411 ms
DEBUG 04-24 11:15:54.680371.680371 mlpmodule.py:3373] [fused_group_bmm][steps] bmm1=12.757 ms split=0.109 ms act_mul=0.353 ms bmm2=4.875 ms
DEBUG 04-24 11:15:54.680714.680714 cuda_h.py:27] end fused_group_bmm cost 18.308 ms
DEBUG 04-24 11:15:54.680921.680921 cuda_h.py:27] end gather_outputs_group_fused_mp cost 0.389 ms
DEBUG 04-24 11:15:54.681420.681420 cuda_h.py:27] end cpu_experts_worker_bmm_or_einsum_3 cost 25.445 ms
DEBUG 04-24 11:15:54.682460.682460 cuda_h.py:27] end cpu_experts_scatter_reduce cost 0.653 ms
DEBUG 04-24 11:15:54.682098.682098 cuda_h.py:27] end cpu_thread_manager_mp_wait_fused cost 2.283 ms
DEBUG 04-24 11:15:54.683580.683580 cuda_h.py:27] end wait_experts_multi_device cost 1.297 ms
DEBUG 04-24 11:15:54.683668.683668 cuda_h.py:27] end *before fused experts* cost 28.491 ms
DEBUG 04-24 11:15:54.687960.687960 cuda_h.py:27] end gpu_experts_multi_device_fused cost 4.109 ms
DEBUG 04-24 11:15:54.687022.687022 cuda_h.py:27] end *gpu experts* cost 32.719 ms
DEBUG 04-24 11:15:54.688263.688263 cuda_h.py:27] end layer_moe_generate_mp_multi_device_fused_l_4 cost 35.867 ms
DEBUG 04-24 11:15:54.689073.689073 cuda_h.py:27] end *mlp cost 37.308 ms
DEBUG 04-24 11:15:54.689414.689414 cuda_h.py:27] end prefill_layer cost 41.573 ms
DEBUG 04-24 11:15:54.689283.689283 lmp.py:341] -------------------------------- end prefill layer 3 --------------------------------
DEBUG 04-24 11:15:54.689363.689363 lmp.py:294] -------------------------------- start prefill layer 4 --------------------------------
DEBUG 04-24 11:15:54.689942.689942 cuda_h.py:27] end start_load_qkvogn_s_weight_l_5 cost 0.042 ms
DEBUG 04-24 11:15:54.690351.690351 cuda_h.py:27] end allocate_cuda_memory cost 0.200 ms
DEBUG 04-24 11:15:54.690491.690491 sllm_store_c.py:27] get device uuid map
DEBUG 04-24 11:15:54.690167.690167 sllm_store_c.py:29] call client load into gpu
DEBUG 04-24 11:15:54.691397.691397 cuda_h.py:27] end **self_attn cost 1.420 ms
DEBUG 04-24 11:15:54.691276.691276 cuda_h.py:27] end load_into_gpu_async cost 1.664 ms
DEBUG 04-24 11:15:54.692317.692317 cuda_h.py:27] end restore_tensors2 cost 0.091 ms
DEBUG 04-24 11:15:54.692394.692394 cuda_h.py:27] end *iln_self_attn_paln cost 2.661 ms
DEBUG 04-24 11:15:54.692441.692441 cuda_h.py:27] end allocate_cuda_memory_and_load_into_gpu cost 2.558 ms
DEBUG 04-24 11:15:54.693966.693966 cuda_h.py:27] end gate cost 0.644 ms
DEBUG 04-24 11:15:54.693907.693907 cuda_h.py:27] end experts_map_get cost 0.326 ms
DEBUG 04-24 11:15:54.693929.693929 cuda_h.py:27] end *before experts start* cost 1.120 ms
DEBUG 04-24 11:15:54.693296.693296 cuda_h.py:27] end cpu_experts_submit_fused_mp cost 0.242 ms
DEBUG 04-24 11:15:54.695145.695145 cuda_h.py:27] end prepare_group_stack cost 0.428 ms
DEBUG 04-24 11:15:54.695412.695412 cuda_h.py:27] end prepare_group_stack cost 0.562 ms
DEBUG 04-24 11:15:54.695895.695895 cuda_h.py:27] end prepare_group_stack cost 0.432 ms
DEBUG 04-24 11:15:54.695233.695233 cuda_h.py:27] end *single cpu experts* cost 1.732 ms
DEBUG 04-24 11:15:54.695429.695429 cuda_h.py:27] end group stack cost 0.854 ms
DEBUG 04-24 11:15:54.696552.696552 cuda_h.py:27] end move_flatidxs_group_fused_mp cost 1.515 ms
DEBUG 04-24 11:15:54.696496.696496 cuda_h.py:27] end prepare_group_stack cost 0.483 ms
DEBUG 04-24 11:15:54.696580.696580 cuda_h.py:27] end get_fused_experts_names_w cost 0.027 ms
DEBUG 04-24 11:15:54.696829.696829 cuda_h.py:27] end group stack cost 1.089 ms
DEBUG 04-24 11:15:54.696627.696627 cuda_h.py:27] end move_flatidxs_group_fused_mp cost 1.725 ms
DEBUG 04-24 11:15:54.696923.696923 cuda_h.py:27] end get_fused_experts_names_w cost 0.021 ms
DEBUG 04-24 11:15:54.697956.697956 cuda_h.py:27] end group stack cost 1.545 ms
DEBUG 04-24 11:15:54.697339.697339 cuda_h.py:27] end restore_fused_tensors cost 0.737 ms
DEBUG 04-24 11:15:54.697969.697969 cuda_h.py:27] end move_flatidxs_group_fused_mp cost 2.393 ms
DEBUG 04-24 11:15:54.697863.697863 cuda_h.py:27] end group stack cost 0.965 ms
DEBUG 04-24 11:15:54.697267.697267 cuda_h.py:27] end group_fused_tensors_mp cost 1.174 ms
DEBUG 04-24 11:15:54.697884.697884 cuda_h.py:27] end get_fused_experts_names_w cost 0.023 ms
DEBUG 04-24 11:15:54.697688.697688 cuda_h.py:27] end restore_fused_tensors cost 0.546 ms
DEBUG 04-24 11:15:54.697295.697295 cuda_h.py:27] end move_flatidxs_group_fused_mp cost 1.825 ms
DEBUG 04-24 11:15:54.697638.697638 cuda_h.py:27] end group_fused_tensors_mp cost 0.797 ms
DEBUG 04-24 11:15:54.697725.697725 cuda_h.py:27] end get_fused_experts_names_w cost 0.024 ms
DEBUG 04-24 11:15:54.698742.698742 cuda_h.py:27] end restore_fused_tensors cost 0.547 ms
DEBUG 04-24 11:15:54.698439.698439 cuda_h.py:27] end group_fused_tensors_mp cost 0.788 ms
DEBUG 04-24 11:15:54.698209.698209 sllm_store_c.py:27] get device uuid map
DEBUG 04-24 11:15:54.698699.698699 cuda_h.py:27] end restore_fused_tensors cost 0.650 ms
DEBUG 04-24 11:15:54.698981.698981 cuda_h.py:27] end group_fused_tensors_mp cost 0.953 ms
DEBUG 04-24 11:15:54.698076.698076 sllm_store_c.py:29] call client load into gpu
DEBUG 04-24 11:15:54.707429.707429 cuda_h.py:27] end restore2model cost 1.449 ms
DEBUG 04-24 11:15:54.708247.708247 cuda_h.py:27] end sllm_worker_task cost 18.465 ms
DEBUG 04-24 11:15:54.708761.708761 cuda_h.py:27] end load_into_gpu_async_fused_experts_dual cost 10.550 ms
DEBUG 04-24 11:15:54.709446.709446 cuda_h.py:27] end restore_tensors2_fused_experts_packed cost 0.169 ms
DEBUG 04-24 11:15:54.709244.709244 mlpmodule.py:3373] [fused_group_bmm][steps] bmm1=8.474 ms split=0.126 ms act_mul=0.403 ms bmm2=2.806 ms
DEBUG 04-24 11:15:54.709031.709031 cuda_h.py:27] end fused_group_bmm cost 12.003 ms
DEBUG 04-24 11:15:54.709254.709254 cuda_h.py:27] end restore_tensors2_fused_experts_slices cost 0.531 ms
DEBUG 04-24 11:15:54.709896.709896 cuda_h.py:27] end allocate_experts_cuda_memory_and_restore_model_multi_device_fused cost 14.364 ms
DEBUG 04-24 11:15:54.710137.710137 cuda_h.py:27] end gpu_sexperts cost 0.009 ms
DEBUG 04-24 11:15:54.710474.710474 cuda_h.py:27] end wait_load_qkvogn_s_weight cost 0.022 ms
DEBUG 04-24 11:15:54.710651.710651 mlpmodule.py:3373] [fused_group_bmm][steps] bmm1=8.690 ms split=0.100 ms act_mul=0.317 ms bmm2=3.229 ms
DEBUG 04-24 11:15:54.710502.710502 cuda_h.py:27] end gather_outputs_group_fused_mp cost 0.554 ms
DEBUG 04-24 11:15:54.710168.710168 cuda_h.py:27] end fused_group_bmm cost 12.567 ms
DEBUG 04-24 11:15:54.711596.711596 cuda_h.py:27] end cpu_experts_worker_bmm_or_einsum_0 cost 16.567 ms
DEBUG 04-24 11:15:54.711147.711147 cuda_h.py:27] end gather_outputs_group_fused_mp cost 0.394 ms
DEBUG 04-24 11:15:54.711807.711807 cuda_h.py:27] end cpu_experts_worker_bmm_or_einsum_3 cost 16.741 ms
DEBUG 04-24 11:15:54.712430.712430 mlpmodule.py:3373] [fused_group_bmm][steps] bmm1=9.524 ms split=0.189 ms act_mul=0.421 ms bmm2=3.687 ms
DEBUG 04-24 11:15:54.712140.712140 cuda_h.py:27] end fused_group_bmm cost 14.097 ms
DEBUG 04-24 11:15:54.713048.713048 cuda_h.py:27] end gather_outputs_group_fused_mp cost 0.604 ms
DEBUG 04-24 11:15:54.714933.714933 cuda_h.py:27] end cpu_experts_worker_bmm_or_einsum_1 cost 18.728 ms
DEBUG 04-24 11:15:54.717712.717712 mlpmodule.py:3373] [fused_group_bmm][steps] bmm1=12.626 ms split=0.114 ms act_mul=0.450 ms bmm2=5.461 ms
DEBUG 04-24 11:15:54.717826.717826 cuda_h.py:27] end fused_group_bmm cost 18.912 ms
DEBUG 04-24 11:15:54.718051.718051 cuda_h.py:27] end gather_outputs_group_fused_mp cost 0.604 ms
DEBUG 04-24 11:15:54.718201.718201 cuda_h.py:27] end cpu_experts_worker_bmm_or_einsum_2 cost 24.099 ms
DEBUG 04-24 11:15:54.724398.724398 cuda_h.py:27] end prepare_per_device_parameters cost 14.405 ms
DEBUG 04-24 11:15:54.726628.726628 cuda_h.py:27] end cpu_experts_scatter_reduce cost 0.613 ms
DEBUG 04-24 11:15:54.726994.726994 cuda_h.py:27] end cpu_thread_manager_mp_wait_fused cost 1.701 ms
DEBUG 04-24 11:15:54.727626.727626 cuda_h.py:27] end wait_experts_multi_device cost 1.224 ms
DEBUG 04-24 11:15:54.727217.727217 cuda_h.py:27] end *before fused experts* cost 32.274 ms
DEBUG 04-24 11:15:54.731087.731087 cuda_h.py:27] end gpu_experts_multi_device_fused cost 3.978 ms
DEBUG 04-24 11:15:54.731798.731798 cuda_h.py:27] end *gpu experts* cost 36.353 ms
DEBUG 04-24 11:15:54.731701.731701 cuda_h.py:27] end layer_moe_generate_mp_multi_device_fused_l_5 cost 39.399 ms
DEBUG 04-24 11:15:54.733346.733346 cuda_h.py:27] end *mlp cost 40.682 ms
DEBUG 04-24 11:15:54.733700.733700 cuda_h.py:27] end prefill_layer cost 43.680 ms
DEBUG 04-24 11:15:54.733118.733118 lmp.py:341] -------------------------------- end prefill layer 4 --------------------------------
DEBUG 04-24 11:15:54.733196.733196 lmp.py:294] -------------------------------- start prefill layer 5 --------------------------------
DEBUG 04-24 11:15:54.733872.733872 cuda_h.py:27] end start_load_qkvogn_s_weight_l_6 cost 0.044 ms
DEBUG 04-24 11:15:54.734624.734624 cuda_h.py:27] end allocate_cuda_memory cost 0.192 ms
DEBUG 04-24 11:15:54.734085.734085 sllm_store_c.py:27] get device uuid map
DEBUG 04-24 11:15:54.734381.734381 sllm_store_c.py:29] call client load into gpu
DEBUG 04-24 11:15:54.736268.736268 cuda_h.py:27] end load_into_gpu_async cost 2.100 ms
DEBUG 04-24 11:15:54.736412.736412 cuda_h.py:27] end restore_tensors2 cost 0.090 ms
DEBUG 04-24 11:15:54.736456.736456 cuda_h.py:27] end allocate_cuda_memory_and_load_into_gpu cost 2.744 ms
DEBUG 04-24 11:15:54.737942.737942 cuda_h.py:27] end **self_attn cost 2.204 ms
DEBUG 04-24 11:15:54.737374.737374 cuda_h.py:27] end *iln_self_attn_paln cost 3.372 ms
DEBUG 04-24 11:15:54.737315.737315 cuda_h.py:27] end gate cost 0.546 ms
DEBUG 04-24 11:15:54.738891.738891 cuda_h.py:27] end experts_map_get cost 0.304 ms
DEBUG 04-24 11:15:54.738674.738674 cuda_h.py:27] end *before experts start* cost 0.997 ms
DEBUG 04-24 11:15:54.738246.738246 cuda_h.py:27] end cpu_experts_submit_fused_mp cost 0.216 ms
DEBUG 04-24 11:15:54.739450.739450 cuda_h.py:27] end prepare_group_stack cost 0.421 ms
DEBUG 04-24 11:15:54.740733.740733 cuda_h.py:27] end *single cpu experts* cost 1.722 ms
DEBUG 04-24 11:15:54.740176.740176 cuda_h.py:27] end prepare_group_stack cost 0.539 ms
DEBUG 04-24 11:15:54.740377.740377 cuda_h.py:27] end prepare_group_stack cost 0.513 ms
DEBUG 04-24 11:15:54.740444.740444 cuda_h.py:27] end group stack cost 0.715 ms
DEBUG 04-24 11:15:54.740403.740403 cuda_h.py:27] end move_flatidxs_group_fused_mp cost 1.381 ms
DEBUG 04-24 11:15:54.740211.740211 cuda_h.py:27] end get_fused_experts_names_w cost 0.026 ms
DEBUG 04-24 11:15:54.741313.741313 cuda_h.py:27] end prepare_group_stack cost 0.510 ms
DEBUG 04-24 11:15:54.741602.741602 cuda_h.py:27] end restore_fused_tensors cost 0.644 ms
DEBUG 04-24 11:15:54.741996.741996 cuda_h.py:27] end group_fused_tensors_mp cost 0.929 ms
DEBUG 04-24 11:15:54.741235.741235 cuda_h.py:27] end group stack cost 1.418 ms
DEBUG 04-24 11:15:54.741691.741691 cuda_h.py:27] end group stack cost 1.335 ms
DEBUG 04-24 11:15:54.742002.742002 cuda_h.py:27] end move_flatidxs_group_fused_mp cost 2.501 ms
DEBUG 04-24 11:15:54.742950.742950 cuda_h.py:27] end move_flatidxs_group_fused_mp cost 2.217 ms
DEBUG 04-24 11:15:54.742029.742029 cuda_h.py:27] end get_fused_experts_names_w cost 0.030 ms
DEBUG 04-24 11:15:54.742462.742462 cuda_h.py:27] end get_fused_experts_names_w cost 0.086 ms
DEBUG 04-24 11:15:54.742740.742740 cuda_h.py:27] end group stack cost 1.163 ms
DEBUG 04-24 11:15:54.742694.742694 cuda_h.py:27] end move_flatidxs_group_fused_mp cost 1.997 ms
DEBUG 04-24 11:15:54.742758.742758 cuda_h.py:27] end get_fused_experts_names_w cost 0.031 ms
DEBUG 04-24 11:15:54.743719.743719 sllm_store_c.py:27] get device uuid map
DEBUG 04-24 11:15:54.743105.743105 sllm_store_c.py:29] call client load into gpu
DEBUG 04-24 11:15:54.743733.743733 cuda_h.py:27] end restore_fused_tensors cost 0.846 ms
DEBUG 04-24 11:15:54.743588.743588 cuda_h.py:27] end restore_fused_tensors cost 0.859 ms
DEBUG 04-24 11:15:54.743107.743107 cuda_h.py:27] end group_fused_tensors_mp cost 1.180 ms
DEBUG 04-24 11:15:54.743547.743547 cuda_h.py:27] end group_fused_tensors_mp cost 1.451 ms
DEBUG 04-24 11:15:54.743309.743309 cuda_h.py:27] end restore_fused_tensors cost 0.816 ms
DEBUG 04-24 11:15:54.744720.744720 cuda_h.py:27] end group_fused_tensors_mp cost 1.446 ms
DEBUG 04-24 11:15:54.745674.745674 cuda_h.py:27] end restore2model cost 1.059 ms
DEBUG 04-24 11:15:54.745261.745261 cuda_h.py:27] end sllm_worker_task cost 11.937 ms
DEBUG 04-24 11:15:54.746877.746877 cuda_h.py:27] end load_into_gpu_async_fused_experts_dual cost 3.722 ms
DEBUG 04-24 11:15:54.747810.747810 cuda_h.py:27] end restore_tensors2_fused_experts_packed cost 0.205 ms
DEBUG 04-24 11:15:54.748556.748556 cuda_h.py:27] end restore_tensors2_fused_experts_slices cost 0.779 ms
DEBUG 04-24 11:15:54.748299.748299 cuda_h.py:27] end allocate_experts_cuda_memory_and_restore_model_multi_device_fused cost 8.262 ms
DEBUG 04-24 11:15:54.748299.748299 cuda_h.py:27] end gpu_sexperts cost 0.023 ms
DEBUG 04-24 11:15:54.749187.749187 cuda_h.py:27] end wait_load_qkvogn_s_weight cost 0.063 ms
DEBUG 04-24 11:15:54.751572.751572 mlpmodule.py:3373] [fused_group_bmm][steps] bmm1=4.923 ms split=0.185 ms act_mul=0.644 ms bmm2=3.761 ms
DEBUG 04-24 11:15:54.751107.751107 cuda_h.py:27] end fused_group_bmm cost 9.913 ms
DEBUG 04-24 11:15:54.752259.752259 cuda_h.py:27] end gather_outputs_group_fused_mp cost 0.505 ms
DEBUG 04-24 11:15:54.753653.753653 cuda_h.py:27] end cpu_experts_worker_bmm_or_einsum_0 cost 14.231 ms
DEBUG 04-24 11:15:54.758579.758579 mlpmodule.py:3373] [fused_group_bmm][steps] bmm1=8.115 ms split=0.121 ms act_mul=0.392 ms bmm2=5.621 ms
DEBUG 04-24 11:15:54.758315.758315 cuda_h.py:27] end fused_group_bmm cost 14.525 ms
DEBUG 04-24 11:15:54.758794.758794 mlpmodule.py:3373] [fused_group_bmm][steps] bmm1=7.942 ms split=0.168 ms act_mul=0.485 ms bmm2=6.121 ms
DEBUG 04-24 11:15:54.759333.759333 cuda_h.py:27] end fused_group_bmm cost 15.231 ms
DEBUG 04-24 11:15:54.759570.759570 cuda_h.py:27] end gather_outputs_group_fused_mp cost 0.459 ms
DEBUG 04-24 11:15:54.759052.759052 cuda_h.py:27] end cpu_experts_worker_bmm_or_einsum_3 cost 20.064 ms
DEBUG 04-24 11:15:54.759847.759847 cuda_h.py:27] end gather_outputs_group_fused_mp cost 0.603 ms
DEBUG 04-24 11:15:54.759902.759902 mlpmodule.py:3373] [fused_group_bmm][steps] bmm1=9.338 ms split=0.114 ms act_mul=0.417 ms bmm2=5.646 ms
DEBUG 04-24 11:15:54.760817.760817 cuda_h.py:27] end fused_group_bmm cost 15.807 ms
DEBUG 04-24 11:15:54.760507.760507 cuda_h.py:27] end cpu_experts_worker_bmm_or_einsum_2 cost 20.942 ms
DEBUG 04-24 11:15:54.760220.760220 cuda_h.py:27] end gather_outputs_group_fused_mp cost 0.576 ms
DEBUG 04-24 11:15:54.761999.761999 cuda_h.py:27] end cpu_experts_worker_bmm_or_einsum_1 cost 20.962 ms
DEBUG 04-24 11:15:54.765612.765612 cuda_h.py:27] end prepare_per_device_parameters cost 15.718 ms
DEBUG 04-24 11:15:54.766569.766569 cuda_h.py:27] end cpu_experts_scatter_reduce cost 0.593 ms
DEBUG 04-24 11:15:54.766465.766465 cuda_h.py:27] end cpu_thread_manager_mp_wait_fused cost 1.678 ms
DEBUG 04-24 11:15:54.768899.768899 cuda_h.py:27] end wait_experts_multi_device cost 1.443 ms
DEBUG 04-24 11:15:54.768205.768205 cuda_h.py:27] end *before fused experts* cost 28.245 ms
DEBUG 04-24 11:15:54.772729.772729 cuda_h.py:27] end gpu_experts_multi_device_fused cost 4.145 ms
DEBUG 04-24 11:15:54.772440.772440 cuda_h.py:27] end *gpu experts* cost 32.491 ms
DEBUG 04-24 11:15:54.772012.772012 cuda_h.py:27] end layer_moe_generate_mp_multi_device_fused_l_6 cost 35.410 ms
DEBUG 04-24 11:15:54.774662.774662 cuda_h.py:27] end *mlp cost 37.011 ms
DEBUG 04-24 11:15:54.774745.774745 cuda_h.py:27] end prefill_layer cost 40.730 ms
DEBUG 04-24 11:15:54.774447.774447 lmp.py:341] -------------------------------- end prefill layer 5 --------------------------------
DEBUG 04-24 11:15:54.774859.774859 lmp.py:294] -------------------------------- start prefill layer 6 --------------------------------
DEBUG 04-24 11:15:54.774100.774100 cuda_h.py:27] end start_load_qkvogn_s_weight_l_7 cost 0.040 ms
DEBUG 04-24 11:15:54.774183.774183 cuda_h.py:27] end allocate_cuda_memory cost 0.168 ms
DEBUG 04-24 11:15:54.775365.775365 sllm_store_c.py:27] get device uuid map
DEBUG 04-24 11:15:54.775146.775146 sllm_store_c.py:29] call client load into gpu
DEBUG 04-24 11:15:54.776681.776681 cuda_h.py:27] end **self_attn cost 1.423 ms
DEBUG 04-24 11:15:54.776227.776227 cuda_h.py:27] end *iln_self_attn_paln cost 2.458 ms
DEBUG 04-24 11:15:54.777174.777174 cuda_h.py:27] end load_into_gpu_async cost 1.998 ms
DEBUG 04-24 11:15:54.777994.777994 cuda_h.py:27] end restore_tensors2 cost 0.089 ms
DEBUG 04-24 11:15:54.777652.777652 cuda_h.py:27] end allocate_cuda_memory_and_load_into_gpu cost 2.769 ms
DEBUG 04-24 11:15:54.777359.777359 cuda_h.py:27] end gate cost 0.876 ms
DEBUG 04-24 11:15:54.778087.778087 cuda_h.py:27] end experts_map_get cost 0.310 ms
DEBUG 04-24 11:15:54.778778.778778 cuda_h.py:27] end *before experts start* cost 1.336 ms
DEBUG 04-24 11:15:54.778390.778390 cuda_h.py:27] end cpu_experts_submit_fused_mp cost 0.242 ms
DEBUG 04-24 11:15:54.779998.779998 cuda_h.py:27] end prepare_group_stack cost 0.418 ms
DEBUG 04-24 11:15:54.780793.780793 cuda_h.py:27] end *single cpu experts* cost 1.794 ms
DEBUG 04-24 11:15:54.780354.780354 cuda_h.py:27] end prepare_group_stack cost 0.490 ms
DEBUG 04-24 11:15:54.780990.780990 cuda_h.py:27] end group stack cost 0.854 ms
DEBUG 04-24 11:15:54.780458.780458 cuda_h.py:27] end move_flatidxs_group_fused_mp cost 1.508 ms
DEBUG 04-24 11:15:54.780105.780105 cuda_h.py:27] end get_fused_experts_names_w cost 0.025 ms
DEBUG 04-24 11:15:54.781481.781481 cuda_h.py:27] end prepare_group_stack cost 0.569 ms
DEBUG 04-24 11:15:54.781954.781954 cuda_h.py:27] end prepare_group_stack cost 0.501 ms
DEBUG 04-24 11:15:54.781165.781165 cuda_h.py:27] end group stack cost 0.907 ms
DEBUG 04-24 11:15:54.781016.781016 cuda_h.py:27] end move_flatidxs_group_fused_mp cost 1.696 ms
DEBUG 04-24 11:15:54.781074.781074 cuda_h.py:27] end restore_fused_tensors cost 0.712 ms
DEBUG 04-24 11:15:54.781683.781683 cuda_h.py:27] end get_fused_experts_names_w cost 0.023 ms
DEBUG 04-24 11:15:54.781345.781345 cuda_h.py:27] end group_fused_tensors_mp cost 1.086 ms
DEBUG 04-24 11:15:54.782404.782404 cuda_h.py:27] end group stack cost 1.293 ms
DEBUG 04-24 11:15:54.782475.782475 cuda_h.py:27] end move_flatidxs_group_fused_mp cost 2.023 ms
DEBUG 04-24 11:15:54.782197.782197 cuda_h.py:27] end group stack cost 1.433 ms
DEBUG 04-24 11:15:54.782305.782305 cuda_h.py:27] end get_fused_experts_names_w cost 0.025 ms
DEBUG 04-24 11:15:54.782624.782624 cuda_h.py:27] end restore_fused_tensors cost 0.582 ms
DEBUG 04-24 11:15:54.782376.782376 sllm_store_c.py:27] get device uuid map
DEBUG 04-24 11:15:54.782779.782779 cuda_h.py:27] end group_fused_tensors_mp cost 1.116 ms
DEBUG 04-24 11:15:54.782270.782270 cuda_h.py:27] end move_flatidxs_group_fused_mp cost 2.575 ms
DEBUG 04-24 11:15:54.783007.783007 sllm_store_c.py:29] call client load into gpu
DEBUG 04-24 11:15:54.783126.783126 cuda_h.py:27] end get_fused_experts_names_w cost 0.030 ms
DEBUG 04-24 11:15:54.783294.783294 cuda_h.py:27] end restore_fused_tensors cost 0.740 ms
DEBUG 04-24 11:15:54.783655.783655 cuda_h.py:27] end group_fused_tensors_mp cost 1.163 ms
DEBUG 04-24 11:15:54.784213.784213 cuda_h.py:27] end restore_fused_tensors cost 0.792 ms
DEBUG 04-24 11:15:54.784580.784580 cuda_h.py:27] end group_fused_tensors_mp cost 1.142 ms
DEBUG 04-24 11:15:54.786442.786442 cuda_h.py:27] end load_into_gpu_async_fused_experts_dual cost 4.096 ms
DEBUG 04-24 11:15:54.787603.787603 cuda_h.py:27] end restore2model cost 2.475 ms
DEBUG 04-24 11:15:54.787045.787045 cuda_h.py:27] end restore_tensors2_fused_experts_packed cost 0.241 ms
DEBUG 04-24 11:15:54.787361.787361 cuda_h.py:27] end sllm_worker_task cost 13.256 ms
DEBUG 04-24 11:15:54.788485.788485 cuda_h.py:27] end restore_tensors2_fused_experts_slices cost 0.479 ms
DEBUG 04-24 11:15:54.789055.789055 cuda_h.py:27] end allocate_experts_cuda_memory_and_restore_model_multi_device_fused cost 8.905 ms
DEBUG 04-24 11:15:54.789058.789058 cuda_h.py:27] end gpu_sexperts cost 0.020 ms
DEBUG 04-24 11:15:54.789054.789054 cuda_h.py:27] end wait_load_qkvogn_s_weight cost 0.043 ms
DEBUG 04-24 11:15:54.793527.793527 mlpmodule.py:3373] [fused_group_bmm][steps] bmm1=6.865 ms split=0.209 ms act_mul=0.637 ms bmm2=3.646 ms
DEBUG 04-24 11:15:54.794771.794771 cuda_h.py:27] end fused_group_bmm cost 11.785 ms
DEBUG 04-24 11:15:54.794083.794083 cuda_h.py:27] end gather_outputs_group_fused_mp cost 0.543 ms
DEBUG 04-24 11:15:54.795637.795637 cuda_h.py:27] end cpu_experts_worker_bmm_or_einsum_0 cost 16.233 ms
DEBUG 04-24 11:15:54.800012.800012 mlpmodule.py:3373] [fused_group_bmm][steps] bmm1=10.209 ms split=0.137 ms act_mul=0.366 ms bmm2=5.963 ms
DEBUG 04-24 11:15:54.801695.801695 cuda_h.py:27] end fused_group_bmm cost 16.937 ms
DEBUG 04-24 11:15:54.801155.801155 cuda_h.py:27] end gather_outputs_group_fused_mp cost 0.435 ms
DEBUG 04-24 11:15:54.801131.801131 mlpmodule.py:3373] [fused_group_bmm][steps] bmm1=12.754 ms split=0.126 ms act_mul=0.520 ms bmm2=4.845 ms
DEBUG 04-24 11:15:54.801246.801246 cuda_h.py:27] end fused_group_bmm cost 18.541 ms
DEBUG 04-24 11:15:54.802172.802172 cuda_h.py:27] end cpu_experts_worker_bmm_or_einsum_3 cost 21.596 ms
DEBUG 04-24 11:15:54.802755.802755 cuda_h.py:27] end gather_outputs_group_fused_mp cost 0.617 ms
DEBUG 04-24 11:15:54.802970.802970 cuda_h.py:27] end cpu_experts_worker_bmm_or_einsum_1 cost 23.221 ms
DEBUG 04-24 11:15:54.803388.803388 mlpmodule.py:3373] [fused_group_bmm][steps] bmm1=10.749 ms split=0.134 ms act_mul=0.482 ms bmm2=7.034 ms
DEBUG 04-24 11:15:54.803422.803422 cuda_h.py:27] end fused_group_bmm cost 18.670 ms
DEBUG 04-24 11:15:54.804165.804165 cuda_h.py:27] end gather_outputs_group_fused_mp cost 0.616 ms
DEBUG 04-24 11:15:54.804244.804244 cuda_h.py:27] end cpu_experts_worker_bmm_or_einsum_2 cost 24.717 ms
DEBUG 04-24 11:15:54.806992.806992 cuda_h.py:27] end prepare_per_device_parameters cost 16.543 ms
DEBUG 04-24 11:15:54.808887.808887 cuda_h.py:27] end cpu_experts_scatter_reduce cost 0.622 ms
DEBUG 04-24 11:15:54.808273.808273 cuda_h.py:27] end cpu_thread_manager_mp_wait_fused cost 1.958 ms
DEBUG 04-24 11:15:54.809837.809837 cuda_h.py:27] end wait_experts_multi_device cost 1.362 ms
DEBUG 04-24 11:15:54.809580.809580 cuda_h.py:27] end *before fused experts* cost 29.572 ms
DEBUG 04-24 11:15:54.814865.814865 cuda_h.py:27] end gpu_experts_multi_device_fused cost 4.319 ms
DEBUG 04-24 11:15:54.814715.814715 cuda_h.py:27] end *gpu experts* cost 33.992 ms
DEBUG 04-24 11:15:54.814227.814227 cuda_h.py:27] end layer_moe_generate_mp_multi_device_fused_l_7 cost 37.307 ms
DEBUG 04-24 11:15:54.816065.816065 cuda_h.py:27] end *mlp cost 38.976 ms
DEBUG 04-24 11:15:54.816869.816869 cuda_h.py:27] end prefill_layer cost 41.649 ms
DEBUG 04-24 11:15:54.816718.816718 lmp.py:341] -------------------------------- end prefill layer 6 --------------------------------
DEBUG 04-24 11:15:54.816083.816083 lmp.py:294] -------------------------------- start prefill layer 7 --------------------------------
DEBUG 04-24 11:15:54.816145.816145 cuda_h.py:27] end start_load_qkvogn_s_weight_l_8 cost 0.043 ms
DEBUG 04-24 11:15:54.816990.816990 cuda_h.py:27] end allocate_cuda_memory cost 0.202 ms
DEBUG 04-24 11:15:54.816115.816115 sllm_store_c.py:27] get device uuid map
DEBUG 04-24 11:15:54.816708.816708 sllm_store_c.py:29] call client load into gpu
DEBUG 04-24 11:15:54.818083.818083 cuda_h.py:27] end load_into_gpu_async cost 1.626 ms
DEBUG 04-24 11:15:54.818321.818321 cuda_h.py:27] end restore_tensors2 cost 0.110 ms
DEBUG 04-24 11:15:54.818259.818259 cuda_h.py:27] end **self_attn cost 1.652 ms
DEBUG 04-24 11:15:54.818453.818453 cuda_h.py:27] end allocate_cuda_memory_and_load_into_gpu cost 2.417 ms
DEBUG 04-24 11:15:54.819310.819310 cuda_h.py:27] end *iln_self_attn_paln cost 2.982 ms
DEBUG 04-24 11:15:54.819781.819781 cuda_h.py:27] end gate cost 0.555 ms
DEBUG 04-24 11:15:54.820218.820218 cuda_h.py:27] end experts_map_get cost 0.307 ms
DEBUG 04-24 11:15:54.820670.820670 cuda_h.py:27] end *before experts start* cost 1.010 ms
DEBUG 04-24 11:15:54.820785.820785 cuda_h.py:27] end cpu_experts_submit_fused_mp cost 0.232 ms
DEBUG 04-24 11:15:54.821612.821612 cuda_h.py:27] end *single cpu experts* cost 1.603 ms
DEBUG 04-24 11:15:54.822806.822806 cuda_h.py:27] end prepare_group_stack cost 0.470 ms
DEBUG 04-24 11:15:54.823495.823495 cuda_h.py:27] end group stack cost 0.705 ms
DEBUG 04-24 11:15:54.823281.823281 cuda_h.py:27] end move_flatidxs_group_fused_mp cost 1.446 ms
DEBUG 04-24 11:15:54.823540.823540 cuda_h.py:27] end prepare_group_stack cost 0.530 ms
DEBUG 04-24 11:15:54.824193.824193 cuda_h.py:27] end prepare_group_stack cost 0.589 ms
DEBUG 04-24 11:15:54.824251.824251 cuda_h.py:27] end get_fused_experts_names_w cost 0.027 ms
DEBUG 04-24 11:15:54.824072.824072 cuda_h.py:27] end restore_fused_tensors cost 0.639 ms
DEBUG 04-24 11:15:54.825121.825121 cuda_h.py:27] end group_fused_tensors_mp cost 0.894 ms
DEBUG 04-24 11:15:54.825310.825310 cuda_h.py:27] end group stack cost 0.988 ms
DEBUG 04-24 11:15:54.825390.825390 sllm_store_c.py:27] get device uuid map
DEBUG 04-24 11:15:54.825831.825831 cuda_h.py:27] end move_flatidxs_group_fused_mp cost 1.917 ms
DEBUG 04-24 11:15:54.825314.825314 sllm_store_c.py:29] call client load into gpu
DEBUG 04-24 11:15:54.825578.825578 cuda_h.py:27] end prepare_group_stack cost 0.717 ms
DEBUG 04-24 11:15:54.825142.825142 cuda_h.py:27] end get_fused_experts_names_w cost 0.024 ms
DEBUG 04-24 11:15:54.825979.825979 cuda_h.py:27] end group stack cost 1.381 ms
DEBUG 04-24 11:15:54.825271.825271 cuda_h.py:27] end move_flatidxs_group_fused_mp cost 2.355 ms
DEBUG 04-24 11:15:54.825878.825878 cuda_h.py:27] end get_fused_experts_names_w cost 0.025 ms
DEBUG 04-24 11:15:54.826594.826594 cuda_h.py:27] end restore_fused_tensors cost 0.532 ms
DEBUG 04-24 11:15:54.826782.826782 cuda_h.py:27] end group_fused_tensors_mp cost 0.744 ms
DEBUG 04-24 11:15:54.826859.826859 cuda_h.py:27] end restore_fused_tensors cost 0.672 ms
DEBUG 04-24 11:15:54.826080.826080 cuda_h.py:27] end group_fused_tensors_mp cost 0.914 ms
DEBUG 04-24 11:15:54.827886.827886 cuda_h.py:27] end load_into_gpu_async_fused_experts_dual cost 2.392 ms
DEBUG 04-24 11:15:54.827409.827409 cuda_h.py:27] end group stack cost 2.391 ms
DEBUG 04-24 11:15:54.828953.828953 cuda_h.py:27] end move_flatidxs_group_fused_mp cost 3.657 ms
DEBUG 04-24 11:15:54.828041.828041 cuda_h.py:27] end restore_tensors2_fused_experts_packed cost 0.230 ms
DEBUG 04-24 11:15:54.828013.828013 cuda_h.py:27] end get_fused_experts_names_w cost 0.047 ms
DEBUG 04-24 11:15:54.829520.829520 cuda_h.py:27] end restore_tensors2_fused_experts_slices cost 0.494 ms
DEBUG 04-24 11:15:54.829459.829459 cuda_h.py:27] end allocate_experts_cuda_memory_and_restore_model_multi_device_fused cost 7.381 ms
DEBUG 04-24 11:15:54.830958.830958 cuda_h.py:27] end restore2model cost 4.071 ms
DEBUG 04-24 11:15:54.830783.830783 cuda_h.py:27] end restore_fused_tensors cost 1.387 ms
DEBUG 04-24 11:15:54.830955.830955 cuda_h.py:27] end gpu_sexperts cost 0.017 ms
DEBUG 04-24 11:15:54.830332.830332 cuda_h.py:27] end group_fused_tensors_mp cost 1.867 ms
DEBUG 04-24 11:15:54.830027.830027 cuda_h.py:27] end sllm_worker_task cost 14.001 ms
DEBUG 04-24 11:15:54.830917.830917 cuda_h.py:27] end wait_load_qkvogn_s_weight cost 0.245 ms
DEBUG 04-24 11:15:54.835676.835676 mlpmodule.py:3373] [fused_group_bmm][steps] bmm1=6.028 ms split=0.117 ms act_mul=0.454 ms bmm2=4.063 ms
DEBUG 04-24 11:15:54.836223.836223 cuda_h.py:27] end fused_group_bmm cost 11.031 ms
DEBUG 04-24 11:15:54.836981.836981 cuda_h.py:27] end gather_outputs_group_fused_mp cost 0.601 ms
DEBUG 04-24 11:15:54.837717.837717 cuda_h.py:27] end cpu_experts_worker_bmm_or_einsum_0 cost 16.319 ms
DEBUG 04-24 11:15:54.838734.838734 mlpmodule.py:3373] [fused_group_bmm][steps] bmm1=6.798 ms split=0.171 ms act_mul=0.526 ms bmm2=3.709 ms
DEBUG 04-24 11:15:54.838740.838740 cuda_h.py:27] end fused_group_bmm cost 11.413 ms
DEBUG 04-24 11:15:54.838219.838219 cuda_h.py:27] end prepare_per_device_parameters cost 7.473 ms
DEBUG 04-24 11:15:54.838669.838669 cuda_h.py:27] end gather_outputs_group_fused_mp cost 0.432 ms
DEBUG 04-24 11:15:54.839810.839810 mlpmodule.py:3373] [fused_group_bmm][steps] bmm1=7.642 ms split=0.196 ms act_mul=0.407 ms bmm2=4.495 ms
DEBUG 04-24 11:15:54.839970.839970 cuda_h.py:27] end fused_group_bmm cost 12.997 ms
DEBUG 04-24 11:15:54.839282.839282 cuda_h.py:27] end cpu_experts_worker_bmm_or_einsum_3 cost 17.017 ms
DEBUG 04-24 11:15:54.840245.840245 cuda_h.py:27] end gather_outputs_group_fused_mp cost 0.623 ms
DEBUG 04-24 11:15:54.840413.840413 cuda_h.py:27] end cpu_experts_worker_bmm_or_einsum_2 cost 18.569 ms
DEBUG 04-24 11:15:54.841741.841741 mlpmodule.py:3373] [fused_group_bmm][steps] bmm1=7.515 ms split=0.108 ms act_mul=0.370 ms bmm2=3.011 ms
DEBUG 04-24 11:15:54.842027.842027 cuda_h.py:27] end fused_group_bmm cost 11.285 ms
DEBUG 04-24 11:15:54.842811.842811 cuda_h.py:27] end gather_outputs_group_fused_mp cost 0.672 ms
DEBUG 04-24 11:15:54.843185.843185 cuda_h.py:27] end cpu_experts_worker_bmm_or_einsum_1 cost 19.937 ms
DEBUG 04-24 11:15:54.846106.846106 cuda_h.py:27] end cpu_experts_scatter_reduce cost 1.799 ms
DEBUG 04-24 11:15:54.846696.846696 cuda_h.py:27] end cpu_thread_manager_mp_wait_fused cost 8.156 ms
DEBUG 04-24 11:15:54.854118.854118 cuda_h.py:27] end wait_experts_multi_device cost 7.650 ms
DEBUG 04-24 11:15:54.854004.854004 cuda_h.py:27] end *before fused experts* cost 32.961 ms
DEBUG 04-24 11:15:54.865053.865053 cuda_h.py:27] end gpu_experts_multi_device_fused cost 10.246 ms
DEBUG 04-24 11:15:54.865079.865079 cuda_h.py:27] end *gpu experts* cost 43.515 ms
DEBUG 04-24 11:15:54.865396.865396 cuda_h.py:27] end layer_moe_generate_mp_multi_device_fused_l_8 cost 46.409 ms
DEBUG 04-24 11:15:54.867336.867336 cuda_h.py:27] end *mlp cost 48.184 ms
DEBUG 04-24 11:15:54.867324.867324 cuda_h.py:27] end prefill_layer cost 51.500 ms
DEBUG 04-24 11:15:54.867764.867764 lmp.py:341] -------------------------------- end prefill layer 7 --------------------------------
DEBUG 04-24 11:15:54.868748.868748 lmp.py:294] -------------------------------- start prefill layer 8 --------------------------------
DEBUG 04-24 11:15:54.868864.868864 cuda_h.py:27] end start_load_qkvogn_s_weight_l_9 cost 0.092 ms
DEBUG 04-24 11:15:54.868553.868553 cuda_h.py:27] end allocate_cuda_memory cost 0.392 ms
DEBUG 04-24 11:15:54.869041.869041 sllm_store_c.py:27] get device uuid map
DEBUG 04-24 11:15:54.869666.869666 sllm_store_c.py:29] call client load into gpu
DEBUG 04-24 11:15:54.871801.871801 cuda_h.py:27] end load_into_gpu_async cost 2.524 ms
DEBUG 04-24 11:15:54.872395.872395 cuda_h.py:27] end restore_tensors2 cost 0.197 ms
DEBUG 04-24 11:15:54.872635.872635 cuda_h.py:27] end allocate_cuda_memory_and_load_into_gpu cost 3.912 ms
DEBUG 04-24 11:15:54.873798.873798 cuda_h.py:27] end **self_attn cost 3.467 ms
DEBUG 04-24 11:15:54.874709.874709 cuda_h.py:27] end *iln_self_attn_paln cost 5.805 ms
DEBUG 04-24 11:15:54.874486.874486 cuda_h.py:27] end gate cost 0.727 ms
DEBUG 04-24 11:15:54.875048.875048 cuda_h.py:27] end experts_map_get cost 0.439 ms
DEBUG 04-24 11:15:54.875858.875858 cuda_h.py:27] end *before experts start* cost 1.365 ms
DEBUG 04-24 11:15:54.875110.875110 cuda_h.py:27] end cpu_experts_submit_fused_mp cost 0.352 ms
DEBUG 04-24 11:15:54.878377.878377 cuda_h.py:27] end *single cpu experts* cost 2.580 ms
DEBUG 04-24 11:15:54.879889.879889 cuda_h.py:27] end prepare_group_stack cost 0.617 ms
DEBUG 04-24 11:15:54.879895.879895 sllm_store_c.py:27] get device uuid map
DEBUG 04-24 11:15:54.880547.880547 sllm_store_c.py:29] call client load into gpu
DEBUG 04-24 11:15:54.880306.880306 cuda_h.py:27] end prepare_group_stack cost 0.738 ms
DEBUG 04-24 11:15:54.880072.880072 cuda_h.py:27] end prepare_group_stack cost 0.589 ms
DEBUG 04-24 11:15:54.880926.880926 cuda_h.py:27] end prepare_group_stack cost 0.699 ms
DEBUG 04-24 11:15:54.881560.881560 cuda_h.py:27] end group stack cost 1.472 ms
DEBUG 04-24 11:15:54.881175.881175 cuda_h.py:27] end move_flatidxs_group_fused_mp cost 2.476 ms
DEBUG 04-24 11:15:54.881000.881000 cuda_h.py:27] end get_fused_experts_names_w cost 0.029 ms
DEBUG 04-24 11:15:54.882060.882060 cuda_h.py:27] end group stack cost 1.386 ms
DEBUG 04-24 11:15:54.882484.882484 cuda_h.py:27] end move_flatidxs_group_fused_mp cost 2.645 ms
DEBUG 04-24 11:15:54.882028.882028 cuda_h.py:27] end get_fused_experts_names_w cost 0.039 ms
DEBUG 04-24 11:15:54.882055.882055 cuda_h.py:27] end group stack cost 2.399 ms
DEBUG 04-24 11:15:54.882561.882561 cuda_h.py:27] end restore_fused_tensors cost 0.879 ms
DEBUG 04-24 11:15:54.883520.883520 cuda_h.py:27] end move_flatidxs_group_fused_mp cost 3.811 ms
DEBUG 04-24 11:15:54.882603.882603 cuda_h.py:27] end group stack cost 2.138 ms
DEBUG 04-24 11:15:54.883239.883239 cuda_h.py:27] end group_fused_tensors_mp cost 1.437 ms
DEBUG 04-24 11:15:54.883381.883381 cuda_h.py:27] end get_fused_experts_names_w cost 0.041 ms
DEBUG 04-24 11:15:54.883912.883912 cuda_h.py:27] end move_flatidxs_group_fused_mp cost 3.458 ms
DEBUG 04-24 11:15:54.883311.883311 cuda_h.py:27] end get_fused_experts_names_w cost 0.041 ms
DEBUG 04-24 11:15:54.884100.884100 cuda_h.py:27] end restore_fused_tensors cost 1.296 ms
DEBUG 04-24 11:15:54.884767.884767 cuda_h.py:27] end group_fused_tensors_mp cost 1.749 ms
DEBUG 04-24 11:15:54.884039.884039 cuda_h.py:27] end restore_fused_tensors cost 1.437 ms
DEBUG 04-24 11:15:54.884320.884320 cuda_h.py:27] end restore_fused_tensors cost 1.204 ms
DEBUG 04-24 11:15:54.885569.885569 cuda_h.py:27] end group_fused_tensors_mp cost 1.905 ms
DEBUG 04-24 11:15:54.885364.885364 cuda_h.py:27] end group_fused_tensors_mp cost 1.634 ms
DEBUG 04-24 11:15:54.895067.895067 mlpmodule.py:3373] [fused_group_bmm][steps] bmm1=8.291 ms split=0.112 ms act_mul=0.380 ms bmm2=3.253 ms
DEBUG 04-24 11:15:54.895504.895504 cuda_h.py:27] end restore2model cost 1.687 ms
DEBUG 04-24 11:15:54.895411.895411 mlpmodule.py:3373] [fused_group_bmm][steps] bmm1=7.044 ms split=0.140 ms act_mul=0.511 ms bmm2=3.165 ms
DEBUG 04-24 11:15:54.895347.895347 cuda_h.py:27] end fused_group_bmm cost 12.309 ms
DEBUG 04-24 11:15:54.895811.895811 cuda_h.py:27] end sllm_worker_task cost 27.192 ms
DEBUG 04-24 11:15:54.895892.895892 cuda_h.py:27] end fused_group_bmm cost 11.217 ms
DEBUG 04-24 11:15:54.896426.896426 cuda_h.py:27] end gather_outputs_group_fused_mp cost 0.530 ms
DEBUG 04-24 11:15:54.896330.896330 cuda_h.py:27] end gather_outputs_group_fused_mp cost 0.582 ms
DEBUG 04-24 11:15:54.896729.896729 cuda_h.py:27] end cpu_experts_worker_bmm_or_einsum_3 cost 18.578 ms
DEBUG 04-24 11:15:54.897481.897481 cuda_h.py:27] end cpu_experts_worker_bmm_or_einsum_0 cost 18.029 ms
DEBUG 04-24 11:15:54.897473.897473 mlpmodule.py:3373] [fused_group_bmm][steps] bmm1=8.165 ms split=0.216 ms act_mul=0.598 ms bmm2=3.286 ms
DEBUG 04-24 11:15:54.897043.897043 cuda_h.py:27] end fused_group_bmm cost 12.506 ms
DEBUG 04-24 11:15:54.897136.897136 mlpmodule.py:3373] [fused_group_bmm][steps] bmm1=8.980 ms split=0.179 ms act_mul=0.412 ms bmm2=2.928 ms
DEBUG 04-24 11:15:54.898538.898538 cuda_h.py:27] end load_into_gpu_async_fused_experts_dual cost 18.029 ms
DEBUG 04-24 11:15:54.898259.898259 cuda_h.py:27] end fused_group_bmm cost 12.869 ms
DEBUG 04-24 11:15:54.898548.898548 cuda_h.py:27] end restore_tensors2_fused_experts_packed cost 0.109 ms
DEBUG 04-24 11:15:54.898840.898840 cuda_h.py:27] end gather_outputs_group_fused_mp cost 0.599 ms
DEBUG 04-24 11:15:54.898591.898591 cuda_h.py:27] end restore_tensors2_fused_experts_slices cost 0.399 ms
DEBUG 04-24 11:15:54.898899.898899 cuda_h.py:27] end allocate_experts_cuda_memory_and_restore_model_multi_device_fused cost 20.604 ms
DEBUG 04-24 11:15:54.898703.898703 cuda_h.py:27] end gather_outputs_group_fused_mp cost 0.592 ms
DEBUG 04-24 11:15:54.898087.898087 cuda_h.py:27] end cpu_experts_worker_bmm_or_einsum_2 cost 20.709 ms
DEBUG 04-24 11:15:54.899991.899991 cuda_h.py:27] end gpu_sexperts cost 0.006 ms
DEBUG 04-24 11:15:54.899841.899841 cuda_h.py:27] end wait_load_qkvogn_s_weight cost 0.018 ms
DEBUG 04-24 11:15:54.899019.899019 cuda_h.py:27] end cpu_experts_worker_bmm_or_einsum_1 cost 20.442 ms
DEBUG 04-24 11:15:54.911027.911027 cuda_h.py:27] end prepare_per_device_parameters cost 11.931 ms
DEBUG 04-24 11:15:54.914921.914921 cuda_h.py:27] end cpu_experts_scatter_reduce cost 0.608 ms
DEBUG 04-24 11:15:54.914824.914824 cuda_h.py:27] end cpu_thread_manager_mp_wait_fused cost 2.982 ms
DEBUG 04-24 11:15:54.916623.916623 cuda_h.py:27] end wait_experts_multi_device cost 1.853 ms
DEBUG 04-24 11:15:54.916406.916406 cuda_h.py:27] end *before fused experts* cost 37.909 ms
DEBUG 04-24 11:15:54.920287.920287 cuda_h.py:27] end gpu_experts_multi_device_fused cost 3.953 ms
DEBUG 04-24 11:15:54.920184.920184 cuda_h.py:27] end *gpu experts* cost 41.959 ms
DEBUG 04-24 11:15:54.920034.920034 cuda_h.py:27] end layer_moe_generate_mp_multi_device_fused_l_9 cost 46.160 ms
DEBUG 04-24 11:15:54.921763.921763 cuda_h.py:27] end *mlp cost 47.575 ms
DEBUG 04-24 11:15:54.921091.921091 cuda_h.py:27] end prefill_layer cost 53.772 ms
DEBUG 04-24 11:15:54.921224.921224 lmp.py:341] -------------------------------- end prefill layer 8 --------------------------------
DEBUG 04-24 11:15:54.921351.921351 lmp.py:294] -------------------------------- start prefill layer 9 --------------------------------
DEBUG 04-24 11:15:54.921049.921049 cuda_h.py:27] end start_load_qkvogn_s_weight_l_10 cost 0.056 ms
DEBUG 04-24 11:15:54.922556.922556 cuda_h.py:27] end allocate_cuda_memory cost 0.193 ms
DEBUG 04-24 11:15:54.922045.922045 sllm_store_c.py:27] get device uuid map
DEBUG 04-24 11:15:54.922402.922402 sllm_store_c.py:29] call client load into gpu
DEBUG 04-24 11:15:54.924787.924787 cuda_h.py:27] end **self_attn cost 1.350 ms
DEBUG 04-24 11:15:54.924967.924967 cuda_h.py:27] end *iln_self_attn_paln cost 2.356 ms
DEBUG 04-24 11:15:54.924347.924347 cuda_h.py:27] end load_into_gpu_async cost 2.115 ms
DEBUG 04-24 11:15:54.924832.924832 cuda_h.py:27] end restore_tensors2 cost 0.107 ms
DEBUG 04-24 11:15:54.924444.924444 cuda_h.py:27] end allocate_cuda_memory_and_load_into_gpu cost 2.818 ms
DEBUG 04-24 11:15:54.925131.925131 cuda_h.py:27] end gate cost 0.971 ms
DEBUG 04-24 11:15:54.925105.925105 cuda_h.py:27] end experts_map_get cost 0.314 ms
DEBUG 04-24 11:15:54.925127.925127 cuda_h.py:27] end *before experts start* cost 1.436 ms
DEBUG 04-24 11:15:54.926188.926188 cuda_h.py:27] end cpu_experts_submit_fused_mp cost 0.227 ms
DEBUG 04-24 11:15:54.927270.927270 cuda_h.py:27] end *single cpu experts* cost 1.686 ms
DEBUG 04-24 11:15:54.929133.929133 cuda_h.py:27] end prepare_group_stack cost 0.680 ms
DEBUG 04-24 11:15:54.929119.929119 cuda_h.py:27] end prepare_group_stack cost 0.529 ms
DEBUG 04-24 11:15:54.929415.929415 cuda_h.py:27] end prepare_group_stack cost 0.695 ms
DEBUG 04-24 11:15:54.929005.929005 cuda_h.py:27] end prepare_group_stack cost 0.620 ms
DEBUG 04-24 11:15:54.930982.930982 sllm_store_c.py:27] get device uuid map
DEBUG 04-24 11:15:54.930269.930269 sllm_store_c.py:29] call client load into gpu
DEBUG 04-24 11:15:54.930163.930163 cuda_h.py:27] end group stack cost 0.992 ms
DEBUG 04-24 11:15:54.931326.931326 cuda_h.py:27] end move_flatidxs_group_fused_mp cost 1.792 ms
DEBUG 04-24 11:15:54.931262.931262 cuda_h.py:27] end group stack cost 1.000 ms
DEBUG 04-24 11:15:54.931826.931826 cuda_h.py:27] end get_fused_experts_names_w cost 0.025 ms
DEBUG 04-24 11:15:54.931462.931462 cuda_h.py:27] end group stack cost 1.902 ms
DEBUG 04-24 11:15:54.931303.931303 cuda_h.py:27] end move_flatidxs_group_fused_mp cost 2.036 ms
DEBUG 04-24 11:15:54.931384.931384 cuda_h.py:27] end move_flatidxs_group_fused_mp cost 3.078 ms
DEBUG 04-24 11:15:54.931804.931804 cuda_h.py:27] end group stack cost 1.369 ms
DEBUG 04-24 11:15:54.931847.931847 cuda_h.py:27] end get_fused_experts_names_w cost 0.036 ms
DEBUG 04-24 11:15:54.931471.931471 cuda_h.py:27] end move_flatidxs_group_fused_mp cost 2.385 ms
DEBUG 04-24 11:15:54.931596.931596 cuda_h.py:27] end get_fused_experts_names_w cost 0.034 ms
DEBUG 04-24 11:15:54.931678.931678 cuda_h.py:27] end get_fused_experts_names_w cost 0.027 ms
DEBUG 04-24 11:15:54.931210.931210 cuda_h.py:27] end restore_fused_tensors cost 0.629 ms
DEBUG 04-24 11:15:54.932970.932970 cuda_h.py:27] end group_fused_tensors_mp cost 0.978 ms
DEBUG 04-24 11:15:54.932685.932685 cuda_h.py:27] end restore_fused_tensors cost 0.851 ms
DEBUG 04-24 11:15:54.932814.932814 cuda_h.py:27] end group_fused_tensors_mp cost 1.036 ms
DEBUG 04-24 11:15:54.932393.932393 cuda_h.py:27] end restore_fused_tensors cost 0.719 ms
DEBUG 04-24 11:15:54.932304.932304 cuda_h.py:27] end restore2model cost 0.842 ms
DEBUG 04-24 11:15:54.932906.932906 cuda_h.py:27] end group_fused_tensors_mp cost 1.113 ms
DEBUG 04-24 11:15:54.932502.932502 cuda_h.py:27] end restore_fused_tensors cost 1.054 ms
DEBUG 04-24 11:15:54.932722.932722 cuda_h.py:27] end sllm_worker_task cost 10.917 ms
DEBUG 04-24 11:15:54.933997.933997 cuda_h.py:27] end load_into_gpu_async_fused_experts_dual cost 3.030 ms
DEBUG 04-24 11:15:54.933207.933207 cuda_h.py:27] end group_fused_tensors_mp cost 1.683 ms
DEBUG 04-24 11:15:54.933045.933045 cuda_h.py:27] end restore_tensors2_fused_experts_packed cost 0.052 ms
DEBUG 04-24 11:15:54.933004.933004 cuda_h.py:27] end restore_tensors2_fused_experts_slices cost 0.265 ms
DEBUG 04-24 11:15:54.933041.933041 cuda_h.py:27] end allocate_experts_cuda_memory_and_restore_model_multi_device_fused cost 6.317 ms
DEBUG 04-24 11:15:54.934479.934479 cuda_h.py:27] end gpu_sexperts cost 0.005 ms
DEBUG 04-24 11:15:54.934448.934448 cuda_h.py:27] end wait_load_qkvogn_s_weight cost 0.019 ms
DEBUG 04-24 11:15:54.946286.946286 mlpmodule.py:3373] [fused_group_bmm][steps] bmm1=8.367 ms split=0.147 ms act_mul=0.382 ms bmm2=5.085 ms
DEBUG 04-24 11:15:54.946158.946158 cuda_h.py:27] end fused_group_bmm cost 14.364 ms
DEBUG 04-24 11:15:54.946858.946858 mlpmodule.py:3373] [fused_group_bmm][steps] bmm1=7.683 ms split=0.100 ms act_mul=0.669 ms bmm2=5.505 ms
DEBUG 04-24 11:15:54.947154.947154 cuda_h.py:27] end gather_outputs_group_fused_mp cost 0.653 ms
DEBUG 04-24 11:15:54.947210.947210 cuda_h.py:27] end fused_group_bmm cost 14.613 ms
DEBUG 04-24 11:15:54.947935.947935 cuda_h.py:27] end cpu_experts_worker_bmm_or_einsum_1 cost 19.687 ms
DEBUG 04-24 11:15:54.947984.947984 cuda_h.py:27] end gather_outputs_group_fused_mp cost 0.510 ms
DEBUG 04-24 11:15:54.948298.948298 cuda_h.py:27] end cpu_experts_worker_bmm_or_einsum_0 cost 20.346 ms
DEBUG 04-24 11:15:54.950553.950553 mlpmodule.py:3373] [fused_group_bmm][steps] bmm1=11.294 ms split=0.341 ms act_mul=0.544 ms bmm2=4.578 ms
DEBUG 04-24 11:15:54.950056.950056 cuda_h.py:27] end fused_group_bmm cost 16.983 ms
DEBUG 04-24 11:15:54.950131.950131 mlpmodule.py:3373] [fused_group_bmm][steps] bmm1=11.714 ms split=0.387 ms act_mul=0.678 ms bmm2=4.616 ms
DEBUG 04-24 11:15:54.950787.950787 cuda_h.py:27] end gather_outputs_group_fused_mp cost 0.424 ms
DEBUG 04-24 11:15:54.950477.950477 cuda_h.py:27] end fused_group_bmm cost 17.898 ms
DEBUG 04-24 11:15:54.951976.951976 cuda_h.py:27] end cpu_experts_worker_bmm_or_einsum_3 cost 24.094 ms
DEBUG 04-24 11:15:54.951027.951027 cuda_h.py:27] end prepare_per_device_parameters cost 16.856 ms
DEBUG 04-24 11:15:54.951306.951306 cuda_h.py:27] end gather_outputs_group_fused_mp cost 0.558 ms
DEBUG 04-24 11:15:54.952111.952111 cuda_h.py:27] end cpu_experts_worker_bmm_or_einsum_2 cost 24.096 ms
DEBUG 04-24 11:15:54.953117.953117 cuda_h.py:27] end cpu_experts_scatter_reduce cost 0.626 ms
DEBUG 04-24 11:15:54.953180.953180 cuda_h.py:27] end cpu_thread_manager_mp_wait_fused cost 2.451 ms
DEBUG 04-24 11:15:54.957059.957059 cuda_h.py:27] end wait_experts_multi_device cost 3.066 ms
DEBUG 04-24 11:15:54.957862.957862 cuda_h.py:27] end *before fused experts* cost 29.469 ms
DEBUG 04-24 11:15:54.961699.961699 cuda_h.py:27] end gpu_experts_multi_device_fused cost 4.195 ms
DEBUG 04-24 11:15:54.961470.961470 cuda_h.py:27] end *gpu experts* cost 33.780 ms
DEBUG 04-24 11:15:54.961102.961102 cuda_h.py:27] end layer_moe_generate_mp_multi_device_fused_l_10 cost 37.090 ms
DEBUG 04-24 11:15:54.962406.962406 cuda_h.py:27] end *mlp cost 38.473 ms
DEBUG 04-24 11:15:54.963980.963980 cuda_h.py:27] end prefill_layer cost 41.122 ms
DEBUG 04-24 11:15:54.963067.963067 lmp.py:341] -------------------------------- end prefill layer 9 --------------------------------
DEBUG 04-24 11:15:54.963624.963624 lmp.py:294] -------------------------------- start prefill layer 10 --------------------------------
DEBUG 04-24 11:15:54.963202.963202 cuda_h.py:27] end start_load_qkvogn_s_weight_l_11 cost 0.041 ms
DEBUG 04-24 11:15:54.963320.963320 cuda_h.py:27] end allocate_cuda_memory cost 0.248 ms
DEBUG 04-24 11:15:54.963050.963050 sllm_store_c.py:27] get device uuid map
DEBUG 04-24 11:15:54.963099.963099 sllm_store_c.py:29] call client load into gpu
DEBUG 04-24 11:15:54.965105.965105 cuda_h.py:27] end load_into_gpu_async cost 1.445 ms
DEBUG 04-24 11:15:54.965031.965031 cuda_h.py:27] end restore_tensors2 cost 0.091 ms
DEBUG 04-24 11:15:54.965943.965943 cuda_h.py:27] end allocate_cuda_memory_and_load_into_gpu cost 2.496 ms
DEBUG 04-24 11:15:54.965125.965125 cuda_h.py:27] end **self_attn cost 1.641 ms
DEBUG 04-24 11:15:54.966794.966794 cuda_h.py:27] end *iln_self_attn_paln cost 3.080 ms
DEBUG 04-24 11:15:54.966921.966921 cuda_h.py:27] end gate cost 0.547 ms
DEBUG 04-24 11:15:54.967126.967126 cuda_h.py:27] end experts_map_get cost 0.310 ms
DEBUG 04-24 11:15:54.967678.967678 cuda_h.py:27] end *before experts start* cost 1.010 ms
DEBUG 04-24 11:15:54.967607.967607 cuda_h.py:27] end cpu_experts_submit_fused_mp cost 0.228 ms
DEBUG 04-24 11:15:54.968694.968694 cuda_h.py:27] end *single cpu experts* cost 1.447 ms
DEBUG 04-24 11:15:54.970866.970866 cuda_h.py:27] end prepare_group_stack cost 0.436 ms
DEBUG 04-24 11:15:54.970749.970749 sllm_store_c.py:27] get device uuid map
DEBUG 04-24 11:15:54.970605.970605 sllm_store_c.py:29] call client load into gpu
DEBUG 04-24 11:15:54.970227.970227 cuda_h.py:27] end prepare_group_stack cost 0.492 ms
DEBUG 04-24 11:15:54.970576.970576 cuda_h.py:27] end prepare_group_stack cost 0.513 ms
DEBUG 04-24 11:15:54.970788.970788 cuda_h.py:27] end prepare_group_stack cost 0.564 ms
DEBUG 04-24 11:15:54.971730.971730 cuda_h.py:27] end group stack cost 0.768 ms
DEBUG 04-24 11:15:54.971926.971926 cuda_h.py:27] end move_flatidxs_group_fused_mp cost 1.451 ms
DEBUG 04-24 11:15:54.971710.971710 cuda_h.py:27] end get_fused_experts_names_w cost 0.025 ms
DEBUG 04-24 11:15:54.971781.971781 cuda_h.py:27] end group stack cost 1.439 ms
DEBUG 04-24 11:15:54.972871.972871 cuda_h.py:27] end move_flatidxs_group_fused_mp cost 2.145 ms
DEBUG 04-24 11:15:54.972635.972635 cuda_h.py:27] end get_fused_experts_names_w cost 0.022 ms
DEBUG 04-24 11:15:54.972998.972998 cuda_h.py:27] end restore_fused_tensors cost 0.796 ms
DEBUG 04-24 11:15:54.972018.972018 cuda_h.py:27] end group stack cost 1.245 ms
DEBUG 04-24 11:15:54.972868.972868 cuda_h.py:27] end group_fused_tensors_mp cost 0.988 ms
DEBUG 04-24 11:15:54.972691.972691 cuda_h.py:27] end move_flatidxs_group_fused_mp cost 1.985 ms
DEBUG 04-24 11:15:54.972936.972936 cuda_h.py:27] end get_fused_experts_names_w cost 0.027 ms
DEBUG 04-24 11:15:54.972886.972886 cuda_h.py:27] end group stack cost 1.620 ms
DEBUG 04-24 11:15:54.972627.972627 cuda_h.py:27] end move_flatidxs_group_fused_mp cost 2.500 ms
DEBUG 04-24 11:15:54.972111.972111 cuda_h.py:27] end restore_fused_tensors cost 0.550 ms
DEBUG 04-24 11:15:54.973801.973801 cuda_h.py:27] end group_fused_tensors_mp cost 1.025 ms
DEBUG 04-24 11:15:54.973775.973775 cuda_h.py:27] end get_fused_experts_names_w cost 0.028 ms
DEBUG 04-24 11:15:54.973756.973756 cuda_h.py:27] end restore_fused_tensors cost 0.698 ms
DEBUG 04-24 11:15:54.973136.973136 cuda_h.py:27] end group_fused_tensors_mp cost 0.845 ms
DEBUG 04-24 11:15:54.973007.973007 cuda_h.py:27] end restore_fused_tensors cost 0.749 ms
DEBUG 04-24 11:15:54.973685.973685 cuda_h.py:27] end group_fused_tensors_mp cost 0.915 ms
DEBUG 04-24 11:15:54.977111.977111 cuda_h.py:27] end restore2model cost 1.028 ms
DEBUG 04-24 11:15:54.977273.977273 cuda_h.py:27] end sllm_worker_task cost 14.324 ms
DEBUG 04-24 11:15:54.979507.979507 cuda_h.py:27] end load_into_gpu_async_fused_experts_dual cost 9.188 ms
DEBUG 04-24 11:15:54.979988.979988 cuda_h.py:27] end restore_tensors2_fused_experts_packed cost 0.172 ms
DEBUG 04-24 11:15:54.980658.980658 cuda_h.py:27] end restore_tensors2_fused_experts_slices cost 0.396 ms
DEBUG 04-24 11:15:54.980676.980676 cuda_h.py:27] end allocate_experts_cuda_memory_and_restore_model_multi_device_fused cost 11.861 ms
DEBUG 04-24 11:15:54.980022.980022 cuda_h.py:27] end gpu_sexperts cost 0.011 ms
DEBUG 04-24 11:15:54.980991.980991 cuda_h.py:27] end wait_load_qkvogn_s_weight cost 0.027 ms
DEBUG 04-24 11:15:54.984283.984283 mlpmodule.py:3373] [fused_group_bmm][steps] bmm1=7.657 ms split=0.128 ms act_mul=0.833 ms bmm2=3.753 ms
DEBUG 04-24 11:15:54.985550.985550 cuda_h.py:27] end fused_group_bmm cost 12.900 ms
DEBUG 04-24 11:15:54.986382.986382 cuda_h.py:27] end gather_outputs_group_fused_mp cost 0.662 ms
DEBUG 04-24 11:15:54.987485.987485 cuda_h.py:27] end cpu_experts_worker_bmm_or_einsum_0 cost 17.861 ms
DEBUG 04-24 11:15:54.987151.987151 mlpmodule.py:3373] [fused_group_bmm][steps] bmm1=8.717 ms split=0.191 ms act_mul=0.472 ms bmm2=4.339 ms
DEBUG 04-24 11:15:54.987855.987855 cuda_h.py:27] end fused_group_bmm cost 14.034 ms
DEBUG 04-24 11:15:54.988031.988031 mlpmodule.py:3373] [fused_group_bmm][steps] bmm1=8.177 ms split=0.104 ms act_mul=0.376 ms bmm2=6.374 ms
DEBUG 04-24 11:15:54.988117.988117 cuda_h.py:27] end gather_outputs_group_fused_mp cost 0.630 ms
DEBUG 04-24 11:15:54.988264.988264 cuda_h.py:27] end fused_group_bmm cost 15.267 ms
DEBUG 04-24 11:15:54.988391.988391 cuda_h.py:27] end gather_outputs_group_fused_mp cost 0.399 ms
DEBUG 04-24 11:15:54.988212.988212 cuda_h.py:27] end cpu_experts_worker_bmm_or_einsum_1 cost 19.158 ms
DEBUG 04-24 11:15:54.989892.989892 cuda_h.py:27] end cpu_experts_worker_bmm_or_einsum_3 cost 20.293 ms
DEBUG 04-24 11:15:54.989878.989878 mlpmodule.py:3373] [fused_group_bmm][steps] bmm1=8.698 ms split=0.284 ms act_mul=0.658 ms bmm2=5.772 ms
DEBUG 04-24 11:15:54.990011.990011 cuda_h.py:27] end fused_group_bmm cost 15.688 ms
DEBUG 04-24 11:15:54.990054.990054 cuda_h.py:27] end gather_outputs_group_fused_mp cost 0.609 ms
DEBUG 04-24 11:15:54.991554.991554 cuda_h.py:27] end cpu_experts_worker_bmm_or_einsum_2 cost 21.449 ms
DEBUG 04-24 11:15:54.995667.995667 cuda_h.py:27] end prepare_per_device_parameters cost 14.978 ms
DEBUG 04-24 11:15:54.998468.998468 cuda_h.py:27] end cpu_experts_scatter_reduce cost 0.619 ms
DEBUG 04-24 11:15:54.998438.998438 cuda_h.py:27] end cpu_thread_manager_mp_wait_fused cost 2.132 ms
DEBUG 04-24 11:15:55.000007.000007 cuda_h.py:27] end wait_experts_multi_device cost 2.138 ms
DEBUG 04-24 11:15:55.000281.000281 cuda_h.py:27] end *before fused experts* cost 31.695 ms
DEBUG 04-24 11:15:55.004576.004576 cuda_h.py:27] end gpu_experts_multi_device_fused cost 3.834 ms
DEBUG 04-24 11:15:55.004433.004433 cuda_h.py:27] end *gpu experts* cost 35.633 ms
DEBUG 04-24 11:15:55.004481.004481 cuda_h.py:27] end layer_moe_generate_mp_multi_device_fused_l_11 cost 38.259 ms
DEBUG 04-24 11:15:55.005763.005763 cuda_h.py:27] end *mlp cost 39.554 ms
DEBUG 04-24 11:15:55.005813.005813 cuda_h.py:27] end prefill_layer cost 42.835 ms
DEBUG 04-24 11:15:55.005185.005185 lmp.py:341] -------------------------------- end prefill layer 10 --------------------------------
DEBUG 04-24 11:15:55.005265.005265 lmp.py:294] -------------------------------- start prefill layer 11 --------------------------------
DEBUG 04-24 11:15:55.006830.006830 cuda_h.py:27] end start_load_qkvogn_s_weight_l_12 cost 0.044 ms
DEBUG 04-24 11:15:55.006629.006629 cuda_h.py:27] end allocate_cuda_memory cost 0.252 ms
DEBUG 04-24 11:15:55.006491.006491 sllm_store_c.py:27] get device uuid map
DEBUG 04-24 11:15:55.007926.007926 sllm_store_c.py:29] call client load into gpu
DEBUG 04-24 11:15:55.008929.008929 cuda_h.py:27] end load_into_gpu_async cost 2.006 ms
DEBUG 04-24 11:15:55.009431.009431 cuda_h.py:27] end restore_tensors2 cost 0.094 ms
DEBUG 04-24 11:15:55.009689.009689 cuda_h.py:27] end **self_attn cost 2.159 ms
DEBUG 04-24 11:15:55.009313.009313 cuda_h.py:27] end allocate_cuda_memory_and_load_into_gpu cost 2.902 ms
DEBUG 04-24 11:15:55.009192.009192 cuda_h.py:27] end *iln_self_attn_paln cost 3.551 ms
DEBUG 04-24 11:15:55.010020.010020 cuda_h.py:27] end gate cost 0.539 ms
DEBUG 04-24 11:15:55.010888.010888 cuda_h.py:27] end experts_map_get cost 0.308 ms
DEBUG 04-24 11:15:55.010817.010817 cuda_h.py:27] end *before experts start* cost 0.996 ms
DEBUG 04-24 11:15:55.011925.011925 cuda_h.py:27] end cpu_experts_submit_fused_mp cost 0.227 ms
DEBUG 04-24 11:15:55.012861.012861 cuda_h.py:27] end *single cpu experts* cost 1.473 ms
DEBUG 04-24 11:15:55.014159.014159 cuda_h.py:27] end prepare_group_stack cost 0.434 ms
DEBUG 04-24 11:15:55.014207.014207 cuda_h.py:27] end prepare_group_stack cost 0.480 ms
DEBUG 04-24 11:15:55.014708.014708 cuda_h.py:27] end prepare_group_stack cost 0.552 ms
DEBUG 04-24 11:15:55.014174.014174 sllm_store_c.py:27] get device uuid map
DEBUG 04-24 11:15:55.015108.015108 sllm_store_c.py:29] call client load into gpu
DEBUG 04-24 11:15:55.015786.015786 cuda_h.py:27] end group stack cost 0.638 ms
DEBUG 04-24 11:15:55.015493.015493 cuda_h.py:27] end move_flatidxs_group_fused_mp cost 1.333 ms
DEBUG 04-24 11:15:55.015174.015174 cuda_h.py:27] end get_fused_experts_names_w cost 0.021 ms
DEBUG 04-24 11:15:55.015539.015539 cuda_h.py:27] end group stack cost 0.938 ms
DEBUG 04-24 11:15:55.015977.015977 cuda_h.py:27] end move_flatidxs_group_fused_mp cost 1.728 ms
DEBUG 04-24 11:15:55.015966.015966 cuda_h.py:27] end prepare_group_stack cost 0.698 ms
DEBUG 04-24 11:15:55.015043.015043 cuda_h.py:27] end get_fused_experts_names_w cost 0.025 ms
DEBUG 04-24 11:15:55.016353.016353 cuda_h.py:27] end group stack cost 1.394 ms
DEBUG 04-24 11:15:55.016043.016043 cuda_h.py:27] end restore_fused_tensors cost 0.628 ms
DEBUG 04-24 11:15:55.016767.016767 cuda_h.py:27] end group_fused_tensors_mp cost 0.918 ms
DEBUG 04-24 11:15:55.016709.016709 cuda_h.py:27] end move_flatidxs_group_fused_mp cost 2.361 ms
DEBUG 04-24 11:15:55.016834.016834 cuda_h.py:27] end get_fused_experts_names_w cost 0.026 ms
DEBUG 04-24 11:15:55.016792.016792 cuda_h.py:27] end restore_fused_tensors cost 0.553 ms
DEBUG 04-24 11:15:55.016602.016602 cuda_h.py:27] end group_fused_tensors_mp cost 0.897 ms
DEBUG 04-24 11:15:55.017434.017434 cuda_h.py:27] end restore2model cost 0.614 ms
DEBUG 04-24 11:15:55.017469.017469 cuda_h.py:27] end sllm_worker_task cost 10.745 ms
DEBUG 04-24 11:15:55.017907.017907 cuda_h.py:27] end restore_fused_tensors cost 0.632 ms
DEBUG 04-24 11:15:55.017626.017626 cuda_h.py:27] end group_fused_tensors_mp cost 0.929 ms
DEBUG 04-24 11:15:55.017222.017222 cuda_h.py:27] end load_into_gpu_async_fused_experts_dual cost 2.811 ms
DEBUG 04-24 11:15:55.018034.018034 cuda_h.py:27] end restore_tensors2_fused_experts_packed cost 0.110 ms
DEBUG 04-24 11:15:55.018061.018061 cuda_h.py:27] end group stack cost 1.858 ms
DEBUG 04-24 11:15:55.018869.018869 cuda_h.py:27] end move_flatidxs_group_fused_mp cost 3.195 ms
DEBUG 04-24 11:15:55.018687.018687 cuda_h.py:27] end get_fused_experts_names_w cost 0.037 ms
DEBUG 04-24 11:15:55.018301.018301 cuda_h.py:27] end restore_tensors2_fused_experts_slices cost 0.496 ms
DEBUG 04-24 11:15:55.018541.018541 cuda_h.py:27] end allocate_experts_cuda_memory_and_restore_model_multi_device_fused cost 6.393 ms
DEBUG 04-24 11:15:55.019766.019766 cuda_h.py:27] end gpu_sexperts cost 0.019 ms
DEBUG 04-24 11:15:55.019804.019804 cuda_h.py:27] end wait_load_qkvogn_s_weight cost 0.053 ms
DEBUG 04-24 11:15:55.019897.019897 cuda_h.py:27] end restore_fused_tensors cost 1.073 ms
DEBUG 04-24 11:15:55.020332.020332 cuda_h.py:27] end group_fused_tensors_mp cost 1.500 ms
DEBUG 04-24 11:15:55.029796.029796 mlpmodule.py:3373] [fused_group_bmm][steps] bmm1=8.627 ms split=0.154 ms act_mul=0.880 ms bmm2=3.464 ms
DEBUG 04-24 11:15:55.030281.030281 cuda_h.py:27] end fused_group_bmm cost 13.632 ms
DEBUG 04-24 11:15:55.030256.030256 cuda_h.py:27] end gather_outputs_group_fused_mp cost 0.584 ms
DEBUG 04-24 11:15:55.031789.031789 cuda_h.py:27] end cpu_experts_worker_bmm_or_einsum_0 cost 18.770 ms
DEBUG 04-24 11:15:55.032471.032471 mlpmodule.py:3373] [fused_group_bmm][steps] bmm1=9.615 ms split=0.182 ms act_mul=0.421 ms bmm2=4.997 ms
DEBUG 04-24 11:15:55.032578.032578 cuda_h.py:27] end fused_group_bmm cost 15.506 ms
DEBUG 04-24 11:15:55.033833.033833 cuda_h.py:27] end gather_outputs_group_fused_mp cost 0.577 ms
DEBUG 04-24 11:15:55.034055.034055 cuda_h.py:27] end cpu_experts_worker_bmm_or_einsum_1 cost 21.180 ms
DEBUG 04-24 11:15:55.035253.035253 mlpmodule.py:3373] [fused_group_bmm][steps] bmm1=11.811 ms split=0.268 ms act_mul=0.497 ms bmm2=4.825 ms
DEBUG 04-24 11:15:55.035692.035692 cuda_h.py:27] end fused_group_bmm cost 17.693 ms
DEBUG 04-24 11:15:55.036696.036696 cuda_h.py:27] end gather_outputs_group_fused_mp cost 0.574 ms
DEBUG 04-24 11:15:55.036277.036277 cuda_h.py:27] end cpu_experts_worker_bmm_or_einsum_2 cost 24.022 ms
DEBUG 04-24 11:15:55.038487.038487 mlpmodule.py:3373] [fused_group_bmm][steps] bmm1=12.240 ms split=0.106 ms act_mul=0.334 ms bmm2=5.910 ms
DEBUG 04-24 11:15:55.039613.039613 cuda_h.py:27] end fused_group_bmm cost 18.817 ms
DEBUG 04-24 11:15:55.039254.039254 cuda_h.py:27] end prepare_per_device_parameters cost 19.591 ms
DEBUG 04-24 11:15:55.039143.039143 cuda_h.py:27] end gather_outputs_group_fused_mp cost 0.382 ms
DEBUG 04-24 11:15:55.039478.039478 cuda_h.py:27] end cpu_experts_worker_bmm_or_einsum_3 cost 25.983 ms
DEBUG 04-24 11:15:55.041524.041524 cuda_h.py:27] end cpu_experts_scatter_reduce cost 1.086 ms
DEBUG 04-24 11:15:55.042010.042010 cuda_h.py:27] end cpu_thread_manager_mp_wait_fused cost 2.741 ms
DEBUG 04-24 11:15:55.043553.043553 cuda_h.py:27] end wait_experts_multi_device cost 1.347 ms
DEBUG 04-24 11:15:55.043773.043773 cuda_h.py:27] end *before fused experts* cost 30.950 ms
DEBUG 04-24 11:15:55.047879.047879 cuda_h.py:27] end gpu_experts_multi_device_fused cost 3.906 ms
DEBUG 04-24 11:15:55.047173.047173 cuda_h.py:27] end *gpu experts* cost 34.966 ms
DEBUG 04-24 11:15:55.047791.047791 cuda_h.py:27] end layer_moe_generate_mp_multi_device_fused_l_12 cost 37.599 ms
DEBUG 04-24 11:15:55.048744.048744 cuda_h.py:27] end *mlp cost 38.967 ms
DEBUG 04-24 11:15:55.049079.049079 cuda_h.py:27] end prefill_layer cost 43.084 ms
DEBUG 04-24 11:15:55.049689.049689 lmp.py:341] -------------------------------- end prefill layer 11 --------------------------------
DEBUG 04-24 11:15:55.049745.049745 lmp.py:294] -------------------------------- start prefill layer 12 --------------------------------
DEBUG 04-24 11:15:55.049105.049105 cuda_h.py:27] end start_load_qkvogn_s_weight_l_13 cost 0.044 ms
DEBUG 04-24 11:15:55.049436.049436 cuda_h.py:27] end allocate_cuda_memory cost 0.266 ms
DEBUG 04-24 11:15:55.050912.050912 sllm_store_c.py:27] get device uuid map
DEBUG 04-24 11:15:55.050132.050132 sllm_store_c.py:29] call client load into gpu
DEBUG 04-24 11:15:55.051417.051417 cuda_h.py:27] end **self_attn cost 1.479 ms
DEBUG 04-24 11:15:55.052432.052432 cuda_h.py:27] end load_into_gpu_async cost 2.069 ms
DEBUG 04-24 11:15:55.052916.052916 cuda_h.py:27] end restore_tensors2 cost 0.106 ms
DEBUG 04-24 11:15:55.052004.052004 cuda_h.py:27] end allocate_cuda_memory_and_load_into_gpu cost 2.839 ms
DEBUG 04-24 11:15:55.052027.052027 cuda_h.py:27] end *iln_self_attn_paln cost 3.058 ms
DEBUG 04-24 11:15:55.053939.053939 cuda_h.py:27] end gate cost 0.601 ms
DEBUG 04-24 11:15:55.053588.053588 cuda_h.py:27] end experts_map_get cost 0.320 ms
DEBUG 04-24 11:15:55.053471.053471 cuda_h.py:27] end *before experts start* cost 1.076 ms
DEBUG 04-24 11:15:55.054606.054606 cuda_h.py:27] end cpu_experts_submit_fused_mp cost 0.247 ms
DEBUG 04-24 11:15:55.055487.055487 cuda_h.py:27] end *single cpu experts* cost 1.454 ms
DEBUG 04-24 11:15:55.057358.057358 cuda_h.py:27] end prepare_group_stack cost 0.396 ms
DEBUG 04-24 11:15:55.057416.057416 cuda_h.py:27] end prepare_group_stack cost 0.513 ms
DEBUG 04-24 11:15:55.057527.057527 sllm_store_c.py:27] get device uuid map
DEBUG 04-24 11:15:55.057721.057721 sllm_store_c.py:29] call client load into gpu
DEBUG 04-24 11:15:55.058137.058137 cuda_h.py:27] end group stack cost 0.815 ms
DEBUG 04-24 11:15:55.058763.058763 cuda_h.py:27] end move_flatidxs_group_fused_mp cost 1.452 ms
DEBUG 04-24 11:15:55.058107.058107 cuda_h.py:27] end get_fused_experts_names_w cost 0.024 ms
DEBUG 04-24 11:15:55.058073.058073 cuda_h.py:27] end prepare_group_stack cost 0.525 ms
DEBUG 04-24 11:15:55.058025.058025 cuda_h.py:27] end group stack cost 1.059 ms
DEBUG 04-24 11:15:55.058295.058295 cuda_h.py:27] end prepare_group_stack cost 0.653 ms
DEBUG 04-24 11:15:55.058314.058314 cuda_h.py:27] end move_flatidxs_group_fused_mp cost 2.034 ms
DEBUG 04-24 11:15:55.059857.059857 cuda_h.py:27] end get_fused_experts_names_w cost 0.025 ms
DEBUG 04-24 11:15:55.059231.059231 cuda_h.py:27] end restore_fused_tensors cost 0.739 ms
DEBUG 04-24 11:15:55.059532.059532 cuda_h.py:27] end group_fused_tensors_mp cost 1.044 ms
DEBUG 04-24 11:15:55.059230.059230 cuda_h.py:27] end restore_fused_tensors cost 0.677 ms
DEBUG 04-24 11:15:55.059118.059118 cuda_h.py:27] end group stack cost 1.300 ms
DEBUG 04-24 11:15:55.059485.059485 cuda_h.py:27] end group_fused_tensors_mp cost 0.984 ms
DEBUG 04-24 11:15:55.060108.060108 cuda_h.py:27] end move_flatidxs_group_fused_mp cost 2.183 ms
DEBUG 04-24 11:15:55.060340.060340 cuda_h.py:27] end restore2model cost 0.648 ms
DEBUG 04-24 11:15:55.060613.060613 cuda_h.py:27] end sllm_worker_task cost 10.734 ms
DEBUG 04-24 11:15:55.060534.060534 cuda_h.py:27] end get_fused_experts_names_w cost 0.025 ms
DEBUG 04-24 11:15:55.060561.060561 cuda_h.py:27] end group stack cost 1.804 ms
DEBUG 04-24 11:15:55.060163.060163 cuda_h.py:27] end move_flatidxs_group_fused_mp cost 2.875 ms
DEBUG 04-24 11:15:55.060922.060922 cuda_h.py:27] end load_into_gpu_async_fused_experts_dual cost 3.094 ms
DEBUG 04-24 11:15:55.061171.061171 cuda_h.py:27] end restore_fused_tensors cost 0.629 ms
DEBUG 04-24 11:15:55.061875.061875 cuda_h.py:27] end group_fused_tensors_mp cost 0.911 ms
DEBUG 04-24 11:15:55.061511.061511 cuda_h.py:27] end get_fused_experts_names_w cost 0.034 ms
DEBUG 04-24 11:15:55.061404.061404 cuda_h.py:27] end restore_tensors2_fused_experts_packed cost 0.181 ms
DEBUG 04-24 11:15:55.061930.061930 cuda_h.py:27] end restore_tensors2_fused_experts_slices cost 0.469 ms
DEBUG 04-24 11:15:55.062501.062501 cuda_h.py:27] end allocate_experts_cuda_memory_and_restore_model_multi_device_fused cost 6.823 ms
DEBUG 04-24 11:15:55.062778.062778 cuda_h.py:27] end gpu_sexperts cost 0.016 ms
DEBUG 04-24 11:15:55.062569.062569 cuda_h.py:27] end wait_load_qkvogn_s_weight cost 0.036 ms
DEBUG 04-24 11:15:55.062861.062861 cuda_h.py:27] end restore_fused_tensors cost 1.220 ms
DEBUG 04-24 11:15:55.063335.063335 cuda_h.py:27] end group_fused_tensors_mp cost 1.910 ms
DEBUG 04-24 11:15:55.070776.070776 mlpmodule.py:3373] [fused_group_bmm][steps] bmm1=5.672 ms split=0.161 ms act_mul=0.482 ms bmm2=4.108 ms
DEBUG 04-24 11:15:55.070699.070699 cuda_h.py:27] end fused_group_bmm cost 10.964 ms
DEBUG 04-24 11:15:55.071485.071485 cuda_h.py:27] end gather_outputs_group_fused_mp cost 0.668 ms
DEBUG 04-24 11:15:55.072302.072302 cuda_h.py:27] end cpu_experts_worker_bmm_or_einsum_0 cost 16.401 ms
DEBUG 04-24 11:15:55.073302.073302 mlpmodule.py:3373] [fused_group_bmm][steps] bmm1=8.282 ms split=0.240 ms act_mul=0.479 ms bmm2=4.169 ms
DEBUG 04-24 11:15:55.073887.073887 cuda_h.py:27] end fused_group_bmm cost 13.460 ms
DEBUG 04-24 11:15:55.074472.074472 cuda_h.py:27] end gather_outputs_group_fused_mp cost 0.600 ms
DEBUG 04-24 11:15:55.074191.074191 cuda_h.py:27] end cpu_experts_worker_bmm_or_einsum_1 cost 19.178 ms
DEBUG 04-24 11:15:55.078514.078514 mlpmodule.py:3373] [fused_group_bmm][steps] bmm1=12.193 ms split=0.133 ms act_mul=0.462 ms bmm2=4.342 ms
DEBUG 04-24 11:15:55.078337.078337 cuda_h.py:27] end fused_group_bmm cost 17.430 ms
DEBUG 04-24 11:15:55.079309.079309 cuda_h.py:27] end gather_outputs_group_fused_mp cost 0.587 ms
DEBUG 04-24 11:15:55.080236.080236 cuda_h.py:27] end cpu_experts_worker_bmm_or_einsum_2 cost 23.539 ms
DEBUG 04-24 11:15:55.080901.080901 mlpmodule.py:3373] [fused_group_bmm][steps] bmm1=11.906 ms split=0.154 ms act_mul=0.363 ms bmm2=4.218 ms
DEBUG 04-24 11:15:55.080529.080529 cuda_h.py:27] end fused_group_bmm cost 17.029 ms
DEBUG 04-24 11:15:55.080007.080007 cuda_h.py:27] end prepare_per_device_parameters cost 17.726 ms
DEBUG 04-24 11:15:55.081153.081153 cuda_h.py:27] end gather_outputs_group_fused_mp cost 0.379 ms
DEBUG 04-24 11:15:55.081513.081513 cuda_h.py:27] end cpu_experts_worker_bmm_or_einsum_3 cost 24.755 ms
DEBUG 04-24 11:15:55.082527.082527 cuda_h.py:27] end cpu_experts_scatter_reduce cost 0.615 ms
DEBUG 04-24 11:15:55.082629.082629 cuda_h.py:27] end cpu_thread_manager_mp_wait_fused cost 1.967 ms
DEBUG 04-24 11:15:55.084960.084960 cuda_h.py:27] end wait_experts_multi_device cost 1.367 ms
DEBUG 04-24 11:15:55.084942.084942 cuda_h.py:27] end *before fused experts* cost 28.928 ms
DEBUG 04-24 11:15:55.088299.088299 cuda_h.py:27] end gpu_experts_multi_device_fused cost 3.880 ms
DEBUG 04-24 11:15:55.088149.088149 cuda_h.py:27] end *gpu experts* cost 32.908 ms
DEBUG 04-24 11:15:55.088436.088436 cuda_h.py:27] end layer_moe_generate_mp_multi_device_fused_l_13 cost 35.635 ms
DEBUG 04-24 11:15:55.089077.089077 cuda_h.py:27] end *mlp cost 37.195 ms
DEBUG 04-24 11:15:55.090458.090458 cuda_h.py:27] end prefill_layer cost 40.694 ms
DEBUG 04-24 11:15:55.090069.090069 lmp.py:341] -------------------------------- end prefill layer 12 --------------------------------
DEBUG 04-24 11:15:55.090434.090434 lmp.py:294] -------------------------------- start prefill layer 13 --------------------------------
DEBUG 04-24 11:15:55.090165.090165 cuda_h.py:27] end start_load_qkvogn_s_weight_l_14 cost 0.043 ms
DEBUG 04-24 11:15:55.090606.090606 cuda_h.py:27] end allocate_cuda_memory cost 0.227 ms
DEBUG 04-24 11:15:55.090941.090941 sllm_store_c.py:27] get device uuid map
DEBUG 04-24 11:15:55.091890.091890 sllm_store_c.py:29] call client load into gpu
DEBUG 04-24 11:15:55.092886.092886 cuda_h.py:27] end load_into_gpu_async cost 1.715 ms
DEBUG 04-24 11:15:55.092150.092150 cuda_h.py:27] end restore_tensors2 cost 0.096 ms
DEBUG 04-24 11:15:55.092748.092748 cuda_h.py:27] end **self_attn cost 1.787 ms
DEBUG 04-24 11:15:55.092940.092940 cuda_h.py:27] end allocate_cuda_memory_and_load_into_gpu cost 2.726 ms
DEBUG 04-24 11:15:55.093705.093705 cuda_h.py:27] end *iln_self_attn_paln cost 3.328 ms
DEBUG 04-24 11:15:55.094235.094235 cuda_h.py:27] end gate cost 0.530 ms
DEBUG 04-24 11:15:55.094864.094864 cuda_h.py:27] end experts_map_get cost 0.309 ms
DEBUG 04-24 11:15:55.094793.094793 cuda_h.py:27] end *before experts start* cost 0.986 ms
DEBUG 04-24 11:15:55.094054.094054 cuda_h.py:27] end cpu_experts_submit_fused_mp cost 0.234 ms
DEBUG 04-24 11:15:55.095327.095327 cuda_h.py:27] end *single cpu experts* cost 1.274 ms
DEBUG 04-24 11:15:55.097210.097210 cuda_h.py:27] end prepare_group_stack cost 0.467 ms
DEBUG 04-24 11:15:55.097906.097906 cuda_h.py:27] end prepare_group_stack cost 0.533 ms
DEBUG 04-24 11:15:55.098342.098342 sllm_store_c.py:27] get device uuid map
DEBUG 04-24 11:15:55.098106.098106 sllm_store_c.py:29] call client load into gpu
DEBUG 04-24 11:15:55.098350.098350 cuda_h.py:27] end group stack cost 0.916 ms
DEBUG 04-24 11:15:55.098413.098413 cuda_h.py:27] end move_flatidxs_group_fused_mp cost 1.619 ms
DEBUG 04-24 11:15:55.098420.098420 cuda_h.py:27] end group stack cost 1.028 ms
DEBUG 04-24 11:15:55.098249.098249 cuda_h.py:27] end prepare_group_stack cost 0.504 ms
DEBUG 04-24 11:15:55.098249.098249 cuda_h.py:27] end prepare_group_stack cost 0.539 ms
DEBUG 04-24 11:15:55.099881.099881 cuda_h.py:27] end get_fused_experts_names_w cost 0.024 ms
DEBUG 04-24 11:15:55.099517.099517 cuda_h.py:27] end move_flatidxs_group_fused_mp cost 1.984 ms
DEBUG 04-24 11:15:55.099049.099049 cuda_h.py:27] end get_fused_experts_names_w cost 0.022 ms
DEBUG 04-24 11:15:55.100094.100094 cuda_h.py:27] end group stack cost 1.023 ms
DEBUG 04-24 11:15:55.100779.100779 cuda_h.py:27] end group stack cost 1.087 ms
DEBUG 04-24 11:15:55.100958.100958 cuda_h.py:27] end restore2model cost 0.617 ms
DEBUG 04-24 11:15:55.100376.100376 cuda_h.py:27] end move_flatidxs_group_fused_mp cost 1.950 ms
DEBUG 04-24 11:15:55.100880.100880 cuda_h.py:27] end restore_fused_tensors cost 0.923 ms
DEBUG 04-24 11:15:55.100417.100417 cuda_h.py:27] end sllm_worker_task cost 10.243 ms
DEBUG 04-24 11:15:55.100121.100121 cuda_h.py:27] end restore_fused_tensors cost 0.573 ms
DEBUG 04-24 11:15:55.100080.100080 cuda_h.py:27] end group_fused_tensors_mp cost 1.439 ms
DEBUG 04-24 11:15:55.100974.100974 cuda_h.py:27] end move_flatidxs_group_fused_mp cost 2.254 ms
DEBUG 04-24 11:15:55.100816.100816 cuda_h.py:27] end group_fused_tensors_mp cost 1.185 ms
DEBUG 04-24 11:15:55.100452.100452 cuda_h.py:27] end get_fused_experts_names_w cost 0.029 ms
DEBUG 04-24 11:15:55.100160.100160 cuda_h.py:27] end get_fused_experts_names_w cost 0.021 ms
DEBUG 04-24 11:15:55.100963.100963 cuda_h.py:27] end load_into_gpu_async_fused_experts_dual cost 2.533 ms
DEBUG 04-24 11:15:55.100280.100280 cuda_h.py:27] end restore_tensors2_fused_experts_packed cost 0.055 ms
DEBUG 04-24 11:15:55.101453.101453 cuda_h.py:27] end restore_fused_tensors cost 0.628 ms
DEBUG 04-24 11:15:55.101548.101548 cuda_h.py:27] end group_fused_tensors_mp cost 0.920 ms
DEBUG 04-24 11:15:55.101951.101951 cuda_h.py:27] end restore_tensors2_fused_experts_slices cost 0.310 ms
DEBUG 04-24 11:15:55.101325.101325 cuda_h.py:27] end allocate_experts_cuda_memory_and_restore_model_multi_device_fused cost 5.625 ms
DEBUG 04-24 11:15:55.101280.101280 cuda_h.py:27] end restore_fused_tensors cost 0.666 ms
DEBUG 04-24 11:15:55.101124.101124 cuda_h.py:27] end group_fused_tensors_mp cost 1.122 ms
DEBUG 04-24 11:15:55.101117.101117 cuda_h.py:27] end gpu_sexperts cost 0.012 ms
DEBUG 04-24 11:15:55.102205.102205 cuda_h.py:27] end wait_load_qkvogn_s_weight cost 0.050 ms
DEBUG 04-24 11:15:55.111216.111216 mlpmodule.py:3373] [fused_group_bmm][steps] bmm1=5.836 ms split=0.171 ms act_mul=0.956 ms bmm2=3.869 ms
DEBUG 04-24 11:15:55.111112.111112 cuda_h.py:27] end fused_group_bmm cost 11.183 ms
DEBUG 04-24 11:15:55.112689.112689 cuda_h.py:27] end gather_outputs_group_fused_mp cost 0.539 ms
DEBUG 04-24 11:15:55.113809.113809 cuda_h.py:27] end cpu_experts_worker_bmm_or_einsum_0 cost 17.247 ms
DEBUG 04-24 11:15:55.115895.115895 mlpmodule.py:3373] [fused_group_bmm][steps] bmm1=9.635 ms split=0.170 ms act_mul=0.480 ms bmm2=3.902 ms
DEBUG 04-24 11:15:55.115392.115392 cuda_h.py:27] end fused_group_bmm cost 14.409 ms
DEBUG 04-24 11:15:55.116585.116585 cuda_h.py:27] end gather_outputs_group_fused_mp cost 0.382 ms
DEBUG 04-24 11:15:55.116819.116819 cuda_h.py:27] end cpu_experts_worker_bmm_or_einsum_1 cost 19.698 ms
DEBUG 04-24 11:15:55.121837.121837 mlpmodule.py:3373] [fused_group_bmm][steps] bmm1=13.656 ms split=0.102 ms act_mul=0.393 ms bmm2=4.629 ms
DEBUG 04-24 11:15:55.121909.121909 cuda_h.py:27] end fused_group_bmm cost 19.005 ms
DEBUG 04-24 11:15:55.121891.121891 cuda_h.py:27] end gather_outputs_group_fused_mp cost 0.400 ms
DEBUG 04-24 11:15:55.121800.121800 cuda_h.py:27] end prepare_per_device_parameters cost 19.329 ms
DEBUG 04-24 11:15:55.122522.122522 mlpmodule.py:3373] [fused_group_bmm][steps] bmm1=15.066 ms split=0.122 ms act_mul=0.448 ms bmm2=5.551 ms
DEBUG 04-24 11:15:55.122086.122086 cuda_h.py:27] end cpu_experts_worker_bmm_or_einsum_3 cost 25.140 ms
DEBUG 04-24 11:15:55.122194.122194 cuda_h.py:27] end fused_group_bmm cost 21.507 ms
DEBUG 04-24 11:15:55.123888.123888 cuda_h.py:27] end gather_outputs_group_fused_mp cost 0.574 ms
DEBUG 04-24 11:15:55.123282.123282 cuda_h.py:27] end cpu_experts_worker_bmm_or_einsum_2 cost 27.436 ms
DEBUG 04-24 11:15:55.124926.124926 cuda_h.py:27] end cpu_experts_scatter_reduce cost 0.632 ms
DEBUG 04-24 11:15:55.124419.124419 cuda_h.py:27] end cpu_thread_manager_mp_wait_fused cost 2.597 ms
DEBUG 04-24 11:15:55.126812.126812 cuda_h.py:27] end wait_experts_multi_device cost 1.410 ms
DEBUG 04-24 11:15:55.126940.126940 cuda_h.py:27] end *before fused experts* cost 30.310 ms
DEBUG 04-24 11:15:55.130824.130824 cuda_h.py:27] end gpu_experts_multi_device_fused cost 4.234 ms
DEBUG 04-24 11:15:55.130450.130450 cuda_h.py:27] end *gpu experts* cost 34.653 ms
DEBUG 04-24 11:15:55.130472.130472 cuda_h.py:27] end layer_moe_generate_mp_multi_device_fused_l_14 cost 37.091 ms
DEBUG 04-24 11:15:55.132269.132269 cuda_h.py:27] end *mlp cost 38.518 ms
DEBUG 04-24 11:15:55.132080.132080 cuda_h.py:27] end prefill_layer cost 42.048 ms
DEBUG 04-24 11:15:55.132929.132929 lmp.py:341] -------------------------------- end prefill layer 13 --------------------------------
DEBUG 04-24 11:15:55.132971.132971 lmp.py:294] -------------------------------- start prefill layer 14 --------------------------------
DEBUG 04-24 11:15:55.132047.132047 cuda_h.py:27] end start_load_qkvogn_s_weight_l_15 cost 0.047 ms
DEBUG 04-24 11:15:55.132263.132263 cuda_h.py:27] end allocate_cuda_memory cost 0.231 ms
DEBUG 04-24 11:15:55.133275.133275 sllm_store_c.py:27] get device uuid map
DEBUG 04-24 11:15:55.133664.133664 sllm_store_c.py:29] call client load into gpu
DEBUG 04-24 11:15:55.134918.134918 cuda_h.py:27] end load_into_gpu_async cost 1.596 ms
DEBUG 04-24 11:15:55.134897.134897 cuda_h.py:27] end restore_tensors2 cost 0.093 ms
DEBUG 04-24 11:15:55.135986.135986 cuda_h.py:27] end allocate_cuda_memory_and_load_into_gpu cost 2.457 ms
DEBUG 04-24 11:15:55.135044.135044 cuda_h.py:27] end **self_attn cost 1.612 ms
DEBUG 04-24 11:15:55.135138.135138 cuda_h.py:27] end *iln_self_attn_paln cost 3.177 ms
DEBUG 04-24 11:15:55.136550.136550 cuda_h.py:27] end gate cost 0.546 ms
DEBUG 04-24 11:15:55.136484.136484 cuda_h.py:27] end experts_map_get cost 0.320 ms
DEBUG 04-24 11:15:55.136896.136896 cuda_h.py:27] end *before experts start* cost 1.023 ms
DEBUG 04-24 11:15:55.137985.137985 cuda_h.py:27] end cpu_experts_submit_fused_mp cost 0.231 ms
DEBUG 04-24 11:15:55.137169.137169 cuda_h.py:27] end *single cpu experts* cost 1.187 ms
DEBUG 04-24 11:15:55.139539.139539 cuda_h.py:27] end prepare_group_stack cost 0.438 ms
DEBUG 04-24 11:15:55.139571.139571 cuda_h.py:27] end prepare_group_stack cost 0.535 ms
DEBUG 04-24 11:15:55.139035.139035 cuda_h.py:27] end prepare_group_stack cost 0.562 ms
DEBUG 04-24 11:15:55.140090.140090 sllm_store_c.py:27] get device uuid map
DEBUG 04-24 11:15:55.140585.140585 sllm_store_c.py:29] call client load into gpu
DEBUG 04-24 11:15:55.140349.140349 cuda_h.py:27] end group stack cost 0.730 ms
DEBUG 04-24 11:15:55.140789.140789 cuda_h.py:27] end move_flatidxs_group_fused_mp cost 1.415 ms
DEBUG 04-24 11:15:55.140728.140728 cuda_h.py:27] end prepare_group_stack cost 0.517 ms
DEBUG 04-24 11:15:55.140897.140897 cuda_h.py:27] end get_fused_experts_names_w cost 0.025 ms
DEBUG 04-24 11:15:55.141312.141312 cuda_h.py:27] end group stack cost 1.118 ms
DEBUG 04-24 11:15:55.141099.141099 cuda_h.py:27] end group stack cost 1.073 ms
DEBUG 04-24 11:15:55.141917.141917 cuda_h.py:27] end move_flatidxs_group_fused_mp cost 2.001 ms
DEBUG 04-24 11:15:55.141382.141382 cuda_h.py:27] end move_flatidxs_group_fused_mp cost 2.038 ms
DEBUG 04-24 11:15:55.141392.141392 cuda_h.py:27] end get_fused_experts_names_w cost 0.023 ms
DEBUG 04-24 11:15:55.141639.141639 cuda_h.py:27] end get_fused_experts_names_w cost 0.044 ms
DEBUG 04-24 11:15:55.141881.141881 cuda_h.py:27] end restore_fused_tensors cost 0.733 ms
DEBUG 04-24 11:15:55.141275.141275 cuda_h.py:27] end group_fused_tensors_mp cost 1.010 ms
DEBUG 04-24 11:15:55.142324.142324 cuda_h.py:27] end restore_fused_tensors cost 0.557 ms
DEBUG 04-24 11:15:55.142781.142781 cuda_h.py:27] end group stack cost 1.289 ms
DEBUG 04-24 11:15:55.142081.142081 cuda_h.py:27] end group_fused_tensors_mp cost 0.816 ms
DEBUG 04-24 11:15:55.142521.142521 cuda_h.py:27] end move_flatidxs_group_fused_mp cost 2.072 ms
DEBUG 04-24 11:15:55.142610.142610 cuda_h.py:27] end restore_fused_tensors cost 0.766 ms
DEBUG 04-24 11:15:55.142503.142503 cuda_h.py:27] end restore2model cost 0.646 ms
DEBUG 04-24 11:15:55.142650.142650 cuda_h.py:27] end get_fused_experts_names_w cost 0.025 ms
DEBUG 04-24 11:15:55.142571.142571 cuda_h.py:27] end group_fused_tensors_mp cost 1.189 ms
DEBUG 04-24 11:15:55.142980.142980 cuda_h.py:27] end sllm_worker_task cost 10.217 ms
DEBUG 04-24 11:15:55.143005.143005 cuda_h.py:27] end load_into_gpu_async_fused_experts_dual cost 2.991 ms
DEBUG 04-24 11:15:55.143814.143814 cuda_h.py:27] end restore_tensors2_fused_experts_packed cost 0.163 ms
DEBUG 04-24 11:15:55.143171.143171 cuda_h.py:27] end restore_fused_tensors cost 0.720 ms
DEBUG 04-24 11:15:55.143148.143148 cuda_h.py:27] end group_fused_tensors_mp cost 1.062 ms
DEBUG 04-24 11:15:55.144556.144556 cuda_h.py:27] end restore_tensors2_fused_experts_slices cost 0.504 ms
DEBUG 04-24 11:15:55.144333.144333 cuda_h.py:27] end allocate_experts_cuda_memory_and_restore_model_multi_device_fused cost 6.408 ms
DEBUG 04-24 11:15:55.144795.144795 cuda_h.py:27] end gpu_sexperts cost 0.016 ms
DEBUG 04-24 11:15:55.144018.144018 cuda_h.py:27] end wait_load_qkvogn_s_weight cost 0.056 ms
DEBUG 04-24 11:15:55.153093.153093 mlpmodule.py:3373] [fused_group_bmm][steps] bmm1=7.688 ms split=0.153 ms act_mul=0.511 ms bmm2=3.410 ms
DEBUG 04-24 11:15:55.154359.154359 cuda_h.py:27] end fused_group_bmm cost 12.277 ms
DEBUG 04-24 11:15:55.154374.154374 cuda_h.py:27] end gather_outputs_group_fused_mp cost 0.585 ms
DEBUG 04-24 11:15:55.155464.155464 cuda_h.py:27] end cpu_experts_worker_bmm_or_einsum_0 cost 17.686 ms
DEBUG 04-24 11:15:55.156429.156429 mlpmodule.py:3373] [fused_group_bmm][steps] bmm1=9.666 ms split=0.179 ms act_mul=0.397 ms bmm2=3.569 ms
DEBUG 04-24 11:15:55.157018.157018 cuda_h.py:27] end fused_group_bmm cost 14.031 ms
DEBUG 04-24 11:15:55.157058.157058 cuda_h.py:27] end gather_outputs_group_fused_mp cost 0.371 ms
DEBUG 04-24 11:15:55.157975.157975 cuda_h.py:27] end cpu_experts_worker_bmm_or_einsum_1 cost 19.640 ms
DEBUG 04-24 11:15:55.161108.161108 mlpmodule.py:3373] [fused_group_bmm][steps] bmm1=12.344 ms split=0.120 ms act_mul=0.342 ms bmm2=4.360 ms
DEBUG 04-24 11:15:55.161320.161320 cuda_h.py:27] end fused_group_bmm cost 17.389 ms
DEBUG 04-24 11:15:55.161718.161718 cuda_h.py:27] end gather_outputs_group_fused_mp cost 0.392 ms
DEBUG 04-24 11:15:55.161430.161430 mlpmodule.py:3373] [fused_group_bmm][steps] bmm1=13.516 ms split=0.162 ms act_mul=0.546 ms bmm2=5.129 ms
DEBUG 04-24 11:15:55.162216.162216 cuda_h.py:27] end fused_group_bmm cost 19.720 ms
DEBUG 04-24 11:15:55.162675.162675 cuda_h.py:27] end cpu_experts_worker_bmm_or_einsum_3 cost 23.017 ms
DEBUG 04-24 11:15:55.163193.163193 cuda_h.py:27] end gather_outputs_group_fused_mp cost 0.667 ms
DEBUG 04-24 11:15:55.163512.163512 cuda_h.py:27] end prepare_per_device_parameters cost 18.245 ms
DEBUG 04-24 11:15:55.163669.163669 cuda_h.py:27] end cpu_experts_worker_bmm_or_einsum_2 cost 25.379 ms
DEBUG 04-24 11:15:55.165793.165793 cuda_h.py:27] end cpu_experts_scatter_reduce cost 0.613 ms
DEBUG 04-24 11:15:55.165902.165902 cuda_h.py:27] end cpu_thread_manager_mp_wait_fused cost 2.231 ms
DEBUG 04-24 11:15:55.167927.167927 cuda_h.py:27] end wait_experts_multi_device cost 1.315 ms
DEBUG 04-24 11:15:55.167870.167870 cuda_h.py:27] end *before fused experts* cost 29.183 ms
DEBUG 04-24 11:15:55.171026.171026 cuda_h.py:27] end gpu_experts_multi_device_fused cost 3.836 ms
DEBUG 04-24 11:15:55.171174.171174 cuda_h.py:27] end *gpu experts* cost 33.129 ms
DEBUG 04-24 11:15:55.171216.171216 cuda_h.py:27] end layer_moe_generate_mp_multi_device_fused_l_15 cost 35.493 ms
DEBUG 04-24 11:15:55.172619.172619 cuda_h.py:27] end *mlp cost 37.227 ms
DEBUG 04-24 11:15:55.173715.173715 cuda_h.py:27] end prefill_layer cost 40.612 ms
DEBUG 04-24 11:15:55.173133.173133 lmp.py:341] -------------------------------- end prefill layer 14 --------------------------------
DEBUG 04-24 11:15:55.173783.173783 lmp.py:294] -------------------------------- start prefill layer 15 --------------------------------
DEBUG 04-24 11:15:55.173315.173315 cuda_h.py:27] end start_load_qkvogn_s_weight_l_16 cost 0.043 ms
DEBUG 04-24 11:15:55.173002.173002 cuda_h.py:27] end allocate_cuda_memory cost 0.234 ms
DEBUG 04-24 11:15:55.173288.173288 sllm_store_c.py:27] get device uuid map
DEBUG 04-24 11:15:55.173585.173585 sllm_store_c.py:29] call client load into gpu
DEBUG 04-24 11:15:55.175478.175478 cuda_h.py:27] end **self_attn cost 1.259 ms
DEBUG 04-24 11:15:55.175951.175951 cuda_h.py:27] end *iln_self_attn_paln cost 2.625 ms
DEBUG 04-24 11:15:55.175639.175639 cuda_h.py:27] end load_into_gpu_async cost 2.156 ms
DEBUG 04-24 11:15:55.176185.176185 cuda_h.py:27] end restore_tensors2 cost 0.091 ms
DEBUG 04-24 11:15:55.176844.176844 cuda_h.py:27] end allocate_cuda_memory_and_load_into_gpu cost 3.076 ms
DEBUG 04-24 11:15:55.176150.176150 cuda_h.py:27] end gate cost 0.995 ms
DEBUG 04-24 11:15:55.177932.177932 cuda_h.py:27] end experts_map_get cost 0.315 ms
DEBUG 04-24 11:15:55.177861.177861 cuda_h.py:27] end *before experts start* cost 1.460 ms
DEBUG 04-24 11:15:55.177260.177260 cuda_h.py:27] end cpu_experts_submit_fused_mp cost 0.231 ms
DEBUG 04-24 11:15:55.178484.178484 cuda_h.py:27] end *single cpu experts* cost 1.164 ms
DEBUG 04-24 11:15:55.179675.179675 cuda_h.py:27] end prepare_group_stack cost 0.395 ms
DEBUG 04-24 11:15:55.180844.180844 cuda_h.py:27] end group stack cost 0.801 ms
DEBUG 04-24 11:15:55.180510.180510 cuda_h.py:27] end move_flatidxs_group_fused_mp cost 1.414 ms
DEBUG 04-24 11:15:55.181232.181232 cuda_h.py:27] end prepare_group_stack cost 0.496 ms
DEBUG 04-24 11:15:55.181473.181473 cuda_h.py:27] end get_fused_experts_names_w cost 0.027 ms
DEBUG 04-24 11:15:55.181725.181725 cuda_h.py:27] end prepare_group_stack cost 0.529 ms
DEBUG 04-24 11:15:55.181469.181469 cuda_h.py:27] end prepare_group_stack cost 0.532 ms
DEBUG 04-24 11:15:55.181785.181785 sllm_store_c.py:27] get device uuid map
DEBUG 04-24 11:15:55.181904.181904 sllm_store_c.py:29] call client load into gpu
DEBUG 04-24 11:15:55.181471.181471 cuda_h.py:27] end group stack cost 0.703 ms
DEBUG 04-24 11:15:55.181918.181918 cuda_h.py:27] end restore_fused_tensors cost 0.613 ms
DEBUG 04-24 11:15:55.181845.181845 cuda_h.py:27] end move_flatidxs_group_fused_mp cost 1.430 ms
DEBUG 04-24 11:15:55.181768.181768 cuda_h.py:27] end group_fused_tensors_mp cost 0.917 ms
DEBUG 04-24 11:15:55.182938.182938 cuda_h.py:27] end get_fused_experts_names_w cost 0.023 ms
DEBUG 04-24 11:15:55.182794.182794 cuda_h.py:27] end group stack cost 1.060 ms
DEBUG 04-24 11:15:55.182692.182692 cuda_h.py:27] end move_flatidxs_group_fused_mp cost 1.932 ms
DEBUG 04-24 11:15:55.182884.182884 cuda_h.py:27] end group stack cost 1.128 ms
DEBUG 04-24 11:15:55.182307.182307 cuda_h.py:27] end get_fused_experts_names_w cost 0.021 ms
DEBUG 04-24 11:15:55.182820.182820 cuda_h.py:27] end restore_fused_tensors cost 0.467 ms
DEBUG 04-24 11:15:55.182018.182018 cuda_h.py:27] end move_flatidxs_group_fused_mp cost 2.116 ms
DEBUG 04-24 11:15:55.182756.182756 cuda_h.py:27] end group_fused_tensors_mp cost 0.699 ms
DEBUG 04-24 11:15:55.182388.182388 cuda_h.py:27] end get_fused_experts_names_w cost 0.034 ms
DEBUG 04-24 11:15:55.183185.183185 cuda_h.py:27] end restore_fused_tensors cost 0.570 ms
DEBUG 04-24 11:15:55.183247.183247 cuda_h.py:27] end group_fused_tensors_mp cost 0.823 ms
DEBUG 04-24 11:15:55.183926.183926 cuda_h.py:27] end restore2model cost 0.728 ms
DEBUG 04-24 11:15:55.183101.183101 cuda_h.py:27] end sllm_worker_task cost 10.574 ms
DEBUG 04-24 11:15:55.183898.183898 cuda_h.py:27] end restore_fused_tensors cost 0.902 ms
DEBUG 04-24 11:15:55.184648.184648 cuda_h.py:27] end group_fused_tensors_mp cost 1.285 ms
DEBUG 04-24 11:15:55.184438.184438 cuda_h.py:27] end load_into_gpu_async_fused_experts_dual cost 3.448 ms
DEBUG 04-24 11:15:55.185505.185505 cuda_h.py:27] end restore_tensors2_fused_experts_packed cost 0.246 ms
DEBUG 04-24 11:15:55.185997.185997 cuda_h.py:27] end restore_tensors2_fused_experts_slices cost 0.511 ms
DEBUG 04-24 11:15:55.186554.186554 cuda_h.py:27] end allocate_experts_cuda_memory_and_restore_model_multi_device_fused cost 7.364 ms
DEBUG 04-24 11:15:55.186946.186946 cuda_h.py:27] end gpu_sexperts cost 0.022 ms
DEBUG 04-24 11:15:55.186195.186195 cuda_h.py:27] end wait_load_qkvogn_s_weight cost 0.043 ms
DEBUG 04-24 11:15:55.192544.192544 mlpmodule.py:3373] [fused_group_bmm][steps] bmm1=5.747 ms split=0.161 ms act_mul=0.389 ms bmm2=4.128 ms
DEBUG 04-24 11:15:55.192627.192627 cuda_h.py:27] end fused_group_bmm cost 10.790 ms
DEBUG 04-24 11:15:55.193881.193881 cuda_h.py:27] end gather_outputs_group_fused_mp cost 0.414 ms
DEBUG 04-24 11:15:55.193342.193342 cuda_h.py:27] end cpu_experts_worker_bmm_or_einsum_0 cost 15.566 ms
DEBUG 04-24 11:15:55.197619.197619 mlpmodule.py:3373] [fused_group_bmm][steps] bmm1=8.801 ms split=0.099 ms act_mul=0.304 ms bmm2=4.163 ms
DEBUG 04-24 11:15:55.198209.198209 cuda_h.py:27] end fused_group_bmm cost 13.631 ms
DEBUG 04-24 11:15:55.198092.198092 cuda_h.py:27] end gather_outputs_group_fused_mp cost 0.399 ms
DEBUG 04-24 11:15:55.198594.198594 mlpmodule.py:3373] [fused_group_bmm][steps] bmm1=9.234 ms split=0.264 ms act_mul=0.465 ms bmm2=5.819 ms
DEBUG 04-24 11:15:55.199428.199428 cuda_h.py:27] end fused_group_bmm cost 16.390 ms
DEBUG 04-24 11:15:55.199057.199057 cuda_h.py:27] end cpu_experts_worker_bmm_or_einsum_1 cost 19.859 ms
DEBUG 04-24 11:15:55.199593.199593 mlpmodule.py:3373] [fused_group_bmm][steps] bmm1=9.498 ms split=0.105 ms act_mul=0.361 ms bmm2=5.718 ms
DEBUG 04-24 11:15:55.199731.199731 cuda_h.py:27] end fused_group_bmm cost 16.094 ms
DEBUG 04-24 11:15:55.200930.200930 cuda_h.py:27] end gather_outputs_group_fused_mp cost 0.456 ms
DEBUG 04-24 11:15:55.200507.200507 cuda_h.py:27] end gather_outputs_group_fused_mp cost 0.385 ms
DEBUG 04-24 11:15:55.200257.200257 cuda_h.py:27] end cpu_experts_worker_bmm_or_einsum_2 cost 21.173 ms
DEBUG 04-24 11:15:55.200948.200948 cuda_h.py:27] end cpu_experts_worker_bmm_or_einsum_3 cost 21.193 ms
DEBUG 04-24 11:15:55.202980.202980 cuda_h.py:27] end prepare_per_device_parameters cost 15.954 ms
DEBUG 04-24 11:15:55.204291.204291 cuda_h.py:27] end cpu_experts_scatter_reduce cost 0.607 ms
DEBUG 04-24 11:15:55.204346.204346 cuda_h.py:27] end cpu_thread_manager_mp_wait_fused cost 2.110 ms
DEBUG 04-24 11:15:55.206772.206772 cuda_h.py:27] end wait_experts_multi_device cost 1.997 ms
DEBUG 04-24 11:15:55.206708.206708 cuda_h.py:27] end *before fused experts* cost 28.201 ms
DEBUG 04-24 11:15:55.211443.211443 cuda_h.py:27] end gpu_experts_multi_device_fused cost 4.895 ms
DEBUG 04-24 11:15:55.211889.211889 cuda_h.py:27] end *gpu experts* cost 33.213 ms
DEBUG 04-24 11:15:55.211799.211799 cuda_h.py:27] end layer_moe_generate_mp_multi_device_fused_l_16 cost 35.999 ms
DEBUG 04-24 11:15:55.213577.213577 cuda_h.py:27] end *mlp cost 37.485 ms
DEBUG 04-24 11:15:55.213747.213747 cuda_h.py:27] end prefill_layer cost 40.456 ms
DEBUG 04-24 11:15:55.213165.213165 lmp.py:341] -------------------------------- end prefill layer 15 --------------------------------
DEBUG 04-24 11:15:55.213564.213564 lmp.py:294] -------------------------------- start prefill layer 16 --------------------------------
DEBUG 04-24 11:15:55.214167.214167 cuda_h.py:27] end start_load_qkvogn_s_weight_l_17 cost 0.047 ms
DEBUG 04-24 11:15:55.214686.214686 cuda_h.py:27] end allocate_cuda_memory cost 0.175 ms
DEBUG 04-24 11:15:55.214957.214957 sllm_store_c.py:27] get device uuid map
DEBUG 04-24 11:15:55.214824.214824 sllm_store_c.py:29] call client load into gpu
DEBUG 04-24 11:15:55.216687.216687 cuda_h.py:27] end load_into_gpu_async cost 1.626 ms
DEBUG 04-24 11:15:55.216249.216249 cuda_h.py:27] end restore_tensors2 cost 0.094 ms
DEBUG 04-24 11:15:55.216508.216508 cuda_h.py:27] end allocate_cuda_memory_and_load_into_gpu cost 2.410 ms
DEBUG 04-24 11:15:55.216003.216003 cuda_h.py:27] end **self_attn cost 1.636 ms
DEBUG 04-24 11:15:55.217741.217741 cuda_h.py:27] end *iln_self_attn_paln cost 3.149 ms
DEBUG 04-24 11:15:55.217768.217768 cuda_h.py:27] end gate cost 0.544 ms
DEBUG 04-24 11:15:55.218834.218834 cuda_h.py:27] end experts_map_get cost 0.313 ms
DEBUG 04-24 11:15:55.218717.218717 cuda_h.py:27] end *before experts start* cost 1.008 ms
DEBUG 04-24 11:15:55.218633.218633 cuda_h.py:27] end cpu_experts_submit_fused_mp cost 0.225 ms
DEBUG 04-24 11:15:55.219942.219942 cuda_h.py:27] end *single cpu experts* cost 1.151 ms
DEBUG 04-24 11:15:55.221606.221606 sllm_store_c.py:27] get device uuid map
DEBUG 04-24 11:15:55.221085.221085 sllm_store_c.py:29] call client load into gpu
DEBUG 04-24 11:15:55.221606.221606 cuda_h.py:27] end prepare_group_stack cost 0.501 ms
DEBUG 04-24 11:15:55.221368.221368 cuda_h.py:27] end prepare_group_stack cost 0.593 ms
DEBUG 04-24 11:15:55.221933.221933 cuda_h.py:27] end prepare_group_stack cost 0.578 ms
DEBUG 04-24 11:15:55.221969.221969 cuda_h.py:27] end prepare_group_stack cost 0.571 ms
DEBUG 04-24 11:15:55.222990.222990 cuda_h.py:27] end group stack cost 0.669 ms
DEBUG 04-24 11:15:55.222610.222610 cuda_h.py:27] end move_flatidxs_group_fused_mp cost 1.446 ms
DEBUG 04-24 11:15:55.222295.222295 cuda_h.py:27] end get_fused_experts_names_w cost 0.027 ms
DEBUG 04-24 11:15:55.222171.222171 cuda_h.py:27] end group stack cost 1.061 ms
DEBUG 04-24 11:15:55.223907.223907 cuda_h.py:27] end move_flatidxs_group_fused_mp cost 1.989 ms
DEBUG 04-24 11:15:55.223757.223757 cuda_h.py:27] end get_fused_experts_names_w cost 0.020 ms
DEBUG 04-24 11:15:55.223469.223469 cuda_h.py:27] end group stack cost 1.496 ms
DEBUG 04-24 11:15:55.223562.223562 cuda_h.py:27] end group stack cost 1.185 ms
DEBUG 04-24 11:15:55.223784.223784 cuda_h.py:27] end move_flatidxs_group_fused_mp cost 2.356 ms
DEBUG 04-24 11:15:55.223818.223818 cuda_h.py:27] end move_flatidxs_group_fused_mp cost 2.240 ms
DEBUG 04-24 11:15:55.223092.223092 cuda_h.py:27] end get_fused_experts_names_w cost 0.027 ms
DEBUG 04-24 11:15:55.223310.223310 cuda_h.py:27] end restore_fused_tensors cost 0.653 ms
DEBUG 04-24 11:15:55.223893.223893 cuda_h.py:27] end group_fused_tensors_mp cost 1.104 ms
DEBUG 04-24 11:15:55.223178.223178 cuda_h.py:27] end get_fused_experts_names_w cost 0.026 ms
DEBUG 04-24 11:15:55.223144.223144 cuda_h.py:27] end restore_fused_tensors cost 0.483 ms
DEBUG 04-24 11:15:55.223267.223267 cuda_h.py:27] end group_fused_tensors_mp cost 0.819 ms
DEBUG 04-24 11:15:55.224610.224610 cuda_h.py:27] end restore_fused_tensors cost 0.651 ms
DEBUG 04-24 11:15:55.224533.224533 cuda_h.py:27] end group_fused_tensors_mp cost 0.953 ms
DEBUG 04-24 11:15:55.224595.224595 cuda_h.py:27] end restore_fused_tensors cost 0.698 ms
DEBUG 04-24 11:15:55.224534.224534 cuda_h.py:27] end group_fused_tensors_mp cost 1.171 ms
DEBUG 04-24 11:15:55.229213.229213 cuda_h.py:27] end restore2model cost 1.009 ms
DEBUG 04-24 11:15:55.229685.229685 cuda_h.py:27] end sllm_worker_task cost 15.431 ms
DEBUG 04-24 11:15:55.231629.231629 cuda_h.py:27] end load_into_gpu_async_fused_experts_dual cost 10.191 ms
DEBUG 04-24 11:15:55.231010.231010 cuda_h.py:27] end restore_tensors2_fused_experts_packed cost 0.164 ms
DEBUG 04-24 11:15:55.232571.232571 cuda_h.py:27] end restore_tensors2_fused_experts_slices cost 0.414 ms
DEBUG 04-24 11:15:55.232344.232344 cuda_h.py:27] end allocate_experts_cuda_memory_and_restore_model_multi_device_fused cost 13.117 ms
DEBUG 04-24 11:15:55.232643.232643 cuda_h.py:27] end gpu_sexperts cost 0.008 ms
DEBUG 04-24 11:15:55.232168.232168 cuda_h.py:27] end wait_load_qkvogn_s_weight cost 0.019 ms
DEBUG 04-24 11:15:55.236464.236464 mlpmodule.py:3373] [fused_group_bmm][steps] bmm1=7.397 ms split=0.126 ms act_mul=0.797 ms bmm2=4.750 ms
DEBUG 04-24 11:15:55.237891.237891 cuda_h.py:27] end fused_group_bmm cost 13.458 ms
DEBUG 04-24 11:15:55.237911.237911 mlpmodule.py:3373] [fused_group_bmm][steps] bmm1=8.299 ms split=0.101 ms act_mul=0.393 ms bmm2=4.354 ms
DEBUG 04-24 11:15:55.237362.237362 cuda_h.py:27] end fused_group_bmm cost 13.407 ms
DEBUG 04-24 11:15:55.237693.237693 cuda_h.py:27] end gather_outputs_group_fused_mp cost 0.534 ms
DEBUG 04-24 11:15:55.238345.238345 cuda_h.py:27] end gather_outputs_group_fused_mp cost 0.455 ms
DEBUG 04-24 11:15:55.238317.238317 cuda_h.py:27] end cpu_experts_worker_bmm_or_einsum_0 cost 18.270 ms
DEBUG 04-24 11:15:55.238370.238370 mlpmodule.py:3373] [fused_group_bmm][steps] bmm1=8.333 ms split=0.091 ms act_mul=0.331 ms bmm2=5.173 ms
DEBUG 04-24 11:15:55.238055.238055 mlpmodule.py:3373] [fused_group_bmm][steps] bmm1=8.409 ms split=0.111 ms act_mul=0.363 ms bmm2=4.705 ms
DEBUG 04-24 11:15:55.238775.238775 cuda_h.py:27] end fused_group_bmm cost 14.190 ms
DEBUG 04-24 11:15:55.238114.238114 cuda_h.py:27] end fused_group_bmm cost 13.801 ms
DEBUG 04-24 11:15:55.238303.238303 cuda_h.py:27] end cpu_experts_worker_bmm_or_einsum_3 cost 18.655 ms
DEBUG 04-24 11:15:55.239824.239824 cuda_h.py:27] end gather_outputs_group_fused_mp cost 0.400 ms
DEBUG 04-24 11:15:55.239084.239084 cuda_h.py:27] end gather_outputs_group_fused_mp cost 0.491 ms
DEBUG 04-24 11:15:55.239021.239021 cuda_h.py:27] end cpu_experts_worker_bmm_or_einsum_1 cost 19.498 ms
DEBUG 04-24 11:15:55.240182.240182 cuda_h.py:27] end cpu_experts_worker_bmm_or_einsum_2 cost 19.819 ms
DEBUG 04-24 11:15:55.246058.246058 cuda_h.py:27] end prepare_per_device_parameters cost 13.658 ms
DEBUG 04-24 11:15:55.249768.249768 cuda_h.py:27] end cpu_experts_scatter_reduce cost 0.621 ms
DEBUG 04-24 11:15:55.249168.249168 cuda_h.py:27] end cpu_thread_manager_mp_wait_fused cost 2.390 ms
DEBUG 04-24 11:15:55.252811.252811 cuda_h.py:27] end wait_experts_multi_device cost 2.928 ms
DEBUG 04-24 11:15:55.252568.252568 cuda_h.py:27] end *before fused experts* cost 32.670 ms
DEBUG 04-24 11:15:55.256539.256539 cuda_h.py:27] end gpu_experts_multi_device_fused cost 4.050 ms
DEBUG 04-24 11:15:55.256939.256939 cuda_h.py:27] end *gpu experts* cost 36.841 ms
DEBUG 04-24 11:15:55.256564.256564 cuda_h.py:27] end layer_moe_generate_mp_multi_device_fused_l_17 cost 39.166 ms
DEBUG 04-24 11:15:55.257391.257391 cuda_h.py:27] end *mlp cost 40.512 ms
DEBUG 04-24 11:15:55.257117.257117 cuda_h.py:27] end prefill_layer cost 43.981 ms
DEBUG 04-24 11:15:55.257680.257680 lmp.py:341] -------------------------------- end prefill layer 16 --------------------------------
DEBUG 04-24 11:15:55.257774.257774 lmp.py:294] -------------------------------- start prefill layer 17 --------------------------------
DEBUG 04-24 11:15:55.257512.257512 cuda_h.py:27] end start_load_qkvogn_s_weight_l_18 cost 0.045 ms
DEBUG 04-24 11:15:55.258696.258696 cuda_h.py:27] end allocate_cuda_memory cost 0.256 ms
DEBUG 04-24 11:15:55.258306.258306 sllm_store_c.py:27] get device uuid map
DEBUG 04-24 11:15:55.258706.258706 sllm_store_c.py:29] call client load into gpu
DEBUG 04-24 11:15:55.260578.260578 cuda_h.py:27] end load_into_gpu_async cost 1.813 ms
DEBUG 04-24 11:15:55.260711.260711 cuda_h.py:27] end restore_tensors2 cost 0.121 ms
DEBUG 04-24 11:15:55.260578.260578 cuda_h.py:27] end **self_attn cost 2.007 ms
DEBUG 04-24 11:15:55.260610.260610 cuda_h.py:27] end allocate_cuda_memory_and_load_into_gpu cost 2.861 ms
DEBUG 04-24 11:15:55.261705.261705 cuda_h.py:27] end *iln_self_attn_paln cost 3.255 ms
DEBUG 04-24 11:15:55.262158.262158 cuda_h.py:27] end gate cost 0.553 ms
DEBUG 04-24 11:15:55.262674.262674 cuda_h.py:27] end experts_map_get cost 0.292 ms
DEBUG 04-24 11:15:55.262677.262677 cuda_h.py:27] end *before experts start* cost 1.016 ms
DEBUG 04-24 11:15:55.262824.262824 cuda_h.py:27] end cpu_experts_submit_fused_mp cost 0.216 ms
DEBUG 04-24 11:15:55.263912.263912 cuda_h.py:27] end *single cpu experts* cost 1.260 ms
DEBUG 04-24 11:15:55.265172.265172 cuda_h.py:27] end prepare_group_stack cost 0.453 ms
DEBUG 04-24 11:15:55.265466.265466 cuda_h.py:27] end prepare_group_stack cost 0.502 ms
DEBUG 04-24 11:15:55.265861.265861 cuda_h.py:27] end prepare_group_stack cost 0.580 ms
DEBUG 04-24 11:15:55.266451.266451 sllm_store_c.py:27] get device uuid map
DEBUG 04-24 11:15:55.266536.266536 sllm_store_c.py:29] call client load into gpu
DEBUG 04-24 11:15:55.266807.266807 cuda_h.py:27] end group stack cost 0.850 ms
DEBUG 04-24 11:15:55.266152.266152 cuda_h.py:27] end group stack cost 0.785 ms
DEBUG 04-24 11:15:55.266433.266433 cuda_h.py:27] end move_flatidxs_group_fused_mp cost 1.521 ms
DEBUG 04-24 11:15:55.266480.266480 cuda_h.py:27] end move_flatidxs_group_fused_mp cost 1.543 ms
DEBUG 04-24 11:15:55.266767.266767 cuda_h.py:27] end get_fused_experts_names_w cost 0.022 ms
DEBUG 04-24 11:15:55.266417.266417 cuda_h.py:27] end get_fused_experts_names_w cost 0.032 ms
DEBUG 04-24 11:15:55.266869.266869 cuda_h.py:27] end prepare_group_stack cost 0.651 ms
DEBUG 04-24 11:15:55.267957.267957 cuda_h.py:27] end group stack cost 1.097 ms
DEBUG 04-24 11:15:55.267029.267029 cuda_h.py:27] end move_flatidxs_group_fused_mp cost 2.277 ms
DEBUG 04-24 11:15:55.267502.267502 cuda_h.py:27] end get_fused_experts_names_w cost 0.022 ms
DEBUG 04-24 11:15:55.267035.267035 cuda_h.py:27] end restore_fused_tensors cost 0.526 ms
DEBUG 04-24 11:15:55.267990.267990 cuda_h.py:27] end group_fused_tensors_mp cost 1.137 ms
DEBUG 04-24 11:15:55.267605.267605 cuda_h.py:27] end restore_fused_tensors cost 0.720 ms
DEBUG 04-24 11:15:55.267078.267078 cuda_h.py:27] end group_fused_tensors_mp cost 1.192 ms
DEBUG 04-24 11:15:55.268859.268859 cuda_h.py:27] end restore_fused_tensors cost 0.476 ms
DEBUG 04-24 11:15:55.268478.268478 cuda_h.py:27] end restore2model cost 0.642 ms
DEBUG 04-24 11:15:55.268768.268768 cuda_h.py:27] end group_fused_tensors_mp cost 1.064 ms
DEBUG 04-24 11:15:55.268497.268497 cuda_h.py:27] end sllm_worker_task cost 10.576 ms
DEBUG 04-24 11:15:55.268062.268062 cuda_h.py:27] end group stack cost 1.649 ms
DEBUG 04-24 11:15:55.268430.268430 cuda_h.py:27] end load_into_gpu_async_fused_experts_dual cost 2.937 ms
DEBUG 04-24 11:15:55.269854.269854 cuda_h.py:27] end move_flatidxs_group_fused_mp cost 3.020 ms
DEBUG 04-24 11:15:55.269076.269076 cuda_h.py:27] end restore_tensors2_fused_experts_packed cost 0.109 ms
DEBUG 04-24 11:15:55.269887.269887 cuda_h.py:27] end get_fused_experts_names_w cost 0.036 ms
DEBUG 04-24 11:15:55.270683.270683 cuda_h.py:27] end restore_tensors2_fused_experts_slices cost 0.455 ms
DEBUG 04-24 11:15:55.270016.270016 cuda_h.py:27] end allocate_experts_cuda_memory_and_restore_model_multi_device_fused cost 6.398 ms
DEBUG 04-24 11:15:55.270655.270655 cuda_h.py:27] end gpu_sexperts cost 0.018 ms
DEBUG 04-24 11:15:55.270554.270554 cuda_h.py:27] end wait_load_qkvogn_s_weight cost 0.054 ms
DEBUG 04-24 11:15:55.270236.270236 cuda_h.py:27] end restore_fused_tensors cost 0.832 ms
DEBUG 04-24 11:15:55.270005.270005 cuda_h.py:27] end group_fused_tensors_mp cost 1.391 ms
DEBUG 04-24 11:15:55.278934.278934 mlpmodule.py:3373] [fused_group_bmm][steps] bmm1=6.001 ms split=0.148 ms act_mul=0.475 ms bmm2=3.768 ms
DEBUG 04-24 11:15:55.279636.279636 cuda_h.py:27] end fused_group_bmm cost 10.803 ms
DEBUG 04-24 11:15:55.279140.279140 cuda_h.py:27] end gather_outputs_group_fused_mp cost 0.553 ms
DEBUG 04-24 11:15:55.280208.280208 cuda_h.py:27] end cpu_experts_worker_bmm_or_einsum_0 cost 16.460 ms
DEBUG 04-24 11:15:55.282213.282213 mlpmodule.py:3373] [fused_group_bmm][steps] bmm1=8.697 ms split=0.189 ms act_mul=0.434 ms bmm2=5.314 ms
DEBUG 04-24 11:15:55.282193.282193 cuda_h.py:27] end fused_group_bmm cost 14.864 ms
DEBUG 04-24 11:15:55.283909.283909 cuda_h.py:27] end gather_outputs_group_fused_mp cost 0.380 ms
DEBUG 04-24 11:15:55.283316.283316 cuda_h.py:27] end cpu_experts_worker_bmm_or_einsum_1 cost 19.668 ms
DEBUG 04-24 11:15:55.285076.285076 mlpmodule.py:3373] [fused_group_bmm][steps] bmm1=9.880 ms split=0.142 ms act_mul=0.463 ms bmm2=6.042 ms
DEBUG 04-24 11:15:55.285242.285242 cuda_h.py:27] end fused_group_bmm cost 16.790 ms
DEBUG 04-24 11:15:55.286187.286187 cuda_h.py:27] end gather_outputs_group_fused_mp cost 0.471 ms
DEBUG 04-24 11:15:55.286027.286027 cuda_h.py:27] end cpu_experts_worker_bmm_or_einsum_2 cost 22.492 ms
DEBUG 04-24 11:15:55.286150.286150 cuda_h.py:27] end prepare_per_device_parameters cost 16.021 ms
DEBUG 04-24 11:15:55.288916.288916 mlpmodule.py:3373] [fused_group_bmm][steps] bmm1=11.544 ms split=0.103 ms act_mul=0.405 ms bmm2=4.785 ms
DEBUG 04-24 11:15:55.288677.288677 cuda_h.py:27] end fused_group_bmm cost 17.036 ms
DEBUG 04-24 11:15:55.288560.288560 cuda_h.py:27] end gather_outputs_group_fused_mp cost 0.415 ms
DEBUG 04-24 11:15:55.289848.289848 cuda_h.py:27] end cpu_experts_worker_bmm_or_einsum_3 cost 24.273 ms
DEBUG 04-24 11:15:55.291843.291843 cuda_h.py:27] end cpu_experts_scatter_reduce cost 0.625 ms
DEBUG 04-24 11:15:55.291799.291799 cuda_h.py:27] end cpu_thread_manager_mp_wait_fused cost 3.989 ms
DEBUG 04-24 11:15:55.292067.292067 cuda_h.py:27] end wait_experts_multi_device cost 1.461 ms
DEBUG 04-24 11:15:55.292056.292056 cuda_h.py:27] end *before fused experts* cost 28.771 ms
DEBUG 04-24 11:15:55.296581.296581 cuda_h.py:27] end gpu_experts_multi_device_fused cost 3.967 ms
DEBUG 04-24 11:15:55.296120.296120 cuda_h.py:27] end *gpu experts* cost 32.855 ms
DEBUG 04-24 11:15:55.296898.296898 cuda_h.py:27] end layer_moe_generate_mp_multi_device_fused_l_18 cost 35.308 ms
DEBUG 04-24 11:15:55.298574.298574 cuda_h.py:27] end *mlp cost 36.508 ms
DEBUG 04-24 11:15:55.298385.298385 cuda_h.py:27] end prefill_layer cost 40.196 ms
DEBUG 04-24 11:15:55.298519.298519 lmp.py:341] -------------------------------- end prefill layer 17 --------------------------------
DEBUG 04-24 11:15:55.298508.298508 lmp.py:294] -------------------------------- start prefill layer 18 --------------------------------
DEBUG 04-24 11:15:55.298584.298584 cuda_h.py:27] end start_load_qkvogn_s_weight_l_19 cost 0.048 ms
DEBUG 04-24 11:15:55.298258.298258 cuda_h.py:27] end allocate_cuda_memory cost 0.225 ms
DEBUG 04-24 11:15:55.299508.299508 sllm_store_c.py:27] get device uuid map
DEBUG 04-24 11:15:55.299534.299534 sllm_store_c.py:29] call client load into gpu
DEBUG 04-24 11:15:55.300877.300877 cuda_h.py:27] end load_into_gpu_async cost 1.536 ms
DEBUG 04-24 11:15:55.300585.300585 cuda_h.py:27] end restore_tensors2 cost 0.098 ms
DEBUG 04-24 11:15:55.301364.301364 cuda_h.py:27] end allocate_cuda_memory_and_load_into_gpu cost 2.474 ms
DEBUG 04-24 11:15:55.301518.301518 cuda_h.py:27] end **self_attn cost 2.085 ms
DEBUG 04-24 11:15:55.301858.301858 cuda_h.py:27] end *iln_self_attn_paln cost 3.315 ms
DEBUG 04-24 11:15:55.302105.302105 cuda_h.py:27] end gate cost 0.566 ms
DEBUG 04-24 11:15:55.302032.302032 cuda_h.py:27] end experts_map_get cost 0.308 ms
DEBUG 04-24 11:15:55.302630.302630 cuda_h.py:27] end *before experts start* cost 1.034 ms
DEBUG 04-24 11:15:55.303771.303771 cuda_h.py:27] end cpu_experts_submit_fused_mp cost 0.215 ms
DEBUG 04-24 11:15:55.304528.304528 cuda_h.py:27] end *single cpu experts* cost 1.260 ms
DEBUG 04-24 11:15:55.305864.305864 cuda_h.py:27] end prepare_group_stack cost 0.425 ms
DEBUG 04-24 11:15:55.306916.306916 cuda_h.py:27] end group stack cost 0.682 ms
DEBUG 04-24 11:15:55.306105.306105 cuda_h.py:27] end move_flatidxs_group_fused_mp cost 1.323 ms
DEBUG 04-24 11:15:55.306638.306638 cuda_h.py:27] end get_fused_experts_names_w cost 0.024 ms
DEBUG 04-24 11:15:55.306515.306515 cuda_h.py:27] end prepare_group_stack cost 0.497 ms
DEBUG 04-24 11:15:55.306199.306199 cuda_h.py:27] end prepare_group_stack cost 0.468 ms
DEBUG 04-24 11:15:55.306936.306936 cuda_h.py:27] end prepare_group_stack cost 0.533 ms
DEBUG 04-24 11:15:55.306811.306811 sllm_store_c.py:27] get device uuid map
DEBUG 04-24 11:15:55.307349.307349 sllm_store_c.py:29] call client load into gpu
DEBUG 04-24 11:15:55.307489.307489 cuda_h.py:27] end restore_fused_tensors cost 0.694 ms
DEBUG 04-24 11:15:55.307154.307154 cuda_h.py:27] end group_fused_tensors_mp cost 1.005 ms
DEBUG 04-24 11:15:55.307216.307216 cuda_h.py:27] end group stack cost 1.018 ms
DEBUG 04-24 11:15:55.307965.307965 cuda_h.py:27] end group stack cost 1.055 ms
DEBUG 04-24 11:15:55.307305.307305 cuda_h.py:27] end move_flatidxs_group_fused_mp cost 1.686 ms
DEBUG 04-24 11:15:55.308802.308802 cuda_h.py:27] end move_flatidxs_group_fused_mp cost 1.780 ms
DEBUG 04-24 11:15:55.308652.308652 cuda_h.py:27] end get_fused_experts_names_w cost 0.024 ms
DEBUG 04-24 11:15:55.308235.308235 cuda_h.py:27] end get_fused_experts_names_w cost 0.024 ms
DEBUG 04-24 11:15:55.308237.308237 cuda_h.py:27] end group stack cost 1.229 ms
DEBUG 04-24 11:15:55.308074.308074 cuda_h.py:27] end move_flatidxs_group_fused_mp cost 2.303 ms
DEBUG 04-24 11:15:55.308664.308664 cuda_h.py:27] end get_fused_experts_names_w cost 0.029 ms
DEBUG 04-24 11:15:55.308422.308422 cuda_h.py:27] end restore_fused_tensors cost 0.618 ms
DEBUG 04-24 11:15:55.308204.308204 cuda_h.py:27] end restore_fused_tensors cost 0.641 ms
DEBUG 04-24 11:15:55.309409.309409 cuda_h.py:27] end group_fused_tensors_mp cost 1.070 ms
DEBUG 04-24 11:15:55.309099.309099 cuda_h.py:27] end group_fused_tensors_mp cost 1.093 ms
DEBUG 04-24 11:15:55.309369.309369 cuda_h.py:27] end restore2model cost 0.783 ms
DEBUG 04-24 11:15:55.309010.309010 cuda_h.py:27] end sllm_worker_task cost 10.890 ms
DEBUG 04-24 11:15:55.309644.309644 cuda_h.py:27] end load_into_gpu_async_fused_experts_dual cost 2.721 ms
DEBUG 04-24 11:15:55.309975.309975 cuda_h.py:27] end restore_fused_tensors cost 0.672 ms
DEBUG 04-24 11:15:55.309270.309270 cuda_h.py:27] end group_fused_tensors_mp cost 1.111 ms
DEBUG 04-24 11:15:55.309882.309882 cuda_h.py:27] end restore_tensors2_fused_experts_packed cost 0.123 ms
DEBUG 04-24 11:15:55.310314.310314 cuda_h.py:27] end restore_tensors2_fused_experts_slices cost 0.488 ms
DEBUG 04-24 11:15:55.310718.310718 cuda_h.py:27] end allocate_experts_cuda_memory_and_restore_model_multi_device_fused cost 6.606 ms
DEBUG 04-24 11:15:55.310124.310124 cuda_h.py:27] end gpu_sexperts cost 0.014 ms
DEBUG 04-24 11:15:55.311455.311455 cuda_h.py:27] end wait_load_qkvogn_s_weight cost 0.039 ms
DEBUG 04-24 11:15:55.316765.316765 mlpmodule.py:3373] [fused_group_bmm][steps] bmm1=4.583 ms split=0.157 ms act_mul=0.480 ms bmm2=3.507 ms
DEBUG 04-24 11:15:55.316241.316241 cuda_h.py:27] end fused_group_bmm cost 9.199 ms
DEBUG 04-24 11:15:55.317701.317701 cuda_h.py:27] end gather_outputs_group_fused_mp cost 0.625 ms
DEBUG 04-24 11:15:55.318664.318664 cuda_h.py:27] end cpu_experts_worker_bmm_or_einsum_0 cost 14.029 ms
DEBUG 04-24 11:15:55.322626.322626 mlpmodule.py:3373] [fused_group_bmm][steps] bmm1=8.804 ms split=0.098 ms act_mul=0.372 ms bmm2=3.357 ms
DEBUG 04-24 11:15:55.322275.322275 cuda_h.py:27] end fused_group_bmm cost 12.859 ms
DEBUG 04-24 11:15:55.322641.322641 cuda_h.py:27] end gather_outputs_group_fused_mp cost 0.403 ms
DEBUG 04-24 11:15:55.323085.323085 cuda_h.py:27] end cpu_experts_worker_bmm_or_einsum_1 cost 18.465 ms
DEBUG 04-24 11:15:55.325741.325741 mlpmodule.py:3373] [fused_group_bmm][steps] bmm1=10.374 ms split=0.142 ms act_mul=0.399 ms bmm2=4.358 ms
DEBUG 04-24 11:15:55.325191.325191 cuda_h.py:27] end fused_group_bmm cost 15.494 ms
DEBUG 04-24 11:15:55.326598.326598 cuda_h.py:27] end gather_outputs_group_fused_mp cost 0.412 ms
DEBUG 04-24 11:15:55.326037.326037 mlpmodule.py:3373] [fused_group_bmm][steps] bmm1=11.351 ms split=0.157 ms act_mul=0.400 ms bmm2=5.104 ms
DEBUG 04-24 11:15:55.326749.326749 cuda_h.py:27] end fused_group_bmm cost 17.322 ms
DEBUG 04-24 11:15:55.326894.326894 cuda_h.py:27] end cpu_experts_worker_bmm_or_einsum_3 cost 21.663 ms
DEBUG 04-24 11:15:55.327419.327419 cuda_h.py:27] end gather_outputs_group_fused_mp cost 0.462 ms
DEBUG 04-24 11:15:55.327451.327451 cuda_h.py:27] end cpu_experts_worker_bmm_or_einsum_2 cost 22.719 ms
DEBUG 04-24 11:15:55.329379.329379 cuda_h.py:27] end prepare_per_device_parameters cost 18.031 ms
DEBUG 04-24 11:15:55.331924.331924 cuda_h.py:27] end cpu_experts_scatter_reduce cost 0.662 ms
DEBUG 04-24 11:15:55.331085.331085 cuda_h.py:27] end cpu_thread_manager_mp_wait_fused cost 2.199 ms
DEBUG 04-24 11:15:55.333795.333795 cuda_h.py:27] end wait_experts_multi_device cost 1.562 ms
DEBUG 04-24 11:15:55.333740.333740 cuda_h.py:27] end *before fused experts* cost 29.408 ms
DEBUG 04-24 11:15:55.337849.337849 cuda_h.py:27] end gpu_experts_multi_device_fused cost 3.970 ms
DEBUG 04-24 11:15:55.337560.337560 cuda_h.py:27] end *gpu experts* cost 33.533 ms
DEBUG 04-24 11:15:55.337595.337595 cuda_h.py:27] end layer_moe_generate_mp_multi_device_fused_l_19 cost 35.981 ms
DEBUG 04-24 11:15:55.339656.339656 cuda_h.py:27] end *mlp cost 37.603 ms
DEBUG 04-24 11:15:55.339931.339931 cuda_h.py:27] end prefill_layer cost 41.112 ms
DEBUG 04-24 11:15:55.339872.339872 lmp.py:341] -------------------------------- end prefill layer 18 --------------------------------
DEBUG 04-24 11:15:55.339807.339807 lmp.py:294] -------------------------------- start prefill layer 19 --------------------------------
DEBUG 04-24 11:15:55.339903.339903 cuda_h.py:27] end start_load_qkvogn_s_weight_l_20 cost 0.061 ms
DEBUG 04-24 11:15:55.340948.340948 cuda_h.py:27] end allocate_cuda_memory cost 0.261 ms
DEBUG 04-24 11:15:55.340722.340722 sllm_store_c.py:27] get device uuid map
DEBUG 04-24 11:15:55.340100.340100 sllm_store_c.py:29] call client load into gpu
DEBUG 04-24 11:15:55.341268.341268 cuda_h.py:27] end load_into_gpu_async cost 1.666 ms
DEBUG 04-24 11:15:55.342783.342783 cuda_h.py:27] end restore_tensors2 cost 0.097 ms
DEBUG 04-24 11:15:55.342203.342203 cuda_h.py:27] end allocate_cuda_memory_and_load_into_gpu cost 2.591 ms
DEBUG 04-24 11:15:55.342563.342563 cuda_h.py:27] end **self_attn cost 1.833 ms
DEBUG 04-24 11:15:55.342407.342407 cuda_h.py:27] end *iln_self_attn_paln cost 3.260 ms
DEBUG 04-24 11:15:55.343619.343619 cuda_h.py:27] end gate cost 0.540 ms
DEBUG 04-24 11:15:55.343162.343162 cuda_h.py:27] end experts_map_get cost 0.314 ms
DEBUG 04-24 11:15:55.343283.343283 cuda_h.py:27] end *before experts start* cost 1.005 ms
DEBUG 04-24 11:15:55.344298.344298 cuda_h.py:27] end cpu_experts_submit_fused_mp cost 0.192 ms
DEBUG 04-24 11:15:55.345445.345445 cuda_h.py:27] end *single cpu experts* cost 1.246 ms
DEBUG 04-24 11:15:55.347044.347044 cuda_h.py:27] end prepare_group_stack cost 0.443 ms
DEBUG 04-24 11:15:55.347062.347062 cuda_h.py:27] end prepare_group_stack cost 0.519 ms
DEBUG 04-24 11:15:55.347698.347698 cuda_h.py:27] end prepare_group_stack cost 0.568 ms
DEBUG 04-24 11:15:55.347675.347675 sllm_store_c.py:27] get device uuid map
DEBUG 04-24 11:15:55.347585.347585 sllm_store_c.py:29] call client load into gpu
DEBUG 04-24 11:15:55.347475.347475 cuda_h.py:27] end group stack cost 0.689 ms
DEBUG 04-24 11:15:55.348470.348470 cuda_h.py:27] end move_flatidxs_group_fused_mp cost 1.516 ms
DEBUG 04-24 11:15:55.348185.348185 cuda_h.py:27] end prepare_group_stack cost 0.522 ms
DEBUG 04-24 11:15:55.348259.348259 cuda_h.py:27] end get_fused_experts_names_w cost 0.026 ms
DEBUG 04-24 11:15:55.348028.348028 cuda_h.py:27] end group stack cost 0.965 ms
DEBUG 04-24 11:15:55.348661.348661 cuda_h.py:27] end move_flatidxs_group_fused_mp cost 2.036 ms
DEBUG 04-24 11:15:55.348425.348425 cuda_h.py:27] end get_fused_experts_names_w cost 0.018 ms
DEBUG 04-24 11:15:55.348775.348775 cuda_h.py:27] end group stack cost 1.357 ms
DEBUG 04-24 11:15:55.348670.348670 cuda_h.py:27] end restore_fused_tensors cost 0.570 ms
DEBUG 04-24 11:15:55.348922.348922 cuda_h.py:27] end group stack cost 0.626 ms
DEBUG 04-24 11:15:55.349759.349759 cuda_h.py:27] end group_fused_tensors_mp cost 0.714 ms
DEBUG 04-24 11:15:55.349799.349799 cuda_h.py:27] end move_flatidxs_group_fused_mp cost 2.383 ms
DEBUG 04-24 11:15:55.349859.349859 cuda_h.py:27] end move_flatidxs_group_fused_mp cost 1.495 ms
DEBUG 04-24 11:15:55.349694.349694 cuda_h.py:27] end get_fused_experts_names_w cost 0.022 ms
DEBUG 04-24 11:15:55.349932.349932 cuda_h.py:27] end get_fused_experts_names_w cost 0.028 ms
DEBUG 04-24 11:15:55.349133.349133 cuda_h.py:27] end restore_fused_tensors cost 0.367 ms
DEBUG 04-24 11:15:55.349044.349044 cuda_h.py:27] end group_fused_tensors_mp cost 0.724 ms
DEBUG 04-24 11:15:55.349846.349846 cuda_h.py:27] end restore2model cost 0.635 ms
DEBUG 04-24 11:15:55.349888.349888 cuda_h.py:27] end sllm_worker_task cost 10.194 ms
DEBUG 04-24 11:15:55.349618.349618 cuda_h.py:27] end restore_fused_tensors cost 0.550 ms
DEBUG 04-24 11:15:55.350130.350130 cuda_h.py:27] end group_fused_tensors_mp cost 0.805 ms
DEBUG 04-24 11:15:55.350083.350083 cuda_h.py:27] end load_into_gpu_async_fused_experts_dual cost 2.689 ms
DEBUG 04-24 11:15:55.350702.350702 cuda_h.py:27] end restore_fused_tensors cost 0.661 ms
DEBUG 04-24 11:15:55.350570.350570 cuda_h.py:27] end group_fused_tensors_mp cost 1.098 ms
DEBUG 04-24 11:15:55.350409.350409 cuda_h.py:27] end restore_tensors2_fused_experts_packed cost 0.141 ms
DEBUG 04-24 11:15:55.350162.350162 cuda_h.py:27] end restore_tensors2_fused_experts_slices cost 0.389 ms
DEBUG 04-24 11:15:55.351711.351711 cuda_h.py:27] end allocate_experts_cuda_memory_and_restore_model_multi_device_fused cost 5.891 ms
DEBUG 04-24 11:15:55.351951.351951 cuda_h.py:27] end gpu_sexperts cost 0.009 ms
DEBUG 04-24 11:15:55.351120.351120 cuda_h.py:27] end wait_load_qkvogn_s_weight cost 0.028 ms
DEBUG 04-24 11:15:55.358262.358262 mlpmodule.py:3373] [fused_group_bmm][steps] bmm1=4.851 ms split=0.166 ms act_mul=0.457 ms bmm2=3.709 ms
DEBUG 04-24 11:15:55.358955.358955 cuda_h.py:27] end fused_group_bmm cost 9.569 ms
DEBUG 04-24 11:15:55.359723.359723 cuda_h.py:27] end gather_outputs_group_fused_mp cost 0.506 ms
DEBUG 04-24 11:15:55.360680.360680 cuda_h.py:27] end cpu_experts_worker_bmm_or_einsum_0 cost 14.615 ms
DEBUG 04-24 11:15:55.364684.364684 mlpmodule.py:3373] [fused_group_bmm][steps] bmm1=9.007 ms split=0.186 ms act_mul=0.463 ms bmm2=5.337 ms
DEBUG 04-24 11:15:55.364579.364579 cuda_h.py:27] end fused_group_bmm cost 15.281 ms
DEBUG 04-24 11:15:55.364267.364267 mlpmodule.py:3373] [fused_group_bmm][steps] bmm1=10.131 ms split=0.092 ms act_mul=0.448 ms bmm2=3.736 ms
DEBUG 04-24 11:15:55.364419.364419 cuda_h.py:27] end fused_group_bmm cost 14.619 ms
DEBUG 04-24 11:15:55.365641.365641 cuda_h.py:27] end gather_outputs_group_fused_mp cost 0.414 ms
DEBUG 04-24 11:15:55.365757.365757 cuda_h.py:27] end gather_outputs_group_fused_mp cost 0.348 ms
DEBUG 04-24 11:15:55.365280.365280 cuda_h.py:27] end cpu_experts_worker_bmm_or_einsum_1 cost 19.500 ms
DEBUG 04-24 11:15:55.365340.365340 cuda_h.py:27] end cpu_experts_worker_bmm_or_einsum_2 cost 20.462 ms
DEBUG 04-24 11:15:55.366711.366711 mlpmodule.py:3373] [fused_group_bmm][steps] bmm1=10.088 ms split=0.097 ms act_mul=0.292 ms bmm2=5.015 ms
DEBUG 04-24 11:15:55.366068.366068 cuda_h.py:27] end fused_group_bmm cost 15.709 ms
DEBUG 04-24 11:15:55.366374.366374 cuda_h.py:27] end gather_outputs_group_fused_mp cost 0.375 ms
DEBUG 04-24 11:15:55.367166.367166 cuda_h.py:27] end cpu_experts_worker_bmm_or_einsum_3 cost 21.975 ms
DEBUG 04-24 11:15:55.368567.368567 cuda_h.py:27] end prepare_per_device_parameters cost 17.141 ms
DEBUG 04-24 11:15:55.370379.370379 cuda_h.py:27] end cpu_experts_scatter_reduce cost 0.565 ms
DEBUG 04-24 11:15:55.370527.370527 cuda_h.py:27] end cpu_thread_manager_mp_wait_fused cost 1.861 ms
DEBUG 04-24 11:15:55.372016.372016 cuda_h.py:27] end wait_experts_multi_device cost 1.306 ms
DEBUG 04-24 11:15:55.372005.372005 cuda_h.py:27] end *before fused experts* cost 26.936 ms
DEBUG 04-24 11:15:55.376318.376318 cuda_h.py:27] end gpu_experts_multi_device_fused cost 3.988 ms
DEBUG 04-24 11:15:55.376937.376937 cuda_h.py:27] end *gpu experts* cost 31.029 ms
DEBUG 04-24 11:15:55.376032.376032 cuda_h.py:27] end layer_moe_generate_mp_multi_device_fused_l_20 cost 33.439 ms
DEBUG 04-24 11:15:55.377615.377615 cuda_h.py:27] end *mlp cost 34.851 ms
DEBUG 04-24 11:15:55.377274.377274 cuda_h.py:27] end prefill_layer cost 38.299 ms
DEBUG 04-24 11:15:55.377169.377169 lmp.py:341] -------------------------------- end prefill layer 19 --------------------------------
DEBUG 04-24 11:15:55.378674.378674 lmp.py:294] -------------------------------- start prefill layer 20 --------------------------------
DEBUG 04-24 11:15:55.378120.378120 cuda_h.py:27] end start_load_qkvogn_s_weight_l_21 cost 0.043 ms
DEBUG 04-24 11:15:55.378119.378119 cuda_h.py:27] end allocate_cuda_memory cost 0.265 ms
DEBUG 04-24 11:15:55.378264.378264 sllm_store_c.py:27] get device uuid map
DEBUG 04-24 11:15:55.378275.378275 sllm_store_c.py:29] call client load into gpu
DEBUG 04-24 11:15:55.380815.380815 cuda_h.py:27] end load_into_gpu_async cost 1.424 ms
DEBUG 04-24 11:15:55.380993.380993 cuda_h.py:27] end restore_tensors2 cost 0.093 ms
DEBUG 04-24 11:15:55.380317.380317 cuda_h.py:27] end allocate_cuda_memory_and_load_into_gpu cost 2.273 ms
DEBUG 04-24 11:15:55.381019.381019 cuda_h.py:27] end **self_attn cost 1.865 ms
DEBUG 04-24 11:15:55.381252.381252 cuda_h.py:27] end *iln_self_attn_paln cost 3.205 ms
DEBUG 04-24 11:15:55.382598.382598 cuda_h.py:27] end gate cost 0.556 ms
DEBUG 04-24 11:15:55.382406.382406 cuda_h.py:27] end experts_map_get cost 0.298 ms
DEBUG 04-24 11:15:55.382289.382289 cuda_h.py:27] end *before experts start* cost 1.005 ms
DEBUG 04-24 11:15:55.382786.382786 cuda_h.py:27] end cpu_experts_submit_fused_mp cost 0.198 ms
DEBUG 04-24 11:15:55.383816.383816 cuda_h.py:27] end *single cpu experts* cost 1.268 ms
DEBUG 04-24 11:15:55.385589.385589 cuda_h.py:27] end prepare_group_stack cost 0.399 ms
DEBUG 04-24 11:15:55.385812.385812 cuda_h.py:27] end group stack cost 0.631 ms
DEBUG 04-24 11:15:55.385948.385948 cuda_h.py:27] end move_flatidxs_group_fused_mp cost 1.242 ms
DEBUG 04-24 11:15:55.385242.385242 cuda_h.py:27] end get_fused_experts_names_w cost 0.026 ms
DEBUG 04-24 11:15:55.386933.386933 cuda_h.py:27] end prepare_group_stack cost 0.483 ms
DEBUG 04-24 11:15:55.386842.386842 sllm_store_c.py:27] get device uuid map
DEBUG 04-24 11:15:55.386794.386794 cuda_h.py:27] end prepare_group_stack cost 0.546 ms
DEBUG 04-24 11:15:55.386705.386705 sllm_store_c.py:29] call client load into gpu
DEBUG 04-24 11:15:55.386171.386171 cuda_h.py:27] end prepare_group_stack cost 0.569 ms
DEBUG 04-24 11:15:55.386419.386419 cuda_h.py:27] end restore_fused_tensors cost 0.653 ms
DEBUG 04-24 11:15:55.387966.387966 cuda_h.py:27] end group_fused_tensors_mp cost 1.091 ms
DEBUG 04-24 11:15:55.387725.387725 cuda_h.py:27] end group stack cost 0.771 ms
DEBUG 04-24 11:15:55.387842.387842 cuda_h.py:27] end move_flatidxs_group_fused_mp cost 1.588 ms
DEBUG 04-24 11:15:55.387056.387056 cuda_h.py:27] end get_fused_experts_names_w cost 0.025 ms
DEBUG 04-24 11:15:55.387575.387575 cuda_h.py:27] end group stack cost 1.082 ms
DEBUG 04-24 11:15:55.387475.387475 cuda_h.py:27] end move_flatidxs_group_fused_mp cost 1.850 ms
DEBUG 04-24 11:15:55.387037.387037 cuda_h.py:27] end restore2model cost 0.643 ms
DEBUG 04-24 11:15:55.388932.388932 cuda_h.py:27] end get_fused_experts_names_w cost 0.028 ms
DEBUG 04-24 11:15:55.388873.388873 cuda_h.py:27] end sllm_worker_task cost 9.783 ms
DEBUG 04-24 11:15:55.388451.388451 cuda_h.py:27] end group stack cost 1.257 ms
DEBUG 04-24 11:15:55.388856.388856 cuda_h.py:27] end restore_fused_tensors cost 0.540 ms
DEBUG 04-24 11:15:55.388599.388599 cuda_h.py:27] end move_flatidxs_group_fused_mp cost 2.318 ms
DEBUG 04-24 11:15:55.388292.388292 cuda_h.py:27] end group_fused_tensors_mp cost 0.939 ms
DEBUG 04-24 11:15:55.388327.388327 cuda_h.py:27] end load_into_gpu_async_fused_experts_dual cost 2.049 ms
DEBUG 04-24 11:15:55.388049.388049 cuda_h.py:27] end get_fused_experts_names_w cost 0.038 ms
DEBUG 04-24 11:15:55.388844.388844 cuda_h.py:27] end restore_tensors2_fused_experts_packed cost 0.074 ms
DEBUG 04-24 11:15:55.388197.388197 cuda_h.py:27] end restore_fused_tensors cost 0.550 ms
DEBUG 04-24 11:15:55.388591.388591 cuda_h.py:27] end group_fused_tensors_mp cost 0.939 ms
DEBUG 04-24 11:15:55.389054.389054 cuda_h.py:27] end restore_tensors2_fused_experts_slices cost 0.383 ms
DEBUG 04-24 11:15:55.389763.389763 cuda_h.py:27] end allocate_experts_cuda_memory_and_restore_model_multi_device_fused cost 5.687 ms
DEBUG 04-24 11:15:55.389273.389273 cuda_h.py:27] end restore_fused_tensors cost 0.990 ms
DEBUG 04-24 11:15:55.389442.389442 cuda_h.py:27] end gpu_sexperts cost 0.016 ms
DEBUG 04-24 11:15:55.389827.389827 cuda_h.py:27] end group_fused_tensors_mp cost 1.317 ms
DEBUG 04-24 11:15:55.389877.389877 cuda_h.py:27] end wait_load_qkvogn_s_weight cost 0.053 ms
DEBUG 04-24 11:15:55.397052.397052 mlpmodule.py:3373] [fused_group_bmm][steps] bmm1=5.699 ms split=0.167 ms act_mul=0.588 ms bmm2=4.017 ms
DEBUG 04-24 11:15:55.398646.398646 cuda_h.py:27] end fused_group_bmm cost 10.865 ms
DEBUG 04-24 11:15:55.398224.398224 cuda_h.py:27] end gather_outputs_group_fused_mp cost 0.404 ms
DEBUG 04-24 11:15:55.399792.399792 cuda_h.py:27] end cpu_experts_worker_bmm_or_einsum_0 cost 15.331 ms
DEBUG 04-24 11:15:55.402495.402495 mlpmodule.py:3373] [fused_group_bmm][steps] bmm1=8.973 ms split=0.182 ms act_mul=0.371 ms bmm2=4.657 ms
DEBUG 04-24 11:15:55.403425.403425 cuda_h.py:27] end fused_group_bmm cost 14.488 ms
DEBUG 04-24 11:15:55.403807.403807 mlpmodule.py:3373] [fused_group_bmm][steps] bmm1=8.873 ms split=0.135 ms act_mul=0.370 ms bmm2=4.641 ms
DEBUG 04-24 11:15:55.403814.403814 mlpmodule.py:3373] [fused_group_bmm][steps] bmm1=8.200 ms split=0.109 ms act_mul=0.409 ms bmm2=4.296 ms
DEBUG 04-24 11:15:55.403353.403353 cuda_h.py:27] end fused_group_bmm cost 14.343 ms
DEBUG 04-24 11:15:55.403003.403003 cuda_h.py:27] end fused_group_bmm cost 13.361 ms
DEBUG 04-24 11:15:55.403822.403822 cuda_h.py:27] end gather_outputs_group_fused_mp cost 0.555 ms
DEBUG 04-24 11:15:55.404353.404353 cuda_h.py:27] end gather_outputs_group_fused_mp cost 0.351 ms
DEBUG 04-24 11:15:55.404647.404647 cuda_h.py:27] end cpu_experts_worker_bmm_or_einsum_2 cost 19.552 ms
DEBUG 04-24 11:15:55.404303.404303 cuda_h.py:27] end gather_outputs_group_fused_mp cost 0.423 ms
DEBUG 04-24 11:15:55.404892.404892 cuda_h.py:27] end cpu_experts_worker_bmm_or_einsum_1 cost 19.839 ms
DEBUG 04-24 11:15:55.404109.404109 cuda_h.py:27] end cpu_experts_worker_bmm_or_einsum_3 cost 20.282 ms
DEBUG 04-24 11:15:55.407424.407424 cuda_h.py:27] end prepare_per_device_parameters cost 17.751 ms
DEBUG 04-24 11:15:55.410202.410202 cuda_h.py:27] end cpu_experts_scatter_reduce cost 0.615 ms
DEBUG 04-24 11:15:55.410404.410404 cuda_h.py:27] end cpu_thread_manager_mp_wait_fused cost 2.435 ms
DEBUG 04-24 11:15:55.411404.411404 cuda_h.py:27] end wait_experts_multi_device cost 1.367 ms
DEBUG 04-24 11:15:55.411393.411393 cuda_h.py:27] end *before fused experts* cost 28.072 ms
DEBUG 04-24 11:15:55.415851.415851 cuda_h.py:27] end gpu_experts_multi_device_fused cost 3.953 ms
DEBUG 04-24 11:15:55.415245.415245 cuda_h.py:27] end *gpu experts* cost 32.140 ms
DEBUG 04-24 11:15:55.416293.416293 cuda_h.py:27] end layer_moe_generate_mp_multi_device_fused_l_21 cost 34.575 ms
DEBUG 04-24 11:15:55.417773.417773 cuda_h.py:27] end *mlp cost 36.437 ms
DEBUG 04-24 11:15:55.417631.417631 cuda_h.py:27] end prefill_layer cost 39.855 ms
DEBUG 04-24 11:15:55.418526.418526 lmp.py:341] -------------------------------- end prefill layer 20 --------------------------------
DEBUG 04-24 11:15:55.418613.418613 lmp.py:294] -------------------------------- start prefill layer 21 --------------------------------
DEBUG 04-24 11:15:55.418529.418529 cuda_h.py:27] end start_load_qkvogn_s_weight_l_22 cost 0.044 ms
DEBUG 04-24 11:15:55.418567.418567 cuda_h.py:27] end allocate_cuda_memory cost 0.255 ms
DEBUG 04-24 11:15:55.418635.418635 sllm_store_c.py:27] get device uuid map
DEBUG 04-24 11:15:55.418460.418460 sllm_store_c.py:29] call client load into gpu
DEBUG 04-24 11:15:55.420143.420143 cuda_h.py:27] end **self_attn cost 1.256 ms
DEBUG 04-24 11:15:55.420416.420416 cuda_h.py:27] end *iln_self_attn_paln cost 2.602 ms
DEBUG 04-24 11:15:55.420308.420308 cuda_h.py:27] end load_into_gpu_async cost 2.114 ms
DEBUG 04-24 11:15:55.421058.421058 cuda_h.py:27] end restore_tensors2 cost 0.094 ms
DEBUG 04-24 11:15:55.421060.421060 cuda_h.py:27] end allocate_cuda_memory_and_load_into_gpu cost 3.152 ms
DEBUG 04-24 11:15:55.422057.422057 cuda_h.py:27] end gate cost 1.053 ms
DEBUG 04-24 11:15:55.422740.422740 cuda_h.py:27] end experts_map_get cost 0.307 ms
DEBUG 04-24 11:15:55.422669.422669 cuda_h.py:27] end *before experts start* cost 1.514 ms
DEBUG 04-24 11:15:55.422365.422365 cuda_h.py:27] end cpu_experts_submit_fused_mp cost 0.204 ms
DEBUG 04-24 11:15:55.423377.423377 cuda_h.py:27] end *single cpu experts* cost 1.157 ms
DEBUG 04-24 11:15:55.425669.425669 cuda_h.py:27] end prepare_group_stack cost 0.403 ms
DEBUG 04-24 11:15:55.425080.425080 cuda_h.py:27] end prepare_group_stack cost 0.475 ms
DEBUG 04-24 11:15:55.425143.425143 cuda_h.py:27] end group stack cost 0.598 ms
DEBUG 04-24 11:15:55.426808.426808 cuda_h.py:27] end move_flatidxs_group_fused_mp cost 1.230 ms
DEBUG 04-24 11:15:55.426771.426771 cuda_h.py:27] end get_fused_experts_names_w cost 0.025 ms
DEBUG 04-24 11:15:55.426425.426425 cuda_h.py:27] end prepare_group_stack cost 0.451 ms
DEBUG 04-24 11:15:55.426288.426288 cuda_h.py:27] end group stack cost 0.969 ms
DEBUG 04-24 11:15:55.426017.426017 cuda_h.py:27] end prepare_group_stack cost 0.471 ms
DEBUG 04-24 11:15:55.426957.426957 cuda_h.py:27] end move_flatidxs_group_fused_mp cost 1.772 ms
DEBUG 04-24 11:15:55.426048.426048 sllm_store_c.py:27] get device uuid map
DEBUG 04-24 11:15:55.426864.426864 cuda_h.py:27] end get_fused_experts_names_w cost 0.026 ms
DEBUG 04-24 11:15:55.426474.426474 sllm_store_c.py:29] call client load into gpu
DEBUG 04-24 11:15:55.427736.427736 cuda_h.py:27] end restore_fused_tensors cost 0.567 ms
DEBUG 04-24 11:15:55.427087.427087 cuda_h.py:27] end group stack cost 0.556 ms
DEBUG 04-24 11:15:55.427408.427408 cuda_h.py:27] end group_fused_tensors_mp cost 1.061 ms
DEBUG 04-24 11:15:55.427217.427217 cuda_h.py:27] end move_flatidxs_group_fused_mp cost 1.405 ms
DEBUG 04-24 11:15:55.427748.427748 cuda_h.py:27] end get_fused_experts_names_w cost 0.022 ms
DEBUG 04-24 11:15:55.427020.427020 cuda_h.py:27] end group stack cost 0.885 ms
DEBUG 04-24 11:15:55.427769.427769 cuda_h.py:27] end restore_fused_tensors cost 0.536 ms
DEBUG 04-24 11:15:55.427134.427134 cuda_h.py:27] end group_fused_tensors_mp cost 0.965 ms
DEBUG 04-24 11:15:55.427531.427531 cuda_h.py:27] end move_flatidxs_group_fused_mp cost 1.814 ms
DEBUG 04-24 11:15:55.427912.427912 cuda_h.py:27] end get_fused_experts_names_w cost 0.026 ms
DEBUG 04-24 11:15:55.428305.428305 cuda_h.py:27] end restore_fused_tensors cost 0.579 ms
DEBUG 04-24 11:15:55.428621.428621 cuda_h.py:27] end group_fused_tensors_mp cost 0.774 ms
DEBUG 04-24 11:15:55.428183.428183 cuda_h.py:27] end restore_fused_tensors cost 0.602 ms
DEBUG 04-24 11:15:55.428907.428907 cuda_h.py:27] end group_fused_tensors_mp cost 0.868 ms
DEBUG 04-24 11:15:55.429317.429317 cuda_h.py:27] end restore2model cost 1.096 ms
DEBUG 04-24 11:15:55.430573.430573 cuda_h.py:27] end sllm_worker_task cost 12.131 ms
DEBUG 04-24 11:15:55.432422.432422 cuda_h.py:27] end load_into_gpu_async_fused_experts_dual cost 5.424 ms
DEBUG 04-24 11:15:55.432598.432598 cuda_h.py:27] end restore_tensors2_fused_experts_packed cost 0.173 ms
DEBUG 04-24 11:15:55.433397.433397 cuda_h.py:27] end restore_tensors2_fused_experts_slices cost 0.407 ms
DEBUG 04-24 11:15:55.433170.433170 cuda_h.py:27] end allocate_experts_cuda_memory_and_restore_model_multi_device_fused cost 9.581 ms
DEBUG 04-24 11:15:55.433282.433282 cuda_h.py:27] end gpu_sexperts cost 0.015 ms
DEBUG 04-24 11:15:55.433516.433516 cuda_h.py:27] end wait_load_qkvogn_s_weight cost 0.046 ms
DEBUG 04-24 11:15:55.435512.435512 mlpmodule.py:3373] [fused_group_bmm][steps] bmm1=4.910 ms split=0.186 ms act_mul=0.601 ms bmm2=2.568 ms
DEBUG 04-24 11:15:55.435549.435549 cuda_h.py:27] end fused_group_bmm cost 8.609 ms
DEBUG 04-24 11:15:55.436431.436431 cuda_h.py:27] end gather_outputs_group_fused_mp cost 0.354 ms
DEBUG 04-24 11:15:55.437523.437523 cuda_h.py:27] end cpu_experts_worker_bmm_or_einsum_0 cost 13.322 ms
DEBUG 04-24 11:15:55.440884.440884 mlpmodule.py:3373] [fused_group_bmm][steps] bmm1=6.958 ms split=0.221 ms act_mul=0.431 ms bmm2=4.746 ms
DEBUG 04-24 11:15:55.440436.440436 mlpmodule.py:3373] [fused_group_bmm][steps] bmm1=7.653 ms split=0.090 ms act_mul=0.351 ms bmm2=3.826 ms
DEBUG 04-24 11:15:55.440236.440236 cuda_h.py:27] end fused_group_bmm cost 12.610 ms
DEBUG 04-24 11:15:55.440594.440594 cuda_h.py:27] end fused_group_bmm cost 12.147 ms
DEBUG 04-24 11:15:55.440310.440310 cuda_h.py:27] end gather_outputs_group_fused_mp cost 0.375 ms
DEBUG 04-24 11:15:55.440743.440743 cuda_h.py:27] end gather_outputs_group_fused_mp cost 0.458 ms
DEBUG 04-24 11:15:55.441269.441269 mlpmodule.py:3373] [fused_group_bmm][steps] bmm1=7.235 ms split=0.101 ms act_mul=0.336 ms bmm2=4.720 ms
DEBUG 04-24 11:15:55.441386.441386 cuda_h.py:27] end cpu_experts_worker_bmm_or_einsum_1 cost 16.582 ms
DEBUG 04-24 11:15:55.441752.441752 cuda_h.py:27] end fused_group_bmm cost 12.601 ms
DEBUG 04-24 11:15:55.441726.441726 cuda_h.py:27] end cpu_experts_worker_bmm_or_einsum_2 cost 17.635 ms
DEBUG 04-24 11:15:55.441271.441271 cuda_h.py:27] end gather_outputs_group_fused_mp cost 0.387 ms
DEBUG 04-24 11:15:55.442898.442898 cuda_h.py:27] end cpu_experts_worker_bmm_or_einsum_3 cost 17.629 ms
DEBUG 04-24 11:15:55.447610.447610 cuda_h.py:27] end prepare_per_device_parameters cost 13.351 ms
DEBUG 04-24 11:15:55.449912.449912 cuda_h.py:27] end cpu_experts_scatter_reduce cost 0.571 ms
DEBUG 04-24 11:15:55.449054.449054 cuda_h.py:27] end cpu_thread_manager_mp_wait_fused cost 1.897 ms
DEBUG 04-24 11:15:55.450609.450609 cuda_h.py:27] end wait_experts_multi_device cost 1.321 ms
DEBUG 04-24 11:15:55.450068.450068 cuda_h.py:27] end *before fused experts* cost 27.102 ms
DEBUG 04-24 11:15:55.454457.454457 cuda_h.py:27] end gpu_experts_multi_device_fused cost 3.869 ms
DEBUG 04-24 11:15:55.454261.454261 cuda_h.py:27] end *gpu experts* cost 31.072 ms
DEBUG 04-24 11:15:55.454057.454057 cuda_h.py:27] end layer_moe_generate_mp_multi_device_fused_l_22 cost 33.894 ms
DEBUG 04-24 11:15:55.456271.456271 cuda_h.py:27] end *mlp cost 35.525 ms
DEBUG 04-24 11:15:55.456652.456652 cuda_h.py:27] end prefill_layer cost 38.545 ms
DEBUG 04-24 11:15:55.456501.456501 lmp.py:341] -------------------------------- end prefill layer 21 --------------------------------
DEBUG 04-24 11:15:55.456281.456281 lmp.py:294] -------------------------------- start prefill layer 22 --------------------------------
DEBUG 04-24 11:15:55.457112.457112 cuda_h.py:27] end start_load_qkvogn_s_weight_l_23 cost 0.046 ms
DEBUG 04-24 11:15:55.457004.457004 cuda_h.py:27] end allocate_cuda_memory cost 0.238 ms
DEBUG 04-24 11:15:55.457254.457254 sllm_store_c.py:27] get device uuid map
DEBUG 04-24 11:15:55.457763.457763 sllm_store_c.py:29] call client load into gpu
DEBUG 04-24 11:15:55.459561.459561 cuda_h.py:27] end load_into_gpu_async cost 1.840 ms
DEBUG 04-24 11:15:55.459208.459208 cuda_h.py:27] end restore_tensors2 cost 0.096 ms
DEBUG 04-24 11:15:55.459760.459760 cuda_h.py:27] end **self_attn cost 1.707 ms
DEBUG 04-24 11:15:55.459528.459528 cuda_h.py:27] end allocate_cuda_memory_and_load_into_gpu cost 2.684 ms
DEBUG 04-24 11:15:55.460627.460627 cuda_h.py:27] end *iln_self_attn_paln cost 3.170 ms
DEBUG 04-24 11:15:55.460238.460238 cuda_h.py:27] end gate cost 0.575 ms
DEBUG 04-24 11:15:55.461284.461284 cuda_h.py:27] end experts_map_get cost 0.291 ms
DEBUG 04-24 11:15:55.461597.461597 cuda_h.py:27] end *before experts start* cost 1.026 ms
DEBUG 04-24 11:15:55.461121.461121 cuda_h.py:27] end cpu_experts_submit_fused_mp cost 0.183 ms
DEBUG 04-24 11:15:55.462412.462412 cuda_h.py:27] end *single cpu experts* cost 1.165 ms
DEBUG 04-24 11:15:55.463501.463501 cuda_h.py:27] end prepare_group_stack cost 0.435 ms
DEBUG 04-24 11:15:55.464697.464697 sllm_store_c.py:27] get device uuid map
DEBUG 04-24 11:15:55.464112.464112 sllm_store_c.py:29] call client load into gpu
DEBUG 04-24 11:15:55.464120.464120 cuda_h.py:27] end prepare_group_stack cost 0.400 ms
DEBUG 04-24 11:15:55.464179.464179 cuda_h.py:27] end prepare_group_stack cost 0.480 ms
DEBUG 04-24 11:15:55.464391.464391 cuda_h.py:27] end prepare_group_stack cost 0.472 ms
DEBUG 04-24 11:15:55.464142.464142 cuda_h.py:27] end group stack cost 0.790 ms
DEBUG 04-24 11:15:55.465510.465510 cuda_h.py:27] end move_flatidxs_group_fused_mp cost 1.522 ms
DEBUG 04-24 11:15:55.465463.465463 cuda_h.py:27] end get_fused_experts_names_w cost 0.031 ms
DEBUG 04-24 11:15:55.465773.465773 cuda_h.py:27] end group stack cost 0.651 ms
DEBUG 04-24 11:15:55.465816.465816 cuda_h.py:27] end move_flatidxs_group_fused_mp cost 1.242 ms
DEBUG 04-24 11:15:55.465967.465967 cuda_h.py:27] end get_fused_experts_names_w cost 0.024 ms
DEBUG 04-24 11:15:55.465632.465632 cuda_h.py:27] end group stack cost 0.905 ms
DEBUG 04-24 11:15:55.465641.465641 cuda_h.py:27] end restore_fused_tensors cost 0.703 ms
DEBUG 04-24 11:15:55.466086.466086 cuda_h.py:27] end move_flatidxs_group_fused_mp cost 1.675 ms
DEBUG 04-24 11:15:55.466227.466227 cuda_h.py:27] end group_fused_tensors_mp cost 0.880 ms
DEBUG 04-24 11:15:55.466785.466785 cuda_h.py:27] end get_fused_experts_names_w cost 0.024 ms
DEBUG 04-24 11:15:55.466845.466845 cuda_h.py:27] end restore_fused_tensors cost 0.466 ms
DEBUG 04-24 11:15:55.466418.466418 cuda_h.py:27] end group stack cost 1.257 ms
DEBUG 04-24 11:15:55.466976.466976 cuda_h.py:27] end group_fused_tensors_mp cost 0.703 ms
DEBUG 04-24 11:15:55.466860.466860 cuda_h.py:27] end move_flatidxs_group_fused_mp cost 2.056 ms
DEBUG 04-24 11:15:55.466410.466410 cuda_h.py:27] end get_fused_experts_names_w cost 0.031 ms
DEBUG 04-24 11:15:55.466538.466538 cuda_h.py:27] end restore_fused_tensors cost 0.562 ms
DEBUG 04-24 11:15:55.467650.467650 cuda_h.py:27] end group_fused_tensors_mp cost 0.946 ms
DEBUG 04-24 11:15:55.467756.467756 cuda_h.py:27] end restore_fused_tensors cost 0.635 ms
DEBUG 04-24 11:15:55.467653.467653 cuda_h.py:27] end group_fused_tensors_mp cost 0.987 ms
DEBUG 04-24 11:15:55.473780.473780 cuda_h.py:27] end restore2model cost 0.780 ms
DEBUG 04-24 11:15:55.473256.473256 cuda_h.py:27] end sllm_worker_task cost 16.144 ms
DEBUG 04-24 11:15:55.473306.473306 cuda_h.py:27] end load_into_gpu_async_fused_experts_dual cost 9.293 ms
DEBUG 04-24 11:15:55.473670.473670 cuda_h.py:27] end restore_tensors2_fused_experts_packed cost 0.117 ms
DEBUG 04-24 11:15:55.474890.474890 cuda_h.py:27] end restore_tensors2_fused_experts_slices cost 0.415 ms
DEBUG 04-24 11:15:55.474001.474001 cuda_h.py:27] end allocate_experts_cuda_memory_and_restore_model_multi_device_fused cost 12.167 ms
DEBUG 04-24 11:15:55.475926.475926 cuda_h.py:27] end gpu_sexperts cost 0.014 ms
DEBUG 04-24 11:15:55.475518.475518 cuda_h.py:27] end wait_load_qkvogn_s_weight cost 0.024 ms
DEBUG 04-24 11:15:55.476348.476348 mlpmodule.py:3373] [fused_group_bmm][steps] bmm1=6.062 ms split=0.138 ms act_mul=0.387 ms bmm2=3.194 ms
DEBUG 04-24 11:15:55.476519.476519 cuda_h.py:27] end fused_group_bmm cost 10.189 ms
DEBUG 04-24 11:15:55.477983.477983 cuda_h.py:27] end gather_outputs_group_fused_mp cost 0.557 ms
DEBUG 04-24 11:15:55.477172.477172 cuda_h.py:27] end cpu_experts_worker_bmm_or_einsum_0 cost 15.448 ms
DEBUG 04-24 11:15:55.477792.477792 mlpmodule.py:3373] [fused_group_bmm][steps] bmm1=7.279 ms split=0.105 ms act_mul=0.308 ms bmm2=3.649 ms
DEBUG 04-24 11:15:55.478482.478482 cuda_h.py:27] end fused_group_bmm cost 11.603 ms
DEBUG 04-24 11:15:55.477249.477249 mlpmodule.py:3373] [fused_group_bmm][steps] bmm1=6.836 ms split=0.080 ms act_mul=0.356 ms bmm2=3.533 ms
DEBUG 04-24 11:15:55.478476.478476 cuda_h.py:27] end fused_group_bmm cost 11.072 ms
DEBUG 04-24 11:15:55.478359.478359 mlpmodule.py:3373] [fused_group_bmm][steps] bmm1=6.422 ms split=0.093 ms act_mul=0.327 ms bmm2=3.421 ms
DEBUG 04-24 11:15:55.478562.478562 cuda_h.py:27] end fused_group_bmm cost 10.615 ms
DEBUG 04-24 11:15:55.478515.478515 cuda_h.py:27] end gather_outputs_group_fused_mp cost 0.408 ms
DEBUG 04-24 11:15:55.478089.478089 cuda_h.py:27] end gather_outputs_group_fused_mp cost 0.349 ms
DEBUG 04-24 11:15:55.478672.478672 cuda_h.py:27] end gather_outputs_group_fused_mp cost 0.386 ms
DEBUG 04-24 11:15:55.479803.479803 cuda_h.py:27] end cpu_experts_worker_bmm_or_einsum_2 cost 15.658 ms
DEBUG 04-24 11:15:55.479362.479362 cuda_h.py:27] end cpu_experts_worker_bmm_or_einsum_1 cost 15.871 ms
DEBUG 04-24 11:15:55.479042.479042 cuda_h.py:27] end cpu_experts_worker_bmm_or_einsum_3 cost 16.010 ms
DEBUG 04-24 11:15:55.487440.487440 cuda_h.py:27] end prepare_per_device_parameters cost 12.359 ms
DEBUG 04-24 11:15:55.489918.489918 cuda_h.py:27] end cpu_experts_scatter_reduce cost 0.532 ms
DEBUG 04-24 11:15:55.489729.489729 cuda_h.py:27] end cpu_thread_manager_mp_wait_fused cost 1.610 ms
DEBUG 04-24 11:15:55.490539.490539 cuda_h.py:27] end wait_experts_multi_device cost 1.017 ms
DEBUG 04-24 11:15:55.490044.490044 cuda_h.py:27] end *before fused experts* cost 27.903 ms
DEBUG 04-24 11:15:55.494140.494140 cuda_h.py:27] end gpu_experts_multi_device_fused cost 3.827 ms
DEBUG 04-24 11:15:55.494050.494050 cuda_h.py:27] end *gpu experts* cost 31.839 ms
DEBUG 04-24 11:15:55.494575.494575 cuda_h.py:27] end layer_moe_generate_mp_multi_device_fused_l_23 cost 34.191 ms
DEBUG 04-24 11:15:55.496421.496421 cuda_h.py:27] end *mlp cost 35.902 ms
DEBUG 04-24 11:15:55.496100.496100 cuda_h.py:27] end prefill_layer cost 39.297 ms
DEBUG 04-24 11:15:55.496472.496472 lmp.py:341] -------------------------------- end prefill layer 22 --------------------------------
DEBUG 04-24 11:15:55.496075.496075 lmp.py:294] -------------------------------- start prefill layer 23 --------------------------------
DEBUG 04-24 11:15:55.496946.496946 cuda_h.py:27] end start_load_qkvogn_s_weight_l_24 cost 0.043 ms
DEBUG 04-24 11:15:55.496149.496149 cuda_h.py:27] end allocate_cuda_memory cost 0.234 ms
DEBUG 04-24 11:15:55.496706.496706 sllm_store_c.py:27] get device uuid map
DEBUG 04-24 11:15:55.497794.497794 sllm_store_c.py:29] call client load into gpu
DEBUG 04-24 11:15:55.499020.499020 cuda_h.py:27] end **self_attn cost 1.776 ms
DEBUG 04-24 11:15:55.499365.499365 cuda_h.py:27] end load_into_gpu_async cost 2.278 ms
DEBUG 04-24 11:15:55.499675.499675 cuda_h.py:27] end restore_tensors2 cost 0.096 ms
DEBUG 04-24 11:15:55.499069.499069 cuda_h.py:27] end allocate_cuda_memory_and_load_into_gpu cost 3.228 ms
DEBUG 04-24 11:15:55.499722.499722 cuda_h.py:27] end *iln_self_attn_paln cost 3.235 ms
DEBUG 04-24 11:15:55.500186.500186 cuda_h.py:27] end gate cost 0.679 ms
DEBUG 04-24 11:15:55.501683.501683 cuda_h.py:27] end experts_map_get cost 0.312 ms
DEBUG 04-24 11:15:55.501758.501758 cuda_h.py:27] end *before experts start* cost 1.147 ms
DEBUG 04-24 11:15:55.501507.501507 cuda_h.py:27] end cpu_experts_submit_fused_mp cost 0.208 ms
DEBUG 04-24 11:15:55.502823.502823 cuda_h.py:27] end *single cpu experts* cost 1.140 ms
DEBUG 04-24 11:15:55.504731.504731 cuda_h.py:27] end prepare_group_stack cost 0.422 ms
DEBUG 04-24 11:15:55.504036.504036 cuda_h.py:27] end prepare_group_stack cost 0.404 ms
DEBUG 04-24 11:15:55.504413.504413 cuda_h.py:27] end prepare_group_stack cost 0.464 ms
DEBUG 04-24 11:15:55.504949.504949 cuda_h.py:27] end prepare_group_stack cost 0.507 ms
DEBUG 04-24 11:15:55.504584.504584 sllm_store_c.py:27] get device uuid map
DEBUG 04-24 11:15:55.505479.505479 sllm_store_c.py:29] call client load into gpu
DEBUG 04-24 11:15:55.505314.505314 cuda_h.py:27] end group stack cost 0.709 ms
DEBUG 04-24 11:15:55.505117.505117 cuda_h.py:27] end group stack cost 0.756 ms
DEBUG 04-24 11:15:55.505973.505973 cuda_h.py:27] end move_flatidxs_group_fused_mp cost 1.324 ms
DEBUG 04-24 11:15:55.505299.505299 cuda_h.py:27] end move_flatidxs_group_fused_mp cost 1.389 ms
DEBUG 04-24 11:15:55.505995.505995 cuda_h.py:27] end get_fused_experts_names_w cost 0.021 ms
DEBUG 04-24 11:15:55.505273.505273 cuda_h.py:27] end get_fused_experts_names_w cost 0.025 ms
DEBUG 04-24 11:15:55.505492.505492 cuda_h.py:27] end group stack cost 0.818 ms
DEBUG 04-24 11:15:55.505271.505271 cuda_h.py:27] end move_flatidxs_group_fused_mp cost 1.787 ms
DEBUG 04-24 11:15:55.506726.506726 cuda_h.py:27] end get_fused_experts_names_w cost 0.025 ms
DEBUG 04-24 11:15:55.506906.506906 cuda_h.py:27] end restore_fused_tensors cost 0.462 ms
DEBUG 04-24 11:15:55.506166.506166 cuda_h.py:27] end group_fused_tensors_mp cost 0.572 ms
DEBUG 04-24 11:15:55.506329.506329 cuda_h.py:27] end restore_fused_tensors cost 0.625 ms
DEBUG 04-24 11:15:55.506408.506408 cuda_h.py:27] end group stack cost 1.252 ms
DEBUG 04-24 11:15:55.506225.506225 cuda_h.py:27] end group_fused_tensors_mp cost 0.766 ms
DEBUG 04-24 11:15:55.506281.506281 cuda_h.py:27] end move_flatidxs_group_fused_mp cost 2.326 ms
DEBUG 04-24 11:15:55.506510.506510 cuda_h.py:27] end get_fused_experts_names_w cost 0.033 ms
DEBUG 04-24 11:15:55.506953.506953 cuda_h.py:27] end restore_fused_tensors cost 0.567 ms
DEBUG 04-24 11:15:55.506485.506485 cuda_h.py:27] end group_fused_tensors_mp cost 0.728 ms
DEBUG 04-24 11:15:55.507974.507974 cuda_h.py:27] end restore2model cost 0.605 ms
DEBUG 04-24 11:15:55.507693.507693 cuda_h.py:27] end sllm_worker_task cost 10.788 ms
DEBUG 04-24 11:15:55.507241.507241 cuda_h.py:27] end restore_fused_tensors cost 0.678 ms
DEBUG 04-24 11:15:55.507763.507763 cuda_h.py:27] end group_fused_tensors_mp cost 1.066 ms
DEBUG 04-24 11:15:55.510367.510367 cuda_h.py:27] end load_into_gpu_async_fused_experts_dual cost 6.172 ms
DEBUG 04-24 11:15:55.511567.511567 cuda_h.py:27] end restore_tensors2_fused_experts_packed cost 0.219 ms
DEBUG 04-24 11:15:55.512298.512298 cuda_h.py:27] end restore_tensors2_fused_experts_slices cost 0.453 ms
DEBUG 04-24 11:15:55.512893.512893 cuda_h.py:27] end allocate_experts_cuda_memory_and_restore_model_multi_device_fused cost 10.311 ms
DEBUG 04-24 11:15:55.512787.512787 cuda_h.py:27] end gpu_sexperts cost 0.011 ms
DEBUG 04-24 11:15:55.512134.512134 cuda_h.py:27] end wait_load_qkvogn_s_weight cost 0.032 ms
DEBUG 04-24 11:15:55.517105.517105 mlpmodule.py:3373] [fused_group_bmm][steps] bmm1=6.142 ms split=0.132 ms act_mul=0.705 ms bmm2=3.740 ms
DEBUG 04-24 11:15:55.517562.517562 cuda_h.py:27] end fused_group_bmm cost 11.207 ms
DEBUG 04-24 11:15:55.518076.518076 cuda_h.py:27] end gather_outputs_group_fused_mp cost 0.636 ms
DEBUG 04-24 11:15:55.518537.518537 mlpmodule.py:3373] [fused_group_bmm][steps] bmm1=7.170 ms split=0.083 ms act_mul=0.278 ms bmm2=3.966 ms
DEBUG 04-24 11:15:55.519898.519898 cuda_h.py:27] end fused_group_bmm cost 12.044 ms
DEBUG 04-24 11:15:55.519761.519761 cuda_h.py:27] end gather_outputs_group_fused_mp cost 0.410 ms
DEBUG 04-24 11:15:55.519374.519374 cuda_h.py:27] end cpu_experts_worker_bmm_or_einsum_0 cost 16.827 ms
DEBUG 04-24 11:15:55.520663.520663 cuda_h.py:27] end cpu_experts_worker_bmm_or_einsum_1 cost 17.324 ms
DEBUG 04-24 11:15:55.520179.520179 mlpmodule.py:3373] [fused_group_bmm][steps] bmm1=7.589 ms split=0.102 ms act_mul=0.322 ms bmm2=6.003 ms
DEBUG 04-24 11:15:55.520584.520584 cuda_h.py:27] end fused_group_bmm cost 14.277 ms
DEBUG 04-24 11:15:55.520105.520105 mlpmodule.py:3373] [fused_group_bmm][steps] bmm1=6.787 ms split=0.100 ms act_mul=0.423 ms bmm2=5.403 ms
DEBUG 04-24 11:15:55.520070.520070 cuda_h.py:27] end fused_group_bmm cost 13.099 ms
DEBUG 04-24 11:15:55.521370.521370 cuda_h.py:27] end gather_outputs_group_fused_mp cost 0.492 ms
DEBUG 04-24 11:15:55.521376.521376 cuda_h.py:27] end gather_outputs_group_fused_mp cost 0.420 ms
DEBUG 04-24 11:15:55.521899.521899 cuda_h.py:27] end cpu_experts_worker_bmm_or_einsum_2 cost 18.881 ms
DEBUG 04-24 11:15:55.522135.522135 cuda_h.py:27] end cpu_experts_worker_bmm_or_einsum_3 cost 19.130 ms
DEBUG 04-24 11:15:55.527944.527944 cuda_h.py:27] end prepare_per_device_parameters cost 14.311 ms
DEBUG 04-24 11:15:55.529772.529772 cuda_h.py:27] end cpu_experts_scatter_reduce cost 0.567 ms
DEBUG 04-24 11:15:55.529735.529735 cuda_h.py:27] end cpu_thread_manager_mp_wait_fused cost 1.949 ms
DEBUG 04-24 11:15:55.530609.530609 cuda_h.py:27] end wait_experts_multi_device cost 1.344 ms
DEBUG 04-24 11:15:55.530160.530160 cuda_h.py:27] end *before fused experts* cost 28.597 ms
DEBUG 04-24 11:15:55.534794.534794 cuda_h.py:27] end gpu_experts_multi_device_fused cost 4.048 ms
DEBUG 04-24 11:15:55.535558.535558 cuda_h.py:27] end *gpu experts* cost 32.752 ms
DEBUG 04-24 11:15:55.535553.535553 cuda_h.py:27] end layer_moe_generate_mp_multi_device_fused_l_24 cost 35.195 ms
DEBUG 04-24 11:15:55.537307.537307 cuda_h.py:27] end *mlp cost 37.326 ms
DEBUG 04-24 11:15:55.537497.537497 cuda_h.py:27] end prefill_layer cost 41.075 ms
DEBUG 04-24 11:15:55.537677.537677 lmp.py:341] -------------------------------- end prefill layer 23 --------------------------------
DEBUG 04-24 11:15:55.537803.537803 lmp.py:294] -------------------------------- start prefill layer 24 --------------------------------
DEBUG 04-24 11:15:55.537766.537766 cuda_h.py:27] end start_load_qkvogn_s_weight_l_25 cost 0.044 ms
DEBUG 04-24 11:15:55.537646.537646 cuda_h.py:27] end allocate_cuda_memory cost 0.273 ms
DEBUG 04-24 11:15:55.538107.538107 sllm_store_c.py:27] get device uuid map
DEBUG 04-24 11:15:55.538616.538616 sllm_store_c.py:29] call client load into gpu
DEBUG 04-24 11:15:55.539126.539126 cuda_h.py:27] end **self_attn cost 1.550 ms
DEBUG 04-24 11:15:55.540320.540320 cuda_h.py:27] end *iln_self_attn_paln cost 2.741 ms
DEBUG 04-24 11:15:55.540120.540120 cuda_h.py:27] end load_into_gpu_async cost 2.190 ms
DEBUG 04-24 11:15:55.540822.540822 cuda_h.py:27] end restore_tensors2 cost 0.096 ms
DEBUG 04-24 11:15:55.540601.540601 cuda_h.py:27] end allocate_cuda_memory_and_load_into_gpu cost 3.122 ms
DEBUG 04-24 11:15:55.541717.541717 cuda_h.py:27] end gate cost 1.067 ms
DEBUG 04-24 11:15:55.541737.541737 cuda_h.py:27] end experts_map_get cost 0.314 ms
DEBUG 04-24 11:15:55.541381.541381 cuda_h.py:27] end *before experts start* cost 1.533 ms
DEBUG 04-24 11:15:55.542952.542952 cuda_h.py:27] end cpu_experts_submit_fused_mp cost 0.217 ms
DEBUG 04-24 11:15:55.543158.543158 cuda_h.py:27] end *single cpu experts* cost 1.417 ms
DEBUG 04-24 11:15:55.545865.545865 cuda_h.py:27] end prepare_group_stack cost 0.495 ms
DEBUG 04-24 11:15:55.545242.545242 cuda_h.py:27] end prepare_group_stack cost 0.435 ms
DEBUG 04-24 11:15:55.545336.545336 sllm_store_c.py:27] get device uuid map
DEBUG 04-24 11:15:55.545021.545021 cuda_h.py:27] end prepare_group_stack cost 0.636 ms
DEBUG 04-24 11:15:55.545074.545074 cuda_h.py:27] end prepare_group_stack cost 0.593 ms
DEBUG 04-24 11:15:55.546983.546983 sllm_store_c.py:29] call client load into gpu
DEBUG 04-24 11:15:55.546840.546840 cuda_h.py:27] end group stack cost 0.783 ms
DEBUG 04-24 11:15:55.546020.546020 cuda_h.py:27] end group stack cost 0.776 ms
DEBUG 04-24 11:15:55.546277.546277 cuda_h.py:27] end move_flatidxs_group_fused_mp cost 1.551 ms
DEBUG 04-24 11:15:55.546410.546410 cuda_h.py:27] end move_flatidxs_group_fused_mp cost 1.528 ms
DEBUG 04-24 11:15:55.546041.546041 cuda_h.py:27] end get_fused_experts_names_w cost 0.022 ms
DEBUG 04-24 11:15:55.546996.546996 cuda_h.py:27] end get_fused_experts_names_w cost 0.023 ms
DEBUG 04-24 11:15:55.547956.547956 cuda_h.py:27] end restore_fused_tensors cost 0.602 ms
DEBUG 04-24 11:15:55.547806.547806 cuda_h.py:27] end group_fused_tensors_mp cost 0.728 ms
DEBUG 04-24 11:15:55.547633.547633 cuda_h.py:27] end group stack cost 1.142 ms
DEBUG 04-24 11:15:55.547284.547284 cuda_h.py:27] end restore_fused_tensors cost 0.660 ms
DEBUG 04-24 11:15:55.547486.547486 cuda_h.py:27] end group_fused_tensors_mp cost 0.809 ms
DEBUG 04-24 11:15:55.547707.547707 cuda_h.py:27] end move_flatidxs_group_fused_mp cost 2.275 ms
DEBUG 04-24 11:15:55.547222.547222 cuda_h.py:27] end get_fused_experts_names_w cost 0.036 ms
DEBUG 04-24 11:15:55.548124.548124 cuda_h.py:27] end group stack cost 1.986 ms
DEBUG 04-24 11:15:55.548526.548526 cuda_h.py:27] end restore2model cost 0.667 ms
DEBUG 04-24 11:15:55.548938.548938 cuda_h.py:27] end sllm_worker_task cost 10.820 ms
DEBUG 04-24 11:15:55.548668.548668 cuda_h.py:27] end move_flatidxs_group_fused_mp cost 3.179 ms
DEBUG 04-24 11:15:55.548132.548132 cuda_h.py:27] end get_fused_experts_names_w cost 0.047 ms
DEBUG 04-24 11:15:55.549617.549617 cuda_h.py:27] end restore_fused_tensors cost 0.990 ms
DEBUG 04-24 11:15:55.549589.549589 cuda_h.py:27] end group_fused_tensors_mp cost 1.294 ms
DEBUG 04-24 11:15:55.550815.550815 cuda_h.py:27] end restore_fused_tensors cost 1.065 ms
DEBUG 04-24 11:15:55.550361.550361 cuda_h.py:27] end load_into_gpu_async_fused_experts_dual cost 4.298 ms
DEBUG 04-24 11:15:55.550204.550204 cuda_h.py:27] end group_fused_tensors_mp cost 1.406 ms
DEBUG 04-24 11:15:55.550462.550462 cuda_h.py:27] end restore_tensors2_fused_experts_packed cost 0.142 ms
DEBUG 04-24 11:15:55.551308.551308 cuda_h.py:27] end restore_tensors2_fused_experts_slices cost 0.473 ms
DEBUG 04-24 11:15:55.551460.551460 cuda_h.py:27] end allocate_experts_cuda_memory_and_restore_model_multi_device_fused cost 7.953 ms
DEBUG 04-24 11:15:55.551581.551581 cuda_h.py:27] end gpu_sexperts cost 0.016 ms
DEBUG 04-24 11:15:55.551842.551842 cuda_h.py:27] end wait_load_qkvogn_s_weight cost 0.036 ms
DEBUG 04-24 11:15:55.556517.556517 mlpmodule.py:3373] [fused_group_bmm][steps] bmm1=4.401 ms split=0.151 ms act_mul=0.846 ms bmm2=3.097 ms
DEBUG 04-24 11:15:55.556739.556739 cuda_h.py:27] end fused_group_bmm cost 8.855 ms
DEBUG 04-24 11:15:55.557190.557190 cuda_h.py:27] end gather_outputs_group_fused_mp cost 0.559 ms
DEBUG 04-24 11:15:55.557184.557184 cuda_h.py:27] end cpu_experts_worker_bmm_or_einsum_0 cost 13.998 ms
DEBUG 04-24 11:15:55.562155.562155 mlpmodule.py:3373] [fused_group_bmm][steps] bmm1=7.901 ms split=0.274 ms act_mul=0.518 ms bmm2=5.895 ms
DEBUG 04-24 11:15:55.562117.562117 cuda_h.py:27] end fused_group_bmm cost 14.885 ms
DEBUG 04-24 11:15:55.562153.562153 mlpmodule.py:3373] [fused_group_bmm][steps] bmm1=8.525 ms split=0.112 ms act_mul=0.308 ms bmm2=4.109 ms
DEBUG 04-24 11:15:55.562743.562743 cuda_h.py:27] end gather_outputs_group_fused_mp cost 0.446 ms
DEBUG 04-24 11:15:55.563037.563037 cuda_h.py:27] end fused_group_bmm cost 13.560 ms
DEBUG 04-24 11:15:55.563204.563204 cuda_h.py:27] end cpu_experts_worker_bmm_or_einsum_2 cost 19.541 ms
DEBUG 04-24 11:15:55.563900.563900 mlpmodule.py:3373] [fused_group_bmm][steps] bmm1=7.683 ms split=0.115 ms act_mul=0.425 ms bmm2=4.727 ms
DEBUG 04-24 11:15:55.563256.563256 cuda_h.py:27] end gather_outputs_group_fused_mp cost 0.408 ms
DEBUG 04-24 11:15:55.563593.563593 cuda_h.py:27] end fused_group_bmm cost 13.312 ms
DEBUG 04-24 11:15:55.564653.564653 cuda_h.py:27] end cpu_experts_worker_bmm_or_einsum_1 cost 20.146 ms
DEBUG 04-24 11:15:55.564867.564867 cuda_h.py:27] end gather_outputs_group_fused_mp cost 0.415 ms
DEBUG 04-24 11:15:55.564196.564196 cuda_h.py:27] end cpu_experts_worker_bmm_or_einsum_3 cost 20.902 ms
DEBUG 04-24 11:15:55.567216.567216 cuda_h.py:27] end prepare_per_device_parameters cost 15.773 ms
DEBUG 04-24 11:15:55.569240.569240 cuda_h.py:27] end cpu_experts_scatter_reduce cost 0.597 ms
DEBUG 04-24 11:15:55.569573.569573 cuda_h.py:27] end cpu_thread_manager_mp_wait_fused cost 1.728 ms
DEBUG 04-24 11:15:55.571625.571625 cuda_h.py:27] end wait_experts_multi_device cost 1.301 ms
DEBUG 04-24 11:15:55.571945.571945 cuda_h.py:27] end *before fused experts* cost 27.979 ms
DEBUG 04-24 11:15:55.575755.575755 cuda_h.py:27] end gpu_experts_multi_device_fused cost 3.791 ms
DEBUG 04-24 11:15:55.575718.575718 cuda_h.py:27] end *gpu experts* cost 31.885 ms
DEBUG 04-24 11:15:55.575482.575482 cuda_h.py:27] end layer_moe_generate_mp_multi_device_fused_l_25 cost 34.998 ms
DEBUG 04-24 11:15:55.577392.577392 cuda_h.py:27] end *mlp cost 36.863 ms
DEBUG 04-24 11:15:55.577919.577919 cuda_h.py:27] end prefill_layer cost 39.831 ms
DEBUG 04-24 11:15:55.577337.577337 lmp.py:341] -------------------------------- end prefill layer 24 --------------------------------
DEBUG 04-24 11:15:55.577046.577046 lmp.py:294] -------------------------------- start prefill layer 25 --------------------------------
DEBUG 04-24 11:15:55.577864.577864 cuda_h.py:27] end start_load_qkvogn_s_weight_l_26 cost 0.041 ms
DEBUG 04-24 11:15:55.577188.577188 cuda_h.py:27] end allocate_cuda_memory cost 0.286 ms
DEBUG 04-24 11:15:55.578016.578016 sllm_store_c.py:27] get device uuid map
DEBUG 04-24 11:15:55.578750.578750 sllm_store_c.py:29] call client load into gpu
DEBUG 04-24 11:15:55.579209.579209 cuda_h.py:27] end load_into_gpu_async cost 1.791 ms
DEBUG 04-24 11:15:55.579134.579134 cuda_h.py:27] end restore_tensors2 cost 0.090 ms
DEBUG 04-24 11:15:55.580732.580732 cuda_h.py:27] end **self_attn cost 1.732 ms
DEBUG 04-24 11:15:55.580721.580721 cuda_h.py:27] end allocate_cuda_memory_and_load_into_gpu cost 2.614 ms
DEBUG 04-24 11:15:55.580774.580774 cuda_h.py:27] end *iln_self_attn_paln cost 3.107 ms
DEBUG 04-24 11:15:55.581232.581232 cuda_h.py:27] end gate cost 0.546 ms
DEBUG 04-24 11:15:55.581814.581814 cuda_h.py:27] end experts_map_get cost 0.307 ms
DEBUG 04-24 11:15:55.581653.581653 cuda_h.py:27] end *before experts start* cost 1.077 ms
DEBUG 04-24 11:15:55.581051.581051 cuda_h.py:27] end cpu_experts_submit_fused_mp cost 0.194 ms
DEBUG 04-24 11:15:55.583947.583947 cuda_h.py:27] end *single cpu experts* cost 1.410 ms
DEBUG 04-24 11:15:55.584746.584746 cuda_h.py:27] end prepare_group_stack cost 0.419 ms
DEBUG 04-24 11:15:55.584552.584552 cuda_h.py:27] end prepare_group_stack cost 0.659 ms
DEBUG 04-24 11:15:55.585041.585041 cuda_h.py:27] end group stack cost 0.574 ms
DEBUG 04-24 11:15:55.585458.585458 cuda_h.py:27] end prepare_group_stack cost 0.429 ms
DEBUG 04-24 11:15:55.585362.585362 cuda_h.py:27] end move_flatidxs_group_fused_mp cost 1.417 ms
DEBUG 04-24 11:15:55.585378.585378 cuda_h.py:27] end get_fused_experts_names_w cost 0.025 ms
DEBUG 04-24 11:15:55.585640.585640 cuda_h.py:27] end prepare_group_stack cost 0.597 ms
DEBUG 04-24 11:15:55.585916.585916 sllm_store_c.py:27] get device uuid map
DEBUG 04-24 11:15:55.586879.586879 sllm_store_c.py:29] call client load into gpu
DEBUG 04-24 11:15:55.586272.586272 cuda_h.py:27] end restore_fused_tensors cost 0.545 ms
DEBUG 04-24 11:15:55.586695.586695 cuda_h.py:27] end group_fused_tensors_mp cost 0.789 ms
DEBUG 04-24 11:15:55.586896.586896 cuda_h.py:27] end group stack cost 0.932 ms
DEBUG 04-24 11:15:55.586965.586965 cuda_h.py:27] end move_flatidxs_group_fused_mp cost 1.555 ms
DEBUG 04-24 11:15:55.586173.586173 cuda_h.py:27] end get_fused_experts_names_w cost 0.022 ms
DEBUG 04-24 11:15:55.586671.586671 cuda_h.py:27] end group stack cost 1.713 ms
DEBUG 04-24 11:15:55.587652.587652 cuda_h.py:27] end restore_fused_tensors cost 0.423 ms
DEBUG 04-24 11:15:55.587673.587673 cuda_h.py:27] end group_fused_tensors_mp cost 0.536 ms
DEBUG 04-24 11:15:55.587638.587638 cuda_h.py:27] end move_flatidxs_group_fused_mp cost 3.076 ms
DEBUG 04-24 11:15:55.587660.587660 cuda_h.py:27] end get_fused_experts_names_w cost 0.051 ms
DEBUG 04-24 11:15:55.587744.587744 cuda_h.py:27] end group stack cost 1.894 ms
DEBUG 04-24 11:15:55.588323.588323 cuda_h.py:27] end move_flatidxs_group_fused_mp cost 3.025 ms
DEBUG 04-24 11:15:55.588266.588266 cuda_h.py:27] end restore2model cost 0.726 ms
DEBUG 04-24 11:15:55.588688.588688 cuda_h.py:27] end get_fused_experts_names_w cost 0.038 ms
DEBUG 04-24 11:15:55.588279.588279 cuda_h.py:27] end sllm_worker_task cost 11.165 ms
DEBUG 04-24 11:15:55.589545.589545 cuda_h.py:27] end load_into_gpu_async_fused_experts_dual cost 3.342 ms
DEBUG 04-24 11:15:55.589245.589245 cuda_h.py:27] end restore_fused_tensors cost 1.088 ms
DEBUG 04-24 11:15:55.589298.589298 cuda_h.py:27] end group_fused_tensors_mp cost 1.687 ms
DEBUG 04-24 11:15:55.589089.589089 cuda_h.py:27] end restore_tensors2_fused_experts_packed cost 0.136 ms
DEBUG 04-24 11:15:55.589495.589495 cuda_h.py:27] end restore_fused_tensors cost 1.060 ms
DEBUG 04-24 11:15:55.589433.589433 cuda_h.py:27] end group_fused_tensors_mp cost 1.329 ms
DEBUG 04-24 11:15:55.589290.589290 cuda_h.py:27] end restore_tensors2_fused_experts_slices cost 0.411 ms
DEBUG 04-24 11:15:55.590220.590220 cuda_h.py:27] end allocate_experts_cuda_memory_and_restore_model_multi_device_fused cost 7.123 ms
DEBUG 04-24 11:15:55.590242.590242 cuda_h.py:27] end gpu_sexperts cost 0.009 ms
DEBUG 04-24 11:15:55.590032.590032 cuda_h.py:27] end wait_load_qkvogn_s_weight cost 0.020 ms
DEBUG 04-24 11:15:55.596513.596513 mlpmodule.py:3373] [fused_group_bmm][steps] bmm1=4.562 ms split=0.086 ms act_mul=0.612 ms bmm2=4.952 ms
DEBUG 04-24 11:15:55.597888.597888 cuda_h.py:27] end fused_group_bmm cost 10.575 ms
DEBUG 04-24 11:15:55.597669.597669 cuda_h.py:27] end gather_outputs_group_fused_mp cost 0.513 ms
DEBUG 04-24 11:15:55.598815.598815 cuda_h.py:27] end cpu_experts_worker_bmm_or_einsum_0 cost 15.270 ms
DEBUG 04-24 11:15:55.601359.601359 mlpmodule.py:3373] [fused_group_bmm][steps] bmm1=7.868 ms split=0.280 ms act_mul=0.635 ms bmm2=5.119 ms
DEBUG 04-24 11:15:55.601652.601652 cuda_h.py:27] end fused_group_bmm cost 14.193 ms
DEBUG 04-24 11:15:55.602054.602054 mlpmodule.py:3373] [fused_group_bmm][steps] bmm1=8.118 ms split=0.103 ms act_mul=0.316 ms bmm2=3.608 ms
DEBUG 04-24 11:15:55.602602.602602 cuda_h.py:27] end gather_outputs_group_fused_mp cost 0.437 ms
DEBUG 04-24 11:15:55.602485.602485 cuda_h.py:27] end fused_group_bmm cost 12.600 ms
DEBUG 04-24 11:15:55.603122.603122 cuda_h.py:27] end cpu_experts_worker_bmm_or_einsum_2 cost 19.121 ms
DEBUG 04-24 11:15:55.603818.603818 cuda_h.py:27] end gather_outputs_group_fused_mp cost 0.399 ms
DEBUG 04-24 11:15:55.604446.604446 cuda_h.py:27] end cpu_experts_worker_bmm_or_einsum_1 cost 19.941 ms
DEBUG 04-24 11:15:55.604282.604282 mlpmodule.py:3373] [fused_group_bmm][steps] bmm1=10.019 ms split=0.210 ms act_mul=0.499 ms bmm2=4.515 ms
DEBUG 04-24 11:15:55.605241.605241 cuda_h.py:27] end fused_group_bmm cost 15.451 ms
DEBUG 04-24 11:15:55.605329.605329 cuda_h.py:27] end gather_outputs_group_fused_mp cost 0.390 ms
DEBUG 04-24 11:15:55.606890.606890 cuda_h.py:27] end cpu_experts_worker_bmm_or_einsum_3 cost 22.882 ms
DEBUG 04-24 11:15:55.606142.606142 cuda_h.py:27] end prepare_per_device_parameters cost 16.405 ms
DEBUG 04-24 11:15:55.609474.609474 cuda_h.py:27] end cpu_experts_scatter_reduce cost 0.571 ms
DEBUG 04-24 11:15:55.609828.609828 cuda_h.py:27] end cpu_thread_manager_mp_wait_fused cost 2.565 ms
DEBUG 04-24 11:15:55.610813.610813 cuda_h.py:27] end wait_experts_multi_device cost 1.285 ms
DEBUG 04-24 11:15:55.610702.610702 cuda_h.py:27] end *before fused experts* cost 27.851 ms
DEBUG 04-24 11:15:55.614793.614793 cuda_h.py:27] end gpu_experts_multi_device_fused cost 3.859 ms
DEBUG 04-24 11:15:55.614279.614279 cuda_h.py:27] end *gpu experts* cost 31.822 ms
DEBUG 04-24 11:15:55.615513.615513 cuda_h.py:27] end layer_moe_generate_mp_multi_device_fused_l_26 cost 34.471 ms
DEBUG 04-24 11:15:55.617357.617357 cuda_h.py:27] end *mlp cost 36.532 ms
DEBUG 04-24 11:15:55.617109.617109 cuda_h.py:27] end prefill_layer cost 39.827 ms
DEBUG 04-24 11:15:55.617811.617811 lmp.py:341] -------------------------------- end prefill layer 25 --------------------------------
DEBUG 04-24 11:15:55.617176.617176 lmp.py:294] -------------------------------- start prefill layer 26 --------------------------------
DEBUG 04-24 11:15:55.617755.617755 cuda_h.py:27] end start_load_qkvogn_s_weight_l_27 cost 0.042 ms
DEBUG 04-24 11:15:55.617774.617774 cuda_h.py:27] end allocate_cuda_memory cost 0.279 ms
DEBUG 04-24 11:15:55.617585.617585 sllm_store_c.py:27] get device uuid map
DEBUG 04-24 11:15:55.618448.618448 sllm_store_c.py:29] call client load into gpu
DEBUG 04-24 11:15:55.619720.619720 cuda_h.py:27] end load_into_gpu_async cost 1.679 ms
DEBUG 04-24 11:15:55.619880.619880 cuda_h.py:27] end restore_tensors2 cost 0.113 ms
DEBUG 04-24 11:15:55.620475.620475 cuda_h.py:27] end allocate_cuda_memory_and_load_into_gpu cost 2.653 ms
DEBUG 04-24 11:15:55.620424.620424 cuda_h.py:27] end **self_attn cost 1.618 ms
DEBUG 04-24 11:15:55.620317.620317 cuda_h.py:27] end *iln_self_attn_paln cost 3.377 ms
DEBUG 04-24 11:15:55.621974.621974 cuda_h.py:27] end gate cost 0.545 ms
DEBUG 04-24 11:15:55.621893.621893 cuda_h.py:27] end experts_map_get cost 0.273 ms
DEBUG 04-24 11:15:55.621014.621014 cuda_h.py:27] end *before experts start* cost 0.971 ms
DEBUG 04-24 11:15:55.621995.621995 cuda_h.py:27] end cpu_experts_submit_fused_mp cost 0.204 ms
DEBUG 04-24 11:15:55.623505.623505 cuda_h.py:27] end *single cpu experts* cost 1.383 ms
DEBUG 04-24 11:15:55.806228.806228 cuda_h.py:27] end prepare_group_stack cost 0.549 ms
DEBUG 04-24 11:15:55.806400.806400 cuda_h.py:27] end prepare_group_stack cost 0.537 ms
DEBUG 04-24 11:15:55.806674.806674 cuda_h.py:27] end prepare_group_stack cost 0.701 ms
DEBUG 04-24 11:15:55.806269.806269 cuda_h.py:27] end prepare_group_stack cost 0.707 ms
DEBUG 04-24 11:15:55.806223.806223 cuda_h.py:27] end group stack cost 0.676 ms
DEBUG 04-24 11:15:55.807365.807365 cuda_h.py:27] end move_flatidxs_group_fused_mp cost 1.526 ms
DEBUG 04-24 11:15:55.807622.807622 cuda_h.py:27] end get_fused_experts_names_w cost 0.021 ms
DEBUG 04-24 11:15:55.807668.807668 cuda_h.py:27] end group stack cost 0.880 ms
DEBUG 04-24 11:15:55.807193.807193 cuda_h.py:27] end move_flatidxs_group_fused_mp cost 1.896 ms
DEBUG 04-24 11:15:55.807868.807868 sllm_store_c.py:27] get device uuid map
DEBUG 04-24 11:15:55.807112.807112 cuda_h.py:27] end get_fused_experts_names_w cost 0.033 ms
DEBUG 04-24 11:15:55.807141.807141 sllm_store_c.py:29] call client load into gpu
DEBUG 04-24 11:15:55.807352.807352 cuda_h.py:27] end restore_fused_tensors cost 0.602 ms
DEBUG 04-24 11:15:55.808408.808408 cuda_h.py:27] end group_fused_tensors_mp cost 0.953 ms
DEBUG 04-24 11:15:55.808718.808718 cuda_h.py:27] end restore_fused_tensors cost 0.838 ms
DEBUG 04-24 11:15:55.808857.808857 cuda_h.py:27] end group stack cost 1.777 ms
DEBUG 04-24 11:15:55.808490.808490 cuda_h.py:27] end group_fused_tensors_mp cost 1.052 ms
DEBUG 04-24 11:15:55.808122.808122 cuda_h.py:27] end group stack cost 1.933 ms
DEBUG 04-24 11:15:55.809210.809210 cuda_h.py:27] end move_flatidxs_group_fused_mp cost 3.532 ms
DEBUG 04-24 11:15:55.809220.809220 cuda_h.py:27] end move_flatidxs_group_fused_mp cost 3.417 ms
DEBUG 04-24 11:15:55.809489.809489 cuda_h.py:27] end get_fused_experts_names_w cost 0.042 ms
DEBUG 04-24 11:15:55.809398.809398 cuda_h.py:27] end get_fused_experts_names_w cost 0.049 ms
DEBUG 04-24 11:15:55.810338.810338 cuda_h.py:27] end restore_fused_tensors cost 1.114 ms
DEBUG 04-24 11:15:55.810568.810568 cuda_h.py:27] end group_fused_tensors_mp cost 1.408 ms
DEBUG 04-24 11:15:55.811574.811574 cuda_h.py:27] end restore_fused_tensors cost 1.170 ms
DEBUG 04-24 11:15:55.811466.811466 cuda_h.py:27] end group_fused_tensors_mp cost 1.894 ms
DEBUG 04-24 11:15:55.814423.814423 cuda_h.py:27] end restore2model cost 1.007 ms
DEBUG 04-24 11:15:55.814783.814783 cuda_h.py:27] end sllm_worker_task cost 196.984 ms
DEBUG 04-24 11:15:55.816952.816952 cuda_h.py:27] end load_into_gpu_async_fused_experts_dual cost 9.253 ms
DEBUG 04-24 11:15:55.817343.817343 cuda_h.py:27] end restore_tensors2_fused_experts_packed cost 0.137 ms
DEBUG 04-24 11:15:55.817856.817856 cuda_h.py:27] end restore_tensors2_fused_experts_slices cost 0.407 ms
DEBUG 04-24 11:15:55.817576.817576 cuda_h.py:27] end allocate_experts_cuda_memory_and_restore_model_multi_device_fused cost 194.686 ms
DEBUG 04-24 11:15:55.818606.818606 cuda_h.py:27] end gpu_sexperts cost 0.016 ms
DEBUG 04-24 11:15:55.818509.818509 cuda_h.py:27] end wait_load_qkvogn_s_weight cost 0.022 ms
DEBUG 04-24 11:15:55.819034.819034 mlpmodule.py:3373] [fused_group_bmm][steps] bmm1=7.411 ms split=0.112 ms act_mul=0.435 ms bmm2=3.403 ms
DEBUG 04-24 11:15:55.819796.819796 cuda_h.py:27] end fused_group_bmm cost 11.634 ms
DEBUG 04-24 11:15:55.819767.819767 mlpmodule.py:3373] [fused_group_bmm][steps] bmm1=6.870 ms split=0.122 ms act_mul=0.462 ms bmm2=3.302 ms
DEBUG 04-24 11:15:55.820731.820731 cuda_h.py:27] end fused_group_bmm cost 11.107 ms
DEBUG 04-24 11:15:55.820254.820254 cuda_h.py:27] end gather_outputs_group_fused_mp cost 0.396 ms
DEBUG 04-24 11:15:55.820485.820485 cuda_h.py:27] end cpu_experts_worker_bmm_or_einsum_1 cost 15.547 ms
DEBUG 04-24 11:15:55.820587.820587 cuda_h.py:27] end gather_outputs_group_fused_mp cost 0.398 ms
DEBUG 04-24 11:15:55.821696.821696 cuda_h.py:27] end cpu_experts_worker_bmm_or_einsum_0 cost 16.245 ms
DEBUG 04-24 11:15:55.821340.821340 mlpmodule.py:3373] [fused_group_bmm][steps] bmm1=6.480 ms split=0.111 ms act_mul=0.304 ms bmm2=3.215 ms
DEBUG 04-24 11:15:55.822572.822572 cuda_h.py:27] end fused_group_bmm cost 10.344 ms
DEBUG 04-24 11:15:55.822240.822240 cuda_h.py:27] end gather_outputs_group_fused_mp cost 0.481 ms
DEBUG 04-24 11:15:55.823181.823181 cuda_h.py:27] end cpu_experts_worker_bmm_or_einsum_3 cost 110.445 ms
DEBUG 04-24 11:15:55.824409.824409 mlpmodule.py:3373] [fused_group_bmm][steps] bmm1=7.708 ms split=0.153 ms act_mul=0.428 ms bmm2=4.712 ms
DEBUG 04-24 11:15:55.824569.824569 cuda_h.py:27] end fused_group_bmm cost 13.261 ms
DEBUG 04-24 11:15:55.824778.824778 cuda_h.py:27] end gather_outputs_group_fused_mp cost 0.452 ms
DEBUG 04-24 11:15:55.825299.825299 cuda_h.py:27] end cpu_experts_worker_bmm_or_einsum_2 cost 112.680 ms
DEBUG 04-24 11:15:55.830573.830573 cuda_h.py:27] end prepare_per_device_parameters cost 11.631 ms
DEBUG 04-24 11:15:55.833737.833737 cuda_h.py:27] end cpu_experts_scatter_reduce cost 0.596 ms
DEBUG 04-24 11:15:55.833263.833263 cuda_h.py:27] end cpu_thread_manager_mp_wait_fused cost 3.289 ms
DEBUG 04-24 11:15:55.836087.836087 cuda_h.py:27] end wait_experts_multi_device cost 2.643 ms
DEBUG 04-24 11:15:55.836652.836652 cuda_h.py:27] end *before fused experts* cost 213.006 ms
DEBUG 04-24 11:15:55.840064.840064 cuda_h.py:27] end gpu_experts_multi_device_fused cost 4.339 ms
DEBUG 04-24 11:15:55.840060.840060 cuda_h.py:27] end *gpu experts* cost 217.449 ms
DEBUG 04-24 11:15:55.840817.840817 cuda_h.py:27] end layer_moe_generate_mp_multi_device_fused_l_27 cost 219.962 ms
DEBUG 04-24 11:15:55.842697.842697 cuda_h.py:27] end *mlp cost 221.733 ms
DEBUG 04-24 11:15:55.842893.842893 cuda_h.py:27] end prefill_layer cost 225.316 ms
DEBUG 04-24 11:15:55.842272.842272 lmp.py:341] -------------------------------- end prefill layer 26 --------------------------------
DEBUG 04-24 11:15:55.842067.842067 lmp.py:294] -------------------------------- start prefill layer 27 --------------------------------
DEBUG 04-24 11:15:55.842414.842414 cuda_h.py:27] end start_load_qkvogn_s_weight_l_28 cost 0.045 ms
DEBUG 04-24 11:15:55.843670.843670 cuda_h.py:27] end allocate_cuda_memory cost 0.231 ms
DEBUG 04-24 11:15:55.843089.843089 sllm_store_c.py:27] get device uuid map
DEBUG 04-24 11:15:55.843824.843824 sllm_store_c.py:29] call client load into gpu
DEBUG 04-24 11:15:55.845615.845615 cuda_h.py:27] end load_into_gpu_async cost 1.861 ms
DEBUG 04-24 11:15:55.845945.845945 cuda_h.py:27] end restore_tensors2 cost 0.102 ms
DEBUG 04-24 11:15:55.845430.845430 cuda_h.py:27] end allocate_cuda_memory_and_load_into_gpu cost 2.601 ms
DEBUG 04-24 11:15:55.845078.845078 cuda_h.py:27] end **self_attn cost 1.669 ms
DEBUG 04-24 11:15:55.845769.845769 cuda_h.py:27] end *iln_self_attn_paln cost 3.334 ms
DEBUG 04-24 11:15:55.846927.846927 cuda_h.py:27] end gate cost 0.591 ms
DEBUG 04-24 11:15:55.847166.847166 cuda_h.py:27] end experts_map_get cost 0.335 ms
DEBUG 04-24 11:15:55.847049.847049 cuda_h.py:27] end *before experts start* cost 1.081 ms
DEBUG 04-24 11:15:55.847189.847189 cuda_h.py:27] end cpu_experts_submit_fused_mp cost 0.216 ms
DEBUG 04-24 11:15:55.848155.848155 cuda_h.py:27] end *single cpu experts* cost 1.765 ms
DEBUG 04-24 11:15:55.850929.850929 cuda_h.py:27] end prepare_group_stack cost 0.432 ms
DEBUG 04-24 11:15:55.851852.851852 cuda_h.py:27] end prepare_group_stack cost 0.466 ms
DEBUG 04-24 11:15:55.851096.851096 sllm_store_c.py:27] get device uuid map
DEBUG 04-24 11:15:55.851551.851551 sllm_store_c.py:29] call client load into gpu
DEBUG 04-24 11:15:55.851334.851334 cuda_h.py:27] end group stack cost 0.696 ms
DEBUG 04-24 11:15:55.851437.851437 cuda_h.py:27] end move_flatidxs_group_fused_mp cost 1.394 ms
DEBUG 04-24 11:15:55.852240.852240 cuda_h.py:27] end get_fused_experts_names_w cost 0.024 ms
DEBUG 04-24 11:15:55.852815.852815 cuda_h.py:27] end group stack cost 0.939 ms
DEBUG 04-24 11:15:55.852518.852518 cuda_h.py:27] end prepare_group_stack cost 0.513 ms
DEBUG 04-24 11:15:55.852607.852607 cuda_h.py:27] end move_flatidxs_group_fused_mp cost 1.681 ms
DEBUG 04-24 11:15:55.852643.852643 cuda_h.py:27] end get_fused_experts_names_w cost 0.026 ms
DEBUG 04-24 11:15:55.852516.852516 cuda_h.py:27] end prepare_group_stack cost 0.679 ms
DEBUG 04-24 11:15:55.852752.852752 cuda_h.py:27] end restore_fused_tensors cost 0.604 ms
DEBUG 04-24 11:15:55.852977.852977 cuda_h.py:27] end group_fused_tensors_mp cost 0.887 ms
DEBUG 04-24 11:15:55.853578.853578 cuda_h.py:27] end restore_fused_tensors cost 0.595 ms
DEBUG 04-24 11:15:55.853528.853528 cuda_h.py:27] end group stack cost 0.980 ms
DEBUG 04-24 11:15:55.853355.853355 cuda_h.py:27] end group_fused_tensors_mp cost 1.117 ms
DEBUG 04-24 11:15:55.853999.853999 cuda_h.py:27] end move_flatidxs_group_fused_mp cost 1.870 ms
DEBUG 04-24 11:15:55.853672.853672 cuda_h.py:27] end get_fused_experts_names_w cost 0.028 ms
DEBUG 04-24 11:15:55.854934.854934 cuda_h.py:27] end restore_fused_tensors cost 0.657 ms
DEBUG 04-24 11:15:55.854052.854052 cuda_h.py:27] end group stack cost 1.776 ms
DEBUG 04-24 11:15:55.854871.854871 cuda_h.py:27] end group_fused_tensors_mp cost 1.020 ms
DEBUG 04-24 11:15:55.854259.854259 cuda_h.py:27] end move_flatidxs_group_fused_mp cost 2.909 ms
DEBUG 04-24 11:15:55.854929.854929 cuda_h.py:27] end restore2model cost 1.178 ms
DEBUG 04-24 11:15:55.855414.855414 cuda_h.py:27] end get_fused_experts_names_w cost 0.047 ms
DEBUG 04-24 11:15:55.855606.855606 cuda_h.py:27] end sllm_worker_task cost 12.397 ms
DEBUG 04-24 11:15:55.855783.855783 cuda_h.py:27] end load_into_gpu_async_fused_experts_dual cost 3.907 ms
DEBUG 04-24 11:15:55.856066.856066 cuda_h.py:27] end restore_tensors2_fused_experts_packed cost 0.199 ms
DEBUG 04-24 11:15:55.856962.856962 cuda_h.py:27] end restore_fused_tensors cost 0.859 ms
DEBUG 04-24 11:15:55.856937.856937 cuda_h.py:27] end group_fused_tensors_mp cost 1.638 ms
DEBUG 04-24 11:15:55.856497.856497 cuda_h.py:27] end restore_tensors2_fused_experts_slices cost 0.442 ms
DEBUG 04-24 11:15:55.857910.857910 cuda_h.py:27] end allocate_experts_cuda_memory_and_restore_model_multi_device_fused cost 8.039 ms
DEBUG 04-24 11:15:55.857007.857007 cuda_h.py:27] end gpu_sexperts cost 0.023 ms
DEBUG 04-24 11:15:55.857839.857839 cuda_h.py:27] end wait_load_qkvogn_s_weight cost 0.051 ms
DEBUG 04-24 11:15:55.863477.863477 mlpmodule.py:3373] [fused_group_bmm][steps] bmm1=5.679 ms split=0.152 ms act_mul=0.385 ms bmm2=3.959 ms
DEBUG 04-24 11:15:55.863362.863362 cuda_h.py:27] end fused_group_bmm cost 10.504 ms
DEBUG 04-24 11:15:55.863074.863074 mlpmodule.py:3373] [fused_group_bmm][steps] bmm1=5.887 ms split=0.085 ms act_mul=0.279 ms bmm2=3.762 ms
DEBUG 04-24 11:15:55.863639.863639 cuda_h.py:27] end fused_group_bmm cost 10.320 ms
DEBUG 04-24 11:15:55.864550.864550 cuda_h.py:27] end gather_outputs_group_fused_mp cost 0.395 ms
DEBUG 04-24 11:15:55.864636.864636 cuda_h.py:27] end cpu_experts_worker_bmm_or_einsum_0 cost 14.893 ms
DEBUG 04-24 11:15:55.864305.864305 cuda_h.py:27] end gather_outputs_group_fused_mp cost 0.352 ms
DEBUG 04-24 11:15:55.865704.865704 cuda_h.py:27] end cpu_experts_worker_bmm_or_einsum_1 cost 15.721 ms
DEBUG 04-24 11:15:55.868821.868821 mlpmodule.py:3373] [fused_group_bmm][steps] bmm1=9.264 ms split=0.112 ms act_mul=0.318 ms bmm2=4.393 ms
DEBUG 04-24 11:15:55.869192.869192 cuda_h.py:27] end fused_group_bmm cost 14.323 ms
DEBUG 04-24 11:15:55.869710.869710 mlpmodule.py:3373] [fused_group_bmm][steps] bmm1=8.004 ms split=0.117 ms act_mul=0.405 ms bmm2=3.799 ms
DEBUG 04-24 11:15:55.869153.869153 cuda_h.py:27] end gather_outputs_group_fused_mp cost 0.381 ms
DEBUG 04-24 11:15:55.869471.869471 cuda_h.py:27] end fused_group_bmm cost 12.740 ms
DEBUG 04-24 11:15:55.870856.870856 cuda_h.py:27] end cpu_experts_worker_bmm_or_einsum_2 cost 19.716 ms
DEBUG 04-24 11:15:55.870487.870487 cuda_h.py:27] end gather_outputs_group_fused_mp cost 0.413 ms
DEBUG 04-24 11:15:55.870386.870386 cuda_h.py:27] end cpu_experts_worker_bmm_or_einsum_3 cost 20.407 ms
DEBUG 04-24 11:15:55.871803.871803 cuda_h.py:27] end prepare_per_device_parameters cost 13.876 ms
DEBUG 04-24 11:15:55.873876.873876 cuda_h.py:27] end cpu_experts_scatter_reduce cost 0.593 ms
DEBUG 04-24 11:15:55.873316.873316 cuda_h.py:27] end cpu_thread_manager_mp_wait_fused cost 2.146 ms
DEBUG 04-24 11:15:55.876704.876704 cuda_h.py:27] end wait_experts_multi_device cost 2.636 ms
DEBUG 04-24 11:15:55.876169.876169 cuda_h.py:27] end *before fused experts* cost 27.657 ms
DEBUG 04-24 11:15:55.880306.880306 cuda_h.py:27] end gpu_experts_multi_device_fused cost 3.856 ms
DEBUG 04-24 11:15:55.880607.880607 cuda_h.py:27] end *gpu experts* cost 31.631 ms
DEBUG 04-24 11:15:55.880987.880987 cuda_h.py:27] end layer_moe_generate_mp_multi_device_fused_l_28 cost 34.638 ms
DEBUG 04-24 11:15:55.882053.882053 cuda_h.py:27] end *mlp cost 36.231 ms
DEBUG 04-24 11:15:55.882256.882256 cuda_h.py:27] end prefill_layer cost 39.850 ms
DEBUG 04-24 11:15:55.882866.882866 lmp.py:341] -------------------------------- end prefill layer 27 --------------------------------
DEBUG 04-24 11:15:55.882029.882029 lmp.py:294] -------------------------------- start prefill layer 28 --------------------------------
DEBUG 04-24 11:15:55.882999.882999 cuda_h.py:27] end start_load_qkvogn_s_weight_l_29 cost 0.044 ms
DEBUG 04-24 11:15:55.883661.883661 cuda_h.py:27] end allocate_cuda_memory cost 0.241 ms
DEBUG 04-24 11:15:55.883487.883487 sllm_store_c.py:27] get device uuid map
DEBUG 04-24 11:15:55.883425.883425 sllm_store_c.py:29] call client load into gpu
DEBUG 04-24 11:15:55.885848.885848 cuda_h.py:27] end **self_attn cost 1.456 ms
DEBUG 04-24 11:15:55.885124.885124 cuda_h.py:27] end load_into_gpu_async cost 1.802 ms
DEBUG 04-24 11:15:55.885946.885946 cuda_h.py:27] end *iln_self_attn_paln cost 2.608 ms
DEBUG 04-24 11:15:55.885520.885520 cuda_h.py:27] end restore_tensors2 cost 0.091 ms
DEBUG 04-24 11:15:55.885070.885070 cuda_h.py:27] end allocate_cuda_memory_and_load_into_gpu cost 2.801 ms
DEBUG 04-24 11:15:55.886553.886553 cuda_h.py:27] end gate cost 0.672 ms
DEBUG 04-24 11:15:55.886381.886381 cuda_h.py:27] end experts_map_get cost 0.309 ms
DEBUG 04-24 11:15:55.886979.886979 cuda_h.py:27] end *before experts start* cost 1.138 ms
DEBUG 04-24 11:15:55.887458.887458 cuda_h.py:27] end cpu_experts_submit_fused_mp cost 0.219 ms
DEBUG 04-24 11:15:55.888656.888656 cuda_h.py:27] end *single cpu experts* cost 1.377 ms
DEBUG 04-24 11:15:55.889090.889090 cuda_h.py:27] end prepare_group_stack cost 0.455 ms
DEBUG 04-24 11:15:55.890271.890271 cuda_h.py:27] end prepare_group_stack cost 0.543 ms
DEBUG 04-24 11:15:55.890034.890034 sllm_store_c.py:27] get device uuid map
DEBUG 04-24 11:15:55.890196.890196 sllm_store_c.py:29] call client load into gpu
DEBUG 04-24 11:15:55.890774.890774 cuda_h.py:27] end group stack cost 0.739 ms
DEBUG 04-24 11:15:55.891085.891085 cuda_h.py:27] end move_flatidxs_group_fused_mp cost 1.527 ms
DEBUG 04-24 11:15:55.890521.890521 cuda_h.py:27] end prepare_group_stack cost 0.656 ms
DEBUG 04-24 11:15:55.891883.891883 cuda_h.py:27] end get_fused_experts_names_w cost 0.038 ms
DEBUG 04-24 11:15:55.891814.891814 cuda_h.py:27] end group stack cost 1.114 ms
DEBUG 04-24 11:15:55.891077.891077 cuda_h.py:27] end prepare_group_stack cost 0.756 ms
DEBUG 04-24 11:15:55.891915.891915 cuda_h.py:27] end move_flatidxs_group_fused_mp cost 2.021 ms
DEBUG 04-24 11:15:55.891878.891878 cuda_h.py:27] end get_fused_experts_names_w cost 0.021 ms
DEBUG 04-24 11:15:55.892396.892396 cuda_h.py:27] end restore_fused_tensors cost 0.747 ms
DEBUG 04-24 11:15:55.892317.892317 cuda_h.py:27] end restore_fused_tensors cost 0.598 ms
DEBUG 04-24 11:15:55.892544.892544 cuda_h.py:27] end group_fused_tensors_mp cost 1.197 ms
DEBUG 04-24 11:15:55.892458.892458 cuda_h.py:27] end group_fused_tensors_mp cost 0.733 ms
DEBUG 04-24 11:15:55.892051.892051 cuda_h.py:27] end group stack cost 1.191 ms
DEBUG 04-24 11:15:55.892972.892972 cuda_h.py:27] end move_flatidxs_group_fused_mp cost 2.495 ms
DEBUG 04-24 11:15:55.892673.892673 cuda_h.py:27] end get_fused_experts_names_w cost 0.037 ms
DEBUG 04-24 11:15:55.893285.893285 cuda_h.py:27] end group stack cost 2.097 ms
DEBUG 04-24 11:15:55.893021.893021 cuda_h.py:27] end move_flatidxs_group_fused_mp cost 3.444 ms
DEBUG 04-24 11:15:55.894182.894182 cuda_h.py:27] end restore_fused_tensors cost 1.054 ms
DEBUG 04-24 11:15:55.894692.894692 cuda_h.py:27] end group_fused_tensors_mp cost 1.389 ms
DEBUG 04-24 11:15:55.894932.894932 cuda_h.py:27] end get_fused_experts_names_w cost 0.049 ms
DEBUG 04-24 11:15:55.895135.895135 cuda_h.py:27] end restore_fused_tensors cost 0.993 ms
DEBUG 04-24 11:15:55.895890.895890 cuda_h.py:27] end group_fused_tensors_mp cost 1.341 ms
DEBUG 04-24 11:15:55.899606.899606 cuda_h.py:27] end restore2model cost 2.040 ms
DEBUG 04-24 11:15:55.900629.900629 cuda_h.py:27] end load_into_gpu_async_fused_experts_dual cost 10.048 ms
DEBUG 04-24 11:15:55.900609.900609 mlpmodule.py:3373] [fused_group_bmm][steps] bmm1=4.431 ms split=0.101 ms act_mul=0.423 ms bmm2=3.117 ms
DEBUG 04-24 11:15:55.900060.900060 cuda_h.py:27] end fused_group_bmm cost 8.532 ms
DEBUG 04-24 11:15:55.900293.900293 cuda_h.py:27] end sllm_worker_task cost 17.396 ms
DEBUG 04-24 11:15:55.901998.901998 cuda_h.py:27] end restore_tensors2_fused_experts_packed cost 0.151 ms
DEBUG 04-24 11:15:55.901318.901318 cuda_h.py:27] end gather_outputs_group_fused_mp cost 0.556 ms
DEBUG 04-24 11:15:55.901947.901947 cuda_h.py:27] end restore_tensors2_fused_experts_slices cost 0.477 ms
DEBUG 04-24 11:15:55.902635.902635 cuda_h.py:27] end allocate_experts_cuda_memory_and_restore_model_multi_device_fused cost 13.747 ms
DEBUG 04-24 11:15:55.902780.902780 cuda_h.py:27] end cpu_experts_worker_bmm_or_einsum_0 cost 13.933 ms
DEBUG 04-24 11:15:55.902275.902275 cuda_h.py:27] end gpu_sexperts cost 0.008 ms
DEBUG 04-24 11:15:55.902410.902410 cuda_h.py:27] end wait_load_qkvogn_s_weight cost 0.018 ms
DEBUG 04-24 11:15:55.902907.902907 mlpmodule.py:3373] [fused_group_bmm][steps] bmm1=6.731 ms split=0.174 ms act_mul=0.563 ms bmm2=3.003 ms
DEBUG 04-24 11:15:55.903098.903098 cuda_h.py:27] end fused_group_bmm cost 10.670 ms
DEBUG 04-24 11:15:55.903717.903717 cuda_h.py:27] end gather_outputs_group_fused_mp cost 0.435 ms
DEBUG 04-24 11:15:55.904518.904518 cuda_h.py:27] end cpu_experts_worker_bmm_or_einsum_2 cost 15.789 ms
DEBUG 04-24 11:15:55.906118.906118 mlpmodule.py:3373] [fused_group_bmm][steps] bmm1=7.723 ms split=0.094 ms act_mul=0.419 ms bmm2=3.827 ms
DEBUG 04-24 11:15:55.906926.906926 cuda_h.py:27] end fused_group_bmm cost 12.313 ms
DEBUG 04-24 11:15:55.907837.907837 cuda_h.py:27] end gather_outputs_group_fused_mp cost 0.440 ms
DEBUG 04-24 11:15:55.907638.907638 cuda_h.py:27] end cpu_experts_worker_bmm_or_einsum_1 cost 18.382 ms
DEBUG 04-24 11:15:55.908116.908116 mlpmodule.py:3373] [fused_group_bmm][steps] bmm1=6.752 ms split=0.102 ms act_mul=0.314 ms bmm2=5.189 ms
DEBUG 04-24 11:15:55.908830.908830 cuda_h.py:27] end fused_group_bmm cost 12.561 ms
DEBUG 04-24 11:15:55.908654.908654 cuda_h.py:27] end gather_outputs_group_fused_mp cost 0.405 ms
DEBUG 04-24 11:15:55.909943.909943 cuda_h.py:27] end cpu_experts_worker_bmm_or_einsum_3 cost 19.977 ms
DEBUG 04-24 11:15:55.916943.916943 cuda_h.py:27] end prepare_per_device_parameters cost 13.395 ms
DEBUG 04-24 11:15:55.917565.917565 cuda_h.py:27] end cpu_experts_scatter_reduce cost 0.575 ms
DEBUG 04-24 11:15:55.917706.917706 cuda_h.py:27] end cpu_thread_manager_mp_wait_fused cost 1.759 ms
DEBUG 04-24 11:15:55.919041.919041 cuda_h.py:27] end wait_experts_multi_device cost 1.440 ms
DEBUG 04-24 11:15:55.919069.919069 cuda_h.py:27] end *before fused experts* cost 31.068 ms
DEBUG 04-24 11:15:55.923963.923963 cuda_h.py:27] end gpu_experts_multi_device_fused cost 3.925 ms
DEBUG 04-24 11:15:55.923058.923058 cuda_h.py:27] end *gpu experts* cost 35.098 ms
DEBUG 04-24 11:15:55.923484.923484 cuda_h.py:27] end layer_moe_generate_mp_multi_device_fused_l_29 cost 37.780 ms
DEBUG 04-24 11:15:55.925140.925140 cuda_h.py:27] end *mlp cost 39.350 ms
DEBUG 04-24 11:15:55.925660.925660 cuda_h.py:27] end prefill_layer cost 42.353 ms
DEBUG 04-24 11:15:55.925707.925707 lmp.py:341] -------------------------------- end prefill layer 28 --------------------------------
DEBUG 04-24 11:15:55.925264.925264 lmp.py:294] -------------------------------- start prefill layer 29 --------------------------------
DEBUG 04-24 11:15:55.927796.927796 cuda_h.py:27] end **self_attn cost 1.574 ms
DEBUG 04-24 11:15:55.927876.927876 cuda_h.py:27] end *iln_self_attn_paln cost 2.040 ms
DEBUG 04-24 11:15:55.928763.928763 cuda_h.py:27] end gate cost 0.542 ms
DEBUG 04-24 11:15:55.928173.928173 cuda_h.py:27] end experts_map_get cost 0.285 ms
DEBUG 04-24 11:15:55.928056.928056 cuda_h.py:27] end *before experts start* cost 0.979 ms
DEBUG 04-24 11:15:55.928098.928098 cuda_h.py:27] end cpu_experts_submit_fused_mp cost 0.249 ms
DEBUG 04-24 11:15:55.930173.930173 cuda_h.py:27] end *single cpu experts* cost 1.705 ms
DEBUG 04-24 11:15:55.931117.931117 cuda_h.py:27] end prepare_group_stack cost 0.437 ms
DEBUG 04-24 11:15:55.931523.931523 cuda_h.py:27] end prepare_group_stack cost 0.571 ms
DEBUG 04-24 11:15:55.931364.931364 sllm_store_c.py:27] get device uuid map
DEBUG 04-24 11:15:55.931227.931227 sllm_store_c.py:29] call client load into gpu
DEBUG 04-24 11:15:55.931729.931729 cuda_h.py:27] end prepare_group_stack cost 0.656 ms
DEBUG 04-24 11:15:55.932821.932821 cuda_h.py:27] end prepare_group_stack cost 0.646 ms
DEBUG 04-24 11:15:55.932860.932860 cuda_h.py:27] end group stack cost 1.047 ms
DEBUG 04-24 11:15:55.932473.932473 cuda_h.py:27] end move_flatidxs_group_fused_mp cost 1.813 ms
DEBUG 04-24 11:15:55.933209.933209 cuda_h.py:27] end get_fused_experts_names_w cost 0.028 ms
DEBUG 04-24 11:15:55.933930.933930 cuda_h.py:27] end group stack cost 1.293 ms
DEBUG 04-24 11:15:55.933274.933274 cuda_h.py:27] end move_flatidxs_group_fused_mp cost 2.281 ms
DEBUG 04-24 11:15:55.933649.933649 cuda_h.py:27] end get_fused_experts_names_w cost 0.036 ms
DEBUG 04-24 11:15:55.933785.933785 cuda_h.py:27] end group stack cost 1.315 ms
DEBUG 04-24 11:15:55.933421.933421 cuda_h.py:27] end group stack cost 1.474 ms
DEBUG 04-24 11:15:55.933000.933000 cuda_h.py:27] end restore_fused_tensors cost 0.803 ms
DEBUG 04-24 11:15:55.934446.934446 cuda_h.py:27] end group_fused_tensors_mp cost 0.980 ms
DEBUG 04-24 11:15:55.934903.934903 cuda_h.py:27] end move_flatidxs_group_fused_mp cost 2.528 ms
DEBUG 04-24 11:15:55.934216.934216 cuda_h.py:27] end move_flatidxs_group_fused_mp cost 2.759 ms
DEBUG 04-24 11:15:55.934451.934451 cuda_h.py:27] end get_fused_experts_names_w cost 0.036 ms
DEBUG 04-24 11:15:55.934661.934661 cuda_h.py:27] end get_fused_experts_names_w cost 0.047 ms
DEBUG 04-24 11:15:55.934204.934204 cuda_h.py:27] end restore_fused_tensors cost 1.050 ms
DEBUG 04-24 11:15:55.934610.934610 cuda_h.py:27] end group_fused_tensors_mp cost 1.451 ms
DEBUG 04-24 11:15:55.935791.935791 cuda_h.py:27] end load_into_gpu_async_fused_experts_dual cost 3.266 ms
DEBUG 04-24 11:15:55.935808.935808 cuda_h.py:27] end restore_tensors2_fused_experts_packed cost 0.064 ms
DEBUG 04-24 11:15:55.935981.935981 cuda_h.py:27] end restore_fused_tensors cost 1.083 ms
DEBUG 04-24 11:15:55.935153.935153 cuda_h.py:27] end restore_tensors2_fused_experts_slices cost 0.348 ms
DEBUG 04-24 11:15:55.935326.935326 cuda_h.py:27] end group_fused_tensors_mp cost 1.842 ms
DEBUG 04-24 11:15:55.936653.936653 cuda_h.py:27] end allocate_experts_cuda_memory_and_restore_model_multi_device_fused cost 5.550 ms
DEBUG 04-24 11:15:55.936748.936748 cuda_h.py:27] end gpu_sexperts cost 0.008 ms
DEBUG 04-24 11:15:55.936539.936539 cuda_h.py:27] end restore_fused_tensors cost 1.262 ms
DEBUG 04-24 11:15:55.936802.936802 cuda_h.py:27] end group_fused_tensors_mp cost 2.089 ms
DEBUG 04-24 11:15:55.944952.944952 mlpmodule.py:3373] [fused_group_bmm][steps] bmm1=5.770 ms split=0.176 ms act_mul=0.612 ms bmm2=3.764 ms
DEBUG 04-24 11:15:55.945814.945814 cuda_h.py:27] end fused_group_bmm cost 10.823 ms
DEBUG 04-24 11:15:55.945589.945589 cuda_h.py:27] end gather_outputs_group_fused_mp cost 0.548 ms
DEBUG 04-24 11:15:55.946285.946285 mlpmodule.py:3373] [fused_group_bmm][steps] bmm1=6.740 ms split=0.123 ms act_mul=0.322 ms bmm2=3.635 ms
DEBUG 04-24 11:15:55.946026.946026 cuda_h.py:27] end cpu_experts_worker_bmm_or_einsum_0 cost 15.534 ms
DEBUG 04-24 11:15:55.946266.946266 cuda_h.py:27] end fused_group_bmm cost 11.086 ms
DEBUG 04-24 11:15:55.946979.946979 cuda_h.py:27] end gather_outputs_group_fused_mp cost 0.462 ms
DEBUG 04-24 11:15:55.947529.947529 cuda_h.py:27] end cpu_experts_worker_bmm_or_einsum_1 cost 16.944 ms
DEBUG 04-24 11:15:55.947131.947131 cuda_h.py:27] end prepare_per_device_parameters cost 11.405 ms
DEBUG 04-24 11:15:55.950634.950634 mlpmodule.py:3373] [fused_group_bmm][steps] bmm1=8.384 ms split=0.183 ms act_mul=0.445 ms bmm2=4.867 ms
DEBUG 04-24 11:15:55.950448.950448 cuda_h.py:27] end fused_group_bmm cost 14.087 ms
DEBUG 04-24 11:15:55.950246.950246 mlpmodule.py:3373] [fused_group_bmm][steps] bmm1=9.661 ms split=0.133 ms act_mul=0.302 ms bmm2=4.616 ms
DEBUG 04-24 11:15:55.951514.951514 cuda_h.py:27] end fused_group_bmm cost 15.061 ms
DEBUG 04-24 11:15:55.951449.951449 cuda_h.py:27] end gather_outputs_group_fused_mp cost 0.378 ms
DEBUG 04-24 11:15:55.951146.951146 cuda_h.py:27] end cpu_experts_worker_bmm_or_einsum_3 cost 20.961 ms
DEBUG 04-24 11:15:55.951375.951375 cuda_h.py:27] end gather_outputs_group_fused_mp cost 0.529 ms
DEBUG 04-24 11:15:55.952011.952011 cuda_h.py:27] end cpu_experts_worker_bmm_or_einsum_2 cost 21.403 ms
DEBUG 04-24 11:15:55.955691.955691 cuda_h.py:27] end cpu_experts_scatter_reduce cost 1.737 ms
DEBUG 04-24 11:15:55.956527.956527 cuda_h.py:27] end cpu_thread_manager_mp_wait_fused cost 8.084 ms
DEBUG 04-24 11:15:55.959709.959709 cuda_h.py:27] end wait_experts_multi_device cost 3.311 ms
DEBUG 04-24 11:15:55.959125.959125 cuda_h.py:27] end *before fused experts* cost 29.357 ms
DEBUG 04-24 11:15:55.970709.970709 cuda_h.py:27] end gpu_experts_multi_device_fused cost 9.915 ms
DEBUG 04-24 11:15:55.970810.970810 cuda_h.py:27] end *gpu experts* cost 39.911 ms
DEBUG 04-24 11:15:55.970409.970409 cuda_h.py:27] end layer_moe_generate_mp_multi_device_fused_l_30 cost 42.779 ms
DEBUG 04-24 11:15:55.971949.971949 cuda_h.py:27] end *mlp cost 44.259 ms
DEBUG 04-24 11:15:55.972166.972166 cuda_h.py:27] end prefill_layer cost 46.902 ms
DEBUG 04-24 11:15:55.972102.972102 lmp.py:341] -------------------------------- end prefill layer 29 --------------------------------
DEBUG 04-24 11:15:55.972340.972340 cuda_h.py:27] end prefill cost 1663.020 ms
INFO 04-24 11:15:55.972651.972651 lmp.py:343] prefill time: 1.663207769393921 seconds
generate input ids cost 0.04718613624572754 s
DEBUG 04-24 11:16:02.138478.138478 cuda_h.py:27] end generate_input_ids cost 3487.779 ms
DEBUG 04-24 11:16:02.138359.138359 cuda_h.py:27] end init_cache cost 0.061 ms
DEBUG 04-24 11:16:02.138858.138858 cuda_h.py:27] end allocate_cuda_memory cost 0.406 ms
DEBUG 04-24 11:16:02.139927.139927 sllm_store_c.py:27] get device uuid map
DEBUG 04-24 11:16:02.139664.139664 sllm_store_c.py:29] call client load into gpu
DEBUG 04-24 11:16:02.141791.141791 cuda_h.py:27] end load_into_gpu_async cost 2.845 ms
DEBUG 04-24 11:16:02.142192.142192 cuda_h.py:27] end restore_tensors2 cost 0.050 ms
DEBUG 04-24 11:16:02.142048.142048 cuda_h.py:27] end allocate_cuda_memory_and_load_into_gpu cost 3.515 ms
DEBUG 04-24 11:16:02.142367.142367 cuda_h.py:27] end restore2model cost 0.206 ms
DEBUG 04-24 11:16:02.280287.280287 cuda_h.py:27] end allocate_cuda_memory cost 0.574 ms
DEBUG 04-24 11:16:02.280275.280275 sllm_store_c.py:27] get device uuid map
DEBUG 04-24 11:16:02.281405.281405 sllm_store_c.py:29] call client load into gpu
DEBUG 04-24 11:16:02.284683.284683 cuda_h.py:27] end load_into_gpu_async cost 3.100 ms
DEBUG 04-24 11:16:02.284498.284498 cuda_h.py:27] end restore_tensors2 cost 0.232 ms
DEBUG 04-24 11:16:02.284664.284664 cuda_h.py:27] end allocate_cuda_memory_and_load_into_gpu cost 4.782 ms
DEBUG 04-24 11:16:02.425105.425105 cuda_h.py:27] end restore2model cost 1.645 ms
DEBUG 04-24 11:16:02.425435.425435 cuda_h.py:27] end load_qkvogns_weight_l_0 cost 145.820 ms
DEBUG 04-24 11:16:02.425108.425108 cuda_h.py:27] end init_general_weights cost 286.958 ms
DEBUG 04-24 11:16:02.426647.426647 cuda_h.py:27] end init_inputs_tokens cost 0.859 ms
DEBUG 04-24 11:16:02.426441.426441 lmp.py:294] -------------------------------- start prefill layer 0 --------------------------------
DEBUG 04-24 11:16:02.427838.427838 cuda_h.py:27] end start_load_qkvogn_s_weight_l_1 cost 0.086 ms
DEBUG 04-24 11:16:02.427570.427570 cuda_h.py:27] end allocate_cuda_memory cost 0.474 ms
DEBUG 04-24 11:16:02.428001.428001 sllm_store_c.py:27] get device uuid map
DEBUG 04-24 11:16:02.428285.428285 sllm_store_c.py:29] call client load into gpu
DEBUG 04-24 11:16:02.431512.431512 cuda_h.py:27] end load_into_gpu_async cost 2.796 ms
DEBUG 04-24 11:16:02.431423.431423 cuda_h.py:27] end restore_tensors2 cost 0.186 ms
DEBUG 04-24 11:16:02.431417.431417 cuda_h.py:27] end allocate_cuda_memory_and_load_into_gpu cost 4.506 ms
DEBUG 04-24 11:16:02.434879.434879 cuda_h.py:27] end **self_attn cost 4.855 ms
DEBUG 04-24 11:16:02.435150.435150 cuda_h.py:27] end *iln_self_attn_paln cost 8.049 ms
DEBUG 04-24 11:16:02.436576.436576 cuda_h.py:27] end gate cost 1.645 ms
DEBUG 04-24 11:16:02.438520.438520 cuda_h.py:27] end experts_map_get cost 0.872 ms
DEBUG 04-24 11:16:02.438604.438604 cuda_h.py:27] end *before experts start* cost 2.917 ms
DEBUG 04-24 11:16:02.438390.438390 cuda_h.py:27] end cpu_experts_submit_fused_mp cost 0.635 ms
DEBUG 04-24 11:16:02.441026.441026 cuda_h.py:27] end prepare_group_stack cost 1.118 ms
DEBUG 04-24 11:16:02.442627.442627 cuda_h.py:27] end prepare_group_stack cost 1.121 ms
DEBUG 04-24 11:16:02.442668.442668 cuda_h.py:27] end *single cpu experts* cost 4.597 ms
DEBUG 04-24 11:16:02.442629.442629 cuda_h.py:27] end prepare_group_stack cost 1.253 ms
DEBUG 04-24 11:16:02.443528.443528 cuda_h.py:27] end group stack cost 1.503 ms
DEBUG 04-24 11:16:02.443017.443017 cuda_h.py:27] end move_flatidxs_group_fused_mp cost 3.259 ms
DEBUG 04-24 11:16:02.443148.443148 cuda_h.py:27] end prepare_group_stack cost 1.275 ms
DEBUG 04-24 11:16:02.444670.444670 cuda_h.py:27] end get_fused_experts_names_w cost 0.040 ms
DEBUG 04-24 11:16:02.444108.444108 cuda_h.py:27] end group stack cost 1.842 ms
DEBUG 04-24 11:16:02.444494.444494 cuda_h.py:27] end restore_fused_tensors cost 0.146 ms
DEBUG 04-24 11:16:02.444551.444551 cuda_h.py:27] end group_fused_tensors_mp cost 0.452 ms
DEBUG 04-24 11:16:02.444432.444432 cuda_h.py:27] end move_flatidxs_group_fused_mp cost 3.445 ms
DEBUG 04-24 11:16:02.444211.444211 cuda_h.py:27] end get_fused_experts_names_w cost 0.036 ms
DEBUG 04-24 11:16:02.445093.445093 cuda_h.py:27] end restore_fused_tensors cost 0.131 ms
DEBUG 04-24 11:16:02.445304.445304 sllm_store_c.py:27] get device uuid map
DEBUG 04-24 11:16:02.445619.445619 cuda_h.py:27] end group_fused_tensors_mp cost 0.746 ms
DEBUG 04-24 11:16:02.445517.445517 cuda_h.py:27] end group stack cost 1.571 ms
DEBUG 04-24 11:16:02.445250.445250 cuda_h.py:27] end restore2model cost 3.859 ms
DEBUG 04-24 11:16:02.445330.445330 cuda_h.py:27] end move_flatidxs_group_fused_mp cost 3.597 ms
DEBUG 04-24 11:16:02.445830.445830 sllm_store_c.py:29] call client load into gpu
DEBUG 04-24 11:16:02.446225.446225 cuda_h.py:27] end get_fused_experts_names_w cost 0.036 ms
DEBUG 04-24 11:16:02.446815.446815 cuda_h.py:27] end restore_fused_tensors cost 0.128 ms
DEBUG 04-24 11:16:02.446027.446027 cuda_h.py:27] end group_fused_tensors_mp cost 0.459 ms
DEBUG 04-24 11:16:02.445456.445456 cuda_h.py:27] end sllm_worker_task cost 18.719 ms
DEBUG 04-24 11:16:02.447566.447566 cuda_h.py:27] end group stack cost 4.825 ms
DEBUG 04-24 11:16:02.448153.448153 cuda_h.py:27] end move_flatidxs_group_fused_mp cost 6.669 ms
DEBUG 04-24 11:16:02.448903.448903 cuda_h.py:27] end get_fused_experts_names_w cost 0.039 ms
DEBUG 04-24 11:16:02.448850.448850 cuda_h.py:27] end restore_fused_tensors cost 0.191 ms
DEBUG 04-24 11:16:02.448113.448113 cuda_h.py:27] end group_fused_tensors_mp cost 0.587 ms
DEBUG 04-24 11:16:02.453885.453885 cuda_h.py:27] end load_into_gpu_async_fused_experts_dual cost 7.803 ms
DEBUG 04-24 11:16:02.453228.453228 cuda_h.py:27] end restore_tensors2_fused_experts_packed cost 0.219 ms
DEBUG 04-24 11:16:02.454407.454407 cuda_h.py:27] end restore_tensors2_fused_experts_slices cost 0.350 ms
DEBUG 04-24 11:16:02.454325.454325 cuda_h.py:27] end allocate_experts_cuda_memory_and_restore_model_multi_device_fused cost 10.591 ms
DEBUG 04-24 11:16:02.454737.454737 mlpmodule.py:3373] [fused_group_bmm][steps] bmm1=5.740 ms split=0.186 ms act_mul=0.540 ms bmm2=2.996 ms
DEBUG 04-24 11:16:02.454345.454345 cuda_h.py:27] end gpu_sexperts cost 0.011 ms
DEBUG 04-24 11:16:02.454399.454399 cuda_h.py:27] end fused_group_bmm cost 9.700 ms
DEBUG 04-24 11:16:02.454009.454009 cuda_h.py:27] end wait_load_qkvogn_s_weight cost 0.025 ms
DEBUG 04-24 11:16:02.455366.455366 cuda_h.py:27] end gather_outputs_group_fused_mp cost 0.581 ms
DEBUG 04-24 11:16:02.456841.456841 cuda_h.py:27] end cpu_experts_worker_bmm_or_einsum_0 cost 15.815 ms
DEBUG 04-24 11:16:02.456390.456390 mlpmodule.py:3373] [fused_group_bmm][steps] bmm1=6.263 ms split=0.142 ms act_mul=0.966 ms bmm2=3.348 ms
DEBUG 04-24 11:16:02.456642.456642 cuda_h.py:27] end fused_group_bmm cost 10.972 ms
DEBUG 04-24 11:16:02.457968.457968 cuda_h.py:27] end gather_outputs_group_fused_mp cost 0.563 ms
DEBUG 04-24 11:16:02.458719.458719 cuda_h.py:27] end cpu_experts_worker_bmm_or_einsum_2 cost 17.334 ms
DEBUG 04-24 11:16:02.458014.458014 mlpmodule.py:3373] [fused_group_bmm][steps] bmm1=7.168 ms split=0.127 ms act_mul=0.918 ms bmm2=3.607 ms
DEBUG 04-24 11:16:02.459419.459419 cuda_h.py:27] end fused_group_bmm cost 12.081 ms
DEBUG 04-24 11:16:02.459183.459183 mlpmodule.py:3373] [fused_group_bmm][steps] bmm1=5.772 ms split=0.100 ms act_mul=0.507 ms bmm2=3.348 ms
DEBUG 04-24 11:16:02.459130.459130 cuda_h.py:27] end fused_group_bmm cost 9.964 ms
DEBUG 04-24 11:16:02.459559.459559 cuda_h.py:27] end gather_outputs_group_fused_mp cost 0.568 ms
DEBUG 04-24 11:16:02.460900.460900 cuda_h.py:27] end gather_outputs_group_fused_mp cost 0.469 ms
DEBUG 04-24 11:16:02.460410.460410 cuda_h.py:27] end cpu_experts_worker_bmm_or_einsum_1 cost 18.061 ms
DEBUG 04-24 11:16:02.460396.460396 cuda_h.py:27] end cpu_experts_worker_bmm_or_einsum_3 cost 19.303 ms
DEBUG 04-24 11:16:02.471264.471264 cuda_h.py:27] end prepare_per_device_parameters cost 16.336 ms
DEBUG 04-24 11:16:02.472966.472966 cuda_h.py:27] end cpu_experts_scatter_reduce cost 0.628 ms
DEBUG 04-24 11:16:02.472247.472247 cuda_h.py:27] end cpu_thread_manager_mp_wait_fused cost 1.774 ms
DEBUG 04-24 11:16:02.474634.474634 cuda_h.py:27] end wait_experts_multi_device cost 1.627 ms
DEBUG 04-24 11:16:02.474612.474612 cuda_h.py:27] end *before fused experts* cost 31.025 ms
DEBUG 04-24 11:16:02.480628.480628 cuda_h.py:27] end gpu_experts_multi_device_fused cost 5.939 ms
DEBUG 04-24 11:16:02.480598.480598 cuda_h.py:27] end *gpu experts* cost 37.135 ms
DEBUG 04-24 11:16:02.480051.480051 cuda_h.py:27] end layer_moe_generate_mp_multi_device_fused_l_1 cost 45.743 ms
DEBUG 04-24 11:16:02.482368.482368 cuda_h.py:27] end *mlp cost 46.905 ms
DEBUG 04-24 11:16:02.482668.482668 cuda_h.py:27] end prefill_layer cost 55.268 ms
DEBUG 04-24 11:16:02.482848.482848 lmp.py:341] -------------------------------- end prefill layer 0 --------------------------------
DEBUG 04-24 11:16:02.482486.482486 lmp.py:294] -------------------------------- start prefill layer 1 --------------------------------
DEBUG 04-24 11:16:02.482873.482873 cuda_h.py:27] end start_load_qkvogn_s_weight_l_2 cost 0.040 ms
DEBUG 04-24 11:16:02.483204.483204 cuda_h.py:27] end allocate_cuda_memory cost 0.400 ms
DEBUG 04-24 11:16:02.483975.483975 sllm_store_c.py:27] get device uuid map
DEBUG 04-24 11:16:02.483174.483174 sllm_store_c.py:29] call client load into gpu
DEBUG 04-24 11:16:02.485439.485439 cuda_h.py:27] end **self_attn cost 1.753 ms
DEBUG 04-24 11:16:02.485930.485930 cuda_h.py:27] end *iln_self_attn_paln cost 3.144 ms
DEBUG 04-24 11:16:02.486225.486225 cuda_h.py:27] end load_into_gpu_async cost 2.925 ms
DEBUG 04-24 11:16:02.486226.486226 cuda_h.py:27] end restore_tensors2 cost 0.256 ms
DEBUG 04-24 11:16:02.486912.486912 cuda_h.py:27] end gate cost 1.068 ms
DEBUG 04-24 11:16:02.486292.486292 cuda_h.py:27] end allocate_cuda_memory_and_load_into_gpu cost 4.308 ms
DEBUG 04-24 11:16:02.487674.487674 cuda_h.py:27] end experts_map_get cost 0.292 ms
DEBUG 04-24 11:16:02.487837.487837 cuda_h.py:27] end *before experts start* cost 1.797 ms
DEBUG 04-24 11:16:02.487931.487931 cuda_h.py:27] end cpu_experts_submit_fused_mp cost 0.213 ms
DEBUG 04-24 11:16:02.489147.489147 cuda_h.py:27] end *single cpu experts* cost 1.912 ms
DEBUG 04-24 11:16:02.490565.490565 cuda_h.py:27] end prepare_group_stack cost 0.500 ms
DEBUG 04-24 11:16:02.490710.490710 cuda_h.py:27] end prepare_group_stack cost 0.463 ms
DEBUG 04-24 11:16:02.491325.491325 cuda_h.py:27] end group stack cost 1.032 ms
DEBUG 04-24 11:16:02.491622.491622 cuda_h.py:27] end prepare_group_stack cost 0.592 ms
DEBUG 04-24 11:16:02.491664.491664 cuda_h.py:27] end group stack cost 1.094 ms
DEBUG 04-24 11:16:02.491225.491225 cuda_h.py:27] end move_flatidxs_group_fused_mp cost 1.810 ms
DEBUG 04-24 11:16:02.491683.491683 cuda_h.py:27] end move_flatidxs_group_fused_mp cost 1.869 ms
DEBUG 04-24 11:16:02.491666.491666 sllm_store_c.py:27] get device uuid map
DEBUG 04-24 11:16:02.492010.492010 sllm_store_c.py:29] call client load into gpu
DEBUG 04-24 11:16:02.492632.492632 cuda_h.py:27] end get_fused_experts_names_w cost 0.025 ms
DEBUG 04-24 11:16:02.491334.491334 cuda_h.py:27] end get_fused_experts_names_w cost 0.028 ms
DEBUG 04-24 11:16:02.492311.492311 cuda_h.py:27] end prepare_group_stack cost 0.650 ms
DEBUG 04-24 11:16:02.492031.492031 cuda_h.py:27] end restore_fused_tensors cost 0.665 ms
DEBUG 04-24 11:16:02.492596.492596 cuda_h.py:27] end group_fused_tensors_mp cost 0.916 ms
DEBUG 04-24 11:16:02.492677.492677 cuda_h.py:27] end group stack cost 1.251 ms
DEBUG 04-24 11:16:02.493165.493165 cuda_h.py:27] end restore_fused_tensors cost 0.888 ms
DEBUG 04-24 11:16:02.493611.493611 cuda_h.py:27] end group_fused_tensors_mp cost 1.186 ms
DEBUG 04-24 11:16:02.493877.493877 cuda_h.py:27] end move_flatidxs_group_fused_mp cost 2.286 ms
DEBUG 04-24 11:16:02.493725.493725 cuda_h.py:27] end get_fused_experts_names_w cost 0.031 ms
DEBUG 04-24 11:16:02.494127.494127 cuda_h.py:27] end restore_fused_tensors cost 0.948 ms
DEBUG 04-24 11:16:02.494760.494760 cuda_h.py:27] end group_fused_tensors_mp cost 1.292 ms
DEBUG 04-24 11:16:02.494686.494686 cuda_h.py:27] end group stack cost 2.138 ms
DEBUG 04-24 11:16:02.495979.495979 cuda_h.py:27] end move_flatidxs_group_fused_mp cost 3.251 ms
DEBUG 04-24 11:16:02.495848.495848 cuda_h.py:27] end get_fused_experts_names_w cost 0.064 ms
DEBUG 04-24 11:16:02.496949.496949 cuda_h.py:27] end restore_fused_tensors cost 0.170 ms
DEBUG 04-24 11:16:02.496930.496930 cuda_h.py:27] end group_fused_tensors_mp cost 0.938 ms
DEBUG 04-24 11:16:02.496423.496423 cuda_h.py:27] end restore2model cost 2.778 ms
DEBUG 04-24 11:16:02.497138.497138 cuda_h.py:27] end sllm_worker_task cost 14.564 ms
DEBUG 04-24 11:16:02.499723.499723 cuda_h.py:27] end load_into_gpu_async_fused_experts_dual cost 7.214 ms
DEBUG 04-24 11:16:02.499753.499753 cuda_h.py:27] end restore_tensors2_fused_experts_packed cost 0.176 ms
DEBUG 04-24 11:16:02.500950.500950 cuda_h.py:27] end restore_tensors2_fused_experts_slices cost 0.540 ms
DEBUG 04-24 11:16:02.500152.500152 cuda_h.py:27] end allocate_experts_cuda_memory_and_restore_model_multi_device_fused cost 10.941 ms
DEBUG 04-24 11:16:02.500498.500498 cuda_h.py:27] end gpu_sexperts cost 0.027 ms
DEBUG 04-24 11:16:02.501048.501048 cuda_h.py:27] end wait_load_qkvogn_s_weight cost 0.069 ms
DEBUG 04-24 11:16:02.503163.503163 mlpmodule.py:3373] [fused_group_bmm][steps] bmm1=6.059 ms split=0.174 ms act_mul=0.455 ms bmm2=2.964 ms
DEBUG 04-24 11:16:02.503131.503131 cuda_h.py:27] end fused_group_bmm cost 9.907 ms
DEBUG 04-24 11:16:02.503674.503674 cuda_h.py:27] end gather_outputs_group_fused_mp cost 0.552 ms
DEBUG 04-24 11:16:02.504630.504630 cuda_h.py:27] end cpu_experts_worker_bmm_or_einsum_0 cost 15.918 ms
DEBUG 04-24 11:16:02.505697.505697 mlpmodule.py:3373] [fused_group_bmm][steps] bmm1=6.986 ms split=0.100 ms act_mul=0.335 ms bmm2=4.747 ms
DEBUG 04-24 11:16:02.505382.505382 cuda_h.py:27] end fused_group_bmm cost 12.510 ms
DEBUG 04-24 11:16:02.506534.506534 cuda_h.py:27] end gather_outputs_group_fused_mp cost 0.492 ms
DEBUG 04-24 11:16:02.506790.506790 mlpmodule.py:3373] [fused_group_bmm][steps] bmm1=7.970 ms split=0.123 ms act_mul=0.451 ms bmm2=3.410 ms
DEBUG 04-24 11:16:02.506425.506425 cuda_h.py:27] end fused_group_bmm cost 12.175 ms
DEBUG 04-24 11:16:02.506154.506154 cuda_h.py:27] end cpu_experts_worker_bmm_or_einsum_2 cost 18.155 ms
DEBUG 04-24 11:16:02.507804.507804 cuda_h.py:27] end gather_outputs_group_fused_mp cost 0.375 ms
DEBUG 04-24 11:16:02.507284.507284 cuda_h.py:27] end cpu_experts_worker_bmm_or_einsum_1 cost 17.986 ms
DEBUG 04-24 11:16:02.509616.509616 mlpmodule.py:3373] [fused_group_bmm][steps] bmm1=7.338 ms split=0.213 ms act_mul=0.452 ms bmm2=4.485 ms
DEBUG 04-24 11:16:02.509225.509225 cuda_h.py:27] end fused_group_bmm cost 12.721 ms
DEBUG 04-24 11:16:02.510433.510433 cuda_h.py:27] end gather_outputs_group_fused_mp cost 0.461 ms
DEBUG 04-24 11:16:02.510910.510910 cuda_h.py:27] end cpu_experts_worker_bmm_or_einsum_3 cost 19.831 ms
DEBUG 04-24 11:16:02.518763.518763 cuda_h.py:27] end prepare_per_device_parameters cost 17.121 ms
DEBUG 04-24 11:16:02.520836.520836 cuda_h.py:27] end cpu_experts_scatter_reduce cost 0.598 ms
DEBUG 04-24 11:16:02.520877.520877 cuda_h.py:27] end cpu_thread_manager_mp_wait_fused cost 1.754 ms
DEBUG 04-24 11:16:02.522227.522227 cuda_h.py:27] end wait_experts_multi_device cost 1.696 ms
DEBUG 04-24 11:16:02.522355.522355 cuda_h.py:27] end *before fused experts* cost 32.643 ms
DEBUG 04-24 11:16:02.526497.526497 cuda_h.py:27] end gpu_experts_multi_device_fused cost 4.599 ms
DEBUG 04-24 11:16:02.526009.526009 cuda_h.py:27] end *gpu experts* cost 37.340 ms
DEBUG 04-24 11:16:02.527362.527362 cuda_h.py:27] end layer_moe_generate_mp_multi_device_fused_l_2 cost 41.230 ms
DEBUG 04-24 11:16:02.528818.528818 cuda_h.py:27] end *mlp cost 42.583 ms
DEBUG 04-24 11:16:02.528093.528093 cuda_h.py:27] end prefill_layer cost 46.022 ms
DEBUG 04-24 11:16:02.528465.528465 lmp.py:341] -------------------------------- end prefill layer 1 --------------------------------
DEBUG 04-24 11:16:02.528155.528155 lmp.py:294] -------------------------------- start prefill layer 2 --------------------------------
DEBUG 04-24 11:16:02.528687.528687 cuda_h.py:27] end start_load_qkvogn_s_weight_l_3 cost 0.040 ms
DEBUG 04-24 11:16:02.529938.529938 cuda_h.py:27] end allocate_cuda_memory cost 0.371 ms
DEBUG 04-24 11:16:02.529610.529610 sllm_store_c.py:27] get device uuid map
DEBUG 04-24 11:16:02.530598.530598 sllm_store_c.py:29] call client load into gpu
DEBUG 04-24 11:16:02.531677.531677 cuda_h.py:27] end **self_attn cost 1.774 ms
DEBUG 04-24 11:16:02.531460.531460 cuda_h.py:27] end *iln_self_attn_paln cost 3.147 ms
DEBUG 04-24 11:16:02.532658.532658 cuda_h.py:27] end load_into_gpu_async cost 2.811 ms
DEBUG 04-24 11:16:02.532943.532943 cuda_h.py:27] end restore_tensors2 cost 0.273 ms
DEBUG 04-24 11:16:02.533173.533173 cuda_h.py:27] end allocate_cuda_memory_and_load_into_gpu cost 4.106 ms
DEBUG 04-24 11:16:02.533936.533936 cuda_h.py:27] end gate cost 1.231 ms
DEBUG 04-24 11:16:02.533545.533545 cuda_h.py:27] end experts_map_get cost 0.413 ms
DEBUG 04-24 11:16:02.533316.533316 cuda_h.py:27] end *before experts start* cost 1.910 ms
DEBUG 04-24 11:16:02.534311.534311 cuda_h.py:27] end cpu_experts_submit_fused_mp cost 0.211 ms
DEBUG 04-24 11:16:02.535758.535758 cuda_h.py:27] end *single cpu experts* cost 1.903 ms
DEBUG 04-24 11:16:02.537456.537456 cuda_h.py:27] end prepare_group_stack cost 0.532 ms
DEBUG 04-24 11:16:02.537742.537742 cuda_h.py:27] end prepare_group_stack cost 0.623 ms
DEBUG 04-24 11:16:02.538391.538391 cuda_h.py:27] end prepare_group_stack cost 0.461 ms
DEBUG 04-24 11:16:02.538747.538747 cuda_h.py:27] end prepare_group_stack cost 0.513 ms
DEBUG 04-24 11:16:02.538853.538853 cuda_h.py:27] end group stack cost 1.035 ms
DEBUG 04-24 11:16:02.538756.538756 sllm_store_c.py:27] get device uuid map
DEBUG 04-24 11:16:02.538911.538911 sllm_store_c.py:29] call client load into gpu
DEBUG 04-24 11:16:02.538712.538712 cuda_h.py:27] end move_flatidxs_group_fused_mp cost 1.865 ms
DEBUG 04-24 11:16:02.538654.538654 cuda_h.py:27] end get_fused_experts_names_w cost 0.030 ms
DEBUG 04-24 11:16:02.539622.539622 cuda_h.py:27] end group stack cost 1.057 ms
DEBUG 04-24 11:16:02.539785.539785 cuda_h.py:27] end move_flatidxs_group_fused_mp cost 1.752 ms
DEBUG 04-24 11:16:02.539099.539099 cuda_h.py:27] end get_fused_experts_names_w cost 0.026 ms
DEBUG 04-24 11:16:02.539285.539285 cuda_h.py:27] end group stack cost 1.158 ms
DEBUG 04-24 11:16:02.539796.539796 cuda_h.py:27] end group stack cost 1.923 ms
DEBUG 04-24 11:16:02.540010.540010 cuda_h.py:27] end move_flatidxs_group_fused_mp cost 2.279 ms
DEBUG 04-24 11:16:02.540899.540899 cuda_h.py:27] end move_flatidxs_group_fused_mp cost 3.194 ms
DEBUG 04-24 11:16:02.540912.540912 cuda_h.py:27] end restore_fused_tensors cost 0.979 ms
DEBUG 04-24 11:16:02.540884.540884 cuda_h.py:27] end get_fused_experts_names_w cost 0.026 ms
DEBUG 04-24 11:16:02.540784.540784 cuda_h.py:27] end group_fused_tensors_mp cost 1.359 ms
DEBUG 04-24 11:16:02.540656.540656 cuda_h.py:27] end restore_fused_tensors cost 0.627 ms
DEBUG 04-24 11:16:02.540448.540448 cuda_h.py:27] end get_fused_experts_names_w cost 0.035 ms
DEBUG 04-24 11:16:02.540758.540758 cuda_h.py:27] end group_fused_tensors_mp cost 0.902 ms
DEBUG 04-24 11:16:02.541440.541440 cuda_h.py:27] end restore_fused_tensors cost 0.799 ms
DEBUG 04-24 11:16:02.541708.541708 cuda_h.py:27] end group_fused_tensors_mp cost 1.093 ms
DEBUG 04-24 11:16:02.541678.541678 cuda_h.py:27] end restore_fused_tensors cost 1.144 ms
DEBUG 04-24 11:16:02.541775.541775 cuda_h.py:27] end group_fused_tensors_mp cost 1.509 ms
DEBUG 04-24 11:16:02.542876.542876 cuda_h.py:27] end restore2model cost 1.733 ms
DEBUG 04-24 11:16:02.542257.542257 cuda_h.py:27] end sllm_worker_task cost 13.907 ms
DEBUG 04-24 11:16:02.543332.543332 cuda_h.py:27] end load_into_gpu_async_fused_experts_dual cost 4.720 ms
DEBUG 04-24 11:16:02.544238.544238 cuda_h.py:27] end restore_tensors2_fused_experts_packed cost 0.292 ms
DEBUG 04-24 11:16:02.544151.544151 cuda_h.py:27] end restore_tensors2_fused_experts_slices cost 0.580 ms
DEBUG 04-24 11:16:02.545630.545630 cuda_h.py:27] end allocate_experts_cuda_memory_and_restore_model_multi_device_fused cost 9.139 ms
DEBUG 04-24 11:16:02.545083.545083 cuda_h.py:27] end gpu_sexperts cost 0.021 ms
DEBUG 04-24 11:16:02.545439.545439 cuda_h.py:27] end wait_load_qkvogn_s_weight cost 0.058 ms
DEBUG 04-24 11:16:02.550733.550733 mlpmodule.py:3373] [fused_group_bmm][steps] bmm1=6.837 ms split=0.108 ms act_mul=0.487 ms bmm2=2.784 ms
DEBUG 04-24 11:16:02.551928.551928 cuda_h.py:27] end fused_group_bmm cost 10.525 ms
DEBUG 04-24 11:16:02.551139.551139 cuda_h.py:27] end gather_outputs_group_fused_mp cost 0.679 ms
DEBUG 04-24 11:16:02.552570.552570 cuda_h.py:27] end cpu_experts_worker_bmm_or_einsum_0 cost 17.008 ms
DEBUG 04-24 11:16:02.555294.555294 mlpmodule.py:3373] [fused_group_bmm][steps] bmm1=8.967 ms split=0.100 ms act_mul=0.521 ms bmm2=3.968 ms
DEBUG 04-24 11:16:02.555141.555141 cuda_h.py:27] end fused_group_bmm cost 13.791 ms
DEBUG 04-24 11:16:02.555520.555520 mlpmodule.py:3373] [fused_group_bmm][steps] bmm1=9.106 ms split=0.148 ms act_mul=0.479 ms bmm2=4.949 ms
DEBUG 04-24 11:16:02.555066.555066 mlpmodule.py:3373] [fused_group_bmm][steps] bmm1=8.071 ms split=0.103 ms act_mul=0.446 ms bmm2=4.733 ms
DEBUG 04-24 11:16:02.555729.555729 cuda_h.py:27] end fused_group_bmm cost 15.008 ms
DEBUG 04-24 11:16:02.555968.555968 cuda_h.py:27] end fused_group_bmm cost 13.627 ms
DEBUG 04-24 11:16:02.555706.555706 cuda_h.py:27] end gather_outputs_group_fused_mp cost 0.409 ms
DEBUG 04-24 11:16:02.556507.556507 cuda_h.py:27] end gather_outputs_group_fused_mp cost 0.412 ms
DEBUG 04-24 11:16:02.556706.556706 cuda_h.py:27] end gather_outputs_group_fused_mp cost 0.398 ms
DEBUG 04-24 11:16:02.556390.556390 cuda_h.py:27] end cpu_experts_worker_bmm_or_einsum_1 cost 19.614 ms
DEBUG 04-24 11:16:02.556815.556815 cuda_h.py:27] end cpu_experts_worker_bmm_or_einsum_3 cost 20.876 ms
DEBUG 04-24 11:16:02.556881.556881 cuda_h.py:27] end cpu_experts_worker_bmm_or_einsum_2 cost 20.103 ms
DEBUG 04-24 11:16:02.559516.559516 cuda_h.py:27] end prepare_per_device_parameters cost 13.932 ms
DEBUG 04-24 11:16:02.562474.562474 cuda_h.py:27] end cpu_experts_scatter_reduce cost 0.772 ms
DEBUG 04-24 11:16:02.562259.562259 cuda_h.py:27] end cpu_thread_manager_mp_wait_fused cost 2.871 ms
DEBUG 04-24 11:16:02.569441.569441 cuda_h.py:27] end wait_experts_multi_device cost 6.589 ms
DEBUG 04-24 11:16:02.569860.569860 cuda_h.py:27] end *before fused experts* cost 33.439 ms
DEBUG 04-24 11:16:02.574812.574812 cuda_h.py:27] end gpu_experts_multi_device_fused cost 4.842 ms
DEBUG 04-24 11:16:02.574761.574761 cuda_h.py:27] end *gpu experts* cost 38.387 ms
DEBUG 04-24 11:16:02.574923.574923 cuda_h.py:27] end layer_moe_generate_mp_multi_device_fused_l_3 cost 42.386 ms
DEBUG 04-24 11:16:02.575485.575485 cuda_h.py:27] end *mlp cost 43.746 ms
DEBUG 04-24 11:16:02.575276.575276 cuda_h.py:27] end prefill_layer cost 47.139 ms
DEBUG 04-24 11:16:02.575933.575933 lmp.py:341] -------------------------------- end prefill layer 2 --------------------------------
DEBUG 04-24 11:16:02.576647.576647 lmp.py:294] -------------------------------- start prefill layer 3 --------------------------------
DEBUG 04-24 11:16:02.576994.576994 cuda_h.py:27] end start_load_qkvogn_s_weight_l_4 cost 0.044 ms
DEBUG 04-24 11:16:02.576758.576758 cuda_h.py:27] end allocate_cuda_memory cost 0.150 ms
DEBUG 04-24 11:16:02.576339.576339 sllm_store_c.py:27] get device uuid map
DEBUG 04-24 11:16:02.576714.576714 sllm_store_c.py:29] call client load into gpu
DEBUG 04-24 11:16:02.578367.578367 cuda_h.py:27] end load_into_gpu_async cost 1.635 ms
DEBUG 04-24 11:16:02.578802.578802 cuda_h.py:27] end restore_tensors2 cost 0.092 ms
DEBUG 04-24 11:16:02.578294.578294 cuda_h.py:27] end **self_attn cost 1.554 ms
DEBUG 04-24 11:16:02.578530.578530 cuda_h.py:27] end allocate_cuda_memory_and_load_into_gpu cost 2.308 ms
DEBUG 04-24 11:16:02.578658.578658 cuda_h.py:27] end *iln_self_attn_paln cost 2.857 ms
DEBUG 04-24 11:16:02.579929.579929 cuda_h.py:27] end gate cost 0.516 ms
DEBUG 04-24 11:16:02.579644.579644 cuda_h.py:27] end experts_map_get cost 0.294 ms
DEBUG 04-24 11:16:02.580950.580950 cuda_h.py:27] end *before experts start* cost 0.963 ms
DEBUG 04-24 11:16:02.580522.580522 cuda_h.py:27] end cpu_experts_submit_fused_mp cost 0.217 ms
DEBUG 04-24 11:16:02.582178.582178 cuda_h.py:27] end *single cpu experts* cost 2.033 ms
DEBUG 04-24 11:16:02.583311.583311 cuda_h.py:27] end prepare_group_stack cost 0.503 ms
DEBUG 04-24 11:16:02.584982.584982 cuda_h.py:27] end prepare_group_stack cost 0.558 ms
DEBUG 04-24 11:16:02.584614.584614 cuda_h.py:27] end prepare_group_stack cost 0.605 ms
DEBUG 04-24 11:16:02.584680.584680 sllm_store_c.py:27] get device uuid map
DEBUG 04-24 11:16:02.584482.584482 cuda_h.py:27] end group stack cost 1.232 ms
DEBUG 04-24 11:16:02.584161.584161 sllm_store_c.py:29] call client load into gpu
DEBUG 04-24 11:16:02.584554.584554 cuda_h.py:27] end move_flatidxs_group_fused_mp cost 2.041 ms
DEBUG 04-24 11:16:02.584314.584314 cuda_h.py:27] end get_fused_experts_names_w cost 0.025 ms
DEBUG 04-24 11:16:02.585018.585018 cuda_h.py:27] end prepare_group_stack cost 0.615 ms
DEBUG 04-24 11:16:02.585356.585356 cuda_h.py:27] end group stack cost 0.886 ms
DEBUG 04-24 11:16:02.585227.585227 cuda_h.py:27] end group stack cost 1.223 ms
DEBUG 04-24 11:16:02.585744.585744 cuda_h.py:27] end restore_fused_tensors cost 0.620 ms
DEBUG 04-24 11:16:02.585094.585094 cuda_h.py:27] end group_fused_tensors_mp cost 0.954 ms
DEBUG 04-24 11:16:02.585253.585253 cuda_h.py:27] end move_flatidxs_group_fused_mp cost 2.129 ms
DEBUG 04-24 11:16:02.585750.585750 cuda_h.py:27] end move_flatidxs_group_fused_mp cost 2.178 ms
DEBUG 04-24 11:16:02.586016.586016 cuda_h.py:27] end get_fused_experts_names_w cost 0.025 ms
DEBUG 04-24 11:16:02.586460.586460 cuda_h.py:27] end get_fused_experts_names_w cost 0.025 ms
DEBUG 04-24 11:16:02.587503.587503 cuda_h.py:27] end group stack cost 1.419 ms
DEBUG 04-24 11:16:02.587468.587468 cuda_h.py:27] end restore_fused_tensors cost 0.849 ms
DEBUG 04-24 11:16:02.587743.587743 cuda_h.py:27] end group_fused_tensors_mp cost 1.162 ms
DEBUG 04-24 11:16:02.587701.587701 cuda_h.py:27] end restore_fused_tensors cost 0.860 ms
DEBUG 04-24 11:16:02.587792.587792 cuda_h.py:27] end move_flatidxs_group_fused_mp cost 2.589 ms
DEBUG 04-24 11:16:02.587151.587151 cuda_h.py:27] end restore2model cost 0.817 ms
DEBUG 04-24 11:16:02.587389.587389 cuda_h.py:27] end group_fused_tensors_mp cost 1.438 ms
DEBUG 04-24 11:16:02.587657.587657 cuda_h.py:27] end get_fused_experts_names_w cost 0.068 ms
DEBUG 04-24 11:16:02.587334.587334 cuda_h.py:27] end load_into_gpu_async_fused_experts_dual cost 2.938 ms
DEBUG 04-24 11:16:02.587057.587057 cuda_h.py:27] end sllm_worker_task cost 11.490 ms
DEBUG 04-24 11:16:02.587434.587434 cuda_h.py:27] end restore_tensors2_fused_experts_packed cost 0.057 ms
DEBUG 04-24 11:16:02.588185.588185 cuda_h.py:27] end restore_tensors2_fused_experts_slices cost 0.310 ms
DEBUG 04-24 11:16:02.588367.588367 cuda_h.py:27] end allocate_experts_cuda_memory_and_restore_model_multi_device_fused cost 6.565 ms
DEBUG 04-24 11:16:02.588369.588369 cuda_h.py:27] end gpu_sexperts cost 0.005 ms
DEBUG 04-24 11:16:02.588576.588576 cuda_h.py:27] end wait_load_qkvogn_s_weight cost 0.017 ms
DEBUG 04-24 11:16:02.589360.589360 cuda_h.py:27] end restore_fused_tensors cost 1.496 ms
DEBUG 04-24 11:16:02.589584.589584 cuda_h.py:27] end group_fused_tensors_mp cost 1.848 ms
DEBUG 04-24 11:16:02.600430.600430 mlpmodule.py:3373] [fused_group_bmm][steps] bmm1=8.247 ms split=0.156 ms act_mul=0.531 ms bmm2=4.471 ms
DEBUG 04-24 11:16:02.601858.601858 cuda_h.py:27] end fused_group_bmm cost 13.776 ms
DEBUG 04-24 11:16:02.601989.601989 cuda_h.py:27] end gather_outputs_group_fused_mp cost 0.508 ms
DEBUG 04-24 11:16:02.601989.601989 mlpmodule.py:3373] [fused_group_bmm][steps] bmm1=7.181 ms split=0.208 ms act_mul=0.705 ms bmm2=3.899 ms
DEBUG 04-24 11:16:02.601264.601264 mlpmodule.py:3373] [fused_group_bmm][steps] bmm1=7.914 ms split=0.237 ms act_mul=0.517 ms bmm2=6.959 ms
DEBUG 04-24 11:16:02.602424.602424 cuda_h.py:27] end fused_group_bmm cost 12.342 ms
DEBUG 04-24 11:16:02.602497.602497 cuda_h.py:27] end fused_group_bmm cost 15.902 ms
DEBUG 04-24 11:16:02.602941.602941 cuda_h.py:27] end cpu_experts_worker_bmm_or_einsum_1 cost 19.585 ms
DEBUG 04-24 11:16:02.602250.602250 cuda_h.py:27] end gather_outputs_group_fused_mp cost 0.465 ms
DEBUG 04-24 11:16:02.602162.602162 cuda_h.py:27] end gather_outputs_group_fused_mp cost 0.468 ms
DEBUG 04-24 11:16:02.603142.603142 cuda_h.py:27] end cpu_experts_worker_bmm_or_einsum_2 cost 21.675 ms
DEBUG 04-24 11:16:02.603071.603071 cuda_h.py:27] end cpu_experts_worker_bmm_or_einsum_0 cost 19.651 ms
DEBUG 04-24 11:16:02.605097.605097 cuda_h.py:27] end prepare_per_device_parameters cost 16.302 ms
DEBUG 04-24 11:16:02.606120.606120 mlpmodule.py:3373] [fused_group_bmm][steps] bmm1=13.092 ms split=0.176 ms act_mul=0.565 ms bmm2=4.939 ms
DEBUG 04-24 11:16:02.606464.606464 cuda_h.py:27] end fused_group_bmm cost 18.985 ms
DEBUG 04-24 11:16:02.607347.607347 cuda_h.py:27] end gather_outputs_group_fused_mp cost 0.396 ms
DEBUG 04-24 11:16:02.607562.607562 cuda_h.py:27] end cpu_experts_worker_bmm_or_einsum_3 cost 25.115 ms
DEBUG 04-24 11:16:02.609047.609047 cuda_h.py:27] end cpu_experts_scatter_reduce cost 0.910 ms
DEBUG 04-24 11:16:02.609589.609589 cuda_h.py:27] end cpu_thread_manager_mp_wait_fused cost 4.246 ms
DEBUG 04-24 11:16:02.612088.612088 cuda_h.py:27] end wait_experts_multi_device cost 2.985 ms
DEBUG 04-24 11:16:02.612858.612858 cuda_h.py:27] end *before fused experts* cost 30.528 ms
DEBUG 04-24 11:16:02.622889.622889 cuda_h.py:27] end gpu_experts_multi_device_fused cost 9.372 ms
DEBUG 04-24 11:16:02.622133.622133 cuda_h.py:27] end *gpu experts* cost 40.102 ms
DEBUG 04-24 11:16:02.622408.622408 cuda_h.py:27] end layer_moe_generate_mp_multi_device_fused_l_4 cost 43.291 ms
DEBUG 04-24 11:16:02.623156.623156 cuda_h.py:27] end *mlp cost 44.679 ms
DEBUG 04-24 11:16:02.623453.623453 cuda_h.py:27] end prefill_layer cost 47.781 ms
DEBUG 04-24 11:16:02.623189.623189 lmp.py:341] -------------------------------- end prefill layer 3 --------------------------------
DEBUG 04-24 11:16:02.623250.623250 lmp.py:294] -------------------------------- start prefill layer 4 --------------------------------
DEBUG 04-24 11:16:02.624943.624943 cuda_h.py:27] end start_load_qkvogn_s_weight_l_5 cost 0.068 ms
DEBUG 04-24 11:16:02.624421.624421 cuda_h.py:27] end allocate_cuda_memory cost 0.279 ms
DEBUG 04-24 11:16:02.624091.624091 sllm_store_c.py:27] get device uuid map
DEBUG 04-24 11:16:02.624977.624977 sllm_store_c.py:29] call client load into gpu
DEBUG 04-24 11:16:02.626306.626306 cuda_h.py:27] end load_into_gpu_async cost 1.878 ms
DEBUG 04-24 11:16:02.626069.626069 cuda_h.py:27] end restore_tensors2 cost 0.119 ms
DEBUG 04-24 11:16:02.626555.626555 cuda_h.py:27] end allocate_cuda_memory_and_load_into_gpu cost 2.751 ms
DEBUG 04-24 11:16:02.628697.628697 cuda_h.py:27] end **self_attn cost 2.484 ms
DEBUG 04-24 11:16:02.628318.628318 cuda_h.py:27] end *iln_self_attn_paln cost 4.362 ms
DEBUG 04-24 11:16:02.629895.629895 cuda_h.py:27] end gate cost 0.716 ms
DEBUG 04-24 11:16:02.629026.629026 cuda_h.py:27] end experts_map_get cost 0.436 ms
DEBUG 04-24 11:16:02.629082.629082 cuda_h.py:27] end *before experts start* cost 1.356 ms
DEBUG 04-24 11:16:02.630875.630875 cuda_h.py:27] end cpu_experts_submit_fused_mp cost 0.348 ms
DEBUG 04-24 11:16:02.631354.631354 cuda_h.py:27] end *single cpu experts* cost 1.786 ms
DEBUG 04-24 11:16:02.632409.632409 cuda_h.py:27] end prepare_group_stack cost 0.574 ms
DEBUG 04-24 11:16:02.633091.633091 cuda_h.py:27] end prepare_group_stack cost 0.682 ms
DEBUG 04-24 11:16:02.633856.633856 cuda_h.py:27] end prepare_group_stack cost 0.457 ms
DEBUG 04-24 11:16:02.634427.634427 cuda_h.py:27] end prepare_group_stack cost 0.609 ms
DEBUG 04-24 11:16:02.634929.634929 sllm_store_c.py:27] get device uuid map
DEBUG 04-24 11:16:02.634651.634651 sllm_store_c.py:29] call client load into gpu
DEBUG 04-24 11:16:02.634130.634130 cuda_h.py:27] end group stack cost 1.407 ms
DEBUG 04-24 11:16:02.634678.634678 cuda_h.py:27] end move_flatidxs_group_fused_mp cost 2.313 ms
DEBUG 04-24 11:16:02.634719.634719 cuda_h.py:27] end group stack cost 0.746 ms
DEBUG 04-24 11:16:02.634002.634002 cuda_h.py:27] end get_fused_experts_names_w cost 0.026 ms
DEBUG 04-24 11:16:02.634460.634460 cuda_h.py:27] end move_flatidxs_group_fused_mp cost 1.483 ms
DEBUG 04-24 11:16:02.634869.634869 cuda_h.py:27] end get_fused_experts_names_w cost 0.024 ms
DEBUG 04-24 11:16:02.635281.635281 cuda_h.py:27] end group stack cost 1.912 ms
DEBUG 04-24 11:16:02.635864.635864 cuda_h.py:27] end move_flatidxs_group_fused_mp cost 3.038 ms
DEBUG 04-24 11:16:02.635720.635720 cuda_h.py:27] end group stack cost 1.257 ms
DEBUG 04-24 11:16:02.635518.635518 cuda_h.py:27] end move_flatidxs_group_fused_mp cost 2.220 ms
DEBUG 04-24 11:16:02.635262.635262 cuda_h.py:27] end get_fused_experts_names_w cost 0.042 ms
DEBUG 04-24 11:16:02.635640.635640 cuda_h.py:27] end restore_fused_tensors cost 0.910 ms
DEBUG 04-24 11:16:02.635947.635947 cuda_h.py:27] end get_fused_experts_names_w cost 0.032 ms
DEBUG 04-24 11:16:02.636998.636998 cuda_h.py:27] end restore_fused_tensors cost 0.937 ms
DEBUG 04-24 11:16:02.636078.636078 cuda_h.py:27] end group_fused_tensors_mp cost 1.313 ms
DEBUG 04-24 11:16:02.636170.636170 cuda_h.py:27] end group_fused_tensors_mp cost 1.302 ms
DEBUG 04-24 11:16:02.637847.637847 cuda_h.py:27] end restore_fused_tensors cost 1.002 ms
DEBUG 04-24 11:16:02.637010.637010 cuda_h.py:27] end group_fused_tensors_mp cost 1.347 ms
DEBUG 04-24 11:16:02.637754.637754 cuda_h.py:27] end restore_fused_tensors cost 1.329 ms
DEBUG 04-24 11:16:02.637897.637897 cuda_h.py:27] end group_fused_tensors_mp cost 2.014 ms
DEBUG 04-24 11:16:02.637322.637322 cuda_h.py:27] end restore2model cost 0.821 ms
DEBUG 04-24 11:16:02.638767.638767 cuda_h.py:27] end sllm_worker_task cost 14.046 ms
DEBUG 04-24 11:16:02.641458.641458 cuda_h.py:27] end load_into_gpu_async_fused_experts_dual cost 7.458 ms
DEBUG 04-24 11:16:02.642730.642730 cuda_h.py:27] end restore_tensors2_fused_experts_packed cost 0.204 ms
DEBUG 04-24 11:16:02.642873.642873 cuda_h.py:27] end restore_tensors2_fused_experts_slices cost 0.423 ms
DEBUG 04-24 11:16:02.642660.642660 cuda_h.py:27] end allocate_experts_cuda_memory_and_restore_model_multi_device_fused cost 11.029 ms
DEBUG 04-24 11:16:02.643645.643645 cuda_h.py:27] end gpu_sexperts cost 0.014 ms
DEBUG 04-24 11:16:02.643582.643582 cuda_h.py:27] end wait_load_qkvogn_s_weight cost 0.040 ms
DEBUG 04-24 11:16:02.647328.647328 mlpmodule.py:3373] [fused_group_bmm][steps] bmm1=7.547 ms split=0.115 ms act_mul=0.424 ms bmm2=3.164 ms
DEBUG 04-24 11:16:02.647021.647021 cuda_h.py:27] end fused_group_bmm cost 11.618 ms
DEBUG 04-24 11:16:02.648123.648123 cuda_h.py:27] end gather_outputs_group_fused_mp cost 0.606 ms
DEBUG 04-24 11:16:02.649741.649741 cuda_h.py:27] end cpu_experts_worker_bmm_or_einsum_0 cost 17.382 ms
DEBUG 04-24 11:16:02.651485.651485 mlpmodule.py:3373] [fused_group_bmm][steps] bmm1=8.194 ms split=0.100 ms act_mul=0.456 ms bmm2=6.405 ms
DEBUG 04-24 11:16:02.651420.651420 cuda_h.py:27] end fused_group_bmm cost 15.422 ms
DEBUG 04-24 11:16:02.651381.651381 mlpmodule.py:3373] [fused_group_bmm][steps] bmm1=9.607 ms split=0.180 ms act_mul=0.569 ms bmm2=4.059 ms
DEBUG 04-24 11:16:02.652938.652938 cuda_h.py:27] end fused_group_bmm cost 14.656 ms
DEBUG 04-24 11:16:02.652978.652978 cuda_h.py:27] end gather_outputs_group_fused_mp cost 0.400 ms
DEBUG 04-24 11:16:02.652440.652440 cuda_h.py:27] end gather_outputs_group_fused_mp cost 0.413 ms
DEBUG 04-24 11:16:02.652574.652574 cuda_h.py:27] end cpu_experts_worker_bmm_or_einsum_3 cost 21.184 ms
DEBUG 04-24 11:16:02.653271.653271 cuda_h.py:27] end cpu_experts_worker_bmm_or_einsum_1 cost 20.834 ms
DEBUG 04-24 11:16:02.655214.655214 mlpmodule.py:3373] [fused_group_bmm][steps] bmm1=11.337 ms split=0.211 ms act_mul=0.508 ms bmm2=5.371 ms
DEBUG 04-24 11:16:02.655891.655891 cuda_h.py:27] end fused_group_bmm cost 17.712 ms
DEBUG 04-24 11:16:02.656671.656671 cuda_h.py:27] end gather_outputs_group_fused_mp cost 0.484 ms
DEBUG 04-24 11:16:02.656674.656674 cuda_h.py:27] end cpu_experts_worker_bmm_or_einsum_2 cost 25.041 ms
DEBUG 04-24 11:16:02.658119.658119 cuda_h.py:27] end prepare_per_device_parameters cost 15.368 ms
DEBUG 04-24 11:16:02.661367.661367 cuda_h.py:27] end cpu_experts_scatter_reduce cost 0.640 ms
DEBUG 04-24 11:16:02.661753.661753 cuda_h.py:27] end cpu_thread_manager_mp_wait_fused cost 2.420 ms
DEBUG 04-24 11:16:02.663753.663753 cuda_h.py:27] end wait_experts_multi_device cost 2.139 ms
DEBUG 04-24 11:16:02.663219.663219 cuda_h.py:27] end *before fused experts* cost 31.497 ms
DEBUG 04-24 11:16:02.667638.667638 cuda_h.py:27] end gpu_experts_multi_device_fused cost 3.959 ms
DEBUG 04-24 11:16:02.667700.667700 cuda_h.py:27] end *gpu experts* cost 35.573 ms
DEBUG 04-24 11:16:02.667683.667683 cuda_h.py:27] end layer_moe_generate_mp_multi_device_fused_l_5 cost 39.093 ms
DEBUG 04-24 11:16:02.668522.668522 cuda_h.py:27] end *mlp cost 40.413 ms
DEBUG 04-24 11:16:02.668327.668327 cuda_h.py:27] end prefill_layer cost 45.000 ms
DEBUG 04-24 11:16:02.669652.669652 lmp.py:341] -------------------------------- end prefill layer 4 --------------------------------
DEBUG 04-24 11:16:02.669154.669154 lmp.py:294] -------------------------------- start prefill layer 5 --------------------------------
DEBUG 04-24 11:16:02.669957.669957 cuda_h.py:27] end start_load_qkvogn_s_weight_l_6 cost 0.046 ms
DEBUG 04-24 11:16:02.669988.669988 cuda_h.py:27] end allocate_cuda_memory cost 0.235 ms
DEBUG 04-24 11:16:02.669868.669868 sllm_store_c.py:27] get device uuid map
DEBUG 04-24 11:16:02.670369.670369 sllm_store_c.py:29] call client load into gpu
DEBUG 04-24 11:16:02.671349.671349 cuda_h.py:27] end load_into_gpu_async cost 1.723 ms
DEBUG 04-24 11:16:02.671626.671626 cuda_h.py:27] end restore_tensors2 cost 0.099 ms
DEBUG 04-24 11:16:02.671956.671956 cuda_h.py:27] end allocate_cuda_memory_and_load_into_gpu cost 2.470 ms
DEBUG 04-24 11:16:02.672301.672301 cuda_h.py:27] end **self_attn cost 2.297 ms
DEBUG 04-24 11:16:02.673475.673475 cuda_h.py:27] end *iln_self_attn_paln cost 3.669 ms
DEBUG 04-24 11:16:02.673529.673529 cuda_h.py:27] end gate cost 0.532 ms
DEBUG 04-24 11:16:02.674223.674223 cuda_h.py:27] end experts_map_get cost 0.288 ms
DEBUG 04-24 11:16:02.674960.674960 cuda_h.py:27] end *before experts start* cost 0.966 ms
DEBUG 04-24 11:16:02.674631.674631 cuda_h.py:27] end cpu_experts_submit_fused_mp cost 0.221 ms
DEBUG 04-24 11:16:02.675998.675998 cuda_h.py:27] end *single cpu experts* cost 1.506 ms
DEBUG 04-24 11:16:02.676527.676527 cuda_h.py:27] end prepare_group_stack cost 0.427 ms
DEBUG 04-24 11:16:02.677686.677686 cuda_h.py:27] end group stack cost 0.688 ms
DEBUG 04-24 11:16:02.677544.677544 cuda_h.py:27] end move_flatidxs_group_fused_mp cost 1.336 ms
DEBUG 04-24 11:16:02.677232.677232 cuda_h.py:27] end get_fused_experts_names_w cost 0.024 ms
DEBUG 04-24 11:16:02.678613.678613 cuda_h.py:27] end prepare_group_stack cost 0.537 ms
DEBUG 04-24 11:16:02.678025.678025 sllm_store_c.py:27] get device uuid map
DEBUG 04-24 11:16:02.678504.678504 sllm_store_c.py:29] call client load into gpu
DEBUG 04-24 11:16:02.678093.678093 cuda_h.py:27] end prepare_group_stack cost 0.579 ms
DEBUG 04-24 11:16:02.678291.678291 cuda_h.py:27] end prepare_group_stack cost 0.671 ms
DEBUG 04-24 11:16:02.678034.678034 cuda_h.py:27] end restore_fused_tensors cost 0.672 ms
DEBUG 04-24 11:16:02.678078.678078 cuda_h.py:27] end group_fused_tensors_mp cost 0.968 ms
DEBUG 04-24 11:16:02.679092.679092 cuda_h.py:27] end group stack cost 0.952 ms
DEBUG 04-24 11:16:02.679692.679692 cuda_h.py:27] end move_flatidxs_group_fused_mp cost 1.737 ms
DEBUG 04-24 11:16:02.679444.679444 cuda_h.py:27] end get_fused_experts_names_w cost 0.026 ms
DEBUG 04-24 11:16:02.679441.679441 cuda_h.py:27] end restore2model cost 0.687 ms
DEBUG 04-24 11:16:02.679276.679276 cuda_h.py:27] end sllm_worker_task cost 10.468 ms
DEBUG 04-24 11:16:02.679113.679113 cuda_h.py:27] end group stack cost 1.492 ms
DEBUG 04-24 11:16:02.680749.680749 cuda_h.py:27] end move_flatidxs_group_fused_mp cost 2.599 ms
DEBUG 04-24 11:16:02.680022.680022 cuda_h.py:27] end restore_fused_tensors cost 0.689 ms
DEBUG 04-24 11:16:02.680941.680941 cuda_h.py:27] end group stack cost 1.541 ms
DEBUG 04-24 11:16:02.680115.680115 cuda_h.py:27] end load_into_gpu_async_fused_experts_dual cost 2.099 ms
DEBUG 04-24 11:16:02.680756.680756 cuda_h.py:27] end group_fused_tensors_mp cost 1.069 ms
DEBUG 04-24 11:16:02.680008.680008 cuda_h.py:27] end get_fused_experts_names_w cost 0.026 ms
DEBUG 04-24 11:16:02.680687.680687 cuda_h.py:27] end move_flatidxs_group_fused_mp cost 2.819 ms
DEBUG 04-24 11:16:02.680836.680836 cuda_h.py:27] end restore_tensors2_fused_experts_packed cost 0.142 ms
DEBUG 04-24 11:16:02.680852.680852 cuda_h.py:27] end get_fused_experts_names_w cost 0.037 ms
DEBUG 04-24 11:16:02.681149.681149 cuda_h.py:27] end restore_tensors2_fused_experts_slices cost 0.369 ms
DEBUG 04-24 11:16:02.681936.681936 cuda_h.py:27] end allocate_experts_cuda_memory_and_restore_model_multi_device_fused cost 5.568 ms
DEBUG 04-24 11:16:02.681045.681045 cuda_h.py:27] end gpu_sexperts cost 0.013 ms
DEBUG 04-24 11:16:02.681893.681893 cuda_h.py:27] end restore_fused_tensors cost 0.687 ms
DEBUG 04-24 11:16:02.681101.681101 cuda_h.py:27] end wait_load_qkvogn_s_weight cost 0.033 ms
DEBUG 04-24 11:16:02.681257.681257 cuda_h.py:27] end group_fused_tensors_mp cost 1.126 ms
DEBUG 04-24 11:16:02.681139.681139 cuda_h.py:27] end restore_fused_tensors cost 1.071 ms
DEBUG 04-24 11:16:02.682052.682052 cuda_h.py:27] end group_fused_tensors_mp cost 1.453 ms
DEBUG 04-24 11:16:02.687875.687875 mlpmodule.py:3373] [fused_group_bmm][steps] bmm1=4.074 ms split=0.169 ms act_mul=0.607 ms bmm2=4.116 ms
DEBUG 04-24 11:16:02.688199.688199 cuda_h.py:27] end fused_group_bmm cost 9.400 ms
DEBUG 04-24 11:16:02.688258.688258 cuda_h.py:27] end gather_outputs_group_fused_mp cost 0.521 ms
DEBUG 04-24 11:16:02.689387.689387 cuda_h.py:27] end cpu_experts_worker_bmm_or_einsum_0 cost 14.219 ms
DEBUG 04-24 11:16:02.693853.693853 cuda_h.py:27] end prepare_per_device_parameters cost 12.210 ms
DEBUG 04-24 11:16:02.695450.695450 mlpmodule.py:3373] [fused_group_bmm][steps] bmm1=8.509 ms split=0.111 ms act_mul=0.560 ms bmm2=4.103 ms
DEBUG 04-24 11:16:02.696457.696457 cuda_h.py:27] end fused_group_bmm cost 13.532 ms
DEBUG 04-24 11:16:02.696935.696935 cuda_h.py:27] end gather_outputs_group_fused_mp cost 0.381 ms
DEBUG 04-24 11:16:02.696853.696853 mlpmodule.py:3373] [fused_group_bmm][steps] bmm1=9.006 ms split=0.141 ms act_mul=0.500 ms bmm2=6.113 ms
DEBUG 04-24 11:16:02.696010.696010 cuda_h.py:27] end fused_group_bmm cost 16.117 ms
DEBUG 04-24 11:16:02.696380.696380 cuda_h.py:27] end cpu_experts_worker_bmm_or_einsum_1 cost 20.428 ms
DEBUG 04-24 11:16:02.697267.697267 cuda_h.py:27] end gather_outputs_group_fused_mp cost 0.455 ms
DEBUG 04-24 11:16:02.697216.697216 mlpmodule.py:3373] [fused_group_bmm][steps] bmm1=9.281 ms split=0.115 ms act_mul=0.332 ms bmm2=5.912 ms
DEBUG 04-24 11:16:02.697237.697237 cuda_h.py:27] end fused_group_bmm cost 15.902 ms
DEBUG 04-24 11:16:02.697602.697602 cuda_h.py:27] end cpu_experts_worker_bmm_or_einsum_2 cost 21.447 ms
DEBUG 04-24 11:16:02.698608.698608 cuda_h.py:27] end gather_outputs_group_fused_mp cost 0.446 ms
DEBUG 04-24 11:16:02.698605.698605 cuda_h.py:27] end cpu_experts_worker_bmm_or_einsum_3 cost 22.528 ms
DEBUG 04-24 11:16:02.700084.700084 cuda_h.py:27] end cpu_experts_scatter_reduce cost 0.872 ms
DEBUG 04-24 11:16:02.700228.700228 cuda_h.py:27] end cpu_thread_manager_mp_wait_fused cost 6.366 ms
DEBUG 04-24 11:16:02.704235.704235 cuda_h.py:27] end wait_experts_multi_device cost 4.140 ms
DEBUG 04-24 11:16:02.704993.704993 cuda_h.py:27] end *before fused experts* cost 29.035 ms
DEBUG 04-24 11:16:02.709131.709131 cuda_h.py:27] end gpu_experts_multi_device_fused cost 5.075 ms
DEBUG 04-24 11:16:02.709413.709413 cuda_h.py:27] end *gpu experts* cost 34.259 ms
DEBUG 04-24 11:16:02.709322.709322 cuda_h.py:27] end layer_moe_generate_mp_multi_device_fused_l_6 cost 36.906 ms
DEBUG 04-24 11:16:02.711748.711748 cuda_h.py:27] end *mlp cost 38.340 ms
DEBUG 04-24 11:16:02.711374.711374 cuda_h.py:27] end prefill_layer cost 42.367 ms
DEBUG 04-24 11:16:02.711799.711799 lmp.py:341] -------------------------------- end prefill layer 5 --------------------------------
DEBUG 04-24 11:16:02.711281.711281 lmp.py:294] -------------------------------- start prefill layer 6 --------------------------------
DEBUG 04-24 11:16:02.711701.711701 cuda_h.py:27] end start_load_qkvogn_s_weight_l_7 cost 0.049 ms
DEBUG 04-24 11:16:02.712613.712613 cuda_h.py:27] end allocate_cuda_memory cost 0.228 ms
DEBUG 04-24 11:16:02.712459.712459 sllm_store_c.py:27] get device uuid map
DEBUG 04-24 11:16:02.712609.712609 sllm_store_c.py:29] call client load into gpu
DEBUG 04-24 11:16:02.714407.714407 cuda_h.py:27] end load_into_gpu_async cost 1.786 ms
DEBUG 04-24 11:16:02.714001.714001 cuda_h.py:27] end restore_tensors2 cost 0.094 ms
DEBUG 04-24 11:16:02.714374.714374 cuda_h.py:27] end **self_attn cost 1.555 ms
DEBUG 04-24 11:16:02.714044.714044 cuda_h.py:27] end allocate_cuda_memory_and_load_into_gpu cost 2.656 ms
DEBUG 04-24 11:16:02.715810.715810 cuda_h.py:27] end *iln_self_attn_paln cost 3.302 ms
DEBUG 04-24 11:16:02.715056.715056 cuda_h.py:27] end gate cost 0.567 ms
DEBUG 04-24 11:16:02.716076.716076 cuda_h.py:27] end experts_map_get cost 0.316 ms
DEBUG 04-24 11:16:02.716336.716336 cuda_h.py:27] end *before experts start* cost 1.030 ms
DEBUG 04-24 11:16:02.716352.716352 cuda_h.py:27] end cpu_experts_submit_fused_mp cost 0.229 ms
DEBUG 04-24 11:16:02.717369.717369 cuda_h.py:27] end *single cpu experts* cost 1.537 ms
DEBUG 04-24 11:16:02.718700.718700 cuda_h.py:27] end prepare_group_stack cost 0.417 ms
DEBUG 04-24 11:16:02.719476.719476 cuda_h.py:27] end group stack cost 0.722 ms
DEBUG 04-24 11:16:02.719195.719195 cuda_h.py:27] end move_flatidxs_group_fused_mp cost 1.361 ms
DEBUG 04-24 11:16:02.719396.719396 cuda_h.py:27] end get_fused_experts_names_w cost 0.026 ms
DEBUG 04-24 11:16:02.720056.720056 cuda_h.py:27] end prepare_group_stack cost 0.485 ms
DEBUG 04-24 11:16:02.720423.720423 cuda_h.py:27] end prepare_group_stack cost 0.511 ms
DEBUG 04-24 11:16:02.720868.720868 sllm_store_c.py:27] get device uuid map
DEBUG 04-24 11:16:02.720779.720779 sllm_store_c.py:29] call client load into gpu
DEBUG 04-24 11:16:02.720412.720412 cuda_h.py:27] end prepare_group_stack cost 0.683 ms
DEBUG 04-24 11:16:02.720022.720022 cuda_h.py:27] end restore_fused_tensors cost 0.725 ms
DEBUG 04-24 11:16:02.720979.720979 cuda_h.py:27] end group_fused_tensors_mp cost 1.022 ms
DEBUG 04-24 11:16:02.721345.721345 cuda_h.py:27] end group stack cost 0.837 ms
DEBUG 04-24 11:16:02.721083.721083 cuda_h.py:27] end move_flatidxs_group_fused_mp cost 1.502 ms
DEBUG 04-24 11:16:02.721522.721522 cuda_h.py:27] end get_fused_experts_names_w cost 0.029 ms
DEBUG 04-24 11:16:02.721922.721922 cuda_h.py:27] end group stack cost 1.308 ms
DEBUG 04-24 11:16:02.721025.721025 cuda_h.py:27] end move_flatidxs_group_fused_mp cost 2.105 ms
DEBUG 04-24 11:16:02.721366.721366 cuda_h.py:27] end get_fused_experts_names_w cost 0.022 ms
DEBUG 04-24 11:16:02.722057.722057 cuda_h.py:27] end restore_fused_tensors cost 0.578 ms
DEBUG 04-24 11:16:02.722463.722463 cuda_h.py:27] end group_fused_tensors_mp cost 0.833 ms
DEBUG 04-24 11:16:02.722588.722588 cuda_h.py:27] end group stack cost 1.285 ms
DEBUG 04-24 11:16:02.722320.722320 cuda_h.py:27] end restore2model cost 0.909 ms
DEBUG 04-24 11:16:02.722730.722730 cuda_h.py:27] end sllm_worker_task cost 10.493 ms
DEBUG 04-24 11:16:02.722081.722081 cuda_h.py:27] end move_flatidxs_group_fused_mp cost 2.466 ms
DEBUG 04-24 11:16:02.722161.722161 cuda_h.py:27] end get_fused_experts_names_w cost 0.038 ms
DEBUG 04-24 11:16:02.722873.722873 cuda_h.py:27] end restore_fused_tensors cost 0.603 ms
DEBUG 04-24 11:16:02.722380.722380 cuda_h.py:27] end group_fused_tensors_mp cost 0.842 ms
DEBUG 04-24 11:16:02.722278.722278 cuda_h.py:27] end load_into_gpu_async_fused_experts_dual cost 2.303 ms
DEBUG 04-24 11:16:02.723043.723043 cuda_h.py:27] end restore_tensors2_fused_experts_packed cost 0.259 ms
DEBUG 04-24 11:16:02.723330.723330 cuda_h.py:27] end restore_fused_tensors cost 1.101 ms
DEBUG 04-24 11:16:02.724765.724765 cuda_h.py:27] end group_fused_tensors_mp cost 1.649 ms
DEBUG 04-24 11:16:02.724560.724560 cuda_h.py:27] end restore_tensors2_fused_experts_slices cost 1.000 ms
DEBUG 04-24 11:16:02.725589.725589 cuda_h.py:27] end allocate_experts_cuda_memory_and_restore_model_multi_device_fused cost 7.494 ms
DEBUG 04-24 11:16:02.725344.725344 cuda_h.py:27] end gpu_sexperts cost 0.019 ms
DEBUG 04-24 11:16:02.725485.725485 cuda_h.py:27] end wait_load_qkvogn_s_weight cost 0.056 ms
DEBUG 04-24 11:16:02.733293.733293 mlpmodule.py:3373] [fused_group_bmm][steps] bmm1=7.258 ms split=0.178 ms act_mul=0.544 ms bmm2=3.946 ms
DEBUG 04-24 11:16:02.733486.733486 cuda_h.py:27] end fused_group_bmm cost 12.421 ms
DEBUG 04-24 11:16:02.734564.734564 cuda_h.py:27] end gather_outputs_group_fused_mp cost 0.707 ms
DEBUG 04-24 11:16:02.734666.734666 cuda_h.py:27] end cpu_experts_worker_bmm_or_einsum_0 cost 17.365 ms
DEBUG 04-24 11:16:02.739949.739949 mlpmodule.py:3373] [fused_group_bmm][steps] bmm1=11.593 ms split=0.188 ms act_mul=0.542 ms bmm2=5.404 ms
DEBUG 04-24 11:16:02.740481.740481 cuda_h.py:27] end fused_group_bmm cost 18.009 ms
DEBUG 04-24 11:16:02.741251.741251 cuda_h.py:27] end gather_outputs_group_fused_mp cost 0.640 ms
DEBUG 04-24 11:16:02.741374.741374 cuda_h.py:27] end cpu_experts_worker_bmm_or_einsum_2 cost 23.347 ms
DEBUG 04-24 11:16:02.742785.742785 cuda_h.py:27] end prepare_per_device_parameters cost 16.672 ms
DEBUG 04-24 11:16:02.743703.743703 mlpmodule.py:3373] [fused_group_bmm][steps] bmm1=13.050 ms split=0.096 ms act_mul=0.826 ms bmm2=5.303 ms
DEBUG 04-24 11:16:02.743102.743102 cuda_h.py:27] end fused_group_bmm cost 19.569 ms
DEBUG 04-24 11:16:02.743901.743901 mlpmodule.py:3373] [fused_group_bmm][steps] bmm1=13.598 ms split=0.133 ms act_mul=0.531 ms bmm2=6.662 ms
DEBUG 04-24 11:16:02.746354.746354 cuda_h.py:27] end fused_group_bmm cost 23.213 ms
DEBUG 04-24 11:16:02.746513.746513 cuda_h.py:27] end gather_outputs_group_fused_mp cost 0.401 ms
DEBUG 04-24 11:16:02.746259.746259 cuda_h.py:27] end gather_outputs_group_fused_mp cost 0.357 ms
DEBUG 04-24 11:16:02.746646.746646 cuda_h.py:27] end cpu_experts_worker_bmm_or_einsum_1 cost 28.359 ms
DEBUG 04-24 11:16:02.747248.747248 cuda_h.py:27] end cpu_experts_worker_bmm_or_einsum_3 cost 28.615 ms
DEBUG 04-24 11:16:02.748555.748555 cuda_h.py:27] end cpu_experts_scatter_reduce cost 0.691 ms
DEBUG 04-24 11:16:02.748566.748566 cuda_h.py:27] end cpu_thread_manager_mp_wait_fused cost 5.685 ms
DEBUG 04-24 11:16:02.750994.750994 cuda_h.py:27] end wait_experts_multi_device cost 1.464 ms
DEBUG 04-24 11:16:02.750658.750658 cuda_h.py:27] end *before fused experts* cost 32.319 ms
DEBUG 04-24 11:16:02.757712.757712 cuda_h.py:27] end gpu_experts_multi_device_fused cost 7.288 ms
DEBUG 04-24 11:16:02.757036.757036 cuda_h.py:27] end *gpu experts* cost 39.823 ms
DEBUG 04-24 11:16:02.757406.757406 cuda_h.py:27] end layer_moe_generate_mp_multi_device_fused_l_7 cost 42.643 ms
DEBUG 04-24 11:16:02.759759.759759 cuda_h.py:27] end *mlp cost 44.093 ms
DEBUG 04-24 11:16:02.759302.759302 cuda_h.py:27] end prefill_layer cost 47.692 ms
DEBUG 04-24 11:16:02.759839.759839 lmp.py:341] -------------------------------- end prefill layer 6 --------------------------------
DEBUG 04-24 11:16:02.759541.759541 lmp.py:294] -------------------------------- start prefill layer 7 --------------------------------
DEBUG 04-24 11:16:02.760511.760511 cuda_h.py:27] end start_load_qkvogn_s_weight_l_8 cost 0.087 ms
DEBUG 04-24 11:16:02.760364.760364 cuda_h.py:27] end allocate_cuda_memory cost 0.355 ms
DEBUG 04-24 11:16:02.761144.761144 sllm_store_c.py:27] get device uuid map
DEBUG 04-24 11:16:02.761294.761294 sllm_store_c.py:29] call client load into gpu
DEBUG 04-24 11:16:02.763890.763890 cuda_h.py:27] end load_into_gpu_async cost 2.352 ms
DEBUG 04-24 11:16:02.763630.763630 cuda_h.py:27] end restore_tensors2 cost 0.102 ms
DEBUG 04-24 11:16:02.763716.763716 cuda_h.py:27] end allocate_cuda_memory_and_load_into_gpu cost 3.432 ms
DEBUG 04-24 11:16:02.764942.764942 cuda_h.py:27] end **self_attn cost 2.482 ms
DEBUG 04-24 11:16:02.764056.764056 cuda_h.py:27] end *iln_self_attn_paln cost 4.734 ms
DEBUG 04-24 11:16:02.765826.765826 cuda_h.py:27] end gate cost 0.566 ms
DEBUG 04-24 11:16:02.765867.765867 cuda_h.py:27] end experts_map_get cost 0.327 ms
DEBUG 04-24 11:16:02.765703.765703 cuda_h.py:27] end *before experts start* cost 1.047 ms
DEBUG 04-24 11:16:02.766414.766414 cuda_h.py:27] end cpu_experts_submit_fused_mp cost 0.249 ms
DEBUG 04-24 11:16:02.767689.767689 cuda_h.py:27] end *single cpu experts* cost 1.534 ms
DEBUG 04-24 11:16:02.768346.768346 cuda_h.py:27] end prepare_group_stack cost 0.396 ms
DEBUG 04-24 11:16:02.769816.769816 cuda_h.py:27] end prepare_group_stack cost 0.524 ms
DEBUG 04-24 11:16:02.769141.769141 cuda_h.py:27] end group stack cost 0.688 ms
DEBUG 04-24 11:16:02.769238.769238 cuda_h.py:27] end move_flatidxs_group_fused_mp cost 1.322 ms
DEBUG 04-24 11:16:02.769339.769339 cuda_h.py:27] end get_fused_experts_names_w cost 0.025 ms
DEBUG 04-24 11:16:02.770922.770922 cuda_h.py:27] end prepare_group_stack cost 0.494 ms
DEBUG 04-24 11:16:02.770329.770329 cuda_h.py:27] end prepare_group_stack cost 0.540 ms
DEBUG 04-24 11:16:02.770943.770943 sllm_store_c.py:27] get device uuid map
DEBUG 04-24 11:16:02.770611.770611 sllm_store_c.py:29] call client load into gpu
DEBUG 04-24 11:16:02.770549.770549 cuda_h.py:27] end group stack cost 1.313 ms
DEBUG 04-24 11:16:02.770804.770804 cuda_h.py:27] end move_flatidxs_group_fused_mp cost 2.195 ms
DEBUG 04-24 11:16:02.770648.770648 cuda_h.py:27] end restore_fused_tensors cost 0.725 ms
DEBUG 04-24 11:16:02.770260.770260 cuda_h.py:27] end group_fused_tensors_mp cost 1.023 ms
DEBUG 04-24 11:16:02.770373.770373 cuda_h.py:27] end get_fused_experts_names_w cost 0.024 ms
DEBUG 04-24 11:16:02.771803.771803 cuda_h.py:27] end group stack cost 0.799 ms
DEBUG 04-24 11:16:02.771888.771888 cuda_h.py:27] end group stack cost 0.947 ms
DEBUG 04-24 11:16:02.771247.771247 cuda_h.py:27] end move_flatidxs_group_fused_mp cost 1.734 ms
DEBUG 04-24 11:16:02.771746.771746 cuda_h.py:27] end move_flatidxs_group_fused_mp cost 1.743 ms
DEBUG 04-24 11:16:02.771442.771442 cuda_h.py:27] end get_fused_experts_names_w cost 0.023 ms
DEBUG 04-24 11:16:02.771886.771886 cuda_h.py:27] end get_fused_experts_names_w cost 0.026 ms
DEBUG 04-24 11:16:02.771600.771600 cuda_h.py:27] end restore_fused_tensors cost 0.663 ms
DEBUG 04-24 11:16:02.771381.771381 cuda_h.py:27] end group_fused_tensors_mp cost 1.051 ms
DEBUG 04-24 11:16:02.772028.772028 cuda_h.py:27] end restore_fused_tensors cost 0.686 ms
DEBUG 04-24 11:16:02.772500.772500 cuda_h.py:27] end group_fused_tensors_mp cost 0.982 ms
DEBUG 04-24 11:16:02.772350.772350 cuda_h.py:27] end restore_fused_tensors cost 0.749 ms
DEBUG 04-24 11:16:02.772253.772253 cuda_h.py:27] end group_fused_tensors_mp cost 0.899 ms
DEBUG 04-24 11:16:02.773671.773671 cuda_h.py:27] end restore2model cost 1.763 ms
DEBUG 04-24 11:16:02.773988.773988 cuda_h.py:27] end sllm_worker_task cost 13.495 ms
DEBUG 04-24 11:16:02.774788.774788 cuda_h.py:27] end load_into_gpu_async_fused_experts_dual cost 4.063 ms
DEBUG 04-24 11:16:02.774478.774478 cuda_h.py:27] end restore_tensors2_fused_experts_packed cost 0.240 ms
DEBUG 04-24 11:16:02.775569.775569 cuda_h.py:27] end restore_tensors2_fused_experts_slices cost 0.443 ms
DEBUG 04-24 11:16:02.775002.775002 cuda_h.py:27] end allocate_experts_cuda_memory_and_restore_model_multi_device_fused cost 8.264 ms
DEBUG 04-24 11:16:02.775069.775069 cuda_h.py:27] end gpu_sexperts cost 0.020 ms
DEBUG 04-24 11:16:02.776681.776681 cuda_h.py:27] end wait_load_qkvogn_s_weight cost 0.049 ms
DEBUG 04-24 11:16:02.781155.781155 mlpmodule.py:3373] [fused_group_bmm][steps] bmm1=6.824 ms split=0.157 ms act_mul=0.454 ms bmm2=3.313 ms
DEBUG 04-24 11:16:02.781799.781799 cuda_h.py:27] end fused_group_bmm cost 11.011 ms
DEBUG 04-24 11:16:02.782478.782478 cuda_h.py:27] end gather_outputs_group_fused_mp cost 0.449 ms
DEBUG 04-24 11:16:02.783886.783886 cuda_h.py:27] end cpu_experts_worker_bmm_or_einsum_0 cost 15.771 ms
DEBUG 04-24 11:16:02.786813.786813 mlpmodule.py:3373] [fused_group_bmm][steps] bmm1=9.484 ms split=0.114 ms act_mul=0.363 ms bmm2=3.771 ms
DEBUG 04-24 11:16:02.786120.786120 cuda_h.py:27] end fused_group_bmm cost 14.029 ms
DEBUG 04-24 11:16:02.787336.787336 cuda_h.py:27] end gather_outputs_group_fused_mp cost 0.497 ms
DEBUG 04-24 11:16:02.787221.787221 cuda_h.py:27] end cpu_experts_worker_bmm_or_einsum_1 cost 19.319 ms
DEBUG 04-24 11:16:02.787306.787306 mlpmodule.py:3373] [fused_group_bmm][steps] bmm1=9.546 ms split=0.129 ms act_mul=0.540 ms bmm2=5.329 ms
DEBUG 04-24 11:16:02.787873.787873 cuda_h.py:27] end fused_group_bmm cost 15.937 ms
DEBUG 04-24 11:16:02.788189.788189 cuda_h.py:27] end gather_outputs_group_fused_mp cost 0.454 ms
DEBUG 04-24 11:16:02.789690.789690 cuda_h.py:27] end cpu_experts_worker_bmm_or_einsum_3 cost 21.596 ms
DEBUG 04-24 11:16:02.789909.789909 mlpmodule.py:3373] [fused_group_bmm][steps] bmm1=10.641 ms split=0.207 ms act_mul=0.531 ms bmm2=5.014 ms
DEBUG 04-24 11:16:02.789367.789367 cuda_h.py:27] end fused_group_bmm cost 16.659 ms
DEBUG 04-24 11:16:02.790984.790984 cuda_h.py:27] end gather_outputs_group_fused_mp cost 0.453 ms
DEBUG 04-24 11:16:02.790709.790709 cuda_h.py:27] end cpu_experts_worker_bmm_or_einsum_2 cost 22.207 ms
DEBUG 04-24 11:16:02.792844.792844 cuda_h.py:27] end prepare_per_device_parameters cost 16.192 ms
DEBUG 04-24 11:16:02.794863.794863 cuda_h.py:27] end cpu_experts_scatter_reduce cost 0.631 ms
DEBUG 04-24 11:16:02.795773.795773 cuda_h.py:27] end cpu_thread_manager_mp_wait_fused cost 2.316 ms
DEBUG 04-24 11:16:02.798064.798064 cuda_h.py:27] end wait_experts_multi_device cost 2.904 ms
DEBUG 04-24 11:16:02.798155.798155 cuda_h.py:27] end *before fused experts* cost 30.642 ms
DEBUG 04-24 11:16:02.802779.802779 cuda_h.py:27] end gpu_experts_multi_device_fused cost 4.310 ms
DEBUG 04-24 11:16:02.802450.802450 cuda_h.py:27] end *gpu experts* cost 35.116 ms
DEBUG 04-24 11:16:02.802115.802115 cuda_h.py:27] end layer_moe_generate_mp_multi_device_fused_l_8 cost 37.867 ms
DEBUG 04-24 11:16:02.804971.804971 cuda_h.py:27] end *mlp cost 39.304 ms
DEBUG 04-24 11:16:02.804743.804743 cuda_h.py:27] end prefill_layer cost 44.397 ms
DEBUG 04-24 11:16:02.804545.804545 lmp.py:341] -------------------------------- end prefill layer 7 --------------------------------
DEBUG 04-24 11:16:02.804762.804762 lmp.py:294] -------------------------------- start prefill layer 8 --------------------------------
DEBUG 04-24 11:16:02.804648.804648 cuda_h.py:27] end start_load_qkvogn_s_weight_l_9 cost 0.046 ms
DEBUG 04-24 11:16:02.804433.804433 cuda_h.py:27] end allocate_cuda_memory cost 0.195 ms
DEBUG 04-24 11:16:02.805240.805240 sllm_store_c.py:27] get device uuid map
DEBUG 04-24 11:16:02.805972.805972 sllm_store_c.py:29] call client load into gpu
DEBUG 04-24 11:16:02.806571.806571 cuda_h.py:27] end load_into_gpu_async cost 1.577 ms
DEBUG 04-24 11:16:02.806716.806716 cuda_h.py:27] end restore_tensors2 cost 0.114 ms
DEBUG 04-24 11:16:02.806310.806310 cuda_h.py:27] end **self_attn cost 1.465 ms
DEBUG 04-24 11:16:02.807690.807690 cuda_h.py:27] end allocate_cuda_memory_and_load_into_gpu cost 2.358 ms
DEBUG 04-24 11:16:02.807082.807082 cuda_h.py:27] end *iln_self_attn_paln cost 2.901 ms
DEBUG 04-24 11:16:02.808301.808301 cuda_h.py:27] end gate cost 0.547 ms
DEBUG 04-24 11:16:02.808990.808990 cuda_h.py:27] end experts_map_get cost 0.315 ms
DEBUG 04-24 11:16:02.808250.808250 cuda_h.py:27] end *before experts start* cost 1.011 ms
DEBUG 04-24 11:16:02.808610.808610 cuda_h.py:27] end cpu_experts_submit_fused_mp cost 0.237 ms
DEBUG 04-24 11:16:02.810467.810467 cuda_h.py:27] end *single cpu experts* cost 1.708 ms
DEBUG 04-24 11:16:02.811136.811136 cuda_h.py:27] end prepare_group_stack cost 0.601 ms
DEBUG 04-24 11:16:02.811765.811765 cuda_h.py:27] end prepare_group_stack cost 0.548 ms
DEBUG 04-24 11:16:02.812803.812803 cuda_h.py:27] end prepare_group_stack cost 0.449 ms
DEBUG 04-24 11:16:02.812555.812555 cuda_h.py:27] end group stack cost 0.960 ms
DEBUG 04-24 11:16:02.812377.812377 cuda_h.py:27] end prepare_group_stack cost 0.517 ms
DEBUG 04-24 11:16:02.812008.812008 cuda_h.py:27] end move_flatidxs_group_fused_mp cost 1.751 ms
DEBUG 04-24 11:16:02.813343.813343 sllm_store_c.py:27] get device uuid map
DEBUG 04-24 11:16:02.813399.813399 cuda_h.py:27] end get_fused_experts_names_w cost 0.023 ms
DEBUG 04-24 11:16:02.813352.813352 sllm_store_c.py:29] call client load into gpu
DEBUG 04-24 11:16:02.813097.813097 cuda_h.py:27] end group stack cost 1.306 ms
DEBUG 04-24 11:16:02.813856.813856 cuda_h.py:27] end move_flatidxs_group_fused_mp cost 2.077 ms
DEBUG 04-24 11:16:02.813272.813272 cuda_h.py:27] end get_fused_experts_names_w cost 0.022 ms
DEBUG 04-24 11:16:02.813880.813880 cuda_h.py:27] end group stack cost 0.787 ms
DEBUG 04-24 11:16:02.813324.813324 cuda_h.py:27] end restore_fused_tensors cost 0.602 ms
DEBUG 04-24 11:16:02.813887.813887 cuda_h.py:27] end move_flatidxs_group_fused_mp cost 1.586 ms
DEBUG 04-24 11:16:02.814686.814686 cuda_h.py:27] end group_fused_tensors_mp cost 0.906 ms
DEBUG 04-24 11:16:02.814064.814064 cuda_h.py:27] end group stack cost 0.901 ms
DEBUG 04-24 11:16:02.814310.814310 cuda_h.py:27] end get_fused_experts_names_w cost 0.024 ms
DEBUG 04-24 11:16:02.814951.814951 cuda_h.py:27] end restore_fused_tensors cost 0.547 ms
DEBUG 04-24 11:16:02.814760.814760 cuda_h.py:27] end move_flatidxs_group_fused_mp cost 1.906 ms
DEBUG 04-24 11:16:02.814486.814486 cuda_h.py:27] end group_fused_tensors_mp cost 0.883 ms
DEBUG 04-24 11:16:02.814315.814315 cuda_h.py:27] end get_fused_experts_names_w cost 0.031 ms
DEBUG 04-24 11:16:02.815187.815187 cuda_h.py:27] end restore_fused_tensors cost 0.903 ms
DEBUG 04-24 11:16:02.815633.815633 cuda_h.py:27] end group_fused_tensors_mp cost 1.179 ms
DEBUG 04-24 11:16:02.815332.815332 cuda_h.py:27] end load_into_gpu_async_fused_experts_dual cost 2.228 ms
DEBUG 04-24 11:16:02.815770.815770 cuda_h.py:27] end restore_fused_tensors cost 0.990 ms
DEBUG 04-24 11:16:02.815546.815546 cuda_h.py:27] end group_fused_tensors_mp cost 1.398 ms
DEBUG 04-24 11:16:02.815565.815565 cuda_h.py:27] end restore2model cost 1.389 ms
DEBUG 04-24 11:16:02.815933.815933 cuda_h.py:27] end restore_tensors2_fused_experts_packed cost 0.172 ms
DEBUG 04-24 11:16:02.816508.816508 cuda_h.py:27] end sllm_worker_task cost 11.546 ms
DEBUG 04-24 11:16:02.817506.817506 cuda_h.py:27] end restore_tensors2_fused_experts_slices cost 1.350 ms
DEBUG 04-24 11:16:02.818939.818939 cuda_h.py:27] end allocate_experts_cuda_memory_and_restore_model_multi_device_fused cost 8.635 ms
DEBUG 04-24 11:16:02.819649.819649 cuda_h.py:27] end gpu_sexperts cost 0.025 ms
DEBUG 04-24 11:16:02.819326.819326 cuda_h.py:27] end wait_load_qkvogn_s_weight cost 0.064 ms
DEBUG 04-24 11:16:02.827677.827677 mlpmodule.py:3373] [fused_group_bmm][steps] bmm1=8.406 ms split=0.143 ms act_mul=0.574 ms bmm2=3.326 ms
DEBUG 04-24 11:16:02.828495.828495 cuda_h.py:27] end fused_group_bmm cost 12.778 ms
DEBUG 04-24 11:16:02.828973.828973 cuda_h.py:27] end gather_outputs_group_fused_mp cost 0.575 ms
DEBUG 04-24 11:16:02.829108.829108 cuda_h.py:27] end cpu_experts_worker_bmm_or_einsum_0 cost 18.613 ms
DEBUG 04-24 11:16:02.832669.832669 mlpmodule.py:3373] [fused_group_bmm][steps] bmm1=10.318 ms split=0.192 ms act_mul=0.567 ms bmm2=6.377 ms
DEBUG 04-24 11:16:02.832312.832312 cuda_h.py:27] end fused_group_bmm cost 17.721 ms
DEBUG 04-24 11:16:02.832386.832386 mlpmodule.py:3373] [fused_group_bmm][steps] bmm1=10.190 ms split=0.123 ms act_mul=0.398 ms bmm2=7.432 ms
DEBUG 04-24 11:16:02.832781.832781 mlpmodule.py:3373] [fused_group_bmm][steps] bmm1=10.582 ms split=0.225 ms act_mul=0.465 ms bmm2=4.898 ms
DEBUG 04-24 11:16:02.832321.832321 cuda_h.py:27] end fused_group_bmm cost 18.406 ms
DEBUG 04-24 11:16:02.832878.832878 cuda_h.py:27] end fused_group_bmm cost 16.522 ms
DEBUG 04-24 11:16:02.833541.833541 cuda_h.py:27] end gather_outputs_group_fused_mp cost 0.469 ms
DEBUG 04-24 11:16:02.833030.833030 cuda_h.py:27] end gather_outputs_group_fused_mp cost 0.473 ms
DEBUG 04-24 11:16:02.833475.833475 cuda_h.py:27] end gather_outputs_group_fused_mp cost 0.471 ms
DEBUG 04-24 11:16:02.833897.833897 cuda_h.py:27] end cpu_experts_worker_bmm_or_einsum_3 cost 23.352 ms
DEBUG 04-24 11:16:02.833129.833129 cuda_h.py:27] end cpu_experts_worker_bmm_or_einsum_1 cost 22.587 ms
DEBUG 04-24 11:16:02.833758.833758 cuda_h.py:27] end cpu_experts_worker_bmm_or_einsum_2 cost 23.586 ms
DEBUG 04-24 11:16:02.836889.836889 cuda_h.py:27] end prepare_per_device_parameters cost 16.313 ms
DEBUG 04-24 11:16:02.838002.838002 cuda_h.py:27] end cpu_experts_scatter_reduce cost 0.771 ms
DEBUG 04-24 11:16:02.838350.838350 cuda_h.py:27] end cpu_thread_manager_mp_wait_fused cost 2.568 ms
DEBUG 04-24 11:16:02.840901.840901 cuda_h.py:27] end wait_experts_multi_device cost 1.385 ms
DEBUG 04-24 11:16:02.840220.840220 cuda_h.py:27] end *before fused experts* cost 29.956 ms
DEBUG 04-24 11:16:02.844130.844130 cuda_h.py:27] end gpu_experts_multi_device_fused cost 4.393 ms
DEBUG 04-24 11:16:02.844304.844304 cuda_h.py:27] end *gpu experts* cost 34.443 ms
DEBUG 04-24 11:16:02.844724.844724 cuda_h.py:27] end layer_moe_generate_mp_multi_device_fused_l_9 cost 37.316 ms
DEBUG 04-24 11:16:02.846857.846857 cuda_h.py:27] end *mlp cost 38.710 ms
DEBUG 04-24 11:16:02.846900.846900 cuda_h.py:27] end prefill_layer cost 41.885 ms
DEBUG 04-24 11:16:02.846795.846795 lmp.py:341] -------------------------------- end prefill layer 8 --------------------------------
DEBUG 04-24 11:16:02.846921.846921 lmp.py:294] -------------------------------- start prefill layer 9 --------------------------------
DEBUG 04-24 11:16:02.846023.846023 cuda_h.py:27] end start_load_qkvogn_s_weight_l_10 cost 0.043 ms
DEBUG 04-24 11:16:02.846961.846961 cuda_h.py:27] end allocate_cuda_memory cost 0.210 ms
DEBUG 04-24 11:16:02.846926.846926 sllm_store_c.py:27] get device uuid map
DEBUG 04-24 11:16:02.847157.847157 sllm_store_c.py:29] call client load into gpu
DEBUG 04-24 11:16:02.848390.848390 cuda_h.py:27] end **self_attn cost 1.225 ms
DEBUG 04-24 11:16:02.848968.848968 cuda_h.py:27] end load_into_gpu_async cost 1.854 ms
DEBUG 04-24 11:16:02.848908.848908 cuda_h.py:27] end restore_tensors2 cost 0.101 ms
DEBUG 04-24 11:16:02.848334.848334 cuda_h.py:27] end *iln_self_attn_paln cost 2.593 ms
DEBUG 04-24 11:16:02.849733.849733 cuda_h.py:27] end allocate_cuda_memory_and_load_into_gpu cost 2.544 ms
DEBUG 04-24 11:16:02.849723.849723 cuda_h.py:27] end gate cost 0.615 ms
DEBUG 04-24 11:16:02.850688.850688 cuda_h.py:27] end experts_map_get cost 0.280 ms
DEBUG 04-24 11:16:02.850326.850326 cuda_h.py:27] end *before experts start* cost 1.034 ms
DEBUG 04-24 11:16:02.850076.850076 cuda_h.py:27] end cpu_experts_submit_fused_mp cost 0.210 ms
DEBUG 04-24 11:16:02.851310.851310 cuda_h.py:27] end *single cpu experts* cost 1.465 ms
DEBUG 04-24 11:16:02.852492.852492 cuda_h.py:27] end prepare_group_stack cost 0.411 ms
DEBUG 04-24 11:16:02.853275.853275 cuda_h.py:27] end group stack cost 0.565 ms
DEBUG 04-24 11:16:02.853682.853682 cuda_h.py:27] end move_flatidxs_group_fused_mp cost 1.163 ms
DEBUG 04-24 11:16:02.853817.853817 cuda_h.py:27] end get_fused_experts_names_w cost 0.022 ms
DEBUG 04-24 11:16:02.853366.853366 cuda_h.py:27] end prepare_group_stack cost 0.512 ms
DEBUG 04-24 11:16:02.853555.853555 cuda_h.py:27] end prepare_group_stack cost 0.563 ms
DEBUG 04-24 11:16:02.854984.854984 sllm_store_c.py:27] get device uuid map
DEBUG 04-24 11:16:02.854377.854377 sllm_store_c.py:29] call client load into gpu
DEBUG 04-24 11:16:02.854113.854113 cuda_h.py:27] end restore_fused_tensors cost 0.605 ms
DEBUG 04-24 11:16:02.854334.854334 cuda_h.py:27] end group_fused_tensors_mp cost 0.829 ms
DEBUG 04-24 11:16:02.854850.854850 cuda_h.py:27] end prepare_group_stack cost 0.493 ms
DEBUG 04-24 11:16:02.855589.855589 cuda_h.py:27] end group stack cost 1.189 ms
DEBUG 04-24 11:16:02.855049.855049 cuda_h.py:27] end move_flatidxs_group_fused_mp cost 1.945 ms
DEBUG 04-24 11:16:02.855429.855429 cuda_h.py:27] end get_fused_experts_names_w cost 0.023 ms
DEBUG 04-24 11:16:02.855864.855864 cuda_h.py:27] end group stack cost 1.424 ms
DEBUG 04-24 11:16:02.855849.855849 cuda_h.py:27] end move_flatidxs_group_fused_mp cost 2.239 ms
DEBUG 04-24 11:16:02.855494.855494 cuda_h.py:27] end group stack cost 0.757 ms
DEBUG 04-24 11:16:02.855555.855555 cuda_h.py:27] end get_fused_experts_names_w cost 0.025 ms
DEBUG 04-24 11:16:02.855436.855436 cuda_h.py:27] end move_flatidxs_group_fused_mp cost 1.604 ms
DEBUG 04-24 11:16:02.856901.856901 cuda_h.py:27] end get_fused_experts_names_w cost 0.025 ms
DEBUG 04-24 11:16:02.856477.856477 cuda_h.py:27] end restore_fused_tensors cost 0.666 ms
DEBUG 04-24 11:16:02.856281.856281 cuda_h.py:27] end group_fused_tensors_mp cost 0.936 ms
DEBUG 04-24 11:16:02.856542.856542 cuda_h.py:27] end restore_fused_tensors cost 0.581 ms
DEBUG 04-24 11:16:02.856829.856829 cuda_h.py:27] end group_fused_tensors_mp cost 0.903 ms
DEBUG 04-24 11:16:02.856149.856149 cuda_h.py:27] end restore_fused_tensors cost 0.633 ms
DEBUG 04-24 11:16:02.856903.856903 cuda_h.py:27] end group_fused_tensors_mp cost 0.873 ms
DEBUG 04-24 11:16:02.858862.858862 cuda_h.py:27] end restore2model cost 1.672 ms
DEBUG 04-24 11:16:02.858431.858431 cuda_h.py:27] end load_into_gpu_async_fused_experts_dual cost 4.420 ms
DEBUG 04-24 11:16:02.858613.858613 cuda_h.py:27] end sllm_worker_task cost 12.210 ms
DEBUG 04-24 11:16:02.859002.859002 cuda_h.py:27] end restore_tensors2_fused_experts_packed cost 0.198 ms
DEBUG 04-24 11:16:02.859324.859324 cuda_h.py:27] end restore_tensors2_fused_experts_slices cost 0.485 ms
DEBUG 04-24 11:16:02.860489.860489 cuda_h.py:27] end allocate_experts_cuda_memory_and_restore_model_multi_device_fused cost 8.459 ms
DEBUG 04-24 11:16:02.860126.860126 cuda_h.py:27] end gpu_sexperts cost 0.017 ms
DEBUG 04-24 11:16:02.860176.860176 cuda_h.py:27] end wait_load_qkvogn_s_weight cost 0.030 ms
DEBUG 04-24 11:16:02.864488.864488 mlpmodule.py:3373] [fused_group_bmm][steps] bmm1=5.243 ms split=0.199 ms act_mul=0.635 ms bmm2=4.180 ms
DEBUG 04-24 11:16:02.865992.865992 cuda_h.py:27] end fused_group_bmm cost 10.717 ms
DEBUG 04-24 11:16:02.866540.866540 cuda_h.py:27] end gather_outputs_group_fused_mp cost 0.855 ms
DEBUG 04-24 11:16:02.866122.866122 cuda_h.py:27] end cpu_experts_worker_bmm_or_einsum_0 cost 15.596 ms
DEBUG 04-24 11:16:02.870956.870956 mlpmodule.py:3373] [fused_group_bmm][steps] bmm1=9.044 ms split=0.113 ms act_mul=0.360 ms bmm2=4.358 ms
DEBUG 04-24 11:16:02.871369.871369 cuda_h.py:27] end fused_group_bmm cost 14.180 ms
DEBUG 04-24 11:16:02.871971.871971 cuda_h.py:27] end gather_outputs_group_fused_mp cost 0.494 ms
DEBUG 04-24 11:16:02.871742.871742 mlpmodule.py:3373] [fused_group_bmm][steps] bmm1=9.305 ms split=0.128 ms act_mul=0.391 ms bmm2=5.591 ms
DEBUG 04-24 11:16:02.872087.872087 cuda_h.py:27] end fused_group_bmm cost 15.667 ms
DEBUG 04-24 11:16:02.872358.872358 cuda_h.py:27] end cpu_experts_worker_bmm_or_einsum_1 cost 19.326 ms
DEBUG 04-24 11:16:02.872553.872553 mlpmodule.py:3373] [fused_group_bmm][steps] bmm1=9.572 ms split=0.113 ms act_mul=0.378 ms bmm2=5.646 ms
DEBUG 04-24 11:16:02.872405.872405 cuda_h.py:27] end gather_outputs_group_fused_mp cost 0.452 ms
DEBUG 04-24 11:16:02.872428.872428 cuda_h.py:27] end fused_group_bmm cost 15.967 ms
DEBUG 04-24 11:16:02.873005.873005 cuda_h.py:27] end cpu_experts_worker_bmm_or_einsum_2 cost 21.017 ms
DEBUG 04-24 11:16:02.873858.873858 cuda_h.py:27] end gather_outputs_group_fused_mp cost 0.461 ms
DEBUG 04-24 11:16:02.873300.873300 cuda_h.py:27] end cpu_experts_worker_bmm_or_einsum_3 cost 21.702 ms
DEBUG 04-24 11:16:02.876116.876116 cuda_h.py:27] end prepare_per_device_parameters cost 16.053 ms
DEBUG 04-24 11:16:02.878984.878984 cuda_h.py:27] end cpu_experts_scatter_reduce cost 0.745 ms
DEBUG 04-24 11:16:02.878278.878278 cuda_h.py:27] end cpu_thread_manager_mp_wait_fused cost 2.140 ms
DEBUG 04-24 11:16:02.880410.880410 cuda_h.py:27] end wait_experts_multi_device cost 1.323 ms
DEBUG 04-24 11:16:02.880292.880292 cuda_h.py:27] end *before fused experts* cost 28.685 ms
DEBUG 04-24 11:16:02.884135.884135 cuda_h.py:27] end gpu_experts_multi_device_fused cost 3.783 ms
DEBUG 04-24 11:16:02.884985.884985 cuda_h.py:27] end *gpu experts* cost 32.567 ms
DEBUG 04-24 11:16:02.884358.884358 cuda_h.py:27] end layer_moe_generate_mp_multi_device_fused_l_10 cost 35.222 ms
DEBUG 04-24 11:16:02.886494.886494 cuda_h.py:27] end *mlp cost 36.901 ms
DEBUG 04-24 11:16:02.886623.886623 cuda_h.py:27] end prefill_layer cost 39.736 ms
DEBUG 04-24 11:16:02.886346.886346 lmp.py:341] -------------------------------- end prefill layer 9 --------------------------------
DEBUG 04-24 11:16:02.886095.886095 lmp.py:294] -------------------------------- start prefill layer 10 --------------------------------
DEBUG 04-24 11:16:02.886243.886243 cuda_h.py:27] end start_load_qkvogn_s_weight_l_11 cost 0.041 ms
DEBUG 04-24 11:16:02.886566.886566 cuda_h.py:27] end allocate_cuda_memory cost 0.202 ms
DEBUG 04-24 11:16:02.886439.886439 sllm_store_c.py:27] get device uuid map
DEBUG 04-24 11:16:02.886787.886787 sllm_store_c.py:29] call client load into gpu
DEBUG 04-24 11:16:02.888606.888606 cuda_h.py:27] end load_into_gpu_async cost 1.422 ms
DEBUG 04-24 11:16:02.888326.888326 cuda_h.py:27] end restore_tensors2 cost 0.092 ms
DEBUG 04-24 11:16:02.888715.888715 cuda_h.py:27] end allocate_cuda_memory_and_load_into_gpu cost 2.115 ms
DEBUG 04-24 11:16:02.888160.888160 cuda_h.py:27] end **self_attn cost 1.530 ms
DEBUG 04-24 11:16:02.888969.888969 cuda_h.py:27] end *iln_self_attn_paln cost 2.724 ms
DEBUG 04-24 11:16:02.889060.889060 cuda_h.py:27] end gate cost 0.494 ms
DEBUG 04-24 11:16:02.889702.889702 cuda_h.py:27] end experts_map_get cost 0.289 ms
DEBUG 04-24 11:16:02.889054.889054 cuda_h.py:27] end *before experts start* cost 0.920 ms
DEBUG 04-24 11:16:02.890765.890765 cuda_h.py:27] end cpu_experts_submit_fused_mp cost 0.215 ms
DEBUG 04-24 11:16:02.891939.891939 cuda_h.py:27] end *single cpu experts* cost 1.461 ms
DEBUG 04-24 11:16:02.892836.892836 cuda_h.py:27] end prepare_group_stack cost 0.545 ms
DEBUG 04-24 11:16:02.893576.893576 sllm_store_c.py:27] get device uuid map
DEBUG 04-24 11:16:02.893413.893413 sllm_store_c.py:29] call client load into gpu
DEBUG 04-24 11:16:02.893631.893631 cuda_h.py:27] end prepare_group_stack cost 0.505 ms
DEBUG 04-24 11:16:02.893252.893252 cuda_h.py:27] end prepare_group_stack cost 0.591 ms
DEBUG 04-24 11:16:02.893066.893066 cuda_h.py:27] end prepare_group_stack cost 0.551 ms
DEBUG 04-24 11:16:02.894774.894774 cuda_h.py:27] end group stack cost 1.195 ms
DEBUG 04-24 11:16:02.894839.894839 cuda_h.py:27] end move_flatidxs_group_fused_mp cost 2.042 ms
DEBUG 04-24 11:16:02.894270.894270 cuda_h.py:27] end group stack cost 0.826 ms
DEBUG 04-24 11:16:02.894065.894065 cuda_h.py:27] end get_fused_experts_names_w cost 0.031 ms
DEBUG 04-24 11:16:02.894885.894885 cuda_h.py:27] end move_flatidxs_group_fused_mp cost 1.759 ms
DEBUG 04-24 11:16:02.894586.894586 cuda_h.py:27] end get_fused_experts_names_w cost 0.024 ms
DEBUG 04-24 11:16:02.895659.895659 cuda_h.py:27] end group stack cost 1.329 ms
DEBUG 04-24 11:16:02.895405.895405 cuda_h.py:27] end move_flatidxs_group_fused_mp cost 2.185 ms
DEBUG 04-24 11:16:02.895615.895615 cuda_h.py:27] end get_fused_experts_names_w cost 0.022 ms
DEBUG 04-24 11:16:02.895496.895496 cuda_h.py:27] end group stack cost 1.648 ms
DEBUG 04-24 11:16:02.895806.895806 cuda_h.py:27] end move_flatidxs_group_fused_mp cost 2.530 ms
DEBUG 04-24 11:16:02.895984.895984 cuda_h.py:27] end get_fused_experts_names_w cost 0.021 ms
DEBUG 04-24 11:16:02.895507.895507 cuda_h.py:27] end restore_fused_tensors cost 0.679 ms
DEBUG 04-24 11:16:02.895357.895357 cuda_h.py:27] end group_fused_tensors_mp cost 0.912 ms
DEBUG 04-24 11:16:02.896228.896228 cuda_h.py:27] end restore_fused_tensors cost 1.321 ms
DEBUG 04-24 11:16:02.896590.896590 cuda_h.py:27] end restore_fused_tensors cost 0.692 ms
DEBUG 04-24 11:16:02.896490.896490 cuda_h.py:27] end group_fused_tensors_mp cost 1.652 ms
DEBUG 04-24 11:16:02.896722.896722 cuda_h.py:27] end group_fused_tensors_mp cost 1.053 ms
DEBUG 04-24 11:16:02.896172.896172 cuda_h.py:27] end restore_fused_tensors cost 0.621 ms
DEBUG 04-24 11:16:02.896082.896082 cuda_h.py:27] end group_fused_tensors_mp cost 0.763 ms
DEBUG 04-24 11:16:02.902721.902721 cuda_h.py:27] end restore2model cost 1.750 ms
DEBUG 04-24 11:16:02.903363.903363 cuda_h.py:27] end sllm_worker_task cost 16.916 ms
DEBUG 04-24 11:16:02.904849.904849 cuda_h.py:27] end load_into_gpu_async_fused_experts_dual cost 11.319 ms
DEBUG 04-24 11:16:02.904919.904919 cuda_h.py:27] end restore_tensors2_fused_experts_packed cost 0.169 ms
DEBUG 04-24 11:16:02.905216.905216 cuda_h.py:27] end restore_tensors2_fused_experts_slices cost 0.487 ms
DEBUG 04-24 11:16:02.905878.905878 cuda_h.py:27] end allocate_experts_cuda_memory_and_restore_model_multi_device_fused cost 14.139 ms
DEBUG 04-24 11:16:02.905270.905270 cuda_h.py:27] end gpu_sexperts cost 0.010 ms
DEBUG 04-24 11:16:02.905186.905186 cuda_h.py:27] end wait_load_qkvogn_s_weight cost 0.022 ms
DEBUG 04-24 11:16:02.908043.908043 mlpmodule.py:3373] [fused_group_bmm][steps] bmm1=8.477 ms split=0.140 ms act_mul=0.489 ms bmm2=2.846 ms
DEBUG 04-24 11:16:02.908732.908732 cuda_h.py:27] end fused_group_bmm cost 12.214 ms
DEBUG 04-24 11:16:02.909757.909757 cuda_h.py:27] end gather_outputs_group_fused_mp cost 0.473 ms
DEBUG 04-24 11:16:02.910557.910557 cuda_h.py:27] end cpu_experts_worker_bmm_or_einsum_0 cost 19.022 ms
DEBUG 04-24 11:16:02.912927.912927 mlpmodule.py:3373] [fused_group_bmm][steps] bmm1=11.942 ms split=0.163 ms act_mul=0.579 ms bmm2=4.107 ms
DEBUG 04-24 11:16:02.913558.913558 cuda_h.py:27] end fused_group_bmm cost 17.084 ms
DEBUG 04-24 11:16:02.913572.913572 mlpmodule.py:3373] [fused_group_bmm][steps] bmm1=9.822 ms split=0.107 ms act_mul=0.357 ms bmm2=6.251 ms
DEBUG 04-24 11:16:02.913593.913593 mlpmodule.py:3373] [fused_group_bmm][steps] bmm1=9.856 ms split=0.127 ms act_mul=0.406 ms bmm2=6.348 ms
DEBUG 04-24 11:16:02.913693.913693 cuda_h.py:27] end fused_group_bmm cost 16.799 ms
DEBUG 04-24 11:16:02.913674.913674 cuda_h.py:27] end fused_group_bmm cost 17.006 ms
DEBUG 04-24 11:16:02.913700.913700 cuda_h.py:27] end gather_outputs_group_fused_mp cost 0.468 ms
DEBUG 04-24 11:16:02.914476.914476 cuda_h.py:27] end gather_outputs_group_fused_mp cost 0.455 ms
DEBUG 04-24 11:16:02.914490.914490 cuda_h.py:27] end gather_outputs_group_fused_mp cost 0.475 ms
DEBUG 04-24 11:16:02.914387.914387 cuda_h.py:27] end cpu_experts_worker_bmm_or_einsum_1 cost 22.084 ms
DEBUG 04-24 11:16:02.914850.914850 cuda_h.py:27] end cpu_experts_worker_bmm_or_einsum_2 cost 22.452 ms
DEBUG 04-24 11:16:02.914355.914355 cuda_h.py:27] end cpu_experts_worker_bmm_or_einsum_3 cost 22.477 ms
DEBUG 04-24 11:16:02.920201.920201 cuda_h.py:27] end prepare_per_device_parameters cost 14.925 ms
DEBUG 04-24 11:16:02.923178.923178 cuda_h.py:27] end cpu_experts_scatter_reduce cost 0.733 ms
DEBUG 04-24 11:16:02.923220.923220 cuda_h.py:27] end cpu_thread_manager_mp_wait_fused cost 2.425 ms
DEBUG 04-24 11:16:02.925559.925559 cuda_h.py:27] end wait_experts_multi_device cost 1.780 ms
DEBUG 04-24 11:16:02.925187.925187 cuda_h.py:27] end *before fused experts* cost 34.032 ms
DEBUG 04-24 11:16:02.929610.929610 cuda_h.py:27] end gpu_experts_multi_device_fused cost 4.058 ms
DEBUG 04-24 11:16:02.929400.929400 cuda_h.py:27] end *gpu experts* cost 38.238 ms
DEBUG 04-24 11:16:02.929773.929773 cuda_h.py:27] end layer_moe_generate_mp_multi_device_fused_l_11 cost 40.776 ms
DEBUG 04-24 11:16:02.931229.931229 cuda_h.py:27] end *mlp cost 42.129 ms
DEBUG 04-24 11:16:02.931178.931178 cuda_h.py:27] end prefill_layer cost 45.003 ms
DEBUG 04-24 11:16:02.931133.931133 lmp.py:341] -------------------------------- end prefill layer 10 --------------------------------
DEBUG 04-24 11:16:02.931711.931711 lmp.py:294] -------------------------------- start prefill layer 11 --------------------------------
DEBUG 04-24 11:16:02.931481.931481 cuda_h.py:27] end start_load_qkvogn_s_weight_l_12 cost 0.043 ms
DEBUG 04-24 11:16:02.931324.931324 cuda_h.py:27] end allocate_cuda_memory cost 0.293 ms
DEBUG 04-24 11:16:02.931801.931801 sllm_store_c.py:27] get device uuid map
DEBUG 04-24 11:16:02.932013.932013 sllm_store_c.py:29] call client load into gpu
DEBUG 04-24 11:16:02.933491.933491 cuda_h.py:27] end load_into_gpu_async cost 1.805 ms
DEBUG 04-24 11:16:02.934327.934327 cuda_h.py:27] end restore_tensors2 cost 0.139 ms
DEBUG 04-24 11:16:02.934126.934126 cuda_h.py:27] end allocate_cuda_memory_and_load_into_gpu cost 2.738 ms
DEBUG 04-24 11:16:02.934790.934790 cuda_h.py:27] end **self_attn cost 1.971 ms
DEBUG 04-24 11:16:02.934362.934362 cuda_h.py:27] end *iln_self_attn_paln cost 3.403 ms
DEBUG 04-24 11:16:02.935361.935361 cuda_h.py:27] end gate cost 0.495 ms
DEBUG 04-24 11:16:02.935598.935598 cuda_h.py:27] end experts_map_get cost 0.481 ms
DEBUG 04-24 11:16:02.935189.935189 cuda_h.py:27] end *before experts start* cost 1.115 ms
DEBUG 04-24 11:16:02.936416.936416 cuda_h.py:27] end cpu_experts_submit_fused_mp cost 0.210 ms
DEBUG 04-24 11:16:02.937641.937641 cuda_h.py:27] end *single cpu experts* cost 1.389 ms
DEBUG 04-24 11:16:02.939059.939059 cuda_h.py:27] end prepare_group_stack cost 0.546 ms
DEBUG 04-24 11:16:02.939245.939245 cuda_h.py:27] end prepare_group_stack cost 0.622 ms
DEBUG 04-24 11:16:02.939423.939423 sllm_store_c.py:27] get device uuid map
DEBUG 04-24 11:16:02.939101.939101 sllm_store_c.py:29] call client load into gpu
DEBUG 04-24 11:16:02.940871.940871 cuda_h.py:27] end prepare_group_stack cost 0.522 ms
DEBUG 04-24 11:16:02.940572.940572 cuda_h.py:27] end group stack cost 0.946 ms
DEBUG 04-24 11:16:02.940038.940038 cuda_h.py:27] end move_flatidxs_group_fused_mp cost 1.926 ms
DEBUG 04-24 11:16:02.940639.940639 cuda_h.py:27] end prepare_group_stack cost 0.703 ms
DEBUG 04-24 11:16:02.940601.940601 cuda_h.py:27] end get_fused_experts_names_w cost 0.027 ms
DEBUG 04-24 11:16:02.940797.940797 cuda_h.py:27] end group stack cost 1.507 ms
DEBUG 04-24 11:16:02.941702.941702 cuda_h.py:27] end move_flatidxs_group_fused_mp cost 2.426 ms
DEBUG 04-24 11:16:02.941381.941381 cuda_h.py:27] end group stack cost 0.902 ms
DEBUG 04-24 11:16:02.941138.941138 cuda_h.py:27] end get_fused_experts_names_w cost 0.026 ms
DEBUG 04-24 11:16:02.941100.941100 cuda_h.py:27] end move_flatidxs_group_fused_mp cost 1.661 ms
DEBUG 04-24 11:16:02.941219.941219 cuda_h.py:27] end get_fused_experts_names_w cost 0.025 ms
DEBUG 04-24 11:16:02.941396.941396 cuda_h.py:27] end restore_fused_tensors cost 0.815 ms
DEBUG 04-24 11:16:02.941803.941803 cuda_h.py:27] end group_fused_tensors_mp cost 1.129 ms
DEBUG 04-24 11:16:02.941831.941831 cuda_h.py:27] end restore_fused_tensors cost 0.525 ms
DEBUG 04-24 11:16:02.942835.942835 cuda_h.py:27] end group_fused_tensors_mp cost 0.863 ms
DEBUG 04-24 11:16:02.942265.942265 cuda_h.py:27] end restore_fused_tensors cost 0.614 ms
DEBUG 04-24 11:16:02.942121.942121 cuda_h.py:27] end group_fused_tensors_mp cost 0.870 ms
DEBUG 04-24 11:16:02.942187.942187 cuda_h.py:27] end group stack cost 1.839 ms
DEBUG 04-24 11:16:02.942168.942168 cuda_h.py:27] end move_flatidxs_group_fused_mp cost 3.092 ms
DEBUG 04-24 11:16:02.943706.943706 cuda_h.py:27] end get_fused_experts_names_w cost 0.045 ms
DEBUG 04-24 11:16:02.944713.944713 cuda_h.py:27] end restore_fused_tensors cost 1.302 ms
DEBUG 04-24 11:16:02.944831.944831 cuda_h.py:27] end group_fused_tensors_mp cost 1.797 ms
DEBUG 04-24 11:16:02.946189.946189 cuda_h.py:27] end restore2model cost 3.447 ms
DEBUG 04-24 11:16:02.946634.946634 cuda_h.py:27] end load_into_gpu_async_fused_experts_dual cost 7.248 ms
DEBUG 04-24 11:16:02.947190.947190 cuda_h.py:27] end sllm_worker_task cost 15.714 ms
DEBUG 04-24 11:16:02.947056.947056 cuda_h.py:27] end restore_tensors2_fused_experts_packed cost 0.263 ms
DEBUG 04-24 11:16:02.948874.948874 cuda_h.py:27] end restore_tensors2_fused_experts_slices cost 0.519 ms
DEBUG 04-24 11:16:02.948965.948965 cuda_h.py:27] end allocate_experts_cuda_memory_and_restore_model_multi_device_fused cost 11.410 ms
DEBUG 04-24 11:16:02.948812.948812 cuda_h.py:27] end gpu_sexperts cost 0.013 ms
DEBUG 04-24 11:16:02.949941.949941 cuda_h.py:27] end wait_load_qkvogn_s_weight cost 0.040 ms
DEBUG 04-24 11:16:02.954664.954664 mlpmodule.py:3373] [fused_group_bmm][steps] bmm1=8.189 ms split=0.072 ms act_mul=0.410 ms bmm2=3.648 ms
DEBUG 04-24 11:16:02.954073.954073 cuda_h.py:27] end fused_group_bmm cost 12.756 ms
DEBUG 04-24 11:16:02.955472.955472 cuda_h.py:27] end gather_outputs_group_fused_mp cost 0.753 ms
DEBUG 04-24 11:16:02.956786.956786 cuda_h.py:27] end cpu_experts_worker_bmm_or_einsum_0 cost 18.799 ms
DEBUG 04-24 11:16:02.956733.956733 mlpmodule.py:3373] [fused_group_bmm][steps] bmm1=8.737 ms split=0.182 ms act_mul=0.523 ms bmm2=4.390 ms
DEBUG 04-24 11:16:02.956620.956620 cuda_h.py:27] end fused_group_bmm cost 14.238 ms
DEBUG 04-24 11:16:02.957863.957863 mlpmodule.py:3373] [fused_group_bmm][steps] bmm1=8.230 ms split=0.093 ms act_mul=0.466 ms bmm2=6.329 ms
DEBUG 04-24 11:16:02.957391.957391 cuda_h.py:27] end gather_outputs_group_fused_mp cost 0.487 ms
DEBUG 04-24 11:16:02.957890.957890 cuda_h.py:27] end fused_group_bmm cost 15.379 ms
DEBUG 04-24 11:16:02.957129.957129 cuda_h.py:27] end cpu_experts_worker_bmm_or_einsum_1 cost 19.448 ms
DEBUG 04-24 11:16:02.958707.958707 cuda_h.py:27] end gather_outputs_group_fused_mp cost 0.457 ms
DEBUG 04-24 11:16:02.958725.958725 cuda_h.py:27] end cpu_experts_worker_bmm_or_einsum_3 cost 21.177 ms
DEBUG 04-24 11:16:02.960650.960650 mlpmodule.py:3373] [fused_group_bmm][steps] bmm1=10.367 ms split=0.279 ms act_mul=0.405 ms bmm2=4.203 ms
DEBUG 04-24 11:16:02.960002.960002 cuda_h.py:27] end fused_group_bmm cost 15.512 ms
DEBUG 04-24 11:16:02.961330.961330 cuda_h.py:27] end gather_outputs_group_fused_mp cost 0.463 ms
DEBUG 04-24 11:16:02.961704.961704 cuda_h.py:27] end cpu_experts_worker_bmm_or_einsum_2 cost 23.221 ms
DEBUG 04-24 11:16:02.965049.965049 cuda_h.py:27] end prepare_per_device_parameters cost 15.998 ms
DEBUG 04-24 11:16:02.967351.967351 cuda_h.py:27] end cpu_experts_scatter_reduce cost 1.140 ms
DEBUG 04-24 11:16:02.967559.967559 cuda_h.py:27] end cpu_thread_manager_mp_wait_fused cost 2.636 ms
DEBUG 04-24 11:16:02.969365.969365 cuda_h.py:27] end wait_experts_multi_device cost 1.679 ms
DEBUG 04-24 11:16:02.969486.969486 cuda_h.py:27] end *before fused experts* cost 32.307 ms
DEBUG 04-24 11:16:02.973189.973189 cuda_h.py:27] end gpu_experts_multi_device_fused cost 3.750 ms
DEBUG 04-24 11:16:02.973847.973847 cuda_h.py:27] end *gpu experts* cost 36.154 ms
DEBUG 04-24 11:16:02.973055.973055 cuda_h.py:27] end layer_moe_generate_mp_multi_device_fused_l_12 cost 38.831 ms
DEBUG 04-24 11:16:02.974081.974081 cuda_h.py:27] end *mlp cost 40.219 ms
DEBUG 04-24 11:16:02.975231.975231 cuda_h.py:27] end prefill_layer cost 43.816 ms
DEBUG 04-24 11:16:02.975364.975364 lmp.py:341] -------------------------------- end prefill layer 11 --------------------------------
DEBUG 04-24 11:16:02.975568.975568 lmp.py:294] -------------------------------- start prefill layer 12 --------------------------------
DEBUG 04-24 11:16:02.975147.975147 cuda_h.py:27] end start_load_qkvogn_s_weight_l_13 cost 0.040 ms
DEBUG 04-24 11:16:02.975637.975637 cuda_h.py:27] end allocate_cuda_memory cost 0.234 ms
DEBUG 04-24 11:16:02.975150.975150 sllm_store_c.py:27] get device uuid map
DEBUG 04-24 11:16:02.976218.976218 sllm_store_c.py:29] call client load into gpu
DEBUG 04-24 11:16:02.977254.977254 cuda_h.py:27] end **self_attn cost 1.333 ms
DEBUG 04-24 11:16:02.977887.977887 cuda_h.py:27] end load_into_gpu_async cost 1.629 ms
DEBUG 04-24 11:16:02.977395.977395 cuda_h.py:27] end restore_tensors2 cost 0.103 ms
DEBUG 04-24 11:16:02.977729.977729 cuda_h.py:27] end allocate_cuda_memory_and_load_into_gpu cost 2.247 ms
DEBUG 04-24 11:16:02.977816.977816 cuda_h.py:27] end *iln_self_attn_paln cost 2.646 ms
DEBUG 04-24 11:16:02.978373.978373 cuda_h.py:27] end gate cost 0.506 ms
DEBUG 04-24 11:16:02.978398.978398 cuda_h.py:27] end experts_map_get cost 0.291 ms
DEBUG 04-24 11:16:02.978036.978036 cuda_h.py:27] end *before experts start* cost 0.934 ms
DEBUG 04-24 11:16:02.979507.979507 cuda_h.py:27] end cpu_experts_submit_fused_mp cost 0.216 ms
DEBUG 04-24 11:16:02.980634.980634 cuda_h.py:27] end *single cpu experts* cost 1.426 ms
DEBUG 04-24 11:16:02.982944.982944 cuda_h.py:27] end prepare_group_stack cost 0.463 ms
DEBUG 04-24 11:16:02.982194.982194 cuda_h.py:27] end prepare_group_stack cost 0.539 ms
DEBUG 04-24 11:16:02.982428.982428 cuda_h.py:27] end prepare_group_stack cost 0.583 ms
DEBUG 04-24 11:16:02.982508.982508 cuda_h.py:27] end prepare_group_stack cost 0.544 ms
DEBUG 04-24 11:16:02.982087.982087 sllm_store_c.py:27] get device uuid map
DEBUG 04-24 11:16:02.983888.983888 sllm_store_c.py:29] call client load into gpu
DEBUG 04-24 11:16:02.983226.983226 cuda_h.py:27] end group stack cost 0.821 ms
DEBUG 04-24 11:16:02.983255.983255 cuda_h.py:27] end move_flatidxs_group_fused_mp cost 1.478 ms
DEBUG 04-24 11:16:02.983330.983330 cuda_h.py:27] end get_fused_experts_names_w cost 0.023 ms
DEBUG 04-24 11:16:02.984477.984477 cuda_h.py:27] end group stack cost 1.224 ms
DEBUG 04-24 11:16:02.984069.984069 cuda_h.py:27] end move_flatidxs_group_fused_mp cost 2.195 ms
DEBUG 04-24 11:16:02.984547.984547 cuda_h.py:27] end restore_fused_tensors cost 0.510 ms
DEBUG 04-24 11:16:02.984474.984474 cuda_h.py:27] end group stack cost 1.280 ms
DEBUG 04-24 11:16:02.984296.984296 cuda_h.py:27] end group_fused_tensors_mp cost 0.773 ms
DEBUG 04-24 11:16:02.984779.984779 cuda_h.py:27] end get_fused_experts_names_w cost 0.020 ms
DEBUG 04-24 11:16:02.984944.984944 cuda_h.py:27] end group stack cost 1.512 ms
DEBUG 04-24 11:16:02.984722.984722 cuda_h.py:27] end move_flatidxs_group_fused_mp cost 2.404 ms
DEBUG 04-24 11:16:02.984025.984025 cuda_h.py:27] end move_flatidxs_group_fused_mp cost 2.621 ms
DEBUG 04-24 11:16:02.984522.984522 cuda_h.py:27] end get_fused_experts_names_w cost 0.026 ms
DEBUG 04-24 11:16:02.984084.984084 cuda_h.py:27] end get_fused_experts_names_w cost 0.028 ms
DEBUG 04-24 11:16:02.985201.985201 cuda_h.py:27] end restore_fused_tensors cost 0.486 ms
DEBUG 04-24 11:16:02.985037.985037 cuda_h.py:27] end group_fused_tensors_mp cost 0.599 ms
DEBUG 04-24 11:16:02.985011.985011 cuda_h.py:27] end restore2model cost 0.835 ms
DEBUG 04-24 11:16:02.985027.985027 cuda_h.py:27] end sllm_worker_task cost 10.157 ms
DEBUG 04-24 11:16:02.985789.985789 cuda_h.py:27] end load_into_gpu_async_fused_experts_dual cost 2.974 ms
DEBUG 04-24 11:16:02.985734.985734 cuda_h.py:27] end restore_tensors2_fused_experts_packed cost 0.061 ms
DEBUG 04-24 11:16:02.985588.985588 cuda_h.py:27] end restore_fused_tensors cost 0.853 ms
DEBUG 04-24 11:16:02.985760.985760 cuda_h.py:27] end restore_fused_tensors cost 1.002 ms
DEBUG 04-24 11:16:02.986552.986552 cuda_h.py:27] end group_fused_tensors_mp cost 1.150 ms
DEBUG 04-24 11:16:02.986454.986454 cuda_h.py:27] end group_fused_tensors_mp cost 1.348 ms
DEBUG 04-24 11:16:02.986987.986987 cuda_h.py:27] end restore_tensors2_fused_experts_slices cost 0.345 ms
DEBUG 04-24 11:16:02.986817.986817 cuda_h.py:27] end allocate_experts_cuda_memory_and_restore_model_multi_device_fused cost 6.004 ms
DEBUG 04-24 11:16:02.986304.986304 cuda_h.py:27] end gpu_sexperts cost 0.016 ms
DEBUG 04-24 11:16:02.986317.986317 cuda_h.py:27] end wait_load_qkvogn_s_weight cost 0.099 ms
DEBUG 04-24 11:16:02.996848.996848 mlpmodule.py:3373] [fused_group_bmm][steps] bmm1=6.477 ms split=0.150 ms act_mul=0.564 ms bmm2=3.271 ms
DEBUG 04-24 11:16:02.997482.997482 cuda_h.py:27] end fused_group_bmm cost 10.845 ms
DEBUG 04-24 11:16:02.997994.997994 cuda_h.py:27] end gather_outputs_group_fused_mp cost 0.592 ms
DEBUG 04-24 11:16:02.998179.998179 cuda_h.py:27] end cpu_experts_worker_bmm_or_einsum_0 cost 17.669 ms
DEBUG 04-24 11:16:02.998396.998396 mlpmodule.py:3373] [fused_group_bmm][steps] bmm1=8.947 ms split=0.115 ms act_mul=0.412 ms bmm2=4.631 ms
DEBUG 04-24 11:16:02.999152.999152 cuda_h.py:27] end fused_group_bmm cost 14.385 ms
DEBUG 04-24 11:16:02.999644.999644 cuda_h.py:27] end gather_outputs_group_fused_mp cost 0.490 ms
DEBUG 04-24 11:16:03.000349.000349 cuda_h.py:27] end cpu_experts_worker_bmm_or_einsum_1 cost 19.252 ms
DEBUG 04-24 11:16:03.001447.001447 mlpmodule.py:3373] [fused_group_bmm][steps] bmm1=10.416 ms split=0.271 ms act_mul=0.534 ms bmm2=4.895 ms
DEBUG 04-24 11:16:03.001766.001766 cuda_h.py:27] end fused_group_bmm cost 16.382 ms
DEBUG 04-24 11:16:03.002490.002490 cuda_h.py:27] end gather_outputs_group_fused_mp cost 0.463 ms
DEBUG 04-24 11:16:03.002668.002668 cuda_h.py:27] end cpu_experts_worker_bmm_or_einsum_3 cost 22.031 ms
DEBUG 04-24 11:16:03.004447.004447 mlpmodule.py:3373] [fused_group_bmm][steps] bmm1=13.125 ms split=0.109 ms act_mul=0.485 ms bmm2=4.406 ms
DEBUG 04-24 11:16:03.004561.004561 cuda_h.py:27] end fused_group_bmm cost 18.383 ms
DEBUG 04-24 11:16:03.005474.005474 cuda_h.py:27] end prepare_per_device_parameters cost 18.124 ms
DEBUG 04-24 11:16:03.005332.005332 cuda_h.py:27] end gather_outputs_group_fused_mp cost 0.464 ms
DEBUG 04-24 11:16:03.005898.005898 cuda_h.py:27] end cpu_experts_worker_bmm_or_einsum_2 cost 24.941 ms
DEBUG 04-24 11:16:03.010948.010948 cuda_h.py:27] end cpu_experts_scatter_reduce cost 0.764 ms
DEBUG 04-24 11:16:03.010011.010011 cuda_h.py:27] end cpu_thread_manager_mp_wait_fused cost 4.823 ms
DEBUG 04-24 11:16:03.012269.012269 cuda_h.py:27] end wait_experts_multi_device cost 2.328 ms
DEBUG 04-24 11:16:03.012959.012959 cuda_h.py:27] end *before fused experts* cost 32.202 ms
DEBUG 04-24 11:16:03.016853.016853 cuda_h.py:27] end gpu_experts_multi_device_fused cost 3.715 ms
DEBUG 04-24 11:16:03.016425.016425 cuda_h.py:27] end *gpu experts* cost 36.021 ms
DEBUG 04-24 11:16:03.016090.016090 cuda_h.py:27] end layer_moe_generate_mp_multi_device_fused_l_13 cost 38.543 ms
DEBUG 04-24 11:16:03.192989.192989 cuda_h.py:27] end *mlp cost 214.942 ms
DEBUG 04-24 11:16:03.193847.193847 cuda_h.py:27] end prefill_layer cost 217.796 ms
DEBUG 04-24 11:16:03.193458.193458 lmp.py:341] -------------------------------- end prefill layer 12 --------------------------------
DEBUG 04-24 11:16:03.193061.193061 lmp.py:294] -------------------------------- start prefill layer 13 --------------------------------
DEBUG 04-24 11:16:03.193163.193163 cuda_h.py:27] end start_load_qkvogn_s_weight_l_14 cost 0.040 ms
DEBUG 04-24 11:16:03.193295.193295 cuda_h.py:27] end allocate_cuda_memory cost 0.389 ms
DEBUG 04-24 11:16:03.194451.194451 sllm_store_c.py:27] get device uuid map
DEBUG 04-24 11:16:03.194896.194896 sllm_store_c.py:29] call client load into gpu
DEBUG 04-24 11:16:03.195248.195248 cuda_h.py:27] end **self_attn cost 1.515 ms
DEBUG 04-24 11:16:03.196646.196646 cuda_h.py:27] end *iln_self_attn_paln cost 3.004 ms
DEBUG 04-24 11:16:03.196803.196803 cuda_h.py:27] end gate cost 0.503 ms
DEBUG 04-24 11:16:03.197196.197196 cuda_h.py:27] end load_into_gpu_async cost 3.072 ms
DEBUG 04-24 11:16:03.197061.197061 cuda_h.py:27] end experts_map_get cost 0.450 ms
DEBUG 04-24 11:16:03.197069.197069 cuda_h.py:27] end restore_tensors2 cost 0.191 ms
DEBUG 04-24 11:16:03.197377.197377 cuda_h.py:27] end *before experts start* cost 1.423 ms
DEBUG 04-24 11:16:03.197341.197341 cuda_h.py:27] end allocate_cuda_memory_and_load_into_gpu cost 4.610 ms
DEBUG 04-24 11:16:03.198640.198640 cuda_h.py:27] end cpu_experts_submit_fused_mp cost 0.222 ms
DEBUG 04-24 11:16:03.200116.200116 cuda_h.py:27] end *single cpu experts* cost 2.746 ms
DEBUG 04-24 11:16:03.202722.202722 cuda_h.py:27] end prepare_group_stack cost 0.704 ms
DEBUG 04-24 11:16:03.202982.202982 cuda_h.py:27] end prepare_group_stack cost 0.626 ms
DEBUG 04-24 11:16:03.203996.203996 cuda_h.py:27] end prepare_group_stack cost 0.692 ms
DEBUG 04-24 11:16:03.203260.203260 cuda_h.py:27] end group stack cost 1.400 ms
DEBUG 04-24 11:16:03.203385.203385 cuda_h.py:27] end move_flatidxs_group_fused_mp cost 2.431 ms
DEBUG 04-24 11:16:03.204870.204870 sllm_store_c.py:27] get device uuid map
DEBUG 04-24 11:16:03.204124.204124 sllm_store_c.py:29] call client load into gpu
DEBUG 04-24 11:16:03.204218.204218 cuda_h.py:27] end get_fused_experts_names_w cost 0.037 ms
DEBUG 04-24 11:16:03.204713.204713 cuda_h.py:27] end prepare_group_stack cost 0.832 ms
DEBUG 04-24 11:16:03.204221.204221 cuda_h.py:27] end group stack cost 2.227 ms
DEBUG 04-24 11:16:03.204070.204070 cuda_h.py:27] end group stack cost 1.595 ms
DEBUG 04-24 11:16:03.204584.204584 cuda_h.py:27] end move_flatidxs_group_fused_mp cost 3.561 ms
DEBUG 04-24 11:16:03.205031.205031 cuda_h.py:27] end move_flatidxs_group_fused_mp cost 2.755 ms
DEBUG 04-24 11:16:03.205097.205097 cuda_h.py:27] end get_fused_experts_names_w cost 0.040 ms
DEBUG 04-24 11:16:03.205422.205422 cuda_h.py:27] end get_fused_experts_names_w cost 0.042 ms
DEBUG 04-24 11:16:03.205074.205074 cuda_h.py:27] end restore_fused_tensors cost 1.320 ms
DEBUG 04-24 11:16:03.205417.205417 cuda_h.py:27] end group_fused_tensors_mp cost 1.629 ms
DEBUG 04-24 11:16:03.206053.206053 cuda_h.py:27] end group stack cost 1.873 ms
DEBUG 04-24 11:16:03.206650.206650 cuda_h.py:27] end restore_fused_tensors cost 1.246 ms
DEBUG 04-24 11:16:03.206670.206670 cuda_h.py:27] end move_flatidxs_group_fused_mp cost 3.373 ms
DEBUG 04-24 11:16:03.206130.206130 cuda_h.py:27] end restore_fused_tensors cost 1.332 ms
DEBUG 04-24 11:16:03.207051.207051 cuda_h.py:27] end group_fused_tensors_mp cost 1.837 ms
DEBUG 04-24 11:16:03.207887.207887 cuda_h.py:27] end group_fused_tensors_mp cost 1.866 ms
DEBUG 04-24 11:16:03.207416.207416 cuda_h.py:27] end restore2model cost 1.821 ms
DEBUG 04-24 11:16:03.207384.207384 cuda_h.py:27] end get_fused_experts_names_w cost 0.042 ms
DEBUG 04-24 11:16:03.207302.207302 cuda_h.py:27] end sllm_worker_task cost 14.137 ms
DEBUG 04-24 11:16:03.207506.207506 cuda_h.py:27] end load_into_gpu_async_fused_experts_dual cost 3.555 ms
DEBUG 04-24 11:16:03.207641.207641 cuda_h.py:27] end restore_tensors2_fused_experts_packed cost 0.065 ms
DEBUG 04-24 11:16:03.208442.208442 cuda_h.py:27] end restore_tensors2_fused_experts_slices cost 0.706 ms
DEBUG 04-24 11:16:03.208968.208968 cuda_h.py:27] end restore_fused_tensors cost 1.289 ms
DEBUG 04-24 11:16:03.208310.208310 cuda_h.py:27] end group_fused_tensors_mp cost 1.789 ms
DEBUG 04-24 11:16:03.208775.208775 cuda_h.py:27] end allocate_experts_cuda_memory_and_restore_model_multi_device_fused cost 7.891 ms
DEBUG 04-24 11:16:03.208242.208242 cuda_h.py:27] end gpu_sexperts cost 0.011 ms
DEBUG 04-24 11:16:03.209964.209964 cuda_h.py:27] end wait_load_qkvogn_s_weight cost 0.058 ms
DEBUG 04-24 11:16:03.220964.220964 mlpmodule.py:3373] [fused_group_bmm][steps] bmm1=8.812 ms split=0.138 ms act_mul=0.467 ms bmm2=4.343 ms
DEBUG 04-24 11:16:03.220208.220208 cuda_h.py:27] end fused_group_bmm cost 14.176 ms
DEBUG 04-24 11:16:03.221708.221708 cuda_h.py:27] end gather_outputs_group_fused_mp cost 0.643 ms
DEBUG 04-24 11:16:03.221969.221969 cuda_h.py:27] end cpu_experts_worker_bmm_or_einsum_0 cost 21.538 ms
DEBUG 04-24 11:16:03.223501.223501 mlpmodule.py:3373] [fused_group_bmm][steps] bmm1=10.640 ms split=0.218 ms act_mul=0.538 ms bmm2=4.081 ms
DEBUG 04-24 11:16:03.223026.223026 cuda_h.py:27] end fused_group_bmm cost 15.763 ms
DEBUG 04-24 11:16:03.223500.223500 cuda_h.py:27] end gather_outputs_group_fused_mp cost 0.507 ms
DEBUG 04-24 11:16:03.224351.224351 cuda_h.py:27] end cpu_experts_worker_bmm_or_einsum_1 cost 23.128 ms
DEBUG 04-24 11:16:03.224107.224107 mlpmodule.py:3373] [fused_group_bmm][steps] bmm1=10.826 ms split=0.278 ms act_mul=0.496 ms bmm2=5.836 ms
DEBUG 04-24 11:16:03.224380.224380 cuda_h.py:27] end fused_group_bmm cost 17.706 ms
DEBUG 04-24 11:16:03.225707.225707 cuda_h.py:27] end gather_outputs_group_fused_mp cost 0.497 ms
DEBUG 04-24 11:16:03.226830.226830 cuda_h.py:27] end cpu_experts_worker_bmm_or_einsum_3 cost 25.745 ms
DEBUG 04-24 11:16:03.226039.226039 mlpmodule.py:3373] [fused_group_bmm][steps] bmm1=12.016 ms split=0.186 ms act_mul=0.561 ms bmm2=4.815 ms
DEBUG 04-24 11:16:03.226013.226013 cuda_h.py:27] end fused_group_bmm cost 17.833 ms
DEBUG 04-24 11:16:03.227937.227937 cuda_h.py:27] end gather_outputs_group_fused_mp cost 0.467 ms
DEBUG 04-24 11:16:03.228173.228173 cuda_h.py:27] end cpu_experts_worker_bmm_or_einsum_2 cost 25.713 ms
DEBUG 04-24 11:16:03.229124.229124 cuda_h.py:27] end prepare_per_device_parameters cost 20.230 ms
DEBUG 04-24 11:16:03.232188.232188 cuda_h.py:27] end cpu_experts_scatter_reduce cost 0.817 ms
DEBUG 04-24 11:16:03.232157.232157 cuda_h.py:27] end cpu_thread_manager_mp_wait_fused cost 2.453 ms
DEBUG 04-24 11:16:03.234449.234449 cuda_h.py:27] end wait_experts_multi_device cost 1.756 ms
DEBUG 04-24 11:16:03.234146.234146 cuda_h.py:27] end *before fused experts* cost 33.436 ms
DEBUG 04-24 11:16:03.238446.238446 cuda_h.py:27] end gpu_experts_multi_device_fused cost 4.151 ms
DEBUG 04-24 11:16:03.238355.238355 cuda_h.py:27] end *gpu experts* cost 37.698 ms
DEBUG 04-24 11:16:03.238450.238450 cuda_h.py:27] end layer_moe_generate_mp_multi_device_fused_l_14 cost 42.386 ms
DEBUG 04-24 11:16:03.240796.240796 cuda_h.py:27] end *mlp cost 43.798 ms
DEBUG 04-24 11:16:03.240767.240767 cuda_h.py:27] end prefill_layer cost 47.183 ms
DEBUG 04-24 11:16:03.240622.240622 lmp.py:341] -------------------------------- end prefill layer 13 --------------------------------
DEBUG 04-24 11:16:03.240987.240987 lmp.py:294] -------------------------------- start prefill layer 14 --------------------------------
DEBUG 04-24 11:16:03.240922.240922 cuda_h.py:27] end start_load_qkvogn_s_weight_l_15 cost 0.045 ms
DEBUG 04-24 11:16:03.240020.240020 cuda_h.py:27] end allocate_cuda_memory cost 0.236 ms
DEBUG 04-24 11:16:03.241913.241913 sllm_store_c.py:27] get device uuid map
DEBUG 04-24 11:16:03.241235.241235 sllm_store_c.py:29] call client load into gpu
DEBUG 04-24 11:16:03.242655.242655 cuda_h.py:27] end load_into_gpu_async cost 1.598 ms
DEBUG 04-24 11:16:03.242702.242702 cuda_h.py:27] end restore_tensors2 cost 0.116 ms
DEBUG 04-24 11:16:03.242982.242982 cuda_h.py:27] end **self_attn cost 1.618 ms
DEBUG 04-24 11:16:03.243603.243603 cuda_h.py:27] end allocate_cuda_memory_and_load_into_gpu cost 2.475 ms
DEBUG 04-24 11:16:03.243800.243800 cuda_h.py:27] end *iln_self_attn_paln cost 2.952 ms
DEBUG 04-24 11:16:03.244259.244259 cuda_h.py:27] end gate cost 0.585 ms
DEBUG 04-24 11:16:03.244067.244067 cuda_h.py:27] end experts_map_get cost 0.301 ms
DEBUG 04-24 11:16:03.244135.244135 cuda_h.py:27] end *before experts start* cost 1.029 ms
DEBUG 04-24 11:16:03.244051.244051 cuda_h.py:27] end cpu_experts_submit_fused_mp cost 0.226 ms
DEBUG 04-24 11:16:03.246615.246615 cuda_h.py:27] end *single cpu experts* cost 1.443 ms
DEBUG 04-24 11:16:03.247940.247940 cuda_h.py:27] end prepare_group_stack cost 0.488 ms
DEBUG 04-24 11:16:03.247698.247698 cuda_h.py:27] end prepare_group_stack cost 0.522 ms
DEBUG 04-24 11:16:03.248369.248369 sllm_store_c.py:27] get device uuid map
DEBUG 04-24 11:16:03.248994.248994 sllm_store_c.py:29] call client load into gpu
DEBUG 04-24 11:16:03.248928.248928 cuda_h.py:27] end prepare_group_stack cost 0.480 ms
DEBUG 04-24 11:16:03.248684.248684 cuda_h.py:27] end prepare_group_stack cost 0.473 ms
DEBUG 04-24 11:16:03.249132.249132 cuda_h.py:27] end group stack cost 0.876 ms
DEBUG 04-24 11:16:03.249799.249799 cuda_h.py:27] end group stack cost 1.243 ms
DEBUG 04-24 11:16:03.249411.249411 cuda_h.py:27] end move_flatidxs_group_fused_mp cost 1.941 ms
DEBUG 04-24 11:16:03.249822.249822 cuda_h.py:27] end move_flatidxs_group_fused_mp cost 1.861 ms
DEBUG 04-24 11:16:03.249873.249873 cuda_h.py:27] end get_fused_experts_names_w cost 0.024 ms
DEBUG 04-24 11:16:03.249900.249900 cuda_h.py:27] end get_fused_experts_names_w cost 0.026 ms
DEBUG 04-24 11:16:03.249415.249415 cuda_h.py:27] end group stack cost 0.770 ms
DEBUG 04-24 11:16:03.249021.249021 cuda_h.py:27] end move_flatidxs_group_fused_mp cost 1.437 ms
DEBUG 04-24 11:16:03.249176.249176 cuda_h.py:27] end get_fused_experts_names_w cost 0.025 ms
DEBUG 04-24 11:16:03.250998.250998 cuda_h.py:27] end group stack cost 1.172 ms
DEBUG 04-24 11:16:03.250006.250006 cuda_h.py:27] end restore_fused_tensors cost 0.676 ms
DEBUG 04-24 11:16:03.250379.250379 cuda_h.py:27] end group_fused_tensors_mp cost 0.893 ms
DEBUG 04-24 11:16:03.250518.250518 cuda_h.py:27] end move_flatidxs_group_fused_mp cost 1.876 ms
DEBUG 04-24 11:16:03.250927.250927 cuda_h.py:27] end get_fused_experts_names_w cost 0.025 ms
DEBUG 04-24 11:16:03.250086.250086 cuda_h.py:27] end restore_fused_tensors cost 0.893 ms
DEBUG 04-24 11:16:03.250720.250720 cuda_h.py:27] end group_fused_tensors_mp cost 1.196 ms
DEBUG 04-24 11:16:03.250199.250199 cuda_h.py:27] end restore_fused_tensors cost 0.599 ms
DEBUG 04-24 11:16:03.250476.250476 cuda_h.py:27] end group_fused_tensors_mp cost 0.881 ms
DEBUG 04-24 11:16:03.251193.251193 cuda_h.py:27] end restore2model cost 0.919 ms
DEBUG 04-24 11:16:03.251535.251535 cuda_h.py:27] end sllm_worker_task cost 10.538 ms
DEBUG 04-24 11:16:03.251644.251644 cuda_h.py:27] end restore_fused_tensors cost 0.702 ms
DEBUG 04-24 11:16:03.251380.251380 cuda_h.py:27] end group_fused_tensors_mp cost 1.099 ms
DEBUG 04-24 11:16:03.251006.251006 cuda_h.py:27] end load_into_gpu_async_fused_experts_dual cost 3.206 ms
DEBUG 04-24 11:16:03.251430.251430 cuda_h.py:27] end restore_tensors2_fused_experts_packed cost 0.099 ms
DEBUG 04-24 11:16:03.252583.252583 cuda_h.py:27] end restore_tensors2_fused_experts_slices cost 0.456 ms
DEBUG 04-24 11:16:03.252987.252987 cuda_h.py:27] end allocate_experts_cuda_memory_and_restore_model_multi_device_fused cost 6.486 ms
DEBUG 04-24 11:16:03.252883.252883 cuda_h.py:27] end gpu_sexperts cost 0.016 ms
DEBUG 04-24 11:16:03.252669.252669 cuda_h.py:27] end wait_load_qkvogn_s_weight cost 0.044 ms
DEBUG 04-24 11:16:03.261313.261313 mlpmodule.py:3373] [fused_group_bmm][steps] bmm1=6.414 ms split=0.169 ms act_mul=0.464 ms bmm2=3.384 ms
DEBUG 04-24 11:16:03.261406.261406 cuda_h.py:27] end fused_group_bmm cost 10.668 ms
DEBUG 04-24 11:16:03.261679.261679 cuda_h.py:27] end gather_outputs_group_fused_mp cost 0.384 ms
DEBUG 04-24 11:16:03.262613.262613 cuda_h.py:27] end cpu_experts_worker_bmm_or_einsum_0 cost 16.251 ms
DEBUG 04-24 11:16:03.266387.266387 mlpmodule.py:3373] [fused_group_bmm][steps] bmm1=10.430 ms split=0.115 ms act_mul=0.408 ms bmm2=4.446 ms
DEBUG 04-24 11:16:03.266489.266489 cuda_h.py:27] end fused_group_bmm cost 15.686 ms
DEBUG 04-24 11:16:03.267652.267652 cuda_h.py:27] end gather_outputs_group_fused_mp cost 0.494 ms
DEBUG 04-24 11:16:03.267444.267444 mlpmodule.py:3373] [fused_group_bmm][steps] bmm1=10.755 ms split=0.127 ms act_mul=0.494 ms bmm2=5.180 ms
DEBUG 04-24 11:16:03.267099.267099 cuda_h.py:27] end fused_group_bmm cost 16.965 ms
DEBUG 04-24 11:16:03.267947.267947 cuda_h.py:27] end cpu_experts_worker_bmm_or_einsum_1 cost 20.398 ms
DEBUG 04-24 11:16:03.268766.268766 cuda_h.py:27] end gather_outputs_group_fused_mp cost 0.549 ms
DEBUG 04-24 11:16:03.268534.268534 cuda_h.py:27] end cpu_experts_worker_bmm_or_einsum_3 cost 22.428 ms
DEBUG 04-24 11:16:03.269972.269972 mlpmodule.py:3373] [fused_group_bmm][steps] bmm1=12.217 ms split=0.193 ms act_mul=0.446 ms bmm2=4.842 ms
DEBUG 04-24 11:16:03.269960.269960 cuda_h.py:27] end fused_group_bmm cost 17.966 ms
DEBUG 04-24 11:16:03.270850.270850 cuda_h.py:27] end gather_outputs_group_fused_mp cost 0.446 ms
DEBUG 04-24 11:16:03.270515.270515 cuda_h.py:27] end prepare_per_device_parameters cost 17.316 ms
DEBUG 04-24 11:16:03.270098.270098 cuda_h.py:27] end cpu_experts_worker_bmm_or_einsum_2 cost 23.537 ms
DEBUG 04-24 11:16:03.272874.272874 cuda_h.py:27] end cpu_experts_scatter_reduce cost 0.631 ms
DEBUG 04-24 11:16:03.273207.273207 cuda_h.py:27] end cpu_thread_manager_mp_wait_fused cost 2.360 ms
DEBUG 04-24 11:16:03.275303.275303 cuda_h.py:27] end wait_experts_multi_device cost 2.248 ms
DEBUG 04-24 11:16:03.275424.275424 cuda_h.py:27] end *before fused experts* cost 29.257 ms
DEBUG 04-24 11:16:03.279380.279380 cuda_h.py:27] end gpu_experts_multi_device_fused cost 3.971 ms
DEBUG 04-24 11:16:03.279197.279197 cuda_h.py:27] end *gpu experts* cost 33.337 ms
DEBUG 04-24 11:16:03.279200.279200 cuda_h.py:27] end layer_moe_generate_mp_multi_device_fused_l_15 cost 36.187 ms
DEBUG 04-24 11:16:03.280325.280325 cuda_h.py:27] end *mlp cost 37.369 ms
DEBUG 04-24 11:16:03.280945.280945 cuda_h.py:27] end prefill_layer cost 40.662 ms
DEBUG 04-24 11:16:03.281317.281317 lmp.py:341] -------------------------------- end prefill layer 14 --------------------------------
DEBUG 04-24 11:16:03.281109.281109 lmp.py:294] -------------------------------- start prefill layer 15 --------------------------------
DEBUG 04-24 11:16:03.281264.281264 cuda_h.py:27] end start_load_qkvogn_s_weight_l_16 cost 0.043 ms
DEBUG 04-24 11:16:03.281859.281859 cuda_h.py:27] end allocate_cuda_memory cost 0.214 ms
DEBUG 04-24 11:16:03.281162.281162 sllm_store_c.py:27] get device uuid map
DEBUG 04-24 11:16:03.281837.281837 sllm_store_c.py:29] call client load into gpu
DEBUG 04-24 11:16:03.283702.283702 cuda_h.py:27] end load_into_gpu_async cost 1.870 ms
DEBUG 04-24 11:16:03.283649.283649 cuda_h.py:27] end restore_tensors2 cost 0.109 ms
DEBUG 04-24 11:16:03.283168.283168 cuda_h.py:27] end **self_attn cost 1.892 ms
DEBUG 04-24 11:16:03.284761.284761 cuda_h.py:27] end allocate_cuda_memory_and_load_into_gpu cost 2.686 ms
DEBUG 04-24 11:16:03.284408.284408 cuda_h.py:27] end *iln_self_attn_paln cost 3.176 ms
DEBUG 04-24 11:16:03.284620.284620 cuda_h.py:27] end gate cost 0.505 ms
DEBUG 04-24 11:16:03.285745.285745 cuda_h.py:27] end experts_map_get cost 0.293 ms
DEBUG 04-24 11:16:03.285621.285621 cuda_h.py:27] end *before experts start* cost 0.937 ms
DEBUG 04-24 11:16:03.285363.285363 cuda_h.py:27] end cpu_experts_submit_fused_mp cost 0.204 ms
DEBUG 04-24 11:16:03.286472.286472 cuda_h.py:27] end *single cpu experts* cost 1.470 ms
DEBUG 04-24 11:16:03.288258.288258 cuda_h.py:27] end prepare_group_stack cost 0.448 ms
DEBUG 04-24 11:16:03.288657.288657 cuda_h.py:27] end prepare_group_stack cost 0.464 ms
DEBUG 04-24 11:16:03.288870.288870 cuda_h.py:27] end prepare_group_stack cost 0.446 ms
DEBUG 04-24 11:16:03.288801.288801 cuda_h.py:27] end prepare_group_stack cost 0.482 ms
DEBUG 04-24 11:16:03.289232.289232 cuda_h.py:27] end group stack cost 0.909 ms
DEBUG 04-24 11:16:03.289824.289824 cuda_h.py:27] end move_flatidxs_group_fused_mp cost 1.548 ms
DEBUG 04-24 11:16:03.290446.290446 sllm_store_c.py:27] get device uuid map
DEBUG 04-24 11:16:03.289464.289464 cuda_h.py:27] end group stack cost 1.079 ms
DEBUG 04-24 11:16:03.289246.289246 cuda_h.py:27] end group stack cost 1.074 ms
DEBUG 04-24 11:16:03.290370.290370 cuda_h.py:27] end get_fused_experts_names_w cost 0.022 ms
DEBUG 04-24 11:16:03.290614.290614 cuda_h.py:27] end group stack cost 0.948 ms
DEBUG 04-24 11:16:03.290999.290999 sllm_store_c.py:29] call client load into gpu
DEBUG 04-24 11:16:03.290635.290635 cuda_h.py:27] end move_flatidxs_group_fused_mp cost 1.797 ms
DEBUG 04-24 11:16:03.290609.290609 cuda_h.py:27] end move_flatidxs_group_fused_mp cost 1.779 ms
DEBUG 04-24 11:16:03.290457.290457 cuda_h.py:27] end get_fused_experts_names_w cost 0.022 ms
DEBUG 04-24 11:16:03.290093.290093 cuda_h.py:27] end move_flatidxs_group_fused_mp cost 1.915 ms
DEBUG 04-24 11:16:03.290283.290283 cuda_h.py:27] end get_fused_experts_names_w cost 0.023 ms
DEBUG 04-24 11:16:03.290152.290152 cuda_h.py:27] end get_fused_experts_names_w cost 0.036 ms
DEBUG 04-24 11:16:03.290101.290101 cuda_h.py:27] end restore_fused_tensors cost 0.500 ms
DEBUG 04-24 11:16:03.290520.290520 cuda_h.py:27] end group_fused_tensors_mp cost 0.769 ms
DEBUG 04-24 11:16:03.291123.291123 cuda_h.py:27] end restore_fused_tensors cost 0.564 ms
DEBUG 04-24 11:16:03.291324.291324 cuda_h.py:27] end group_fused_tensors_mp cost 0.805 ms
DEBUG 04-24 11:16:03.291143.291143 cuda_h.py:27] end restore_fused_tensors cost 0.580 ms
DEBUG 04-24 11:16:03.291833.291833 cuda_h.py:27] end group_fused_tensors_mp cost 0.820 ms
DEBUG 04-24 11:16:03.291137.291137 cuda_h.py:27] end restore_fused_tensors cost 0.973 ms
DEBUG 04-24 11:16:03.291233.291233 cuda_h.py:27] end group_fused_tensors_mp cost 1.260 ms
DEBUG 04-24 11:16:03.291129.291129 cuda_h.py:27] end restore2model cost 0.958 ms
DEBUG 04-24 11:16:03.292183.292183 cuda_h.py:27] end sllm_worker_task cost 10.725 ms
DEBUG 04-24 11:16:03.292217.292217 cuda_h.py:27] end load_into_gpu_async_fused_experts_dual cost 2.254 ms
DEBUG 04-24 11:16:03.292858.292858 cuda_h.py:27] end restore_tensors2_fused_experts_packed cost 0.074 ms
DEBUG 04-24 11:16:03.292036.292036 cuda_h.py:27] end restore_tensors2_fused_experts_slices cost 0.292 ms
DEBUG 04-24 11:16:03.292728.292728 cuda_h.py:27] end allocate_experts_cuda_memory_and_restore_model_multi_device_fused cost 5.978 ms
DEBUG 04-24 11:16:03.293492.293492 cuda_h.py:27] end gpu_sexperts cost 0.007 ms
DEBUG 04-24 11:16:03.293461.293461 cuda_h.py:27] end wait_load_qkvogn_s_weight cost 0.018 ms
DEBUG 04-24 11:16:03.303500.303500 mlpmodule.py:3373] [fused_group_bmm][steps] bmm1=7.089 ms split=0.115 ms act_mul=0.797 ms bmm2=3.877 ms
DEBUG 04-24 11:16:03.304788.304788 cuda_h.py:27] end fused_group_bmm cost 12.228 ms
DEBUG 04-24 11:16:03.304438.304438 mlpmodule.py:3373] [fused_group_bmm][steps] bmm1=7.882 ms split=0.105 ms act_mul=0.402 ms bmm2=4.288 ms
DEBUG 04-24 11:16:03.304660.304660 cuda_h.py:27] end fused_group_bmm cost 13.231 ms
DEBUG 04-24 11:16:03.304759.304759 cuda_h.py:27] end gather_outputs_group_fused_mp cost 0.478 ms
DEBUG 04-24 11:16:03.305814.305814 cuda_h.py:27] end gather_outputs_group_fused_mp cost 0.451 ms
DEBUG 04-24 11:16:03.305420.305420 cuda_h.py:27] end cpu_experts_worker_bmm_or_einsum_0 cost 18.191 ms
DEBUG 04-24 11:16:03.305426.305426 cuda_h.py:27] end cpu_experts_worker_bmm_or_einsum_1 cost 18.662 ms
DEBUG 04-24 11:16:03.305615.305615 mlpmodule.py:3373] [fused_group_bmm][steps] bmm1=7.668 ms split=0.169 ms act_mul=0.362 ms bmm2=6.258 ms
DEBUG 04-24 11:16:03.305476.305476 cuda_h.py:27] end fused_group_bmm cost 14.702 ms
DEBUG 04-24 11:16:03.305553.305553 mlpmodule.py:3373] [fused_group_bmm][steps] bmm1=8.238 ms split=0.125 ms act_mul=0.346 ms bmm2=6.061 ms
DEBUG 04-24 11:16:03.306688.306688 cuda_h.py:27] end fused_group_bmm cost 15.075 ms
DEBUG 04-24 11:16:03.306470.306470 cuda_h.py:27] end gather_outputs_group_fused_mp cost 0.440 ms
DEBUG 04-24 11:16:03.306812.306812 cuda_h.py:27] end gather_outputs_group_fused_mp cost 0.429 ms
DEBUG 04-24 11:16:03.307042.307042 cuda_h.py:27] end cpu_experts_worker_bmm_or_einsum_3 cost 19.863 ms
DEBUG 04-24 11:16:03.307518.307518 cuda_h.py:27] end cpu_experts_worker_bmm_or_einsum_2 cost 20.037 ms
DEBUG 04-24 11:16:03.309353.309353 cuda_h.py:27] end prepare_per_device_parameters cost 16.174 ms
DEBUG 04-24 11:16:03.312600.312600 cuda_h.py:27] end cpu_experts_scatter_reduce cost 0.632 ms
DEBUG 04-24 11:16:03.312993.312993 cuda_h.py:27] end cpu_thread_manager_mp_wait_fused cost 2.388 ms
DEBUG 04-24 11:16:03.315279.315279 cuda_h.py:27] end wait_experts_multi_device cost 3.544 ms
DEBUG 04-24 11:16:03.315022.315022 cuda_h.py:27] end *before fused experts* cost 28.812 ms
DEBUG 04-24 11:16:03.320978.320978 cuda_h.py:27] end gpu_experts_multi_device_fused cost 4.565 ms
DEBUG 04-24 11:16:03.320417.320417 cuda_h.py:27] end *gpu experts* cost 33.492 ms
DEBUG 04-24 11:16:03.320320.320320 cuda_h.py:27] end layer_moe_generate_mp_multi_device_fused_l_16 cost 36.073 ms
DEBUG 04-24 11:16:03.322638.322638 cuda_h.py:27] end *mlp cost 37.639 ms
DEBUG 04-24 11:16:03.322885.322885 cuda_h.py:27] end prefill_layer cost 40.986 ms
DEBUG 04-24 11:16:03.322132.322132 lmp.py:341] -------------------------------- end prefill layer 15 --------------------------------
DEBUG 04-24 11:16:03.322980.322980 lmp.py:294] -------------------------------- start prefill layer 16 --------------------------------
DEBUG 04-24 11:16:03.322036.322036 cuda_h.py:27] end start_load_qkvogn_s_weight_l_17 cost 0.044 ms
DEBUG 04-24 11:16:03.322286.322286 cuda_h.py:27] end allocate_cuda_memory cost 0.212 ms
DEBUG 04-24 11:16:03.322397.322397 sllm_store_c.py:27] get device uuid map
DEBUG 04-24 11:16:03.322562.322562 sllm_store_c.py:29] call client load into gpu
DEBUG 04-24 11:16:03.324523.324523 cuda_h.py:27] end **self_attn cost 1.329 ms
DEBUG 04-24 11:16:03.324060.324060 cuda_h.py:27] end *iln_self_attn_paln cost 2.350 ms
DEBUG 04-24 11:16:03.324952.324952 cuda_h.py:27] end load_into_gpu_async cost 1.916 ms
DEBUG 04-24 11:16:03.324275.324275 cuda_h.py:27] end restore_tensors2 cost 0.093 ms
DEBUG 04-24 11:16:03.324290.324290 cuda_h.py:27] end allocate_cuda_memory_and_load_into_gpu cost 2.562 ms
DEBUG 04-24 11:16:03.325912.325912 cuda_h.py:27] end gate cost 0.833 ms
DEBUG 04-24 11:16:03.326605.326605 cuda_h.py:27] end experts_map_get cost 0.462 ms
DEBUG 04-24 11:16:03.326150.326150 cuda_h.py:27] end *before experts start* cost 1.441 ms
DEBUG 04-24 11:16:03.326430.326430 cuda_h.py:27] end cpu_experts_submit_fused_mp cost 0.215 ms
DEBUG 04-24 11:16:03.327589.327589 cuda_h.py:27] end *single cpu experts* cost 1.415 ms
DEBUG 04-24 11:16:03.329449.329449 cuda_h.py:27] end prepare_group_stack cost 0.466 ms
DEBUG 04-24 11:16:03.329418.329418 sllm_store_c.py:27] get device uuid map
DEBUG 04-24 11:16:03.329610.329610 cuda_h.py:27] end prepare_group_stack cost 0.486 ms
DEBUG 04-24 11:16:03.329989.329989 sllm_store_c.py:29] call client load into gpu
DEBUG 04-24 11:16:03.329261.329261 cuda_h.py:27] end prepare_group_stack cost 0.487 ms
DEBUG 04-24 11:16:03.330020.330020 cuda_h.py:27] end prepare_group_stack cost 0.532 ms
DEBUG 04-24 11:16:03.330622.330622 cuda_h.py:27] end group stack cost 0.828 ms
DEBUG 04-24 11:16:03.330795.330795 cuda_h.py:27] end group stack cost 1.113 ms
DEBUG 04-24 11:16:03.330604.330604 cuda_h.py:27] end group stack cost 1.184 ms
DEBUG 04-24 11:16:03.331381.331381 cuda_h.py:27] end move_flatidxs_group_fused_mp cost 1.771 ms
DEBUG 04-24 11:16:03.330612.330612 cuda_h.py:27] end move_flatidxs_group_fused_mp cost 1.712 ms
DEBUG 04-24 11:16:03.331250.331250 cuda_h.py:27] end move_flatidxs_group_fused_mp cost 1.846 ms
DEBUG 04-24 11:16:03.331256.331256 cuda_h.py:27] end get_fused_experts_names_w cost 0.023 ms
DEBUG 04-24 11:16:03.331859.331859 cuda_h.py:27] end get_fused_experts_names_w cost 0.021 ms
DEBUG 04-24 11:16:03.331568.331568 cuda_h.py:27] end get_fused_experts_names_w cost 0.022 ms
DEBUG 04-24 11:16:03.331182.331182 cuda_h.py:27] end group stack cost 1.189 ms
DEBUG 04-24 11:16:03.331967.331967 cuda_h.py:27] end move_flatidxs_group_fused_mp cost 1.948 ms
DEBUG 04-24 11:16:03.331029.331029 cuda_h.py:27] end get_fused_experts_names_w cost 0.024 ms
DEBUG 04-24 11:16:03.332444.332444 cuda_h.py:27] end restore_fused_tensors cost 0.700 ms
DEBUG 04-24 11:16:03.332757.332757 cuda_h.py:27] end group_fused_tensors_mp cost 0.933 ms
DEBUG 04-24 11:16:03.332605.332605 cuda_h.py:27] end restore_fused_tensors cost 0.757 ms
DEBUG 04-24 11:16:03.332197.332197 cuda_h.py:27] end restore_fused_tensors cost 0.811 ms
DEBUG 04-24 11:16:03.332936.332936 cuda_h.py:27] end group_fused_tensors_mp cost 1.158 ms
DEBUG 04-24 11:16:03.332778.332778 cuda_h.py:27] end group_fused_tensors_mp cost 1.165 ms
DEBUG 04-24 11:16:03.332943.332943 cuda_h.py:27] end restore_fused_tensors cost 0.599 ms
DEBUG 04-24 11:16:03.332746.332746 cuda_h.py:27] end group_fused_tensors_mp cost 0.872 ms
DEBUG 04-24 11:16:03.340365.340365 cuda_h.py:27] end restore2model cost 1.613 ms
DEBUG 04-24 11:16:03.340502.340502 cuda_h.py:27] end sllm_worker_task cost 18.375 ms
DEBUG 04-24 11:16:03.341658.341658 cuda_h.py:27] end load_into_gpu_async_fused_experts_dual cost 11.515 ms
DEBUG 04-24 11:16:03.341625.341625 cuda_h.py:27] end restore_tensors2_fused_experts_packed cost 0.126 ms
DEBUG 04-24 11:16:03.341773.341773 cuda_h.py:27] end restore_tensors2_fused_experts_slices cost 0.367 ms
DEBUG 04-24 11:16:03.342572.342572 cuda_h.py:27] end allocate_experts_cuda_memory_and_restore_model_multi_device_fused cost 14.464 ms
DEBUG 04-24 11:16:03.342573.342573 cuda_h.py:27] end gpu_sexperts cost 0.007 ms
DEBUG 04-24 11:16:03.342751.342751 cuda_h.py:27] end wait_load_qkvogn_s_weight cost 0.017 ms
DEBUG 04-24 11:16:03.346039.346039 mlpmodule.py:3373] [fused_group_bmm][steps] bmm1=9.276 ms split=0.075 ms act_mul=0.421 ms bmm2=4.543 ms
DEBUG 04-24 11:16:03.347269.347269 cuda_h.py:27] end fused_group_bmm cost 14.731 ms
DEBUG 04-24 11:16:03.348129.348129 cuda_h.py:27] end gather_outputs_group_fused_mp cost 0.707 ms
DEBUG 04-24 11:16:03.348674.348674 cuda_h.py:27] end cpu_experts_worker_bmm_or_einsum_0 cost 20.622 ms
DEBUG 04-24 11:16:03.348405.348405 mlpmodule.py:3373] [fused_group_bmm][steps] bmm1=9.857 ms split=0.097 ms act_mul=0.370 ms bmm2=5.903 ms
DEBUG 04-24 11:16:03.348308.348308 cuda_h.py:27] end fused_group_bmm cost 16.506 ms
DEBUG 04-24 11:16:03.349404.349404 mlpmodule.py:3373] [fused_group_bmm][steps] bmm1=9.202 ms split=0.095 ms act_mul=0.323 ms bmm2=6.508 ms
DEBUG 04-24 11:16:03.349114.349114 cuda_h.py:27] end fused_group_bmm cost 16.404 ms
DEBUG 04-24 11:16:03.349123.349123 cuda_h.py:27] end gather_outputs_group_fused_mp cost 0.459 ms
DEBUG 04-24 11:16:03.349685.349685 mlpmodule.py:3373] [fused_group_bmm][steps] bmm1=9.489 ms split=0.108 ms act_mul=0.440 ms bmm2=7.248 ms
DEBUG 04-24 11:16:03.349146.349146 cuda_h.py:27] end fused_group_bmm cost 17.620 ms
DEBUG 04-24 11:16:03.349128.349128 cuda_h.py:27] end gather_outputs_group_fused_mp cost 0.437 ms
DEBUG 04-24 11:16:03.350338.350338 cuda_h.py:27] end cpu_experts_worker_bmm_or_einsum_1 cost 22.090 ms
DEBUG 04-24 11:16:03.350346.350346 cuda_h.py:27] end cpu_experts_worker_bmm_or_einsum_2 cost 21.456 ms
DEBUG 04-24 11:16:03.350114.350114 cuda_h.py:27] end gather_outputs_group_fused_mp cost 0.474 ms
DEBUG 04-24 11:16:03.351721.351721 cuda_h.py:27] end cpu_experts_worker_bmm_or_einsum_3 cost 23.043 ms
DEBUG 04-24 11:16:03.357222.357222 cuda_h.py:27] end prepare_per_device_parameters cost 14.800 ms
DEBUG 04-24 11:16:03.359523.359523 cuda_h.py:27] end cpu_experts_scatter_reduce cost 0.615 ms
DEBUG 04-24 11:16:03.359710.359710 cuda_h.py:27] end cpu_thread_manager_mp_wait_fused cost 2.218 ms
DEBUG 04-24 11:16:03.361408.361408 cuda_h.py:27] end wait_experts_multi_device cost 2.023 ms
DEBUG 04-24 11:16:03.361298.361298 cuda_h.py:27] end *before fused experts* cost 33.962 ms
DEBUG 04-24 11:16:03.365181.365181 cuda_h.py:27] end gpu_experts_multi_device_fused cost 3.988 ms
DEBUG 04-24 11:16:03.365123.365123 cuda_h.py:27] end *gpu experts* cost 38.049 ms
DEBUG 04-24 11:16:03.365159.365159 cuda_h.py:27] end layer_moe_generate_mp_multi_device_fused_l_17 cost 41.055 ms
DEBUG 04-24 11:16:03.367101.367101 cuda_h.py:27] end *mlp cost 42.484 ms
DEBUG 04-24 11:16:03.367926.367926 cuda_h.py:27] end prefill_layer cost 45.042 ms
DEBUG 04-24 11:16:03.367795.367795 lmp.py:341] -------------------------------- end prefill layer 16 --------------------------------
DEBUG 04-24 11:16:03.367782.367782 lmp.py:294] -------------------------------- start prefill layer 17 --------------------------------
DEBUG 04-24 11:16:03.367553.367553 cuda_h.py:27] end start_load_qkvogn_s_weight_l_18 cost 0.043 ms
DEBUG 04-24 11:16:03.367956.367956 cuda_h.py:27] end allocate_cuda_memory cost 0.236 ms
DEBUG 04-24 11:16:03.367113.367113 sllm_store_c.py:27] get device uuid map
DEBUG 04-24 11:16:03.368369.368369 sllm_store_c.py:29] call client load into gpu
DEBUG 04-24 11:16:03.369375.369375 cuda_h.py:27] end **self_attn cost 1.648 ms
DEBUG 04-24 11:16:03.369479.369479 cuda_h.py:27] end load_into_gpu_async cost 2.022 ms
DEBUG 04-24 11:16:03.370244.370244 cuda_h.py:27] end restore_tensors2 cost 0.097 ms
DEBUG 04-24 11:16:03.370756.370756 cuda_h.py:27] end *iln_self_attn_paln cost 2.935 ms
DEBUG 04-24 11:16:03.370042.370042 cuda_h.py:27] end allocate_cuda_memory_and_load_into_gpu cost 2.838 ms
DEBUG 04-24 11:16:03.371777.371777 cuda_h.py:27] end gate cost 0.630 ms
DEBUG 04-24 11:16:03.371710.371710 cuda_h.py:27] end experts_map_get cost 0.289 ms
DEBUG 04-24 11:16:03.371778.371778 cuda_h.py:27] end *before experts start* cost 1.062 ms
DEBUG 04-24 11:16:03.371018.371018 cuda_h.py:27] end cpu_experts_submit_fused_mp cost 0.220 ms
DEBUG 04-24 11:16:03.372413.372413 cuda_h.py:27] end *single cpu experts* cost 1.350 ms
DEBUG 04-24 11:16:03.375515.375515 cuda_h.py:27] end prepare_group_stack cost 0.581 ms
DEBUG 04-24 11:16:03.375828.375828 cuda_h.py:27] end prepare_group_stack cost 0.609 ms
DEBUG 04-24 11:16:03.375756.375756 cuda_h.py:27] end prepare_group_stack cost 0.550 ms
DEBUG 04-24 11:16:03.375700.375700 sllm_store_c.py:27] get device uuid map
DEBUG 04-24 11:16:03.375565.375565 sllm_store_c.py:29] call client load into gpu
DEBUG 04-24 11:16:03.375790.375790 cuda_h.py:27] end prepare_group_stack cost 0.687 ms
DEBUG 04-24 11:16:03.376743.376743 cuda_h.py:27] end group stack cost 1.129 ms
DEBUG 04-24 11:16:03.376004.376004 cuda_h.py:27] end move_flatidxs_group_fused_mp cost 1.911 ms
DEBUG 04-24 11:16:03.376569.376569 cuda_h.py:27] end get_fused_experts_names_w cost 0.023 ms
DEBUG 04-24 11:16:03.376982.376982 cuda_h.py:27] end group stack cost 1.599 ms
DEBUG 04-24 11:16:03.376287.376287 cuda_h.py:27] end group stack cost 1.373 ms
DEBUG 04-24 11:16:03.376382.376382 cuda_h.py:27] end move_flatidxs_group_fused_mp cost 2.359 ms
DEBUG 04-24 11:16:03.376841.376841 cuda_h.py:27] end move_flatidxs_group_fused_mp cost 2.318 ms
DEBUG 04-24 11:16:03.377951.377951 cuda_h.py:27] end get_fused_experts_names_w cost 0.021 ms
DEBUG 04-24 11:16:03.377746.377746 cuda_h.py:27] end get_fused_experts_names_w cost 0.025 ms
DEBUG 04-24 11:16:03.377591.377591 cuda_h.py:27] end restore_fused_tensors cost 0.525 ms
DEBUG 04-24 11:16:03.377950.377950 cuda_h.py:27] end group_fused_tensors_mp cost 0.729 ms
DEBUG 04-24 11:16:03.377474.377474 cuda_h.py:27] end group stack cost 1.570 ms
DEBUG 04-24 11:16:03.377548.377548 cuda_h.py:27] end move_flatidxs_group_fused_mp cost 2.958 ms
DEBUG 04-24 11:16:03.377783.377783 cuda_h.py:27] end restore_fused_tensors cost 0.566 ms
DEBUG 04-24 11:16:03.377063.377063 cuda_h.py:27] end get_fused_experts_names_w cost 0.041 ms
DEBUG 04-24 11:16:03.378717.378717 cuda_h.py:27] end group_fused_tensors_mp cost 0.940 ms
DEBUG 04-24 11:16:03.378332.378332 cuda_h.py:27] end restore2model cost 0.878 ms
DEBUG 04-24 11:16:03.378148.378148 cuda_h.py:27] end restore_fused_tensors cost 0.780 ms
DEBUG 04-24 11:16:03.378032.378032 cuda_h.py:27] end load_into_gpu_async_fused_experts_dual cost 2.807 ms
DEBUG 04-24 11:16:03.378425.378425 cuda_h.py:27] end group_fused_tensors_mp cost 1.125 ms
DEBUG 04-24 11:16:03.378928.378928 cuda_h.py:27] end sllm_worker_task cost 10.724 ms
DEBUG 04-24 11:16:03.378896.378896 cuda_h.py:27] end restore_tensors2_fused_experts_packed cost 0.053 ms
DEBUG 04-24 11:16:03.378910.378910 cuda_h.py:27] end restore_tensors2_fused_experts_slices cost 0.255 ms
DEBUG 04-24 11:16:03.378535.378535 cuda_h.py:27] end allocate_experts_cuda_memory_and_restore_model_multi_device_fused cost 5.960 ms
DEBUG 04-24 11:16:03.378338.378338 cuda_h.py:27] end gpu_sexperts cost 0.003 ms
DEBUG 04-24 11:16:03.379495.379495 cuda_h.py:27] end wait_load_qkvogn_s_weight cost 0.013 ms
DEBUG 04-24 11:16:03.379215.379215 cuda_h.py:27] end restore_fused_tensors cost 1.205 ms
DEBUG 04-24 11:16:03.379736.379736 cuda_h.py:27] end group_fused_tensors_mp cost 1.562 ms
DEBUG 04-24 11:16:03.391021.391021 mlpmodule.py:3373] [fused_group_bmm][steps] bmm1=7.172 ms split=0.133 ms act_mul=0.478 ms bmm2=4.733 ms
DEBUG 04-24 11:16:03.391468.391468 cuda_h.py:27] end fused_group_bmm cost 12.863 ms
DEBUG 04-24 11:16:03.391402.391402 cuda_h.py:27] end gather_outputs_group_fused_mp cost 0.555 ms
DEBUG 04-24 11:16:03.392484.392484 cuda_h.py:27] end cpu_experts_worker_bmm_or_einsum_0 cost 19.407 ms
DEBUG 04-24 11:16:03.394011.394011 mlpmodule.py:3373] [fused_group_bmm][steps] bmm1=9.610 ms split=0.223 ms act_mul=0.490 ms bmm2=4.344 ms
DEBUG 04-24 11:16:03.394881.394881 cuda_h.py:27] end fused_group_bmm cost 14.961 ms
DEBUG 04-24 11:16:03.395308.395308 cuda_h.py:27] end prepare_per_device_parameters cost 16.094 ms
DEBUG 04-24 11:16:03.395559.395559 cuda_h.py:27] end gather_outputs_group_fused_mp cost 0.485 ms
DEBUG 04-24 11:16:03.396026.396026 cuda_h.py:27] end cpu_experts_worker_bmm_or_einsum_1 cost 22.573 ms
DEBUG 04-24 11:16:03.396991.396991 mlpmodule.py:3373] [fused_group_bmm][steps] bmm1=12.784 ms split=0.145 ms act_mul=0.453 ms bmm2=5.961 ms
DEBUG 04-24 11:16:03.397727.397727 cuda_h.py:27] end fused_group_bmm cost 19.602 ms
DEBUG 04-24 11:16:03.397270.397270 mlpmodule.py:3373] [fused_group_bmm][steps] bmm1=12.382 ms split=0.246 ms act_mul=0.428 ms bmm2=5.877 ms
DEBUG 04-24 11:16:03.397568.397568 cuda_h.py:27] end fused_group_bmm cost 19.186 ms
DEBUG 04-24 11:16:03.397364.397364 cuda_h.py:27] end gather_outputs_group_fused_mp cost 0.460 ms
DEBUG 04-24 11:16:03.397176.397176 cuda_h.py:27] end gather_outputs_group_fused_mp cost 0.460 ms
DEBUG 04-24 11:16:03.398473.398473 cuda_h.py:27] end cpu_experts_worker_bmm_or_einsum_2 cost 24.827 ms
DEBUG 04-24 11:16:03.398367.398367 cuda_h.py:27] end cpu_experts_worker_bmm_or_einsum_3 cost 25.040 ms
DEBUG 04-24 11:16:03.401595.401595 cuda_h.py:27] end cpu_experts_scatter_reduce cost 1.764 ms
DEBUG 04-24 11:16:03.401536.401536 cuda_h.py:27] end cpu_thread_manager_mp_wait_fused cost 6.253 ms
DEBUG 04-24 11:16:03.403788.403788 cuda_h.py:27] end wait_experts_multi_device cost 1.599 ms
DEBUG 04-24 11:16:03.403475.403475 cuda_h.py:27] end *before fused experts* cost 30.666 ms
DEBUG 04-24 11:16:03.410820.410820 cuda_h.py:27] end gpu_experts_multi_device_fused cost 6.710 ms
DEBUG 04-24 11:16:03.410983.410983 cuda_h.py:27] end *gpu experts* cost 37.718 ms
DEBUG 04-24 11:16:03.410290.410290 cuda_h.py:27] end layer_moe_generate_mp_multi_device_fused_l_18 cost 40.307 ms
DEBUG 04-24 11:16:03.412203.412203 cuda_h.py:27] end *mlp cost 41.643 ms
DEBUG 04-24 11:16:03.412300.412300 cuda_h.py:27] end prefill_layer cost 44.936 ms
DEBUG 04-24 11:16:03.412924.412924 lmp.py:341] -------------------------------- end prefill layer 17 --------------------------------
DEBUG 04-24 11:16:03.412128.412128 lmp.py:294] -------------------------------- start prefill layer 18 --------------------------------
DEBUG 04-24 11:16:03.412036.412036 cuda_h.py:27] end start_load_qkvogn_s_weight_l_19 cost 0.055 ms
DEBUG 04-24 11:16:03.413730.413730 cuda_h.py:27] end allocate_cuda_memory cost 0.246 ms
DEBUG 04-24 11:16:03.413769.413769 sllm_store_c.py:27] get device uuid map
DEBUG 04-24 11:16:03.413204.413204 sllm_store_c.py:29] call client load into gpu
DEBUG 04-24 11:16:03.414040.414040 cuda_h.py:27] end load_into_gpu_async cost 1.778 ms
DEBUG 04-24 11:16:03.415616.415616 cuda_h.py:27] end restore_tensors2 cost 0.113 ms
DEBUG 04-24 11:16:03.415493.415493 cuda_h.py:27] end allocate_cuda_memory_and_load_into_gpu cost 2.503 ms
DEBUG 04-24 11:16:03.415720.415720 cuda_h.py:27] end **self_attn cost 1.573 ms
DEBUG 04-24 11:16:03.415552.415552 cuda_h.py:27] end *iln_self_attn_paln cost 3.221 ms
DEBUG 04-24 11:16:03.416706.416706 cuda_h.py:27] end gate cost 0.565 ms
DEBUG 04-24 11:16:03.416660.416660 cuda_h.py:27] end experts_map_get cost 0.334 ms
DEBUG 04-24 11:16:03.416020.416020 cuda_h.py:27] end *before experts start* cost 1.052 ms
DEBUG 04-24 11:16:03.417606.417606 cuda_h.py:27] end cpu_experts_submit_fused_mp cost 0.261 ms
DEBUG 04-24 11:16:03.418642.418642 cuda_h.py:27] end *single cpu experts* cost 1.541 ms
DEBUG 04-24 11:16:03.420715.420715 cuda_h.py:27] end prepare_group_stack cost 0.477 ms
DEBUG 04-24 11:16:03.420702.420702 cuda_h.py:27] end prepare_group_stack cost 0.427 ms
DEBUG 04-24 11:16:03.421338.421338 cuda_h.py:27] end prepare_group_stack cost 0.522 ms
DEBUG 04-24 11:16:03.421425.421425 sllm_store_c.py:27] get device uuid map
DEBUG 04-24 11:16:03.421002.421002 cuda_h.py:27] end group stack cost 1.187 ms
DEBUG 04-24 11:16:03.421910.421910 cuda_h.py:27] end prepare_group_stack cost 0.637 ms
DEBUG 04-24 11:16:03.421910.421910 cuda_h.py:27] end group stack cost 1.132 ms
DEBUG 04-24 11:16:03.421318.421318 sllm_store_c.py:29] call client load into gpu
DEBUG 04-24 11:16:03.421775.421775 cuda_h.py:27] end move_flatidxs_group_fused_mp cost 1.905 ms
DEBUG 04-24 11:16:03.421075.421075 cuda_h.py:27] end move_flatidxs_group_fused_mp cost 1.876 ms
DEBUG 04-24 11:16:03.421253.421253 cuda_h.py:27] end get_fused_experts_names_w cost 0.021 ms
DEBUG 04-24 11:16:03.421472.421472 cuda_h.py:27] end get_fused_experts_names_w cost 0.024 ms
DEBUG 04-24 11:16:03.422776.422776 cuda_h.py:27] end group stack cost 0.903 ms
DEBUG 04-24 11:16:03.422825.422825 cuda_h.py:27] end move_flatidxs_group_fused_mp cost 1.634 ms
DEBUG 04-24 11:16:03.422766.422766 cuda_h.py:27] end restore_fused_tensors cost 0.581 ms
DEBUG 04-24 11:16:03.422316.422316 cuda_h.py:27] end get_fused_experts_names_w cost 0.027 ms
DEBUG 04-24 11:16:03.422218.422218 cuda_h.py:27] end group_fused_tensors_mp cost 0.771 ms
DEBUG 04-24 11:16:03.422095.422095 cuda_h.py:27] end restore_fused_tensors cost 0.701 ms
DEBUG 04-24 11:16:03.422991.422991 cuda_h.py:27] end group_fused_tensors_mp cost 0.907 ms
DEBUG 04-24 11:16:03.423596.423596 cuda_h.py:27] end group stack cost 1.356 ms
DEBUG 04-24 11:16:03.423047.423047 cuda_h.py:27] end move_flatidxs_group_fused_mp cost 2.382 ms
DEBUG 04-24 11:16:03.423991.423991 cuda_h.py:27] end restore_fused_tensors cost 0.647 ms
DEBUG 04-24 11:16:03.423222.423222 cuda_h.py:27] end group_fused_tensors_mp cost 0.979 ms
DEBUG 04-24 11:16:03.423132.423132 cuda_h.py:27] end get_fused_experts_names_w cost 0.075 ms
DEBUG 04-24 11:16:03.423346.423346 cuda_h.py:27] end restore2model cost 1.140 ms
DEBUG 04-24 11:16:03.423763.423763 cuda_h.py:27] end sllm_worker_task cost 11.153 ms
DEBUG 04-24 11:16:03.424227.424227 cuda_h.py:27] end load_into_gpu_async_fused_experts_dual cost 2.585 ms
DEBUG 04-24 11:16:03.424011.424011 cuda_h.py:27] end restore_tensors2_fused_experts_packed cost 0.184 ms
DEBUG 04-24 11:16:03.425667.425667 cuda_h.py:27] end restore_fused_tensors cost 1.140 ms
DEBUG 04-24 11:16:03.425936.425936 cuda_h.py:27] end group_fused_tensors_mp cost 1.552 ms
DEBUG 04-24 11:16:03.425879.425879 cuda_h.py:27] end restore_tensors2_fused_experts_slices cost 0.666 ms
DEBUG 04-24 11:16:03.425159.425159 cuda_h.py:27] end allocate_experts_cuda_memory_and_restore_model_multi_device_fused cost 7.216 ms
DEBUG 04-24 11:16:03.426274.426274 cuda_h.py:27] end gpu_sexperts cost 0.023 ms
DEBUG 04-24 11:16:03.426129.426129 cuda_h.py:27] end wait_load_qkvogn_s_weight cost 0.062 ms
DEBUG 04-24 11:16:03.433889.433889 mlpmodule.py:3373] [fused_group_bmm][steps] bmm1=6.114 ms split=0.148 ms act_mul=0.602 ms bmm2=3.524 ms
DEBUG 04-24 11:16:03.433692.433692 cuda_h.py:27] end fused_group_bmm cost 10.676 ms
DEBUG 04-24 11:16:03.434433.434433 cuda_h.py:27] end gather_outputs_group_fused_mp cost 0.523 ms
DEBUG 04-24 11:16:03.434205.434205 cuda_h.py:27] end cpu_experts_worker_bmm_or_einsum_0 cost 16.246 ms
DEBUG 04-24 11:16:03.437857.437857 mlpmodule.py:3373] [fused_group_bmm][steps] bmm1=8.390 ms split=0.116 ms act_mul=0.325 ms bmm2=3.595 ms
DEBUG 04-24 11:16:03.438096.438096 cuda_h.py:27] end fused_group_bmm cost 12.667 ms
DEBUG 04-24 11:16:03.438525.438525 mlpmodule.py:3373] [fused_group_bmm][steps] bmm1=9.951 ms split=0.232 ms act_mul=0.467 ms bmm2=5.223 ms
DEBUG 04-24 11:16:03.438736.438736 cuda_h.py:27] end gather_outputs_group_fused_mp cost 0.449 ms
DEBUG 04-24 11:16:03.438354.438354 cuda_h.py:27] end fused_group_bmm cost 16.133 ms
DEBUG 04-24 11:16:03.439924.439924 cuda_h.py:27] end cpu_experts_worker_bmm_or_einsum_1 cost 19.589 ms
DEBUG 04-24 11:16:03.439100.439100 cuda_h.py:27] end gather_outputs_group_fused_mp cost 0.512 ms
DEBUG 04-24 11:16:03.440151.440151 cuda_h.py:27] end cpu_experts_worker_bmm_or_einsum_3 cost 21.618 ms
DEBUG 04-24 11:16:03.440705.440705 mlpmodule.py:3373] [fused_group_bmm][steps] bmm1=11.017 ms split=0.196 ms act_mul=0.471 ms bmm2=5.123 ms
DEBUG 04-24 11:16:03.440782.440782 cuda_h.py:27] end fused_group_bmm cost 17.136 ms
DEBUG 04-24 11:16:03.441325.441325 cuda_h.py:27] end gather_outputs_group_fused_mp cost 0.736 ms
DEBUG 04-24 11:16:03.442374.442374 cuda_h.py:27] end cpu_experts_worker_bmm_or_einsum_2 cost 22.975 ms
DEBUG 04-24 11:16:03.444443.444443 cuda_h.py:27] end prepare_per_device_parameters cost 17.324 ms
DEBUG 04-24 11:16:03.446958.446958 cuda_h.py:27] end cpu_experts_scatter_reduce cost 0.617 ms
DEBUG 04-24 11:16:03.446192.446192 cuda_h.py:27] end cpu_thread_manager_mp_wait_fused cost 2.091 ms
DEBUG 04-24 11:16:03.447178.447178 cuda_h.py:27] end wait_experts_multi_device cost 1.316 ms
DEBUG 04-24 11:16:03.447036.447036 cuda_h.py:27] end *before fused experts* cost 29.066 ms
DEBUG 04-24 11:16:03.451542.451542 cuda_h.py:27] end gpu_experts_multi_device_fused cost 3.812 ms
DEBUG 04-24 11:16:03.451915.451915 cuda_h.py:27] end *gpu experts* cost 32.982 ms
DEBUG 04-24 11:16:03.451044.451044 cuda_h.py:27] end layer_moe_generate_mp_multi_device_fused_l_19 cost 35.796 ms
DEBUG 04-24 11:16:03.453970.453970 cuda_h.py:27] end *mlp cost 37.531 ms
DEBUG 04-24 11:16:03.453285.453285 cuda_h.py:27] end prefill_layer cost 41.094 ms
DEBUG 04-24 11:16:03.453703.453703 lmp.py:341] -------------------------------- end prefill layer 18 --------------------------------
DEBUG 04-24 11:16:03.453830.453830 lmp.py:294] -------------------------------- start prefill layer 19 --------------------------------
DEBUG 04-24 11:16:03.453455.453455 cuda_h.py:27] end start_load_qkvogn_s_weight_l_20 cost 0.040 ms
DEBUG 04-24 11:16:03.454983.454983 cuda_h.py:27] end allocate_cuda_memory cost 0.215 ms
DEBUG 04-24 11:16:03.454863.454863 sllm_store_c.py:27] get device uuid map
DEBUG 04-24 11:16:03.454947.454947 sllm_store_c.py:29] call client load into gpu
DEBUG 04-24 11:16:03.455551.455551 cuda_h.py:27] end **self_attn cost 1.332 ms
DEBUG 04-24 11:16:03.455618.455618 cuda_h.py:27] end load_into_gpu_async cost 1.784 ms
DEBUG 04-24 11:16:03.456936.456936 cuda_h.py:27] end restore_tensors2 cost 0.110 ms
DEBUG 04-24 11:16:03.456348.456348 cuda_h.py:27] end allocate_cuda_memory_and_load_into_gpu cost 2.461 ms
DEBUG 04-24 11:16:03.456248.456248 cuda_h.py:27] end *iln_self_attn_paln cost 2.772 ms
DEBUG 04-24 11:16:03.457699.457699 cuda_h.py:27] end gate cost 0.529 ms
DEBUG 04-24 11:16:03.457229.457229 cuda_h.py:27] end experts_map_get cost 0.293 ms
DEBUG 04-24 11:16:03.457535.457535 cuda_h.py:27] end *before experts start* cost 0.980 ms
DEBUG 04-24 11:16:03.457377.457377 cuda_h.py:27] end cpu_experts_submit_fused_mp cost 0.206 ms
DEBUG 04-24 11:16:03.459961.459961 cuda_h.py:27] end *single cpu experts* cost 1.614 ms
DEBUG 04-24 11:16:03.460156.460156 cuda_h.py:27] end prepare_group_stack cost 0.489 ms
DEBUG 04-24 11:16:03.461804.461804 cuda_h.py:27] end prepare_group_stack cost 0.454 ms
DEBUG 04-24 11:16:03.461735.461735 cuda_h.py:27] end prepare_group_stack cost 0.529 ms
DEBUG 04-24 11:16:03.461504.461504 cuda_h.py:27] end group stack cost 0.771 ms
DEBUG 04-24 11:16:03.461804.461804 cuda_h.py:27] end move_flatidxs_group_fused_mp cost 1.655 ms
DEBUG 04-24 11:16:03.461867.461867 sllm_store_c.py:27] get device uuid map
DEBUG 04-24 11:16:03.461074.461074 cuda_h.py:27] end get_fused_experts_names_w cost 0.025 ms
DEBUG 04-24 11:16:03.461869.461869 sllm_store_c.py:29] call client load into gpu
DEBUG 04-24 11:16:03.462757.462757 cuda_h.py:27] end group stack cost 0.650 ms
DEBUG 04-24 11:16:03.462523.462523 cuda_h.py:27] end move_flatidxs_group_fused_mp cost 1.517 ms
DEBUG 04-24 11:16:03.462800.462800 cuda_h.py:27] end group stack cost 1.003 ms
DEBUG 04-24 11:16:03.462690.462690 cuda_h.py:27] end get_fused_experts_names_w cost 0.023 ms
DEBUG 04-24 11:16:03.462419.462419 cuda_h.py:27] end move_flatidxs_group_fused_mp cost 1.837 ms
DEBUG 04-24 11:16:03.462506.462506 cuda_h.py:27] end prepare_group_stack cost 0.695 ms
DEBUG 04-24 11:16:03.462606.462606 cuda_h.py:27] end restore_fused_tensors cost 0.690 ms
DEBUG 04-24 11:16:03.462511.462511 cuda_h.py:27] end get_fused_experts_names_w cost 0.022 ms
DEBUG 04-24 11:16:03.462555.462555 cuda_h.py:27] end group_fused_tensors_mp cost 1.156 ms
DEBUG 04-24 11:16:03.463826.463826 cuda_h.py:27] end restore_fused_tensors cost 0.544 ms
DEBUG 04-24 11:16:03.463074.463074 cuda_h.py:27] end group_fused_tensors_mp cost 0.800 ms
DEBUG 04-24 11:16:03.463234.463234 cuda_h.py:27] end restore_fused_tensors cost 0.493 ms
DEBUG 04-24 11:16:03.463849.463849 cuda_h.py:27] end group_fused_tensors_mp cost 0.837 ms
DEBUG 04-24 11:16:03.464835.464835 cuda_h.py:27] end group stack cost 1.338 ms
DEBUG 04-24 11:16:03.464740.464740 cuda_h.py:27] end restore2model cost 0.925 ms
DEBUG 04-24 11:16:03.464232.464232 cuda_h.py:27] end move_flatidxs_group_fused_mp cost 2.427 ms
DEBUG 04-24 11:16:03.464421.464421 cuda_h.py:27] end load_into_gpu_async_fused_experts_dual cost 2.692 ms
DEBUG 04-24 11:16:03.464631.464631 cuda_h.py:27] end get_fused_experts_names_w cost 0.039 ms
DEBUG 04-24 11:16:03.464205.464205 cuda_h.py:27] end sllm_worker_task cost 10.640 ms
DEBUG 04-24 11:16:03.464053.464053 cuda_h.py:27] end restore_tensors2_fused_experts_packed cost 0.065 ms
DEBUG 04-24 11:16:03.465173.465173 cuda_h.py:27] end restore_tensors2_fused_experts_slices cost 0.376 ms
DEBUG 04-24 11:16:03.465676.465676 cuda_h.py:27] end allocate_experts_cuda_memory_and_restore_model_multi_device_fused cost 6.246 ms
DEBUG 04-24 11:16:03.465170.465170 cuda_h.py:27] end restore_fused_tensors cost 0.973 ms
DEBUG 04-24 11:16:03.465834.465834 cuda_h.py:27] end gpu_sexperts cost 0.011 ms
DEBUG 04-24 11:16:03.465861.465861 cuda_h.py:27] end group_fused_tensors_mp cost 1.372 ms
DEBUG 04-24 11:16:03.465321.465321 cuda_h.py:27] end wait_load_qkvogn_s_weight cost 0.034 ms
DEBUG 04-24 11:16:03.476222.476222 mlpmodule.py:3373] [fused_group_bmm][steps] bmm1=8.263 ms split=0.097 ms act_mul=0.593 ms bmm2=4.481 ms
DEBUG 04-24 11:16:03.476954.476954 cuda_h.py:27] end fused_group_bmm cost 13.840 ms
DEBUG 04-24 11:16:03.476415.476415 mlpmodule.py:3373] [fused_group_bmm][steps] bmm1=7.033 ms split=0.177 ms act_mul=0.378 ms bmm2=5.677 ms
DEBUG 04-24 11:16:03.477982.477982 cuda_h.py:27] end fused_group_bmm cost 13.653 ms
DEBUG 04-24 11:16:03.477785.477785 cuda_h.py:27] end gather_outputs_group_fused_mp cost 0.412 ms
DEBUG 04-24 11:16:03.477533.477533 mlpmodule.py:3373] [fused_group_bmm][steps] bmm1=8.250 ms split=0.114 ms act_mul=0.391 ms bmm2=5.227 ms
DEBUG 04-24 11:16:03.477434.477434 cuda_h.py:27] end fused_group_bmm cost 14.223 ms
DEBUG 04-24 11:16:03.477293.477293 cuda_h.py:27] end gather_outputs_group_fused_mp cost 0.419 ms
DEBUG 04-24 11:16:03.477017.477017 cuda_h.py:27] end cpu_experts_worker_bmm_or_einsum_0 cost 19.243 ms
DEBUG 04-24 11:16:03.478415.478415 cuda_h.py:27] end gather_outputs_group_fused_mp cost 0.365 ms
DEBUG 04-24 11:16:03.478484.478484 cuda_h.py:27] end cpu_experts_worker_bmm_or_einsum_3 cost 18.853 ms
DEBUG 04-24 11:16:03.478834.478834 cuda_h.py:27] end cpu_experts_worker_bmm_or_einsum_1 cost 18.954 ms
DEBUG 04-24 11:16:03.481136.481136 cuda_h.py:27] end prepare_per_device_parameters cost 15.730 ms
DEBUG 04-24 11:16:03.484278.484278 mlpmodule.py:3373] [fused_group_bmm][steps] bmm1=14.473 ms split=0.109 ms act_mul=0.458 ms bmm2=3.221 ms
DEBUG 04-24 11:16:03.484152.484152 cuda_h.py:27] end fused_group_bmm cost 18.475 ms
DEBUG 04-24 11:16:03.485826.485826 cuda_h.py:27] end gather_outputs_group_fused_mp cost 0.317 ms
DEBUG 04-24 11:16:03.485193.485193 cuda_h.py:27] end cpu_experts_worker_bmm_or_einsum_2 cost 24.891 ms
DEBUG 04-24 11:16:03.486667.486667 cuda_h.py:27] end cpu_experts_scatter_reduce cost 0.789 ms
DEBUG 04-24 11:16:03.487989.487989 cuda_h.py:27] end cpu_thread_manager_mp_wait_fused cost 5.012 ms
DEBUG 04-24 11:16:03.488301.488301 cuda_h.py:27] end wait_experts_multi_device cost 1.413 ms
DEBUG 04-24 11:16:03.488926.488926 cuda_h.py:27] end *before fused experts* cost 29.547 ms
DEBUG 04-24 11:16:03.494002.494002 cuda_h.py:27] end gpu_experts_multi_device_fused cost 6.191 ms
DEBUG 04-24 11:16:03.495059.495059 cuda_h.py:27] end *gpu experts* cost 35.893 ms
DEBUG 04-24 11:16:03.495579.495579 cuda_h.py:27] end layer_moe_generate_mp_multi_device_fused_l_20 cost 38.686 ms
DEBUG 04-24 11:16:03.496348.496348 cuda_h.py:27] end *mlp cost 40.093 ms
DEBUG 04-24 11:16:03.496916.496916 cuda_h.py:27] end prefill_layer cost 43.108 ms
DEBUG 04-24 11:16:03.496679.496679 lmp.py:341] -------------------------------- end prefill layer 19 --------------------------------
DEBUG 04-24 11:16:03.496958.496958 lmp.py:294] -------------------------------- start prefill layer 20 --------------------------------
DEBUG 04-24 11:16:03.496776.496776 cuda_h.py:27] end start_load_qkvogn_s_weight_l_21 cost 0.066 ms
DEBUG 04-24 11:16:03.497618.497618 cuda_h.py:27] end allocate_cuda_memory cost 0.391 ms
DEBUG 04-24 11:16:03.497388.497388 sllm_store_c.py:27] get device uuid map
DEBUG 04-24 11:16:03.497023.497023 sllm_store_c.py:29] call client load into gpu
DEBUG 04-24 11:16:03.499825.499825 cuda_h.py:27] end load_into_gpu_async cost 2.170 ms
DEBUG 04-24 11:16:03.500199.500199 cuda_h.py:27] end restore_tensors2 cost 0.113 ms
DEBUG 04-24 11:16:03.500466.500466 cuda_h.py:27] end allocate_cuda_memory_and_load_into_gpu cost 3.259 ms
DEBUG 04-24 11:16:03.500147.500147 cuda_h.py:27] end **self_attn cost 2.173 ms
DEBUG 04-24 11:16:03.500541.500541 cuda_h.py:27] end *iln_self_attn_paln cost 3.940 ms
DEBUG 04-24 11:16:03.501511.501511 cuda_h.py:27] end gate cost 0.571 ms
DEBUG 04-24 11:16:03.501995.501995 cuda_h.py:27] end experts_map_get cost 0.327 ms
DEBUG 04-24 11:16:03.501600.501600 cuda_h.py:27] end *before experts start* cost 1.070 ms
DEBUG 04-24 11:16:03.502250.502250 cuda_h.py:27] end cpu_experts_submit_fused_mp cost 0.207 ms
DEBUG 04-24 11:16:03.503662.503662 cuda_h.py:27] end *single cpu experts* cost 1.614 ms
DEBUG 04-24 11:16:03.504511.504511 cuda_h.py:27] end prepare_group_stack cost 0.463 ms
DEBUG 04-24 11:16:03.504916.504916 cuda_h.py:27] end prepare_group_stack cost 0.411 ms
DEBUG 04-24 11:16:03.505018.505018 cuda_h.py:27] end group stack cost 0.589 ms
DEBUG 04-24 11:16:03.505809.505809 cuda_h.py:27] end move_flatidxs_group_fused_mp cost 1.191 ms
DEBUG 04-24 11:16:03.505744.505744 cuda_h.py:27] end get_fused_experts_names_w cost 0.027 ms
DEBUG 04-24 11:16:03.505916.505916 cuda_h.py:27] end prepare_group_stack cost 0.457 ms
DEBUG 04-24 11:16:03.505900.505900 cuda_h.py:27] end group stack cost 1.039 ms
DEBUG 04-24 11:16:03.506936.506936 cuda_h.py:27] end move_flatidxs_group_fused_mp cost 1.706 ms
DEBUG 04-24 11:16:03.506486.506486 cuda_h.py:27] end prepare_group_stack cost 0.560 ms
DEBUG 04-24 11:16:03.506459.506459 cuda_h.py:27] end get_fused_experts_names_w cost 0.024 ms
DEBUG 04-24 11:16:03.506069.506069 sllm_store_c.py:27] get device uuid map
DEBUG 04-24 11:16:03.506863.506863 sllm_store_c.py:29] call client load into gpu
DEBUG 04-24 11:16:03.506364.506364 cuda_h.py:27] end group stack cost 0.733 ms
DEBUG 04-24 11:16:03.506755.506755 cuda_h.py:27] end restore_fused_tensors cost 0.752 ms
DEBUG 04-24 11:16:03.506069.506069 cuda_h.py:27] end group_fused_tensors_mp cost 1.044 ms
DEBUG 04-24 11:16:03.506831.506831 cuda_h.py:27] end move_flatidxs_group_fused_mp cost 1.504 ms
DEBUG 04-24 11:16:03.506190.506190 cuda_h.py:27] end restore_fused_tensors cost 0.523 ms
DEBUG 04-24 11:16:03.507011.507011 cuda_h.py:27] end group_fused_tensors_mp cost 0.891 ms
DEBUG 04-24 11:16:03.507687.507687 cuda_h.py:27] end get_fused_experts_names_w cost 0.021 ms
DEBUG 04-24 11:16:03.507132.507132 cuda_h.py:27] end group stack cost 1.100 ms
DEBUG 04-24 11:16:03.507953.507953 cuda_h.py:27] end move_flatidxs_group_fused_mp cost 2.090 ms
DEBUG 04-24 11:16:03.507894.507894 cuda_h.py:27] end get_fused_experts_names_w cost 0.037 ms
DEBUG 04-24 11:16:03.507095.507095 cuda_h.py:27] end restore_fused_tensors cost 0.561 ms
DEBUG 04-24 11:16:03.507157.507157 cuda_h.py:27] end group_fused_tensors_mp cost 0.828 ms
DEBUG 04-24 11:16:03.508731.508731 cuda_h.py:27] end restore_fused_tensors cost 0.913 ms
DEBUG 04-24 11:16:03.508093.508093 cuda_h.py:27] end group_fused_tensors_mp cost 1.243 ms
DEBUG 04-24 11:16:03.510485.510485 cuda_h.py:27] end restore2model cost 1.659 ms
DEBUG 04-24 11:16:03.510878.510878 cuda_h.py:27] end sllm_worker_task cost 13.602 ms
DEBUG 04-24 11:16:03.511818.511818 cuda_h.py:27] end load_into_gpu_async_fused_experts_dual cost 4.919 ms
DEBUG 04-24 11:16:03.512912.512912 cuda_h.py:27] end restore_tensors2_fused_experts_packed cost 0.347 ms
DEBUG 04-24 11:16:03.513942.513942 cuda_h.py:27] end restore_tensors2_fused_experts_slices cost 0.822 ms
DEBUG 04-24 11:16:03.513785.513785 cuda_h.py:27] end allocate_experts_cuda_memory_and_restore_model_multi_device_fused cost 9.821 ms
DEBUG 04-24 11:16:03.513231.513231 cuda_h.py:27] end gpu_sexperts cost 0.016 ms
DEBUG 04-24 11:16:03.513221.513221 cuda_h.py:27] end wait_load_qkvogn_s_weight cost 0.040 ms
DEBUG 04-24 11:16:03.516186.516186 mlpmodule.py:3373] [fused_group_bmm][steps] bmm1=5.809 ms split=0.139 ms act_mul=0.879 ms bmm2=2.853 ms
DEBUG 04-24 11:16:03.517418.517418 cuda_h.py:27] end fused_group_bmm cost 9.923 ms
DEBUG 04-24 11:16:03.517153.517153 cuda_h.py:27] end gather_outputs_group_fused_mp cost 0.521 ms
DEBUG 04-24 11:16:03.518814.518814 cuda_h.py:27] end cpu_experts_worker_bmm_or_einsum_0 cost 15.086 ms
DEBUG 04-24 11:16:03.518894.518894 mlpmodule.py:3373] [fused_group_bmm][steps] bmm1=6.404 ms split=0.113 ms act_mul=0.325 ms bmm2=4.603 ms
DEBUG 04-24 11:16:03.519600.519600 cuda_h.py:27] end fused_group_bmm cost 11.807 ms
DEBUG 04-24 11:16:03.519855.519855 cuda_h.py:27] end gather_outputs_group_fused_mp cost 0.625 ms
DEBUG 04-24 11:16:03.520492.520492 mlpmodule.py:3373] [fused_group_bmm][steps] bmm1=6.401 ms split=0.091 ms act_mul=0.240 ms bmm2=5.318 ms
DEBUG 04-24 11:16:03.520697.520697 cuda_h.py:27] end fused_group_bmm cost 12.270 ms
DEBUG 04-24 11:16:03.520868.520868 cuda_h.py:27] end cpu_experts_worker_bmm_or_einsum_3 cost 17.103 ms
DEBUG 04-24 11:16:03.520756.520756 mlpmodule.py:3373] [fused_group_bmm][steps] bmm1=7.088 ms split=0.172 ms act_mul=0.323 ms bmm2=3.857 ms
DEBUG 04-24 11:16:03.520094.520094 cuda_h.py:27] end fused_group_bmm cost 11.686 ms
DEBUG 04-24 11:16:03.520565.520565 cuda_h.py:27] end gather_outputs_group_fused_mp cost 0.378 ms
DEBUG 04-24 11:16:03.521521.521521 cuda_h.py:27] end gather_outputs_group_fused_mp cost 0.432 ms
DEBUG 04-24 11:16:03.521308.521308 cuda_h.py:27] end cpu_experts_worker_bmm_or_einsum_2 cost 17.150 ms
DEBUG 04-24 11:16:03.521684.521684 cuda_h.py:27] end cpu_experts_worker_bmm_or_einsum_1 cost 17.415 ms
DEBUG 04-24 11:16:03.529844.529844 cuda_h.py:27] end prepare_per_device_parameters cost 15.139 ms
DEBUG 04-24 11:16:03.531367.531367 cuda_h.py:27] end cpu_experts_scatter_reduce cost 0.748 ms
DEBUG 04-24 11:16:03.531582.531582 cuda_h.py:27] end cpu_thread_manager_mp_wait_fused cost 2.133 ms
DEBUG 04-24 11:16:03.533439.533439 cuda_h.py:27] end wait_experts_multi_device cost 2.030 ms
DEBUG 04-24 11:16:03.533289.533289 cuda_h.py:27] end *before fused experts* cost 29.834 ms
DEBUG 04-24 11:16:03.537079.537079 cuda_h.py:27] end gpu_experts_multi_device_fused cost 4.372 ms
DEBUG 04-24 11:16:03.538744.538744 cuda_h.py:27] end *gpu experts* cost 34.314 ms
DEBUG 04-24 11:16:03.538700.538700 cuda_h.py:27] end layer_moe_generate_mp_multi_device_fused_l_21 cost 37.274 ms
DEBUG 04-24 11:16:03.539680.539680 cuda_h.py:27] end *mlp cost 39.049 ms
DEBUG 04-24 11:16:03.540882.540882 cuda_h.py:27] end prefill_layer cost 43.236 ms
DEBUG 04-24 11:16:03.540923.540923 lmp.py:341] -------------------------------- end prefill layer 20 --------------------------------
DEBUG 04-24 11:16:03.540434.540434 lmp.py:294] -------------------------------- start prefill layer 21 --------------------------------
DEBUG 04-24 11:16:03.540523.540523 cuda_h.py:27] end start_load_qkvogn_s_weight_l_22 cost 0.062 ms
DEBUG 04-24 11:16:03.540133.540133 cuda_h.py:27] end allocate_cuda_memory cost 0.529 ms
DEBUG 04-24 11:16:03.541112.541112 sllm_store_c.py:27] get device uuid map
DEBUG 04-24 11:16:03.541246.541246 sllm_store_c.py:29] call client load into gpu
DEBUG 04-24 11:16:03.542981.542981 cuda_h.py:27] end **self_attn cost 1.247 ms
DEBUG 04-24 11:16:03.543055.543055 cuda_h.py:27] end load_into_gpu_async cost 2.254 ms
DEBUG 04-24 11:16:03.543485.543485 cuda_h.py:27] end *iln_self_attn_paln cost 3.465 ms
DEBUG 04-24 11:16:03.543570.543570 cuda_h.py:27] end restore_tensors2 cost 0.208 ms
DEBUG 04-24 11:16:03.544559.544559 cuda_h.py:27] end allocate_cuda_memory_and_load_into_gpu cost 3.873 ms
DEBUG 04-24 11:16:03.544240.544240 cuda_h.py:27] end gate cost 0.842 ms
DEBUG 04-24 11:16:03.545552.545552 cuda_h.py:27] end experts_map_get cost 0.327 ms
DEBUG 04-24 11:16:03.545965.545965 cuda_h.py:27] end *before experts start* cost 1.363 ms
DEBUG 04-24 11:16:03.545860.545860 cuda_h.py:27] end cpu_experts_submit_fused_mp cost 0.212 ms
DEBUG 04-24 11:16:03.547026.547026 cuda_h.py:27] end *single cpu experts* cost 1.977 ms
DEBUG 04-24 11:16:03.548441.548441 cuda_h.py:27] end prepare_group_stack cost 0.468 ms
DEBUG 04-24 11:16:03.549285.549285 cuda_h.py:27] end group stack cost 0.750 ms
DEBUG 04-24 11:16:03.549316.549316 cuda_h.py:27] end move_flatidxs_group_fused_mp cost 1.491 ms
DEBUG 04-24 11:16:03.549551.549551 cuda_h.py:27] end get_fused_experts_names_w cost 0.033 ms
DEBUG 04-24 11:16:03.549577.549577 cuda_h.py:27] end prepare_group_stack cost 0.481 ms
DEBUG 04-24 11:16:03.549195.549195 sllm_store_c.py:27] get device uuid map
DEBUG 04-24 11:16:03.549968.549968 cuda_h.py:27] end prepare_group_stack cost 0.595 ms
DEBUG 04-24 11:16:03.549770.549770 cuda_h.py:27] end prepare_group_stack cost 0.599 ms
DEBUG 04-24 11:16:03.549617.549617 sllm_store_c.py:29] call client load into gpu
DEBUG 04-24 11:16:03.550985.550985 cuda_h.py:27] end group stack cost 0.723 ms
DEBUG 04-24 11:16:03.550622.550622 cuda_h.py:27] end restore_fused_tensors cost 0.756 ms
DEBUG 04-24 11:16:03.550843.550843 cuda_h.py:27] end group_fused_tensors_mp cost 1.060 ms
DEBUG 04-24 11:16:03.550625.550625 cuda_h.py:27] end move_flatidxs_group_fused_mp cost 1.558 ms
DEBUG 04-24 11:16:03.550662.550662 cuda_h.py:27] end get_fused_experts_names_w cost 0.026 ms
DEBUG 04-24 11:16:03.551680.551680 cuda_h.py:27] end group stack cost 1.240 ms
DEBUG 04-24 11:16:03.551276.551276 cuda_h.py:27] end move_flatidxs_group_fused_mp cost 2.295 ms
DEBUG 04-24 11:16:03.551238.551238 cuda_h.py:27] end restore_fused_tensors cost 0.628 ms
DEBUG 04-24 11:16:03.551397.551397 cuda_h.py:27] end group_fused_tensors_mp cost 1.237 ms
DEBUG 04-24 11:16:03.551299.551299 cuda_h.py:27] end get_fused_experts_names_w cost 0.036 ms
DEBUG 04-24 11:16:03.551963.551963 cuda_h.py:27] end group stack cost 1.941 ms
DEBUG 04-24 11:16:03.552457.552457 cuda_h.py:27] end move_flatidxs_group_fused_mp cost 3.134 ms
DEBUG 04-24 11:16:03.552037.552037 cuda_h.py:27] end get_fused_experts_names_w cost 0.041 ms
DEBUG 04-24 11:16:03.553843.553843 cuda_h.py:27] end restore_fused_tensors cost 0.930 ms
DEBUG 04-24 11:16:03.553401.553401 cuda_h.py:27] end load_into_gpu_async_fused_experts_dual cost 3.382 ms
DEBUG 04-24 11:16:03.553125.553125 cuda_h.py:27] end group_fused_tensors_mp cost 1.359 ms
DEBUG 04-24 11:16:03.553049.553049 cuda_h.py:27] end restore_tensors2_fused_experts_packed cost 0.080 ms
DEBUG 04-24 11:16:03.553663.553663 cuda_h.py:27] end restore_fused_tensors cost 1.066 ms
DEBUG 04-24 11:16:03.553481.553481 cuda_h.py:27] end restore_tensors2_fused_experts_slices cost 0.336 ms
DEBUG 04-24 11:16:03.553661.553661 cuda_h.py:27] end group_fused_tensors_mp cost 1.455 ms
DEBUG 04-24 11:16:03.554223.554223 cuda_h.py:27] end allocate_experts_cuda_memory_and_restore_model_multi_device_fused cost 6.604 ms
DEBUG 04-24 11:16:03.554215.554215 cuda_h.py:27] end restore2model cost 2.459 ms
DEBUG 04-24 11:16:03.554762.554762 cuda_h.py:27] end gpu_sexperts cost 0.012 ms
DEBUG 04-24 11:16:03.554694.554694 cuda_h.py:27] end sllm_worker_task cost 14.419 ms
DEBUG 04-24 11:16:03.555713.555713 cuda_h.py:27] end wait_load_qkvogn_s_weight cost 0.518 ms
DEBUG 04-24 11:16:03.557655.557655 mlpmodule.py:3373] [fused_group_bmm][steps] bmm1=3.603 ms split=0.098 ms act_mul=0.401 ms bmm2=2.934 ms
DEBUG 04-24 11:16:03.557383.557383 cuda_h.py:27] end fused_group_bmm cost 7.263 ms
DEBUG 04-24 11:16:03.558446.558446 cuda_h.py:27] end gather_outputs_group_fused_mp cost 0.449 ms
DEBUG 04-24 11:16:03.559252.559252 cuda_h.py:27] end cpu_experts_worker_bmm_or_einsum_0 cost 12.414 ms
DEBUG 04-24 11:16:03.561336.561336 mlpmodule.py:3373] [fused_group_bmm][steps] bmm1=5.955 ms split=0.118 ms act_mul=0.380 ms bmm2=3.195 ms
DEBUG 04-24 11:16:03.561600.561600 cuda_h.py:27] end fused_group_bmm cost 9.871 ms
DEBUG 04-24 11:16:03.562410.562410 cuda_h.py:27] end gather_outputs_group_fused_mp cost 0.411 ms
DEBUG 04-24 11:16:03.562110.562110 cuda_h.py:27] end cpu_experts_worker_bmm_or_einsum_1 cost 14.970 ms
DEBUG 04-24 11:16:03.566288.566288 mlpmodule.py:3373] [fused_group_bmm][steps] bmm1=8.474 ms split=0.100 ms act_mul=0.352 ms bmm2=4.269 ms
DEBUG 04-24 11:16:03.566824.566824 cuda_h.py:27] end fused_group_bmm cost 13.407 ms
DEBUG 04-24 11:16:03.567744.567744 cuda_h.py:27] end gather_outputs_group_fused_mp cost 0.321 ms
DEBUG 04-24 11:16:03.567198.567198 cuda_h.py:27] end cpu_experts_worker_bmm_or_einsum_2 cost 19.700 ms
DEBUG 04-24 11:16:03.569320.569320 mlpmodule.py:3373] [fused_group_bmm][steps] bmm1=9.928 ms split=0.112 ms act_mul=0.305 ms bmm2=4.388 ms
DEBUG 04-24 11:16:03.569963.569963 cuda_h.py:27] end fused_group_bmm cost 14.992 ms
DEBUG 04-24 11:16:03.570187.570187 cuda_h.py:27] end gather_outputs_group_fused_mp cost 0.462 ms
DEBUG 04-24 11:16:03.570403.570403 cuda_h.py:27] end cpu_experts_worker_bmm_or_einsum_3 cost 22.684 ms
DEBUG 04-24 11:16:03.571053.571053 cuda_h.py:27] end prepare_per_device_parameters cost 15.353 ms
DEBUG 04-24 11:16:03.573052.573052 cuda_h.py:27] end cpu_experts_scatter_reduce cost 0.724 ms
DEBUG 04-24 11:16:03.573843.573843 cuda_h.py:27] end cpu_thread_manager_mp_wait_fused cost 2.083 ms
DEBUG 04-24 11:16:03.575164.575164 cuda_h.py:27] end wait_experts_multi_device cost 1.633 ms
DEBUG 04-24 11:16:03.575021.575021 cuda_h.py:27] end *before fused experts* cost 27.880 ms
DEBUG 04-24 11:16:03.580157.580157 cuda_h.py:27] end gpu_experts_multi_device_fused cost 4.620 ms
DEBUG 04-24 11:16:03.580307.580307 cuda_h.py:27] end *gpu experts* cost 32.654 ms
DEBUG 04-24 11:16:03.580714.580714 cuda_h.py:27] end layer_moe_generate_mp_multi_device_fused_l_22 cost 36.184 ms
DEBUG 04-24 11:16:03.581525.581525 cuda_h.py:27] end *mlp cost 37.490 ms
DEBUG 04-24 11:16:03.581549.581549 cuda_h.py:27] end prefill_layer cost 41.621 ms
DEBUG 04-24 11:16:03.581358.581358 lmp.py:341] -------------------------------- end prefill layer 21 --------------------------------
DEBUG 04-24 11:16:03.581876.581876 lmp.py:294] -------------------------------- start prefill layer 22 --------------------------------
DEBUG 04-24 11:16:03.581092.581092 cuda_h.py:27] end start_load_qkvogn_s_weight_l_23 cost 0.078 ms
DEBUG 04-24 11:16:03.582662.582662 cuda_h.py:27] end allocate_cuda_memory cost 0.384 ms
DEBUG 04-24 11:16:03.582367.582367 sllm_store_c.py:27] get device uuid map
DEBUG 04-24 11:16:03.582133.582133 sllm_store_c.py:29] call client load into gpu
DEBUG 04-24 11:16:03.584666.584666 cuda_h.py:27] end load_into_gpu_async cost 1.590 ms
DEBUG 04-24 11:16:03.584037.584037 cuda_h.py:27] end restore_tensors2 cost 0.126 ms
DEBUG 04-24 11:16:03.584451.584451 cuda_h.py:27] end allocate_cuda_memory_and_load_into_gpu cost 2.675 ms
DEBUG 04-24 11:16:03.585091.585091 cuda_h.py:27] end **self_attn cost 2.137 ms
DEBUG 04-24 11:16:03.585771.585771 cuda_h.py:27] end *iln_self_attn_paln cost 4.134 ms
DEBUG 04-24 11:16:03.586869.586869 cuda_h.py:27] end gate cost 0.672 ms
DEBUG 04-24 11:16:03.587741.587741 cuda_h.py:27] end experts_map_get cost 0.386 ms
DEBUG 04-24 11:16:03.587366.587366 cuda_h.py:27] end *before experts start* cost 1.261 ms
DEBUG 04-24 11:16:03.587848.587848 cuda_h.py:27] end cpu_experts_submit_fused_mp cost 0.283 ms
DEBUG 04-24 11:16:03.589608.589608 cuda_h.py:27] end *single cpu experts* cost 2.064 ms
DEBUG 04-24 11:16:03.590369.590369 cuda_h.py:27] end prepare_group_stack cost 0.479 ms
DEBUG 04-24 11:16:03.590839.590839 cuda_h.py:27] end prepare_group_stack cost 0.484 ms
DEBUG 04-24 11:16:03.591194.591194 cuda_h.py:27] end group stack cost 0.832 ms
DEBUG 04-24 11:16:03.591853.591853 cuda_h.py:27] end move_flatidxs_group_fused_mp cost 1.532 ms
DEBUG 04-24 11:16:03.591916.591916 cuda_h.py:27] end get_fused_experts_names_w cost 0.022 ms
DEBUG 04-24 11:16:03.591695.591695 cuda_h.py:27] end prepare_group_stack cost 0.495 ms
DEBUG 04-24 11:16:03.591407.591407 cuda_h.py:27] end group stack cost 1.072 ms
DEBUG 04-24 11:16:03.591337.591337 cuda_h.py:27] end move_flatidxs_group_fused_mp cost 1.907 ms
DEBUG 04-24 11:16:03.591940.591940 cuda_h.py:27] end get_fused_experts_names_w cost 0.024 ms
DEBUG 04-24 11:16:03.592278.592278 cuda_h.py:27] end restore_fused_tensors cost 0.471 ms
DEBUG 04-24 11:16:03.592319.592319 cuda_h.py:27] end group_fused_tensors_mp cost 0.815 ms
DEBUG 04-24 11:16:03.592779.592779 cuda_h.py:27] end restore_fused_tensors cost 0.469 ms
DEBUG 04-24 11:16:03.592960.592960 cuda_h.py:27] end group_fused_tensors_mp cost 0.604 ms
DEBUG 04-24 11:16:03.592968.592968 cuda_h.py:27] end group stack cost 0.876 ms
DEBUG 04-24 11:16:03.592744.592744 cuda_h.py:27] end prepare_group_stack cost 0.657 ms
DEBUG 04-24 11:16:03.592344.592344 cuda_h.py:27] end move_flatidxs_group_fused_mp cost 1.909 ms
DEBUG 04-24 11:16:03.592975.592975 sllm_store_c.py:27] get device uuid map
DEBUG 04-24 11:16:03.592741.592741 sllm_store_c.py:29] call client load into gpu
DEBUG 04-24 11:16:03.592781.592781 cuda_h.py:27] end get_fused_experts_names_w cost 0.027 ms
DEBUG 04-24 11:16:03.593069.593069 cuda_h.py:27] end restore_fused_tensors cost 0.703 ms
DEBUG 04-24 11:16:03.593582.593582 cuda_h.py:27] end group_fused_tensors_mp cost 1.011 ms
DEBUG 04-24 11:16:03.593243.593243 cuda_h.py:27] end group stack cost 1.075 ms
DEBUG 04-24 11:16:03.594871.594871 cuda_h.py:27] end move_flatidxs_group_fused_mp cost 2.117 ms
DEBUG 04-24 11:16:03.594196.594196 cuda_h.py:27] end get_fused_experts_names_w cost 0.038 ms
DEBUG 04-24 11:16:03.595251.595251 cuda_h.py:27] end restore_fused_tensors cost 0.846 ms
DEBUG 04-24 11:16:03.595044.595044 cuda_h.py:27] end group_fused_tensors_mp cost 1.231 ms
DEBUG 04-24 11:16:03.597436.597436 cuda_h.py:27] end restore2model cost 1.747 ms
DEBUG 04-24 11:16:03.598833.598833 cuda_h.py:27] end sllm_worker_task cost 16.266 ms
DEBUG 04-24 11:16:03.598822.598822 cuda_h.py:27] end load_into_gpu_async_fused_experts_dual cost 6.077 ms
DEBUG 04-24 11:16:03.599569.599569 cuda_h.py:27] end restore_tensors2_fused_experts_packed cost 0.188 ms
DEBUG 04-24 11:16:03.599723.599723 cuda_h.py:27] end restore_tensors2_fused_experts_slices cost 0.535 ms
DEBUG 04-24 11:16:03.600643.600643 cuda_h.py:27] end allocate_experts_cuda_memory_and_restore_model_multi_device_fused cost 10.648 ms
DEBUG 04-24 11:16:03.600538.600538 cuda_h.py:27] end gpu_sexperts cost 0.077 ms
DEBUG 04-24 11:16:03.601635.601635 cuda_h.py:27] end wait_load_qkvogn_s_weight cost 0.188 ms
DEBUG 04-24 11:16:03.602859.602859 mlpmodule.py:3373] [fused_group_bmm][steps] bmm1=5.209 ms split=0.082 ms act_mul=0.379 ms bmm2=2.762 ms
DEBUG 04-24 11:16:03.602967.602967 cuda_h.py:27] end fused_group_bmm cost 8.743 ms
DEBUG 04-24 11:16:03.603529.603529 cuda_h.py:27] end gather_outputs_group_fused_mp cost 0.531 ms
DEBUG 04-24 11:16:03.604437.604437 cuda_h.py:27] end cpu_experts_worker_bmm_or_einsum_0 cost 14.488 ms
DEBUG 04-24 11:16:03.604093.604093 mlpmodule.py:3373] [fused_group_bmm][steps] bmm1=6.243 ms split=0.104 ms act_mul=0.327 ms bmm2=4.849 ms
DEBUG 04-24 11:16:03.604850.604850 mlpmodule.py:3373] [fused_group_bmm][steps] bmm1=6.479 ms split=0.091 ms act_mul=0.384 ms bmm2=4.909 ms
DEBUG 04-24 11:16:03.604519.604519 cuda_h.py:27] end fused_group_bmm cost 12.279 ms
DEBUG 04-24 11:16:03.604737.604737 cuda_h.py:27] end fused_group_bmm cost 11.995 ms
DEBUG 04-24 11:16:03.605862.605862 cuda_h.py:27] end gather_outputs_group_fused_mp cost 0.316 ms
DEBUG 04-24 11:16:03.605834.605834 cuda_h.py:27] end gather_outputs_group_fused_mp cost 0.462 ms
DEBUG 04-24 11:16:03.605163.605163 cuda_h.py:27] end cpu_experts_worker_bmm_or_einsum_2 cost 16.356 ms
DEBUG 04-24 11:16:03.605632.605632 cuda_h.py:27] end cpu_experts_worker_bmm_or_einsum_3 cost 16.697 ms
DEBUG 04-24 11:16:03.607653.607653 mlpmodule.py:3373] [fused_group_bmm][steps] bmm1=8.312 ms split=0.127 ms act_mul=0.332 ms bmm2=3.179 ms
DEBUG 04-24 11:16:03.607077.607077 cuda_h.py:27] end fused_group_bmm cost 12.189 ms
DEBUG 04-24 11:16:03.608079.608079 cuda_h.py:27] end gather_outputs_group_fused_mp cost 0.404 ms
DEBUG 04-24 11:16:03.608539.608539 cuda_h.py:27] end cpu_experts_worker_bmm_or_einsum_1 cost 17.964 ms
DEBUG 04-24 11:16:03.614648.614648 cuda_h.py:27] end prepare_per_device_parameters cost 13.612 ms
DEBUG 04-24 11:16:03.617141.617141 cuda_h.py:27] end cpu_experts_scatter_reduce cost 0.708 ms
DEBUG 04-24 11:16:03.617541.617541 cuda_h.py:27] end cpu_thread_manager_mp_wait_fused cost 2.214 ms
DEBUG 04-24 11:16:03.618766.618766 cuda_h.py:27] end wait_experts_multi_device cost 1.318 ms
DEBUG 04-24 11:16:03.618470.618470 cuda_h.py:27] end *before fused experts* cost 29.205 ms
DEBUG 04-24 11:16:03.622898.622898 cuda_h.py:27] end gpu_experts_multi_device_fused cost 4.035 ms
DEBUG 04-24 11:16:03.622562.622562 cuda_h.py:27] end *gpu experts* cost 33.348 ms
DEBUG 04-24 11:16:03.622372.622372 cuda_h.py:27] end layer_moe_generate_mp_multi_device_fused_l_23 cost 36.873 ms
DEBUG 04-24 11:16:03.624622.624622 cuda_h.py:27] end *mlp cost 38.601 ms
DEBUG 04-24 11:16:03.624434.624434 cuda_h.py:27] end prefill_layer cost 42.966 ms
DEBUG 04-24 11:16:03.624713.624713 lmp.py:341] -------------------------------- end prefill layer 22 --------------------------------
DEBUG 04-24 11:16:03.624985.624985 lmp.py:294] -------------------------------- start prefill layer 23 --------------------------------
DEBUG 04-24 11:16:03.624274.624274 cuda_h.py:27] end start_load_qkvogn_s_weight_l_24 cost 0.058 ms
DEBUG 04-24 11:16:03.625990.625990 cuda_h.py:27] end allocate_cuda_memory cost 0.540 ms
DEBUG 04-24 11:16:03.625159.625159 sllm_store_c.py:27] get device uuid map
DEBUG 04-24 11:16:03.626513.626513 sllm_store_c.py:29] call client load into gpu
DEBUG 04-24 11:16:03.627903.627903 cuda_h.py:27] end load_into_gpu_async cost 1.844 ms
DEBUG 04-24 11:16:03.628857.628857 cuda_h.py:27] end restore_tensors2 cost 0.129 ms
DEBUG 04-24 11:16:03.628868.628868 cuda_h.py:27] end allocate_cuda_memory_and_load_into_gpu cost 3.195 ms
DEBUG 04-24 11:16:03.628673.628673 cuda_h.py:27] end **self_attn cost 1.728 ms
DEBUG 04-24 11:16:03.628428.628428 cuda_h.py:27] end *iln_self_attn_paln cost 3.878 ms
DEBUG 04-24 11:16:03.629272.629272 cuda_h.py:27] end gate cost 0.607 ms
DEBUG 04-24 11:16:03.629228.629228 cuda_h.py:27] end experts_map_get cost 0.362 ms
DEBUG 04-24 11:16:03.629455.629455 cuda_h.py:27] end *before experts start* cost 1.140 ms
DEBUG 04-24 11:16:03.630927.630927 cuda_h.py:27] end cpu_experts_submit_fused_mp cost 0.214 ms
DEBUG 04-24 11:16:03.631268.631268 cuda_h.py:27] end *single cpu experts* cost 1.899 ms
DEBUG 04-24 11:16:03.633547.633547 cuda_h.py:27] end prepare_group_stack cost 0.674 ms
DEBUG 04-24 11:16:03.633444.633444 cuda_h.py:27] end prepare_group_stack cost 0.543 ms
DEBUG 04-24 11:16:03.633353.633353 cuda_h.py:27] end prepare_group_stack cost 0.547 ms
DEBUG 04-24 11:16:03.634874.634874 cuda_h.py:27] end group stack cost 0.907 ms
DEBUG 04-24 11:16:03.634120.634120 sllm_store_c.py:27] get device uuid map
DEBUG 04-24 11:16:03.634366.634366 cuda_h.py:27] end prepare_group_stack cost 0.636 ms
DEBUG 04-24 11:16:03.634761.634761 sllm_store_c.py:29] call client load into gpu
DEBUG 04-24 11:16:03.634020.634020 cuda_h.py:27] end move_flatidxs_group_fused_mp cost 1.973 ms
DEBUG 04-24 11:16:03.634782.634782 cuda_h.py:27] end get_fused_experts_names_w cost 0.038 ms
DEBUG 04-24 11:16:03.635151.635151 cuda_h.py:27] end group stack cost 0.961 ms
DEBUG 04-24 11:16:03.635315.635315 cuda_h.py:27] end move_flatidxs_group_fused_mp cost 1.803 ms
DEBUG 04-24 11:16:03.635654.635654 cuda_h.py:27] end get_fused_experts_names_w cost 0.033 ms
DEBUG 04-24 11:16:03.635330.635330 cuda_h.py:27] end group stack cost 1.406 ms
DEBUG 04-24 11:16:03.635040.635040 cuda_h.py:27] end restore_fused_tensors cost 0.827 ms
DEBUG 04-24 11:16:03.635987.635987 cuda_h.py:27] end group_fused_tensors_mp cost 1.217 ms
DEBUG 04-24 11:16:03.635921.635921 cuda_h.py:27] end move_flatidxs_group_fused_mp cost 2.355 ms
DEBUG 04-24 11:16:03.635961.635961 cuda_h.py:27] end get_fused_experts_names_w cost 0.033 ms
DEBUG 04-24 11:16:03.636680.636680 cuda_h.py:27] end group stack cost 1.706 ms
DEBUG 04-24 11:16:03.636140.636140 cuda_h.py:27] end move_flatidxs_group_fused_mp cost 2.815 ms
DEBUG 04-24 11:16:03.636833.636833 cuda_h.py:27] end restore_fused_tensors cost 0.764 ms
DEBUG 04-24 11:16:03.636940.636940 cuda_h.py:27] end get_fused_experts_names_w cost 0.039 ms
DEBUG 04-24 11:16:03.636634.636634 cuda_h.py:27] end group_fused_tensors_mp cost 1.216 ms
DEBUG 04-24 11:16:03.636381.636381 cuda_h.py:27] end restore_fused_tensors cost 0.712 ms
DEBUG 04-24 11:16:03.636691.636691 cuda_h.py:27] end group_fused_tensors_mp cost 1.068 ms
DEBUG 04-24 11:16:03.637825.637825 cuda_h.py:27] end restore_fused_tensors cost 0.923 ms
DEBUG 04-24 11:16:03.637657.637657 cuda_h.py:27] end restore2model cost 1.216 ms
DEBUG 04-24 11:16:03.637286.637286 cuda_h.py:27] end group_fused_tensors_mp cost 1.284 ms
DEBUG 04-24 11:16:03.637175.637175 cuda_h.py:27] end sllm_worker_task cost 12.757 ms
DEBUG 04-24 11:16:03.638952.638952 cuda_h.py:27] end load_into_gpu_async_fused_experts_dual cost 4.191 ms
DEBUG 04-24 11:16:03.639773.639773 cuda_h.py:27] end restore_tensors2_fused_experts_packed cost 0.479 ms
DEBUG 04-24 11:16:03.641919.641919 cuda_h.py:27] end restore_tensors2_fused_experts_slices cost 1.231 ms
DEBUG 04-24 11:16:03.641111.641111 cuda_h.py:27] end allocate_experts_cuda_memory_and_restore_model_multi_device_fused cost 10.053 ms
DEBUG 04-24 11:16:03.642936.642936 cuda_h.py:27] end gpu_sexperts cost 0.021 ms
DEBUG 04-24 11:16:03.642900.642900 cuda_h.py:27] end wait_load_qkvogn_s_weight cost 0.066 ms
DEBUG 04-24 11:16:03.648288.648288 mlpmodule.py:3373] [fused_group_bmm][steps] bmm1=6.904 ms split=0.145 ms act_mul=1.303 ms bmm2=3.992 ms
DEBUG 04-24 11:16:03.648221.648221 cuda_h.py:27] end fused_group_bmm cost 12.796 ms
DEBUG 04-24 11:16:03.649242.649242 cuda_h.py:27] end gather_outputs_group_fused_mp cost 0.756 ms
DEBUG 04-24 11:16:03.650755.650755 mlpmodule.py:3373] [fused_group_bmm][steps] bmm1=6.578 ms split=0.133 ms act_mul=0.331 ms bmm2=5.836 ms
DEBUG 04-24 11:16:03.650686.650686 mlpmodule.py:3373] [fused_group_bmm][steps] bmm1=6.949 ms split=0.112 ms act_mul=0.364 ms bmm2=5.915 ms
DEBUG 04-24 11:16:03.650505.650505 cuda_h.py:27] end fused_group_bmm cost 13.153 ms
DEBUG 04-24 11:16:03.650070.650070 cuda_h.py:27] end fused_group_bmm cost 13.757 ms
DEBUG 04-24 11:16:03.650451.650451 mlpmodule.py:3373] [fused_group_bmm][steps] bmm1=7.811 ms split=0.167 ms act_mul=0.406 ms bmm2=4.202 ms
DEBUG 04-24 11:16:03.650508.650508 cuda_h.py:27] end cpu_experts_worker_bmm_or_einsum_0 cost 19.198 ms
DEBUG 04-24 11:16:03.650422.650422 cuda_h.py:27] end fused_group_bmm cost 12.946 ms
DEBUG 04-24 11:16:03.651725.651725 cuda_h.py:27] end gather_outputs_group_fused_mp cost 0.326 ms
DEBUG 04-24 11:16:03.651034.651034 cuda_h.py:27] end gather_outputs_group_fused_mp cost 0.488 ms
DEBUG 04-24 11:16:03.651805.651805 cuda_h.py:27] end gather_outputs_group_fused_mp cost 0.404 ms
DEBUG 04-24 11:16:03.651355.651355 cuda_h.py:27] end cpu_experts_worker_bmm_or_einsum_2 cost 19.362 ms
DEBUG 04-24 11:16:03.651775.651775 cuda_h.py:27] end cpu_experts_worker_bmm_or_einsum_3 cost 19.474 ms
DEBUG 04-24 11:16:03.651466.651466 cuda_h.py:27] end cpu_experts_worker_bmm_or_einsum_1 cost 19.657 ms
DEBUG 04-24 11:16:03.657318.657318 cuda_h.py:27] end prepare_per_device_parameters cost 14.911 ms
DEBUG 04-24 11:16:03.659223.659223 cuda_h.py:27] end cpu_experts_scatter_reduce cost 0.745 ms
DEBUG 04-24 11:16:03.659302.659302 cuda_h.py:27] end cpu_thread_manager_mp_wait_fused cost 2.126 ms
DEBUG 04-24 11:16:03.661861.661861 cuda_h.py:27] end wait_experts_multi_device cost 1.425 ms
DEBUG 04-24 11:16:03.661081.661081 cuda_h.py:27] end *before fused experts* cost 29.361 ms
DEBUG 04-24 11:16:03.666443.666443 cuda_h.py:27] end gpu_experts_multi_device_fused cost 4.828 ms
DEBUG 04-24 11:16:03.666107.666107 cuda_h.py:27] end *gpu experts* cost 34.296 ms
DEBUG 04-24 11:16:03.666878.666878 cuda_h.py:27] end layer_moe_generate_mp_multi_device_fused_l_24 cost 37.513 ms
DEBUG 04-24 11:16:03.667775.667775 cuda_h.py:27] end *mlp cost 38.982 ms
DEBUG 04-24 11:16:03.667971.667971 cuda_h.py:27] end prefill_layer cost 43.071 ms
DEBUG 04-24 11:16:03.667488.667488 lmp.py:341] -------------------------------- end prefill layer 23 --------------------------------
DEBUG 04-24 11:16:03.667999.667999 lmp.py:294] -------------------------------- start prefill layer 24 --------------------------------
DEBUG 04-24 11:16:03.668373.668373 cuda_h.py:27] end start_load_qkvogn_s_weight_l_25 cost 0.062 ms
DEBUG 04-24 11:16:03.668295.668295 cuda_h.py:27] end allocate_cuda_memory cost 0.574 ms
DEBUG 04-24 11:16:03.669766.669766 sllm_store_c.py:27] get device uuid map
DEBUG 04-24 11:16:03.669836.669836 sllm_store_c.py:29] call client load into gpu
DEBUG 04-24 11:16:03.670027.670027 cuda_h.py:27] end load_into_gpu_async cost 1.838 ms
DEBUG 04-24 11:16:03.671199.671199 cuda_h.py:27] end restore_tensors2 cost 0.114 ms
DEBUG 04-24 11:16:03.671817.671817 cuda_h.py:27] end **self_attn cost 1.620 ms
DEBUG 04-24 11:16:03.671422.671422 cuda_h.py:27] end allocate_cuda_memory_and_load_into_gpu cost 3.096 ms
DEBUG 04-24 11:16:03.671438.671438 cuda_h.py:27] end *iln_self_attn_paln cost 3.766 ms
DEBUG 04-24 11:16:03.672413.672413 cuda_h.py:27] end gate cost 0.543 ms
DEBUG 04-24 11:16:03.672956.672956 cuda_h.py:27] end experts_map_get cost 0.311 ms
DEBUG 04-24 11:16:03.672170.672170 cuda_h.py:27] end *before experts start* cost 1.009 ms
DEBUG 04-24 11:16:03.673926.673926 cuda_h.py:27] end cpu_experts_submit_fused_mp cost 0.216 ms
DEBUG 04-24 11:16:03.674809.674809 cuda_h.py:27] end *single cpu experts* cost 1.831 ms
DEBUG 04-24 11:16:03.675159.675159 cuda_h.py:27] end prepare_group_stack cost 0.442 ms
DEBUG 04-24 11:16:03.676635.676635 cuda_h.py:27] end group stack cost 0.853 ms
DEBUG 04-24 11:16:03.676134.676134 cuda_h.py:27] end move_flatidxs_group_fused_mp cost 1.494 ms
DEBUG 04-24 11:16:03.677440.677440 cuda_h.py:27] end get_fused_experts_names_w cost 0.022 ms
DEBUG 04-24 11:16:03.677297.677297 cuda_h.py:27] end prepare_group_stack cost 0.467 ms
DEBUG 04-24 11:16:03.677803.677803 cuda_h.py:27] end prepare_group_stack cost 0.521 ms
DEBUG 04-24 11:16:03.677141.677141 sllm_store_c.py:27] get device uuid map
DEBUG 04-24 11:16:03.677939.677939 cuda_h.py:27] end prepare_group_stack cost 0.641 ms
DEBUG 04-24 11:16:03.677991.677991 sllm_store_c.py:29] call client load into gpu
DEBUG 04-24 11:16:03.677242.677242 cuda_h.py:27] end restore_fused_tensors cost 0.439 ms
DEBUG 04-24 11:16:03.677235.677235 cuda_h.py:27] end group_fused_tensors_mp cost 0.822 ms
DEBUG 04-24 11:16:03.678194.678194 cuda_h.py:27] end group stack cost 0.936 ms
DEBUG 04-24 11:16:03.678507.678507 cuda_h.py:27] end group stack cost 0.805 ms
DEBUG 04-24 11:16:03.678159.678159 cuda_h.py:27] end move_flatidxs_group_fused_mp cost 1.718 ms
DEBUG 04-24 11:16:03.678564.678564 cuda_h.py:27] end move_flatidxs_group_fused_mp cost 1.701 ms
DEBUG 04-24 11:16:03.678663.678663 cuda_h.py:27] end get_fused_experts_names_w cost 0.026 ms
DEBUG 04-24 11:16:03.678677.678677 cuda_h.py:27] end get_fused_experts_names_w cost 0.026 ms
DEBUG 04-24 11:16:03.678978.678978 cuda_h.py:27] end group stack cost 1.383 ms
DEBUG 04-24 11:16:03.679329.679329 cuda_h.py:27] end move_flatidxs_group_fused_mp cost 2.436 ms
DEBUG 04-24 11:16:03.679707.679707 cuda_h.py:27] end restore2model cost 0.936 ms
DEBUG 04-24 11:16:03.679179.679179 cuda_h.py:27] end get_fused_experts_names_w cost 0.037 ms
DEBUG 04-24 11:16:03.679135.679135 cuda_h.py:27] end restore_fused_tensors cost 0.662 ms
DEBUG 04-24 11:16:03.679264.679264 cuda_h.py:27] end sllm_worker_task cost 11.457 ms
DEBUG 04-24 11:16:03.679156.679156 cuda_h.py:27] end group_fused_tensors_mp cost 1.083 ms
DEBUG 04-24 11:16:03.679530.679530 cuda_h.py:27] end restore_fused_tensors cost 0.993 ms
DEBUG 04-24 11:16:03.679323.679323 cuda_h.py:27] end group_fused_tensors_mp cost 1.324 ms
DEBUG 04-24 11:16:03.680332.680332 cuda_h.py:27] end load_into_gpu_async_fused_experts_dual cost 2.973 ms
DEBUG 04-24 11:16:03.680890.680890 cuda_h.py:27] end restore_tensors2_fused_experts_packed cost 0.099 ms
DEBUG 04-24 11:16:03.680100.680100 cuda_h.py:27] end restore_fused_tensors cost 1.007 ms
DEBUG 04-24 11:16:03.680231.680231 cuda_h.py:27] end group_fused_tensors_mp cost 1.381 ms
DEBUG 04-24 11:16:03.681393.681393 cuda_h.py:27] end restore_tensors2_fused_experts_slices cost 0.507 ms
DEBUG 04-24 11:16:03.681398.681398 cuda_h.py:27] end allocate_experts_cuda_memory_and_restore_model_multi_device_fused cost 6.367 ms
DEBUG 04-24 11:16:03.681340.681340 cuda_h.py:27] end gpu_sexperts cost 0.009 ms
DEBUG 04-24 11:16:03.681933.681933 cuda_h.py:27] end wait_load_qkvogn_s_weight cost 0.038 ms
DEBUG 04-24 11:16:03.689672.689672 mlpmodule.py:3373] [fused_group_bmm][steps] bmm1=5.344 ms split=0.151 ms act_mul=0.815 ms bmm2=3.003 ms
DEBUG 04-24 11:16:03.689587.689587 cuda_h.py:27] end fused_group_bmm cost 9.606 ms
DEBUG 04-24 11:16:03.690216.690216 cuda_h.py:27] end gather_outputs_group_fused_mp cost 0.503 ms
DEBUG 04-24 11:16:03.691382.691382 cuda_h.py:27] end cpu_experts_worker_bmm_or_einsum_0 cost 15.974 ms
DEBUG 04-24 11:16:03.692869.692869 mlpmodule.py:3373] [fused_group_bmm][steps] bmm1=7.328 ms split=0.195 ms act_mul=0.374 ms bmm2=6.127 ms
DEBUG 04-24 11:16:03.692203.692203 cuda_h.py:27] end fused_group_bmm cost 14.356 ms
DEBUG 04-24 11:16:03.693222.693222 cuda_h.py:27] end gather_outputs_group_fused_mp cost 0.531 ms
DEBUG 04-24 11:16:03.693040.693040 mlpmodule.py:3373] [fused_group_bmm][steps] bmm1=8.840 ms split=0.197 ms act_mul=0.386 ms bmm2=3.778 ms
DEBUG 04-24 11:16:03.693252.693252 cuda_h.py:27] end fused_group_bmm cost 13.423 ms
DEBUG 04-24 11:16:03.693665.693665 cuda_h.py:27] end cpu_experts_worker_bmm_or_einsum_3 cost 19.310 ms
DEBUG 04-24 11:16:03.693218.693218 cuda_h.py:27] end gather_outputs_group_fused_mp cost 0.356 ms
DEBUG 04-24 11:16:03.694807.694807 cuda_h.py:27] end cpu_experts_worker_bmm_or_einsum_1 cost 19.016 ms
DEBUG 04-24 11:16:03.698760.698760 mlpmodule.py:3373] [fused_group_bmm][steps] bmm1=12.440 ms split=0.090 ms act_mul=0.308 ms bmm2=4.302 ms
DEBUG 04-24 11:16:03.698858.698858 cuda_h.py:27] end fused_group_bmm cost 17.351 ms
DEBUG 04-24 11:16:03.698076.698076 cuda_h.py:27] end gather_outputs_group_fused_mp cost 0.330 ms
DEBUG 04-24 11:16:03.699405.699405 cuda_h.py:27] end cpu_experts_worker_bmm_or_einsum_2 cost 23.829 ms
DEBUG 04-24 11:16:03.699979.699979 cuda_h.py:27] end prepare_per_device_parameters cost 17.503 ms
DEBUG 04-24 11:16:03.701021.701021 cuda_h.py:27] end cpu_experts_scatter_reduce cost 0.751 ms
DEBUG 04-24 11:16:03.701620.701620 cuda_h.py:27] end cpu_thread_manager_mp_wait_fused cost 2.373 ms
DEBUG 04-24 11:16:03.703942.703942 cuda_h.py:27] end wait_experts_multi_device cost 1.460 ms
DEBUG 04-24 11:16:03.703037.703037 cuda_h.py:27] end *before fused experts* cost 28.445 ms
DEBUG 04-24 11:16:03.707969.707969 cuda_h.py:27] end gpu_experts_multi_device_fused cost 4.648 ms
DEBUG 04-24 11:16:03.708091.708091 cuda_h.py:27] end *gpu experts* cost 33.225 ms
DEBUG 04-24 11:16:03.708690.708690 cuda_h.py:27] end layer_moe_generate_mp_multi_device_fused_l_25 cost 36.327 ms
DEBUG 04-24 11:16:03.709221.709221 cuda_h.py:27] end *mlp cost 37.737 ms
DEBUG 04-24 11:16:03.709483.709483 cuda_h.py:27] end prefill_layer cost 41.752 ms
DEBUG 04-24 11:16:03.709054.709054 lmp.py:341] -------------------------------- end prefill layer 24 --------------------------------
DEBUG 04-24 11:16:03.709865.709865 lmp.py:294] -------------------------------- start prefill layer 25 --------------------------------
DEBUG 04-24 11:16:03.710072.710072 cuda_h.py:27] end start_load_qkvogn_s_weight_l_26 cost 0.067 ms
DEBUG 04-24 11:16:03.710217.710217 cuda_h.py:27] end allocate_cuda_memory cost 0.375 ms
DEBUG 04-24 11:16:03.711477.711477 sllm_store_c.py:27] get device uuid map
DEBUG 04-24 11:16:03.711337.711337 sllm_store_c.py:29] call client load into gpu
DEBUG 04-24 11:16:03.713411.713411 cuda_h.py:27] end **self_attn cost 1.683 ms
DEBUG 04-24 11:16:03.713254.713254 cuda_h.py:27] end load_into_gpu_async cost 2.415 ms
DEBUG 04-24 11:16:03.713700.713700 cuda_h.py:27] end restore_tensors2 cost 0.114 ms
DEBUG 04-24 11:16:03.713325.713325 cuda_h.py:27] end *iln_self_attn_paln cost 3.665 ms
DEBUG 04-24 11:16:03.713036.713036 cuda_h.py:27] end allocate_cuda_memory_and_load_into_gpu cost 3.550 ms
DEBUG 04-24 11:16:03.714549.714549 cuda_h.py:27] end gate cost 0.750 ms
DEBUG 04-24 11:16:03.715948.715948 cuda_h.py:27] end experts_map_get cost 0.325 ms
DEBUG 04-24 11:16:03.715448.715448 cuda_h.py:27] end *before experts start* cost 1.272 ms
DEBUG 04-24 11:16:03.716356.716356 cuda_h.py:27] end cpu_experts_submit_fused_mp cost 0.598 ms
DEBUG 04-24 11:16:03.717853.717853 cuda_h.py:27] end *single cpu experts* cost 2.190 ms
DEBUG 04-24 11:16:03.718250.718250 cuda_h.py:27] end prepare_group_stack cost 0.495 ms
DEBUG 04-24 11:16:03.719079.719079 cuda_h.py:27] end group stack cost 0.718 ms
DEBUG 04-24 11:16:03.719003.719003 cuda_h.py:27] end move_flatidxs_group_fused_mp cost 1.458 ms
DEBUG 04-24 11:16:03.719238.719238 cuda_h.py:27] end get_fused_experts_names_w cost 0.032 ms
DEBUG 04-24 11:16:03.719299.719299 cuda_h.py:27] end prepare_group_stack cost 0.471 ms
DEBUG 04-24 11:16:03.719986.719986 cuda_h.py:27] end prepare_group_stack cost 0.468 ms
DEBUG 04-24 11:16:03.719917.719917 sllm_store_c.py:27] get device uuid map
DEBUG 04-24 11:16:03.720932.720932 sllm_store_c.py:29] call client load into gpu
DEBUG 04-24 11:16:03.720830.720830 cuda_h.py:27] end prepare_group_stack cost 0.748 ms
DEBUG 04-24 11:16:03.720266.720266 cuda_h.py:27] end group stack cost 0.880 ms
DEBUG 04-24 11:16:03.720093.720093 cuda_h.py:27] end restore_fused_tensors cost 0.874 ms
DEBUG 04-24 11:16:03.720759.720759 cuda_h.py:27] end group_fused_tensors_mp cost 1.159 ms
DEBUG 04-24 11:16:03.720546.720546 cuda_h.py:27] end group stack cost 0.957 ms
DEBUG 04-24 11:16:03.720719.720719 cuda_h.py:27] end move_flatidxs_group_fused_mp cost 1.621 ms
DEBUG 04-24 11:16:03.721939.721939 cuda_h.py:27] end get_fused_experts_names_w cost 0.022 ms
DEBUG 04-24 11:16:03.721117.721117 cuda_h.py:27] end move_flatidxs_group_fused_mp cost 1.796 ms
DEBUG 04-24 11:16:03.721349.721349 cuda_h.py:27] end get_fused_experts_names_w cost 0.024 ms
DEBUG 04-24 11:16:03.721011.721011 cuda_h.py:27] end restore_fused_tensors cost 0.421 ms
DEBUG 04-24 11:16:03.721271.721271 cuda_h.py:27] end group_fused_tensors_mp cost 0.657 ms
DEBUG 04-24 11:16:03.721356.721356 cuda_h.py:27] end group stack cost 1.148 ms
DEBUG 04-24 11:16:03.721987.721987 cuda_h.py:27] end restore_fused_tensors cost 0.488 ms
DEBUG 04-24 11:16:03.721400.721400 cuda_h.py:27] end group_fused_tensors_mp cost 0.732 ms
DEBUG 04-24 11:16:03.721406.721406 cuda_h.py:27] end load_into_gpu_async_fused_experts_dual cost 2.155 ms
DEBUG 04-24 11:16:03.722507.722507 cuda_h.py:27] end move_flatidxs_group_fused_mp cost 2.614 ms
DEBUG 04-24 11:16:03.722799.722799 cuda_h.py:27] end get_fused_experts_names_w cost 0.041 ms
DEBUG 04-24 11:16:03.722940.722940 cuda_h.py:27] end restore2model cost 1.125 ms
DEBUG 04-24 11:16:03.722589.722589 cuda_h.py:27] end restore_tensors2_fused_experts_packed cost 0.109 ms
DEBUG 04-24 11:16:03.723611.723611 cuda_h.py:27] end restore_fused_tensors cost 0.974 ms
DEBUG 04-24 11:16:03.723550.723550 cuda_h.py:27] end group_fused_tensors_mp cost 1.302 ms
DEBUG 04-24 11:16:03.722477.722477 cuda_h.py:27] end sllm_worker_task cost 12.369 ms
DEBUG 04-24 11:16:03.723522.723522 cuda_h.py:27] end restore_tensors2_fused_experts_slices cost 0.882 ms
DEBUG 04-24 11:16:03.725450.725450 cuda_h.py:27] end allocate_experts_cuda_memory_and_restore_model_multi_device_fused cost 7.569 ms
DEBUG 04-24 11:16:03.725312.725312 cuda_h.py:27] end gpu_sexperts cost 0.046 ms
DEBUG 04-24 11:16:03.726610.726610 cuda_h.py:27] end wait_load_qkvogn_s_weight cost 0.160 ms
DEBUG 04-24 11:16:03.731077.731077 mlpmodule.py:3373] [fused_group_bmm][steps] bmm1=6.433 ms split=0.219 ms act_mul=0.646 ms bmm2=3.608 ms
DEBUG 04-24 11:16:03.732144.732144 cuda_h.py:27] end fused_group_bmm cost 11.157 ms
DEBUG 04-24 11:16:03.732536.732536 cuda_h.py:27] end gather_outputs_group_fused_mp cost 0.558 ms
DEBUG 04-24 11:16:03.733976.733976 cuda_h.py:27] end cpu_experts_worker_bmm_or_einsum_0 cost 16.844 ms
DEBUG 04-24 11:16:03.734470.734470 mlpmodule.py:3373] [fused_group_bmm][steps] bmm1=6.914 ms split=0.141 ms act_mul=0.364 ms bmm2=5.497 ms
DEBUG 04-24 11:16:03.735717.735717 cuda_h.py:27] end fused_group_bmm cost 13.205 ms
DEBUG 04-24 11:16:03.735252.735252 mlpmodule.py:3373] [fused_group_bmm][steps] bmm1=7.657 ms split=0.252 ms act_mul=0.400 ms bmm2=3.018 ms
DEBUG 04-24 11:16:03.735544.735544 cuda_h.py:27] end fused_group_bmm cost 11.585 ms
DEBUG 04-24 11:16:03.735232.735232 cuda_h.py:27] end gather_outputs_group_fused_mp cost 0.542 ms
DEBUG 04-24 11:16:03.735529.735529 cuda_h.py:27] end gather_outputs_group_fused_mp cost 0.415 ms
DEBUG 04-24 11:16:03.736343.736343 cuda_h.py:27] end cpu_experts_worker_bmm_or_einsum_3 cost 18.372 ms
DEBUG 04-24 11:16:03.736525.736525 cuda_h.py:27] end cpu_experts_worker_bmm_or_einsum_1 cost 18.326 ms
DEBUG 04-24 11:16:03.737567.737567 mlpmodule.py:3373] [fused_group_bmm][steps] bmm1=9.667 ms split=0.086 ms act_mul=0.321 ms bmm2=4.937 ms
DEBUG 04-24 11:16:03.737726.737726 cuda_h.py:27] end fused_group_bmm cost 15.228 ms
DEBUG 04-24 11:16:03.738181.738181 cuda_h.py:27] end gather_outputs_group_fused_mp cost 0.323 ms
DEBUG 04-24 11:16:03.738151.738151 cuda_h.py:27] end cpu_experts_worker_bmm_or_einsum_2 cost 20.520 ms
DEBUG 04-24 11:16:03.742242.742242 cuda_h.py:27] end prepare_per_device_parameters cost 15.470 ms
DEBUG 04-24 11:16:03.745637.745637 cuda_h.py:27] end cpu_experts_scatter_reduce cost 2.111 ms
DEBUG 04-24 11:16:03.745912.745912 cuda_h.py:27] end cpu_thread_manager_mp_wait_fused cost 3.423 ms
DEBUG 04-24 11:16:03.747026.747026 cuda_h.py:27] end wait_experts_multi_device cost 1.412 ms
DEBUG 04-24 11:16:03.747453.747453 cuda_h.py:27] end *before fused experts* cost 29.500 ms
DEBUG 04-24 11:16:03.752227.752227 cuda_h.py:27] end gpu_experts_multi_device_fused cost 5.093 ms
DEBUG 04-24 11:16:03.752396.752396 cuda_h.py:27] end *gpu experts* cost 34.724 ms
DEBUG 04-24 11:16:03.752518.752518 cuda_h.py:27] end layer_moe_generate_mp_multi_device_fused_l_26 cost 38.593 ms
DEBUG 04-24 11:16:03.753484.753484 cuda_h.py:27] end *mlp cost 39.940 ms
DEBUG 04-24 11:16:03.754991.754991 cuda_h.py:27] end prefill_layer cost 44.123 ms
DEBUG 04-24 11:16:03.754601.754601 lmp.py:341] -------------------------------- end prefill layer 25 --------------------------------
DEBUG 04-24 11:16:03.754988.754988 lmp.py:294] -------------------------------- start prefill layer 26 --------------------------------
DEBUG 04-24 11:16:03.754886.754886 cuda_h.py:27] end start_load_qkvogn_s_weight_l_27 cost 0.095 ms
DEBUG 04-24 11:16:03.755310.755310 cuda_h.py:27] end allocate_cuda_memory cost 0.398 ms
DEBUG 04-24 11:16:03.755108.755108 sllm_store_c.py:27] get device uuid map
DEBUG 04-24 11:16:03.755260.755260 sllm_store_c.py:29] call client load into gpu
DEBUG 04-24 11:16:03.757019.757019 cuda_h.py:27] end **self_attn cost 1.527 ms
DEBUG 04-24 11:16:03.757650.757650 cuda_h.py:27] end load_into_gpu_async cost 2.114 ms
DEBUG 04-24 11:16:03.757033.757033 cuda_h.py:27] end *iln_self_attn_paln cost 3.319 ms
DEBUG 04-24 11:16:03.758701.758701 cuda_h.py:27] end restore_tensors2 cost 0.119 ms
DEBUG 04-24 11:16:03.758605.758605 cuda_h.py:27] end allocate_cuda_memory_and_load_into_gpu cost 3.542 ms
DEBUG 04-24 11:16:03.758473.758473 cuda_h.py:27] end gate cost 0.772 ms
DEBUG 04-24 11:16:03.759971.759971 cuda_h.py:27] end experts_map_get cost 0.330 ms
DEBUG 04-24 11:16:03.759529.759529 cuda_h.py:27] end *before experts start* cost 1.285 ms
DEBUG 04-24 11:16:03.759300.759300 cuda_h.py:27] end cpu_experts_submit_fused_mp cost 0.260 ms
DEBUG 04-24 11:16:03.761155.761155 cuda_h.py:27] end *single cpu experts* cost 1.654 ms
DEBUG 04-24 11:16:03.762960.762960 cuda_h.py:27] end prepare_group_stack cost 0.461 ms
DEBUG 04-24 11:16:03.762458.762458 cuda_h.py:27] end prepare_group_stack cost 0.486 ms
DEBUG 04-24 11:16:03.762824.762824 cuda_h.py:27] end prepare_group_stack cost 0.490 ms
DEBUG 04-24 11:16:03.763301.763301 cuda_h.py:27] end group stack cost 0.963 ms
DEBUG 04-24 11:16:03.764933.764933 cuda_h.py:27] end group stack cost 0.920 ms
DEBUG 04-24 11:16:03.764994.764994 sllm_store_c.py:27] get device uuid map
DEBUG 04-24 11:16:03.764478.764478 cuda_h.py:27] end move_flatidxs_group_fused_mp cost 1.714 ms
DEBUG 04-24 11:16:03.764792.764792 sllm_store_c.py:29] call client load into gpu
DEBUG 04-24 11:16:03.764097.764097 cuda_h.py:27] end get_fused_experts_names_w cost 0.026 ms
DEBUG 04-24 11:16:03.764468.764468 cuda_h.py:27] end move_flatidxs_group_fused_mp cost 1.720 ms
DEBUG 04-24 11:16:03.764299.764299 cuda_h.py:27] end prepare_group_stack cost 0.659 ms
DEBUG 04-24 11:16:03.764385.764385 cuda_h.py:27] end group stack cost 1.252 ms
DEBUG 04-24 11:16:03.764135.764135 cuda_h.py:27] end get_fused_experts_names_w cost 0.035 ms
DEBUG 04-24 11:16:03.764494.764494 cuda_h.py:27] end move_flatidxs_group_fused_mp cost 2.189 ms
DEBUG 04-24 11:16:03.764757.764757 cuda_h.py:27] end get_fused_experts_names_w cost 0.030 ms
DEBUG 04-24 11:16:03.765337.765337 cuda_h.py:27] end restore_fused_tensors cost 0.563 ms
DEBUG 04-24 11:16:03.765178.765178 cuda_h.py:27] end group_fused_tensors_mp cost 1.072 ms
DEBUG 04-24 11:16:03.765920.765920 cuda_h.py:27] end restore_fused_tensors cost 0.927 ms
DEBUG 04-24 11:16:03.765340.765340 cuda_h.py:27] end restore_fused_tensors cost 0.695 ms
DEBUG 04-24 11:16:03.765446.765446 cuda_h.py:27] end group_fused_tensors_mp cost 1.429 ms
DEBUG 04-24 11:16:03.765028.765028 cuda_h.py:27] end group stack cost 1.337 ms
DEBUG 04-24 11:16:03.765926.765926 cuda_h.py:27] end group_fused_tensors_mp cost 1.106 ms
DEBUG 04-24 11:16:03.765176.765176 cuda_h.py:27] end restore2model cost 0.934 ms
DEBUG 04-24 11:16:03.766863.766863 cuda_h.py:27] end move_flatidxs_group_fused_mp cost 2.690 ms
DEBUG 04-24 11:16:03.766115.766115 cuda_h.py:27] end get_fused_experts_names_w cost 0.037 ms
DEBUG 04-24 11:16:03.766069.766069 cuda_h.py:27] end load_into_gpu_async_fused_experts_dual cost 2.228 ms
DEBUG 04-24 11:16:03.766669.766669 cuda_h.py:27] end sllm_worker_task cost 11.548 ms
DEBUG 04-24 11:16:03.767293.767293 cuda_h.py:27] end restore_fused_tensors cost 0.897 ms
DEBUG 04-24 11:16:03.767065.767065 cuda_h.py:27] end group_fused_tensors_mp cost 1.305 ms
DEBUG 04-24 11:16:03.767495.767495 cuda_h.py:27] end restore_tensors2_fused_experts_packed cost 0.209 ms
DEBUG 04-24 11:16:03.769484.769484 cuda_h.py:27] end restore_tensors2_fused_experts_slices cost 1.311 ms
DEBUG 04-24 11:16:03.770363.770363 cuda_h.py:27] end allocate_experts_cuda_memory_and_restore_model_multi_device_fused cost 8.865 ms
DEBUG 04-24 11:16:03.770920.770920 cuda_h.py:27] end gpu_sexperts cost 0.033 ms
DEBUG 04-24 11:16:03.770772.770772 cuda_h.py:27] end wait_load_qkvogn_s_weight cost 0.099 ms
DEBUG 04-24 11:16:03.776672.776672 mlpmodule.py:3373] [fused_group_bmm][steps] bmm1=5.317 ms split=0.184 ms act_mul=0.837 ms bmm2=3.538 ms
DEBUG 04-24 11:16:03.776395.776395 cuda_h.py:27] end fused_group_bmm cost 10.131 ms
DEBUG 04-24 11:16:03.776553.776553 cuda_h.py:27] end gather_outputs_group_fused_mp cost 0.504 ms
DEBUG 04-24 11:16:03.777131.777131 cuda_h.py:27] end cpu_experts_worker_bmm_or_einsum_0 cost 16.103 ms
DEBUG 04-24 11:16:03.779142.779142 mlpmodule.py:3373] [fused_group_bmm][steps] bmm1=7.832 ms split=0.130 ms act_mul=0.373 ms bmm2=5.646 ms
DEBUG 04-24 11:16:03.779171.779171 cuda_h.py:27] end fused_group_bmm cost 14.296 ms
DEBUG 04-24 11:16:03.780526.780526 cuda_h.py:27] end gather_outputs_group_fused_mp cost 0.461 ms
DEBUG 04-24 11:16:03.780921.780921 mlpmodule.py:3373] [fused_group_bmm][steps] bmm1=8.125 ms split=0.128 ms act_mul=0.362 ms bmm2=3.595 ms
DEBUG 04-24 11:16:03.780232.780232 cuda_h.py:27] end fused_group_bmm cost 12.433 ms
DEBUG 04-24 11:16:03.780636.780636 cuda_h.py:27] end cpu_experts_worker_bmm_or_einsum_2 cost 19.393 ms
DEBUG 04-24 11:16:03.781870.781870 cuda_h.py:27] end gather_outputs_group_fused_mp cost 0.408 ms
DEBUG 04-24 11:16:03.781125.781125 mlpmodule.py:3373] [fused_group_bmm][steps] bmm1=9.645 ms split=0.161 ms act_mul=0.304 ms bmm2=4.982 ms
DEBUG 04-24 11:16:03.781102.781102 cuda_h.py:27] end fused_group_bmm cost 15.425 ms
DEBUG 04-24 11:16:03.781853.781853 cuda_h.py:27] end cpu_experts_worker_bmm_or_einsum_1 cost 19.477 ms
DEBUG 04-24 11:16:03.782632.782632 cuda_h.py:27] end gather_outputs_group_fused_mp cost 0.428 ms
DEBUG 04-24 11:16:03.782172.782172 cuda_h.py:27] end cpu_experts_worker_bmm_or_einsum_3 cost 21.597 ms
DEBUG 04-24 11:16:03.786511.786511 cuda_h.py:27] end prepare_per_device_parameters cost 16.010 ms
DEBUG 04-24 11:16:03.788872.788872 cuda_h.py:27] end cpu_experts_scatter_reduce cost 0.757 ms
DEBUG 04-24 11:16:03.789710.789710 cuda_h.py:27] end cpu_thread_manager_mp_wait_fused cost 2.036 ms
DEBUG 04-24 11:16:03.790236.790236 cuda_h.py:27] end wait_experts_multi_device cost 1.432 ms
DEBUG 04-24 11:16:03.790662.790662 cuda_h.py:27] end *before fused experts* cost 29.304 ms
DEBUG 04-24 11:16:03.795264.795264 cuda_h.py:27] end gpu_experts_multi_device_fused cost 5.285 ms
DEBUG 04-24 11:16:03.795128.795128 cuda_h.py:27] end *gpu experts* cost 34.703 ms
DEBUG 04-24 11:16:03.796514.796514 cuda_h.py:27] end layer_moe_generate_mp_multi_device_fused_l_27 cost 37.826 ms
DEBUG 04-24 11:16:03.797945.797945 cuda_h.py:27] end *mlp cost 39.232 ms
DEBUG 04-24 11:16:03.797048.797048 cuda_h.py:27] end prefill_layer cost 43.133 ms
DEBUG 04-24 11:16:03.797374.797374 lmp.py:341] -------------------------------- end prefill layer 26 --------------------------------
DEBUG 04-24 11:16:03.797977.797977 lmp.py:294] -------------------------------- start prefill layer 27 --------------------------------
DEBUG 04-24 11:16:03.797060.797060 cuda_h.py:27] end start_load_qkvogn_s_weight_l_28 cost 0.060 ms
DEBUG 04-24 11:16:03.798093.798093 cuda_h.py:27] end allocate_cuda_memory cost 0.532 ms
DEBUG 04-24 11:16:03.798960.798960 sllm_store_c.py:27] get device uuid map
DEBUG 04-24 11:16:03.799952.799952 sllm_store_c.py:29] call client load into gpu
DEBUG 04-24 11:16:03.800050.800050 cuda_h.py:27] end **self_attn cost 1.893 ms
DEBUG 04-24 11:16:03.801336.801336 cuda_h.py:27] end *iln_self_attn_paln cost 3.574 ms
DEBUG 04-24 11:16:03.801729.801729 cuda_h.py:27] end load_into_gpu_async cost 2.792 ms
DEBUG 04-24 11:16:03.802161.802161 cuda_h.py:27] end restore_tensors2 cost 0.210 ms
DEBUG 04-24 11:16:03.802569.802569 cuda_h.py:27] end allocate_cuda_memory_and_load_into_gpu cost 4.375 ms
DEBUG 04-24 11:16:03.803323.803323 cuda_h.py:27] end gate cost 1.889 ms
DEBUG 04-24 11:16:03.803106.803106 cuda_h.py:27] end experts_map_get cost 0.330 ms
DEBUG 04-24 11:16:03.803372.803372 cuda_h.py:27] end *before experts start* cost 2.397 ms
DEBUG 04-24 11:16:03.804069.804069 cuda_h.py:27] end cpu_experts_submit_fused_mp cost 0.206 ms
DEBUG 04-24 11:16:03.806083.806083 cuda_h.py:27] end *single cpu experts* cost 2.214 ms
DEBUG 04-24 11:16:03.807800.807800 cuda_h.py:27] end prepare_group_stack cost 0.497 ms
DEBUG 04-24 11:16:03.807277.807277 sllm_store_c.py:27] get device uuid map
DEBUG 04-24 11:16:03.808572.808572 sllm_store_c.py:29] call client load into gpu
DEBUG 04-24 11:16:03.807352.807352 cuda_h.py:27] end prepare_group_stack cost 0.495 ms
DEBUG 04-24 11:16:03.808263.808263 cuda_h.py:27] end prepare_group_stack cost 0.723 ms
DEBUG 04-24 11:16:03.808208.808208 cuda_h.py:27] end prepare_group_stack cost 0.555 ms
DEBUG 04-24 11:16:03.808441.808441 cuda_h.py:27] end group stack cost 0.845 ms
DEBUG 04-24 11:16:03.808975.808975 cuda_h.py:27] end move_flatidxs_group_fused_mp cost 1.598 ms
DEBUG 04-24 11:16:03.809826.809826 cuda_h.py:27] end get_fused_experts_names_w cost 0.027 ms
DEBUG 04-24 11:16:03.809307.809307 cuda_h.py:27] end group stack cost 0.924 ms
DEBUG 04-24 11:16:03.809672.809672 cuda_h.py:27] end group stack cost 1.184 ms
DEBUG 04-24 11:16:03.809568.809568 cuda_h.py:27] end move_flatidxs_group_fused_mp cost 2.034 ms
DEBUG 04-24 11:16:03.809113.809113 cuda_h.py:27] end move_flatidxs_group_fused_mp cost 2.109 ms
DEBUG 04-24 11:16:03.809193.809193 cuda_h.py:27] end get_fused_experts_names_w cost 0.023 ms
DEBUG 04-24 11:16:03.809712.809712 cuda_h.py:27] end get_fused_experts_names_w cost 0.025 ms
DEBUG 04-24 11:16:03.809586.809586 cuda_h.py:27] end group stack cost 1.536 ms
DEBUG 04-24 11:16:03.809476.809476 cuda_h.py:27] end restore_fused_tensors cost 0.566 ms
DEBUG 04-24 11:16:03.810280.810280 cuda_h.py:27] end group_fused_tensors_mp cost 0.926 ms
DEBUG 04-24 11:16:03.810540.810540 cuda_h.py:27] end restore_fused_tensors cost 0.425 ms
DEBUG 04-24 11:16:03.810039.810039 cuda_h.py:27] end group_fused_tensors_mp cost 0.544 ms
DEBUG 04-24 11:16:03.810680.810680 cuda_h.py:27] end move_flatidxs_group_fused_mp cost 2.752 ms
DEBUG 04-24 11:16:03.810543.810543 cuda_h.py:27] end load_into_gpu_async_fused_experts_dual cost 2.431 ms
DEBUG 04-24 11:16:03.810306.810306 cuda_h.py:27] end restore_fused_tensors cost 0.613 ms
DEBUG 04-24 11:16:03.810617.810617 cuda_h.py:27] end get_fused_experts_names_w cost 0.059 ms
DEBUG 04-24 11:16:03.810547.810547 cuda_h.py:27] end group_fused_tensors_mp cost 1.031 ms
DEBUG 04-24 11:16:03.810540.810540 cuda_h.py:27] end restore_tensors2_fused_experts_packed cost 0.079 ms
DEBUG 04-24 11:16:03.812293.812293 cuda_h.py:27] end restore_tensors2_fused_experts_slices cost 0.921 ms
DEBUG 04-24 11:16:03.812505.812505 cuda_h.py:27] end restore_fused_tensors cost 1.606 ms
DEBUG 04-24 11:16:03.813845.813845 cuda_h.py:27] end group_fused_tensors_mp cost 2.513 ms
DEBUG 04-24 11:16:03.812956.812956 cuda_h.py:27] end allocate_experts_cuda_memory_and_restore_model_multi_device_fused cost 6.773 ms
DEBUG 04-24 11:16:03.813912.813912 cuda_h.py:27] end gpu_sexperts cost 0.038 ms
DEBUG 04-24 11:16:03.813349.813349 cuda_h.py:27] end restore2model cost 4.758 ms
DEBUG 04-24 11:16:03.814972.814972 cuda_h.py:27] end sllm_worker_task cost 16.609 ms
DEBUG 04-24 11:16:03.814944.814944 cuda_h.py:27] end wait_load_qkvogn_s_weight cost 0.601 ms
DEBUG 04-24 11:16:03.821723.821723 mlpmodule.py:3373] [fused_group_bmm][steps] bmm1=6.166 ms split=0.147 ms act_mul=0.386 ms bmm2=4.366 ms
DEBUG 04-24 11:16:03.821612.821612 cuda_h.py:27] end fused_group_bmm cost 11.346 ms
DEBUG 04-24 11:16:03.821721.821721 cuda_h.py:27] end gather_outputs_group_fused_mp cost 0.460 ms
DEBUG 04-24 11:16:03.822562.822562 cuda_h.py:27] end cpu_experts_worker_bmm_or_einsum_1 cost 16.615 ms
DEBUG 04-24 11:16:03.823558.823558 mlpmodule.py:3373] [fused_group_bmm][steps] bmm1=7.350 ms split=0.429 ms act_mul=0.630 ms bmm2=4.942 ms
DEBUG 04-24 11:16:03.824758.824758 cuda_h.py:27] end fused_group_bmm cost 13.849 ms
DEBUG 04-24 11:16:03.824663.824663 cuda_h.py:27] end gather_outputs_group_fused_mp cost 0.861 ms
DEBUG 04-24 11:16:03.825745.825745 cuda_h.py:27] end cpu_experts_worker_bmm_or_einsum_3 cost 18.634 ms
DEBUG 04-24 11:16:03.825683.825683 mlpmodule.py:3373] [fused_group_bmm][steps] bmm1=10.050 ms split=0.097 ms act_mul=0.327 ms bmm2=4.474 ms
DEBUG 04-24 11:16:03.825716.825716 mlpmodule.py:3373] [fused_group_bmm][steps] bmm1=8.104 ms split=0.113 ms act_mul=0.421 ms bmm2=3.950 ms
DEBUG 04-24 11:16:03.826842.826842 cuda_h.py:27] end fused_group_bmm cost 15.163 ms
DEBUG 04-24 11:16:03.826214.826214 cuda_h.py:27] end fused_group_bmm cost 12.841 ms
DEBUG 04-24 11:16:03.826344.826344 cuda_h.py:27] end gather_outputs_group_fused_mp cost 0.327 ms
DEBUG 04-24 11:16:03.827492.827492 cuda_h.py:27] end gather_outputs_group_fused_mp cost 0.550 ms
DEBUG 04-24 11:16:03.827237.827237 cuda_h.py:27] end cpu_experts_worker_bmm_or_einsum_2 cost 20.087 ms
DEBUG 04-24 11:16:03.827535.827535 cuda_h.py:27] end cpu_experts_worker_bmm_or_einsum_0 cost 21.616 ms
DEBUG 04-24 11:16:03.830794.830794 cuda_h.py:27] end prepare_per_device_parameters cost 15.122 ms
DEBUG 04-24 11:16:03.832851.832851 cuda_h.py:27] end cpu_experts_scatter_reduce cost 0.742 ms
DEBUG 04-24 11:16:03.832417.832417 cuda_h.py:27] end cpu_thread_manager_mp_wait_fused cost 2.024 ms
DEBUG 04-24 11:16:03.834548.834548 cuda_h.py:27] end wait_experts_multi_device cost 1.493 ms
DEBUG 04-24 11:16:03.834259.834259 cuda_h.py:27] end *before fused experts* cost 28.122 ms
DEBUG 04-24 11:16:03.839056.839056 cuda_h.py:27] end gpu_experts_multi_device_fused cost 4.795 ms
DEBUG 04-24 11:16:03.839676.839676 cuda_h.py:27] end *gpu experts* cost 33.062 ms
DEBUG 04-24 11:16:03.839705.839705 cuda_h.py:27] end layer_moe_generate_mp_multi_device_fused_l_28 cost 37.859 ms
DEBUG 04-24 11:16:03.840645.840645 cuda_h.py:27] end *mlp cost 39.400 ms
DEBUG 04-24 11:16:03.841005.841005 cuda_h.py:27] end prefill_layer cost 43.557 ms
DEBUG 04-24 11:16:03.841007.841007 lmp.py:341] -------------------------------- end prefill layer 27 --------------------------------
DEBUG 04-24 11:16:03.841042.841042 lmp.py:294] -------------------------------- start prefill layer 28 --------------------------------
DEBUG 04-24 11:16:03.841053.841053 cuda_h.py:27] end start_load_qkvogn_s_weight_l_29 cost 0.068 ms
DEBUG 04-24 11:16:03.842249.842249 cuda_h.py:27] end allocate_cuda_memory cost 0.387 ms
DEBUG 04-24 11:16:03.842038.842038 sllm_store_c.py:27] get device uuid map
DEBUG 04-24 11:16:03.842226.842226 sllm_store_c.py:29] call client load into gpu
DEBUG 04-24 11:16:03.844600.844600 cuda_h.py:27] end load_into_gpu_async cost 1.746 ms
DEBUG 04-24 11:16:03.844275.844275 cuda_h.py:27] end restore_tensors2 cost 0.110 ms
DEBUG 04-24 11:16:03.844688.844688 cuda_h.py:27] end allocate_cuda_memory_and_load_into_gpu cost 2.681 ms
DEBUG 04-24 11:16:03.844260.844260 cuda_h.py:27] end **self_attn cost 2.087 ms
DEBUG 04-24 11:16:03.845746.845746 cuda_h.py:27] end *iln_self_attn_paln cost 3.788 ms
DEBUG 04-24 11:16:03.846446.846446 cuda_h.py:27] end gate cost 0.640 ms
DEBUG 04-24 11:16:03.846054.846054 cuda_h.py:27] end experts_map_get cost 0.439 ms
DEBUG 04-24 11:16:03.846897.846897 cuda_h.py:27] end *before experts start* cost 1.265 ms
DEBUG 04-24 11:16:03.846834.846834 cuda_h.py:27] end cpu_experts_submit_fused_mp cost 0.269 ms
DEBUG 04-24 11:16:03.848273.848273 cuda_h.py:27] end *single cpu experts* cost 1.501 ms
DEBUG 04-24 11:16:03.849462.849462 cuda_h.py:27] end prepare_group_stack cost 0.488 ms
DEBUG 04-24 11:16:03.849545.849545 cuda_h.py:27] end prepare_group_stack cost 0.488 ms
DEBUG 04-24 11:16:03.849341.849341 cuda_h.py:27] end prepare_group_stack cost 0.527 ms
DEBUG 04-24 11:16:03.850481.850481 cuda_h.py:27] end group stack cost 0.967 ms
DEBUG 04-24 11:16:03.850917.850917 cuda_h.py:27] end move_flatidxs_group_fused_mp cost 1.724 ms
DEBUG 04-24 11:16:03.850111.850111 cuda_h.py:27] end group stack cost 1.286 ms
DEBUG 04-24 11:16:03.850973.850973 cuda_h.py:27] end move_flatidxs_group_fused_mp cost 2.114 ms
DEBUG 04-24 11:16:03.850926.850926 cuda_h.py:27] end get_fused_experts_names_w cost 0.034 ms
DEBUG 04-24 11:16:03.850595.850595 cuda_h.py:27] end prepare_group_stack cost 0.533 ms
DEBUG 04-24 11:16:03.850081.850081 cuda_h.py:27] end get_fused_experts_names_w cost 0.026 ms
DEBUG 04-24 11:16:03.850538.850538 cuda_h.py:27] end group stack cost 1.016 ms
DEBUG 04-24 11:16:03.851618.851618 cuda_h.py:27] end move_flatidxs_group_fused_mp cost 1.911 ms
DEBUG 04-24 11:16:03.851767.851767 sllm_store_c.py:27] get device uuid map
DEBUG 04-24 11:16:03.851791.851791 cuda_h.py:27] end get_fused_experts_names_w cost 0.026 ms
DEBUG 04-24 11:16:03.851705.851705 sllm_store_c.py:29] call client load into gpu
DEBUG 04-24 11:16:03.851097.851097 cuda_h.py:27] end restore_fused_tensors cost 0.683 ms
DEBUG 04-24 11:16:03.851099.851099 cuda_h.py:27] end group_fused_tensors_mp cost 0.955 ms
DEBUG 04-24 11:16:03.851255.851255 cuda_h.py:27] end group stack cost 0.873 ms
DEBUG 04-24 11:16:03.852308.852308 cuda_h.py:27] end restore_fused_tensors cost 0.746 ms
DEBUG 04-24 11:16:03.852089.852089 cuda_h.py:27] end move_flatidxs_group_fused_mp cost 1.871 ms
DEBUG 04-24 11:16:03.852129.852129 cuda_h.py:27] end restore_fused_tensors cost 1.081 ms
DEBUG 04-24 11:16:03.852601.852601 cuda_h.py:27] end group_fused_tensors_mp cost 0.909 ms
DEBUG 04-24 11:16:03.852137.852137 cuda_h.py:27] end get_fused_experts_names_w cost 0.027 ms
DEBUG 04-24 11:16:03.852998.852998 cuda_h.py:27] end group_fused_tensors_mp cost 1.600 ms
DEBUG 04-24 11:16:03.853749.853749 cuda_h.py:27] end restore_fused_tensors cost 0.605 ms
DEBUG 04-24 11:16:03.853904.853904 cuda_h.py:27] end group_fused_tensors_mp cost 0.772 ms
DEBUG 04-24 11:16:03.857347.857347 cuda_h.py:27] end restore2model cost 1.429 ms
DEBUG 04-24 11:16:03.858532.858532 cuda_h.py:27] end sllm_worker_task cost 16.435 ms
DEBUG 04-24 11:16:03.858705.858705 cuda_h.py:27] end load_into_gpu_async_fused_experts_dual cost 7.437 ms
DEBUG 04-24 11:16:03.859356.859356 cuda_h.py:27] end restore_tensors2_fused_experts_packed cost 0.187 ms
DEBUG 04-24 11:16:03.859522.859522 cuda_h.py:27] end restore_tensors2_fused_experts_slices cost 0.560 ms
DEBUG 04-24 11:16:03.859092.859092 cuda_h.py:27] end allocate_experts_cuda_memory_and_restore_model_multi_device_fused cost 11.734 ms
DEBUG 04-24 11:16:03.860410.860410 cuda_h.py:27] end gpu_sexperts cost 0.017 ms
DEBUG 04-24 11:16:03.860314.860314 cuda_h.py:27] end wait_load_qkvogn_s_weight cost 0.054 ms
DEBUG 04-24 11:16:03.861198.861198 mlpmodule.py:3373] [fused_group_bmm][steps] bmm1=5.758 ms split=0.126 ms act_mul=0.859 ms bmm2=2.187 ms
DEBUG 04-24 11:16:03.861488.861488 cuda_h.py:27] end fused_group_bmm cost 9.143 ms
DEBUG 04-24 11:16:03.862809.862809 cuda_h.py:27] end gather_outputs_group_fused_mp cost 0.432 ms
DEBUG 04-24 11:16:03.863575.863575 cuda_h.py:27] end cpu_experts_worker_bmm_or_einsum_0 cost 15.217 ms
DEBUG 04-24 11:16:03.865196.865196 mlpmodule.py:3373] [fused_group_bmm][steps] bmm1=7.863 ms split=0.121 ms act_mul=0.356 ms bmm2=5.256 ms
DEBUG 04-24 11:16:03.865355.865355 cuda_h.py:27] end fused_group_bmm cost 13.859 ms
DEBUG 04-24 11:16:03.865452.865452 mlpmodule.py:3373] [fused_group_bmm][steps] bmm1=7.819 ms split=0.095 ms act_mul=0.375 ms bmm2=4.143 ms
DEBUG 04-24 11:16:03.866565.866565 cuda_h.py:27] end fused_group_bmm cost 12.870 ms
DEBUG 04-24 11:16:03.866759.866759 cuda_h.py:27] end gather_outputs_group_fused_mp cost 0.488 ms
DEBUG 04-24 11:16:03.866564.866564 cuda_h.py:27] end gather_outputs_group_fused_mp cost 0.395 ms
DEBUG 04-24 11:16:03.866983.866983 mlpmodule.py:3373] [fused_group_bmm][steps] bmm1=8.224 ms split=0.100 ms act_mul=0.420 ms bmm2=5.529 ms
DEBUG 04-24 11:16:03.866969.866969 cuda_h.py:27] end fused_group_bmm cost 14.466 ms
DEBUG 04-24 11:16:03.867955.867955 cuda_h.py:27] end cpu_experts_worker_bmm_or_einsum_3 cost 19.067 ms
DEBUG 04-24 11:16:03.867421.867421 cuda_h.py:27] end cpu_experts_worker_bmm_or_einsum_1 cost 18.158 ms
DEBUG 04-24 11:16:03.867297.867297 cuda_h.py:27] end gather_outputs_group_fused_mp cost 0.359 ms
DEBUG 04-24 11:16:03.867022.867022 cuda_h.py:27] end cpu_experts_worker_bmm_or_einsum_2 cost 19.254 ms
DEBUG 04-24 11:16:03.882115.882115 cuda_h.py:27] end prepare_per_device_parameters cost 21.794 ms
DEBUG 04-24 11:16:03.884139.884139 cuda_h.py:27] end cpu_experts_scatter_reduce cost 0.622 ms
DEBUG 04-24 11:16:03.885017.885017 cuda_h.py:27] end cpu_thread_manager_mp_wait_fused cost 2.628 ms
DEBUG 04-24 11:16:03.887772.887772 cuda_h.py:27] end wait_experts_multi_device cost 2.120 ms
DEBUG 04-24 11:16:03.887121.887121 cuda_h.py:27] end *before fused experts* cost 39.105 ms
DEBUG 04-24 11:16:03.891577.891577 cuda_h.py:27] end gpu_experts_multi_device_fused cost 4.219 ms
DEBUG 04-24 11:16:03.891897.891897 cuda_h.py:27] end *gpu experts* cost 43.479 ms
DEBUG 04-24 11:16:03.891323.891323 cuda_h.py:27] end layer_moe_generate_mp_multi_device_fused_l_29 cost 46.418 ms
DEBUG 04-24 11:16:03.893090.893090 cuda_h.py:27] end *mlp cost 47.969 ms
DEBUG 04-24 11:16:03.893471.893471 cuda_h.py:27] end prefill_layer cost 51.965 ms
DEBUG 04-24 11:16:03.893757.893757 lmp.py:341] -------------------------------- end prefill layer 28 --------------------------------
DEBUG 04-24 11:16:03.893314.893314 lmp.py:294] -------------------------------- start prefill layer 29 --------------------------------
DEBUG 04-24 11:16:03.895104.895104 cuda_h.py:27] end **self_attn cost 1.702 ms
DEBUG 04-24 11:16:03.895754.895754 cuda_h.py:27] end *iln_self_attn_paln cost 2.230 ms
DEBUG 04-24 11:16:03.896002.896002 cuda_h.py:27] end gate cost 0.595 ms
DEBUG 04-24 11:16:03.897533.897533 cuda_h.py:27] end experts_map_get cost 0.341 ms
DEBUG 04-24 11:16:03.897647.897647 cuda_h.py:27] end *before experts start* cost 1.081 ms
DEBUG 04-24 11:16:03.897477.897477 cuda_h.py:27] end cpu_experts_submit_fused_mp cost 0.229 ms
DEBUG 04-24 11:16:03.899533.899533 cuda_h.py:27] end *single cpu experts* cost 2.301 ms
DEBUG 04-24 11:16:03.899703.899703 cuda_h.py:27] end prepare_group_stack cost 0.629 ms
DEBUG 04-24 11:16:03.900974.900974 cuda_h.py:27] end prepare_group_stack cost 0.531 ms
DEBUG 04-24 11:16:03.900005.900005 sllm_store_c.py:27] get device uuid map
DEBUG 04-24 11:16:03.900406.900406 sllm_store_c.py:29] call client load into gpu
DEBUG 04-24 11:16:03.901711.901711 cuda_h.py:27] end group stack cost 1.435 ms
DEBUG 04-24 11:16:03.901394.901394 cuda_h.py:27] end move_flatidxs_group_fused_mp cost 2.508 ms
DEBUG 04-24 11:16:03.901603.901603 cuda_h.py:27] end group stack cost 1.228 ms
DEBUG 04-24 11:16:03.901652.901652 cuda_h.py:27] end get_fused_experts_names_w cost 0.046 ms
DEBUG 04-24 11:16:03.902075.902075 cuda_h.py:27] end move_flatidxs_group_fused_mp cost 2.176 ms
DEBUG 04-24 11:16:03.902582.902582 cuda_h.py:27] end get_fused_experts_names_w cost 0.031 ms
DEBUG 04-24 11:16:03.902866.902866 cuda_h.py:27] end prepare_group_stack cost 0.629 ms
DEBUG 04-24 11:16:03.902113.902113 cuda_h.py:27] end load_into_gpu_async_fused_experts_dual cost 2.262 ms
DEBUG 04-24 11:16:03.903535.903535 cuda_h.py:27] end restore_tensors2_fused_experts_packed cost 0.076 ms
DEBUG 04-24 11:16:03.903883.903883 cuda_h.py:27] end restore_fused_tensors cost 0.895 ms
DEBUG 04-24 11:16:03.903124.903124 cuda_h.py:27] end restore_tensors2_fused_experts_slices cost 0.322 ms
DEBUG 04-24 11:16:03.903356.903356 cuda_h.py:27] end group_fused_tensors_mp cost 1.203 ms
DEBUG 04-24 11:16:03.903716.903716 cuda_h.py:27] end allocate_experts_cuda_memory_and_restore_model_multi_device_fused cost 3.993 ms
DEBUG 04-24 11:16:03.903855.903855 cuda_h.py:27] end gpu_sexperts cost 0.005 ms
DEBUG 04-24 11:16:03.903037.903037 cuda_h.py:27] end group stack cost 1.190 ms
DEBUG 04-24 11:16:03.903514.903514 cuda_h.py:27] end restore_fused_tensors cost 1.649 ms
DEBUG 04-24 11:16:03.904333.904333 cuda_h.py:27] end move_flatidxs_group_fused_mp cost 2.337 ms
DEBUG 04-24 11:16:03.904532.904532 cuda_h.py:27] end group_fused_tensors_mp cost 2.202 ms
DEBUG 04-24 11:16:03.904981.904981 cuda_h.py:27] end get_fused_experts_names_w cost 0.036 ms
DEBUG 04-24 11:16:03.904691.904691 cuda_h.py:27] end prepare_group_stack cost 0.716 ms
DEBUG 04-24 11:16:03.905756.905756 cuda_h.py:27] end restore_fused_tensors cost 1.052 ms
DEBUG 04-24 11:16:03.905118.905118 cuda_h.py:27] end group_fused_tensors_mp cost 1.371 ms
DEBUG 04-24 11:16:03.907856.907856 cuda_h.py:27] end group stack cost 2.856 ms
DEBUG 04-24 11:16:03.908059.908059 cuda_h.py:27] end move_flatidxs_group_fused_mp cost 4.055 ms
DEBUG 04-24 11:16:03.908805.908805 cuda_h.py:27] end get_fused_experts_names_w cost 0.056 ms
DEBUG 04-24 11:16:03.909065.909065 cuda_h.py:27] end restore_fused_tensors cost 0.891 ms
DEBUG 04-24 11:16:03.909168.909168 cuda_h.py:27] end group_fused_tensors_mp cost 1.426 ms
DEBUG 04-24 11:16:03.917992.917992 mlpmodule.py:3373] [fused_group_bmm][steps] bmm1=8.284 ms split=0.142 ms act_mul=0.605 ms bmm2=3.573 ms
DEBUG 04-24 11:16:03.917726.917726 cuda_h.py:27] end fused_group_bmm cost 13.054 ms
DEBUG 04-24 11:16:03.918487.918487 cuda_h.py:27] end gather_outputs_group_fused_mp cost 0.699 ms
DEBUG 04-24 11:16:03.918818.918818 mlpmodule.py:3373] [fused_group_bmm][steps] bmm1=7.874 ms split=0.113 ms act_mul=0.333 ms bmm2=4.238 ms
DEBUG 04-24 11:16:03.918328.918328 cuda_h.py:27] end fused_group_bmm cost 12.793 ms
DEBUG 04-24 11:16:03.918470.918470 mlpmodule.py:3373] [fused_group_bmm][steps] bmm1=8.771 ms split=0.141 ms act_mul=0.392 ms bmm2=5.881 ms
DEBUG 04-24 11:16:03.919100.919100 cuda_h.py:27] end fused_group_bmm cost 15.431 ms
DEBUG 04-24 11:16:03.919605.919605 cuda_h.py:27] end gather_outputs_group_fused_mp cost 0.369 ms
DEBUG 04-24 11:16:03.919463.919463 cuda_h.py:27] end cpu_experts_worker_bmm_or_einsum_0 cost 20.531 ms
DEBUG 04-24 11:16:03.919307.919307 cuda_h.py:27] end gather_outputs_group_fused_mp cost 0.376 ms
DEBUG 04-24 11:16:03.919109.919109 cuda_h.py:27] end cpu_experts_worker_bmm_or_einsum_1 cost 20.608 ms
DEBUG 04-24 11:16:03.920213.920213 cuda_h.py:27] end cpu_experts_worker_bmm_or_einsum_2 cost 20.752 ms
DEBUG 04-24 11:16:03.923994.923994 cuda_h.py:27] end prepare_per_device_parameters cost 19.297 ms
DEBUG 04-24 11:16:03.925802.925802 mlpmodule.py:3373] [fused_group_bmm][steps] bmm1=11.175 ms split=0.253 ms act_mul=0.365 ms bmm2=3.801 ms
DEBUG 04-24 11:16:03.925868.925868 cuda_h.py:27] end fused_group_bmm cost 15.825 ms
DEBUG 04-24 11:16:03.926375.926375 cuda_h.py:27] end gather_outputs_group_fused_mp cost 0.464 ms
DEBUG 04-24 11:16:03.927140.927140 cuda_h.py:27] end cpu_experts_worker_bmm_or_einsum_3 cost 23.822 ms
DEBUG 04-24 11:16:03.928759.928759 cuda_h.py:27] end cpu_experts_scatter_reduce cost 0.729 ms
DEBUG 04-24 11:16:03.928002.928002 cuda_h.py:27] end cpu_thread_manager_mp_wait_fused cost 5.185 ms
DEBUG 04-24 11:16:03.930615.930615 cuda_h.py:27] end wait_experts_multi_device cost 1.625 ms
DEBUG 04-24 11:16:03.930618.930618 cuda_h.py:27] end *before fused experts* cost 30.751 ms
DEBUG 04-24 11:16:03.935622.935622 cuda_h.py:27] end gpu_experts_multi_device_fused cost 5.005 ms
DEBUG 04-24 11:16:03.935043.935043 cuda_h.py:27] end *gpu experts* cost 35.910 ms
DEBUG 04-24 11:16:03.935496.935496 cuda_h.py:27] end layer_moe_generate_mp_multi_device_fused_l_30 cost 39.487 ms
DEBUG 04-24 11:16:03.937778.937778 cuda_h.py:27] end *mlp cost 40.994 ms
DEBUG 04-24 11:16:03.937995.937995 cuda_h.py:27] end prefill_layer cost 43.686 ms
DEBUG 04-24 11:16:03.937096.937096 lmp.py:341] -------------------------------- end prefill layer 29 --------------------------------
DEBUG 04-24 11:16:03.937382.937382 cuda_h.py:27] end prefill cost 1510.358 ms
INFO 04-24 11:16:03.937742.937742 lmp.py:343] prefill time: 1.5105929374694824 seconds
